Market Title,Outcome,Side,Size,Price,Condition ID,Timestamp,Transaction Hash,Event Slug
"Bitcoin Up or Down - April 30, 7:40PM-7:45PM ET",Up,BUY,3.85185,0.2699998701922453,0xefeaa19b4e4fcf4d470f0ea797f704c65cdde7f644104b3292d600efd1160bc4,2026-05-01 02:40:58,0xc94965529dd964787d7f18337c06457609cbf7455d895d2d71b6e84d10fb8f18,btc-updown-5m-1777592400
"Bitcoin Up or Down - April 30, 7:40PM-7:45PM ET",Down,BUY,1.42105,0.76,0xefeaa19b4e4fcf4d470f0ea797f704c65cdde7f644104b3292d600efd1160bc4,2026-05-01 02:40:46,0x0ba57308e7317358cfbdd77c324c67091fbd1134939f17d1a2d1759c0a32493d,btc-updown-5m-1777592400
"Bitcoin Up or Down - April 30, 7:40PM-7:45PM ET",Down,BUY,1.384613,0.7799998988887148,0xefeaa19b4e4fcf4d470f0ea797f704c65cdde7f644104b3292d600efd1160bc4,2026-05-01 02:40:46,0xde3b9bf24cf805d3b86304d206e9b50a4189adccace00af960ef24e7019da8f7,btc-updown-5m-1777592400
"Bitcoin Up or Down - April 30, 7:30PM-7:45PM ET",Down,BUY,1.384613,0.7799998988887148,0xaa166babcc09cfda16394b4da4c8c360999a7f01a09fc0ec34e0eef466528653,2026-05-01 02:40:46,0x02603a2df862e8ce1a51072bc7dc6940e5367d1d99cf364770bb53337d4026dc,btc-updown-15m-1777591800
"Bitcoin Up or Down - April 30, 7:40PM-7:45PM ET",Down,BUY,1.384613,0.7799998988887148,0xefeaa19b4e4fcf4d470f0ea797f704c65cdde7f644104b3292d600efd1160bc4,2026-05-01 02:40:44,0xcc745c2a9f479d923710323f2b908a7553fc1d8d7d340a7bceefce4e8f87cc9c,btc-updown-5m-1777592400
"Bitcoin Up or Down - April 30, 7:40PM-7:45PM ET",Down,BUY,1.384613,0.7799998988887148,0xefeaa19b4e4fcf4d470f0ea797f704c65cdde7f644104b3292d600efd1160bc4,2026-05-01 02:40:44,0x2943d3e28bcb87a24d06b091fb06eace434a502c37b5159ce66440fdb09fcd6f,btc-updown-5m-1777592400
"Bitcoin Up or Down - April 30, 7:30PM-7:45PM ET",Down,BUY,1.384613,0.7799998988887148,0xaa166babcc09cfda16394b4da4c8c360999a7f01a09fc0ec34e0eef466528653,2026-05-01 02:40:44,0x43c83ca3075b557f6bd951a00408f150eeffecd3a75884ae9f75bc23c02a0701,btc-updown-15m-1777591800
"Bitcoin Up or Down - April 30, 7:40PM-7:45PM ET",Down,BUY,1.402595,0.7699998930553723,0xefeaa19b4e4fcf4d470f0ea797f704c65cdde7f644104b3292d600efd1160bc4,2026-05-01 02:40:42,0xc8615ae064af62daf47ec0d63a304b8d05891e2a799e3d7e0b4cab78a982919e,btc-updown-5m-1777592400
"Bitcoin Up or Down - April 30, 7:40PM-7:45PM ET",Down,BUY,1.671875,0.64,0xefeaa19b4e4fcf4d470f0ea797f704c65cdde7f644104b3292d600efd1160bc4,2026-05-01 02:40:28,0x1f41e891efa869844604368f28eeeb0ea45fdf2831bcdf61d3ac5af45616350e,btc-updown-5m-1777592400
"Bitcoin Up or Down - April 30, 7:40PM-7:45PM ET",Down,BUY,1.671875,0.64,0xefeaa19b4e4fcf4d470f0ea797f704c65cdde7f644104b3292d600efd1160bc4,2026-05-01 02:40:28,0x1383685fcc08a274bc7450204da4890d6406c18970ce3e26f5202b740ee09455,btc-updown-5m-1777592400
"Bitcoin Up or Down - April 30, 7:40PM-7:45PM ET",Down,BUY,1.671875,0.64,0xefeaa19b4e4fcf4d470f0ea797f704c65cdde7f644104b3292d600efd1160bc4,2026-05-01 02:40:28,0xdcadca19cb563cbc70cb746775a11d059d055df2d39242dbfa97b675fe639b29,btc-updown-5m-1777592400
"Bitcoin Up or Down - April 30, 7:40PM-7:45PM ET",Down,BUY,1.783332,0.5999998878503834,0xefeaa19b4e4fcf4d470f0ea797f704c65cdde7f644104b3292d600efd1160bc4,2026-05-01 02:40:18,0xc3fb7d6b6fac583275163aee0f22bd8b95a6c9ae3e68b239b54be16670b83cfb,btc-updown-5m-1777592400
"Bitcoin Up or Down - April 30, 7:40PM-7:45PM ET",Down,BUY,1.783332,0.5999998878503834,0xefeaa19b4e4fcf4d470f0ea797f704c65cdde7f644104b3292d600efd1160bc4,2026-05-01 02:40:16,0xdce38fcae415ef24cb097e34eafa15aa986bd83cd30e9a787d9353ef73753e75,btc-updown-5m-1777592400
"Bitcoin Up or Down - April 30, 7:40PM-7:45PM ET",Down,BUY,1.783332,0.5999998878503834,0xefeaa19b4e4fcf4d470f0ea797f704c65cdde7f644104b3292d600efd1160bc4,2026-05-01 02:40:16,0x3b0d382e75c0491cb8da3732138c35912cc586fa71ab95fb7f03b58a405b4e15,btc-updown-5m-1777592400
"Bitcoin Up or Down - April 30, 7:40PM-7:45PM ET",Down,BUY,1.766665,0.6,0xefeaa19b4e4fcf4d470f0ea797f704c65cdde7f644104b3292d600efd1160bc4,2026-05-01 02:40:16,0x2b5ef719ea0e32ba042b620c2e38099fe432677552797d923dd6f99b1bcd4d35,btc-updown-5m-1777592400
"Bitcoin Up or Down - April 30, 7:40PM-7:45PM ET",Down,BUY,1.783332,0.5999998878503834,0xefeaa19b4e4fcf4d470f0ea797f704c65cdde7f644104b3292d600efd1160bc4,2026-05-01 02:40:16,0x4368c5d4d44f114d1386eb8bf0e89199d0c6878fe6b547e805395b67f65009be,btc-updown-5m-1777592400
"Bitcoin Up or Down - April 30, 7:30PM-7:45PM ET",Down,BUY,1.892856,0.5599998098112059,0xaa166babcc09cfda16394b4da4c8c360999a7f01a09fc0ec34e0eef466528653,2026-05-01 02:40:14,0x0124f45ba11de6af8b184781ef75f8d01690fbc480beb194f37066ab496c76e4,btc-updown-15m-1777591800
"Ethereum Up or Down - April 30, 7:35PM-7:40PM ET",Up,BUY,1.1237,0.97,0x01e13f1f21639cedd1c36233d38445849493507c4c64a87c18d4b4340b527b57,2026-05-01 02:38:22,0x8fcab6ec9aa64d5c1c94cecd87334174088de471a9442c0d80f65b5baf4936d7,eth-updown-5m-1777592100
"Ethereum Up or Down - April 30, 7:35PM-7:40PM ET",Up,BUY,1.1237,0.97,0x01e13f1f21639cedd1c36233d38445849493507c4c64a87c18d4b4340b527b57,2026-05-01 02:38:22,0xaf104cf9ad6d4a00cbd9917733af9f807d3e7d6b9d76317311a35270683f966e,eth-updown-5m-1777592100
"Ethereum Up or Down - April 30, 7:35PM-7:40PM ET",Up,BUY,1.1978,0.91,0x01e13f1f21639cedd1c36233d38445849493507c4c64a87c18d4b4340b527b57,2026-05-01 02:38:14,0xd06145b194d3f9f0bdf63a5325a5d7fa86640df361fa9ff75aff32dac339bd90,eth-updown-5m-1777592100
"Ethereum Up or Down - April 30, 7:35PM-7:40PM ET",Up,BUY,1.1978,0.91,0x01e13f1f21639cedd1c36233d38445849493507c4c64a87c18d4b4340b527b57,2026-05-01 02:38:12,0xcb165bb4f1d9b9cdcd37ea49462add88bf85424471a41a47df68dfb2d5b0e76f,eth-updown-5m-1777592100
"Ethereum Up or Down - April 30, 7:35PM-7:40PM ET",Up,BUY,1.1978,0.91,0x01e13f1f21639cedd1c36233d38445849493507c4c64a87c18d4b4340b527b57,2026-05-01 02:38:12,0x308e9b98c9e4f738678554a613605bf6b63252b62ebdd19d57ad08593a4c02a4,eth-updown-5m-1777592100
"Ethereum Up or Down - April 30, 7:35PM-7:40PM ET",Up,BUY,1.1978,0.91,0x01e13f1f21639cedd1c36233d38445849493507c4c64a87c18d4b4340b527b57,2026-05-01 02:38:12,0xd35bea1fcb24e69a803a762d2bd397da2fbda3d01694318cbf3dc53fcf57a514,eth-updown-5m-1777592100
"Bitcoin Up or Down - April 30, 7:35PM-7:40PM ET",Down,BUY,3.5,0.3,0x754dc6450eef5fcef30e2d8016407608553f6bc3c0567203d707e46d408c5298,2026-05-01 02:37:48,0x39213d13689acfb07b7ffd710693ba8c7e2df972e2240648dffd5407bd98b3ec,btc-updown-5m-1777592100
"Bitcoin Up or Down - April 30, 7:30PM-7:45PM ET",Down,BUY,1.927271,0.5499999740565805,0xaa166babcc09cfda16394b4da4c8c360999a7f01a09fc0ec34e0eef466528653,2026-05-01 02:37:40,0x07d849363e0b3cba31650e480db2a9daca5e3877548f6544c6f50c62f14949d5,btc-updown-15m-1777591800
"Ethereum Up or Down - April 30, 7:35PM-7:40PM ET",Up,BUY,1.313252,0.8299998781650437,0x01e13f1f21639cedd1c36233d38445849493507c4c64a87c18d4b4340b527b57,2026-05-01 02:36:48,0x29456193eddf0311754b6ff45d5e914c6796495cd7cea2b80348a72c1b371cc0,eth-updown-5m-1777592100
"Ethereum Up or Down - April 30, 7:35PM-7:40PM ET",Up,BUY,1.3012,0.83,0x01e13f1f21639cedd1c36233d38445849493507c4c64a87c18d4b4340b527b57,2026-05-01 02:36:48,0xf39735192b21bf3107daaf022a8a9d2cb39a477559e78a362ee2a66be0f9e2b0,eth-updown-5m-1777592100
"Ethereum Up or Down - April 30, 7:35PM-7:40PM ET",Up,BUY,1.313252,0.8299998781650437,0x01e13f1f21639cedd1c36233d38445849493507c4c64a87c18d4b4340b527b57,2026-05-01 02:36:48,0x345a3832fcbb25c8cd669282b9c2e3d76c2dc1cbfc6a21c1f5a37e1063a9bfed,eth-updown-5m-1777592100
"Bitcoin Up or Down - April 30, 7:35PM-7:40PM ET",Up,BUY,1.521124,0.709999973703656,0x754dc6450eef5fcef30e2d8016407608553f6bc3c0567203d707e46d408c5298,2026-05-01 02:36:26,0xe683f77e07534041be9bd5ba5ea693c2c702ca1f34c6e3701706b325986878bf,btc-updown-5m-1777592100
"Bitcoin Up or Down - April 30, 7:30PM-7:45PM ET",Up,BUY,2.163264,0.4899998335848052,0xaa166babcc09cfda16394b4da4c8c360999a7f01a09fc0ec34e0eef466528653,2026-05-01 02:36:26,0x52a9e3e86a5a0b9a41d986f129727ab0dc47bd284912c105d7723500e850483a,btc-updown-15m-1777591800
"Bitcoin Up or Down - April 30, 7:30PM-7:35PM ET",Up,BUY,2.12,0.5,0xfed77752f17973b85926e06c9276c65605920b3f49e8ed37e75655c6b1ba9536,2026-05-01 02:32:36,0xededde1b732acd57e3f2e87d05135b68eba30dac1dc6acb1e67909ef911b31f8,btc-updown-5m-1777591800
"Bitcoin Up or Down - April 30, 7:30PM-7:45PM ET",Up,BUY,2.355554,0.4499998726414253,0xaa166babcc09cfda16394b4da4c8c360999a7f01a09fc0ec34e0eef466528653,2026-05-01 02:32:26,0xabc596d0a0837d84a59972f15523e195ca180b2274378740a1ceb0f5675ff4ec,btc-updown-15m-1777591800
"Bitcoin Up or Down - April 30, 7:30PM-7:35PM ET",Up,BUY,2.837836,0.3699998872380222,0xfed77752f17973b85926e06c9276c65605920b3f49e8ed37e75655c6b1ba9536,2026-05-01 02:32:26,0x6989fc0a5aab9cfe9502b127a2dee2f49ceee02a268399bb00dbfe29a3a2a8c5,btc-updown-5m-1777591800
"Bitcoin Up or Down - April 30, 7:30PM-7:45PM ET",Down,BUY,1.892856,0.5599998098112059,0xaa166babcc09cfda16394b4da4c8c360999a7f01a09fc0ec34e0eef466528653,2026-05-01 02:32:10,0x9a4e07b5bb077b2555ed65a842f8374086fa8aa0b8cccb6eab300cf767a9b9c5,btc-updown-15m-1777591800
"Bitcoin Up or Down - April 30, 7:30PM-7:35PM ET",Up,BUY,2.523808,0.41999985735840445,0xfed77752f17973b85926e06c9276c65605920b3f49e8ed37e75655c6b1ba9536,2026-05-01 02:31:56,0xc393d6e1483b24579e8486292504906047b14df76be19ba4f9ad9bf4160c637b,btc-updown-5m-1777591800
"Bitcoin Up or Down - April 30, 7:30PM-7:35PM ET",Up,BUY,2.5,0.42,0xfed77752f17973b85926e06c9276c65605920b3f49e8ed37e75655c6b1ba9536,2026-05-01 02:31:54,0xa83ead9bc06bb4a0d2f232de28715ae89516c3ac506bea4cd3a7aa7dc6a6af9d,btc-updown-5m-1777591800
"Bitcoin Up or Down - April 30, 7:30PM-7:35PM ET",Down,BUY,1.783332,0.5999998878503834,0xfed77752f17973b85926e06c9276c65605920b3f49e8ed37e75655c6b1ba9536,2026-05-01 02:31:50,0x49d997c67dd5c528ad3d370c45a7257595e364e0935c8972a64a9939475b6112,btc-updown-5m-1777591800
"Bitcoin Up or Down - April 30, 7:30PM-7:35PM ET",Down,BUY,1.783332,0.5999998878503834,0xfed77752f17973b85926e06c9276c65605920b3f49e8ed37e75655c6b1ba9536,2026-05-01 02:31:50,0x395f60ab18b2866b8f78b9a54196f9ffaeed61aa77a880dd796502b9cd832b05,btc-updown-5m-1777591800
"Bitcoin Up or Down - April 30, 7:30PM-7:35PM ET",Down,BUY,1.783332,0.5999998878503834,0xfed77752f17973b85926e06c9276c65605920b3f49e8ed37e75655c6b1ba9536,2026-05-01 02:31:50,0x5ea787efe07553dc0a364e7f1f32f9f577b92aa3d63be336c55c03446848933b,btc-updown-5m-1777591800
"Bitcoin Up or Down - April 30, 7:30PM-7:45PM ET",Down,BUY,1.844826,0.5799999566354768,0xaa166babcc09cfda16394b4da4c8c360999a7f01a09fc0ec34e0eef466528653,2026-05-01 02:31:50,0x51fade136f2fdb548bddebe782dea7688a1afdd2bf41d6fa2d4456e45d808632,btc-updown-15m-1777591800
"Bitcoin Up or Down - April 30, 7:30PM-7:35PM ET",Down,BUY,2.255318,0.4699997960376319,0xfed77752f17973b85926e06c9276c65605920b3f49e8ed37e75655c6b1ba9536,2026-05-01 02:31:42,0x19cbc288700e516588a5939cac8838ebc7d0e980344d5e5dfe657865ce9231b1,btc-updown-5m-1777591800
"Bitcoin Up or Down - April 30, 7:30PM-7:35PM ET",Down,BUY,2.255318,0.4699997960376319,0xfed77752f17973b85926e06c9276c65605920b3f49e8ed37e75655c6b1ba9536,2026-05-01 02:31:42,0xceac0c139a5b8b2e71767cf6aaade3c44e2eb6a623314dfd19a0a68f511ba625,btc-updown-5m-1777591800
"Ethereum Up or Down - April 30, 7:30PM-7:35PM ET",Up,BUY,1.42105,0.76,0x5910d8dde04e46080c650a6dbec790789a6c9ab98649b2b6495b2bcf911547dc,2026-05-01 02:31:34,0x635ac251b410893e610413731918e153305a32ea4fdd3496ea25c47e3c56bf9d,eth-updown-5m-1777591800
"Bitcoin Up or Down - April 30, 7:30PM-7:35PM ET",Up,BUY,1.98148,0.5399998990653451,0xfed77752f17973b85926e06c9276c65605920b3f49e8ed37e75655c6b1ba9536,2026-05-01 02:31:26,0x7ead5b819cde73f5ce7a25359775fa87aae95e7eff146629ba6b7fbb17c54d69,btc-updown-5m-1777591800
"Bitcoin Up or Down - April 30, 7:30PM-7:35PM ET",Down,BUY,2.255318,0.4699997960376319,0xfed77752f17973b85926e06c9276c65605920b3f49e8ed37e75655c6b1ba9536,2026-05-01 02:31:24,0xa05cf2ebc0f470504f8b6be203eac38249632cec85d4dc1765987e780a269fd6,btc-updown-5m-1777591800
"Bitcoin Up or Down - April 30, 7:30PM-7:35PM ET",Down,BUY,2.255318,0.4699997960376319,0xfed77752f17973b85926e06c9276c65605920b3f49e8ed37e75655c6b1ba9536,2026-05-01 02:31:24,0x83d338d7bd4d4ff4e9a70668aea689e3fede2ca571f132ac0a36833b01494c83,btc-updown-5m-1777591800
"Bitcoin Up or Down - April 30, 7:30PM-7:45PM ET",Down,BUY,2.255318,0.4699997960376319,0xaa166babcc09cfda16394b4da4c8c360999a7f01a09fc0ec34e0eef466528653,2026-05-01 02:31:22,0x7bc8ba595d6b11ac9185b17274dc69bef8f827df9137121071285fb6a6fdcf17,btc-updown-15m-1777591800
"Ethereum Up or Down - April 30, 7:30PM-7:35PM ET",Up,BUY,1.367085,0.7899998902774882,0x5910d8dde04e46080c650a6dbec790789a6c9ab98649b2b6495b2bcf911547dc,2026-05-01 02:31:08,0x7838ce43801747cafb867b1820b691777b028117be0f0f2c0e76786b5afddc90,eth-updown-5m-1777591800
"Bitcoin Up or Down - April 30, 7:30PM-7:35PM ET",Up,BUY,1.611939,0.6699999193517869,0xfed77752f17973b85926e06c9276c65605920b3f49e8ed37e75655c6b1ba9536,2026-05-01 02:31:08,0x1d2db0a11a1edf641edbb4e5ca8d78ea9c2fb68268ed34d16bbbf703a4b51960,btc-updown-5m-1777591800
"Ethereum Up or Down - April 30, 7:30PM-7:35PM ET",Up,BUY,1.379742,0.7899998695408272,0x5910d8dde04e46080c650a6dbec790789a6c9ab98649b2b6495b2bcf911547dc,2026-05-01 02:31:08,0xb708cb50c50c078f0a7d0b3d3b499252a5e0f8ee78b938f6a1f9891bd70dae1c,eth-updown-5m-1777591800
"Bitcoin Up or Down - April 30, 7:30PM-7:35PM ET",Up,BUY,1.597012,0.6699999749532252,0xfed77752f17973b85926e06c9276c65605920b3f49e8ed37e75655c6b1ba9536,2026-05-01 02:31:08,0x6fa8262c039ef7373bd8fdff0fe76853f4c7e01a425ea833977b4260cb494b7f,btc-updown-5m-1777591800
"Bitcoin Up or Down - April 30, 7:30PM-7:35PM ET",Up,BUY,1.783332,0.5999998878503834,0xfed77752f17973b85926e06c9276c65605920b3f49e8ed37e75655c6b1ba9536,2026-05-01 02:30:46,0x768227268cb6cf0040d5a1862858354edd0c382fbc59d4312f4e806a9f69eb3c,btc-updown-5m-1777591800
"Bitcoin Up or Down - April 30, 7:30PM-7:45PM ET",Up,BUY,1.945453,0.5499999228971351,0xaa166babcc09cfda16394b4da4c8c360999a7f01a09fc0ec34e0eef466528653,2026-05-01 02:30:46,0x1e820abfab5fe0a4c03fb2a0b79f5811aaf0797f29d98420d60d803f766f01e2,btc-updown-15m-1777591800
"Bitcoin Up or Down - April 30, 7:30PM-7:35PM ET",Up,BUY,1.783332,0.5999998878503834,0xfed77752f17973b85926e06c9276c65605920b3f49e8ed37e75655c6b1ba9536,2026-05-01 02:30:46,0xa094e47116789c13dbc3fdcde8a088f21265ddd5cc635a19903dc3b31cfc1567,btc-updown-5m-1777591800
"Bitcoin Up or Down - April 30, 7:25PM-7:30PM ET",Down,BUY,2.12,0.5,0x5f0457fc5b7c8d75f5db1f4c368284c624826fa420439d794eca66cd6eb1ea55,2026-05-01 02:28:26,0xef6313e94eadb4ca39f3aa5893a9bda34a1a34a6b1320203ea5d4daa26cb3277,btc-updown-5m-1777591500
"Bitcoin Up or Down - April 30, 7:15PM-7:30PM ET",Up,BUY,1.646151,0.6499999088783471,0x2d0d6551c842c848973bd74d6a6e7cf1767fbeeea8fdaeb0541f74473ddbf683,2026-05-01 02:28:24,0x56df213e3689056d9fd025a1967565d7413816a7006e72ab06bf2aa86f28a2fc,btc-updown-15m-1777590900
"Bitcoin Up or Down - April 30, 7:15PM-7:30PM ET",Up,BUY,1.671875,0.64,0x2d0d6551c842c848973bd74d6a6e7cf1767fbeeea8fdaeb0541f74473ddbf683,2026-05-01 02:28:24,0x71538905504e265e851d4687f1e7bae87e7ad45cd8d0ab6c3373e1edd1905502,btc-updown-15m-1777590900
"Bitcoin Up or Down - April 30, 7:25PM-7:30PM ET",Down,BUY,1.493148,0.729999973210961,0x5f0457fc5b7c8d75f5db1f4c368284c624826fa420439d794eca66cd6eb1ea55,2026-05-01 02:28:20,0x536dec52a872d2c53bbf956bdb7f9992daf6d628e06ce5dbd6c1d4e4fd5a0afa,btc-updown-5m-1777591500
"Bitcoin Up or Down - April 30, 7:25PM-7:30PM ET",Down,BUY,1.507041,0.709999927009285,0x5f0457fc5b7c8d75f5db1f4c368284c624826fa420439d794eca66cd6eb1ea55,2026-05-01 02:25:22,0x55237c2a85685509cd7c149abb6b9001511578962e3dbacf15c351c876ca7690,btc-updown-5m-1777591500
"Bitcoin Up or Down - April 30, 7:15PM-7:30PM ET",Down,BUY,3.714284,0.2799998599999354,0x2d0d6551c842c848973bd74d6a6e7cf1767fbeeea8fdaeb0541f74473ddbf683,2026-05-01 02:25:12,0xf6bf8d3d2f380496da200e18be58c3839923aefb365202edec35bca5831ab94a,btc-updown-15m-1777590900
"Bitcoin Up or Down - April 30, 7:25PM-7:30PM ET",Down,BUY,1.597012,0.6699999749532252,0x5f0457fc5b7c8d75f5db1f4c368284c624826fa420439d794eca66cd6eb1ea55,2026-05-01 02:25:10,0x4e5b407c0ec2541116ce38734e5073e699dc25f14012b1ffbd15ce5b89dedc8f,btc-updown-5m-1777591500
"Ethereum Up or Down - April 30, 7:20PM-7:25PM ET",Up,BUY,1.159566,0.9399999655043353,0xf44e2df96c94115705c7c1abeac4f3b101f5321d5cd8988153a4b3782c550ca7,2026-05-01 02:24:48,0x6bbd3a7c3809937ec1a9972fb1c6cccf82216974c07cf126f52f2204f03dfafc,eth-updown-5m-1777591200
"Bitcoin Up or Down - April 30, 7:15PM-7:30PM ET",Up,BUY,1.384613,0.7799998988887148,0x2d0d6551c842c848973bd74d6a6e7cf1767fbeeea8fdaeb0541f74473ddbf683,2026-05-01 02:24:42,0xbf44158fddd8fe72bb717321a9fdc2f74ba82e0dbedfd12c996174655a09a620,btc-updown-15m-1777590900
"Ethereum Up or Down - April 30, 7:20PM-7:25PM ET",Up,BUY,1.14736,0.95,0xf44e2df96c94115705c7c1abeac4f3b101f5321d5cd8988153a4b3782c550ca7,2026-05-01 02:24:42,0x70068b150b5c73475615abc7846c93ee73004b8ca38cc444f1087b6695a9d80f,eth-updown-5m-1777591200
"Ethereum Up or Down - April 30, 7:20PM-7:25PM ET",Up,BUY,1.14736,0.95,0xf44e2df96c94115705c7c1abeac4f3b101f5321d5cd8988153a4b3782c550ca7,2026-05-01 02:24:42,0x652b806528b3b9e027aea750fde8076748e6f4cb198ce9aa717176a2b8716ebd,eth-updown-5m-1777591200
"Bitcoin Up or Down - April 30, 7:20PM-7:25PM ET",Up,BUY,1.1354,0.96,0xe96e7126f62d8cf2bc52b9b45c6d73742ea7144e64ab63672a554458a1516c2e,2026-05-01 02:24:42,0xdbf77d3e8abf121198a8a2a61a3230f853b43985da91d36c9872af2f264be492,btc-updown-5m-1777591200
"Bitcoin Up or Down - April 30, 7:20PM-7:25PM ET",Up,BUY,1.09375,0.96,0xe96e7126f62d8cf2bc52b9b45c6d73742ea7144e64ab63672a554458a1516c2e,2026-05-01 02:24:42,0x78e5ecb89e70221efe59c16b06e754d425506c44ed5355fc5ce770f0ebd748dc,btc-updown-5m-1777591200
"Bitcoin Up or Down - April 30, 7:15PM-7:30PM ET",Up,BUY,1.384613,0.7799998988887148,0x2d0d6551c842c848973bd74d6a6e7cf1767fbeeea8fdaeb0541f74473ddbf683,2026-05-01 02:24:40,0x28b12fdb3d141a64c905d69909549b98c1bfd1be13f137665cf4bd07ccc17e37,btc-updown-15m-1777590900
"Bitcoin Up or Down - April 30, 7:20PM-7:25PM ET",Up,BUY,1.147367,0.9499994334855368,0xe96e7126f62d8cf2bc52b9b45c6d73742ea7144e64ab63672a554458a1516c2e,2026-05-01 02:24:40,0xa34cac998f0857383ffe39c7bb76c22312c7c5151a6e224a1ef87f68ce1c7ee6,btc-updown-5m-1777591200
"Bitcoin Up or Down - April 30, 7:20PM-7:25PM ET",Up,BUY,1.621211,0.6599998396260573,0xe96e7126f62d8cf2bc52b9b45c6d73742ea7144e64ab63672a554458a1516c2e,2026-05-01 02:21:26,0xc52bb7b7b42eb99d3ea003676621ae4856dc37fedc1eacc450a2dd8f41f87c4a,btc-updown-5m-1777591200
"Bitcoin Up or Down - April 30, 7:20PM-7:25PM ET",Up,BUY,1.783332,0.5999998878503834,0xe96e7126f62d8cf2bc52b9b45c6d73742ea7144e64ab63672a554458a1516c2e,2026-05-01 02:21:16,0xf3070a540d776a7959ff7b352420f4271b430b5f183d7ca270b372670891e77f,btc-updown-5m-1777591200
"Bitcoin Up or Down - April 30, 7:20PM-7:25PM ET",Up,BUY,1.783332,0.5999998878503834,0xe96e7126f62d8cf2bc52b9b45c6d73742ea7144e64ab63672a554458a1516c2e,2026-05-01 02:21:16,0xd69dd42c55338a2e031e17d03807662e3693cafc9cfc5e1d0e89928a03a5d138,btc-updown-5m-1777591200
"Bitcoin Up or Down - April 30, 7:20PM-7:25PM ET",Up,BUY,1.783332,0.5999998878503834,0xe96e7126f62d8cf2bc52b9b45c6d73742ea7144e64ab63672a554458a1516c2e,2026-05-01 02:21:14,0x5c90791ed5dac7a2a142f42c77d1137481b0c5bfa07671105e8b77abe6537616,btc-updown-5m-1777591200
"Bitcoin Up or Down - April 30, 7:15PM-7:30PM ET",Up,BUY,2.03846,0.5199999018867184,0x2d0d6551c842c848973bd74d6a6e7cf1767fbeeea8fdaeb0541f74473ddbf683,2026-05-01 02:21:08,0x3b960bba9160df83e6e26875ce09c0f9958c12df66401055eaa91b3c445ab5fe,btc-updown-15m-1777590900
"Bitcoin Up or Down - April 30, 7:20PM-7:25PM ET",Up,BUY,1.87719,0.5699998401866619,0xe96e7126f62d8cf2bc52b9b45c6d73742ea7144e64ab63672a554458a1516c2e,2026-05-01 02:21:08,0x062ba6c1ea90c0acc03e3268daa97f5c118795c80de8f0b7bbb867490271d2af,btc-updown-5m-1777591200
"Bitcoin Up or Down - April 30, 7:20PM-7:25PM ET",Up,BUY,1.87719,0.5699998401866619,0xe96e7126f62d8cf2bc52b9b45c6d73742ea7144e64ab63672a554458a1516c2e,2026-05-01 02:21:08,0x52740dc93806522197a9eac2c955e47af45051a42a21e1022900822fa4ff7414,btc-updown-5m-1777591200
"Bitcoin Up or Down - April 30, 7:20PM-7:25PM ET",Up,BUY,1.844826,0.5799999566354768,0xe96e7126f62d8cf2bc52b9b45c6d73742ea7144e64ab63672a554458a1516c2e,2026-05-01 02:21:08,0x7a1d67a9d56b8de7aba35d553929cf930e05b3a5e2d0269e59671eaf1729947b,btc-updown-5m-1777591200
"Bitcoin Up or Down - April 30, 7:15PM-7:30PM ET",Up,BUY,2,0.53,0x2d0d6551c842c848973bd74d6a6e7cf1767fbeeea8fdaeb0541f74473ddbf683,2026-05-01 02:21:08,0x523e8232422914167d1637cbee5b1b7fd06b9f2af27ed2eeba466c7d9f7973a3,btc-updown-15m-1777590900
"Bitcoin Up or Down - April 30, 7:20PM-7:25PM ET",Up,BUY,1.844826,0.5799999566354768,0xe96e7126f62d8cf2bc52b9b45c6d73742ea7144e64ab63672a554458a1516c2e,2026-05-01 02:21:06,0x53c5e472694104f5bbad9e64708c9146f70ddd85719b004bb71109987f626c73,btc-updown-5m-1777591200
"Bitcoin Up or Down - April 30, 7:20PM-7:25PM ET",Up,BUY,1.844826,0.5799999566354768,0xe96e7126f62d8cf2bc52b9b45c6d73742ea7144e64ab63672a554458a1516c2e,2026-05-01 02:21:06,0x21366badca16a34e96092be1d880a8285d2e51e10ea4c31a2b8a86dc480ef92e,btc-updown-5m-1777591200
"Bitcoin Up or Down - April 30, 7:15PM-7:30PM ET",Up,BUY,2,0.53,0x2d0d6551c842c848973bd74d6a6e7cf1767fbeeea8fdaeb0541f74473ddbf683,2026-05-01 02:21:06,0xde534ca1444921a9094c180afbfd7b169307460e7167887b906722dafe628403,btc-updown-15m-1777590900
"Bitcoin Up or Down - April 30, 7:20PM-7:25PM ET",Up,BUY,1.783332,0.5999998878503834,0xe96e7126f62d8cf2bc52b9b45c6d73742ea7144e64ab63672a554458a1516c2e,2026-05-01 02:21:06,0xec37aeefa0155f9ad716a2583c34ae00954eb762842653eeaf1338690c77505d,btc-updown-5m-1777591200
"Bitcoin Up or Down - April 30, 7:20PM-7:25PM ET",Up,BUY,1.766665,0.6,0xe96e7126f62d8cf2bc52b9b45c6d73742ea7144e64ab63672a554458a1516c2e,2026-05-01 02:21:04,0x7a166074f3d7e99c4111088072415f334f41150e7afaaa4fcbd3e8d38280db8d,btc-updown-5m-1777591200
"Bitcoin Up or Down - April 30, 7:15PM-7:20PM ET",Up,BUY,1.671875,0.64,0xa6b300ae9a8065197263be5eb7a4b9b7ae91aabac89b4b3b25e19a2ca56e47d7,2026-05-01 02:15:56,0xdbd7d4e5bb644e69d39012384ac1aa6645b81920beba6c3701cb07ff4702137e,btc-updown-5m-1777590900
"Bitcoin Up or Down - April 30, 7:15PM-7:30PM ET",Up,BUY,1.783332,0.5999998878503834,0x2d0d6551c842c848973bd74d6a6e7cf1767fbeeea8fdaeb0541f74473ddbf683,2026-05-01 02:15:56,0x694e7efedc0305581f3d03a490e580d06fcceb127d9a0ec0e454c12d0824e697,btc-updown-15m-1777590900
"Bitcoin Up or Down - April 30, 7:15PM-7:20PM ET",Up,BUY,2.03846,0.5199999018867184,0xa6b300ae9a8065197263be5eb7a4b9b7ae91aabac89b4b3b25e19a2ca56e47d7,2026-05-01 02:15:50,0x7c3b5e2780c1a9100d005efb02785b44afbea6bb15fae25864e51c566c236ce1,btc-updown-5m-1777590900
"Bitcoin Up or Down - April 30, 7:15PM-7:20PM ET",Up,BUY,2.07843,0.509999855660282,0xa6b300ae9a8065197263be5eb7a4b9b7ae91aabac89b4b3b25e19a2ca56e47d7,2026-05-01 02:15:48,0x8269d73fc3ba22f71635d66cd7142bb3bb669b68ee3bad17404e9df83d8e8a03,btc-updown-5m-1777590900
"Bitcoin Up or Down - April 30, 7:15PM-7:30PM ET",Up,BUY,2,0.53,0x2d0d6551c842c848973bd74d6a6e7cf1767fbeeea8fdaeb0541f74473ddbf683,2026-05-01 02:15:48,0x8b567fde22fc1c9ec6a67e16157f3759c8b28ee12fc87adca49cf01859bca5ef,btc-updown-15m-1777590900
"Bitcoin Up or Down - April 30, 7:15PM-7:20PM ET",Up,BUY,2.208332,0.47999983698103366,0xa6b300ae9a8065197263be5eb7a4b9b7ae91aabac89b4b3b25e19a2ca56e47d7,2026-05-01 02:15:48,0xbb32de98510af24275f8e03ff50289ba0ebe942263337f5f53e2935519916dee,btc-updown-5m-1777590900
"Bitcoin Up or Down - April 30, 7:15PM-7:20PM ET",Up,BUY,2.304346,0.4599999305659827,0xa6b300ae9a8065197263be5eb7a4b9b7ae91aabac89b4b3b25e19a2ca56e47d7,2026-05-01 02:15:46,0x9fd4671f6a054e48bc1033fb0dbe030f6e5b62860a35507f623b8dad9a3f7274,btc-updown-5m-1777590900
"Bitcoin Up or Down - April 30, 7:15PM-7:20PM ET",Up,BUY,2.255318,0.4699997960376319,0xa6b300ae9a8065197263be5eb7a4b9b7ae91aabac89b4b3b25e19a2ca56e47d7,2026-05-01 02:15:42,0x8d91ae6c659edf95708ab5d2d5e260a09faf4e68e84697a0a44a953c2e5d116e,btc-updown-5m-1777590900
"Bitcoin Up or Down - April 30, 7:15PM-7:30PM ET",Up,BUY,2.163264,0.4899998335848052,0x2d0d6551c842c848973bd74d6a6e7cf1767fbeeea8fdaeb0541f74473ddbf683,2026-05-01 02:15:42,0xa4faa8eec3b5e7b6217639f24bdeed80cb26f6c0da4279f1987dc963bd15887b,btc-updown-15m-1777590900
"Bitcoin Up or Down - April 30, 7:15PM-7:20PM ET",Down,BUY,1.813558,0.5899998786915004,0xa6b300ae9a8065197263be5eb7a4b9b7ae91aabac89b4b3b25e19a2ca56e47d7,2026-05-01 02:15:38,0x412ca3638f3759409e3bb40871ce3c572331aa205e9a2e00a1abc0f8dac069ff,btc-updown-5m-1777590900
"Bitcoin Up or Down - April 30, 7:00PM-7:15PM ET",Up,BUY,1.397431,0.7799998711922091,0xb75ccb41aaa762e8deeec5bbbcbcf319981bdca85763f57fa5fc6e30eb954621,2026-05-01 02:12:26,0x221cc8b6ed7f03286b6d4ac6f5e0a60ab149022d2d23f4e6af9501c253e8e8fc,btc-updown-15m-1777590000
"Bitcoin Up or Down - April 30, 7:10PM-7:15PM ET",Up,BUY,1.402595,0.7699998930553723,0x0961f8ae0b564d8ed1acd78015a8d7f63c15a5e6ba5f34eb2e1951225aa8378c,2026-05-01 02:12:06,0x7aa3069031b904f0f99722e01b50709ac561d6d176202b404da12c08ed93f8fe,btc-updown-5m-1777590600
"Bitcoin Up or Down - April 30, 7:10PM-7:15PM ET",Up,BUY,1.35,0.8,0x0961f8ae0b564d8ed1acd78015a8d7f63c15a5e6ba5f34eb2e1951225aa8378c,2026-05-01 02:12:02,0x53870108d1521356e56c77af6ae9168b8e3cdc1fce15d4b5f784dc8a870c332e,btc-updown-5m-1777590600
"Bitcoin Up or Down - April 30, 7:10PM-7:15PM ET",Up,BUY,1.333331,0.8099999174998557,0x0961f8ae0b564d8ed1acd78015a8d7f63c15a5e6ba5f34eb2e1951225aa8378c,2026-05-01 02:12:02,0x67c388c42d3c9750fdd0e9c103113367a38c080fd7a557d92ec63df732a9d99a,btc-updown-5m-1777590600
"Bitcoin Up or Down - April 30, 7:10PM-7:15PM ET",Up,BUY,1.345678,0.8099998662384315,0x0961f8ae0b564d8ed1acd78015a8d7f63c15a5e6ba5f34eb2e1951225aa8378c,2026-05-01 02:12:02,0x53d29f74fcf98ddf57827fb664b1664ad7a36b92ca10ad6a5e52407c2963fa47,btc-updown-5m-1777590600
"Bitcoin Up or Down - April 30, 7:10PM-7:15PM ET",Up,BUY,1.345678,0.8099998662384315,0x0961f8ae0b564d8ed1acd78015a8d7f63c15a5e6ba5f34eb2e1951225aa8378c,2026-05-01 02:12:02,0x78f58f8246f69f5ec351c38ce38e5ac15203c257b571c5d4d06c0c51e9c75b27,btc-updown-5m-1777590600
"Bitcoin Up or Down - April 30, 7:10PM-7:15PM ET",Up,BUY,1.35,0.8,0x0961f8ae0b564d8ed1acd78015a8d7f63c15a5e6ba5f34eb2e1951225aa8378c,2026-05-01 02:12:00,0x358c9f93617c98a357ba684db6a2a4509809a1dbedba982dfbfce73132babc9d,btc-updown-5m-1777590600
"Bitcoin Up or Down - April 30, 7:10PM-7:15PM ET",Up,BUY,1.479451,0.7299998445369262,0x0961f8ae0b564d8ed1acd78015a8d7f63c15a5e6ba5f34eb2e1951225aa8378c,2026-05-01 02:11:50,0x3c6dc0d4ace52b88757805d99d48f3b8ed5116089b199c9da268dba5e9599e92,btc-updown-5m-1777590600
"Bitcoin Up or Down - April 30, 7:00PM-7:15PM ET",Down,BUY,9.363635,0.10999990922328776,0xb75ccb41aaa762e8deeec5bbbcbcf319981bdca85763f57fa5fc6e30eb954621,2026-05-01 02:09:18,0x7200a1100bb2a138783d9c65f27233eba261f9a8a860f76f8e4887ca489004f2,btc-updown-15m-1777590000
"Ethereum Up or Down - April 30, 7:05PM-7:10PM ET",Up,BUY,1.159566,0.9399999655043353,0x34ccfae3c4ac4bb6cb05625cc43e47bc62d84dc08429743fe8a9f3e27e40ea14,2026-05-01 02:08:32,0xede3f08ba173ba6b72259e3ac648b88f9871995bf0150912e99f49679e4c4aa4,eth-updown-5m-1777590300
"Bitcoin Up or Down - April 30, 7:05PM-7:10PM ET",Up,BUY,1.434209,0.7599994143113034,0x86bd38cea3b434f48e5ab0926a5b62de6b43c9e2f8a604ad728b9db89dfd8700,2026-05-01 02:08:18,0x037a13285935331acb576fc61b4e605043c97172b277f3e20449b57ecc295d10,btc-updown-5m-1777590300
"Bitcoin Up or Down - April 30, 7:05PM-7:10PM ET",Up,BUY,1.434209,0.7599994143113034,0x86bd38cea3b434f48e5ab0926a5b62de6b43c9e2f8a604ad728b9db89dfd8700,2026-05-01 02:08:16,0x604d9ed1005bdc857dadfa8ecb34740f3e8669f06f2f125e5798e4b10e73396d,btc-updown-5m-1777590300
"Bitcoin Up or Down - April 30, 7:05PM-7:10PM ET",Up,BUY,1.53521,0.7099999348623315,0x86bd38cea3b434f48e5ab0926a5b62de6b43c9e2f8a604ad728b9db89dfd8700,2026-05-01 02:08:14,0x233ac49d6a8e80230c57d4e2fe55046dcc5149466d14490775efe43f0221e9f0,btc-updown-5m-1777590300
"Bitcoin Up or Down - April 30, 7:05PM-7:10PM ET",Up,BUY,1.60294,0.6799998752292662,0x86bd38cea3b434f48e5ab0926a5b62de6b43c9e2f8a604ad728b9db89dfd8700,2026-05-01 02:08:12,0xf1e190072a41b0bcdef94653a27f6e4ddd00667e253acf89696dce212b70ee92,btc-updown-5m-1777590300
"Bitcoin Up or Down - April 30, 7:05PM-7:10PM ET",Up,BUY,1.53521,0.7099999348623315,0x86bd38cea3b434f48e5ab0926a5b62de6b43c9e2f8a604ad728b9db89dfd8700,2026-05-01 02:08:10,0x6093bb14f4631920e193dd5c49dc47eb84fe03d4aa6f427f0a5b64ba2b528dbb,btc-updown-5m-1777590300
"Bitcoin Up or Down - April 30, 7:00PM-7:15PM ET",Down,BUY,8.583332,0.11999990213590712,0xb75ccb41aaa762e8deeec5bbbcbcf319981bdca85763f57fa5fc6e30eb954621,2026-05-01 02:08:04,0x45ce4fbd60dabf534664c4ac428e8ecd169e41d251350a4b49e221bf7e60a71d,btc-updown-15m-1777590000
"Bitcoin Up or Down - April 30, 7:05PM-7:10PM ET",Down,BUY,7.357141,0.13999989941745034,0x86bd38cea3b434f48e5ab0926a5b62de6b43c9e2f8a604ad728b9db89dfd8700,2026-05-01 02:08:04,0x12a01aebe4eaa62b7a2a7f9bd45195409c4cc948e02b4efc65d21fc2a24039cd,btc-updown-5m-1777590300
"Bitcoin Up or Down - April 30, 7:05PM-7:10PM ET",Up,BUY,1.252869,0.8699999760549587,0x86bd38cea3b434f48e5ab0926a5b62de6b43c9e2f8a604ad728b9db89dfd8700,2026-05-01 02:07:50,0xdffd72c4a77d67faff1cc591375a3438e60071776e4ca285aa1de2ea77471f8f,btc-updown-5m-1777590300
"Bitcoin Up or Down - April 30, 7:00PM-7:15PM ET",Down,BUY,8.583332,0.11999990213590712,0xb75ccb41aaa762e8deeec5bbbcbcf319981bdca85763f57fa5fc6e30eb954621,2026-05-01 02:06:56,0x33f95e52f35d45582ff3975ecbf97ded678c54a8bda8e057f2613c9f665a47ea,btc-updown-15m-1777590000
"Ethereum Up or Down - April 30, 7:05PM-7:10PM ET",Up,BUY,1.172042,0.9299999488072953,0x34ccfae3c4ac4bb6cb05625cc43e47bc62d84dc08429743fe8a9f3e27e40ea14,2026-05-01 02:06:44,0x2e3c79004da24f2d962da705f30b4fbff9f6ea1592c9e9800fe7d7e60c6d3dd2,eth-updown-5m-1777590300
"Bitcoin Up or Down - April 30, 7:05PM-7:10PM ET",Down,BUY,3.088234,0.3399998186665907,0x86bd38cea3b434f48e5ab0926a5b62de6b43c9e2f8a604ad728b9db89dfd8700,2026-05-01 02:06:10,0x2a52c8464724455bf6b851519ac8fa7b03b8986e8a86711e47bbd46a384d6dee,btc-updown-5m-1777590300
"Ethereum Up or Down - April 30, 7:05PM-7:10PM ET",Up,BUY,1.224718,0.8899999836697101,0x34ccfae3c4ac4bb6cb05625cc43e47bc62d84dc08429743fe8a9f3e27e40ea14,2026-05-01 02:06:08,0xb25e8849b9f98364179cc79bfa672941a2c133fa32cb6fdf6a073366c6c9ebc4,eth-updown-5m-1777590300
"Bitcoin Up or Down - April 30, 7:00PM-7:15PM ET",Down,BUY,6.866665,0.14999989077667253,0xb75ccb41aaa762e8deeec5bbbcbcf319981bdca85763f57fa5fc6e30eb954621,2026-05-01 02:06:08,0xe6147058ca0c49aa5bd8d147c5d68688e09576b83171de20f64ca658a9759063,btc-updown-15m-1777590000
"Ethereum Up or Down - April 30, 7:05PM-7:10PM ET",Up,BUY,1.282346,0.8499999220179265,0x34ccfae3c4ac4bb6cb05625cc43e47bc62d84dc08429743fe8a9f3e27e40ea14,2026-05-01 02:06:00,0x07c0d3dcf7fea4a253359fc8a01ffcf9bcd27cc723b3593425822590c01c1386,eth-updown-5m-1777590300
"Bitcoin Up or Down - April 30, 7:05PM-7:10PM ET",Up,BUY,1.3625,0.8,0x86bd38cea3b434f48e5ab0926a5b62de6b43c9e2f8a604ad728b9db89dfd8700,2026-05-01 02:05:58,0x805f822ce6816de37efbd90a10fcf5567dcc7ca13337db8aae305808c55a6130,btc-updown-5m-1777590300
"Bitcoin Up or Down - April 30, 7:05PM-7:10PM ET",Up,BUY,1.397431,0.7799998711922091,0x86bd38cea3b434f48e5ab0926a5b62de6b43c9e2f8a604ad728b9db89dfd8700,2026-05-01 02:05:58,0x284b21a74eff74de7339cba83959170bc6c1e84740a3fcaaf702de24d9fed0fd,btc-updown-5m-1777590300
"Bitcoin Up or Down - April 30, 7:05PM-7:10PM ET",Up,BUY,1.357405,0.8030013150091535,0x86bd38cea3b434f48e5ab0926a5b62de6b43c9e2f8a604ad728b9db89dfd8700,2026-05-01 02:05:58,0xfd108c466535bf85086a4bd7d8d74698b917f16a4b6f7f87571c07e8577f2409,btc-updown-5m-1777590300
"Bitcoin Up or Down - April 30, 7:00PM-7:15PM ET",Up,BUY,1.252869,0.8699999760549587,0xb75ccb41aaa762e8deeec5bbbcbcf319981bdca85763f57fa5fc6e30eb954621,2026-05-01 02:05:56,0x0e934134ee46b15430d20175a9536bdc7b5c051656c95d26272c4d8648ea69b8,btc-updown-15m-1777590000
"Ethereum Up or Down - April 30, 7:05PM-7:10PM ET",Up,BUY,1.297618,0.8399999075228611,0x34ccfae3c4ac4bb6cb05625cc43e47bc62d84dc08429743fe8a9f3e27e40ea14,2026-05-01 02:05:56,0x46837ab08ccbf54f3be716ee6b97d6c60eb5686a3c240a370bc92640f6ab40bf,eth-updown-5m-1777590300
"Bitcoin Up or Down - April 30, 7:00PM-7:15PM ET",Up,BUY,1.252869,0.8699999760549587,0xb75ccb41aaa762e8deeec5bbbcbcf319981bdca85763f57fa5fc6e30eb954621,2026-05-01 02:05:56,0x4cd282c6edfe7e4d26a5ef33c9404ea3de1b30ee84e9ef22a859812552ab319b,btc-updown-15m-1777590000
"Ethereum Up or Down - April 30, 7:05PM-7:10PM ET",Up,BUY,1.297618,0.8399999075228611,0x34ccfae3c4ac4bb6cb05625cc43e47bc62d84dc08429743fe8a9f3e27e40ea14,2026-05-01 02:05:56,0x5c251126824f3b33559b6904aca6a7c729a4ba9078d07776554b606d2d31c799,eth-updown-5m-1777590300
"Ethereum Up or Down - April 30, 7:05PM-7:10PM ET",Up,BUY,1.297618,0.8399999075228611,0x34ccfae3c4ac4bb6cb05625cc43e47bc62d84dc08429743fe8a9f3e27e40ea14,2026-05-01 02:05:54,0x427799d6239653392b83628d288de761fc82ab15ea11278e100cef3e718a4940,eth-updown-5m-1777590300
"Bitcoin Up or Down - April 30, 7:00PM-7:15PM ET",Down,BUY,6.058822,0.16999987786404683,0xb75ccb41aaa762e8deeec5bbbcbcf319981bdca85763f57fa5fc6e30eb954621,2026-05-01 02:05:48,0xf06c79995dbe01c69f5a3821694e306fcdd71a3ecb5cb3080c7b8f171e53d0c4,btc-updown-15m-1777590000
"Bitcoin Up or Down - April 30, 7:00PM-7:05PM ET",Up,BUY,2.229165,0.47999991028030675,0x57a299fc5650626bcf479d32ceacb89bd6bd42aad989c4649103cd60767e3161,2026-05-01 02:00:40,0x492c0a8d179b6324d697810b74b6f65dcebf989de5c8a5016d778ed03142b57a,btc-updown-5m-1777590000
"Bitcoin Up or Down - April 30, 7:00PM-7:15PM ET",Up,BUY,2.326085,0.4599999570093096,0xb75ccb41aaa762e8deeec5bbbcbcf319981bdca85763f57fa5fc6e30eb954621,2026-05-01 02:00:40,0xcbe06be2f98c26b4445b9eb717c0612952d5e82c1dcef9a7052ba24b2247485d,btc-updown-15m-1777590000
"Bitcoin Up or Down - April 30, 7:00PM-7:05PM ET",Up,BUY,2.229165,0.47999991028030675,0x57a299fc5650626bcf479d32ceacb89bd6bd42aad989c4649103cd60767e3161,2026-05-01 02:00:38,0x6a8e0d553e6664a8c205d7511db3f04272b94b571543d26927966146abf1fb0d,btc-updown-5m-1777590000
"Bitcoin Up or Down - April 30, 7:00PM-7:05PM ET",Up,BUY,2.229165,0.47999991028030675,0x57a299fc5650626bcf479d32ceacb89bd6bd42aad989c4649103cd60767e3161,2026-05-01 02:00:38,0xb585283d5cc520975b1435f7f64d204b05aae682177380636b55f77f49ca887e,btc-updown-5m-1777590000
"Bitcoin Up or Down - April 30, 7:00PM-7:05PM ET",Up,BUY,1.671875,0.64,0x57a299fc5650626bcf479d32ceacb89bd6bd42aad989c4649103cd60767e3161,2026-05-01 02:00:28,0x426f5eb821242c55e4c684083875dcb12fbcf5ce0cd1fe822cf31742b25ab465,btc-updown-5m-1777590000
"Ethereum Up or Down - April 30, 6:55PM-7:00PM ET",Up,BUY,102,0.01,0x4faa1e2556b3ad54a0695cf11e481c8bc5ec72bf3c56b79692a4d22b125a0e81,2026-05-01 02:00:20,0x1f3a1844e72dc1cabc9eaacf97b38a873b11120cd1e251c96c3be6514821f37b,eth-updown-5m-1777589700
"Bitcoin Up or Down - April 30, 6:55PM-7:00PM ET",Down,BUY,3.901723,0.279363501714499,0xa287c74fe56a4b83c3dd581f7bd237743342333355f1f499be4c2ce56f7a3606,2026-05-01 02:00:10,0x86fc73675ab52bac97b77d2f9ef6d5ec280a79b1c98dadd61b9b9978cd12b6ce,btc-updown-5m-1777589700
"Ethereum Up or Down - April 30, 6:45PM-7:00PM ET",Down,BUY,1.092,0.998,0xa744509f3a5a3b0fddd685dabbc163b52ad87f1b8e61e6301ffc8da5e778d48e,2026-05-01 01:57:44,0x6ad64328af5704b86f7e55489b261052bc07a7155747dba0c11cfaccde660995,eth-updown-15m-1777589100
"Ethereum Up or Down - April 30, 6:55PM-7:00PM ET",Down,BUY,1.44,0.75,0x4faa1e2556b3ad54a0695cf11e481c8bc5ec72bf3c56b79692a4d22b125a0e81,2026-05-01 01:57:44,0x89efc5c991c1e15350d0b7ffef02a6e3e6e387a2cdf82345688910c39dc3e172,eth-updown-5m-1777589700
"Ethereum Up or Down - April 30, 6:45PM-7:00PM ET",Down,BUY,1.092,0.998,0xa744509f3a5a3b0fddd685dabbc163b52ad87f1b8e61e6301ffc8da5e778d48e,2026-05-01 01:57:42,0xd668e38b26f6da5a1a7f48a18486208be3d4a925bcf7bd1c36f453303f597384,eth-updown-15m-1777589100
"Ethereum Up or Down - April 30, 6:45PM-7:00PM ET",Down,BUY,1.092,0.998,0xa744509f3a5a3b0fddd685dabbc163b52ad87f1b8e61e6301ffc8da5e778d48e,2026-05-01 01:57:40,0xfa911153f1afb38215b383d4f20189b969878ba8c7407aa61530fe20a4535d60,eth-updown-15m-1777589100
"Ethereum Up or Down - April 30, 6:45PM-7:00PM ET",Down,BUY,1.092,0.998,0xa744509f3a5a3b0fddd685dabbc163b52ad87f1b8e61e6301ffc8da5e778d48e,2026-05-01 01:57:38,0x6a23e6d3337a76de65718cde83fcd3d5aa6bd8ac39bc71a199db00cfcf83da76,eth-updown-15m-1777589100
"Bitcoin Up or Down - April 30, 6:55PM-7:00PM ET",Up,BUY,2.692306,0.38999987371420636,0xa287c74fe56a4b83c3dd581f7bd237743342333355f1f499be4c2ce56f7a3606,2026-05-01 01:56:42,0x6484a90cda65c236796f72b6d219f316e48b6efd75727d2e644c3677f11bb898,btc-updown-5m-1777589700
"Bitcoin Up or Down - April 30, 6:55PM-7:00PM ET",Down,BUY,1.754097,0.609999903084037,0xa287c74fe56a4b83c3dd581f7bd237743342333355f1f499be4c2ce56f7a3606,2026-05-01 01:56:36,0x8cd5bd198b7944bee9294fb8e79b802bdff1991d7ad293e36a3576cefbe10895,btc-updown-5m-1777589700
"Bitcoin Up or Down - April 30, 6:55PM-7:00PM ET",Down,BUY,1.597012,0.6699999749532252,0xa287c74fe56a4b83c3dd581f7bd237743342333355f1f499be4c2ce56f7a3606,2026-05-01 01:56:10,0xbb91aa1a4d282e0f770ebab04ed0f2a07d851aabb28e41088fea6bac0cc77ccc,btc-updown-5m-1777589700
"Bitcoin Up or Down - April 30, 6:45PM-7:00PM ET",Down,BUY,1.1354,0.96,0x6312e68c970736ce2afbeb3f71913c7d771e660fa198471b4dce36305975a45b,2026-05-01 01:56:08,0x2afba607e4a6282c961c36ee0673c2a18bc65b67e390244a42ba9f1587919bbc,btc-updown-15m-1777589100
"Bitcoin Up or Down - April 30, 6:45PM-7:00PM ET",Up,BUY,1.44,0.75,0x6312e68c970736ce2afbeb3f71913c7d771e660fa198471b4dce36305975a45b,2026-05-01 01:51:26,0x3f1acd14a9db16d00cf560e8850ad6cc7397db19dd3a5ef932dc0650cb695bec,btc-updown-15m-1777589100
"Bitcoin Up or Down - April 30, 6:50PM-6:55PM ET",Up,BUY,1.329266,0.8199999097246149,0x4647207a5e8f39512873a1fb91008b9204bc729845c2cf2345e1e06d5210cae8,2026-05-01 01:51:24,0x8a2b12e5d61935f9fab3276685c88829642d8e938dd68a496f46024031661cf8,btc-updown-5m-1777589400
"Bitcoin Up or Down - April 30, 6:50PM-6:55PM ET",Up,BUY,1.35,0.8,0x4647207a5e8f39512873a1fb91008b9204bc729845c2cf2345e1e06d5210cae8,2026-05-01 01:51:22,0x4fd6c57fe1357bcd7516fca9d7660443e32e6139bcacf79a61d701843b84a338,btc-updown-5m-1777589400
"Bitcoin Up or Down - April 30, 6:50PM-6:55PM ET",Up,BUY,1.35,0.8,0x4647207a5e8f39512873a1fb91008b9204bc729845c2cf2345e1e06d5210cae8,2026-05-01 01:51:22,0x15d818f6827148ce7709b4187b73746119530687b316818be5378b14d73ec98a,btc-updown-5m-1777589400
"Bitcoin Up or Down - April 30, 6:50PM-6:55PM ET",Up,BUY,1.35,0.8,0x4647207a5e8f39512873a1fb91008b9204bc729845c2cf2345e1e06d5210cae8,2026-05-01 01:51:22,0x08bd904307c3ff1756e64bacb7da99e6dc13e47e3c05b4566e903bc5739e6dfc,btc-updown-5m-1777589400
"Bitcoin Up or Down - April 30, 6:45PM-7:00PM ET",Up,BUY,1.479451,0.7299998445369262,0x6312e68c970736ce2afbeb3f71913c7d771e660fa198471b4dce36305975a45b,2026-05-01 01:51:22,0xf8c6c5d05f6e7c908fdd38905557b70668e33cbd35397b2b5ceb89ed1055aeab,btc-updown-15m-1777589100
"Bitcoin Up or Down - April 30, 6:45PM-7:00PM ET",Up,BUY,1.479451,0.7299998445369262,0x6312e68c970736ce2afbeb3f71913c7d771e660fa198471b4dce36305975a45b,2026-05-01 01:51:20,0xc95bb88fe5849a2f3bb506217c8996b78e88dd030a08bd76e21459d8c8e7ebb5,btc-updown-15m-1777589100
"Bitcoin Up or Down - April 30, 6:45PM-7:00PM ET",Up,BUY,1.479451,0.7299998445369262,0x6312e68c970736ce2afbeb3f71913c7d771e660fa198471b4dce36305975a45b,2026-05-01 01:51:20,0x815d76008fdb90784c68f260cc53e2fafdc1acc3b5f98b602c3be7a3f57177ba,btc-updown-15m-1777589100
"Bitcoin Up or Down - April 30, 6:45PM-7:00PM ET",Up,BUY,1.479451,0.7299998445369262,0x6312e68c970736ce2afbeb3f71913c7d771e660fa198471b4dce36305975a45b,2026-05-01 01:51:20,0xd910f507de6f39dbb8eaf1f9f7743eb2e6cd8733f40e2fb8b72c54bccb7dd3af,btc-updown-15m-1777589100
"Bitcoin Up or Down - April 30, 6:45PM-7:00PM ET",Down,BUY,3.088234,0.3399998186665907,0x6312e68c970736ce2afbeb3f71913c7d771e660fa198471b4dce36305975a45b,2026-05-01 01:50:56,0xd433dda278a08a89e7ca61e90c0cf032006689891b50fdf04aeffc215f16ef3a,btc-updown-15m-1777589100
"Bitcoin Up or Down - April 30, 6:50PM-6:55PM ET",Down,BUY,4,0.26,0x4647207a5e8f39512873a1fb91008b9204bc729845c2cf2345e1e06d5210cae8,2026-05-01 01:50:56,0x539d78e1a811a894ef6e96952cda0f68996aeef5239d5a82b3ae85194de2213b,btc-updown-5m-1777589400
"Bitcoin Up or Down - April 30, 6:45PM-7:00PM ET",Down,BUY,3.387095,0.30999986714278754,0x6312e68c970736ce2afbeb3f71913c7d771e660fa198471b4dce36305975a45b,2026-05-01 01:50:50,0x15f01dd03d383a25a2eb960e9591344b8045bea5f03a21c87f2bbe59c56b559a,btc-updown-15m-1777589100
"Bitcoin Up or Down - April 30, 6:50PM-6:55PM ET",Down,BUY,4.521738,0.22999983634611293,0x4647207a5e8f39512873a1fb91008b9204bc729845c2cf2345e1e06d5210cae8,2026-05-01 01:50:50,0xe51bf44a0ef3a8d70cc355f60b5604cfe8dd12e1b9da377fb52524533c8dab41,btc-updown-5m-1777589400
"Bitcoin Up or Down - April 30, 6:45PM-7:00PM ET",Down,BUY,3.354837,0.30999985990377477,0x6312e68c970736ce2afbeb3f71913c7d771e660fa198471b4dce36305975a45b,2026-05-01 01:50:50,0x30346f093a93d92400dc1c36ab8ec9a90b784ad786a33bf310c1b0968ad2abcf,btc-updown-15m-1777589100
"Bitcoin Up or Down - April 30, 6:45PM-7:00PM ET",Up,BUY,1.459457,0.7399998766664588,0x6312e68c970736ce2afbeb3f71913c7d771e660fa198471b4dce36305975a45b,2026-05-01 01:50:46,0xda0c917040bec96a76638c03f5292ec1ff9a240433258f4ed6e5e94ec33790f8,btc-updown-15m-1777589100
"Bitcoin Up or Down - April 30, 6:50PM-6:55PM ET",Up,BUY,1.379742,0.7899998695408272,0x4647207a5e8f39512873a1fb91008b9204bc729845c2cf2345e1e06d5210cae8,2026-05-01 01:50:36,0xd5b12ffa82e81ce56f496721fa20d246d3a15128ab86e88b1b193160bb435f4a,btc-updown-5m-1777589400
"Bitcoin Up or Down - April 30, 6:45PM-7:00PM ET",Up,BUY,1.5,0.72,0x6312e68c970736ce2afbeb3f71913c7d771e660fa198471b4dce36305975a45b,2026-05-01 01:50:36,0x79e45829144d6cd1b35041db107af7cc45f9494a851af90eb966527881f93f64,btc-updown-15m-1777589100
"Bitcoin Up or Down - April 30, 6:45PM-7:00PM ET",Up,BUY,1.671875,0.64,0x6312e68c970736ce2afbeb3f71913c7d771e660fa198471b4dce36305975a45b,2026-05-01 01:50:36,0x77a0abc1bbc28ab9d9a5e7e0fc9c1505198a1d3c417dc0495e14c8c0feef77d7,btc-updown-15m-1777589100
"Bitcoin Up or Down - April 30, 6:45PM-7:00PM ET",Up,BUY,1.507041,0.709999927009285,0x6312e68c970736ce2afbeb3f71913c7d771e660fa198471b4dce36305975a45b,2026-05-01 01:50:36,0x794b8198b4bd6f30f6d077b4285eacc72bfe383a82be2074e1293378406cc4a9,btc-updown-15m-1777589100
"Bitcoin Up or Down - April 30, 6:45PM-7:00PM ET",Up,BUY,1.5,0.72,0x6312e68c970736ce2afbeb3f71913c7d771e660fa198471b4dce36305975a45b,2026-05-01 01:50:36,0x9c4bbc994fc85fc591bdb45dd0bafb22aa6335b29605279f652bc1a69789da66,btc-updown-15m-1777589100
"Bitcoin Up or Down - April 30, 6:45PM-7:00PM ET",Up,BUY,1.5,0.72,0x6312e68c970736ce2afbeb3f71913c7d771e660fa198471b4dce36305975a45b,2026-05-01 01:50:36,0xf1f8c74099b5dc46ee8d84ee928dc008cb306c1d5625b400b1930c3f1c6982d6,btc-updown-15m-1777589100
"Bitcoin Up or Down - April 30, 6:45PM-6:50PM ET",Down,BUY,1.282346,0.8499999220179265,0x624f3a457d74109387ea16592bf59f79ffa53869dbcd132ab2908aa9ab3d03c1,2026-05-01 01:48:08,0x86320a9ebf12432fc583b55b37947d8435b450d12e911020c1382a1975b229d6,btc-updown-5m-1777589100
"Bitcoin Up or Down - April 30, 6:45PM-7:00PM ET",Up,BUY,2.837836,0.3699998872380222,0x6312e68c970736ce2afbeb3f71913c7d771e660fa198471b4dce36305975a45b,2026-05-01 01:47:18,0x3836390c49ccedd6c28c2742870a88674b4765d301944c1206d6746dd6ff81f1,btc-updown-15m-1777589100
"Ethereum Up or Down - April 30, 6:45PM-6:50PM ET",Down,BUY,1.282346,0.8499999220179265,0xc9a40ebec7c90a53cbf4cf1b1970f8b4943bf3191f2dab3aa31e9a2ab4677ec4,2026-05-01 01:47:08,0x9f6e4d28b954739eec9f8d56fbae9996533bb992a09d9ba11ed8c5ab6d643547,eth-updown-5m-1777589100
"Ethereum Up or Down - April 30, 6:45PM-6:50PM ET",Down,BUY,1.282346,0.8499999220179265,0xc9a40ebec7c90a53cbf4cf1b1970f8b4943bf3191f2dab3aa31e9a2ab4677ec4,2026-05-01 01:47:08,0xf64b1ce4917d43cd4f57af037b85781c7d190f2c5873a0a02eca579568129f16,eth-updown-5m-1777589100
"Ethereum Up or Down - April 30, 6:45PM-6:50PM ET",Down,BUY,1.384613,0.7799998988887148,0xc9a40ebec7c90a53cbf4cf1b1970f8b4943bf3191f2dab3aa31e9a2ab4677ec4,2026-05-01 01:46:34,0x7394a9fabc93035c4fa35bf66ca1ca15c6582b44d8538afcaec17cfb6c2618f2,eth-updown-5m-1777589100
"Bitcoin Up or Down - April 30, 6:45PM-6:50PM ET",Down,BUY,1.5,0.72,0x624f3a457d74109387ea16592bf59f79ffa53869dbcd132ab2908aa9ab3d03c1,2026-05-01 01:46:34,0xcc0b11e3372e510a700a914bd69e62d282083f293feecc99fa1ed0ba1ff03878,btc-updown-5m-1777589100
"Bitcoin Up or Down - April 30, 6:45PM-7:00PM ET",Down,BUY,1.69841,0.6299998233642053,0x6312e68c970736ce2afbeb3f71913c7d771e660fa198471b4dce36305975a45b,2026-05-01 01:46:34,0x4ff0459247a4865ac45a428453323d18f0779a70489ab2d07d88d48edc7f7227,btc-updown-15m-1777589100
"Bitcoin Up or Down - April 30, 6:45PM-6:50PM ET",Down,BUY,1.5,0.72,0x624f3a457d74109387ea16592bf59f79ffa53869dbcd132ab2908aa9ab3d03c1,2026-05-01 01:46:32,0x97c7357857983c78b43254e0f88622e141ca7c8e5235cdc89b389c8f35688d53,btc-updown-5m-1777589100
"Bitcoin Up or Down - April 30, 6:45PM-7:00PM ET",Down,BUY,1.783332,0.5999998878503834,0x6312e68c970736ce2afbeb3f71913c7d771e660fa198471b4dce36305975a45b,2026-05-01 01:45:38,0x3115ba7533de71545e46a2242166a04313d5c0f0986754361eaf2f7950d2eea2,btc-updown-15m-1777589100
"Bitcoin Up or Down - April 30, 6:45PM-6:50PM ET",Down,BUY,1.597012,0.6699999749532252,0x624f3a457d74109387ea16592bf59f79ffa53869dbcd132ab2908aa9ab3d03c1,2026-05-01 01:45:38,0x6a7173bc30304c5b7566de25eabbee84ceb411913e25d8ddb7b12f24e30e32db,btc-updown-5m-1777589100
"Bitcoin Up or Down - April 30, 6:40PM-6:45PM ET",Up,BUY,2.386362,0.4399998826665862,0x59ed77449abdf8c2e8872d0c87998c7fcb6f1fda18a94ba9ef441f622b01a937,2026-05-01 01:40:52,0x5e0165ef582519b154e814a781571037667ce3cd25976da0ad6f6fef86f4729a,btc-updown-5m-1777588800
"Bitcoin Up or Down - April 30, 6:40PM-6:45PM ET",Up,BUY,2.441859,0.42999984847609957,0x59ed77449abdf8c2e8872d0c87998c7fcb6f1fda18a94ba9ef441f622b01a937,2026-05-01 01:40:52,0xae04beeed656eb958649365d3f5c9b58fd908016b2182af6b332ae7dbf2004f9,btc-updown-5m-1777588800
"Bitcoin Up or Down - April 30, 6:40PM-6:45PM ET",Down,BUY,1.725805,0.619999942056026,0x59ed77449abdf8c2e8872d0c87998c7fcb6f1fda18a94ba9ef441f622b01a937,2026-05-01 01:40:48,0x3fc0061e18d94502716a927004801be393a8300de846120cd2b39c37b8e10d27,btc-updown-5m-1777588800
"Bitcoin Up or Down - April 30, 6:40PM-6:45PM ET",Down,BUY,1.725805,0.619999942056026,0x59ed77449abdf8c2e8872d0c87998c7fcb6f1fda18a94ba9ef441f622b01a937,2026-05-01 01:40:48,0xe4f974cc8cd46f3fab59283d1912bb6500cd4ff311102aeb53a554ec49cef85b,btc-updown-5m-1777588800
"Bitcoin Up or Down - April 30, 6:40PM-6:45PM ET",Down,BUY,1.725805,0.619999942056026,0x59ed77449abdf8c2e8872d0c87998c7fcb6f1fda18a94ba9ef441f622b01a937,2026-05-01 01:40:46,0x57c982fb9d69aa8d913ed2f5c69597bdcb706759ff146aef0a332512e4b81ee0,btc-updown-5m-1777588800
"Bitcoin Up or Down - April 30, 6:35PM-6:40PM ET",Down,BUY,1.42105,0.76,0x615bc35aadcab64f14f4034682a25391aea377ce8897a7ef20ebcdadb81c7546,2026-05-01 01:36:12,0x50e39a767fb9b5b0be948869069e54630902cfab238a01b9fa105bd33d8edab6,btc-updown-5m-1777588500
"Bitcoin Up or Down - April 30, 6:35PM-6:40PM ET",Down,BUY,1.402595,0.7699998930553723,0x615bc35aadcab64f14f4034682a25391aea377ce8897a7ef20ebcdadb81c7546,2026-05-01 01:36:12,0x458986b7fbaccb2961cebc66ed76792fdc353df0be942b0340579f4105e9515c,btc-updown-5m-1777588500
"Ethereum Up or Down - April 30, 6:35PM-6:40PM ET",Down,BUY,1.282346,0.8499999220179265,0xdf4f537b1e5626d450125378d7e2ac049f388576aabbcc097247d5a983f18ad1,2026-05-01 01:36:10,0x3945dc1f286361bf33faeda06b559d3262985b11e073f33e6455fe7eadbc67ac,eth-updown-5m-1777588500
"Bitcoin Up or Down - April 30, 6:35PM-6:40PM ET",Down,BUY,1.521124,0.709999973703656,0x615bc35aadcab64f14f4034682a25391aea377ce8897a7ef20ebcdadb81c7546,2026-05-01 01:36:04,0xffe8ef4cb86975351ad01e12717c112b4bccd3e14df6113783023849400210a1,btc-updown-5m-1777588500
"Bitcoin Up or Down - April 30, 6:35PM-6:40PM ET",Down,BUY,1.754097,0.609999903084037,0x615bc35aadcab64f14f4034682a25391aea377ce8897a7ef20ebcdadb81c7546,2026-05-01 01:35:52,0xdd67d03f79883e8970e4419db47164f96dbbe44989475616d445d003005408c2,btc-updown-5m-1777588500
"Bitcoin Up or Down - April 30, 6:35PM-6:40PM ET",Down,BUY,1.783332,0.5999998878503834,0x615bc35aadcab64f14f4034682a25391aea377ce8897a7ef20ebcdadb81c7546,2026-05-01 01:35:30,0x66368ea5379df13bc42db33a4d9ef0611c32fe2e0eee20d79cb46849bab71c9d,btc-updown-5m-1777588500
"Bitcoin Up or Down - April 30, 6:35PM-6:40PM ET",Down,BUY,1.783332,0.5999998878503834,0x615bc35aadcab64f14f4034682a25391aea377ce8897a7ef20ebcdadb81c7546,2026-05-01 01:35:30,0x2aba43b90114df629ed68bc211f30b42ae126de4793ddffbab1f659d14cb4d37,btc-updown-5m-1777588500
"Bitcoin Up or Down - April 30, 6:30PM-6:45PM ET",Down,BUY,1.21111,0.9,0xc6d418b7708633cedc9fd4092fb2586d60d6faf1cd21abbd302f6f1bc98c430d,2026-05-01 01:35:26,0xa4de8448bca80228d87ce64ea309473247fb333f3912976f46d1c6dbb9e5f223,btc-updown-15m-1777588200
"Bitcoin Up or Down - April 30, 6:35PM-6:40PM ET",Up,BUY,1.98148,0.5399998990653451,0x615bc35aadcab64f14f4034682a25391aea377ce8897a7ef20ebcdadb81c7546,2026-05-01 01:35:24,0x81e2f1051d30210675638b4a4d1a94c3f180e746c6297d22d1ac6ccc37cc0fde,btc-updown-5m-1777588500
"Bitcoin Up or Down - April 30, 6:30PM-6:45PM ET",Down,BUY,1.184775,0.92,0xc6d418b7708633cedc9fd4092fb2586d60d6faf1cd21abbd302f6f1bc98c430d,2026-05-01 01:33:48,0x7e45973d62850bb1f312522dd2ebd29117ef1e46637d9f5b60ebcaaa6ccda118,btc-updown-15m-1777588200
"Bitcoin Up or Down - April 30, 6:30PM-6:45PM ET",Down,BUY,1.172042,0.9299999488072953,0xc6d418b7708633cedc9fd4092fb2586d60d6faf1cd21abbd302f6f1bc98c430d,2026-05-01 01:33:38,0x539c6c37c99d0fd4bca722c2770c3f9dc17d538e7df595aa78fd2c2f733a08fa,btc-updown-15m-1777588200
"Bitcoin Up or Down - April 30, 6:30PM-6:45PM ET",Down,BUY,1.172042,0.9299999488072953,0xc6d418b7708633cedc9fd4092fb2586d60d6faf1cd21abbd302f6f1bc98c430d,2026-05-01 01:33:38,0xedcef65b2179084a537b56001a30d64bb3bd70471ba87d4d5871edad02ce742a,btc-updown-15m-1777588200
"Bitcoin Up or Down - April 30, 6:30PM-6:45PM ET",Down,BUY,1.172042,0.9299999488072953,0xc6d418b7708633cedc9fd4092fb2586d60d6faf1cd21abbd302f6f1bc98c430d,2026-05-01 01:33:38,0x26061397e569ac17a1a3f0d06767e9163705c34c3b54a3813bd9681f2fb82def,btc-updown-15m-1777588200
"Bitcoin Up or Down - April 30, 6:30PM-6:45PM ET",Down,BUY,1.224718,0.8899999836697101,0xc6d418b7708633cedc9fd4092fb2586d60d6faf1cd21abbd302f6f1bc98c430d,2026-05-01 01:33:36,0xac83bd861334cd639ed37f3690c8b6ddb4a6d2fd6d2e2be11af57191e3872e36,btc-updown-15m-1777588200
"Bitcoin Up or Down - April 30, 6:30PM-6:45PM ET",Down,BUY,1.224718,0.8899999836697101,0xc6d418b7708633cedc9fd4092fb2586d60d6faf1cd21abbd302f6f1bc98c430d,2026-05-01 01:33:36,0xa441b3b21f760d2c98281e7f32bf3795ef95b1c2db261d72d9cba93f7dbcec99,btc-updown-15m-1777588200
"Bitcoin Up or Down - April 30, 6:30PM-6:45PM ET",Down,BUY,1.21111,0.9,0xc6d418b7708633cedc9fd4092fb2586d60d6faf1cd21abbd302f6f1bc98c430d,2026-05-01 01:33:36,0xaa3108fdc62202cecbfb3781b3d4c9a801ce26f51d2db9071def784b5552b1f3,btc-updown-15m-1777588200
"Bitcoin Up or Down - April 30, 6:30PM-6:35PM ET",Down,BUY,1.14736,0.95,0x2ef40ab4c20b953433b1cfefcef83dac19cb5a169dccefaafefd3aafcc4d9584,2026-05-01 01:33:24,0xfcac8b57b62800447caa97d0e6322f50a49086819b0bdcd6eff8a30d3cf2641b,btc-updown-5m-1777588200
"Bitcoin Up or Down - April 30, 6:30PM-6:35PM ET",Down,BUY,1.1354,0.96,0x2ef40ab4c20b953433b1cfefcef83dac19cb5a169dccefaafefd3aafcc4d9584,2026-05-01 01:33:22,0xe1b07c4d7a4dc79d3b86d92586144c6a0179882ed1f85f9c1ce46f9551ca6ae6,btc-updown-5m-1777588200
"Bitcoin Up or Down - April 30, 6:30PM-6:45PM ET",Down,BUY,1.384613,0.7799998988887148,0xc6d418b7708633cedc9fd4092fb2586d60d6faf1cd21abbd302f6f1bc98c430d,2026-05-01 01:33:22,0x6ffa1cf90f32457cae1cefec1ddff7d5747bb559d09d4daadf7a1ee8e360c337,btc-updown-15m-1777588200
"Bitcoin Up or Down - April 30, 6:30PM-6:35PM ET",Down,BUY,1.1354,0.96,0x2ef40ab4c20b953433b1cfefcef83dac19cb5a169dccefaafefd3aafcc4d9584,2026-05-01 01:33:22,0xb60ddd728e258427f21ea4d2697231d316e34b311481323f86a9f4b54611bb05,btc-updown-5m-1777588200
"Bitcoin Up or Down - April 30, 6:30PM-6:35PM ET",Down,BUY,1.1354,0.96,0x2ef40ab4c20b953433b1cfefcef83dac19cb5a169dccefaafefd3aafcc4d9584,2026-05-01 01:33:22,0xd6aaf0d033f44098ea3256eec8bab8c55a90501caf074013d6ec8e3532067192,btc-updown-5m-1777588200
"Ethereum Up or Down - April 30, 6:30PM-6:35PM ET",Down,BUY,1.1237,0.97,0xaadc67a3c6836b82bd85012daf21b38b63d75b94ae74de13863a3dd2b4d77f9c,2026-05-01 01:33:14,0x3e971af12a47ce21e8894baece840187fee29eeef5a21701cd0cbafb88ae5305,eth-updown-5m-1777588200
"Bitcoin Up or Down - April 30, 6:30PM-6:45PM ET",Down,BUY,1.5,0.72,0xc6d418b7708633cedc9fd4092fb2586d60d6faf1cd21abbd302f6f1bc98c430d,2026-05-01 01:33:14,0x6e801801eb1c7b2545fd77c848309b899ed652e0df68f5bab96b627c70244314,btc-updown-15m-1777588200
"Bitcoin Up or Down - April 30, 6:30PM-6:45PM ET",Down,BUY,1.588234,0.6799999244443828,0xc6d418b7708633cedc9fd4092fb2586d60d6faf1cd21abbd302f6f1bc98c430d,2026-05-01 01:33:10,0xed6d0fe5ae4523762c50ec482788bb810720339f0c22311652afc1e7b30dd574,btc-updown-15m-1777588200
"Bitcoin Up or Down - April 30, 6:30PM-6:45PM ET",Down,BUY,1.573528,0.6799999745794164,0xc6d418b7708633cedc9fd4092fb2586d60d6faf1cd21abbd302f6f1bc98c430d,2026-05-01 01:33:10,0x69c2b5571b181bf7b9ee97e1399667dc548be5fe9cbc10fc76009e1a1f9e2afe,btc-updown-15m-1777588200
"Bitcoin Up or Down - April 30, 6:30PM-6:45PM ET",Down,BUY,2.07843,0.509999855660282,0xc6d418b7708633cedc9fd4092fb2586d60d6faf1cd21abbd302f6f1bc98c430d,2026-05-01 01:30:28,0x9340de4c9fce5e599b2cacfb33e1c97d36d2e0e1fdcd85abba883dc1e097c673,btc-updown-15m-1777588200
"Bitcoin Up or Down - April 30, 6:30PM-6:35PM ET",Up,BUY,2,0.53,0x2ef40ab4c20b953433b1cfefcef83dac19cb5a169dccefaafefd3aafcc4d9584,2026-05-01 01:30:20,0xc4326b7bc2c86c603767a97d83bcf2435cd0f1b5b64256265412495b6551ddb1,btc-updown-5m-1777588200
"Bitcoin Up or Down - April 30, 6:30PM-6:45PM ET",Up,BUY,2.07843,0.509999855660282,0xc6d418b7708633cedc9fd4092fb2586d60d6faf1cd21abbd302f6f1bc98c430d,2026-05-01 01:30:20,0x5d14e67a7fa841a389c791d9668634e70f9aaac0e71a0b51bfdd0b74d192f0f0,btc-updown-15m-1777588200
"Bitcoin Up or Down - April 30, 6:30PM-6:45PM ET",Up,BUY,2.07843,0.509999855660282,0xc6d418b7708633cedc9fd4092fb2586d60d6faf1cd21abbd302f6f1bc98c430d,2026-05-01 01:30:20,0x9bb1e698dce01b721ebd11696df0fa9ff32b283bb5c1ad7f9df76faed4de505c,btc-updown-15m-1777588200
"Bitcoin Up or Down - April 30, 6:30PM-6:35PM ET",Up,BUY,2.03846,0.5199999018867184,0x2ef40ab4c20b953433b1cfefcef83dac19cb5a169dccefaafefd3aafcc4d9584,2026-05-01 01:30:20,0x6e0f6fc7506635d4855feb59ffa4689d1205fd9911217171f575abd203da0f0c,btc-updown-5m-1777588200
"Bitcoin Up or Down - April 30, 6:30PM-6:35PM ET",Up,BUY,2,0.53,0x2ef40ab4c20b953433b1cfefcef83dac19cb5a169dccefaafefd3aafcc4d9584,2026-05-01 01:30:20,0xb038eea6f3ae37d8bfa28228c66b2295dd7bd401b2924c0b3b8e3094687421a8,btc-updown-5m-1777588200
"Bitcoin Up or Down - April 30, 6:30PM-6:35PM ET",Up,BUY,2.163264,0.4899998335848052,0x2ef40ab4c20b953433b1cfefcef83dac19cb5a169dccefaafefd3aafcc4d9584,2026-05-01 01:30:12,0x67c7c1b606459f9381f8bee1731169b9201ce62c37251f0e98af7ae9bd53bbd8,btc-updown-5m-1777588200
"Bitcoin Up or Down - April 30, 6:25PM-6:30PM ET",Up,BUY,1.542856,0.6999998703702743,0x7058768cd93d80a81f22108b3f98898ec9faebe37ead3d7694c5ed9612d47b72,2026-05-01 01:26:40,0x15770f4b90b9bd01df039e9933604db0e7b44f2148f67f4659399490f558f51b,btc-updown-5m-1777587900
"Bitcoin Up or Down - April 30, 6:25PM-6:30PM ET",Down,BUY,2.692306,0.38999987371420636,0x7058768cd93d80a81f22108b3f98898ec9faebe37ead3d7694c5ed9612d47b72,2026-05-01 01:26:30,0x2e6c7a3e16ade4ed77ed50f9fe47853500ce68bc669c4fc7ab004934880d7c8a,btc-updown-5m-1777587900
"Bitcoin Up or Down - April 30, 6:25PM-6:30PM ET",Down,BUY,2.692306,0.38999987371420636,0x7058768cd93d80a81f22108b3f98898ec9faebe37ead3d7694c5ed9612d47b72,2026-05-01 01:26:30,0x25c89102ffffcb106f53374ec7dcb8bc739e2377709ccc3e4f9f066f458d0b0f,btc-updown-5m-1777587900
"Bitcoin Up or Down - April 30, 6:25PM-6:30PM ET",Up,BUY,1.6875,0.64,0x7058768cd93d80a81f22108b3f98898ec9faebe37ead3d7694c5ed9612d47b72,2026-05-01 01:26:22,0x22fbba13b2e576aff11d449a412b36f2af042543c7e5e66d4e33cd50edddead9,btc-updown-5m-1777587900
"Bitcoin Up or Down - April 30, 6:25PM-6:30PM ET",Up,BUY,1.6875,0.64,0x7058768cd93d80a81f22108b3f98898ec9faebe37ead3d7694c5ed9612d47b72,2026-05-01 01:26:22,0x8280820c64054c62dae71c23afb7e993059098ff0108d1e1c64a9517ef6dd736,btc-updown-5m-1777587900
"Bitcoin Up or Down - April 30, 6:25PM-6:30PM ET",Up,BUY,1.6875,0.64,0x7058768cd93d80a81f22108b3f98898ec9faebe37ead3d7694c5ed9612d47b72,2026-05-01 01:26:22,0x5a2a0aa249dd7ebe51309223f57371c1428af8dfb4294c2cfaebbf77b02a5924,btc-updown-5m-1777587900
"Bitcoin Up or Down - April 30, 6:25PM-6:30PM ET",Up,BUY,1.542856,0.6999998703702743,0x7058768cd93d80a81f22108b3f98898ec9faebe37ead3d7694c5ed9612d47b72,2026-05-01 01:26:22,0x1955429f60d3836f3ffe65c80b8bf238b52d2ecb6f8d7b76a160b5d76e64e5ce,btc-updown-5m-1777587900
"Bitcoin Up or Down - April 30, 6:25PM-6:30PM ET",Up,BUY,1.783332,0.5999998878503834,0x7058768cd93d80a81f22108b3f98898ec9faebe37ead3d7694c5ed9612d47b72,2026-05-01 01:26:06,0x696e9d9349fb3256e7cf0d188964173ed1ecc4fa1a2b0e52603ba02c0e7e83a9,btc-updown-5m-1777587900
"Bitcoin Up or Down - April 30, 6:25PM-6:30PM ET",Up,BUY,1.725805,0.619999942056026,0x7058768cd93d80a81f22108b3f98898ec9faebe37ead3d7694c5ed9612d47b72,2026-05-01 01:26:06,0xf712ce9490b8b724bd2408ea2a69df32bbb5201883f982f94435e0dc4f07d2a7,btc-updown-5m-1777587900
"Bitcoin Up or Down - April 30, 6:25PM-6:30PM ET",Up,BUY,1.945453,0.5499999228971351,0x7058768cd93d80a81f22108b3f98898ec9faebe37ead3d7694c5ed9612d47b72,2026-05-01 01:26:00,0x3242daf242f15f3bd4acca4c07f7cf84a4620707aea5127920da2a7247b40866,btc-updown-5m-1777587900
"Bitcoin Up or Down - April 30, 6:25PM-6:30PM ET",Up,BUY,1.945453,0.5499999228971351,0x7058768cd93d80a81f22108b3f98898ec9faebe37ead3d7694c5ed9612d47b72,2026-05-01 01:25:58,0x2b252ecae3ac3e542148d2e4f1951b3ff393b1810886fac1d4cff06b5366adc3,btc-updown-5m-1777587900
"Bitcoin Up or Down - April 30, 6:25PM-6:30PM ET",Up,BUY,1.927271,0.5499999740565805,0x7058768cd93d80a81f22108b3f98898ec9faebe37ead3d7694c5ed9612d47b72,2026-05-01 01:25:58,0x7ed7e2bd38190c0419b200409a8cdc27bd59df366c2b6de2dbe7b921c908ffd2,btc-updown-5m-1777587900
"Bitcoin Up or Down - April 30, 6:15PM-6:30PM ET",Up,BUY,1.184775,0.92,0xd17ad70aad8dd86e4b1937515fef6cf1317e19c3dfc99c4945228555deef0994,2026-05-01 01:25:58,0x7c375f8f6468f9e736982e382f816e060cde249b722b0790ccc0711d628df6fb,btc-updown-15m-1777587300
"Bitcoin Up or Down - April 30, 6:25PM-6:30PM ET",Up,BUY,1.98148,0.5399998990653451,0x7058768cd93d80a81f22108b3f98898ec9faebe37ead3d7694c5ed9612d47b72,2026-05-01 01:25:58,0x81dcc6cc4c8c97ef41487cc2beeadf96a51146c526eeac0f4c2d2f033514a1c9,btc-updown-5m-1777587900
"Bitcoin Up or Down - April 30, 6:25PM-6:30PM ET",Up,BUY,1.96296,0.5399997962261075,0x7058768cd93d80a81f22108b3f98898ec9faebe37ead3d7694c5ed9612d47b72,2026-05-01 01:25:58,0x22d56333a0c751f6fd0b82ef31bde1c9f50e047b7f0cef549f2a3ca1e054729f,btc-updown-5m-1777587900
"Bitcoin Up or Down - April 30, 6:20PM-6:25PM ET",Up,BUY,1.542856,0.6999998703702743,0x5cddb838c7ad4c78b34abf0e2c2df6e0d25aff06156783c60d86b4e84dddf1e9,2026-05-01 01:23:14,0x94eeb61ea37b9e7effd946609a90a70b3063f771010d07522195473259e4a9e3,btc-updown-5m-1777587600
"Bitcoin Up or Down - April 30, 6:15PM-6:30PM ET",Down,BUY,4.727271,0.21999986884610592,0xd17ad70aad8dd86e4b1937515fef6cf1317e19c3dfc99c4945228555deef0994,2026-05-01 01:23:08,0x64c38789a1feb065e7ff0dfbed51249f2968b016e9b6ef40698ee7b3c0d27fc5,btc-updown-15m-1777587300
"Bitcoin Up or Down - April 30, 6:15PM-6:30PM ET",Down,BUY,4.727271,0.21999986884610592,0xd17ad70aad8dd86e4b1937515fef6cf1317e19c3dfc99c4945228555deef0994,2026-05-01 01:23:08,0x624dd385e0941b5e89f04ca0257c941d850e56432a521afe5d02aa593156a677,btc-updown-15m-1777587300
"Bitcoin Up or Down - April 30, 6:15PM-6:30PM ET",Down,BUY,4.727271,0.21999986884610592,0xd17ad70aad8dd86e4b1937515fef6cf1317e19c3dfc99c4945228555deef0994,2026-05-01 01:23:06,0x06f60a9f6a68ca9b548b24f4b6e06d7b46a20f469e1a8988b831571fe1249ac1,btc-updown-15m-1777587300
"Bitcoin Up or Down - April 30, 6:15PM-6:30PM ET",Down,BUY,4.727271,0.21999986884610592,0xd17ad70aad8dd86e4b1937515fef6cf1317e19c3dfc99c4945228555deef0994,2026-05-01 01:23:06,0xd0805659b4569f4ed8c234fcbd9f74d9b8a1fe90aa4dc46d5664fdc9c820fd0d,btc-updown-15m-1777587300
"Bitcoin Up or Down - April 30, 6:20PM-6:25PM ET",Up,BUY,1.725805,0.619999942056026,0x5cddb838c7ad4c78b34abf0e2c2df6e0d25aff06156783c60d86b4e84dddf1e9,2026-05-01 01:22:20,0x221051e26b101782e4fe869100bf50a3587f855f8c907d5a7349200cdc67f73d,btc-updown-5m-1777587600
"Bitcoin Up or Down - April 30, 6:20PM-6:25PM ET",Up,BUY,1.725805,0.619999942056026,0x5cddb838c7ad4c78b34abf0e2c2df6e0d25aff06156783c60d86b4e84dddf1e9,2026-05-01 01:22:20,0x01a8b57d72a130979d06be01e235b56ac7be134712374f8285d0ad64a8ebb6ca,btc-updown-5m-1777587600
"Bitcoin Up or Down - April 30, 6:20PM-6:25PM ET",Up,BUY,1.910713,0.5599998534578453,0x5cddb838c7ad4c78b34abf0e2c2df6e0d25aff06156783c60d86b4e84dddf1e9,2026-05-01 01:22:16,0x23c961fdff02380de57e2ba607dcf771f562384f18fffa8daeadad14c6c5a676,btc-updown-5m-1777587600
"Bitcoin Up or Down - April 30, 6:15PM-6:30PM ET",Up,BUY,1.384613,0.7799998988887148,0xd17ad70aad8dd86e4b1937515fef6cf1317e19c3dfc99c4945228555deef0994,2026-05-01 01:22:14,0x2c8eab9e0703a31dd8ba7c97cfc28f1846de566916bdfba92109a112b2ab7736,btc-updown-15m-1777587300
"Bitcoin Up or Down - April 30, 6:20PM-6:25PM ET",Down,BUY,2.386362,0.4399998826665862,0x5cddb838c7ad4c78b34abf0e2c2df6e0d25aff06156783c60d86b4e84dddf1e9,2026-05-01 01:21:42,0xa7c3ecd7ab4b2940dcc51ec9e261d489922937c998199785cb96a58426ac62f1,btc-updown-5m-1777587600
"Bitcoin Up or Down - April 30, 6:20PM-6:25PM ET",Down,BUY,2.409089,0.439999933584853,0x5cddb838c7ad4c78b34abf0e2c2df6e0d25aff06156783c60d86b4e84dddf1e9,2026-05-01 01:21:40,0xd88db005c1093a478b9d56987e3c3f1836f574f61db122cd189ea9e79ecbe647,btc-updown-5m-1777587600
"Bitcoin Up or Down - April 30, 6:15PM-6:30PM ET",Down,BUY,4.521738,0.22999983634611293,0xd17ad70aad8dd86e4b1937515fef6cf1317e19c3dfc99c4945228555deef0994,2026-05-01 01:21:40,0xfef60d710a43ac800e53cdae1f1b883d75027c10bc41d276a29237315f67770e,btc-updown-15m-1777587300
"Bitcoin Up or Down - April 30, 6:15PM-6:30PM ET",Down,BUY,4.16,0.25,0xd17ad70aad8dd86e4b1937515fef6cf1317e19c3dfc99c4945228555deef0994,2026-05-01 01:21:38,0x6648e69500180b46b5b4c7cf16ca446596162a43586a93fb41dc0acdf6bf8ba4,btc-updown-15m-1777587300
"Bitcoin Up or Down - April 30, 6:15PM-6:30PM ET",Down,BUY,4.16,0.25,0xd17ad70aad8dd86e4b1937515fef6cf1317e19c3dfc99c4945228555deef0994,2026-05-01 01:21:36,0x7c51698c4ae58cb709ca5ae351c0cb87dd39627e4858b804b34456fe936996ea,btc-updown-15m-1777587300
"Bitcoin Up or Down - April 30, 6:20PM-6:25PM ET",Down,BUY,2.916665,0.3599998628570645,0x5cddb838c7ad4c78b34abf0e2c2df6e0d25aff06156783c60d86b4e84dddf1e9,2026-05-01 01:21:20,0xaf5de8ca4f8cabb9e265cc9333547a8fb0c8b9dc662292cafee57a625bdc6b66,btc-updown-5m-1777587600
"Bitcoin Up or Down - April 30, 6:15PM-6:30PM ET",Down,BUY,5.2,0.2,0xd17ad70aad8dd86e4b1937515fef6cf1317e19c3dfc99c4945228555deef0994,2026-05-01 01:21:20,0xdad4f241aa2e02913eabc9be917f56e0f95befd20fb6edbdaa100219c92313f2,btc-updown-15m-1777587300
"Bitcoin Up or Down - April 30, 6:20PM-6:25PM ET",Down,BUY,2.916665,0.3599998628570645,0x5cddb838c7ad4c78b34abf0e2c2df6e0d25aff06156783c60d86b4e84dddf1e9,2026-05-01 01:21:20,0x53316766dbb50f909047657a648af6f2a79f5ae7bff26516a923af7577bef17f,btc-updown-5m-1777587600
"Bitcoin Up or Down - April 30, 6:15PM-6:30PM ET",Down,BUY,5.2,0.2,0xd17ad70aad8dd86e4b1937515fef6cf1317e19c3dfc99c4945228555deef0994,2026-05-01 01:21:20,0x6590f3255e5b987644ea7c269545b95894b7b4647b1f45d194bdec4938940e8f,btc-updown-15m-1777587300
"Bitcoin Up or Down - April 30, 6:20PM-6:25PM ET",Down,BUY,2.916665,0.3599998628570645,0x5cddb838c7ad4c78b34abf0e2c2df6e0d25aff06156783c60d86b4e84dddf1e9,2026-05-01 01:21:20,0xb49171e9f6b9a564f6e47f7a1ac00a12a35b5085d04f045b4ff6b50848f9a038,btc-updown-5m-1777587600
"Bitcoin Up or Down - April 30, 6:15PM-6:20PM ET",Up,BUY,3.689654,0.28999982112143846,0x6bd136a448af1d9de73769ca82fe2cf591c68479c831c8c5a206169722b343ce,2026-05-01 01:20:10,0xaf74f75299998aec44643d6e46bfffa63fa0b94809b9ffced81ebf26a6a05c53,btc-updown-5m-1777587300
"Bitcoin Up or Down - April 30, 6:15PM-6:30PM ET",Down,BUY,4,0.26,0xd17ad70aad8dd86e4b1937515fef6cf1317e19c3dfc99c4945228555deef0994,2026-05-01 01:20:08,0xc8a659f78c88a7483aa2a6570495bc4be5cc2bd2ea05719cb507d521f59c1c32,btc-updown-15m-1777587300
"Bitcoin Up or Down - April 30, 6:15PM-6:20PM ET",Up,BUY,2.347825,0.45999978703693845,0x6bd136a448af1d9de73769ca82fe2cf591c68479c831c8c5a206169722b343ce,2026-05-01 01:20:02,0x177cfc0b4c55c072d1bb626ca14f20f1351a08574ff592c7486e25c22e336334,btc-updown-5m-1777587300
"Bitcoin Up or Down - April 30, 6:15PM-6:30PM ET",Down,BUY,4.521738,0.22999983634611293,0xd17ad70aad8dd86e4b1937515fef6cf1317e19c3dfc99c4945228555deef0994,2026-05-01 01:19:10,0x38507f4e10d0544c553987f6fce19d34e1e4dee508567334cebf178abc9c9891,btc-updown-15m-1777587300
"Bitcoin Up or Down - April 30, 6:15PM-6:20PM ET",Up,BUY,1.621211,0.6599998396260573,0x6bd136a448af1d9de73769ca82fe2cf591c68479c831c8c5a206169722b343ce,2026-05-01 01:16:34,0x668496c59b9b58212e1a72f207022a5c3718081fcea56cbc0f7862f88a046a85,btc-updown-5m-1777587300
"Bitcoin Up or Down - April 30, 6:15PM-6:20PM ET",Up,BUY,1.754097,0.609999903084037,0x6bd136a448af1d9de73769ca82fe2cf591c68479c831c8c5a206169722b343ce,2026-05-01 01:16:30,0xb4f2bdd2f4a0f2007b0c2216a65dc0b1c1290d5c2e1a41c7c82285c94f452ba4,btc-updown-5m-1777587300
"Bitcoin Up or Down - April 30, 6:15PM-6:20PM ET",Up,BUY,1.69841,0.6299998233642053,0x6bd136a448af1d9de73769ca82fe2cf591c68479c831c8c5a206169722b343ce,2026-05-01 01:16:28,0xd28153ab9bb957aa21681a4df09e8a44ed49be0aabdde5127085f703a8fa6874,btc-updown-5m-1777587300
"Bitcoin Up or Down - April 30, 6:15PM-6:30PM ET",Up,BUY,1.910713,0.5599998534578453,0xd17ad70aad8dd86e4b1937515fef6cf1317e19c3dfc99c4945228555deef0994,2026-05-01 01:16:26,0x5f1bc3b562bea45066c46544803cc15e65f0988c4a17d52f4e85343533c9cb8b,btc-updown-15m-1777587300
"Bitcoin Up or Down - April 30, 6:15PM-6:20PM ET",Down,BUY,2.03846,0.5199999018867184,0x6bd136a448af1d9de73769ca82fe2cf591c68479c831c8c5a206169722b343ce,2026-05-01 01:16:14,0xebfc178728c1b2f32c3315e9fb9e38ebf509cae391771d87a46c8d92d415ec1f,btc-updown-5m-1777587300
"Bitcoin Up or Down - April 30, 6:15PM-6:20PM ET",Down,BUY,2.03846,0.5199999018867184,0x6bd136a448af1d9de73769ca82fe2cf591c68479c831c8c5a206169722b343ce,2026-05-01 01:16:14,0x54f22540865b9e2630d994b90c00b3fa54123d6d74fb84ece3fc3153b7c630de,btc-updown-5m-1777587300
"Bitcoin Up or Down - April 30, 6:15PM-6:30PM ET",Down,BUY,2.03846,0.5199999018867184,0xd17ad70aad8dd86e4b1937515fef6cf1317e19c3dfc99c4945228555deef0994,2026-05-01 01:16:14,0x50a042c0dccc70f00378463b7be71294bc041c27dd2c7254f0c29b05c1d4730b,btc-updown-15m-1777587300
"Bitcoin Up or Down - April 30, 6:15PM-6:20PM ET",Up,BUY,2.07843,0.509999855660282,0x6bd136a448af1d9de73769ca82fe2cf591c68479c831c8c5a206169722b343ce,2026-05-01 01:16:02,0x39edc269c16b12f25285b4df41ea20628b01463a6d26d3c837640c41ac46fb9b,btc-updown-5m-1777587300
"Bitcoin Up or Down - April 30, 6:15PM-6:20PM ET",Up,BUY,2.07843,0.509999855660282,0x6bd136a448af1d9de73769ca82fe2cf591c68479c831c8c5a206169722b343ce,2026-05-01 01:16:02,0xcfa22a32c19646b208c75c47b60718907bd8596029f83d458f3ee723cdccf55a,btc-updown-5m-1777587300
"Bitcoin Up or Down - April 30, 6:15PM-6:20PM ET",Up,BUY,2.07843,0.509999855660282,0x6bd136a448af1d9de73769ca82fe2cf591c68479c831c8c5a206169722b343ce,2026-05-01 01:16:00,0x666f180abd35a79e34d04caacd54f1c1f42a51a1e025c7960707c3bb815b91f5,btc-updown-5m-1777587300
"Bitcoin Up or Down - April 30, 6:15PM-6:30PM ET",Up,BUY,2.12,0.5,0xd17ad70aad8dd86e4b1937515fef6cf1317e19c3dfc99c4945228555deef0994,2026-05-01 01:16:00,0xc8526df5831ce7cb0f2d06631ba79c7984c70ec855a76b8ba9d2655afaee0c29,btc-updown-15m-1777587300
"Bitcoin Up or Down - April 30, 6:15PM-6:20PM ET",Down,BUY,1.96296,0.5399997962261075,0x6bd136a448af1d9de73769ca82fe2cf591c68479c831c8c5a206169722b343ce,2026-05-01 01:15:12,0x9cfde90bc06a41759fa8d418c34974102c8e36f251dba3f5f1df7e935ede6be1,btc-updown-5m-1777587300
"Bitcoin Up or Down - April 30, 6:15PM-6:20PM ET",Down,BUY,1.98148,0.5399998990653451,0x6bd136a448af1d9de73769ca82fe2cf591c68479c831c8c5a206169722b343ce,2026-05-01 01:15:12,0xe76b5ea5c7b106f81ee5c009f0222127891e30ab9dd03086b797861d5956595a,btc-updown-5m-1777587300
"Bitcoin Up or Down - April 30, 6:15PM-6:30PM ET",Down,BUY,2.07843,0.509999855660282,0xd17ad70aad8dd86e4b1937515fef6cf1317e19c3dfc99c4945228555deef0994,2026-05-01 01:15:12,0x9ac68f372a8f62820ae0bba7bf757d35bbacbd76d8822279bb97d51e1bf82679,btc-updown-15m-1777587300
"Bitcoin Up or Down - April 30, 6:10PM-6:15PM ET",Up,BUY,1.252869,0.8699999760549587,0xa991f0e35da582e1b9d2aae7d36880d0d1faa9b4edb572b1e1da69bd4f002497,2026-05-01 01:14:52,0x786bbcd9505f1164b83f3f16169223282504a6f4ef12b1d6aac8dc6ff63142be,btc-updown-5m-1777587000
"Bitcoin Up or Down - April 30, 6:10PM-6:15PM ET",Up,BUY,1.1122,0.98,0xa991f0e35da582e1b9d2aae7d36880d0d1faa9b4edb572b1e1da69bd4f002497,2026-05-01 01:14:50,0x486a7bb1f7c58877e6c31663910cf5fb625f0382ed0ee3f5ca68b33f6e7a0657,btc-updown-5m-1777587000
"Bitcoin Up or Down - April 30, 6:10PM-6:15PM ET",Down,BUY,2.355554,0.4499998726414253,0xa991f0e35da582e1b9d2aae7d36880d0d1faa9b4edb572b1e1da69bd4f002497,2026-05-01 01:11:38,0x1faed81e1f66bac220f3dd68d61a40554fd0ce3d29b958a4f39692bb3b3d2159,btc-updown-5m-1777587000
"Bitcoin Up or Down - April 30, 6:10PM-6:15PM ET",Up,BUY,1.671875,0.64,0xa991f0e35da582e1b9d2aae7d36880d0d1faa9b4edb572b1e1da69bd4f002497,2026-05-01 01:11:34,0x973858c822a44d00919ae60db286f58da632f4bde9978e26ad5f5710f07e10fd,btc-updown-5m-1777587000
"Bitcoin Up or Down - April 30, 6:10PM-6:15PM ET",Up,BUY,1.671875,0.64,0xa991f0e35da582e1b9d2aae7d36880d0d1faa9b4edb572b1e1da69bd4f002497,2026-05-01 01:11:32,0xa0e4f2f3327757e18c5819f49eab17c122cb28a7f96dbaa7db78a6fb11a8cf43,btc-updown-5m-1777587000
"Bitcoin Up or Down - April 30, 6:10PM-6:15PM ET",Up,BUY,1.96296,0.5399997962261075,0xa991f0e35da582e1b9d2aae7d36880d0d1faa9b4edb572b1e1da69bd4f002497,2026-05-01 01:11:00,0x3f7fc9965a8629203aa7be39f8e43ea29b8f6772917fbb8b000eeb5e761f7970,btc-updown-5m-1777587000
"Bitcoin Up or Down - April 30, 6:10PM-6:15PM ET",Up,BUY,2.65,0.4,0xa991f0e35da582e1b9d2aae7d36880d0d1faa9b4edb572b1e1da69bd4f002497,2026-05-01 01:10:48,0x012bcfae3c54d686c6bbf5dac89bde62dda0acc77e4210bfdbdac34c55fc8288,btc-updown-5m-1777587000
"Bitcoin Up or Down - April 30, 6:10PM-6:15PM ET",Down,BUY,1.844826,0.5799999566354768,0xa991f0e35da582e1b9d2aae7d36880d0d1faa9b4edb572b1e1da69bd4f002497,2026-05-01 01:10:40,0x00ad85def369afbbd15b1e04f3b6d48d54f7b9f9ab6cfe6bcfcb42aad986278c,btc-updown-5m-1777587000
"Bitcoin Up or Down - April 30, 6:10PM-6:15PM ET",Down,BUY,1.844826,0.5799999566354768,0xa991f0e35da582e1b9d2aae7d36880d0d1faa9b4edb572b1e1da69bd4f002497,2026-05-01 01:10:40,0x322d6573601e629012b29a8568d11e5b6d6703e2600f13782ce4bb09b1be5471,btc-updown-5m-1777587000
"Bitcoin Up or Down - April 30, 6:10PM-6:15PM ET",Down,BUY,1.844826,0.5799999566354768,0xa991f0e35da582e1b9d2aae7d36880d0d1faa9b4edb572b1e1da69bd4f002497,2026-05-01 01:10:40,0x5ed97bb64b0591dfd56f69f39fc1ae3db8bc7dd9f44c866785956c3bb0b04aca,btc-updown-5m-1777587000
"Bitcoin Up or Down - April 30, 6:00PM-6:15PM ET",Down,BUY,11.5,0.08956521739130435,0x0cf1babb240937b168a14a723d84810f6906c1265d376f0801f031984d0cba40,2026-05-01 01:10:38,0x47eb46e873be9d7ffe8e1fff1a930ec3b50e730c9660eab59d847f880e5f9b68,btc-updown-15m-1777586400
"Bitcoin Up or Down - April 30, 6:10PM-6:15PM ET",Down,BUY,1.844826,0.5799999566354768,0xa991f0e35da582e1b9d2aae7d36880d0d1faa9b4edb572b1e1da69bd4f002497,2026-05-01 01:10:38,0xeb733bb3daa9282fdc6d863adf870865be45d459ee976086c6c9b23b63b014ec,btc-updown-5m-1777587000
"Bitcoin Up or Down - April 30, 6:10PM-6:15PM ET",Down,BUY,1.783332,0.5999998878503834,0xa991f0e35da582e1b9d2aae7d36880d0d1faa9b4edb572b1e1da69bd4f002497,2026-05-01 01:10:18,0x31d9e6aa2fee8cc7030665783808afb0e37f68ff263b78bdea11976719f00652,btc-updown-5m-1777587000
"Bitcoin Up or Down - April 30, 6:10PM-6:15PM ET",Down,BUY,1.766665,0.6,0xa991f0e35da582e1b9d2aae7d36880d0d1faa9b4edb572b1e1da69bd4f002497,2026-05-01 01:10:18,0x15244dfaedf033de1860f178ac9f1fc9985ce88147c53a72818796f2bd3ccb4e,btc-updown-5m-1777587000
"Bitcoin Up or Down - April 30, 6:10PM-6:15PM ET",Up,BUY,2.5,0.42,0xa991f0e35da582e1b9d2aae7d36880d0d1faa9b4edb572b1e1da69bd4f002497,2026-05-01 01:10:18,0xc771215940cf87919b78cb35af9193e5b349132b30554f30b15775121621b0b3,btc-updown-5m-1777587000
"Bitcoin Up or Down - April 30, 6:10PM-6:15PM ET",Down,BUY,1.783332,0.5999998878503834,0xa991f0e35da582e1b9d2aae7d36880d0d1faa9b4edb572b1e1da69bd4f002497,2026-05-01 01:10:18,0xa73691b894675b1f814f3fd825445e348689f6c78787cc970d85768f8caf3ae6,btc-updown-5m-1777587000
"Bitcoin Up or Down - April 30, 6:10PM-6:15PM ET",Up,BUY,2.5,0.42,0xa991f0e35da582e1b9d2aae7d36880d0d1faa9b4edb572b1e1da69bd4f002497,2026-05-01 01:10:18,0x19d8dc40d1b6f4c16170cca34dedf89bbb881f0b5bc38fc06c50a7915183b582,btc-updown-5m-1777587000
"Bitcoin Up or Down - April 30, 6:10PM-6:15PM ET",Down,BUY,1.783332,0.5999998878503834,0xa991f0e35da582e1b9d2aae7d36880d0d1faa9b4edb572b1e1da69bd4f002497,2026-05-01 01:10:18,0x53d4571a44ce29a9fd04e6adfc9248f7a59ba362a915e000673223cd1b4d3c8e,btc-updown-5m-1777587000
"Bitcoin Up or Down - April 30, 6:10PM-6:15PM ET",Down,BUY,1.725805,0.619999942056026,0xa991f0e35da582e1b9d2aae7d36880d0d1faa9b4edb572b1e1da69bd4f002497,2026-05-01 01:10:16,0x4f459ae4494a1e1c58876324ce8234043fcb7779eba6160f15192e51720feb1f,btc-updown-5m-1777587000
"Ethereum Up or Down - April 30, 6:05PM-6:10PM ET",Up,BUY,1.1978,0.91,0xc6fae309d019c3329fe5fe553e81d44800b58770684dce0ce95f01d9d0c6ac2c,2026-05-01 01:07:52,0x7883ea0c53cbd88a5af52d1252a6eee5b3b76a95901ffa507990d006f3eff953,eth-updown-5m-1777586700
"Bitcoin Up or Down - April 30, 6:00PM-6:15PM ET",Up,BUY,1.21111,0.9,0x0cf1babb240937b168a14a723d84810f6906c1265d376f0801f031984d0cba40,2026-05-01 01:06:50,0xf2d98dcbe43b6b805202a5b77c7f7812242243c3d73a5630d1d5f768baf7e67e,btc-updown-15m-1777586400
"Bitcoin Up or Down - April 30, 6:00PM-6:15PM ET",Up,BUY,1.21111,0.9,0x0cf1babb240937b168a14a723d84810f6906c1265d376f0801f031984d0cba40,2026-05-01 01:06:50,0x30daa99f22f04baf4bf354bb14c158851a2139159a9a813e2776d6e27b8affae,btc-updown-15m-1777586400
"Ethereum Up or Down - April 30, 6:05PM-6:10PM ET",Up,BUY,1.1978,0.91,0xc6fae309d019c3329fe5fe553e81d44800b58770684dce0ce95f01d9d0c6ac2c,2026-05-01 01:06:50,0x9474d46d615b190baf486e34742be982f249695bb57e98166b80feb1442df82d,eth-updown-5m-1777586700
"Bitcoin Up or Down - April 30, 6:00PM-6:15PM ET",Up,BUY,1.21111,0.9,0x0cf1babb240937b168a14a723d84810f6906c1265d376f0801f031984d0cba40,2026-05-01 01:06:50,0x0ad07b9bd9e8147589c4c42bd00336d450eb04faa904591f02b0729017d1c2f3,btc-updown-15m-1777586400
"Ethereum Up or Down - April 30, 6:05PM-6:10PM ET",Up,BUY,1.1978,0.91,0xc6fae309d019c3329fe5fe553e81d44800b58770684dce0ce95f01d9d0c6ac2c,2026-05-01 01:06:50,0x3c9467fd667a7abb8dea168955546f6ab7810f28c1c53345749e76fcaeded1de,eth-updown-5m-1777586700
"Bitcoin Up or Down - April 30, 6:00PM-6:15PM ET",Up,BUY,1.21111,0.9,0x0cf1babb240937b168a14a723d84810f6906c1265d376f0801f031984d0cba40,2026-05-01 01:06:50,0x341f5bb5766add45da5a2b59fdfd10de9765dd9f8f07c33cb4d3e66e3a20df44,btc-updown-15m-1777586400
"Ethereum Up or Down - April 30, 6:05PM-6:10PM ET",Up,BUY,1.313252,0.8299998781650437,0xc6fae309d019c3329fe5fe553e81d44800b58770684dce0ce95f01d9d0c6ac2c,2026-05-01 01:06:50,0x5e0437da9bbd4003d1def35bd7df5a157767c567e2af4312c6c1f7b2bef15483,eth-updown-5m-1777586700
"Bitcoin Up or Down - April 30, 6:05PM-6:10PM ET",Down,BUY,6.058822,0.16999987786404683,0x71f9d48b1c0fc5d8e4cdc1f4bfc3928cda4121c46ca75f481face2bccae752c6,2026-05-01 01:06:38,0x315c3203c9519a74fbaa13880d08828e9275b05251bf2e719d020ddf05707f25,btc-updown-5m-1777586700
"Bitcoin Up or Down - April 30, 6:00PM-6:15PM ET",Down,BUY,7.923075,0.12999990533978284,0x0cf1babb240937b168a14a723d84810f6906c1265d376f0801f031984d0cba40,2026-05-01 01:06:28,0x1c04bf5b4c5e08997f8879373154a334d110befe6969fe10719b3c252b31f4b0,btc-updown-15m-1777586400
"Bitcoin Up or Down - April 30, 6:05PM-6:10PM ET",Down,BUY,5.473683,0.18999985932689198,0x71f9d48b1c0fc5d8e4cdc1f4bfc3928cda4121c46ca75f481face2bccae752c6,2026-05-01 01:06:28,0xc28a7e4b70f581d1a49b2e087682303be767df2a4bed9ef4aa472c7feaa1bd52,btc-updown-5m-1777586700
"Bitcoin Up or Down - April 30, 6:05PM-6:10PM ET",Down,BUY,5.2,0.2,0x71f9d48b1c0fc5d8e4cdc1f4bfc3928cda4121c46ca75f481face2bccae752c6,2026-05-01 01:06:28,0xe606919faf3a7f8474446ca4bef645c36b48746129dd930768060de99725ab8f,btc-updown-5m-1777586700
"Bitcoin Up or Down - April 30, 6:05PM-6:10PM ET",Down,BUY,5.2,0.2,0x71f9d48b1c0fc5d8e4cdc1f4bfc3928cda4121c46ca75f481face2bccae752c6,2026-05-01 01:06:28,0xc102ad0f24860f6af75119e776888c1a4a187caa9a8c10fae72965787c8fd60a,btc-updown-5m-1777586700
"Bitcoin Up or Down - April 30, 6:05PM-6:10PM ET",Down,BUY,5.2,0.2,0x71f9d48b1c0fc5d8e4cdc1f4bfc3928cda4121c46ca75f481face2bccae752c6,2026-05-01 01:06:28,0x79ce14015e27a80ba924cb8723fb0a3f3f2b4c368fec5f9fafce6b51fb43a9ff,btc-updown-5m-1777586700
"Ethereum Up or Down - April 30, 6:05PM-6:10PM ET",Up,BUY,1.345678,0.8099998662384315,0xc6fae309d019c3329fe5fe553e81d44800b58770684dce0ce95f01d9d0c6ac2c,2026-05-01 01:06:18,0x7040b093b46263a454e04183e11dd0ff13cd091e37fb22d9d27c41183a6327f0,eth-updown-5m-1777586700
"Bitcoin Up or Down - April 30, 6:05PM-6:10PM ET",Up,BUY,1.345678,0.8099998662384315,0x71f9d48b1c0fc5d8e4cdc1f4bfc3928cda4121c46ca75f481face2bccae752c6,2026-05-01 01:06:08,0xacfea93c351ad02c25a173c55e0775457e91cea26454ff16c768093b15cab6d6,btc-updown-5m-1777586700
"Bitcoin Up or Down - April 30, 6:05PM-6:10PM ET",Up,BUY,1.384613,0.7799998988887148,0x71f9d48b1c0fc5d8e4cdc1f4bfc3928cda4121c46ca75f481face2bccae752c6,2026-05-01 01:06:06,0x1ac8144a35bea7c2c44d0e695438fb98f62fcd02f5bf33298fe4bf4bb30fa6c8,btc-updown-5m-1777586700
"Bitcoin Up or Down - April 30, 6:05PM-6:10PM ET",Up,BUY,1.44,0.75,0x71f9d48b1c0fc5d8e4cdc1f4bfc3928cda4121c46ca75f481face2bccae752c6,2026-05-01 01:06:00,0xfe0f27962e01424b2c731c87ef64e8673aa0c5c95547d93331c2321362cf0e61,btc-updown-5m-1777586700
"Bitcoin Up or Down - April 30, 6:05PM-6:10PM ET",Up,BUY,1.52857,0.7,0x71f9d48b1c0fc5d8e4cdc1f4bfc3928cda4121c46ca75f481face2bccae752c6,2026-05-01 01:05:40,0xd62789b1ad06e2b14a346e504c99be99398a06fb31a4029906553fa1317742e7,btc-updown-5m-1777586700
"Bitcoin Up or Down - April 30, 6:05PM-6:10PM ET",Up,BUY,1.542856,0.6999998703702743,0x71f9d48b1c0fc5d8e4cdc1f4bfc3928cda4121c46ca75f481face2bccae752c6,2026-05-01 01:05:40,0xedd5e2790e3a586d75af3cc50c7bc53e6b370c8e051f37dc2abfc1ad188580bd,btc-updown-5m-1777586700
"Bitcoin Up or Down - April 30, 6:05PM-6:10PM ET",Up,BUY,1.52857,0.7,0x71f9d48b1c0fc5d8e4cdc1f4bfc3928cda4121c46ca75f481face2bccae752c6,2026-05-01 01:05:40,0x350867e498d84ffe9cf2cd5117ecc7d7868d960ad0004f3b4c1a9c8887e55808,btc-updown-5m-1777586700
"Bitcoin Up or Down - April 30, 6:05PM-6:10PM ET",Up,BUY,1.550722,0.6899998839250362,0x71f9d48b1c0fc5d8e4cdc1f4bfc3928cda4121c46ca75f481face2bccae752c6,2026-05-01 01:05:38,0xa1d2a61200f0db2ff494f0f9bf478e7f469712b9de191d670bc0b9707b67ac2f,btc-updown-5m-1777586700
"Bitcoin Up or Down - April 30, 6:00PM-6:15PM ET",Up,BUY,1.402595,0.7699998930553723,0x0cf1babb240937b168a14a723d84810f6906c1265d376f0801f031984d0cba40,2026-05-01 01:05:34,0xe016cee5c0bbc78a8e1a9d0a4e3d2ee8f8c0fc0a4b67abfb8aa258ed851b189d,btc-updown-15m-1777586400
"Bitcoin Up or Down - April 30, 6:05PM-6:10PM ET",Up,BUY,1.725805,0.619999942056026,0x71f9d48b1c0fc5d8e4cdc1f4bfc3928cda4121c46ca75f481face2bccae752c6,2026-05-01 01:05:34,0xeece74b973b906d0be47c0f88fd1efe3464db26f6fbd0ca2eee30e8697f4dec5,btc-updown-5m-1777586700
"Bitcoin Up or Down - April 30, 6:05PM-6:10PM ET",Down,BUY,2.386362,0.4399998826665862,0x71f9d48b1c0fc5d8e4cdc1f4bfc3928cda4121c46ca75f481face2bccae752c6,2026-05-01 01:05:22,0xfe94e4d447b8c19d6a40632255b2dde2efe774e0fd3c82a708f9d652ff79371a,btc-updown-5m-1777586700
"Bitcoin Up or Down - April 30, 6:00PM-6:05PM ET",Up,BUY,1.172042,0.9299999488072953,0x5f25f6d61f15b1d125fb14e85aa138616c093b0a8db84bf6ac11029abbf7936a,2026-05-01 01:02:10,0x9cf4b167554d581abc3fde761e8c32035ef13858af5c0b91fcbb5cb352e3d1bb,btc-updown-5m-1777586400
"Ethereum Up or Down - April 30, 6:00PM-6:05PM ET",Up,BUY,1.252869,0.8699999760549587,0x00acc4fc8982e9ecd50d20add1528d88e30b856ae41331b9b676af08a62c44b7,2026-05-01 01:02:02,0x6295dfca704f2d9964726b7d98eda1b6a0e20db162760524e284f1a63dd109b4,eth-updown-5m-1777586400
"Bitcoin Up or Down - April 30, 6:00PM-6:05PM ET",Up,BUY,1.267435,0.8599999211004904,0x5f25f6d61f15b1d125fb14e85aa138616c093b0a8db84bf6ac11029abbf7936a,2026-05-01 01:02:02,0x9077dfbd9ddac5a2e4efa182641397b7f786132ee9b612166435d995bb074472,btc-updown-5m-1777586400
"Bitcoin Up or Down - April 30, 6:00PM-6:05PM ET",Up,BUY,1.313252,0.8299998781650437,0x5f25f6d61f15b1d125fb14e85aa138616c093b0a8db84bf6ac11029abbf7936a,2026-05-01 01:01:58,0x05b543b1e4597f56cfde7f82b2feada485fcf1530fe53bc79ce4b983588efb49,btc-updown-5m-1777586400
"Bitcoin Up or Down - April 30, 6:00PM-6:05PM ET",Up,BUY,1.313252,0.8299998781650437,0x5f25f6d61f15b1d125fb14e85aa138616c093b0a8db84bf6ac11029abbf7936a,2026-05-01 01:01:58,0x436db4fb00c2791fd65842496ca138e9b3caadda26793e7baab4ec0883a5ca5a,btc-updown-5m-1777586400
"Bitcoin Up or Down - April 30, 6:00PM-6:05PM ET",Up,BUY,1.282346,0.8499999220179265,0x5f25f6d61f15b1d125fb14e85aa138616c093b0a8db84bf6ac11029abbf7936a,2026-05-01 01:01:56,0x5978f1b8b53e550122f7025dd60e6f9f959602f3afa9308955c01acd02a209b2,btc-updown-5m-1777586400
"Bitcoin Up or Down - April 30, 6:00PM-6:15PM ET",Up,BUY,1.402595,0.7699998930553723,0x0cf1babb240937b168a14a723d84810f6906c1265d376f0801f031984d0cba40,2026-05-01 01:01:56,0x4d98690b4cb196c2e83f950b2abdd6b5622e08fef28a4497fc40ae1f06ceccaf,btc-updown-15m-1777586400
"Bitcoin Up or Down - April 30, 6:00PM-6:05PM ET",Up,BUY,1.172042,0.9299999488072953,0x5f25f6d61f15b1d125fb14e85aa138616c093b0a8db84bf6ac11029abbf7936a,2026-05-01 01:01:56,0x2d87810f5934b9354e1f9852241fd4ba5d1b47fd1e8d1bd1f7387f346682e57d,btc-updown-5m-1777586400
"Ethereum Up or Down - April 30, 6:00PM-6:05PM ET",Up,BUY,1.21111,0.9,0x00acc4fc8982e9ecd50d20add1528d88e30b856ae41331b9b676af08a62c44b7,2026-05-01 01:01:56,0x720f4fcc0530810bec6b8c17f884f75b4d180612a7cb962295d53ded0df3892e,eth-updown-5m-1777586400
"Bitcoin Up or Down - April 30, 6:00PM-6:05PM ET",Down,BUY,7.357141,0.13999989941745034,0x5f25f6d61f15b1d125fb14e85aa138616c093b0a8db84bf6ac11029abbf7936a,2026-05-01 01:01:36,0x8eaf03595feec8332f0ec393cdcbabc55d1503cea7ce8a4ce0489a6d2f2a662c,btc-updown-5m-1777586400
"Bitcoin Up or Down - April 30, 6:00PM-6:15PM ET",Down,BUY,4.521738,0.22999983634611293,0x0cf1babb240937b168a14a723d84810f6906c1265d376f0801f031984d0cba40,2026-05-01 01:01:34,0x2a4d4b1dbc3ff9cf1773b3b091adc8ee14a883c48b4903ebfe0e714ade4ef387,btc-updown-15m-1777586400
"Bitcoin Up or Down - April 30, 6:00PM-6:15PM ET",Down,BUY,4.521738,0.22999983634611293,0x0cf1babb240937b168a14a723d84810f6906c1265d376f0801f031984d0cba40,2026-05-01 01:01:34,0xfe508960501d51b9b3a45386a87f3435125cfb332387e3e29e0622641812283e,btc-updown-15m-1777586400
"Bitcoin Up or Down - April 30, 6:00PM-6:05PM ET",Up,BUY,1.1978,0.91,0x5f25f6d61f15b1d125fb14e85aa138616c093b0a8db84bf6ac11029abbf7936a,2026-05-01 01:01:22,0xb06f09d3211576dcf44f66fe2ccc90af86384d5383d7e67cdbd648641bb72a8e,btc-updown-5m-1777586400
"Ethereum Up or Down - April 30, 6:00PM-6:05PM ET",Up,BUY,1.313252,0.8299998781650437,0x00acc4fc8982e9ecd50d20add1528d88e30b856ae41331b9b676af08a62c44b7,2026-05-01 01:01:16,0x5ef2af21d91bfbe484bab222b06083ad4e4acba2274271da3790ca6b8c875de8,eth-updown-5m-1777586400
"Bitcoin Up or Down - April 30, 6:00PM-6:05PM ET",Up,BUY,1.255807,0.8599999840739859,0x5f25f6d61f15b1d125fb14e85aa138616c093b0a8db84bf6ac11029abbf7936a,2026-05-01 01:00:42,0x7db950f72e44bbc7aaf551eb41d24c936f617d284fa4dd0ae2000eb4676a34b4,btc-updown-5m-1777586400
"Bitcoin Up or Down - April 30, 6:00PM-6:05PM ET",Up,BUY,1.255807,0.8599999840739859,0x5f25f6d61f15b1d125fb14e85aa138616c093b0a8db84bf6ac11029abbf7936a,2026-05-01 01:00:42,0x654e93db81a370237587efaca573f099b1f9536c67932f6240ac4391830c2dd6,btc-updown-5m-1777586400
"Bitcoin Up or Down - April 30, 6:00PM-6:05PM ET",Up,BUY,1.329266,0.8199999097246149,0x5f25f6d61f15b1d125fb14e85aa138616c093b0a8db84bf6ac11029abbf7936a,2026-05-01 01:00:40,0x4780b6b6dfe64f937828a75ba0bdff5632cdf4b9855a2313dc8c769358516d3b,btc-updown-5m-1777586400
"Bitcoin Up or Down - April 30, 6:00PM-6:05PM ET",Up,BUY,1.317072,0.8199999696296026,0x5f25f6d61f15b1d125fb14e85aa138616c093b0a8db84bf6ac11029abbf7936a,2026-05-01 01:00:40,0x92d167a417ff08bb4d32e43522131b03fc158962afcacb1a1a9ab46cc0994182,btc-updown-5m-1777586400
"Bitcoin Up or Down - April 30, 6:00PM-6:05PM ET",Up,BUY,1.597012,0.6699999749532252,0x5f25f6d61f15b1d125fb14e85aa138616c093b0a8db84bf6ac11029abbf7936a,2026-05-01 01:00:20,0x2191e5604f2fe79958a6bb88c59d1b8a53d927c444c1d82c88bd631a98968325,btc-updown-5m-1777586400
"Bitcoin Up or Down - April 30, 6:00PM-6:15PM ET",Up,BUY,1.621211,0.6599998396260573,0x0cf1babb240937b168a14a723d84810f6906c1265d376f0801f031984d0cba40,2026-05-01 01:00:18,0x299e607aa1903974a28a185eb0f7d3a5d7cbf914023a0077fe695f56b1d14327,btc-updown-15m-1777586400
"Bitcoin Up or Down - April 30, 6:00PM-6:15PM ET",Down,BUY,3.02857,0.3499998349055825,0x0cf1babb240937b168a14a723d84810f6906c1265d376f0801f031984d0cba40,2026-05-01 01:00:18,0xa958f2fa657b97832b8085590f898ca540249dabb604902e001a0d5f76e0d57b,btc-updown-15m-1777586400
"Bitcoin Up or Down - April 30, 6:00PM-6:05PM ET",Down,BUY,2.944443,0.3599998369810521,0x5f25f6d61f15b1d125fb14e85aa138616c093b0a8db84bf6ac11029abbf7936a,2026-05-01 01:00:18,0x25350b84d69f291fea1c8694d24fa8fb66dd8707fffa2de9be27a0ab99594be6,btc-updown-5m-1777586400
"Bitcoin Up or Down - April 30, 6:00PM-6:05PM ET",Down,BUY,2.717947,0.38999987858482893,0x5f25f6d61f15b1d125fb14e85aa138616c093b0a8db84bf6ac11029abbf7936a,2026-05-01 01:00:18,0x6ed54a0f02220716814df8d4359eb3bf327440d6b6085c4b0637d2b8b7f4c4a9,btc-updown-5m-1777586400
"Bitcoin Up or Down - April 30, 6:00PM-6:15PM ET",Down,BUY,2.409089,0.439999933584853,0x0cf1babb240937b168a14a723d84810f6906c1265d376f0801f031984d0cba40,2026-05-01 01:00:18,0x683b2a727921fe7612ce808a97463467fb8ae7a48ee9f8531bf1d9b9f48c127e,btc-updown-15m-1777586400
"Bitcoin Up or Down - April 30, 6:00PM-6:05PM ET",Down,BUY,3.117646,0.33999979471691144,0x5f25f6d61f15b1d125fb14e85aa138616c093b0a8db84bf6ac11029abbf7936a,2026-05-01 01:00:18,0x6a8742dc492531c336bbe8fb8b4ba728523f973891957612a0f9ba8fbffb8cca,btc-updown-5m-1777586400
"Bitcoin Up or Down - April 30, 6:00PM-6:05PM ET",Down,BUY,2.355554,0.4499998726414253,0x5f25f6d61f15b1d125fb14e85aa138616c093b0a8db84bf6ac11029abbf7936a,2026-05-01 01:00:16,0xe9d62722ebed5bd4ce06cd842cec838327a28d0a44c18301a6cb0ea5155325bd,btc-updown-5m-1777586400
"Bitcoin Up or Down - April 30, 5:55PM-6:00PM ET",Up,BUY,1.862066,0.5799998496293901,0xe84ad8053153687d405cf84df154af9e400178b22c6d5ac1a5e8bf61ed948215,2026-05-01 00:59:20,0x12e0ac3e84f1631758f93539f335bf4b4e1becac9479d77901c3c5f1be2fa307,btc-updown-5m-1777586100
"Bitcoin Up or Down - April 30, 5:55PM-6:00PM ET",Up,BUY,1.894734,0.5699997994441436,0xe84ad8053153687d405cf84df154af9e400178b22c6d5ac1a5e8bf61ed948215,2026-05-01 00:59:18,0x9737154b99781febd489baa24eab53c9b820bb69f502eb2f20c144b89e0a68cf,btc-updown-5m-1777586100
"Bitcoin Up or Down - April 30, 5:55PM-6:00PM ET",Up,BUY,1.963635,0.5499998726850968,0xe84ad8053153687d405cf84df154af9e400178b22c6d5ac1a5e8bf61ed948215,2026-05-01 00:59:16,0x6645cd59d225b20dc5f66b3b5eede7fa3b7ef01ea8cc94422d23f948b03993f2,btc-updown-5m-1777586100
"Bitcoin Up or Down - April 30, 5:55PM-6:00PM ET",Up,BUY,1.758063,0.6199999658715302,0xe84ad8053153687d405cf84df154af9e400178b22c6d5ac1a5e8bf61ed948215,2026-05-01 00:59:10,0x15764ef639d082c139c1f4d45b707c3d0c3ee1cf3dbbb17590867162453af887,btc-updown-5m-1777586100
"Bitcoin Up or Down - April 30, 5:55PM-6:00PM ET",Up,BUY,1.786884,0.6099998656879797,0xe84ad8053153687d405cf84df154af9e400178b22c6d5ac1a5e8bf61ed948215,2026-05-01 00:59:10,0xa0c207c670775166a3a3cf703ef21b3500d4aed3d27d1fa1370c791c445fe2d8,btc-updown-5m-1777586100
"Bitcoin Up or Down - April 30, 5:55PM-6:00PM ET",Up,BUY,1.783332,0.5999998878503834,0xe84ad8053153687d405cf84df154af9e400178b22c6d5ac1a5e8bf61ed948215,2026-05-01 00:59:08,0x24338b5e99b96c65a697715eb5b265dfa8127471baad16663e514d5b79aa6f5e,btc-updown-5m-1777586100
"Bitcoin Up or Down - April 30, 5:55PM-6:00PM ET",Up,BUY,1.783332,0.5999998878503834,0xe84ad8053153687d405cf84df154af9e400178b22c6d5ac1a5e8bf61ed948215,2026-05-01 00:59:08,0x81309a900aa3d6337b3236ddc83e35ba2652881b4d82cdfe39e602c769204b01,btc-updown-5m-1777586100
"Ethereum Up or Down - April 30, 5:55PM-6:00PM ET",Up,BUY,1.184781,0.9199995611003214,0xdfba8fe79fa248a43cb0d944ea0087c07257e7877fafd0eb0411c25be76b5b53,2026-05-01 00:58:26,0xe0ccd1f95b78166205f2e10dbe5a4512f8882173b596923a67d8dac309b4e215,eth-updown-5m-1777586100
"Bitcoin Up or Down - April 30, 5:55PM-6:00PM ET",Up,BUY,1.844826,0.5799999566354768,0xe84ad8053153687d405cf84df154af9e400178b22c6d5ac1a5e8bf61ed948215,2026-05-01 00:58:02,0xb09e55280f5aba12d71d2819f614a45a310fa0e4096c9cea685788c54e3a0c6d,btc-updown-5m-1777586100
"Ethereum Up or Down - April 30, 5:55PM-6:00PM ET",Up,BUY,1.282346,0.8499999220179265,0xdfba8fe79fa248a43cb0d944ea0087c07257e7877fafd0eb0411c25be76b5b53,2026-05-01 00:58:02,0xa42601fe591e9b48535711029def250f1bcb3bff343f1bbd9877ae22d3d19942,eth-updown-5m-1777586100
"Ethereum Up or Down - April 30, 5:55PM-6:00PM ET",Up,BUY,1.282346,0.8499999220179265,0xdfba8fe79fa248a43cb0d944ea0087c07257e7877fafd0eb0411c25be76b5b53,2026-05-01 00:58:02,0x59c8328ca0d81ffc230ea1d5ff0f9b7bb703a4b5df3dd076f48939a1ad057c78,eth-updown-5m-1777586100
"Ethereum Up or Down - April 30, 5:55PM-6:00PM ET",Up,BUY,1.282346,0.8499999220179265,0xdfba8fe79fa248a43cb0d944ea0087c07257e7877fafd0eb0411c25be76b5b53,2026-05-01 00:58:02,0x1057dbf1e5a60ab298dd750440bd1d83a876171ca569357fe51e389b561e193e,eth-updown-5m-1777586100
"Bitcoin Up or Down - April 30, 5:55PM-6:00PM ET",Down,BUY,2.282607,0.459999903618976,0xe84ad8053153687d405cf84df154af9e400178b22c6d5ac1a5e8bf61ed948215,2026-05-01 00:57:46,0xcfaecac79f7b4fe8ea6dcbebeb411dc06a255460742cc93f0d2d6bd9ae6b85d8,btc-updown-5m-1777586100
"Bitcoin Up or Down - April 30, 5:55PM-6:00PM ET",Up,BUY,1.671875,0.64,0xe84ad8053153687d405cf84df154af9e400178b22c6d5ac1a5e8bf61ed948215,2026-05-01 00:56:16,0x5bf68759ffa6673268055be9fbaf04c4bb5f1c810e775ed75a44102bb79872e5,btc-updown-5m-1777586100
"Bitcoin Up or Down - April 30, 5:55PM-6:00PM ET",Up,BUY,1.646151,0.6499999088783471,0xe84ad8053153687d405cf84df154af9e400178b22c6d5ac1a5e8bf61ed948215,2026-05-01 00:56:16,0x9a831bab92bf759e9d8f42c8e2d8daff3ec2c9f2dc67e321261ac8d97d5bc87d,btc-updown-5m-1777586100
"Bitcoin Up or Down - April 30, 5:55PM-6:00PM ET",Up,BUY,1.5,0.72,0xe84ad8053153687d405cf84df154af9e400178b22c6d5ac1a5e8bf61ed948215,2026-05-01 00:55:40,0x2ea9ec7969c7d4031083ac3c77af34e5e5718461017312301946e25858d971fb,btc-updown-5m-1777586100
"Ethereum Up or Down - April 30, 5:55PM-6:00PM ET",Up,BUY,1.384613,0.7799998988887148,0xdfba8fe79fa248a43cb0d944ea0087c07257e7877fafd0eb0411c25be76b5b53,2026-05-01 00:55:34,0xcb3444f18102a04c1f1fcf26a373055471a242ca57259a205eac3c72882eb185,eth-updown-5m-1777586100
"Bitcoin Up or Down - April 30, 5:50PM-5:55PM ET",Down,BUY,1.1122,0.98,0x1eb24bf3b30bd0b3656e94a608da05de71735cf52ef04bf64377bd1b9e62a772,2026-05-01 00:55:12,0xf964116877e2bacefe1a0a49eb4e92e01ca561227e17c4649780b22e4e306501,btc-updown-5m-1777585800
"Bitcoin Up or Down - April 30, 5:50PM-5:55PM ET",Down,BUY,3.892856,0.2799998253210496,0x1eb24bf3b30bd0b3656e94a608da05de71735cf52ef04bf64377bd1b9e62a772,2026-05-01 00:55:10,0x4c89d76a081643066b8b00634ac3b1f278d5ca4227cd30261b7eb4a3cb5cdd8e,btc-updown-5m-1777585800
"Bitcoin Up or Down - April 30, 5:50PM-5:55PM ET",Down,BUY,1.626863,0.6699998709172192,0x1eb24bf3b30bd0b3656e94a608da05de71735cf52ef04bf64377bd1b9e62a772,2026-05-01 00:54:58,0xda6be0fc92b08dd45cd4712163f603872b1b8898fdbf0366ab224f324e5364cc,btc-updown-5m-1777585800
"Bitcoin Up or Down - April 30, 5:50PM-5:55PM ET",Down,BUY,1.172042,0.9299999488072953,0x1eb24bf3b30bd0b3656e94a608da05de71735cf52ef04bf64377bd1b9e62a772,2026-05-01 00:54:58,0x98060313da734f6dc19e634ce57cac7e88a8dd52b2703680999d28dd717d8cef,btc-updown-5m-1777585800
"Ethereum Up or Down - April 30, 5:50PM-5:55PM ET",Down,BUY,1.101,0.99,0xcbd54e81024427797b5ae3bb587d1bde07c24377e11eec71100a7ef9f1f67ac6,2026-05-01 00:54:20,0xd9bb8b991aef1c6621dcb8667ada78bd1472278cc80981d5b4748c030ff9a084,eth-updown-5m-1777585800
"Ethereum Up or Down - April 30, 5:50PM-5:55PM ET",Down,BUY,1.101,0.99,0xcbd54e81024427797b5ae3bb587d1bde07c24377e11eec71100a7ef9f1f67ac6,2026-05-01 00:54:20,0xed3a6ba2a100f692e22ca5699de87383e6eaf79b55d80213c67460e644dc0c03,eth-updown-5m-1777585800
"Ethereum Up or Down - April 30, 5:50PM-5:55PM ET",Down,BUY,1.101,0.99,0xcbd54e81024427797b5ae3bb587d1bde07c24377e11eec71100a7ef9f1f67ac6,2026-05-01 00:54:20,0x670bb04f815488dbf873ac1acb60b711b498a448f622a0f3c5639bf98340ea6c,eth-updown-5m-1777585800
"Bitcoin Up or Down - April 30, 5:50PM-5:55PM ET",Down,BUY,1.588234,0.6799999244443828,0x1eb24bf3b30bd0b3656e94a608da05de71735cf52ef04bf64377bd1b9e62a772,2026-05-01 00:53:40,0x04ae8657e4f5ca231b0357a6be292b0f4a19f2d856eae5d847e68773ab4b3f99,btc-updown-5m-1777585800
"Bitcoin Up or Down - April 30, 5:50PM-5:55PM ET",Down,BUY,1.573528,0.6799999745794164,0x1eb24bf3b30bd0b3656e94a608da05de71735cf52ef04bf64377bd1b9e62a772,2026-05-01 00:53:40,0x8ea09222e906c25b5f743a66574b50886c4c648e3d28ccc8ef002dbcb4f06ec7,btc-updown-5m-1777585800
"Bitcoin Up or Down - April 30, 5:50PM-5:55PM ET",Up,BUY,5.473683,0.18999985932689198,0x1eb24bf3b30bd0b3656e94a608da05de71735cf52ef04bf64377bd1b9e62a772,2026-05-01 00:53:30,0x2b9bde29b5fef4dea3b83ab372c8f093d28a065b79a38f53f8503f9b1398c6e4,btc-updown-5m-1777585800
"Bitcoin Up or Down - April 30, 5:50PM-5:55PM ET",Down,BUY,1.184781,0.9199995611003214,0x1eb24bf3b30bd0b3656e94a608da05de71735cf52ef04bf64377bd1b9e62a772,2026-05-01 00:52:54,0xd8a8218eb4aed55ffb74d2e6bbf6d609a2365efac11369910120c9012bc69373,btc-updown-5m-1777585800
"Bitcoin Up or Down - April 30, 5:50PM-5:55PM ET",Down,BUY,1.172042,0.9299999488072953,0x1eb24bf3b30bd0b3656e94a608da05de71735cf52ef04bf64377bd1b9e62a772,2026-05-01 00:52:54,0xab1faff894ee5e5b70545d0d412af8bda854bccb0939d4df26333628f20f3f5d,btc-updown-5m-1777585800
"Bitcoin Up or Down - April 30, 5:50PM-5:55PM ET",Down,BUY,1.184781,0.9199995611003214,0x1eb24bf3b30bd0b3656e94a608da05de71735cf52ef04bf64377bd1b9e62a772,2026-05-01 00:52:54,0x3e8f8ef2883e2eddb4ad43a5c38e055cc3fcd26232d07459b6357e833358cfba,btc-updown-5m-1777585800
"Bitcoin Up or Down - April 30, 5:45PM-6:00PM ET",Down,BUY,1.1237,0.97,0xbd7da2cdc99f627acc985c1499772a2e1cc3448c965b661203ddac0842e1a17b,2026-05-01 00:52:48,0xf87ea81be2acd1c3e7f90fdf2a970ec4ffe09c21f515b59996cec46ece2d316f,btc-updown-15m-1777585500
"Bitcoin Up or Down - April 30, 5:50PM-5:55PM ET",Up,BUY,3.466665,0.29999985576916144,0x1eb24bf3b30bd0b3656e94a608da05de71735cf52ef04bf64377bd1b9e62a772,2026-05-01 00:52:46,0x7ed86dc3eab6121502bb90b995e25841293d91215aaf1c75df8238ead0140e32,btc-updown-5m-1777585800
"Bitcoin Up or Down - April 30, 5:50PM-5:55PM ET",Down,BUY,1.962961,0.5399995211315965,0x1eb24bf3b30bd0b3656e94a608da05de71735cf52ef04bf64377bd1b9e62a772,2026-05-01 00:52:08,0xb48b3bc01dac01f0e29cbfba5f328d7dc7c672f34042bbe259f3cdf8a0788b3a,btc-updown-5m-1777585800
"Bitcoin Up or Down - April 30, 5:45PM-6:00PM ET",Up,BUY,5.2,0.2,0xbd7da2cdc99f627acc985c1499772a2e1cc3448c965b661203ddac0842e1a17b,2026-05-01 00:47:30,0xd6d3e588d3c29f85d55059a1e74be35dd40d41b6dcdcf34945529f97b3dc70c7,btc-updown-15m-1777585500
"Bitcoin Up or Down - April 30, 5:45PM-6:00PM ET",Down,BUY,1.367085,0.7899998902774882,0xbd7da2cdc99f627acc985c1499772a2e1cc3448c965b661203ddac0842e1a17b,2026-05-01 00:47:16,0x7fab6c5dd5bc4bca1e420e1ccf08ca36b7fbdd6fdbc5eda3a9a04b379fa2e70a,btc-updown-15m-1777585500
"Bitcoin Up or Down - April 30, 5:45PM-6:00PM ET",Down,BUY,1.367085,0.7899998902774882,0xbd7da2cdc99f627acc985c1499772a2e1cc3448c965b661203ddac0842e1a17b,2026-05-01 00:47:16,0x96d189eb2f05eb0ba61647e871cd43715d007f9ac496c6571e08b3d47956c953,btc-updown-15m-1777585500
"Bitcoin Up or Down - April 30, 5:45PM-6:00PM ET",Down,BUY,1.345678,0.8099998662384315,0xbd7da2cdc99f627acc985c1499772a2e1cc3448c965b661203ddac0842e1a17b,2026-05-01 00:47:12,0xb412a6dd7828eec12ebbeb38cf2313f795a91ab2252c006e4c314813a782ab8a,btc-updown-15m-1777585500
"Bitcoin Up or Down - April 30, 5:45PM-5:50PM ET",Down,BUY,1.21111,0.9,0x72e8611464606a407600f9f334b77cd48e7fa61c1f919f7a81f3409980ee030b,2026-05-01 00:47:10,0xec1c10b3454ca7d07156083292e03018fdca9407f85b442e80e6c57f7e07b7a9,btc-updown-5m-1777585500
"Bitcoin Up or Down - April 30, 5:45PM-5:50PM ET",Down,BUY,1.1978,0.91,0x72e8611464606a407600f9f334b77cd48e7fa61c1f919f7a81f3409980ee030b,2026-05-01 00:47:10,0x66164eaf1b3d2f0aad3aba65fa6e21eba18c2145774ea88da42345da02a3950d,btc-updown-5m-1777585500
"Bitcoin Up or Down - April 30, 5:45PM-5:50PM ET",Down,BUY,1.224718,0.8899999836697101,0x72e8611464606a407600f9f334b77cd48e7fa61c1f919f7a81f3409980ee030b,2026-05-01 00:47:10,0xea35091e6d62d1913179d46b0ab6ff0a88c4b7df0a147fd66e7a1e2749378cbc,btc-updown-5m-1777585500
"Ethereum Up or Down - April 30, 5:45PM-5:50PM ET",Down,BUY,1.252869,0.8699999760549587,0x3c71475908790b941b6823e7d0c79b098a71d999a35e6b9e1e0dc78375e95c61,2026-05-01 00:47:08,0xb0cb64c57a5b41e259b606a3dcf34ed68c019533dc3781e7c21cdff61d743bde,eth-updown-5m-1777585500
"Bitcoin Up or Down - April 30, 5:45PM-5:50PM ET",Down,BUY,1.184775,0.92,0x72e8611464606a407600f9f334b77cd48e7fa61c1f919f7a81f3409980ee030b,2026-05-01 00:47:08,0x2e739777c2fad687c497dc9bd5863d967a45732b5a69a32b612a6904cd70cb0d,btc-updown-5m-1777585500
"Ethereum Up or Down - April 30, 5:45PM-5:50PM ET",Down,BUY,1.267435,0.8599999211004904,0x3c71475908790b941b6823e7d0c79b098a71d999a35e6b9e1e0dc78375e95c61,2026-05-01 00:47:08,0x74f34489164abb29b98432f895ccd3f576f6f3e5cad5e71edf050d7d28712afd,eth-updown-5m-1777585500
"Bitcoin Up or Down - April 30, 5:45PM-6:00PM ET",Down,BUY,1.384613,0.7799998988887148,0xbd7da2cdc99f627acc985c1499772a2e1cc3448c965b661203ddac0842e1a17b,2026-05-01 00:47:08,0x19781a0921a0f86d438f76ac75aee070f6cb75f904ac4d3201559d51be9582fa,btc-updown-15m-1777585500
"Bitcoin Up or Down - April 30, 5:45PM-5:50PM ET",Down,BUY,1.215665,0.8966269490361243,0x72e8611464606a407600f9f334b77cd48e7fa61c1f919f7a81f3409980ee030b,2026-05-01 00:47:08,0x8dbd2fc9f2f9f5fe85a9db57d31e64fc6e70cdbe5ab5fcbf25120ef4541c2d36,btc-updown-5m-1777585500
"Bitcoin Up or Down - April 30, 5:45PM-6:00PM ET",Up,BUY,3.387095,0.30999986714278754,0xbd7da2cdc99f627acc985c1499772a2e1cc3448c965b661203ddac0842e1a17b,2026-05-01 00:47:04,0x2bf0bfae247b3455fe0e90a1881cd2ebd101fc737c2a6c14dc3fc86bfe1a4d1c,btc-updown-15m-1777585500
"Bitcoin Up or Down - April 30, 5:45PM-5:50PM ET",Up,BUY,5.2,0.2,0x72e8611464606a407600f9f334b77cd48e7fa61c1f919f7a81f3409980ee030b,2026-05-01 00:47:04,0x81fd7423a21e16d6913deede95cd31a5e8340db59d67bee75c99a7dd7255ecb5,btc-updown-5m-1777585500
"Bitcoin Up or Down - April 30, 5:45PM-6:00PM ET",Up,BUY,3.466665,0.29999985576916144,0xbd7da2cdc99f627acc985c1499772a2e1cc3448c965b661203ddac0842e1a17b,2026-05-01 00:46:56,0xa837e350391563f39fc1ccc5c2ab7fb2e6fddfb8b378c8eedfa2d523814b29ff,btc-updown-15m-1777585500
"Bitcoin Up or Down - April 30, 5:45PM-6:00PM ET",Down,BUY,1.252869,0.8699999760549587,0xbd7da2cdc99f627acc985c1499772a2e1cc3448c965b661203ddac0842e1a17b,2026-05-01 00:46:42,0xf2452f1bec960e2881a016be1dd3d67fceb8a0be069ecabc0746f9e89b5c4ec4,btc-updown-15m-1777585500
"Bitcoin Up or Down - April 30, 5:45PM-6:00PM ET",Down,BUY,1.238633,0.8799999677063344,0xbd7da2cdc99f627acc985c1499772a2e1cc3448c965b661203ddac0842e1a17b,2026-05-01 00:46:40,0x47a800ffaf201ea73e7ebf033f28e773982ac6bb573aaa62de85de5f50380524,btc-updown-15m-1777585500
"Bitcoin Up or Down - April 30, 5:45PM-6:00PM ET",Down,BUY,1.282346,0.8499999220179265,0xbd7da2cdc99f627acc985c1499772a2e1cc3448c965b661203ddac0842e1a17b,2026-05-01 00:46:34,0xf65d9cc9936a669e2cd3d8d68bc872409f10f5eb743e9f021b0c4d9edd224ee8,btc-updown-15m-1777585500
"Bitcoin Up or Down - April 30, 5:45PM-5:50PM ET",Down,BUY,1.252869,0.8699999760549587,0x72e8611464606a407600f9f334b77cd48e7fa61c1f919f7a81f3409980ee030b,2026-05-01 00:46:30,0xbf80cbb533086daed3dac821a8e1ba100b26d97c756562b0339f42f1f57bbccf,btc-updown-5m-1777585500
"Bitcoin Up or Down - April 30, 5:45PM-5:50PM ET",Down,BUY,1.26744,0.8599996844032065,0x72e8611464606a407600f9f334b77cd48e7fa61c1f919f7a81f3409980ee030b,2026-05-01 00:46:28,0x35a2e1dec6926027b5bd7fa5300501df2b8f39399bbb3c21c0182b2208603c8d,btc-updown-5m-1777585500
"Bitcoin Up or Down - April 30, 5:45PM-6:00PM ET",Down,BUY,1.402595,0.7699998930553723,0xbd7da2cdc99f627acc985c1499772a2e1cc3448c965b661203ddac0842e1a17b,2026-05-01 00:46:28,0xe573346ce2b61c784bd2519cbcfa30cd82d2318c85f28a144510216973ab0b26,btc-updown-15m-1777585500
"Ethereum Up or Down - April 30, 5:45PM-5:50PM ET",Down,BUY,1.1978,0.91,0x3c71475908790b941b6823e7d0c79b098a71d999a35e6b9e1e0dc78375e95c61,2026-05-01 00:46:26,0x1617a39ce2693cfe406f4731cd1e47ad9a448fe96e84b94e43e80105c524bacb,eth-updown-5m-1777585500
"Ethereum Up or Down - April 30, 5:45PM-5:50PM ET",Down,BUY,1.238633,0.8799999677063344,0x3c71475908790b941b6823e7d0c79b098a71d999a35e6b9e1e0dc78375e95c61,2026-05-01 00:46:20,0x9778d6e3c8f50273affa90c84b08d1930bafd908c97fe7acaa16fc12b3567bd1,eth-updown-5m-1777585500
"Ethereum Up or Down - April 30, 5:45PM-5:50PM ET",Down,BUY,1.267435,0.8599999211004904,0x3c71475908790b941b6823e7d0c79b098a71d999a35e6b9e1e0dc78375e95c61,2026-05-01 00:46:04,0xa27757ae86d1ea5b0cfc5ac862e4c5db431d4aa8c3276b4fc95533b5d9bb5da9,eth-updown-5m-1777585500
"Ethereum Up or Down - April 30, 5:45PM-5:50PM ET",Down,BUY,1.267435,0.8599999211004904,0x3c71475908790b941b6823e7d0c79b098a71d999a35e6b9e1e0dc78375e95c61,2026-05-01 00:46:04,0xbe9e5f331ee1080efacc98bba47cf825be2e68830c35c942e7e7682e014bc8f1,eth-updown-5m-1777585500
"Ethereum Up or Down - April 30, 5:45PM-5:50PM ET",Down,BUY,1.472969,0.7399999592659452,0x3c71475908790b941b6823e7d0c79b098a71d999a35e6b9e1e0dc78375e95c61,2026-05-01 00:45:56,0xea806cb1f312a9afe3521f1e1bf8b27aff478f2f9221ac787490b084678ffb9c,eth-updown-5m-1777585500
"Bitcoin Up or Down - April 30, 5:45PM-6:00PM ET",Down,BUY,1.661537,0.649999969907381,0xbd7da2cdc99f627acc985c1499772a2e1cc3448c965b661203ddac0842e1a17b,2026-05-01 00:45:52,0xbcf052927980b7ebb8e7f344a531be772334daecc95d677230026ba47210e50a,btc-updown-15m-1777585500
"Bitcoin Up or Down - April 30, 5:45PM-6:00PM ET",Down,BUY,1.550722,0.6899998839250362,0xbd7da2cdc99f627acc985c1499772a2e1cc3448c965b661203ddac0842e1a17b,2026-05-01 00:45:52,0x077b1a59ee807b26a856a9d66d8e5dd86309873ff27077aa20649a5e35d1eca5,btc-updown-15m-1777585500
"Bitcoin Up or Down - April 30, 5:45PM-6:00PM ET",Down,BUY,1.550722,0.6899998839250362,0xbd7da2cdc99f627acc985c1499772a2e1cc3448c965b661203ddac0842e1a17b,2026-05-01 00:45:52,0x773bde09a302ad8495cc51ce63d66625a64c4bc08f174f887e41de619063e527,btc-updown-15m-1777585500
"Bitcoin Up or Down - April 30, 5:45PM-6:00PM ET",Down,BUY,1.646151,0.6499999088783471,0xbd7da2cdc99f627acc985c1499772a2e1cc3448c965b661203ddac0842e1a17b,2026-05-01 00:45:50,0x9dfe571385a80f812370ba45dcaa07beead5e9780e21adf64063135c4e9f96bf,btc-updown-15m-1777585500
"Bitcoin Up or Down - April 30, 5:45PM-5:50PM ET",Down,BUY,1.783332,0.5999998878503834,0x72e8611464606a407600f9f334b77cd48e7fa61c1f919f7a81f3409980ee030b,2026-05-01 00:45:42,0x1f85a6218b0f44e363cffe31c431f09e9d13bc2b5c61fdb2c189e9c421a61e30,btc-updown-5m-1777585500
"Bitcoin Up or Down - April 30, 5:40PM-5:45PM ET",Down,BUY,1.101,0.99,0x2e1c2e0ce5dcc393fd5cc872dae4692c3e66364e261a8bd3fda0ac2e6203e17a,2026-05-01 00:44:36,0x1fc321fae5fe4a9c7cefe8e50b88d3245c8b9ecacfa6ad61f67aa1b874dce0cb,btc-updown-5m-1777585200
"Bitcoin Up or Down - April 30, 5:40PM-5:45PM ET",Down,BUY,1.345678,0.8099998662384315,0x2e1c2e0ce5dcc393fd5cc872dae4692c3e66364e261a8bd3fda0ac2e6203e17a,2026-05-01 00:44:12,0xe1c5435269dd97220f6e63a6f37d5c2ee7a3624427236718094943edfac1f859,btc-updown-5m-1777585200
"Bitcoin Up or Down - April 30, 5:40PM-5:45PM ET",Down,BUY,1.329266,0.8199999097246149,0x2e1c2e0ce5dcc393fd5cc872dae4692c3e66364e261a8bd3fda0ac2e6203e17a,2026-05-01 00:44:12,0x7c81929244619880dd0b1c469ef94bcae206962fbe01035ec9dd7069c6a2fdd5,btc-updown-5m-1777585200
"Bitcoin Up or Down - April 30, 5:40PM-5:45PM ET",Up,BUY,3.088234,0.3399998186665907,0x2e1c2e0ce5dcc393fd5cc872dae4692c3e66364e261a8bd3fda0ac2e6203e17a,2026-05-01 00:44:04,0x3e83e8f9575510fe90cfd072cc2054a5027ea974d332f69c8c96f7bd315d02d4,btc-updown-5m-1777585200
"Bitcoin Up or Down - April 30, 5:40PM-5:45PM ET",Up,BUY,3,0.35,0x2e1c2e0ce5dcc393fd5cc872dae4692c3e66364e261a8bd3fda0ac2e6203e17a,2026-05-01 00:44:04,0xb5db480a3fed3093aa1dd11c186e1d4cf68aae22e802bdc4e7114b13b79fde47,btc-updown-5m-1777585200
"Bitcoin Up or Down - April 30, 5:40PM-5:45PM ET",Up,BUY,3.117646,0.33999979471691144,0x2e1c2e0ce5dcc393fd5cc872dae4692c3e66364e261a8bd3fda0ac2e6203e17a,2026-05-01 00:44:04,0x9f96c13701e86d29287b39a4dcc5bc9bebabfa3992c63cd3a979f843800f9d20,btc-updown-5m-1777585200
"Bitcoin Up or Down - April 30, 5:40PM-5:45PM ET",Up,BUY,3.181817,0.32999980828564307,0x2e1c2e0ce5dcc393fd5cc872dae4692c3e66364e261a8bd3fda0ac2e6203e17a,2026-05-01 00:44:04,0x6cb3b8fdd3ea1b71f7a70363fe0d0afa2acf28fa67db26ff5fe8f7ded62e5478,btc-updown-5m-1777585200
"Bitcoin Up or Down - April 30, 5:40PM-5:45PM ET",Down,BUY,1.754097,0.609999903084037,0x2e1c2e0ce5dcc393fd5cc872dae4692c3e66364e261a8bd3fda0ac2e6203e17a,2026-05-01 00:43:52,0x18aa3b53f72556173195c792352108bac0a1816c399cbf71691fb05590ffa466,btc-updown-5m-1777585200
"Bitcoin Up or Down - April 30, 5:40PM-5:45PM ET",Down,BUY,1.927271,0.5499999740565805,0x2e1c2e0ce5dcc393fd5cc872dae4692c3e66364e261a8bd3fda0ac2e6203e17a,2026-05-01 00:43:44,0x649b8862b4b001219df0151f40bee466f13b9c137ae19789035c6a98682ac44b,btc-updown-5m-1777585200
"Bitcoin Up or Down - April 30, 5:40PM-5:45PM ET",Up,BUY,1.397431,0.7799998711922091,0x2e1c2e0ce5dcc393fd5cc872dae4692c3e66364e261a8bd3fda0ac2e6203e17a,2026-05-01 00:43:08,0x021dbfe8bcef347b8a600c480ca83ddb5c4a8eb38d2f676a678933737f354560,btc-updown-5m-1777585200
"Bitcoin Up or Down - April 30, 5:40PM-5:45PM ET",Up,BUY,1.397431,0.7799998711922091,0x2e1c2e0ce5dcc393fd5cc872dae4692c3e66364e261a8bd3fda0ac2e6203e17a,2026-05-01 00:43:06,0x7d3cbfa5bd5a8b3d462281f6432bedc8ff3aee31a6473cadfb123ad6abff14c4,btc-updown-5m-1777585200
"Ethereum Up or Down - April 30, 5:40PM-5:45PM ET",Up,BUY,1.21111,0.9,0x45dcd58ab20d78c2a186716e13ade4c871bd0628c1f53417e7fbde04599e031d,2026-05-01 00:42:44,0x16e73bc87a4d75c181241980b679f4328ac3f69a3df24a8cf002ebef5aa55542,eth-updown-5m-1777585200
"Ethereum Up or Down - April 30, 5:30PM-5:45PM ET",Up,BUY,2.1263,0.95,0x562de5232f5db5db7d362ad3949476048c59a30e4a26b75825ba8c10d2222aae,2026-05-01 00:42:42,0xb83295c42484d105eb5f487e2b76321bbd6672faba54bcc624dbc446fbe5531e,eth-updown-15m-1777584600
"Ethereum Up or Down - April 30, 5:30PM-5:45PM ET",Up,BUY,1.1354,0.96,0x562de5232f5db5db7d362ad3949476048c59a30e4a26b75825ba8c10d2222aae,2026-05-01 00:42:42,0xbf479368a367c9b2b5c2f7c89a755682390e7d55ed1bb3f6f920177d4abff8ee,eth-updown-15m-1777584600
"Ethereum Up or Down - April 30, 5:30PM-5:45PM ET",Up,BUY,1.101,0.99,0x562de5232f5db5db7d362ad3949476048c59a30e4a26b75825ba8c10d2222aae,2026-05-01 00:42:40,0x8262879b8e68075e75fa4a468d41309a8facd719bfaec8205ef7e1dc6d8b1121,eth-updown-15m-1777584600
"Ethereum Up or Down - April 30, 5:40PM-5:45PM ET",Up,BUY,1.282346,0.8499999220179265,0x45dcd58ab20d78c2a186716e13ade4c871bd0628c1f53417e7fbde04599e031d,2026-05-01 00:42:32,0x4d78e6774d8a0a6d2eb612206512ccf162028f050cb82a7da45ab8e496120def,eth-updown-5m-1777585200
"Ethereum Up or Down - April 30, 5:40PM-5:45PM ET",Up,BUY,1.384613,0.7799998988887148,0x45dcd58ab20d78c2a186716e13ade4c871bd0628c1f53417e7fbde04599e031d,2026-05-01 00:42:00,0x0c609c25e0b38b3422e103055662226a28386363e07b9a3030683d74dc894e28,eth-updown-5m-1777585200
"Bitcoin Up or Down - April 30, 5:30PM-5:45PM ET",Up,BUY,1.101,0.99,0x1daaad723d6c92ee95f96e46d75d47c6535b1d2f244acbae380470eb312fa094,2026-05-01 00:41:46,0x6f2a2aae2dc688ef81af181bdec22a9c01ea08a8532f76e63e2f2ba4614f34c8,btc-updown-15m-1777584600
"Bitcoin Up or Down - April 30, 5:40PM-5:45PM ET",Up,BUY,1.611939,0.6699999193517869,0x2e1c2e0ce5dcc393fd5cc872dae4692c3e66364e261a8bd3fda0ac2e6203e17a,2026-05-01 00:41:44,0x41fc0e418118b023668c1ce28db6e12c9703090b635d10d9b5c512dc3cbfe434,btc-updown-5m-1777585200
"Bitcoin Up or Down - April 30, 5:40PM-5:45PM ET",Up,BUY,1.611939,0.6699999193517869,0x2e1c2e0ce5dcc393fd5cc872dae4692c3e66364e261a8bd3fda0ac2e6203e17a,2026-05-01 00:41:44,0x2b3265a7ccf49d95e829b7b06f1a54b67646dee2ec635472ef481bc3dd476b3d,btc-updown-5m-1777585200
"Bitcoin Up or Down - April 30, 5:40PM-5:45PM ET",Up,BUY,1.621211,0.6599998396260573,0x2e1c2e0ce5dcc393fd5cc872dae4692c3e66364e261a8bd3fda0ac2e6203e17a,2026-05-01 00:41:42,0xed843edb4903453dd31bc0e54490bf355b07e0bbe8a82f9ae1d8ea79c771c0e2,btc-updown-5m-1777585200
"Bitcoin Up or Down - April 30, 5:35PM-5:40PM ET",Down,BUY,2.916665,0.3599998628570645,0xb84ec8502c24883de8e499beecfca2b14df6425c7ab7ab5710a32d1e3397325b,2026-05-01 00:39:38,0x5ed8642a3fe009f1693c4b8aca0248d058f7df6f936e1d438ed0677c59b7a4fc,btc-updown-5m-1777584900
"Bitcoin Up or Down - April 30, 5:35PM-5:40PM ET",Down,BUY,6.866665,0.14999989077667253,0xb84ec8502c24883de8e499beecfca2b14df6425c7ab7ab5710a32d1e3397325b,2026-05-01 00:38:08,0x3a4a955d30f71e1ce776a327b3b3cc755935f7ba01c4ea7d80fb9265cebf8598,btc-updown-5m-1777584900
"Ethereum Up or Down - April 30, 5:35PM-5:40PM ET",Up,BUY,1.730156,0.6299998381648823,0x1400585cb2660a9f42ca39dea92196f3c442d385bdb6c967f8627e5b1e3c5f51,2026-05-01 00:38:06,0x7271e541a407488faded6ae51f6d8bfad30db4e30d21732a2b8a6b73d86954f9,eth-updown-5m-1777584900
"Ethereum Up or Down - April 30, 5:35PM-5:40PM ET",Up,BUY,1.703125,0.64,0x1400585cb2660a9f42ca39dea92196f3c442d385bdb6c967f8627e5b1e3c5f51,2026-05-01 00:38:06,0xeef6c00aee8a117e79022aa6231922807f42eefd3bd202554c9f9acdc389efc7,eth-updown-5m-1777584900
"Bitcoin Up or Down - April 30, 5:35PM-5:40PM ET",Up,BUY,1.479451,0.7299998445369262,0xb84ec8502c24883de8e499beecfca2b14df6425c7ab7ab5710a32d1e3397325b,2026-05-01 00:36:40,0xd8fb953403eac003f73fa81190ee01e487fe0d012b22b2b06d77e0dc6c825b3b,btc-updown-5m-1777584900
"Bitcoin Up or Down - April 30, 5:35PM-5:40PM ET",Up,BUY,1.369862,0.7299998101998596,0xb84ec8502c24883de8e499beecfca2b14df6425c7ab7ab5710a32d1e3397325b,2026-05-01 00:36:40,0x32f912db7c5ff1351f4ba0f4af1f871091b18328a52963cdc7464cdbc900be38,btc-updown-5m-1777584900
"Ethereum Up or Down - April 30, 5:35PM-5:40PM ET",Down,BUY,1.542856,0.6999998703702743,0x1400585cb2660a9f42ca39dea92196f3c442d385bdb6c967f8627e5b1e3c5f51,2026-05-01 00:36:38,0xad965e1e1ddf5572c5dfac1d42fd50e157fb53dd89e794fd5aab0bbe954f9d72,eth-updown-5m-1777584900
"Bitcoin Up or Down - April 30, 5:35PM-5:40PM ET",Up,BUY,1.345678,0.8099998662384315,0xb84ec8502c24883de8e499beecfca2b14df6425c7ab7ab5710a32d1e3397325b,2026-05-01 00:36:12,0x680c26c009c34aeb0afc90bdbce20245e31fff79e009224f41f803d331b8bc89,btc-updown-5m-1777584900
"Bitcoin Up or Down - April 30, 5:35PM-5:40PM ET",Up,BUY,1.479451,0.7299998445369262,0xb84ec8502c24883de8e499beecfca2b14df6425c7ab7ab5710a32d1e3397325b,2026-05-01 00:35:58,0xdb7c87ea1c58fa6993c80684959afbb5f99f12a5940cbb63158bb421a804ed87,btc-updown-5m-1777584900
"Bitcoin Up or Down - April 30, 5:35PM-5:40PM ET",Up,BUY,1.542856,0.6999998703702743,0xb84ec8502c24883de8e499beecfca2b14df6425c7ab7ab5710a32d1e3397325b,2026-05-01 00:35:38,0xd924174c6e6b53db4a784b7d2260ab40b9c52e86497d1109d2e7541c45c38c90,btc-updown-5m-1777584900
"Bitcoin Up or Down - April 30, 5:35PM-5:40PM ET",Up,BUY,1.542856,0.6999998703702743,0xb84ec8502c24883de8e499beecfca2b14df6425c7ab7ab5710a32d1e3397325b,2026-05-01 00:35:38,0x32f221e38c2bc90d545527afb9f7a036681d0f43ead0fc7dc6e622ae107a505e,btc-updown-5m-1777584900
"Bitcoin Up or Down - April 30, 5:35PM-5:40PM ET",Up,BUY,1.611939,0.6699999193517869,0xb84ec8502c24883de8e499beecfca2b14df6425c7ab7ab5710a32d1e3397325b,2026-05-01 00:35:36,0x552825d0cc6e506450fd0d7194eddf00c5502e2ad7aee546f1224242cc1bb2d4,btc-updown-5m-1777584900
"Bitcoin Up or Down - April 30, 5:35PM-5:40PM ET",Up,BUY,1.597012,0.6699999749532252,0xb84ec8502c24883de8e499beecfca2b14df6425c7ab7ab5710a32d1e3397325b,2026-05-01 00:35:34,0x1e5216d4f39c848d51c2ffc99435889a2c94f0ab275d3151f060f5bb27b2b1c4,btc-updown-5m-1777584900
"Bitcoin Up or Down - April 30, 5:35PM-5:40PM ET",Up,BUY,1.725805,0.619999942056026,0xb84ec8502c24883de8e499beecfca2b14df6425c7ab7ab5710a32d1e3397325b,2026-05-01 00:35:14,0x39916f58aaac48e7f29aedae8302fb52d0d12985579e05b7e16a5971599528ea,btc-updown-5m-1777584900
"Bitcoin Up or Down - April 30, 5:35PM-5:40PM ET",Up,BUY,1.725805,0.619999942056026,0xb84ec8502c24883de8e499beecfca2b14df6425c7ab7ab5710a32d1e3397325b,2026-05-01 00:35:12,0xd3a79b6f098540f802b4de5cc74e93023b47ff872daceb474419c80c8e27d754,btc-updown-5m-1777584900
"Bitcoin Up or Down - April 30, 5:35PM-5:40PM ET",Up,BUY,1.725805,0.619999942056026,0xb84ec8502c24883de8e499beecfca2b14df6425c7ab7ab5710a32d1e3397325b,2026-05-01 00:35:12,0x81969b664f724eef80c7af45989bddbdd5d283483e559a955ec7b572378b694b,btc-updown-5m-1777584900
"Bitcoin Up or Down - April 30, 5:35PM-5:40PM ET",Up,BUY,1.671875,0.64,0xb84ec8502c24883de8e499beecfca2b14df6425c7ab7ab5710a32d1e3397325b,2026-05-01 00:35:12,0x9745b5ec6a490a6e5d284e8f4c04047f8c0d32e8c94ae098f69e5d0c7842a244,btc-updown-5m-1777584900
"Bitcoin Up or Down - April 30, 5:35PM-5:40PM ET",Up,BUY,1.69841,0.6299998233642053,0xb84ec8502c24883de8e499beecfca2b14df6425c7ab7ab5710a32d1e3397325b,2026-05-01 00:35:12,0x98f9ad290b6b2674a8571d2e2cd3ec8beed1cf74769e72ce6752d89d5e29b700,btc-updown-5m-1777584900
"Bitcoin Up or Down - April 30, 5:35PM-5:40PM ET",Up,BUY,1.910713,0.5599998534578453,0xb84ec8502c24883de8e499beecfca2b14df6425c7ab7ab5710a32d1e3397325b,2026-05-01 00:35:08,0x798485fdf2c36355add8ebeb0c4f4c3beabae8f1296399c8030018d7ad745837,btc-updown-5m-1777584900
"Bitcoin Up or Down - April 30, 5:30PM-5:35PM ET",Up,BUY,1.313252,0.8299998781650437,0x3b9502c54f7206590db2589ac7c08c973254d9366a566d94bb6fd8f77316747f,2026-05-01 00:32:32,0xc345035448c2edd0518a3b39b0375e0d14ec529df7efaad849c8d8e4fe0437d7,btc-updown-5m-1777584600
"Bitcoin Up or Down - April 30, 5:30PM-5:35PM ET",Up,BUY,1.313252,0.8299998781650437,0x3b9502c54f7206590db2589ac7c08c973254d9366a566d94bb6fd8f77316747f,2026-05-01 00:32:32,0x60d8c54e15b7b72710b92d84bc09c4df3d2ce7a36a4f8082af98690fc56f7c71,btc-updown-5m-1777584600
"Bitcoin Up or Down - April 30, 5:30PM-5:45PM ET",Up,BUY,1.611939,0.6699999193517869,0x1daaad723d6c92ee95f96e46d75d47c6535b1d2f244acbae380470eb312fa094,2026-05-01 00:32:30,0x496ffe73be2633b6482e2f0ecd9b2100fb46d107b5f1043b047b7b1ce198d2fd,btc-updown-15m-1777584600
"Ethereum Up or Down - April 30, 5:30PM-5:35PM ET",Up,BUY,1.367085,0.7899998902774882,0xe076c28835fbfd0799f2e7695232776fefd23980a6b5b969fb90aee38887f9c4,2026-05-01 00:32:30,0xeae4f14c6c5b85aee3e4eba0e1d55ce639b88ee2a08089e63f4ae3dc14042970,eth-updown-5m-1777584600
"Ethereum Up or Down - April 30, 5:30PM-5:35PM ET",Up,BUY,1.379742,0.7899998695408272,0xe076c28835fbfd0799f2e7695232776fefd23980a6b5b969fb90aee38887f9c4,2026-05-01 00:32:30,0x3823317d14c6fdf4234f0c6811147edabd29657f9355eca20f0a600ef4333c19,eth-updown-5m-1777584600
"Bitcoin Up or Down - April 30, 5:30PM-5:35PM ET",Up,BUY,1.3012,0.83,0x3b9502c54f7206590db2589ac7c08c973254d9366a566d94bb6fd8f77316747f,2026-05-01 00:32:30,0x772b0d08e36b3605be17a4d3f42eda0c938ad11a24d814eff133e55a37199666,btc-updown-5m-1777584600
"Bitcoin Up or Down - April 30, 5:30PM-5:45PM ET",Up,BUY,1.597012,0.6699999749532252,0x1daaad723d6c92ee95f96e46d75d47c6535b1d2f244acbae380470eb312fa094,2026-05-01 00:32:30,0xb299ec86e9d860737dad348d2bcbaa10aa210d3e719fd961edef5029de536ffd,btc-updown-15m-1777584600
"Bitcoin Up or Down - April 30, 5:30PM-5:35PM ET",Up,BUY,1.3012,0.83,0x3b9502c54f7206590db2589ac7c08c973254d9366a566d94bb6fd8f77316747f,2026-05-01 00:32:30,0x4d4dd9eb48a97915caa63ccca43b78096ec9630378454737eb38109066b6019c,btc-updown-5m-1777584600
"Bitcoin Up or Down - April 30, 5:30PM-5:35PM ET",Down,BUY,4,0.26,0x3b9502c54f7206590db2589ac7c08c973254d9366a566d94bb6fd8f77316747f,2026-05-01 00:32:26,0x249d78f7326f760b19d754d529d0c061410a83d42ec0b349e0022bee255f2c06,btc-updown-5m-1777584600
"Bitcoin Up or Down - April 30, 5:30PM-5:45PM ET",Down,BUY,2.763156,0.37999989866659717,0x1daaad723d6c92ee95f96e46d75d47c6535b1d2f244acbae380470eb312fa094,2026-05-01 00:32:20,0x438936644b9d9f364d8ab135d22ad4a4fb369df3b38d15604a2442988bc291cf,btc-updown-15m-1777584600
"Ethereum Up or Down - April 30, 5:30PM-5:35PM ET",Up,BUY,1.267435,0.8599999211004904,0xe076c28835fbfd0799f2e7695232776fefd23980a6b5b969fb90aee38887f9c4,2026-05-01 00:30:52,0x1981d9faeef06a37dbf72ad8e3c18d6925aa03cb0739973883d056a1fd60038a,eth-updown-5m-1777584600
"Ethereum Up or Down - April 30, 5:30PM-5:35PM ET",Up,BUY,1.267435,0.8599999211004904,0xe076c28835fbfd0799f2e7695232776fefd23980a6b5b969fb90aee38887f9c4,2026-05-01 00:30:50,0xd6932eff17481d5929ca857aad2b5ca576636d2e15b237f2fa10c51e66632b42,eth-updown-5m-1777584600
"Ethereum Up or Down - April 30, 5:30PM-5:35PM ET",Up,BUY,1.313252,0.8299998781650437,0xe076c28835fbfd0799f2e7695232776fefd23980a6b5b969fb90aee38887f9c4,2026-05-01 00:30:48,0x062f1cbb9dfe7cc892aa4c7728f8a25b883a6d06a7d4baab28ef3054814acbe4,eth-updown-5m-1777584600
"Ethereum Up or Down - April 30, 5:30PM-5:35PM ET",Up,BUY,1.379742,0.7899998695408272,0xe076c28835fbfd0799f2e7695232776fefd23980a6b5b969fb90aee38887f9c4,2026-05-01 00:30:44,0xcda337b50ceebcffbe581ceb592da71ff12d4186f242fa91fc93954877244816,eth-updown-5m-1777584600
"Ethereum Up or Down - April 30, 5:30PM-5:35PM ET",Up,BUY,1.384613,0.7799998988887148,0xe076c28835fbfd0799f2e7695232776fefd23980a6b5b969fb90aee38887f9c4,2026-05-01 00:30:42,0xa336ec9357a26f4e2d9c2d2a87a20d965792c6686f313793e319434de28a6603,eth-updown-5m-1777584600
"Ethereum Up or Down - April 30, 5:30PM-5:35PM ET",Up,BUY,1.384613,0.7799998988887148,0xe076c28835fbfd0799f2e7695232776fefd23980a6b5b969fb90aee38887f9c4,2026-05-01 00:30:42,0x73e85b1268390a993c0d483460cc61c54d9153a2268c3899e86ff10d9e477e7c,eth-updown-5m-1777584600
"Bitcoin Up or Down - April 30, 5:30PM-5:35PM ET",Up,BUY,1.384613,0.7799998988887148,0x3b9502c54f7206590db2589ac7c08c973254d9366a566d94bb6fd8f77316747f,2026-05-01 00:30:42,0xef2fbde58db9d349c9e131679a1f6d27389fe2e4888f822f6534b5133ac4f898,btc-updown-5m-1777584600
"Ethereum Up or Down - April 30, 5:30PM-5:35PM ET",Up,BUY,1.397431,0.7799998711922091,0xe076c28835fbfd0799f2e7695232776fefd23980a6b5b969fb90aee38887f9c4,2026-05-01 00:30:42,0x07ce84074de4447d7718dd1ce3b203f2639c4523f63416fe32525371bc5d5233,eth-updown-5m-1777584600
"Ethereum Up or Down - April 30, 5:30PM-5:35PM ET",Up,BUY,1.384613,0.7799998988887148,0xe076c28835fbfd0799f2e7695232776fefd23980a6b5b969fb90aee38887f9c4,2026-05-01 00:30:42,0x997cab31179bd6982981bcd079e7e09de8c34c43475cc4aa92b236c3ae631f16,eth-updown-5m-1777584600
"Ethereum Up or Down - April 30, 5:30PM-5:35PM ET",Up,BUY,1.397431,0.7799998711922091,0xe076c28835fbfd0799f2e7695232776fefd23980a6b5b969fb90aee38887f9c4,2026-05-01 00:30:42,0xc76b17ff3367f4e655059a1977cbe187341098c8685c69dce6a61a6f202ea6a9,eth-updown-5m-1777584600
"Bitcoin Up or Down - April 30, 5:30PM-5:35PM ET",Up,BUY,1.402595,0.7699998930553723,0x3b9502c54f7206590db2589ac7c08c973254d9366a566d94bb6fd8f77316747f,2026-05-01 00:30:42,0x74ebf8b3aa20e7e678e459d7fb873d683fcbd85011e777fdb3bdf3d11972f85e,btc-updown-5m-1777584600
"Bitcoin Up or Down - April 30, 5:30PM-5:45PM ET",Up,BUY,1.754097,0.609999903084037,0x1daaad723d6c92ee95f96e46d75d47c6535b1d2f244acbae380470eb312fa094,2026-05-01 00:30:36,0x57cb05d0fb3de345b8124947c41d376cd1c99389345b1b6d93dbe44e5cc5dcf6,btc-updown-15m-1777584600
"Bitcoin Up or Down - April 30, 5:30PM-5:35PM ET",Up,BUY,1.542856,0.6999998703702743,0x3b9502c54f7206590db2589ac7c08c973254d9366a566d94bb6fd8f77316747f,2026-05-01 00:30:36,0x71a362e2b1ba032ba3593210df0284eb198c932f802b98daae7fd23693065633,btc-updown-5m-1777584600
"Bitcoin Up or Down - April 30, 5:30PM-5:45PM ET",Up,BUY,1.754097,0.609999903084037,0x1daaad723d6c92ee95f96e46d75d47c6535b1d2f244acbae380470eb312fa094,2026-05-01 00:30:34,0xa538ce1036af6032412d1ed79fc9f43031c2bd6b6a35f5e458ca7b10f8bb41ac,btc-updown-15m-1777584600
"Bitcoin Up or Down - April 30, 5:30PM-5:35PM ET",Down,BUY,3.419353,0.3099998742452154,0x3b9502c54f7206590db2589ac7c08c973254d9366a566d94bb6fd8f77316747f,2026-05-01 00:30:34,0xa314f2fa03d9db08ae94ecb3666b169fc17cbb3d599f094606b8c19621f660ca,btc-updown-5m-1777584600
"Bitcoin Up or Down - April 30, 5:30PM-5:35PM ET",Up,BUY,1.5,0.72,0x3b9502c54f7206590db2589ac7c08c973254d9366a566d94bb6fd8f77316747f,2026-05-01 00:30:32,0xeb2b7666147a483f42b5d6d4a9ef50cd1ef409104804683742aba48a88e2b969,btc-updown-5m-1777584600
"Bitcoin Up or Down - April 30, 5:30PM-5:45PM ET",Up,BUY,1.671875,0.64,0x1daaad723d6c92ee95f96e46d75d47c6535b1d2f244acbae380470eb312fa094,2026-05-01 00:30:32,0xb84cf38bb6d2bed930ba0cff1c3175fec47adbf95af42442150ad2bdb1742b3e,btc-updown-15m-1777584600
"Bitcoin Up or Down - April 30, 5:30PM-5:35PM ET",Down,BUY,2.355554,0.4499998726414253,0x3b9502c54f7206590db2589ac7c08c973254d9366a566d94bb6fd8f77316747f,2026-05-01 00:30:30,0xe8896fe95d6c953b085e6fdcdd6b7288df740885fc72acc9aa083579717ededa,btc-updown-5m-1777584600
"Ethereum Up or Down - April 30, 5:25PM-5:30PM ET",Down,BUY,1.379745,0.7899996013756165,0x5e1d9935a34082e33537c78f91ae393144ff8685c289a0ae01f0c67ba2d44fba,2026-05-01 00:28:12,0x86a0e8e2744d8f5aea4490347287495ceb655138ab402e32e004abca6cfc0dd6,eth-updown-5m-1777584300
"Bitcoin Up or Down - April 30, 5:25PM-5:30PM ET",Down,BUY,1.333331,0.8099999174998557,0xf93a6c4961db6a3296c22d5a1fc7476e8931b08125eebb859766e23fecf9e2f9,2026-05-01 00:28:12,0xbe1ab244fa20ff49e86a612f6ebf48b1952477b8036d5940370711d6da995044,btc-updown-5m-1777584300
"Bitcoin Up or Down - April 30, 5:25PM-5:30PM ET",Down,BUY,1.42105,0.76,0xf93a6c4961db6a3296c22d5a1fc7476e8931b08125eebb859766e23fecf9e2f9,2026-05-01 00:28:10,0x07af7606549bea6371986f9a2d6b85192dadbd15fce00cda742b97d7aa4f673a,btc-updown-5m-1777584300
"Bitcoin Up or Down - April 30, 5:25PM-5:30PM ET",Down,BUY,2.409089,0.439999933584853,0xf93a6c4961db6a3296c22d5a1fc7476e8931b08125eebb859766e23fecf9e2f9,2026-05-01 00:27:48,0x616609ea74acb498827d6956918e1c474e9e322af050533cfb928a8ea50ad943,btc-updown-5m-1777584300
"Bitcoin Up or Down - April 30, 5:25PM-5:30PM ET",Up,BUY,1.754097,0.609999903084037,0xf93a6c4961db6a3296c22d5a1fc7476e8931b08125eebb859766e23fecf9e2f9,2026-05-01 00:27:44,0xa27d1e074e1fc60d98973e8939d0b92251d2444afaade970dc6b05650c41133a,btc-updown-5m-1777584300
"Bitcoin Up or Down - April 30, 5:25PM-5:30PM ET",Down,BUY,2.409089,0.439999933584853,0xf93a6c4961db6a3296c22d5a1fc7476e8931b08125eebb859766e23fecf9e2f9,2026-05-01 00:26:40,0x6b7737bc39ab61faf095259b52eb0a012ba34496b2223221530c0bab9a7b3ae9,btc-updown-5m-1777584300
"Bitcoin Up or Down - April 30, 5:25PM-5:30PM ET",Down,BUY,2.441859,0.42999984847609957,0xf93a6c4961db6a3296c22d5a1fc7476e8931b08125eebb859766e23fecf9e2f9,2026-05-01 00:26:38,0x8b5ea7d6c52565f34b2e87ff48f9f8e49044ccfaa0ef1f41a1d732aaad5aa02c,btc-updown-5m-1777584300
"Bitcoin Up or Down - April 30, 5:25PM-5:30PM ET",Up,BUY,1.69841,0.6299998233642053,0xf93a6c4961db6a3296c22d5a1fc7476e8931b08125eebb859766e23fecf9e2f9,2026-05-01 00:26:18,0x77e28532918f9e1a4abf8e7a310215df7d850dd060e0411b34bba3b637b2a45b,btc-updown-5m-1777584300
"Bitcoin Up or Down - April 30, 5:25PM-5:30PM ET",Down,BUY,2.5,0.42,0xf93a6c4961db6a3296c22d5a1fc7476e8931b08125eebb859766e23fecf9e2f9,2026-05-01 00:26:06,0x1f0fa02bbbb86cb6375c6583a701da21b6105109e9075615403cf4267cf644fb,btc-updown-5m-1777584300
"Bitcoin Up or Down - April 30, 5:25PM-5:30PM ET",Up,BUY,1.621211,0.6599998396260573,0xf93a6c4961db6a3296c22d5a1fc7476e8931b08125eebb859766e23fecf9e2f9,2026-05-01 00:25:26,0x4f1c948ba971d7aff8ffa415fe8fafeeda2f0a2afdb3db6bb5630350df8f9947,btc-updown-5m-1777584300
"Bitcoin Up or Down - April 30, 5:25PM-5:30PM ET",Up,BUY,1.621211,0.6599998396260573,0xf93a6c4961db6a3296c22d5a1fc7476e8931b08125eebb859766e23fecf9e2f9,2026-05-01 00:25:26,0x342096c8a0830f0ffa102ac30f3093b287eb4d7620cbead6fcfa81d024b098d5,btc-updown-5m-1777584300
"Bitcoin Up or Down - April 30, 5:25PM-5:30PM ET",Up,BUY,1.69841,0.6299998233642053,0xf93a6c4961db6a3296c22d5a1fc7476e8931b08125eebb859766e23fecf9e2f9,2026-05-01 00:25:20,0x6485fa303cf6e2e1c078d3d97695a00fc96e2813cdd34b57d2eae29db0c1db29,btc-updown-5m-1777584300
"Bitcoin Up or Down - April 30, 5:25PM-5:30PM ET",Up,BUY,1.671875,0.64,0xf93a6c4961db6a3296c22d5a1fc7476e8931b08125eebb859766e23fecf9e2f9,2026-05-01 00:25:20,0x291a1ab4a3da49ebca8f937c5f2f3d0ecf8ef2e9c3f8bc743c693d2924cfaf7e,btc-updown-5m-1777584300
"Bitcoin Up or Down - April 30, 5:25PM-5:30PM ET",Up,BUY,1.671875,0.64,0xf93a6c4961db6a3296c22d5a1fc7476e8931b08125eebb859766e23fecf9e2f9,2026-05-01 00:25:20,0x234f4755be2ce432a906aa8a39535bef30af28a6cc3bb8215dbcdc2af3644986,btc-updown-5m-1777584300
"Bitcoin Up or Down - April 30, 5:25PM-5:30PM ET",Up,BUY,1.69841,0.6299998233642053,0xf93a6c4961db6a3296c22d5a1fc7476e8931b08125eebb859766e23fecf9e2f9,2026-05-01 00:25:20,0x0254c916e655d00eb42aebfe9766ebed1e5da30ef209f1e39afe0a3221323c83,btc-updown-5m-1777584300
"Bitcoin Up or Down - April 30, 5:20PM-5:25PM ET",Down,BUY,1.112243,0.9799998741282255,0xfb8549061303fdf387e68030b72acd75a6af5380361db1532b72858f4f2f206c,2026-05-01 00:25:16,0x31d73938de36a2b501a9eeb1620fbdf4d6ac2df9532ec3fd81f98c12c936169a,btc-updown-5m-1777584000
"Bitcoin Up or Down - April 30, 5:20PM-5:25PM ET",Down,BUY,1.434208,0.7599999442200852,0xfb8549061303fdf387e68030b72acd75a6af5380361db1532b72858f4f2f206c,2026-05-01 00:25:16,0x57f856f0f3fcb5bb5449c3b08c19fa2c1db5a2459beaf656a65146fb493468fc,btc-updown-5m-1777584000
"Bitcoin Up or Down - April 30, 5:20PM-5:25PM ET",Down,BUY,1.55714,0.7,0xfb8549061303fdf387e68030b72acd75a6af5380361db1532b72858f4f2f206c,2026-05-01 00:25:14,0xc103e4f4836a216e91fff7417b1c497031675d6c5ba276f65e0de9c7a291f98e,btc-updown-5m-1777584000
"Bitcoin Up or Down - April 30, 5:20PM-5:25PM ET",Down,BUY,1.282346,0.8499999220179265,0xfb8549061303fdf387e68030b72acd75a6af5380361db1532b72858f4f2f206c,2026-05-01 00:25:12,0x026ede95aed14010192c6f3599af07eef1de86a0a0cf7c1773ce39a4b2fe9d37,btc-updown-5m-1777584000
"Ethereum Up or Down - April 30, 5:20PM-5:25PM ET",Down,BUY,1.101,0.99,0x957c5366e7e1379d1a87325ea880490faf52027fc91e73d53ee69e7ac5b8ecdc,2026-05-01 00:24:54,0x594eb0608ed7cf65103bb7ee5f4615d6b9beb6456d10a65442effe1c864251c1,eth-updown-5m-1777584000
"Ethereum Up or Down - April 30, 5:20PM-5:25PM ET",Down,BUY,1.1122,0.98,0x957c5366e7e1379d1a87325ea880490faf52027fc91e73d53ee69e7ac5b8ecdc,2026-05-01 00:23:06,0x6760d1067acc301e6cf9ed755d7f7e76eedb11251ac9a4b77bbcba123b153a78,eth-updown-5m-1777584000
"Ethereum Up or Down - April 30, 5:20PM-5:25PM ET",Down,BUY,1.1354,0.96,0x957c5366e7e1379d1a87325ea880490faf52027fc91e73d53ee69e7ac5b8ecdc,2026-05-01 00:22:56,0xcd0ffb044bad37be54bc3a8d10ebacc2f2574c3199ad5abd66cbdb344ddc9a6f,eth-updown-5m-1777584000
"Ethereum Up or Down - April 30, 5:20PM-5:25PM ET",Down,BUY,1.1354,0.96,0x957c5366e7e1379d1a87325ea880490faf52027fc91e73d53ee69e7ac5b8ecdc,2026-05-01 00:22:54,0x3f183df7ec197aa458783d855bb528f08299cc212abf941076d4d91595a21e21,eth-updown-5m-1777584000
"Bitcoin Up or Down - April 30, 5:20PM-5:25PM ET",Down,BUY,1.224718,0.8899999836697101,0xfb8549061303fdf387e68030b72acd75a6af5380361db1532b72858f4f2f206c,2026-05-01 00:22:46,0xe2209959fe253890703e1ebdc5bb821c40d24535475fcd91c9fc0db3c221b075,btc-updown-5m-1777584000
"Bitcoin Up or Down - April 30, 5:20PM-5:25PM ET",Down,BUY,1.172042,0.9299999488072953,0xfb8549061303fdf387e68030b72acd75a6af5380361db1532b72858f4f2f206c,2026-05-01 00:22:26,0x91e05d5c1af04aa940641d9b6e596cbff43e923c1792818212ea356ae67bba2a,btc-updown-5m-1777584000
"Ethereum Up or Down - April 30, 5:20PM-5:25PM ET",Down,BUY,1.14736,0.95,0x957c5366e7e1379d1a87325ea880490faf52027fc91e73d53ee69e7ac5b8ecdc,2026-05-01 00:22:26,0xdb3ec448e919a605845f1e88342f1a7f4a89f568d16cd758ce0537a84fc33181,eth-updown-5m-1777584000
"Ethereum Up or Down - April 30, 5:20PM-5:25PM ET",Down,BUY,1.1237,0.97,0x957c5366e7e1379d1a87325ea880490faf52027fc91e73d53ee69e7ac5b8ecdc,2026-05-01 00:22:24,0x24bbdfc673b11e605db8fb194e564ff8dc971e60dbdf42fb12834cbb8722f201,eth-updown-5m-1777584000
"Ethereum Up or Down - April 30, 5:20PM-5:25PM ET",Down,BUY,1.1237,0.97,0x957c5366e7e1379d1a87325ea880490faf52027fc91e73d53ee69e7ac5b8ecdc,2026-05-01 00:22:24,0x16083df4ff15a45f5ebed84b2e71f920faa9cdbfd8b4f9146581bc2ee2b90233,eth-updown-5m-1777584000
"Ethereum Up or Down - April 30, 5:20PM-5:25PM ET",Down,BUY,1.238633,0.8799999677063344,0x957c5366e7e1379d1a87325ea880490faf52027fc91e73d53ee69e7ac5b8ecdc,2026-05-01 00:22:16,0x3e43d24d27ca23f9ced5e3132ce5137d74fd133061d68e6a42d75d1670be0e95,eth-updown-5m-1777584000
"Bitcoin Up or Down - April 30, 5:20PM-5:25PM ET",Down,BUY,1.224718,0.8899999836697101,0xfb8549061303fdf387e68030b72acd75a6af5380361db1532b72858f4f2f206c,2026-05-01 00:22:14,0x6aac684141c66f30287b7dcf7aa2ea6a9bb91df2a169af6c75cc71dd1f13dd50,btc-updown-5m-1777584000
"Ethereum Up or Down - April 30, 5:20PM-5:25PM ET",Down,BUY,1.238633,0.8799999677063344,0x957c5366e7e1379d1a87325ea880490faf52027fc91e73d53ee69e7ac5b8ecdc,2026-05-01 00:22:14,0xb1cf552f0a88f799211c17458570002be18533b336b650e42808644e8f3ffd16,eth-updown-5m-1777584000
"Bitcoin Up or Down - April 30, 5:20PM-5:25PM ET",Up,BUY,4.521738,0.22999983634611293,0xfb8549061303fdf387e68030b72acd75a6af5380361db1532b72858f4f2f206c,2026-05-01 00:22:06,0x7b77e75efca6783b4db8302cfc3f80d9f426f088896350a81ff746dc1d29434b,btc-updown-5m-1777584000
"Bitcoin Up or Down - April 30, 5:20PM-5:25PM ET",Up,BUY,5.2,0.2,0xfb8549061303fdf387e68030b72acd75a6af5380361db1532b72858f4f2f206c,2026-05-01 00:21:30,0xaa9ac49cc86fad5c311456116755e7dba076c13b8bff083cf2492b393342fae2,btc-updown-5m-1777584000
"Bitcoin Up or Down - April 30, 5:15PM-5:30PM ET",Down,BUY,1.1354,0.96,0x0c7a56191fd39dc4c160dca1d1bbec23ccda60639c76feefb9e7bf420b29e2e9,2026-05-01 00:21:26,0x6351d42ba9c299645929607659ac3c07c6a05f3fb58cf7f2e06f739c9e2689e5,btc-updown-15m-1777583700
"Bitcoin Up or Down - April 30, 5:15PM-5:30PM ET",Down,BUY,1.1237,0.97,0x0c7a56191fd39dc4c160dca1d1bbec23ccda60639c76feefb9e7bf420b29e2e9,2026-05-01 00:21:26,0xf7506901ff2575d08f4c39bd6ccc9a4b0328bb6c648c9dbd4447c64051036e35,btc-updown-15m-1777583700
"Bitcoin Up or Down - April 30, 5:15PM-5:30PM ET",Down,BUY,1.1237,0.97,0x0c7a56191fd39dc4c160dca1d1bbec23ccda60639c76feefb9e7bf420b29e2e9,2026-05-01 00:21:26,0x542ca3de21da641ce0c980da30acdc646c5f692542d74b4116489018c1f82f91,btc-updown-15m-1777583700
"Bitcoin Up or Down - April 30, 5:15PM-5:30PM ET",Down,BUY,1.1237,0.97,0x0c7a56191fd39dc4c160dca1d1bbec23ccda60639c76feefb9e7bf420b29e2e9,2026-05-01 00:21:26,0x3d54a734dfbfd783cfda84edfba1818de10d0c1a6d0c1e4b9c4f31096b3f5d4f,btc-updown-15m-1777583700
"Bitcoin Up or Down - April 30, 5:15PM-5:30PM ET",Down,BUY,1.1354,0.96,0x0c7a56191fd39dc4c160dca1d1bbec23ccda60639c76feefb9e7bf420b29e2e9,2026-05-01 00:21:24,0xc1596498d0f6a2b2c1d733ab60d6b558e9f1e6d08e85b73135b8b5b334246299,btc-updown-15m-1777583700
"Bitcoin Up or Down - April 30, 5:15PM-5:30PM ET",Down,BUY,1.1237,0.97,0x0c7a56191fd39dc4c160dca1d1bbec23ccda60639c76feefb9e7bf420b29e2e9,2026-05-01 00:21:24,0x0965a22f7b35c2b51cc70f2a6e9aafb078a75f809d95caa1bbe5bbbd2ce6fc91,btc-updown-15m-1777583700
"Bitcoin Up or Down - April 30, 5:20PM-5:25PM ET",Down,BUY,2.692306,0.38999987371420636,0xfb8549061303fdf387e68030b72acd75a6af5380361db1532b72858f4f2f206c,2026-05-01 00:21:16,0xeb4a2fe0ca7de615fb281b19768b0916ea74b64a7490f49ffb7748df19ece47d,btc-updown-5m-1777584000
"Bitcoin Up or Down - April 30, 5:20PM-5:25PM ET",Up,BUY,1.402595,0.7699998930553723,0xfb8549061303fdf387e68030b72acd75a6af5380361db1532b72858f4f2f206c,2026-05-01 00:21:06,0x667e03657b4ce41b78c947d6d8a991cbf41049d47b4142ccfbb8811e8b6f4638,btc-updown-5m-1777584000
"Ethereum Up or Down - April 30, 5:20PM-5:25PM ET",Up,BUY,1.42105,0.76,0x957c5366e7e1379d1a87325ea880490faf52027fc91e73d53ee69e7ac5b8ecdc,2026-05-01 00:20:42,0x85d408e7dfbd3b8e6c20839eb79307e1ef8b2fffdced006dad078864a4a52066,eth-updown-5m-1777584000
"Bitcoin Up or Down - April 30, 5:20PM-5:25PM ET",Up,BUY,1.459457,0.7399998766664588,0xfb8549061303fdf387e68030b72acd75a6af5380361db1532b72858f4f2f206c,2026-05-01 00:20:36,0x1a282227ac097c8466bcd60c608051aa298cc7fa6106aa071284a7b41af19b75,btc-updown-5m-1777584000
"Bitcoin Up or Down - April 30, 5:15PM-5:30PM ET",Up,BUY,4.16,0.25,0x0c7a56191fd39dc4c160dca1d1bbec23ccda60639c76feefb9e7bf420b29e2e9,2026-05-01 00:20:36,0x9b9b2f527123886ac2075270716bdfea7f34e99aab6e045fdc9d42002fbe848a,btc-updown-15m-1777583700
"Bitcoin Up or Down - April 30, 5:20PM-5:25PM ET",Up,BUY,1.459458,0.7399993696289993,0xfb8549061303fdf387e68030b72acd75a6af5380361db1532b72858f4f2f206c,2026-05-01 00:20:36,0x068d74fb87339c2e298b69d6ef5c96c1136e167f622f92c4edf51d341097c4e2,btc-updown-5m-1777584000
"Bitcoin Up or Down - April 30, 5:20PM-5:25PM ET",Up,BUY,1.52857,0.7,0xfb8549061303fdf387e68030b72acd75a6af5380361db1532b72858f4f2f206c,2026-05-01 00:20:28,0x20760275fa61616a0ad855a98ccba86dd8643b4bc6c8fb8ac45495e80bfa6f82,btc-updown-5m-1777584000
"Bitcoin Up or Down - April 30, 5:20PM-5:25PM ET",Up,BUY,1.646151,0.6499999088783471,0xfb8549061303fdf387e68030b72acd75a6af5380361db1532b72858f4f2f206c,2026-05-01 00:20:24,0x8ee5f0c178795dbd04a472cfae60cd5041b2cb79f60aeabf42a85af6e9fc1c90,btc-updown-5m-1777584000
"Bitcoin Up or Down - April 30, 5:20PM-5:25PM ET",Up,BUY,1.646151,0.6499999088783471,0xfb8549061303fdf387e68030b72acd75a6af5380361db1532b72858f4f2f206c,2026-05-01 00:20:24,0xedec1ec7479fc4ac6dc7e7591dfc56c1549b53d48d7d1522217ab163409dfe56,btc-updown-5m-1777584000
"Bitcoin Up or Down - April 30, 5:20PM-5:25PM ET",Up,BUY,1.827585,0.5799998358489482,0xfb8549061303fdf387e68030b72acd75a6af5380361db1532b72858f4f2f206c,2026-05-01 00:20:14,0x503b82216ca042fbfc2dfef899cd2291cb6af07fdd041f9869d8078a12a5a2e0,btc-updown-5m-1777584000
"Bitcoin Up or Down - April 30, 5:15PM-5:30PM ET",Down,BUY,1.3625,0.8,0x0c7a56191fd39dc4c160dca1d1bbec23ccda60639c76feefb9e7bf420b29e2e9,2026-05-01 00:18:56,0x1eb8e8b4248bf22c6d70e1ddb4a1606ed723d0dd8a26b6c733acf63da70cf640,btc-updown-15m-1777583700
"Bitcoin Up or Down - April 30, 5:15PM-5:30PM ET",Up,BUY,4.16,0.25,0x0c7a56191fd39dc4c160dca1d1bbec23ccda60639c76feefb9e7bf420b29e2e9,2026-05-01 00:18:52,0x51e82dcf4ffba376b994e472acadc3ee0854baeb63e0c26e5f97268945045ae7,btc-updown-15m-1777583700
"Bitcoin Up or Down - April 30, 5:15PM-5:20PM ET",Up,BUY,6.866665,0.14999989077667253,0xfd7587da43675da79a38ee054bb62f6da0bf76f70f1c61f664ebdbb17ff45aca,2026-05-01 00:17:26,0x30972fc9c29d25e397022a1b0b6f65b277c99e39012f21b5ab2ae548ca32bc46,btc-updown-5m-1777583700
"Bitcoin Up or Down - April 30, 5:15PM-5:30PM ET",Down,BUY,1.459457,0.7399998766664588,0x0c7a56191fd39dc4c160dca1d1bbec23ccda60639c76feefb9e7bf420b29e2e9,2026-05-01 00:17:04,0x2769ca101ce4f34acd50b98691dfb3767e432f24df6992bc0dfe641075abbfb8,btc-updown-15m-1777583700
"Bitcoin Up or Down - April 30, 5:15PM-5:20PM ET",Down,BUY,1.21111,0.9,0xfd7587da43675da79a38ee054bb62f6da0bf76f70f1c61f664ebdbb17ff45aca,2026-05-01 00:16:58,0x17770d785aa769b5adce29118fd895cc3c699451d1bbd904f467b03edf65d16f,btc-updown-5m-1777583700
"Bitcoin Up or Down - April 30, 5:15PM-5:20PM ET",Down,BUY,1.21111,0.9,0xfd7587da43675da79a38ee054bb62f6da0bf76f70f1c61f664ebdbb17ff45aca,2026-05-01 00:16:56,0xf568e4ef49f9bfd761578cb5023cab0517db1a65ca8f3ffd105ff1b703d09575,btc-updown-5m-1777583700
"Bitcoin Up or Down - April 30, 5:15PM-5:20PM ET",Down,BUY,1.21111,0.9,0xfd7587da43675da79a38ee054bb62f6da0bf76f70f1c61f664ebdbb17ff45aca,2026-05-01 00:16:56,0x360b2c168f6fa29819fc5b1dd0fc5b66b46f9d7991025adbc815bdaba4086638,btc-updown-5m-1777583700
"Bitcoin Up or Down - April 30, 5:15PM-5:20PM ET",Down,BUY,1.1978,0.91,0xfd7587da43675da79a38ee054bb62f6da0bf76f70f1c61f664ebdbb17ff45aca,2026-05-01 00:16:56,0xd45a948a6e502f06c7ac90a149ea2456b503d0881a63c3bfd6318df80538fa4d,btc-updown-5m-1777583700
"Bitcoin Up or Down - April 30, 5:15PM-5:30PM ET",Down,BUY,1.459457,0.7399998766664588,0x0c7a56191fd39dc4c160dca1d1bbec23ccda60639c76feefb9e7bf420b29e2e9,2026-05-01 00:16:56,0xed48e2b9a3847465a086c938f16100922d23848560eb308b6e4ce8fc02e603ef,btc-updown-15m-1777583700
"Bitcoin Up or Down - April 30, 5:15PM-5:20PM ET",Up,BUY,4.333332,0.2399998430768748,0xfd7587da43675da79a38ee054bb62f6da0bf76f70f1c61f664ebdbb17ff45aca,2026-05-01 00:16:24,0x35de020f8688331ee30deaf18b2cbc70976f7aa1e9e2812e188d8346457700c4,btc-updown-5m-1777583700
"Bitcoin Up or Down - April 30, 5:15PM-5:20PM ET",Up,BUY,4.521738,0.22999983634611293,0xfd7587da43675da79a38ee054bb62f6da0bf76f70f1c61f664ebdbb17ff45aca,2026-05-01 00:16:24,0x1a2b91079e9a1af4696be7a83580a8d479dbfe7142d4a7108251da68b4df5d8d,btc-updown-5m-1777583700
"Bitcoin Up or Down - April 30, 5:15PM-5:20PM ET",Down,BUY,1.42105,0.76,0xfd7587da43675da79a38ee054bb62f6da0bf76f70f1c61f664ebdbb17ff45aca,2026-05-01 00:16:00,0x40eb02516af0beb7392abbab9b1c9ae70f5061ea193ff00dcdabdcb991b02bd4,btc-updown-5m-1777583700
"Bitcoin Up or Down - April 30, 5:15PM-5:20PM ET",Down,BUY,1.402595,0.7699998930553723,0xfd7587da43675da79a38ee054bb62f6da0bf76f70f1c61f664ebdbb17ff45aca,2026-05-01 00:16:00,0xb711c891c3020ece721e6ccfc8bb05187a0e471450cde63da3fc0fa10e1571cd,btc-updown-5m-1777583700
"Bitcoin Up or Down - April 30, 5:15PM-5:20PM ET",Down,BUY,1.42105,0.76,0xfd7587da43675da79a38ee054bb62f6da0bf76f70f1c61f664ebdbb17ff45aca,2026-05-01 00:16:00,0xa5251cf53786d52233aecdc0e24082c38d5a9189ba6810558c7c1e3016d8789f,btc-updown-5m-1777583700
"Bitcoin Up or Down - April 30, 5:15PM-5:20PM ET",Down,BUY,1.402595,0.7699998930553723,0xfd7587da43675da79a38ee054bb62f6da0bf76f70f1c61f664ebdbb17ff45aca,2026-05-01 00:16:00,0xf1173c61cbde485b65cb59c91caddb85f9868751c0eab7f43a8000a4a411938c,btc-updown-5m-1777583700
"Bitcoin Up or Down - April 30, 5:15PM-5:20PM ET",Down,BUY,1.434208,0.7599999442200852,0xfd7587da43675da79a38ee054bb62f6da0bf76f70f1c61f664ebdbb17ff45aca,2026-05-01 00:16:00,0xd4400cd55417924a1745b6f4260a4a1161a8d8e2d9522f3173d1ea90404f691c,btc-updown-5m-1777583700
"Bitcoin Up or Down - April 30, 5:15PM-5:20PM ET",Down,BUY,1.783332,0.5999998878503834,0xfd7587da43675da79a38ee054bb62f6da0bf76f70f1c61f664ebdbb17ff45aca,2026-05-01 00:15:44,0x81e71ffb6a3d28d0f08ec19bbbbed2f9ac94cd0eaaa31ccb7a2c31ecb07763a3,btc-updown-5m-1777583700
"Bitcoin Up or Down - April 30, 5:15PM-5:30PM ET",Down,BUY,1.827585,0.5799998358489482,0x0c7a56191fd39dc4c160dca1d1bbec23ccda60639c76feefb9e7bf420b29e2e9,2026-05-01 00:15:26,0xb12d862c199992fa469593f24a753cc1af35f25aba7e124a3055756021517e94,btc-updown-15m-1777583700
"Bitcoin Up or Down - April 30, 5:15PM-5:30PM ET",Down,BUY,1.827585,0.5799998358489482,0x0c7a56191fd39dc4c160dca1d1bbec23ccda60639c76feefb9e7bf420b29e2e9,2026-05-01 00:15:26,0x7561eb881ecf05aab35dbcf9fd6be24e39e08d9c8b46b256d83f91cfbf61245e,btc-updown-15m-1777583700
"Ethereum Up or Down - April 30, 5:00PM-5:15PM ET",Up,BUY,102,0.01,0xfe8ca8f430d258e443530978ad93bd91ff36079db3c92d6df69ae756fc95827d,2026-05-01 00:15:20,0x8cc51e94887b5c43b8292c5c8623e09765980d56cd3b15d42b635c67233d7272,eth-updown-15m-1777582800
"Bitcoin Up or Down - April 30, 5:15PM-5:20PM ET",Down,BUY,1.754097,0.609999903084037,0xfd7587da43675da79a38ee054bb62f6da0bf76f70f1c61f664ebdbb17ff45aca,2026-05-01 00:15:20,0x99017d149d294064baafc8a82f7bfdbfa4b0ab39063d149c64a08b5ac5b118b0,btc-updown-5m-1777583700
"Bitcoin Up or Down - April 30, 5:15PM-5:20PM ET",Down,BUY,1.783332,0.5999998878503834,0xfd7587da43675da79a38ee054bb62f6da0bf76f70f1c61f664ebdbb17ff45aca,2026-05-01 00:15:20,0xab805a2f91ac3877d6c155d771b9a392f1c61c2071746ab9cabf02927fe815bb,btc-updown-5m-1777583700
"Bitcoin Up or Down - April 30, 5:15PM-5:30PM ET",Down,BUY,1.892856,0.5599998098112059,0x0c7a56191fd39dc4c160dca1d1bbec23ccda60639c76feefb9e7bf420b29e2e9,2026-05-01 00:15:20,0x544a759892fff9b5156dde0695be64c7b623450d5458590ced9e29ab1b2220af,btc-updown-15m-1777583700
"Bitcoin Up or Down - April 30, 5:15PM-5:30PM ET",Down,BUY,1.827585,0.5799998358489482,0x0c7a56191fd39dc4c160dca1d1bbec23ccda60639c76feefb9e7bf420b29e2e9,2026-05-01 00:15:18,0x1cdbcbc60403b06b2851a4416671aea6f23fc8d839eab3b60ef5b9eb796b3c5b,btc-updown-15m-1777583700
"Bitcoin Up or Down - April 30, 5:15PM-5:20PM ET",Down,BUY,1.783332,0.5999998878503834,0xfd7587da43675da79a38ee054bb62f6da0bf76f70f1c61f664ebdbb17ff45aca,2026-05-01 00:15:18,0xe844410135dc2deec883cc37b2b32b90d55dd18ab0587870f7486b86499f0800,btc-updown-5m-1777583700
"Ethereum Up or Down - April 30, 5:00PM-5:15PM ET",Up,BUY,104,0.01,0xfe8ca8f430d258e443530978ad93bd91ff36079db3c92d6df69ae756fc95827d,2026-05-01 00:15:08,0x615e20ff1610097f6313f76feb26c0ba7b3659235ab61c3ecc1360a192567c8f,eth-updown-15m-1777582800
"Bitcoin Up or Down - April 30, 5:10PM-5:15PM ET",Up,BUY,1.172042,0.9299999488072953,0x7dd437d4c74909b8df5a4144b405589f93393bfc4696e6f1ddbb24327e600e37,2026-05-01 00:13:24,0x1f3620265b72c1f9de211742c06e0b11343f73ea995911e93da288cb3f1e9b41,btc-updown-5m-1777583400
"Bitcoin Up or Down - April 30, 5:10PM-5:15PM ET",Up,BUY,1.224718,0.8899999836697101,0x7dd437d4c74909b8df5a4144b405589f93393bfc4696e6f1ddbb24327e600e37,2026-05-01 00:13:18,0xee7336be0f3a06c515ac4e8ad756e9f7c7f8f36f9a8988134eb3253320f444e1,btc-updown-5m-1777583400
"Bitcoin Up or Down - April 30, 5:10PM-5:15PM ET",Up,BUY,1.238635,0.8799993541277293,0x7dd437d4c74909b8df5a4144b405589f93393bfc4696e6f1ddbb24327e600e37,2026-05-01 00:13:18,0x58aafd25957d1f85736c0309c21b5181599a94cc8f1ebe3c32ded0b62df35048,btc-updown-5m-1777583400
"Bitcoin Up or Down - April 30, 5:10PM-5:15PM ET",Up,BUY,1.238633,0.8799999677063344,0x7dd437d4c74909b8df5a4144b405589f93393bfc4696e6f1ddbb24327e600e37,2026-05-01 00:13:18,0x74b4ef9594d5c81aa6dfc5d082855345aa5e29f396245a4a37ac386a4b8d5267,btc-updown-5m-1777583400
"Ethereum Up or Down - April 30, 5:10PM-5:15PM ET",Up,BUY,1.384613,0.7799998988887148,0xe195f763a27e88e88fd46b1f9fe574412a49591c37c318eb1a132c591660aee2,2026-05-01 00:13:14,0xc954c471510867fa783fe6e95d65a804e2c3820f89e9ab08865a4d94809d07c0,eth-updown-5m-1777583400
"Ethereum Up or Down - April 30, 5:10PM-5:15PM ET",Up,BUY,1.384613,0.7799998988887148,0xe195f763a27e88e88fd46b1f9fe574412a49591c37c318eb1a132c591660aee2,2026-05-01 00:13:14,0xf73451ef2745564c78207a3e8a030bb9d83fdc8f555780a64e336b676b1042ee,eth-updown-5m-1777583400
"Bitcoin Up or Down - April 30, 5:10PM-5:15PM ET",Down,BUY,2.837836,0.3699998872380222,0x7dd437d4c74909b8df5a4144b405589f93393bfc4696e6f1ddbb24327e600e37,2026-05-01 00:12:56,0x5d5a237c57bb15fea3573b091c20bceac15de221a87a1198dba599992fcb82c4,btc-updown-5m-1777583400
"Bitcoin Up or Down - April 30, 5:10PM-5:15PM ET",Down,BUY,2.837836,0.3699998872380222,0x7dd437d4c74909b8df5a4144b405589f93393bfc4696e6f1ddbb24327e600e37,2026-05-01 00:12:56,0xbafe63e5e92e284839d4200e187ea81efd671a93a8e09006cbd11fdce599d562,btc-updown-5m-1777583400
"Ethereum Up or Down - April 30, 5:10PM-5:15PM ET",Up,BUY,1.3625,0.8,0xe195f763a27e88e88fd46b1f9fe574412a49591c37c318eb1a132c591660aee2,2026-05-01 00:12:24,0x7de77cc6b3ead012c78388845add59a1709411e7e694d5163083e5d8a214e455,eth-updown-5m-1777583400
"Bitcoin Up or Down - April 30, 5:10PM-5:15PM ET",Up,BUY,1.550722,0.6899998839250362,0x7dd437d4c74909b8df5a4144b405589f93393bfc4696e6f1ddbb24327e600e37,2026-05-01 00:12:22,0xd3c4828b71754dbeef448dd1178d0e5dd9c9384babe1bb9a9ec5d9abe3ee28ee,btc-updown-5m-1777583400
"Ethereum Up or Down - April 30, 5:00PM-5:15PM ET",Down,BUY,1.101,0.99,0xfe8ca8f430d258e443530978ad93bd91ff36079db3c92d6df69ae756fc95827d,2026-05-01 00:12:18,0xf36ce7393573bc3ce2c158ad6a5b199fe40dc1cfd6bcdd308acc268b6122028a,eth-updown-15m-1777582800
"Ethereum Up or Down - April 30, 5:00PM-5:15PM ET",Down,BUY,1.101,0.99,0xfe8ca8f430d258e443530978ad93bd91ff36079db3c92d6df69ae756fc95827d,2026-05-01 00:12:18,0xaf3823eb9b0c9db0559d02e184df7bab83b40618835e68a6359ae2c483642c93,eth-updown-15m-1777582800
"Bitcoin Up or Down - April 30, 5:10PM-5:15PM ET",Down,BUY,1.927271,0.5499999740565805,0x7dd437d4c74909b8df5a4144b405589f93393bfc4696e6f1ddbb24327e600e37,2026-05-01 00:11:56,0x9cd65b2864b502a653e0ff9139dc9acc0cccff5f551d67ab3c45749bb5a6b7fb,btc-updown-5m-1777583400
"Bitcoin Up or Down - April 30, 5:10PM-5:15PM ET",Down,BUY,2.208332,0.47999983698103366,0x7dd437d4c74909b8df5a4144b405589f93393bfc4696e6f1ddbb24327e600e37,2026-05-01 00:11:32,0xb87b3e24c5ffa89db006be0c891622249b5ce6527e30cf93f3fd6de53da7d645,btc-updown-5m-1777583400
"Bitcoin Up or Down - April 30, 5:10PM-5:15PM ET",Up,BUY,1.844826,0.5799999566354768,0x7dd437d4c74909b8df5a4144b405589f93393bfc4696e6f1ddbb24327e600e37,2026-05-01 00:10:18,0xb564be117cf0b28d92117ea05031486fcb6d33123f0eaca6a42201052cecb0ba,btc-updown-5m-1777583400
"Bitcoin Up or Down - April 30, 5:10PM-5:15PM ET",Up,BUY,1.844826,0.5799999566354768,0x7dd437d4c74909b8df5a4144b405589f93393bfc4696e6f1ddbb24327e600e37,2026-05-01 00:10:18,0x06c11e96a6c88083a50e384485527b749c3fb1b5a5e4a0501534349d6529d12f,btc-updown-5m-1777583400
"Bitcoin Up or Down - April 30, 5:10PM-5:15PM ET",Up,BUY,1.783332,0.5999998878503834,0x7dd437d4c74909b8df5a4144b405589f93393bfc4696e6f1ddbb24327e600e37,2026-05-01 00:10:18,0xdd5ed5c2e2fddac1ccbed8de12f625189d7ddb2540e83355ffbe9a8349392c73,btc-updown-5m-1777583400
"Bitcoin Up or Down - April 30, 5:10PM-5:15PM ET",Up,BUY,1.783332,0.5999998878503834,0x7dd437d4c74909b8df5a4144b405589f93393bfc4696e6f1ddbb24327e600e37,2026-05-01 00:10:18,0x4b32b498054912ff09f5217eaea651a294367a023a9f5b2d27f04d81f16f63c2,btc-updown-5m-1777583400
"Ethereum Up or Down - April 30, 5:05PM-5:10PM ET",Down,BUY,1.1354,0.96,0xedb716c0f878f1d5a5b34a480c0fdcf7a86b72ba4ed50f961f05a8f82c7301bc,2026-05-01 00:08:22,0xe755a6626112d5836d34075694c07487d1af9fce4f2151f0a233423f50b55fb6,eth-updown-5m-1777583100
"Ethereum Up or Down - April 30, 5:05PM-5:10PM ET",Down,BUY,1.238633,0.8799999677063344,0xedb716c0f878f1d5a5b34a480c0fdcf7a86b72ba4ed50f961f05a8f82c7301bc,2026-05-01 00:07:56,0x293d01b8941ea6fa17cdf63a735b6c017035ccf64c8642463cf08304f59c85ed,eth-updown-5m-1777583100
"Ethereum Up or Down - April 30, 5:05PM-5:10PM ET",Down,BUY,1.21111,0.9,0xedb716c0f878f1d5a5b34a480c0fdcf7a86b72ba4ed50f961f05a8f82c7301bc,2026-05-01 00:07:56,0xca82a3936008fd444997fecc00f6a611776d3bffcaa3af252bb1a87733214696,eth-updown-5m-1777583100
"Ethereum Up or Down - April 30, 5:05PM-5:10PM ET",Down,BUY,1.224718,0.8899999836697101,0xedb716c0f878f1d5a5b34a480c0fdcf7a86b72ba4ed50f961f05a8f82c7301bc,2026-05-01 00:07:56,0x4da1a32eef37237bcb592b15d61e6582fea16592ccb306ec40beddc465925f8f,eth-updown-5m-1777583100
"Bitcoin Up or Down - April 30, 5:05PM-5:10PM ET",Down,BUY,2.355554,0.4499998726414253,0x150851b6149c4c94d8415d493bc6c81cfe0906c2483f4dcf0399b1a1bfa09739,2026-05-01 00:07:48,0x792b5ab52e69cc52a257a0c4d49a18ac4d6711f610df756d0ff158cc9726ae74,btc-updown-5m-1777583100
"Bitcoin Up or Down - April 30, 5:05PM-5:10PM ET",Up,BUY,1.910713,0.5599998534578453,0x150851b6149c4c94d8415d493bc6c81cfe0906c2483f4dcf0399b1a1bfa09739,2026-05-01 00:07:46,0xe9b27f0d66f8ab4c2baf65f00236179ef350251b0c9cafe3446a40273fbc39ba,btc-updown-5m-1777583100
"Bitcoin Up or Down - April 30, 5:05PM-5:10PM ET",Up,BUY,1.884209,0.5625697573889096,0x150851b6149c4c94d8415d493bc6c81cfe0906c2483f4dcf0399b1a1bfa09739,2026-05-01 00:07:46,0x45b5c5f8df2d64ec04a4cc77925e2a1b8a7d1f9eafdeb24d14e8e37807655528,btc-updown-5m-1777583100
"Ethereum Up or Down - April 30, 5:05PM-5:10PM ET",Down,BUY,1.44,0.75,0xedb716c0f878f1d5a5b34a480c0fdcf7a86b72ba4ed50f961f05a8f82c7301bc,2026-05-01 00:07:06,0xe07f70bb070f8bda5f1d408f6acf49cb37bf0e50fc24d531880b48783d23ee31,eth-updown-5m-1777583100
"Bitcoin Up or Down - April 30, 5:05PM-5:10PM ET",Down,BUY,2.12,0.5,0x150851b6149c4c94d8415d493bc6c81cfe0906c2483f4dcf0399b1a1bfa09739,2026-05-01 00:07:00,0xf95f4a72bd1b3240263b620555ba567932cdf12ea3998950b004ec5e0f8c8bb3,btc-updown-5m-1777583100
"Bitcoin Up or Down - April 30, 5:05PM-5:10PM ET",Down,BUY,2.12,0.5,0x150851b6149c4c94d8415d493bc6c81cfe0906c2483f4dcf0399b1a1bfa09739,2026-05-01 00:06:58,0x46b68ecbe6b0f25e05453b03211d6948520fcd2c314f9d9b2935d907234c86ca,btc-updown-5m-1777583100
"Bitcoin Up or Down - April 30, 5:05PM-5:10PM ET",Up,BUY,1.479451,0.7299998445369262,0x150851b6149c4c94d8415d493bc6c81cfe0906c2483f4dcf0399b1a1bfa09739,2026-05-01 00:06:24,0xe5483657d148439f90f425a6e71b741eb6a026b21419341c93549c5ffc2be6e5,btc-updown-5m-1777583100
"Bitcoin Up or Down - April 30, 5:05PM-5:10PM ET",Up,BUY,1.479451,0.7299998445369262,0x150851b6149c4c94d8415d493bc6c81cfe0906c2483f4dcf0399b1a1bfa09739,2026-05-01 00:06:24,0xb4950cebda443beaa19bf195e22000d0b8418ad73a3201a23fc2cbd34d5555f8,btc-updown-5m-1777583100
"Bitcoin Up or Down - April 30, 5:05PM-5:10PM ET",Up,BUY,1.87719,0.5699998401866619,0x150851b6149c4c94d8415d493bc6c81cfe0906c2483f4dcf0399b1a1bfa09739,2026-05-01 00:06:02,0x8131e356d1d8705cdf5e14431708f5735d00620cd8b1fc2560d2dff501adf450,btc-updown-5m-1777583100
"Bitcoin Up or Down - April 30, 5:05PM-5:10PM ET",Down,BUY,2.355554,0.4499998726414253,0x150851b6149c4c94d8415d493bc6c81cfe0906c2483f4dcf0399b1a1bfa09739,2026-05-01 00:05:58,0xc68de5ec09c2854150c8dea604553f5343de2d04f8c16f314cc92a9aae677b56,btc-updown-5m-1777583100
"Bitcoin Up or Down - April 30, 5:05PM-5:10PM ET",Down,BUY,2.355554,0.4499998726414253,0x150851b6149c4c94d8415d493bc6c81cfe0906c2483f4dcf0399b1a1bfa09739,2026-05-01 00:05:58,0x8a79fae7b91a994be00794104f1c61302ddc0036dad4312c82853e30291cb912,btc-updown-5m-1777583100
"Bitcoin Up or Down - April 30, 5:05PM-5:10PM ET",Down,BUY,2.355554,0.4499998726414253,0x150851b6149c4c94d8415d493bc6c81cfe0906c2483f4dcf0399b1a1bfa09739,2026-05-01 00:05:58,0x2b32b3b8f4c967cd939d1b0978309f13835d035558bb7c4d355bc0d7d2e11d99,btc-updown-5m-1777583100
"Bitcoin Up or Down - April 30, 5:05PM-5:10PM ET",Down,BUY,2.355554,0.4499998726414253,0x150851b6149c4c94d8415d493bc6c81cfe0906c2483f4dcf0399b1a1bfa09739,2026-05-01 00:05:58,0xe171e9f975bd440395950b4ed0fd7b207faa463aa1e2813fd73e036a1d81b322,btc-updown-5m-1777583100
"Ethereum Up or Down - April 30, 5:05PM-5:10PM ET",Up,BUY,1.479451,0.7299998445369262,0xedb716c0f878f1d5a5b34a480c0fdcf7a86b72ba4ed50f961f05a8f82c7301bc,2026-05-01 00:05:44,0xb8c4cbe80a1ec29846a76864a6c20d3874b6f3c962173fa995d7ccf49f2072ec,eth-updown-5m-1777583100
"Bitcoin Up or Down - April 30, 5:05PM-5:10PM ET",Up,BUY,1.588234,0.6799999244443828,0x150851b6149c4c94d8415d493bc6c81cfe0906c2483f4dcf0399b1a1bfa09739,2026-05-01 00:05:44,0x1d01b989246e1f913480bdd4138b7c568539769255bc05d8a7eeea6a80ba0b2f,btc-updown-5m-1777583100
"Bitcoin Up or Down - April 30, 5:05PM-5:10PM ET",Up,BUY,1.565216,0.6899999744444217,0x150851b6149c4c94d8415d493bc6c81cfe0906c2483f4dcf0399b1a1bfa09739,2026-05-01 00:05:30,0x71680498015cc95337c052ebf5400593701521d702ad767d6e45bf9d09241982,btc-updown-5m-1777583100
"Bitcoin Up or Down - April 30, 5:05PM-5:10PM ET",Up,BUY,1.550722,0.6899998839250362,0x150851b6149c4c94d8415d493bc6c81cfe0906c2483f4dcf0399b1a1bfa09739,2026-05-01 00:05:30,0x179e1b83354d74816664077a420241833a150be8fd86148cd42c9bcfd273ecc8,btc-updown-5m-1777583100
"Bitcoin Up or Down - April 30, 5:05PM-5:10PM ET",Up,BUY,1.844826,0.5799999566354768,0x150851b6149c4c94d8415d493bc6c81cfe0906c2483f4dcf0399b1a1bfa09739,2026-05-01 00:05:24,0x0dc7ffbc0419450cadd735014a0a1fd41af8e17422a8e3914a4a41d86c9653e7,btc-updown-5m-1777583100
"Bitcoin Up or Down - April 30, 5:05PM-5:10PM ET",Up,BUY,1.892856,0.5599998098112059,0x150851b6149c4c94d8415d493bc6c81cfe0906c2483f4dcf0399b1a1bfa09739,2026-05-01 00:05:24,0x703134484edd89cfec47654eb2b644927c213c33480a94e0ca2d77320fac2df7,btc-updown-5m-1777583100
"Bitcoin Up or Down - April 30, 5:05PM-5:10PM ET",Up,BUY,1.892856,0.5599998098112059,0x150851b6149c4c94d8415d493bc6c81cfe0906c2483f4dcf0399b1a1bfa09739,2026-05-01 00:05:24,0x4210b80453e19d1cff5bbda77a7fd69dfcd27fc0784c1a42157bf06733af2f26,btc-updown-5m-1777583100
"Bitcoin Up or Down - April 30, 5:00PM-5:05PM ET",Down,BUY,5.421051,0.1899998727184083,0x1f3ceb71d63d740a4a65eb8c12c6cd66145872978fb1ab514a558bbb8aebcb88,2026-05-01 00:03:08,0x667fce84e73edcd7442e857c066c32fc492d984b1ee55928ee99f122ea4a834b,btc-updown-5m-1777582800
"Bitcoin Up or Down - April 30, 5:00PM-5:05PM ET",Up,BUY,1.313252,0.8299998781650437,0x1f3ceb71d63d740a4a65eb8c12c6cd66145872978fb1ab514a558bbb8aebcb88,2026-05-01 00:02:58,0x95d60dc703dfd12ed35e982558fc85c94f5fd9144b8e867d5e91665ed4103555,btc-updown-5m-1777582800
"Bitcoin Up or Down - April 30, 5:00PM-5:05PM ET",Up,BUY,1.379742,0.7899998695408272,0x1f3ceb71d63d740a4a65eb8c12c6cd66145872978fb1ab514a558bbb8aebcb88,2026-05-01 00:02:36,0x0ad0e79017194bf767a07fd5d5c33a88861251eb44e12903491b4758d2ead593,btc-updown-5m-1777582800
"Bitcoin Up or Down - April 30, 5:00PM-5:05PM ET",Up,BUY,1.42105,0.76,0x1f3ceb71d63d740a4a65eb8c12c6cd66145872978fb1ab514a558bbb8aebcb88,2026-05-01 00:02:30,0x4c4a008af348b87b88ae9f42b6122de6f75bcf4d6c7be8ba9dbc6bed2483be47,btc-updown-5m-1777582800
"Bitcoin Up or Down - April 30, 5:00PM-5:05PM ET",Up,BUY,1.53521,0.7099999348623315,0x1f3ceb71d63d740a4a65eb8c12c6cd66145872978fb1ab514a558bbb8aebcb88,2026-05-01 00:01:26,0xe5e8ac386ad0465dd58c913792d8974e0421aff229ccaaecbb93b65fcf80a35e,btc-updown-5m-1777582800
"Bitcoin Up or Down - April 30, 5:00PM-5:15PM ET",Up,BUY,1.69841,0.6299998233642053,0x4c7583665e968ad4d472ebcd87dee8f396d4200db8e8a0e1f8bc78a452f74c55,2026-05-01 00:01:24,0x53578d878208b996825cc02881ff6ea0f848e0604d14e745adbbcfeee11620f6,btc-updown-15m-1777582800
"Bitcoin Up or Down - April 30, 5:00PM-5:05PM ET",Up,BUY,1.542856,0.6999998703702743,0x1f3ceb71d63d740a4a65eb8c12c6cd66145872978fb1ab514a558bbb8aebcb88,2026-05-01 00:01:24,0x7c0e0c893a8f3759dfaa563605861093aafc24fed119890250cc2e61aad2b561,btc-updown-5m-1777582800
"Bitcoin Up or Down - April 30, 5:00PM-5:05PM ET",Up,BUY,1.521124,0.709999973703656,0x1f3ceb71d63d740a4a65eb8c12c6cd66145872978fb1ab514a558bbb8aebcb88,2026-05-01 00:01:24,0x9c7dc5897028382c6b403e8dd5ee234e3e10c4b33ab4ca440d311841d7388f58,btc-updown-5m-1777582800
"Bitcoin Up or Down - April 30, 5:00PM-5:05PM ET",Up,BUY,1.521124,0.709999973703656,0x1f3ceb71d63d740a4a65eb8c12c6cd66145872978fb1ab514a558bbb8aebcb88,2026-05-01 00:01:24,0xdc78189b609f185e43394a9287d1108ce84f98f19acb404d5344bfb978270458,btc-updown-5m-1777582800
"Bitcoin Up or Down - April 30, 5:00PM-5:15PM ET",Up,BUY,1.69841,0.6299998233642053,0x4c7583665e968ad4d472ebcd87dee8f396d4200db8e8a0e1f8bc78a452f74c55,2026-05-01 00:01:24,0xfe52d3847fec2a3349b298473e1cf6ae1a7e02d91a2923c0adfb642b2c4c974b,btc-updown-15m-1777582800
"Bitcoin Up or Down - April 30, 5:00PM-5:05PM ET",Up,BUY,1.521124,0.709999973703656,0x1f3ceb71d63d740a4a65eb8c12c6cd66145872978fb1ab514a558bbb8aebcb88,2026-05-01 00:01:22,0xbe3019e7b73a0d8c683fa932607720f0924ad6a9e1f64f153c55cd9612cba794,btc-updown-5m-1777582800
"Bitcoin Up or Down - April 30, 5:00PM-5:15PM ET",Up,BUY,1.69841,0.6299998233642053,0x4c7583665e968ad4d472ebcd87dee8f396d4200db8e8a0e1f8bc78a452f74c55,2026-05-01 00:01:22,0x076698577676b8674b20295c1819907a25a674d1672ee28d48fe3b1d1eb599ce,btc-updown-15m-1777582800
"Bitcoin Up or Down - April 30, 5:00PM-5:05PM ET",Up,BUY,1.542856,0.6999998703702743,0x1f3ceb71d63d740a4a65eb8c12c6cd66145872978fb1ab514a558bbb8aebcb88,2026-05-01 00:01:22,0xc7d5ae6ff471998d1fc7417af1c4a6043e23f5f683766c8cb726991704db5875,btc-updown-5m-1777582800
"Bitcoin Up or Down - April 30, 5:00PM-5:15PM ET",Up,BUY,1.87719,0.5699998401866619,0x4c7583665e968ad4d472ebcd87dee8f396d4200db8e8a0e1f8bc78a452f74c55,2026-05-01 00:00:46,0x6eeb702cf2884641a2d4787b99228a6f0e616246f96ffccb05d88d9f992e6e24,btc-updown-15m-1777582800
"Bitcoin Up or Down - April 30, 5:00PM-5:15PM ET",Up,BUY,1.859648,0.5699998064149775,0x4c7583665e968ad4d472ebcd87dee8f396d4200db8e8a0e1f8bc78a452f74c55,2026-05-01 00:00:44,0x4da0f9d4c1afc398370924019b3f5f42ba8b2f0a8467e945a7d84c837b251d81,btc-updown-15m-1777582800
"Bitcoin Up or Down - April 30, 5:00PM-5:15PM ET",Up,BUY,1.859648,0.5699998064149775,0x4c7583665e968ad4d472ebcd87dee8f396d4200db8e8a0e1f8bc78a452f74c55,2026-05-01 00:00:44,0x69e705403f3e72233c990ed2675a31ae52cf020c45035018e3ed89f899fbce3d,btc-updown-15m-1777582800
"Bitcoin Up or Down - April 30, 5:00PM-5:15PM ET",Up,BUY,1.87719,0.5699998401866619,0x4c7583665e968ad4d472ebcd87dee8f396d4200db8e8a0e1f8bc78a452f74c55,2026-05-01 00:00:44,0x5b0e8f3fdd92ad8dfea9063a058217243bb8375ffddeacf3d075fd31d229e90c,btc-updown-15m-1777582800
"Bitcoin Up or Down - April 30, 5:00PM-5:15PM ET",Down,BUY,2.431817,0.4399998026167265,0x4c7583665e968ad4d472ebcd87dee8f396d4200db8e8a0e1f8bc78a452f74c55,2026-05-01 00:00:44,0x711de3fa1696f39fa996b9e951a6be5055a199536d73472c645659128288274d,btc-updown-15m-1777582800
"Bitcoin Up or Down - April 30, 5:00PM-5:05PM ET",Down,BUY,2.717947,0.38999987858482893,0x1f3ceb71d63d740a4a65eb8c12c6cd66145872978fb1ab514a558bbb8aebcb88,2026-05-01 00:00:44,0x1f8ebdcee9462216805278dc908007e6776799b7e6b6da18ccd55927a4d3d8af,btc-updown-5m-1777582800
"Bitcoin Up or Down - April 30, 5:00PM-5:15PM ET",Up,BUY,1.892856,0.5599998098112059,0x4c7583665e968ad4d472ebcd87dee8f396d4200db8e8a0e1f8bc78a452f74c55,2026-05-01 00:00:42,0x9d8c4434bfe2ccafeb96b9df152d36bbc03fc9d40e61646a8a54a4375fc27e05,btc-updown-15m-1777582800
"Bitcoin Up or Down - April 30, 5:00PM-5:15PM ET",Up,BUY,1.910713,0.5599998534578453,0x4c7583665e968ad4d472ebcd87dee8f396d4200db8e8a0e1f8bc78a452f74c55,2026-05-01 00:00:42,0x277acb967b9b4767cede41dffd3401963a920bda63aaeea568b6a0a46baf8600,btc-updown-15m-1777582800
"Bitcoin Up or Down - April 30, 5:00PM-5:15PM ET",Up,BUY,1.892856,0.5599998098112059,0x4c7583665e968ad4d472ebcd87dee8f396d4200db8e8a0e1f8bc78a452f74c55,2026-05-01 00:00:42,0x34df8739fc1ae945307e1101c70ceed153fd750f0149073104ff24bec0b57497,btc-updown-15m-1777582800
"Bitcoin Up or Down - April 30, 5:00PM-5:05PM ET",Down,BUY,2.355554,0.4499998726414253,0x1f3ceb71d63d740a4a65eb8c12c6cd66145872978fb1ab514a558bbb8aebcb88,2026-05-01 00:00:40,0x186d6a9e05f4d1af9a4a756b472c0bc28ae48e41c594f3c5e4ab52bbda02c355,btc-updown-5m-1777582800
"Bitcoin Up or Down - April 30, 5:00PM-5:05PM ET",Down,BUY,2.229165,0.47999991028030675,0x1f3ceb71d63d740a4a65eb8c12c6cd66145872978fb1ab514a558bbb8aebcb88,2026-05-01 00:00:40,0x34e9926bfec7bee319e3ea8472a24aff6d79c28a6c4122543bde099bcaea46d3,btc-updown-5m-1777582800
"Bitcoin Up or Down - April 30, 5:00PM-5:15PM ET",Down,BUY,2.163264,0.4899998335848052,0x4c7583665e968ad4d472ebcd87dee8f396d4200db8e8a0e1f8bc78a452f74c55,2026-05-01 00:00:40,0xff95a5179821e7df7a1e6374ab73b9232ed2287655e929e1b8a9ac57816f1cd2,btc-updown-15m-1777582800
"Bitcoin Up or Down - April 30, 5:00PM-5:15PM ET",Down,BUY,2.229165,0.47999991028030675,0x4c7583665e968ad4d472ebcd87dee8f396d4200db8e8a0e1f8bc78a452f74c55,2026-05-01 00:00:40,0x4504cba02d15bdc696dba86ab3f3e5f524c9dd3aa3e95a004e300b7c75723e9f,btc-updown-15m-1777582800
"Bitcoin Up or Down - April 30, 5:00PM-5:05PM ET",Down,BUY,2.208332,0.47999983698103366,0x1f3ceb71d63d740a4a65eb8c12c6cd66145872978fb1ab514a558bbb8aebcb88,2026-05-01 00:00:40,0xa24632d73ae63b4dd405c3b7aa370afda6f106a4aad3b2110a3acba34805b10c,btc-updown-5m-1777582800
"Bitcoin Up or Down - April 30, 5:00PM-5:05PM ET",Up,BUY,2.163264,0.4899998335848052,0x1f3ceb71d63d740a4a65eb8c12c6cd66145872978fb1ab514a558bbb8aebcb88,2026-05-01 00:00:32,0xbe847c3192a844aed37a1b7552ff1dd8e675a7281bb48a3870885125cb96d801,btc-updown-5m-1777582800
"Bitcoin Up or Down - April 30, 5:00PM-5:15PM ET",Up,BUY,2.12,0.5,0x4c7583665e968ad4d472ebcd87dee8f396d4200db8e8a0e1f8bc78a452f74c55,2026-05-01 00:00:32,0xe702d77adafde051828a49dba8ed8fc36e3f832c3eff6169edbfe19b06a28bb4,btc-updown-15m-1777582800
"Bitcoin Up or Down - April 30, 5:00PM-5:15PM ET",Up,BUY,2.12,0.5,0x4c7583665e968ad4d472ebcd87dee8f396d4200db8e8a0e1f8bc78a452f74c55,2026-05-01 00:00:32,0x15eaf8edd250bfe046dc98669b6c3015fa752b09fec5fb9415d636ad20f174e1,btc-updown-15m-1777582800
"Bitcoin Up or Down - April 30, 5:00PM-5:15PM ET",Up,BUY,2.12,0.5,0x4c7583665e968ad4d472ebcd87dee8f396d4200db8e8a0e1f8bc78a452f74c55,2026-05-01 00:00:32,0x81e50ebcfcd61343436919ca82e81458a8eed8987c9e4c6f742e04224cfad6dd,btc-updown-15m-1777582800
"Bitcoin Up or Down - April 30, 5:00PM-5:05PM ET",Down,BUY,1.98148,0.5399998990653451,0x1f3ceb71d63d740a4a65eb8c12c6cd66145872978fb1ab514a558bbb8aebcb88,2026-05-01 00:00:30,0xcea0b6f805c34654a85890cfa8873b4cedad221a5bca87633e9111b29302babb,btc-updown-5m-1777582800
"Bitcoin Up or Down - April 30, 5:00PM-5:05PM ET",Down,BUY,1.927271,0.5499999740565805,0x1f3ceb71d63d740a4a65eb8c12c6cd66145872978fb1ab514a558bbb8aebcb88,2026-05-01 00:00:28,0xe720b8e3e4edad9916907ea34e37984c4b3ac8a4fe1cf671646249882e3355cd,btc-updown-5m-1777582800
"Bitcoin Up or Down - April 30, 5:00PM-5:15PM ET",Down,BUY,2.018866,0.5299995145789765,0x4c7583665e968ad4d472ebcd87dee8f396d4200db8e8a0e1f8bc78a452f74c55,2026-05-01 00:00:28,0x7d29cf51c5988f30388fd0f18d5b431c9e21bef05e00e25616a87c58a557d5f9,btc-updown-15m-1777582800
"Bitcoin Up or Down - April 30, 5:00PM-5:05PM ET",Down,BUY,1.96296,0.5399997962261075,0x1f3ceb71d63d740a4a65eb8c12c6cd66145872978fb1ab514a558bbb8aebcb88,2026-05-01 00:00:26,0x5322cb223bd076b13770ce0c2b206af3fce2121114f5650eb803496327b1c39a,btc-updown-5m-1777582800
"Bitcoin Up or Down - April 30, 5:00PM-5:15PM ET",Down,BUY,2,0.53,0x4c7583665e968ad4d472ebcd87dee8f396d4200db8e8a0e1f8bc78a452f74c55,2026-05-01 00:00:26,0x493d8a17782ee3f1c11bf5fb9a17661a640c64cece9962a58df2fad476e82c36,btc-updown-15m-1777582800
"Ethereum Up or Down - April 30, 4:55PM-5:00PM ET",Up,BUY,1.459457,0.7399998766664588,0x3d47f26f18c5ce81922bd0bf20dba5bf921942035d974a985b592b561ca0b487,2026-04-30 23:58:42,0x45b341a562328a9f1a00f292216bb84aa445ef73f69509b6831b142164e8c92f,eth-updown-5m-1777582500
"Ethereum Up or Down - April 30, 4:55PM-5:00PM ET",Up,BUY,1.345678,0.8099998662384315,0x3d47f26f18c5ce81922bd0bf20dba5bf921942035d974a985b592b561ca0b487,2026-04-30 23:58:32,0xd290a2c13fb423edfdb2c831088d11c32d779f58579814e7af01a1e366fdcd2a,eth-updown-5m-1777582500
"Ethereum Up or Down - April 30, 4:55PM-5:00PM ET",Up,BUY,1.379742,0.7899998695408272,0x3d47f26f18c5ce81922bd0bf20dba5bf921942035d974a985b592b561ca0b487,2026-04-30 23:58:32,0x5cbfcfab4b668e107f416debdd0c0227895bd907804a75a48a8a05bd92063b9c,eth-updown-5m-1777582500
"Bitcoin Up or Down - April 30, 4:55PM-5:00PM ET",Down,BUY,1.5,0.72,0x5fef57ecf727c9d985354d20d72930ac80c53407f087e0d2d6b2f764f15592a5,2026-04-30 23:58:00,0x82b6370944dc6b91b341a96faab6441a7cb94c39dae3e762eb1159b875fcacbb,btc-updown-5m-1777582500
"Bitcoin Up or Down - April 30, 4:55PM-5:00PM ET",Down,BUY,1.479451,0.7299998445369262,0x5fef57ecf727c9d985354d20d72930ac80c53407f087e0d2d6b2f764f15592a5,2026-04-30 23:58:00,0x4f6d9924f516e589acee50efe5b52a7c052e2f81284ef5d97915c406823a4807,btc-updown-5m-1777582500
"Bitcoin Up or Down - April 30, 4:55PM-5:00PM ET",Down,BUY,1.479451,0.7299998445369262,0x5fef57ecf727c9d985354d20d72930ac80c53407f087e0d2d6b2f764f15592a5,2026-04-30 23:58:00,0x95cd2170325430a794c41b03aa587c39eb1cc53ca3f4e90c413e689a0f4f2685,btc-updown-5m-1777582500
"Bitcoin Up or Down - April 30, 4:55PM-5:00PM ET",Down,BUY,1.646151,0.6499999088783471,0x5fef57ecf727c9d985354d20d72930ac80c53407f087e0d2d6b2f764f15592a5,2026-04-30 23:57:54,0x1f449b3a0c630fa80db05a9ad0fb3067ebf1a9f07d0cf86a65c654d72ceb06a9,btc-updown-5m-1777582500
"Bitcoin Up or Down - April 30, 4:55PM-5:00PM ET",Down,BUY,1.550722,0.6899998839250362,0x5fef57ecf727c9d985354d20d72930ac80c53407f087e0d2d6b2f764f15592a5,2026-04-30 23:57:40,0x3e8227a9a75946b3502f44cf551e978a46e4366698d6bd521c6f4dffa531d71c,btc-updown-5m-1777582500
"Bitcoin Up or Down - April 30, 4:55PM-5:00PM ET",Down,BUY,1.894734,0.5699997994441436,0x5fef57ecf727c9d985354d20d72930ac80c53407f087e0d2d6b2f764f15592a5,2026-04-30 23:57:40,0xa01b1a393747ce4919b1e6bb8fb02a35c582ab39259c9b648ea685c376f7a86d,btc-updown-5m-1777582500
"Bitcoin Up or Down - April 30, 4:55PM-5:00PM ET",Up,BUY,2.163264,0.4899998335848052,0x5fef57ecf727c9d985354d20d72930ac80c53407f087e0d2d6b2f764f15592a5,2026-04-30 23:56:14,0xda8c08f857468ca108e5581c1822d3854e353650ebb827f76d8a89df5a553786,btc-updown-5m-1777582500
"Bitcoin Up or Down - April 30, 4:55PM-5:00PM ET",Up,BUY,2.163264,0.4899998335848052,0x5fef57ecf727c9d985354d20d72930ac80c53407f087e0d2d6b2f764f15592a5,2026-04-30 23:56:14,0x1b346dda02008f9db1c4c558437fa8f70f3e3c530104b8880e6627abe6abb246,btc-updown-5m-1777582500
"Bitcoin Up or Down - April 30, 4:55PM-5:00PM ET",Up,BUY,2.163264,0.4899998335848052,0x5fef57ecf727c9d985354d20d72930ac80c53407f087e0d2d6b2f764f15592a5,2026-04-30 23:56:14,0xbec8b5ad98ef64a84b45bd1867a2ab9a68643b24ccdf58db27bacc25f80148e6,btc-updown-5m-1777582500
"Bitcoin Up or Down - April 30, 4:55PM-5:00PM ET",Up,BUY,2.163264,0.4899998335848052,0x5fef57ecf727c9d985354d20d72930ac80c53407f087e0d2d6b2f764f15592a5,2026-04-30 23:56:12,0xa5eec585ee890e333c21a04268143eee386fa510ff8e7cb44a3298d3ca2186cd,btc-updown-5m-1777582500
"Bitcoin Up or Down - April 30, 4:55PM-5:00PM ET",Down,BUY,1.813558,0.5899998786915004,0x5fef57ecf727c9d985354d20d72930ac80c53407f087e0d2d6b2f764f15592a5,2026-04-30 23:56:08,0xfe0de0f9ea2d0c22ff21b39e5489b554a9e3d45a5142a3d4546f0bafbf6d18a4,btc-updown-5m-1777582500
"Bitcoin Up or Down - April 30, 4:55PM-5:00PM ET",Down,BUY,1.813558,0.5899998786915004,0x5fef57ecf727c9d985354d20d72930ac80c53407f087e0d2d6b2f764f15592a5,2026-04-30 23:56:08,0x5352960c36661904dc94f1384fb44cd66d1385d01f9d1e55d76f316d53aab099,btc-updown-5m-1777582500
"Bitcoin Up or Down - April 30, 4:55PM-5:00PM ET",Down,BUY,1.796609,0.5899998274527178,0x5fef57ecf727c9d985354d20d72930ac80c53407f087e0d2d6b2f764f15592a5,2026-04-30 23:56:08,0xacdd4505801bb497fd1b229919587a22cc3d5a3b2f945ff2c0990ede5be89b4e,btc-updown-5m-1777582500
"Bitcoin Up or Down - April 30, 4:55PM-5:00PM ET",Down,BUY,2.057691,0.5199998444858824,0x5fef57ecf727c9d985354d20d72930ac80c53407f087e0d2d6b2f764f15592a5,2026-04-30 23:55:44,0xf9ce384c15a8126cd886cdd6a1f60bee9266fe68a51b5ad67eadcf9b0a454ada,btc-updown-5m-1777582500
"Bitcoin Up or Down - April 30, 4:55PM-5:00PM ET",Down,BUY,2.03846,0.5199999018867184,0x5fef57ecf727c9d985354d20d72930ac80c53407f087e0d2d6b2f764f15592a5,2026-04-30 23:55:40,0x18485ac150e9263c9399c3630bf9555cedd4d6857295d96eb01872b006539e0d,btc-updown-5m-1777582500
"Bitcoin Up or Down - April 30, 4:55PM-5:00PM ET",Down,BUY,2.12,0.5,0x5fef57ecf727c9d985354d20d72930ac80c53407f087e0d2d6b2f764f15592a5,2026-04-30 23:55:22,0x7ea3f7973177dd5b30b100cfad36a8720bc3c6a03acf34d95947b977073fd290,btc-updown-5m-1777582500
"Bitcoin Up or Down - April 30, 4:55PM-5:00PM ET",Up,BUY,2.057691,0.5199998444858824,0x5fef57ecf727c9d985354d20d72930ac80c53407f087e0d2d6b2f764f15592a5,2026-04-30 23:55:12,0x1da11024606490a1b7a42e8e824d3e8e2baec29ed0fed5079699cee1faffa9e7,btc-updown-5m-1777582500
"Bitcoin Up or Down - April 30, 4:55PM-5:00PM ET",Up,BUY,2.03846,0.5199999018867184,0x5fef57ecf727c9d985354d20d72930ac80c53407f087e0d2d6b2f764f15592a5,2026-04-30 23:55:12,0x02c9bc8e4c4dd0da520c307143e1e900315bb724eb43a602e44b9975fdec1d9c,btc-updown-5m-1777582500
"Bitcoin Up or Down - April 30, 4:50PM-4:55PM ET",Down,BUY,6.260415,0.9599999361064722,0x427cc23d3018d94287d351ee35904dee026f9cb6e89188d0f0798697f9992f0d,2026-04-30 23:55:10,0xa77f6d1df21d7359215f8de6192b73a89db8b4761317168a9ab305d8f4943f80,btc-updown-5m-1777582200
"Bitcoin Up or Down - April 30, 4:50PM-4:55PM ET",Down,BUY,2.4949,0.99,0x427cc23d3018d94287d351ee35904dee026f9cb6e89188d0f0798697f9992f0d,2026-04-30 23:55:08,0x7537b48b4dbe6966ffed0a80ddd057243e4238da20da3114936fb0b27d3be3ac,btc-updown-5m-1777582200
"Ethereum Up or Down - April 30, 4:50PM-4:55PM ET",Down,BUY,1.21111,0.9,0x373e5705dbc0dfcc550b73e24faf4bf6229992dd742f65ada88c66813289be7b,2026-04-30 23:54:24,0x0c258790ebe5901399664646e41556ce2b0f2f27563120ad3a8e3d9a692eed86,eth-updown-5m-1777582200
"Ethereum Up or Down - April 30, 4:50PM-4:55PM ET",Down,BUY,1.172042,0.9299999488072953,0x373e5705dbc0dfcc550b73e24faf4bf6229992dd742f65ada88c66813289be7b,2026-04-30 23:54:24,0x5d88df9bdaeb2631203959c507738ab360b5207da695409a84fde2762571b0c8,eth-updown-5m-1777582200
"Ethereum Up or Down - April 30, 4:50PM-4:55PM ET",Down,BUY,1.172042,0.9299999488072953,0x373e5705dbc0dfcc550b73e24faf4bf6229992dd742f65ada88c66813289be7b,2026-04-30 23:54:22,0x92506cb73354b8b693318bb8dd6b582f40af3d11b7358fbf7d8850e04dbc4ad1,eth-updown-5m-1777582200
"Bitcoin Up or Down - April 30, 4:50PM-4:55PM ET",Down,BUY,1.172042,0.9299999488072953,0x427cc23d3018d94287d351ee35904dee026f9cb6e89188d0f0798697f9992f0d,2026-04-30 23:54:00,0xca046d8fa9f8243981dd8d9913a51145a455e64763b53461cccab9efa6f979a6,btc-updown-5m-1777582200
"Bitcoin Up or Down - April 30, 4:50PM-4:55PM ET",Down,BUY,1.172042,0.9299999488072953,0x427cc23d3018d94287d351ee35904dee026f9cb6e89188d0f0798697f9992f0d,2026-04-30 23:54:00,0x9238996d56f8d5fb80bcb74fdbe4bcf9250a80abcf2b6765c2934d9d8741616a,btc-updown-5m-1777582200
"Bitcoin Up or Down - April 30, 4:50PM-4:55PM ET",Down,BUY,1.238633,0.8799999677063344,0x427cc23d3018d94287d351ee35904dee026f9cb6e89188d0f0798697f9992f0d,2026-04-30 23:53:52,0x035f4f51a8477491edde5774d0636d912c5e55b021bcefb8185b64c881877af5,btc-updown-5m-1777582200
"Ethereum Up or Down - April 30, 4:50PM-4:55PM ET",Down,BUY,1.297618,0.8399999075228611,0x373e5705dbc0dfcc550b73e24faf4bf6229992dd742f65ada88c66813289be7b,2026-04-30 23:53:52,0x560f71dc1ac87825f2263f426d5b517ce98993b012483fc6b07067ed867f720e,eth-updown-5m-1777582200
"Bitcoin Up or Down - April 30, 4:45PM-5:00PM ET",Down,BUY,2.441859,0.42999984847609957,0xe99078e4d21679499405c9ce11962f11a765228dbdc80deba7aaefa256c5f211,2026-04-30 23:53:22,0x1cd55a5c62420bbfc4f348a444c1b8b1fddb592b306409e82bf3983e30a3c9e6,btc-updown-15m-1777581900
"Bitcoin Up or Down - April 30, 4:50PM-4:55PM ET",Down,BUY,1.297618,0.8399999075228611,0x427cc23d3018d94287d351ee35904dee026f9cb6e89188d0f0798697f9992f0d,2026-04-30 23:52:50,0x86d6548b8d65c6549b505ab16e9f34624f4f7b18f043c0202b5a0043d127f1d9,btc-updown-5m-1777582200
"Bitcoin Up or Down - April 30, 4:50PM-4:55PM ET",Up,BUY,3.181817,0.32999980828564307,0x427cc23d3018d94287d351ee35904dee026f9cb6e89188d0f0798697f9992f0d,2026-04-30 23:52:06,0xe42393375ff6532b630bb4b8e923242febdca5bff3e522ec101521aa6f4394ab,btc-updown-5m-1777582200
"Bitcoin Up or Down - April 30, 4:50PM-4:55PM ET",Down,BUY,1.5,0.72,0x427cc23d3018d94287d351ee35904dee026f9cb6e89188d0f0798697f9992f0d,2026-04-30 23:52:06,0xcdbeb68068bd0a4f86313fbd67cac01319eef1b58ace74d04e22b731c98a2f5e,btc-updown-5m-1777582200
"Bitcoin Up or Down - April 30, 4:45PM-5:00PM ET",Up,BUY,1.565216,0.6899999744444217,0xe99078e4d21679499405c9ce11962f11a765228dbdc80deba7aaefa256c5f211,2026-04-30 23:51:58,0xff01ae6caef03a4c22c795c8561999ea5475561e10c8feb5c6cd0db6ef473e2a,btc-updown-15m-1777581900
"Bitcoin Up or Down - April 30, 4:50PM-4:55PM ET",Up,BUY,2.916665,0.3599998628570645,0x427cc23d3018d94287d351ee35904dee026f9cb6e89188d0f0798697f9992f0d,2026-04-30 23:51:56,0xad35b6a51a0704d2a27613e2ff23cd7bcd1c625298fe53f7f7013ffdd4adb9d0,btc-updown-5m-1777582200
"Bitcoin Up or Down - April 30, 4:45PM-5:00PM ET",Up,BUY,1.573528,0.6799999745794164,0xe99078e4d21679499405c9ce11962f11a765228dbdc80deba7aaefa256c5f211,2026-04-30 23:51:56,0x751dae0a2033e9320fe7e1ff228dfb72352c242636c93f2408deed77ffb1bafa,btc-updown-15m-1777581900
"Bitcoin Up or Down - April 30, 4:50PM-4:55PM ET",Down,BUY,1.573528,0.6799999745794164,0x427cc23d3018d94287d351ee35904dee026f9cb6e89188d0f0798697f9992f0d,2026-04-30 23:50:48,0x8f74c1f1e93bf0628cf87c93457399dc60a4316246ede4dbde658e813ae3c7ea,btc-updown-5m-1777582200
"Bitcoin Up or Down - April 30, 4:45PM-5:00PM ET",Down,BUY,4,0.26,0xe99078e4d21679499405c9ce11962f11a765228dbdc80deba7aaefa256c5f211,2026-04-30 23:49:16,0xb75233b10cf3ca2205407e243934b8d46d88d41d6274a6b1812422687de10676,btc-updown-15m-1777581900
"Bitcoin Up or Down - April 30, 4:45PM-5:00PM ET",Up,BUY,1.35,0.8,0xe99078e4d21679499405c9ce11962f11a765228dbdc80deba7aaefa256c5f211,2026-04-30 23:49:14,0x05eda7d12a6e3172bfe8216dbed4af35a851925433f7440e939b9d10627ecef0,btc-updown-15m-1777581900
"Ethereum Up or Down - April 30, 4:45PM-4:50PM ET",Up,BUY,1.1354,0.96,0x11151c144383b71a43e5251c9047bbc648ebaad7e2518e4e2aebf6cd3d79cd8f,2026-04-30 23:49:14,0x97479fa048e1aa59c815c66d2972e808a4db75a0f2174517e34042f292bec2fc,eth-updown-5m-1777581900
"Bitcoin Up or Down - April 30, 4:45PM-5:00PM ET",Up,BUY,1.35,0.8,0xe99078e4d21679499405c9ce11962f11a765228dbdc80deba7aaefa256c5f211,2026-04-30 23:49:12,0xc6e109a21c3c1bba46cc727a59846607dae2d007beca33b27e6a265032caa1ee,btc-updown-15m-1777581900
"Bitcoin Up or Down - April 30, 4:45PM-5:00PM ET",Up,BUY,1.521124,0.709999973703656,0xe99078e4d21679499405c9ce11962f11a765228dbdc80deba7aaefa256c5f211,2026-04-30 23:48:56,0x641704a9eef3121cbd5a1bbb0ca1c08bd00fd44fe98110a294bdff4a5b49e8f3,btc-updown-15m-1777581900
"Bitcoin Up or Down - April 30, 4:45PM-5:00PM ET",Up,BUY,1.671875,0.64,0xe99078e4d21679499405c9ce11962f11a765228dbdc80deba7aaefa256c5f211,2026-04-30 23:48:52,0x491d7ac21f105d17da97f7a2085acabf5247bd707ec7c9f9a313b7ea61ef20e4,btc-updown-15m-1777581900
"Ethereum Up or Down - April 30, 4:45PM-4:50PM ET",Down,BUY,1.402595,0.7699998930553723,0x11151c144383b71a43e5251c9047bbc648ebaad7e2518e4e2aebf6cd3d79cd8f,2026-04-30 23:48:22,0x6ae7186ae6bde71b651d9b5f330e0a6610685a0482a490cc9119e3308ae359a5,eth-updown-5m-1777581900
"Ethereum Up or Down - April 30, 4:45PM-4:50PM ET",Down,BUY,1.402595,0.7699998930553723,0x11151c144383b71a43e5251c9047bbc648ebaad7e2518e4e2aebf6cd3d79cd8f,2026-04-30 23:48:10,0x888c92ed326eca959d2becd6d3dc460ac4ac9d8ca1674da45fa562df1c290fae,eth-updown-5m-1777581900
"Bitcoin Up or Down - April 30, 4:45PM-5:00PM ET",Up,BUY,2.03846,0.5199999018867184,0xe99078e4d21679499405c9ce11962f11a765228dbdc80deba7aaefa256c5f211,2026-04-30 23:47:18,0xfe1641d74b64e3750521babd81b368360463d7eb0b7edc17b8cedc97c0e79ab4,btc-updown-15m-1777581900
"Bitcoin Up or Down - April 30, 4:45PM-4:50PM ET",Up,BUY,1.910713,0.5599998534578453,0x9a43b8636ebc95679536c7efb2f93ffe87056d332cf0dd0bfd4d54505add3195,2026-04-30 23:47:18,0xc65819c283f780541c52e4e4954b22d5827e054709537deeff4bca8225eb556e,btc-updown-5m-1777581900
"Bitcoin Up or Down - April 30, 4:45PM-4:50PM ET",Up,BUY,1.892856,0.5599998098112059,0x9a43b8636ebc95679536c7efb2f93ffe87056d332cf0dd0bfd4d54505add3195,2026-04-30 23:47:18,0x7aae57817e2ebdf90d32dbdfb77eeca84534bde2fed81f518a4b629ee7af3ca0,btc-updown-5m-1777581900
"Bitcoin Up or Down - April 30, 4:45PM-5:00PM ET",Up,BUY,2.03846,0.5199999018867184,0xe99078e4d21679499405c9ce11962f11a765228dbdc80deba7aaefa256c5f211,2026-04-30 23:47:18,0xf57f6b44e3c3f06e235bccd198e10114ea801747c3bb6b69f7cca580a4c1e416,btc-updown-15m-1777581900
"Bitcoin Up or Down - April 30, 4:45PM-5:00PM ET",Up,BUY,2.163264,0.4899998335848052,0xe99078e4d21679499405c9ce11962f11a765228dbdc80deba7aaefa256c5f211,2026-04-30 23:47:12,0x1da20ba9d94812362eef940ae3f89ff338020ef44fb053a9e3588ecb883d837f,btc-updown-15m-1777581900
"Bitcoin Up or Down - April 30, 4:45PM-4:50PM ET",Up,BUY,2.163264,0.4899998335848052,0x9a43b8636ebc95679536c7efb2f93ffe87056d332cf0dd0bfd4d54505add3195,2026-04-30 23:47:10,0x8260653d8b8d413ce4a8a989a61b095dbaafc636111af5e00aa8d6303c12aeef,btc-updown-5m-1777581900
"Bitcoin Up or Down - April 30, 4PM ET",Up,BUY,1.184775,0.92,0x2d4a760b7c80edbfdf3065c8e2e15e1cc6c1dd41d7a6e2ae4e072d7b0fd881e5,2026-04-30 23:47:08,0x24d6287f538fd0b04994959fd688a4d371abecfbc570e322056188b50fa468e7,bitcoin-up-or-down-april-30-2026-4pm-et
"Bitcoin Up or Down - April 30, 4:45PM-5:00PM ET",Down,BUY,1.87719,0.5699998401866619,0xe99078e4d21679499405c9ce11962f11a765228dbdc80deba7aaefa256c5f211,2026-04-30 23:47:06,0x0529bd46ffffd174c428eda81937d2754074fbbfebb19b23d93bc6690926dd3a,btc-updown-15m-1777581900
"Bitcoin Up or Down - April 30, 4:45PM-4:50PM ET",Down,BUY,1.621211,0.6599998396260573,0x9a43b8636ebc95679536c7efb2f93ffe87056d332cf0dd0bfd4d54505add3195,2026-04-30 23:47:06,0x819eb69f5c16571795d07df418fcf7a6105e0d9a5f59c6ee70e00e4d175b740a,btc-updown-5m-1777581900
"Bitcoin Up or Down - April 30, 4:45PM-5:00PM ET",Down,BUY,1.87719,0.5699998401866619,0xe99078e4d21679499405c9ce11962f11a765228dbdc80deba7aaefa256c5f211,2026-04-30 23:47:06,0xc467cb46dc3b86ec4ebb2785cc4efd40e8c8d1dd48fe7a896e06a513224785ab,btc-updown-15m-1777581900
"Ethereum Up or Down - April 30, 4:45PM-4:50PM ET",Down,BUY,1.402595,0.7699998930553723,0x11151c144383b71a43e5251c9047bbc648ebaad7e2518e4e2aebf6cd3d79cd8f,2026-04-30 23:46:44,0x8df5782ed1ee82c84d08eeb9b8851567dc59deed85b6bba1dd7247a13d52c1b5,eth-updown-5m-1777581900
"Ethereum Up or Down - April 30, 4:45PM-4:50PM ET",Down,BUY,1.397431,0.7799998711922091,0x11151c144383b71a43e5251c9047bbc648ebaad7e2518e4e2aebf6cd3d79cd8f,2026-04-30 23:46:28,0xa2e2133e61baeed3616e3358e5813a4da8fb04a8fe8a63378d86996cf0158fb1,eth-updown-5m-1777581900
"Ethereum Up or Down - April 30, 4:45PM-4:50PM ET",Down,BUY,1.384613,0.7799998988887148,0x11151c144383b71a43e5251c9047bbc648ebaad7e2518e4e2aebf6cd3d79cd8f,2026-04-30 23:46:28,0x684536384caf900a21b45eba810a89b22ff6d59a158b61c681a2a71e2b8a7250,eth-updown-5m-1777581900
"Bitcoin Up or Down - April 30, 4:45PM-4:50PM ET",Down,BUY,2,0.53,0x9a43b8636ebc95679536c7efb2f93ffe87056d332cf0dd0bfd4d54505add3195,2026-04-30 23:46:26,0x8fe4ef066a51a808b3a757fd9a0ebdf03e4c73513aa31dad859e9c7fa0eb51bd,btc-updown-5m-1777581900
"Bitcoin Up or Down - April 30, 4:45PM-5:00PM ET",Down,BUY,2,0.53,0xe99078e4d21679499405c9ce11962f11a765228dbdc80deba7aaefa256c5f211,2026-04-30 23:46:24,0xfc2ab3271122ac4b84b3e1d535c0e6edc3826a2475869d3d74c5de655cd6971d,btc-updown-15m-1777581900
"Bitcoin Up or Down - April 30, 4:45PM-4:50PM ET",Down,BUY,2,0.53,0x9a43b8636ebc95679536c7efb2f93ffe87056d332cf0dd0bfd4d54505add3195,2026-04-30 23:46:24,0xd1071d565a43c3178cc5e9dece1fc39762bef14016f7b0c289a551e1f3c5b467,btc-updown-5m-1777581900
"Bitcoin Up or Down - April 30, 4:45PM-4:50PM ET",Down,BUY,2.12,0.5,0x9a43b8636ebc95679536c7efb2f93ffe87056d332cf0dd0bfd4d54505add3195,2026-04-30 23:46:12,0x90a1394c2fc15433bbd4a3b5cd6e9abada1e6ef113b80e70dd0a6b496d5fa644,btc-updown-5m-1777581900
"Bitcoin Up or Down - April 30, 4:45PM-4:50PM ET",Up,BUY,1.98148,0.5399998990653451,0x9a43b8636ebc95679536c7efb2f93ffe87056d332cf0dd0bfd4d54505add3195,2026-04-30 23:46:06,0xa6c30d5e6494686990ec5fde3dcd2a9209da9da55ed79b5e46548ceb66c38cbf,btc-updown-5m-1777581900
"Bitcoin Up or Down - April 30, 4:45PM-4:50PM ET",Up,BUY,1.927271,0.5499999740565805,0x9a43b8636ebc95679536c7efb2f93ffe87056d332cf0dd0bfd4d54505add3195,2026-04-30 23:46:06,0xace9f51001adf9ab4e55de5ec7009ecbbbc1e14aaef08ab1223f3579b6097746,btc-updown-5m-1777581900
"Bitcoin Up or Down - April 30, 4:45PM-4:50PM ET",Down,BUY,2.163264,0.4899998335848052,0x9a43b8636ebc95679536c7efb2f93ffe87056d332cf0dd0bfd4d54505add3195,2026-04-30 23:45:58,0xea1b01bf0f7bdabc0e370be3a3dad7e02be015b3c7387affee11cdcd561083c8,btc-updown-5m-1777581900
"Bitcoin Up or Down - April 30, 4:45PM-5:00PM ET",Down,BUY,2.07843,0.509999855660282,0xe99078e4d21679499405c9ce11962f11a765228dbdc80deba7aaefa256c5f211,2026-04-30 23:45:56,0xa16ed45646d03bef68025c70ade49c5596db079df0397e313067bb358ab15eb1,btc-updown-15m-1777581900
"Bitcoin Up or Down - April 30, 4:45PM-4:50PM ET",Up,BUY,1.813558,0.5899998786915004,0x9a43b8636ebc95679536c7efb2f93ffe87056d332cf0dd0bfd4d54505add3195,2026-04-30 23:45:38,0x6977459aebb83a8d79ada1e6083eda8475e97ace787e879ab5047d984df27472,btc-updown-5m-1777581900
"Bitcoin Up or Down - April 30, 4:45PM-4:50PM ET",Up,BUY,1.813558,0.5899998786915004,0x9a43b8636ebc95679536c7efb2f93ffe87056d332cf0dd0bfd4d54505add3195,2026-04-30 23:45:38,0x5bf371e18587bd490f5baf31493b01de9c59d30e23aeeabc2157623b38d1b82b,btc-updown-5m-1777581900
"Bitcoin Up or Down - April 30, 4:45PM-5:00PM ET",Up,BUY,2.07843,0.509999855660282,0xe99078e4d21679499405c9ce11962f11a765228dbdc80deba7aaefa256c5f211,2026-04-30 23:45:38,0xa3e74ee3f65dbfedafc98a79d7f866a5a24b6932efc3a46f0c2e6869c876212b,btc-updown-15m-1777581900
"Bitcoin Up or Down - April 30, 4:45PM-4:50PM ET",Up,BUY,2.12,0.5,0x9a43b8636ebc95679536c7efb2f93ffe87056d332cf0dd0bfd4d54505add3195,2026-04-30 23:45:24,0x18dc250cce71794ad87eea936b843df47368ed5674ea61c9e5ae8eb16f3e12c7,btc-updown-5m-1777581900
"Bitcoin Up or Down - April 30, 4:45PM-4:50PM ET",Up,BUY,2.12,0.5,0x9a43b8636ebc95679536c7efb2f93ffe87056d332cf0dd0bfd4d54505add3195,2026-04-30 23:45:24,0x7fef9f5f4ca02a9d20c9597077e2cc8ba8e69713a38ab88cd6505c8ff03cbeb3,btc-updown-5m-1777581900
"Bitcoin Up or Down - April 30, 4:45PM-4:50PM ET",Up,BUY,2.12,0.5,0x9a43b8636ebc95679536c7efb2f93ffe87056d332cf0dd0bfd4d54505add3195,2026-04-30 23:45:22,0x47f7cdac0a54f8180985b9945eba11752c1adcb8cca690c706befb76e639c18d,btc-updown-5m-1777581900
"Bitcoin Up or Down - April 30, 4:45PM-4:50PM ET",Up,BUY,2.12,0.5,0x9a43b8636ebc95679536c7efb2f93ffe87056d332cf0dd0bfd4d54505add3195,2026-04-30 23:45:22,0xc8962cfb26caba9fb0975cd08c023634fc4943caa27258b05cb72d1c64efc149,btc-updown-5m-1777581900
"Bitcoin Up or Down - April 30, 4:45PM-4:50PM ET",Up,BUY,2.12,0.5,0x9a43b8636ebc95679536c7efb2f93ffe87056d332cf0dd0bfd4d54505add3195,2026-04-30 23:45:22,0xd7fb383071a811548ed980b13ff372c93189c091b187a2b17fbb198f9870b0e8,btc-updown-5m-1777581900
"Bitcoin Up or Down - April 30, 4:45PM-5:00PM ET",Up,BUY,2.208332,0.47999983698103366,0xe99078e4d21679499405c9ce11962f11a765228dbdc80deba7aaefa256c5f211,2026-04-30 23:45:22,0xfb569b205c7ebd76ce786abd236b6745f09f1bda2684fec23a7940949059bdf6,btc-updown-15m-1777581900
"Bitcoin Up or Down - April 30, 4:45PM-4:50PM ET",Up,BUY,2.12,0.5,0x9a43b8636ebc95679536c7efb2f93ffe87056d332cf0dd0bfd4d54505add3195,2026-04-30 23:45:22,0xae1d5bb1936d0822041eb4a4d6b9f6b119635ac515db050a94557808083864db,btc-updown-5m-1777581900
"Bitcoin Up or Down - April 30, 4:45PM-5:00PM ET",Up,BUY,2.255318,0.4699997960376319,0xe99078e4d21679499405c9ce11962f11a765228dbdc80deba7aaefa256c5f211,2026-04-30 23:45:22,0x53b1ee565dff98e0fe3e5dae1005bdf9c520351725a6d391c9f0cab836f982db,btc-updown-15m-1777581900
"Bitcoin Up or Down - April 30, 4PM ET",Up,BUY,1.184775,0.92,0x2d4a760b7c80edbfdf3065c8e2e15e1cc6c1dd41d7a6e2ae4e072d7b0fd881e5,2026-04-30 23:43:50,0xcde48f24fe664c7076cd859b119e7329b21192167ddc60151ce82ea25d10dccd,bitcoin-up-or-down-april-30-2026-4pm-et
"Ethereum Up or Down - April 30, 4:40PM-4:45PM ET",Up,BUY,1.21111,0.9,0x46ba359693f907a2f3ea66a41a62e67de39cc78fb85ccc7bec4be5bc88fffbd8,2026-04-30 23:43:32,0x84bebe01ec7266e804178777b5b139c73e0c21bae0a9a1ac9a427203044de936,eth-updown-5m-1777581600
"Bitcoin Up or Down - April 30, 4PM ET",Up,BUY,1.172042,0.9299999488072953,0x2d4a760b7c80edbfdf3065c8e2e15e1cc6c1dd41d7a6e2ae4e072d7b0fd881e5,2026-04-30 23:43:24,0xe38ea48b91e5fed2a61f72e93820d92583ab2f46e003c6f604be6671d079462f,bitcoin-up-or-down-april-30-2026-4pm-et
"Bitcoin Up or Down - April 30, 4:40PM-4:45PM ET",Up,BUY,2,0.53,0xd86b9244fdf0f7edade16e09c76e5c76f9ae568126d7c158499950992d8282b6,2026-04-30 23:43:22,0x7044f4d2e7f27598193b76f4edec446214a40eff0e5968700647471b81c24bb8,btc-updown-5m-1777581600
"Bitcoin Up or Down - April 30, 4:40PM-4:45PM ET",Up,BUY,2,0.53,0xd86b9244fdf0f7edade16e09c76e5c76f9ae568126d7c158499950992d8282b6,2026-04-30 23:43:22,0xebfdbdbeb5fd6f214164948672b344d20a3a3221bacae4b7974f29d6b9a40e5d,btc-updown-5m-1777581600
"Bitcoin Up or Down - April 30, 4:40PM-4:45PM ET",Up,BUY,1.892856,0.5599998098112059,0xd86b9244fdf0f7edade16e09c76e5c76f9ae568126d7c158499950992d8282b6,2026-04-30 23:43:22,0xd11633b20940eab278ff6d38cadcfa4cd685768733659556238331401931ef6a,btc-updown-5m-1777581600
"Bitcoin Up or Down - April 30, 4:40PM-4:45PM ET",Down,BUY,1.910713,0.5599998534578453,0xd86b9244fdf0f7edade16e09c76e5c76f9ae568126d7c158499950992d8282b6,2026-04-30 23:42:00,0x9c70136c0ea3d0353b3e20b573e463ec5437d1667b567ace72767e17fb1bdd89,btc-updown-5m-1777581600
"Bitcoin Up or Down - April 30, 4:40PM-4:45PM ET",Up,BUY,2.03846,0.5199999018867184,0xd86b9244fdf0f7edade16e09c76e5c76f9ae568126d7c158499950992d8282b6,2026-04-30 23:41:30,0x9c888fcd969e15cffae1417d2bb724f0ef8048ae0afb8ba8a16d592b814162c4,btc-updown-5m-1777581600
"Bitcoin Up or Down - April 30, 4:40PM-4:45PM ET",Up,BUY,2,0.53,0xd86b9244fdf0f7edade16e09c76e5c76f9ae568126d7c158499950992d8282b6,2026-04-30 23:41:30,0xa890ca8aa5128683e3f8edc2358f8bd1d848fb2281d8b4f2059d8448577f3d63,btc-updown-5m-1777581600
"Bitcoin Up or Down - April 30, 4:40PM-4:45PM ET",Up,BUY,2.03846,0.5199999018867184,0xd86b9244fdf0f7edade16e09c76e5c76f9ae568126d7c158499950992d8282b6,2026-04-30 23:41:30,0xbba5157d5a2e850ddc87d40fa28a73c573a47f02043d9c3fa0d456b02399b1b3,btc-updown-5m-1777581600
"Bitcoin Up or Down - April 30, 4:40PM-4:45PM ET",Down,BUY,1.44,0.75,0xd86b9244fdf0f7edade16e09c76e5c76f9ae568126d7c158499950992d8282b6,2026-04-30 23:41:10,0xbeb43319344a6f995bfc10530a4d39c26d896469a5cbef6f789fb7fab3ab7ca9,btc-updown-5m-1777581600
"Bitcoin Up or Down - April 30, 4:40PM-4:45PM ET",Down,BUY,1.573528,0.6799999745794164,0xd86b9244fdf0f7edade16e09c76e5c76f9ae568126d7c158499950992d8282b6,2026-04-30 23:40:52,0x41d64847a840002c6cf3c87058af52b7987c6e16173172b94fce403418ac7502,btc-updown-5m-1777581600
"Bitcoin Up or Down - April 30, 4:40PM-4:45PM ET",Down,BUY,1.573528,0.6799999745794164,0xd86b9244fdf0f7edade16e09c76e5c76f9ae568126d7c158499950992d8282b6,2026-04-30 23:40:52,0x20350419eaef5ebcb19c1f980cf2755f8047a235afbde11516a52ad0bdfea96a,btc-updown-5m-1777581600
"Bitcoin Up or Down - April 30, 4:40PM-4:45PM ET",Up,BUY,2.692306,0.38999987371420636,0xd86b9244fdf0f7edade16e09c76e5c76f9ae568126d7c158499950992d8282b6,2026-04-30 23:40:50,0x383de1d94715cec52007ecdf03b2a5c1a0e98311c3580329e3f29e9ab06819fd,btc-updown-5m-1777581600
"Bitcoin Up or Down - April 30, 4:40PM-4:45PM ET",Down,BUY,1.636361,0.6599998411108551,0xd86b9244fdf0f7edade16e09c76e5c76f9ae568126d7c158499950992d8282b6,2026-04-30 23:40:44,0x75726ced20d668ad6a64bfed5678a33635ec9d13c82603820698c7696b8c5d7d,btc-updown-5m-1777581600
"Bitcoin Up or Down - April 30, 4:40PM-4:45PM ET",Down,BUY,1.621211,0.6599998396260573,0xd86b9244fdf0f7edade16e09c76e5c76f9ae568126d7c158499950992d8282b6,2026-04-30 23:40:44,0xf701c603c29a913cb6da6ac4dd0616a9044a7186bf829e7c75ce90c391b6de5f,btc-updown-5m-1777581600
"Bitcoin Up or Down - April 30, 4:40PM-4:45PM ET",Down,BUY,1.621211,0.6599998396260573,0xd86b9244fdf0f7edade16e09c76e5c76f9ae568126d7c158499950992d8282b6,2026-04-30 23:40:44,0x188ce75b2d43f28a1e797ea19d1ddd8102d995c5b87c4fe78080f4579ffe4172,btc-updown-5m-1777581600
"Bitcoin Up or Down - April 30, 4:40PM-4:45PM ET",Down,BUY,1.661537,0.649999969907381,0xd86b9244fdf0f7edade16e09c76e5c76f9ae568126d7c158499950992d8282b6,2026-04-30 23:40:42,0xc0999bc29c3d4e87feac7da10409158742ab88ec47d5a64b520d8e330bf28466,btc-updown-5m-1777581600
"Bitcoin Up or Down - April 30, 4:40PM-4:45PM ET",Down,BUY,1.651514,0.6599998546787977,0xd86b9244fdf0f7edade16e09c76e5c76f9ae568126d7c158499950992d8282b6,2026-04-30 23:40:42,0x69dc41a88fd07e500d6fd40918b4d8b39f576c7b8d131d943e97bf9e1f876c3e,btc-updown-5m-1777581600
"Bitcoin Up or Down - April 30, 4:40PM-4:45PM ET",Down,BUY,1.661537,0.649999969907381,0xd86b9244fdf0f7edade16e09c76e5c76f9ae568126d7c158499950992d8282b6,2026-04-30 23:40:42,0x70ae8a6fe202b0ace69df6b372143af2d762e0fa36b8b83d47bcb5c1cd0186d3,btc-updown-5m-1777581600
"Bitcoin Up or Down - April 30, 4:40PM-4:45PM ET",Down,BUY,1.661537,0.649999969907381,0xd86b9244fdf0f7edade16e09c76e5c76f9ae568126d7c158499950992d8282b6,2026-04-30 23:40:42,0x4e193d2ddbffe14e4ab0c9bbab96ce640e415fc6aaa303f526e9813b03fe1c5c,btc-updown-5m-1777581600
"Bitcoin Up or Down - April 30, 4:35PM-4:40PM ET",Up,BUY,1.565216,0.6899999744444217,0x4bdfd1778589d1bb44cf9b44409189decb883ceb95cb151a589611c2778936c0,2026-04-30 23:40:08,0x02937586cbc02da5c7cec800d94d7cda7b65034457f94f65962e5d0eeb2a73ac,btc-updown-5m-1777581300
"Ethereum Up or Down - April 30, 4:35PM-4:40PM ET",Down,BUY,1.345678,0.8099998662384315,0x027bf1d99c8f9b00248e4c2d0c4e91a15dca6af63f93bc7c2a8338961f015acf,2026-04-30 23:39:24,0x89267f4f414d104b9c9d8df96a7515d6d077d382f86abea7775eae3f27f1a505,eth-updown-5m-1777581300
"Ethereum Up or Down - April 30, 4:35PM-4:40PM ET",Down,BUY,1.345678,0.8099998662384315,0x027bf1d99c8f9b00248e4c2d0c4e91a15dca6af63f93bc7c2a8338961f015acf,2026-04-30 23:39:24,0x72b2ded7f58b1d7556308bcff7113382ec056bffae212e69ef155fd0c2cc1558,eth-updown-5m-1777581300
"Bitcoin Up or Down - April 30, 4:35PM-4:40PM ET",Up,BUY,1.402595,0.7699998930553723,0x4bdfd1778589d1bb44cf9b44409189decb883ceb95cb151a589611c2778936c0,2026-04-30 23:36:56,0xfffb490f32ea73e5771a430ff9ffb76da70d3ce78fd5e26383202cfc7f3c4329,btc-updown-5m-1777581300
"Bitcoin Up or Down - April 30, 4:35PM-4:40PM ET",Up,BUY,1.402595,0.7699998930553723,0x4bdfd1778589d1bb44cf9b44409189decb883ceb95cb151a589611c2778936c0,2026-04-30 23:36:56,0x3f5b287c46794bd4ca3c2721eb1e765e60ea9cb522d1f4f0c42e49e5c2b833ce,btc-updown-5m-1777581300
"Bitcoin Up or Down - April 30, 4:35PM-4:40PM ET",Up,BUY,1.402595,0.7699998930553723,0x4bdfd1778589d1bb44cf9b44409189decb883ceb95cb151a589611c2778936c0,2026-04-30 23:36:54,0x614b32403d4aba229d2a0266b3466bd576acb40f8b0ae19e85c593ea22762e89,btc-updown-5m-1777581300
"Bitcoin Up or Down - April 30, 4:35PM-4:40PM ET",Up,BUY,1.44,0.75,0x4bdfd1778589d1bb44cf9b44409189decb883ceb95cb151a589611c2778936c0,2026-04-30 23:36:54,0x9bf909b5aa2536cb89c1e4215d71c8081985092ac6294a4c8282be01fc533d84,btc-updown-5m-1777581300
"Bitcoin Up or Down - April 30, 4:35PM-4:40PM ET",Down,BUY,2.916665,0.3599998628570645,0x4bdfd1778589d1bb44cf9b44409189decb883ceb95cb151a589611c2778936c0,2026-04-30 23:35:48,0x95054c52148da58d55c5a870eb9b1af48d85e7000d8059f07daf6df779d256af,btc-updown-5m-1777581300
"Bitcoin Up or Down - April 30, 4:35PM-4:40PM ET",Up,BUY,1.565216,0.6899999744444217,0x4bdfd1778589d1bb44cf9b44409189decb883ceb95cb151a589611c2778936c0,2026-04-30 23:35:42,0xc542b70ee5e63e895e60df012500c5f7c24ee54efbe2a01eb60ebe630cb75196,btc-updown-5m-1777581300
"Bitcoin Up or Down - April 30, 4:35PM-4:40PM ET",Up,BUY,1.565216,0.6899999744444217,0x4bdfd1778589d1bb44cf9b44409189decb883ceb95cb151a589611c2778936c0,2026-04-30 23:35:40,0x34ceda65526bd6f3f1b14a0b86deda1e25586403b60beaf78d9f922b287033aa,btc-updown-5m-1777581300
"Bitcoin Up or Down - April 30, 4:35PM-4:40PM ET",Up,BUY,1.542856,0.6999998703702743,0x4bdfd1778589d1bb44cf9b44409189decb883ceb95cb151a589611c2778936c0,2026-04-30 23:35:40,0x884042f078521aabbdc1616918d757ca2ae4ff4cd364d137e9728faae70a8e16,btc-updown-5m-1777581300
"Bitcoin Up or Down - April 30, 4:35PM-4:40PM ET",Up,BUY,1.542856,0.6999998703702743,0x4bdfd1778589d1bb44cf9b44409189decb883ceb95cb151a589611c2778936c0,2026-04-30 23:35:40,0x33cf9cfe336d2794b1c72083d8c00a95b16c74c294a6ebbd6ee7476f0c5de8ac,btc-updown-5m-1777581300
"Bitcoin Up or Down - April 30, 4:35PM-4:40PM ET",Up,BUY,2.255318,0.4699997960376319,0x4bdfd1778589d1bb44cf9b44409189decb883ceb95cb151a589611c2778936c0,2026-04-30 23:35:28,0x3ee57139cf9e43c3b3614ac2150ae5abf328d9e758d8e98d7df9304a2bf46657,btc-updown-5m-1777581300
"Ethereum Up or Down - April 30, 4:30PM-4:35PM ET",Up,BUY,1.459457,0.7399998766664588,0xa31c364fe73894c79605f3f260fc975c8df668f63550387e7bb49e31d32ec678,2026-04-30 23:33:12,0x3f778def6c5ff5780262147606d2269fcb0fd75fa52ca769a0c8f5524a4f55c0,eth-updown-5m-1777581000
"Ethereum Up or Down - April 30, 4:30PM-4:35PM ET",Down,BUY,1.816665,0.6,0xa31c364fe73894c79605f3f260fc975c8df668f63550387e7bb49e31d32ec678,2026-04-30 23:30:30,0x68d84dc94e3319cf860493a28313672142b3dea05975feebae5091cd4df5b6db,eth-updown-5m-1777581000
"Ethereum Up or Down - April 30, 4:30PM-4:35PM ET",Down,BUY,1.676922,0.6499998211008026,0xa31c364fe73894c79605f3f260fc975c8df668f63550387e7bb49e31d32ec678,2026-04-30 23:30:30,0x53f82d2ed67303ca9549775b041b69793bd96d1d8dce814e16d75334557434e7,eth-updown-5m-1777581000
"Ethereum Up or Down - April 30, 4:30PM-4:35PM ET",Down,BUY,1.786884,0.6099998656879797,0xa31c364fe73894c79605f3f260fc975c8df668f63550387e7bb49e31d32ec678,2026-04-30 23:30:28,0x19a11bd0addc0bcd5ee86cb2096f21e64a30cf922a52c1bc53f8be75f4aac289,eth-updown-5m-1777581000
"Ethereum Up or Down - April 30, 4:30PM-4:35PM ET",Down,BUY,1.758063,0.6199999658715302,0xa31c364fe73894c79605f3f260fc975c8df668f63550387e7bb49e31d32ec678,2026-04-30 23:30:28,0xbba00ab5c816db6fe4e9e4c97493db2747d1ecc283a8e10cc19d8d54d9d34eb5,eth-updown-5m-1777581000
"Ethereum Up or Down - April 30, 4:30PM-4:35PM ET",Down,BUY,1.758063,0.6199999658715302,0xa31c364fe73894c79605f3f260fc975c8df668f63550387e7bb49e31d32ec678,2026-04-30 23:30:28,0xb61119cf9dac30f3bf9f35557764731f82915e94b8fb4aab25747661dd4212ed,eth-updown-5m-1777581000
"Bitcoin Up or Down - April 30, 4:30PM-4:35PM ET",Down,BUY,1.96296,0.5399997962261075,0x928a2e99797ea6cc6a40cc22805547ec8290f63425fb661fc8406fd6bbf703b2,2026-04-30 23:30:28,0x9f86dd0cbf71c43caf638e735e9c8908acbd31d0e114a8dd26b771c5b691cdbe,btc-updown-5m-1777581000
"Bitcoin Up or Down - April 30, 4:30PM-4:35PM ET",Up,BUY,2.65,0.4,0x928a2e99797ea6cc6a40cc22805547ec8290f63425fb661fc8406fd6bbf703b2,2026-04-30 23:30:26,0x80624447b969e517e8ac11d98f419f8440681c8a1e6bc5243415be84955da63c,btc-updown-5m-1777581000
"Ethereum Up or Down - April 30, 4:30PM-4:35PM ET",Down,BUY,1.6875,0.64,0xa31c364fe73894c79605f3f260fc975c8df668f63550387e7bb49e31d32ec678,2026-04-30 23:30:26,0xbc05b236927966ec1de30e91b6675c039cc543ae97344b30fdabcdc994286c93,eth-updown-5m-1777581000
"Bitcoin Up or Down - April 30, 4:30PM-4:45PM ET",Down,BUY,1.92857,0.5599998962962195,0x283ab1b796e2a8bdfcf5c30c08e612af4f05ff644b15576c6cf9e19a30277e0a,2026-04-30 23:30:26,0x5c52bc6d55a03c64633fb608a9a99d45c162d26896f79e2567e0100abdf3a32c,btc-updown-15m-1777581000
"Bitcoin Up or Down - April 30, 4:30PM-4:45PM ET",Down,BUY,1.910713,0.5599998534578453,0x283ab1b796e2a8bdfcf5c30c08e612af4f05ff644b15576c6cf9e19a30277e0a,2026-04-30 23:30:26,0x72f7817913f828bca63f7dab6fc742a0609285bc19dcdb701a9dfad027113dc6,btc-updown-15m-1777581000
"Bitcoin Up or Down - April 30, 4:30PM-4:35PM ET",Up,BUY,2.409089,0.439999933584853,0x928a2e99797ea6cc6a40cc22805547ec8290f63425fb661fc8406fd6bbf703b2,2026-04-30 23:30:26,0xa55969b891aafd2639cd95965755f337a385c763db53949c6b987092ce076416,btc-updown-5m-1777581000
"Bitcoin Up or Down - April 30, 4:30PM-4:35PM ET",Down,BUY,1.862066,0.5799998496293901,0x928a2e99797ea6cc6a40cc22805547ec8290f63425fb661fc8406fd6bbf703b2,2026-04-30 23:30:26,0xa24358577e47db0a954696135c3fa603feafa163f80a8792c0406d545a1ac99e,btc-updown-5m-1777581000
"Bitcoin Up or Down - April 30, 4:30PM-4:45PM ET",Up,BUY,2.377776,0.4499999158877876,0x283ab1b796e2a8bdfcf5c30c08e612af4f05ff644b15576c6cf9e19a30277e0a,2026-04-30 23:30:26,0x79ba7c100b800577e5cd9f51ea86ef5e3a93f4b891c3f290535c79ed14e960f6,btc-updown-15m-1777581000
"Bitcoin Up or Down - April 30, 4:30PM-4:35PM ET",Up,BUY,2.465115,0.42999981745273547,0x928a2e99797ea6cc6a40cc22805547ec8290f63425fb661fc8406fd6bbf703b2,2026-04-30 23:30:26,0x6cf89cf8928dada10afd176ab8eb76abb0b572618b45695f0c3ab9709eaea283,btc-updown-5m-1777581000
"Bitcoin Up or Down - April 30, 4:30PM-4:45PM ET",Down,BUY,1.910713,0.5599998534578453,0x283ab1b796e2a8bdfcf5c30c08e612af4f05ff644b15576c6cf9e19a30277e0a,2026-04-30 23:30:26,0x2f6b49bb9cf26f786f1be10df9e31be88efdc45d5958a87dd7ea068a96fefc9d,btc-updown-15m-1777581000
"Bitcoin Up or Down - April 30, 4:30PM-4:45PM ET",Up,BUY,2.276594,0.46999992093451887,0x283ab1b796e2a8bdfcf5c30c08e612af4f05ff644b15576c6cf9e19a30277e0a,2026-04-30 23:30:26,0x443f287a909455b851db250b4f98937df3a458bd5efff2db897e201ce3e2796c,btc-updown-15m-1777581000
"Bitcoin Up or Down - April 30, 4:30PM-4:35PM ET",Down,BUY,1.879309,0.579999882935696,0x928a2e99797ea6cc6a40cc22805547ec8290f63425fb661fc8406fd6bbf703b2,2026-04-30 23:30:26,0xdc63e5e81c169ef65947ca48119aebbab12d74525a9767c2030e34d01d8ee089,btc-updown-5m-1777581000
"Bitcoin Up or Down - April 30, 4:30PM-4:35PM ET",Up,BUY,2.65,0.4,0x928a2e99797ea6cc6a40cc22805547ec8290f63425fb661fc8406fd6bbf703b2,2026-04-30 23:30:26,0xd81f8e38a210b8b1e052bc64f01ace79d42b608297347abea9648d9de802fb10,btc-updown-5m-1777581000
"Bitcoin Up or Down - April 30, 4:30PM-4:45PM ET",Up,BUY,2.163264,0.4899998335848052,0x283ab1b796e2a8bdfcf5c30c08e612af4f05ff644b15576c6cf9e19a30277e0a,2026-04-30 23:30:26,0xdbd7b8a7888de501d7190ab78c1a39599f077cdf0ff59f43ed586474a2cca5f9,btc-updown-15m-1777581000
"Bitcoin Up or Down - April 30, 4:30PM-4:35PM ET",Down,BUY,1.786884,0.6099998656879797,0x928a2e99797ea6cc6a40cc22805547ec8290f63425fb661fc8406fd6bbf703b2,2026-04-30 23:30:26,0x0fe346f76323c7e39087c4f00c3ab65b449d32f959b0642ceb15d7c899379a65,btc-updown-5m-1777581000
"Bitcoin Up or Down - April 30, 4:30PM-4:45PM ET",Down,BUY,1.894734,0.5699997994441436,0x283ab1b796e2a8bdfcf5c30c08e612af4f05ff644b15576c6cf9e19a30277e0a,2026-04-30 23:30:26,0xf1f1db18ee60951936c65065095a7aa24d9d3718c42ef4da6645d91b9d5bab41,btc-updown-15m-1777581000
"Bitcoin Up or Down - April 30, 4:30PM-4:35PM ET",Up,BUY,2.465115,0.42999981745273547,0x928a2e99797ea6cc6a40cc22805547ec8290f63425fb661fc8406fd6bbf703b2,2026-04-30 23:30:26,0x134f9a99ba6ca597ffa9feb5d8e7f4777f694e4eb80ee9732e7151af3ec5baab,btc-updown-5m-1777581000
"Bitcoin Up or Down - April 30, 4:30PM-4:35PM ET",Down,BUY,1.862066,0.5799998496293901,0x928a2e99797ea6cc6a40cc22805547ec8290f63425fb661fc8406fd6bbf703b2,2026-04-30 23:30:24,0x84a81a883d81a1f952fc95f7db1d7ad180661672c329cfd863fffcad2bef36f1,btc-updown-5m-1777581000
"Bitcoin Up or Down - April 30, 4:30PM-4:45PM ET",Up,BUY,2.377776,0.4499999158877876,0x283ab1b796e2a8bdfcf5c30c08e612af4f05ff644b15576c6cf9e19a30277e0a,2026-04-30 23:30:24,0x81b1accbc5a6d09492c03441e551cec5102def25598e1ec6c900a7a314886ae3,btc-updown-15m-1777581000
"Bitcoin Up or Down - April 30, 4:30PM-4:45PM ET",Down,BUY,1.92857,0.5599998962962195,0x283ab1b796e2a8bdfcf5c30c08e612af4f05ff644b15576c6cf9e19a30277e0a,2026-04-30 23:30:24,0x752239d899869f5af7c3f811acc327efa0eeac23ebf8b7544a5949586a48f669,btc-updown-15m-1777581000
"Bitcoin Up or Down - April 30, 4:30PM-4:35PM ET",Up,BUY,2.465115,0.42999981745273547,0x928a2e99797ea6cc6a40cc22805547ec8290f63425fb661fc8406fd6bbf703b2,2026-04-30 23:30:24,0xbd20816cb479feaf9854c46667eaab1e948bd4a5174313c3af9c061873c2d5af,btc-updown-5m-1777581000
"Bitcoin Up or Down - April 30, 4:30PM-4:35PM ET",Down,BUY,1.786884,0.6099998656879797,0x928a2e99797ea6cc6a40cc22805547ec8290f63425fb661fc8406fd6bbf703b2,2026-04-30 23:30:24,0x5f9fc0370ec179acd39bbd5921305b2349a9712dc082ddf4c86726d59e9affad,btc-updown-5m-1777581000
"Bitcoin Up or Down - April 30, 4:30PM-4:45PM ET",Up,BUY,2.377776,0.4499999158877876,0x283ab1b796e2a8bdfcf5c30c08e612af4f05ff644b15576c6cf9e19a30277e0a,2026-04-30 23:30:24,0xd8af1fe12504d767ab997c67e58b2fa9f14a32ca06e60e29d890f4ee6aed7dbd,btc-updown-15m-1777581000
"Bitcoin Up or Down - April 30, 4:30PM-4:45PM ET",Down,BUY,2.057691,0.5199998444858824,0x283ab1b796e2a8bdfcf5c30c08e612af4f05ff644b15576c6cf9e19a30277e0a,2026-04-30 23:30:22,0x79ccb3638f0ee4b421a3bb1351182c0bc182cf005f182b20d6497461c904c173,btc-updown-15m-1777581000
"Ethereum Up or Down - April 30, 4:30PM-4:35PM ET",Down,BUY,1.626863,0.6699998709172192,0xa31c364fe73894c79605f3f260fc975c8df668f63550387e7bb49e31d32ec678,2026-04-30 23:30:22,0xa992ec3bf62b6ca29648b8d42badc46e7031ce998668104f1b0ea70a9a371822,eth-updown-5m-1777581000
"Ethereum Up or Down - April 30, 4:30PM-4:35PM ET",Down,BUY,1.527775,0.7134545335536974,0xa31c364fe73894c79605f3f260fc975c8df668f63550387e7bb49e31d32ec678,2026-04-30 23:30:22,0x86bc9ad4c3c95df268438ab580c859f9ff209f33e1663f7df2115f85718b0260,eth-updown-5m-1777581000
"Bitcoin Up or Down - April 30, 4:30PM-4:45PM ET",Down,BUY,1.98148,0.5399998990653451,0x283ab1b796e2a8bdfcf5c30c08e612af4f05ff644b15576c6cf9e19a30277e0a,2026-04-30 23:30:22,0x64fe442aef0bfad969d82d6223ae0f3d884a8bd90e5a76a01e17cf205bfc72b0,btc-updown-15m-1777581000
"Bitcoin Up or Down - April 30, 4:30PM-4:45PM ET",Down,BUY,1.98148,0.5399998990653451,0x283ab1b796e2a8bdfcf5c30c08e612af4f05ff644b15576c6cf9e19a30277e0a,2026-04-30 23:30:22,0x89b2b0236a6d0e09c19cc2ab18ec3dd321961007c09b5ca0289ac996c98795f7,btc-updown-15m-1777581000
"Bitcoin Up or Down - April 30, 4:30PM-4:35PM ET",Down,BUY,1.862066,0.5799998496293901,0x928a2e99797ea6cc6a40cc22805547ec8290f63425fb661fc8406fd6bbf703b2,2026-04-30 23:30:22,0xd5100370b727b6453e17f5a8aaade1082659c86e5539000c1446b96312363310,btc-updown-5m-1777581000
"Ethereum Up or Down - April 30, 4:30PM-4:35PM ET",Down,BUY,1.626863,0.6699998709172192,0xa31c364fe73894c79605f3f260fc975c8df668f63550387e7bb49e31d32ec678,2026-04-30 23:30:22,0x48e1cdf1b85285fe2c4f915887d9a073a0d16d0b75b3f5718dab58a1efdb52b9,eth-updown-5m-1777581000
"Ethereum Up or Down - April 30, 4:30PM-4:35PM ET",Down,BUY,1.55714,0.7,0xa31c364fe73894c79605f3f260fc975c8df668f63550387e7bb49e31d32ec678,2026-04-30 23:30:22,0x6eeddf31c07f4cf25a40c980af98af7fede9e53f84bc39993a2938af2a7eb856,eth-updown-5m-1777581000
"Bitcoin Up or Down - April 30, 4:30PM-4:35PM ET",Down,BUY,1.844826,0.5799999566354768,0x928a2e99797ea6cc6a40cc22805547ec8290f63425fb661fc8406fd6bbf703b2,2026-04-30 23:30:22,0x84662588d24ec0f129419d49cd54f1cdda51e0fae9e54d5036fefca303284c55,btc-updown-5m-1777581000
"Bitcoin Up or Down - April 30, 4:30PM-4:35PM ET",Down,BUY,1.894734,0.5699997994441436,0x928a2e99797ea6cc6a40cc22805547ec8290f63425fb661fc8406fd6bbf703b2,2026-04-30 23:30:22,0x44ef710681738cb0e2294b74e08e2dd7b64b3633a44e0aeb5eaf7175cbf416e6,btc-updown-5m-1777581000
"Bitcoin Up or Down - April 30, 4:30PM-4:35PM ET",Down,BUY,1.963635,0.5499998726850968,0x928a2e99797ea6cc6a40cc22805547ec8290f63425fb661fc8406fd6bbf703b2,2026-04-30 23:30:18,0x82c5ada4c1af93be1c38d4057d5f7eb3d1a1b8c94a3eea98520b8d2c8a74aef8,btc-updown-5m-1777581000
"Bitcoin Up or Down - April 30, 4:30PM-4:45PM ET",Down,BUY,2.276594,0.46999992093451887,0x283ab1b796e2a8bdfcf5c30c08e612af4f05ff644b15576c6cf9e19a30277e0a,2026-04-30 23:30:18,0x8d35227567bf07ef804f7755edc62ad5c4cca67a54f0b015ad75d2762b4971c2,btc-updown-15m-1777581000
"Bitcoin Up or Down - April 30, 4:30PM-4:45PM ET",Down,BUY,2.276594,0.46999992093451887,0x283ab1b796e2a8bdfcf5c30c08e612af4f05ff644b15576c6cf9e19a30277e0a,2026-04-30 23:30:18,0x7125620cb40eda822cb58552c0cff58b42df84ac493be32ad28a81c093633e01,btc-updown-15m-1777581000
"Bitcoin Up or Down - April 30, 4:30PM-4:35PM ET",Down,BUY,1.783332,0.5999998878503834,0x928a2e99797ea6cc6a40cc22805547ec8290f63425fb661fc8406fd6bbf703b2,2026-04-30 23:30:18,0x66ac4b3b79ab758ac95e3f3e2cbd46e10f440f4e75ffd16e1ce2f682c3e03616,btc-updown-5m-1777581000
"Bitcoin Up or Down - April 30, 4:30PM-4:45PM ET",Down,BUY,2.255318,0.4699997960376319,0x283ab1b796e2a8bdfcf5c30c08e612af4f05ff644b15576c6cf9e19a30277e0a,2026-04-30 23:30:16,0xa7807be8d3525e3536bebe68291c4d97b76b6dc6fc9b8d125147c81948aa76ee,btc-updown-15m-1777581000
"Ethereum Up or Down - April 30, 4:30PM-4:35PM ET",Down,BUY,1.53521,0.7099999348623315,0xa31c364fe73894c79605f3f260fc975c8df668f63550387e7bb49e31d32ec678,2026-04-30 23:30:08,0x72ebaba95abc96c9dac2bff03a0e77bb468398c7cc96daea135475e7849731e9,eth-updown-5m-1777581000
"Bitcoin Up or Down - April 30, 4:30PM-4:35PM ET",Down,BUY,1.910713,0.5599998534578453,0x928a2e99797ea6cc6a40cc22805547ec8290f63425fb661fc8406fd6bbf703b2,2026-04-30 23:30:08,0xfc7d569d90fd7e4ff3139dfdf42400a7489f1f1e0de311be1e1f04f49124423f,btc-updown-5m-1777581000
"Bitcoin Up or Down - April 30, 4:30PM-4:45PM ET",Down,BUY,2.276594,0.46999992093451887,0x283ab1b796e2a8bdfcf5c30c08e612af4f05ff644b15576c6cf9e19a30277e0a,2026-04-30 23:30:08,0x5f111aa1a0c0dbd28f11f2152f76777a6d990fea746dacc4a22017b671090d4f,btc-updown-15m-1777581000
"Bitcoin Up or Down - April 30, 4:30PM-4:45PM ET",Down,BUY,2.018865,0.5299997771024808,0x283ab1b796e2a8bdfcf5c30c08e612af4f05ff644b15576c6cf9e19a30277e0a,2026-04-30 23:30:08,0x4e3dd83d893e0eaa2f65431a7e013bb300a208c933c1278cd900e88d01921ce7,btc-updown-15m-1777581000
"Bitcoin Up or Down - April 30, 4:25PM-4:30PM ET",Down,BUY,3.387095,0.30999986714278754,0x6bbcc23eac41c73da3a3c8c1500e3ee68da842b95afcebb497efd1ce5dc82616,2026-04-30 23:29:00,0x418c35f79358131ea9fa6a927cae82150f1f9a3d60cc5c5f5bac51ee78176ff4,btc-updown-5m-1777580700
"Bitcoin Up or Down - April 30, 4:25PM-4:30PM ET",Up,BUY,1.813558,0.5899998786915004,0x6bbcc23eac41c73da3a3c8c1500e3ee68da842b95afcebb497efd1ce5dc82616,2026-04-30 23:27:38,0x5189fb5b9406384159cf2166e51bdd4f50df4ffd44cafe66a7e8938abf244c04,btc-updown-5m-1777580700
"Bitcoin Up or Down - April 30, 4:25PM-4:30PM ET",Down,BUY,2.5,0.42,0x6bbcc23eac41c73da3a3c8c1500e3ee68da842b95afcebb497efd1ce5dc82616,2026-04-30 23:27:36,0xad039696ec057215d8e04bf1b3050da487b3868f8acb7bc151f494a84a3af76c,btc-updown-5m-1777580700
"Bitcoin Up or Down - April 30, 4:25PM-4:30PM ET",Down,BUY,2.523808,0.41999985735840445,0x6bbcc23eac41c73da3a3c8c1500e3ee68da842b95afcebb497efd1ce5dc82616,2026-04-30 23:27:36,0x2e44b0d60a0839ce007c4b71a68227a93bca04feaf636ad46246c46d2ee71439,btc-updown-5m-1777580700
"Bitcoin Up or Down - April 30, 4:25PM-4:30PM ET",Down,BUY,2.5,0.42,0x6bbcc23eac41c73da3a3c8c1500e3ee68da842b95afcebb497efd1ce5dc82616,2026-04-30 23:27:36,0x8d02493bfffc88968cd0f59175e84144922fe81083bf244bb662ee6c617e858f,btc-updown-5m-1777580700
"Bitcoin Up or Down - April 30, 4:25PM-4:30PM ET",Down,BUY,2.523808,0.41999985735840445,0x6bbcc23eac41c73da3a3c8c1500e3ee68da842b95afcebb497efd1ce5dc82616,2026-04-30 23:27:34,0x4e367941c32e3f790706007796a9747873c8eadc5fd453bd9817e397578eebf6,btc-updown-5m-1777580700
"Bitcoin Up or Down - April 30, 4:25PM-4:30PM ET",Down,BUY,2.625,0.4,0x6bbcc23eac41c73da3a3c8c1500e3ee68da842b95afcebb497efd1ce5dc82616,2026-04-30 23:27:32,0x3a18a619e8d22c9f429e7dfed2ad01fed7f58abbdae65eb2a7100afff2522a80,btc-updown-5m-1777580700
"Bitcoin Up or Down - April 30, 4:25PM-4:30PM ET",Down,BUY,2.625,0.4,0x6bbcc23eac41c73da3a3c8c1500e3ee68da842b95afcebb497efd1ce5dc82616,2026-04-30 23:27:32,0x5b9c459477e58dcc28d12bdea10e9d5f3fee60864a1e26aa772b49e05a23ff9b,btc-updown-5m-1777580700
"Bitcoin Up or Down - April 30, 4:25PM-4:30PM ET",Up,BUY,1.783332,0.5999998878503834,0x6bbcc23eac41c73da3a3c8c1500e3ee68da842b95afcebb497efd1ce5dc82616,2026-04-30 23:27:24,0xf10c2d2623de1f50bd1b34aec6cc33a64d62391ed1a473314b48d69fdbcd08f9,btc-updown-5m-1777580700
"Bitcoin Up or Down - April 30, 4:25PM-4:30PM ET",Down,BUY,1.796609,0.5899998274527178,0x6bbcc23eac41c73da3a3c8c1500e3ee68da842b95afcebb497efd1ce5dc82616,2026-04-30 23:25:16,0xa72ffb6f373e87b6ad4e3251c428a39b6a0e8095ac0713cfeb285f195292ffcb,btc-updown-5m-1777580700
"Bitcoin Up or Down - April 30, 4:25PM-4:30PM ET",Down,BUY,1.813558,0.5899998786915004,0x6bbcc23eac41c73da3a3c8c1500e3ee68da842b95afcebb497efd1ce5dc82616,2026-04-30 23:25:16,0xdd28cb4b0dd1b325fe78d3a12365ecd2e43639e46355ebefdebb5ebd16f5ab9e,btc-updown-5m-1777580700
"Bitcoin Up or Down - April 30, 4:20PM-4:25PM ET",Up,BUY,1.45262,0.95,0xc79b10bac358e1c26f47d53c3be212315d692fcd7c45e8950eac82289bb450e7,2026-04-30 23:25:10,0x388dd1a6b805bdb956e832196497b0109b82b3f15d79e51c5d4cbd7afa683129,btc-updown-5m-1777580400
"Ethereum Up or Down - April 30, 4:20PM-4:25PM ET",Up,BUY,1.159566,0.9399999655043353,0xa3924e1068b66148f4bc1a4e97e91147d2fa632b03aa055ccef0607c820e1990,2026-04-30 23:22:30,0xfaf008493bec3c689f83c3ce4ae86d8ee68f6087a0940d8a39c94eda445101cc,eth-updown-5m-1777580400
"Bitcoin Up or Down - April 30, 4:20PM-4:25PM ET",Up,BUY,1.14736,0.95,0xc79b10bac358e1c26f47d53c3be212315d692fcd7c45e8950eac82289bb450e7,2026-04-30 23:22:26,0x1315e9b0b779eb321146bf49f9c53bfeff948b5fa52ffbae1aca7d74fd450d22,btc-updown-5m-1777580400
"Bitcoin Up or Down - April 30, 4:20PM-4:25PM ET",Up,BUY,1.1354,0.96,0xc79b10bac358e1c26f47d53c3be212315d692fcd7c45e8950eac82289bb450e7,2026-04-30 23:21:56,0xc06a338a30faee233803497bfcfa07ab27d429ceb6801151707ae38d23eff207,btc-updown-5m-1777580400
"Bitcoin Up or Down - April 30, 4:20PM-4:25PM ET",Up,BUY,1.172042,0.9299999488072953,0xc79b10bac358e1c26f47d53c3be212315d692fcd7c45e8950eac82289bb450e7,2026-04-30 23:21:54,0x9ca2f611a40bf551f3bdd76c5402a0daa7228eeb91515830d3c04d624e92e193,btc-updown-5m-1777580400
"Bitcoin Up or Down - April 30, 4:20PM-4:25PM ET",Up,BUY,1.1354,0.96,0xc79b10bac358e1c26f47d53c3be212315d692fcd7c45e8950eac82289bb450e7,2026-04-30 23:21:54,0xb62600a8873b2d2ad724b2db5923c8881cce48980743cf56182553ed032621f3,btc-updown-5m-1777580400
"Bitcoin Up or Down - April 30, 4:20PM-4:25PM ET",Up,BUY,1.988702,0.5330104761799405,0xc79b10bac358e1c26f47d53c3be212315d692fcd7c45e8950eac82289bb450e7,2026-04-30 23:20:38,0x87e298bfde9498fab0845cb15df0d49bbcb1c24548616bdc2df90c597b602c35,btc-updown-5m-1777580400
"Ethereum Up or Down - April 30, 4:15PM-4:20PM ET",Down,BUY,1.313252,0.8299998781650437,0xd149f7c1fa787e433384dd1f3741b05105d81795191e0684e09d13f1493e052d,2026-04-30 23:18:40,0xf47aafd2aa3dbe4bc11384a60e88b08dee1f98653d5e2c7fec66728571bf607f,eth-updown-5m-1777580100
"Ethereum Up or Down - April 30, 4:15PM-4:20PM ET",Down,BUY,1.267435,0.8599999211004904,0xd149f7c1fa787e433384dd1f3741b05105d81795191e0684e09d13f1493e052d,2026-04-30 23:18:22,0x7d48d5f9ae23a27e214289ab61a6934d6c7ab20b16f116d4c9f4d056ad5c4709,eth-updown-5m-1777580100
"Ethereum Up or Down - April 30, 4:15PM-4:20PM ET",Down,BUY,1.267435,0.8599999211004904,0xd149f7c1fa787e433384dd1f3741b05105d81795191e0684e09d13f1493e052d,2026-04-30 23:18:20,0x6638533eefb2a70e87c3eb928f5a94eed0b8591ad0ac838545f369d40197fee1,eth-updown-5m-1777580100
"Ethereum Up or Down - April 30, 4:15PM-4:20PM ET",Down,BUY,1.35,0.8,0xd149f7c1fa787e433384dd1f3741b05105d81795191e0684e09d13f1493e052d,2026-04-30 23:18:12,0x843f84c7c5913e20beef26fa39b43aff13ade6163533611ac2e262d4739b5537,eth-updown-5m-1777580100
"Ethereum Up or Down - April 30, 4:15PM-4:20PM ET",Down,BUY,1.297618,0.8399999075228611,0xd149f7c1fa787e433384dd1f3741b05105d81795191e0684e09d13f1493e052d,2026-04-30 23:18:12,0xadf1c59326932cea3bf9779568c050847a6247cc065f84d7eeb4dfb161d0194f,eth-updown-5m-1777580100
"Bitcoin Up or Down - April 30, 4:15PM-4:20PM ET",Up,BUY,6.866665,0.14999989077667253,0x9c6085e7c8197dc3311406368403ad5e1b3d948624e89e173f1923b958c04533,2026-04-30 23:18:10,0x318beccaff0a8f096831136e47d20225003872c146ed8f08d97969e55e648453,btc-updown-5m-1777580100
"Bitcoin Up or Down - April 30, 4:15PM-4:20PM ET",Up,BUY,7.357141,0.13999989941745034,0x9c6085e7c8197dc3311406368403ad5e1b3d948624e89e173f1923b958c04533,2026-04-30 23:17:56,0x570781040f560aac259d332ec28898c856a94641b6a21a7fb98fc2e384684493,btc-updown-5m-1777580100
"Ethereum Up or Down - April 30, 4:15PM-4:20PM ET",Down,BUY,1.333331,0.8099999174998557,0xd149f7c1fa787e433384dd1f3741b05105d81795191e0684e09d13f1493e052d,2026-04-30 23:17:02,0xacbf057a835f4f6fda8f18003c604145e6d4430a075d5f9ada3aacab90759773,eth-updown-5m-1777580100
"Bitcoin Up or Down - April 30, 4:15PM-4:20PM ET",Down,BUY,1.0989,0.91,0x9c6085e7c8197dc3311406368403ad5e1b3d948624e89e173f1923b958c04533,2026-04-30 23:16:56,0xaebef3618811fe979e620108aaffbb9b4b11f3b9c857378018fe917322917640,btc-updown-5m-1777580100
"Bitcoin Up or Down - April 30, 4:15PM-4:20PM ET",Down,BUY,1.238635,0.8799993541277293,0x9c6085e7c8197dc3311406368403ad5e1b3d948624e89e173f1923b958c04533,2026-04-30 23:16:54,0x8dbd9b36b7f5cf0055915b12d0b5ae212e71d76e1feecfd8e60df71e7f99a39e,btc-updown-5m-1777580100
"Bitcoin Up or Down - April 30, 4:15PM-4:20PM ET",Down,BUY,1.267435,0.8599999211004904,0x9c6085e7c8197dc3311406368403ad5e1b3d948624e89e173f1923b958c04533,2026-04-30 23:16:52,0xdcc15b32a270d8f58a9ec2aa335b35d7f49c90286915cc36c90f7f94892b7e7f,btc-updown-5m-1777580100
"Bitcoin Up or Down - April 30, 4:15PM-4:20PM ET",Up,BUY,10.3,0.1,0x9c6085e7c8197dc3311406368403ad5e1b3d948624e89e173f1923b958c04533,2026-04-30 23:16:04,0xef2ca968d625e46f632b6a0f2549f77e810a26c48f373f0d9a4b3c5d99c450e2,btc-updown-5m-1777580100
"Ethereum Up or Down - April 30, 4:15PM-4:20PM ET",Down,BUY,1.329266,0.8199999097246149,0xd149f7c1fa787e433384dd1f3741b05105d81795191e0684e09d13f1493e052d,2026-04-30 23:16:00,0x34a1cea0d934b402c572e2eb0674de7d4759b69a91d5ecd0305cd1860c6198da,eth-updown-5m-1777580100
"Bitcoin Up or Down - April 30, 4:15PM-4:30PM ET",Down,BUY,1.267435,0.8599999211004904,0x1272cd3ffa391266c7fd326429816619cb61018bd0bd49527e158910f597be09,2026-04-30 23:16:00,0x85c6b0a34d7eae44773c946b80276996214c3d68ba3392f78af68eb1fba521bc,btc-updown-15m-1777580100
"Bitcoin Up or Down - April 30, 4:15PM-4:30PM ET",Down,BUY,1.282346,0.8499999220179265,0x1272cd3ffa391266c7fd326429816619cb61018bd0bd49527e158910f597be09,2026-04-30 23:16:00,0xf063f1c9bd278fd4aff1f078ddbfa3d3ea56d058bbe6b334e150ae58fdcd45de,btc-updown-15m-1777580100
"Ethereum Up or Down - April 30, 4:15PM-4:20PM ET",Down,BUY,1.329266,0.8199999097246149,0xd149f7c1fa787e433384dd1f3741b05105d81795191e0684e09d13f1493e052d,2026-04-30 23:16:00,0xf833083664c228f9487b8319b76e209b1ec03d7cbeea2fad320cf77c473c3a99,eth-updown-5m-1777580100
"Bitcoin Up or Down - April 30, 4:15PM-4:30PM ET",Down,BUY,1.267435,0.8599999211004904,0x1272cd3ffa391266c7fd326429816619cb61018bd0bd49527e158910f597be09,2026-04-30 23:16:00,0x5bd7c9a736cc592331bf46defb07c7ddcf2a70d6075e0e2b0d3a4c761a0a6901,btc-updown-15m-1777580100
"Bitcoin Up or Down - April 30, 4:15PM-4:20PM ET",Down,BUY,1.159566,0.9399999655043353,0x9c6085e7c8197dc3311406368403ad5e1b3d948624e89e173f1923b958c04533,2026-04-30 23:16:00,0x6a8e638820b482a3a73b78ce9c5a2819de9af327891b4b5ddd6798c4dea6759f,btc-updown-5m-1777580100
"Ethereum Up or Down - April 30, 4:15PM-4:20PM ET",Down,BUY,1.329266,0.8199999097246149,0xd149f7c1fa787e433384dd1f3741b05105d81795191e0684e09d13f1493e052d,2026-04-30 23:16:00,0x371ca5716775b70dbcc4dd82793a5ceee553ecd241c54e0724394cc16e80947b,eth-updown-5m-1777580100
"Bitcoin Up or Down - April 30, 4:15PM-4:30PM ET",Down,BUY,1.267435,0.8599999211004904,0x1272cd3ffa391266c7fd326429816619cb61018bd0bd49527e158910f597be09,2026-04-30 23:16:00,0x731770a871610cf59a9964361c856c1a5b491d6a02f4c912ca23dca2eea61840,btc-updown-15m-1777580100
"Bitcoin Up or Down - April 30, 4:15PM-4:20PM ET",Down,BUY,1.172042,0.9299999488072953,0x9c6085e7c8197dc3311406368403ad5e1b3d948624e89e173f1923b958c04533,2026-04-30 23:15:56,0x19320089ee93b534666f8ddde406e4d6f3436bbfe0e188efb486389edaed788b,btc-updown-5m-1777580100
"Bitcoin Up or Down - April 30, 4:15PM-4:20PM ET",Down,BUY,1.184775,0.92,0x9c6085e7c8197dc3311406368403ad5e1b3d948624e89e173f1923b958c04533,2026-04-30 23:15:56,0x390ea7886f31372b48302f668496c0e1654a9449b345970bff156b2bf8cf105c,btc-updown-5m-1777580100
"Bitcoin Up or Down - April 30, 4:15PM-4:30PM ET",Down,BUY,1.3012,0.83,0x1272cd3ffa391266c7fd326429816619cb61018bd0bd49527e158910f597be09,2026-04-30 23:15:52,0x68afe446d1f6a03987da52b68c1a6f655f8e218b1b294fa26988966a19d4cddd,btc-updown-15m-1777580100
"Bitcoin Up or Down - April 30, 4:15PM-4:30PM ET",Down,BUY,1.459457,0.7399998766664588,0x1272cd3ffa391266c7fd326429816619cb61018bd0bd49527e158910f597be09,2026-04-30 23:15:46,0xc302de5e92cfd6cc4ffb80429f2dbe2b97bd2a6b7d65951526661c77618f800c,btc-updown-15m-1777580100
"Bitcoin Up or Down - April 30, 4:15PM-4:30PM ET",Down,BUY,1.69841,0.6299998233642053,0x1272cd3ffa391266c7fd326429816619cb61018bd0bd49527e158910f597be09,2026-04-30 23:15:36,0x038aad3ee308b7308faf630b17f639e27116bd0984247b84c653efd9d21abf33,btc-updown-15m-1777580100
"Bitcoin Up or Down - April 30, 4:15PM-4:30PM ET",Down,BUY,1.69841,0.6299998233642053,0x1272cd3ffa391266c7fd326429816619cb61018bd0bd49527e158910f597be09,2026-04-30 23:15:36,0x75bb2a5bb1f9ca687befe9ca4371e733cf9bf27c5ad3122505d614f84f5dbf16,btc-updown-15m-1777580100
"Bitcoin Up or Down - April 30, 4:15PM-4:30PM ET",Down,BUY,1.69841,0.6299998233642053,0x1272cd3ffa391266c7fd326429816619cb61018bd0bd49527e158910f597be09,2026-04-30 23:15:36,0x0b3691c97a7bfbebd48e04e22c73762f3d1a9554c5201831789a510001c6de2d,btc-updown-15m-1777580100
"Bitcoin Up or Down - April 30, 4:15PM-4:30PM ET",Down,BUY,1.69841,0.6299998233642053,0x1272cd3ffa391266c7fd326429816619cb61018bd0bd49527e158910f597be09,2026-04-30 23:15:36,0x1800e0067f51944e3d1fd7c39cce4cf3c378fced2355d08c5ea7505ce8aebde9,btc-updown-15m-1777580100
"Bitcoin Up or Down - April 30, 4:15PM-4:20PM ET",Down,BUY,1.550722,0.6899998839250362,0x9c6085e7c8197dc3311406368403ad5e1b3d948624e89e173f1923b958c04533,2026-04-30 23:15:36,0x89897b5e3325e59d046a8a01163781db822c7d238a4dca67eef061abc97e8784,btc-updown-5m-1777580100
"Bitcoin Up or Down - April 30, 4:15PM-4:20PM ET",Down,BUY,1.725805,0.619999942056026,0x9c6085e7c8197dc3311406368403ad5e1b3d948624e89e173f1923b958c04533,2026-04-30 23:15:34,0x7a3af605da86f28e0f57a868ed267a86b985f9d9e78a3484d3298bdce5e37886,btc-updown-5m-1777580100
"Bitcoin Up or Down - April 30, 4:15PM-4:30PM ET",Down,BUY,1.844826,0.5799999566354768,0x1272cd3ffa391266c7fd326429816619cb61018bd0bd49527e158910f597be09,2026-04-30 23:15:34,0x649e1ed6bc61fcf1a922c7d3e434f4d2bde19b7c24877e58bc74bb1ff1ced056,btc-updown-15m-1777580100
"Bitcoin Up or Down - April 30, 4:15PM-4:30PM ET",Down,BUY,1.844826,0.5799999566354768,0x1272cd3ffa391266c7fd326429816619cb61018bd0bd49527e158910f597be09,2026-04-30 23:15:34,0x4547ab333f015a951f65a36ebf1806b5dd4b7b8ff3968f7c9b7c4f22f400bf9b,btc-updown-15m-1777580100
"Bitcoin Up or Down - April 30, 4:15PM-4:20PM ET",Down,BUY,1.741934,0.619999954074035,0x9c6085e7c8197dc3311406368403ad5e1b3d948624e89e173f1923b958c04533,2026-04-30 23:15:34,0xf124ab9d19aa82638355210e45f27906ade4c00c9efe558060be273a4df4189b,btc-updown-5m-1777580100
"Bitcoin Up or Down - April 30, 4:15PM-4:20PM ET",Up,BUY,2.523808,0.41999985735840445,0x9c6085e7c8197dc3311406368403ad5e1b3d948624e89e173f1923b958c04533,2026-04-30 23:15:32,0x558f2d60f9151a79a2ff1e368ef94159be269acf43c55b2a98c8c8eea3a6fb3c,btc-updown-5m-1777580100
"Bitcoin Up or Down - April 30, 4:15PM-4:20PM ET",Down,BUY,1.87719,0.5699998401866619,0x9c6085e7c8197dc3311406368403ad5e1b3d948624e89e173f1923b958c04533,2026-04-30 23:15:28,0x5d3471bb106736d0eb11c90d9f1f7899684aa679a78d75439f07963ebad89dc4,btc-updown-5m-1777580100
"Bitcoin Up or Down - April 30, 4:15PM-4:20PM ET",Down,BUY,1.892856,0.5599998098112059,0x9c6085e7c8197dc3311406368403ad5e1b3d948624e89e173f1923b958c04533,2026-04-30 23:15:28,0x27f83a047e6e48cb06ca9de779f97109754597da1e48e777dd647eca2ab362e3,btc-updown-5m-1777580100
"Bitcoin Up or Down - April 30, 4:15PM-4:20PM ET",Down,BUY,1.910713,0.5599998534578453,0x9c6085e7c8197dc3311406368403ad5e1b3d948624e89e173f1923b958c04533,2026-04-30 23:15:28,0x31d943a11a81d7836f7be5ccb47f5f011d0742c5cb44f28ebbdb6d388e7939b4,btc-updown-5m-1777580100
"Bitcoin Up or Down - April 30, 4:15PM-4:30PM ET",Down,BUY,1.96296,0.5399997962261075,0x1272cd3ffa391266c7fd326429816619cb61018bd0bd49527e158910f597be09,2026-04-30 23:15:26,0xe1cbe5a40ea452c2150d9854b836f052468e299aeb7d5818233dcb5926e8a837,btc-updown-15m-1777580100
"Bitcoin Up or Down - April 30, 4:15PM-4:20PM ET",Down,BUY,1.859648,0.5699998064149775,0x9c6085e7c8197dc3311406368403ad5e1b3d948624e89e173f1923b958c04533,2026-04-30 23:15:26,0x43959fb8fbad9f79f1fed614d8761e25903af263666d76daf2ecbabf58fa5c82,btc-updown-5m-1777580100
"Bitcoin Up or Down - April 30, 4:15PM-4:20PM ET",Down,BUY,2.208332,0.47999983698103366,0x9c6085e7c8197dc3311406368403ad5e1b3d948624e89e173f1923b958c04533,2026-04-30 23:15:20,0x67a0a66cff92786cee3a2ac23bbc54cd5416690c5769dc6f7df5801cd5277068,btc-updown-5m-1777580100
"Bitcoin Up or Down - April 30, 4:15PM-4:30PM ET",Up,BUY,1.844826,0.5799999566354768,0x1272cd3ffa391266c7fd326429816619cb61018bd0bd49527e158910f597be09,2026-04-30 23:15:14,0x3aa01fb296b6ca0582525071b9b37eb834865f71e35110425a0acae98a6930b1,btc-updown-15m-1777580100
"Bitcoin Up or Down - April 30, 4:15PM-4:30PM ET",Up,BUY,1.945453,0.5499999228971351,0x1272cd3ffa391266c7fd326429816619cb61018bd0bd49527e158910f597be09,2026-04-30 23:15:08,0xf6a8011e21ce4df96486cf15de02ea68dec280711cb2853517cbf93bddc5407e,btc-updown-15m-1777580100
"Bitcoin Up or Down - April 30, 4:15PM-4:30PM ET",Up,BUY,1.927271,0.5499999740565805,0x1272cd3ffa391266c7fd326429816619cb61018bd0bd49527e158910f597be09,2026-04-30 23:15:08,0x7ec481cedcf652ecad7934bb9dc8e62e19024ed3e4006a741a21110268b927df,btc-updown-15m-1777580100
"Bitcoin Up or Down - April 30, 4:15PM-4:30PM ET",Up,BUY,1.927271,0.5499999740565805,0x1272cd3ffa391266c7fd326429816619cb61018bd0bd49527e158910f597be09,2026-04-30 23:15:06,0x40bfd3f96bd39e6454827be33372bb1b6e75eb3f9b80fce3b6d4faf0e50983e2,btc-updown-15m-1777580100
"Bitcoin Up or Down - April 30, 4:15PM-4:30PM ET",Up,BUY,1.927271,0.5499999740565805,0x1272cd3ffa391266c7fd326429816619cb61018bd0bd49527e158910f597be09,2026-04-30 23:15:06,0xcae1e5f778da273a8d6ffce9a5738d4cb64bdb14825da328122a31c43a825adc,btc-updown-15m-1777580100
"Bitcoin Up or Down - April 30, 4:10PM-4:15PM ET",Up,BUY,1.172042,0.9299999488072953,0x3be50de5355d504e082232b4aba71f77409071753959c9706756eb2debc78e4e,2026-04-30 23:14:00,0x2badad756a43e1ca4f842132cbfd2a23951064cd00cd3da6974945a617988a4f,btc-updown-5m-1777579800
"Bitcoin Up or Down - April 30, 4:10PM-4:15PM ET",Up,BUY,1.329266,0.8199999097246149,0x3be50de5355d504e082232b4aba71f77409071753959c9706756eb2debc78e4e,2026-04-30 23:13:52,0x3ccc52c049ab826626ef52911ece38bd87cb1a2458bd4e089b59c99130788160,btc-updown-5m-1777579800
"Bitcoin Up or Down - April 30, 4:10PM-4:15PM ET",Down,BUY,4.365415,0.23823599818115804,0x3be50de5355d504e082232b4aba71f77409071753959c9706756eb2debc78e4e,2026-04-30 23:13:44,0xa408aa49c98e9a62898b3be96f5196496fc41fc95e7f95972de97da5675987d9,btc-updown-5m-1777579800
"Bitcoin Up or Down - April 30, 4:10PM-4:15PM ET",Down,BUY,5.722221,0.17999986368929127,0x3be50de5355d504e082232b4aba71f77409071753959c9706756eb2debc78e4e,2026-04-30 23:13:36,0xe2614b52bfdcbcdfa9b897274c422747a8d05a19005d11b3406022fa720aea6b,btc-updown-5m-1777579800
"Ethereum Up or Down - April 30, 4:10PM-4:15PM ET",Up,BUY,1.14736,0.95,0xd2a242116b4c2469ad071eaf43bdae27da5c24cc779e1ffbfe2d8d28dd619f4f,2026-04-30 23:12:54,0x735b03c336ea9e15771ef2d5273c6599c561032ce40cc7212934bbe1f7ba7902,eth-updown-5m-1777579800
"Ethereum Up or Down - April 30, 4:10PM-4:15PM ET",Up,BUY,1.14736,0.95,0xd2a242116b4c2469ad071eaf43bdae27da5c24cc779e1ffbfe2d8d28dd619f4f,2026-04-30 23:12:54,0x784f198a452d1994b1fa0957630d764480f2fa0b3b031ddfb7a6abad6bd9e4ab,eth-updown-5m-1777579800
"Ethereum Up or Down - April 30, 4:10PM-4:15PM ET",Up,BUY,1.14736,0.95,0xd2a242116b4c2469ad071eaf43bdae27da5c24cc779e1ffbfe2d8d28dd619f4f,2026-04-30 23:12:52,0x4c74594186b12b690f36f93b12a898f18767c2ca03351d258ce679ca6a77f43b,eth-updown-5m-1777579800
"Ethereum Up or Down - April 30, 4:10PM-4:15PM ET",Up,BUY,1.184775,0.92,0xd2a242116b4c2469ad071eaf43bdae27da5c24cc779e1ffbfe2d8d28dd619f4f,2026-04-30 23:12:52,0x528b366fab1500161d9856a2aa92c56f6bc8c157b2a6432de57f5e743e7b73e1,eth-updown-5m-1777579800
"Bitcoin Up or Down - April 30, 4:10PM-4:15PM ET",Up,BUY,1.621211,0.6599998396260573,0x3be50de5355d504e082232b4aba71f77409071753959c9706756eb2debc78e4e,2026-04-30 23:12:26,0x04fff3aa0afed0ad19c5dbdaafc357251c299d86a83851c118010b813dca16b5,btc-updown-5m-1777579800
"Bitcoin Up or Down - April 30, 4:10PM-4:15PM ET",Up,BUY,1.827585,0.5799998358489482,0x3be50de5355d504e082232b4aba71f77409071753959c9706756eb2debc78e4e,2026-04-30 23:12:20,0xb17ea45ea75d4e3781505306d38fb1b667a33e7d100fdf2f028adb4ae3e02bb0,btc-updown-5m-1777579800
"Bitcoin Up or Down - April 30, 4:10PM-4:15PM ET",Up,BUY,2.837836,0.3699998872380222,0x3be50de5355d504e082232b4aba71f77409071753959c9706756eb2debc78e4e,2026-04-30 23:12:04,0xa1726893341205668b4431c3816c24bb50cd47f53ae5123b6a747653789910fa,btc-updown-5m-1777579800
"Bitcoin Up or Down - April 30, 4:10PM-4:15PM ET",Up,BUY,2.837836,0.3699998872380222,0x3be50de5355d504e082232b4aba71f77409071753959c9706756eb2debc78e4e,2026-04-30 23:11:46,0x92e70f36fe291c601ba44b9871b8dfea0091760c98911495ff9c17a5470475d9,btc-updown-5m-1777579800
"Bitcoin Up or Down - April 30, 4:10PM-4:15PM ET",Down,BUY,1.573528,0.6799999745794164,0x3be50de5355d504e082232b4aba71f77409071753959c9706756eb2debc78e4e,2026-04-30 23:11:36,0xc4cf19a07198a1b131da43b439fe9ddb2d7b24e4867d357dc37a70de5bc04c5d,btc-updown-5m-1777579800
"Bitcoin Up or Down - April 30, 4:10PM-4:15PM ET",Down,BUY,1.52857,0.7,0x3be50de5355d504e082232b4aba71f77409071753959c9706756eb2debc78e4e,2026-04-30 23:11:30,0xb4bb00eb4cace30cbdfb86ad34834fdce42a2f3a046387ca0a62980d04fe0a72,btc-updown-5m-1777579800
"Bitcoin Up or Down - April 30, 4:10PM-4:15PM ET",Down,BUY,1.844826,0.5799999566354768,0x3be50de5355d504e082232b4aba71f77409071753959c9706756eb2debc78e4e,2026-04-30 23:11:08,0xb9fad1cec49adc4141e954b97a98af3facd45b4a7e7a3e4720b6e4664a688d9c,btc-updown-5m-1777579800
"Bitcoin Up or Down - April 30, 4:10PM-4:15PM ET",Down,BUY,1.827585,0.5799998358489482,0x3be50de5355d504e082232b4aba71f77409071753959c9706756eb2debc78e4e,2026-04-30 23:11:08,0x0f83f655e02142d765a92289d5a72059ba6ed7b37934de1b3cc16eeb152d7cb2,btc-updown-5m-1777579800
"Bitcoin Up or Down - April 30, 4:10PM-4:15PM ET",Down,BUY,2.229165,0.47999991028030675,0x3be50de5355d504e082232b4aba71f77409071753959c9706756eb2debc78e4e,2026-04-30 23:10:54,0x56755f7e6e217efb9bbe2290a67dba7f7a412a2a362646a667bb8b4e33ea11f7,btc-updown-5m-1777579800
"Bitcoin Up or Down - April 30, 4:10PM-4:15PM ET",Down,BUY,1.813558,0.5899998786915004,0x3be50de5355d504e082232b4aba71f77409071753959c9706756eb2debc78e4e,2026-04-30 23:10:52,0x5795387bc2f2875a4637a587f73dd7cce0b84b4f180ff5af7b1683f24a22899f,btc-updown-5m-1777579800
"Bitcoin Up or Down - April 30, 4:10PM-4:15PM ET",Down,BUY,2.229165,0.47999991028030675,0x3be50de5355d504e082232b4aba71f77409071753959c9706756eb2debc78e4e,2026-04-30 23:10:52,0xd3439b24551c64a1fe0bf8d22655be878a52277203221c0d4d546a28d4873b58,btc-updown-5m-1777579800
"Bitcoin Up or Down - April 30, 4:10PM-4:15PM ET",Down,BUY,1.813558,0.5899998786915004,0x3be50de5355d504e082232b4aba71f77409071753959c9706756eb2debc78e4e,2026-04-30 23:10:52,0x65cd13cbe0f0770c72b37a3710d8de7c82725efe6cfec321562fc52e1a0cf0bb,btc-updown-5m-1777579800
"Bitcoin Up or Down - April 30, 4:10PM-4:15PM ET",Down,BUY,2,0.53,0x3be50de5355d504e082232b4aba71f77409071753959c9706756eb2debc78e4e,2026-04-30 23:10:34,0xf235c1ecc2d09dddef29874f304874b012a62efef0736108997ccb986a2a7e9f,btc-updown-5m-1777579800
"Bitcoin Up or Down - April 30, 4:05PM-4:10PM ET",Down,BUY,1.754097,0.609999903084037,0x6d639cf0d97aa9408c0692c354366928134b24e7ba05f9f71fb76ea19d041a6e,2026-04-30 23:06:30,0x2a1f49ef72325a9e094f5ca9b6c099a14900667613fe4e864fd1340f4c7e5f92,btc-updown-5m-1777579500
"Bitcoin Up or Down - April 30, 4:05PM-4:10PM ET",Down,BUY,1.754097,0.609999903084037,0x6d639cf0d97aa9408c0692c354366928134b24e7ba05f9f71fb76ea19d041a6e,2026-04-30 23:06:30,0x741e1c4a743c451890c946309699426f8cbd7abac91ba4a18fd4c9dae43248eb,btc-updown-5m-1777579500
"Bitcoin Up or Down - April 30, 4:05PM-4:10PM ET",Down,BUY,1.844826,0.5799999566354768,0x6d639cf0d97aa9408c0692c354366928134b24e7ba05f9f71fb76ea19d041a6e,2026-04-30 23:06:30,0xcc3e6d786140eda56c711d4544e82d77c55eeb0b8527bb6d56747aedf19d109d,btc-updown-5m-1777579500
"Bitcoin Up or Down - April 30, 4:05PM-4:10PM ET",Down,BUY,2.441859,0.42999984847609957,0x6d639cf0d97aa9408c0692c354366928134b24e7ba05f9f71fb76ea19d041a6e,2026-04-30 23:06:12,0xfe1f9b91a452cda08d9f657f23f94fa7f5a955811139c95fa0fcf7a60ee0fe18,btc-updown-5m-1777579500
"Bitcoin Up or Down - April 30, 4:05PM-4:10PM ET",Up,BUY,1.927271,0.5499999740565805,0x6d639cf0d97aa9408c0692c354366928134b24e7ba05f9f71fb76ea19d041a6e,2026-04-30 23:05:18,0x54148fe68ff790aeb775aa158c831074652bb97b9f56015c262f9d3d11849dfa,btc-updown-5m-1777579500
"Bitcoin Up or Down - April 30, 4:05PM-4:10PM ET",Up,BUY,1.927271,0.5499999740565805,0x6d639cf0d97aa9408c0692c354366928134b24e7ba05f9f71fb76ea19d041a6e,2026-04-30 23:05:18,0x16e52c358f5715a16bc83fdff16c17caac8d105f94efa74d6186ebf4671eb208,btc-updown-5m-1777579500
"Ethereum Up or Down - April 30, 4:00PM-4:05PM ET",Up,BUY,102,0.01,0x9477c8bec8311aac46c1a3689331813e833f7b4d98e3ee309bba4a584f2b77d9,2026-04-30 23:05:18,0x9da048774a669508ac18456a229cbc768ffdfa227c61ceb307a5fb41d089c5a4,eth-updown-5m-1777579200
"Bitcoin Up or Down - April 30, 4:05PM-4:10PM ET",Up,BUY,1.927271,0.5499999740565805,0x6d639cf0d97aa9408c0692c354366928134b24e7ba05f9f71fb76ea19d041a6e,2026-04-30 23:05:18,0x8b4df8d63db18947822fa731b1f21df62bbeeecb3523308d4ffedadfda51e0eb,btc-updown-5m-1777579500
"Bitcoin Up or Down - April 30, 4:05PM-4:10PM ET",Up,BUY,1.945453,0.5499999228971351,0x6d639cf0d97aa9408c0692c354366928134b24e7ba05f9f71fb76ea19d041a6e,2026-04-30 23:05:18,0x1b839c7da3022619a4ab574e5de5336517d2885363bdf7dbf5a142d4a274a320,btc-updown-5m-1777579500
"Bitcoin Up or Down - April 30, 4:05PM-4:10PM ET",Up,BUY,1.844826,0.5799999566354768,0x6d639cf0d97aa9408c0692c354366928134b24e7ba05f9f71fb76ea19d041a6e,2026-04-30 23:05:16,0x972db742ef37b798cd3b9924213ad0d355685c2cd9e7f7ead1be4c111c4976df,btc-updown-5m-1777579500
"Bitcoin Up or Down - April 30, 4:05PM-4:10PM ET",Up,BUY,2,0.53,0x6d639cf0d97aa9408c0692c354366928134b24e7ba05f9f71fb76ea19d041a6e,2026-04-30 23:05:16,0xb5db8193a76e06986eb146fc0e33ed80fb867cf5e89bbb81f24e7487c34d0cc4,btc-updown-5m-1777579500
"Bitcoin Up or Down - April 30, 4:05PM-4:10PM ET",Up,BUY,2.018866,0.5299995145789765,0x6d639cf0d97aa9408c0692c354366928134b24e7ba05f9f71fb76ea19d041a6e,2026-04-30 23:05:16,0x9375d797d9f4c13c75d90922128deba5b2681bb4723b7d3825128f5f64b3a2ed,btc-updown-5m-1777579500
"Bitcoin Up or Down - April 30, 4:05PM-4:10PM ET",Up,BUY,2.07843,0.509999855660282,0x6d639cf0d97aa9408c0692c354366928134b24e7ba05f9f71fb76ea19d041a6e,2026-04-30 23:05:16,0xd4ad53a52f38d89d2d4e5e3d1e4c3aa1379f698ad5a32de4aec4a5526cc5c6c0,btc-updown-5m-1777579500
"Bitcoin Up or Down - April 30, 4:05PM-4:10PM ET",Up,BUY,1.892856,0.5599998098112059,0x6d639cf0d97aa9408c0692c354366928134b24e7ba05f9f71fb76ea19d041a6e,2026-04-30 23:05:14,0x6918d510f5f1a45ee511bf1cf14b958d12264f4b15504ad5be19988237735f5d,btc-updown-5m-1777579500
"Bitcoin Up or Down - April 30, 4:05PM-4:10PM ET",Up,BUY,1.892856,0.5599998098112059,0x6d639cf0d97aa9408c0692c354366928134b24e7ba05f9f71fb76ea19d041a6e,2026-04-30 23:05:12,0x6891db469388ca2821da711e060c9dbe54f3b3682d1f82e217a84a9b4391476a,btc-updown-5m-1777579500
"Bitcoin Up or Down - April 30, 4:05PM-4:10PM ET",Up,BUY,1.796609,0.5899998274527178,0x6d639cf0d97aa9408c0692c354366928134b24e7ba05f9f71fb76ea19d041a6e,2026-04-30 23:05:12,0xa1685511906952e578f29fd7c840496622638f453dbd178e38a166ad4be0b702,btc-updown-5m-1777579500
"Bitcoin Up or Down - April 30, 4:05PM-4:10PM ET",Up,BUY,1.892856,0.5599998098112059,0x6d639cf0d97aa9408c0692c354366928134b24e7ba05f9f71fb76ea19d041a6e,2026-04-30 23:05:12,0xae96811b0dc0e4d3b5cd0899cde7cbbc47068388cf3e53d7443d3d7548dea8c3,btc-updown-5m-1777579500
"Bitcoin Up or Down - April 30, 4:05PM-4:10PM ET",Up,BUY,1.910713,0.5599998534578453,0x6d639cf0d97aa9408c0692c354366928134b24e7ba05f9f71fb76ea19d041a6e,2026-04-30 23:05:12,0x19156e1f84a6a5a1bedde58d597162269f7d683ecbfe9efa40eda29588dc9720,btc-updown-5m-1777579500
"Bitcoin Up or Down - April 30, 4:05PM-4:10PM ET",Up,BUY,1.910713,0.5599998534578453,0x6d639cf0d97aa9408c0692c354366928134b24e7ba05f9f71fb76ea19d041a6e,2026-04-30 23:05:12,0x94a8352348993c69e16390514001959ec6c5358927d2105fbcbaa2fd0794f056,btc-updown-5m-1777579500
"Ethereum Up or Down - April 30, 4:00PM-4:05PM ET",Up,BUY,102,0.01,0x9477c8bec8311aac46c1a3689331813e833f7b4d98e3ee309bba4a584f2b77d9,2026-04-30 23:05:08,0xf046afe993960b1d16de3a14b4536308ff2747b61cd8903fdc691dcf6e8f8a20,eth-updown-5m-1777579200
"Ethereum Up or Down - April 30, 4:00PM-4:05PM ET",Down,BUY,1.14736,0.95,0x9477c8bec8311aac46c1a3689331813e833f7b4d98e3ee309bba4a584f2b77d9,2026-04-30 23:04:40,0x72e7910bd1d9d0cda9ad0db8e251e9bd724e17704c488d74eb3bcd46b67ca26d,eth-updown-5m-1777579200
"Ethereum Up or Down - April 30, 4:00PM-4:05PM ET",Down,BUY,1.1122,0.98,0x9477c8bec8311aac46c1a3689331813e833f7b4d98e3ee309bba4a584f2b77d9,2026-04-30 23:04:38,0xda9b249dfd8dd1693ec9598ba499d5c6ebeca71c03564cc95c23aa11288e1738,eth-updown-5m-1777579200
"Ethereum Up or Down - April 30, 4:00PM-4:05PM ET",Down,BUY,1.1237,0.97,0x9477c8bec8311aac46c1a3689331813e833f7b4d98e3ee309bba4a584f2b77d9,2026-04-30 23:04:36,0x12d3a2514ef954bd9b6fe6114f846826af999defddc04919df495c2c5a71da7f,eth-updown-5m-1777579200
"Ethereum Up or Down - April 30, 4:00PM-4:05PM ET",Down,BUY,1.384613,0.7799998988887148,0x9477c8bec8311aac46c1a3689331813e833f7b4d98e3ee309bba4a584f2b77d9,2026-04-30 23:03:02,0xffa8ea902fd84e60fdc57f64c987ccfc08d0aa6030d6fee9375a587272c47db3,eth-updown-5m-1777579200
"Ethereum Up or Down - April 30, 4:00PM-4:05PM ET",Down,BUY,1.367085,0.7899998902774882,0x9477c8bec8311aac46c1a3689331813e833f7b4d98e3ee309bba4a584f2b77d9,2026-04-30 23:02:20,0x48cdc484c6ba548ad9a616f995b0479275b1202e70425798dc576261bd30b57d,eth-updown-5m-1777579200
"Ethereum Up or Down - April 30, 4:00PM-4:05PM ET",Down,BUY,1.434208,0.7599999442200852,0x9477c8bec8311aac46c1a3689331813e833f7b4d98e3ee309bba4a584f2b77d9,2026-04-30 23:01:10,0x766cfa2e578b83302403df749882a9619e66c1a2b3b7b93981f042a76cfa014a,eth-updown-5m-1777579200
"Ethereum Up or Down - April 30, 4:00PM-4:05PM ET",Down,BUY,1.459457,0.7399998766664588,0x9477c8bec8311aac46c1a3689331813e833f7b4d98e3ee309bba4a584f2b77d9,2026-04-30 23:01:08,0x902280550f0c259a403fabd73f638ee7a93d1e8e494e82eda5e877dabe6df1b4,eth-updown-5m-1777579200
"Ethereum Up or Down - April 30, 4:00PM-4:05PM ET",Down,BUY,1.459457,0.7399998766664588,0x9477c8bec8311aac46c1a3689331813e833f7b4d98e3ee309bba4a584f2b77d9,2026-04-30 23:01:08,0x9355b1371c6191dca5c46766d875374d8858d3ef7231d019cb4015b161f9de63,eth-updown-5m-1777579200
"Ethereum Up or Down - April 30, 4:00PM-4:05PM ET",Down,BUY,1.472969,0.7399999592659452,0x9477c8bec8311aac46c1a3689331813e833f7b4d98e3ee309bba4a584f2b77d9,2026-04-30 23:01:08,0x5272148c2396823dd5d516d1b67a8342d53f626c9cc0f56c5f15696b81686683,eth-updown-5m-1777579200
"Bitcoin Up or Down - April 30, 4:00PM-4:15PM ET",Down,BUY,1.813558,0.5899998786915004,0x576fde12bd8d97b2018c71fa742cdb746886cbad34e081f11a075bc4d169d91d,2026-04-30 23:00:42,0x3694b2f3fe390b6df3889b0c888840215329e2c67359c62aa69c25329c220a94,btc-updown-15m-1777579200
"Bitcoin Up or Down - April 30, 4:00PM-4:15PM ET",Up,BUY,2.5,0.42,0x576fde12bd8d97b2018c71fa742cdb746886cbad34e081f11a075bc4d169d91d,2026-04-30 23:00:42,0x8d5f134ac7dbd55edbdf713cbb58be6cd8b03e7986db6cfc25ea78f2006cad4f,btc-updown-15m-1777579200
"Bitcoin Up or Down - April 30, 4:00PM-4:15PM ET",Up,BUY,2.5,0.42,0x576fde12bd8d97b2018c71fa742cdb746886cbad34e081f11a075bc4d169d91d,2026-04-30 23:00:42,0x1928026571d7304197dd987fdd572a4bdc094812eee9d409551da5ccd8101594,btc-updown-15m-1777579200
"Bitcoin Up or Down - April 30, 4:00PM-4:15PM ET",Down,BUY,1.796609,0.5899998274527178,0x576fde12bd8d97b2018c71fa742cdb746886cbad34e081f11a075bc4d169d91d,2026-04-30 23:00:42,0xc2c8a774b0f644b7b7fe49b47e0bbc6ac7c86b5f01a619594e101a59ff923766,btc-updown-15m-1777579200
"Bitcoin Up or Down - April 30, 4:00PM-4:15PM ET",Down,BUY,1.796609,0.5899998274527178,0x576fde12bd8d97b2018c71fa742cdb746886cbad34e081f11a075bc4d169d91d,2026-04-30 23:00:42,0x3a5129f31084dd733ab5f15710dd7460e334eb6c3aff0ebc924043ab57588f82,btc-updown-15m-1777579200
"Bitcoin Up or Down - April 30, 4:00PM-4:15PM ET",Up,BUY,2.523808,0.41999985735840445,0x576fde12bd8d97b2018c71fa742cdb746886cbad34e081f11a075bc4d169d91d,2026-04-30 23:00:42,0xb27d67fe050942fb7c52bc56fc05a4c573c3d85bf7b1d41dd20b1e4082024915,btc-updown-15m-1777579200
"Bitcoin Up or Down - April 30, 4:00PM-4:05PM ET",Up,BUY,2.717947,0.38999987858482893,0xc27cca5db30a4be28c008849b5c1e0cab0d8e1f134e2b40f982ca70fb5786b1e,2026-04-30 23:00:40,0xd286bdfaf245784587165c0d7be8fdd8a2034a46d3e29636de77cf5e337dc83e,btc-updown-5m-1777579200
"Bitcoin Up or Down - April 30, 4:00PM-4:05PM ET",Down,BUY,1.69841,0.6299998233642053,0xc27cca5db30a4be28c008849b5c1e0cab0d8e1f134e2b40f982ca70fb5786b1e,2026-04-30 23:00:40,0x7d66c8f2fa222e10848ea750d7acb568b84b06df799d31dd73d2a8bdc2b931df,btc-updown-5m-1777579200
"Bitcoin Up or Down - April 30, 4:00PM-4:05PM ET",Down,BUY,1.671875,0.64,0xc27cca5db30a4be28c008849b5c1e0cab0d8e1f134e2b40f982ca70fb5786b1e,2026-04-30 23:00:40,0x7940cb9a45f5cf2b05c1571c692a8b593bb8d9d734988b4f7649e5d55e7f1504,btc-updown-5m-1777579200
"Bitcoin Up or Down - April 30, 4:00PM-4:05PM ET",Up,BUY,2.763156,0.37999989866659717,0xc27cca5db30a4be28c008849b5c1e0cab0d8e1f134e2b40f982ca70fb5786b1e,2026-04-30 23:00:40,0x36dd7bed21fbb98cb544981428e6c6ab710c4ef6e788546b11d4bcb0ffeb347d,btc-updown-5m-1777579200
"Bitcoin Up or Down - April 30, 4:00PM-4:15PM ET",Up,BUY,2.625,0.4,0x576fde12bd8d97b2018c71fa742cdb746886cbad34e081f11a075bc4d169d91d,2026-04-30 23:00:40,0x33fcada43f6ef6eb49e4cfe190bd181e9ddb57bd119557963c834a9edc1ff182,btc-updown-15m-1777579200
"Bitcoin Up or Down - April 30, 4:00PM-4:05PM ET",Down,BUY,1.783332,0.5999998878503834,0xc27cca5db30a4be28c008849b5c1e0cab0d8e1f134e2b40f982ca70fb5786b1e,2026-04-30 23:00:38,0x7f514801006ce338931865a5479c5e2c029b5b19fac86bc14ec4478522785431,btc-updown-5m-1777579200
"Bitcoin Up or Down - April 30, 4:00PM-4:05PM ET",Up,BUY,2.304346,0.4599999305659827,0xc27cca5db30a4be28c008849b5c1e0cab0d8e1f134e2b40f982ca70fb5786b1e,2026-04-30 23:00:38,0xbea2692d65a22fad3018935a30d2f33bdfe4aaf99a95a3fc35a6f5b5610cca7e,btc-updown-5m-1777579200
"Bitcoin Up or Down - April 30, 4:00PM-4:15PM ET",Down,BUY,1.87719,0.5699998401866619,0x576fde12bd8d97b2018c71fa742cdb746886cbad34e081f11a075bc4d169d91d,2026-04-30 23:00:38,0xa9295c511e9b350f5b0c4f4db273f80885e847b9239d774bb6baba1b622d61bc,btc-updown-15m-1777579200
"Bitcoin Up or Down - April 30, 4:00PM-4:05PM ET",Down,BUY,2,0.53,0xc27cca5db30a4be28c008849b5c1e0cab0d8e1f134e2b40f982ca70fb5786b1e,2026-04-30 23:00:38,0x17f9e7d5d466f3af430516da1c0d56777711746686365821550dacfb21b21183,btc-updown-5m-1777579200
"Bitcoin Up or Down - April 30, 4:00PM-4:15PM ET",Down,BUY,2.03846,0.5199999018867184,0x576fde12bd8d97b2018c71fa742cdb746886cbad34e081f11a075bc4d169d91d,2026-04-30 23:00:38,0xaf0130e9e614ccb9aec47bae9a382df948ac6cd706e2c5ae7148dc0ba11fab34,btc-updown-15m-1777579200
"Bitcoin Up or Down - April 30, 4:00PM-4:05PM ET",Down,BUY,2.057691,0.5199998444858824,0xc27cca5db30a4be28c008849b5c1e0cab0d8e1f134e2b40f982ca70fb5786b1e,2026-04-30 23:00:38,0x9b49f752819f015bc2e18d754cd8fc1a56ed25fba7fa4d4ea0624d39e2cf3d06,btc-updown-5m-1777579200
"Bitcoin Up or Down - April 30, 4:00PM-4:05PM ET",Up,BUY,2.163264,0.4899998335848052,0xc27cca5db30a4be28c008849b5c1e0cab0d8e1f134e2b40f982ca70fb5786b1e,2026-04-30 23:00:38,0x448771e5d97edca3c042b7c0e441b5e115cb58af0231b10d17a03fad88e70544,btc-updown-5m-1777579200
"Bitcoin Up or Down - April 30, 4:00PM-4:15PM ET",Down,BUY,2.03846,0.5199999018867184,0x576fde12bd8d97b2018c71fa742cdb746886cbad34e081f11a075bc4d169d91d,2026-04-30 23:00:38,0xca896e05ec694b5de2fc49ba406e24be40ce7a93b526c7bf8ee9c0bc9a421c2a,btc-updown-15m-1777579200
"Bitcoin Up or Down - April 30, 4:00PM-4:05PM ET",Up,BUY,2.163264,0.4899998335848052,0xc27cca5db30a4be28c008849b5c1e0cab0d8e1f134e2b40f982ca70fb5786b1e,2026-04-30 23:00:36,0xa1f10ca0d5fb24124ac53ecdfb04896247a47cd4cb5844f4f3d95bebd7473a72,btc-updown-5m-1777579200
"Bitcoin Up or Down - April 30, 4:00PM-4:15PM ET",Down,BUY,2,0.53,0x576fde12bd8d97b2018c71fa742cdb746886cbad34e081f11a075bc4d169d91d,2026-04-30 23:00:36,0xc639d1f6b6c2e0ca6f3ac0237daccafef7553da7ef459acb1f8cdf7cf187ac36,btc-updown-15m-1777579200
"Bitcoin Up or Down - April 30, 4:00PM-4:05PM ET",Down,BUY,1.98148,0.5399998990653451,0xc27cca5db30a4be28c008849b5c1e0cab0d8e1f134e2b40f982ca70fb5786b1e,2026-04-30 23:00:36,0x59a521c5ed868645853bd908e6acb80d0f002781d3217cdcecf265fef0a8b825,btc-updown-5m-1777579200
"Bitcoin Up or Down - April 30, 4:00PM-4:05PM ET",Up,BUY,2.276594,0.46999992093451887,0xc27cca5db30a4be28c008849b5c1e0cab0d8e1f134e2b40f982ca70fb5786b1e,2026-04-30 23:00:34,0x45b47fc8e38ade63c9970f3b6b78d186fdc931970e9641300e9ed29255627eab,btc-updown-5m-1777579200
"Bitcoin Up or Down - April 30, 4:00PM-4:15PM ET",Up,BUY,2.465115,0.42999981745273547,0x576fde12bd8d97b2018c71fa742cdb746886cbad34e081f11a075bc4d169d91d,2026-04-30 23:00:34,0x0202b9035e043b44e89bbcc4bf4aa1b339b38d2797353a92bc989ff3f0c3022f,btc-updown-15m-1777579200
"Bitcoin Up or Down - April 30, 4:00PM-4:05PM ET",Up,BUY,2.717947,0.38999987858482893,0xc27cca5db30a4be28c008849b5c1e0cab0d8e1f134e2b40f982ca70fb5786b1e,2026-04-30 23:00:34,0x9be3ec177405af38d9e4229d5e150c4e76928515fa6973fa6381ce3b1dec3cf6,btc-updown-5m-1777579200
"Bitcoin Up or Down - April 30, 4:00PM-4:15PM ET",Down,BUY,1.783332,0.5999998878503834,0x576fde12bd8d97b2018c71fa742cdb746886cbad34e081f11a075bc4d169d91d,2026-04-30 23:00:34,0xc2f563352d21f05525784e9e3153ea7f02c031b84e2a1381191ab51138301afe,btc-updown-15m-1777579200
"Bitcoin Up or Down - April 30, 4:00PM-4:15PM ET",Up,BUY,2.585364,0.40999990716974477,0x576fde12bd8d97b2018c71fa742cdb746886cbad34e081f11a075bc4d169d91d,2026-04-30 23:00:34,0x573bc8dc4f7c9b324daa59d36ca007c3175b096210d1cad6ca48664efbaa40bc,btc-updown-15m-1777579200
"Bitcoin Up or Down - April 30, 4:00PM-4:05PM ET",Up,BUY,2.675,0.4,0xc27cca5db30a4be28c008849b5c1e0cab0d8e1f134e2b40f982ca70fb5786b1e,2026-04-30 23:00:34,0x5dcb48d0acb71ca608250ad8e24626458e4ff53c1bd803607030ffd8d40833d1,btc-updown-5m-1777579200
"Bitcoin Up or Down - April 30, 4:00PM-4:15PM ET",Up,BUY,2.208332,0.47999983698103366,0x576fde12bd8d97b2018c71fa742cdb746886cbad34e081f11a075bc4d169d91d,2026-04-30 23:00:32,0xbc8fa63f9c8dc54d456c96b4defa62b838b76715205e6f802e85d4b07d137546,btc-updown-15m-1777579200
"Bitcoin Up or Down - April 30, 4:00PM-4:15PM ET",Down,BUY,1.96296,0.5399997962261075,0x576fde12bd8d97b2018c71fa742cdb746886cbad34e081f11a075bc4d169d91d,2026-04-30 23:00:32,0x395c6f52541e48163e590e13c4a09216ad47dcf698e1b49811b02abce115ce46,btc-updown-15m-1777579200
"Bitcoin Up or Down - April 30, 4:00PM-4:15PM ET",Up,BUY,2.12,0.5,0x576fde12bd8d97b2018c71fa742cdb746886cbad34e081f11a075bc4d169d91d,2026-04-30 23:00:30,0xe7e9ef2b83f4d8bdc51aace04ff9948d059333fc88d375ecfb236c795c590903,btc-updown-15m-1777579200
"Bitcoin Up or Down - April 30, 4:00PM-4:15PM ET",Down,BUY,2.03846,0.5199999018867184,0x576fde12bd8d97b2018c71fa742cdb746886cbad34e081f11a075bc4d169d91d,2026-04-30 23:00:30,0x5444f4609f88f85ebfb6f1a5c77fb12b9cdd620d403d02c36d17deca2a4b0828,btc-updown-15m-1777579200
"Bitcoin Up or Down - April 30, 4:00PM-4:05PM ET",Up,BUY,2.944443,0.3599998369810521,0xc27cca5db30a4be28c008849b5c1e0cab0d8e1f134e2b40f982ca70fb5786b1e,2026-04-30 23:00:30,0xea43e81583c5fd11940f5cfb30ae5b1d0752adbc023715ede1adc7a85fbd72cf,btc-updown-5m-1777579200
"Bitcoin Up or Down - April 30, 4:00PM-4:05PM ET",Down,BUY,1.927271,0.5499999740565805,0xc27cca5db30a4be28c008849b5c1e0cab0d8e1f134e2b40f982ca70fb5786b1e,2026-04-30 23:00:30,0xdaa32a9e5418ca0af409b9425395533888023b2d33295e36a711a2e46d10bcd2,btc-updown-5m-1777579200
"Bitcoin Up or Down - April 30, 4:00PM-4:05PM ET",Up,BUY,2.255318,0.4699997960376319,0xc27cca5db30a4be28c008849b5c1e0cab0d8e1f134e2b40f982ca70fb5786b1e,2026-04-30 23:00:28,0xbf99b036553f8e4716db6b522b31ac155b506b2b3c91a7e7747d2d06d4857f55,btc-updown-5m-1777579200
"Bitcoin Up or Down - April 30, 4:00PM-4:05PM ET",Up,BUY,2.163264,0.4899998335848052,0xc27cca5db30a4be28c008849b5c1e0cab0d8e1f134e2b40f982ca70fb5786b1e,2026-04-30 23:00:08,0x4f25dc52019b5594f2b03c7e150e92042b889483f9c40a5605cd4602594b97d1,btc-updown-5m-1777579200
"Ethereum Up or Down - April 30, 3:55PM-4:00PM ET",Up,BUY,1.1122,0.98,0x25f0430c8ad173c1d3db504cab82f3b9c950ac440291d194d051b0387edee202,2026-04-30 22:59:44,0xe81fe61e3e9dc2d3abb2a2fba3c571be8d5aba3e239c6705a8294f29d8ecec61,eth-updown-5m-1777578900
"Ethereum Up or Down - April 30, 3:55PM-4:00PM ET",Up,BUY,1.1122,0.98,0x25f0430c8ad173c1d3db504cab82f3b9c950ac440291d194d051b0387edee202,2026-04-30 22:59:42,0x3e65214614b514f9c759c232455a294051bd1c96ac86b343ddb186b646a22f44,eth-updown-5m-1777578900
"Ethereum Up or Down - April 30, 3:55PM-4:00PM ET",Up,BUY,1.1122,0.98,0x25f0430c8ad173c1d3db504cab82f3b9c950ac440291d194d051b0387edee202,2026-04-30 22:59:42,0x1f826e3ddd62b19244dec9203e975c2a46ccca16a24c0ff1834203cc70ce7bba,eth-updown-5m-1777578900
"Ethereum Up or Down - April 30, 3:55PM-4:00PM ET",Up,BUY,1.14736,0.95,0x25f0430c8ad173c1d3db504cab82f3b9c950ac440291d194d051b0387edee202,2026-04-30 22:59:34,0x5f351f41d0e60f1cd345cea116e99e640d602c7d67c21fbb716f573e27d2a84f,eth-updown-5m-1777578900
"Ethereum Up or Down - April 30, 3:55PM-4:00PM ET",Up,BUY,1.1237,0.97,0x25f0430c8ad173c1d3db504cab82f3b9c950ac440291d194d051b0387edee202,2026-04-30 22:59:34,0x37cb8ec93cde513f7e0089486369583338a548fee0f367065f4b4e2b8129e391,eth-updown-5m-1777578900
"Ethereum Up or Down - April 30, 3:55PM-4:00PM ET",Up,BUY,1.159566,0.9399999655043353,0x25f0430c8ad173c1d3db504cab82f3b9c950ac440291d194d051b0387edee202,2026-04-30 22:59:34,0xfa5e4c0dfe55d7d10b0fafcbd599efdd17a8f6b1d2e42c2f90272ac66decad5b,eth-updown-5m-1777578900
"Ethereum Up or Down - April 30, 3:55PM-4:00PM ET",Up,BUY,1.21111,0.9,0x25f0430c8ad173c1d3db504cab82f3b9c950ac440291d194d051b0387edee202,2026-04-30 22:59:28,0x6878ef90124b749a7028e5023ed0fb7608cbddd486e33a7704f8e786c2c31d23,eth-updown-5m-1777578900
"Ethereum Up or Down - April 30, 3:55PM-4:00PM ET",Up,BUY,1.297618,0.8399999075228611,0x25f0430c8ad173c1d3db504cab82f3b9c950ac440291d194d051b0387edee202,2026-04-30 22:59:26,0x811e6a5074eec7f5457181abc9fc1f1888ce5cf4a5a8b8a8b97b56fccad46618,eth-updown-5m-1777578900
"Ethereum Up or Down - April 30, 3:55PM-4:00PM ET",Down,BUY,1.313252,0.8299998781650437,0x25f0430c8ad173c1d3db504cab82f3b9c950ac440291d194d051b0387edee202,2026-04-30 22:57:00,0xa446d10d1ef930cd8904762a9b5dfe32c917cb0c7a957f1c1c51c42a8ae0da19,eth-updown-5m-1777578900
"Ethereum Up or Down - April 30, 3:55PM-4:00PM ET",Down,BUY,1.379742,0.7899998695408272,0x25f0430c8ad173c1d3db504cab82f3b9c950ac440291d194d051b0387edee202,2026-04-30 22:56:40,0xc62ea6f8998167683e2d9fbc4008103ec57c9fe5b569087d94b893ee6bc45cd8,eth-updown-5m-1777578900
"Bitcoin Up or Down - April 30, 3:55PM-4:00PM ET",Down,BUY,1.634918,0.6299997920384998,0xb396ed903addcac4ed0ef6d5509f475d4442cd74ea11fc68c461ba0edd27156d,2026-04-30 22:56:38,0xc3abdaa1394ee63eb8a8de2e508990b020ef8e4cff00d79cc21a3f0cd01ed2e5,btc-updown-5m-1777578900
"Bitcoin Up or Down - April 30, 3:55PM-4:00PM ET",Down,BUY,1.611939,0.6699999193517869,0xb396ed903addcac4ed0ef6d5509f475d4442cd74ea11fc68c461ba0edd27156d,2026-04-30 22:56:08,0x518eb281a1402b0d846c827c06786579a427c8d372066cd3aa9a2ac28f9add3e,btc-updown-5m-1777578900
"Bitcoin Up or Down - April 30, 3:55PM-4:00PM ET",Up,BUY,3.620688,0.2899998563808867,0xb396ed903addcac4ed0ef6d5509f475d4442cd74ea11fc68c461ba0edd27156d,2026-04-30 22:55:40,0xe921e30d5c5e808f6ed4d6b9bd6b8cba3bda774bdac76e0a151d807be147c955,btc-updown-5m-1777578900
"Bitcoin Up or Down - April 30, 3:55PM-4:00PM ET",Up,BUY,3.714284,0.2799998599999354,0xb396ed903addcac4ed0ef6d5509f475d4442cd74ea11fc68c461ba0edd27156d,2026-04-30 22:55:40,0x59a9774eb6eae3bac3573ac69d38d7878cf2f8bed7980ed98fc3c995d4b5fc20,btc-updown-5m-1777578900
"Bitcoin Up or Down - April 30, 3:55PM-4:00PM ET",Down,BUY,1.521125,0.7099995069438738,0xb396ed903addcac4ed0ef6d5509f475d4442cd74ea11fc68c461ba0edd27156d,2026-04-30 22:55:38,0xc2f1b54063ff2939d364e54e56ea3cddf785a03d8db00d5f59afb96a1c736dc9,btc-updown-5m-1777578900
"Bitcoin Up or Down - April 30, 3:55PM-4:00PM ET",Down,BUY,1.550722,0.6899998839250362,0xb396ed903addcac4ed0ef6d5509f475d4442cd74ea11fc68c461ba0edd27156d,2026-04-30 22:55:38,0x61d9d24835b8769b87d0fe8de8ffc2a782a6e1351a13b8cf4ff38ca70b3af867,btc-updown-5m-1777578900
"Bitcoin Up or Down - April 30, 3:55PM-4:00PM ET",Down,BUY,1.52857,0.7,0xb396ed903addcac4ed0ef6d5509f475d4442cd74ea11fc68c461ba0edd27156d,2026-04-30 22:55:38,0x4909a3455b0f4af5a8a3a105cf1553c052baba5c2a9eec876183001b0b493f8d,btc-updown-5m-1777578900
"Bitcoin Up or Down - April 30, 3:55PM-4:00PM ET",Down,BUY,1.507041,0.709999927009285,0xb396ed903addcac4ed0ef6d5509f475d4442cd74ea11fc68c461ba0edd27156d,2026-04-30 22:55:38,0x5f7c6f13a1f0eff111e5fdead00b3a0a0f77cb36c61276f40af0fbd4f5a91b9d,btc-updown-5m-1777578900
"Bitcoin Up or Down - April 30, 3:55PM-4:00PM ET",Down,BUY,1.507041,0.709999927009285,0xb396ed903addcac4ed0ef6d5509f475d4442cd74ea11fc68c461ba0edd27156d,2026-04-30 22:55:38,0x7200019e156e46ac8a1c04c21904338f591a12c1e657c250a953f437f1f1d888,btc-updown-5m-1777578900
"Bitcoin Up or Down - April 30, 3:55PM-4:00PM ET",Down,BUY,1.52857,0.7,0xb396ed903addcac4ed0ef6d5509f475d4442cd74ea11fc68c461ba0edd27156d,2026-04-30 22:55:38,0xa7b380d147156e1eb650a650639220305a1abb2786369ecdf4cee5131fa72a1b,btc-updown-5m-1777578900
"Bitcoin Up or Down - April 30, 3:55PM-4:00PM ET",Down,BUY,1.542856,0.6999998703702743,0xb396ed903addcac4ed0ef6d5509f475d4442cd74ea11fc68c461ba0edd27156d,2026-04-30 22:55:38,0x07d7a4e37caca0faa8dd51b6094bbe62612bdee6a3d442e3bd44229bac309f1c,btc-updown-5m-1777578900
"Bitcoin Up or Down - April 30, 3:55PM-4:00PM ET",Down,BUY,1.48611,0.7199998654204601,0xb396ed903addcac4ed0ef6d5509f475d4442cd74ea11fc68c461ba0edd27156d,2026-04-30 22:55:38,0x5bd9b550d7294234a63a75de401eef101c299ad11e8b22e2892117ace93c7b4a,btc-updown-5m-1777578900
"Bitcoin Up or Down - April 30, 12:00PM-4:00PM ET",Down,BUY,1.1978,0.91,0xf54b375b7a03176e09b2f4470d3369c893be8d846b87597bae4d2d30b13e6e70,2026-04-30 22:55:38,0x51597354b2aa751cacb2eb777653a468eda7b4da4b758c529c299d5570e32fc8,btc-updown-4h-1777564800
"Bitcoin Up or Down - April 30, 3:55PM-4:00PM ET",Down,BUY,1.48611,0.7199998654204601,0xb396ed903addcac4ed0ef6d5509f475d4442cd74ea11fc68c461ba0edd27156d,2026-04-30 22:55:38,0x6a4a1253c35c71c17ff8ca5ed69008466ae4e9e105cddac9f8918061f93b43cf,btc-updown-5m-1777578900
"Bitcoin Up or Down - April 30, 3:55PM-4:00PM ET",Up,BUY,3.5,0.3,0xb396ed903addcac4ed0ef6d5509f475d4442cd74ea11fc68c461ba0edd27156d,2026-04-30 22:55:38,0x40ef4476a0cd52a981bb97b0be4f57a7eb16169f70e7fbdc2fb3203291ffe318,btc-updown-5m-1777578900
"Bitcoin Up or Down - April 30, 3:55PM-4:00PM ET",Up,BUY,3.354837,0.30999985990377477,0xb396ed903addcac4ed0ef6d5509f475d4442cd74ea11fc68c461ba0edd27156d,2026-04-30 22:55:36,0x0fc1b448ed890d7e87767de7029264b1dc37e9ac855a0e7a1ca717560a7a7e5c,btc-updown-5m-1777578900
"Bitcoin Up or Down - April 30, 3:55PM-4:00PM ET",Down,BUY,1.52857,0.7,0xb396ed903addcac4ed0ef6d5509f475d4442cd74ea11fc68c461ba0edd27156d,2026-04-30 22:55:34,0x167dd3b87f956599ac4890f6e5ab102a3a83996d8adbd5f5d33d4130551d1cc0,btc-updown-5m-1777578900
"Bitcoin Up or Down - April 30, 12:00PM-4:00PM ET",Down,BUY,1.1237,0.97,0xf54b375b7a03176e09b2f4470d3369c893be8d846b87597bae4d2d30b13e6e70,2026-04-30 22:55:34,0x7655491b59b7346346b10677b4f1e4623480934a4cb6547a8b173e947ad85cb6,btc-updown-4h-1777564800
"Bitcoin Up or Down - April 30, 3:55PM-4:00PM ET",Down,BUY,1.52857,0.7,0xb396ed903addcac4ed0ef6d5509f475d4442cd74ea11fc68c461ba0edd27156d,2026-04-30 22:55:32,0x7da8c351f0414db615d6396d21aefffbd0502151f45524897d3ecf8165e00462,btc-updown-5m-1777578900
"Bitcoin Up or Down - April 30, 12:00PM-4:00PM ET",Down,BUY,1.1237,0.97,0xf54b375b7a03176e09b2f4470d3369c893be8d846b87597bae4d2d30b13e6e70,2026-04-30 22:55:32,0x7881e09c1a65c80024bfbe917702a7f376dd8c505d6d7d7797c40bffb693548f,btc-updown-4h-1777564800
"Bitcoin Up or Down - April 30, 3:55PM-4:00PM ET",Down,BUY,1.52857,0.7,0xb396ed903addcac4ed0ef6d5509f475d4442cd74ea11fc68c461ba0edd27156d,2026-04-30 22:55:32,0x3f84ce1bb5d189fb0c4f98ebf68fba4a0db34d62249416abd1ec270c149a2caf,btc-updown-5m-1777578900
"Bitcoin Up or Down - April 30, 12:00PM-4:00PM ET",Down,BUY,1.184775,0.92,0xf54b375b7a03176e09b2f4470d3369c893be8d846b87597bae4d2d30b13e6e70,2026-04-30 22:55:30,0xc987236b1b705cffde800876976f31c8f8d2ccc73c4d5bbc4aac0c9dff58bb3f,btc-updown-4h-1777564800
"Bitcoin Up or Down - April 30, 12:00PM-4:00PM ET",Down,BUY,1.184775,0.92,0xf54b375b7a03176e09b2f4470d3369c893be8d846b87597bae4d2d30b13e6e70,2026-04-30 22:55:14,0x5e28639909c10227cd3e56ae2277a7fef355268792974c3e1b09935c549d8b2e,btc-updown-4h-1777564800
"Bitcoin Up or Down - April 30, 12:00PM-4:00PM ET",Down,BUY,1.184775,0.92,0xf54b375b7a03176e09b2f4470d3369c893be8d846b87597bae4d2d30b13e6e70,2026-04-30 22:55:14,0x54f9df4c6183e3f3484915e908e7589a9c81bb934f3723ba7941869e5c3a41f7,btc-updown-4h-1777564800
"Ethereum Up or Down - April 30, 3:50PM-3:55PM ET",Down,BUY,1.1354,0.96,0x65845c02f80660865a51e98e56ae46aac9edffffbc6c81accf6cd5818f670f61,2026-04-30 22:54:00,0xa13f37cdafa66d00797d3895b30b05ab9de6e1dc669d6b153b9d74394ae0c5a8,eth-updown-5m-1777578600
"Ethereum Up or Down - April 30, 3:50PM-3:55PM ET",Down,BUY,1.1978,0.91,0x65845c02f80660865a51e98e56ae46aac9edffffbc6c81accf6cd5818f670f61,2026-04-30 22:53:28,0x4b1015c5a3a2bf3a34f16071adb8460b18e553b2051bc37b6c4f667d745fc557,eth-updown-5m-1777578600
"Ethereum Up or Down - April 30, 3:50PM-3:55PM ET",Down,BUY,1.238633,0.8799999677063344,0x65845c02f80660865a51e98e56ae46aac9edffffbc6c81accf6cd5818f670f61,2026-04-30 22:53:20,0xbba88079e26f16bdb4260d287bd7e47bec657d1ab4b81b419f062c0d578d54ab,eth-updown-5m-1777578600
"Ethereum Up or Down - April 30, 3:50PM-3:55PM ET",Down,BUY,1.14736,0.95,0x65845c02f80660865a51e98e56ae46aac9edffffbc6c81accf6cd5818f670f61,2026-04-30 22:52:30,0x4c1e7a15a03d53fc183289e70ead4a4ae5d7d45f93bc33bcebf6eaae3966f8a8,eth-updown-5m-1777578600
"Ethereum Up or Down - April 30, 3:50PM-3:55PM ET",Down,BUY,1.14736,0.95,0x65845c02f80660865a51e98e56ae46aac9edffffbc6c81accf6cd5818f670f61,2026-04-30 22:52:28,0xed9cb4d674f6cd4b809d4d4d8a27db37b6f58c256f0cb09e21b25046676716b5,eth-updown-5m-1777578600
"Ethereum Up or Down - April 30, 3:50PM-3:55PM ET",Down,BUY,1.1354,0.96,0x65845c02f80660865a51e98e56ae46aac9edffffbc6c81accf6cd5818f670f61,2026-04-30 22:52:28,0x35b63725dab244590b837ac3e59d99690b9c63f1275bae896b9cbefbed88cb02,eth-updown-5m-1777578600
"Ethereum Up or Down - April 30, 3:50PM-3:55PM ET",Down,BUY,1.1237,0.97,0x65845c02f80660865a51e98e56ae46aac9edffffbc6c81accf6cd5818f670f61,2026-04-30 22:52:16,0x762286191865e6f720e4a158f0035129cd553e9dbf28530b9da318501634cb27,eth-updown-5m-1777578600
"Ethereum Up or Down - April 30, 3:50PM-3:55PM ET",Down,BUY,1.172042,0.9299999488072953,0x65845c02f80660865a51e98e56ae46aac9edffffbc6c81accf6cd5818f670f61,2026-04-30 22:52:14,0x3d1319bf2f44f5bf5b38bed3cd4d594e7d74c2c7423f3e57f5ca7bfd19710dc6,eth-updown-5m-1777578600
"Ethereum Up or Down - April 30, 3:50PM-3:55PM ET",Down,BUY,1.42105,0.76,0x65845c02f80660865a51e98e56ae46aac9edffffbc6c81accf6cd5818f670f61,2026-04-30 22:50:58,0x263f7b85fdd9fcb49562bdabc0821b736923a2ce38d1dd4ba559bcf6f7b6ba7c,eth-updown-5m-1777578600
"Bitcoin Up or Down - April 30, 3:45PM-4:00PM ET",Up,BUY,3.02857,0.3499998349055825,0x3a6d1286e12753dfcfa4cf8dec30ec9e7fba1ebd62968869c50859a88bd0f5b6,2026-04-30 22:50:30,0xc648c7e558543599b0cdf2c1d7a5978fc0463dabd60a59b7be4368f8ff9d61b5,btc-updown-15m-1777578300
"Ethereum Up or Down - April 30, 3:50PM-3:55PM ET",Down,BUY,1.333331,0.8099999174998557,0x65845c02f80660865a51e98e56ae46aac9edffffbc6c81accf6cd5818f670f61,2026-04-30 22:50:30,0xcb8145af6a5cafd420a931389dfa6b1004e5a589ca8078925482f11f1fbc24ff,eth-updown-5m-1777578600
"Bitcoin Up or Down - April 30, 3:50PM-3:55PM ET",Up,BUY,3.962961,0.2699998814018104,0xad3bc11032e0a10dc9a1272a39cfe239be06e81052b789ce52c29e9327fddfb1,2026-04-30 22:50:28,0xde26465ec8a1a291d1d821b412476c4a5fbc585d4f57fd785c5d9d8ba60dbf04,btc-updown-5m-1777578600
"Bitcoin Up or Down - April 30, 3:50PM-3:55PM ET",Up,BUY,3.785713,0.2799998309433388,0xad3bc11032e0a10dc9a1272a39cfe239be06e81052b789ce52c29e9327fddfb1,2026-04-30 22:50:28,0xb499cd1a5e28b05c560c45451747970e5a7831c54483706c2d6596548718d9bd,btc-updown-5m-1777578600
"Bitcoin Up or Down - April 30, 3:50PM-3:55PM ET",Up,BUY,3.821427,0.27999985345788364,0xad3bc11032e0a10dc9a1272a39cfe239be06e81052b789ce52c29e9327fddfb1,2026-04-30 22:50:28,0x5cfe68b55cf88584efb71b76743506ab28badf05c1721cd6a922af9accf7f583,btc-updown-5m-1777578600
"Bitcoin Up or Down - April 30, 3:50PM-3:55PM ET",Up,BUY,3.821427,0.27999985345788364,0xad3bc11032e0a10dc9a1272a39cfe239be06e81052b789ce52c29e9327fddfb1,2026-04-30 22:50:28,0xd4e1eb861af18d201da22f04e2ce02dd1c468d0adb92c81dd37df44fa3edcb95,btc-updown-5m-1777578600
"Bitcoin Up or Down - April 30, 3:50PM-3:55PM ET",Down,BUY,1.844826,0.5799999566354768,0xad3bc11032e0a10dc9a1272a39cfe239be06e81052b789ce52c29e9327fddfb1,2026-04-30 22:50:22,0x9466800da74e492b31cb178a53bd49a093ef8760368473f02a2db22f1bf4f2d2,btc-updown-5m-1777578600
"Bitcoin Up or Down - April 30, 3:50PM-3:55PM ET",Up,BUY,2.488371,0.42999978700925223,0xad3bc11032e0a10dc9a1272a39cfe239be06e81052b789ce52c29e9327fddfb1,2026-04-30 22:50:22,0x328f4e970500e4379659ffe987bed28a12fecfef3c4fe7fdadc8173f2e3a72a3,btc-updown-5m-1777578600
"Bitcoin Up or Down - April 30, 3:50PM-3:55PM ET",Down,BUY,1.844826,0.5799999566354768,0xad3bc11032e0a10dc9a1272a39cfe239be06e81052b789ce52c29e9327fddfb1,2026-04-30 22:50:22,0x6fef8c96076430e9c94e59ec0effdc4bbf7aaa147af16cd0055873f9c4298685,btc-updown-5m-1777578600
"Bitcoin Up or Down - April 30, 3:50PM-3:55PM ET",Up,BUY,2.523808,0.41999985735840445,0xad3bc11032e0a10dc9a1272a39cfe239be06e81052b789ce52c29e9327fddfb1,2026-04-30 22:50:22,0x40ab184001bcb9640aa09495bc909e578a3571a97f71130918396f950af9a6ca,btc-updown-5m-1777578600
"Bitcoin Up or Down - April 30, 3:45PM-4:00PM ET",Up,BUY,2.523808,0.41999985735840445,0x3a6d1286e12753dfcfa4cf8dec30ec9e7fba1ebd62968869c50859a88bd0f5b6,2026-04-30 22:50:22,0xe6f029dec1e9820d6742e4654bf0cf60b268154f5564b5f82da8fb3c95abb064,btc-updown-15m-1777578300
"Bitcoin Up or Down - April 30, 3:50PM-3:55PM ET",Down,BUY,1.87719,0.5699998401866619,0xad3bc11032e0a10dc9a1272a39cfe239be06e81052b789ce52c29e9327fddfb1,2026-04-30 22:50:22,0x9e64c3ee14b1777c57c78c40881ea85cf85ce2cb46bd0083de354e8cfd93c44b,btc-updown-5m-1777578600
"Bitcoin Up or Down - April 30, 3:50PM-3:55PM ET",Up,BUY,2.789472,0.37999987094331833,0xad3bc11032e0a10dc9a1272a39cfe239be06e81052b789ce52c29e9327fddfb1,2026-04-30 22:50:22,0xcde0d704b1d9779c58f28f61bbe1f27588ba0c155e95005c1bf889e963044644,btc-updown-5m-1777578600
"Bitcoin Up or Down - April 30, 3:50PM-3:55PM ET",Up,BUY,2.488371,0.42999978700925223,0xad3bc11032e0a10dc9a1272a39cfe239be06e81052b789ce52c29e9327fddfb1,2026-04-30 22:50:22,0xba573ea8bc0b5c810ad11577812e7e7a1dc32601b22e6250949d03cd81feb794,btc-updown-5m-1777578600
"Bitcoin Up or Down - April 30, 3:50PM-3:55PM ET",Up,BUY,2.488371,0.42999978700925223,0xad3bc11032e0a10dc9a1272a39cfe239be06e81052b789ce52c29e9327fddfb1,2026-04-30 22:50:22,0x2cde0045da57f08eec061731131cd228bbcf6d5d7c9c6de511b784725b2bccf5,btc-updown-5m-1777578600
"Bitcoin Up or Down - April 30, 3:50PM-3:55PM ET",Up,BUY,2.488371,0.42999978700925223,0xad3bc11032e0a10dc9a1272a39cfe239be06e81052b789ce52c29e9327fddfb1,2026-04-30 22:50:22,0xcc15f131243811c267b7a6dc1426eff44a7757695a1bc5a0014921f708ae2b3c,btc-updown-5m-1777578600
"Bitcoin Up or Down - April 30, 3:50PM-3:55PM ET",Up,BUY,2.488371,0.42999978700925223,0xad3bc11032e0a10dc9a1272a39cfe239be06e81052b789ce52c29e9327fddfb1,2026-04-30 22:50:22,0x5c01468f926e4aa9467715827d212fc1849cd8f6cd650f891b0ff8b20d76cc32,btc-updown-5m-1777578600
"Bitcoin Up or Down - April 30, 3:45PM-4:00PM ET",Up,BUY,2.431817,0.4399998026167265,0x3a6d1286e12753dfcfa4cf8dec30ec9e7fba1ebd62968869c50859a88bd0f5b6,2026-04-30 22:50:20,0x9ffcc6a2836a2337ae87e9dbf7d4a12d313ebad55828ef1eac87753b718e034d,btc-updown-15m-1777578300
"Bitcoin Up or Down - April 30, 3:50PM-3:55PM ET",Up,BUY,2.488371,0.42999978700925223,0xad3bc11032e0a10dc9a1272a39cfe239be06e81052b789ce52c29e9327fddfb1,2026-04-30 22:50:20,0xa02917a3b632f2fc893094c70a2e2a7e4887143f8b89278cdef340ccfe7daa7b,btc-updown-5m-1777578600
"Bitcoin Up or Down - April 30, 3:45PM-4:00PM ET",Up,BUY,2.547618,0.4199997801868255,0x3a6d1286e12753dfcfa4cf8dec30ec9e7fba1ebd62968869c50859a88bd0f5b6,2026-04-30 22:50:20,0xa615c5fe10e3c5fadcfc90b7e845b9b0c39f22eb7422b384774af462a93a934a,btc-updown-15m-1777578300
"Bitcoin Up or Down - April 30, 3:45PM-4:00PM ET",Up,BUY,2.675,0.4,0x3a6d1286e12753dfcfa4cf8dec30ec9e7fba1ebd62968869c50859a88bd0f5b6,2026-04-30 22:50:20,0xd7e5fd3da9eb23648d27fca4d70d1dd7738a76ffa1d41870bb4f54738c3d7331,btc-updown-15m-1777578300
"Bitcoin Up or Down - April 30, 3:50PM-3:55PM ET",Down,BUY,1.92857,0.5599998962962195,0xad3bc11032e0a10dc9a1272a39cfe239be06e81052b789ce52c29e9327fddfb1,2026-04-30 22:50:20,0x6e03c447271880ab834d804a226c37ea738e3bc9da77e910150b831e90ff25c5,btc-updown-5m-1777578600
"Bitcoin Up or Down - April 30, 3:50PM-3:55PM ET",Up,BUY,2.355554,0.4499998726414253,0xad3bc11032e0a10dc9a1272a39cfe239be06e81052b789ce52c29e9327fddfb1,2026-04-30 22:50:20,0xfb3525fd2e3607b94c69b09515ce7aab7672a537c6ed847ce40d54f0c16fe1e3,btc-updown-5m-1777578600
"Bitcoin Up or Down - April 30, 3:50PM-3:55PM ET",Up,BUY,3.147057,0.3399998792522665,0xad3bc11032e0a10dc9a1272a39cfe239be06e81052b789ce52c29e9327fddfb1,2026-04-30 22:50:18,0x020419e5898f62dd02de0031d51fa87b3b492b8887d83024f08c737a1e73e40b,btc-updown-5m-1777578600
"Bitcoin Up or Down - April 30, 3:45PM-4:00PM ET",Up,BUY,2.864863,0.3699998917923824,0x3a6d1286e12753dfcfa4cf8dec30ec9e7fba1ebd62968869c50859a88bd0f5b6,2026-04-30 22:50:18,0x32dc10e90a5fdc7d696ee2845217704e5ffcb34d19bd550cb6a6167c445f9027,btc-updown-15m-1777578300
"Bitcoin Up or Down - April 30, 3:45PM-4:00PM ET",Up,BUY,1.754097,0.609999903084037,0x3a6d1286e12753dfcfa4cf8dec30ec9e7fba1ebd62968869c50859a88bd0f5b6,2026-04-30 22:49:42,0x77c0fd73acab8cfe6212e9781ac7dd5f4e3641cec3701bdfbf7f27f36fe517d8,btc-updown-15m-1777578300
"Bitcoin Up or Down - April 30, 3:45PM-3:50PM ET",Down,BUY,3.85185,0.2699998701922453,0x883e3ce7e7f232ca22344f30e9899cf5fab7e446cfdd1cb7d0855816b384a310,2026-04-30 22:49:06,0x8a12b6bf805f0fce6e88c166c4d8a4ac64a4f2e12bfed348f32d58d93304eab1,btc-updown-5m-1777578300
"Bitcoin Up or Down - April 30, 3:45PM-4:00PM ET",Up,BUY,1.783332,0.5999998878503834,0x3a6d1286e12753dfcfa4cf8dec30ec9e7fba1ebd62968869c50859a88bd0f5b6,2026-04-30 22:49:02,0x98c344578d87e4be5d91d0d8944d1585460cbcc37d58cf278846694cca975818,btc-updown-15m-1777578300
"Bitcoin Up or Down - April 30, 3:45PM-3:50PM ET",Down,BUY,3.181817,0.32999980828564307,0x883e3ce7e7f232ca22344f30e9899cf5fab7e446cfdd1cb7d0855816b384a310,2026-04-30 22:48:50,0x12010e8e1bd3419b29d7dfa610c4e484acbd4f7afe740f5796bd136a03a79c94,btc-updown-5m-1777578300
"Bitcoin Up or Down - April 30, 3:45PM-3:50PM ET",Down,BUY,3.620688,0.2899998563808867,0x883e3ce7e7f232ca22344f30e9899cf5fab7e446cfdd1cb7d0855816b384a310,2026-04-30 22:48:48,0x35d276d00f18cf9076ea2b3c87f3c1354f415be17f0c924355e3bd402092eab3,btc-updown-5m-1777578300
"Bitcoin Up or Down - April 30, 3:45PM-3:50PM ET",Down,BUY,3.586205,0.2899998745191644,0x883e3ce7e7f232ca22344f30e9899cf5fab7e446cfdd1cb7d0855816b384a310,2026-04-30 22:48:48,0x9bb679c5b874a67efdc2a1ff476def5fd6c9d3c36de3e61ff293d728938804ff,btc-updown-5m-1777578300
"Bitcoin Up or Down - April 30, 3:45PM-3:50PM ET",Down,BUY,3.714284,0.2799998599999354,0x883e3ce7e7f232ca22344f30e9899cf5fab7e446cfdd1cb7d0855816b384a310,2026-04-30 22:48:46,0x31a3a4f120251bb8ff8cfdbfd84c9f34bec6ede9a7d3dafdc435f42bb6dfe0fb,btc-updown-5m-1777578300
"Bitcoin Up or Down - April 30, 3:45PM-3:50PM ET",Up,BUY,1.87719,0.5699998401866619,0x883e3ce7e7f232ca22344f30e9899cf5fab7e446cfdd1cb7d0855816b384a310,2026-04-30 22:48:32,0x5947f869c60b0ab25aaec5f12e604e27e4043ccd97b656c429d509333f5f178c,btc-updown-5m-1777578300
"Bitcoin Up or Down - April 30, 3:45PM-3:50PM ET",Up,BUY,1.754097,0.609999903084037,0x883e3ce7e7f232ca22344f30e9899cf5fab7e446cfdd1cb7d0855816b384a310,2026-04-30 22:47:56,0xc68c840d1ba55d2d1d683404066cb6c66939d4e56f8885d7ec5a8d92f205357c,btc-updown-5m-1777578300
"Bitcoin Up or Down - April 30, 3:45PM-4:00PM ET",Up,BUY,2,0.53,0x3a6d1286e12753dfcfa4cf8dec30ec9e7fba1ebd62968869c50859a88bd0f5b6,2026-04-30 22:47:44,0x844c30f51ecd9c3c9870c44885df47318d499ad08f8e17ebe7ef377423c3c2ee,btc-updown-15m-1777578300
"Bitcoin Up or Down - April 30, 3:45PM-4:00PM ET",Up,BUY,2.255318,0.4699997960376319,0x3a6d1286e12753dfcfa4cf8dec30ec9e7fba1ebd62968869c50859a88bd0f5b6,2026-04-30 22:47:36,0x941d9771bd618ec87829e39603736099b25a0e917223012a99f72f7eeb1dc5b6,btc-updown-15m-1777578300
"Bitcoin Up or Down - April 30, 3:45PM-3:50PM ET",Up,BUY,2.65,0.4,0x883e3ce7e7f232ca22344f30e9899cf5fab7e446cfdd1cb7d0855816b384a310,2026-04-30 22:47:36,0xf1989d8ad6cb2384fbe8864128a1987c9530602e3ff8b998c41ba97e990fd457,btc-updown-5m-1777578300
"Bitcoin Up or Down - April 30, 3:45PM-3:50PM ET",Up,BUY,2.763156,0.37999989866659717,0x883e3ce7e7f232ca22344f30e9899cf5fab7e446cfdd1cb7d0855816b384a310,2026-04-30 22:47:36,0x4439fb0f0a54bbd89915e961195df32e494a75a4799b1d6a6e6b65cad5a3c1fe,btc-updown-5m-1777578300
"Bitcoin Up or Down - April 30, 3:45PM-3:50PM ET",Up,BUY,2.763156,0.37999989866659717,0x883e3ce7e7f232ca22344f30e9899cf5fab7e446cfdd1cb7d0855816b384a310,2026-04-30 22:47:36,0x1342a25cfe301c41d0051afd5f1a3081aaab5576b8bb5f4765a4f1825dd8abba,btc-updown-5m-1777578300
"Bitcoin Up or Down - April 30, 3:45PM-3:50PM ET",Down,BUY,1.588234,0.6799999244443828,0x883e3ce7e7f232ca22344f30e9899cf5fab7e446cfdd1cb7d0855816b384a310,2026-04-30 22:47:12,0x77c0db266b33d7c455e5e480414a21a1e12c93591fc1d4de282097fbe0c9c44f,btc-updown-5m-1777578300
"Ethereum Up or Down - April 30, 3:45PM-3:50PM ET",Down,BUY,1.1978,0.91,0x2251143b8b37968b446c97c41797d2dbf401e30ce67506e9ac4057d55f99df4b,2026-04-30 22:47:12,0xd5a130a8587ac64c954755eb0995ec1720b34ab8ac210391780b43260313f7de,eth-updown-5m-1777578300
"Ethereum Up or Down - April 30, 3:45PM-3:50PM ET",Down,BUY,1.282346,0.8499999220179265,0x2251143b8b37968b446c97c41797d2dbf401e30ce67506e9ac4057d55f99df4b,2026-04-30 22:46:12,0xf7cde8daf0c8a4a96ab7a3bf88ab4c598900fc7fd3248fa76c36ab1425216420,eth-updown-5m-1777578300
"Bitcoin Up or Down - April 30, 3:45PM-3:50PM ET",Down,BUY,1.5,0.72,0x883e3ce7e7f232ca22344f30e9899cf5fab7e446cfdd1cb7d0855816b384a310,2026-04-30 22:46:12,0x4b87f002633be18d7a5c76220908f77996d34863853538c263f2d215bc0780d8,btc-updown-5m-1777578300
"Ethereum Up or Down - April 30, 3:45PM-3:50PM ET",Down,BUY,1.282346,0.8499999220179265,0x2251143b8b37968b446c97c41797d2dbf401e30ce67506e9ac4057d55f99df4b,2026-04-30 22:46:12,0x64ad7e1dc202bffbe05d25e8b7b2a8d3c9b9dce493e546d17f890cc6d6e82259,eth-updown-5m-1777578300
"Ethereum Up or Down - April 30, 3:45PM-3:50PM ET",Down,BUY,1.3625,0.8,0x2251143b8b37968b446c97c41797d2dbf401e30ce67506e9ac4057d55f99df4b,2026-04-30 22:46:06,0xd68ff20846f44b3233d1f9c71b960550fb9f86205e949d8d2f2730f50e0c49b5,eth-updown-5m-1777578300
"Ethereum Up or Down - April 30, 3:45PM-3:50PM ET",Down,BUY,1.35,0.8,0x2251143b8b37968b446c97c41797d2dbf401e30ce67506e9ac4057d55f99df4b,2026-04-30 22:46:06,0x01dee7ac14c436d06466403287067331476f199a4e70e016fe8854748d87a400,eth-updown-5m-1777578300
"Bitcoin Up or Down - April 30, 3:45PM-3:50PM ET",Down,BUY,1.783332,0.5999998878503834,0x883e3ce7e7f232ca22344f30e9899cf5fab7e446cfdd1cb7d0855816b384a310,2026-04-30 22:45:50,0x65a1fd9010dda1c0866e2ee6f8f60254c9c001465d2fa70f1885ae585bf6c463,btc-updown-5m-1777578300
"Bitcoin Up or Down - April 30, 3:45PM-3:50PM ET",Down,BUY,1.725805,0.619999942056026,0x883e3ce7e7f232ca22344f30e9899cf5fab7e446cfdd1cb7d0855816b384a310,2026-04-30 22:45:50,0x9e6b717b522867cb4d8a495d8182fb37cae5525cfb5163d31c21fd08794c8c64,btc-updown-5m-1777578300
"Bitcoin Up or Down - April 30, 3:45PM-3:50PM ET",Up,BUY,2.03846,0.5199999018867184,0x883e3ce7e7f232ca22344f30e9899cf5fab7e446cfdd1cb7d0855816b384a310,2026-04-30 22:45:34,0x76adedce78c10a150e2d8f9cb76080ebc87eae2f0d95b347a610426058a1fa1c,btc-updown-5m-1777578300
"Bitcoin Up or Down - April 30, 3:45PM-3:50PM ET",Up,BUY,2.03846,0.5199999018867184,0x883e3ce7e7f232ca22344f30e9899cf5fab7e446cfdd1cb7d0855816b384a310,2026-04-30 22:45:32,0xee37675b69674cda1dd8df6bb4c866b678d405b8e87c6d45bc196ef7fc18d154,btc-updown-5m-1777578300
"Bitcoin Up or Down - April 30, 3:45PM-4:00PM ET",Up,BUY,2.12,0.5,0x3a6d1286e12753dfcfa4cf8dec30ec9e7fba1ebd62968869c50859a88bd0f5b6,2026-04-30 22:45:32,0x1be20fb08bf9368a24e0a841982337c8669471104d06f4530faf4d3e269c77a3,btc-updown-15m-1777578300
"Bitcoin Up or Down - April 30, 3:45PM-4:00PM ET",Up,BUY,2.03846,0.5199999018867184,0x3a6d1286e12753dfcfa4cf8dec30ec9e7fba1ebd62968869c50859a88bd0f5b6,2026-04-30 22:45:30,0xe87b1f2ca87be672c169657942915406b78e21feca3ec85bbea6beccda978e87,btc-updown-15m-1777578300
"Bitcoin Up or Down - April 30, 3:45PM-4:00PM ET",Down,BUY,2.208332,0.47999983698103366,0x3a6d1286e12753dfcfa4cf8dec30ec9e7fba1ebd62968869c50859a88bd0f5b6,2026-04-30 22:45:30,0x8d878bb8bc0656f70401c9c77a836f83dc86d2aedf8ad2c2834014978803a876,btc-updown-15m-1777578300
"Bitcoin Up or Down - April 30, 3:45PM-3:50PM ET",Up,BUY,0.17,0.44,0x883e3ce7e7f232ca22344f30e9899cf5fab7e446cfdd1cb7d0855816b384a310,2026-04-30 22:45:28,0xafdcc3b8963702ac3a6daa63df94bf9f0f821bc2f08c24edaf62a01fc6bd85e2,btc-updown-5m-1777578300
"Bitcoin Up or Down - April 30, 3:45PM-4:00PM ET",Down,BUY,2.07843,0.509999855660282,0x3a6d1286e12753dfcfa4cf8dec30ec9e7fba1ebd62968869c50859a88bd0f5b6,2026-04-30 22:45:28,0xead58e4297f50e28efa214c20f066e92180b8a72392d92bd1e5e98573a7c117a,btc-updown-15m-1777578300
"Bitcoin Up or Down - April 30, 3:45PM-4:00PM ET",Down,BUY,2.07843,0.509999855660282,0x3a6d1286e12753dfcfa4cf8dec30ec9e7fba1ebd62968869c50859a88bd0f5b6,2026-04-30 22:45:28,0x3d7cdfa1195533f40f824e59a32fa097efb69ce7d715feef48c00c53dab9bbec,btc-updown-15m-1777578300
"Bitcoin Up or Down - April 30, 3:45PM-4:00PM ET",Down,BUY,2.07843,0.509999855660282,0x3a6d1286e12753dfcfa4cf8dec30ec9e7fba1ebd62968869c50859a88bd0f5b6,2026-04-30 22:45:26,0xf6b07787f7eebf425aad2e00a5eaa967ffd8957a969a3a346df8b9538e7e0b82,btc-updown-15m-1777578300
"Bitcoin Up or Down - April 30, 3:45PM-3:50PM ET",Down,BUY,2.098038,0.5099998188783997,0x883e3ce7e7f232ca22344f30e9899cf5fab7e446cfdd1cb7d0855816b384a310,2026-04-30 22:45:26,0xb59f0909f790478474a4abeda327bd40d1f058c8b61cb1e0818544173c85b190,btc-updown-5m-1777578300
"Bitcoin Up or Down - April 30, 3:45PM-4:00PM ET",Down,BUY,2.208332,0.47999983698103366,0x3a6d1286e12753dfcfa4cf8dec30ec9e7fba1ebd62968869c50859a88bd0f5b6,2026-04-30 22:45:16,0x605c05011a0d8c83fa4934b8dc458ff0a66ad31c333fddae57dd6df809381498,btc-updown-15m-1777578300
"Bitcoin Up or Down - April 30, 3:45PM-4:00PM ET",Down,BUY,2.208332,0.47999983698103366,0x3a6d1286e12753dfcfa4cf8dec30ec9e7fba1ebd62968869c50859a88bd0f5b6,2026-04-30 22:45:16,0x8af0a254bb4557c956591b23825e8fc52a7f59c35505404c246dca0581b350b4,btc-updown-15m-1777578300
"Bitcoin Up or Down - April 30, 3:45PM-3:50PM ET",Down,BUY,1.783332,0.5999998878503834,0x883e3ce7e7f232ca22344f30e9899cf5fab7e446cfdd1cb7d0855816b384a310,2026-04-30 22:45:16,0xdf3bc5fa9b68c7522972845440c4441cbe6c4a675b3db6025ed1c5567d483066,btc-updown-5m-1777578300
"Ethereum Up or Down - April 30, 3:40PM-3:45PM ET",Down,BUY,1.1237,0.97,0x648b999cdb0ed23a7b403827c0be9788219f21b498d29dda77373911cd21ae61,2026-04-30 22:44:30,0x24847b7dd9424f0a34d2913262685122f65bf7715f031bc0f09dc2548f0226be,eth-updown-5m-1777578000
"Bitcoin Up or Down - April 30, 3:40PM-3:45PM ET",Up,BUY,4.16,0.25,0x2c5eea02a7a2fb6ba1930128746fad1e68341491f528190fa5316e07abb26430,2026-04-30 22:42:06,0x6a7062453d4ce4a70413f8d3e372ca17ea6cf6dc3f8a8a4302ae7b846f6b4f62,btc-updown-5m-1777578000
"Ethereum Up or Down - April 30, 3:40PM-3:45PM ET",Down,BUY,1.345678,0.8099998662384315,0x648b999cdb0ed23a7b403827c0be9788219f21b498d29dda77373911cd21ae61,2026-04-30 22:41:44,0xd36d8d9fd55a4c539087a26ba225092a34c5d46429e9b30a253498065939217a,eth-updown-5m-1777578000
"Ethereum Up or Down - April 30, 3:40PM-3:45PM ET",Down,BUY,1.345678,0.8099998662384315,0x648b999cdb0ed23a7b403827c0be9788219f21b498d29dda77373911cd21ae61,2026-04-30 22:41:44,0x24afd5678ed44e849b7503d6f6457ca165f9f0f328515ae70d8a26c2b35cb6c7,eth-updown-5m-1777578000
"Ethereum Up or Down - April 30, 3:40PM-3:45PM ET",Down,BUY,1.345678,0.8099998662384315,0x648b999cdb0ed23a7b403827c0be9788219f21b498d29dda77373911cd21ae61,2026-04-30 22:41:44,0x0bee406c865debb7d5604f04893c2888834e29669c9e17e11ac04fd1f5c934ec,eth-updown-5m-1777578000
"Ethereum Up or Down - April 30, 3:40PM-3:45PM ET",Down,BUY,1.379742,0.7899998695408272,0x648b999cdb0ed23a7b403827c0be9788219f21b498d29dda77373911cd21ae61,2026-04-30 22:41:34,0x7744c202fb86fd83f01b59a3fef099c5958b134d10038a00014e1de5fa5e79e4,eth-updown-5m-1777578000
"Ethereum Up or Down - April 30, 3:40PM-3:45PM ET",Down,BUY,1.313252,0.8299998781650437,0x648b999cdb0ed23a7b403827c0be9788219f21b498d29dda77373911cd21ae61,2026-04-30 22:41:26,0x3e2bdf922ea02d708398537ceb56357216e90ccec2edfd67736b4ac400ec28cb,eth-updown-5m-1777578000
"Bitcoin Up or Down - April 30, 3:40PM-3:45PM ET",Down,BUY,1.162785,0.8599999139995786,0x2c5eea02a7a2fb6ba1930128746fad1e68341491f528190fa5316e07abb26430,2026-04-30 22:41:26,0xd8e222521064c08d471cfe47103e11a4da3830e2b886d7ede4e702aff73a7019,btc-updown-5m-1777578000
"Bitcoin Up or Down - April 30, 3:40PM-3:45PM ET",Up,BUY,6.4375,0.16,0x2c5eea02a7a2fb6ba1930128746fad1e68341491f528190fa5316e07abb26430,2026-04-30 22:41:24,0xe0f82ac1477c6a4f1e02aa8120baada446464fc0830ce237ecbc9a4270e66a16,btc-updown-5m-1777578000
"Bitcoin Up or Down - April 30, 3:40PM-3:45PM ET",Down,BUY,1.282346,0.8499999220179265,0x2c5eea02a7a2fb6ba1930128746fad1e68341491f528190fa5316e07abb26430,2026-04-30 22:41:24,0x3f47b455d22c06fd0ececa777900bdd0f7fe645f3d6dab7069afdc7a0d698294,btc-updown-5m-1777578000
"Bitcoin Up or Down - April 30, 3:40PM-3:45PM ET",Down,BUY,1.252869,0.8699999760549587,0x2c5eea02a7a2fb6ba1930128746fad1e68341491f528190fa5316e07abb26430,2026-04-30 22:41:22,0x6ad3047c0721e729888df0fefe2c21e09287284923d56df59867468c6556d36c,btc-updown-5m-1777578000
"Bitcoin Up or Down - April 30, 3:40PM-3:45PM ET",Down,BUY,1.252872,0.8699994891736745,0x2c5eea02a7a2fb6ba1930128746fad1e68341491f528190fa5316e07abb26430,2026-04-30 22:41:20,0x39910ccb69f9b9cf73b6707c0e49cd63343fba83e7c93d96d2d2cbdcc3d6c4ac,btc-updown-5m-1777578000
"Bitcoin Up or Down - April 30, 3:40PM-3:45PM ET",Down,BUY,1.252869,0.8699999760549587,0x2c5eea02a7a2fb6ba1930128746fad1e68341491f528190fa5316e07abb26430,2026-04-30 22:41:20,0x4638d4d9666bef91d3f6ac601b2fc422e34d114e9d37b1746a6354e2dfb7163b,btc-updown-5m-1777578000
"Bitcoin Up or Down - April 30, 3:40PM-3:45PM ET",Down,BUY,1.35,0.8,0x2c5eea02a7a2fb6ba1930128746fad1e68341491f528190fa5316e07abb26430,2026-04-30 22:41:10,0x5121d24f23756574d91f384fe22971d7d8e2ecfc6221efbe829a54520ca28c14,btc-updown-5m-1777578000
"Bitcoin Up or Down - April 30, 3:40PM-3:45PM ET",Up,BUY,4.16,0.25,0x2c5eea02a7a2fb6ba1930128746fad1e68341491f528190fa5316e07abb26430,2026-04-30 22:41:04,0xc90f9be48153edd2bd0903a1478bad43ebb0e8c62d6aa2e01267776f4322d239,btc-updown-5m-1777578000
"Bitcoin Up or Down - April 30, 3:40PM-3:45PM ET",Down,BUY,1.671875,0.64,0x2c5eea02a7a2fb6ba1930128746fad1e68341491f528190fa5316e07abb26430,2026-04-30 22:40:46,0xa04e70fbeb46a6ae81dafbfef6d4fbbd50e028dc8b0756775dacabe897aad1ed,btc-updown-5m-1777578000
"Bitcoin Up or Down - April 30, 3:40PM-3:45PM ET",Down,BUY,1.754097,0.609999903084037,0x2c5eea02a7a2fb6ba1930128746fad1e68341491f528190fa5316e07abb26430,2026-04-30 22:40:46,0x278b57963066a014fd1c6953d70800f9b6f49a2443bf2c893e3b5fd8a98f9320,btc-updown-5m-1777578000
"Bitcoin Up or Down - April 30, 3:40PM-3:45PM ET",Up,BUY,2.763156,0.37999989866659717,0x2c5eea02a7a2fb6ba1930128746fad1e68341491f528190fa5316e07abb26430,2026-04-30 22:40:32,0x5c4948d8e6c831d8fcd578637e8993146cf2bc547ea892a8cc7623c2da043f00,btc-updown-5m-1777578000
"Bitcoin Up or Down - April 30, 3:40PM-3:45PM ET",Down,BUY,1.621211,0.6599998396260573,0x2c5eea02a7a2fb6ba1930128746fad1e68341491f528190fa5316e07abb26430,2026-04-30 22:40:30,0x3996aced1e1461d45d283d26af9df61d5b7ecae3e0d73332142df541c49231a7,btc-updown-5m-1777578000
"Bitcoin Up or Down - April 30, 3:40PM-3:45PM ET",Down,BUY,1.621211,0.6599998396260573,0x2c5eea02a7a2fb6ba1930128746fad1e68341491f528190fa5316e07abb26430,2026-04-30 22:40:30,0xaab1e14b2f55fdd7c3b04d39faa6cab969f56c3c86ae3b2826b791db9ef52f59,btc-updown-5m-1777578000
"Bitcoin Up or Down - April 30, 3:40PM-3:45PM ET",Down,BUY,1.671875,0.64,0x2c5eea02a7a2fb6ba1930128746fad1e68341491f528190fa5316e07abb26430,2026-04-30 22:40:30,0xd4026e94d6335fd0a78596725f131afdadc6e17e5beeba728eaef5a2623705d1,btc-updown-5m-1777578000
"Bitcoin Up or Down - April 30, 3:40PM-3:45PM ET",Down,BUY,1.725805,0.619999942056026,0x2c5eea02a7a2fb6ba1930128746fad1e68341491f528190fa5316e07abb26430,2026-04-30 22:40:28,0x4bd89474c81872a00155ebb5b55266824d36e45a2d4d4f6cd27e20f2aeb2dae8,btc-updown-5m-1777578000
"Bitcoin Up or Down - April 30, 3:40PM-3:45PM ET",Down,BUY,1.725805,0.619999942056026,0x2c5eea02a7a2fb6ba1930128746fad1e68341491f528190fa5316e07abb26430,2026-04-30 22:40:28,0xd5610c6e7454201132fbce692840e73045efff158d37ea4422e67981a7636cf4,btc-updown-5m-1777578000
"Bitcoin Up or Down - April 30, 3:40PM-3:45PM ET",Down,BUY,1.783332,0.5999998878503834,0x2c5eea02a7a2fb6ba1930128746fad1e68341491f528190fa5316e07abb26430,2026-04-30 22:40:16,0x975e4ea1a86dff91513a26cb804e7b20d0fedba3bf482dac3daff6b869f01a76,btc-updown-5m-1777578000
"Ethereum Up or Down - April 30, 3:35PM-3:40PM ET",Down,BUY,1.224718,0.8899999836697101,0x1ac2e5f5d1d22e9e0324b1ccbe9c115446a08530b4c72a8dff147fd96b3d99b5,2026-04-30 22:39:36,0xcb1433eaf0acf41c34308e9254d9a788c5383e4630aa1efe9fa85bc88d821d7c,eth-updown-5m-1777577700
"Ethereum Up or Down - April 30, 3:35PM-3:40PM ET",Down,BUY,1.238633,0.8799999677063344,0x1ac2e5f5d1d22e9e0324b1ccbe9c115446a08530b4c72a8dff147fd96b3d99b5,2026-04-30 22:39:34,0x19c1e63f63c895af8671b9725188f30c53124eb200187655dde0b177cb61f28a,eth-updown-5m-1777577700
"Ethereum Up or Down - April 30, 3:35PM-3:40PM ET",Down,BUY,1.329266,0.8199999097246149,0x1ac2e5f5d1d22e9e0324b1ccbe9c115446a08530b4c72a8dff147fd96b3d99b5,2026-04-30 22:38:32,0x6f4260318116976d1ff5201c9d1e6929024ac5a305a7606b8cca8e9c476183a0,eth-updown-5m-1777577700
"Ethereum Up or Down - April 30, 3:35PM-3:40PM ET",Down,BUY,1.345678,0.8099998662384315,0x1ac2e5f5d1d22e9e0324b1ccbe9c115446a08530b4c72a8dff147fd96b3d99b5,2026-04-30 22:37:54,0x0066e06d16ef7bab8a054d961ee48eb8f079fec58593e6980086e33821798fad,eth-updown-5m-1777577700
"Ethereum Up or Down - April 30, 3:35PM-3:40PM ET",Down,BUY,1.345678,0.8099998662384315,0x1ac2e5f5d1d22e9e0324b1ccbe9c115446a08530b4c72a8dff147fd96b3d99b5,2026-04-30 22:37:54,0x984a8d3a3e337fc29604bbdc49a7e1c9db88427385806d2a74e3187a0cea40d7,eth-updown-5m-1777577700
"Ethereum Up or Down - April 30, 3:35PM-3:40PM ET",Down,BUY,1.345678,0.8099998662384315,0x1ac2e5f5d1d22e9e0324b1ccbe9c115446a08530b4c72a8dff147fd96b3d99b5,2026-04-30 22:37:54,0x676ee5b5a55b3782c46f05cafcb557e3f1eef24cd8407835c77a8245d873b288,eth-updown-5m-1777577700
"Bitcoin Up or Down - April 30, 3:35PM-3:40PM ET",Up,BUY,1.813558,0.5899998786915004,0xbea81e79848840c0981903e92998da0001c32cba7261bda7159b14bcdb000f92,2026-04-30 22:36:48,0x8a7df578ba50740bde0d3a775383f6ccf5e2d353eb277428fc2e624f7bc3bb10,btc-updown-5m-1777577700
"Bitcoin Up or Down - April 30, 3:35PM-3:40PM ET",Down,BUY,2.409089,0.439999933584853,0xbea81e79848840c0981903e92998da0001c32cba7261bda7159b14bcdb000f92,2026-04-30 22:36:46,0x3efe73df9e56e69e6210263048101948febcfb8a82cab7961786e6e31fd28e21,btc-updown-5m-1777577700
"Bitcoin Up or Down - April 30, 3:35PM-3:40PM ET",Up,BUY,1.813558,0.5899998786915004,0xbea81e79848840c0981903e92998da0001c32cba7261bda7159b14bcdb000f92,2026-04-30 22:36:46,0x1a5d63b07b566ae41273d84f4d0d34578135f33e2b4642375fec2b551ef4c9e3,btc-updown-5m-1777577700
"Bitcoin Up or Down - April 30, 3:35PM-3:40PM ET",Down,BUY,2.255318,0.4699997960376319,0xbea81e79848840c0981903e92998da0001c32cba7261bda7159b14bcdb000f92,2026-04-30 22:36:46,0x8aa2634d343c8b698a88e7d58087e3a08585d872b87b9760d1c51744bc9e7cb2,btc-updown-5m-1777577700
"Bitcoin Up or Down - April 30, 3:35PM-3:40PM ET",Down,BUY,2.386362,0.4399998826665862,0xbea81e79848840c0981903e92998da0001c32cba7261bda7159b14bcdb000f92,2026-04-30 22:36:42,0x7b44dbdf65064f5ac42015434730c09638ab574f1bcd514228cf63fb6f04e97d,btc-updown-5m-1777577700
"Bitcoin Up or Down - April 30, 3:35PM-3:40PM ET",Up,BUY,1.783332,0.5999998878503834,0xbea81e79848840c0981903e92998da0001c32cba7261bda7159b14bcdb000f92,2026-04-30 22:36:30,0x8c847c1288e8fcbb834419a3f9ad58818f7f0b39c3b56e72314e017152c06fa1,btc-updown-5m-1777577700
"Bitcoin Up or Down - April 30, 3:35PM-3:40PM ET",Up,BUY,1.844826,0.5799999566354768,0xbea81e79848840c0981903e92998da0001c32cba7261bda7159b14bcdb000f92,2026-04-30 22:36:28,0xbadfb051004f2959f4f6ebf155fe995d7d4a922c10b7c7b7bf74db06f98bb67b,btc-updown-5m-1777577700
"Bitcoin Up or Down - April 30, 3:35PM-3:40PM ET",Down,BUY,3,0.35,0xbea81e79848840c0981903e92998da0001c32cba7261bda7159b14bcdb000f92,2026-04-30 22:36:24,0x4ffd63a9eeaf8b6707305f2aeb3d264e1fe087eeda4795b5e58511229a032bcf,btc-updown-5m-1777577700
"Bitcoin Up or Down - April 30, 3:35PM-3:40PM ET",Up,BUY,1.621211,0.6599998396260573,0xbea81e79848840c0981903e92998da0001c32cba7261bda7159b14bcdb000f92,2026-04-30 22:36:18,0xdc810e063b4b73ff4750ac9f01e48fd409353d7d251440e1c6d574491faf7643,btc-updown-5m-1777577700
"Bitcoin Up or Down - April 30, 3:35PM-3:40PM ET",Up,BUY,1.621211,0.6599998396260573,0xbea81e79848840c0981903e92998da0001c32cba7261bda7159b14bcdb000f92,2026-04-30 22:36:18,0x0e516b19a3c525c1c83dda06f2ef38ef37553b62016406033993bebf2ec81e4e,btc-updown-5m-1777577700
"Bitcoin Up or Down - April 30, 3:35PM-3:40PM ET",Down,BUY,2.692306,0.38999987371420636,0xbea81e79848840c0981903e92998da0001c32cba7261bda7159b14bcdb000f92,2026-04-30 22:36:14,0xa9324290c3c7ff080d53e30960732b528843964df881fc9f87a3834262d4f312,btc-updown-5m-1777577700
"Bitcoin Up or Down - April 30, 3:35PM-3:40PM ET",Up,BUY,1.671875,0.64,0xbea81e79848840c0981903e92998da0001c32cba7261bda7159b14bcdb000f92,2026-04-30 22:35:22,0x71da28908d8436e7e1235e73c08595628928ff83c756a87fefc046e06c7c3e8e,btc-updown-5m-1777577700
"Bitcoin Up or Down - April 30, 3:35PM-3:40PM ET",Up,BUY,1.671875,0.64,0xbea81e79848840c0981903e92998da0001c32cba7261bda7159b14bcdb000f92,2026-04-30 22:35:22,0x541549053db2efb0aa653ef7fcd7668bea17b01c9eed63f9865f7404e2843c3a,btc-updown-5m-1777577700
"Bitcoin Up or Down - April 30, 3:35PM-3:40PM ET",Up,BUY,1.892856,0.5599998098112059,0xbea81e79848840c0981903e92998da0001c32cba7261bda7159b14bcdb000f92,2026-04-30 22:35:18,0xbb731a75435fb2877eac854fcfdfdc1b35b4329815ca0e3a7cff276989ff8e91,btc-updown-5m-1777577700
"Bitcoin Up or Down - April 30, 3:35PM-3:40PM ET",Up,BUY,1.725805,0.619999942056026,0xbea81e79848840c0981903e92998da0001c32cba7261bda7159b14bcdb000f92,2026-04-30 22:35:16,0x1919f9b0456c48ff01819290d05d45a57d9a1f92da89d42a86f486af24c34928,btc-updown-5m-1777577700
"Bitcoin Up or Down - April 30, 3:35PM-3:40PM ET",Up,BUY,1.725805,0.619999942056026,0xbea81e79848840c0981903e92998da0001c32cba7261bda7159b14bcdb000f92,2026-04-30 22:35:16,0x483ffb98ce1babfd66ee1ffca9fbdbaf30dfc3b9b03f314bebe504d8120df0e2,btc-updown-5m-1777577700
"Bitcoin Up or Down - April 30, 3:35PM-3:40PM ET",Up,BUY,1.725805,0.619999942056026,0xbea81e79848840c0981903e92998da0001c32cba7261bda7159b14bcdb000f92,2026-04-30 22:35:16,0x6a5d002b0b604c9f6dea0b000569bd581fe0cb25a456ce5716fdaeb999755218,btc-updown-5m-1777577700
"Bitcoin Up or Down - April 30, 3:35PM-3:40PM ET",Up,BUY,1.87719,0.5699998401866619,0xbea81e79848840c0981903e92998da0001c32cba7261bda7159b14bcdb000f92,2026-04-30 22:35:16,0x5ce27f82759552b79dcec141dee7608a993b037bf6022522177a2991c43e0c5b,btc-updown-5m-1777577700
"Bitcoin Up or Down - April 30, 3:30PM-3:45PM ET",Down,BUY,2,0.53,0x2f1f5a084790184b9f44d4e78ff4c3b9217b16da31e9740be1e3229bb820392c,2026-04-30 22:35:10,0x3ecbad2ea6a3a661ae51ce0b24ad0e564f6a55f035f4b08b648a5e25698c391a,btc-updown-15m-1777577400
"Ethereum Up or Down - April 30, 3:30PM-3:35PM ET",Up,BUY,1.112243,0.9799998741282255,0x7537d56473d8ccac92b520cbc4df3041618c7d8d15a4742a39ba5721cb46b81c,2026-04-30 22:35:04,0x6fdc191ca3cc4875d451dbbe1ed21b96d66835e0acf501293791cabf35e164fb,eth-updown-5m-1777577400
"Bitcoin Up or Down - April 30, 3:30PM-3:45PM ET",Down,BUY,2,0.53,0x2f1f5a084790184b9f44d4e78ff4c3b9217b16da31e9740be1e3229bb820392c,2026-04-30 22:35:04,0x62197df210ca55a9e32252c40a87f3bad55dea50e016b4e0b5162d4435eeddde,btc-updown-15m-1777577400
"Ethereum Up or Down - April 30, 3:30PM-3:35PM ET",Up,BUY,1.159566,0.9399999655043353,0x7537d56473d8ccac92b520cbc4df3041618c7d8d15a4742a39ba5721cb46b81c,2026-04-30 22:34:26,0x90d026b696cd5d921cc15cc26ceba2b72bce9989ce0dc8fd104762fff5cf7ccd,eth-updown-5m-1777577400
"Bitcoin Up or Down - April 30, 3:30PM-3:45PM ET",Up,BUY,1.671875,0.64,0x2f1f5a084790184b9f44d4e78ff4c3b9217b16da31e9740be1e3229bb820392c,2026-04-30 22:34:04,0x78a7f346e9ab1f8150e8ad8586013fa98c55078d6436099bdef77c228b5fd308,btc-updown-15m-1777577400
"Bitcoin Up or Down - April 30, 3:30PM-3:45PM ET",Down,BUY,2.837836,0.3699998872380222,0x2f1f5a084790184b9f44d4e78ff4c3b9217b16da31e9740be1e3229bb820392c,2026-04-30 22:34:00,0x9cd0da886ce6c6eb2b76f285fc5685468f1734f15b9d06bd1e1453f41f5b1a7b,btc-updown-15m-1777577400
"Bitcoin Up or Down - April 30, 3:30PM-3:45PM ET",Up,BUY,1.69841,0.6299998233642053,0x2f1f5a084790184b9f44d4e78ff4c3b9217b16da31e9740be1e3229bb820392c,2026-04-30 22:33:48,0x0c329103fe5ccd76c5af035080936f072ba22901cfa39c9bbd240402a244c800,btc-updown-15m-1777577400
"Bitcoin Up or Down - April 30, 3:30PM-3:45PM ET",Up,BUY,1.69841,0.6299998233642053,0x2f1f5a084790184b9f44d4e78ff4c3b9217b16da31e9740be1e3229bb820392c,2026-04-30 22:33:46,0x7b910d81de971e01e34f4729059134682ce9e17e5dfd639010f6b65c44561932,btc-updown-15m-1777577400
"Ethereum Up or Down - April 30, 3:30PM-3:35PM ET",Up,BUY,1.367085,0.7899998902774882,0x7537d56473d8ccac92b520cbc4df3041618c7d8d15a4742a39ba5721cb46b81c,2026-04-30 22:33:34,0x53b352e0b7d4745e017e5f97baa08f7b94419165646b47032e8e474971c1596a,eth-updown-5m-1777577400
"Bitcoin Up or Down - April 30, 3:30PM-3:45PM ET",Up,BUY,1.754097,0.609999903084037,0x2f1f5a084790184b9f44d4e78ff4c3b9217b16da31e9740be1e3229bb820392c,2026-04-30 22:32:08,0x3ba5919b5ac6fda9f9293525e924062aa597e48f0c730816d115c6b51814c889,btc-updown-15m-1777577400
"Bitcoin Up or Down - April 30, 3:30PM-3:35PM ET",Up,BUY,1.402595,0.7699998930553723,0xadcb2c9885429f1e584798fb7e1f7ccb907f949a88cec6ad14538ab2b3ebe429,2026-04-30 22:32:08,0xfc087c729427c66e6814d3c2f87ba603a027a5c8d623174d46e2ca094aa4be74,btc-updown-5m-1777577400
"Bitcoin Up or Down - April 30, 3:30PM-3:35PM ET",Up,BUY,1.402595,0.7699998930553723,0xadcb2c9885429f1e584798fb7e1f7ccb907f949a88cec6ad14538ab2b3ebe429,2026-04-30 22:32:08,0xfe92f28772c0915d52d412cdfa5f0e857b6ae41d84d84a3269c090139e44c3a4,btc-updown-5m-1777577400
"Bitcoin Up or Down - April 30, 3:30PM-3:45PM ET",Up,BUY,1.754097,0.609999903084037,0x2f1f5a084790184b9f44d4e78ff4c3b9217b16da31e9740be1e3229bb820392c,2026-04-30 22:32:06,0xd340d16f6b0d0b0bbb2b08e615c79e1517473a1335bd93d7958db55ee2be836c,btc-updown-15m-1777577400
"Ethereum Up or Down - April 30, 3:30PM-3:35PM ET",Up,BUY,1.282346,0.8499999220179265,0x7537d56473d8ccac92b520cbc4df3041618c7d8d15a4742a39ba5721cb46b81c,2026-04-30 22:31:40,0x04639d8c9a8cce258251bbd666cac2332eee98125d5b2dd67d6aa4b09e29de0e,eth-updown-5m-1777577400
"Bitcoin Up or Down - April 30, 3:30PM-3:45PM ET",Up,BUY,1.671875,0.64,0x2f1f5a084790184b9f44d4e78ff4c3b9217b16da31e9740be1e3229bb820392c,2026-04-30 22:31:40,0x4f4b285b2e0039e3b9aa8ccc1383a505d2ce93568c3a1047f5ea556e2e5392c6,btc-updown-15m-1777577400
"Ethereum Up or Down - April 30, 3:30PM-3:35PM ET",Up,BUY,1.282346,0.8499999220179265,0x7537d56473d8ccac92b520cbc4df3041618c7d8d15a4742a39ba5721cb46b81c,2026-04-30 22:31:40,0xb86e04ed6278a5e715d01eab0a40ac8cabdccf88d180d39960a320334d132f48,eth-updown-5m-1777577400
"Ethereum Up or Down - April 30, 3:30PM-3:35PM ET",Up,BUY,1.282346,0.8499999220179265,0x7537d56473d8ccac92b520cbc4df3041618c7d8d15a4742a39ba5721cb46b81c,2026-04-30 22:31:40,0x71ba7786e02748a2b7777a0192892b7bc65732046f3d2342c8eff1c7a8c62f5f,eth-updown-5m-1777577400
"Bitcoin Up or Down - April 30, 3:30PM-3:35PM ET",Down,BUY,2.763156,0.37999989866659717,0xadcb2c9885429f1e584798fb7e1f7ccb907f949a88cec6ad14538ab2b3ebe429,2026-04-30 22:31:32,0xfa4496ad61eb6e77d8fd7ef6dc55977f354731d06ed9d8f1c8b97d1c34d73200,btc-updown-5m-1777577400
"Bitcoin Up or Down - April 30, 3:30PM-3:35PM ET",Down,BUY,2.837836,0.3699998872380222,0xadcb2c9885429f1e584798fb7e1f7ccb907f949a88cec6ad14538ab2b3ebe429,2026-04-30 22:31:06,0xa164b87600a00823ecc3503c56a8356a7f6ad7963fa543a9c024d2bce2805c27,btc-updown-5m-1777577400
"Bitcoin Up or Down - April 30, 3:30PM-3:35PM ET",Down,BUY,3.28125,0.32,0xadcb2c9885429f1e584798fb7e1f7ccb907f949a88cec6ad14538ab2b3ebe429,2026-04-30 22:31:00,0x69df3af2b7aa2715d88197a2b206c87dd7237748620c131728eb3a4a707ab26d,btc-updown-5m-1777577400
"Bitcoin Up or Down - April 30, 3:30PM-3:35PM ET",Down,BUY,3.28125,0.32,0xadcb2c9885429f1e584798fb7e1f7ccb907f949a88cec6ad14538ab2b3ebe429,2026-04-30 22:31:00,0x1d24b77ba77db0df925fbeedc5aee48bef5f487790e953703f41a4b8d06041a1,btc-updown-5m-1777577400
"Bitcoin Up or Down - April 30, 3:30PM-3:45PM ET",Down,BUY,2.304346,0.4599999305659827,0x2f1f5a084790184b9f44d4e78ff4c3b9217b16da31e9740be1e3229bb820392c,2026-04-30 22:31:00,0xc8d1dcaef87ffcd93dc6db361a8b2e7424bff099362d7106bf29587b3caac501,btc-updown-15m-1777577400
"Bitcoin Up or Down - April 30, 3:30PM-3:35PM ET",Up,BUY,1.44,0.75,0xadcb2c9885429f1e584798fb7e1f7ccb907f949a88cec6ad14538ab2b3ebe429,2026-04-30 22:30:50,0xf2d779d71da8bd48c2d64208d7139620fcf8cf4aad89dc4a52fe19ec1762ce12,btc-updown-5m-1777577400
"Bitcoin Up or Down - April 30, 3:30PM-3:35PM ET",Down,BUY,3.586205,0.2899998745191644,0xadcb2c9885429f1e584798fb7e1f7ccb907f949a88cec6ad14538ab2b3ebe429,2026-04-30 22:30:44,0xa5526185e0ca05c9136b9fdc1b3ceb5de825662a7a4f94dba9e83aef38333018,btc-updown-5m-1777577400
"Bitcoin Up or Down - April 30, 3:30PM-3:35PM ET",Up,BUY,1.44,0.75,0xadcb2c9885429f1e584798fb7e1f7ccb907f949a88cec6ad14538ab2b3ebe429,2026-04-30 22:30:36,0x33459ded24d4fa7f48aa821c32e3dc0c7c7e0ae4cd84f6761267688d1662e15e,btc-updown-5m-1777577400
"Bitcoin Up or Down - April 30, 3:30PM-3:35PM ET",Up,BUY,1.44,0.75,0xadcb2c9885429f1e584798fb7e1f7ccb907f949a88cec6ad14538ab2b3ebe429,2026-04-30 22:30:36,0x1707dd9c317ff6a28f80dcb5e5116dc1cf15f79752529d11356ce547addccbda,btc-updown-5m-1777577400
"Bitcoin Up or Down - April 30, 3:30PM-3:35PM ET",Up,BUY,1.44,0.75,0xadcb2c9885429f1e584798fb7e1f7ccb907f949a88cec6ad14538ab2b3ebe429,2026-04-30 22:30:36,0x4ed92e7159a54c3dca66840dffdba57ba01d24172615fb58250e92e7a5f8bf7b,btc-updown-5m-1777577400
"Bitcoin Up or Down - April 30, 3:30PM-3:45PM ET",Up,BUY,1.927271,0.5499999740565805,0x2f1f5a084790184b9f44d4e78ff4c3b9217b16da31e9740be1e3229bb820392c,2026-04-30 22:30:36,0xb1e74517defb2ee0161b15c8d7a23f5f4770d91453847a9d030dcdd5ffc7c346,btc-updown-15m-1777577400
"Bitcoin Up or Down - April 30, 3:30PM-3:45PM ET",Up,BUY,2.07843,0.509999855660282,0x2f1f5a084790184b9f44d4e78ff4c3b9217b16da31e9740be1e3229bb820392c,2026-04-30 22:30:34,0x5bbc3548a8e159116006bc5e71f9c5cbade002e015491eac20022e51e6a11cb6,btc-updown-15m-1777577400
"Bitcoin Up or Down - April 30, 3:30PM-3:45PM ET",Up,BUY,2.07843,0.509999855660282,0x2f1f5a084790184b9f44d4e78ff4c3b9217b16da31e9740be1e3229bb820392c,2026-04-30 22:30:34,0x537729b094f7104a82192c762536f4bbe8d88a5224fa125b00fc27eac30bd6ef,btc-updown-15m-1777577400
"Bitcoin Up or Down - April 30, 3:30PM-3:35PM ET",Down,BUY,2.465115,0.42999981745273547,0xadcb2c9885429f1e584798fb7e1f7ccb907f949a88cec6ad14538ab2b3ebe429,2026-04-30 22:30:32,0xc24e558730fffba3f0f5320c8b3535bf952f093b5537e700fd33f762ed78e035,btc-updown-5m-1777577400
"Bitcoin Up or Down - April 30, 3:30PM-3:45PM ET",Up,BUY,2.409089,0.439999933584853,0x2f1f5a084790184b9f44d4e78ff4c3b9217b16da31e9740be1e3229bb820392c,2026-04-30 22:30:30,0xc15f7a50d34b8bc055159b8d3413b37701ccf9547758424cb4f8b4e6b75ddcef,btc-updown-15m-1777577400
"Bitcoin Up or Down - April 30, 3:30PM-3:35PM ET",Up,BUY,2.12,0.5,0xadcb2c9885429f1e584798fb7e1f7ccb907f949a88cec6ad14538ab2b3ebe429,2026-04-30 22:30:30,0xbd0df6f06f6bd159066c0dcccac83cfd924eefe514c39382518a53e589cb54d0,btc-updown-5m-1777577400
"Bitcoin Up or Down - April 30, 3:30PM-3:45PM ET",Up,BUY,2.255318,0.4699997960376319,0x2f1f5a084790184b9f44d4e78ff4c3b9217b16da31e9740be1e3229bb820392c,2026-04-30 22:30:22,0x4b39851c2fbebf46c910211b64d7018c449371f69a1e135203110e07bf6529c9,btc-updown-15m-1777577400
"Bitcoin Up or Down - April 30, 3:30PM-3:35PM ET",Up,BUY,2.12,0.5,0xadcb2c9885429f1e584798fb7e1f7ccb907f949a88cec6ad14538ab2b3ebe429,2026-04-30 22:30:22,0x8793f7dbe329e88cc666d14248220fc16c8d88b9384677ff2345ef8d07c7ff3f,btc-updown-5m-1777577400
"Bitcoin Up or Down - April 30, 3:30PM-3:45PM ET",Up,BUY,2.409089,0.439999933584853,0x2f1f5a084790184b9f44d4e78ff4c3b9217b16da31e9740be1e3229bb820392c,2026-04-30 22:30:22,0xd12c1b1852ac530b741a09f4abf4932a32a3c8de5773d8a1480d02122ff6b79d,btc-updown-15m-1777577400
"Bitcoin Up or Down - April 30, 3:30PM-3:35PM ET",Up,BUY,2.12,0.5,0xadcb2c9885429f1e584798fb7e1f7ccb907f949a88cec6ad14538ab2b3ebe429,2026-04-30 22:30:22,0xeb6b4f7d131c76f876558ec4ca31ceece596c151ecd73ca55b93a39867b5852f,btc-updown-5m-1777577400
"Bitcoin Up or Down - April 30, 3:30PM-3:45PM ET",Up,BUY,2.304346,0.4599999305659827,0x2f1f5a084790184b9f44d4e78ff4c3b9217b16da31e9740be1e3229bb820392c,2026-04-30 22:30:22,0xadbef86f204feef3ea25b312a50cb152235f85a857a88983bf8db5cd3aed5713,btc-updown-15m-1777577400
"Bitcoin Up or Down - April 30, 3:30PM-3:35PM ET",Up,BUY,1.892856,0.5599998098112059,0xadcb2c9885429f1e584798fb7e1f7ccb907f949a88cec6ad14538ab2b3ebe429,2026-04-30 22:30:20,0x8f85a5e1398b8703b3c382939c490fea635e4e1329ad774462cdf43877a51edf,btc-updown-5m-1777577400
"Bitcoin Up or Down - April 30, 3:30PM-3:45PM ET",Up,BUY,2.304346,0.4599999305659827,0x2f1f5a084790184b9f44d4e78ff4c3b9217b16da31e9740be1e3229bb820392c,2026-04-30 22:30:20,0x1d54fe256bf8955d27915c8440ea7c499d4664b80f8b4ae784a92b018c9c1e71,btc-updown-15m-1777577400
"Bitcoin Up or Down - April 30, 3:30PM-3:35PM ET",Up,BUY,2.03846,0.5199999018867184,0xadcb2c9885429f1e584798fb7e1f7ccb907f949a88cec6ad14538ab2b3ebe429,2026-04-30 22:30:18,0x0fb832386d514f9e400a720d7c7c5597d741ae4f564fb1be99d97d8930c84358,btc-updown-5m-1777577400
"Bitcoin Up or Down - April 30, 3:30PM-3:35PM ET",Down,BUY,1.927271,0.5499999740565805,0xadcb2c9885429f1e584798fb7e1f7ccb907f949a88cec6ad14538ab2b3ebe429,2026-04-30 22:30:18,0x9cdd39e3198689ff15d8922b98abb70c055ae7516521b8a29dfd5ebaded153ef,btc-updown-5m-1777577400
"Ethereum Up or Down - April 30, 3:25PM-3:30PM ET",Down,BUY,1.101,0.99,0xbfb5fe8bc1b557b644756bced3fc718d9d040f19ab9ef34e619a5a3a3b99a8cb,2026-04-30 22:29:46,0x6c617d7454ea1d42919c621d982169ebcb7141276f922b0a053837ae88ffb462,eth-updown-5m-1777577100
"Ethereum Up or Down - April 30, 3:25PM-3:30PM ET",Down,BUY,1.42105,0.76,0xbfb5fe8bc1b557b644756bced3fc718d9d040f19ab9ef34e619a5a3a3b99a8cb,2026-04-30 22:27:00,0x558b88aa9e61dde3172cf2902403538c41cd73b9a2a9a3f0c86e6e73c8038f38,eth-updown-5m-1777577100
"Bitcoin Up or Down - April 30, 3:25PM-3:30PM ET",Down,BUY,1.44,0.75,0x2c0567beb0bd8605203bd8cf1bf528402e0e93d4da2cd2ca2c3b54c6b6ca77be,2026-04-30 22:26:12,0xa512de0d233353debd9591253675d67108172724ba6f8091b7ba0799c33d0a30,btc-updown-5m-1777577100
"Bitcoin Up or Down - April 30, 3:25PM-3:30PM ET",Down,BUY,1.44,0.75,0x2c0567beb0bd8605203bd8cf1bf528402e0e93d4da2cd2ca2c3b54c6b6ca77be,2026-04-30 22:26:12,0x2e50643fb7c5d93236f237442ecd33ea81617be8350153820a1c3d3a97a39d0f,btc-updown-5m-1777577100
"Bitcoin Up or Down - April 30, 3:25PM-3:30PM ET",Down,BUY,1.52857,0.7,0x2c0567beb0bd8605203bd8cf1bf528402e0e93d4da2cd2ca2c3b54c6b6ca77be,2026-04-30 22:26:10,0x03a0ba413dda26c24b88f97f9564dcf6f81e5ebbe52e16627e08d0d190f138b7,btc-updown-5m-1777577100
"Bitcoin Up or Down - April 30, 3:25PM-3:30PM ET",Down,BUY,1.754097,0.609999903084037,0x2c0567beb0bd8605203bd8cf1bf528402e0e93d4da2cd2ca2c3b54c6b6ca77be,2026-04-30 22:26:00,0x11ffba967ab4a8edb2c570ba4fc428659f6345eb7ef0c19cee6513e4f4e44842,btc-updown-5m-1777577100
"Bitcoin Up or Down - April 30, 3:25PM-3:30PM ET",Up,BUY,2.163264,0.4899998335848052,0x2c0567beb0bd8605203bd8cf1bf528402e0e93d4da2cd2ca2c3b54c6b6ca77be,2026-04-30 22:25:44,0x8b168d20c759301a24b7af6aaba39c807ca00f165bfc6839db5cde556e568b00,btc-updown-5m-1777577100
"Bitcoin Up or Down - April 30, 3:25PM-3:30PM ET",Down,BUY,2.018865,0.5299997771024808,0x2c0567beb0bd8605203bd8cf1bf528402e0e93d4da2cd2ca2c3b54c6b6ca77be,2026-04-30 22:25:44,0x28082da231910fb1371ec7bbea669ecfac6a398ae964758567d69f3c0dcb3403,btc-updown-5m-1777577100
"Bitcoin Up or Down - April 30, 3:25PM-3:30PM ET",Down,BUY,1.945453,0.5499999228971351,0x2c0567beb0bd8605203bd8cf1bf528402e0e93d4da2cd2ca2c3b54c6b6ca77be,2026-04-30 22:25:42,0xc35d5604c699f85d3b8b9f643347d1c1ac788ab9900f0c9ae7743c6eb5f49d10,btc-updown-5m-1777577100
"Bitcoin Up or Down - April 30, 3:25PM-3:30PM ET",Down,BUY,1.945453,0.5499999228971351,0x2c0567beb0bd8605203bd8cf1bf528402e0e93d4da2cd2ca2c3b54c6b6ca77be,2026-04-30 22:25:42,0xbb9fbda10d7218ea04ec42f5bbd8c346ed302de1f431bda776f83fac4880d2d2,btc-updown-5m-1777577100
"Bitcoin Up or Down - April 30, 3:25PM-3:30PM ET",Up,BUY,2.208332,0.47999983698103366,0x2c0567beb0bd8605203bd8cf1bf528402e0e93d4da2cd2ca2c3b54c6b6ca77be,2026-04-30 22:25:42,0xd08d4ea1ccf2cf5cff9bf248b996ebe2a48da9e2aa46aac30e29ca839f291bcd,btc-updown-5m-1777577100
"Bitcoin Up or Down - April 30, 3:25PM-3:30PM ET",Down,BUY,2.057691,0.5199998444858824,0x2c0567beb0bd8605203bd8cf1bf528402e0e93d4da2cd2ca2c3b54c6b6ca77be,2026-04-30 22:25:42,0x2ea9276f5970b5ab11ab44dcae40ee8c366599d304b241afaa15092f8b8c0198,btc-updown-5m-1777577100
"Bitcoin Up or Down - April 30, 3:25PM-3:30PM ET",Down,BUY,1.945453,0.5499999228971351,0x2c0567beb0bd8605203bd8cf1bf528402e0e93d4da2cd2ca2c3b54c6b6ca77be,2026-04-30 22:25:42,0x745086d2d2dc2ed5e823a10deb072cea9c118ace90eb787246e2773f42113f6b,btc-updown-5m-1777577100
"Bitcoin Up or Down - April 30, 3:25PM-3:30PM ET",Down,BUY,2.018865,0.5299997771024808,0x2c0567beb0bd8605203bd8cf1bf528402e0e93d4da2cd2ca2c3b54c6b6ca77be,2026-04-30 22:25:42,0x2317f242181b9dfd9624465146942019ea9865ec56bcde99cad5af2478dd076d,btc-updown-5m-1777577100
"Bitcoin Up or Down - April 30, 3:25PM-3:30PM ET",Down,BUY,1.859648,0.5699998064149775,0x2c0567beb0bd8605203bd8cf1bf528402e0e93d4da2cd2ca2c3b54c6b6ca77be,2026-04-30 22:25:40,0x40336a782f984428eb41a88c01931dd09cae9f029f0a20669f4b05fa3edd3b9b,btc-updown-5m-1777577100
"Bitcoin Up or Down - April 30, 3:25PM-3:30PM ET",Down,BUY,1.945453,0.5499999228971351,0x2c0567beb0bd8605203bd8cf1bf528402e0e93d4da2cd2ca2c3b54c6b6ca77be,2026-04-30 22:25:40,0x30564441a47e0bc6b5dc8c0dd03c0aaf8db8d09403d3f86762109cb20a915f05,btc-updown-5m-1777577100
"Bitcoin Up or Down - April 30, 3:25PM-3:30PM ET",Down,BUY,1.927271,0.5499999740565805,0x2c0567beb0bd8605203bd8cf1bf528402e0e93d4da2cd2ca2c3b54c6b6ca77be,2026-04-30 22:25:40,0x3988b71f8c867432ed6f614f2abdc5278c40619b1e3cb7b352459172efa0ceca,btc-updown-5m-1777577100
"Bitcoin Up or Down - April 30, 3:25PM-3:30PM ET",Up,BUY,1.813558,0.5899998786915004,0x2c0567beb0bd8605203bd8cf1bf528402e0e93d4da2cd2ca2c3b54c6b6ca77be,2026-04-30 22:25:28,0x5d71b65aa5c6ff95dfeff652453e6d0349e3f54e2a1cffda8af9a3f9577557d3,btc-updown-5m-1777577100
"Bitcoin Up or Down - April 30, 3:25PM-3:30PM ET",Up,BUY,1.813558,0.5899998786915004,0x2c0567beb0bd8605203bd8cf1bf528402e0e93d4da2cd2ca2c3b54c6b6ca77be,2026-04-30 22:25:28,0x82eaab3f13bc9b0413c6118cfbe321367fc6c808cd8b0365a404fb67f8d6eab1,btc-updown-5m-1777577100
"Bitcoin Up or Down - April 30, 3:25PM-3:30PM ET",Up,BUY,2.208332,0.47999983698103366,0x2c0567beb0bd8605203bd8cf1bf528402e0e93d4da2cd2ca2c3b54c6b6ca77be,2026-04-30 22:25:24,0x205e7b40b7808fb762873568fda3effb7b0d7ea31159914dceac700d8481dbc1,btc-updown-5m-1777577100
"Ethereum Up or Down - April 30, 3:20PM-3:25PM ET",Down,BUY,1.44,0.75,0x85871c8e54207f1066ed767385c83aa2c310aedad734c51cdec0e85ef256e66c,2026-04-30 22:22:24,0x84fd20aebbae7c3f64746adb3e80e42906a36421c5cffb915d11e957bde4ae49,eth-updown-5m-1777576800
"Bitcoin Up or Down - April 30, 3:20PM-3:25PM ET",Down,BUY,1.783332,0.5999998878503834,0x864cf26ba565674c8c4b88a0e4f6a3a102343befb630241ac99d42629f1f2785,2026-04-30 22:20:46,0xe09e674d83abeb9bf3fe9f4ce2a75c135f73c226a9bcea847329e6e27f4b8c6c,btc-updown-5m-1777576800
"Bitcoin Up or Down - April 30, 3:20PM-3:25PM ET",Down,BUY,1.783332,0.5999998878503834,0x864cf26ba565674c8c4b88a0e4f6a3a102343befb630241ac99d42629f1f2785,2026-04-30 22:20:42,0xe53622ec9b16e129376402aae2074d9008578af89054dbfe354f99a17aff7c0a,btc-updown-5m-1777576800
"Bitcoin Up or Down - April 30, 3:20PM-3:25PM ET",Down,BUY,2.12,0.5,0x864cf26ba565674c8c4b88a0e4f6a3a102343befb630241ac99d42629f1f2785,2026-04-30 22:20:36,0x731b2fd80d43991840794ced0f266e8a45b82dc82d14728a39df5009eb13f9ee,btc-updown-5m-1777576800
"Bitcoin Up or Down - April 30, 3:20PM-3:25PM ET",Up,BUY,2.163264,0.4899998335848052,0x864cf26ba565674c8c4b88a0e4f6a3a102343befb630241ac99d42629f1f2785,2026-04-30 22:20:32,0x498954c87a883863dbff8d1676e8645f902c47d9c5e6b42df8a45832cd8ad7cb,btc-updown-5m-1777576800
"Bitcoin Up or Down - April 30, 3:20PM-3:25PM ET",Up,BUY,2.12,0.5,0x864cf26ba565674c8c4b88a0e4f6a3a102343befb630241ac99d42629f1f2785,2026-04-30 22:20:28,0xc45f480976b923b54fa7fc3207306170d10ce48fa5f2d7bac38459c1a1acfcba,btc-updown-5m-1777576800
"Bitcoin Up or Down - April 30, 3:20PM-3:25PM ET",Down,BUY,1.910713,0.5599998534578453,0x864cf26ba565674c8c4b88a0e4f6a3a102343befb630241ac99d42629f1f2785,2026-04-30 22:20:22,0xf3b5b17a27f85c897341482fb8f79a1dcfa6a5180e36a3a0f9fbdc24306a901d,btc-updown-5m-1777576800
"Bitcoin Up or Down - April 30, 3:20PM-3:25PM ET",Down,BUY,2.057691,0.5199998444858824,0x864cf26ba565674c8c4b88a0e4f6a3a102343befb630241ac99d42629f1f2785,2026-04-30 22:20:22,0xcd572c72861543584aaa7a5933c181ddc6fab8852711b67eb119f954cd725467,btc-updown-5m-1777576800
"Bitcoin Up or Down - April 30, 3:20PM-3:25PM ET",Down,BUY,2.03846,0.5199999018867184,0x864cf26ba565674c8c4b88a0e4f6a3a102343befb630241ac99d42629f1f2785,2026-04-30 22:20:22,0x77ee901b51409450ff8bb60c61a009a321db41b3bafbd8d18b0d107d11aa7127,btc-updown-5m-1777576800
"Bitcoin Up or Down - April 30, 3:20PM-3:25PM ET",Down,BUY,2.057691,0.5199998444858824,0x864cf26ba565674c8c4b88a0e4f6a3a102343befb630241ac99d42629f1f2785,2026-04-30 22:20:22,0xb81613f853090e674c95b33f061dfe62556cf5928a0bff3927ad2a109d43e443,btc-updown-5m-1777576800
"Bitcoin Up or Down - April 30, 3:20PM-3:25PM ET",Down,BUY,2.057691,0.5199998444858824,0x864cf26ba565674c8c4b88a0e4f6a3a102343befb630241ac99d42629f1f2785,2026-04-30 22:20:22,0x0d657f51393882ed4cc19b28d8558410f1e9d99c66df4d52948cca0a172fd2cd,btc-updown-5m-1777576800
"Bitcoin Up or Down - April 30, 3:20PM-3:25PM ET",Up,BUY,2.208332,0.47999983698103366,0x864cf26ba565674c8c4b88a0e4f6a3a102343befb630241ac99d42629f1f2785,2026-04-30 22:20:20,0xbf63a829a3a4d4d488eac0ea3630f834c0a31fad5981e6952597b4f893056d8f,btc-updown-5m-1777576800
"Ethereum Up or Down - April 30, 3:15PM-3:20PM ET",Up,BUY,102,0.01,0x7368b39921ecfc92b21afdca69ceaaf9ddf18ce7183c1076f005d6523f8ab4f2,2026-04-30 22:20:16,0x8dbbcc480323942842b4b0dcdaeee2deba7c4594ad0aa06221dfc437b9c1e433,eth-updown-5m-1777576500
"Bitcoin Up or Down - April 30, 3:20PM-3:25PM ET",Up,BUY,2.585364,0.40999990716974477,0x864cf26ba565674c8c4b88a0e4f6a3a102343befb630241ac99d42629f1f2785,2026-04-30 22:20:16,0xd7beebf2db07daba55beddb52b6a5095a4f2817a8154089ec42eb3fcbfa20c24,btc-updown-5m-1777576800
"Bitcoin Up or Down - April 30, 3:20PM-3:25PM ET",Up,BUY,2.441859,0.42999984847609957,0x864cf26ba565674c8c4b88a0e4f6a3a102343befb630241ac99d42629f1f2785,2026-04-30 22:20:16,0x914bd0f411926c0f4772aec48b4463d115c0f062db208cd259d5354f6ce3a1e3,btc-updown-5m-1777576800
"Bitcoin Up or Down - April 30, 3:20PM-3:25PM ET",Down,BUY,1.783332,0.5999998878503834,0x864cf26ba565674c8c4b88a0e4f6a3a102343befb630241ac99d42629f1f2785,2026-04-30 22:20:06,0x25b2d8b091c9d18ad2881fa3d5f24e21074ad7326ce9ce8e48342eecccab3a7f,btc-updown-5m-1777576800
"Bitcoin Up or Down - April 30, 3:20PM-3:25PM ET",Down,BUY,1.813558,0.5899998786915004,0x864cf26ba565674c8c4b88a0e4f6a3a102343befb630241ac99d42629f1f2785,2026-04-30 22:20:06,0xfe0f9ba84b3000bf78965b1ffdaf3a5d712000425ed265d00e34fa491ebc578c,btc-updown-5m-1777576800
"Bitcoin Up or Down - April 30, 3:20PM-3:25PM ET",Down,BUY,1.844826,0.5799999566354768,0x864cf26ba565674c8c4b88a0e4f6a3a102343befb630241ac99d42629f1f2785,2026-04-30 22:20:06,0xe93caa5dea7cdbc716fe5008eb32aa7084ae222d233f08baa813c94b0cc5ae36,btc-updown-5m-1777576800
"Bitcoin Up or Down - April 30, 3:20PM-3:25PM ET",Down,BUY,1.796609,0.5899998274527178,0x864cf26ba565674c8c4b88a0e4f6a3a102343befb630241ac99d42629f1f2785,2026-04-30 22:20:06,0xca03a92a706950fc81a15631a6ae6b61981e29d98855f1245301bdde60e39671,btc-updown-5m-1777576800
"Bitcoin Up or Down - April 30, 3:20PM-3:25PM ET",Down,BUY,1.844826,0.5799999566354768,0x864cf26ba565674c8c4b88a0e4f6a3a102343befb630241ac99d42629f1f2785,2026-04-30 22:20:06,0x621490a22c0bcc87ada6ce68b6507ba5710eefafa0fd1059b36e763fbe82b2c0,btc-updown-5m-1777576800
"Bitcoin Up or Down - April 30, 3:15PM-3:30PM ET",Down,BUY,1.910713,0.5599998534578453,0xed8539d4502bf847cf5c513994387504934636377c9522da2a46475bf5e56b22,2026-04-30 22:18:52,0x3867b05f1e444271a374fd240f392b851b8cfab8ae720dd2ebc2ae77f9dd3b2b,btc-updown-15m-1777576500
"Bitcoin Up or Down - April 30, 3:15PM-3:30PM ET",Down,BUY,1.910713,0.5599998534578453,0xed8539d4502bf847cf5c513994387504934636377c9522da2a46475bf5e56b22,2026-04-30 22:18:52,0xbdb6a09562ba69cafbcc040ebab363c4d5779b03d800dbae628caed38d007df2,btc-updown-15m-1777576500
"Bitcoin Up or Down - April 30, 3:15PM-3:30PM ET",Down,BUY,1.910713,0.5599998534578453,0xed8539d4502bf847cf5c513994387504934636377c9522da2a46475bf5e56b22,2026-04-30 22:18:52,0x1329141c9e635a3cf99ab06195cfc738755203afd96191524a5b93df58002ed7,btc-updown-15m-1777576500
"Bitcoin Up or Down - April 30, 3:15PM-3:30PM ET",Down,BUY,1.910713,0.5599998534578453,0xed8539d4502bf847cf5c513994387504934636377c9522da2a46475bf5e56b22,2026-04-30 22:18:26,0xd142243f4673ee302a14476777ce58a49d0116a7450313ec15a2195b70eb5322,btc-updown-15m-1777576500
"Bitcoin Up or Down - April 30, 3:15PM-3:30PM ET",Down,BUY,2.03846,0.5199999018867184,0xed8539d4502bf847cf5c513994387504934636377c9522da2a46475bf5e56b22,2026-04-30 22:18:10,0x724cd205c21185a1b31c08ce8324357d9bb7f745e7950c4eb611a685f3af22f0,btc-updown-15m-1777576500
"Bitcoin Up or Down - April 30, 3:15PM-3:30PM ET",Down,BUY,1.910713,0.5599998534578453,0xed8539d4502bf847cf5c513994387504934636377c9522da2a46475bf5e56b22,2026-04-30 22:17:42,0xe9fadce4cc011af0c904b2b59a46746db0279c374991e8637c105eff1cf0dfde,btc-updown-15m-1777576500
"Bitcoin Up or Down - April 30, 3:15PM-3:30PM ET",Down,BUY,1.910713,0.5599998534578453,0xed8539d4502bf847cf5c513994387504934636377c9522da2a46475bf5e56b22,2026-04-30 22:17:42,0x0792416a339d63953a02825d25b5dab3620fef40a8cb668fb8e300dab145555d,btc-updown-15m-1777576500
"Bitcoin Up or Down - April 30, 3:15PM-3:30PM ET",Up,BUY,2.304346,0.4599999305659827,0xed8539d4502bf847cf5c513994387504934636377c9522da2a46475bf5e56b22,2026-04-30 22:17:40,0x92e5d45cc264065cff761203392d6783d0c9200f0b3502833205e169c435a91c,btc-updown-15m-1777576500
"Bitcoin Up or Down - April 30, 3:15PM-3:30PM ET",Down,BUY,1.87719,0.5699998401866619,0xed8539d4502bf847cf5c513994387504934636377c9522da2a46475bf5e56b22,2026-04-30 22:17:40,0x2ca9ce83bc12d2b18ecb011e638c209c951ce3b51accc8342907945febe33053,btc-updown-15m-1777576500
"Bitcoin Up or Down - April 30, 3:15PM-3:30PM ET",Up,BUY,2.304346,0.4599999305659827,0xed8539d4502bf847cf5c513994387504934636377c9522da2a46475bf5e56b22,2026-04-30 22:17:38,0xa1a0137cfa37b6d37dea274f59730c6c4f35c0ac36f21e585a4a1c06c5fa38f5,btc-updown-15m-1777576500
"Bitcoin Up or Down - April 30, 3:15PM-3:30PM ET",Up,BUY,2.304346,0.4599999305659827,0xed8539d4502bf847cf5c513994387504934636377c9522da2a46475bf5e56b22,2026-04-30 22:17:38,0x4f64201bf64ddf27eaf5d31296dfff8011d2136056e50364f4de41582391b8d8,btc-updown-15m-1777576500
"Bitcoin Up or Down - April 30, 3:15PM-3:30PM ET",Up,BUY,2.304346,0.4599999305659827,0xed8539d4502bf847cf5c513994387504934636377c9522da2a46475bf5e56b22,2026-04-30 22:17:38,0x65f19412473695dff94d152d10090bbc488e5cd802736c072cb459bd86a82410,btc-updown-15m-1777576500
"Bitcoin Up or Down - April 30, 3:15PM-3:30PM ET",Down,BUY,1.783332,0.5999998878503834,0xed8539d4502bf847cf5c513994387504934636377c9522da2a46475bf5e56b22,2026-04-30 22:17:00,0x34abbb878a5c0def487d81caa03cd9214742b79d3a0bb4ca3a4201156c033d97,btc-updown-15m-1777576500
"Bitcoin Up or Down - April 30, 3:15PM-3:30PM ET",Down,BUY,1.783332,0.5999998878503834,0xed8539d4502bf847cf5c513994387504934636377c9522da2a46475bf5e56b22,2026-04-30 22:16:58,0x196ca890e8551824f87339d171540b2c3264fd4c95306346bc612bae06c859bd,btc-updown-15m-1777576500
"Bitcoin Up or Down - April 30, 3:15PM-3:30PM ET",Down,BUY,1.783332,0.5999998878503834,0xed8539d4502bf847cf5c513994387504934636377c9522da2a46475bf5e56b22,2026-04-30 22:16:58,0xdbfe6be22f632dd4231b628b3f82d2d520dbf58402a92a907b4915462916d8e2,btc-updown-15m-1777576500
"Bitcoin Up or Down - April 30, 3:15PM-3:20PM ET",Down,BUY,1.962961,0.5399995211315965,0x0b7e51b0ebd327708b1d5247f55713a50c428162f8e661f21f9b6752077cc585,2026-04-30 22:16:40,0xdcf9f875114eaa168095cbb92f1770ab06fe2f56ad5d19c09fefed6370f815cc,btc-updown-5m-1777576500
"Bitcoin Up or Down - April 30, 3:15PM-3:20PM ET",Down,BUY,1.859648,0.5699998064149775,0x0b7e51b0ebd327708b1d5247f55713a50c428162f8e661f21f9b6752077cc585,2026-04-30 22:16:32,0x3a41c021b28a186ff24ec0584d5725406cf421c73a3cfee969099953f1e638d7,btc-updown-5m-1777576500
"Bitcoin Up or Down - April 30, 3:15PM-3:20PM ET",Down,BUY,1.892856,0.5599998098112059,0x0b7e51b0ebd327708b1d5247f55713a50c428162f8e661f21f9b6752077cc585,2026-04-30 22:16:32,0x6c238ba1e6cffc92d90e9e4598ac7df38303d6a04bf5ed5177ea45b170148bf1,btc-updown-5m-1777576500
"Bitcoin Up or Down - April 30, 3:15PM-3:20PM ET",Down,BUY,1.859648,0.5699998064149775,0x0b7e51b0ebd327708b1d5247f55713a50c428162f8e661f21f9b6752077cc585,2026-04-30 22:16:30,0x2eb4d38852a1ce0c573c23a3ccb337766377d254929155db7897f8341c907d51,btc-updown-5m-1777576500
"Bitcoin Up or Down - April 30, 3:15PM-3:20PM ET",Up,BUY,2.03846,0.5199999018867184,0x0b7e51b0ebd327708b1d5247f55713a50c428162f8e661f21f9b6752077cc585,2026-04-30 22:16:24,0x4e8963e9d5c2afe173afeef98b938d92959b473d21f547b51cda95e2727ee03e,btc-updown-5m-1777576500
"Bitcoin Up or Down - April 30, 3:15PM-3:20PM ET",Up,BUY,2.03846,0.5199999018867184,0x0b7e51b0ebd327708b1d5247f55713a50c428162f8e661f21f9b6752077cc585,2026-04-30 22:16:24,0x12a13563e013557b46e1e38ebd044170bc4d89259c0d7a7591f0b2acd6fcced2,btc-updown-5m-1777576500
"Bitcoin Up or Down - April 30, 3:15PM-3:20PM ET",Up,BUY,2.304346,0.4599999305659827,0x0b7e51b0ebd327708b1d5247f55713a50c428162f8e661f21f9b6752077cc585,2026-04-30 22:16:14,0xc48439c7aeefdb040fd916809e8a1499b0039077321348eeaba68317194342d8,btc-updown-5m-1777576500
"Bitcoin Up or Down - April 30, 3:15PM-3:20PM ET",Up,BUY,2.304346,0.4599999305659827,0x0b7e51b0ebd327708b1d5247f55713a50c428162f8e661f21f9b6752077cc585,2026-04-30 22:16:14,0x7e28505e7d5a305c0deda3bdd33e20e8df2084bdc23f2ddd2042b81433979c0c,btc-updown-5m-1777576500
"Bitcoin Up or Down - April 30, 3:15PM-3:30PM ET",Up,BUY,2.355554,0.4499998726414253,0xed8539d4502bf847cf5c513994387504934636377c9522da2a46475bf5e56b22,2026-04-30 22:16:14,0x1981ec60209c03d89e8b79e4155201f91634a86f6ff8e09e6061866640b286d7,btc-updown-15m-1777576500
"Bitcoin Up or Down - April 30, 3:15PM-3:20PM ET",Up,BUY,2.333332,0.4499998285713306,0x0b7e51b0ebd327708b1d5247f55713a50c428162f8e661f21f9b6752077cc585,2026-04-30 22:16:02,0x45e1d46196b8ad22692027bc041e7ae6978af69dc167f442c50e04fff6d7dcfa,btc-updown-5m-1777576500
"Bitcoin Up or Down - April 30, 3:15PM-3:20PM ET",Up,BUY,2.560974,0.4099998672380118,0x0b7e51b0ebd327708b1d5247f55713a50c428162f8e661f21f9b6752077cc585,2026-04-30 22:15:50,0xf9235b69d7a7bfd33d63e3a97573f7e049f9c1599b5b1aabceb2d90a7fed9584,btc-updown-5m-1777576500
"Bitcoin Up or Down - April 30, 3:15PM-3:20PM ET",Down,BUY,1.813558,0.5899998786915004,0x0b7e51b0ebd327708b1d5247f55713a50c428162f8e661f21f9b6752077cc585,2026-04-30 22:15:40,0x649935fdfe8660f4e56726b924c6f694cf016425d0b5a7048b55cc903c39449b,btc-updown-5m-1777576500
"Bitcoin Up or Down - April 30, 3:15PM-3:20PM ET",Down,BUY,1.813558,0.5899998786915004,0x0b7e51b0ebd327708b1d5247f55713a50c428162f8e661f21f9b6752077cc585,2026-04-30 22:15:40,0x60bf23ea26a4f4c977dda0dd929282b8e5cd28f754fa40fbdff47f69a4463ba4,btc-updown-5m-1777576500
"Bitcoin Up or Down - April 30, 3:15PM-3:20PM ET",Up,BUY,2.560974,0.4099998672380118,0x0b7e51b0ebd327708b1d5247f55713a50c428162f8e661f21f9b6752077cc585,2026-04-30 22:15:30,0x81d480ce9c9c10ca053a007d91b0ae8cf4fa619ea7bc853c9ff94468c9d49c9b,btc-updown-5m-1777576500
"Bitcoin Up or Down - April 30, 3:15PM-3:30PM ET",Up,BUY,2.5,0.42,0xed8539d4502bf847cf5c513994387504934636377c9522da2a46475bf5e56b22,2026-04-30 22:15:28,0x2ee633e5807d29c8f5574e5cb6484df0bc7ce717de2080688669b5ab76e36aa1,btc-updown-15m-1777576500
"Bitcoin Up or Down - April 30, 3:15PM-3:20PM ET",Down,BUY,1.646151,0.6499999088783471,0x0b7e51b0ebd327708b1d5247f55713a50c428162f8e661f21f9b6752077cc585,2026-04-30 22:15:28,0x7357e8fcf09b2c774cffc628e071ab09622a10f13c467c83ab125a19481d421e,btc-updown-5m-1777576500
"Bitcoin Up or Down - April 30, 3:15PM-3:20PM ET",Down,BUY,1.646151,0.6499999088783471,0x0b7e51b0ebd327708b1d5247f55713a50c428162f8e661f21f9b6752077cc585,2026-04-30 22:15:28,0x05715b9bc76ceb2dbe85c562187ea905874c25ba69d9057f5d09b7fad1d1ec12,btc-updown-5m-1777576500
"Bitcoin Up or Down - April 30, 3:15PM-3:30PM ET",Down,BUY,1.813558,0.5899998786915004,0xed8539d4502bf847cf5c513994387504934636377c9522da2a46475bf5e56b22,2026-04-30 22:15:26,0xb8e174de4d628071a19de3e5e7bb6ad5fa7249e94a3b969f416b733449d65dd2,btc-updown-15m-1777576500
"Bitcoin Up or Down - April 30, 3:15PM-3:20PM ET",Down,BUY,1.725805,0.619999942056026,0x0b7e51b0ebd327708b1d5247f55713a50c428162f8e661f21f9b6752077cc585,2026-04-30 22:15:26,0xd4d5ed87cf478ca0ea34f31be773e44052e7a65ff1feadcb972910da4952630d,btc-updown-5m-1777576500
"Bitcoin Up or Down - April 30, 3:15PM-3:20PM ET",Down,BUY,1.725805,0.619999942056026,0x0b7e51b0ebd327708b1d5247f55713a50c428162f8e661f21f9b6752077cc585,2026-04-30 22:15:24,0x0f56982f7d585beb18459426f7a34a1a33612853c7d2284dafb3df768c39e5ca,btc-updown-5m-1777576500
"Bitcoin Up or Down - April 30, 3:15PM-3:20PM ET",Down,BUY,1.927271,0.5499999740565805,0x0b7e51b0ebd327708b1d5247f55713a50c428162f8e661f21f9b6752077cc585,2026-04-30 22:15:10,0x3548a98dcb8e64a7a08f61a1958f422476bea54f09c5046ca881c764015cc1ce,btc-updown-5m-1777576500
"Bitcoin Up or Down - April 30, 3:10PM-3:15PM ET",Up,BUY,18,0.1688888888888889,0xf29aad0160ebe183c518117cfb20f76f2239e2496f1847a123842873aca3fb44,2026-04-30 22:15:04,0x0628d9cc36b91f2d5d0c86478832658240231dbd4ec535b6f01cbeff2cf2b59f,btc-updown-5m-1777576200
"Bitcoin Up or Down - April 30, 3:10PM-3:15PM ET",Up,BUY,1.703125,0.64,0xf29aad0160ebe183c518117cfb20f76f2239e2496f1847a123842873aca3fb44,2026-04-30 22:15:02,0x3f6c2d559dec00f6ecd9a435a260bfb2596341babf68e40593a351922eb78e55,btc-updown-5m-1777576200
"Ethereum Up or Down - April 30, 3:10PM-3:15PM ET",Up,BUY,1.184775,0.92,0x5c88ab6e0866a5af2597508e95853662cff5aa8bf03697e1b7737f2b7eb76124,2026-04-30 22:13:02,0x03d8a698a7959522734aa7da27ef8aa21553c065eb9b2530e0c3fcba8d5667ad,eth-updown-5m-1777576200
"Ethereum Up or Down - April 30, 3:10PM-3:15PM ET",Up,BUY,1.184775,0.92,0x5c88ab6e0866a5af2597508e95853662cff5aa8bf03697e1b7737f2b7eb76124,2026-04-30 22:13:00,0x07ff56437ba23ed686dbdb802542431696de5338037ab9635bd8f0d5582ed45f,eth-updown-5m-1777576200
"Bitcoin Up or Down - April 30, 3:10PM-3:15PM ET",Up,BUY,1.21111,0.9,0xf29aad0160ebe183c518117cfb20f76f2239e2496f1847a123842873aca3fb44,2026-04-30 22:13:00,0xce084fffea257df1db95945b4d6639e90d997d60fa86680723e306ac04dda2e6,btc-updown-5m-1777576200
"Bitcoin Up or Down - April 30, 3:10PM-3:15PM ET",Up,BUY,1.313252,0.8299998781650437,0xf29aad0160ebe183c518117cfb20f76f2239e2496f1847a123842873aca3fb44,2026-04-30 22:12:26,0x4cde4b08cce32952f3837f082e1f48de26853f402022c354443d8a5fe596bfa2,btc-updown-5m-1777576200
"Bitcoin Up or Down - April 30, 3:10PM-3:15PM ET",Up,BUY,1.313252,0.8299998781650437,0xf29aad0160ebe183c518117cfb20f76f2239e2496f1847a123842873aca3fb44,2026-04-30 22:12:26,0x746d9609c73a23884f6dc92fdec804318f2cab02ee5a2a66324756f472b872c0,btc-updown-5m-1777576200
"Bitcoin Up or Down - April 30, 3:10PM-3:15PM ET",Up,BUY,1.317072,0.8199999696296026,0xf29aad0160ebe183c518117cfb20f76f2239e2496f1847a123842873aca3fb44,2026-04-30 22:12:24,0x1a5913e1c0fe1c8d43aa0f7a15857eb026c706c6fd26d25b8f063c0cc7255ce2,btc-updown-5m-1777576200
"Ethereum Up or Down - April 30, 3:10PM-3:15PM ET",Up,BUY,1.297618,0.8399999075228611,0x5c88ab6e0866a5af2597508e95853662cff5aa8bf03697e1b7737f2b7eb76124,2026-04-30 22:12:24,0xc4372b36c56b5798129700333aba184a687916b3fb06c402f68e30c148bd3fee,eth-updown-5m-1777576200
"Bitcoin Up or Down - April 30, 3:10PM-3:15PM ET",Up,BUY,1.329266,0.8199999097246149,0xf29aad0160ebe183c518117cfb20f76f2239e2496f1847a123842873aca3fb44,2026-04-30 22:12:24,0x64334d013ee6b60ec98587bc79c3c6c3bc3860b976377a7d9a0df2fc28489b63,btc-updown-5m-1777576200
"Ethereum Up or Down - April 30, 3:10PM-3:15PM ET",Up,BUY,1.282346,0.8499999220179265,0x5c88ab6e0866a5af2597508e95853662cff5aa8bf03697e1b7737f2b7eb76124,2026-04-30 22:12:24,0x0734a23756f5230654561d9e582014cacb4275abfd76aa884ed4cbd710f33112,eth-updown-5m-1777576200
"Bitcoin Up or Down - April 30, 3:10PM-3:15PM ET",Up,BUY,1.329266,0.8199999097246149,0xf29aad0160ebe183c518117cfb20f76f2239e2496f1847a123842873aca3fb44,2026-04-30 22:12:24,0x42ffb7843558c30443ab06a75366f8021b4874a75e79c63d9e4c8e67188ebd73,btc-updown-5m-1777576200
"Bitcoin Up or Down - April 30, 3:10PM-3:15PM ET",Down,BUY,5.473683,0.18999985932689198,0xf29aad0160ebe183c518117cfb20f76f2239e2496f1847a123842873aca3fb44,2026-04-30 22:12:22,0x1899d1398cb4c73ba5b1a72effef5cab1e9eb236be0598c96fcb164125972ed4,btc-updown-5m-1777576200
"Bitcoin Up or Down - April 30, 3:10PM-3:15PM ET",Down,BUY,5.722221,0.17999986368929127,0xf29aad0160ebe183c518117cfb20f76f2239e2496f1847a123842873aca3fb44,2026-04-30 22:12:16,0xbad96af5c97e69658fc7f399444b19df1b8c0271f7e239ca1873430cea7cb197,btc-updown-5m-1777576200
"Ethereum Up or Down - April 30, 3:10PM-3:15PM ET",Up,BUY,1.159566,0.9399999655043353,0x5c88ab6e0866a5af2597508e95853662cff5aa8bf03697e1b7737f2b7eb76124,2026-04-30 22:11:40,0x4befa6a2a7e33d6683e18363ffb7a36f881e3e2a83369485f5a3c44a1d3f5800,eth-updown-5m-1777576200
"Ethereum Up or Down - April 30, 3:10PM-3:15PM ET",Up,BUY,1.159566,0.9399999655043353,0x5c88ab6e0866a5af2597508e95853662cff5aa8bf03697e1b7737f2b7eb76124,2026-04-30 22:11:40,0x7236f837d54d0a92a17becc1e882e139b0d6b9cca366d3e6abaec2d2e6adba79,eth-updown-5m-1777576200
"Ethereum Up or Down - April 30, 3:10PM-3:15PM ET",Up,BUY,1.159566,0.9399999655043353,0x5c88ab6e0866a5af2597508e95853662cff5aa8bf03697e1b7737f2b7eb76124,2026-04-30 22:11:30,0x2b70ad771c9e877af0bd1e7dce019b4b81567f4dc025045c9ab14e38bc0ab9c5,eth-updown-5m-1777576200
"Ethereum Up or Down - April 30, 3:10PM-3:15PM ET",Up,BUY,1.184775,0.92,0x5c88ab6e0866a5af2597508e95853662cff5aa8bf03697e1b7737f2b7eb76124,2026-04-30 22:11:30,0x7cf75867b2be68c9aa0963a28b7d193dc0afa562e1d6035923513094dc5151aa,eth-updown-5m-1777576200
"Ethereum Up or Down - April 30, 3:10PM-3:15PM ET",Up,BUY,1.159566,0.9399999655043353,0x5c88ab6e0866a5af2597508e95853662cff5aa8bf03697e1b7737f2b7eb76124,2026-04-30 22:11:30,0xea23f21cc4f5516b10d69421c8e510dcc0130f54004562e8a107bc0921ea7bad,eth-updown-5m-1777576200
"Bitcoin Up or Down - April 30, 3:10PM-3:15PM ET",Up,BUY,1.238633,0.8799999677063344,0xf29aad0160ebe183c518117cfb20f76f2239e2496f1847a123842873aca3fb44,2026-04-30 22:11:30,0x922d422d269f08968ae1621ba4975789a09e79ce7259f9f41be5801441d96128,btc-updown-5m-1777576200
"Ethereum Up or Down - April 30, 3:10PM-3:15PM ET",Up,BUY,1.159566,0.9399999655043353,0x5c88ab6e0866a5af2597508e95853662cff5aa8bf03697e1b7737f2b7eb76124,2026-04-30 22:11:30,0x869a7f027bf03fd0e0388fdb54013e2d0ee66ce268497381af4a3c10baaa62f1,eth-updown-5m-1777576200
"Ethereum Up or Down - April 30, 3:10PM-3:15PM ET",Up,BUY,1.238633,0.8799999677063344,0x5c88ab6e0866a5af2597508e95853662cff5aa8bf03697e1b7737f2b7eb76124,2026-04-30 22:11:28,0xb4a800c17573644986bcf5b4f7b280884d62202fa3492f8f3b6f19a667f76323,eth-updown-5m-1777576200
"Ethereum Up or Down - April 30, 3:10PM-3:15PM ET",Up,BUY,1.238633,0.8799999677063344,0x5c88ab6e0866a5af2597508e95853662cff5aa8bf03697e1b7737f2b7eb76124,2026-04-30 22:11:28,0x9fe382dda0dd84e42e3846f860637fc92777574d0bf62ec86da9f030a56b5746,eth-updown-5m-1777576200
"Ethereum Up or Down - April 30, 3:10PM-3:15PM ET",Up,BUY,1.238633,0.8799999677063344,0x5c88ab6e0866a5af2597508e95853662cff5aa8bf03697e1b7737f2b7eb76124,2026-04-30 22:11:28,0x81a0e6b1503eb4ccfe5d9cb16cb131ce7b50c79b487fbc379e5457381c10d08a,eth-updown-5m-1777576200
"Bitcoin Up or Down - April 30, 3:10PM-3:15PM ET",Up,BUY,1.292346,0.843422736635545,0xf29aad0160ebe183c518117cfb20f76f2239e2496f1847a123842873aca3fb44,2026-04-30 22:11:28,0x60e52d33a80bc443e32333a67d475cd27448082748336a562f3a7b7c051e7a55,btc-updown-5m-1777576200
"Bitcoin Up or Down - April 30, 3:10PM-3:15PM ET",Up,BUY,1.459457,0.7399998766664588,0xf29aad0160ebe183c518117cfb20f76f2239e2496f1847a123842873aca3fb44,2026-04-30 22:11:10,0x3d9263c3a55febd0fea06063d4107327c9ac94fa0122e603a475ebe22ae3f467,btc-updown-5m-1777576200
"Bitcoin Up or Down - April 30, 3:10PM-3:15PM ET",Up,BUY,1.725805,0.619999942056026,0xf29aad0160ebe183c518117cfb20f76f2239e2496f1847a123842873aca3fb44,2026-04-30 22:10:50,0x8dfa78419489ca53953c1d45a14b1afb323fb4e2c2b9ec7470f986bd22bd8fff,btc-updown-5m-1777576200
"Ethereum Up or Down - April 30, 3:05PM-3:10PM ET",Up,BUY,1.101,0.99,0xfc149c7b103f40db03d9d91d6bd5427f00d4472f81aff811ed8ca0e73bbbbb2c,2026-04-30 22:09:08,0x2f6986ecfcfc985c18aae5d9f6be63c6fcf235ac0eae5850d046ea91bfa41760,eth-updown-5m-1777575900
"Bitcoin Up or Down - April 30, 3:05PM-3:10PM ET",Up,BUY,1.135415,0.9599996477059048,0xa90cdc5faa57e8f9480c76897f61d3ed3be36b34c5832571326e08b56d4462b6,2026-04-30 22:08:24,0xd74b0135c33812a7c96ce3c83d6befc1eaf381aa409253b40a5a761c70c14ebd,btc-updown-5m-1777575900
"Ethereum Up or Down - April 30, 3:05PM-3:10PM ET",Up,BUY,1.14736,0.95,0xfc149c7b103f40db03d9d91d6bd5427f00d4472f81aff811ed8ca0e73bbbbb2c,2026-04-30 22:07:58,0xe2a26c59ec4da3f76305db8bb720f826ad7b050f022b5c365e3b0f71d5e61768,eth-updown-5m-1777575900
"Bitcoin Up or Down - April 30, 3:05PM-3:10PM ET",Up,BUY,1.224718,0.8899999836697101,0xa90cdc5faa57e8f9480c76897f61d3ed3be36b34c5832571326e08b56d4462b6,2026-04-30 22:07:58,0xb84184cece444956bfdb9084f52ff4c69cc685165d8c2ba6fd831d675765b706,btc-updown-5m-1777575900
"Bitcoin Up or Down - April 30, 3:05PM-3:10PM ET",Down,BUY,6.866665,0.14999989077667253,0xa90cdc5faa57e8f9480c76897f61d3ed3be36b34c5832571326e08b56d4462b6,2026-04-30 22:07:56,0x8705e783161de2ab78bc50703d65bf897ce91658b7cc9740c2a54907919e4ac4,btc-updown-5m-1777575900
"Ethereum Up or Down - April 30, 3:05PM-3:10PM ET",Up,BUY,1.147367,0.9499994334855368,0xfc149c7b103f40db03d9d91d6bd5427f00d4472f81aff811ed8ca0e73bbbbb2c,2026-04-30 22:07:42,0xe36800ea2c9b33ccaf0913f7d48bd4125932b7d014ade0d68ce500b04c098eea,eth-updown-5m-1777575900
"Bitcoin Up or Down - April 30, 3:05PM-3:10PM ET",Down,BUY,7.923075,0.12999990533978284,0xa90cdc5faa57e8f9480c76897f61d3ed3be36b34c5832571326e08b56d4462b6,2026-04-30 22:07:28,0x96f8dab3de876889b6368a0ef30f82a4bd470976ee3102c6acb9c8d47050ed66,btc-updown-5m-1777575900
"Bitcoin Up or Down - April 30, 3:00PM-3:15PM ET",Down,BUY,5.777776,0.1799998823076561,0x3d0b13a6eda193f8f0104be54d8beb8e164b1084a4dc5d27c9a13d3d2dd1e9ce,2026-04-30 22:07:22,0xadacf7c552baa0334f87240b9ac484e735a8c053098d8b0437d8e6ca89a43096,btc-updown-15m-1777575600
"Bitcoin Up or Down - April 30, 3:00PM-3:15PM ET",Up,BUY,1.402595,0.7699998930553723,0x3d0b13a6eda193f8f0104be54d8beb8e164b1084a4dc5d27c9a13d3d2dd1e9ce,2026-04-30 22:07:06,0xf1ce6f1a4884d7868ce8f00363567c238d1704be039906b52302ac7989914387,btc-updown-15m-1777575600
"Bitcoin Up or Down - April 30, 3:00PM-3:15PM ET",Up,BUY,1.3625,0.8,0x3d0b13a6eda193f8f0104be54d8beb8e164b1084a4dc5d27c9a13d3d2dd1e9ce,2026-04-30 22:07:02,0xf650025be465a94e524ad62aad872814ffc1a1c6a3657da950bd59e9184597b4,btc-updown-15m-1777575600
"Bitcoin Up or Down - April 30, 3:05PM-3:10PM ET",Down,BUY,0.75,0.52,0xa90cdc5faa57e8f9480c76897f61d3ed3be36b34c5832571326e08b56d4462b6,2026-04-30 22:05:34,0x1ff74555392deed5b18037ed24aa71d71825442cb92dcf6684029bbc123aff26,btc-updown-5m-1777575900
"Bitcoin Up or Down - April 30, 3:00PM-3:15PM ET",Down,BUY,1.859648,0.5699998064149775,0x3d0b13a6eda193f8f0104be54d8beb8e164b1084a4dc5d27c9a13d3d2dd1e9ce,2026-04-30 22:05:34,0xe7ab51a8e695345e67f76ce815c6d392b1a80dc218ee2404f5bcb1444906ac84,btc-updown-15m-1777575600
"Bitcoin Up or Down - April 30, 3:05PM-3:10PM ET",Up,BUY,1.927271,0.5499999740565805,0xa90cdc5faa57e8f9480c76897f61d3ed3be36b34c5832571326e08b56d4462b6,2026-04-30 22:05:22,0x867d7d5bb5f21fafd43657c72c3440b5aa59a2bc26145f50f7454bb2210878bf,btc-updown-5m-1777575900
"Bitcoin Up or Down - April 30, 3:00PM-3:15PM ET",Down,BUY,1.621211,0.6599998396260573,0x3d0b13a6eda193f8f0104be54d8beb8e164b1084a4dc5d27c9a13d3d2dd1e9ce,2026-04-30 22:04:02,0xae07df0b4a1bfe0ef3a16e569dd1ff4a85c5f2dc090e7f4fe273d411ddf7a911,btc-updown-15m-1777575600
"Ethereum Up or Down - April 30, 3:00PM-3:05PM ET",Down,BUY,1.415582,0.7699999011007487,0x92863cd553a665d5c57a9083f897b2a19d40a7888a333c9d905f2fbc1315bd69,2026-04-30 22:04:02,0x72c0d69b5631d295d54ace38189b0f87b25ce6e9048941eb13160ec318b6b1bc,eth-updown-5m-1777575600
"Bitcoin Up or Down - April 30, 3:00PM-3:15PM ET",Down,BUY,1.98148,0.5399998990653451,0x3d0b13a6eda193f8f0104be54d8beb8e164b1084a4dc5d27c9a13d3d2dd1e9ce,2026-04-30 22:03:34,0x926b0c93fd02e09d9a98baf07722cabea62f78473e72f5889cb866fe4258a914,btc-updown-15m-1777575600
"Bitcoin Up or Down - April 30, 3:00PM-3:15PM ET",Down,BUY,1.98148,0.5399998990653451,0x3d0b13a6eda193f8f0104be54d8beb8e164b1084a4dc5d27c9a13d3d2dd1e9ce,2026-04-30 22:03:34,0x5bfe9b64d7e3e18687f09405120fd74cc81d42bea5ad755a0c8f9a3c2ffcf1c1,btc-updown-15m-1777575600
"Ethereum Up or Down - April 30, 3:00PM-3:05PM ET",Up,BUY,1.472969,0.7399999592659452,0x92863cd553a665d5c57a9083f897b2a19d40a7888a333c9d905f2fbc1315bd69,2026-04-30 22:03:34,0x0e62ec36dee9070edbbe2ecfbabb72d2e8cac3d76cca54bd4e02bea585b95e3c,eth-updown-5m-1777575600
"Ethereum Up or Down - April 30, 3:00PM-3:05PM ET",Up,BUY,1.313252,0.8299998781650437,0x92863cd553a665d5c57a9083f897b2a19d40a7888a333c9d905f2fbc1315bd69,2026-04-30 22:03:18,0x6ccfc98802e0cd1ae59e82e0808d23bb1c2509e1ef37f4f30d5f70475ecd25c9,eth-updown-5m-1777575600
"Ethereum Up or Down - April 30, 3:00PM-3:05PM ET",Up,BUY,1.3012,0.83,0x92863cd553a665d5c57a9083f897b2a19d40a7888a333c9d905f2fbc1315bd69,2026-04-30 22:03:18,0x64c3f1274c129b8ddbd4a6a327f5a2e82508af24c585fc71c763b5c344e65bdd,eth-updown-5m-1777575600
"Bitcoin Up or Down - April 30, 3:00PM-3:15PM ET",Down,BUY,2.163264,0.4899998335848052,0x3d0b13a6eda193f8f0104be54d8beb8e164b1084a4dc5d27c9a13d3d2dd1e9ce,2026-04-30 22:02:40,0xf21edf3a1f66cae395148f8234ea08a0aca967a772f337eac29aa82c80825f2b,btc-updown-15m-1777575600
"Bitcoin Up or Down - April 30, 3:00PM-3:05PM ET",Up,BUY,1.892856,0.5599998098112059,0x0f037b9817a08fdbd6591494683c0bd41b70484413c3510eb8308c86e12deaf9,2026-04-30 22:01:46,0x48ab33116816fcb7653c5195201d658407dd5713d0eb0615b1587f003180ef09,btc-updown-5m-1777575600
"Bitcoin Up or Down - April 30, 3:00PM-3:05PM ET",Down,BUY,1.927271,0.5499999740565805,0x0f037b9817a08fdbd6591494683c0bd41b70484413c3510eb8308c86e12deaf9,2026-04-30 22:01:34,0xfc520a3f058f2b38da300957373f3f966cd1a12a3a73a18bcf52a5c629650fa9,btc-updown-5m-1777575600
"Bitcoin Up or Down - April 30, 3:00PM-3:05PM ET",Up,BUY,1.646151,0.6499999088783471,0x0f037b9817a08fdbd6591494683c0bd41b70484413c3510eb8308c86e12deaf9,2026-04-30 22:01:18,0x1c59275601a5be7d3e2c09a39c1d27c1cc5433f7093260ad362cf41b835687d2,btc-updown-5m-1777575600
"Bitcoin Up or Down - April 30, 3:00PM-3:05PM ET",Up,BUY,1.646151,0.6499999088783471,0x0f037b9817a08fdbd6591494683c0bd41b70484413c3510eb8308c86e12deaf9,2026-04-30 22:01:18,0x690edd4dfbd0ab9b44237469855950ef127aee11c5dab7fa71e1a00fc501c6de,btc-updown-5m-1777575600
"Bitcoin Up or Down - April 30, 3:00PM-3:05PM ET",Up,BUY,1.754097,0.609999903084037,0x0f037b9817a08fdbd6591494683c0bd41b70484413c3510eb8308c86e12deaf9,2026-04-30 22:01:04,0xb8448a1ca4e309a740e22bad6d0110459f58d560092bdbed6763e817c8eb869a,btc-updown-5m-1777575600
"Bitcoin Up or Down - April 30, 3:00PM-3:05PM ET",Up,BUY,1.754097,0.609999903084037,0x0f037b9817a08fdbd6591494683c0bd41b70484413c3510eb8308c86e12deaf9,2026-04-30 22:01:04,0xea69c5f4ce7b8255836972378c6f88795786fbaeff5f7429ec672d91fddf327f,btc-updown-5m-1777575600
"Bitcoin Up or Down - April 30, 3:00PM-3:15PM ET",Up,BUY,2.523808,0.41999985735840445,0x3d0b13a6eda193f8f0104be54d8beb8e164b1084a4dc5d27c9a13d3d2dd1e9ce,2026-04-30 22:00:48,0xdc0433ebb14d0ccd89b68bb44fd670a456847f29408c756b0263928e9d8b2230,btc-updown-15m-1777575600
"Ethereum Up or Down - April 30, 3:00PM-3:05PM ET",Down,BUY,1.714283,0.6299998308330654,0x92863cd553a665d5c57a9083f897b2a19d40a7888a333c9d905f2fbc1315bd69,2026-04-30 22:00:48,0xb9cade6d92564a217b5f5a753d963076b1df70dbe1dd1a03344be279b6116cea,eth-updown-5m-1777575600
"Bitcoin Up or Down - April 30, 3:00PM-3:05PM ET",Up,BUY,2.837836,0.3699998872380222,0x0f037b9817a08fdbd6591494683c0bd41b70484413c3510eb8308c86e12deaf9,2026-04-30 22:00:48,0x1b8d38bcb1a0d0b4c160486adfed501440c51da1468bdd653e9e8476e01347dc,btc-updown-5m-1777575600
"Bitcoin Up or Down - April 30, 3:00PM-3:05PM ET",Up,BUY,2.837836,0.3699998872380222,0x0f037b9817a08fdbd6591494683c0bd41b70484413c3510eb8308c86e12deaf9,2026-04-30 22:00:46,0x2bdb7a26a62ee6d34e020664b622c8d21cb9dc77a932092eeac6fe3bd4007308,btc-updown-5m-1777575600
"Bitcoin Up or Down - April 30, 3:00PM-3:05PM ET",Up,BUY,3.088234,0.3399998186665907,0x0f037b9817a08fdbd6591494683c0bd41b70484413c3510eb8308c86e12deaf9,2026-04-30 22:00:42,0x87b34f02708bd7daa5ea09b07455d54f35e8a40a38a75f1c56730cec945b3c4f,btc-updown-5m-1777575600
"Ethereum Up or Down - April 30, 3:00PM-3:05PM ET",Down,BUY,1.5,0.72,0x92863cd553a665d5c57a9083f897b2a19d40a7888a333c9d905f2fbc1315bd69,2026-04-30 22:00:42,0xb1f49a049158c531401bf277517869b94813370e546aae092d4030be7cf91f05,eth-updown-5m-1777575600
"Bitcoin Up or Down - April 30, 3:00PM-3:15PM ET",Up,BUY,2.523808,0.41999985735840445,0x3d0b13a6eda193f8f0104be54d8beb8e164b1084a4dc5d27c9a13d3d2dd1e9ce,2026-04-30 22:00:42,0x07f22b43abd648280e8cdb8a1f6890090b8cfcc0beef0ad847a16408de19e028,btc-updown-15m-1777575600
"Bitcoin Up or Down - April 30, 3:00PM-3:05PM ET",Up,BUY,3.181817,0.32999980828564307,0x0f037b9817a08fdbd6591494683c0bd41b70484413c3510eb8308c86e12deaf9,2026-04-30 22:00:42,0x367723d5e4a0c60d2c176e24ab44fdd0529236d4aa8a73b46bcb7dad291132a2,btc-updown-5m-1777575600
"Bitcoin Up or Down - April 30, 3:00PM-3:05PM ET",Up,BUY,3.181817,0.32999980828564307,0x0f037b9817a08fdbd6591494683c0bd41b70484413c3510eb8308c86e12deaf9,2026-04-30 22:00:42,0x46e0d7ef525624c87d023b6bd6fdef2fe108fbed56c1e3d4719e59e2d6ef1657,btc-updown-5m-1777575600
"Bitcoin Up or Down - April 30, 3:00PM-3:15PM ET",Up,BUY,2.5,0.42,0x3d0b13a6eda193f8f0104be54d8beb8e164b1084a4dc5d27c9a13d3d2dd1e9ce,2026-04-30 22:00:42,0x91495a2518a5d1f45eb39cd3afcd9076405e4fbae3db12dafdc6006f569bbb54,btc-updown-15m-1777575600
"Bitcoin Up or Down - April 30, 3:00PM-3:15PM ET",Up,BUY,2.5,0.42,0x3d0b13a6eda193f8f0104be54d8beb8e164b1084a4dc5d27c9a13d3d2dd1e9ce,2026-04-30 22:00:42,0x79f8c848858b3f12366e6064016c372d486154817ee70bb8fccb67b89b12f794,btc-updown-15m-1777575600
"Bitcoin Up or Down - April 30, 3:00PM-3:05PM ET",Up,BUY,3,0.35,0x0f037b9817a08fdbd6591494683c0bd41b70484413c3510eb8308c86e12deaf9,2026-04-30 22:00:42,0x530928b39286dbb616097792b2220e5dc91775aaeee29c10fc6f2979731ec999,btc-updown-5m-1777575600
"Bitcoin Up or Down - April 30, 3:00PM-3:05PM ET",Down,BUY,1.44,0.75,0x0f037b9817a08fdbd6591494683c0bd41b70484413c3510eb8308c86e12deaf9,2026-04-30 22:00:40,0x3f09952a3360f1b3a925596b8892cb5b9dd60ab896e46d6318bd917009d24351,btc-updown-5m-1777575600
"Ethereum Up or Down - April 30, 3:00PM-3:05PM ET",Down,BUY,1.44,0.75,0x92863cd553a665d5c57a9083f897b2a19d40a7888a333c9d905f2fbc1315bd69,2026-04-30 22:00:40,0xc8c28bc0571c5e2fd129f6e508de6bcdabd96513f58271f5688115e757f59a95,eth-updown-5m-1777575600
"Bitcoin Up or Down - April 30, 3:00PM-3:05PM ET",Down,BUY,1.44,0.75,0x0f037b9817a08fdbd6591494683c0bd41b70484413c3510eb8308c86e12deaf9,2026-04-30 22:00:20,0x3f17dd23c98f13bda5ed083f4e55d31ced348446b803bfede54a63d23167cefa,btc-updown-5m-1777575600
"Bitcoin Up or Down - April 30, 3:00PM-3:05PM ET",Down,BUY,1.44,0.75,0x0f037b9817a08fdbd6591494683c0bd41b70484413c3510eb8308c86e12deaf9,2026-04-30 22:00:20,0x8af410f231a5a15f8692878b81470934b5367d6bdddbef5aa7a51c987183cbb0,btc-updown-5m-1777575600
"Bitcoin Up or Down - April 30, 3:00PM-3:15PM ET",Down,BUY,1.636361,0.6599998411108551,0x3d0b13a6eda193f8f0104be54d8beb8e164b1084a4dc5d27c9a13d3d2dd1e9ce,2026-04-30 22:00:20,0x1de6d3b0b9eddfb81e7a10ee891a822ec3ea40b0b60d866caeeec910c180f5df,btc-updown-15m-1777575600
"Bitcoin Up or Down - April 30, 3:00PM-3:15PM ET",Down,BUY,1.621211,0.6599998396260573,0x3d0b13a6eda193f8f0104be54d8beb8e164b1084a4dc5d27c9a13d3d2dd1e9ce,2026-04-30 22:00:20,0x9b03deecd92e63ce20239791cb8abaaf9b3a1cd129d46256d9bd8d5ba083aaff,btc-updown-15m-1777575600
"Bitcoin Up or Down - April 30, 3:00PM-3:15PM ET",Down,BUY,1.927271,0.5499999740565805,0x3d0b13a6eda193f8f0104be54d8beb8e164b1084a4dc5d27c9a13d3d2dd1e9ce,2026-04-30 22:00:18,0x060edca182fa6d33047d786cc3f69e6bb2c796b8ac4aea6dbe3ee511291635f7,btc-updown-15m-1777575600
"Bitcoin Up or Down - April 30, 3:00PM-3:15PM ET",Down,BUY,1.813558,0.5899998786915004,0x3d0b13a6eda193f8f0104be54d8beb8e164b1084a4dc5d27c9a13d3d2dd1e9ce,2026-04-30 22:00:18,0xc2cbdee1c9b8da564fb193ef7ec1fa52393addbff0ac42de5c5ea489d855370b,btc-updown-15m-1777575600
"Bitcoin Up or Down - April 30, 3:00PM-3:05PM ET",Down,BUY,1.783332,0.5999998878503834,0x0f037b9817a08fdbd6591494683c0bd41b70484413c3510eb8308c86e12deaf9,2026-04-30 22:00:18,0xee9c266bafa084414028c86a5a937c7c1a2f23e9b4ce5f8e930c31fd22801e38,btc-updown-5m-1777575600
"Bitcoin Up or Down - April 30, 3:00PM-3:15PM ET",Down,BUY,1.927271,0.5499999740565805,0x3d0b13a6eda193f8f0104be54d8beb8e164b1084a4dc5d27c9a13d3d2dd1e9ce,2026-04-30 22:00:18,0xd0a2b859ec7107364f248416dbbea6379b6af9e5c1294e589395ef3b4c00ab85,btc-updown-15m-1777575600
"Bitcoin Up or Down - April 30, 3:00PM-3:05PM ET",Down,BUY,1.783332,0.5999998878503834,0x0f037b9817a08fdbd6591494683c0bd41b70484413c3510eb8308c86e12deaf9,2026-04-30 22:00:16,0x32233151debe3ef4e891fe4714ed1398e3b08b2d1a332493b7bb2d9139d098e8,btc-updown-5m-1777575600
"Bitcoin Up or Down - April 30, 3:00PM-3:15PM ET",Down,BUY,1.927271,0.5499999740565805,0x3d0b13a6eda193f8f0104be54d8beb8e164b1084a4dc5d27c9a13d3d2dd1e9ce,2026-04-30 22:00:08,0x0c1accb7fb8888f39d7b428421fa92fbf758239cacae1ec1c82c4bc2fea946c8,btc-updown-15m-1777575600
"Bitcoin Up or Down - April 30, 3:00PM-3:05PM ET",Down,BUY,1.844826,0.5799999566354768,0x0f037b9817a08fdbd6591494683c0bd41b70484413c3510eb8308c86e12deaf9,2026-04-30 22:00:08,0x3f37384f2d790f24ab5b577e3a1c33b23a940bdbf032ac0fdc3504612693b012,btc-updown-5m-1777575600
"Ethereum Up or Down - April 30, 2:55PM-3:00PM ET",Down,BUY,1.159566,0.9399999655043353,0x83bf18a9998b41023f729feaa2117984ecbcc444e4304eaf03bd8e0f3aaa6978,2026-04-30 21:58:24,0xb24a1a326c4bdfdfabb57b01c98197cfd653838701671e29f8186670036b17bc,eth-updown-5m-1777575300
"Bitcoin Up or Down - April 30, 2:55PM-3:00PM ET",Down,BUY,1.282351,0.849999727063807,0xf19bb5698c68ac73a2fbdbb6c2bc6e83c93dad2479629f309d9f34d6fb173037,2026-04-30 21:58:16,0x5bde9257c6b555f968cf8f0c2b5d521e8c15b7bd6d094b6750e868d22b5e70c9,btc-updown-5m-1777575300
"Ethereum Up or Down - April 30, 2:55PM-3:00PM ET",Down,BUY,1.345678,0.8099998662384315,0x83bf18a9998b41023f729feaa2117984ecbcc444e4304eaf03bd8e0f3aaa6978,2026-04-30 21:58:16,0xae5a3f79fb73f645ebfe8e1017040070dcb169fe65348386580694d7e2ea3cbf,eth-updown-5m-1777575300
"Bitcoin Up or Down - April 30, 2:55PM-3:00PM ET",Up,BUY,3.714284,0.2799998599999354,0xf19bb5698c68ac73a2fbdbb6c2bc6e83c93dad2479629f309d9f34d6fb173037,2026-04-30 21:57:58,0x34283c86e80fb2331276afaf95f9349f9cda8ce3e649c8d5a6acfab11e65f41b,btc-updown-5m-1777575300
"Bitcoin Up or Down - April 30, 2:55PM-3:00PM ET",Down,BUY,1.611939,0.6699999193517869,0xf19bb5698c68ac73a2fbdbb6c2bc6e83c93dad2479629f309d9f34d6fb173037,2026-04-30 21:57:58,0x91b869cced80a47c012bd412465f363a512671c249574c4e3ee6c6aaa00e2038,btc-updown-5m-1777575300
"Bitcoin Up or Down - April 30, 2:55PM-3:00PM ET",Up,BUY,3.088234,0.3399998186665907,0xf19bb5698c68ac73a2fbdbb6c2bc6e83c93dad2479629f309d9f34d6fb173037,2026-04-30 21:57:58,0x9ca1ae6d5dd4d4b0bea46998d46dd8aa51f3eb2fccd8600077efa95cdaa60350,btc-updown-5m-1777575300
"Bitcoin Up or Down - April 30, 2:55PM-3:00PM ET",Down,BUY,1.611939,0.6699999193517869,0xf19bb5698c68ac73a2fbdbb6c2bc6e83c93dad2479629f309d9f34d6fb173037,2026-04-30 21:57:58,0x8283e90972c575bbf62c4a12ce73e042d1e18c4410725b628eb44ed2d09807e6,btc-updown-5m-1777575300
"Bitcoin Up or Down - April 30, 2:55PM-3:00PM ET",Down,BUY,1.565216,0.6899999744444217,0xf19bb5698c68ac73a2fbdbb6c2bc6e83c93dad2479629f309d9f34d6fb173037,2026-04-30 21:57:58,0xf8db857b78ef7db64be92666c793bcdb565e73783f9e3e3238f56b4423fbbc69,btc-updown-5m-1777575300
"Bitcoin Up or Down - April 30, 2:55PM-3:00PM ET",Up,BUY,3.28125,0.32,0xf19bb5698c68ac73a2fbdbb6c2bc6e83c93dad2479629f309d9f34d6fb173037,2026-04-30 21:57:54,0xd469af7369c94048b8466b11ea956ad9ab129b68fcc92cde6804d8debb325c91,btc-updown-5m-1777575300
"Ethereum Up or Down - April 30, 2:55PM-3:00PM ET",Down,BUY,1.42105,0.76,0x83bf18a9998b41023f729feaa2117984ecbcc444e4304eaf03bd8e0f3aaa6978,2026-04-30 21:57:36,0xb7768dffcab6caaf40dfd9415b99dbb2e063acaac593050792e485acef3a25e2,eth-updown-5m-1777575300
"Bitcoin Up or Down - April 30, 2:55PM-3:00PM ET",Down,BUY,1.345678,0.8099998662384315,0xf19bb5698c68ac73a2fbdbb6c2bc6e83c93dad2479629f309d9f34d6fb173037,2026-04-30 21:56:58,0x631ce3e391597ff08069cb98d0507d652cba570c5e6c615633625bcfedb81e6e,btc-updown-5m-1777575300
"Bitcoin Up or Down - April 30, 2:55PM-3:00PM ET",Down,BUY,1.42105,0.76,0xf19bb5698c68ac73a2fbdbb6c2bc6e83c93dad2479629f309d9f34d6fb173037,2026-04-30 21:56:34,0xc251eca9919f8c48bda70dda872fd71ce6fa7d0d244743eaf7f3d197585a0662,btc-updown-5m-1777575300
"Bitcoin Up or Down - April 30, 2:55PM-3:00PM ET",Up,BUY,2.560974,0.4099998672380118,0xf19bb5698c68ac73a2fbdbb6c2bc6e83c93dad2479629f309d9f34d6fb173037,2026-04-30 21:55:56,0x20a9542420c30c4e01d0eecf1e99f13a0e4382c40e424e68ed459bc08fdaa9a8,btc-updown-5m-1777575300
"Bitcoin Up or Down - April 30, 2:55PM-3:00PM ET",Up,BUY,2.560974,0.4099998672380118,0xf19bb5698c68ac73a2fbdbb6c2bc6e83c93dad2479629f309d9f34d6fb173037,2026-04-30 21:55:56,0xca0aa45160eccd4c986fa011cc2943bb3dc8f61971e6dffb22deb24a1bf5631f,btc-updown-5m-1777575300
"Bitcoin Up or Down - April 30, 2:55PM-3:00PM ET",Up,BUY,2.763156,0.37999989866659717,0xf19bb5698c68ac73a2fbdbb6c2bc6e83c93dad2479629f309d9f34d6fb173037,2026-04-30 21:55:30,0x852f2a19ca2705e3b776ea0dcc38912ae78f07a6541556e29f6bbac46dc10b67,btc-updown-5m-1777575300
"Bitcoin Up or Down - April 30, 2:55PM-3:00PM ET",Up,BUY,3,0.35,0xf19bb5698c68ac73a2fbdbb6c2bc6e83c93dad2479629f309d9f34d6fb173037,2026-04-30 21:55:28,0x7ce90cc9030d702467ac8bd66950b321ae61f12c0cdff125279ec0bb20f828ab,btc-updown-5m-1777575300
"Bitcoin Up or Down - April 30, 2:55PM-3:00PM ET",Up,BUY,2.837836,0.3699998872380222,0xf19bb5698c68ac73a2fbdbb6c2bc6e83c93dad2479629f309d9f34d6fb173037,2026-04-30 21:55:26,0x690bdea61717309c31c156dcdba7903df2c3b74af0afac876f4d73cc94632893,btc-updown-5m-1777575300
"Ethereum Up or Down - April 30, 2:50PM-2:55PM ET",Down,BUY,1.267435,0.8599999211004904,0x72d7ed353cb23c90873033db30710fb7700160a016c8a2c74d78a8f37ec3a4d2,2026-04-30 21:54:38,0xc381ceed0441f08e688f25c4826aa3f1c655eea6a1cbae579eeff767d46b7510,eth-updown-5m-1777575000
"Ethereum Up or Down - April 30, 2:50PM-2:55PM ET",Down,BUY,1.415582,0.7699999011007487,0x72d7ed353cb23c90873033db30710fb7700160a016c8a2c74d78a8f37ec3a4d2,2026-04-30 21:54:38,0x3407370569785c8e89f610ace4d37f1ae11288deee861f6f270d02b810ac5a74,eth-updown-5m-1777575000
"Ethereum Up or Down - April 30, 2:50PM-2:55PM ET",Up,BUY,1.1237,0.97,0x72d7ed353cb23c90873033db30710fb7700160a016c8a2c74d78a8f37ec3a4d2,2026-04-30 21:52:36,0x8ed87db79777d00a713244b6f48b505e96c0dc0b6098e2a3d2881c8692643a73,eth-updown-5m-1777575000
"Ethereum Up or Down - April 30, 2:50PM-2:55PM ET",Up,BUY,1.184775,0.92,0x72d7ed353cb23c90873033db30710fb7700160a016c8a2c74d78a8f37ec3a4d2,2026-04-30 21:52:34,0x0dda927589af4bc46e0cefa678ba5e8dd5823143950f8d3f0aac0c86d1f748c3,eth-updown-5m-1777575000
"Ethereum Up or Down - April 30, 2:50PM-2:55PM ET",Up,BUY,1.14736,0.95,0x72d7ed353cb23c90873033db30710fb7700160a016c8a2c74d78a8f37ec3a4d2,2026-04-30 21:52:30,0x635b2002b161694e37225bb6fe84af33a9f036dc6c11a5d7b9152549319d5cb8,eth-updown-5m-1777575000
"Ethereum Up or Down - April 30, 2:50PM-2:55PM ET",Up,BUY,1.14736,0.95,0x72d7ed353cb23c90873033db30710fb7700160a016c8a2c74d78a8f37ec3a4d2,2026-04-30 21:52:30,0x277148611b99dec888452a93258b0d79188b6ca121422729b16df9d1eb4181fb,eth-updown-5m-1777575000
"Bitcoin Up or Down - April 30, 2:50PM-2:55PM ET",Down,BUY,3.620688,0.2899998563808867,0x6fe03c3c781f62d456518a3a6b2b95c0d0bee427243bcef06f5b37b3f1c395b7,2026-04-30 21:51:44,0xef62f50511a37ce9f67731b34adfaae8e7da78b06a400e09cd4b1eeba4b13ffa,btc-updown-5m-1777575000
"Bitcoin Up or Down - April 30, 2:50PM-2:55PM ET",Up,BUY,1.44,0.75,0x6fe03c3c781f62d456518a3a6b2b95c0d0bee427243bcef06f5b37b3f1c395b7,2026-04-30 21:51:20,0x7226d395dd512215c9248d97531791f52602cf8476580d64471e9242340bb94e,btc-updown-5m-1777575000
"Bitcoin Up or Down - April 30, 2:50PM-2:55PM ET",Up,BUY,1.44,0.75,0x6fe03c3c781f62d456518a3a6b2b95c0d0bee427243bcef06f5b37b3f1c395b7,2026-04-30 21:51:20,0x864850f484e160ee8ad8566e40f193a60103a3cb7ef04075d62104df8d81ec9c,btc-updown-5m-1777575000
"Bitcoin Up or Down - April 30, 2:50PM-2:55PM ET",Up,BUY,1.44,0.75,0x6fe03c3c781f62d456518a3a6b2b95c0d0bee427243bcef06f5b37b3f1c395b7,2026-04-30 21:51:18,0x6453d801b0297d1ed4f23af921b3c41b591e91147954fdb2c9298617e3d289af,btc-updown-5m-1777575000
"Bitcoin Up or Down - April 30, 2:50PM-2:55PM ET",Up,BUY,1.44,0.75,0x6fe03c3c781f62d456518a3a6b2b95c0d0bee427243bcef06f5b37b3f1c395b7,2026-04-30 21:51:18,0x34d38cdb53d020bcc1c43a457ef8c1a601f3423657a50f281d8f73c5c32ec9c9,btc-updown-5m-1777575000
"Bitcoin Up or Down - April 30, 2:50PM-2:55PM ET",Up,BUY,1.44,0.75,0x6fe03c3c781f62d456518a3a6b2b95c0d0bee427243bcef06f5b37b3f1c395b7,2026-04-30 21:51:18,0x7af0ed10b9f4282a27e0b19dd830e61f781711afd300c7a9fc062ec17f99d77d,btc-updown-5m-1777575000
"Bitcoin Up or Down - April 30, 2:50PM-2:55PM ET",Up,BUY,1.96296,0.5399997962261075,0x6fe03c3c781f62d456518a3a6b2b95c0d0bee427243bcef06f5b37b3f1c395b7,2026-04-30 21:51:00,0x2ac16dbeccf12fa8b15392af6be868b7f72c20d30c13cccfe734cec85f25638a,btc-updown-5m-1777575000
"Bitcoin Up or Down - April 30, 2:50PM-2:55PM ET",Up,BUY,1.96296,0.5399997962261075,0x6fe03c3c781f62d456518a3a6b2b95c0d0bee427243bcef06f5b37b3f1c395b7,2026-04-30 21:51:00,0x0de81c4baa00bc1d67fc6450d85f6f3b31f67be2ed7596222d2d6048d09d36cb,btc-updown-5m-1777575000
"Bitcoin Up or Down - April 30, 2:50PM-2:55PM ET",Down,BUY,2.117253,0.5006482456277073,0x6fe03c3c781f62d456518a3a6b2b95c0d0bee427243bcef06f5b37b3f1c395b7,2026-04-30 21:50:50,0x61ce429250695eda7ca0cb9ac677dd05763680e1b9ae9cea753a1d45f303411f,btc-updown-5m-1777575000
"Bitcoin Up or Down - April 30, 2:50PM-2:55PM ET",Down,BUY,2.12,0.5,0x6fe03c3c781f62d456518a3a6b2b95c0d0bee427243bcef06f5b37b3f1c395b7,2026-04-30 21:50:50,0x3ad6a61793eba4703aa616f6ce0cfab7981cf750d3ccd44de002b96a8d26897d,btc-updown-5m-1777575000
"Bitcoin Up or Down - April 30, 2:50PM-2:55PM ET",Down,BUY,2.163264,0.4899998335848052,0x6fe03c3c781f62d456518a3a6b2b95c0d0bee427243bcef06f5b37b3f1c395b7,2026-04-30 21:50:48,0x0b41ba790ef588ed2fb3fb6b82adc8f6775dd95e1ae5cf890d161b8864c5d57d,btc-updown-5m-1777575000
"Bitcoin Up or Down - April 30, 2:50PM-2:55PM ET",Down,BUY,2.560974,0.4099998672380118,0x6fe03c3c781f62d456518a3a6b2b95c0d0bee427243bcef06f5b37b3f1c395b7,2026-04-30 21:50:38,0x4e1b7ab977eb9286e23ba13514857cd559ecf9d94c65250ad225d7ce1a8fd46c,btc-updown-5m-1777575000
"Bitcoin Up or Down - April 30, 2:50PM-2:55PM ET",Up,BUY,1.573528,0.6799999745794164,0x6fe03c3c781f62d456518a3a6b2b95c0d0bee427243bcef06f5b37b3f1c395b7,2026-04-30 21:50:30,0x948b8e2638a3e4e9cc716b47c96f607699eddf11a7ce1679361354b582fc8cf1,btc-updown-5m-1777575000
"Bitcoin Up or Down - April 30, 2:50PM-2:55PM ET",Up,BUY,1.573528,0.6799999745794164,0x6fe03c3c781f62d456518a3a6b2b95c0d0bee427243bcef06f5b37b3f1c395b7,2026-04-30 21:50:30,0xd5112575d6fdf18e15fc8457ff70c2d76c613ea08fe285f80c586beea653d788,btc-updown-5m-1777575000
"Bitcoin Up or Down - April 30, 2:50PM-2:55PM ET",Up,BUY,1.573528,0.6799999745794164,0x6fe03c3c781f62d456518a3a6b2b95c0d0bee427243bcef06f5b37b3f1c395b7,2026-04-30 21:50:30,0x2f0278b9908ba6c7efccb9eb559d07837734df54f3510f303d7f5adc7ce3d5d3,btc-updown-5m-1777575000
"Bitcoin Up or Down - April 30, 2:50PM-2:55PM ET",Up,BUY,1.597012,0.6699999749532252,0x6fe03c3c781f62d456518a3a6b2b95c0d0bee427243bcef06f5b37b3f1c395b7,2026-04-30 21:50:28,0x8e68ccbb652a3745a387cb768ab3d9125fd90d841f5d08a2bf50e51d99d9cc83,btc-updown-5m-1777575000
"Bitcoin Up or Down - April 30, 2:50PM-2:55PM ET",Up,BUY,1.621211,0.6599998396260573,0x6fe03c3c781f62d456518a3a6b2b95c0d0bee427243bcef06f5b37b3f1c395b7,2026-04-30 21:50:28,0xfc36a74f1e2c0c6be188c5bded2681c88d16f368681470e29b5f1cf29b7caa0a,btc-updown-5m-1777575000
"Bitcoin Up or Down - April 30, 2:50PM-2:55PM ET",Down,BUY,2.763156,0.37999989866659717,0x6fe03c3c781f62d456518a3a6b2b95c0d0bee427243bcef06f5b37b3f1c395b7,2026-04-30 21:50:28,0xdd023e1b9f1dc2cc77c0abe278602f28ae583fb76c2ad76a69842a1bace6b68f,btc-updown-5m-1777575000
"Bitcoin Up or Down - April 30, 2:45PM-2:50PM ET",Down,BUY,2,0.53,0xc81acdbe080d85ee2064ae66230a09d162e82602cf78fc6c055907f4973f4814,2026-04-30 21:49:20,0x2a3cf27b2dbe8b5325a79e7f33ae067814f5ecf9c614df6ba5c20b6dc4e1d6c7,btc-updown-5m-1777574700
"Bitcoin Up or Down - April 30, 2:45PM-2:50PM ET",Down,BUY,2,0.53,0xc81acdbe080d85ee2064ae66230a09d162e82602cf78fc6c055907f4973f4814,2026-04-30 21:49:18,0x88d413506098ee6bf8a8acb3c675889873a4c6b43a729efb1bc1f297fc33ed35,btc-updown-5m-1777574700
"Bitcoin Up or Down - April 30, 2:45PM-3:00PM ET",Down,BUY,2.163264,0.4899998335848052,0xf058d8a3333909ff956697093356a19d7f4b1fc6714d391a25e95161e73513df,2026-04-30 21:49:18,0xb2f2cc8a0ccde6e3e4bcf857940a61498e6d8703017d0512777cb37a66b61bd5,btc-updown-15m-1777574700
"Bitcoin Up or Down - April 30, 2:45PM-2:50PM ET",Up,BUY,1.96296,0.5399997962261075,0xc81acdbe080d85ee2064ae66230a09d162e82602cf78fc6c055907f4973f4814,2026-04-30 21:49:14,0x30c4bba37b8ce6c4ba3d9a7f7024e099c31f3dade4754f4944e7c9676f44a397,btc-updown-5m-1777574700
"Bitcoin Up or Down - April 30, 2:45PM-3:00PM ET",Up,BUY,2,0.53,0xf058d8a3333909ff956697093356a19d7f4b1fc6714d391a25e95161e73513df,2026-04-30 21:49:14,0xa0b2569061203296d74eafdc70513f75e1696c2c91d1c7e568cef2020b5c724a,btc-updown-15m-1777574700
"Bitcoin Up or Down - April 30, 2:45PM-3:00PM ET",Up,BUY,2.018865,0.5299997771024808,0xf058d8a3333909ff956697093356a19d7f4b1fc6714d391a25e95161e73513df,2026-04-30 21:49:14,0x662d89a29ac5da198e6256de313f84055d39c9534f16910faee13260a742317e,btc-updown-15m-1777574700
"Bitcoin Up or Down - April 30, 2:45PM-3:00PM ET",Up,BUY,1.96296,0.5399997962261075,0xf058d8a3333909ff956697093356a19d7f4b1fc6714d391a25e95161e73513df,2026-04-30 21:49:14,0xba1ee3fe53945854ce278497b71652f9c590d5d65daa0dcc4138273d376f0f42,btc-updown-15m-1777574700
"Bitcoin Up or Down - April 30, 2:45PM-3:00PM ET",Up,BUY,1.96296,0.5399997962261075,0xf058d8a3333909ff956697093356a19d7f4b1fc6714d391a25e95161e73513df,2026-04-30 21:49:14,0x6d310c152a089d2fe160e01a9325ae6ebefba282cef106f922dda5ac860f75ee,btc-updown-15m-1777574700
"Bitcoin Up or Down - April 30, 2:45PM-3:00PM ET",Up,BUY,2.12,0.5,0xf058d8a3333909ff956697093356a19d7f4b1fc6714d391a25e95161e73513df,2026-04-30 21:49:06,0x7be2fad44434bd5e9b83079e9de7b35b83e7367b0ec697d2ede8eb12bd234cf5,btc-updown-15m-1777574700
"Ethereum Up or Down - April 30, 2:45PM-2:50PM ET",Up,BUY,1.3625,0.8,0x56a329be5dfc9bcfc91eacea01d3d29ee4c1a6aad00a901f96ba41ba23dae849,2026-04-30 21:49:06,0x7d39ebcebe6ca3cfc446704827dd00eb8b924f73894b852a2796ab9d2dbfa566,eth-updown-5m-1777574700
"Bitcoin Up or Down - April 30, 2:45PM-3:00PM ET",Up,BUY,2.12,0.5,0xf058d8a3333909ff956697093356a19d7f4b1fc6714d391a25e95161e73513df,2026-04-30 21:49:06,0x926d21a35eee358459bfa139d105a38cf4ead56dfb774da5520e4f0877e7d1de,btc-updown-15m-1777574700
"Ethereum Up or Down - April 30, 2:45PM-2:50PM ET",Up,BUY,1.21111,0.9,0x56a329be5dfc9bcfc91eacea01d3d29ee4c1a6aad00a901f96ba41ba23dae849,2026-04-30 21:49:06,0xac91578e420b49dd59d88f409d70eda357a8d4f4820647a6c0e1845096b76e78,eth-updown-5m-1777574700
"Ethereum Up or Down - April 30, 2:45PM-2:50PM ET",Up,BUY,1.22244,0.8916560321978992,0x56a329be5dfc9bcfc91eacea01d3d29ee4c1a6aad00a901f96ba41ba23dae849,2026-04-30 21:49:06,0xd7d578770e880fe035818381c2cf95e8e6b56a4041a6e0e4706e0406f5174298,eth-updown-5m-1777574700
"Bitcoin Up or Down - April 30, 2:45PM-3:00PM ET",Up,BUY,2.12,0.5,0xf058d8a3333909ff956697093356a19d7f4b1fc6714d391a25e95161e73513df,2026-04-30 21:49:04,0xbb02fd5a6f49cd254504d4ee2a56b364b22522665fba758b3b834bb8650463bf,btc-updown-15m-1777574700
"Bitcoin Up or Down - April 30, 2:45PM-3:00PM ET",Up,BUY,2.12,0.5,0xf058d8a3333909ff956697093356a19d7f4b1fc6714d391a25e95161e73513df,2026-04-30 21:49:04,0xe429dadaa8f000cc3f940a835e88ca78e41437efd02230459ad6d250fb83d7c8,btc-updown-15m-1777574700
"Bitcoin Up or Down - April 30, 2:45PM-3:00PM ET",Up,BUY,2.12,0.5,0xf058d8a3333909ff956697093356a19d7f4b1fc6714d391a25e95161e73513df,2026-04-30 21:49:04,0x6957b0ed848fea15df81de19900c43db6f125fae3228299a72407c791bdb1e8b,btc-updown-15m-1777574700
"Ethereum Up or Down - April 30, 2:45PM-2:50PM ET",Up,BUY,1.3625,0.8,0x56a329be5dfc9bcfc91eacea01d3d29ee4c1a6aad00a901f96ba41ba23dae849,2026-04-30 21:49:04,0x2f2502d024184137a7dab45b4c4b2c92db6dbbb35e03d46b021dfb6054e02283,eth-updown-5m-1777574700
"Bitcoin Up or Down - April 30, 2:45PM-2:50PM ET",Up,BUY,3.088234,0.3399998186665907,0xc81acdbe080d85ee2064ae66230a09d162e82602cf78fc6c055907f4973f4814,2026-04-30 21:49:02,0xfed02d62f08d18b70cc2062011ee0dcd61dcff5372906be34c35c4afb42cfd27,btc-updown-5m-1777574700
"Bitcoin Up or Down - April 30, 2:45PM-2:50PM ET",Up,BUY,3.088234,0.3399998186665907,0xc81acdbe080d85ee2064ae66230a09d162e82602cf78fc6c055907f4973f4814,2026-04-30 21:49:02,0xe673286e9baf053055dc45716201b9c5f5d08ab5a217e999ea7bec0e1afed136,btc-updown-5m-1777574700
"Bitcoin Up or Down - April 30, 2:45PM-3:00PM ET",Up,BUY,2.304346,0.4599999305659827,0xf058d8a3333909ff956697093356a19d7f4b1fc6714d391a25e95161e73513df,2026-04-30 21:49:02,0x962114be53d5b9826604f2a300cad722b07393e3109171c187723f4b448910e4,btc-updown-15m-1777574700
"Bitcoin Up or Down - April 30, 2:45PM-3:00PM ET",Up,BUY,2.304346,0.4599999305659827,0xf058d8a3333909ff956697093356a19d7f4b1fc6714d391a25e95161e73513df,2026-04-30 21:49:02,0x0c8685b0996ddfec958720dfd07255a9535a4b4d7031289d36c18994f9ae5f51,btc-updown-15m-1777574700
"Bitcoin Up or Down - April 30, 2:45PM-2:50PM ET",Up,BUY,3,0.35,0xc81acdbe080d85ee2064ae66230a09d162e82602cf78fc6c055907f4973f4814,2026-04-30 21:49:02,0x8ee0222a4fde1fa4d060b5854019b66ab9ad4e2860345c42d5459510a7178275,btc-updown-5m-1777574700
"Bitcoin Up or Down - April 30, 2:45PM-2:50PM ET",Up,BUY,3.85185,0.2699998701922453,0xc81acdbe080d85ee2064ae66230a09d162e82602cf78fc6c055907f4973f4814,2026-04-30 21:48:50,0x0901716616d5a80ff25a08e6e1ab59ac701b5137246e1d41a4687116de9714e6,btc-updown-5m-1777574700
"Bitcoin Up or Down - April 30, 2:45PM-2:50PM ET",Down,BUY,1.329266,0.8199999097246149,0xc81acdbe080d85ee2064ae66230a09d162e82602cf78fc6c055907f4973f4814,2026-04-30 21:48:38,0x95bc839be2d3c9cef0b457bf0ded42813592249780526e5886d34c2255f5cf8a,btc-updown-5m-1777574700
"Bitcoin Up or Down - April 30, 2:45PM-3:00PM ET",Up,BUY,2.692306,0.38999987371420636,0xf058d8a3333909ff956697093356a19d7f4b1fc6714d391a25e95161e73513df,2026-04-30 21:48:30,0x8bdb68387f27212e97dab76d19b2695e8e7a223a89c948d7f7e113887b855f0c,btc-updown-15m-1777574700
"Bitcoin Up or Down - April 30, 2:45PM-2:50PM ET",Up,BUY,4.727271,0.21999986884610592,0xc81acdbe080d85ee2064ae66230a09d162e82602cf78fc6c055907f4973f4814,2026-04-30 21:48:30,0x5a1f104097bbdaad17f556b22e45d5919ab74b2601b0f0767e49a90232a1eb03,btc-updown-5m-1777574700
"Bitcoin Up or Down - April 30, 2:45PM-2:50PM ET",Up,BUY,4.727271,0.21999986884610592,0xc81acdbe080d85ee2064ae66230a09d162e82602cf78fc6c055907f4973f4814,2026-04-30 21:48:30,0xd35ccd378a416646deb6d48a7337541de533bab7ad250b923d0b3cfaa0cd8083,btc-updown-5m-1777574700
"Bitcoin Up or Down - April 30, 2:45PM-3:00PM ET",Up,BUY,2.692306,0.38999987371420636,0xf058d8a3333909ff956697093356a19d7f4b1fc6714d391a25e95161e73513df,2026-04-30 21:48:30,0x20d25f0a68e8724af6dc96610bb6bf0b2042b38855ce2568057aa7a885be8aee,btc-updown-15m-1777574700
"Bitcoin Up or Down - April 30, 2:45PM-3:00PM ET",Down,BUY,1.565216,0.6899999744444217,0xf058d8a3333909ff956697093356a19d7f4b1fc6714d391a25e95161e73513df,2026-04-30 21:48:06,0x72f1b520e67fced254aa7a724de61e9e9e4d6d083d5a36ec956e6262ba207219,btc-updown-15m-1777574700
"Bitcoin Up or Down - April 30, 2:45PM-3:00PM ET",Down,BUY,1.550722,0.6899998839250362,0xf058d8a3333909ff956697093356a19d7f4b1fc6714d391a25e95161e73513df,2026-04-30 21:48:06,0x6b240a582fbd880a875818ca70f6403e63a2e87a84fb6d582c0ba7aa30fbf12f,btc-updown-15m-1777574700
"Bitcoin Up or Down - April 30, 2:45PM-3:00PM ET",Down,BUY,1.573528,0.6799999745794164,0xf058d8a3333909ff956697093356a19d7f4b1fc6714d391a25e95161e73513df,2026-04-30 21:48:04,0x97a006ba008f4d9a32e0d364ba608bdf4935ebb6995831bbf7a119d34c4f226c,btc-updown-15m-1777574700
"Bitcoin Up or Down - April 30, 2:45PM-3:00PM ET",Up,BUY,2.625,0.4,0xf058d8a3333909ff956697093356a19d7f4b1fc6714d391a25e95161e73513df,2026-04-30 21:47:42,0x3f250076da28868159012c11eb700495728d9f3a1bd079835b2c7a65db3a0e26,btc-updown-15m-1777574700
"Bitcoin Up or Down - April 30, 2:45PM-2:50PM ET",Down,BUY,1.459457,0.7399998766664588,0xc81acdbe080d85ee2064ae66230a09d162e82602cf78fc6c055907f4973f4814,2026-04-30 21:47:36,0x7a04e61b34f54723b077f6ee90a69ee8bd685e124b57ba2763dd6205639667d6,btc-updown-5m-1777574700
"Bitcoin Up or Down - April 30, 2:40PM-2:45PM ET",Up,BUY,1.69841,0.6299998233642053,0x19f10ad4568a37d189084f6acfb074ec7b8c562dedf52a782223e38b3ccbcfc4,2026-04-30 21:42:14,0xe1cabceb11005eb7b623095b3733c6690c9e13dd3125ff589ed7c0231b8a5991,btc-updown-5m-1777574400
"Bitcoin Up or Down - April 30, 2:40PM-2:45PM ET",Up,BUY,1.621211,0.6599998396260573,0x19f10ad4568a37d189084f6acfb074ec7b8c562dedf52a782223e38b3ccbcfc4,2026-04-30 21:42:14,0x2a2319a1e72ee048b117667cca2003d286d2367a27e6825e261110ada3d54d12,btc-updown-5m-1777574400
"Bitcoin Up or Down - April 30, 2:40PM-2:45PM ET",Down,BUY,2.355554,0.4499998726414253,0x19f10ad4568a37d189084f6acfb074ec7b8c562dedf52a782223e38b3ccbcfc4,2026-04-30 21:41:48,0x45c5b7d6901671852fa12969c0c03003f8618d6d4bf878f6092bae06cd673d83,btc-updown-5m-1777574400
"Bitcoin Up or Down - April 30, 2:40PM-2:45PM ET",Down,BUY,2.333332,0.4499998285713306,0x19f10ad4568a37d189084f6acfb074ec7b8c562dedf52a782223e38b3ccbcfc4,2026-04-30 21:41:48,0x959cc233657a13555a18331f7a5307516f27e9ae2434576d2fb9bacdf0bf4bee,btc-updown-5m-1777574400
"Bitcoin Up or Down - April 30, 2:40PM-2:45PM ET",Up,BUY,1.962961,0.5399995211315965,0x19f10ad4568a37d189084f6acfb074ec7b8c562dedf52a782223e38b3ccbcfc4,2026-04-30 21:41:34,0x79a4aabcea1e34e4cfaca9cdd8567deea9a6061b235ffd61fbff2ddcd412f023,btc-updown-5m-1777574400
"Bitcoin Up or Down - April 30, 2:40PM-2:45PM ET",Up,BUY,2,0.53,0x19f10ad4568a37d189084f6acfb074ec7b8c562dedf52a782223e38b3ccbcfc4,2026-04-30 21:41:34,0xd72be88e5b76e116f9e8fd9a3aa6d9bed4cf71043ce41722cf46d0631939e436,btc-updown-5m-1777574400
"Bitcoin Up or Down - April 30, 2:40PM-2:45PM ET",Up,BUY,2,0.53,0x19f10ad4568a37d189084f6acfb074ec7b8c562dedf52a782223e38b3ccbcfc4,2026-04-30 21:41:32,0x9d7da5e4bd04e2bede6aee26827b333d5025ead30dec2c834d7f9dcf4c0c6d59,btc-updown-5m-1777574400
"Bitcoin Up or Down - April 30, 2:40PM-2:45PM ET",Down,BUY,2.12,0.5,0x19f10ad4568a37d189084f6acfb074ec7b8c562dedf52a782223e38b3ccbcfc4,2026-04-30 21:41:26,0xcdecdc0e301b5eb78d61e4d983a50bcf5bdd3b9401e9b89617194312f15e0821,btc-updown-5m-1777574400
"Bitcoin Up or Down - April 30, 2:40PM-2:45PM ET",Up,BUY,2,0.53,0x19f10ad4568a37d189084f6acfb074ec7b8c562dedf52a782223e38b3ccbcfc4,2026-04-30 21:41:16,0xc97f6f3fc8ad2abf2c79b0e4d628e5613468a31bd8f74cc18dee6d3e68b59f66,btc-updown-5m-1777574400
"Bitcoin Up or Down - April 30, 2:30PM-2:45PM ET",Down,BUY,3.28125,0.32,0x9ebeea9e5097d032429f884eaf401df1fcf7c874cf4bc989ad8e6116e99cae84,2026-04-30 21:41:04,0x40dd1e00d5c3541f02ee990e5f612c77f31188587a9b2b89f993b8e586303e90,btc-updown-15m-1777573800
"Bitcoin Up or Down - April 30, 2:40PM-2:45PM ET",Down,BUY,2.12,0.5,0x19f10ad4568a37d189084f6acfb074ec7b8c562dedf52a782223e38b3ccbcfc4,2026-04-30 21:41:04,0x3dbe68f5a80fcc257f973871ba2fcb0f627a39a49d9e8aa26d7dcf893f7c75fd,btc-updown-5m-1777574400
"Bitcoin Up or Down - April 30, 2:40PM-2:45PM ET",Down,BUY,2.208332,0.47999983698103366,0x19f10ad4568a37d189084f6acfb074ec7b8c562dedf52a782223e38b3ccbcfc4,2026-04-30 21:41:02,0xc1b51dd8cc51fadb161b4a7381d4f0ffb1da10eb9072dd92102416529cafdda4,btc-updown-5m-1777574400
"Bitcoin Up or Down - April 30, 2:40PM-2:45PM ET",Up,BUY,2.255318,0.4699997960376319,0x19f10ad4568a37d189084f6acfb074ec7b8c562dedf52a782223e38b3ccbcfc4,2026-04-30 21:40:30,0x7f8a355d4ccbe86b2a3f61ec7a3cbdf9a0fa32b4f6ecdffa6b37e89778334c9e,btc-updown-5m-1777574400
"Bitcoin Up or Down - April 30, 2:30PM-2:45PM ET",Up,BUY,1.573528,0.6799999745794164,0x9ebeea9e5097d032429f884eaf401df1fcf7c874cf4bc989ad8e6116e99cae84,2026-04-30 21:40:12,0x4dde12f6d7672b99ec28c1faa4fb9718433fea2b6655cd72d0c5ace57592f669,btc-updown-15m-1777573800
"Bitcoin Up or Down - April 30, 2:40PM-2:45PM ET",Up,BUY,2.098038,0.5099998188783997,0x19f10ad4568a37d189084f6acfb074ec7b8c562dedf52a782223e38b3ccbcfc4,2026-04-30 21:40:12,0xef63d263035878523c312d567be95482db7a353397550d3a3dd5472ac9678579,btc-updown-5m-1777574400
"Bitcoin Up or Down - April 30, 2:40PM-2:45PM ET",Up,BUY,2.07843,0.509999855660282,0x19f10ad4568a37d189084f6acfb074ec7b8c562dedf52a782223e38b3ccbcfc4,2026-04-30 21:40:12,0x6aeead4c331f90a44b74c94780712c2717edc5cb5c8d9ca43dec28050479b96b,btc-updown-5m-1777574400
"Bitcoin Up or Down - April 30, 2:40PM-2:45PM ET",Down,BUY,2.07843,0.509999855660282,0x19f10ad4568a37d189084f6acfb074ec7b8c562dedf52a782223e38b3ccbcfc4,2026-04-30 21:40:08,0x74fc946f30f803216866801444b60993b5c2ac00f62ab702272a7e1dca8d52b8,btc-updown-5m-1777574400
"Bitcoin Up or Down - April 30, 2:40PM-2:45PM ET",Down,BUY,2.12,0.5,0x19f10ad4568a37d189084f6acfb074ec7b8c562dedf52a782223e38b3ccbcfc4,2026-04-30 21:40:06,0x30055e9614f84fc412774b6d74305c9ff4318e527365fac4245953cc41e23d11,btc-updown-5m-1777574400
"Bitcoin Up or Down - April 30, 2:40PM-2:45PM ET",Down,BUY,2.14,0.5,0x19f10ad4568a37d189084f6acfb074ec7b8c562dedf52a782223e38b3ccbcfc4,2026-04-30 21:40:06,0xb6d4b83ad8a983058ba2b00f932769388f147793cdd683876147e90cf0cd5100,btc-updown-5m-1777574400
"Bitcoin Up or Down - April 30, 2:40PM-2:45PM ET",Down,BUY,2.12,0.5,0x19f10ad4568a37d189084f6acfb074ec7b8c562dedf52a782223e38b3ccbcfc4,2026-04-30 21:40:06,0x803df957c743120dbdabd04fb0c5cb177c8b29e4a7a7fe331854c70efe84da25,btc-updown-5m-1777574400
"Bitcoin Up or Down - April 30, 2:30PM-2:45PM ET",Up,BUY,1.725805,0.619999942056026,0x9ebeea9e5097d032429f884eaf401df1fcf7c874cf4bc989ad8e6116e99cae84,2026-04-30 21:39:38,0xe67cb82119cfd8f34dcfae32d601cc0542499d061f05df27ad128d8822213865,btc-updown-15m-1777573800
"Ethereum Up or Down - April 30, 2:35PM-2:40PM ET",Up,BUY,1.101,0.99,0x2d3bbc3aea0f66c5c8138285842d8a823e76ac90d757deb0f7e1f56d3b47e403,2026-04-30 21:38:48,0x5bcb8efb989ace9bbcb2f1ef54068fa5480644c46d28aca3c0fcdbfa950b4474,eth-updown-5m-1777574100
"Bitcoin Up or Down - April 30, 2:30PM-2:45PM ET",Up,BUY,1.783332,0.5999998878503834,0x9ebeea9e5097d032429f884eaf401df1fcf7c874cf4bc989ad8e6116e99cae84,2026-04-30 21:38:48,0xa0dcf6ec853108e1f120f83704f110cdaa96b37a58c6b5bec34975ad46949c0e,btc-updown-15m-1777573800
"Bitcoin Up or Down - April 30, 2:30PM-2:45PM ET",Up,BUY,1.783332,0.5999998878503834,0x9ebeea9e5097d032429f884eaf401df1fcf7c874cf4bc989ad8e6116e99cae84,2026-04-30 21:38:48,0xf0e74376864cc358086e05c036c2faf845a632c620b15e5b4d1526ee29e4999a,btc-updown-15m-1777573800
"Bitcoin Up or Down - April 30, 2:30PM-2:45PM ET",Up,BUY,1.783332,0.5999998878503834,0x9ebeea9e5097d032429f884eaf401df1fcf7c874cf4bc989ad8e6116e99cae84,2026-04-30 21:38:48,0x28fd3b4b5d85419821cddc53531d2bf9b56d1d38522d7df0c569c8ae613fe666,btc-updown-15m-1777573800
"Ethereum Up or Down - April 30, 2:35PM-2:40PM ET",Up,BUY,1.1237,0.97,0x2d3bbc3aea0f66c5c8138285842d8a823e76ac90d757deb0f7e1f56d3b47e403,2026-04-30 21:38:30,0x1ea339e4a759006b4718a55535071944564eb96b87dc5193d320e5ad5a66483b,eth-updown-5m-1777574100
"Bitcoin Up or Down - April 30, 2:35PM-2:40PM ET",Up,BUY,1.621211,0.6599998396260573,0x6b3494887f73cf5622767e3c809eb908007faacce20584de8ca5c6da84abe9b1,2026-04-30 21:38:14,0x1de731e78febdd1a5816d15d73c761137e825c73e90b10607a406970c6412024,btc-updown-5m-1777574100
"Bitcoin Up or Down - April 30, 2:35PM-2:40PM ET",Up,BUY,1.621211,0.6599998396260573,0x6b3494887f73cf5622767e3c809eb908007faacce20584de8ca5c6da84abe9b1,2026-04-30 21:38:14,0xd32a7ac50a89d1d514a831ad2670afb28a5190ce37edcb622eb20c68dbbca41a,btc-updown-5m-1777574100
"Bitcoin Up or Down - April 30, 2:35PM-2:40PM ET",Down,BUY,4.521738,0.22999983634611293,0x6b3494887f73cf5622767e3c809eb908007faacce20584de8ca5c6da84abe9b1,2026-04-30 21:37:46,0x959d9399123fb3b68ca8334e9cf2353b96497de415abb65ba43b03e3fc2f6f51,btc-updown-5m-1777574100
"Bitcoin Up or Down - April 30, 2:35PM-2:40PM ET",Up,BUY,1.384613,0.7799998988887148,0x6b3494887f73cf5622767e3c809eb908007faacce20584de8ca5c6da84abe9b1,2026-04-30 21:37:10,0xbac263886847776316f0aaa14afde601a1d337c07b60b2166460fb38fd3a8ac9,btc-updown-5m-1777574100
"Bitcoin Up or Down - April 30, 2:35PM-2:40PM ET",Up,BUY,1.3625,0.8,0x6b3494887f73cf5622767e3c809eb908007faacce20584de8ca5c6da84abe9b1,2026-04-30 21:37:10,0xdcbe8ea9c23b3d363263cae4d0f3351359e1b9c0d1ba13d3a1770d4e44c6bad0,btc-updown-5m-1777574100
"Bitcoin Up or Down - April 30, 2:35PM-2:40PM ET",Up,BUY,1.402595,0.7699998930553723,0x6b3494887f73cf5622767e3c809eb908007faacce20584de8ca5c6da84abe9b1,2026-04-30 21:36:44,0xf9a51f5c5c020c2f30675bad3af60dcc5dbe8e00702e781e03903448a4fc87bd,btc-updown-5m-1777574100
"Ethereum Up or Down - April 30, 2:35PM-2:40PM ET",Up,BUY,1.238633,0.8799999677063344,0x2d3bbc3aea0f66c5c8138285842d8a823e76ac90d757deb0f7e1f56d3b47e403,2026-04-30 21:36:44,0xdbccd28db1cf396ea0a4f208cb8da8ea1fb3055e3c47a8d5d1c9118a4493b9ee,eth-updown-5m-1777574100
"Ethereum Up or Down - April 30, 2:35PM-2:40PM ET",Up,BUY,1.224718,0.8899999836697101,0x2d3bbc3aea0f66c5c8138285842d8a823e76ac90d757deb0f7e1f56d3b47e403,2026-04-30 21:36:44,0xfef9a554c7c0ad3e4c4a21bba660e18682fd8d568b059d66929195b0e8a0ba89,eth-updown-5m-1777574100
"Bitcoin Up or Down - April 30, 2:35PM-2:40PM ET",Down,BUY,4.333332,0.2399998430768748,0x6b3494887f73cf5622767e3c809eb908007faacce20584de8ca5c6da84abe9b1,2026-04-30 21:36:32,0xf3d40dd8e457987c4b4b5c4cd136f376e32f703ebce40bc3a60657fe93818228,btc-updown-5m-1777574100
"Ethereum Up or Down - April 30, 2:35PM-2:40PM ET",Up,BUY,1.282346,0.8499999220179265,0x2d3bbc3aea0f66c5c8138285842d8a823e76ac90d757deb0f7e1f56d3b47e403,2026-04-30 21:36:26,0x51e9a83917cf2f370d43300dc3bbb7e7569abb00cf8311759885d2a0d696594f,eth-updown-5m-1777574100
"Ethereum Up or Down - April 30, 2:35PM-2:40PM ET",Up,BUY,1.297618,0.8399999075228611,0x2d3bbc3aea0f66c5c8138285842d8a823e76ac90d757deb0f7e1f56d3b47e403,2026-04-30 21:36:24,0x2865d3c11491caf943e7b3c1d03c212d2776dfa47f0d7757d8950acad152b9df,eth-updown-5m-1777574100
"Ethereum Up or Down - April 30, 2:35PM-2:40PM ET",Up,BUY,1.329266,0.8199999097246149,0x2d3bbc3aea0f66c5c8138285842d8a823e76ac90d757deb0f7e1f56d3b47e403,2026-04-30 21:36:24,0x940d286d0854edacc377990388a875b73912d8d2266694686632473757cfeec9,eth-updown-5m-1777574100
"Bitcoin Up or Down - April 30, 2:35PM-2:40PM ET",Up,BUY,1.44,0.75,0x6b3494887f73cf5622767e3c809eb908007faacce20584de8ca5c6da84abe9b1,2026-04-30 21:36:08,0xa1945d2675665206ebe652dcdb6e3f72eef7aba41f48d99cc13655db7eb05133,btc-updown-5m-1777574100
"Bitcoin Up or Down - April 30, 2:35PM-2:40PM ET",Up,BUY,1.42105,0.76,0x6b3494887f73cf5622767e3c809eb908007faacce20584de8ca5c6da84abe9b1,2026-04-30 21:36:04,0xfed62ec64f1f62c2e130d20f1d61620bc35acfdaeca2afbff1fddd62431c354e,btc-updown-5m-1777574100
"Bitcoin Up or Down - April 30, 2:35PM-2:40PM ET",Up,BUY,1.42105,0.76,0x6b3494887f73cf5622767e3c809eb908007faacce20584de8ca5c6da84abe9b1,2026-04-30 21:36:02,0xfbef8c838ccf72e216a3d9adc79b7ced55efa337b585adfbd0070cc9d4ae5072,btc-updown-5m-1777574100
"Bitcoin Up or Down - April 30, 2:35PM-2:40PM ET",Up,BUY,1.42105,0.76,0x6b3494887f73cf5622767e3c809eb908007faacce20584de8ca5c6da84abe9b1,2026-04-30 21:36:02,0x5707b34506aa0b1a57e34098e10037d3d510139041f07d7978850f2c4f99e74c,btc-updown-5m-1777574100
"Ethereum Up or Down - April 30, 2:35PM-2:40PM ET",Up,BUY,1.3625,0.8,0x2d3bbc3aea0f66c5c8138285842d8a823e76ac90d757deb0f7e1f56d3b47e403,2026-04-30 21:36:02,0xf842e43e8e93fc360aac05c98766ce413fd1c787501342ecdfe3f41b2a8cc344,eth-updown-5m-1777574100
"Bitcoin Up or Down - April 30, 2:35PM-2:40PM ET",Up,BUY,1.42105,0.76,0x6b3494887f73cf5622767e3c809eb908007faacce20584de8ca5c6da84abe9b1,2026-04-30 21:36:02,0xb36f92351d0f00b22445b4d4e3f1becc9524a798dd6b519c064de2f054c4744d,btc-updown-5m-1777574100
"Bitcoin Up or Down - April 30, 2:35PM-2:40PM ET",Up,BUY,1.42105,0.76,0x6b3494887f73cf5622767e3c809eb908007faacce20584de8ca5c6da84abe9b1,2026-04-30 21:36:02,0xc787a6f8db97d39121d0e7259981118afb1faba1145828751d2b0d5f26ebc244,btc-updown-5m-1777574100
"Ethereum Up or Down - April 30, 2:35PM-2:40PM ET",Up,BUY,1.3625,0.8,0x2d3bbc3aea0f66c5c8138285842d8a823e76ac90d757deb0f7e1f56d3b47e403,2026-04-30 21:36:02,0xad0ea7bf40e5224d09008059ad9ba0d7992e2b15d92916c4393419e0efa90871,eth-updown-5m-1777574100
"Ethereum Up or Down - April 30, 2:35PM-2:40PM ET",Up,BUY,1.367085,0.7899998902774882,0x2d3bbc3aea0f66c5c8138285842d8a823e76ac90d757deb0f7e1f56d3b47e403,2026-04-30 21:35:50,0x7b0d1263b079a5a62ed62f2efe93d24910f6593ef7494a5d6c85fd9a84364e9e,eth-updown-5m-1777574100
"Bitcoin Up or Down - April 30, 2:35PM-2:40PM ET",Up,BUY,1.565216,0.6899999744444217,0x6b3494887f73cf5622767e3c809eb908007faacce20584de8ca5c6da84abe9b1,2026-04-30 21:35:28,0xf53010b3162fe9e714468d994f5206d1064b1cfd6d9bd66efa8ff301935e6c41,btc-updown-5m-1777574100
"Bitcoin Up or Down - April 30, 2:35PM-2:40PM ET",Up,BUY,1.550722,0.6899998839250362,0x6b3494887f73cf5622767e3c809eb908007faacce20584de8ca5c6da84abe9b1,2026-04-30 21:35:28,0xf4b8920bd81fd940cf2deebf396b0cc915200046e2a8f7f5a9dded0cf44c2715,btc-updown-5m-1777574100
"Bitcoin Up or Down - April 30, 2:35PM-2:40PM ET",Down,BUY,2.625,0.4,0x6b3494887f73cf5622767e3c809eb908007faacce20584de8ca5c6da84abe9b1,2026-04-30 21:35:18,0xb9e229d806e43efcf79025c871fbc38be5acdcdc7a6e411f9e90cf4837d8be48,btc-updown-5m-1777574100
"Bitcoin Up or Down - April 30, 2:30PM-2:45PM ET",Up,BUY,1.646151,0.6499999088783471,0x9ebeea9e5097d032429f884eaf401df1fcf7c874cf4bc989ad8e6116e99cae84,2026-04-30 21:30:46,0x37532319b3a064ce40e596addbfe148f80927138c8ff2155164278418a101d0c,btc-updown-15m-1777573800
"Bitcoin Up or Down - April 30, 2:30PM-2:45PM ET",Up,BUY,1.646151,0.6499999088783471,0x9ebeea9e5097d032429f884eaf401df1fcf7c874cf4bc989ad8e6116e99cae84,2026-04-30 21:30:46,0x4896943ae2ba70b3c3bbfdb946782617e009a93d3e8d791b2e1b8937e6e96842,btc-updown-15m-1777573800
"Bitcoin Up or Down - April 30, 2:30PM-2:45PM ET",Up,BUY,1.646151,0.6499999088783471,0x9ebeea9e5097d032429f884eaf401df1fcf7c874cf4bc989ad8e6116e99cae84,2026-04-30 21:30:46,0x3c2044c0bfbfebfbb327483be0523c79461fd33b47a282a7b6f63e277b959f09,btc-updown-15m-1777573800
"Bitcoin Up or Down - April 30, 2:30PM-2:45PM ET",Up,BUY,1.69841,0.6299998233642053,0x9ebeea9e5097d032429f884eaf401df1fcf7c874cf4bc989ad8e6116e99cae84,2026-04-30 21:30:46,0xa50c1d655525854a41b06f57e09d92b79db1cb4aeba0f2fa5e9112bef92f2ac6,btc-updown-15m-1777573800
"Bitcoin Up or Down - April 30, 2:30PM-2:45PM ET",Up,BUY,1.69841,0.6299998233642053,0x9ebeea9e5097d032429f884eaf401df1fcf7c874cf4bc989ad8e6116e99cae84,2026-04-30 21:30:44,0x677eb303f02d2cf9d39c74034635ce799fe55be0c4a9556cd0409c1e1f231d04,btc-updown-15m-1777573800
"Bitcoin Up or Down - April 30, 2:30PM-2:45PM ET",Up,BUY,1.69841,0.6299998233642053,0x9ebeea9e5097d032429f884eaf401df1fcf7c874cf4bc989ad8e6116e99cae84,2026-04-30 21:30:44,0x8847471b059a5882dd32b18221953279b73dfa9256b3f368121f21def78c797b,btc-updown-15m-1777573800
"Bitcoin Up or Down - April 30, 12:00PM-4:00PM ET",Up,BUY,3,0.35,0xf54b375b7a03176e09b2f4470d3369c893be8d846b87597bae4d2d30b13e6e70,2026-04-30 21:30:44,0xe63ec14848ef7824ec5783a02bed1a0bc673ce466658fdc4e949deb2cd94cc18,btc-updown-4h-1777564800
"Bitcoin Up or Down - April 30, 12:00PM-4:00PM ET",Up,BUY,3,0.35,0xf54b375b7a03176e09b2f4470d3369c893be8d846b87597bae4d2d30b13e6e70,2026-04-30 21:30:44,0x46a36e01dffde5d37774f292481691e0de314d176c9ff1144e14bc3e2e66d37e,btc-updown-4h-1777564800
"Bitcoin Up or Down - April 30, 12:00PM-4:00PM ET",Up,BUY,3,0.35,0xf54b375b7a03176e09b2f4470d3369c893be8d846b87597bae4d2d30b13e6e70,2026-04-30 21:30:44,0xa969915e13aaeb00e21be2a9abd2a4a0187464b92a37e9a93034dd04d929ad7a,btc-updown-4h-1777564800
"Bitcoin Up or Down - April 30, 2:30PM-2:45PM ET",Down,BUY,2.717947,0.38999987858482893,0x9ebeea9e5097d032429f884eaf401df1fcf7c874cf4bc989ad8e6116e99cae84,2026-04-30 21:30:44,0xac111766120fc17ae16d9dd342ce251ce1eebc200bcd4e9e01121f3a2fddb618,btc-updown-15m-1777573800
"Bitcoin Up or Down - April 30, 12:00PM-4:00PM ET",Up,BUY,3,0.35,0xf54b375b7a03176e09b2f4470d3369c893be8d846b87597bae4d2d30b13e6e70,2026-04-30 21:30:44,0x2f4c3896f5227448896107befb37a1eec5cce902160b3417cb844c2acc47c9bd,btc-updown-4h-1777564800
"Bitcoin Up or Down - April 30, 2:30PM-2:45PM ET",Down,BUY,2.07843,0.509999855660282,0x9ebeea9e5097d032429f884eaf401df1fcf7c874cf4bc989ad8e6116e99cae84,2026-04-30 21:30:40,0x869595462da6c3e3a4465881f9d83267c6c61e8bfa5a9ff206869b25c2ff6923,btc-updown-15m-1777573800
"Ethereum Up or Down - April 30, 2:30PM-2:35PM ET",Up,BUY,2.163264,0.4899998335848052,0x3fc39fe2ba26bb468ef7fc9a5b88b51debd963478a5a23625fa5b6032c6416d6,2026-04-30 21:30:40,0x89ab59c2ae82874427b66280c21f72e68b2be4e21426218ec5b8b816bb13be8e,eth-updown-5m-1777573800
"Ethereum Up or Down - April 30, 2:30PM-2:35PM ET",Up,BUY,2.163264,0.4899998335848052,0x3fc39fe2ba26bb468ef7fc9a5b88b51debd963478a5a23625fa5b6032c6416d6,2026-04-30 21:30:40,0x12b39b7d5b001bb2b7563b566d9d9044ba860e0bda35bc39efb738416f2d5f91,eth-updown-5m-1777573800
"Bitcoin Up or Down - April 30, 2:30PM-2:35PM ET",Up,BUY,2.12,0.5,0x5afa6707d261aa5ec704292403715158e348af8180ff06f3ddd575f158eefb0a,2026-04-30 21:30:40,0x76781089730e2e23d8153c3e33a15233edc74f6e5e407e98edb1f93eb29a2353,btc-updown-5m-1777573800
"Bitcoin Up or Down - April 30, 2:30PM-2:35PM ET",Up,BUY,2.12,0.5,0x5afa6707d261aa5ec704292403715158e348af8180ff06f3ddd575f158eefb0a,2026-04-30 21:30:40,0x99096c8b909cfa00f1840fb6ca619358ca59774db32241a2ecc0940636d52c93,btc-updown-5m-1777573800
"Ethereum Up or Down - April 30, 2:30PM-2:35PM ET",Up,BUY,2.355554,0.4499998726414253,0x3fc39fe2ba26bb468ef7fc9a5b88b51debd963478a5a23625fa5b6032c6416d6,2026-04-30 21:30:40,0xb56c84376bcca8845536102c28d967d99120e12a21f715516325ded8d01e2d98,eth-updown-5m-1777573800
"Bitcoin Up or Down - April 30, 2:30PM-2:35PM ET",Down,BUY,2.07843,0.509999855660282,0x5afa6707d261aa5ec704292403715158e348af8180ff06f3ddd575f158eefb0a,2026-04-30 21:30:40,0xc48ff2b56e6431575bf803bc95534349e8ef2f5a2493bb133fe95b8dcbfa2d68,btc-updown-5m-1777573800
"Ethereum Up or Down - April 30, 2:30PM-2:35PM ET",Down,BUY,1.827585,0.5799998358489482,0x3fc39fe2ba26bb468ef7fc9a5b88b51debd963478a5a23625fa5b6032c6416d6,2026-04-30 21:30:40,0xf409d70ebcb17c2ae31ddd3191abf2dd370b9755f0208529032aded32b88d451,eth-updown-5m-1777573800
"Bitcoin Up or Down - April 30, 2:30PM-2:35PM ET",Down,BUY,2.07843,0.509999855660282,0x5afa6707d261aa5ec704292403715158e348af8180ff06f3ddd575f158eefb0a,2026-04-30 21:30:40,0xbe8732d02458e60779b21772c9f44f316830c1c728d92709d7218d4babbc11ee,btc-updown-5m-1777573800
"Bitcoin Up or Down - April 30, 2:30PM-2:35PM ET",Down,BUY,2.12,0.5,0x5afa6707d261aa5ec704292403715158e348af8180ff06f3ddd575f158eefb0a,2026-04-30 21:30:38,0xe1ed6b4d8a0c6488a3adef3d94a021c1f91e09b8d3940b7921b6c9d0054a0bce,btc-updown-5m-1777573800
"Bitcoin Up or Down - April 30, 2:30PM-2:35PM ET",Down,BUY,2.12,0.5,0x5afa6707d261aa5ec704292403715158e348af8180ff06f3ddd575f158eefb0a,2026-04-30 21:30:38,0xb31bc62629e357439076ee95ca13dba850e19d73e9c3439aa1b4e478f843784a,btc-updown-5m-1777573800
"Ethereum Up or Down - April 30, 2:30PM-2:35PM ET",Up,BUY,2.12,0.5,0x3fc39fe2ba26bb468ef7fc9a5b88b51debd963478a5a23625fa5b6032c6416d6,2026-04-30 21:30:38,0x3bef86c1a944433645863394a1deb39e668d5eaca235dbfe65c6d0f3f89f97da,eth-updown-5m-1777573800
"Bitcoin Up or Down - April 30, 2:30PM-2:45PM ET",Down,BUY,2.07843,0.509999855660282,0x9ebeea9e5097d032429f884eaf401df1fcf7c874cf4bc989ad8e6116e99cae84,2026-04-30 21:30:38,0x18256df4d5949127a56ac76d0384aaa30d02b82d849612384a114e2946956d73,btc-updown-15m-1777573800
"Bitcoin Up or Down - April 30, 2:30PM-2:35PM ET",Down,BUY,2.12,0.5,0x5afa6707d261aa5ec704292403715158e348af8180ff06f3ddd575f158eefb0a,2026-04-30 21:30:38,0xc9498f68069eb58d182139e31b1ee1d88a376e88775766cf8d6c80003f89979c,btc-updown-5m-1777573800
"Ethereum Up or Down - April 30, 2:30PM-2:35PM ET",Up,BUY,2.12,0.5,0x3fc39fe2ba26bb468ef7fc9a5b88b51debd963478a5a23625fa5b6032c6416d6,2026-04-30 21:30:38,0xd92f6f3b268a734d02bc5f4648e5b43b4aa21ad4c8b682e6cce5bcaba462aea9,eth-updown-5m-1777573800
"Ethereum Up or Down - April 30, 2:30PM-2:35PM ET",Up,BUY,2.12,0.5,0x3fc39fe2ba26bb468ef7fc9a5b88b51debd963478a5a23625fa5b6032c6416d6,2026-04-30 21:30:38,0x124330b215b140bdcd8b11a8d746a78c45706817bf40ed34b42df9b8a97a637e,eth-updown-5m-1777573800
"Ethereum Up or Down - April 30, 2:30PM-2:35PM ET",Up,BUY,2.07843,0.509999855660282,0x3fc39fe2ba26bb468ef7fc9a5b88b51debd963478a5a23625fa5b6032c6416d6,2026-04-30 21:30:38,0xcf02afee22b6e3fe3739f43d2726dc3eb2a8b4eff25aad3bcbdd0ec869b9c5a9,eth-updown-5m-1777573800
"Bitcoin Up or Down - April 30, 2:30PM-2:35PM ET",Down,BUY,2.12,0.5,0x5afa6707d261aa5ec704292403715158e348af8180ff06f3ddd575f158eefb0a,2026-04-30 21:30:38,0x46fd8592d5311fefadbdbacf7f90d7f8168ca527bd9b1f9ba39eca2d15973369,btc-updown-5m-1777573800
"Ethereum Up or Down - April 30, 2:30PM-2:35PM ET",Up,BUY,2.07843,0.509999855660282,0x3fc39fe2ba26bb468ef7fc9a5b88b51debd963478a5a23625fa5b6032c6416d6,2026-04-30 21:30:36,0x1e9a68e59bce3007d50ffd1fa9bab37aecce87eabbcf4263cd70497dd4aeac2c,eth-updown-5m-1777573800
"Bitcoin Up or Down - April 30, 2:30PM-2:35PM ET",Up,BUY,2.07843,0.509999855660282,0x5afa6707d261aa5ec704292403715158e348af8180ff06f3ddd575f158eefb0a,2026-04-30 21:30:36,0xf23dc66ce9eb23e346d2bbd99238fc4d79db4bb73e52c245f26303c57ee08980,btc-updown-5m-1777573800
"Ethereum Up or Down - April 30, 2:15PM-2:30PM ET",Down,BUY,1.345678,0.8099998662384315,0x9b9a94cba4cf14ff0ae1e61dcfd548ba6fc8a0dd3ba762cb77c662a621bb505c,2026-04-30 21:29:38,0x15f63864b43071ea8dd84672aae209821d2b006be72665dec567f2b436a23823,eth-updown-15m-1777572900
"Bitcoin Up or Down - April 30, 12:00PM-4:00PM ET",Down,BUY,1.542856,0.6999998703702743,0xf54b375b7a03176e09b2f4470d3369c893be8d846b87597bae4d2d30b13e6e70,2026-04-30 21:29:30,0xf954674177a8db378e3018cbc35330dcfbb42cf4bb2db0b84c5736a9db48497f,btc-updown-4h-1777564800
"Bitcoin Up or Down - April 30, 2PM ET",Up,BUY,1.892856,0.5599998098112059,0xa6a4406b67b93a4a979bbf509c1253b0d66dc9ae139b02ee7d6b765f26b523ed,2026-04-30 21:26:22,0x8935de5b46d568163ae40566db5f0343a8c87f7f8939ddd2763ba681d45eabc4,bitcoin-up-or-down-april-30-2026-2pm-et
"Bitcoin Up or Down - April 30, 2PM ET",Up,BUY,1.910713,0.5599998534578453,0xa6a4406b67b93a4a979bbf509c1253b0d66dc9ae139b02ee7d6b765f26b523ed,2026-04-30 21:26:22,0xc67920ebe785656abdf68e4e3434d6d34457302c359d7f5336b9ca6eab62aec8,bitcoin-up-or-down-april-30-2026-2pm-et
"Bitcoin Up or Down - April 30, 2:15PM-2:30PM ET",Down,BUY,4.976075,0.20899986435091913,0x929bdff297a22ab4668bcc044bb51ffadda6b147e23e7a1f3303b0e1c8252c0b,2026-04-30 21:26:20,0x66cc04ee999f3078255399615ec7474c91dc5fba115f07d8570cfe9bf1a131b9,btc-updown-15m-1777572900
"Bitcoin Up or Down - April 30, 2:15PM-2:30PM ET",Down,BUY,4.663676,0.2229998396114996,0x929bdff297a22ab4668bcc044bb51ffadda6b147e23e7a1f3303b0e1c8252c0b,2026-04-30 21:26:18,0x0bc540699249f27dbae809843e7e0e6f9023b8c73333122bd0bf28bb3f619072,btc-updown-15m-1777572900
"Bitcoin Up or Down - April 30, 2:15PM-2:30PM ET",Down,BUY,4.976075,0.20899986435091913,0x929bdff297a22ab4668bcc044bb51ffadda6b147e23e7a1f3303b0e1c8252c0b,2026-04-30 21:26:18,0xad2725c3676d5e6180bdfb9f95979f0ed8696e9cde764c96996749d15392c142,btc-updown-15m-1777572900
"Bitcoin Up or Down - April 30, 2:15PM-2:30PM ET",Down,BUY,4.928908,0.21099988070379888,0x929bdff297a22ab4668bcc044bb51ffadda6b147e23e7a1f3303b0e1c8252c0b,2026-04-30 21:26:18,0x3962e63a9c7499ab6572dc7ed8108455ac7c04fcbc46e2c54ad2d16301f3f018,btc-updown-15m-1777572900
"Bitcoin Up or Down - April 30, 2PM ET",Down,BUY,2.255318,0.4699997960376319,0xa6a4406b67b93a4a979bbf509c1253b0d66dc9ae139b02ee7d6b765f26b523ed,2026-04-30 21:26:18,0xa3d17e64a5d759f3c8dc54ce9648ff42da0dabdcb04a0d9a3aaab7fd0ebb9b28,bitcoin-up-or-down-april-30-2026-2pm-et
"Bitcoin Up or Down - April 30, 2:15PM-2:30PM ET",Down,BUY,4.928908,0.21099988070379888,0x929bdff297a22ab4668bcc044bb51ffadda6b147e23e7a1f3303b0e1c8252c0b,2026-04-30 21:26:18,0x41c0b002d9a232911c45a326833a0e065b39a14ef0e2e5c7ad554b47077af612,btc-updown-15m-1777572900
"Bitcoin Up or Down - April 30, 2:15PM-2:30PM ET",Down,BUY,7.103447,0.1449998852669697,0x929bdff297a22ab4668bcc044bb51ffadda6b147e23e7a1f3303b0e1c8252c0b,2026-04-30 21:26:00,0x00953c01e8ff99d47e4df060d9fec1257a813a6956391c70c134fa657c70d66b,btc-updown-15m-1777572900
"Ethereum Up or Down - April 30, 2:25PM-2:30PM ET",Down,BUY,1.21111,0.9,0x90fcd6115e20d7b542bc43eb4fdd49b7627870a5d922f05ba2d12d7ff71c548b,2026-04-30 21:25:54,0x93ce769ff13d3b9be65688a64ae294f952283265ecedcf1fec5a1e505d9ee146,eth-updown-5m-1777573500
"Ethereum Up or Down - April 30, 2:25PM-2:30PM ET",Up,BUY,6.866665,0.14999989077667253,0x90fcd6115e20d7b542bc43eb4fdd49b7627870a5d922f05ba2d12d7ff71c548b,2026-04-30 21:25:52,0x98eb326ac1e25fc8ba0464a98f8c2913b30ac419eaff3f503c3602f8d4c85f9b,eth-updown-5m-1777573500
"Ethereum Up or Down - April 30, 2:25PM-2:30PM ET",Down,BUY,1.21111,0.9,0x90fcd6115e20d7b542bc43eb4fdd49b7627870a5d922f05ba2d12d7ff71c548b,2026-04-30 21:25:52,0xe329e62666abc6ca656f33a7e387bdea34e993bcdeca9bf3f71bad82579d586c,eth-updown-5m-1777573500
"Bitcoin Up or Down - April 30, 2:15PM-2:30PM ET",Up,BUY,1.282346,0.8499999220179265,0x929bdff297a22ab4668bcc044bb51ffadda6b147e23e7a1f3303b0e1c8252c0b,2026-04-30 21:25:46,0x65da748d4c85a3ed4cb2c2ef71d149ed589bc5fc6aab0001043fe15510eca70c,btc-updown-15m-1777572900
"Bitcoin Up or Down - April 30, 2:15PM-2:30PM ET",Up,BUY,1.21111,0.9,0x929bdff297a22ab4668bcc044bb51ffadda6b147e23e7a1f3303b0e1c8252c0b,2026-04-30 21:25:46,0x2ab78a85e6e9d72eb2b92f9f90ed90c39b7cd36fee12dc45b16279a5444a15e8,btc-updown-15m-1777572900
"Bitcoin Up or Down - April 30, 2PM ET",Up,BUY,1.813558,0.5899998786915004,0xa6a4406b67b93a4a979bbf509c1253b0d66dc9ae139b02ee7d6b765f26b523ed,2026-04-30 21:25:46,0xf1d7b06b56c4f035dc5f78c83e98654cacb6835e1f17d8c84890816e6ceb94fa,bitcoin-up-or-down-april-30-2026-2pm-et
"Ethereum Up or Down - April 30, 2:25PM-2:30PM ET",Up,BUY,6.866665,0.14999989077667253,0x90fcd6115e20d7b542bc43eb4fdd49b7627870a5d922f05ba2d12d7ff71c548b,2026-04-30 21:25:46,0x8381f8edb61d65093cfe917f63171f5bcacb6ceb9b6af043a9b2f121c8e21b80,eth-updown-5m-1777573500
"Bitcoin Up or Down - April 30, 2:15PM-2:30PM ET",Up,BUY,1.21111,0.9,0x929bdff297a22ab4668bcc044bb51ffadda6b147e23e7a1f3303b0e1c8252c0b,2026-04-30 21:25:46,0xe754c7a0d9c89ca0606faf2936baaaea317ec8d3c6365ebe5a74001b25568273,btc-updown-15m-1777572900
"Ethereum Up or Down - April 30, 2:25PM-2:30PM ET",Up,BUY,6.866665,0.14999989077667253,0x90fcd6115e20d7b542bc43eb4fdd49b7627870a5d922f05ba2d12d7ff71c548b,2026-04-30 21:25:46,0x7ecf9fd6b4f6acf96a545bf2424bb3970d06d0474dfca5561e7a0d618e3c79ce,eth-updown-5m-1777573500
"Bitcoin Up or Down - April 30, 2PM ET",Up,BUY,1.813558,0.5899998786915004,0xa6a4406b67b93a4a979bbf509c1253b0d66dc9ae139b02ee7d6b765f26b523ed,2026-04-30 21:25:42,0x1b853aca4b5747a014313a14a1e7f5afa2f02a3a6ca004cd93b90855424b01a9,bitcoin-up-or-down-april-30-2026-2pm-et
"Bitcoin Up or Down - April 30, 2PM ET",Up,BUY,1.813558,0.5899998786915004,0xa6a4406b67b93a4a979bbf509c1253b0d66dc9ae139b02ee7d6b765f26b523ed,2026-04-30 21:25:42,0xdaf9b5570f663522765767a8d35d32732b24dff96570df3258b6c3abc919545a,bitcoin-up-or-down-april-30-2026-2pm-et
"Bitcoin Up or Down - April 30, 12:00PM-4:00PM ET",Up,BUY,2.916665,0.3599998628570645,0xf54b375b7a03176e09b2f4470d3369c893be8d846b87597bae4d2d30b13e6e70,2026-04-30 21:25:42,0x9cc91af5553c0d5f50cfc0e0ebba7716b8ed1635fb17c386247693031d4fd669,btc-updown-4h-1777564800
"Ethereum Up or Down - April 30, 2:25PM-2:30PM ET",Up,BUY,6.4375,0.16,0x90fcd6115e20d7b542bc43eb4fdd49b7627870a5d922f05ba2d12d7ff71c548b,2026-04-30 21:25:28,0xff73b99e8f8855e9463a0d66a3907176829d739fa248382fd462ee6746e4868f,eth-updown-5m-1777573500
"Ethereum Up or Down - April 30, 2:25PM-2:30PM ET",Down,BUY,1.282346,0.8499999220179265,0x90fcd6115e20d7b542bc43eb4fdd49b7627870a5d922f05ba2d12d7ff71c548b,2026-04-30 21:25:24,0x2f726217a766de92752d8ddd583cb0eaa2c4c1fee0a14885307e978ddd6339fe,eth-updown-5m-1777573500
"Bitcoin Up or Down - April 30, 2PM ET",Down,BUY,3,0.35,0xa6a4406b67b93a4a979bbf509c1253b0d66dc9ae139b02ee7d6b765f26b523ed,2026-04-30 21:25:22,0xe4152756e0066bc0fedccf9ac7a2683375bb58eb93f768ab1bc9fe4b83592a15,bitcoin-up-or-down-april-30-2026-2pm-et
"Ethereum Up or Down - April 30, 2:25PM-2:30PM ET",Down,BUY,1.550722,0.6899998839250362,0x90fcd6115e20d7b542bc43eb4fdd49b7627870a5d922f05ba2d12d7ff71c548b,2026-04-30 21:25:22,0x1f7a3e26fd43f3fb1b5a850b4bdf59f73d89234caea5f50484d9657b274ccea7,eth-updown-5m-1777573500
"Bitcoin Up or Down - April 30, 2:25PM-2:30PM ET",Down,BUY,1.479451,0.7299998445369262,0x5d5de487248a6933f7fc43d2471472bddb9dd6b50128d84721244848ab69edfd,2026-04-30 21:25:22,0xfbfacc58dbdb7b2809441170e8fd067b2027139fd257ba2e98d4240b6677b899,btc-updown-5m-1777573500
"Bitcoin Up or Down - April 30, 2:25PM-2:30PM ET",Down,BUY,1.646151,0.6499999088783471,0x5d5de487248a6933f7fc43d2471472bddb9dd6b50128d84721244848ab69edfd,2026-04-30 21:25:22,0xb3fb507b739b966a5053e0f62ab7edd6535e6be60201f5ffa097399bafe63c73,btc-updown-5m-1777573500
"Bitcoin Up or Down - April 30, 2PM ET",Down,BUY,3.151514,0.3299998032691589,0xa6a4406b67b93a4a979bbf509c1253b0d66dc9ae139b02ee7d6b765f26b523ed,2026-04-30 21:25:22,0x8128fc87620851fd725debe5f35c62dc84a4957bfd40647dc89301b8797629ac,bitcoin-up-or-down-april-30-2026-2pm-et
"Bitcoin Up or Down - April 30, 2:25PM-2:30PM ET",Down,BUY,1.48611,0.7199998654204601,0x5d5de487248a6933f7fc43d2471472bddb9dd6b50128d84721244848ab69edfd,2026-04-30 21:25:22,0x67a839582109f184742f31c0fc29da0bf7e6c5cf0369cff92461cfe6e0fb8d1d,btc-updown-5m-1777573500
"Bitcoin Up or Down - April 30, 2:25PM-2:30PM ET",Down,BUY,1.550722,0.6899998839250362,0x5d5de487248a6933f7fc43d2471472bddb9dd6b50128d84721244848ab69edfd,2026-04-30 21:25:20,0x25ec216269e8d3b53c79b5e090b0cea3f35b58516aa364ae3800a03e18bc17e7,btc-updown-5m-1777573500
"Bitcoin Up or Down - April 30, 2:25PM-2:30PM ET",Down,BUY,1.573528,0.6799999745794164,0x5d5de487248a6933f7fc43d2471472bddb9dd6b50128d84721244848ab69edfd,2026-04-30 21:25:18,0x32ae914447fde91867b9f2f615f60b18932ab1720d8f9f03c9683a299262a01c,btc-updown-5m-1777573500
"Bitcoin Up or Down - April 30, 2:25PM-2:30PM ET",Down,BUY,1.646151,0.6499999088783471,0x5d5de487248a6933f7fc43d2471472bddb9dd6b50128d84721244848ab69edfd,2026-04-30 21:25:18,0x359a344b0c496250f0f91b434985b55c5d3fcfeeb39ed15d9b4b9075e246c8e7,btc-updown-5m-1777573500
"Bitcoin Up or Down - April 30, 2:25PM-2:30PM ET",Down,BUY,1.783332,0.5999998878503834,0x5d5de487248a6933f7fc43d2471472bddb9dd6b50128d84721244848ab69edfd,2026-04-30 21:25:18,0xe203bec58455dfc5fb53ec4e5c6fa08ae739de49d1a4c5188345a669a0edc4fd,btc-updown-5m-1777573500
"Bitcoin Up or Down - April 30, 2:25PM-2:30PM ET",Down,BUY,1.783332,0.5999998878503834,0x5d5de487248a6933f7fc43d2471472bddb9dd6b50128d84721244848ab69edfd,2026-04-30 21:25:18,0x292323dcfecd0b3348d6b02270eb603edc59ccc0f39b6daaa9c775e8be51f0d1,btc-updown-5m-1777573500
"Bitcoin Up or Down - April 30, 2:25PM-2:30PM ET",Down,BUY,1.796609,0.5899998274527178,0x5d5de487248a6933f7fc43d2471472bddb9dd6b50128d84721244848ab69edfd,2026-04-30 21:25:16,0x58c28dea15e2c20f77070eb6a7bac28df7ea0b865e11246890e694ff7e1f5b1d,btc-updown-5m-1777573500
"Bitcoin Up or Down - April 30, 12:00PM-4:00PM ET",Down,BUY,1.813558,0.5899998786915004,0xf54b375b7a03176e09b2f4470d3369c893be8d846b87597bae4d2d30b13e6e70,2026-04-30 21:25:16,0xaffb3c9ae54f7146b9a1b99c49a6d33c3fbdad07a766f2b0bc5c02f1aab259f7,btc-updown-4h-1777564800
"Ethereum Up or Down - April 30, 2:25PM-2:30PM ET",Down,BUY,1.550722,0.6899998839250362,0x90fcd6115e20d7b542bc43eb4fdd49b7627870a5d922f05ba2d12d7ff71c548b,2026-04-30 21:25:16,0xf1de89b9ef4494db20a18119a29bee1d1034ec832fe7693e64ea040ca5c6ec00,eth-updown-5m-1777573500
"Bitcoin Up or Down - April 30, 2:20PM-2:25PM ET",Down,BUY,1.397434,0.779999627889403,0x920bbb935cec1ce227be73289b8315c26a5c92fa7165b5b60bf23d07184d4377,2026-04-30 21:24:48,0x008084600dcff4787fb000d940b7d0359e625f58ef3da78f845d50fe73ffc4bb,btc-updown-5m-1777573200
"Bitcoin Up or Down - April 30, 2:20PM-2:25PM ET",Down,BUY,1.328945,0.7599998495046822,0x920bbb935cec1ce227be73289b8315c26a5c92fa7165b5b60bf23d07184d4377,2026-04-30 21:24:46,0xadf7715d12e77bbb773a10af44540a61c1d0fc1f9deebe0ec2533e5ee97a1af5,btc-updown-5m-1777573200
"Bitcoin Up or Down - April 30, 2:20PM-2:25PM ET",Down,BUY,1.415582,0.7699999011007487,0x920bbb935cec1ce227be73289b8315c26a5c92fa7165b5b60bf23d07184d4377,2026-04-30 21:24:38,0x48d049ce1388d413db1540a8e0528a0b501fb606c45ee5afd581f70f84d7d1d4,btc-updown-5m-1777573200
"Bitcoin Up or Down - April 30, 2:20PM-2:25PM ET",Up,BUY,4.333332,0.2399998430768748,0x920bbb935cec1ce227be73289b8315c26a5c92fa7165b5b60bf23d07184d4377,2026-04-30 21:24:38,0x11fa82c37e7933d04e41e2d99181e36d3c74316b6ab4843de7dd5b72c3deaa86,btc-updown-5m-1777573200
"Bitcoin Up or Down - April 30, 2:20PM-2:25PM ET",Down,BUY,1.35,0.8,0x920bbb935cec1ce227be73289b8315c26a5c92fa7165b5b60bf23d07184d4377,2026-04-30 21:24:24,0xd5d3141d027b7f574213c31bab6d5a5f5f0166aa754b97277e4f4303ddffccf2,btc-updown-5m-1777573200
"Bitcoin Up or Down - April 30, 2:20PM-2:25PM ET",Up,BUY,3.85185,0.2699998701922453,0x920bbb935cec1ce227be73289b8315c26a5c92fa7165b5b60bf23d07184d4377,2026-04-30 21:24:12,0xb93a1546ca69b20cc72a565096138b1d8da726497594e2e846f71e27fcc537c6,btc-updown-5m-1777573200
"Ethereum Up or Down - April 30, 2:20PM-2:25PM ET",Down,BUY,1.172042,0.9299999488072953,0xae3c57cd10598ba3b275f819b55fbf44fd9a25440d99d1abde53e4f20f4104a5,2026-04-30 21:24:08,0xe4749060dc2e9c7419d1fc8ebf47f0855545666f77fa02ed26464344e4cf99bb,eth-updown-5m-1777573200
"Bitcoin Up or Down - April 30, 2PM ET",Down,BUY,3.714284,0.2799998599999354,0xa6a4406b67b93a4a979bbf509c1253b0d66dc9ae139b02ee7d6b765f26b523ed,2026-04-30 21:24:04,0x94895342897c2074d2dd31f9cacdb5f816bf36aefbf18145d57cfe9c06b7a242,bitcoin-up-or-down-april-30-2026-2pm-et
"Bitcoin Up or Down - April 30, 12:00PM-4:00PM ET",Down,BUY,1.87719,0.5699998401866619,0xf54b375b7a03176e09b2f4470d3369c893be8d846b87597bae4d2d30b13e6e70,2026-04-30 21:24:02,0x664c3aa00266548d383ed7315a7ff6c988ee803ee7d08936b3e6b7b0b9966466,btc-updown-4h-1777564800
"Ethereum Up or Down - April 30, 2:20PM-2:25PM ET",Up,BUY,5.2,0.2,0xae3c57cd10598ba3b275f819b55fbf44fd9a25440d99d1abde53e4f20f4104a5,2026-04-30 21:23:56,0x02087fc5f88aef3c3004a8df2e904f06d90b6080159cc4a4f21c560fa2c0d258,eth-updown-5m-1777573200
"Ethereum Up or Down - April 30, 2:20PM-2:25PM ET",Up,BUY,5.2,0.2,0xae3c57cd10598ba3b275f819b55fbf44fd9a25440d99d1abde53e4f20f4104a5,2026-04-30 21:23:56,0xfac75e3181508f4c4fe61444c95b022198d76e7e2970c68345c1eb806a91e78a,eth-updown-5m-1777573200
"Ethereum Up or Down - April 30, 2:20PM-2:25PM ET",Up,BUY,5.777776,0.1799998823076561,0xae3c57cd10598ba3b275f819b55fbf44fd9a25440d99d1abde53e4f20f4104a5,2026-04-30 21:23:54,0xac9d4104c41767804cfc77c2f786fba59a885ee78b93b76d3f7b1d162dd53478,eth-updown-5m-1777573200
"Ethereum Up or Down - April 30, 2:20PM-2:25PM ET",Down,BUY,1.605216,0.6728060273508363,0xae3c57cd10598ba3b275f819b55fbf44fd9a25440d99d1abde53e4f20f4104a5,2026-04-30 21:23:32,0x109d4a7f7f8b1bafd301c78318900e8ad06148ce13cd18ddbfb2ed13453b55c4,eth-updown-5m-1777573200
"Ethereum Up or Down - April 30, 2:20PM-2:25PM ET",Down,BUY,1.611939,0.6699999193517869,0xae3c57cd10598ba3b275f819b55fbf44fd9a25440d99d1abde53e4f20f4104a5,2026-04-30 21:23:30,0x6fec87214e815af9abb35321c0b3eaf8f65e2060bab6597d87a8a040e5d40c63,eth-updown-5m-1777573200
"Ethereum Up or Down - April 30, 2:20PM-2:25PM ET",Up,BUY,2.916665,0.3599998628570645,0xae3c57cd10598ba3b275f819b55fbf44fd9a25440d99d1abde53e4f20f4104a5,2026-04-30 21:23:24,0xa4e03bb03f813e3245ad5b28ed0c0eb2fb8274d6aa5cd8cf8cec169b58470506,eth-updown-5m-1777573200
"Ethereum Up or Down - April 30, 2:20PM-2:25PM ET",Up,BUY,2.916665,0.3599998628570645,0xae3c57cd10598ba3b275f819b55fbf44fd9a25440d99d1abde53e4f20f4104a5,2026-04-30 21:23:22,0xedaed22d062fa2eb0042ab0d95ca8b95bf4bee3880e5f8c27e990d26447d20b1,eth-updown-5m-1777573200
"Bitcoin Up or Down - April 30, 2:20PM-2:25PM ET",Up,BUY,1.813558,0.5899998786915004,0x920bbb935cec1ce227be73289b8315c26a5c92fa7165b5b60bf23d07184d4377,2026-04-30 21:23:16,0xda292f1524b8117dd4bd6b549d8e46dae58f42fd3bed9c0f383bf5637bc5b239,btc-updown-5m-1777573200
"Bitcoin Up or Down - April 30, 2:20PM-2:25PM ET",Up,BUY,1.813558,0.5899998786915004,0x920bbb935cec1ce227be73289b8315c26a5c92fa7165b5b60bf23d07184d4377,2026-04-30 21:23:16,0x1435d9d19995d919072bbde5e591598d70365de0d9daf04b86d93440b8e15655,btc-updown-5m-1777573200
"Ethereum Up or Down - April 30, 2:20PM-2:25PM ET",Up,BUY,3.714284,0.2799998599999354,0xae3c57cd10598ba3b275f819b55fbf44fd9a25440d99d1abde53e4f20f4104a5,2026-04-30 21:23:14,0x924a86aefdc8b3446ee0ecb80f378aa70ac9fddb42089a94a98336aa56310f30,eth-updown-5m-1777573200
"Bitcoin Up or Down - April 30, 2:20PM-2:25PM ET",Up,BUY,1.813558,0.5899998786915004,0x920bbb935cec1ce227be73289b8315c26a5c92fa7165b5b60bf23d07184d4377,2026-04-30 21:23:14,0x5909a814c530421c0e5871ee6318bd2a63a1d78b1aaf45adb45d16bee0230960,btc-updown-5m-1777573200
