Market Title,Outcome,Side,Size,Price,Condition ID,Timestamp,Transaction Hash,Event Slug
"Bitcoin Up or Down - May 3, 4:00PM-4:15PM ET",Up,BUY,11,0.31,0x39bfad5dbabf9ec9338377e1be733b53f69d0a7f3e96f4569c26bcfe6e399bb4,2026-05-03 23:05:36,0xf12b0c0f25cc6eebfdc0f7c53e7e8007850dc7432ff520af96df1edd2a50dfba,btc-updown-15m-1777838400
"Ethereum Up or Down - May 3, 4:05PM-4:10PM ET",Up,BUY,10,0.45,0xf9e4f110c84d47b72f270d1d0a50928fd0cd748faf6b7ac9c6769149014c682c,2026-05-03 23:05:22,0x8123825be33fcb8441c115fd9aa8fe4a257b6884b73f206b9ad8fcd6727cb90b,eth-updown-5m-1777838700
"Bitcoin Up or Down - May 3, 4:05PM-4:10PM ET",Up,BUY,64,0.52,0xf3da3f5e62bc68d23b67752bd4e4b9472179c6db6e7cb2416ad6fa12b038e6b0,2026-05-03 23:05:22,0x31a068f4112ca74c8aff5a02c144dfe92940aa072839ba6312571b5177339342,btc-updown-5m-1777838700
"Bitcoin Up or Down - May 3, 4:00PM-4:15PM ET",Up,BUY,12,0.27,0x39bfad5dbabf9ec9338377e1be733b53f69d0a7f3e96f4569c26bcfe6e399bb4,2026-05-03 23:05:22,0xff8a62a1fc3fcb4fb5b2fa28bc8245a111e505c7553ab426106699d5f7a338e3,btc-updown-15m-1777838400
"Bitcoin Up or Down - May 3, 4:05PM-4:10PM ET",Up,BUY,80,0.49631875,0xf3da3f5e62bc68d23b67752bd4e4b9472179c6db6e7cb2416ad6fa12b038e6b0,2026-05-03 23:05:22,0x42855cc45edb5ce7365ae8139108abcba127e7e6ce2811dd2bc80d36bd260361,btc-updown-5m-1777838700
"Bitcoin Up or Down - May 3, 4PM ET",Up,BUY,5,0.33,0xda4ae058df833c289b18fab3f197229d050a697e058ce4fc60ff625ce8dfec65,2026-05-03 23:05:22,0xa27d665bdf0e423cea35a813baa014df5ff333642614546ee929e52c9a6ef1c4,bitcoin-up-or-down-may-3-2026-4pm-et
"Bitcoin Up or Down - May 3, 4:05PM-4:10PM ET",Up,BUY,20.25,0.48,0xf3da3f5e62bc68d23b67752bd4e4b9472179c6db6e7cb2416ad6fa12b038e6b0,2026-05-03 23:05:22,0x98171ed09040320b98b7a55eb9a77c9217d2dc0c89467cb98331eb7468896791,btc-updown-5m-1777838700
"Bitcoin Up or Down - May 3, 4:00PM-4:15PM ET",Down,BUY,15,0.74,0x39bfad5dbabf9ec9338377e1be733b53f69d0a7f3e96f4569c26bcfe6e399bb4,2026-05-03 23:05:22,0x7fea95212e76ea5b03615c9b98bee0a4a2876fe78cbd39dbed6ebb4766294dd1,btc-updown-15m-1777838400
"Bitcoin Up or Down - May 3, 4:05PM-4:10PM ET",Up,BUY,80,0.50557625,0xf3da3f5e62bc68d23b67752bd4e4b9472179c6db6e7cb2416ad6fa12b038e6b0,2026-05-03 23:05:22,0xf3b91b4e825151811568e8e318319b7c6d73f79fdc1647c442e809bd672756c1,btc-updown-5m-1777838700
"Bitcoin Up or Down - May 3, 4:05PM-4:10PM ET",Up,BUY,80,0.49875,0xf3da3f5e62bc68d23b67752bd4e4b9472179c6db6e7cb2416ad6fa12b038e6b0,2026-05-03 23:05:22,0x41b5e82e6ffe6d9f36a185bf293a41d68032e7855deb9916005f5959d04be2a5,btc-updown-5m-1777838700
"Bitcoin Up or Down - May 3, 4:00PM-4:15PM ET",Up,BUY,5,0.27,0x39bfad5dbabf9ec9338377e1be733b53f69d0a7f3e96f4569c26bcfe6e399bb4,2026-05-03 23:05:22,0xc774966f9a1f01f5efbc496bfb4f4c55f454a895b43bfe0c696dd9631826c578,btc-updown-15m-1777838400
"Ethereum Up or Down - May 3, 4:05PM-4:10PM ET",Down,BUY,11,0.56,0xf9e4f110c84d47b72f270d1d0a50928fd0cd748faf6b7ac9c6769149014c682c,2026-05-03 23:05:22,0xdf9db9a4df3e5cf0044e1de480753085129fd7ffb6dada85c237e7689e0179df,eth-updown-5m-1777838700
"Bitcoin Up or Down - May 3, 4:05PM-4:10PM ET",Down,BUY,86,0.54,0xf3da3f5e62bc68d23b67752bd4e4b9472179c6db6e7cb2416ad6fa12b038e6b0,2026-05-03 23:05:22,0x2fdb6846a84360d0f07b368181a767cb04b95926e1a24430fcdfcfd63792457c,btc-updown-5m-1777838700
"Ethereum Up or Down - May 3, 4:05PM-4:10PM ET",Down,BUY,11,0.56,0xf9e4f110c84d47b72f270d1d0a50928fd0cd748faf6b7ac9c6769149014c682c,2026-05-03 23:05:22,0xe2242897e74dcd2a1011d67ba330d3eaf99058e333bb93b18f0a9a66e555b188,eth-updown-5m-1777838700
"Bitcoin Up or Down - May 3, 4:05PM-4:10PM ET",Down,BUY,82,0.5554268292682927,0xf3da3f5e62bc68d23b67752bd4e4b9472179c6db6e7cb2416ad6fa12b038e6b0,2026-05-03 23:05:22,0xc03b5c2ca41fd6626418847554d169444629274e5b58c90a6d980793f7780cfe,btc-updown-5m-1777838700
"Bitcoin Up or Down - May 3, 4:00PM-4:15PM ET",Down,BUY,14,0.76,0x39bfad5dbabf9ec9338377e1be733b53f69d0a7f3e96f4569c26bcfe6e399bb4,2026-05-03 23:05:22,0x9fa799d45efcb1696c183e2491db91deff496a2a7c5f53846e94242a4a210e8b,btc-updown-15m-1777838400
"Ethereum Up or Down - May 3, 4:05PM-4:10PM ET",Up,BUY,10,0.45,0xf9e4f110c84d47b72f270d1d0a50928fd0cd748faf6b7ac9c6769149014c682c,2026-05-03 23:05:22,0x6bfa5a5e1c283696be69c16078681de77c7dd146530c073b7c9a4d8477b0a689,eth-updown-5m-1777838700
"Bitcoin Up or Down - May 3, 4:00PM-4:15PM ET",Up,BUY,11,0.31,0x39bfad5dbabf9ec9338377e1be733b53f69d0a7f3e96f4569c26bcfe6e399bb4,2026-05-03 23:05:20,0xdbab1cdd6d08835b704b4f914025c5efd90a3077f90dda52722cfc56e956df1a,btc-updown-15m-1777838400
"Bitcoin Up or Down - May 3, 4:05PM-4:10PM ET",Down,BUY,81,0.55,0xf3da3f5e62bc68d23b67752bd4e4b9472179c6db6e7cb2416ad6fa12b038e6b0,2026-05-03 23:05:20,0xba24237c09586b3d665650b50eedc0a259c13124a6116557dfbad54012436a4d,btc-updown-5m-1777838700
"Ethereum Up or Down - May 3, 4:05PM-4:10PM ET",Down,BUY,5,0.62,0xf9e4f110c84d47b72f270d1d0a50928fd0cd748faf6b7ac9c6769149014c682c,2026-05-03 23:05:18,0x70a7f545b6b5c6ed627a5935dfc15380628acbdb930085697926a2be8e47d4df,eth-updown-5m-1777838700
"Ethereum Up or Down - May 3, 4:05PM-4:10PM ET",Down,BUY,10,0.57,0xf9e4f110c84d47b72f270d1d0a50928fd0cd748faf6b7ac9c6769149014c682c,2026-05-03 23:05:18,0x4e0272b8d72eb06601953927e4370a0601237339d6a94412cd7ae146d5e64452,eth-updown-5m-1777838700
"Bitcoin Up or Down - May 3, 4:00PM-4:15PM ET",Down,BUY,13,0.74,0x39bfad5dbabf9ec9338377e1be733b53f69d0a7f3e96f4569c26bcfe6e399bb4,2026-05-03 23:05:14,0xcc0c62b4995f6b38ffe98adeb747ac4d03a724e6d18c38cc40d1f58f8c857ba7,btc-updown-15m-1777838400
"Ethereum Up or Down - May 3, 4:05PM-4:10PM ET",Down,BUY,10,0.57,0xf9e4f110c84d47b72f270d1d0a50928fd0cd748faf6b7ac9c6769149014c682c,2026-05-03 23:05:14,0x310f49fc5bb07458b8aae55cf3e748665d59ea6761267d5927a8791f39182b03,eth-updown-5m-1777838700
"Bitcoin Up or Down - May 3, 4:00PM-4:15PM ET",Down,BUY,13,0.74,0x39bfad5dbabf9ec9338377e1be733b53f69d0a7f3e96f4569c26bcfe6e399bb4,2026-05-03 23:05:14,0x271604576491436f67720c5f61ead79c28d7072cacd1c7d2d9a4fe3b69058f6c,btc-updown-15m-1777838400
"Bitcoin Up or Down - May 3, 4:00PM-4:15PM ET",Down,BUY,10,0.51,0x39bfad5dbabf9ec9338377e1be733b53f69d0a7f3e96f4569c26bcfe6e399bb4,2026-05-03 23:04:56,0x9c61cbb89ae620ea075847fadb0632f8d72b745a0c121734cdceec5b422edbf1,btc-updown-15m-1777838400
"Bitcoin Up or Down - May 3, 4PM ET",Down,BUY,5,0.58,0xda4ae058df833c289b18fab3f197229d050a697e058ce4fc60ff625ce8dfec65,2026-05-03 23:04:52,0x1d91f9f51d200b1a547907c69846309e0d59856a848eed21aedcbc1c0b923091,bitcoin-up-or-down-may-3-2026-4pm-et
"Bitcoin Up or Down - May 3, 4:00PM-8:00PM ET",Down,BUY,5,0.49,0x32c2c0b335a06328d0aac8f075320d1e799066fe032ed1f295ced59cafbe2873,2026-05-03 23:04:52,0x8f34da99444b7be50763ee515f22a837861f326f91623d74e02f3931d2d600d6,btc-updown-4h-1777838400
"Bitcoin Up or Down - May 3, 4PM ET",Down,BUY,5,0.57,0xda4ae058df833c289b18fab3f197229d050a697e058ce4fc60ff625ce8dfec65,2026-05-03 23:04:52,0x02fc6a2fa9a506a117bcd6a28ca7d81b5252b80da484116010d9c4dbfd27fc11,bitcoin-up-or-down-may-3-2026-4pm-et
"Bitcoin Up or Down - May 3, 4PM ET",Down,BUY,5,0.58,0xda4ae058df833c289b18fab3f197229d050a697e058ce4fc60ff625ce8dfec65,2026-05-03 23:04:52,0x541a89cef85edcf400d5502a21d8dc491b32ab1868cee5756d5d70a2406938e7,bitcoin-up-or-down-may-3-2026-4pm-et
"Bitcoin Up or Down - May 3, 4PM ET",Down,BUY,5,0.58,0xda4ae058df833c289b18fab3f197229d050a697e058ce4fc60ff625ce8dfec65,2026-05-03 23:04:52,0xef7697ef49e2aa767796be77a32b7c4715932aa524f97b88e34406aed18603e4,bitcoin-up-or-down-may-3-2026-4pm-et
"Bitcoin Up or Down - May 3, 4PM ET",Down,BUY,5,0.55,0xda4ae058df833c289b18fab3f197229d050a697e058ce4fc60ff625ce8dfec65,2026-05-03 23:04:48,0x6d34d2ac68e045065aa5e2ea05e81297fd27275cee67ad98c89c82f81249af93,bitcoin-up-or-down-may-3-2026-4pm-et
"Bitcoin Up or Down - May 3, 4:00PM-4:15PM ET",Down,BUY,11,0.35,0x39bfad5dbabf9ec9338377e1be733b53f69d0a7f3e96f4569c26bcfe6e399bb4,2026-05-03 23:04:44,0xbfa46387f87b372868d05a5e79c0c2b2f35b64f2e6002bc63869f5a6d87d345a,btc-updown-15m-1777838400
"Bitcoin Up or Down - May 3, 4PM ET",Down,BUY,5,0.52,0xda4ae058df833c289b18fab3f197229d050a697e058ce4fc60ff625ce8dfec65,2026-05-03 23:04:42,0x41799c462c72441488336ced313dd4a0b79d233e0cfd8090de74ba103d600a80,bitcoin-up-or-down-may-3-2026-4pm-et
"Bitcoin Up or Down - May 3, 4:00PM-4:15PM ET",Down,BUY,11,0.32,0x39bfad5dbabf9ec9338377e1be733b53f69d0a7f3e96f4569c26bcfe6e399bb4,2026-05-03 23:04:42,0x22af3d095837501966e86ae34b07443ad85d8345c3f65d0eb4d776cc9982ddc9,btc-updown-15m-1777838400
"Bitcoin Up or Down - May 3, 4:00PM-4:15PM ET",Down,BUY,11,0.35,0x39bfad5dbabf9ec9338377e1be733b53f69d0a7f3e96f4569c26bcfe6e399bb4,2026-05-03 23:04:42,0x9e449196f95fa78619df804bc30b91ce2c2642c6736e9cff8a2eeff7657331b0,btc-updown-15m-1777838400
"Bitcoin Up or Down - May 3, 4:00PM-4:15PM ET",Down,BUY,11,0.31,0x39bfad5dbabf9ec9338377e1be733b53f69d0a7f3e96f4569c26bcfe6e399bb4,2026-05-03 23:04:42,0xd473ccf34eb2c369e1fb57c5b9b5dd1facc2a1699f946490640be126028ee636,btc-updown-15m-1777838400
"Bitcoin Up or Down - May 3, 4:00PM-4:15PM ET",Up,BUY,12,0.69,0x39bfad5dbabf9ec9338377e1be733b53f69d0a7f3e96f4569c26bcfe6e399bb4,2026-05-03 23:04:24,0xc821a286e9b62a79dac28115bff087c81c47e2c04fab86cfcb45143cc2873be0,btc-updown-15m-1777838400
"Ethereum Up or Down - May 3, 4:00PM-4:05PM ET",Up,BUY,53,0.9347169811320755,0x8b2494681031f43e0cd80b67c072c14a54d6ff3e25a6be486f05c3d7173f24a8,2026-05-03 23:04:14,0x4cad66a7566a349e8e0812fc3947788062152d61a28334f268ea22d7b79cca34,eth-updown-5m-1777838400
"Bitcoin Up or Down - May 3, 4:00PM-4:15PM ET",Up,BUY,12,0.68,0x39bfad5dbabf9ec9338377e1be733b53f69d0a7f3e96f4569c26bcfe6e399bb4,2026-05-03 23:04:14,0x3b886f4e73c2a96b3e79f89a17091f184619bd21e6efd8d21bb400fc40438f9c,btc-updown-15m-1777838400
"Ethereum Up or Down - May 3, 4:00PM-4:05PM ET",Up,BUY,24,0.86,0x8b2494681031f43e0cd80b67c072c14a54d6ff3e25a6be486f05c3d7173f24a8,2026-05-03 23:03:44,0xaa8ceb0b273ee5e827560225edd82b8fcefc166acb06c9b76055767560585ebe,eth-updown-5m-1777838400
"Ethereum Up or Down - May 3, 4:00PM-4:05PM ET",Up,BUY,21,0.8476190476190476,0x8b2494681031f43e0cd80b67c072c14a54d6ff3e25a6be486f05c3d7173f24a8,2026-05-03 23:03:44,0x5f4e3f90e19f0bce53271d90dc3b94cf9671c126181284795b8c139302835ed7,eth-updown-5m-1777838400
"Ethereum Up or Down - May 3, 4:00PM-4:05PM ET",Down,BUY,13,0.22,0x8b2494681031f43e0cd80b67c072c14a54d6ff3e25a6be486f05c3d7173f24a8,2026-05-03 23:03:30,0x7637173e4fe638d6bc7426a604b76fbb2f9a69019c42122f0bedede796a2a380,eth-updown-5m-1777838400
"Ethereum Up or Down - May 3, 4:00PM-4:05PM ET",Down,BUY,13,0.22,0x8b2494681031f43e0cd80b67c072c14a54d6ff3e25a6be486f05c3d7173f24a8,2026-05-03 23:03:30,0xe26e8038227265b04efd2e04e71fe109be2b1b0172bce61491e2337fb4b3a942,eth-updown-5m-1777838400
"Ethereum Up or Down - May 3, 4:00PM-4:05PM ET",Down,BUY,13,0.24,0x8b2494681031f43e0cd80b67c072c14a54d6ff3e25a6be486f05c3d7173f24a8,2026-05-03 23:03:18,0x707cca6b50a734b6456ef437de75b363a6d4a88a9817d33a440c243f7bc56a85,eth-updown-5m-1777838400
"Ethereum Up or Down - May 3, 4:00PM-4:05PM ET",Down,BUY,5,0.23,0x8b2494681031f43e0cd80b67c072c14a54d6ff3e25a6be486f05c3d7173f24a8,2026-05-03 23:03:14,0xc3f5fc5f7003e6d83dfc2bab7ca04af7eae2bb9fb3739f11d512dbb61f06f0cd,eth-updown-5m-1777838400
"Ethereum Up or Down - May 3, 4:00PM-4:05PM ET",Down,BUY,15,0.19,0x8b2494681031f43e0cd80b67c072c14a54d6ff3e25a6be486f05c3d7173f24a8,2026-05-03 23:03:12,0xafd4c06a77e26be78dc92acd03acce68dca15de3753b28ee5116707022ee71c8,eth-updown-5m-1777838400
"Ethereum Up or Down - May 3, 4:00PM-4:05PM ET",Down,BUY,15,0.19,0x8b2494681031f43e0cd80b67c072c14a54d6ff3e25a6be486f05c3d7173f24a8,2026-05-03 23:03:06,0x61d37a0d17052c76b74db266e96f9985c16a4681851820572572f3a666e1bc6e,eth-updown-5m-1777838400
"Ethereum Up or Down - May 3, 4:00PM-4:05PM ET",Up,BUY,18,0.82,0x8b2494681031f43e0cd80b67c072c14a54d6ff3e25a6be486f05c3d7173f24a8,2026-05-03 23:02:58,0x37fe496ddbaf2c8c9f32663bc43680362d066f7711485a03103fb0ecc9a078fc,eth-updown-5m-1777838400
"Ethereum Up or Down - May 3, 4:00PM-4:05PM ET",Up,BUY,17,0.82,0x8b2494681031f43e0cd80b67c072c14a54d6ff3e25a6be486f05c3d7173f24a8,2026-05-03 23:02:58,0x6a9b96d7d6e4ad367a2acdb1e01fd617f743a524b1c15cb5197c3090aabe0287,eth-updown-5m-1777838400
"Ethereum Up or Down - May 3, 4:00PM-4:05PM ET",Up,BUY,11,0.6327272727272727,0x8b2494681031f43e0cd80b67c072c14a54d6ff3e25a6be486f05c3d7173f24a8,2026-05-03 23:02:52,0x4d39e37d8a17aaf921e58247c4c179516dccfbfddde86af95d61c2f90bad4d66,eth-updown-5m-1777838400
"Ethereum Up or Down - May 3, 4:00PM-4:05PM ET",Down,BUY,10,0.38,0x8b2494681031f43e0cd80b67c072c14a54d6ff3e25a6be486f05c3d7173f24a8,2026-05-03 23:02:50,0x9997ed7fcd57bd76371c1e504fbdd7a9f263934a6af169e36896b2e13513468f,eth-updown-5m-1777838400
"Ethereum Up or Down - May 3, 4:00PM-4:05PM ET",Up,BUY,11,0.64,0x8b2494681031f43e0cd80b67c072c14a54d6ff3e25a6be486f05c3d7173f24a8,2026-05-03 23:02:38,0xc5d8805e933142b915fdb821e19e345c9f4645d467825baeded1e118f98bf937,eth-updown-5m-1777838400
"Ethereum Up or Down - May 3, 4:00PM-4:05PM ET",Up,BUY,10,0.58574,0x8b2494681031f43e0cd80b67c072c14a54d6ff3e25a6be486f05c3d7173f24a8,2026-05-03 23:02:20,0xe30ee741f6803689a234a53bb374ea325a0a48723a5d44783ab35d3fed4aa4a1,eth-updown-5m-1777838400
"Ethereum Up or Down - May 3, 4:00PM-4:05PM ET",Down,BUY,10,0.44,0x8b2494681031f43e0cd80b67c072c14a54d6ff3e25a6be486f05c3d7173f24a8,2026-05-03 23:02:06,0x2ea837294f8b37e9d3f477daf50177d78d2f044d61c19545bca65efd38d8d136,eth-updown-5m-1777838400
"Bitcoin Up or Down - May 3, 4PM ET",Down,BUY,5,0.46,0xda4ae058df833c289b18fab3f197229d050a697e058ce4fc60ff625ce8dfec65,2026-05-03 23:02:06,0x7924044f6e61235b23fb6edb91fe5f7e8fcbd3bef862677cfd5c40f1c8660790,bitcoin-up-or-down-may-3-2026-4pm-et
"Ethereum Up or Down - May 3, 4:00PM-4:05PM ET",Down,BUY,5,0.28,0x8b2494681031f43e0cd80b67c072c14a54d6ff3e25a6be486f05c3d7173f24a8,2026-05-03 23:02:04,0x23b658fb586cd1e91477097551568452a6e36988fd270c3bfe0bd68816e85b5c,eth-updown-5m-1777838400
"Ethereum Up or Down - May 3, 4:00PM-4:05PM ET",Up,BUY,15,0.76,0x8b2494681031f43e0cd80b67c072c14a54d6ff3e25a6be486f05c3d7173f24a8,2026-05-03 23:01:56,0x3549fbce9233e314e2a07d5e45e03ec8e7005885d2a2bd4f5976bf035e26bba6,eth-updown-5m-1777838400
"Ethereum Up or Down - May 3, 4:00PM-4:05PM ET",Up,BUY,15,0.75,0x8b2494681031f43e0cd80b67c072c14a54d6ff3e25a6be486f05c3d7173f24a8,2026-05-03 23:01:56,0xe39530fe7b605c96e3a3367d9ea7f2c38a494d4420702803988eb0990c1dcfdf,eth-updown-5m-1777838400
"Ethereum Up or Down - May 3, 4:00PM-4:05PM ET",Down,BUY,13,0.27,0x8b2494681031f43e0cd80b67c072c14a54d6ff3e25a6be486f05c3d7173f24a8,2026-05-03 23:01:44,0xb939148617da5df54a9392167048d383de5109a90b97b110fdfa266d7c4c226a,eth-updown-5m-1777838400
"Ethereum Up or Down - May 3, 4:00PM-4:05PM ET",Down,BUY,11,0.2736363636363636,0x8b2494681031f43e0cd80b67c072c14a54d6ff3e25a6be486f05c3d7173f24a8,2026-05-03 23:01:44,0x22d8982e8f3d5a39ed9889880880b2dfaf39c523b432c51b383e74cba3c68893,eth-updown-5m-1777838400
"Ethereum Up or Down - May 3, 4:00PM-4:05PM ET",Down,BUY,14,0.23,0x8b2494681031f43e0cd80b67c072c14a54d6ff3e25a6be486f05c3d7173f24a8,2026-05-03 23:01:40,0x29ea229d1d364fadbb1c676aa34551e82d4e38bda68863ec34fa9a85c16df076,eth-updown-5m-1777838400
"Bitcoin Up or Down - May 3, 4:00PM-4:15PM ET",Down,BUY,11,0.31,0x39bfad5dbabf9ec9338377e1be733b53f69d0a7f3e96f4569c26bcfe6e399bb4,2026-05-03 23:01:34,0x9c74e40caed086f67f0c8becbe509d49d335d42cc087cdbec4a835226761e827,btc-updown-15m-1777838400
"Bitcoin Up or Down - May 3, 4:00PM-4:15PM ET",Down,BUY,11,0.31,0x39bfad5dbabf9ec9338377e1be733b53f69d0a7f3e96f4569c26bcfe6e399bb4,2026-05-03 23:01:34,0xe1c5e303c525baa86edb2f020f0feeb8c0a0ebc2eafabead2ec75731f7a9fd31,btc-updown-15m-1777838400
"Bitcoin Up or Down - May 3, 4PM ET",Down,BUY,5,0.46,0xda4ae058df833c289b18fab3f197229d050a697e058ce4fc60ff625ce8dfec65,2026-05-03 23:01:34,0xaae4e9cae726fb3c66e185212238ab71bf3b1606ae45a29996da1f6c98e1efc6,bitcoin-up-or-down-may-3-2026-4pm-et
"Bitcoin Up or Down - May 3, 4:00PM-4:05PM ET",Down,BUY,81,0.52,0x6395ccf00f3ca816fc8487efc7d263c49b89375167a1204f7a5d294d0743aed4,2026-05-03 23:01:34,0x771b8e7296c986d46421689968715aafaef95cdf2db268aa808afa2d31cd0d2d,btc-updown-5m-1777838400
"Bitcoin Up or Down - May 3, 4PM ET",Up,BUY,5,0.49,0xda4ae058df833c289b18fab3f197229d050a697e058ce4fc60ff625ce8dfec65,2026-05-03 23:01:30,0x3409e411121e6a373a87d7067321881913ac680511e2bc183a948b042b33f61a,bitcoin-up-or-down-may-3-2026-4pm-et
"Bitcoin Up or Down - May 3, 4PM ET",Up,BUY,5,0.48,0xda4ae058df833c289b18fab3f197229d050a697e058ce4fc60ff625ce8dfec65,2026-05-03 23:01:28,0xadef06bdd56ae429e2c7c704b3175fe3e404fb96afe1c433bf1049daf2c01bc4,bitcoin-up-or-down-may-3-2026-4pm-et
"Bitcoin Up or Down - May 3, 4PM ET",Up,BUY,5,0.48,0xda4ae058df833c289b18fab3f197229d050a697e058ce4fc60ff625ce8dfec65,2026-05-03 23:01:28,0x96bd17c197a5cc7ebcc410d91694d865523f7eb0409cad70b5a1d09d868d5e16,bitcoin-up-or-down-may-3-2026-4pm-et
"Bitcoin Up or Down - May 3, 4PM ET",Up,BUY,5,0.48,0xda4ae058df833c289b18fab3f197229d050a697e058ce4fc60ff625ce8dfec65,2026-05-03 23:01:26,0xaab97167eb1ee3de8f22fbe9e35f73d5ee12a58b2bf5c7823236b5b9ad7eb7db,bitcoin-up-or-down-may-3-2026-4pm-et
"Bitcoin Up or Down - May 3, 4:00PM-4:15PM ET",Up,BUY,10,0.57,0x39bfad5dbabf9ec9338377e1be733b53f69d0a7f3e96f4569c26bcfe6e399bb4,2026-05-03 23:01:26,0xfd9a5f7d287d59574a659aed9a2df44642e37236ccf18cb9237a3dd2a7d76800,btc-updown-15m-1777838400
"Bitcoin Up or Down - May 3, 4:00PM-4:05PM ET",Down,BUY,51.04,0.6220846394984326,0x6395ccf00f3ca816fc8487efc7d263c49b89375167a1204f7a5d294d0743aed4,2026-05-03 23:01:18,0x1e9256c696eab33a6d1eedcafd8f5e9615ba0a30cc2c1a7c9432d219e5c2dcbc,btc-updown-5m-1777838400
"Bitcoin Up or Down - May 3, 4:00PM-4:15PM ET",Down,BUY,10,0.43,0x39bfad5dbabf9ec9338377e1be733b53f69d0a7f3e96f4569c26bcfe6e399bb4,2026-05-03 23:01:18,0x2cd598ee0c7890278543216c5ae401cb3e077cbaca7b574c50c82595b44bcff8,btc-updown-15m-1777838400
"Bitcoin Up or Down - May 3, 4:00PM-4:05PM ET",Down,BUY,90,0.6680555555555555,0x6395ccf00f3ca816fc8487efc7d263c49b89375167a1204f7a5d294d0743aed4,2026-05-03 23:01:18,0x6817c51d0e1c4f7fc969a8068b5de4947cc50501654ad0988383b5658ad956c8,btc-updown-5m-1777838400
"Ethereum Up or Down - May 3, 4:00PM-4:05PM ET",Up,BUY,12,0.681725,0x8b2494681031f43e0cd80b67c072c14a54d6ff3e25a6be486f05c3d7173f24a8,2026-05-03 23:01:14,0xb0b2e634f259a0d08a3dee0d44cad28b2432da4c9c9e52c9c6fd8188452944f8,eth-updown-5m-1777838400
"Ethereum Up or Down - May 3, 4:00PM-4:05PM ET",Up,BUY,11,0.6548181818181819,0x8b2494681031f43e0cd80b67c072c14a54d6ff3e25a6be486f05c3d7173f24a8,2026-05-03 23:01:08,0x497334fecd35f39e724d8b08a11e446cfd96d0c065c89dd9a7487662eac73df0,eth-updown-5m-1777838400
"Bitcoin Up or Down - May 3, 4PM ET",Up,BUY,5,0.48,0xda4ae058df833c289b18fab3f197229d050a697e058ce4fc60ff625ce8dfec65,2026-05-03 23:01:08,0x1502654301ad09b27b145604c77fad595e0741c32b53a5ba12c6f1e5e5972e22,bitcoin-up-or-down-may-3-2026-4pm-et
"Bitcoin Up or Down - May 3, 4:00PM-4:15PM ET",Up,BUY,10,0.54074,0x39bfad5dbabf9ec9338377e1be733b53f69d0a7f3e96f4569c26bcfe6e399bb4,2026-05-03 23:01:08,0xf4e1a36cfd61f82bc084f1de89ae798618c24f31b0b3b0ecfe8e8f41127ed772,btc-updown-15m-1777838400
"Bitcoin Up or Down - May 3, 4:00PM-4:05PM ET",Up,BUY,81,0.38950617283950617,0x6395ccf00f3ca816fc8487efc7d263c49b89375167a1204f7a5d294d0743aed4,2026-05-03 23:01:08,0xb8f33ebf781434d95effd391ad0bf27574ad41453349025297fac92f1c28048e,btc-updown-5m-1777838400
"Ethereum Up or Down - May 3, 4:00PM-4:05PM ET",Up,BUY,11,0.62,0x8b2494681031f43e0cd80b67c072c14a54d6ff3e25a6be486f05c3d7173f24a8,2026-05-03 23:01:00,0xdaaaf4a89a9d87b62a24898b1b95efcd81fc5b397118c3de90f2eb783a8e63c9,eth-updown-5m-1777838400
"Bitcoin Up or Down - May 3, 4PM ET",Down,BUY,5,0.53,0xda4ae058df833c289b18fab3f197229d050a697e058ce4fc60ff625ce8dfec65,2026-05-03 23:00:42,0xf7001083bc8e75a3335df1e4525e3ddfe18ceb87ad427a39e7bb165c7939de70,bitcoin-up-or-down-may-3-2026-4pm-et
"Bitcoin Up or Down - May 3, 4:00PM-4:15PM ET",Down,BUY,10,0.46,0x39bfad5dbabf9ec9338377e1be733b53f69d0a7f3e96f4569c26bcfe6e399bb4,2026-05-03 23:00:42,0x8efadc01e7c9a3851b656d5231b1e20451ce19be6748232c9db6f92d0a769769,btc-updown-15m-1777838400
"Bitcoin Up or Down - May 3, 4:00PM-4:05PM ET",Down,BUY,87,0.62,0x6395ccf00f3ca816fc8487efc7d263c49b89375167a1204f7a5d294d0743aed4,2026-05-03 23:00:42,0x8b85b8a39a7e22e0eb533ba7fc483e64dd701c8e4dfe7fd230affdf70f69f8b5,btc-updown-5m-1777838400
"Bitcoin Up or Down - May 3, 4:00PM-4:05PM ET",Down,BUY,6,0.67,0x6395ccf00f3ca816fc8487efc7d263c49b89375167a1204f7a5d294d0743aed4,2026-05-03 23:00:42,0x42293f8ffda0e55e0f278ebd1c60a3e2cc97afd3caa8568d5a2b5b71fff936ce,btc-updown-5m-1777838400
"Ethereum Up or Down - May 3, 4:00PM-4:05PM ET",Up,BUY,10,0.56,0x8b2494681031f43e0cd80b67c072c14a54d6ff3e25a6be486f05c3d7173f24a8,2026-05-03 23:00:34,0x41760d9075bd2067fd73db6f742bc4983638c3fe9e9ce5ec5aadd6cca418ee9c,eth-updown-5m-1777838400
"Ethereum Up or Down - May 3, 4:00PM-4:05PM ET",Down,BUY,11,0.3009090909090909,0x8b2494681031f43e0cd80b67c072c14a54d6ff3e25a6be486f05c3d7173f24a8,2026-05-03 23:00:32,0xa0853dc9d48745d21fad8f1df7744b7403f53cefed874a9f52c3459dcb8260b8,eth-updown-5m-1777838400
"Bitcoin Up or Down - May 3, 4:00PM-4:05PM ET",Up,BUY,83,0.37,0x6395ccf00f3ca816fc8487efc7d263c49b89375167a1204f7a5d294d0743aed4,2026-05-03 23:00:30,0xaee205e126b05b53287f9be890116589bfbc09f57c5008966c9d23de7f8d227b,btc-updown-5m-1777838400
"Bitcoin Up or Down - May 3, 4:00PM-4:05PM ET",Up,BUY,83,0.37,0x6395ccf00f3ca816fc8487efc7d263c49b89375167a1204f7a5d294d0743aed4,2026-05-03 23:00:30,0x377bea9ba6bb14288fa72ba7e1711d24bf567be0a0f78ea64e8657462ccd21f9,btc-updown-5m-1777838400
"Bitcoin Up or Down - May 3, 4:00PM-4:05PM ET",Up,BUY,82,0.37,0x6395ccf00f3ca816fc8487efc7d263c49b89375167a1204f7a5d294d0743aed4,2026-05-03 23:00:30,0x58be0517f3ea337e5f8055efec53bb47b415fb8599efc60d188074d660a375ed,btc-updown-5m-1777838400
"Bitcoin Up or Down - May 3, 4:00PM-4:05PM ET",Down,BUY,81,0.54,0x6395ccf00f3ca816fc8487efc7d263c49b89375167a1204f7a5d294d0743aed4,2026-05-03 23:00:28,0x7c8fd1cf160e4e3785c1900e6782a86069a839dcba1720794776f9adb5c99a25,btc-updown-5m-1777838400
"Bitcoin Up or Down - May 3, 4:00PM-4:15PM ET",Down,BUY,4.56,0.41,0x39bfad5dbabf9ec9338377e1be733b53f69d0a7f3e96f4569c26bcfe6e399bb4,2026-05-03 23:00:28,0x89799a5450df4d0efe3e90ff2ad677adc2101d1c9cb3ae0a8abc0a72d4efbe89,btc-updown-15m-1777838400
"Bitcoin Up or Down - May 3, 4:00PM-4:05PM ET",Down,BUY,82,0.5485365853658537,0x6395ccf00f3ca816fc8487efc7d263c49b89375167a1204f7a5d294d0743aed4,2026-05-03 23:00:28,0x21761f785e6017d1b97ddf661bba71f396927472f54fe331651f86e6b09fa2fa,btc-updown-5m-1777838400
"Ethereum Up or Down - May 3, 4:00PM-4:05PM ET",Down,BUY,10,0.47,0x8b2494681031f43e0cd80b67c072c14a54d6ff3e25a6be486f05c3d7173f24a8,2026-05-03 23:00:28,0x7b735e3c85ba03dd04a67477dc944b49529758a9bd3c345809b80ed8e2eda27b,eth-updown-5m-1777838400
"Bitcoin Up or Down - May 3, 4:00PM-4:05PM ET",Down,BUY,125,0.772512,0x6395ccf00f3ca816fc8487efc7d263c49b89375167a1204f7a5d294d0743aed4,2026-05-03 23:00:28,0x8c9659f3308bbcd445ba73a1012d3ec69220158e61b1c18c7024174f824a5862,btc-updown-5m-1777838400
"Ethereum Up or Down - May 3, 4:00PM-4:05PM ET",Up,BUY,10,0.53,0x8b2494681031f43e0cd80b67c072c14a54d6ff3e25a6be486f05c3d7173f24a8,2026-05-03 23:00:26,0x843f188d26284ae20e470c73558763b880739bc2bdb604bce5aa3aa2d7bfb155,eth-updown-5m-1777838400
"Bitcoin Up or Down - May 3, 4PM ET",Up,BUY,5,0.47,0xda4ae058df833c289b18fab3f197229d050a697e058ce4fc60ff625ce8dfec65,2026-05-03 23:00:26,0x7de7b5527c90f05b3003ab0479722e567b09bb1375a7f93a4f4705c31646364c,bitcoin-up-or-down-may-3-2026-4pm-et
"Bitcoin Up or Down - May 3, 4PM ET",Up,BUY,0.07,0.46,0xda4ae058df833c289b18fab3f197229d050a697e058ce4fc60ff625ce8dfec65,2026-05-03 23:00:26,0x0705c063cea32cfe1d88b4fb315244e134d513609fe7451dfd16fd55d07c450b,bitcoin-up-or-down-may-3-2026-4pm-et
"Bitcoin Up or Down - May 3, 4:00PM-4:05PM ET",Up,BUY,92,0.3,0x6395ccf00f3ca816fc8487efc7d263c49b89375167a1204f7a5d294d0743aed4,2026-05-03 23:00:22,0xc290ed620837968c54e87ac1100855391d01289e4d3201626aa4225bc92fb7b3,btc-updown-5m-1777838400
"Bitcoin Up or Down - May 3, 4PM ET",Up,BUY,5,0.46,0xda4ae058df833c289b18fab3f197229d050a697e058ce4fc60ff625ce8dfec65,2026-05-03 23:00:22,0x8cd7ffd0eb0f270ccdd1db7a026a148df1cc12b51d74ba9e7c047993c7cba4c5,bitcoin-up-or-down-may-3-2026-4pm-et
"Ethereum Up or Down - May 3, 4:00PM-4:05PM ET",Up,BUY,10,0.4,0x8b2494681031f43e0cd80b67c072c14a54d6ff3e25a6be486f05c3d7173f24a8,2026-05-03 23:00:22,0x46dba3959c1a085db3ddde679ecf27f2751ddb778ddac421ef1bbb0cfca38493,eth-updown-5m-1777838400
"Ethereum Up or Down - May 3, 4:00PM-4:05PM ET",Up,BUY,10,0.49,0x8b2494681031f43e0cd80b67c072c14a54d6ff3e25a6be486f05c3d7173f24a8,2026-05-03 23:00:22,0xcaf69b3f3470bcca75624529af3c865ce90304f0657d521874194f302ff5ab50,eth-updown-5m-1777838400
"Bitcoin Up or Down - May 3, 4PM ET",Up,BUY,5,0.46,0xda4ae058df833c289b18fab3f197229d050a697e058ce4fc60ff625ce8dfec65,2026-05-03 23:00:22,0xabdfcdb812eee185f672ef54a32790431c156471794c4bf644fc8fc3954df84c,bitcoin-up-or-down-may-3-2026-4pm-et
"Bitcoin Up or Down - May 3, 4:00PM-4:05PM ET",Up,BUY,84,0.31,0x6395ccf00f3ca816fc8487efc7d263c49b89375167a1204f7a5d294d0743aed4,2026-05-03 23:00:22,0x1de574d1722e6a9092423a2a4dc07cae0b479dc62575687d0bec88cea47efc57,btc-updown-5m-1777838400
"Ethereum Up or Down - May 3, 4:00PM-4:05PM ET",Up,BUY,10,0.374,0x8b2494681031f43e0cd80b67c072c14a54d6ff3e25a6be486f05c3d7173f24a8,2026-05-03 23:00:22,0x5f71f545a8fb8ea60633f9ecb7089d0c2c7f8c46551eee0cb81daa908edf08ec,eth-updown-5m-1777838400
"Bitcoin Up or Down - May 3, 4:00PM-4:15PM ET",Up,BUY,5,0.46,0x39bfad5dbabf9ec9338377e1be733b53f69d0a7f3e96f4569c26bcfe6e399bb4,2026-05-03 23:00:22,0xe749d41f13f96bb162bc747a75a45db7f0c35d32ab70f49de8828c7a10006ad7,btc-updown-15m-1777838400
"Bitcoin Up or Down - May 3, 4:00PM-4:15PM ET",Up,BUY,10,0.47,0x39bfad5dbabf9ec9338377e1be733b53f69d0a7f3e96f4569c26bcfe6e399bb4,2026-05-03 23:00:22,0x6027d70957d3e01f49d6641cb080f73634c6bb1d687aa4a02dea28087cbf2d54,btc-updown-15m-1777838400
"Bitcoin Up or Down - May 3, 4PM ET",Up,BUY,5,0.46,0xda4ae058df833c289b18fab3f197229d050a697e058ce4fc60ff625ce8dfec65,2026-05-03 23:00:22,0x9044c37c4a16898a7702073fe9a6eee01099c3e2f9e4073ce614f5e180f9959f,bitcoin-up-or-down-may-3-2026-4pm-et
"Bitcoin Up or Down - May 3, 4:00PM-4:05PM ET",Up,BUY,82,0.31,0x6395ccf00f3ca816fc8487efc7d263c49b89375167a1204f7a5d294d0743aed4,2026-05-03 23:00:22,0xc5774bf2bb4c9754930739f6972516f229339eecc4fb8003cbff2df703f4385a,btc-updown-5m-1777838400
"Bitcoin Up or Down - May 3, 4:00PM-4:05PM ET",Up,BUY,90,0.31,0x6395ccf00f3ca816fc8487efc7d263c49b89375167a1204f7a5d294d0743aed4,2026-05-03 23:00:22,0xb82140ac35e5ea219ff7d8bc5b81e5097c28bee3779db1ac95a4a843587dcd55,btc-updown-5m-1777838400
"Ethereum Up or Down - May 3, 4:00PM-4:05PM ET",Up,BUY,10,0.505,0x8b2494681031f43e0cd80b67c072c14a54d6ff3e25a6be486f05c3d7173f24a8,2026-05-03 23:00:22,0x04fa2968ef9d0d983a67355bcf146cec401f8d950551ceba87f81d0f7a18a088,eth-updown-5m-1777838400
"Bitcoin Up or Down - May 3, 4:00PM-4:15PM ET",Up,BUY,10,0.47458,0x39bfad5dbabf9ec9338377e1be733b53f69d0a7f3e96f4569c26bcfe6e399bb4,2026-05-03 23:00:22,0xa363c906c9c80b8c6d2bfc6b33eacdaf871d8a369998e38dff5f3991f04f2527,btc-updown-15m-1777838400
"Ethereum Up or Down - May 3, 4:00PM-4:05PM ET",Up,BUY,10,0.51,0x8b2494681031f43e0cd80b67c072c14a54d6ff3e25a6be486f05c3d7173f24a8,2026-05-03 23:00:22,0x52d6098f5e1f2132b815ba3c685b4a58b628edbd3a58ee3d14487298de089679,eth-updown-5m-1777838400
"Bitcoin Up or Down - May 3, 4:00PM-4:15PM ET",Up,BUY,10,0.44,0x39bfad5dbabf9ec9338377e1be733b53f69d0a7f3e96f4569c26bcfe6e399bb4,2026-05-03 23:00:22,0xddb1e0eaf0064a4fb127d65d34e454f71603a7a4a295c5de276b7029d990c33a,btc-updown-15m-1777838400
"Ethereum Up or Down - May 3, 4:00PM-4:05PM ET",Up,BUY,10,0.48,0x8b2494681031f43e0cd80b67c072c14a54d6ff3e25a6be486f05c3d7173f24a8,2026-05-03 23:00:22,0xc2b1ccf3cc094037090a214f8efb76d9055036e5f1cefcb878bef9a9fedf3538,eth-updown-5m-1777838400
"Ethereum Up or Down - May 3, 4:00PM-4:05PM ET",Up,BUY,0.69,0.47,0x8b2494681031f43e0cd80b67c072c14a54d6ff3e25a6be486f05c3d7173f24a8,2026-05-03 23:00:22,0x237f6d27c482bd54c24d64855b45de8afeca95d35d8cd793e9720fd1a43af2de,eth-updown-5m-1777838400
"Bitcoin Up or Down - May 3, 4:00PM-4:05PM ET",Down,BUY,127,0.7988188976377952,0x6395ccf00f3ca816fc8487efc7d263c49b89375167a1204f7a5d294d0743aed4,2026-05-03 23:00:16,0xb452e50b73e5ee368e9a8a780b6a23b1bfbeb74b58dae46ad58b97e89a8efc62,btc-updown-5m-1777838400
"Bitcoin Up or Down - May 3, 4:00PM-4:05PM ET",Down,BUY,142,0.8096478873239437,0x6395ccf00f3ca816fc8487efc7d263c49b89375167a1204f7a5d294d0743aed4,2026-05-03 23:00:16,0xdfce0d814a83913e2f64aa521b74884d58a4479a3022c4b64f6affe45f14922c,btc-updown-5m-1777838400
"Ethereum Up or Down - May 3, 4:00PM-4:05PM ET",Down,BUY,12,0.64,0x8b2494681031f43e0cd80b67c072c14a54d6ff3e25a6be486f05c3d7173f24a8,2026-05-03 23:00:16,0x8907a229eae294c96060e77084a47f38028d4cfbf290e61d570723c821a06611,eth-updown-5m-1777838400
"Bitcoin Up or Down - May 3, 4:00PM-4:15PM ET",Down,BUY,11,0.55,0x39bfad5dbabf9ec9338377e1be733b53f69d0a7f3e96f4569c26bcfe6e399bb4,2026-05-03 23:00:16,0x08f0a78d15527f6dbcf9921995333b465dca4ee2cd0d5d528c6a5feb4f078e81,btc-updown-15m-1777838400
"Bitcoin Up or Down - May 3, 4:00PM-4:05PM ET",Down,BUY,149,0.8185234899328859,0x6395ccf00f3ca816fc8487efc7d263c49b89375167a1204f7a5d294d0743aed4,2026-05-03 23:00:16,0xe39126f322e09db39acc35ff47af4582455e757ea91e605146d0d89c3dccbdeb,btc-updown-5m-1777838400
"Bitcoin Up or Down - May 3, 4:00PM-4:05PM ET",Down,BUY,65.08,0.7246097111247695,0x6395ccf00f3ca816fc8487efc7d263c49b89375167a1204f7a5d294d0743aed4,2026-05-03 23:00:16,0x1dd25a153f0a8a94a3e9f7363f683541115528b468ae7cb44f092ed1e801cdf1,btc-updown-5m-1777838400
"Ethereum Up or Down - May 3, 4:00PM-4:05PM ET",Down,BUY,11,0.63,0x8b2494681031f43e0cd80b67c072c14a54d6ff3e25a6be486f05c3d7173f24a8,2026-05-03 23:00:16,0x33f17c582f8f2c53cf249673045cba16c2f26527d9fd828298ba7e6da904d333,eth-updown-5m-1777838400
"Bitcoin Up or Down - May 3, 4PM ET",Down,BUY,5,0.56,0xda4ae058df833c289b18fab3f197229d050a697e058ce4fc60ff625ce8dfec65,2026-05-03 23:00:16,0xb913ccb9caa30bf9be5b4faa883509811e9c3819c8dc593268d3f2a277168d37,bitcoin-up-or-down-may-3-2026-4pm-et
"Bitcoin Up or Down - May 3, 4:00PM-4:15PM ET",Down,BUY,10,0.55,0x39bfad5dbabf9ec9338377e1be733b53f69d0a7f3e96f4569c26bcfe6e399bb4,2026-05-03 23:00:16,0x54568f5a8fc296c0730860481b5c30c913e6ff48a4621b96d147a4ed8ecce079,btc-updown-15m-1777838400
"Bitcoin Up or Down - May 3, 4:00PM-4:05PM ET",Down,BUY,166,0.8248120481927711,0x6395ccf00f3ca816fc8487efc7d263c49b89375167a1204f7a5d294d0743aed4,2026-05-03 23:00:16,0x492d5160841bf5c0a5493c7c605ec165827ae96df5336908ab8dde4358b0a0e0,btc-updown-5m-1777838400
"Bitcoin Up or Down - May 3, 4:00PM-4:15PM ET",Down,BUY,10,0.55,0x39bfad5dbabf9ec9338377e1be733b53f69d0a7f3e96f4569c26bcfe6e399bb4,2026-05-03 23:00:16,0x8762664b6b26c48aae55620d194bb9104e9c7da9fa9ee763126016e1f4e7e1e4,btc-updown-15m-1777838400
"Bitcoin Up or Down - May 3, 4PM ET",Down,BUY,5,0.56,0xda4ae058df833c289b18fab3f197229d050a697e058ce4fc60ff625ce8dfec65,2026-05-03 23:00:16,0xb82ad3e71e84094df8993a0821651ac704f92ed763f7773c911fbee6614f5a7c,bitcoin-up-or-down-may-3-2026-4pm-et
"Ethereum Up or Down - May 3, 4:00PM-4:05PM ET",Down,BUY,13,0.65,0x8b2494681031f43e0cd80b67c072c14a54d6ff3e25a6be486f05c3d7173f24a8,2026-05-03 23:00:16,0x6df3ef44c0db16e734ab10b89e7d649de4d08f33cc030c208abe9777c1c70133,eth-updown-5m-1777838400
"Bitcoin Up or Down - May 3, 4:00PM-4:15PM ET",Down,BUY,10,0.5458,0x39bfad5dbabf9ec9338377e1be733b53f69d0a7f3e96f4569c26bcfe6e399bb4,2026-05-03 23:00:16,0x89e78fb5bd3248c75dc43c5bb62ca17f7c029063822086057fb8d3a03c22c3c8,btc-updown-15m-1777838400
"Bitcoin Up or Down - May 3, 3:55PM-4:00PM ET",Up,BUY,38,0.44,0x46fee91f40b772ece3bbf05cd9c49e4d7191dbc1290d881a44333475fecfb839,2026-05-03 22:59:12,0xb30e9765247eae7cab1e7e6f2886b46b7721d4e45c7c5864d0a59d88a6cfca1c,btc-updown-5m-1777838100
"Bitcoin Up or Down - May 3, 3:45PM-4:00PM ET",Up,BUY,31,0.05,0x16bf299cbb9d9d26433e7cf12ab8af42ed6e6c80e20be638e40c6d22bf7c547b,2026-05-03 22:59:12,0x8fe05ddb6f7f39c2096ffd0b79bc032280415dac9bf59033ce4aafa0d96f012b,btc-updown-15m-1777837500
"Bitcoin Up or Down - May 3, 3:55PM-4:00PM ET",Down,BUY,4.58,0.63,0x46fee91f40b772ece3bbf05cd9c49e4d7191dbc1290d881a44333475fecfb839,2026-05-03 22:59:02,0xc461b82888fadd2bac5d4e74fb03800ce71ed3c5e85bee298ed6345438c2e7b8,btc-updown-5m-1777838100
"Bitcoin Up or Down - May 3, 3:45PM-4:00PM ET",Down,BUY,65,0.95,0x16bf299cbb9d9d26433e7cf12ab8af42ed6e6c80e20be638e40c6d22bf7c547b,2026-05-03 22:59:02,0xea4fcda58a359edd6306bfe4963a11973bf5f1e6558a00740cd1f91b7c204a5d,btc-updown-15m-1777837500
"Bitcoin Up or Down - May 3, 3:45PM-4:00PM ET",Down,BUY,53,0.95,0x16bf299cbb9d9d26433e7cf12ab8af42ed6e6c80e20be638e40c6d22bf7c547b,2026-05-03 22:59:02,0x958855042836b2a1b4d7e6f51eb3d75bc63b4ebd78f5d2430296e5361e8bad74,btc-updown-15m-1777837500
"Bitcoin Up or Down - May 3, 3:45PM-4:00PM ET",Down,BUY,128,0.93163671875,0x16bf299cbb9d9d26433e7cf12ab8af42ed6e6c80e20be638e40c6d22bf7c547b,2026-05-03 22:58:58,0x315f2db5c6966abc3057410797d781485a167932fc8e5fdbe6a5606d15551f8e,btc-updown-15m-1777837500
"Bitcoin Up or Down - May 3, 3:45PM-4:00PM ET",Down,BUY,44,0.9108886363636364,0x16bf299cbb9d9d26433e7cf12ab8af42ed6e6c80e20be638e40c6d22bf7c547b,2026-05-03 22:58:58,0xb790833a6363fec5b4aae93000ab876580dffa65d41a5c6616e5b528eb5f62dd,btc-updown-15m-1777837500
"Bitcoin Up or Down - May 3, 3:45PM-4:00PM ET",Up,BUY,24,0.10791666666666666,0x16bf299cbb9d9d26433e7cf12ab8af42ed6e6c80e20be638e40c6d22bf7c547b,2026-05-03 22:58:42,0x5f1cdb414487ae5ba2b6c4bb4b121b2020ec7a8d252533af91f21d8310eb5dc8,btc-updown-15m-1777837500
"Bitcoin Up or Down - May 3, 3:55PM-4:00PM ET",Up,BUY,82,0.41,0x46fee91f40b772ece3bbf05cd9c49e4d7191dbc1290d881a44333475fecfb839,2026-05-03 22:58:42,0x200603839a9b1240d63c4ebd531a8c6d6ededdc5964363d98d72f2177c509c36,btc-updown-5m-1777838100
"Bitcoin Up or Down - May 3, 3:45PM-4:00PM ET",Down,BUY,24,0.84,0x16bf299cbb9d9d26433e7cf12ab8af42ed6e6c80e20be638e40c6d22bf7c547b,2026-05-03 22:58:08,0x39c7d9768673004235df03083e996fecdf9cd2e2ff0c6ce8c8bdc79f5640b482,btc-updown-15m-1777837500
"Bitcoin Up or Down - May 3, 3:45PM-4:00PM ET",Down,BUY,38,0.8493105263157895,0x16bf299cbb9d9d26433e7cf12ab8af42ed6e6c80e20be638e40c6d22bf7c547b,2026-05-03 22:58:08,0x65777b2acb306ceacc80309343b36d29d3f3f16a069a170cb46807a8e0992aba,btc-updown-15m-1777837500
"Bitcoin Up or Down - May 3, 3:55PM-4:00PM ET",Up,BUY,81,0.53,0x46fee91f40b772ece3bbf05cd9c49e4d7191dbc1290d881a44333475fecfb839,2026-05-03 22:58:04,0x6fb22a20885ea9aa2443d41b178c00a2906a99a61c8568423c0ba0ad51b6bee4,btc-updown-5m-1777838100
"Bitcoin Up or Down - May 3, 3:45PM-4:00PM ET",Up,BUY,15,0.19,0x16bf299cbb9d9d26433e7cf12ab8af42ed6e6c80e20be638e40c6d22bf7c547b,2026-05-03 22:58:04,0x543c36cc722263173f63e2938f8c40c70f066559fb2167f4be6dce2116fa2c0c,btc-updown-15m-1777837500
"Ethereum Up or Down - May 3, 3:55PM-4:00PM ET",Up,BUY,11,0.6063636363636363,0xfa4e596f9b53f39573f605fde2e1896ce7785e04dd1c5017fc8dc0a3478476cd,2026-05-03 22:58:04,0xd6537a1e424db780b6609ff5e66f8ccb5e41a16f545ba92e7a8b9a20249a8e87,eth-updown-5m-1777838100
"Ethereum Up or Down - May 3, 3:55PM-4:00PM ET",Up,BUY,11,0.6,0xfa4e596f9b53f39573f605fde2e1896ce7785e04dd1c5017fc8dc0a3478476cd,2026-05-03 22:58:04,0x0d15df131dbcbcbb7bf4d317501f35138fd4bf67f7a60e5d6fa98c27fd5f46c7,eth-updown-5m-1777838100
"Ethereum Up or Down - May 3, 3:55PM-4:00PM ET",Up,BUY,11,0.5954545454545455,0xfa4e596f9b53f39573f605fde2e1896ce7785e04dd1c5017fc8dc0a3478476cd,2026-05-03 22:58:04,0xb21c683fd3e307142a4db34ce13448382d64d74bf24dd3851fd71c5d18946a04,eth-updown-5m-1777838100
"Bitcoin Up or Down - May 3, 3:45PM-4:00PM ET",Up,BUY,12,0.19,0x16bf299cbb9d9d26433e7cf12ab8af42ed6e6c80e20be638e40c6d22bf7c547b,2026-05-03 22:58:02,0x7026d87808be3a5ca2add18d76fdf2354bfe2fa82b4f83d6e79516c040ec7995,btc-updown-15m-1777837500
"Bitcoin Up or Down - May 3, 3:55PM-4:00PM ET",Up,BUY,85,0.53,0x46fee91f40b772ece3bbf05cd9c49e4d7191dbc1290d881a44333475fecfb839,2026-05-03 22:58:02,0xa4ba017dc224a30cae8a03595ae3da782866d7b28f7edc59656efaac17145bfd,btc-updown-5m-1777838100
"Bitcoin Up or Down - May 3, 3:55PM-4:00PM ET",Down,BUY,11.7,0.48,0x46fee91f40b772ece3bbf05cd9c49e4d7191dbc1290d881a44333475fecfb839,2026-05-03 22:57:56,0x3baee751953d20ad72c0148bf8922b9d098bcaf6be5b079c638b9403cdb1d5a6,btc-updown-5m-1777838100
"Bitcoin Up or Down - May 3, 3:45PM-4:00PM ET",Down,BUY,21,0.85,0x16bf299cbb9d9d26433e7cf12ab8af42ed6e6c80e20be638e40c6d22bf7c547b,2026-05-03 22:57:54,0xf3e669b98064f35fe0cf20a40ea6c7a1332f5ade85e4cd6f5c61337feeaeffab,btc-updown-15m-1777837500
"Ethereum Up or Down - May 3, 3:55PM-4:00PM ET",Down,BUY,11,0.35,0xfa4e596f9b53f39573f605fde2e1896ce7785e04dd1c5017fc8dc0a3478476cd,2026-05-03 22:57:50,0xded8f9774109a05440f80a5efb5ee86be01af6b01674e90f6e350cff62283a83,eth-updown-5m-1777838100
"Ethereum Up or Down - May 3, 3:55PM-4:00PM ET",Down,BUY,10,0.38,0xfa4e596f9b53f39573f605fde2e1896ce7785e04dd1c5017fc8dc0a3478476cd,2026-05-03 22:57:50,0x148b6a0d03edf814a4326ccfcae474b7eb9a1729c5fea8d1b01a390a6d91ec20,eth-updown-5m-1777838100
"Ethereum Up or Down - May 3, 3:55PM-4:00PM ET",Down,BUY,10,0.35,0xfa4e596f9b53f39573f605fde2e1896ce7785e04dd1c5017fc8dc0a3478476cd,2026-05-03 22:57:50,0x9de5110dfed401d2e2f1291c0c6621ec9f76b0d07578db4d67da98d98b88b819,eth-updown-5m-1777838100
"Ethereum Up or Down - May 3, 3:55PM-4:00PM ET",Down,BUY,11,0.32,0xfa4e596f9b53f39573f605fde2e1896ce7785e04dd1c5017fc8dc0a3478476cd,2026-05-03 22:57:34,0x846bb1315c27170fad743a4b00114ce4e929d8bc9fcfad5522fc06d43b5e7d3c,eth-updown-5m-1777838100
"Ethereum Up or Down - May 3, 3:55PM-4:00PM ET",Down,BUY,11,0.32,0xfa4e596f9b53f39573f605fde2e1896ce7785e04dd1c5017fc8dc0a3478476cd,2026-05-03 22:57:34,0xdd7a14c424c572c6889fd97be9d818e3339980a82ee9eff35641e383ea49d38e,eth-updown-5m-1777838100
"Ethereum Up or Down - May 3, 3:55PM-4:00PM ET",Down,BUY,7.24,0.3,0xfa4e596f9b53f39573f605fde2e1896ce7785e04dd1c5017fc8dc0a3478476cd,2026-05-03 22:57:34,0xdf22b02b2df36aa78ded220da6764b46963182e0eebd0f2126c1cc763bede39f,eth-updown-5m-1777838100
"Bitcoin Up or Down - May 3, 3:55PM-4:00PM ET",Down,BUY,83,0.37962289156626505,0x46fee91f40b772ece3bbf05cd9c49e4d7191dbc1290d881a44333475fecfb839,2026-05-03 22:57:32,0x26bb3cb1d32046ab884107b31e08641c41a502458e0d96664ae4f1c23858814b,btc-updown-5m-1777838100
"Bitcoin Up or Down - May 3, 3:45PM-4:00PM ET",Down,BUY,11,0.58,0x16bf299cbb9d9d26433e7cf12ab8af42ed6e6c80e20be638e40c6d22bf7c547b,2026-05-03 22:57:32,0xbb3527953b186415a9c567f429cbe35545fd74a5a0cfa40ac16078ee5e2069fa,btc-updown-15m-1777837500
"Bitcoin Up or Down - May 3, 3:45PM-4:00PM ET",Down,BUY,11,0.58,0x16bf299cbb9d9d26433e7cf12ab8af42ed6e6c80e20be638e40c6d22bf7c547b,2026-05-03 22:57:32,0x1a0e61c6adea3f2a1b956c8a64857794c16df2487db836d86d3cc97cb6dee320,btc-updown-15m-1777837500
"Bitcoin Up or Down - May 3, 3:45PM-4:00PM ET",Down,BUY,11,0.6,0x16bf299cbb9d9d26433e7cf12ab8af42ed6e6c80e20be638e40c6d22bf7c547b,2026-05-03 22:57:26,0xc01d439257d8da0e44deeaa401ea99135f9c581be793683fb4bfb83b97061312,btc-updown-15m-1777837500
"Ethereum Up or Down - May 3, 3:55PM-4:00PM ET",Up,BUY,14,0.72,0xfa4e596f9b53f39573f605fde2e1896ce7785e04dd1c5017fc8dc0a3478476cd,2026-05-03 22:57:18,0x8341f65f537b8cd90c1af2dd39ae78048ec38bc5858292d3d027929fde6b0939,eth-updown-5m-1777838100
"Bitcoin Up or Down - May 3, 3:45PM-4:00PM ET",Up,BUY,14,0.16,0x16bf299cbb9d9d26433e7cf12ab8af42ed6e6c80e20be638e40c6d22bf7c547b,2026-05-03 22:57:18,0xcf0c228c3bd6ad5d2a0aeb8c9ff1cab2b79f2eac0b78e6da922f980f3f6bf5ae,btc-updown-15m-1777837500
"Bitcoin Up or Down - May 3, 3:55PM-4:00PM ET",Up,BUY,81,0.53,0x46fee91f40b772ece3bbf05cd9c49e4d7191dbc1290d881a44333475fecfb839,2026-05-03 22:57:18,0x795a30e34095cbf572751f66b3cbc526e80bfea75b2e8dba7e39e9142767ac38,btc-updown-5m-1777838100
"Bitcoin Up or Down - May 3, 3:55PM-4:00PM ET",Up,BUY,38,0.5026315789473684,0x46fee91f40b772ece3bbf05cd9c49e4d7191dbc1290d881a44333475fecfb839,2026-05-03 22:57:18,0xaea500aaf3dbe426ba92704240cfc80cddc0765ec12bdf024373efbe26cef31e,btc-updown-5m-1777838100
"Ethereum Up or Down - May 3, 3:55PM-4:00PM ET",Up,BUY,13,0.72,0xfa4e596f9b53f39573f605fde2e1896ce7785e04dd1c5017fc8dc0a3478476cd,2026-05-03 22:57:16,0xb22bfe04948ba96dfff0d676f2ffc2a9e942461bd69f9c42b9bf7bbc6321ddb7,eth-updown-5m-1777838100
"Bitcoin Up or Down - May 3, 3:45PM-4:00PM ET",Up,BUY,15,0.16,0x16bf299cbb9d9d26433e7cf12ab8af42ed6e6c80e20be638e40c6d22bf7c547b,2026-05-03 22:57:16,0x334c4edccd8a53373c399beb44ce5f044acbeff4de51ac1432b55f058489ff79,btc-updown-15m-1777837500
"Bitcoin Up or Down - May 3, 3:45PM-4:00PM ET",Up,BUY,15,0.15,0x16bf299cbb9d9d26433e7cf12ab8af42ed6e6c80e20be638e40c6d22bf7c547b,2026-05-03 22:57:16,0x316d645ce4ee110efb96308f2754b9d778cf5477aecce9a03dab28e5d5e0abcc,btc-updown-15m-1777837500
"Ethereum Up or Down - May 3, 3:55PM-4:00PM ET",Up,BUY,5.23,0.64,0xfa4e596f9b53f39573f605fde2e1896ce7785e04dd1c5017fc8dc0a3478476cd,2026-05-03 22:57:16,0x4dcc4975e75efa57d9dde634e3086d7165843937cd1948fea6b65a69c63d1f30,eth-updown-5m-1777838100
"Bitcoin Up or Down - May 3, 3:45PM-4:00PM ET",Up,BUY,18,0.15,0x16bf299cbb9d9d26433e7cf12ab8af42ed6e6c80e20be638e40c6d22bf7c547b,2026-05-03 22:57:16,0x6da02db745d921f1c8f3819c30dc28477139a0fa8a439f8be045bd2334a8a081,btc-updown-15m-1777837500
"Ethereum Up or Down - May 3, 3:55PM-4:00PM ET",Down,BUY,10,0.51,0xfa4e596f9b53f39573f605fde2e1896ce7785e04dd1c5017fc8dc0a3478476cd,2026-05-03 22:56:44,0xc97977f331f1294a982c7555da699cab3e7312277b77536fb99c8f6288534727,eth-updown-5m-1777838100
"Ethereum Up or Down - May 3, 3:55PM-4:00PM ET",Down,BUY,10,0.4948,0xfa4e596f9b53f39573f605fde2e1896ce7785e04dd1c5017fc8dc0a3478476cd,2026-05-03 22:56:18,0x7e3248c8c493185c3bdec9b07da6158dc040f32a97c548389a2c26032287d13f,eth-updown-5m-1777838100
"Bitcoin Up or Down - May 3, 3:45PM-4:00PM ET",Up,BUY,5.07,0.13,0x16bf299cbb9d9d26433e7cf12ab8af42ed6e6c80e20be638e40c6d22bf7c547b,2026-05-03 22:55:46,0x4e2cb06782bc40db6560001f3176a661eded1625590b92117920a2bbbdd75951,btc-updown-15m-1777837500
"Ethereum Up or Down - May 3, 3:55PM-4:00PM ET",Up,BUY,10,0.52,0xfa4e596f9b53f39573f605fde2e1896ce7785e04dd1c5017fc8dc0a3478476cd,2026-05-03 22:55:46,0xa772ed7dfa2aafc1ecbf06f0d965a11c937a89f4a2575f3f29940c1a917bf791,eth-updown-5m-1777838100
"Bitcoin Up or Down - May 3, 3:55PM-4:00PM ET",Up,BUY,81,0.53,0x46fee91f40b772ece3bbf05cd9c49e4d7191dbc1290d881a44333475fecfb839,2026-05-03 22:55:46,0xbc45e0f36362e95e56b28aca96da77dec0ee4de9df01597cc07deac8b24b2782,btc-updown-5m-1777838100
"Ethereum Up or Down - May 3, 3:55PM-4:00PM ET",Up,BUY,10,0.51,0xfa4e596f9b53f39573f605fde2e1896ce7785e04dd1c5017fc8dc0a3478476cd,2026-05-03 22:55:46,0x4e35d7a16cf5cbafb78d6f9921ae738b001327760a098d1592f79114b478ae39,eth-updown-5m-1777838100
"Ethereum Up or Down - May 3, 3:55PM-4:00PM ET",Up,BUY,10,0.52,0xfa4e596f9b53f39573f605fde2e1896ce7785e04dd1c5017fc8dc0a3478476cd,2026-05-03 22:55:46,0xc5b4a68b0b0f1492da2fb690b98c10b04a1db12e5ec121059ada1f205b9c6beb,eth-updown-5m-1777838100
"Ethereum Up or Down - May 3, 3:55PM-4:00PM ET",Up,BUY,10,0.515,0xfa4e596f9b53f39573f605fde2e1896ce7785e04dd1c5017fc8dc0a3478476cd,2026-05-03 22:55:46,0xd5e474e33830eb75d8c1620b1f8b3487eacfe3780c9d1b91d454de8d29276fc9,eth-updown-5m-1777838100
"Bitcoin Up or Down - May 3, 3:45PM-4:00PM ET",Up,BUY,15,0.21,0x16bf299cbb9d9d26433e7cf12ab8af42ed6e6c80e20be638e40c6d22bf7c547b,2026-05-03 22:55:46,0xb6b58f08297cee600eb070770b5fe5c9fa8252c8d9dd0d69d17bfb08c005eee3,btc-updown-15m-1777837500
"Ethereum Up or Down - May 3, 3:55PM-4:00PM ET",Up,BUY,10,0.475,0xfa4e596f9b53f39573f605fde2e1896ce7785e04dd1c5017fc8dc0a3478476cd,2026-05-03 22:55:40,0x08f540146a4df12c81b399bbabc68ce8d417d3b84eec21d4e89bf8efa53f66fe,eth-updown-5m-1777838100
"Ethereum Up or Down - May 3, 3:55PM-4:00PM ET",Up,BUY,10,0.49,0xfa4e596f9b53f39573f605fde2e1896ce7785e04dd1c5017fc8dc0a3478476cd,2026-05-03 22:55:40,0x4659c4985988f54275fc4fde790c5f642bc09ec7a3e74ef9cc92003eb256b198,eth-updown-5m-1777838100
"Ethereum Up or Down - May 3, 3:50PM-3:55PM ET",Down,BUY,25.3,0.01,0xb38da8511992ed581645258d201411d935957f1923f439a4233cc99d9de8e51d,2026-05-03 22:55:00,0x7249357ff84615dad7be6272a5548bb62f7c36d62b52a3944e77ef9ca2548f19,eth-updown-5m-1777837800
"Bitcoin Up or Down - May 3, 3:50PM-3:55PM ET",Down,BUY,131.5,0.8149384030418251,0x1d1fe89a5cdf23eec85812c24f2c4dba27f8dc4eca8b29f00f858b4b37b12a0b,2026-05-03 22:55:00,0xfe8f51347701c313102c63e7519d60312a94e950d5f868dcaaa4fe613164edf0,btc-updown-5m-1777837800
"Bitcoin Up or Down - May 3, 3:45PM-4:00PM ET",Up,BUY,10,0.39,0x16bf299cbb9d9d26433e7cf12ab8af42ed6e6c80e20be638e40c6d22bf7c547b,2026-05-03 22:54:50,0xcca03a69fbb4d2b2b89bdb9a5349fe05cd516141b489ce5efe1eef03329c5952,btc-updown-15m-1777837500
"Bitcoin Up or Down - May 3, 3:45PM-4:00PM ET",Down,BUY,10,0.6,0x16bf299cbb9d9d26433e7cf12ab8af42ed6e6c80e20be638e40c6d22bf7c547b,2026-05-03 22:54:48,0xeab742888a790d0227143a8accb2f1fe8cb127929828e68493066dbee86a25d6,btc-updown-15m-1777837500
"Bitcoin Up or Down - May 3, 3:45PM-4:00PM ET",Down,BUY,10,0.54,0x16bf299cbb9d9d26433e7cf12ab8af42ed6e6c80e20be638e40c6d22bf7c547b,2026-05-03 22:54:48,0x015b3724d63daf853b29842428dc27dcc09e726cfd7e6b6507e3d43195495ec8,btc-updown-15m-1777837500
"Bitcoin Up or Down - May 3, 3:45PM-4:00PM ET",Down,BUY,10,0.54,0x16bf299cbb9d9d26433e7cf12ab8af42ed6e6c80e20be638e40c6d22bf7c547b,2026-05-03 22:54:46,0x1c34a5ff69538cade4f1f90e21b5effa6e285a26471830d6d013ea2de8840711,btc-updown-15m-1777837500
"Bitcoin Up or Down - May 3, 3:45PM-4:00PM ET",Down,BUY,5.2,0.48,0x16bf299cbb9d9d26433e7cf12ab8af42ed6e6c80e20be638e40c6d22bf7c547b,2026-05-03 22:54:40,0xe35fad549611880d0b9481f44b5ce8fe9d47f58a61b4c21af96b565bedea03b4,btc-updown-15m-1777837500
"Bitcoin Up or Down - May 3, 3:50PM-3:55PM ET",Down,BUY,30,0.44,0x1d1fe89a5cdf23eec85812c24f2c4dba27f8dc4eca8b29f00f858b4b37b12a0b,2026-05-03 22:54:40,0xd4a656fc8ed349e8072477a4fc043c3bcb3a2b2e379e59f96e6b3ecd1d286970,btc-updown-5m-1777837800
"Bitcoin Up or Down - May 3, 3:45PM-4:00PM ET",Down,BUY,10,0.44,0x16bf299cbb9d9d26433e7cf12ab8af42ed6e6c80e20be638e40c6d22bf7c547b,2026-05-03 22:54:38,0xe5593f59252d0d54714fea41429ac78d493a45bb9a186cb32691abfefb867f4a,btc-updown-15m-1777837500
"Bitcoin Up or Down - May 3, 3:50PM-3:55PM ET",Up,BUY,89,0.52,0x1d1fe89a5cdf23eec85812c24f2c4dba27f8dc4eca8b29f00f858b4b37b12a0b,2026-05-03 22:54:34,0xe7aea4388a4a12ecb27fa0220d0168350cbf29a5f7a79cd8dd2d57194fda6c6f,btc-updown-5m-1777837800
"Bitcoin Up or Down - May 3, 3:50PM-3:55PM ET",Up,BUY,84,0.52,0x1d1fe89a5cdf23eec85812c24f2c4dba27f8dc4eca8b29f00f858b4b37b12a0b,2026-05-03 22:54:34,0xbc2db0978feb51b8a21a99128f58fc610ceb733a51a9d364c2bde0f277868e2d,btc-updown-5m-1777837800
"Bitcoin Up or Down - May 3, 3:50PM-3:55PM ET",Up,BUY,83,0.52,0x1d1fe89a5cdf23eec85812c24f2c4dba27f8dc4eca8b29f00f858b4b37b12a0b,2026-05-03 22:54:34,0xb990fb65a417b748f4e61d474a9f274423aa7a52bf058e6b97d98f362252f233,btc-updown-5m-1777837800
"Bitcoin Up or Down - May 3, 3:45PM-4:00PM ET",Up,BUY,10,0.43,0x16bf299cbb9d9d26433e7cf12ab8af42ed6e6c80e20be638e40c6d22bf7c547b,2026-05-03 22:54:34,0xb09ad90565e182b5ae282d9f0a40f74c4b8ac8b19cac21c2f0327704ad802c22,btc-updown-15m-1777837500
"Bitcoin Up or Down - May 3, 3:45PM-4:00PM ET",Up,BUY,10,0.41,0x16bf299cbb9d9d26433e7cf12ab8af42ed6e6c80e20be638e40c6d22bf7c547b,2026-05-03 22:54:34,0x4b822a08db1dcd0084911bb1c79ebef8fa7da7e4224b1bd7410c9ee16bf91060,btc-updown-15m-1777837500
"Bitcoin Up or Down - May 3, 3:45PM-4:00PM ET",Up,BUY,10,0.42,0x16bf299cbb9d9d26433e7cf12ab8af42ed6e6c80e20be638e40c6d22bf7c547b,2026-05-03 22:54:34,0x53173bdeb5c31ce320704f8aba0ceaf56e774025754b2f1faac7aa1ef5a21864,btc-updown-15m-1777837500
"Bitcoin Up or Down - May 3, 3:50PM-3:55PM ET",Up,BUY,90,0.52,0x1d1fe89a5cdf23eec85812c24f2c4dba27f8dc4eca8b29f00f858b4b37b12a0b,2026-05-03 22:54:34,0x6f1ebef5e767745d7e831f74db51654e9a13f5ac9d33b330751e1ada15e5ee08,btc-updown-5m-1777837800
"Bitcoin Up or Down - May 3, 3:45PM-4:00PM ET",Up,BUY,10,0.45578,0x16bf299cbb9d9d26433e7cf12ab8af42ed6e6c80e20be638e40c6d22bf7c547b,2026-05-03 22:54:34,0x7296b462c1247d686dccc72826373c9aa8597750ae6f70705790610ee52359a3,btc-updown-15m-1777837500
"Bitcoin Up or Down - May 3, 3:50PM-3:55PM ET",Down,BUY,41.23,0.5599272374484598,0x1d1fe89a5cdf23eec85812c24f2c4dba27f8dc4eca8b29f00f858b4b37b12a0b,2026-05-03 22:54:28,0x4dd5ad608e25dd8a4a3466d448d977ee12a6d5050db5a2dcf70f8598e262c569,btc-updown-5m-1777837800
"Bitcoin Up or Down - May 3, 3:45PM-4:00PM ET",Down,BUY,11,0.62,0x16bf299cbb9d9d26433e7cf12ab8af42ed6e6c80e20be638e40c6d22bf7c547b,2026-05-03 22:54:26,0x6460facc94beceb953e915bf94bd05766a099c3712b4d14f5b336f90a7b9308f,btc-updown-15m-1777837500
"Bitcoin Up or Down - May 3, 3:50PM-3:55PM ET",Up,BUY,82,0.5087804878048781,0x1d1fe89a5cdf23eec85812c24f2c4dba27f8dc4eca8b29f00f858b4b37b12a0b,2026-05-03 22:54:26,0x9b34687041906ee5fc964c3952eafa185a468e4440ed9b1203f33626e56f29d2,btc-updown-5m-1777837800
"Bitcoin Up or Down - May 3, 3:45PM-4:00PM ET",Up,BUY,10,0.4,0x16bf299cbb9d9d26433e7cf12ab8af42ed6e6c80e20be638e40c6d22bf7c547b,2026-05-03 22:54:24,0x7eb710bbc97afd73b20a8d3a695609702b71bedbe56dd1ca222f302d19baa1b6,btc-updown-15m-1777837500
"Bitcoin Up or Down - May 3, 3:50PM-3:55PM ET",Down,BUY,86,0.5539418604651163,0x1d1fe89a5cdf23eec85812c24f2c4dba27f8dc4eca8b29f00f858b4b37b12a0b,2026-05-03 22:54:16,0x7c0567b4bd4933f0c181e023f0bedcd10d6994f16a81c7496215da566c00ddef,btc-updown-5m-1777837800
"Bitcoin Up or Down - May 3, 3:50PM-3:55PM ET",Down,BUY,19.31,0.5453443811496634,0x1d1fe89a5cdf23eec85812c24f2c4dba27f8dc4eca8b29f00f858b4b37b12a0b,2026-05-03 22:54:16,0xce4950648cbc12ac11f6985ff578724ae8ec063163d93ab1ad5ba4b2ca7d341d,btc-updown-5m-1777837800
"Ethereum Up or Down - May 3, 3:50PM-3:55PM ET",Down,BUY,19,0.1443157894736842,0xb38da8511992ed581645258d201411d935957f1923f439a4233cc99d9de8e51d,2026-05-03 22:54:16,0x240f87a30e61888f165660aeb1ce9667dbd33c59c186aa63543f93aae5d49f68,eth-updown-5m-1777837800
"Bitcoin Up or Down - May 3, 3:45PM-4:00PM ET",Down,BUY,11,0.61,0x16bf299cbb9d9d26433e7cf12ab8af42ed6e6c80e20be638e40c6d22bf7c547b,2026-05-03 22:54:16,0x0bf2cd0f160d9585c40277709957318db42b1ded6ec02b4a306325607a6ced5f,btc-updown-15m-1777837500
"Ethereum Up or Down - May 3, 3:50PM-3:55PM ET",Down,BUY,18,0.08444444444444445,0xb38da8511992ed581645258d201411d935957f1923f439a4233cc99d9de8e51d,2026-05-03 22:54:14,0xb103617b0f2c806702e9d800613de513ceb3bc6a356423c7d5244a6ee8a87e82,eth-updown-5m-1777837800
"Bitcoin Up or Down - May 3, 3:50PM-3:55PM ET",Up,BUY,81,0.53,0x1d1fe89a5cdf23eec85812c24f2c4dba27f8dc4eca8b29f00f858b4b37b12a0b,2026-05-03 22:54:10,0x3b102a0d88f4a5b931203a45d4a963783f4c4f2376483c22c4a42ef2e2e6fd6b,btc-updown-5m-1777837800
"Bitcoin Up or Down - May 3, 3:45PM-4:00PM ET",Up,BUY,10,0.38,0x16bf299cbb9d9d26433e7cf12ab8af42ed6e6c80e20be638e40c6d22bf7c547b,2026-05-03 22:53:40,0xe395b255cf0e215fc130e4c18d75ba92641966dcefc983d3a145a6362388b61f,btc-updown-15m-1777837500
"Bitcoin Up or Down - May 3, 3:50PM-3:55PM ET",Up,BUY,85,0.51,0x1d1fe89a5cdf23eec85812c24f2c4dba27f8dc4eca8b29f00f858b4b37b12a0b,2026-05-03 22:53:40,0x954fb2c370f5bc37654e194bfd9402b1a4e0af9ab1c57048f588cc3e5e0d1adc,btc-updown-5m-1777837800
"Bitcoin Up or Down - May 3, 3:45PM-4:00PM ET",Up,BUY,11,0.37,0x16bf299cbb9d9d26433e7cf12ab8af42ed6e6c80e20be638e40c6d22bf7c547b,2026-05-03 22:53:22,0x772cd7da4e7e89f7fc385ec555050a4d88cac42a4d35ced82101869f8a4691e2,btc-updown-15m-1777837500
"Ethereum Up or Down - May 3, 3:50PM-3:55PM ET",Down,BUY,10,0.3935,0xb38da8511992ed581645258d201411d935957f1923f439a4233cc99d9de8e51d,2026-05-03 22:53:22,0x43650148445d144ff98aa5b57e661329570211399a8e9423e7164b9bc2573336,eth-updown-5m-1777837800
"Ethereum Up or Down - May 3, 3:50PM-3:55PM ET",Down,BUY,10.6,0.37,0xb38da8511992ed581645258d201411d935957f1923f439a4233cc99d9de8e51d,2026-05-03 22:53:22,0x84587effa039dcd1a6c3157819ca569d72d1f4e66ecffff723d26ee0b838b5a6,eth-updown-5m-1777837800
"Bitcoin Up or Down - May 3, 3:50PM-3:55PM ET",Up,BUY,75.69,0.605280750429383,0x1d1fe89a5cdf23eec85812c24f2c4dba27f8dc4eca8b29f00f858b4b37b12a0b,2026-05-03 22:53:22,0x36c194f12bfd045a90ff089408d6a400aae7defc9fca245a84132709d9008be5,btc-updown-5m-1777837800
"Bitcoin Up or Down - May 3, 3:45PM-4:00PM ET",Up,BUY,11,0.37,0x16bf299cbb9d9d26433e7cf12ab8af42ed6e6c80e20be638e40c6d22bf7c547b,2026-05-03 22:53:20,0xa8db634e36db4724229cac5013784d0acc1234dc51932478b30c672e8c54b8b9,btc-updown-15m-1777837500
"Ethereum Up or Down - May 3, 3:50PM-3:55PM ET",Up,BUY,11,0.67,0xb38da8511992ed581645258d201411d935957f1923f439a4233cc99d9de8e51d,2026-05-03 22:53:20,0xd90867bcc1d128e09a21818004cdbe76f0e2c97deeb563fc6cb2fb52ee0619e9,eth-updown-5m-1777837800
"Ethereum Up or Down - May 3, 3:50PM-3:55PM ET",Down,BUY,10,0.43943,0xb38da8511992ed581645258d201411d935957f1923f439a4233cc99d9de8e51d,2026-05-03 22:53:06,0x59284b78598210a7b50930f5635b4596084c27b50069a76972a6bdf98b64cbfd,eth-updown-5m-1777837800
"Ethereum Up or Down - May 3, 3:50PM-3:55PM ET",Up,BUY,10,0.57,0xb38da8511992ed581645258d201411d935957f1923f439a4233cc99d9de8e51d,2026-05-03 22:53:04,0x058dbb75e53b0a20036a5552487a4215538a19e0d2e27ecfb3931d8889dda725,eth-updown-5m-1777837800
"Ethereum Up or Down - May 3, 3:50PM-3:55PM ET",Up,BUY,10,0.57,0xb38da8511992ed581645258d201411d935957f1923f439a4233cc99d9de8e51d,2026-05-03 22:53:04,0x39d5cb35b5464a61338e2aafe83c1453c546cf433bd650f9c7ab39ad67ea255c,eth-updown-5m-1777837800
"Bitcoin Up or Down - May 3, 3:45PM-4:00PM ET",Up,BUY,14,0.21,0x16bf299cbb9d9d26433e7cf12ab8af42ed6e6c80e20be638e40c6d22bf7c547b,2026-05-03 22:53:04,0xce51fbdcf862d879d952fb15acaafeacc1e3f436194a749c95365c06a230f558,btc-updown-15m-1777837500
"Ethereum Up or Down - May 3, 3:50PM-3:55PM ET",Up,BUY,10,0.57,0xb38da8511992ed581645258d201411d935957f1923f439a4233cc99d9de8e51d,2026-05-03 22:53:04,0x95ba54565c966bf610a312e0a3dbb82e45577b91c0f657434ec88d3017aab710,eth-updown-5m-1777837800
"Bitcoin Up or Down - May 3, 3:45PM-4:00PM ET",Up,BUY,15,0.2,0x16bf299cbb9d9d26433e7cf12ab8af42ed6e6c80e20be638e40c6d22bf7c547b,2026-05-03 22:53:04,0x22950eed5814dd5b5994867665f206b0aecf54093a56ba67d66b8f1cdb33e610,btc-updown-15m-1777837500
"Bitcoin Up or Down - May 3, 3:50PM-3:55PM ET",Up,BUY,94,0.29,0x1d1fe89a5cdf23eec85812c24f2c4dba27f8dc4eca8b29f00f858b4b37b12a0b,2026-05-03 22:53:04,0x4d5e14e2d78c1358c197072e00d168b9118c1bafe69e0746b090983189aadcbb,btc-updown-5m-1777837800
"Bitcoin Up or Down - May 3, 3:45PM-4:00PM ET",Up,BUY,13,0.22,0x16bf299cbb9d9d26433e7cf12ab8af42ed6e6c80e20be638e40c6d22bf7c547b,2026-05-03 22:53:04,0xa7c52bf2092076364f029d95e208ba98423314908074fc47d3af9a5769a1b4d9,btc-updown-15m-1777837500
"Bitcoin Up or Down - May 3, 3:50PM-3:55PM ET",Up,BUY,87.03,0.27070205676203607,0x1d1fe89a5cdf23eec85812c24f2c4dba27f8dc4eca8b29f00f858b4b37b12a0b,2026-05-03 22:53:04,0x502af1114a34983b49e65ee0934d3168e32fa2801bc2ae23e1ab255112b4e2a5,btc-updown-5m-1777837800
"Bitcoin Up or Down - May 3, 3:50PM-3:55PM ET",Up,BUY,101,0.24605940594059406,0x1d1fe89a5cdf23eec85812c24f2c4dba27f8dc4eca8b29f00f858b4b37b12a0b,2026-05-03 22:53:04,0xdcdb60b2e7a188479c139521376fbbc445a3b9c690e1df5d470f91f69913bdf3,btc-updown-5m-1777837800
"Bitcoin Up or Down - May 3, 3:50PM-3:55PM ET",Up,BUY,95,0.29,0x1d1fe89a5cdf23eec85812c24f2c4dba27f8dc4eca8b29f00f858b4b37b12a0b,2026-05-03 22:53:04,0x06cd88889517c446d4dcfe85f49e49634f20254c7e07dcf4f1ab5c92a7206db7,btc-updown-5m-1777837800
"Bitcoin Up or Down - May 3, 3:50PM-3:55PM ET",Up,BUY,107,0.2248747663551402,0x1d1fe89a5cdf23eec85812c24f2c4dba27f8dc4eca8b29f00f858b4b37b12a0b,2026-05-03 22:53:04,0x01451164219b458d906647d864e830965796889f86b9bf2cb4edbf688e4d3b45,btc-updown-5m-1777837800
"Bitcoin Up or Down - May 3, 3:45PM-4:00PM ET",Up,BUY,14,0.21642857142857144,0x16bf299cbb9d9d26433e7cf12ab8af42ed6e6c80e20be638e40c6d22bf7c547b,2026-05-03 22:53:04,0x6c5bc5ac0349ea4713564c048f01c7b9c47392e9c3077d0cefecadc8dbdf4c90,btc-updown-15m-1777837500
"Bitcoin Up or Down - May 3, 3:45PM-4:00PM ET",Down,BUY,10.25,0.78,0x16bf299cbb9d9d26433e7cf12ab8af42ed6e6c80e20be638e40c6d22bf7c547b,2026-05-03 22:52:38,0x7e4b55a87a21a775e518fc3b06a825dd463cbca986fa90d4cd40fe974bd5e942,btc-updown-15m-1777837500
"Bitcoin Up or Down - May 3, 3:50PM-3:55PM ET",Down,BUY,6.09,0.74,0x1d1fe89a5cdf23eec85812c24f2c4dba27f8dc4eca8b29f00f858b4b37b12a0b,2026-05-03 22:52:38,0xfdb5a0b23e5615feeb5237533fa3609b838b8c2e71663c24cf6224b291b07302,btc-updown-5m-1777837800
"Ethereum Up or Down - May 3, 3:50PM-3:55PM ET",Down,BUY,11,0.51,0xb38da8511992ed581645258d201411d935957f1923f439a4233cc99d9de8e51d,2026-05-03 22:52:38,0xdceab44c1e19ebd46df49179aba3c8a3701dc4321aa01c8cfb7e08c964c6d85d,eth-updown-5m-1777837800
"Bitcoin Up or Down - May 3, 3:45PM-4:00PM ET",Down,BUY,15,0.78,0x16bf299cbb9d9d26433e7cf12ab8af42ed6e6c80e20be638e40c6d22bf7c547b,2026-05-03 22:52:38,0xf25ca3028f955aff45ca755f1fbcbfa55d6294dab6f14017e175b3eebdb09c5d,btc-updown-15m-1777837500
"Bitcoin Up or Down - May 3, 3:50PM-3:55PM ET",Down,BUY,107,0.7456345794392524,0x1d1fe89a5cdf23eec85812c24f2c4dba27f8dc4eca8b29f00f858b4b37b12a0b,2026-05-03 22:52:38,0x1f738a86c9a8733bb360de144847add5872c15ead22a7422d5a382db5d6f2bfb,btc-updown-5m-1777837800
"Ethereum Up or Down - May 3, 3:50PM-3:55PM ET",Down,BUY,10,0.51,0xb38da8511992ed581645258d201411d935957f1923f439a4233cc99d9de8e51d,2026-05-03 22:52:36,0x295710f5fa5b6119219c4808f999f04411a91ddc8488286e9578535da4843808,eth-updown-5m-1777837800
"Ethereum Up or Down - May 3, 3:50PM-3:55PM ET",Down,BUY,7,0.5,0xb38da8511992ed581645258d201411d935957f1923f439a4233cc99d9de8e51d,2026-05-03 22:52:36,0xc0649ec020d930ed3842edb30132991810b877d53660128615c080e61d6a65be,eth-updown-5m-1777837800
"Bitcoin Up or Down - May 3, 3:45PM-4:00PM ET",Down,BUY,13,0.74,0x16bf299cbb9d9d26433e7cf12ab8af42ed6e6c80e20be638e40c6d22bf7c547b,2026-05-03 22:52:36,0xedf6779186c819f130aa1fab1ef34133934a436f7d7b6230ada6c1db30b2a216,btc-updown-15m-1777837500
"Ethereum Up or Down - May 3, 3:50PM-3:55PM ET",Down,BUY,5,0.37,0xb38da8511992ed581645258d201411d935957f1923f439a4233cc99d9de8e51d,2026-05-03 22:52:34,0xcd4dd5116ecb0c11f2542291ef1be6361350fde67ec51672f6964a33b29bbfce,eth-updown-5m-1777837800
"Bitcoin Up or Down - May 3, 3:50PM-3:55PM ET",Up,BUY,10,0.395,0x1d1fe89a5cdf23eec85812c24f2c4dba27f8dc4eca8b29f00f858b4b37b12a0b,2026-05-03 22:52:20,0x80718a23f043b079f8d55e9e425d4359b19824b41070c112e8b950216f6c1b58,btc-updown-5m-1777837800
"Bitcoin Up or Down - May 3, 3:45PM-4:00PM ET",Up,BUY,12,0.31,0x16bf299cbb9d9d26433e7cf12ab8af42ed6e6c80e20be638e40c6d22bf7c547b,2026-05-03 22:52:20,0xa1e398152bfcd40466b0c12b33187ee2605f92d3949027b3f699ae6c917f18fb,btc-updown-15m-1777837500
"Ethereum Up or Down - May 3, 3:50PM-3:55PM ET",Up,BUY,0.75,0.51,0xb38da8511992ed581645258d201411d935957f1923f439a4233cc99d9de8e51d,2026-05-03 22:52:18,0xeffdd83533a003f61f0daf79c3ee672200ff4fe6a5d3b7bb2f3af2d66638052d,eth-updown-5m-1777837800
"Ethereum Up or Down - May 3, 3:50PM-3:55PM ET",Down,BUY,10,0.51,0xb38da8511992ed581645258d201411d935957f1923f439a4233cc99d9de8e51d,2026-05-03 22:52:16,0xe1c7c859952d522fddb6a830f327bbc580a55a2c073fb32ab7bc27a92c81b2c1,eth-updown-5m-1777837800
"Ethereum Up or Down - May 3, 3:50PM-3:55PM ET",Down,BUY,6.24,0.45,0xb38da8511992ed581645258d201411d935957f1923f439a4233cc99d9de8e51d,2026-05-03 22:52:08,0x9e31774e9a74cadc73855afa49f16684eeaedeb982342b35431481825a7b2a7a,eth-updown-5m-1777837800
"Ethereum Up or Down - May 3, 3:50PM-3:55PM ET",Down,BUY,6.24,0.44,0xb38da8511992ed581645258d201411d935957f1923f439a4233cc99d9de8e51d,2026-05-03 22:52:08,0x4de375d1459ff3d973d488050b1dbe1351a46eae0392a8e9c9a4e29c7b96cedc,eth-updown-5m-1777837800
"Bitcoin Up or Down - May 3, 3:50PM-3:55PM ET",Down,BUY,82,0.5232512195121951,0x1d1fe89a5cdf23eec85812c24f2c4dba27f8dc4eca8b29f00f858b4b37b12a0b,2026-05-03 22:52:00,0x9768b347a8803af3dbf132432b56e26b1d7a3997b8ea978d3a6fe7e053e5a97b,btc-updown-5m-1777837800
"Bitcoin Up or Down - May 3, 3:45PM-4:00PM ET",Down,BUY,3.42,0.65,0x16bf299cbb9d9d26433e7cf12ab8af42ed6e6c80e20be638e40c6d22bf7c547b,2026-05-03 22:52:00,0x678dc095e2f6024870599bcb673a94cfd03ad1939ba022b21ec2e969704d2db4,btc-updown-15m-1777837500
"Bitcoin Up or Down - May 3, 3:50PM-3:55PM ET",Up,BUY,80,0.49243125,0x1d1fe89a5cdf23eec85812c24f2c4dba27f8dc4eca8b29f00f858b4b37b12a0b,2026-05-03 22:51:46,0x7227514d537b40376f33f4fb2e9d1baabeeb4806fa68c04f41b4eafbfe513a38,btc-updown-5m-1777837800
"Ethereum Up or Down - May 3, 3:50PM-3:55PM ET",Up,BUY,10,0.59,0xb38da8511992ed581645258d201411d935957f1923f439a4233cc99d9de8e51d,2026-05-03 22:51:46,0x43bbd16d31ad23d51439104df55d56a490d8e77f75a4de478b522265ab71e3b2,eth-updown-5m-1777837800
"Bitcoin Up or Down - May 3, 3PM ET",Up,BUY,5.1,0.89,0x0b5f4d3b7a3a4f3a005ebafb919b0137e79bad8ea863e0e151b2b60a15ab8533,2026-05-03 22:51:46,0x6420ea92bf9ece1432cbbe95829be797bfbf5439b65ffd683e195fd92c94f10e,bitcoin-up-or-down-may-3-2026-3pm-et
"Bitcoin Up or Down - May 3, 3:45PM-4:00PM ET",Up,BUY,11,0.35,0x16bf299cbb9d9d26433e7cf12ab8af42ed6e6c80e20be638e40c6d22bf7c547b,2026-05-03 22:51:46,0x98f598fa9185ba54de297d0c157186852cff07c7ae80ed7f6862237449e7ced2,btc-updown-15m-1777837500
"Bitcoin Up or Down - May 3, 3:45PM-4:00PM ET",Up,BUY,11,0.35868181818181816,0x16bf299cbb9d9d26433e7cf12ab8af42ed6e6c80e20be638e40c6d22bf7c547b,2026-05-03 22:51:46,0x61323b9e7c56761b6b8890059b9e840354dcacca3624e42e1935988e837b6ec8,btc-updown-15m-1777837500
"Bitcoin Up or Down - May 3, 3:50PM-3:55PM ET",Up,BUY,80,0.495,0x1d1fe89a5cdf23eec85812c24f2c4dba27f8dc4eca8b29f00f858b4b37b12a0b,2026-05-03 22:51:46,0x8b364ee787b166deb066aec0b81146e1f0226508bcd4531c44abd4c24f552526,btc-updown-5m-1777837800
"Bitcoin Up or Down - May 3, 3:50PM-3:55PM ET",Up,BUY,81,0.43,0x1d1fe89a5cdf23eec85812c24f2c4dba27f8dc4eca8b29f00f858b4b37b12a0b,2026-05-03 22:51:44,0xccbb09ce13356d749f52ee68923ea9770d2b2d216cd43f461273aade079d1593,btc-updown-5m-1777837800
"Bitcoin Up or Down - May 3, 3:45PM-4:00PM ET",Up,BUY,10,0.3,0x16bf299cbb9d9d26433e7cf12ab8af42ed6e6c80e20be638e40c6d22bf7c547b,2026-05-03 22:51:32,0x2b98297fd817b702b99abc7725bd39d7c8dd89d28507e66d9bc34670da6d36f1,btc-updown-15m-1777837500
"Ethereum Up or Down - May 3, 3:50PM-3:55PM ET",Up,BUY,11,0.49536363636363634,0xb38da8511992ed581645258d201411d935957f1923f439a4233cc99d9de8e51d,2026-05-03 22:51:32,0x41d9b3931fefbe810475c12095d7ca092837332aff51a93f9281286889c64335,eth-updown-5m-1777837800
"Ethereum Up or Down - May 3, 3:50PM-3:55PM ET",Up,BUY,10,0.49,0xb38da8511992ed581645258d201411d935957f1923f439a4233cc99d9de8e51d,2026-05-03 22:51:32,0x01a9ae0ac2c93762a1d07e9a642d84d3c2f7fcba97a10ab71e97bc202aacbd86,eth-updown-5m-1777837800
"Bitcoin Up or Down - May 3, 3:45PM-4:00PM ET",Up,BUY,10,0.3,0x16bf299cbb9d9d26433e7cf12ab8af42ed6e6c80e20be638e40c6d22bf7c547b,2026-05-03 22:51:32,0x545bf7acacdbde43563f2075a7a07ff42bccf411601c30b771bbca15f0b4d2c8,btc-updown-15m-1777837500
"Bitcoin Up or Down - May 3, 3:45PM-4:00PM ET",Up,BUY,10,0.3,0x16bf299cbb9d9d26433e7cf12ab8af42ed6e6c80e20be638e40c6d22bf7c547b,2026-05-03 22:51:32,0x8d97a7871b82693bae5121814afa8b944fb9f1672f7e944d44f190e6677ab074,btc-updown-15m-1777837500
"Bitcoin Up or Down - May 3, 3:50PM-3:55PM ET",Down,BUY,86,0.61,0x1d1fe89a5cdf23eec85812c24f2c4dba27f8dc4eca8b29f00f858b4b37b12a0b,2026-05-03 22:51:32,0xdca182bda60d04f7234302e7195c9a36d6e8a636f8da5b68ec7cc722d5dc69aa,btc-updown-5m-1777837800
"Bitcoin Up or Down - May 3, 3:50PM-3:55PM ET",Up,BUY,85,0.43,0x1d1fe89a5cdf23eec85812c24f2c4dba27f8dc4eca8b29f00f858b4b37b12a0b,2026-05-03 22:51:32,0xe6f030f9c6998188b3003ca6e221ce9fc39d5b9808206860f432aef3d1020585,btc-updown-5m-1777837800
"Bitcoin Up or Down - May 3, 3:45PM-4:00PM ET",Down,BUY,13,0.71,0x16bf299cbb9d9d26433e7cf12ab8af42ed6e6c80e20be638e40c6d22bf7c547b,2026-05-03 22:51:32,0xcfd1f88a634d520596fa3a5dc8b0c88fecd2960335ea5aa98c3a6979302f74ee,btc-updown-15m-1777837500
"Ethereum Up or Down - May 3, 3:50PM-3:55PM ET",Down,BUY,10,0.51,0xb38da8511992ed581645258d201411d935957f1923f439a4233cc99d9de8e51d,2026-05-03 22:51:32,0x1376b3506c1b9b2e2053b94107602680fdaf4b8ed45958eeb635c343d8ad9c04,eth-updown-5m-1777837800
"Bitcoin Up or Down - May 3, 3:50PM-3:55PM ET",Down,BUY,92,0.61,0x1d1fe89a5cdf23eec85812c24f2c4dba27f8dc4eca8b29f00f858b4b37b12a0b,2026-05-03 22:51:32,0x6400a5c0694a8a60ceb968c4f2e5bd94f6fcec1afff1c399ef53ebd3db0cc138,btc-updown-5m-1777837800
"Bitcoin Up or Down - May 3, 3:45PM-4:00PM ET",Down,BUY,12,0.71,0x16bf299cbb9d9d26433e7cf12ab8af42ed6e6c80e20be638e40c6d22bf7c547b,2026-05-03 22:51:32,0x45faeb29593abfdcedf7ec5a308abafb6dff1294982b0357ad9612be5e86c04c,btc-updown-15m-1777837500
"Bitcoin Up or Down - May 3, 3:50PM-3:55PM ET",Down,BUY,85,0.61,0x1d1fe89a5cdf23eec85812c24f2c4dba27f8dc4eca8b29f00f858b4b37b12a0b,2026-05-03 22:51:32,0x1a690ac11b698351412cd3820b0b7b7931adaca0e1263bf35a97e25ebb0b08ab,btc-updown-5m-1777837800
"Bitcoin Up or Down - May 3, 3:50PM-3:55PM ET",Up,BUY,99,0.42,0x1d1fe89a5cdf23eec85812c24f2c4dba27f8dc4eca8b29f00f858b4b37b12a0b,2026-05-03 22:51:32,0xe8cff8de458fe3431ccafd9d0a3be45e97f7566b796f04febbacd815785e0d6c,btc-updown-5m-1777837800
"Bitcoin Up or Down - May 3, 3:50PM-3:55PM ET",Down,BUY,84,0.6016416666666666,0x1d1fe89a5cdf23eec85812c24f2c4dba27f8dc4eca8b29f00f858b4b37b12a0b,2026-05-03 22:51:32,0xbcce70ccdfaf35848e971f1ee8c5b2245be893244a3fe0ab1e6f51b57b023682,btc-updown-5m-1777837800
"Bitcoin Up or Down - May 3, 3:50PM-3:55PM ET",Down,BUY,83,0.6,0x1d1fe89a5cdf23eec85812c24f2c4dba27f8dc4eca8b29f00f858b4b37b12a0b,2026-05-03 22:51:32,0xdbaeed5d5ea046d6e731787a14d9508ee6312505ed348dd0b5fbbeea6b6ea093,btc-updown-5m-1777837800
"Ethereum Up or Down - May 3, 3:50PM-3:55PM ET",Up,BUY,11,0.5,0xb38da8511992ed581645258d201411d935957f1923f439a4233cc99d9de8e51d,2026-05-03 22:51:32,0xa6a1761eed5e64bfba44cf5367f6c8d941c43aa2ed8cf1dc585c8e27271abe50,eth-updown-5m-1777837800
"Bitcoin Up or Down - May 3, 3:50PM-3:55PM ET",Up,BUY,95,0.42,0x1d1fe89a5cdf23eec85812c24f2c4dba27f8dc4eca8b29f00f858b4b37b12a0b,2026-05-03 22:51:32,0xa3884daf7784ec5d1f2fc180e1a42e1080782d7f4fd0ed01c2633af7ecada95b,btc-updown-5m-1777837800
"Bitcoin Up or Down - May 3, 3:50PM-3:55PM ET",Up,BUY,87,0.42,0x1d1fe89a5cdf23eec85812c24f2c4dba27f8dc4eca8b29f00f858b4b37b12a0b,2026-05-03 22:51:32,0x47f9502c531fb10361a613e05b3855033891224d3cfc68c6494a8f3b564d1171,btc-updown-5m-1777837800
"Bitcoin Up or Down - May 3, 3:45PM-4:00PM ET",Up,BUY,10,0.3,0x16bf299cbb9d9d26433e7cf12ab8af42ed6e6c80e20be638e40c6d22bf7c547b,2026-05-03 22:51:32,0xc94706dab9f856f42b916e8838be7d5c88dd1321fd7ccbcf6a6439aeb01b3a96,btc-updown-15m-1777837500
"Bitcoin Up or Down - May 3, 3PM ET",Up,BUY,13,0.89,0x0b5f4d3b7a3a4f3a005ebafb919b0137e79bad8ea863e0e151b2b60a15ab8533,2026-05-03 22:51:32,0x09b495a4ef2f67f4d32fdaf6b39bddde489a13846c79c3fa1ea5248853fde2d9,bitcoin-up-or-down-may-3-2026-3pm-et
"Ethereum Up or Down - May 3, 3:50PM-3:55PM ET",Up,BUY,11,0.49,0xb38da8511992ed581645258d201411d935957f1923f439a4233cc99d9de8e51d,2026-05-03 22:51:32,0x7a5861c4bc4ebaac5105bf1507f88a8dcdd87c277995b63e0e8ef7d92d456038,eth-updown-5m-1777837800
"Bitcoin Up or Down - May 3, 3:45PM-4:00PM ET",Up,BUY,10,0.3,0x16bf299cbb9d9d26433e7cf12ab8af42ed6e6c80e20be638e40c6d22bf7c547b,2026-05-03 22:51:32,0x2bf390f10dbfebf55668de64d123f8a0d8302b068377edba2aacd55634a15533,btc-updown-15m-1777837500
"Ethereum Up or Down - May 3, 3:50PM-3:55PM ET",Up,BUY,10,0.49,0xb38da8511992ed581645258d201411d935957f1923f439a4233cc99d9de8e51d,2026-05-03 22:51:30,0x8c09c3814aafc6f0b02bf1da5ca78633b285f1e15a1317f3e038a5989aec2930,eth-updown-5m-1777837800
"Bitcoin Up or Down - May 3, 3:50PM-3:55PM ET",Up,BUY,81,0.46023703703703706,0x1d1fe89a5cdf23eec85812c24f2c4dba27f8dc4eca8b29f00f858b4b37b12a0b,2026-05-03 22:51:30,0x763f970d23a7ed71ed8486e506e919f7aa8c74ad56d6979850043baa2aa877e7,btc-updown-5m-1777837800
"Bitcoin Up or Down - May 3, 3:45PM-4:00PM ET",Up,BUY,11,0.3,0x16bf299cbb9d9d26433e7cf12ab8af42ed6e6c80e20be638e40c6d22bf7c547b,2026-05-03 22:51:30,0x30df0bb01b49789c3e8d38942bde6ef5837b689f65d2bcdc5d72aa139e4cdede,btc-updown-15m-1777837500
"Bitcoin Up or Down - May 3, 3:50PM-3:55PM ET",Up,BUY,80,0.445375,0x1d1fe89a5cdf23eec85812c24f2c4dba27f8dc4eca8b29f00f858b4b37b12a0b,2026-05-03 22:51:30,0xe0afb66058e74a3fe1c486feedcd859a0f1bb009f512b6f358d05bc456b3c6f6,btc-updown-5m-1777837800
"Bitcoin Up or Down - May 3, 3:45PM-4:00PM ET",Up,BUY,11,0.31,0x16bf299cbb9d9d26433e7cf12ab8af42ed6e6c80e20be638e40c6d22bf7c547b,2026-05-03 22:51:30,0xf3908031b312477fe8eddf19e414632470aaf80e3d6d09c3e58406c75675cffa,btc-updown-15m-1777837500
"Ethereum Up or Down - May 3, 3:50PM-3:55PM ET",Up,BUY,10,0.49,0xb38da8511992ed581645258d201411d935957f1923f439a4233cc99d9de8e51d,2026-05-03 22:51:30,0x8785eae39877cc60624ab8078b69692e3409b3770efbf6de1579fa1033567cea,eth-updown-5m-1777837800
"Bitcoin Up or Down - May 3, 3:45PM-4:00PM ET",Up,BUY,11,0.31,0x16bf299cbb9d9d26433e7cf12ab8af42ed6e6c80e20be638e40c6d22bf7c547b,2026-05-03 22:51:30,0x8cd8e55b749d2dda1b6f2891d54340af73a616ea2906e00f6f95333dab567217,btc-updown-15m-1777837500
"Bitcoin Up or Down - May 3, 3:50PM-3:55PM ET",Up,BUY,83,0.48119156626506027,0x1d1fe89a5cdf23eec85812c24f2c4dba27f8dc4eca8b29f00f858b4b37b12a0b,2026-05-03 22:51:30,0x9d17e38a32d301091715d10189ce488d68caae3d9181d660ad16c674db6a287f,btc-updown-5m-1777837800
"Bitcoin Up or Down - May 3, 3:50PM-3:55PM ET",Up,BUY,81,0.5091975308641975,0x1d1fe89a5cdf23eec85812c24f2c4dba27f8dc4eca8b29f00f858b4b37b12a0b,2026-05-03 22:51:30,0x67051019107145b6172792ff884617c5fd25d1b3ede41e973b9afe75e3e8495d,btc-updown-5m-1777837800
"Ethereum Up or Down - May 3, 3:50PM-3:55PM ET",Up,BUY,10,0.49,0xb38da8511992ed581645258d201411d935957f1923f439a4233cc99d9de8e51d,2026-05-03 22:51:30,0xd8b0886ad478486751522d62fcc29cf32cd01137cce1c875cb41aebb9630cc57,eth-updown-5m-1777837800
"Bitcoin Up or Down - May 3, 3:45PM-4:00PM ET",Up,BUY,11,0.3,0x16bf299cbb9d9d26433e7cf12ab8af42ed6e6c80e20be638e40c6d22bf7c547b,2026-05-03 22:51:26,0x7a7c6ffc0083615485e9d3b1b38d8d83badd7b3df18380de447a2787e0c77455,btc-updown-15m-1777837500
"Bitcoin Up or Down - May 3, 3:50PM-3:55PM ET",Up,BUY,82,0.4160621951219512,0x1d1fe89a5cdf23eec85812c24f2c4dba27f8dc4eca8b29f00f858b4b37b12a0b,2026-05-03 22:51:22,0x4226d68e6e74d5273c99e3af60f8baf0f845da58c1607bbb275b331c8729cff7,btc-updown-5m-1777837800
"Ethereum Up or Down - May 3, 3:50PM-3:55PM ET",Up,BUY,10,0.48,0xb38da8511992ed581645258d201411d935957f1923f439a4233cc99d9de8e51d,2026-05-03 22:51:18,0x400202bb56bbc0df1a64f9fbde52cfb53ef10ed5ae996d2c61b7483499a8b63e,eth-updown-5m-1777837800
"Ethereum Up or Down - May 3, 3:50PM-3:55PM ET",Down,BUY,10,0.54,0xb38da8511992ed581645258d201411d935957f1923f439a4233cc99d9de8e51d,2026-05-03 22:50:26,0xd296ec9aea805300e7b03a51c6cd8ad2ae29e97ac703f7df6e8974dc580a6cd0,eth-updown-5m-1777837800
"Ethereum Up or Down - May 3, 3:50PM-3:55PM ET",Up,BUY,10,0.47,0xb38da8511992ed581645258d201411d935957f1923f439a4233cc99d9de8e51d,2026-05-03 22:50:22,0x63468de9c25de47b60fe775bef39f90869b9746e89c39196503c1a268e2ecb07,eth-updown-5m-1777837800
"Ethereum Up or Down - May 3, 3:50PM-3:55PM ET",Up,BUY,10,0.47,0xb38da8511992ed581645258d201411d935957f1923f439a4233cc99d9de8e51d,2026-05-03 22:50:22,0xcdf258d5051ab38b77542247e9fcc57ff67ced0363f8e1c971fb331e7b6147c2,eth-updown-5m-1777837800
"Bitcoin Up or Down - May 3, 3PM ET",Down,BUY,10,0.14,0x0b5f4d3b7a3a4f3a005ebafb919b0137e79bad8ea863e0e151b2b60a15ab8533,2026-05-03 22:50:16,0x385f65cd8907b1b02ee91c38dc9a1ac71c9840db971247e852aeb98347dd7fbb,bitcoin-up-or-down-may-3-2026-3pm-et
"Ethereum Up or Down - May 3, 3:50PM-3:55PM ET",Down,BUY,7.34,0.5436239782016349,0xb38da8511992ed581645258d201411d935957f1923f439a4233cc99d9de8e51d,2026-05-03 22:50:14,0x89e4e7e3ff5261799de1ff2812afb30c2bfaa98d61e4b51ccaa60f286b0b8522,eth-updown-5m-1777837800
"Bitcoin Up or Down - May 3, 3:45PM-3:50PM ET",Up,BUY,83,0.2633807228915663,0x5e1cfcf5ebe9920e52e4858935bfd208901ccd5bc78073e02018515d29d326b7,2026-05-03 22:49:46,0xee7b0c10e052f9226d11ca08a8352b9e6681c3d901703c536ecb3805899eb17f,btc-updown-5m-1777837500
"Bitcoin Up or Down - May 3, 3:45PM-4:00PM ET",Up,BUY,5,0.3,0x16bf299cbb9d9d26433e7cf12ab8af42ed6e6c80e20be638e40c6d22bf7c547b,2026-05-03 22:49:44,0x239b06ff039ebcd61cfb831dabba96bbb48ca04fb8c80066da3e01899d951c1a,btc-updown-15m-1777837500
"Bitcoin Up or Down - May 3, 3PM ET",Up,BUY,3.48,0.8,0x0b5f4d3b7a3a4f3a005ebafb919b0137e79bad8ea863e0e151b2b60a15ab8533,2026-05-03 22:49:44,0x37c122a8b07b35b7f97d98dd3e3e1991528dd49bbab5aa79be7f558839a37dd8,bitcoin-up-or-down-may-3-2026-3pm-et
"Bitcoin Up or Down - May 3, 3:45PM-3:50PM ET",Down,BUY,177,0.847519209039548,0x5e1cfcf5ebe9920e52e4858935bfd208901ccd5bc78073e02018515d29d326b7,2026-05-03 22:49:24,0xfd853cbd79e47e5765e6bcbe5d4c20d5501772989f8469762276fa740b468840,btc-updown-5m-1777837500
"Bitcoin Up or Down - May 3, 3:45PM-3:50PM ET",Down,BUY,307,0.9078892508143322,0x5e1cfcf5ebe9920e52e4858935bfd208901ccd5bc78073e02018515d29d326b7,2026-05-03 22:49:16,0x86ca126b2a5d2432e1b517e490318aa23eca7fb5e759f77b76ba10d8bd67e9d6,btc-updown-5m-1777837500
"Bitcoin Up or Down - May 3, 3:45PM-3:50PM ET",Down,BUY,421,0.9095249406175772,0x5e1cfcf5ebe9920e52e4858935bfd208901ccd5bc78073e02018515d29d326b7,2026-05-03 22:49:16,0x69278c4c4b091d06181527fe35a4b712508ef1648cf06008f5a614f67ecc517c,btc-updown-5m-1777837500
"Bitcoin Up or Down - May 3, 3:45PM-4:00PM ET",Down,BUY,8.59,0.7058207217694994,0x16bf299cbb9d9d26433e7cf12ab8af42ed6e6c80e20be638e40c6d22bf7c547b,2026-05-03 22:49:16,0x196abff3a321ccef41d8c08299c9dff40cb2e1c57ceaed34b46b65261d48fb58,btc-updown-15m-1777837500
"Bitcoin Up or Down - May 3, 3:45PM-3:50PM ET",Up,BUY,177,0.11,0x5e1cfcf5ebe9920e52e4858935bfd208901ccd5bc78073e02018515d29d326b7,2026-05-03 22:49:06,0xfcd03c16a5560c4fc9f68b80b3bc2436f6f56df780ec26d721cfa78522220391,btc-updown-5m-1777837500
"Bitcoin Up or Down - May 3, 3:45PM-3:50PM ET",Up,BUY,244,0.09,0x5e1cfcf5ebe9920e52e4858935bfd208901ccd5bc78073e02018515d29d326b7,2026-05-03 22:49:02,0xb54c6c2e6753b3375ddbb814912124920345cfd46f8610ee461fd8323c0bf56e,btc-updown-5m-1777837500
"Bitcoin Up or Down - May 3, 3:45PM-3:50PM ET",Up,BUY,244,0.09,0x5e1cfcf5ebe9920e52e4858935bfd208901ccd5bc78073e02018515d29d326b7,2026-05-03 22:49:02,0x58c4f5808118eb91b21646927559352b3f00338f96e21b3a80d8407396e29f88,btc-updown-5m-1777837500
"Bitcoin Up or Down - May 3, 3:45PM-4:00PM ET",Up,BUY,13,0.19,0x16bf299cbb9d9d26433e7cf12ab8af42ed6e6c80e20be638e40c6d22bf7c547b,2026-05-03 22:49:00,0x856b657f6ad6304f1d840e7cf9dd8d4b5f215ee219ba79865b57a825fcf9c757,btc-updown-15m-1777837500
"Bitcoin Up or Down - May 3, 3:45PM-4:00PM ET",Up,BUY,12,0.25,0x16bf299cbb9d9d26433e7cf12ab8af42ed6e6c80e20be638e40c6d22bf7c547b,2026-05-03 22:49:00,0x0dca843d029ee0edfd58ec3d26e733867361b5ac36d267be451c401438cd86f8,btc-updown-15m-1777837500
"Bitcoin Up or Down - May 3, 3:45PM-3:50PM ET",Up,BUY,67.97,0.08,0x5e1cfcf5ebe9920e52e4858935bfd208901ccd5bc78073e02018515d29d326b7,2026-05-03 22:49:00,0x83ac6196b7dc80cef9597e338edd7669d524b1bee21f9d5cee07154faefde66a,btc-updown-5m-1777837500
"Ethereum Up or Down - May 3, 3:45PM-3:50PM ET",Up,BUY,16,0.14,0x3631c9c16c0fc6c4afb8a3a0658fac0850ad1cb1b1bd74c8fb7e1db62e714963,2026-05-03 22:48:42,0xf56053403158cf826c392939fe060aa8996e975ff318d2345e32cef3a06f432e,eth-updown-5m-1777837500
"Ethereum Up or Down - May 3, 3:45PM-3:50PM ET",Up,BUY,20,0.14,0x3631c9c16c0fc6c4afb8a3a0658fac0850ad1cb1b1bd74c8fb7e1db62e714963,2026-05-03 22:48:42,0xd850405f7d4684746dc26e4f636d5d58eb570b92bf4725dd0375a6a455a760d0,eth-updown-5m-1777837500
"Bitcoin Up or Down - May 3, 3PM ET",Up,BUY,5,0.68,0x0b5f4d3b7a3a4f3a005ebafb919b0137e79bad8ea863e0e151b2b60a15ab8533,2026-05-03 22:48:34,0xbc3654016aad36f1978345e255644c1628b886bef1dd77096bd6baa6dae0d133,bitcoin-up-or-down-may-3-2026-3pm-et
"Ethereum Up or Down - May 3, 3:45PM-3:50PM ET",Up,BUY,22,0.13,0x3631c9c16c0fc6c4afb8a3a0658fac0850ad1cb1b1bd74c8fb7e1db62e714963,2026-05-03 22:48:34,0x809729a43ad473f6deb8316a4c775bec728c4a47d909949fd5b0c9eed57d95d9,eth-updown-5m-1777837500
"Ethereum Up or Down - May 3, 3:45PM-3:50PM ET",Down,BUY,28,0.9,0x3631c9c16c0fc6c4afb8a3a0658fac0850ad1cb1b1bd74c8fb7e1db62e714963,2026-05-03 22:48:18,0x18cadc4d3dbc4e1b04ab5c36706ef6f9809b22d80f5773f4d3e9b214a50bba3d,eth-updown-5m-1777837500
"Bitcoin Up or Down - May 3, 3:45PM-4:00PM ET",Down,BUY,17,0.8158823529411765,0x16bf299cbb9d9d26433e7cf12ab8af42ed6e6c80e20be638e40c6d22bf7c547b,2026-05-03 22:48:18,0xfc4da2536042dea2d273350fe7a75fc7cc101cb9cc961a5488d748b4c224ca9b,btc-updown-15m-1777837500
"Bitcoin Up or Down - May 3, 3PM ET",Down,BUY,5,0.33,0x0b5f4d3b7a3a4f3a005ebafb919b0137e79bad8ea863e0e151b2b60a15ab8533,2026-05-03 22:48:18,0x6edb0478647a4ab0d600d1e36723ceb6f547e2a484aa1e0d3f8799e30380bf34,bitcoin-up-or-down-may-3-2026-3pm-et
"Ethereum Up or Down - May 3, 3:45PM-3:50PM ET",Down,BUY,38,0.9074210526315789,0x3631c9c16c0fc6c4afb8a3a0658fac0850ad1cb1b1bd74c8fb7e1db62e714963,2026-05-03 22:48:18,0x6e268621f08615daf37188ce6c17674e0aa23b4c6f30477ac6f68396f0188951,eth-updown-5m-1777837500
"Ethereum Up or Down - May 3, 3:45PM-3:50PM ET",Up,BUY,14,0.2,0x3631c9c16c0fc6c4afb8a3a0658fac0850ad1cb1b1bd74c8fb7e1db62e714963,2026-05-03 22:48:12,0xcd004ebcd7eaea51ff48cc0f62fcff59c14f18fc65767627c191e42712a83a3c,eth-updown-5m-1777837500
"Bitcoin Up or Down - May 3, 3PM ET",Up,BUY,6,0.68,0x0b5f4d3b7a3a4f3a005ebafb919b0137e79bad8ea863e0e151b2b60a15ab8533,2026-05-03 22:48:12,0x2e335461755025aa15807b84ca7e9a82747dc90e1c983ec2d936cbaedecdd4a4,bitcoin-up-or-down-may-3-2026-3pm-et
"Ethereum Up or Down - May 3, 3:45PM-3:50PM ET",Up,BUY,13,0.2,0x3631c9c16c0fc6c4afb8a3a0658fac0850ad1cb1b1bd74c8fb7e1db62e714963,2026-05-03 22:48:12,0xa0c1582a1216e28d22737a35178e9d29e2d20876f39e821ef00327f60e2bed29,eth-updown-5m-1777837500
"Bitcoin Up or Down - May 3, 3PM ET",Down,BUY,6,0.33,0x0b5f4d3b7a3a4f3a005ebafb919b0137e79bad8ea863e0e151b2b60a15ab8533,2026-05-03 22:48:08,0x5aaa09d4373519a0a9cbac089d79a9cb7824654da151909ece87c760ea89430f,bitcoin-up-or-down-may-3-2026-3pm-et
"Ethereum Up or Down - May 3, 3:45PM-3:50PM ET",Up,BUY,17,0.17,0x3631c9c16c0fc6c4afb8a3a0658fac0850ad1cb1b1bd74c8fb7e1db62e714963,2026-05-03 22:47:48,0xfafb56940cfdc3e618bf4fb0bb0c7192196958c10215e547854755cce7671e82,eth-updown-5m-1777837500
"Ethereum Up or Down - May 3, 3:45PM-3:50PM ET",Up,BUY,18,0.11,0x3631c9c16c0fc6c4afb8a3a0658fac0850ad1cb1b1bd74c8fb7e1db62e714963,2026-05-03 22:47:48,0xd33e822b18b44879a03e319c5c6e0f8677135d95178859a28fecb6eed06cc85f,eth-updown-5m-1777837500
"Ethereum Up or Down - May 3, 3:45PM-3:50PM ET",Up,BUY,22,0.09,0x3631c9c16c0fc6c4afb8a3a0658fac0850ad1cb1b1bd74c8fb7e1db62e714963,2026-05-03 22:47:46,0x055f5517ad55f8e78e6a57c86c0761679965ec62ff77003003ed72a3af3df683,eth-updown-5m-1777837500
"Bitcoin Up or Down - May 3, 3:45PM-4:00PM ET",Up,BUY,14,0.22,0x16bf299cbb9d9d26433e7cf12ab8af42ed6e6c80e20be638e40c6d22bf7c547b,2026-05-03 22:47:44,0x1492499b8d2c80bc197e55910317775dfa278d92b46cf39f7edf3eab63c06692,btc-updown-15m-1777837500
"Bitcoin Up or Down - May 3, 3:45PM-3:50PM ET",Up,BUY,272,0.07411911764705882,0x5e1cfcf5ebe9920e52e4858935bfd208901ccd5bc78073e02018515d29d326b7,2026-05-03 22:47:44,0x83e78deb50cf903cd7900f9762965db26329bc530fe4b85c996e3d333e1c9361,btc-updown-5m-1777837500
"Ethereum Up or Down - May 3, 3:45PM-3:50PM ET",Up,BUY,44,0.04,0x3631c9c16c0fc6c4afb8a3a0658fac0850ad1cb1b1bd74c8fb7e1db62e714963,2026-05-03 22:47:40,0xa10571489cb55aed21579a25013f3bf281a45905cd4b781a81a8d0cf4731d45d,eth-updown-5m-1777837500
"Bitcoin Up or Down - May 3, 3:45PM-4:00PM ET",Down,BUY,16,0.79,0x16bf299cbb9d9d26433e7cf12ab8af42ed6e6c80e20be638e40c6d22bf7c547b,2026-05-03 22:46:58,0x02798533d41df95b5186b8c4ff2614e8f7faf565fbd10e1b2d9ce5476f1c361f,btc-updown-15m-1777837500
"Bitcoin Up or Down - May 3, 3:45PM-3:50PM ET",Down,BUY,307,0.91,0x5e1cfcf5ebe9920e52e4858935bfd208901ccd5bc78073e02018515d29d326b7,2026-05-03 22:46:58,0x6ee2be7cd1a15e5faf782e3c7261a0b1a38482504158d89765a91dc9ccb3da0a,btc-updown-5m-1777837500
"Ethereum Up or Down - May 3, 3:45PM-3:50PM ET",Down,BUY,53,0.9442245283018867,0x3631c9c16c0fc6c4afb8a3a0658fac0850ad1cb1b1bd74c8fb7e1db62e714963,2026-05-03 22:46:54,0x75edc37c3e1d771d0738c6d9d1b1b301e71822598bf1bf1076c9458cd036d17d,eth-updown-5m-1777837500
"Bitcoin Up or Down - May 3, 3:45PM-3:50PM ET",Down,BUY,307,0.89,0x5e1cfcf5ebe9920e52e4858935bfd208901ccd5bc78073e02018515d29d326b7,2026-05-03 22:46:50,0x33e290bf6993b1a5c4f011234ee3a4bfb2918517ae10aef6fc9bb8f9ce4e4818,btc-updown-5m-1777837500
"Bitcoin Up or Down - May 3, 3:45PM-4:00PM ET",Down,BUY,14,0.74,0x16bf299cbb9d9d26433e7cf12ab8af42ed6e6c80e20be638e40c6d22bf7c547b,2026-05-03 22:46:50,0xbd46e3b0a0f697ee1229566573bfa5cfa7283926c5c86e187d12638d7ed8583c,btc-updown-15m-1777837500
"Ethereum Up or Down - May 3, 3:45PM-3:50PM ET",Down,BUY,11,0.9,0x3631c9c16c0fc6c4afb8a3a0658fac0850ad1cb1b1bd74c8fb7e1db62e714963,2026-05-03 22:46:50,0xbe8fcca1dd6fe310d298448ba3e038e74548f1ec28213e51dc5e3b9ba77d9042,eth-updown-5m-1777837500
"Ethereum Up or Down - May 3, 3:45PM-3:50PM ET",Down,BUY,10.53,0.89,0x3631c9c16c0fc6c4afb8a3a0658fac0850ad1cb1b1bd74c8fb7e1db62e714963,2026-05-03 22:46:50,0xb0dfb14f155ef29b6304ef2f7c287e76dfc41ad4c6e82a4700f4c097ba6830e7,eth-updown-5m-1777837500
"Bitcoin Up or Down - May 3, 3:45PM-3:50PM ET",Down,BUY,355,0.9017016901408451,0x5e1cfcf5ebe9920e52e4858935bfd208901ccd5bc78073e02018515d29d326b7,2026-05-03 22:46:50,0x2f0c6e25cf400fc3e2bb883750edbd36d707a4537fc8dd397854c42f8261c1ea,btc-updown-5m-1777837500
"Bitcoin Up or Down - May 3, 3:45PM-4:00PM ET",Down,BUY,14,0.74,0x16bf299cbb9d9d26433e7cf12ab8af42ed6e6c80e20be638e40c6d22bf7c547b,2026-05-03 22:46:50,0xe3f50b9d90d52a78ab7696d514a6324478af3ab38a092b4121917556d5a5bb86,btc-updown-15m-1777837500
"Bitcoin Up or Down - May 3, 3:45PM-4:00PM ET",Down,BUY,13,0.74,0x16bf299cbb9d9d26433e7cf12ab8af42ed6e6c80e20be638e40c6d22bf7c547b,2026-05-03 22:46:50,0x76d7b9a9dd7d84d940c70fbf95882daa49802f2d61880d8d193d9c0a6973334e,btc-updown-15m-1777837500
"Bitcoin Up or Down - May 3, 3:45PM-3:50PM ET",Down,BUY,687,0.91,0x5e1cfcf5ebe9920e52e4858935bfd208901ccd5bc78073e02018515d29d326b7,2026-05-03 22:46:50,0x62f62bac8239650822efa9a37fb2c5bdf1f03bf0bd39ed7bc56f9da9d45bedd2,btc-updown-5m-1777837500
"Bitcoin Up or Down - May 3, 3:45PM-3:50PM ET",Down,BUY,421,0.91,0x5e1cfcf5ebe9920e52e4858935bfd208901ccd5bc78073e02018515d29d326b7,2026-05-03 22:46:50,0xd890c13b47cddf71b48e087fe5874ab015b2dceaa74eba0d200718a70cb6d8a5,btc-updown-5m-1777837500
"Bitcoin Up or Down - May 3, 3:45PM-4:00PM ET",Down,BUY,13,0.74,0x16bf299cbb9d9d26433e7cf12ab8af42ed6e6c80e20be638e40c6d22bf7c547b,2026-05-03 22:46:50,0xf1cd8d9699cdd37e8dd1ec45229313f643202348b5643f989c6c73409650ff5b,btc-updown-15m-1777837500
"Bitcoin Up or Down - May 3, 3:45PM-3:50PM ET",Down,BUY,521,0.91,0x5e1cfcf5ebe9920e52e4858935bfd208901ccd5bc78073e02018515d29d326b7,2026-05-03 22:46:50,0x287636315a5c0e31d19841eb5ac988997780976940e523107100508b6381c4b6,btc-updown-5m-1777837500
"Bitcoin Up or Down - May 3, 3:45PM-3:50PM ET",Down,BUY,1020,0.91,0x5e1cfcf5ebe9920e52e4858935bfd208901ccd5bc78073e02018515d29d326b7,2026-05-03 22:46:50,0xb25ea79436ff23a568c814c031372c3f50d2c66f1a003647ff2fd9704cfccebf,btc-updown-5m-1777837500
"Bitcoin Up or Down - May 3, 3:45PM-4:00PM ET",Down,BUY,13,0.73,0x16bf299cbb9d9d26433e7cf12ab8af42ed6e6c80e20be638e40c6d22bf7c547b,2026-05-03 22:46:50,0x857fcf49b87692801b0738df31dccac2b173e6569bc366a5261f4b87ba1e3374,btc-updown-15m-1777837500
"Bitcoin Up or Down - May 3, 3:45PM-3:50PM ET",Down,BUY,272,0.89,0x5e1cfcf5ebe9920e52e4858935bfd208901ccd5bc78073e02018515d29d326b7,2026-05-03 22:46:50,0xf75485bcf15624668f559020f80f0d2d36a0ecd59ca42b50626fdbe2883fcbfa,btc-updown-5m-1777837500
"Bitcoin Up or Down - May 3, 3:45PM-3:50PM ET",Down,BUY,222,0.8896243243243244,0x5e1cfcf5ebe9920e52e4858935bfd208901ccd5bc78073e02018515d29d326b7,2026-05-03 22:46:26,0xa350d9be9c050e6d8650ff8e6034ab1b4fdbcd2301d29cc95b1f97e0d91867fb,btc-updown-5m-1777837500
"Bitcoin Up or Down - May 3, 3:45PM-3:50PM ET",Down,BUY,521,0.8685324376199616,0x5e1cfcf5ebe9920e52e4858935bfd208901ccd5bc78073e02018515d29d326b7,2026-05-03 22:46:26,0xd0a15a0cb383da321f4fa0a34990ab3055d84cff1c9713419109917fa71564b2,btc-updown-5m-1777837500
"Bitcoin Up or Down - May 3, 3:45PM-3:50PM ET",Down,BUY,177,0.85,0x5e1cfcf5ebe9920e52e4858935bfd208901ccd5bc78073e02018515d29d326b7,2026-05-03 22:46:26,0xa63ab0fdef72c6092f77d42dffbdfcf21b6b07f52920cb8b775577db8d16bf69,btc-updown-5m-1777837500
"Bitcoin Up or Down - May 3, 3:45PM-3:50PM ET",Down,BUY,95.33,0.6960809818525123,0x5e1cfcf5ebe9920e52e4858935bfd208901ccd5bc78073e02018515d29d326b7,2026-05-03 22:46:18,0x98787392d470f6f3eb9c822facb19d7ef59bff60ed27c060d02e221f8f2cb381,btc-updown-5m-1777837500
"Bitcoin Up or Down - May 3, 3:45PM-4:00PM ET",Down,BUY,10,0.52,0x16bf299cbb9d9d26433e7cf12ab8af42ed6e6c80e20be638e40c6d22bf7c547b,2026-05-03 22:46:18,0x63912b48a5722589c3f6b79bede6c9dc8f2c8bd915266536812aabaab2208423,btc-updown-15m-1777837500
"Ethereum Up or Down - May 3, 3:45PM-3:50PM ET",Down,BUY,10,0.46,0x3631c9c16c0fc6c4afb8a3a0658fac0850ad1cb1b1bd74c8fb7e1db62e714963,2026-05-03 22:46:14,0x6d9c6446b64f123ae2ddb753d15f027bb34c72ea428225500d6755b205f788a7,eth-updown-5m-1777837500
"Ethereum Up or Down - May 3, 3:45PM-3:50PM ET",Up,BUY,12,0.6808333333333333,0x3631c9c16c0fc6c4afb8a3a0658fac0850ad1cb1b1bd74c8fb7e1db62e714963,2026-05-03 22:46:06,0x15d623e5ec84eea377ca60b274320964308ea154372af037ba8fa6d96c27204b,eth-updown-5m-1777837500
"Ethereum Up or Down - May 3, 3:45PM-3:50PM ET",Up,BUY,12,0.66,0x3631c9c16c0fc6c4afb8a3a0658fac0850ad1cb1b1bd74c8fb7e1db62e714963,2026-05-03 22:46:06,0xa1f69bda46b5d2e750caa69352a18defc6627dc11e7fd326a61df7dbb92601d2,eth-updown-5m-1777837500
"Bitcoin Up or Down - May 3, 3:45PM-4:00PM ET",Down,BUY,10,0.51,0x16bf299cbb9d9d26433e7cf12ab8af42ed6e6c80e20be638e40c6d22bf7c547b,2026-05-03 22:46:00,0x62c91e2396cafb7d2967f122487dc32dc8294c7cb7a024a8585e3064712b38d3,btc-updown-15m-1777837500
"Bitcoin Up or Down - May 3, 3:45PM-3:50PM ET",Down,BUY,90.45,0.6891321171918187,0x5e1cfcf5ebe9920e52e4858935bfd208901ccd5bc78073e02018515d29d326b7,2026-05-03 22:46:00,0x760f18720891579e2b2d5b9323fae54e6e785ed967476590cfc2b4dd5f449101,btc-updown-5m-1777837500
"Ethereum Up or Down - May 3, 3:45PM-3:50PM ET",Down,BUY,11,0.37,0x3631c9c16c0fc6c4afb8a3a0658fac0850ad1cb1b1bd74c8fb7e1db62e714963,2026-05-03 22:46:00,0xfd9ee8e3eb51d29f1c5b289e772ac43611c1b7378bd73b577e3b42f399555506,eth-updown-5m-1777837500
"Ethereum Up or Down - May 3, 3:45PM-3:50PM ET",Down,BUY,10,0.37,0x3631c9c16c0fc6c4afb8a3a0658fac0850ad1cb1b1bd74c8fb7e1db62e714963,2026-05-03 22:46:00,0xb69f73c8e589af7cdd52b206e78043c92efb7c250710ad86e471b45b40a931bd,eth-updown-5m-1777837500
"Bitcoin Up or Down - May 3, 3:45PM-3:50PM ET",Down,BUY,71.04,0.5725337837837838,0x5e1cfcf5ebe9920e52e4858935bfd208901ccd5bc78073e02018515d29d326b7,2026-05-03 22:46:00,0x0976c9d83c6fb54ddac56e6a2807122044ac2e990794b038895dad4b45b39533,btc-updown-5m-1777837500
"Ethereum Up or Down - May 3, 3:45PM-3:50PM ET",Down,BUY,11,0.37,0x3631c9c16c0fc6c4afb8a3a0658fac0850ad1cb1b1bd74c8fb7e1db62e714963,2026-05-03 22:46:00,0xc52d91996c388ae9f18088a39a48cda6f63d280523fa65330bceac62390ba482,eth-updown-5m-1777837500
"Bitcoin Up or Down - May 3, 3:45PM-3:50PM ET",Down,BUY,5,0.66,0x5e1cfcf5ebe9920e52e4858935bfd208901ccd5bc78073e02018515d29d326b7,2026-05-03 22:46:00,0x8e0a5259902362c07584073b7dab19f583960ff8f40bf9d95e6ba09294171c4d,btc-updown-5m-1777837500
"Bitcoin Up or Down - May 3, 3:45PM-3:50PM ET",Down,BUY,83,0.57,0x5e1cfcf5ebe9920e52e4858935bfd208901ccd5bc78073e02018515d29d326b7,2026-05-03 22:46:00,0xcff2369ef79d2b73d214096478ca6600734df2665fcc107bb895eac8445331e2,btc-updown-5m-1777837500
"Bitcoin Up or Down - May 3, 3:45PM-3:50PM ET",Up,BUY,80,0.48806375,0x5e1cfcf5ebe9920e52e4858935bfd208901ccd5bc78073e02018515d29d326b7,2026-05-03 22:45:36,0xfc35fecca1ed69eec2b7cd8e1d658fc6148bc5fc5228133dce4d0714b31c1ba9,btc-updown-5m-1777837500
"Bitcoin Up or Down - May 3, 3:45PM-3:50PM ET",Up,BUY,81,0.4415950617283951,0x5e1cfcf5ebe9920e52e4858935bfd208901ccd5bc78073e02018515d29d326b7,2026-05-03 22:45:36,0x4acc13a90634327fa3d198cb586757e77a5e2e9a3856e23ee16e1c26bacd137f,btc-updown-5m-1777837500
"Ethereum Up or Down - May 3, 3:45PM-3:50PM ET",Down,BUY,11,0.29,0x3631c9c16c0fc6c4afb8a3a0658fac0850ad1cb1b1bd74c8fb7e1db62e714963,2026-05-03 22:45:36,0x5005131fdcc6340b988e05409bf40b6b92dcc229156245f4135baeebe435adbd,eth-updown-5m-1777837500
"Ethereum Up or Down - May 3, 3:45PM-3:50PM ET",Down,BUY,12,0.29,0x3631c9c16c0fc6c4afb8a3a0658fac0850ad1cb1b1bd74c8fb7e1db62e714963,2026-05-03 22:45:36,0xe7314005fda6d726f87c2ea7eac443b9f769fa88e9d0ef84552997c037c852c6,eth-updown-5m-1777837500
"Bitcoin Up or Down - May 3, 3:45PM-3:50PM ET",Up,BUY,83,0.3880698795180723,0x5e1cfcf5ebe9920e52e4858935bfd208901ccd5bc78073e02018515d29d326b7,2026-05-03 22:45:32,0x8015e198824baefb08cc78cb22c05c644627cd624446514197ffcb80e6aaee16,btc-updown-5m-1777837500
"Ethereum Up or Down - May 3, 3:45PM-3:50PM ET",Up,BUY,11,0.51,0x3631c9c16c0fc6c4afb8a3a0658fac0850ad1cb1b1bd74c8fb7e1db62e714963,2026-05-03 22:45:22,0x5673177ee2c8c540b506338ddd315cbf2afcaecedc3b4654ce6b839bf18a2917,eth-updown-5m-1777837500
"Ethereum Up or Down - May 3, 3:45PM-3:50PM ET",Up,BUY,11,0.5,0x3631c9c16c0fc6c4afb8a3a0658fac0850ad1cb1b1bd74c8fb7e1db62e714963,2026-05-03 22:45:20,0xa5683eed1e67fbf871145fdeca3821609101c306fc18658d861511d17a70486d,eth-updown-5m-1777837500
"Bitcoin Up or Down - May 3, 3:45PM-3:50PM ET",Up,BUY,81,0.35,0x5e1cfcf5ebe9920e52e4858935bfd208901ccd5bc78073e02018515d29d326b7,2026-05-03 22:45:20,0xbdc535a67482402196d090e8c9dffbf541ff63c6c38b80a359f69c66c5c5145f,btc-updown-5m-1777837500
"Ethereum Up or Down - May 3, 3:45PM-3:50PM ET",Up,BUY,10,0.5,0x3631c9c16c0fc6c4afb8a3a0658fac0850ad1cb1b1bd74c8fb7e1db62e714963,2026-05-03 22:45:20,0x12653897fbb5efeb95c17c1019e6c4be8124d0a51eb3d5d17beec98b3960b0c8,eth-updown-5m-1777837500
"Bitcoin Up or Down - May 3, 3:45PM-3:50PM ET",Up,BUY,84,0.35,0x5e1cfcf5ebe9920e52e4858935bfd208901ccd5bc78073e02018515d29d326b7,2026-05-03 22:45:20,0xdfc576f8dc0ec1ef77842551034958ff028d892c23cbe0a2e109dd4373198403,btc-updown-5m-1777837500
"Bitcoin Up or Down - May 3, 3:45PM-4:00PM ET",Up,BUY,10,0.42,0x16bf299cbb9d9d26433e7cf12ab8af42ed6e6c80e20be638e40c6d22bf7c547b,2026-05-03 22:45:20,0xf08c1018646cf15584c30cd9eaf92667726a9bc4d78e603cb1ea6eb5c2aad31d,btc-updown-15m-1777837500
"Bitcoin Up or Down - May 3, 3:45PM-4:00PM ET",Up,BUY,10,0.42,0x16bf299cbb9d9d26433e7cf12ab8af42ed6e6c80e20be638e40c6d22bf7c547b,2026-05-03 22:45:20,0x6306a8d88832bb02b3af56d5b257e00c42b8a83dfa4d10ce5bf1c91e1f71d536,btc-updown-15m-1777837500
"Ethereum Up or Down - May 3, 3:45PM-3:50PM ET",Up,BUY,10,0.5,0x3631c9c16c0fc6c4afb8a3a0658fac0850ad1cb1b1bd74c8fb7e1db62e714963,2026-05-03 22:45:20,0x75eb9f01e14ddceada82319b33ade5249c87b4cee25e3c7fa1e110c415e086ff,eth-updown-5m-1777837500
"Bitcoin Up or Down - May 3, 3:40PM-3:45PM ET",Up,BUY,34.38,0.5864019778941245,0x6bbe45968e9832145a5a277ee33644b990f91479fba17b065c1631166bbb9678,2026-05-03 22:44:08,0x34527113c7ccccde1240c3ce6b638afb60eb862b3f5b30e45161099470334186,btc-updown-5m-1777837200
"Bitcoin Up or Down - May 3, 3:40PM-3:45PM ET",Down,BUY,5.07,0.41027613412228797,0x6bbe45968e9832145a5a277ee33644b990f91479fba17b065c1631166bbb9678,2026-05-03 22:44:04,0xb8c5b1fffef7808d6c34c25fcae9f72c2b2d84f90c44f3d681f1ed0703cf84c3,btc-updown-5m-1777837200
"Bitcoin Up or Down - May 3, 3PM ET",Up,BUY,8,0.8,0x0b5f4d3b7a3a4f3a005ebafb919b0137e79bad8ea863e0e151b2b60a15ab8533,2026-05-03 22:43:54,0xf9fc1a85a938553418b0608817ca7f33f1e55cfc4c2110cf2e8af7201a5814cd,bitcoin-up-or-down-may-3-2026-3pm-et
"Bitcoin Up or Down - May 3, 3:40PM-3:45PM ET",Up,BUY,80,0.403705,0x6bbe45968e9832145a5a277ee33644b990f91479fba17b065c1631166bbb9678,2026-05-03 22:43:52,0xc6ace0471e2f816946cbbed0a93667e6d761add3e498c4ee67815b90281e82dc,btc-updown-5m-1777837200
"Bitcoin Up or Down - May 3, 3PM ET",Up,BUY,8,0.8,0x0b5f4d3b7a3a4f3a005ebafb919b0137e79bad8ea863e0e151b2b60a15ab8533,2026-05-03 22:43:52,0x4110e21ae2c8de45fb61685efec9d357448f73685e7587ae5f013949ae307be5,bitcoin-up-or-down-may-3-2026-3pm-et
"Bitcoin Up or Down - May 3, 3:40PM-3:45PM ET",Up,BUY,80,0.447495,0x6bbe45968e9832145a5a277ee33644b990f91479fba17b065c1631166bbb9678,2026-05-03 22:43:52,0x16ba7ca30a396d51012aa8871e760f5207fb5c65c6c7167b31ef1fb9ac7a029e,btc-updown-5m-1777837200
"Ethereum Up or Down - May 3, 3:40PM-3:45PM ET",Up,BUY,21,0.8453857142857143,0xeacc4580b95b1d4cde249702182b770a77f8e846d35327132aa46f83b95deead,2026-05-03 22:43:50,0xa16729ed150775611d1be86a54e72760a815d8418ee7e537ff5df02940111b44,eth-updown-5m-1777837200
"Bitcoin Up or Down - May 3, 3:40PM-3:45PM ET",Up,BUY,81,0.41,0x6bbe45968e9832145a5a277ee33644b990f91479fba17b065c1631166bbb9678,2026-05-03 22:43:40,0x0373862e0595ffb0a03dbf2d3ca59dbffcb7251ad35ecca30fec34eaf24372ee,btc-updown-5m-1777837200
"Bitcoin Up or Down - May 3, 3:40PM-3:45PM ET",Up,BUY,59.5,0.41,0x6bbe45968e9832145a5a277ee33644b990f91479fba17b065c1631166bbb9678,2026-05-03 22:43:40,0x95dfe3b25b4715d75e2af89db0a6d25e810d92adfed92b72810cf2b4e47b50d4,btc-updown-5m-1777837200
"Bitcoin Up or Down - May 3, 3:40PM-3:45PM ET",Up,BUY,34.53,0.3829018245004344,0x6bbe45968e9832145a5a277ee33644b990f91479fba17b065c1631166bbb9678,2026-05-03 22:43:40,0xd4da3b5d6d4c976bb93b81d99b88c8bf6013018c4789980081f69d7d0281c18d,btc-updown-5m-1777837200
"Ethereum Up or Down - May 3, 3:40PM-3:45PM ET",Down,BUY,0.02,0.32,0xeacc4580b95b1d4cde249702182b770a77f8e846d35327132aa46f83b95deead,2026-05-03 22:43:26,0xcf044968a494d0a9c68c7dce7f29bea613aafc07349abf208f3efdbacdf25175,eth-updown-5m-1777837200
"Bitcoin Up or Down - May 3, 3:40PM-3:45PM ET",Down,BUY,37.02,0.57,0x6bbe45968e9832145a5a277ee33644b990f91479fba17b065c1631166bbb9678,2026-05-03 22:43:20,0xa143d13cca38699d94e63008aedad95350c05d4157cf0d6b962195bfa8a17154,btc-updown-5m-1777837200
"Bitcoin Up or Down - May 3, 3:40PM-3:45PM ET",Down,BUY,15,0.6033333333333334,0x6bbe45968e9832145a5a277ee33644b990f91479fba17b065c1631166bbb9678,2026-05-03 22:43:18,0x89e83b481294f10a5491cf4f02cd6adfd759edbf2c7916ffef7baa859f5895dc,btc-updown-5m-1777837200
"Bitcoin Up or Down - May 3, 3:40PM-3:45PM ET",Down,BUY,92,0.62,0x6bbe45968e9832145a5a277ee33644b990f91479fba17b065c1631166bbb9678,2026-05-03 22:43:18,0xf25e46e97a98bde919eac58ecb8be66a1695b172151473bbdef3abbc18c8bf96,btc-updown-5m-1777837200
"Ethereum Up or Down - May 3, 3:40PM-3:45PM ET",Down,BUY,11,0.31,0xeacc4580b95b1d4cde249702182b770a77f8e846d35327132aa46f83b95deead,2026-05-03 22:43:18,0x8434edbb94cab0ab3340e04980fcf4cb0d73add07bf94b800ff5fdd6b30cd094,eth-updown-5m-1777837200
"Ethereum Up or Down - May 3, 3:40PM-3:45PM ET",Up,BUY,14,0.6519642857142857,0xeacc4580b95b1d4cde249702182b770a77f8e846d35327132aa46f83b95deead,2026-05-03 22:43:06,0x4f53975728bc4d7122d0328949ade3a10608076874c79787a12f1babb44eb058,eth-updown-5m-1777837200
"Ethereum Up or Down - May 3, 3:40PM-3:45PM ET",Up,BUY,12,0.660625,0xeacc4580b95b1d4cde249702182b770a77f8e846d35327132aa46f83b95deead,2026-05-03 22:43:06,0xcd06b0f7ef0ad942273968071a00a27b169db0c24da80dd6b7e0cf0737e69d23,eth-updown-5m-1777837200
"Ethereum Up or Down - May 3, 3:40PM-3:45PM ET",Up,BUY,12,0.66,0xeacc4580b95b1d4cde249702182b770a77f8e846d35327132aa46f83b95deead,2026-05-03 22:43:06,0x1ede3e8086162fc1fb9d3622a6060b060c05b057ab3ce93be2620d0c86c40622,eth-updown-5m-1777837200
"Ethereum Up or Down - May 3, 3:40PM-3:45PM ET",Up,BUY,10,0.55,0xeacc4580b95b1d4cde249702182b770a77f8e846d35327132aa46f83b95deead,2026-05-03 22:43:06,0x0ba18a0abe72fd2fcbdf96049493c2fcacfb993fc61e4d3c7f58012a81e6e99a,eth-updown-5m-1777837200
"Ethereum Up or Down - May 3, 3:40PM-3:45PM ET",Up,BUY,20,0.67,0xeacc4580b95b1d4cde249702182b770a77f8e846d35327132aa46f83b95deead,2026-05-03 22:43:06,0xc702e84f28feb9d59276b4772840d16816a496357c42bdbde9109773790fba4b,eth-updown-5m-1777837200
"Ethereum Up or Down - May 3, 3:40PM-3:45PM ET",Up,BUY,17,0.6657294117647059,0xeacc4580b95b1d4cde249702182b770a77f8e846d35327132aa46f83b95deead,2026-05-03 22:43:06,0x57de739064368083478d96468a586610f5e8992ad34c5414db56da47f1d2f21f,eth-updown-5m-1777837200
"Ethereum Up or Down - May 3, 3:40PM-3:45PM ET",Up,BUY,16,0.66,0xeacc4580b95b1d4cde249702182b770a77f8e846d35327132aa46f83b95deead,2026-05-03 22:43:06,0x621a1980cf767140eed1d5a79e99dfccd47babeae5c336e3224fa0e79ec8d42f,eth-updown-5m-1777837200
"Bitcoin Up or Down - May 3, 3PM ET",Down,BUY,8,0.21,0x0b5f4d3b7a3a4f3a005ebafb919b0137e79bad8ea863e0e151b2b60a15ab8533,2026-05-03 22:43:02,0x11d75ee70f6e6e7992b2a541b51a3f4ff73b30613afcb58b477df6e2afc695e2,bitcoin-up-or-down-may-3-2026-3pm-et
"Bitcoin Up or Down - May 3, 3:40PM-3:45PM ET",Up,BUY,82,0.39621951219512197,0x6bbe45968e9832145a5a277ee33644b990f91479fba17b065c1631166bbb9678,2026-05-03 22:42:58,0xed452a8b20683b5ddaf22b4dcee64c89c568bce226606a7f80bf472355090a4f,btc-updown-5m-1777837200
"Bitcoin Up or Down - May 3, 3:40PM-3:45PM ET",Up,BUY,37.42,0.3575146980224479,0x6bbe45968e9832145a5a277ee33644b990f91479fba17b065c1631166bbb9678,2026-05-03 22:42:58,0xccea92ba9f37b6dc67a29b243ec131bff28a941b4fd1698d1d46b26d1b8292e3,btc-updown-5m-1777837200
"Ethereum Up or Down - May 3, 3:40PM-3:45PM ET",Down,BUY,10,0.42,0xeacc4580b95b1d4cde249702182b770a77f8e846d35327132aa46f83b95deead,2026-05-03 22:42:48,0x8611a727e75074ef3af20c6957bd38e704c37155343ac134b1f996260a5b5eae,eth-updown-5m-1777837200
"Ethereum Up or Down - May 3, 3:40PM-3:45PM ET",Down,BUY,9,0.41,0xeacc4580b95b1d4cde249702182b770a77f8e846d35327132aa46f83b95deead,2026-05-03 22:42:48,0x2275dab1d8232364da0f22ab9e56d5f5967c7a54be4c1a5f363117104eb4b29e,eth-updown-5m-1777837200
"Ethereum Up or Down - May 3, 3:40PM-3:45PM ET",Down,BUY,10,0.42,0xeacc4580b95b1d4cde249702182b770a77f8e846d35327132aa46f83b95deead,2026-05-03 22:42:48,0x73996bea0ac6467b621470267e69a9160491afadd79c37faabf1e47a1b2acc7c,eth-updown-5m-1777837200
"Ethereum Up or Down - May 3, 3:40PM-3:45PM ET",Down,BUY,10,0.38,0xeacc4580b95b1d4cde249702182b770a77f8e846d35327132aa46f83b95deead,2026-05-03 22:42:24,0x56794a0c3092fc1d7e40beaae5751ea46f29ce48ae139bb599d90c79c5241502,eth-updown-5m-1777837200
"Ethereum Up or Down - May 3, 3:40PM-3:45PM ET",Down,BUY,10,0.39629,0xeacc4580b95b1d4cde249702182b770a77f8e846d35327132aa46f83b95deead,2026-05-03 22:42:24,0x08529a90e60c11d4c962a0319f20f5f8d514ede4eeba5f8c0884b6f66ad9121d,eth-updown-5m-1777837200
"Bitcoin Up or Down - May 3, 3:40PM-3:45PM ET",Down,BUY,88,0.6495875,0x6bbe45968e9832145a5a277ee33644b990f91479fba17b065c1631166bbb9678,2026-05-03 22:42:22,0x58a4712a0a4a5e3a130c16788d272cd69e12f037b07bdff0d560e2b6d66b2653,btc-updown-5m-1777837200
"Bitcoin Up or Down - May 3, 3PM ET",Down,BUY,8,0.21,0x0b5f4d3b7a3a4f3a005ebafb919b0137e79bad8ea863e0e151b2b60a15ab8533,2026-05-03 22:42:22,0xf55fe270fef366ea65140c7113b47f8a8f39fe4390acd99e8a58b17acf8ff87b,bitcoin-up-or-down-may-3-2026-3pm-et
"Bitcoin Up or Down - May 3, 3:40PM-3:45PM ET",Down,BUY,25.65,0.6877972709551657,0x6bbe45968e9832145a5a277ee33644b990f91479fba17b065c1631166bbb9678,2026-05-03 22:42:22,0xdc8d3fc68f87995809d3eb77801a885df7409328ece9ea8287acd80fc1e7564c,btc-updown-5m-1777837200
"Ethereum Up or Down - May 3, 3:40PM-3:45PM ET",Up,BUY,11,0.65,0xeacc4580b95b1d4cde249702182b770a77f8e846d35327132aa46f83b95deead,2026-05-03 22:42:14,0xfde9d1cb6dda23199d6acb260c6247c0cc2c4a44087674c6055c1d512ea9f331,eth-updown-5m-1777837200
"Ethereum Up or Down - May 3, 3:40PM-3:45PM ET",Up,BUY,12,0.65,0xeacc4580b95b1d4cde249702182b770a77f8e846d35327132aa46f83b95deead,2026-05-03 22:42:14,0xfa5c32d7a2cc43deb773b85b80bd65667c8ea1a59baf1b5c76fee3e745b32aa1,eth-updown-5m-1777837200
"Bitcoin Up or Down - May 3, 3:40PM-3:45PM ET",Up,BUY,59,0.35084745762711866,0x6bbe45968e9832145a5a277ee33644b990f91479fba17b065c1631166bbb9678,2026-05-03 22:42:08,0x15b6310e7e82ab7d7b986d1f6e6edaaca746fbd8b158682948d9e2504dce06c4,btc-updown-5m-1777837200
"Ethereum Up or Down - May 3, 3:40PM-3:45PM ET",Up,BUY,11,0.64,0xeacc4580b95b1d4cde249702182b770a77f8e846d35327132aa46f83b95deead,2026-05-03 22:42:08,0x5e2e0074740fdc8ebe58a6cb148a92c27c1387b433ac27d2bdd0edc26ee6bb11,eth-updown-5m-1777837200
"Bitcoin Up or Down - May 3, 3:40PM-3:45PM ET",Up,BUY,41.78,0.3271948300622307,0x6bbe45968e9832145a5a277ee33644b990f91479fba17b065c1631166bbb9678,2026-05-03 22:42:06,0xe5b135c1f3719208b2697818ca1e8ff243c5fb988643fcbdf75348526c68241a,btc-updown-5m-1777837200
"Ethereum Up or Down - May 3, 3:40PM-3:45PM ET",Up,BUY,12,0.61,0xeacc4580b95b1d4cde249702182b770a77f8e846d35327132aa46f83b95deead,2026-05-03 22:42:04,0x18c492bfc538072a38dce1458b744ad334449203c3d45b207d5027bbb90f7bab,eth-updown-5m-1777837200
"Ethereum Up or Down - May 3, 3:40PM-3:45PM ET",Up,BUY,11,0.61,0xeacc4580b95b1d4cde249702182b770a77f8e846d35327132aa46f83b95deead,2026-05-03 22:42:04,0xf73f17fff627e78bb2653dfce10fc3e2fb06b30699389f009566f719a4895dc7,eth-updown-5m-1777837200
"Ethereum Up or Down - May 3, 3:40PM-3:45PM ET",Up,BUY,11,0.61,0xeacc4580b95b1d4cde249702182b770a77f8e846d35327132aa46f83b95deead,2026-05-03 22:42:04,0xddaf4f61dd6feb3985f8e899ba72ab88bdc1166143d7693645c315469508fe74,eth-updown-5m-1777837200
"Ethereum Up or Down - May 3, 3:40PM-3:45PM ET",Up,BUY,11,0.5938454545454546,0xeacc4580b95b1d4cde249702182b770a77f8e846d35327132aa46f83b95deead,2026-05-03 22:41:54,0x3acfbffc2fed776d93a665c411cda8a8494cdcdc43d246ff6ccdb73f2ab20aa5,eth-updown-5m-1777837200
"Ethereum Up or Down - May 3, 3:40PM-3:45PM ET",Up,BUY,11,0.6,0xeacc4580b95b1d4cde249702182b770a77f8e846d35327132aa46f83b95deead,2026-05-03 22:41:38,0x3e08579a57188626a050ee1baa692d922e51b829173af7428fde0b91ea6b28cc,eth-updown-5m-1777837200
"Ethereum Up or Down - May 3, 3:40PM-3:45PM ET",Up,BUY,11,0.5931636363636363,0xeacc4580b95b1d4cde249702182b770a77f8e846d35327132aa46f83b95deead,2026-05-03 22:41:38,0x6425af6c0e9f82f4c58603988ca21027193729581924aa7d6c42acfa72ff813d,eth-updown-5m-1777837200
"Ethereum Up or Down - May 3, 3:40PM-3:45PM ET",Up,BUY,11,0.5909090909090909,0xeacc4580b95b1d4cde249702182b770a77f8e846d35327132aa46f83b95deead,2026-05-03 22:41:34,0xb0c3026c950632f110835271165893feb36757647dc6dd14f1c141a51022dab5,eth-updown-5m-1777837200
"Ethereum Up or Down - May 3, 3:40PM-3:45PM ET",Up,BUY,11,0.5809090909090909,0xeacc4580b95b1d4cde249702182b770a77f8e846d35327132aa46f83b95deead,2026-05-03 22:41:34,0x40929827ace05843cd6f950d1c886c5f7bd06e9dd35cc8b16ad351218fe426e4,eth-updown-5m-1777837200
"Bitcoin Up or Down - May 3, 3PM ET",Down,BUY,8,0.21,0x0b5f4d3b7a3a4f3a005ebafb919b0137e79bad8ea863e0e151b2b60a15ab8533,2026-05-03 22:41:34,0xe069f97e0d7dbf2c2cc99286c388cc9380090898f89545108dc1f894c4054e95,bitcoin-up-or-down-may-3-2026-3pm-et
"Bitcoin Up or Down - May 3, 3:40PM-3:45PM ET",Down,BUY,87,0.6241126436781609,0x6bbe45968e9832145a5a277ee33644b990f91479fba17b065c1631166bbb9678,2026-05-03 22:41:34,0x11418c0a8d43d8a4822588e0f44ae38da1a0ae4084e2c46c4f7fa6d5b59be7f2,btc-updown-5m-1777837200
"Bitcoin Up or Down - May 3, 3:40PM-3:45PM ET",Down,BUY,33.48,0.5970937873357228,0x6bbe45968e9832145a5a277ee33644b990f91479fba17b065c1631166bbb9678,2026-05-03 22:41:34,0xb7a581f3b718c896549bb87b4f1e9f375bb74b9f2060671682aed82a1d7b83a6,btc-updown-5m-1777837200
"Ethereum Up or Down - May 3, 3:40PM-3:45PM ET",Up,BUY,11,0.58,0xeacc4580b95b1d4cde249702182b770a77f8e846d35327132aa46f83b95deead,2026-05-03 22:41:24,0x98900834c19ab10de33b1882eda1fb5b8ee4abe730a05b8329142c79358524fc,eth-updown-5m-1777837200
"Ethereum Up or Down - May 3, 3:40PM-3:45PM ET",Up,BUY,11,0.5852090909090909,0xeacc4580b95b1d4cde249702182b770a77f8e846d35327132aa46f83b95deead,2026-05-03 22:41:24,0xb3797285f230155e2b01303eb1a24a16815ec660c8db367f05380df084ccf38d,eth-updown-5m-1777837200
"Ethereum Up or Down - May 3, 3:40PM-3:45PM ET",Up,BUY,12,0.61,0xeacc4580b95b1d4cde249702182b770a77f8e846d35327132aa46f83b95deead,2026-05-03 22:41:16,0xb5afcdf1c2e2998ad1e59e2f30cbe252172c95218cafc8a9046316059fabdf4d,eth-updown-5m-1777837200
"Bitcoin Up or Down - May 3, 3:40PM-3:45PM ET",Up,BUY,17.5,0.4,0x6bbe45968e9832145a5a277ee33644b990f91479fba17b065c1631166bbb9678,2026-05-03 22:41:16,0x5b4b91e777a8ce919fffe5bce0f8630f567d8ff9e65057ebe7b30dc29b8c21c8,btc-updown-5m-1777837200
"Ethereum Up or Down - May 3, 3:40PM-3:45PM ET",Up,BUY,11,0.6,0xeacc4580b95b1d4cde249702182b770a77f8e846d35327132aa46f83b95deead,2026-05-03 22:41:14,0x67b52c71235fff419305b72ab831d597b4fd6f88b5beebf49a219b681d31d633,eth-updown-5m-1777837200
"Ethereum Up or Down - May 3, 3:40PM-3:45PM ET",Up,BUY,12,0.6,0xeacc4580b95b1d4cde249702182b770a77f8e846d35327132aa46f83b95deead,2026-05-03 22:41:14,0x413be53cb072c0e60576085e7303b31d0fd93d3f532125619fb73215ff48e647,eth-updown-5m-1777837200
"Ethereum Up or Down - May 3, 3:40PM-3:45PM ET",Up,BUY,12,0.6,0xeacc4580b95b1d4cde249702182b770a77f8e846d35327132aa46f83b95deead,2026-05-03 22:41:14,0xd7527ebef398508654f7d680f2fcfee9641edb8521d7d0e572728c6222a516dc,eth-updown-5m-1777837200
"Ethereum Up or Down - May 3, 3:40PM-3:45PM ET",Up,BUY,11,0.6,0xeacc4580b95b1d4cde249702182b770a77f8e846d35327132aa46f83b95deead,2026-05-03 22:41:14,0xd8eb3b15128881ef0f4062a317dbc3ab7bae3bc15124229b5a0dd3d9b71c5690,eth-updown-5m-1777837200
"Ethereum Up or Down - May 3, 3:40PM-3:45PM ET",Up,BUY,8.44,0.54,0xeacc4580b95b1d4cde249702182b770a77f8e846d35327132aa46f83b95deead,2026-05-03 22:41:14,0x66f849c4ac6353eba4b26b120e043f646e346f6022a201f3027b21bf733046c8,eth-updown-5m-1777837200
"Bitcoin Up or Down - May 3, 3:40PM-3:45PM ET",Up,BUY,40.86,0.3689818893783651,0x6bbe45968e9832145a5a277ee33644b990f91479fba17b065c1631166bbb9678,2026-05-03 22:41:14,0x4f664fac4c43e6650f7782406f037b46e3daf2b99ae186b4d1b3e37ff03171ae,btc-updown-5m-1777837200
"Ethereum Up or Down - May 3, 3:40PM-3:45PM ET",Up,BUY,10,0.53772,0xeacc4580b95b1d4cde249702182b770a77f8e846d35327132aa46f83b95deead,2026-05-03 22:41:08,0x3b0267805ed2bf5f473bfd35824afaed814721ea4090f5c302bf7ecca90589c1,eth-updown-5m-1777837200
"Ethereum Up or Down - May 3, 3:40PM-3:45PM ET",Down,BUY,10,0.5,0xeacc4580b95b1d4cde249702182b770a77f8e846d35327132aa46f83b95deead,2026-05-03 22:41:04,0x5802652c63c2d8d274ffedfee39b586e5d0ab5597a1451323893bbf623b3f30d,eth-updown-5m-1777837200
"Ethereum Up or Down - May 3, 3:40PM-3:45PM ET",Down,BUY,10,0.5,0xeacc4580b95b1d4cde249702182b770a77f8e846d35327132aa46f83b95deead,2026-05-03 22:41:04,0x103da7eac67e8147f0665882d4b76cccdcd8bff13b9e7f5468f2cfdf28e3634c,eth-updown-5m-1777837200
"Ethereum Up or Down - May 3, 3:40PM-3:45PM ET",Down,BUY,10,0.47683,0xeacc4580b95b1d4cde249702182b770a77f8e846d35327132aa46f83b95deead,2026-05-03 22:41:04,0x7e7072476bffefaec389b466d0083cdc70978c90957ca0741abd9418a109feef,eth-updown-5m-1777837200
"Ethereum Up or Down - May 3, 3:40PM-3:45PM ET",Up,BUY,11,0.54,0xeacc4580b95b1d4cde249702182b770a77f8e846d35327132aa46f83b95deead,2026-05-03 22:40:54,0x3b41dd697d8df494754aa7161fd9f842107808df58c3aec2de099215cdf215e7,eth-updown-5m-1777837200
"Ethereum Up or Down - May 3, 3:40PM-3:45PM ET",Up,BUY,10,0.54,0xeacc4580b95b1d4cde249702182b770a77f8e846d35327132aa46f83b95deead,2026-05-03 22:40:54,0x93d1e948251171b9cce59625ea25fbe6fb341338fad53757e9532b36b8c86fc8,eth-updown-5m-1777837200
"Ethereum Up or Down - May 3, 3:40PM-3:45PM ET",Down,BUY,10,0.47,0xeacc4580b95b1d4cde249702182b770a77f8e846d35327132aa46f83b95deead,2026-05-03 22:40:52,0x94cd8aa684efb5ea2a3c4f5da03613a193b3ca4e9d8658f866085551bc1a653c,eth-updown-5m-1777837200
"Bitcoin Up or Down - May 3, 3:40PM-3:45PM ET",Down,BUY,85,0.6182352941176471,0x6bbe45968e9832145a5a277ee33644b990f91479fba17b065c1631166bbb9678,2026-05-03 22:40:52,0x240e75f42a88b6c5d8e392f9cf7da681fd41a3dfd548aede1c48ad25b5066e45,btc-updown-5m-1777837200
"Ethereum Up or Down - May 3, 3:40PM-3:45PM ET",Down,BUY,10,0.47,0xeacc4580b95b1d4cde249702182b770a77f8e846d35327132aa46f83b95deead,2026-05-03 22:40:50,0x47f5bfd17a7f060898978b425d5c3d39e1910d77460d4e0beda9f37d32431b74,eth-updown-5m-1777837200
"Ethereum Up or Down - May 3, 3:40PM-3:45PM ET",Down,BUY,10,0.47,0xeacc4580b95b1d4cde249702182b770a77f8e846d35327132aa46f83b95deead,2026-05-03 22:40:50,0x7f19fa13e229b1bbc03886907033edfad5d78da36c13da6ff40e9d790cf93b7a,eth-updown-5m-1777837200
"Ethereum Up or Down - May 3, 3:40PM-3:45PM ET",Down,BUY,10,0.47,0xeacc4580b95b1d4cde249702182b770a77f8e846d35327132aa46f83b95deead,2026-05-03 22:40:50,0x691ce270e2cd60a1160f9af3ad28a6c69c5ebb38c10955f37968322c1dd571b4,eth-updown-5m-1777837200
"Ethereum Up or Down - May 3, 3:40PM-3:45PM ET",Down,BUY,10,0.47,0xeacc4580b95b1d4cde249702182b770a77f8e846d35327132aa46f83b95deead,2026-05-03 22:40:50,0x83d555aa8e29855ea72203d8ac5a898c0deaf85dd7698e9bb15d848a36daa99e,eth-updown-5m-1777837200
"Bitcoin Up or Down - May 3, 3:40PM-3:45PM ET",Up,BUY,80,0.48,0x6bbe45968e9832145a5a277ee33644b990f91479fba17b065c1631166bbb9678,2026-05-03 22:40:18,0x1fbdb9a0500edb8e93ae428678f8ca3c3c3acdf7e3fbb91278447dde86ace74b,btc-updown-5m-1777837200
"Bitcoin Up or Down - May 3, 3:40PM-3:45PM ET",Up,BUY,80,0.48,0x6bbe45968e9832145a5a277ee33644b990f91479fba17b065c1631166bbb9678,2026-05-03 22:40:18,0x14f5ae0b84c4d4395e4438ce1a18696b7da773cb8fe3e94b1e8b0dcb1596a161,btc-updown-5m-1777837200
"Bitcoin Up or Down - May 3, 3:30PM-3:45PM ET",Up,BUY,222.4,0.99,0x4a33c20c0425b0eed6ee9260fa4480e47c17f2dff85947afa15b199b3c5fc4b3,2026-05-03 22:40:18,0xad4b69ec4fc6f7a0a74757d4b68689f1b24e1479f7f5a2c5cb82e50cc4a88916,btc-updown-15m-1777836600
"Bitcoin Up or Down - May 3, 3:40PM-3:45PM ET",Down,BUY,80,0.5,0x6bbe45968e9832145a5a277ee33644b990f91479fba17b065c1631166bbb9678,2026-05-03 22:40:18,0x0949816f84d389bd83b0936a754c4646eef339384b271f89274fae0f1b5badda,btc-updown-5m-1777837200
"Ethereum Up or Down - May 3, 3:40PM-3:45PM ET",Up,BUY,10,0.48,0xeacc4580b95b1d4cde249702182b770a77f8e846d35327132aa46f83b95deead,2026-05-03 22:40:18,0x91a7ded9b245dea6f6e464adea041f6caaab80da45dfee976e79b0b9074b89f1,eth-updown-5m-1777837200
"Bitcoin Up or Down - May 3, 3PM ET",Up,BUY,8,0.8,0x0b5f4d3b7a3a4f3a005ebafb919b0137e79bad8ea863e0e151b2b60a15ab8533,2026-05-03 22:40:18,0x6c295568930e27c5e4e6dd6e13996de02af3ec82f31e98e55458d4e469a4d462,bitcoin-up-or-down-may-3-2026-3pm-et
"Bitcoin Up or Down - May 3, 3:40PM-3:45PM ET",Up,BUY,81,0.49366913580246913,0x6bbe45968e9832145a5a277ee33644b990f91479fba17b065c1631166bbb9678,2026-05-03 22:40:18,0xb22a693453ca881ff67a2061bf0396aab8e0efbebcb959802dc45bc8f6db8ffb,btc-updown-5m-1777837200
"Ethereum Up or Down - May 3, 3:40PM-3:45PM ET",Up,BUY,10,0.48,0xeacc4580b95b1d4cde249702182b770a77f8e846d35327132aa46f83b95deead,2026-05-03 22:40:16,0x67914abd6b9afa23a2c539506f88dafc0764cebbbb48ed01217988fed244a088,eth-updown-5m-1777837200
"Ethereum Up or Down - May 3, 3:40PM-3:45PM ET",Up,BUY,10,0.48,0xeacc4580b95b1d4cde249702182b770a77f8e846d35327132aa46f83b95deead,2026-05-03 22:40:16,0x737f6b86efa807b01947b7cc749faa8393796fe691ee10ae533da71a99d4a2c5,eth-updown-5m-1777837200
"Ethereum Up or Down - May 3, 3:40PM-3:45PM ET",Up,BUY,10,0.48,0xeacc4580b95b1d4cde249702182b770a77f8e846d35327132aa46f83b95deead,2026-05-03 22:40:16,0x01bd4def594ca9e3a9ceb532ecfe4ad46036865639d1a68cdd2874f73ae86cf1,eth-updown-5m-1777837200
"Ethereum Up or Down - May 3, 3:40PM-3:45PM ET",Up,BUY,10,0.48,0xeacc4580b95b1d4cde249702182b770a77f8e846d35327132aa46f83b95deead,2026-05-03 22:40:16,0x3c0fe48a4abe593dca306d20d5ca41417577d22e0c07a836d6ea8c2ee71455dd,eth-updown-5m-1777837200
"Bitcoin Up or Down - May 3, 3PM ET",Up,BUY,7,0.77,0x0b5f4d3b7a3a4f3a005ebafb919b0137e79bad8ea863e0e151b2b60a15ab8533,2026-05-03 22:39:58,0x3bd621b1b531aaf82d670195ab8e4c389d2c97a7d1ec35dec2bc333ed4e047bd,bitcoin-up-or-down-may-3-2026-3pm-et
"Bitcoin Up or Down - May 3, 3PM ET",Down,BUY,8,0.2,0x0b5f4d3b7a3a4f3a005ebafb919b0137e79bad8ea863e0e151b2b60a15ab8533,2026-05-03 22:39:38,0x5e4a446e3f1dd923b9b13f196de6a431b79214e89e638b59110d2189a4d625fb,bitcoin-up-or-down-may-3-2026-3pm-et
"Bitcoin Up or Down - May 3, 3PM ET",Down,BUY,8,0.2,0x0b5f4d3b7a3a4f3a005ebafb919b0137e79bad8ea863e0e151b2b60a15ab8533,2026-05-03 22:39:38,0x36db465f1a4e55286fa1775d82f6d8f190eabd11d799376931c96486a7101ee1,bitcoin-up-or-down-may-3-2026-3pm-et
"Ethereum Up or Down - May 3, 3:35PM-3:40PM ET",Up,BUY,50.04,0.03,0xb0ea40e8b4bc349a9030c66be50b3369dde9552aa93e11afad274a76c9dde480,2026-05-03 22:39:20,0xdd2d38471dc4f45d5adbed59f0777b7e45882e98b7fe2596ecaf07ffa822934f,eth-updown-5m-1777836900
"Bitcoin Up or Down - May 3, 3:35PM-3:40PM ET",Down,BUY,377.7,0.9668228752978555,0x6ec2549a4662a17fdf2fd5a553534aaffdd61edeb24152bec4e3b6a24b171759,2026-05-03 22:39:20,0x07c87256bea5cf2bf0a7d3971abc447944a8f4ec798d82a8e7763949c01672d5,btc-updown-5m-1777836900
"Bitcoin Up or Down - May 3, 3:35PM-3:40PM ET",Up,BUY,197,0.11,0x6ec2549a4662a17fdf2fd5a553534aaffdd61edeb24152bec4e3b6a24b171759,2026-05-03 22:39:18,0xb8a502cd8c31a3ebd840465582eaf058ff94a9206a7e5a7970630ee6a685187d,btc-updown-5m-1777836900
"Bitcoin Up or Down - May 3, 3:35PM-3:40PM ET",Up,BUY,133.55,0.09,0x6ec2549a4662a17fdf2fd5a553534aaffdd61edeb24152bec4e3b6a24b171759,2026-05-03 22:39:18,0x443c07379f5d3e764ec05ff10141b666fbf1ae3327bb5dc3cb8295635b27b463,btc-updown-5m-1777836900
"Bitcoin Up or Down - May 3, 3:35PM-3:40PM ET",Up,BUY,131.24,0.1,0x6ec2549a4662a17fdf2fd5a553534aaffdd61edeb24152bec4e3b6a24b171759,2026-05-03 22:39:18,0x5e11d0f536ffcbeb6d1873c2d0efc5ab3ed8386a09c244098bb5f0ba190ed828,btc-updown-5m-1777836900
"Bitcoin Up or Down - May 3, 3PM ET",Down,BUY,8,0.21,0x0b5f4d3b7a3a4f3a005ebafb919b0137e79bad8ea863e0e151b2b60a15ab8533,2026-05-03 22:39:18,0xf42894affd1baef4c14f7ec09a8177fe9d44f82f8f599a4d76e3e6838b1a610f,bitcoin-up-or-down-may-3-2026-3pm-et
"Bitcoin Up or Down - May 3, 3:35PM-3:40PM ET",Up,BUY,5,0.08,0x6ec2549a4662a17fdf2fd5a553534aaffdd61edeb24152bec4e3b6a24b171759,2026-05-03 22:39:16,0xa19eeaa75891dca341b3e4e0e5536815d413af88d36ddcf77e928ea9f56eea8e,btc-updown-5m-1777836900
"Bitcoin Up or Down - May 3, 3PM ET",Up,BUY,3.97,0.73,0x0b5f4d3b7a3a4f3a005ebafb919b0137e79bad8ea863e0e151b2b60a15ab8533,2026-05-03 22:38:54,0x987d78f6240d6feb783b50ae59de754204d7ef90dd6f255a03d8e653825f5587,bitcoin-up-or-down-may-3-2026-3pm-et
"Bitcoin Up or Down - May 3, 3:35PM-3:40PM ET",Up,BUY,88.4,0.11,0x6ec2549a4662a17fdf2fd5a553534aaffdd61edeb24152bec4e3b6a24b171759,2026-05-03 22:38:54,0x5b161a07770d85b1635bdf6b0485ce2b534d7a6847fa68f2f2713c451d978fba,btc-updown-5m-1777836900
"Ethereum Up or Down - May 3, 3:35PM-3:40PM ET",Up,BUY,53.64,0.03,0xb0ea40e8b4bc349a9030c66be50b3369dde9552aa93e11afad274a76c9dde480,2026-05-03 22:38:52,0x8020b3e393ac99648624ad75769e031147079f1b5a976b1c834f56251dce7839,eth-updown-5m-1777836900
"Bitcoin Up or Down - May 3, 3:35PM-3:40PM ET",Up,BUY,49.56,0.07,0x6ec2549a4662a17fdf2fd5a553534aaffdd61edeb24152bec4e3b6a24b171759,2026-05-03 22:38:26,0x45972b1537d5311058ed6cbd8deeea30c97f64f3653d1880fabaeec142607913,btc-updown-5m-1777836900
"Bitcoin Up or Down - May 3, 3PM ET",Up,BUY,6,0.73,0x0b5f4d3b7a3a4f3a005ebafb919b0137e79bad8ea863e0e151b2b60a15ab8533,2026-05-03 22:38:24,0x700537d5709957db7b1ff4b0fab942645250a9b0cf821300d90d39fa45be98db,bitcoin-up-or-down-may-3-2026-3pm-et
"Bitcoin Up or Down - May 3, 3:35PM-3:40PM ET",Up,BUY,225.89,0.06774713356058258,0x6ec2549a4662a17fdf2fd5a553534aaffdd61edeb24152bec4e3b6a24b171759,2026-05-03 22:38:24,0x2c3342c5263c35a1bfcf50cb9a01fa6d318085d27257e7b849fd9088aec921d8,btc-updown-5m-1777836900
"Bitcoin Up or Down - May 3, 3PM ET",Up,BUY,6,0.73,0x0b5f4d3b7a3a4f3a005ebafb919b0137e79bad8ea863e0e151b2b60a15ab8533,2026-05-03 22:38:24,0xb73de152935cb5fa4931cbc87d8a169ad11d5257c0f3d8c83b225ca7c480aa3b,bitcoin-up-or-down-may-3-2026-3pm-et
"Ethereum Up or Down - May 3, 3:35PM-3:40PM ET",Up,BUY,86,0.021032558139534883,0xb0ea40e8b4bc349a9030c66be50b3369dde9552aa93e11afad274a76c9dde480,2026-05-03 22:38:24,0x7de9ec92fb8617be918dd6386bfc73176dd5e8e87d3c120bb917ecfe1a85877e,eth-updown-5m-1777836900
"Bitcoin Up or Down - May 3, 3PM ET",Up,BUY,7,0.73,0x0b5f4d3b7a3a4f3a005ebafb919b0137e79bad8ea863e0e151b2b60a15ab8533,2026-05-03 22:38:20,0x4f9a297973c891a5874f4d37327ef41d1c34d7899f00d227c42ff5c48999b989,bitcoin-up-or-down-may-3-2026-3pm-et
"Ethereum Up or Down - May 3, 3:35PM-3:40PM ET",Down,BUY,128,0.96133828125,0xb0ea40e8b4bc349a9030c66be50b3369dde9552aa93e11afad274a76c9dde480,2026-05-03 22:38:16,0xbf83f57c3c34ac35e8e3432859ecd2bc46ca3c520eda38fc6fa2e232ebc7b14b,eth-updown-5m-1777836900
"Bitcoin Up or Down - May 3, 3PM ET",Down,BUY,6,0.28,0x0b5f4d3b7a3a4f3a005ebafb919b0137e79bad8ea863e0e151b2b60a15ab8533,2026-05-03 22:38:16,0x4d9e509b413c903ee122e65029d66fbc431cf836a0f09e62a235b4cc60cc70ce,bitcoin-up-or-down-may-3-2026-3pm-et
"Bitcoin Up or Down - May 3, 3PM ET",Down,BUY,6,0.28,0x0b5f4d3b7a3a4f3a005ebafb919b0137e79bad8ea863e0e151b2b60a15ab8533,2026-05-03 22:38:14,0x7374f79392bb60d271daf80b9f1262e9092fbd429d07dae63715d4d0d4573521,bitcoin-up-or-down-may-3-2026-3pm-et
"Bitcoin Up or Down - May 3, 3:35PM-3:40PM ET",Down,BUY,355,0.9339507042253521,0x6ec2549a4662a17fdf2fd5a553534aaffdd61edeb24152bec4e3b6a24b171759,2026-05-03 22:37:54,0x2a755e9bde4d78e57b01d5987de2e9d8177efebfe8c34bcb99a1d62ea8f5c1ef,btc-updown-5m-1777836900
"Bitcoin Up or Down - May 3, 3PM ET",Down,BUY,6,0.28,0x0b5f4d3b7a3a4f3a005ebafb919b0137e79bad8ea863e0e151b2b60a15ab8533,2026-05-03 22:37:54,0x9d7a700fff7467e00fc59723aca60593b111b0941fcb813f091e6bb8660429f3,bitcoin-up-or-down-may-3-2026-3pm-et
"Bitcoin Up or Down - May 3, 3PM ET",Up,BUY,7,0.73,0x0b5f4d3b7a3a4f3a005ebafb919b0137e79bad8ea863e0e151b2b60a15ab8533,2026-05-03 22:37:48,0x1349c96e5a9858b42577b1decc5e6bc1b34d0b249b119a735b86a6a8a1c7ef42,bitcoin-up-or-down-may-3-2026-3pm-et
"Bitcoin Up or Down - May 3, 3PM ET",Up,BUY,7,0.73,0x0b5f4d3b7a3a4f3a005ebafb919b0137e79bad8ea863e0e151b2b60a15ab8533,2026-05-03 22:37:48,0xafd854bcf40964a368800dd69007d754035451dae8ed3f8059c20fd518fb1ab4,bitcoin-up-or-down-may-3-2026-3pm-et
"Bitcoin Up or Down - May 3, 3PM ET",Up,BUY,6,0.73,0x0b5f4d3b7a3a4f3a005ebafb919b0137e79bad8ea863e0e151b2b60a15ab8533,2026-05-03 22:37:48,0x217f9291a381bf1661e4506fc20074c4178667cc93fd4ae20fc2fb9a47bcf423,bitcoin-up-or-down-may-3-2026-3pm-et
"Bitcoin Up or Down - May 3, 3:35PM-3:40PM ET",Up,BUY,244,0.06537418032786885,0x6ec2549a4662a17fdf2fd5a553534aaffdd61edeb24152bec4e3b6a24b171759,2026-05-03 22:37:48,0xeb63e12a9382d856967ea150f1b0499a060609ee08303c0cd070e8beb1b7a623,btc-updown-5m-1777836900
"Bitcoin Up or Down - May 3, 3:35PM-3:40PM ET",Down,BUY,332.93,0.95,0x6ec2549a4662a17fdf2fd5a553534aaffdd61edeb24152bec4e3b6a24b171759,2026-05-03 22:37:30,0xf042a81357ec4e22d3ff5fee9c93902cc506bd9c62405e1d800e3c83c5201eb2,btc-updown-5m-1777836900
"Ethereum Up or Down - May 3, 3:35PM-3:40PM ET",Down,BUY,22,0.85,0xb0ea40e8b4bc349a9030c66be50b3369dde9552aa93e11afad274a76c9dde480,2026-05-03 22:37:30,0xa41195602a6172f6de7949fe3489109f36f0cd0ef854ca9a4fad693320a7f103,eth-updown-5m-1777836900
"Bitcoin Up or Down - May 3, 3:35PM-3:40PM ET",Down,BUY,322.98,0.9358820979627221,0x6ec2549a4662a17fdf2fd5a553534aaffdd61edeb24152bec4e3b6a24b171759,2026-05-03 22:37:30,0x983af8411d419747600f520ea9d982907fc2e83d5c238ed88006698a332431f2,btc-updown-5m-1777836900
"Bitcoin Up or Down - May 3, 3PM ET",Down,BUY,6,0.27,0x0b5f4d3b7a3a4f3a005ebafb919b0137e79bad8ea863e0e151b2b60a15ab8533,2026-05-03 22:37:30,0xc55e78cf744f9566bfa40e8de11bd4d52db6ba7ec7309043307d431a86bdbee6,bitcoin-up-or-down-may-3-2026-3pm-et
"Bitcoin Up or Down - May 3, 3:35PM-3:40PM ET",Down,BUY,5.02,0.91,0x6ec2549a4662a17fdf2fd5a553534aaffdd61edeb24152bec4e3b6a24b171759,2026-05-03 22:37:26,0x8bf736547341e9be2eef72394efcf6dc6d568a107c1df6c6234f2233dfb4a0f5,btc-updown-5m-1777836900
"Bitcoin Up or Down - May 3, 3PM ET",Down,BUY,6,0.26,0x0b5f4d3b7a3a4f3a005ebafb919b0137e79bad8ea863e0e151b2b60a15ab8533,2026-05-03 22:37:26,0xb7f728741e590c6f9c3388f949afd6e51e3053ea9daef8fc3ee0d6cf7ee40aaf,bitcoin-up-or-down-may-3-2026-3pm-et
"Bitcoin Up or Down - May 3, 3PM ET",Up,BUY,7,0.75,0x0b5f4d3b7a3a4f3a005ebafb919b0137e79bad8ea863e0e151b2b60a15ab8533,2026-05-03 22:37:08,0x2f8ae30ab0fac68459f44260681e03d83bd9ff85638b4f5157abbde60a064137,bitcoin-up-or-down-may-3-2026-3pm-et
"Bitcoin Up or Down - May 3, 3:35PM-3:40PM ET",Up,BUY,142,0.14516549295774647,0x6ec2549a4662a17fdf2fd5a553534aaffdd61edeb24152bec4e3b6a24b171759,2026-05-03 22:37:08,0x1fbfb8f807ce61507809301399e7bae4939fd92d542d69ff58771b791f5b411b,btc-updown-5m-1777836900
"Bitcoin Up or Down - May 3, 3:35PM-3:40PM ET",Down,BUY,222,0.8837198198198198,0x6ec2549a4662a17fdf2fd5a553534aaffdd61edeb24152bec4e3b6a24b171759,2026-05-03 22:37:02,0x0528580036b172cc710c32fe903eebc5adbc4593974cc8f3ba4b8ebda43945d6,btc-updown-5m-1777836900
"Bitcoin Up or Down - May 3, 3PM ET",Down,BUY,6,0.26,0x0b5f4d3b7a3a4f3a005ebafb919b0137e79bad8ea863e0e151b2b60a15ab8533,2026-05-03 22:37:00,0x18af744dbc0aa3372281b2d1ea2e96500a44835df60a9600e1ae040db49ba418,bitcoin-up-or-down-may-3-2026-3pm-et
"Ethereum Up or Down - May 3, 3:35PM-3:40PM ET",Up,BUY,14,0.2,0xb0ea40e8b4bc349a9030c66be50b3369dde9552aa93e11afad274a76c9dde480,2026-05-03 22:36:48,0x43503a2a08c08f53f65ff745875d88b73316b57c420dd9e6290fe5722e7f5ce5,eth-updown-5m-1777836900
"Ethereum Up or Down - May 3, 3:35PM-3:40PM ET",Up,BUY,13,0.2,0xb0ea40e8b4bc349a9030c66be50b3369dde9552aa93e11afad274a76c9dde480,2026-05-03 22:36:48,0xeec4c15ca67e1b653c989bd27f6ccafb0eb9b07e40e1c829834c1e536953e10a,eth-updown-5m-1777836900
"Ethereum Up or Down - May 3, 3:35PM-3:40PM ET",Up,BUY,14,0.2,0xb0ea40e8b4bc349a9030c66be50b3369dde9552aa93e11afad274a76c9dde480,2026-05-03 22:36:48,0x7b84c1036e7342bc09952521c131dc73ad4cd462111c06f8c40586e26e4bf88d,eth-updown-5m-1777836900
"Ethereum Up or Down - May 3, 3:35PM-3:40PM ET",Up,BUY,14,0.21,0xb0ea40e8b4bc349a9030c66be50b3369dde9552aa93e11afad274a76c9dde480,2026-05-03 22:36:44,0x57cf9cd2501288d59d4043290a84c9933868859f3dece713fbb6d3104c3f9427,eth-updown-5m-1777836900
"Ethereum Up or Down - May 3, 3:35PM-3:40PM ET",Up,BUY,14,0.2,0xb0ea40e8b4bc349a9030c66be50b3369dde9552aa93e11afad274a76c9dde480,2026-05-03 22:36:40,0xe915ac1fd9015ebdce82b0fbd88edba5bd89726650c88812fa982bb6865c4772,eth-updown-5m-1777836900
"Ethereum Up or Down - May 3, 3:35PM-3:40PM ET",Up,BUY,15,0.2,0xb0ea40e8b4bc349a9030c66be50b3369dde9552aa93e11afad274a76c9dde480,2026-05-03 22:36:40,0xc51e25154701ea5714282be33f337457d847d6d444c36d3313401b035833503d,eth-updown-5m-1777836900
"Ethereum Up or Down - May 3, 3:35PM-3:40PM ET",Up,BUY,15,0.19,0xb0ea40e8b4bc349a9030c66be50b3369dde9552aa93e11afad274a76c9dde480,2026-05-03 22:36:38,0xe6497b6a3152e07c0f7fab06a00fa26182d834b02a6b9700f18b5e854507d016,eth-updown-5m-1777836900
"Ethereum Up or Down - May 3, 3:35PM-3:40PM ET",Up,BUY,16,0.19,0xb0ea40e8b4bc349a9030c66be50b3369dde9552aa93e11afad274a76c9dde480,2026-05-03 22:36:38,0xf155c977eb59336f773666c9aab8def4e476fa42df6c748150a1105358706f3b,eth-updown-5m-1777836900
"Ethereum Up or Down - May 3, 3:35PM-3:40PM ET",Up,BUY,16,0.19,0xb0ea40e8b4bc349a9030c66be50b3369dde9552aa93e11afad274a76c9dde480,2026-05-03 22:36:38,0x79446a4c693086a61127af93efc70c72a990249784e66b83c0a73fd982f57d7a,eth-updown-5m-1777836900
"Bitcoin Up or Down - May 3, 3:35PM-3:40PM ET",Down,BUY,222,0.885690990990991,0x6ec2549a4662a17fdf2fd5a553534aaffdd61edeb24152bec4e3b6a24b171759,2026-05-03 22:36:24,0xd66a0fd4e737b66b3cc12efc95931441c885de715b606ac30f5a7fffdf4bc174,btc-updown-5m-1777836900
"Ethereum Up or Down - May 3, 3:35PM-3:40PM ET",Down,BUY,16,0.8,0xb0ea40e8b4bc349a9030c66be50b3369dde9552aa93e11afad274a76c9dde480,2026-05-03 22:36:24,0xce19460d83915f099cef9f19eccf1db77a73cf0c3ac341cf1596476db1435b81,eth-updown-5m-1777836900
"Bitcoin Up or Down - May 3, 3PM ET",Down,BUY,7,0.23,0x0b5f4d3b7a3a4f3a005ebafb919b0137e79bad8ea863e0e151b2b60a15ab8533,2026-05-03 22:36:22,0x68404790812331bdb397d03565779906cd8ce8699e6f5615b4fd4c84d5783e11,bitcoin-up-or-down-may-3-2026-3pm-et
"Ethereum Up or Down - May 3, 3:35PM-3:40PM ET",Down,BUY,5,0.73,0xb0ea40e8b4bc349a9030c66be50b3369dde9552aa93e11afad274a76c9dde480,2026-05-03 22:36:18,0xdae909d66f460f0d592114851813cdfc8010f1c87e7216de10d4f0be033f7f35,eth-updown-5m-1777836900
"Bitcoin Up or Down - May 3, 3:30PM-3:45PM ET",Down,BUY,65,0.03,0x4a33c20c0425b0eed6ee9260fa4480e47c17f2dff85947afa15b199b3c5fc4b3,2026-05-03 22:36:14,0x1743f0cbc418caf41977876b9b8b49fbdac85efd292d4d4dc8a5620c60af5958,btc-updown-15m-1777836600
"Bitcoin Up or Down - May 3, 3:35PM-3:40PM ET",Down,BUY,107,0.7184691588785047,0x6ec2549a4662a17fdf2fd5a553534aaffdd61edeb24152bec4e3b6a24b171759,2026-05-03 22:36:12,0x0d71349517b7bc1a3a7ed8c27823b078c70822a420d4529fb8a4f1adf1546837,btc-updown-5m-1777836900
"Ethereum Up or Down - May 3, 3:35PM-3:40PM ET",Down,BUY,10,0.46,0xb0ea40e8b4bc349a9030c66be50b3369dde9552aa93e11afad274a76c9dde480,2026-05-03 22:36:10,0xd3e7b985bb660fa5f851099b4833f161c08fe5099fb9c9f64bff838a8e28cfa0,eth-updown-5m-1777836900
"Ethereum Up or Down - May 3, 3:35PM-3:40PM ET",Up,BUY,10,0.56,0xb0ea40e8b4bc349a9030c66be50b3369dde9552aa93e11afad274a76c9dde480,2026-05-03 22:36:08,0x4bbf8e43cfea243053ba3abdf981a7003f71a609523fdb59f909893c107c088d,eth-updown-5m-1777836900
"Bitcoin Up or Down - May 3, 3:35PM-3:40PM ET",Down,BUY,95,0.6789452631578947,0x6ec2549a4662a17fdf2fd5a553534aaffdd61edeb24152bec4e3b6a24b171759,2026-05-03 22:35:58,0x74a75a88a15e476abb9a60a6fae85f8ad574a437ec5b779c1a466196f1c7af92,btc-updown-5m-1777836900
"Ethereum Up or Down - May 3, 3:35PM-3:40PM ET",Down,BUY,10,0.42,0xb0ea40e8b4bc349a9030c66be50b3369dde9552aa93e11afad274a76c9dde480,2026-05-03 22:35:58,0x90829f10a6efb4b178adbf43377e0c007c9a09f46c3527ba3d044e10774c0c33,eth-updown-5m-1777836900
"Ethereum Up or Down - May 3, 3:35PM-3:40PM ET",Down,BUY,10,0.39,0xb0ea40e8b4bc349a9030c66be50b3369dde9552aa93e11afad274a76c9dde480,2026-05-03 22:35:58,0xd4d2ea4be56c1f4de14af8643b079b8871f3b1b9e8596cb03620f06e234ecdf7,eth-updown-5m-1777836900
"Ethereum Up or Down - May 3, 3:35PM-3:40PM ET",Down,BUY,10,0.39,0xb0ea40e8b4bc349a9030c66be50b3369dde9552aa93e11afad274a76c9dde480,2026-05-03 22:35:58,0xdc6fc17d221a591c2ef58effc5d0ae1761ed8de7e75d7fad114a3da35d4215ba,eth-updown-5m-1777836900
"Bitcoin Up or Down - May 3, 3:35PM-3:40PM ET",Down,BUY,94,0.669668085106383,0x6ec2549a4662a17fdf2fd5a553534aaffdd61edeb24152bec4e3b6a24b171759,2026-05-03 22:35:52,0x2b7df377770da59f634f8c5a774be1a59f947da4998c9c0e890567c28d64408c,btc-updown-5m-1777836900
"Ethereum Up or Down - May 3, 3:35PM-3:40PM ET",Up,BUY,10,0.52,0xb0ea40e8b4bc349a9030c66be50b3369dde9552aa93e11afad274a76c9dde480,2026-05-03 22:35:46,0xb5d57ab9574b3396bfeed1abdb931689d5653a41d1bfd2d57c6e0ff58eb44682,eth-updown-5m-1777836900
"Ethereum Up or Down - May 3, 3:35PM-3:40PM ET",Up,BUY,9.09,0.45,0xb0ea40e8b4bc349a9030c66be50b3369dde9552aa93e11afad274a76c9dde480,2026-05-03 22:35:42,0x8a42ad25604487e6bfef44debc70c15782d43938ae2cbc86dd7732d8d2c7ec9e,eth-updown-5m-1777836900
"Ethereum Up or Down - May 3, 3:35PM-3:40PM ET",Up,BUY,10,0.5,0xb0ea40e8b4bc349a9030c66be50b3369dde9552aa93e11afad274a76c9dde480,2026-05-03 22:35:40,0x39c6e26234d8b5aafe602b023e3ecff55e3bf5ad978bce2fbdde44435954b5c4,eth-updown-5m-1777836900
"Bitcoin Up or Down - May 3, 3:35PM-3:40PM ET",Up,BUY,82,0.39,0x6ec2549a4662a17fdf2fd5a553534aaffdd61edeb24152bec4e3b6a24b171759,2026-05-03 22:35:26,0xb38917d59bd49461b78a0fcd6fc235d169398a326685d45ff5b273e789a55f90,btc-updown-5m-1777836900
"Bitcoin Up or Down - May 3, 3PM ET",Down,BUY,10,0.14,0x0b5f4d3b7a3a4f3a005ebafb919b0137e79bad8ea863e0e151b2b60a15ab8533,2026-05-03 22:35:24,0xe5109409ac8839e330cfcde533b01eb7c8caf528dab50e84738b58f2cf996bf9,bitcoin-up-or-down-may-3-2026-3pm-et
"Ethereum Up or Down - May 3, 3:35PM-3:40PM ET",Down,BUY,8.23,0.5249939246658566,0xb0ea40e8b4bc349a9030c66be50b3369dde9552aa93e11afad274a76c9dde480,2026-05-03 22:35:22,0xa561a0c152f6f3afe809f733ba5ff0025b511086794cd01dc36a30117cd87d41,eth-updown-5m-1777836900
"Ethereum Up or Down - May 3, 3:35PM-3:40PM ET",Down,BUY,4,0.56,0xb0ea40e8b4bc349a9030c66be50b3369dde9552aa93e11afad274a76c9dde480,2026-05-03 22:35:14,0x4d83575335f1ce4ccc950f5583b4a89e9307da1a888533d4ac148d83d1cefc7b,eth-updown-5m-1777836900
"Ethereum Up or Down - May 3, 3:35PM-3:40PM ET",Down,BUY,10,0.54,0xb0ea40e8b4bc349a9030c66be50b3369dde9552aa93e11afad274a76c9dde480,2026-05-03 22:35:14,0xaae4b52a92131327d7209de84d9953a636d7a2d53395399a410c32f56e177b98,eth-updown-5m-1777836900
"Bitcoin Up or Down - May 3, 3:35PM-3:40PM ET",Down,BUY,83,0.57,0x6ec2549a4662a17fdf2fd5a553534aaffdd61edeb24152bec4e3b6a24b171759,2026-05-03 22:35:14,0x57ecc85232c274e0c4189f83d22d317a5eae8eab82bdbaddbdf605baf1862476,btc-updown-5m-1777836900
"Bitcoin Up or Down - May 3, 3PM ET",Up,BUY,6,0.87,0x0b5f4d3b7a3a4f3a005ebafb919b0137e79bad8ea863e0e151b2b60a15ab8533,2026-05-03 22:35:12,0xbeb7febab9582137b872b66b30823b8629e6f7a53ba216411748495ff8e6b38f,bitcoin-up-or-down-may-3-2026-3pm-et
"Bitcoin Up or Down - May 3, 3:35PM-3:40PM ET",Up,BUY,82,0.33,0x6ec2549a4662a17fdf2fd5a553534aaffdd61edeb24152bec4e3b6a24b171759,2026-05-03 22:35:12,0x4ce97424386411b0ef2518320e72825c8fe1268ebec9f038d8934bf55a1ae790,btc-updown-5m-1777836900
"Bitcoin Up or Down - May 3, 3:35PM-3:40PM ET",Up,BUY,81,0.33632345679012343,0x6ec2549a4662a17fdf2fd5a553534aaffdd61edeb24152bec4e3b6a24b171759,2026-05-03 22:35:12,0xce55e7af3efac732c8378e97bbc7d55b817d430048b168dae826b8ccff59f893,btc-updown-5m-1777836900
"Bitcoin Up or Down - May 3, 3:35PM-3:40PM ET",Up,BUY,83,0.33,0x6ec2549a4662a17fdf2fd5a553534aaffdd61edeb24152bec4e3b6a24b171759,2026-05-03 22:35:12,0x5371f0aa56851c353c9ce70328a7080478a6bf3be49ed1b5c2b7c84bfc5007a2,btc-updown-5m-1777836900
"Bitcoin Up or Down - May 3, 3PM ET",Up,BUY,12,0.87,0x0b5f4d3b7a3a4f3a005ebafb919b0137e79bad8ea863e0e151b2b60a15ab8533,2026-05-03 22:35:12,0x735ccf7632e7e09a6c3b817f08089db15155ff15d41c32a68c382f15494dbdab,bitcoin-up-or-down-may-3-2026-3pm-et
"Bitcoin Up or Down - May 3, 3:35PM-3:40PM ET",Up,BUY,84,0.33,0x6ec2549a4662a17fdf2fd5a553534aaffdd61edeb24152bec4e3b6a24b171759,2026-05-03 22:35:12,0x304b0257fb82c1d1557563e438e90d6ef92b053332453b94e3d97a09e90b890c,btc-updown-5m-1777836900
"Bitcoin Up or Down - May 3, 3:35PM-3:40PM ET",Up,BUY,85,0.33,0x6ec2549a4662a17fdf2fd5a553534aaffdd61edeb24152bec4e3b6a24b171759,2026-05-03 22:35:10,0x8c4e841a925338fa201130c831de121f19660b692b34f805df0d3ab4c14a74f9,btc-updown-5m-1777836900
"Bitcoin Up or Down - May 3, 3PM ET",Up,BUY,2.1,0.79,0x0b5f4d3b7a3a4f3a005ebafb919b0137e79bad8ea863e0e151b2b60a15ab8533,2026-05-03 22:34:38,0x144e5794d8c3bce9f65cf8344a3e7de8cee3a995a5306e8b2ee60ad013e07e51,bitcoin-up-or-down-may-3-2026-3pm-et
"Bitcoin Up or Down - May 3, 3PM ET",Up,BUY,8,0.788625,0x0b5f4d3b7a3a4f3a005ebafb919b0137e79bad8ea863e0e151b2b60a15ab8533,2026-05-03 22:34:38,0x38f2c2221353fa60c1b64a1154be0cc2ed057069c5da337380cf81022eb1a6e9,bitcoin-up-or-down-may-3-2026-3pm-et
"Bitcoin Up or Down - May 3, 3PM ET",Up,BUY,7,0.78,0x0b5f4d3b7a3a4f3a005ebafb919b0137e79bad8ea863e0e151b2b60a15ab8533,2026-05-03 22:34:36,0x404efd4f24f0dc48ac76d7e7efd4ab2dafb531ef1120608afabe26b8971de95b,bitcoin-up-or-down-may-3-2026-3pm-et
"Bitcoin Up or Down - May 3, 3PM ET",Up,BUY,7,0.76,0x0b5f4d3b7a3a4f3a005ebafb919b0137e79bad8ea863e0e151b2b60a15ab8533,2026-05-03 22:34:32,0x684301292380d7e12f7fad0595e1737688661b7aa3dcf78f1e78b4da2ebe76e3,bitcoin-up-or-down-may-3-2026-3pm-et
"Ethereum Up or Down - May 3, 3:30PM-3:45PM ET",Up,BUY,2403.47,0.99,0x474fa2028ff90b1b7aee711a99d6b2fe5a764be019805c3a30910c9ac767a646,2026-05-03 22:34:32,0x9457f38f6fa217394ca451ce20fc1aebe2a1f9490d7885ea3882c21e08f699df,eth-updown-15m-1777836600
"Bitcoin Up or Down - May 3, 3PM ET",Down,BUY,6,0.25,0x0b5f4d3b7a3a4f3a005ebafb919b0137e79bad8ea863e0e151b2b60a15ab8533,2026-05-03 22:34:26,0x53ebdc18358a273072a64457fb375ada2ed6f2a7bd7c0f018dba30a7f6afa4ef,bitcoin-up-or-down-may-3-2026-3pm-et
"Bitcoin Up or Down - May 3, 3PM ET",Up,BUY,6,0.73,0x0b5f4d3b7a3a4f3a005ebafb919b0137e79bad8ea863e0e151b2b60a15ab8533,2026-05-03 22:34:22,0xf954a992c724676864425ba96ff25cd0243fad8e46ed0562ff320b232ce46ba0,bitcoin-up-or-down-may-3-2026-3pm-et
"Bitcoin Up or Down - May 3, 3PM ET",Up,BUY,6,0.7216666666666667,0x0b5f4d3b7a3a4f3a005ebafb919b0137e79bad8ea863e0e151b2b60a15ab8533,2026-05-03 22:34:22,0xa1671941308b8818e02d265fdcda96b484ae0336a48e6f744236a80918ccfd7f,bitcoin-up-or-down-may-3-2026-3pm-et
"Bitcoin Up or Down - May 3, 3PM ET",Up,BUY,6,0.72,0x0b5f4d3b7a3a4f3a005ebafb919b0137e79bad8ea863e0e151b2b60a15ab8533,2026-05-03 22:34:06,0x063fe3732542b23f33a7e84bee824490c51d96c502d471acf5afede620d8c125,bitcoin-up-or-down-may-3-2026-3pm-et
"Bitcoin Up or Down - May 3, 3PM ET",Down,BUY,6,0.29,0x0b5f4d3b7a3a4f3a005ebafb919b0137e79bad8ea863e0e151b2b60a15ab8533,2026-05-03 22:33:56,0x3b01175029864532faa32faf6731cfd2917d5ce696dec76a303b7f830b36ff7e,bitcoin-up-or-down-may-3-2026-3pm-et
"Bitcoin Up or Down - May 3, 3PM ET",Down,BUY,6,0.26,0x0b5f4d3b7a3a4f3a005ebafb919b0137e79bad8ea863e0e151b2b60a15ab8533,2026-05-03 22:33:42,0x1828f708fbf22fda183d8b110887f40fb0a065534f46dfd5ecd4c60cb5c497d1,bitcoin-up-or-down-may-3-2026-3pm-et
"Bitcoin Up or Down - May 3, 3PM ET",Down,BUY,6,0.26,0x0b5f4d3b7a3a4f3a005ebafb919b0137e79bad8ea863e0e151b2b60a15ab8533,2026-05-03 22:33:42,0x4e1069606b07cff1c0de848d2fa983b83425b98b16ecca0b819d1892811e6349,bitcoin-up-or-down-may-3-2026-3pm-et
"Bitcoin Up or Down - May 3, 3PM ET",Down,BUY,6,0.26,0x0b5f4d3b7a3a4f3a005ebafb919b0137e79bad8ea863e0e151b2b60a15ab8533,2026-05-03 22:33:42,0x50538349cabe3c4783dd55f4c4fee49cbc6487f2846d49c548ba91ce6d855e3e,bitcoin-up-or-down-may-3-2026-3pm-et
"Bitcoin Up or Down - May 3, 3PM ET",Down,BUY,6,0.26,0x0b5f4d3b7a3a4f3a005ebafb919b0137e79bad8ea863e0e151b2b60a15ab8533,2026-05-03 22:33:42,0xfa9b11fed50dca0878fc47eea0d1eb5f3c4648df0b4183955bd6b5865d9cfe9b,bitcoin-up-or-down-may-3-2026-3pm-et
"Bitcoin Up or Down - May 3, 3PM ET",Up,BUY,7,0.75,0x0b5f4d3b7a3a4f3a005ebafb919b0137e79bad8ea863e0e151b2b60a15ab8533,2026-05-03 22:33:28,0x1b626e840ec178a940db12bbbfa80ffbaea898b8478a557daa1dc52adcdafac7,bitcoin-up-or-down-may-3-2026-3pm-et
"Bitcoin Up or Down - May 3, 3PM ET",Down,BUY,6,0.26,0x0b5f4d3b7a3a4f3a005ebafb919b0137e79bad8ea863e0e151b2b60a15ab8533,2026-05-03 22:33:26,0xf258df92ccf27e3fc6fdcea711d4912aacab4970facbce21bea3eb18124f9035,bitcoin-up-or-down-may-3-2026-3pm-et
"Bitcoin Up or Down - May 3, 3PM ET",Up,BUY,6,0.7,0x0b5f4d3b7a3a4f3a005ebafb919b0137e79bad8ea863e0e151b2b60a15ab8533,2026-05-03 22:33:12,0x4c512d5226fe63934cf7f8e906ca9cc538c8c84d47783dcdbce27d85a2702160,bitcoin-up-or-down-may-3-2026-3pm-et
"Bitcoin Up or Down - May 3, 3PM ET",Up,BUY,6,0.7,0x0b5f4d3b7a3a4f3a005ebafb919b0137e79bad8ea863e0e151b2b60a15ab8533,2026-05-03 22:33:12,0xb5cd0cde823c4ee2b0da093c7472b532b197277233ca1d9fea05fbe553e3e863,bitcoin-up-or-down-may-3-2026-3pm-et
"Bitcoin Up or Down - May 3, 3:30PM-3:45PM ET",Up,BUY,34,0.9124823529411765,0x4a33c20c0425b0eed6ee9260fa4480e47c17f2dff85947afa15b199b3c5fc4b3,2026-05-03 22:33:08,0x693b2e1b5b6c57f4385e371d9e891999fbcd30ab8ae1ba28319275cb89e9067a,btc-updown-15m-1777836600
"Bitcoin Up or Down - May 3, 3PM ET",Up,BUY,5,0.61,0x0b5f4d3b7a3a4f3a005ebafb919b0137e79bad8ea863e0e151b2b60a15ab8533,2026-05-03 22:33:06,0x4d44b679a0d2b068c131fcdf801f27e62fd2a9d6b8bc55446ccefc5be5c1e72e,bitcoin-up-or-down-may-3-2026-3pm-et
"Bitcoin Up or Down - May 3, 3PM ET",Up,BUY,1.78,0.6,0x0b5f4d3b7a3a4f3a005ebafb919b0137e79bad8ea863e0e151b2b60a15ab8533,2026-05-03 22:33:06,0x8c95f1b3a9218da0b5fca8166776f6363cebfb4c11feb7b9cfa94de5b4ed70d7,bitcoin-up-or-down-may-3-2026-3pm-et
"Bitcoin Up or Down - May 3, 3:30PM-3:45PM ET",Up,BUY,28,0.88,0x4a33c20c0425b0eed6ee9260fa4480e47c17f2dff85947afa15b199b3c5fc4b3,2026-05-03 22:33:04,0xf54048a9a850453eecd7366d019fc7b6b706833a9ba7ee9fa2398b4e039df68a,btc-updown-15m-1777836600
"Bitcoin Up or Down - May 3, 3:30PM-3:45PM ET",Up,BUY,26,0.88,0x4a33c20c0425b0eed6ee9260fa4480e47c17f2dff85947afa15b199b3c5fc4b3,2026-05-03 22:33:02,0xdc1dca7d9ebdd6118358952545835405df429cdffb86d06cf09fd40a7de89665,btc-updown-15m-1777836600
"Bitcoin Up or Down - May 3, 12:00PM-4:00PM ET",Up,BUY,1.28,0.81,0x5d6396444a4fc085f2f01aac5ecbbb97bc5c92b612dc0ceb5bdc6bdd7a197933,2026-05-03 22:33:02,0x6360d37962f1bceb56da5df36aa1d8d0a86208a29afe7b53078b3b66ffe571f8,btc-updown-4h-1777824000
"Bitcoin Up or Down - May 3, 3PM ET",Up,BUY,5,0.54,0x0b5f4d3b7a3a4f3a005ebafb919b0137e79bad8ea863e0e151b2b60a15ab8533,2026-05-03 22:33:02,0xb7e2d6ab11ce87a86f7b2d1638d9a6cbc0803e2eb86aebf7276ef402db814e45,bitcoin-up-or-down-may-3-2026-3pm-et
"Bitcoin Up or Down - May 3, 3PM ET",Up,BUY,5,0.55,0x0b5f4d3b7a3a4f3a005ebafb919b0137e79bad8ea863e0e151b2b60a15ab8533,2026-05-03 22:33:02,0xa753b6ae152cd1694224175a6997aa16e4232554c102489ec25ecbd637966fd2,bitcoin-up-or-down-may-3-2026-3pm-et
"Bitcoin Up or Down - May 3, 3PM ET",Up,BUY,5,0.55,0x0b5f4d3b7a3a4f3a005ebafb919b0137e79bad8ea863e0e151b2b60a15ab8533,2026-05-03 22:32:58,0xa6cfe985c4c2c3662052a8cb82492c99a2d636dd16380319fe14213faec36850,bitcoin-up-or-down-may-3-2026-3pm-et
"Bitcoin Up or Down - May 3, 3:30PM-3:45PM ET",Up,BUY,26,0.8728307692307692,0x4a33c20c0425b0eed6ee9260fa4480e47c17f2dff85947afa15b199b3c5fc4b3,2026-05-03 22:32:58,0x590bcdfdb249080eb6b8275374a603c1144bb35468bad7b5419fb08f5ff28031,btc-updown-15m-1777836600
"Bitcoin Up or Down - May 3, 3PM ET",Up,BUY,5,0.54,0x0b5f4d3b7a3a4f3a005ebafb919b0137e79bad8ea863e0e151b2b60a15ab8533,2026-05-03 22:32:58,0xe71a66f9855a4b7d93e9458d0116d95bd8076c7494f11d60d46d65f47fc21b0e,bitcoin-up-or-down-may-3-2026-3pm-et
"Bitcoin Up or Down - May 3, 3:30PM-3:45PM ET",Up,BUY,22,0.8618181818181818,0x4a33c20c0425b0eed6ee9260fa4480e47c17f2dff85947afa15b199b3c5fc4b3,2026-05-03 22:32:58,0xf5aefd453dc1a504db35dfdb6b428babf8da14c46b6f2a3582f9bbb95384e500,btc-updown-15m-1777836600
"Bitcoin Up or Down - May 3, 3PM ET",Up,BUY,5,0.53,0x0b5f4d3b7a3a4f3a005ebafb919b0137e79bad8ea863e0e151b2b60a15ab8533,2026-05-03 22:32:58,0x9462aaf55e18a9632b884467a998cd024d92a00db9e3beaea852d645261bb8c1,bitcoin-up-or-down-may-3-2026-3pm-et
"Bitcoin Up or Down - May 3, 3PM ET",Up,BUY,5,0.55,0x0b5f4d3b7a3a4f3a005ebafb919b0137e79bad8ea863e0e151b2b60a15ab8533,2026-05-03 22:32:58,0x00d2ef78541caedf3b8d65253524a18573bd1ef61384da084fe751123cacdead,bitcoin-up-or-down-may-3-2026-3pm-et
"Bitcoin Up or Down - May 3, 3PM ET",Up,BUY,5,0.51,0x0b5f4d3b7a3a4f3a005ebafb919b0137e79bad8ea863e0e151b2b60a15ab8533,2026-05-03 22:32:56,0x4aba00ed105245706850e81558b914386d3dc9430de72f7010617046544bb81e,bitcoin-up-or-down-may-3-2026-3pm-et
"Bitcoin Up or Down - May 3, 12:00PM-4:00PM ET",Up,BUY,8,0.81,0x5d6396444a4fc085f2f01aac5ecbbb97bc5c92b612dc0ceb5bdc6bdd7a197933,2026-05-03 22:32:56,0xbb6cca95942a5636bc31edc30d027fa2b34698c401d51efd268a7b1d0e83a3d0,btc-updown-4h-1777824000
"Bitcoin Up or Down - May 3, 12:00PM-4:00PM ET",Up,BUY,8,0.81,0x5d6396444a4fc085f2f01aac5ecbbb97bc5c92b612dc0ceb5bdc6bdd7a197933,2026-05-03 22:32:56,0x410d091238043357f116c867c90e46f4ff41e51d1b5693f2cab2e40e99611f68,btc-updown-4h-1777824000
"Bitcoin Up or Down - May 3, 12:00PM-4:00PM ET",Down,BUY,5,0.22,0x5d6396444a4fc085f2f01aac5ecbbb97bc5c92b612dc0ceb5bdc6bdd7a197933,2026-05-03 22:32:48,0xe2f638b9d6412b0a26f0f4b2c7b8e1cb00bdb32663e1806c3a249f58af42a1dd,btc-updown-4h-1777824000
"Bitcoin Up or Down - May 3, 3PM ET",Down,BUY,5,0.46,0x0b5f4d3b7a3a4f3a005ebafb919b0137e79bad8ea863e0e151b2b60a15ab8533,2026-05-03 22:32:48,0xf3a8181593dc1c62850cde446596e5901d99e1970fa219b2a3f6f9983134addc,bitcoin-up-or-down-may-3-2026-3pm-et
"Bitcoin Up or Down - May 3, 3PM ET",Down,BUY,5,0.46,0x0b5f4d3b7a3a4f3a005ebafb919b0137e79bad8ea863e0e151b2b60a15ab8533,2026-05-03 22:32:48,0xad2101849914369b88b6577623bbd33006513eb847842a3158b2a46a4dc78000,bitcoin-up-or-down-may-3-2026-3pm-et
"Bitcoin Up or Down - May 3, 3:30PM-3:45PM ET",Down,BUY,16,0.17,0x4a33c20c0425b0eed6ee9260fa4480e47c17f2dff85947afa15b199b3c5fc4b3,2026-05-03 22:32:48,0xe3884a6114e642342d18139146968c7767f4f6f41050ae6b6a99fb1c4af453e2,btc-updown-15m-1777836600
"Bitcoin Up or Down - May 3, 3:30PM-3:45PM ET",Down,BUY,15,0.17,0x4a33c20c0425b0eed6ee9260fa4480e47c17f2dff85947afa15b199b3c5fc4b3,2026-05-03 22:32:48,0x78660debbe9dd7db414c88a8e05be3eceff00880bc784646bf817d8875add0f5,btc-updown-15m-1777836600
"Bitcoin Up or Down - May 3, 3PM ET",Down,BUY,5,0.46,0x0b5f4d3b7a3a4f3a005ebafb919b0137e79bad8ea863e0e151b2b60a15ab8533,2026-05-03 22:32:48,0x6466d46fd54328af6018a83799e82f662954b2a6f57f52b7d7a723383e49056b,bitcoin-up-or-down-may-3-2026-3pm-et
"Bitcoin Up or Down - May 3, 3:30PM-3:45PM ET",Down,BUY,16,0.17,0x4a33c20c0425b0eed6ee9260fa4480e47c17f2dff85947afa15b199b3c5fc4b3,2026-05-03 22:32:48,0xb88b37f6375aef10860770c54f632b0a1699ef14162f29c5f8a10732687e1e23,btc-updown-15m-1777836600
"Bitcoin Up or Down - May 3, 3PM ET",Down,BUY,5,0.46,0x0b5f4d3b7a3a4f3a005ebafb919b0137e79bad8ea863e0e151b2b60a15ab8533,2026-05-03 22:32:48,0x7189511f3b5206dc250ac92dc4ee3ab1291129f3d528740226b55fc85443c0ae,bitcoin-up-or-down-may-3-2026-3pm-et
"Bitcoin Up or Down - May 3, 3:30PM-3:45PM ET",Down,BUY,17,0.17,0x4a33c20c0425b0eed6ee9260fa4480e47c17f2dff85947afa15b199b3c5fc4b3,2026-05-03 22:32:48,0x3281e438fe00b192c8101ba1057226a5460ed1b54b235da7bfa730f11b8a1755,btc-updown-15m-1777836600
"Bitcoin Up or Down - May 3, 3PM ET",Up,BUY,5,0.51,0x0b5f4d3b7a3a4f3a005ebafb919b0137e79bad8ea863e0e151b2b60a15ab8533,2026-05-03 22:32:46,0x77c309cb311711d7df49d42e18e2e9db6787dde7e3936e85f4953abb3f917c39,bitcoin-up-or-down-may-3-2026-3pm-et
"Bitcoin Up or Down - May 3, 3:30PM-3:45PM ET",Up,BUY,22,0.85,0x4a33c20c0425b0eed6ee9260fa4480e47c17f2dff85947afa15b199b3c5fc4b3,2026-05-03 22:32:46,0x8b3ed26e32d061bd1bb9fe7400f3a105a25b1df6adbf76c360c1c387c8fb513e,btc-updown-15m-1777836600
"Bitcoin Up or Down - May 3, 3PM ET",Up,BUY,5,0.49,0x0b5f4d3b7a3a4f3a005ebafb919b0137e79bad8ea863e0e151b2b60a15ab8533,2026-05-03 22:32:46,0xdf2613326fbdea9b117fdbedf84ead43b004837074c6fd5a722eb179fc59530f,bitcoin-up-or-down-may-3-2026-3pm-et
"Bitcoin Up or Down - May 3, 3PM ET",Up,BUY,5,0.42,0x0b5f4d3b7a3a4f3a005ebafb919b0137e79bad8ea863e0e151b2b60a15ab8533,2026-05-03 22:32:40,0xdb72bdd6b024ddfffce309fe6a84d9bc2ff3f469c110f2f16ea932dac540c452,bitcoin-up-or-down-may-3-2026-3pm-et
"Bitcoin Up or Down - May 3, 3:30PM-3:45PM ET",Up,BUY,17,0.81,0x4a33c20c0425b0eed6ee9260fa4480e47c17f2dff85947afa15b199b3c5fc4b3,2026-05-03 22:32:40,0x33b23a6a99a86c6989461e4d3b2b99b332569a6b69a91c8a7f3cbe54688cdda4,btc-updown-15m-1777836600
"Bitcoin Up or Down - May 3, 3:30PM-3:45PM ET",Up,BUY,19,0.8374052631578948,0x4a33c20c0425b0eed6ee9260fa4480e47c17f2dff85947afa15b199b3c5fc4b3,2026-05-03 22:32:40,0xa4076352a93cbba24e31879398672fa872fa41161d79ec823e2cd2f592014d46,btc-updown-15m-1777836600
"Bitcoin Up or Down - May 3, 3PM ET",Up,BUY,5,0.45,0x0b5f4d3b7a3a4f3a005ebafb919b0137e79bad8ea863e0e151b2b60a15ab8533,2026-05-03 22:32:40,0xacb6320b1b72cc9df2d7aaa94674c0b4c75463868d98652d74c3c6d2a0459e5a,bitcoin-up-or-down-may-3-2026-3pm-et
"Bitcoin Up or Down - May 3, 3PM ET",Up,BUY,5,0.41,0x0b5f4d3b7a3a4f3a005ebafb919b0137e79bad8ea863e0e151b2b60a15ab8533,2026-05-03 22:32:38,0x532913b72a479f5396042e6cd999ad27833d987d8efb40f3fd4450f55974f6da,bitcoin-up-or-down-may-3-2026-3pm-et
"Bitcoin Up or Down - May 3, 3:30PM-3:45PM ET",Up,BUY,14,0.74,0x4a33c20c0425b0eed6ee9260fa4480e47c17f2dff85947afa15b199b3c5fc4b3,2026-05-03 22:32:26,0x63b6a777e511f5a190a64cfdaf98934e7c28bba75a795f3a60ee221d9aea724e,btc-updown-15m-1777836600
"Bitcoin Up or Down - May 3, 3:30PM-3:45PM ET",Up,BUY,13,0.74,0x4a33c20c0425b0eed6ee9260fa4480e47c17f2dff85947afa15b199b3c5fc4b3,2026-05-03 22:32:26,0x801f7dc62dca01285291b9190e89675e4b528c4d5836d7041ea48573a655756a,btc-updown-15m-1777836600
"Bitcoin Up or Down - May 3, 3:30PM-3:45PM ET",Up,BUY,13,0.73,0x4a33c20c0425b0eed6ee9260fa4480e47c17f2dff85947afa15b199b3c5fc4b3,2026-05-03 22:32:26,0x38efe250e4c9d23bf0da234d577be2685cf650c21e92bd2341e9f31a4a263f16,btc-updown-15m-1777836600
"Bitcoin Up or Down - May 3, 3PM ET",Up,BUY,5,0.34,0x0b5f4d3b7a3a4f3a005ebafb919b0137e79bad8ea863e0e151b2b60a15ab8533,2026-05-03 22:32:26,0x22c0b55d4920b54a194eb25155eefb5d63cf64b112e1165749e2386fb48f5b42,bitcoin-up-or-down-may-3-2026-3pm-et
"Bitcoin Up or Down - May 3, 3:30PM-3:35PM ET",Up,BUY,80,0.45450375,0x9785d87f5aeb753b514551eabb20c64e877f0322963a2e8762cee78f1f4085a8,2026-05-03 22:32:10,0x418e315cacddeaf790ea67494931d861121f045716a6632a2f7907535306d4f1,btc-updown-5m-1777836600
"Bitcoin Up or Down - May 3, 12:00PM-4:00PM ET",Up,BUY,6,0.68,0x5d6396444a4fc085f2f01aac5ecbbb97bc5c92b612dc0ceb5bdc6bdd7a197933,2026-05-03 22:32:10,0x30eb0426166efeab6826b032f4747a0d5c306a516b6b0172a9e4ea2f59cd28b3,btc-updown-4h-1777824000
"Bitcoin Up or Down - May 3, 3:30PM-3:45PM ET",Up,BUY,11,0.65,0x4a33c20c0425b0eed6ee9260fa4480e47c17f2dff85947afa15b199b3c5fc4b3,2026-05-03 22:32:10,0x78a9263fbf8a7e79c9a0e0832d99d3306afeaac240aa7168c0e790f2f1a8d43d,btc-updown-15m-1777836600
"Bitcoin Up or Down - May 3, 3PM ET",Up,BUY,6,0.25,0x0b5f4d3b7a3a4f3a005ebafb919b0137e79bad8ea863e0e151b2b60a15ab8533,2026-05-03 22:31:04,0x4538e47a6768748fa09049b204f1e03b63c7aef6eebec09e40e317b1e6cd46e8,bitcoin-up-or-down-may-3-2026-3pm-et
"Ethereum Up or Down - May 3, 3:30PM-3:35PM ET",Up,BUY,16,0.73,0x9b61457b4fc0db2636b1bcb54d3d2c9a11869c63884aca0a798a70140b746759,2026-05-03 22:31:04,0xeeb9b87d2139f0f146bae6f9b2ce8226a34fe80e9148a6223f0a965a8cdabab4,eth-updown-5m-1777836600
"Ethereum Up or Down - May 3, 3:30PM-3:35PM ET",Up,BUY,18,0.73,0x9b61457b4fc0db2636b1bcb54d3d2c9a11869c63884aca0a798a70140b746759,2026-05-03 22:31:04,0x7d012d8825f264de6380f5d224e09be701d35416de99d952f9d84211cece4df9,eth-updown-5m-1777836600
"Ethereum Up or Down - May 3, 3:30PM-3:35PM ET",Up,BUY,14,0.73,0x9b61457b4fc0db2636b1bcb54d3d2c9a11869c63884aca0a798a70140b746759,2026-05-03 22:31:04,0x13fd3f82ebb6101eb6fe40cb637a10f3e6c5ab110aa534b60b83c386c448c578,eth-updown-5m-1777836600
"Bitcoin Up or Down - May 3, 3PM ET",Up,BUY,7,0.25,0x0b5f4d3b7a3a4f3a005ebafb919b0137e79bad8ea863e0e151b2b60a15ab8533,2026-05-03 22:31:04,0xe29b7b81f3a8efba0d90a82748906d73a55c5cde17457adc2f3970746db1e169,bitcoin-up-or-down-may-3-2026-3pm-et
"Bitcoin Up or Down - May 3, 3:30PM-3:45PM ET",Up,BUY,10,0.5,0x4a33c20c0425b0eed6ee9260fa4480e47c17f2dff85947afa15b199b3c5fc4b3,2026-05-03 22:31:02,0xf631a616b914659f537845cfdd1a3094fddfc1908d4a9716192d765f1d7d7609,btc-updown-15m-1777836600
"Bitcoin Up or Down - May 3, 12:00PM-4:00PM ET",Up,BUY,5,0.59,0x5d6396444a4fc085f2f01aac5ecbbb97bc5c92b612dc0ceb5bdc6bdd7a197933,2026-05-03 22:31:00,0x3ffac789903220effc2249c6c5ec7eb460d97a0dd1b98008d072fe88a17a54b9,btc-updown-4h-1777824000
"Bitcoin Up or Down - May 3, 3:30PM-3:45PM ET",Down,BUY,10,0.52,0x4a33c20c0425b0eed6ee9260fa4480e47c17f2dff85947afa15b199b3c5fc4b3,2026-05-03 22:30:46,0x1e860f566240be74e2ba072b8cd6125535d8178e9fa9d20d7e5aa28e017feb9b,btc-updown-15m-1777836600
"Bitcoin Up or Down - May 3, 3:30PM-3:35PM ET",Down,BUY,64.99,0.5892352669641483,0x9785d87f5aeb753b514551eabb20c64e877f0322963a2e8762cee78f1f4085a8,2026-05-03 22:30:46,0xb58d5e804890e245de46091de91593a563dd1f136569953b5b269df260479c65,btc-updown-5m-1777836600
"Bitcoin Up or Down - May 3, 3PM ET",Down,BUY,8,0.79,0x0b5f4d3b7a3a4f3a005ebafb919b0137e79bad8ea863e0e151b2b60a15ab8533,2026-05-03 22:30:44,0x285416772f3b4d58f76625bee3f94ae9fee4542076e6941dedead32188076f68,bitcoin-up-or-down-may-3-2026-3pm-et
"Bitcoin Up or Down - May 3, 3:30PM-3:35PM ET",Up,BUY,80,0.468,0x9785d87f5aeb753b514551eabb20c64e877f0322963a2e8762cee78f1f4085a8,2026-05-03 22:30:44,0xa3bf91a3347179dadd8753c577ab0ec42d39654e5cf94b34dc490ec8bd3542e3,btc-updown-5m-1777836600
"Bitcoin Up or Down - May 3, 12:00PM-4:00PM ET",Down,BUY,5,0.44,0x5d6396444a4fc085f2f01aac5ecbbb97bc5c92b612dc0ceb5bdc6bdd7a197933,2026-05-03 22:30:42,0xffa74b26be0f06dfd0c5470173339cd0b32d8609e6445b8c40939bde34ba235f,btc-updown-4h-1777824000
"Bitcoin Up or Down - May 3, 12:00PM-4:00PM ET",Up,BUY,3.85,0.57,0x5d6396444a4fc085f2f01aac5ecbbb97bc5c92b612dc0ceb5bdc6bdd7a197933,2026-05-03 22:30:42,0x9c6964192888b188159795805bf6e8bfcab389a2e321a720abe4edb355e11706,btc-updown-4h-1777824000
"Bitcoin Up or Down - May 3, 3:30PM-3:45PM ET",Up,BUY,10,0.51,0x4a33c20c0425b0eed6ee9260fa4480e47c17f2dff85947afa15b199b3c5fc4b3,2026-05-03 22:30:42,0xaa0794e6e1ea5669c1368fc6f7aed6caddd8e87e8d9d2740c6da88fd2f7096cc,btc-updown-15m-1777836600
"Bitcoin Up or Down - May 3, 3:30PM-3:35PM ET",Up,BUY,32.28,0.45,0x9785d87f5aeb753b514551eabb20c64e877f0322963a2e8762cee78f1f4085a8,2026-05-03 22:30:42,0x4a074eeb63f32ad4fa6ccb0749a5cd5ecab4ada1b3dceae4331b587c7faf4bab,btc-updown-5m-1777836600
"Bitcoin Up or Down - May 3, 3PM ET",Down,BUY,8,0.79,0x0b5f4d3b7a3a4f3a005ebafb919b0137e79bad8ea863e0e151b2b60a15ab8533,2026-05-03 22:30:30,0xc1f05218a544092394ed373aacdb04606bc06de2e3bc7d125c06a1cce24725a1,bitcoin-up-or-down-may-3-2026-3pm-et
"Bitcoin Up or Down - May 3, 3:30PM-3:45PM ET",Down,BUY,10,0.48,0x4a33c20c0425b0eed6ee9260fa4480e47c17f2dff85947afa15b199b3c5fc4b3,2026-05-03 22:30:30,0x6bdb7a72d37c6ac0081d4045436a15aae6d9e31c7374dc1a748251ba90cbde5e,btc-updown-15m-1777836600
"Bitcoin Up or Down - May 3, 3:30PM-3:35PM ET",Down,BUY,83,0.53,0x9785d87f5aeb753b514551eabb20c64e877f0322963a2e8762cee78f1f4085a8,2026-05-03 22:30:30,0x9bf91f86288746256103ca1bf59e9bbd2a23f9533862b448f9cf124362fe2e58,btc-updown-5m-1777836600
"Bitcoin Up or Down - May 3, 3:30PM-3:35PM ET",Down,BUY,81,0.53,0x9785d87f5aeb753b514551eabb20c64e877f0322963a2e8762cee78f1f4085a8,2026-05-03 22:30:30,0xac727a0727a0d79b354d60d555fa368036309a595bf2b096eb49677cd8da29dc,btc-updown-5m-1777836600
"Bitcoin Up or Down - May 3, 12:00PM-4:00PM ET",Down,BUY,5,0.44,0x5d6396444a4fc085f2f01aac5ecbbb97bc5c92b612dc0ceb5bdc6bdd7a197933,2026-05-03 22:30:28,0xc580c1a973c8e930b102f0aa1cc78954d9c5622037508cf414bec1fe532c2217,btc-updown-4h-1777824000
"Bitcoin Up or Down - May 3, 3PM ET",Up,BUY,7,0.24,0x0b5f4d3b7a3a4f3a005ebafb919b0137e79bad8ea863e0e151b2b60a15ab8533,2026-05-03 22:30:28,0xa079f184163652adb297dd60ae1681ea61d7a47150cd9c2c36e4822a01608be7,bitcoin-up-or-down-may-3-2026-3pm-et
"Bitcoin Up or Down - May 3, 12:00PM-4:00PM ET",Down,BUY,5,0.44,0x5d6396444a4fc085f2f01aac5ecbbb97bc5c92b612dc0ceb5bdc6bdd7a197933,2026-05-03 22:30:28,0x46f0c95e19a5de3eb3f960cd65b0993c64c2292dedd5eccc7f04bc56eb65f7a8,btc-updown-4h-1777824000
"Ethereum Up or Down - May 3, 3:30PM-3:35PM ET",Up,BUY,10,0.525,0x9b61457b4fc0db2636b1bcb54d3d2c9a11869c63884aca0a798a70140b746759,2026-05-03 22:30:26,0x94d199e55dee9296e8342e05bb73c469bf2a1d2dad20fbd45616365c52aacba7,eth-updown-5m-1777836600
"Bitcoin Up or Down - May 3, 3:30PM-3:35PM ET",Up,BUY,80,0.4,0x9785d87f5aeb753b514551eabb20c64e877f0322963a2e8762cee78f1f4085a8,2026-05-03 22:30:16,0x96b38d4a31651cbd4f9a578ecd13b06b5176783b0088eb10a36da1e63f3ac7f4,btc-updown-5m-1777836600
"Bitcoin Up or Down - May 3, 12:00PM-4:00PM ET",Up,BUY,5,0.57,0x5d6396444a4fc085f2f01aac5ecbbb97bc5c92b612dc0ceb5bdc6bdd7a197933,2026-05-03 22:30:16,0xd92fa0e0027cfb9ed205182a13cf46418386021bcab8957276d0d80ad988fa44,btc-updown-4h-1777824000
"Bitcoin Up or Down - May 3, 3:30PM-3:45PM ET",Up,BUY,10,0.54,0x4a33c20c0425b0eed6ee9260fa4480e47c17f2dff85947afa15b199b3c5fc4b3,2026-05-03 22:30:16,0x56777bc722d405937e9f2f5df7c16c622ac5a5b4d625b91ae1e681949af3ba6a,btc-updown-15m-1777836600
"Bitcoin Up or Down - May 3, 3:30PM-3:35PM ET",Up,BUY,82,0.4,0x9785d87f5aeb753b514551eabb20c64e877f0322963a2e8762cee78f1f4085a8,2026-05-03 22:30:16,0xdf5bf2ece7886d8376c520d097a4417066fa9bf1cc4810a951abd4144b43bae9,btc-updown-5m-1777836600
"Bitcoin Up or Down - May 3, 3:30PM-3:45PM ET",Up,BUY,10,0.54,0x4a33c20c0425b0eed6ee9260fa4480e47c17f2dff85947afa15b199b3c5fc4b3,2026-05-03 22:30:16,0xc6034ea297f6ba20706a85fc12fcc7c349ce0798d67d9524c9caf6293d7b16b3,btc-updown-15m-1777836600
"Bitcoin Up or Down - May 3, 3:30PM-3:35PM ET",Up,BUY,81,0.4,0x9785d87f5aeb753b514551eabb20c64e877f0322963a2e8762cee78f1f4085a8,2026-05-03 22:30:16,0xa066cf2fd9c3bf000a966c9dac88cbc706db0057615ff71e7e7f8595de93e4e8,btc-updown-5m-1777836600
"Bitcoin Up or Down - May 3, 3PM ET",Down,BUY,7,0.78,0x0b5f4d3b7a3a4f3a005ebafb919b0137e79bad8ea863e0e151b2b60a15ab8533,2026-05-03 22:30:14,0xb8c3dbdd08e7364c84b80ed38b90d5f24b462aa8d798dd63be45495bbb66c671,bitcoin-up-or-down-may-3-2026-3pm-et
"Bitcoin Up or Down - May 3, 3PM ET",Down,BUY,7,0.77,0x0b5f4d3b7a3a4f3a005ebafb919b0137e79bad8ea863e0e151b2b60a15ab8533,2026-05-03 22:30:14,0x59a90aa2c9eea4c5d50de692edd7eeb0f6a81b8e006a8eeb879b12c499e6a17b,bitcoin-up-or-down-may-3-2026-3pm-et
"Bitcoin Up or Down - May 3, 3:30PM-3:35PM ET",Down,BUY,87,0.57,0x9785d87f5aeb753b514551eabb20c64e877f0322963a2e8762cee78f1f4085a8,2026-05-03 22:30:14,0x139d9ce145fdfc7fd31b4747ef09208514e7772a5efa0cbfbea0f690c7d35ef2,btc-updown-5m-1777836600
"Bitcoin Up or Down - May 3, 3:30PM-3:45PM ET",Down,BUY,10,0.44,0x4a33c20c0425b0eed6ee9260fa4480e47c17f2dff85947afa15b199b3c5fc4b3,2026-05-03 22:30:14,0x5574e26b5f6c499b0971a7401d21e3687b7ef2e335325d085677229d67e687a7,btc-updown-15m-1777836600
"Bitcoin Up or Down - May 3, 3:30PM-3:35PM ET",Down,BUY,82,0.55,0x9785d87f5aeb753b514551eabb20c64e877f0322963a2e8762cee78f1f4085a8,2026-05-03 22:30:14,0xdce33325f9f83e47c8d398f399697cda2a0e99b7ee13cd0e1a6bce4a38e4bd34,btc-updown-5m-1777836600
"Bitcoin Up or Down - May 3, 3:30PM-3:35PM ET",Down,BUY,83,0.57,0x9785d87f5aeb753b514551eabb20c64e877f0322963a2e8762cee78f1f4085a8,2026-05-03 22:30:10,0x50306b8dff5c9065de7a38af62176dc26dbffd240685baefac71ec0dd65a31b6,btc-updown-5m-1777836600
"Bitcoin Up or Down - May 3, 3:25PM-3:30PM ET",Down,BUY,355,0.92,0x9d2ffcc5543f1a478faad0e43156bb4a9584e361b70a0fe985e1bc362fbb8e27,2026-05-03 22:29:44,0x3284acd56afcb59ac2b0d703642e81309af5d0e09e7172ffc43b98ab6ffd91bc,btc-updown-5m-1777836300
"Bitcoin Up or Down - May 3, 3:25PM-3:30PM ET",Down,BUY,421,0.9079429928741093,0x9d2ffcc5543f1a478faad0e43156bb4a9584e361b70a0fe985e1bc362fbb8e27,2026-05-03 22:29:40,0xb2d2b8267d499d0d1077f294d6b9e28a4f12857909870b80a476f5411911ea12,btc-updown-5m-1777836300
"Bitcoin Up or Down - May 3, 3PM ET",Down,BUY,7,0.76,0x0b5f4d3b7a3a4f3a005ebafb919b0137e79bad8ea863e0e151b2b60a15ab8533,2026-05-03 22:29:40,0x947e502a934afba641dd945fe03cf4966ea1cb6f083549b926522b045cb519c1,bitcoin-up-or-down-may-3-2026-3pm-et
"Bitcoin Up or Down - May 3, 3:25PM-3:30PM ET",Up,BUY,45.52,0.18420913884007029,0x9d2ffcc5543f1a478faad0e43156bb4a9584e361b70a0fe985e1bc362fbb8e27,2026-05-03 22:29:36,0x051210b9758adbac899db9e7d0828fe1584beb937e76355b69dc7fe295ff77b8,btc-updown-5m-1777836300
"Bitcoin Up or Down - May 3, 3:25PM-3:30PM ET",Up,BUY,5,0.2,0x9d2ffcc5543f1a478faad0e43156bb4a9584e361b70a0fe985e1bc362fbb8e27,2026-05-03 22:29:34,0x012e7cac083fa896d34895221b39f6d6b92edaf5464fa50b2719009c57d2737c,btc-updown-5m-1777836300
"Bitcoin Up or Down - May 3, 3:15PM-3:30PM ET",Up,BUY,65,0.03235384615384616,0x0515113e27061c9270d6e73e0c2059afb0e578b5684f2348238d253c88ec9d7b,2026-05-03 22:29:34,0xf328876c17314454bc0bc0103e4b1bccfed36d7d06f65b652b6bc890114fbbac,btc-updown-15m-1777835700
"Bitcoin Up or Down - May 3, 3:25PM-3:30PM ET",Up,BUY,8.4,0.19,0x9d2ffcc5543f1a478faad0e43156bb4a9584e361b70a0fe985e1bc362fbb8e27,2026-05-03 22:29:34,0xeaf66aee2d061bca2f1c3615ed61e3d2d96f5de40b34f26d8faaa705cf85a9c4,btc-updown-5m-1777836300
"Bitcoin Up or Down - May 3, 3PM ET",Up,BUY,7,0.25,0x0b5f4d3b7a3a4f3a005ebafb919b0137e79bad8ea863e0e151b2b60a15ab8533,2026-05-03 22:29:34,0x5fe1060512b194db265c9700f80d6471b45b86d2f51f7d6b89b86afcc27364b0,bitcoin-up-or-down-may-3-2026-3pm-et
"Bitcoin Up or Down - May 3, 3:25PM-3:30PM ET",Up,BUY,27.99,0.16778492318685245,0x9d2ffcc5543f1a478faad0e43156bb4a9584e361b70a0fe985e1bc362fbb8e27,2026-05-03 22:29:34,0xbfa4e340d6f683f95245db5ad68e9a1f8963d41ff7e0e9963f78e04637e4ac96,btc-updown-5m-1777836300
"Bitcoin Up or Down - May 3, 3:15PM-3:30PM ET",Down,BUY,128,0.94,0x0515113e27061c9270d6e73e0c2059afb0e578b5684f2348238d253c88ec9d7b,2026-05-03 22:28:56,0x62007872346b65e8c8b0a0daacd9b18e73357650ae7cac21e22694b861ae6b5e,btc-updown-15m-1777835700
"Bitcoin Up or Down - May 3, 3PM ET",Down,BUY,6,0.73,0x0b5f4d3b7a3a4f3a005ebafb919b0137e79bad8ea863e0e151b2b60a15ab8533,2026-05-03 22:28:56,0x8fb6bcf5cf7f47fe20bdf25d074b1eedc9b03d96ab980cf1c75fdaa7a138418d,bitcoin-up-or-down-may-3-2026-3pm-et
"Bitcoin Up or Down - May 3, 3:25PM-3:30PM ET",Up,BUY,4.2,0.34,0x9d2ffcc5543f1a478faad0e43156bb4a9584e361b70a0fe985e1bc362fbb8e27,2026-05-03 22:28:54,0x455a6bb53970d825ddba3d3cb7d5e220ad597be802468bf56c0e732a21c7c162,btc-updown-5m-1777836300
"Bitcoin Up or Down - May 3, 3PM ET",Down,BUY,6,0.73,0x0b5f4d3b7a3a4f3a005ebafb919b0137e79bad8ea863e0e151b2b60a15ab8533,2026-05-03 22:28:54,0x5188c5df428312bd777b7b89bf7d7ad978d97e9ce341913cb09b6458fe6fc064,bitcoin-up-or-down-may-3-2026-3pm-et
"Bitcoin Up or Down - May 3, 3:15PM-3:30PM ET",Up,BUY,21,0.12761904761904763,0x0515113e27061c9270d6e73e0c2059afb0e578b5684f2348238d253c88ec9d7b,2026-05-03 22:28:54,0x845990f6d4ef2a96fb352869f5c8cd0608b5dae92df30bdfbf6862d79e27ccf1,btc-updown-15m-1777835700
"Bitcoin Up or Down - May 3, 3:25PM-3:30PM ET",Down,BUY,113,0.690412389380531,0x9d2ffcc5543f1a478faad0e43156bb4a9584e361b70a0fe985e1bc362fbb8e27,2026-05-03 22:28:54,0x7f74fe85fdbf13ef1cbe48e91fe2ce93d6240812b37faab1fcda0771eba1fb7f,btc-updown-5m-1777836300
"Bitcoin Up or Down - May 3, 3:15PM-3:30PM ET",Down,BUY,128,0.91,0x0515113e27061c9270d6e73e0c2059afb0e578b5684f2348238d253c88ec9d7b,2026-05-03 22:28:54,0x917badcc85c28507ddb5ac2ef472f660206067230ab2a684f6e20571d55f2b9c,btc-updown-15m-1777835700
"Bitcoin Up or Down - May 3, 3PM ET",Down,BUY,6,0.73,0x0b5f4d3b7a3a4f3a005ebafb919b0137e79bad8ea863e0e151b2b60a15ab8533,2026-05-03 22:28:54,0x14cabf9aaddbbd6c636e78f3482762df0bcb05fae0968ec4c4d48a4305f540cc,bitcoin-up-or-down-may-3-2026-3pm-et
"Bitcoin Up or Down - May 3, 3:15PM-3:30PM ET",Down,BUY,53,0.91,0x0515113e27061c9270d6e73e0c2059afb0e578b5684f2348238d253c88ec9d7b,2026-05-03 22:28:54,0xbeb3ecbfcdbb6d2ada370dfa9305765292629dc20e1ac26fdd75ccbad20b44d7,btc-updown-15m-1777835700
"Bitcoin Up or Down - May 3, 3:25PM-3:30PM ET",Down,BUY,222,0.8277,0x9d2ffcc5543f1a478faad0e43156bb4a9584e361b70a0fe985e1bc362fbb8e27,2026-05-03 22:28:54,0xc425f99fdcb10a3f549c7dd1191e5c5fcd6df45386767883ceeda9d39bd4755b,btc-updown-5m-1777836300
"Bitcoin Up or Down - May 3, 3PM ET",Down,BUY,7,0.73,0x0b5f4d3b7a3a4f3a005ebafb919b0137e79bad8ea863e0e151b2b60a15ab8533,2026-05-03 22:28:54,0x6e68e3ba627c56cfad46a8b37d69cbfcb98fd543392d75c644038a7b867acfa2,bitcoin-up-or-down-may-3-2026-3pm-et
"Bitcoin Up or Down - May 3, 3:15PM-3:30PM ET",Up,BUY,28,0.09,0x0515113e27061c9270d6e73e0c2059afb0e578b5684f2348238d253c88ec9d7b,2026-05-03 22:28:52,0x3a8970eefd8fd9879ac1784c69b2111d83fd2917872f4b80817f47c9c7c2f7d1,btc-updown-15m-1777835700
"Bitcoin Up or Down - May 3, 3:15PM-3:30PM ET",Up,BUY,26,0.09,0x0515113e27061c9270d6e73e0c2059afb0e578b5684f2348238d253c88ec9d7b,2026-05-03 22:28:52,0x645ae6999246b7f863e19f378efc32248f077f302ac60edde68f0ab49f6bb306,btc-updown-15m-1777835700
"Bitcoin Up or Down - May 3, 3PM ET",Up,BUY,6,0.29,0x0b5f4d3b7a3a4f3a005ebafb919b0137e79bad8ea863e0e151b2b60a15ab8533,2026-05-03 22:28:52,0x321a324dff3bbd7cb0d153d32a5ab9f2d28d704a064c4e8d0db9192c7f02b04a,bitcoin-up-or-down-may-3-2026-3pm-et
"Ethereum Up or Down - May 3, 3:25PM-3:30PM ET",Up,BUY,53,0.94,0xb2b5bbf8806e94170f013bd18dd11508ac8971a2ee56601361418f19d89d6e66,2026-05-03 22:28:52,0xa4037f803b4333478fe36966d131a00dd5ff95df1297b07e16c2c933b70dffe7,eth-updown-5m-1777836300
"Bitcoin Up or Down - May 3, 3:25PM-3:30PM ET",Up,BUY,31.76,0.24913098236775819,0x9d2ffcc5543f1a478faad0e43156bb4a9584e361b70a0fe985e1bc362fbb8e27,2026-05-03 22:28:52,0xf87d3a4a1fecbf7520568a254e08b8497a6b79758cc8ba10ab4c3f14678259af,btc-updown-5m-1777836300
"Bitcoin Up or Down - May 3, 3:15PM-3:30PM ET",Up,BUY,24,0.09,0x0515113e27061c9270d6e73e0c2059afb0e578b5684f2348238d253c88ec9d7b,2026-05-03 22:28:52,0xfeba53c0befedb2125046265de954affd39afc39473ab0982526d2bc8ef27df2,btc-updown-15m-1777835700
"Bitcoin Up or Down - May 3, 3PM ET",Up,BUY,1.19,0.28,0x0b5f4d3b7a3a4f3a005ebafb919b0137e79bad8ea863e0e151b2b60a15ab8533,2026-05-03 22:28:52,0xf93007b9ec8916b633c5e085836305c7c06ce4367d85e54af4ddff39a07485d7,bitcoin-up-or-down-may-3-2026-3pm-et
"Ethereum Up or Down - May 3, 3:25PM-3:30PM ET",Up,BUY,65,0.92,0xb2b5bbf8806e94170f013bd18dd11508ac8971a2ee56601361418f19d89d6e66,2026-05-03 22:28:44,0xbe89487c082692ddc83f5332422d425b380d7cf1b76b6b9a1475cda87254cfaa,eth-updown-5m-1777836300
"Bitcoin Up or Down - May 3, 3:15PM-3:30PM ET",Down,BUY,44,0.93,0x0515113e27061c9270d6e73e0c2059afb0e578b5684f2348238d253c88ec9d7b,2026-05-03 22:28:32,0xf3d1d3e09fba5065ecfce8a598f4c61bfc34ce0dac17eda75f81470180679219,btc-updown-15m-1777835700
"Bitcoin Up or Down - May 3, 3:15PM-3:30PM ET",Down,BUY,128,0.92323984375,0x0515113e27061c9270d6e73e0c2059afb0e578b5684f2348238d253c88ec9d7b,2026-05-03 22:28:32,0x115d7b25d083c5001a02670d8b92d8c0f6770f5826c798a1bc922e7d9a4bb072,btc-updown-15m-1777835700
"Bitcoin Up or Down - May 3, 3:25PM-3:30PM ET",Up,BUY,82,0.35,0x9d2ffcc5543f1a478faad0e43156bb4a9584e361b70a0fe985e1bc362fbb8e27,2026-05-03 22:28:26,0xf3eb60564e2238ef2944c634c3e31a4729f4c37304d3ec8021e52316602b5b3a,btc-updown-5m-1777836300
"Bitcoin Up or Down - May 3, 3:15PM-3:30PM ET",Up,BUY,10,0.115,0x0515113e27061c9270d6e73e0c2059afb0e578b5684f2348238d253c88ec9d7b,2026-05-03 22:28:26,0xca17bdf47496a12a9839c0e86375ca2a3898fe26d84bfbdca90d47d14e1532c1,btc-updown-15m-1777835700
"Bitcoin Up or Down - May 3, 3:15PM-3:30PM ET",Down,BUY,86,0.9198558139534884,0x0515113e27061c9270d6e73e0c2059afb0e578b5684f2348238d253c88ec9d7b,2026-05-03 22:28:24,0x0f97cb1bbe8fa06955508434840e163bc2e1bebd28f9add672d9d32b16c10af4,btc-updown-15m-1777835700
"Ethereum Up or Down - May 3, 3:25PM-3:30PM ET",Down,BUY,15,0.13,0xb2b5bbf8806e94170f013bd18dd11508ac8971a2ee56601361418f19d89d6e66,2026-05-03 22:28:24,0x76b0d4feffb7dda7a97f97eee9b2f3066648d0474b85a0660b6061e6605fd5af,eth-updown-5m-1777836300
"Bitcoin Up or Down - May 3, 3:15PM-3:30PM ET",Up,BUY,21,0.13137619047619048,0x0515113e27061c9270d6e73e0c2059afb0e578b5684f2348238d253c88ec9d7b,2026-05-03 22:28:24,0x24d750c30901c5010c504ddb674e826e6689b6c3cb380abf99932e55d2153c2d,btc-updown-15m-1777835700
"Bitcoin Up or Down - May 3, 3:25PM-3:30PM ET",Up,BUY,81,0.35,0x9d2ffcc5543f1a478faad0e43156bb4a9584e361b70a0fe985e1bc362fbb8e27,2026-05-03 22:28:24,0xb8274fc2526703c2c7355d7378fc92cb40f01ea0cd8cd8c2d522fea53a3111d2,btc-updown-5m-1777836300
"Bitcoin Up or Down - May 3, 3:25PM-3:30PM ET",Down,BUY,355,0.7868771830985916,0x9d2ffcc5543f1a478faad0e43156bb4a9584e361b70a0fe985e1bc362fbb8e27,2026-05-03 22:28:24,0xff1a53a6711ace8827f77b100b3d3e553204573ff49dce0f14ffbe0809cbeaf1,btc-updown-5m-1777836300
"Bitcoin Up or Down - May 3, 3PM ET",Down,BUY,6,0.72,0x0b5f4d3b7a3a4f3a005ebafb919b0137e79bad8ea863e0e151b2b60a15ab8533,2026-05-03 22:28:24,0x43643d917bbd38d31500c63fd2c8e56c7e850335ff4dc4757758244d1a6bd2b7,bitcoin-up-or-down-may-3-2026-3pm-et
"Ethereum Up or Down - May 3, 3:25PM-3:30PM ET",Down,BUY,15,0.13,0xb2b5bbf8806e94170f013bd18dd11508ac8971a2ee56601361418f19d89d6e66,2026-05-03 22:28:24,0xf3e76bde03ba9434e735231982179ba3134f4d21935a2d2b1e05dd08a32851a5,eth-updown-5m-1777836300
"Ethereum Up or Down - May 3, 3:25PM-3:30PM ET",Down,BUY,16,0.13,0xb2b5bbf8806e94170f013bd18dd11508ac8971a2ee56601361418f19d89d6e66,2026-05-03 22:28:24,0x16aca97d09f91e33d515ff61db0ff30b17f3694761a94de7c783dbc4241bd7ee,eth-updown-5m-1777836300
"Ethereum Up or Down - May 3, 3:25PM-3:30PM ET",Down,BUY,20,0.13,0xb2b5bbf8806e94170f013bd18dd11508ac8971a2ee56601361418f19d89d6e66,2026-05-03 22:28:24,0x5440c0443728925b86e5443b67186d2bf31d08ad1ba5a844eb2d4297b0874fd5,eth-updown-5m-1777836300
"Bitcoin Up or Down - May 3, 3PM ET",Down,BUY,6,0.72,0x0b5f4d3b7a3a4f3a005ebafb919b0137e79bad8ea863e0e151b2b60a15ab8533,2026-05-03 22:28:24,0xd508baedc3985bf39d010ff2841774f2e9b3145ca4e24607c3d3ccb74ffc56ff,bitcoin-up-or-down-may-3-2026-3pm-et
"Bitcoin Up or Down - May 3, 3:25PM-3:30PM ET",Down,BUY,166,0.6735481927710844,0x9d2ffcc5543f1a478faad0e43156bb4a9584e361b70a0fe985e1bc362fbb8e27,2026-05-03 22:28:24,0xdbd9463dfdfdff4b9a381c279009a917b5f010176d056ef21eaebc8cc3e70156,btc-updown-5m-1777836300
"Bitcoin Up or Down - May 3, 3:25PM-3:30PM ET",Down,BUY,113,0.7048938053097346,0x9d2ffcc5543f1a478faad0e43156bb4a9584e361b70a0fe985e1bc362fbb8e27,2026-05-03 22:28:24,0x1f7a5d8999398351f8814e74bc5f62f4705389b4aebc35853e1b7035eac69ff4,btc-updown-5m-1777836300
"Bitcoin Up or Down - May 3, 3:25PM-3:30PM ET",Down,BUY,244,0.822575,0x9d2ffcc5543f1a478faad0e43156bb4a9584e361b70a0fe985e1bc362fbb8e27,2026-05-03 22:28:22,0x4df188222970f3b10cd7b35bad51c7717f0b055fd685b0266cd1c2c4db21cef4,btc-updown-5m-1777836300
"Bitcoin Up or Down - May 3, 12:00PM-4:00PM ET",Down,BUY,5,0.38,0x5d6396444a4fc085f2f01aac5ecbbb97bc5c92b612dc0ceb5bdc6bdd7a197933,2026-05-03 22:28:20,0xf2602b74e68d2dc3e7007b360295c64ec709284890c5d0ac69d588250889b96d,btc-updown-4h-1777824000
"Bitcoin Up or Down - May 3, 12:00PM-4:00PM ET",Down,BUY,2,0.38,0x5d6396444a4fc085f2f01aac5ecbbb97bc5c92b612dc0ceb5bdc6bdd7a197933,2026-05-03 22:28:20,0x70c7194e28a7fe7eba9b8679966995e840e039e240638e75111ff1d04d3adb30,btc-updown-4h-1777824000
"Bitcoin Up or Down - May 3, 12:00PM-4:00PM ET",Down,BUY,5,0.38,0x5d6396444a4fc085f2f01aac5ecbbb97bc5c92b612dc0ceb5bdc6bdd7a197933,2026-05-03 22:28:20,0xccc3bf6fb54c3fb2bf11f243f28004531a53cdbad6c90967630db7bd68105218,btc-updown-4h-1777824000
"Bitcoin Up or Down - May 3, 3:25PM-3:30PM ET",Down,BUY,85,0.51,0x9d2ffcc5543f1a478faad0e43156bb4a9584e361b70a0fe985e1bc362fbb8e27,2026-05-03 22:28:20,0x7a3d9826eb5185d36b91b931c8875b6da89dcfe86aa99f99ac215e213ee43e93,btc-updown-5m-1777836300
"Ethereum Up or Down - May 3, 3:25PM-3:30PM ET",Up,BUY,28,0.88,0xb2b5bbf8806e94170f013bd18dd11508ac8971a2ee56601361418f19d89d6e66,2026-05-03 22:28:18,0x305fb54e4179250e7b687789f5a640de50ffa84fa050260548ee76b6a9c65c1a,eth-updown-5m-1777836300
"Ethereum Up or Down - May 3, 3:25PM-3:30PM ET",Up,BUY,31,0.88,0xb2b5bbf8806e94170f013bd18dd11508ac8971a2ee56601361418f19d89d6e66,2026-05-03 22:28:18,0x82e8ccf33fcfc47343d61f0bb3444bbc1b23a0b8b17a5b107577fdfd35886a88,eth-updown-5m-1777836300
"Ethereum Up or Down - May 3, 3:25PM-3:30PM ET",Up,BUY,17,0.8144705882352942,0xb2b5bbf8806e94170f013bd18dd11508ac8971a2ee56601361418f19d89d6e66,2026-05-03 22:27:22,0x2d7efa1a16101278ee7163b245dfe09ff60463bd76ba7bab8265ffe0e373fc18,eth-updown-5m-1777836300
"Ethereum Up or Down - May 3, 3:25PM-3:30PM ET",Down,BUY,15,0.19,0xb2b5bbf8806e94170f013bd18dd11508ac8971a2ee56601361418f19d89d6e66,2026-05-03 22:26:40,0x36d6ad8e33bca1fc212de2c70a4d9f305201a37cffcd9e5518199098c7ecaea3,eth-updown-5m-1777836300
"Ethereum Up or Down - May 3, 3:25PM-3:30PM ET",Up,BUY,24,0.8075833333333333,0xb2b5bbf8806e94170f013bd18dd11508ac8971a2ee56601361418f19d89d6e66,2026-05-03 22:26:34,0x9f7f1c006e443085e678811c7d2eaa865ba69d8fbb626406ffdd515c3e57ad73,eth-updown-5m-1777836300
"Ethereum Up or Down - May 3, 3:25PM-3:30PM ET",Up,BUY,19,0.79,0xb2b5bbf8806e94170f013bd18dd11508ac8971a2ee56601361418f19d89d6e66,2026-05-03 22:26:28,0x9e40cdb71d2e72bc27712816a7d026b2dd0b98860170738004fefbd28ddaa4f8,eth-updown-5m-1777836300
"Ethereum Up or Down - May 3, 3:25PM-3:30PM ET",Up,BUY,20,0.79,0xb2b5bbf8806e94170f013bd18dd11508ac8971a2ee56601361418f19d89d6e66,2026-05-03 22:26:28,0x6370460e715cacdcba6ab392fc3b7a68d38ee406c6a6ff56752dc891ea49d30e,eth-updown-5m-1777836300
"Ethereum Up or Down - May 3, 3:25PM-3:30PM ET",Up,BUY,13,0.7229076923076924,0xb2b5bbf8806e94170f013bd18dd11508ac8971a2ee56601361418f19d89d6e66,2026-05-03 22:26:24,0x52a14c9860d350bb58676cf8f0ee1e30f938c390e833cf857619a6e0ae74d4f5,eth-updown-5m-1777836300
"Ethereum Up or Down - May 3, 3:25PM-3:30PM ET",Up,BUY,12,0.71,0xb2b5bbf8806e94170f013bd18dd11508ac8971a2ee56601361418f19d89d6e66,2026-05-03 22:26:18,0x1675688139e7e25724fd59b3b62664a77dfacddb302ead7d1f233eaa1d885dcb,eth-updown-5m-1777836300
"Ethereum Up or Down - May 3, 3:25PM-3:30PM ET",Up,BUY,12,0.7,0xb2b5bbf8806e94170f013bd18dd11508ac8971a2ee56601361418f19d89d6e66,2026-05-03 22:26:14,0x5632c8b9d17a8b4d50249973e2b8ec812450ba18d4577138442c6d57c91913d7,eth-updown-5m-1777836300
"Ethereum Up or Down - May 3, 3:25PM-3:30PM ET",Down,BUY,11,0.36,0xb2b5bbf8806e94170f013bd18dd11508ac8971a2ee56601361418f19d89d6e66,2026-05-03 22:26:08,0x34e767cbd58f3d48ce9db134345b9fc9e00b17a480b7b1d670c00aed72e8d84a,eth-updown-5m-1777836300
"Ethereum Up or Down - May 3, 3:25PM-3:30PM ET",Up,BUY,12,0.67,0xb2b5bbf8806e94170f013bd18dd11508ac8971a2ee56601361418f19d89d6e66,2026-05-03 22:26:06,0x59bb1f0bb3b9710175f17563c89f4aed76b203e7f6b089824705c4ee9cbfefb7,eth-updown-5m-1777836300
"Ethereum Up or Down - May 3, 3:25PM-3:30PM ET",Up,BUY,12,0.6654166666666667,0xb2b5bbf8806e94170f013bd18dd11508ac8971a2ee56601361418f19d89d6e66,2026-05-03 22:26:06,0x025fc020c4f9de8a77ebbf7b3b01e88f59eac8a43956385cf43abbd328177b22,eth-updown-5m-1777836300
"Ethereum Up or Down - May 3, 3:25PM-3:30PM ET",Up,BUY,12,0.67,0xb2b5bbf8806e94170f013bd18dd11508ac8971a2ee56601361418f19d89d6e66,2026-05-03 22:26:06,0xb86beb0482b491330f20cc19c5bfcc96665698aef608c0eede0579d8d3f72d64,eth-updown-5m-1777836300
"Ethereum Up or Down - May 3, 3:25PM-3:30PM ET",Up,BUY,11,0.6502727272727272,0xb2b5bbf8806e94170f013bd18dd11508ac8971a2ee56601361418f19d89d6e66,2026-05-03 22:26:04,0x7534b234c190dbc6727cc499ad26983f51ecfcbe551c0078fa543ce7c1ee3bbc,eth-updown-5m-1777836300
"Bitcoin Up or Down - May 3, 3:25PM-3:30PM ET",Up,BUY,81,0.53,0x9d2ffcc5543f1a478faad0e43156bb4a9584e361b70a0fe985e1bc362fbb8e27,2026-05-03 22:25:50,0xe60955f1826b9a4fc58d6275b13d2499bfdf6bf73c724f66d6b40371808dc827,btc-updown-5m-1777836300
"Ethereum Up or Down - May 3, 3:25PM-3:30PM ET",Up,BUY,11,0.59,0xb2b5bbf8806e94170f013bd18dd11508ac8971a2ee56601361418f19d89d6e66,2026-05-03 22:25:48,0x8bf3a86278e5e2e8b0c7c621c953069c416c2e8e213d3b86e6a88cbf3bc6cecf,eth-updown-5m-1777836300
"Bitcoin Up or Down - May 3, 3:25PM-3:30PM ET",Up,BUY,81,0.5290864197530865,0x9d2ffcc5543f1a478faad0e43156bb4a9584e361b70a0fe985e1bc362fbb8e27,2026-05-03 22:25:48,0xe07931a2421ff24f8c1c8831e3147195484de0f36f637ec0e0c78a385d03f2b8,btc-updown-5m-1777836300
"Bitcoin Up or Down - May 3, 3:25PM-3:30PM ET",Up,BUY,81,0.5292592592592592,0x9d2ffcc5543f1a478faad0e43156bb4a9584e361b70a0fe985e1bc362fbb8e27,2026-05-03 22:25:48,0x95dfa89f1cabcb2d784b083956c82afa799bc947e6fdf6f0f26c0f41db29b8b0,btc-updown-5m-1777836300
"Ethereum Up or Down - May 3, 3:25PM-3:30PM ET",Down,BUY,10,0.46,0xb2b5bbf8806e94170f013bd18dd11508ac8971a2ee56601361418f19d89d6e66,2026-05-03 22:25:28,0x877505cadc20affb93c54d95d45ca3e1280f17f06bdc69374e9ba41d86b981e2,eth-updown-5m-1777836300
"Ethereum Up or Down - May 3, 3:25PM-3:30PM ET",Up,BUY,10,0.55,0xb2b5bbf8806e94170f013bd18dd11508ac8971a2ee56601361418f19d89d6e66,2026-05-03 22:25:28,0x3ac07d5024d046fe5a293537a35c0be1e61e26598429edd11aa624b6dc065b7d,eth-updown-5m-1777836300
"Ethereum Up or Down - May 3, 3:25PM-3:30PM ET",Down,BUY,10,0.41,0xb2b5bbf8806e94170f013bd18dd11508ac8971a2ee56601361418f19d89d6e66,2026-05-03 22:25:22,0x11582098f784d0bd67049f01a1e4afa5c16fc90d6ec1defd30b25257a6456966,eth-updown-5m-1777836300
"Ethereum Up or Down - May 3, 3:25PM-3:30PM ET",Up,BUY,11,0.59,0xb2b5bbf8806e94170f013bd18dd11508ac8971a2ee56601361418f19d89d6e66,2026-05-03 22:25:20,0x0b7ee3ce0a94cda07b903e9c53495f492d8e4626e0711c85a40fbbbc5b9d8110,eth-updown-5m-1777836300
"Ethereum Up or Down - May 3, 3:25PM-3:30PM ET",Up,BUY,11,0.58,0xb2b5bbf8806e94170f013bd18dd11508ac8971a2ee56601361418f19d89d6e66,2026-05-03 22:25:16,0xb7900728beec77d4fdb4282f2095435783d2acb012c9906ea92bb21f49f54bd5,eth-updown-5m-1777836300
"Ethereum Up or Down - May 3, 3:25PM-3:30PM ET",Up,BUY,11,0.58,0xb2b5bbf8806e94170f013bd18dd11508ac8971a2ee56601361418f19d89d6e66,2026-05-03 22:25:16,0x95759ef2b19a83008c8aaa24bbc1dba60613d2b65fabfd622862b4180e15be2c,eth-updown-5m-1777836300
"Ethereum Up or Down - May 3, 3:25PM-3:30PM ET",Up,BUY,10,0.58,0xb2b5bbf8806e94170f013bd18dd11508ac8971a2ee56601361418f19d89d6e66,2026-05-03 22:25:16,0x2caa974f3ab985448b1503975c6291452129f3997ac8dee5e1883ecade807247,eth-updown-5m-1777836300
"Ethereum Up or Down - May 3, 3:20PM-3:25PM ET",Up,BUY,26,0.1,0x96be0b70da48bb7d24769175535862078193e68e362edfd36cc8256578d6c52a,2026-05-03 22:24:36,0x03b7e5fcaa8ef48af1ea5751ecd57ea93df33b45c32bb8046e73ee25055b24cc,eth-updown-5m-1777836000
"Bitcoin Up or Down - May 3, 3:15PM-3:30PM ET",Down,BUY,12,0.6,0x0515113e27061c9270d6e73e0c2059afb0e578b5684f2348238d253c88ec9d7b,2026-05-03 22:24:28,0x1ff4541623c3b44874e93a0af8c9e482a96aeb045411efecd352911a5f469e1e,btc-updown-15m-1777835700
"Bitcoin Up or Down - May 3, 3:15PM-3:30PM ET",Down,BUY,11,0.6,0x0515113e27061c9270d6e73e0c2059afb0e578b5684f2348238d253c88ec9d7b,2026-05-03 22:24:28,0x234047901f41095928880598947755885c0dd4700096105d6ea901287b070e72,btc-updown-15m-1777835700
"Ethereum Up or Down - May 3, 3:20PM-3:25PM ET",Down,BUY,19,0.807542105263158,0x96be0b70da48bb7d24769175535862078193e68e362edfd36cc8256578d6c52a,2026-05-03 22:24:28,0xeec7156bda8b88af08d41cea0d6ca97cb38103de126edc1d70713060954d5aea,eth-updown-5m-1777836000
"Bitcoin Up or Down - May 3, 3PM ET",Down,BUY,6,0.66,0x0b5f4d3b7a3a4f3a005ebafb919b0137e79bad8ea863e0e151b2b60a15ab8533,2026-05-03 22:24:28,0x8910eae9446fcfa38bfdb025afe9cb62ed07d1fe7c1816f9cc703e4488ed4d58,bitcoin-up-or-down-may-3-2026-3pm-et
"Ethereum Up or Down - May 3, 3:20PM-3:25PM ET",Up,BUY,12,0.24,0x96be0b70da48bb7d24769175535862078193e68e362edfd36cc8256578d6c52a,2026-05-03 22:24:28,0x47eb8a9879bab7fee099eee04815c3807df8540499e31ff889d2b3a177cf236f,eth-updown-5m-1777836000
"Bitcoin Up or Down - May 3, 12:00PM-4:00PM ET",Down,BUY,5,0.36,0x5d6396444a4fc085f2f01aac5ecbbb97bc5c92b612dc0ceb5bdc6bdd7a197933,2026-05-03 22:24:22,0x125e04d7be4b07cffdc57b5204f6e6c32ab53a6085a10e8fa931496167789262,btc-updown-4h-1777824000
"Ethereum Up or Down - May 3, 3:20PM-3:25PM ET",Down,BUY,10,0.4848,0x96be0b70da48bb7d24769175535862078193e68e362edfd36cc8256578d6c52a,2026-05-03 22:23:54,0x8082c3b1096d8b03af705775c23ad4fd27e277f3136c1675efb3e3bc43f058d2,eth-updown-5m-1777836000
"Ethereum Up or Down - May 3, 3:20PM-3:25PM ET",Up,BUY,10,0.53,0x96be0b70da48bb7d24769175535862078193e68e362edfd36cc8256578d6c52a,2026-05-03 22:23:50,0x60be8d2a1d5d3afc0ec65fdcfccf1bde79f77f565672c7c27b2d9807979f1ed7,eth-updown-5m-1777836000
"Ethereum Up or Down - May 3, 3:20PM-3:25PM ET",Down,BUY,10,0.48,0x96be0b70da48bb7d24769175535862078193e68e362edfd36cc8256578d6c52a,2026-05-03 22:23:48,0x2d693465f781e1713d9037ef7f4ccc52d8d5ba7dcc821c5a4beaca28a0bbf14a,eth-updown-5m-1777836000
"Ethereum Up or Down - May 3, 3:20PM-3:25PM ET",Down,BUY,10,0.48,0x96be0b70da48bb7d24769175535862078193e68e362edfd36cc8256578d6c52a,2026-05-03 22:23:48,0xd33597039d956e990dff5b8c3e78004a289ba5659153a09b00d7ee15e97cc074,eth-updown-5m-1777836000
"Bitcoin Up or Down - May 3, 3PM ET",Down,BUY,5,0.63,0x0b5f4d3b7a3a4f3a005ebafb919b0137e79bad8ea863e0e151b2b60a15ab8533,2026-05-03 22:23:38,0xd2e55739b93bf6255ebb620b9f2f3006d8065fae96d79710f49bfeaa115ad4ed,bitcoin-up-or-down-may-3-2026-3pm-et
"Bitcoin Up or Down - May 3, 3:20PM-3:25PM ET",Down,BUY,82,0.3689780487804878,0x848fd6d2d674b5fe931e3642adec534e8c8296c683bc488bdb249106b6b251f3,2026-05-03 22:23:38,0x3b8691a364cff91f4ff66eba2b08f69e85aaa5b2b53f0bcebaa695a8fdd772dc,btc-updown-5m-1777836000
"Bitcoin Up or Down - May 3, 3:15PM-3:30PM ET",Down,BUY,10,0.44,0x0515113e27061c9270d6e73e0c2059afb0e578b5684f2348238d253c88ec9d7b,2026-05-03 22:23:38,0x37a65e62d316c53e30477281a1bc9a5fed4162c28db43de484bb602b94f28ba5,btc-updown-15m-1777835700
"Bitcoin Up or Down - May 3, 3:15PM-3:30PM ET",Down,BUY,10,0.44,0x0515113e27061c9270d6e73e0c2059afb0e578b5684f2348238d253c88ec9d7b,2026-05-03 22:23:36,0xd04bc6aef5498aeb80c2f55459e8a5806b5afe432c4204eb746f35791c19e3a6,btc-updown-15m-1777835700
"Bitcoin Up or Down - May 3, 3:20PM-3:25PM ET",Down,BUY,81,0.37394444444444447,0x848fd6d2d674b5fe931e3642adec534e8c8296c683bc488bdb249106b6b251f3,2026-05-03 22:23:36,0x68e6c14af96b90cdfb922dbdd8302780861cd87421f8a266a9551906a3a6acf0,btc-updown-5m-1777836000
"Bitcoin Up or Down - May 3, 3:20PM-3:25PM ET",Up,BUY,82,0.3985146341463415,0x848fd6d2d674b5fe931e3642adec534e8c8296c683bc488bdb249106b6b251f3,2026-05-03 22:23:32,0xca4c3eb96072d981162a5f0d6904644e61a41079adeac25e0a80a86a5b6bcb77,btc-updown-5m-1777836000
"Bitcoin Up or Down - May 3, 3PM ET",Up,BUY,5,0.34,0x0b5f4d3b7a3a4f3a005ebafb919b0137e79bad8ea863e0e151b2b60a15ab8533,2026-05-03 22:23:32,0x69a7fe3e6cdc6d4c1be15d35ac72f3013b883d9c2c335eaf2678399497c445b4,bitcoin-up-or-down-may-3-2026-3pm-et
"Bitcoin Up or Down - May 3, 3:20PM-3:25PM ET",Up,BUY,83,0.3880036144578313,0x848fd6d2d674b5fe931e3642adec534e8c8296c683bc488bdb249106b6b251f3,2026-05-03 22:23:30,0x58bf502eba94e56ad5da2345c5e7496230cf6db53f2fc3f98fc3222cad3644ea,btc-updown-5m-1777836000
"Ethereum Up or Down - May 3, 3:20PM-3:25PM ET",Up,BUY,10,0.52,0x96be0b70da48bb7d24769175535862078193e68e362edfd36cc8256578d6c52a,2026-05-03 22:23:30,0x950363210a1340bf7855dcaa87cc5adc3dd6e7e97fae0f0e01f43a342f5daaf3,eth-updown-5m-1777836000
"Bitcoin Up or Down - May 3, 3:20PM-3:25PM ET",Up,BUY,15.05,0.35664451827242527,0x848fd6d2d674b5fe931e3642adec534e8c8296c683bc488bdb249106b6b251f3,2026-05-03 22:23:30,0x3574b600474d29723ed65aa8e0d54fd4319cd3378f4b69fc8e1dc3d5b8517a20,btc-updown-5m-1777836000
"Ethereum Up or Down - May 3, 3:20PM-3:25PM ET",Up,BUY,10,0.52,0x96be0b70da48bb7d24769175535862078193e68e362edfd36cc8256578d6c52a,2026-05-03 22:23:30,0x0bceb1e3587efb84c3e44582d786387c225026e8c8d882eb2b5fd23348630a99,eth-updown-5m-1777836000
"Ethereum Up or Down - May 3, 3:20PM-3:25PM ET",Up,BUY,10,0.5,0x96be0b70da48bb7d24769175535862078193e68e362edfd36cc8256578d6c52a,2026-05-03 22:23:30,0x02a41c100632fc16fef7688bf63e1f01d8e5ca7708bbb1af76680e7bc4e5cfc0,eth-updown-5m-1777836000
"Bitcoin Up or Down - May 3, 3:20PM-3:25PM ET",Up,BUY,88,0.29,0x848fd6d2d674b5fe931e3642adec534e8c8296c683bc488bdb249106b6b251f3,2026-05-03 22:23:30,0x327fb15247ddb3de3909a83aad9eef594ae834fe7862bcfd525b3b9e6f5a4640,btc-updown-5m-1777836000
"Ethereum Up or Down - May 3, 3:20PM-3:25PM ET",Up,BUY,10,0.35702,0x96be0b70da48bb7d24769175535862078193e68e362edfd36cc8256578d6c52a,2026-05-03 22:23:22,0x6e6c9c05fa413f969eac137e4d0e1431674624ed07f4037ccff2087c563a16d7,eth-updown-5m-1777836000
"Ethereum Up or Down - May 3, 3:20PM-3:25PM ET",Up,BUY,5.84,0.33,0x96be0b70da48bb7d24769175535862078193e68e362edfd36cc8256578d6c52a,2026-05-03 22:23:20,0x5db6aa45cf2b5b69da3db074464bc316974f6355567b571e8a4cad443c1ec4a3,eth-updown-5m-1777836000
"Bitcoin Up or Down - May 3, 3:15PM-3:30PM ET",Up,BUY,11,0.36,0x0515113e27061c9270d6e73e0c2059afb0e578b5684f2348238d253c88ec9d7b,2026-05-03 22:23:20,0x0e0896529e9add5d9aecb784e4ec1c990b6eb95e2f56c777558481fa87e9c3ae,btc-updown-15m-1777835700
"Bitcoin Up or Down - May 3, 3:20PM-3:25PM ET",Up,BUY,99,0.24350606060606061,0x848fd6d2d674b5fe931e3642adec534e8c8296c683bc488bdb249106b6b251f3,2026-05-03 22:23:20,0x1f8d57fd6cd73992f6bc67d1e2b9070ec146bda239725fd0ea84eab1ab22e58b,btc-updown-5m-1777836000
"Bitcoin Up or Down - May 3, 3:15PM-3:30PM ET",Up,BUY,11,0.36,0x0515113e27061c9270d6e73e0c2059afb0e578b5684f2348238d253c88ec9d7b,2026-05-03 22:23:20,0x891266b7793fc15d272bfb41ef7b0904ac66d267bdb3adb8b122ab721c23da9d,btc-updown-15m-1777835700
"Ethereum Up or Down - May 3, 3:20PM-3:25PM ET",Up,BUY,11,0.3018181818181818,0x96be0b70da48bb7d24769175535862078193e68e362edfd36cc8256578d6c52a,2026-05-03 22:23:18,0xba3bf1276d0931b867db9c061293b3e9642a5c8df944dfb3d643384dc7400c1c,eth-updown-5m-1777836000
"Ethereum Up or Down - May 3, 3:20PM-3:25PM ET",Down,BUY,13,0.7,0x96be0b70da48bb7d24769175535862078193e68e362edfd36cc8256578d6c52a,2026-05-03 22:23:10,0x19d1628637d07743f028e69d3b02dcf036655df818b30f66b7f99e702a1cbbbc,eth-updown-5m-1777836000
"Bitcoin Up or Down - May 3, 3:15PM-3:30PM ET",Up,BUY,11,0.33,0x0515113e27061c9270d6e73e0c2059afb0e578b5684f2348238d253c88ec9d7b,2026-05-03 22:23:08,0x2ee5c146ebc888cbd3e04b66cb86df26e32eb6c58881c3998d9e910a55ef6b2d,btc-updown-15m-1777835700
"Bitcoin Up or Down - May 3, 3:20PM-3:25PM ET",Up,BUY,110,0.22015727272727273,0x848fd6d2d674b5fe931e3642adec534e8c8296c683bc488bdb249106b6b251f3,2026-05-03 22:23:08,0x9ddf247a31ab3f4df86aecf18e9104c36f7a6a5e578a02d8e7e715f4bbd96594,btc-updown-5m-1777836000
"Bitcoin Up or Down - May 3, 3:20PM-3:25PM ET",Up,BUY,113,0.21,0x848fd6d2d674b5fe931e3642adec534e8c8296c683bc488bdb249106b6b251f3,2026-05-03 22:23:08,0x60cbb78d7b97546dc9b6aac9fc74f410d0bd5be5e12ddb623433ab4c3482c891,btc-updown-5m-1777836000
"Ethereum Up or Down - May 3, 3:20PM-3:25PM ET",Up,BUY,10,0.48,0x96be0b70da48bb7d24769175535862078193e68e362edfd36cc8256578d6c52a,2026-05-03 22:23:06,0xf35eeab6af09c35b1aaf2b3804239ad1872f109e7c720c5f2ed06b0182fb08f2,eth-updown-5m-1777836000
"Bitcoin Up or Down - May 3, 3:15PM-3:30PM ET",Down,BUY,12,0.68,0x0515113e27061c9270d6e73e0c2059afb0e578b5684f2348238d253c88ec9d7b,2026-05-03 22:22:54,0x7303b4969e716721954f650093349b980c875b8507d3e0ab5988a73624729752,btc-updown-15m-1777835700
"Bitcoin Up or Down - May 3, 3:20PM-3:25PM ET",Down,BUY,130,0.7846523076923076,0x848fd6d2d674b5fe931e3642adec534e8c8296c683bc488bdb249106b6b251f3,2026-05-03 22:22:54,0xd336bf3d5e9549b2bc8545cc9d096d557402080e04a6c28ab9499d6bc1d79a57,btc-updown-5m-1777836000
"Ethereum Up or Down - May 3, 3:20PM-3:25PM ET",Down,BUY,10,0.49335,0x96be0b70da48bb7d24769175535862078193e68e362edfd36cc8256578d6c52a,2026-05-03 22:22:24,0x49e83382c2bfd43ad34e7d191b5f161aeee9fe01bbf57c5008a6ebdb695ba0ab,eth-updown-5m-1777836000
"Ethereum Up or Down - May 3, 3:20PM-3:25PM ET",Down,BUY,10,0.5,0x96be0b70da48bb7d24769175535862078193e68e362edfd36cc8256578d6c52a,2026-05-03 22:22:24,0xaf63853809f8e3b67bcf82073b452b52b7f3ab51c5b6005496717637b32c8a0b,eth-updown-5m-1777836000
"Ethereum Up or Down - May 3, 3:20PM-3:25PM ET",Down,BUY,10,0.4898,0x96be0b70da48bb7d24769175535862078193e68e362edfd36cc8256578d6c52a,2026-05-03 22:22:24,0x283e83111b383ef0ba4105172e0e5771c273b157018b0992503df1ac4d78c63f,eth-updown-5m-1777836000
"Ethereum Up or Down - May 3, 3:20PM-3:25PM ET",Down,BUY,10,0.48,0x96be0b70da48bb7d24769175535862078193e68e362edfd36cc8256578d6c52a,2026-05-03 22:22:24,0x94be3d5db0b600631e6738e43996a11e6e1d4e053d8043d99b3d4b395ee43d0b,eth-updown-5m-1777836000
"Bitcoin Up or Down - May 3, 3:20PM-3:25PM ET",Up,BUY,97,0.2879381443298969,0x848fd6d2d674b5fe931e3642adec534e8c8296c683bc488bdb249106b6b251f3,2026-05-03 22:21:58,0x00a27db9faac25033d00c59bdcd9b8cfd80cfdbbc5992d9c6b38cf4f2b164f47,btc-updown-5m-1777836000
"Ethereum Up or Down - May 3, 3:20PM-3:25PM ET",Up,BUY,10,0.46,0x96be0b70da48bb7d24769175535862078193e68e362edfd36cc8256578d6c52a,2026-05-03 22:21:50,0x811750841ea74a4477c9548885690c2d8fbb056665b2febba395842a54744ba9,eth-updown-5m-1777836000
"Bitcoin Up or Down - May 3, 3:20PM-3:25PM ET",Up,BUY,125,0.19,0x848fd6d2d674b5fe931e3642adec534e8c8296c683bc488bdb249106b6b251f3,2026-05-03 22:21:50,0x2bbc606f760ad04de4602a75ca0aa133f8d72333492be0553ea80dc30b5967bb,btc-updown-5m-1777836000
"Bitcoin Up or Down - May 3, 3:20PM-3:25PM ET",Down,BUY,166,0.8376506024096385,0x848fd6d2d674b5fe931e3642adec534e8c8296c683bc488bdb249106b6b251f3,2026-05-03 22:21:44,0x0237482e527f30749a2e66a81a64d56abc9dc388277b2128d043779a9518b3e7,btc-updown-5m-1777836000
"Bitcoin Up or Down - May 3, 3:15PM-3:30PM ET",Down,BUY,15,0.76,0x0515113e27061c9270d6e73e0c2059afb0e578b5684f2348238d253c88ec9d7b,2026-05-03 22:21:44,0x10a3643d4bf71b64d4068a21fea7651898d8645e81457f4b11a1698915cc51ab,btc-updown-15m-1777835700
"Ethereum Up or Down - May 3, 3:20PM-3:25PM ET",Up,BUY,11,0.39,0x96be0b70da48bb7d24769175535862078193e68e362edfd36cc8256578d6c52a,2026-05-03 22:21:42,0x732dd5bf0cda160fb94c4dd37bbdb0fe7f2d65afe182b3e831e57eea2911d7de,eth-updown-5m-1777836000
"Bitcoin Up or Down - May 3, 3:20PM-3:25PM ET",Up,BUY,28.04,0.17,0x848fd6d2d674b5fe931e3642adec534e8c8296c683bc488bdb249106b6b251f3,2026-05-03 22:21:42,0xd722a87e683b69f32c837c2fb8a6d7cd563ff5ae4b8af2b390c98801a42b7fb6,btc-updown-5m-1777836000
"Ethereum Up or Down - May 3, 3:20PM-3:25PM ET",Up,BUY,10,0.39,0x96be0b70da48bb7d24769175535862078193e68e362edfd36cc8256578d6c52a,2026-05-03 22:21:42,0x9539c00a5a368bb956010ab10b981fc3422f9882916e8cba962da16610edac39,eth-updown-5m-1777836000
"Bitcoin Up or Down - May 3, 3:15PM-3:30PM ET",Up,BUY,13,0.25,0x0515113e27061c9270d6e73e0c2059afb0e578b5684f2348238d253c88ec9d7b,2026-05-03 22:21:42,0xa65c9fb19e22f8c35063bcf655b37b0e7fdfd951dc64234db40d54ea8977de32,btc-updown-15m-1777835700
"Bitcoin Up or Down - May 3, 3:20PM-3:25PM ET",Up,BUY,117,0.18,0x848fd6d2d674b5fe931e3642adec534e8c8296c683bc488bdb249106b6b251f3,2026-05-03 22:21:42,0xf762781809b5b50799c10824ce8742e8a644e0e0dfa9eeb6ca41e65def9a6d0f,btc-updown-5m-1777836000
"Bitcoin Up or Down - May 3, 3PM ET",Up,BUY,6,0.26,0x0b5f4d3b7a3a4f3a005ebafb919b0137e79bad8ea863e0e151b2b60a15ab8533,2026-05-03 22:21:42,0x1102c9d373f35090ae8bbf0cb079bd64be11e19a7b05ca664c0aa4d54485cf82,bitcoin-up-or-down-may-3-2026-3pm-et
"Bitcoin Up or Down - May 3, 3:20PM-3:25PM ET",Up,BUY,130,0.17939846153846153,0x848fd6d2d674b5fe931e3642adec534e8c8296c683bc488bdb249106b6b251f3,2026-05-03 22:21:42,0x3bffd5aa488358c4522b98960543fae8c3540e5b2dd6390dfea4353f322d23cb,btc-updown-5m-1777836000
"Ethereum Up or Down - May 3, 3:20PM-3:25PM ET",Up,BUY,10,0.39,0x96be0b70da48bb7d24769175535862078193e68e362edfd36cc8256578d6c52a,2026-05-03 22:21:42,0x59ba7bb267596376816cfc5b417d6d879623b117f2e6cc85b9feec8cd11b8a8d,eth-updown-5m-1777836000
"Bitcoin Up or Down - May 3, 3PM ET",Up,BUY,6,0.26,0x0b5f4d3b7a3a4f3a005ebafb919b0137e79bad8ea863e0e151b2b60a15ab8533,2026-05-03 22:21:42,0x2394119011077c71973cf5287c420de71a343c207ed0df15cdc558ee2ac0e096,bitcoin-up-or-down-may-3-2026-3pm-et
"Ethereum Up or Down - May 3, 3:20PM-3:25PM ET",Up,BUY,10,0.39,0x96be0b70da48bb7d24769175535862078193e68e362edfd36cc8256578d6c52a,2026-05-03 22:21:42,0x8cc5a25f05e63acd39d82de9b989b54e7fccc754c899e8c47d45fdfb323fb491,eth-updown-5m-1777836000
"Ethereum Up or Down - May 3, 3:20PM-3:25PM ET",Up,BUY,11,0.34,0x96be0b70da48bb7d24769175535862078193e68e362edfd36cc8256578d6c52a,2026-05-03 22:21:40,0x4579bd702a9131877a06b50e392cf692dd28a6f82c8ac76080ec9bb6d5e76bf3,eth-updown-5m-1777836000
"Bitcoin Up or Down - May 3, 12:00PM-4:00PM ET",Up,BUY,5,0.53,0x5d6396444a4fc085f2f01aac5ecbbb97bc5c92b612dc0ceb5bdc6bdd7a197933,2026-05-03 22:21:40,0xc617b9d663a30ab3fc040000aec65c9d3e6e4024dd9cfb1672fcd19b1862018d,btc-updown-4h-1777824000
"Bitcoin Up or Down - May 3, 3:20PM-3:25PM ET",Down,BUY,85.25,0.89,0x848fd6d2d674b5fe931e3642adec534e8c8296c683bc488bdb249106b6b251f3,2026-05-03 22:21:30,0x0f8ec711fda81ff990ffcd9bb873d42794846b3a32181ed46a7b8ebe638faa69,btc-updown-5m-1777836000
"Ethereum Up or Down - May 3, 3:20PM-3:25PM ET",Down,BUY,11,0.68,0x96be0b70da48bb7d24769175535862078193e68e362edfd36cc8256578d6c52a,2026-05-03 22:21:28,0xba0821b48f694c3f0e134785cb2fec4efe539a9e05a54ba6461895bde1317567,eth-updown-5m-1777836000
"Bitcoin Up or Down - May 3, 12:00PM-4:00PM ET",Down,BUY,5,0.39,0x5d6396444a4fc085f2f01aac5ecbbb97bc5c92b612dc0ceb5bdc6bdd7a197933,2026-05-03 22:21:24,0x2c7945a5c61e4ad4f47e8e7d496ab467773ec49a3403bfd42d40f46e3e461a3d,btc-updown-4h-1777824000
"Bitcoin Up or Down - May 3, 3PM ET",Down,BUY,5,0.62,0x0b5f4d3b7a3a4f3a005ebafb919b0137e79bad8ea863e0e151b2b60a15ab8533,2026-05-03 22:21:10,0x3211052b97fff44373d56009bd868494083b806fdecff1b0d27cc01606a8f007,bitcoin-up-or-down-may-3-2026-3pm-et
"Bitcoin Up or Down - May 3, 3:20PM-3:25PM ET",Down,BUY,33.43,0.4930690996111277,0x848fd6d2d674b5fe931e3642adec534e8c8296c683bc488bdb249106b6b251f3,2026-05-03 22:21:10,0x048707b6993eb5b0da318dba47c93eba564cd5e8ec21c875e969d43f7e6701b7,btc-updown-5m-1777836000
"Ethereum Up or Down - May 3, 3:20PM-3:25PM ET",Up,BUY,11,0.64,0x96be0b70da48bb7d24769175535862078193e68e362edfd36cc8256578d6c52a,2026-05-03 22:20:24,0xc2e8e2ce679d4d5231b2857aec69dc59050f1865cbb752efca77b0b7d3b4ca9a,eth-updown-5m-1777836000
"Ethereum Up or Down - May 3, 3:20PM-3:25PM ET",Up,BUY,10,0.53,0x96be0b70da48bb7d24769175535862078193e68e362edfd36cc8256578d6c52a,2026-05-03 22:20:22,0xf931767436e8c0eb79c679f2205a5f95b182fa9ae778f671e97e2d9b9c61bd93,eth-updown-5m-1777836000
"Bitcoin Up or Down - May 3, 3:15PM-3:30PM ET",Down,BUY,10,0.4,0x0515113e27061c9270d6e73e0c2059afb0e578b5684f2348238d253c88ec9d7b,2026-05-03 22:20:22,0xbc612513c8936f082309fe67d191c2626ea9d00fb67f8e2e451b0368cb856790,btc-updown-15m-1777835700
"Bitcoin Up or Down - May 3, 12:00PM-4:00PM ET",Up,BUY,5,0.62,0x5d6396444a4fc085f2f01aac5ecbbb97bc5c92b612dc0ceb5bdc6bdd7a197933,2026-05-03 22:20:22,0xa700859612a98d4f81455eb157ba7a5ed9923500355aad3f891e72e54320717e,btc-updown-4h-1777824000
"Bitcoin Up or Down - May 3, 12:00PM-4:00PM ET",Up,BUY,3.61,0.62,0x5d6396444a4fc085f2f01aac5ecbbb97bc5c92b612dc0ceb5bdc6bdd7a197933,2026-05-03 22:20:22,0xeca174b131c516825ee1f15d94a86eb6670b9e2ae5fd5f458a967d4413345ffa,btc-updown-4h-1777824000
"Bitcoin Up or Down - May 3, 3:15PM-3:30PM ET",Up,BUY,10,0.5,0x0515113e27061c9270d6e73e0c2059afb0e578b5684f2348238d253c88ec9d7b,2026-05-03 22:20:20,0xf8728739624503440ec64a47301372127e18e224536b142929325c456f667626,btc-updown-15m-1777835700
"Bitcoin Up or Down - May 3, 3PM ET",Up,BUY,5,0.36,0x0b5f4d3b7a3a4f3a005ebafb919b0137e79bad8ea863e0e151b2b60a15ab8533,2026-05-03 22:20:20,0x9597a90b45a53ff11f2e0dfaa7dcba327e4fccfff223b8f9d8b5e7102bfb9d7f,bitcoin-up-or-down-may-3-2026-3pm-et
"Bitcoin Up or Down - May 3, 3PM ET",Up,BUY,5,0.36,0x0b5f4d3b7a3a4f3a005ebafb919b0137e79bad8ea863e0e151b2b60a15ab8533,2026-05-03 22:20:20,0xfb68468aaa79f90bb64b705c308d3c69d5adae30939ffab27a77f10c875ab7ee,bitcoin-up-or-down-may-3-2026-3pm-et
"Bitcoin Up or Down - May 3, 3:15PM-3:30PM ET",Down,BUY,10,0.43,0x0515113e27061c9270d6e73e0c2059afb0e578b5684f2348238d253c88ec9d7b,2026-05-03 22:20:20,0x172d1925217e8cdf67afd6b6c660b3a85412b7f26fa5bc86c0c6f1f21b5b068d,btc-updown-15m-1777835700
"Bitcoin Up or Down - May 3, 3PM ET",Down,BUY,5,0.62,0x0b5f4d3b7a3a4f3a005ebafb919b0137e79bad8ea863e0e151b2b60a15ab8533,2026-05-03 22:20:20,0xe699b4d87b8e5acb08a011746dc18241d706df7d02c278339d6e88c913419640,bitcoin-up-or-down-may-3-2026-3pm-et
"Bitcoin Up or Down - May 3, 3:20PM-3:25PM ET",Down,BUY,84,0.38,0x848fd6d2d674b5fe931e3642adec534e8c8296c683bc488bdb249106b6b251f3,2026-05-03 22:20:20,0x0ae3098d2082250c87b0b425d87f4b80825b24f3b31e65f05687bb4846745d04,btc-updown-5m-1777836000
"Bitcoin Up or Down - May 3, 3:20PM-3:25PM ET",Down,BUY,80,0.4500375,0x848fd6d2d674b5fe931e3642adec534e8c8296c683bc488bdb249106b6b251f3,2026-05-03 22:20:16,0x7827ef5385126c4139d9ede6e7965e774496f7f0e1e7835e2701757f9b23872b,btc-updown-5m-1777836000
"Bitcoin Up or Down - May 3, 3:15PM-3:30PM ET",Up,BUY,10,0.42,0x0515113e27061c9270d6e73e0c2059afb0e578b5684f2348238d253c88ec9d7b,2026-05-03 22:20:14,0x5716861d857b629e27df1b3cd02de72023210a557651a7e1457ea4cad51caf3d,btc-updown-15m-1777835700
"Bitcoin Up or Down - May 3, 3:15PM-3:30PM ET",Up,BUY,10,0.39,0x0515113e27061c9270d6e73e0c2059afb0e578b5684f2348238d253c88ec9d7b,2026-05-03 22:20:14,0xb46b1f2bf3a4e5abcac642d5c36dc385f1c552cefd435d2b71aa70cb5c15fc4a,btc-updown-15m-1777835700
"Bitcoin Up or Down - May 3, 3:15PM-3:30PM ET",Up,BUY,11,0.37887272727272725,0x0515113e27061c9270d6e73e0c2059afb0e578b5684f2348238d253c88ec9d7b,2026-05-03 22:19:54,0x7f2bd81a905b337e4c89178593add38c1514cc63ad0291e62bf4b24a2238b7ba,btc-updown-15m-1777835700
"Bitcoin Up or Down - May 3, 3:15PM-3:20PM ET",Down,BUY,60.86,0.9287775221820572,0x7f2afdcadf27b41cc1ec83132125a6a8a711f130ee7c82cf0c6b93c08aa94370,2026-05-03 22:19:52,0x5f33bb9ebbeade4a8fe90d6a93e795334c3389e6b35b88b0b939cee4e41a259e,btc-updown-5m-1777835700
"Bitcoin Up or Down - May 3, 3:15PM-3:20PM ET",Down,BUY,92.01,0.9070459732637757,0x7f2afdcadf27b41cc1ec83132125a6a8a711f130ee7c82cf0c6b93c08aa94370,2026-05-03 22:19:50,0x5f02d1ad77cb0b5691fc8133fb04065eec9c29a2dc47c7aec614052b2782c62e,btc-updown-5m-1777835700
"Bitcoin Up or Down - May 3, 3:15PM-3:30PM ET",Down,BUY,11,0.65,0x0515113e27061c9270d6e73e0c2059afb0e578b5684f2348238d253c88ec9d7b,2026-05-03 22:19:48,0x52e02ba205d81a4ee05f6d779a907f4b585b9539f8b0b13c93f47cdf7d9aef23,btc-updown-15m-1777835700
"Bitcoin Up or Down - May 3, 3:15PM-3:30PM ET",Down,BUY,11,0.65,0x0515113e27061c9270d6e73e0c2059afb0e578b5684f2348238d253c88ec9d7b,2026-05-03 22:19:38,0x794b9dffaea1519f04c42da60c27be4fca9108ae057e389c1f4ce097a2cbd68a,btc-updown-15m-1777835700
"Bitcoin Up or Down - May 3, 3:15PM-3:20PM ET",Down,BUY,24.76,0.79,0x7f2afdcadf27b41cc1ec83132125a6a8a711f130ee7c82cf0c6b93c08aa94370,2026-05-03 22:19:24,0x6b444b14b1b05f87ebb273288de50c39a5d577973e21e8f0a75b9983bc1f4826,btc-updown-5m-1777835700
"Bitcoin Up or Down - May 3, 3:15PM-3:30PM ET",Down,BUY,11,0.64,0x0515113e27061c9270d6e73e0c2059afb0e578b5684f2348238d253c88ec9d7b,2026-05-03 22:19:24,0x47637ccb3543c00cf6f1e5e55265b2858e30d0002760e6e39dab74585736cc0d,btc-updown-15m-1777835700
"Bitcoin Up or Down - May 3, 3:15PM-3:20PM ET",Up,BUY,62.99,0.2272217812351167,0x7f2afdcadf27b41cc1ec83132125a6a8a711f130ee7c82cf0c6b93c08aa94370,2026-05-03 22:19:06,0xe4c36dc90a9051ae5426b06d8b94583fc786cfaa45b12bd87bea8e42b406f249,btc-updown-5m-1777835700
"Bitcoin Up or Down - May 3, 3PM ET",Down,BUY,6,0.69,0x0b5f4d3b7a3a4f3a005ebafb919b0137e79bad8ea863e0e151b2b60a15ab8533,2026-05-03 22:19:00,0x947e2bea486472add0d843de6f099e617da1ffc5ce04cc32c8733023a9cecdea,bitcoin-up-or-down-may-3-2026-3pm-et
"Bitcoin Up or Down - May 3, 3:15PM-3:30PM ET",Down,BUY,11,0.63,0x0515113e27061c9270d6e73e0c2059afb0e578b5684f2348238d253c88ec9d7b,2026-05-03 22:19:00,0x28074590ee35786fc391daaecda5e6e21ca45130e8c6a314b89d147caaf47279,btc-updown-15m-1777835700
"Bitcoin Up or Down - May 3, 3:15PM-3:20PM ET",Down,BUY,204,0.8,0x7f2afdcadf27b41cc1ec83132125a6a8a711f130ee7c82cf0c6b93c08aa94370,2026-05-03 22:19:00,0x06b4e8649b0c8994d1506b254a4657288d9ab5576a5342884555e45bdd14bf39,btc-updown-5m-1777835700
"Ethereum Up or Down - May 3, 3:15PM-3:20PM ET",Down,BUY,65,0.96,0x85ad7ab61f26bbac97f1c5dcb0b9e7c5d525bd8b2ea82d07a459f2e85142af62,2026-05-03 22:18:58,0x6a5b4dc4c2360b1e9e737d6197aced10fb624e9cec3a345027f424a59834bbe3,eth-updown-5m-1777835700
"Bitcoin Up or Down - May 3, 3:15PM-3:20PM ET",Down,BUY,130,0.8,0x7f2afdcadf27b41cc1ec83132125a6a8a711f130ee7c82cf0c6b93c08aa94370,2026-05-03 22:18:58,0xb1204a75e556b8b097fac1a9c10c40ceed37df1caba4d57d448791ca11c62cb3,btc-updown-5m-1777835700
"Bitcoin Up or Down - May 3, 3:15PM-3:20PM ET",Down,BUY,149,0.8,0x7f2afdcadf27b41cc1ec83132125a6a8a711f130ee7c82cf0c6b93c08aa94370,2026-05-03 22:18:58,0x9b0636d62e7363139dfb8f706e2afbf09ce82833b7269459fb5abcb203c0829c,btc-updown-5m-1777835700
"Ethereum Up or Down - May 3, 3:15PM-3:20PM ET",Down,BUY,128,0.964340625,0x85ad7ab61f26bbac97f1c5dcb0b9e7c5d525bd8b2ea82d07a459f2e85142af62,2026-05-03 22:18:58,0x5a4593cf442942231e185aaf69352a1bd2c80194053f4b45ab4402e0ae2b55b5,eth-updown-5m-1777835700
"Ethereum Up or Down - May 3, 3:15PM-3:20PM ET",Up,BUY,34,0.07,0x85ad7ab61f26bbac97f1c5dcb0b9e7c5d525bd8b2ea82d07a459f2e85142af62,2026-05-03 22:18:52,0x54b46da30325a5c48f485f4fa75498ff90335c8c27e7da28f0055823386df877,eth-updown-5m-1777835700
"Ethereum Up or Down - May 3, 3:15PM-3:20PM ET",Up,BUY,38,0.057368421052631575,0x85ad7ab61f26bbac97f1c5dcb0b9e7c5d525bd8b2ea82d07a459f2e85142af62,2026-05-03 22:18:52,0x2a083ecb9df5ffb47ea88156cc720f8deb8959f370989132c6f6649d80150806,eth-updown-5m-1777835700
"Bitcoin Up or Down - May 3, 3:15PM-3:20PM ET",Up,BUY,101,0.2195049504950495,0x7f2afdcadf27b41cc1ec83132125a6a8a711f130ee7c82cf0c6b93c08aa94370,2026-05-03 22:18:42,0xd823a59af3460037bef9ab4e09fa93952bfe80334ab7186f7f5cfaa18102594f,btc-updown-5m-1777835700
"Bitcoin Up or Down - May 3, 3:15PM-3:20PM ET",Up,BUY,113,0.2189929203539823,0x7f2afdcadf27b41cc1ec83132125a6a8a711f130ee7c82cf0c6b93c08aa94370,2026-05-03 22:18:42,0xa1400efbf3fbe0f505c1ac76ebf0d7ca6e89a569245f577955d6cdb833a67095,btc-updown-5m-1777835700
"Bitcoin Up or Down - May 3, 3:15PM-3:30PM ET",Up,BUY,10,0.43,0x0515113e27061c9270d6e73e0c2059afb0e578b5684f2348238d253c88ec9d7b,2026-05-03 22:18:42,0x168f76949f00565b8ca0ff025f3481f0005d1936583ef6d2fa1c636ba59f2270,btc-updown-15m-1777835700
"Bitcoin Up or Down - May 3, 3:15PM-3:20PM ET",Up,BUY,94,0.21,0x7f2afdcadf27b41cc1ec83132125a6a8a711f130ee7c82cf0c6b93c08aa94370,2026-05-03 22:18:34,0xe011e204ba82315536ae2eedeab8bc6fb7df7c7fbb1a9a94b9dbb5575e14a406,btc-updown-5m-1777835700
"Bitcoin Up or Down - May 3, 3:15PM-3:20PM ET",Up,BUY,95,0.21507684210526315,0x7f2afdcadf27b41cc1ec83132125a6a8a711f130ee7c82cf0c6b93c08aa94370,2026-05-03 22:18:34,0xda237ccd42f38fedc9793b90f3cd8a0adcc6ead11a96c7babdf69372bc24fc51,btc-updown-5m-1777835700
"Bitcoin Up or Down - May 3, 3:15PM-3:30PM ET",Up,BUY,10,0.44,0x0515113e27061c9270d6e73e0c2059afb0e578b5684f2348238d253c88ec9d7b,2026-05-03 22:18:32,0x0a6a8688dc61efe14f62c6bea75698c2d06153a8e245a67d33c4c9c3a24675d2,btc-updown-15m-1777835700
"Bitcoin Up or Down - May 3, 3PM ET",Up,BUY,6,0.32,0x0b5f4d3b7a3a4f3a005ebafb919b0137e79bad8ea863e0e151b2b60a15ab8533,2026-05-03 22:18:32,0xae18ad29bae10381e9fe7f984c0d69a6216bd7054d211ec8c86aea5867ff6817,bitcoin-up-or-down-may-3-2026-3pm-et
"Bitcoin Up or Down - May 3, 3:15PM-3:20PM ET",Up,BUY,110,0.21,0x7f2afdcadf27b41cc1ec83132125a6a8a711f130ee7c82cf0c6b93c08aa94370,2026-05-03 22:18:32,0xdf43b92e5ba4a5bba2e319947b57560d09bf8ad9428c14420cca618c1a6b1a4e,btc-updown-5m-1777835700
"Bitcoin Up or Down - May 3, 3:15PM-3:20PM ET",Down,BUY,157,0.7880254777070064,0x7f2afdcadf27b41cc1ec83132125a6a8a711f130ee7c82cf0c6b93c08aa94370,2026-05-03 22:18:30,0xb861cf3ec7acbdee6c56c74d8d9f52cc89576052072ae4692be27030526965fa,btc-updown-5m-1777835700
"Bitcoin Up or Down - May 3, 3PM ET",Down,BUY,6,0.6816666666666666,0x0b5f4d3b7a3a4f3a005ebafb919b0137e79bad8ea863e0e151b2b60a15ab8533,2026-05-03 22:18:28,0x06d0184640c2d04466f17bbd57868081488862ebfd8f2f493a5ae4f3fc089e11,bitcoin-up-or-down-may-3-2026-3pm-et
"Bitcoin Up or Down - May 3, 3:15PM-3:30PM ET",Down,BUY,10,0.55,0x0515113e27061c9270d6e73e0c2059afb0e578b5684f2348238d253c88ec9d7b,2026-05-03 22:18:28,0x7f0015fee9b3c544388449b41c5515cfb0da5d95369621ed7985a4b488d40697,btc-updown-15m-1777835700
"Ethereum Up or Down - May 3, 3:15PM-3:20PM ET",Up,BUY,26,0.08153846153846153,0x85ad7ab61f26bbac97f1c5dcb0b9e7c5d525bd8b2ea82d07a459f2e85142af62,2026-05-03 22:18:22,0x953cf4d82d50749cbdcc5560dc73a010994b36a4808a8e98f98ae66ce234f52c,eth-updown-5m-1777835700
"Ethereum Up or Down - May 3, 3:15PM-3:20PM ET",Up,BUY,22,0.08,0x85ad7ab61f26bbac97f1c5dcb0b9e7c5d525bd8b2ea82d07a459f2e85142af62,2026-05-03 22:18:22,0xf2b97fa3c904360c4d8a91fc122e6323421be86eb2b18dbfa5dc3adfa15a5570,eth-updown-5m-1777835700
"Ethereum Up or Down - May 3, 3:15PM-3:20PM ET",Up,BUY,28,0.08,0x85ad7ab61f26bbac97f1c5dcb0b9e7c5d525bd8b2ea82d07a459f2e85142af62,2026-05-03 22:18:22,0x2604b38b8a5bb46c0bd230058a6bb12eaacefafbe6453f9aabe5a5c0726b38cf,eth-updown-5m-1777835700
"Ethereum Up or Down - May 3, 3:15PM-3:20PM ET",Up,BUY,28,0.08,0x85ad7ab61f26bbac97f1c5dcb0b9e7c5d525bd8b2ea82d07a459f2e85142af62,2026-05-03 22:18:20,0xf5117336651185abee27637c1c239c06f6e0e7dc4fffd3949a7dca908211f6b3,eth-updown-5m-1777835700
"Ethereum Up or Down - May 3, 3:15PM-3:20PM ET",Up,BUY,26,0.09,0x85ad7ab61f26bbac97f1c5dcb0b9e7c5d525bd8b2ea82d07a459f2e85142af62,2026-05-03 22:18:12,0x7aa18f68d33ed1f105e991c32cd849f8330c8e30c6bb306a403aa560afe9ca0a,eth-updown-5m-1777835700
"Ethereum Up or Down - May 3, 3:15PM-3:20PM ET",Up,BUY,24,0.09,0x85ad7ab61f26bbac97f1c5dcb0b9e7c5d525bd8b2ea82d07a459f2e85142af62,2026-05-03 22:18:08,0xd51754e7e53c48def174dc43ec4983695d81ab95d8f2e66ce24ef9926d5a9407,eth-updown-5m-1777835700
"Ethereum Up or Down - May 3, 3:15PM-3:20PM ET",Up,BUY,22,0.11090909090909092,0x85ad7ab61f26bbac97f1c5dcb0b9e7c5d525bd8b2ea82d07a459f2e85142af62,2026-05-03 22:18:04,0x85fb11e5615fe308ebf08f48301e98c1ae8342950a9ebee1afe76fc318f1dc16,eth-updown-5m-1777835700
"Bitcoin Up or Down - May 3, 3PM ET",Up,BUY,6,0.33,0x0b5f4d3b7a3a4f3a005ebafb919b0137e79bad8ea863e0e151b2b60a15ab8533,2026-05-03 22:18:04,0xb8a0a091ac52155e762d9ac62e51c9a87b611c83749e28e5faf8e8d55c0929dd,bitcoin-up-or-down-may-3-2026-3pm-et
"Bitcoin Up or Down - May 3, 3:15PM-3:20PM ET",Up,BUY,49.87,0.28698816924002407,0x7f2afdcadf27b41cc1ec83132125a6a8a711f130ee7c82cf0c6b93c08aa94370,2026-05-03 22:18:04,0x995f6d13981685b7078d119853ed176023bd45844997161c505262be56dc4f6c,btc-updown-5m-1777835700
"Bitcoin Up or Down - May 3, 3:15PM-3:20PM ET",Up,BUY,90,0.3,0x7f2afdcadf27b41cc1ec83132125a6a8a711f130ee7c82cf0c6b93c08aa94370,2026-05-03 22:18:02,0x529ab9bc22641f5e033fa65dede5c342283cbfa18fab13c311f43857d7bf3320,btc-updown-5m-1777835700
"Bitcoin Up or Down - May 3, 3:15PM-3:30PM ET",Up,BUY,10,0.43,0x0515113e27061c9270d6e73e0c2059afb0e578b5684f2348238d253c88ec9d7b,2026-05-03 22:18:02,0x685e6e73a2a4d2f8beb2613971b31d26ac62cfdebf74fbabc0d83a7679420d9a,btc-updown-15m-1777835700
"Bitcoin Up or Down - May 3, 3:15PM-3:20PM ET",Down,BUY,125,0.7937912,0x7f2afdcadf27b41cc1ec83132125a6a8a711f130ee7c82cf0c6b93c08aa94370,2026-05-03 22:17:52,0x943e69ceb4e02af3c042686be9d8d939e9c5f02d9b6002b0c940aac303a5f421,btc-updown-5m-1777835700
"Ethereum Up or Down - May 3, 3:15PM-3:20PM ET",Down,BUY,128,0.9484765625,0x85ad7ab61f26bbac97f1c5dcb0b9e7c5d525bd8b2ea82d07a459f2e85142af62,2026-05-03 22:17:52,0xa2b71b17e7c3b5d06768553e2545fc76b3cff8fc6a66cf0c23f30fb460ab0f92,eth-updown-5m-1777835700
"Bitcoin Up or Down - May 3, 3:15PM-3:30PM ET",Down,BUY,10,0.59,0x0515113e27061c9270d6e73e0c2059afb0e578b5684f2348238d253c88ec9d7b,2026-05-03 22:17:52,0x091650f219744797ed14c311f9236e60f11002fee50ad417353fa52bca6ad2d3,btc-updown-15m-1777835700
"Ethereum Up or Down - May 3, 3:15PM-3:20PM ET",Down,BUY,65,0.931076923076923,0x85ad7ab61f26bbac97f1c5dcb0b9e7c5d525bd8b2ea82d07a459f2e85142af62,2026-05-03 22:17:50,0x24f2aa083fb973998f2db13d9b6b19e2c1de8f6a66c45a0099df5a0bf8f0ba4f,eth-updown-5m-1777835700
"Ethereum Up or Down - May 3, 3:15PM-3:20PM ET",Down,BUY,31,0.91,0x85ad7ab61f26bbac97f1c5dcb0b9e7c5d525bd8b2ea82d07a459f2e85142af62,2026-05-03 22:17:50,0x5f0a2e73df7b7b4b3c44b9ab219cef8bf4c24cd095167ee3aa7ff9c0a5628969,eth-updown-5m-1777835700
"Bitcoin Up or Down - May 3, 3:15PM-3:20PM ET",Down,BUY,113,0.7507964601769912,0x7f2afdcadf27b41cc1ec83132125a6a8a711f130ee7c82cf0c6b93c08aa94370,2026-05-03 22:17:50,0x8de2e2bb8f924697bcbe1dfebc5bf15e831d1eedebbdfae6526ba15bfb7d865a,btc-updown-5m-1777835700
"Bitcoin Up or Down - May 3, 3:15PM-3:20PM ET",Up,BUY,89,0.3020370786516854,0x7f2afdcadf27b41cc1ec83132125a6a8a711f130ee7c82cf0c6b93c08aa94370,2026-05-03 22:17:36,0x301cdcb76dd065296a66a05c59141fffeb5f75f495ad3c86ff295ba2da1fa825,btc-updown-5m-1777835700
"Bitcoin Up or Down - May 3, 3:15PM-3:20PM ET",Up,BUY,90,0.29,0x7f2afdcadf27b41cc1ec83132125a6a8a711f130ee7c82cf0c6b93c08aa94370,2026-05-03 22:17:30,0x279c466872ba0379a67ab22a23cc760f30fb01867bfca5e8ea4185cee891a68a,btc-updown-5m-1777835700
"Bitcoin Up or Down - May 3, 3:15PM-3:20PM ET",Up,BUY,97,0.28380103092783504,0x7f2afdcadf27b41cc1ec83132125a6a8a711f130ee7c82cf0c6b93c08aa94370,2026-05-03 22:17:30,0xeac30771e45399f161cf64b427d2749bca2535926b3e16868393d7768af36f49,btc-updown-5m-1777835700
"Bitcoin Up or Down - May 3, 3:15PM-3:30PM ET",Up,BUY,10,0.44,0x0515113e27061c9270d6e73e0c2059afb0e578b5684f2348238d253c88ec9d7b,2026-05-03 22:17:30,0x8c16e87111557f025435dd796478c6c818bc3f93937dc299f9f44f1873b97a41,btc-updown-15m-1777835700
"Bitcoin Up or Down - May 3, 3PM ET",Up,BUY,5.39,0.34,0x0b5f4d3b7a3a4f3a005ebafb919b0137e79bad8ea863e0e151b2b60a15ab8533,2026-05-03 22:17:30,0x06860d32f23834699bcb0a7e019a448ac0a716757528f22eeef7874517c4d86b,bitcoin-up-or-down-may-3-2026-3pm-et
"Bitcoin Up or Down - May 3, 3:15PM-3:20PM ET",Down,BUY,101,0.71,0x7f2afdcadf27b41cc1ec83132125a6a8a711f130ee7c82cf0c6b93c08aa94370,2026-05-03 22:17:30,0xcf7a11f1acf0219d1b7e572574415870d5ab72663f09a749546a756a63610f7c,btc-updown-5m-1777835700
"Bitcoin Up or Down - May 3, 3:15PM-3:20PM ET",Down,BUY,92,0.6625336956521739,0x7f2afdcadf27b41cc1ec83132125a6a8a711f130ee7c82cf0c6b93c08aa94370,2026-05-03 22:17:12,0xd0bd6d264c1de4aa224d11b126dd7ce53d430213332a8b5c1cdad0b4c22271da,btc-updown-5m-1777835700
"Bitcoin Up or Down - May 3, 3PM ET",Down,BUY,6,0.6516666666666666,0x0b5f4d3b7a3a4f3a005ebafb919b0137e79bad8ea863e0e151b2b60a15ab8533,2026-05-03 22:17:10,0xcb499db36badfe493c97c4d06cc2f6329a957fc487e2a7a2819d023d9a9afe1d,bitcoin-up-or-down-may-3-2026-3pm-et
"Bitcoin Up or Down - May 3, 3:15PM-3:30PM ET",Down,BUY,10,0.55,0x0515113e27061c9270d6e73e0c2059afb0e578b5684f2348238d253c88ec9d7b,2026-05-03 22:17:10,0x5a9d2b7535cd53306bb39fac5bb9a02c2b1c3173d03010a039a2e0197dd46a88,btc-updown-15m-1777835700
"Bitcoin Up or Down - May 3, 3PM ET",Down,BUY,5,0.64,0x0b5f4d3b7a3a4f3a005ebafb919b0137e79bad8ea863e0e151b2b60a15ab8533,2026-05-03 22:17:10,0x392c40189e5f6e903268a064d28242f425cdf20a048855a849591025d0be92b2,bitcoin-up-or-down-may-3-2026-3pm-et
"Bitcoin Up or Down - May 3, 3:15PM-3:30PM ET",Down,BUY,8.14,0.54,0x0515113e27061c9270d6e73e0c2059afb0e578b5684f2348238d253c88ec9d7b,2026-05-03 22:17:10,0x64bcacdb38f27c2a2552a3c31d7f0305eea2f9c7ab363a98e6198d1604e3888d,btc-updown-15m-1777835700
"Bitcoin Up or Down - May 3, 3:15PM-3:20PM ET",Down,BUY,90,0.6291422222222223,0x7f2afdcadf27b41cc1ec83132125a6a8a711f130ee7c82cf0c6b93c08aa94370,2026-05-03 22:17:10,0x2bcfc82e0bf502611f74a57855ed5504664db53d6854eeee6ab470ba357bd776,btc-updown-5m-1777835700
"Ethereum Up or Down - May 3, 3:15PM-3:20PM ET",Down,BUY,11,0.58,0x85ad7ab61f26bbac97f1c5dcb0b9e7c5d525bd8b2ea82d07a459f2e85142af62,2026-05-03 22:17:10,0x85d47609b73955d1fed9e2cd627ca1d3019193285b170cdaabc61ce2db3be04b,eth-updown-5m-1777835700
"Bitcoin Up or Down - May 3, 12:00PM-4:00PM ET",Down,BUY,5,0.37,0x5d6396444a4fc085f2f01aac5ecbbb97bc5c92b612dc0ceb5bdc6bdd7a197933,2026-05-03 22:17:10,0x28ae90c2375b85afdbfc311a3d4f555f26acc7f83b5f40ba7fba806807b1790c,btc-updown-4h-1777824000
"Bitcoin Up or Down - May 3, 12:00PM-4:00PM ET",Down,BUY,5,0.37,0x5d6396444a4fc085f2f01aac5ecbbb97bc5c92b612dc0ceb5bdc6bdd7a197933,2026-05-03 22:17:06,0x0416be948e51f221e954f5145bb543130213b4702dec80f4cdf307aed18a46b6,btc-updown-4h-1777824000
"Bitcoin Up or Down - May 3, 12:00PM-4:00PM ET",Down,BUY,5,0.37,0x5d6396444a4fc085f2f01aac5ecbbb97bc5c92b612dc0ceb5bdc6bdd7a197933,2026-05-03 22:17:06,0x26cddde5f063659c16fc5ed37b50002a7c901b9f6497dea930177c0dd35ffb1e,btc-updown-4h-1777824000
"Bitcoin Up or Down - May 3, 12:00PM-4:00PM ET",Down,BUY,5,0.37,0x5d6396444a4fc085f2f01aac5ecbbb97bc5c92b612dc0ceb5bdc6bdd7a197933,2026-05-03 22:17:06,0x5c0b724522f1fb974dd3718c58400e9878244ed40847d7ecb1ee9e49eef42a0c,btc-updown-4h-1777824000
"Bitcoin Up or Down - May 3, 3:15PM-3:20PM ET",Up,BUY,86,0.59,0x7f2afdcadf27b41cc1ec83132125a6a8a711f130ee7c82cf0c6b93c08aa94370,2026-05-03 22:16:54,0xa1f17d8b87c94c70666fa450a0be54826bf2bb6ac68e94b5f65596e182c63bd5,btc-updown-5m-1777835700
"Bitcoin Up or Down - May 3, 3:15PM-3:20PM ET",Up,BUY,83,0.5881927710843373,0x7f2afdcadf27b41cc1ec83132125a6a8a711f130ee7c82cf0c6b93c08aa94370,2026-05-03 22:16:54,0x010f19df545f0b2fe6f0e0bcc2aca2e868809c94883998dfbee8e25fd10e1658,btc-updown-5m-1777835700
"Bitcoin Up or Down - May 3, 3:15PM-3:30PM ET",Up,BUY,10,0.544,0x0515113e27061c9270d6e73e0c2059afb0e578b5684f2348238d253c88ec9d7b,2026-05-03 22:16:54,0xa03e869ed176f4e1989358f9105dcda26e5187bbdfa9be79a85e5408ea8cf629,btc-updown-15m-1777835700
"Bitcoin Up or Down - May 3, 3PM ET",Down,BUY,5,0.6,0x0b5f4d3b7a3a4f3a005ebafb919b0137e79bad8ea863e0e151b2b60a15ab8533,2026-05-03 22:16:48,0x21266dd5f2bc6805450c3db20ce3273113cb04471cb503a7f8b615b2d2bbc262,bitcoin-up-or-down-may-3-2026-3pm-et
"Bitcoin Up or Down - May 3, 12:00PM-4:00PM ET",Down,BUY,5,0.36,0x5d6396444a4fc085f2f01aac5ecbbb97bc5c92b612dc0ceb5bdc6bdd7a197933,2026-05-03 22:16:48,0xf4273d096bda19bdd83383f122c38219e5e90a84370787f1ceaca751a9034933,btc-updown-4h-1777824000
"Bitcoin Up or Down - May 3, 3:15PM-3:30PM ET",Down,BUY,11,0.38,0x0515113e27061c9270d6e73e0c2059afb0e578b5684f2348238d253c88ec9d7b,2026-05-03 22:16:46,0xe7512f4a6c82193cdbed6757cc28bd9712b87816699dd3f8b2fcbf1d0909d385,btc-updown-15m-1777835700
"Ethereum Up or Down - May 3, 3:15PM-3:20PM ET",Down,BUY,10,0.47,0x85ad7ab61f26bbac97f1c5dcb0b9e7c5d525bd8b2ea82d07a459f2e85142af62,2026-05-03 22:16:46,0x68822796a6449763db0966f6bab706040c20efe44c690d01a2dbbb580ce42b0e,eth-updown-5m-1777835700
"Bitcoin Up or Down - May 3, 12:00PM-4:00PM ET",Down,BUY,5,0.35,0x5d6396444a4fc085f2f01aac5ecbbb97bc5c92b612dc0ceb5bdc6bdd7a197933,2026-05-03 22:16:46,0x3ae2e9a70237052ac4b9a351224643e2e6e4563d0c5215dec62a1df463a47c11,btc-updown-4h-1777824000
"Bitcoin Up or Down - May 3, 3:15PM-3:20PM ET",Down,BUY,107,0.23743457943925234,0x7f2afdcadf27b41cc1ec83132125a6a8a711f130ee7c82cf0c6b93c08aa94370,2026-05-03 22:16:38,0x6e283b770d753d2f78c023fef8011f8edd195770a459621d1be4f71fd1901a0f,btc-updown-5m-1777835700
"Bitcoin Up or Down - May 3, 3PM ET",Up,BUY,4.04,0.44,0x0b5f4d3b7a3a4f3a005ebafb919b0137e79bad8ea863e0e151b2b60a15ab8533,2026-05-03 22:16:30,0x97a451997324f1f055d9d9c0da69c78c54207f8d2078589d84cdf088f51bd685,bitcoin-up-or-down-may-3-2026-3pm-et
"Bitcoin Up or Down - May 3, 3:15PM-3:20PM ET",Up,BUY,64.92,0.7406330868761553,0x7f2afdcadf27b41cc1ec83132125a6a8a711f130ee7c82cf0c6b93c08aa94370,2026-05-03 22:16:30,0xf13d282f2fbf464e60672d04edf45312da13d756ea60acd19fe658f2db271a17,btc-updown-5m-1777835700
"Ethereum Up or Down - May 3, 3:15PM-3:20PM ET",Up,BUY,15,0.68,0x85ad7ab61f26bbac97f1c5dcb0b9e7c5d525bd8b2ea82d07a459f2e85142af62,2026-05-03 22:16:28,0x1d046c1def9f8e2213421ee3ef427cb006c0a3498e253c712bd46d9c5f459487,eth-updown-5m-1777835700
"Ethereum Up or Down - May 3, 3:15PM-3:20PM ET",Up,BUY,12,0.69,0x85ad7ab61f26bbac97f1c5dcb0b9e7c5d525bd8b2ea82d07a459f2e85142af62,2026-05-03 22:16:28,0xa0b2d4f063d4ad222a61719dbf52dcc90f3d8aed7b0594eeca63449b868f3e4b,eth-updown-5m-1777835700
"Bitcoin Up or Down - May 3, 3:15PM-3:20PM ET",Up,BUY,8.5,0.7,0x7f2afdcadf27b41cc1ec83132125a6a8a711f130ee7c82cf0c6b93c08aa94370,2026-05-03 22:16:28,0x474caa9559eefc7af181521617f21bdcbfd97c8e40f5c5c1a2162a6b557cdb50,btc-updown-5m-1777835700
"Bitcoin Up or Down - May 3, 3:15PM-3:30PM ET",Up,BUY,11,0.63,0x0515113e27061c9270d6e73e0c2059afb0e578b5684f2348238d253c88ec9d7b,2026-05-03 22:16:28,0xcbf753d3bff578494ae6a4f345423af26ec245f2a4c95aa3b22ac9b105cc3051,btc-updown-15m-1777835700
"Ethereum Up or Down - May 3, 3:15PM-3:20PM ET",Up,BUY,16,0.7,0x85ad7ab61f26bbac97f1c5dcb0b9e7c5d525bd8b2ea82d07a459f2e85142af62,2026-05-03 22:16:28,0xdb3c8d6d7e4638359e8f3db63e879d1f264abb2a5700f71c4adda22e57198bfb,eth-updown-5m-1777835700
"Ethereum Up or Down - May 3, 3:15PM-3:20PM ET",Up,BUY,16,0.69375,0x85ad7ab61f26bbac97f1c5dcb0b9e7c5d525bd8b2ea82d07a459f2e85142af62,2026-05-03 22:16:28,0x5bb23d9b3e41d0cb9a3f5366d4541a74859eac8db7e90c35fc7ee498da5e8636,eth-updown-5m-1777835700
"Ethereum Up or Down - May 3, 3:15PM-3:20PM ET",Up,BUY,17,0.6933823529411764,0x85ad7ab61f26bbac97f1c5dcb0b9e7c5d525bd8b2ea82d07a459f2e85142af62,2026-05-03 22:16:28,0xf93cb8c11c76ab3fa2652096a273be06c3b51d9ce8d406958a16676cb6581168,eth-updown-5m-1777835700
"Ethereum Up or Down - May 3, 3:15PM-3:20PM ET",Up,BUY,15,0.684,0x85ad7ab61f26bbac97f1c5dcb0b9e7c5d525bd8b2ea82d07a459f2e85142af62,2026-05-03 22:16:28,0xab16b0ce6a7b0a6eb3ccf98a874a817db2d372bbac5b8af8c5351c7f3e1bed75,eth-updown-5m-1777835700
"Bitcoin Up or Down - May 3, 3:15PM-3:20PM ET",Up,BUY,29.37,0.71,0x7f2afdcadf27b41cc1ec83132125a6a8a711f130ee7c82cf0c6b93c08aa94370,2026-05-03 22:16:28,0x1e73f150e9c23a146b4f7374296fcf99cf376f21a54e3cfe86c7469f42d04d8c,btc-updown-5m-1777835700
"Ethereum Up or Down - May 3, 3:15PM-3:20PM ET",Up,BUY,11,0.6563636363636364,0x85ad7ab61f26bbac97f1c5dcb0b9e7c5d525bd8b2ea82d07a459f2e85142af62,2026-05-03 22:16:26,0x98a631e91ad089a24f0d7ba83316e6ccbf268421b109c646ef72e3da759fcd54,eth-updown-5m-1777835700
"Ethereum Up or Down - May 3, 3:15PM-3:20PM ET",Up,BUY,5,0.61,0x85ad7ab61f26bbac97f1c5dcb0b9e7c5d525bd8b2ea82d07a459f2e85142af62,2026-05-03 22:16:24,0x465cf01d606476e7ddd376626fca85a246fd9525f43906e5a17dba3c64255ab5,eth-updown-5m-1777835700
"Ethereum Up or Down - May 3, 3:15PM-3:20PM ET",Up,BUY,10,0.495,0x85ad7ab61f26bbac97f1c5dcb0b9e7c5d525bd8b2ea82d07a459f2e85142af62,2026-05-03 22:16:24,0x74175f347d04d93df636fdfd5fef66567e2efed3d94baceadcfe8fe8d494e7b8,eth-updown-5m-1777835700
"Bitcoin Up or Down - May 3, 3:15PM-3:20PM ET",Up,BUY,87,0.6202873563218391,0x7f2afdcadf27b41cc1ec83132125a6a8a711f130ee7c82cf0c6b93c08aa94370,2026-05-03 22:16:20,0xd652107afaa11e7e473d1d4c7dfa6a32af65c7988125b6f90bccd699777b2613,btc-updown-5m-1777835700
"Bitcoin Up or Down - May 3, 3:15PM-3:30PM ET",Down,BUY,10,0.45,0x0515113e27061c9270d6e73e0c2059afb0e578b5684f2348238d253c88ec9d7b,2026-05-03 22:16:18,0xd2dc84cd1904b3f7e022293975e136401c270423c11e04b2d558b11f08a6243b,btc-updown-15m-1777835700
"Bitcoin Up or Down - May 3, 3:15PM-3:20PM ET",Down,BUY,81,0.40426913580246915,0x7f2afdcadf27b41cc1ec83132125a6a8a711f130ee7c82cf0c6b93c08aa94370,2026-05-03 22:16:18,0xd2cf12ece05e23015844e27d9b69cac96b3f94ec3662752eb5e9772d5aff68d8,btc-updown-5m-1777835700
"Bitcoin Up or Down - May 3, 3:15PM-3:20PM ET",Down,BUY,82,0.4,0x7f2afdcadf27b41cc1ec83132125a6a8a711f130ee7c82cf0c6b93c08aa94370,2026-05-03 22:16:18,0xce70e23a3dc85cf443c76fe6d11a2ddb98fa71988507b34a658bc002aeb9bc42,btc-updown-5m-1777835700
"Bitcoin Up or Down - May 3, 3:15PM-3:20PM ET",Up,BUY,90,0.63292,0x7f2afdcadf27b41cc1ec83132125a6a8a711f130ee7c82cf0c6b93c08aa94370,2026-05-03 22:16:12,0x2cad7dfcc07d8fdac629a822ad564cd7b5984de187fedc309e2112a557f86de9,btc-updown-5m-1777835700
"Bitcoin Up or Down - May 3, 3:15PM-3:20PM ET",Up,BUY,86,0.6163953488372093,0x7f2afdcadf27b41cc1ec83132125a6a8a711f130ee7c82cf0c6b93c08aa94370,2026-05-03 22:16:12,0x0ee1efbc04e2d10d443386f93147cc0f9d322eedae949e2a09e6803a39cffb0b,btc-updown-5m-1777835700
"Bitcoin Up or Down - May 3, 3PM ET",Up,BUY,5,0.41,0x0b5f4d3b7a3a4f3a005ebafb919b0137e79bad8ea863e0e151b2b60a15ab8533,2026-05-03 22:16:12,0x5d58a23f0d0df74a7e617fbbfb1574680adf81574bd4d0c63c15e8391fbdbb15,bitcoin-up-or-down-may-3-2026-3pm-et
"Bitcoin Up or Down - May 3, 3:15PM-3:30PM ET",Up,BUY,10,0.56,0x0515113e27061c9270d6e73e0c2059afb0e578b5684f2348238d253c88ec9d7b,2026-05-03 22:16:12,0x636ed61944b0227c323fe57fd77b9566cd89779e015e8b0f6998e99f57073682,btc-updown-15m-1777835700
"Bitcoin Up or Down - May 3, 3:15PM-3:20PM ET",Down,BUY,81,0.4131358024691358,0x7f2afdcadf27b41cc1ec83132125a6a8a711f130ee7c82cf0c6b93c08aa94370,2026-05-03 22:16:04,0x65dc2a0ffd7e53d038e5215dd0675ae5a2e99eed9e8faebf2e6fa8ba9e366159,btc-updown-5m-1777835700
"Bitcoin Up or Down - May 3, 3:15PM-3:30PM ET",Down,BUY,10,0.45,0x0515113e27061c9270d6e73e0c2059afb0e578b5684f2348238d253c88ec9d7b,2026-05-03 22:16:02,0xc29b331a95931b6f50d8675c948a28dbe106ee0ade759729e65e6c5b856aa756,btc-updown-15m-1777835700
"Bitcoin Up or Down - May 3, 3:15PM-3:20PM ET",Down,BUY,82,0.40820243902439024,0x7f2afdcadf27b41cc1ec83132125a6a8a711f130ee7c82cf0c6b93c08aa94370,2026-05-03 22:16:02,0x8c046b13f81b2e343b75d12a8bfedb97b9def601389d7e10e77823b9cd93c166,btc-updown-5m-1777835700
"Bitcoin Up or Down - May 3, 3:15PM-3:20PM ET",Up,BUY,85,0.6074058823529411,0x7f2afdcadf27b41cc1ec83132125a6a8a711f130ee7c82cf0c6b93c08aa94370,2026-05-03 22:15:58,0x20f284df3e3bd66d67014d5ffc6f9eac4aed56a08b97f6f0ff9a38689bbd6d13,btc-updown-5m-1777835700
"Bitcoin Up or Down - May 3, 3:15PM-3:20PM ET",Up,BUY,89,0.6139921348314606,0x7f2afdcadf27b41cc1ec83132125a6a8a711f130ee7c82cf0c6b93c08aa94370,2026-05-03 22:15:58,0x83b2e936590b4882078296bac75fadecff795088da3ab83c161a45a6533867c0,btc-updown-5m-1777835700
"Bitcoin Up or Down - May 3, 3:15PM-3:30PM ET",Up,BUY,10,0.56,0x0515113e27061c9270d6e73e0c2059afb0e578b5684f2348238d253c88ec9d7b,2026-05-03 22:15:58,0x6d3940d468daf8744414a3253234a8926e7ff8c449629b5449b1a3bf59e436a5,btc-updown-15m-1777835700
"Bitcoin Up or Down - May 3, 3PM ET",Up,BUY,5,0.41,0x0b5f4d3b7a3a4f3a005ebafb919b0137e79bad8ea863e0e151b2b60a15ab8533,2026-05-03 22:15:58,0xad338c618f0485ced457b69a8f0b74ec45d2eaf36d72bccaa90ae9cbf57d5186,bitcoin-up-or-down-may-3-2026-3pm-et
"Ethereum Up or Down - May 3, 3:15PM-3:20PM ET",Up,BUY,10,0.44385,0x85ad7ab61f26bbac97f1c5dcb0b9e7c5d525bd8b2ea82d07a459f2e85142af62,2026-05-03 22:15:54,0xe3ebb77d384a52ada904458495912d61675e646152cb19b81dca4e1f84b76c16,eth-updown-5m-1777835700
"Ethereum Up or Down - May 3, 3:15PM-3:20PM ET",Up,BUY,10,0.44,0x85ad7ab61f26bbac97f1c5dcb0b9e7c5d525bd8b2ea82d07a459f2e85142af62,2026-05-03 22:15:54,0x168ea9eac5fcc29e801140135fcc43f2e57fa3f95700ecd3d5a0e3b25e12547c,eth-updown-5m-1777835700
"Ethereum Up or Down - May 3, 3:15PM-3:20PM ET",Up,BUY,10,0.4,0x85ad7ab61f26bbac97f1c5dcb0b9e7c5d525bd8b2ea82d07a459f2e85142af62,2026-05-03 22:15:36,0x33be009790e44734bf2528298d66875f1560ccfe7df4fcec0f7269e30da3f626,eth-updown-5m-1777835700
"Ethereum Up or Down - May 3, 3:15PM-3:20PM ET",Down,BUY,5,0.56,0x85ad7ab61f26bbac97f1c5dcb0b9e7c5d525bd8b2ea82d07a459f2e85142af62,2026-05-03 22:15:12,0x45b19986453cf36bd40591b2f9937430260793df67235fe989d48c91ed346821,eth-updown-5m-1777835700
"Bitcoin Up or Down - May 3, 3:15PM-3:30PM ET",Down,BUY,10,0.46,0x0515113e27061c9270d6e73e0c2059afb0e578b5684f2348238d253c88ec9d7b,2026-05-03 22:15:12,0x9e5b71569034b184ee96f124f7dc7ea7459b16cdd9df3d316b3e3f109090cdad,btc-updown-15m-1777835700
"Bitcoin Up or Down - May 3, 3PM ET",Up,BUY,5,0.4,0x0b5f4d3b7a3a4f3a005ebafb919b0137e79bad8ea863e0e151b2b60a15ab8533,2026-05-03 22:15:10,0xdf7f61e35c1bef5a9b79161168fdb91deee41cf11e46d93a48971942a92b89f7,bitcoin-up-or-down-may-3-2026-3pm-et
"Ethereum Up or Down - May 3, 3:15PM-3:20PM ET",Up,BUY,12,0.66,0x85ad7ab61f26bbac97f1c5dcb0b9e7c5d525bd8b2ea82d07a459f2e85142af62,2026-05-03 22:15:10,0x1200b13c2e3a54f07f34f93f03851e085eeb3f3d5441e0cfaf9ff7c71555cdf8,eth-updown-5m-1777835700
"Ethereum Up or Down - May 3, 3:15PM-3:20PM ET",Up,BUY,12,0.6316666666666667,0x85ad7ab61f26bbac97f1c5dcb0b9e7c5d525bd8b2ea82d07a459f2e85142af62,2026-05-03 22:15:10,0x7b39aef76165ff7fbf899fd41899b91ad979b9f038c128234eefa980f2497b9f,eth-updown-5m-1777835700
"Ethereum Up or Down - May 3, 3:15PM-3:20PM ET",Up,BUY,13,0.683076923076923,0x85ad7ab61f26bbac97f1c5dcb0b9e7c5d525bd8b2ea82d07a459f2e85142af62,2026-05-03 22:15:10,0x3858fde413f92bc075d28b0a50bdae497c9804c3bfb6461c8cec89a068e219e9,eth-updown-5m-1777835700
"Ethereum Up or Down - May 3, 3:15PM-3:20PM ET",Up,BUY,13,0.69,0x85ad7ab61f26bbac97f1c5dcb0b9e7c5d525bd8b2ea82d07a459f2e85142af62,2026-05-03 22:15:10,0x03374d5ccc216a16d08ef51fc037498034c8744ce4f30650d78af4151453e5f3,eth-updown-5m-1777835700
"Bitcoin Up or Down - May 3, 3:15PM-3:30PM ET",Up,BUY,10,0.53,0x0515113e27061c9270d6e73e0c2059afb0e578b5684f2348238d253c88ec9d7b,2026-05-03 22:15:10,0x59ed0fd0cc95cf8a2b573046a7083671d29c2cefe86ff424b71c9fdf552f0b9d,btc-updown-15m-1777835700
"Bitcoin Up or Down - May 3, 3PM ET",Up,BUY,6,0.34,0x0b5f4d3b7a3a4f3a005ebafb919b0137e79bad8ea863e0e151b2b60a15ab8533,2026-05-03 22:14:50,0x6e2649f28811234753ed83a9ccfa64eef8c536771b081451e9b2a94aca87ea13,bitcoin-up-or-down-may-3-2026-3pm-et
"Bitcoin Up or Down - May 3, 3PM ET",Up,BUY,6,0.33,0x0b5f4d3b7a3a4f3a005ebafb919b0137e79bad8ea863e0e151b2b60a15ab8533,2026-05-03 22:14:30,0x77a5b5b8472e76991caef98696e2e51f311ca78380f3ae65b84f521c8f2429a6,bitcoin-up-or-down-may-3-2026-3pm-et
"Bitcoin Up or Down - May 3, 3PM ET",Up,BUY,6,0.31,0x0b5f4d3b7a3a4f3a005ebafb919b0137e79bad8ea863e0e151b2b60a15ab8533,2026-05-03 22:14:28,0x7318665b52e9eb6ff6ecb5da81ba47c4b54bedea728c542b114471623ed8bc61,bitcoin-up-or-down-may-3-2026-3pm-et
"Bitcoin Up or Down - May 3, 3PM ET",Up,BUY,6,0.31,0x0b5f4d3b7a3a4f3a005ebafb919b0137e79bad8ea863e0e151b2b60a15ab8533,2026-05-03 22:14:28,0xd4a39ba3899945b6098b372bb1df955966e58c68e8ddc17e363823795eb2f28b,bitcoin-up-or-down-may-3-2026-3pm-et
"Bitcoin Up or Down - May 3, 3PM ET",Up,BUY,6,0.31,0x0b5f4d3b7a3a4f3a005ebafb919b0137e79bad8ea863e0e151b2b60a15ab8533,2026-05-03 22:14:28,0x968d6712a3348aa3a7ebf5ea49d89a22d965d9fa9622b6caf2959a60189fd6fb,bitcoin-up-or-down-may-3-2026-3pm-et
"Bitcoin Up or Down - May 3, 3PM ET",Up,BUY,6,0.31,0x0b5f4d3b7a3a4f3a005ebafb919b0137e79bad8ea863e0e151b2b60a15ab8533,2026-05-03 22:13:52,0x0377f1f047ae33573207ece4e126795071de0ece7348f5c3e14bb0ca7743dd77,bitcoin-up-or-down-may-3-2026-3pm-et
"Bitcoin Up or Down - May 3, 3PM ET",Down,BUY,6,0.7,0x0b5f4d3b7a3a4f3a005ebafb919b0137e79bad8ea863e0e151b2b60a15ab8533,2026-05-03 22:13:26,0x315c730db0d4f0556bb0b732051c9d23fac89584f56090a2bcc14177c612ae1f,bitcoin-up-or-down-may-3-2026-3pm-et
"Bitcoin Up or Down - May 3, 3PM ET",Down,BUY,6,0.7,0x0b5f4d3b7a3a4f3a005ebafb919b0137e79bad8ea863e0e151b2b60a15ab8533,2026-05-03 22:13:22,0x4824c6583cd57ef1c295c85f80bb861f23ee3eb2eef72467153f551608d5947d,bitcoin-up-or-down-may-3-2026-3pm-et
"Bitcoin Up or Down - May 3, 3PM ET",Down,BUY,6,0.7,0x0b5f4d3b7a3a4f3a005ebafb919b0137e79bad8ea863e0e151b2b60a15ab8533,2026-05-03 22:13:22,0x19171e3dc01ddb96dc4eabc352aebf6086ca715c0c1bdd99333ffd80acf90140,bitcoin-up-or-down-may-3-2026-3pm-et
"Bitcoin Up or Down - May 3, 3PM ET",Down,BUY,6,0.7,0x0b5f4d3b7a3a4f3a005ebafb919b0137e79bad8ea863e0e151b2b60a15ab8533,2026-05-03 22:13:22,0xd95ee9851e82bfcf521c69e461ed661db9c761798ab6a6e1701e7cf0bc784efe,bitcoin-up-or-down-may-3-2026-3pm-et
"Bitcoin Up or Down - May 3, 12:00PM-4:00PM ET",Down,BUY,0.05,0.43,0x5d6396444a4fc085f2f01aac5ecbbb97bc5c92b612dc0ceb5bdc6bdd7a197933,2026-05-03 22:13:22,0x6368b53efc2cfc879d43dce7deadddf49aad2c261314ae380c9559bc0b45f245,btc-updown-4h-1777824000
"Ethereum Up or Down - May 3, 3:10PM-3:15PM ET",Up,BUY,65,0.03,0x9ab1f46bde717d9cf292e9a2dbbcb026a25796e76ae6050dc13d50315371a55e,2026-05-03 22:13:10,0xe9be5f27259e3bb087cf8986298eab49196610d5f055e14a68a2c5ae9cd4d64a,eth-updown-5m-1777835400
"Bitcoin Up or Down - May 3, 3:10PM-3:15PM ET",Up,BUY,272,0.07,0x048b11097f889ce63bbbc0261265f34e387f80042803a90aa61487663e24120a,2026-05-03 22:13:04,0x93726568a2691d570278ff31dd91295d6a8e65ce193e0a01c2037a85b0d71637,btc-updown-5m-1777835400
"Bitcoin Up or Down - May 3, 3PM ET",Up,BUY,6,0.31,0x0b5f4d3b7a3a4f3a005ebafb919b0137e79bad8ea863e0e151b2b60a15ab8533,2026-05-03 22:13:04,0x01727201bdb219fd93da368e730a5f74141da398151fc52df3a95b1428ed0f01,bitcoin-up-or-down-may-3-2026-3pm-et
"Bitcoin Up or Down - May 3, 3:00PM-3:15PM ET",Up,BUY,86,0.02,0x8836a051e51784dcd3b84a40c29d1817596ad97349ff883a167e9024c8c590e3,2026-05-03 22:13:04,0xcf34d4c716d8b7040462964627acdcc35b7ae6ad5e41bb3707d20ad32e19b26d,btc-updown-15m-1777834800
"Bitcoin Up or Down - May 3, 3PM ET",Down,BUY,6,0.68,0x0b5f4d3b7a3a4f3a005ebafb919b0137e79bad8ea863e0e151b2b60a15ab8533,2026-05-03 22:12:50,0x035700c94b8a4b2ed3e7b8dbf1d87c4dfeed8f08c633bb7c5870ab942e253fef,bitcoin-up-or-down-may-3-2026-3pm-et
"Bitcoin Up or Down - May 3, 12:00PM-4:00PM ET",Down,BUY,5,0.39,0x5d6396444a4fc085f2f01aac5ecbbb97bc5c92b612dc0ceb5bdc6bdd7a197933,2026-05-03 22:12:50,0x57b527c7dc295a89acf091f5722a93c565d48ec498f37a8948aa987e33710eb6,btc-updown-4h-1777824000
"Ethereum Up or Down - May 3, 3:10PM-3:15PM ET",Down,BUY,86,0.97,0x9ab1f46bde717d9cf292e9a2dbbcb026a25796e76ae6050dc13d50315371a55e,2026-05-03 22:12:50,0x3e17f1c49f7d5e2710da8a7c38a5523e815ebf9b9d40ac931707f92323469d4e,eth-updown-5m-1777835400
"Bitcoin Up or Down - May 3, 3:10PM-3:15PM ET",Down,BUY,1020,0.9631783333333334,0x048b11097f889ce63bbbc0261265f34e387f80042803a90aa61487663e24120a,2026-05-03 22:12:50,0xc01d5d76e07ed1d5465276cf3fa5da93a4e93b83a1b58c6476eb26c50370deb9,btc-updown-5m-1777835400
"Bitcoin Up or Down - May 3, 3:00PM-3:15PM ET",Down,BUY,253,0.99,0x8836a051e51784dcd3b84a40c29d1817596ad97349ff883a167e9024c8c590e3,2026-05-03 22:12:50,0x834a2f3488e68bb37c9252e83267c1a9b61548159302f013c00632cc53ccae33,btc-updown-15m-1777834800
"Bitcoin Up or Down - May 3, 3:10PM-3:15PM ET",Down,BUY,687,0.9456663755458515,0x048b11097f889ce63bbbc0261265f34e387f80042803a90aa61487663e24120a,2026-05-03 22:12:50,0x59be1f0f72d36c0cb71bc0fc3449025eeac149cd3e24e3212c44611082583c15,btc-updown-5m-1777835400
"Ethereum Up or Down - May 3, 3:10PM-3:15PM ET",Down,BUY,20.58,0.9536443148688046,0x9ab1f46bde717d9cf292e9a2dbbcb026a25796e76ae6050dc13d50315371a55e,2026-05-03 22:12:50,0xfb58f10068e9aa58cf97b5442e9ac886a8adf08b7f3b3d1807c14691a58b0d89,eth-updown-5m-1777835400
"Bitcoin Up or Down - May 3, 3PM ET",Down,BUY,6,0.7,0x0b5f4d3b7a3a4f3a005ebafb919b0137e79bad8ea863e0e151b2b60a15ab8533,2026-05-03 22:12:50,0xceef0e00f82dfc2b384b16609816227bc86dedabab038e16f66e9b7aba716720,bitcoin-up-or-down-may-3-2026-3pm-et
"Bitcoin Up or Down - May 3, 3PM ET",Down,BUY,5,0.64,0x0b5f4d3b7a3a4f3a005ebafb919b0137e79bad8ea863e0e151b2b60a15ab8533,2026-05-03 22:11:34,0x76843763c7d2b9283788739122828e4a6c683d19ece57aa19a92feed27271974,bitcoin-up-or-down-may-3-2026-3pm-et
"Bitcoin Up or Down - May 3, 3:00PM-3:15PM ET",Down,BUY,38,0.89,0x8836a051e51784dcd3b84a40c29d1817596ad97349ff883a167e9024c8c590e3,2026-05-03 22:11:34,0x10461eea1f845e83f12af1067bcac80bb6bb970a3dc1023b280392e13ea069f1,btc-updown-15m-1777834800
"Ethereum Up or Down - May 3, 3:10PM-3:15PM ET",Down,BUY,6,0.84,0x9ab1f46bde717d9cf292e9a2dbbcb026a25796e76ae6050dc13d50315371a55e,2026-05-03 22:11:32,0x2060db8826d09bcb625920dd6e63055d78fd6ec9ecbf0868d347d597ea779b99,eth-updown-5m-1777835400
"Bitcoin Up or Down - May 3, 3:00PM-3:15PM ET",Down,BUY,34,0.89,0x8836a051e51784dcd3b84a40c29d1817596ad97349ff883a167e9024c8c590e3,2026-05-03 22:11:32,0xed9101e8c8000f9a218b362ff2c72b4ad018f3f96bea56489bc979fca2a08979,btc-updown-15m-1777834800
"Ethereum Up or Down - May 3, 3:10PM-3:15PM ET",Down,BUY,11.64,0.8051546391752578,0x9ab1f46bde717d9cf292e9a2dbbcb026a25796e76ae6050dc13d50315371a55e,2026-05-03 22:11:32,0x4c6a76bc937723763e910d8eae6dd63eba64672376ed8857100882d052cf08ad,eth-updown-5m-1777835400
"Ethereum Up or Down - May 3, 3:10PM-3:15PM ET",Down,BUY,1.79,0.74,0x9ab1f46bde717d9cf292e9a2dbbcb026a25796e76ae6050dc13d50315371a55e,2026-05-03 22:11:32,0x60061772858aafa7551b90738d32a05780c131c87f7c3d4f3cb47d609c68ecb4,eth-updown-5m-1777835400
"Ethereum Up or Down - May 3, 3:10PM-3:15PM ET",Down,BUY,11.61,0.715693367786391,0x9ab1f46bde717d9cf292e9a2dbbcb026a25796e76ae6050dc13d50315371a55e,2026-05-03 22:11:28,0x8d9371755fb102ecb7c08f2fb3213927ebd64a260aa14ea958bce6b33d4d3dea,eth-updown-5m-1777835400
"Bitcoin Up or Down - May 3, 3:00PM-3:15PM ET",Down,BUY,26,0.8730769230769231,0x8836a051e51784dcd3b84a40c29d1817596ad97349ff883a167e9024c8c590e3,2026-05-03 22:11:28,0x17737488c3d34299ec907c31c2f4e3b003074db649cf5c01c0740b8e8ed35d14,btc-updown-15m-1777834800
"Bitcoin Up or Down - May 3, 3:10PM-3:15PM ET",Down,BUY,104,0.7209336538461538,0x048b11097f889ce63bbbc0261265f34e387f80042803a90aa61487663e24120a,2026-05-03 22:11:24,0x6cbf25b71df3e5a8f205c329f18079a322eda3b33cceb1704209bb44c5ac316a,btc-updown-5m-1777835400
"Bitcoin Up or Down - May 3, 3:00PM-3:15PM ET",Down,BUY,21,0.8322619047619048,0x8836a051e51784dcd3b84a40c29d1817596ad97349ff883a167e9024c8c590e3,2026-05-03 22:11:24,0x1c254ea765b2385f93d399a5bbd9ff48b701f1d00751e06363739f1a4639a38e,btc-updown-15m-1777834800
"Ethereum Up or Down - May 3, 3:10PM-3:15PM ET",Up,BUY,11,0.35,0x9ab1f46bde717d9cf292e9a2dbbcb026a25796e76ae6050dc13d50315371a55e,2026-05-03 22:10:32,0xb17315d7becfdd1be35abb7afcd4965612b5cd45dd53012eeb58a93bffc90d26,eth-updown-5m-1777835400
"Bitcoin Up or Down - May 3, 3:10PM-3:15PM ET",Down,BUY,39.94,0.6480120180270406,0x048b11097f889ce63bbbc0261265f34e387f80042803a90aa61487663e24120a,2026-05-03 22:10:20,0x2480d770ad3c564928c0e0fad641ea23c98c6494967bfbf58217fb99f5fdc59d,btc-updown-5m-1777835400
"Bitcoin Up or Down - May 3, 3:10PM-3:15PM ET",Up,BUY,80,0.40875375,0x048b11097f889ce63bbbc0261265f34e387f80042803a90aa61487663e24120a,2026-05-03 22:10:16,0x3a1e37df7b4805cdce833d879f2fa797f6fcbdbcac7314d8b389da869d9af4d7,btc-updown-5m-1777835400
"Bitcoin Up or Down - May 3, 3:10PM-3:15PM ET",Up,BUY,81,0.4210037037037037,0x048b11097f889ce63bbbc0261265f34e387f80042803a90aa61487663e24120a,2026-05-03 22:10:16,0x873c51573ed3fc7bd04ae80d44a93bfe33883748ddacd5ae8cebaa9d89babc37,btc-updown-5m-1777835400
"Bitcoin Up or Down - May 3, 3:00PM-3:15PM ET",Up,BUY,11,0.31,0x8836a051e51784dcd3b84a40c29d1817596ad97349ff883a167e9024c8c590e3,2026-05-03 22:10:16,0x1376eb5f2f07b2f339b7c34d223a3eef5f7362b4e29a6f255fb3aefe2014331d,btc-updown-15m-1777834800
"Bitcoin Up or Down - May 3, 3:00PM-3:15PM ET",Down,BUY,11,0.6384363636363637,0x8836a051e51784dcd3b84a40c29d1817596ad97349ff883a167e9024c8c590e3,2026-05-03 22:10:16,0x4d392f35dc8b3b79d68a53387d813efba9bbb48b579b60aae7b22e8b369c23c3,btc-updown-15m-1777834800
"Bitcoin Up or Down - May 3, 3:00PM-3:15PM ET",Down,BUY,11,0.63,0x8836a051e51784dcd3b84a40c29d1817596ad97349ff883a167e9024c8c590e3,2026-05-03 22:10:16,0xb6919b5091cc4b80668556b187447ca0781ca700b169a1934dac100cab6b326c,btc-updown-15m-1777834800
"Bitcoin Up or Down - May 3, 3PM ET",Down,BUY,5,0.53,0x0b5f4d3b7a3a4f3a005ebafb919b0137e79bad8ea863e0e151b2b60a15ab8533,2026-05-03 22:10:16,0xede3cd77b6439086b0665d88cb198d51d917a81980b36b00a82fdf14cea8f42e,bitcoin-up-or-down-may-3-2026-3pm-et
"Bitcoin Up or Down - May 3, 3PM ET",Down,BUY,0.73,0.53,0x0b5f4d3b7a3a4f3a005ebafb919b0137e79bad8ea863e0e151b2b60a15ab8533,2026-05-03 22:10:12,0x4a2d1a4d6db448abfe1162485a336617604e681c0851be6b791f6418f0201c00,bitcoin-up-or-down-may-3-2026-3pm-et
"Bitcoin Up or Down - May 3, 3:00PM-3:15PM ET",Up,BUY,10,0.4,0x8836a051e51784dcd3b84a40c29d1817596ad97349ff883a167e9024c8c590e3,2026-05-03 22:09:36,0xb60e6d15d82d3343cca04ab76d92b74e753b265513a022ef6b0a2fe98480a434,btc-updown-15m-1777834800
"Bitcoin Up or Down - May 3, 3PM ET",Up,BUY,5,0.49,0x0b5f4d3b7a3a4f3a005ebafb919b0137e79bad8ea863e0e151b2b60a15ab8533,2026-05-03 22:09:36,0x5eb9a68e9b80b2a88884cd538e50b5bf26a3f0d3a7e785c28ed9889695d03f48,bitcoin-up-or-down-may-3-2026-3pm-et
"Bitcoin Up or Down - May 3, 3:05PM-3:10PM ET",Up,BUY,87,0.3111701149425287,0x06adad326ae2b824b3a1779af4e9657424a078c4de891d16ad32136274819709,2026-05-03 22:09:36,0xb1d58b4c2a92c43b747ca6a14407e7eb058e43fea2eeba677d88364e98de46be,btc-updown-5m-1777835100
"Bitcoin Up or Down - May 3, 3:05PM-3:10PM ET",Up,BUY,80,0.36941625,0x06adad326ae2b824b3a1779af4e9657424a078c4de891d16ad32136274819709,2026-05-03 22:09:36,0xd00c381680c28fe429aa7f933c9d35125b4b691a133ae37aae7f7ab5633093cd,btc-updown-5m-1777835100
"Bitcoin Up or Down - May 3, 3:00PM-3:15PM ET",Up,BUY,10,0.4,0x8836a051e51784dcd3b84a40c29d1817596ad97349ff883a167e9024c8c590e3,2026-05-03 22:09:36,0x3c854224d64dc936ebff7cbeea3a4e3b73c44de321becbb26fb8ffd3a952fbbf,btc-updown-15m-1777834800
"Bitcoin Up or Down - May 3, 12:00PM-4:00PM ET",Down,BUY,5,0.27,0x5d6396444a4fc085f2f01aac5ecbbb97bc5c92b612dc0ceb5bdc6bdd7a197933,2026-05-03 22:08:54,0x906af498944c2a8df6c3f5715f7757818f7f40e0040e431311728b3a20414b29,btc-updown-4h-1777824000
"Bitcoin Up or Down - May 3, 3PM ET",Down,BUY,5,0.5,0x0b5f4d3b7a3a4f3a005ebafb919b0137e79bad8ea863e0e151b2b60a15ab8533,2026-05-03 22:08:54,0xf6b199d64973d1a6084b789f1ee5bceefecaa86786d6650274a48e476ae04713,bitcoin-up-or-down-may-3-2026-3pm-et
"Bitcoin Up or Down - May 3, 3:05PM-3:10PM ET",Down,BUY,19.31,0.6,0x06adad326ae2b824b3a1779af4e9657424a078c4de891d16ad32136274819709,2026-05-03 22:08:50,0xae133a65454c5108dad088d94487cfe7271438f2616fd6a675f14b731e634589,btc-updown-5m-1777835100
"Bitcoin Up or Down - May 3, 3:05PM-3:10PM ET",Down,BUY,5,0.56,0x06adad326ae2b824b3a1779af4e9657424a078c4de891d16ad32136274819709,2026-05-03 22:08:12,0xf881c9098ccbaa90bf6ee56ef6252e38abaca99f126c6ebf787760941e492fb9,btc-updown-5m-1777835100
"Bitcoin Up or Down - May 3, 3PM ET",Down,BUY,5,0.46,0x0b5f4d3b7a3a4f3a005ebafb919b0137e79bad8ea863e0e151b2b60a15ab8533,2026-05-03 22:08:12,0x1678cce92add07cf7969e0cf220c55751d1c757641adbc95a9f337216b16096f,bitcoin-up-or-down-may-3-2026-3pm-et
"Bitcoin Up or Down - May 3, 3:05PM-3:10PM ET",Down,BUY,5,0.57,0x06adad326ae2b824b3a1779af4e9657424a078c4de891d16ad32136274819709,2026-05-03 22:08:12,0x685005e3de5389fcb739f7e4a8fc9dc21204be2f98bca5af2276944c21d112f1,btc-updown-5m-1777835100
"Bitcoin Up or Down - May 3, 3PM ET",Down,BUY,5,0.46,0x0b5f4d3b7a3a4f3a005ebafb919b0137e79bad8ea863e0e151b2b60a15ab8533,2026-05-03 22:08:12,0xe929e0a3d629614261400aef35d1a35a6ade9364887513529fa52ab493456be9,bitcoin-up-or-down-may-3-2026-3pm-et
"Bitcoin Up or Down - May 3, 3PM ET",Down,BUY,5,0.46,0x0b5f4d3b7a3a4f3a005ebafb919b0137e79bad8ea863e0e151b2b60a15ab8533,2026-05-03 22:08:12,0xc8905537c381c4c4984c79ca3f3b82e94d8fdfb58814d9122380906a96e68444,bitcoin-up-or-down-may-3-2026-3pm-et
"Bitcoin Up or Down - May 3, 3:00PM-3:15PM ET",Down,BUY,3.26,0.23,0x8836a051e51784dcd3b84a40c29d1817596ad97349ff883a167e9024c8c590e3,2026-05-03 22:08:10,0xff6e21666e866a2664de6384550bf77a45b681b13281951f63f4b7f8d9325df5,btc-updown-15m-1777834800
"Bitcoin Up or Down - May 3, 3:00PM-3:15PM ET",Down,BUY,13,0.22566923076923076,0x8836a051e51784dcd3b84a40c29d1817596ad97349ff883a167e9024c8c590e3,2026-05-03 22:08:10,0x6eaf0773c2da1c9878fa26c170f63470c9e278d9cacf0ca93327a74a0d9b0c3d,btc-updown-15m-1777834800
"Bitcoin Up or Down - May 3, 3PM ET",Down,BUY,5,0.44,0x0b5f4d3b7a3a4f3a005ebafb919b0137e79bad8ea863e0e151b2b60a15ab8533,2026-05-03 22:08:08,0xeffb664145516aa5f928e03c18666e428b11413cf3585496ca52cac98554d4dd,bitcoin-up-or-down-may-3-2026-3pm-et
"Bitcoin Up or Down - May 3, 3:00PM-3:15PM ET",Down,BUY,15,0.18,0x8836a051e51784dcd3b84a40c29d1817596ad97349ff883a167e9024c8c590e3,2026-05-03 22:08:08,0xe425a444056601228a6ac714aa0d8acfd400dd52ee6975088a5dc2346dbd86cd,btc-updown-15m-1777834800
"Bitcoin Up or Down - May 3, 3:00PM-3:15PM ET",Up,BUY,7.68,0.805078125,0x8836a051e51784dcd3b84a40c29d1817596ad97349ff883a167e9024c8c590e3,2026-05-03 22:08:06,0x5d5ce2693597a12240421906e64435e3f32788174cd487dd52c6175320745375,btc-updown-15m-1777834800
"Bitcoin Up or Down - May 3, 3:05PM-3:10PM ET",Up,BUY,83,0.5941096385542168,0x06adad326ae2b824b3a1779af4e9657424a078c4de891d16ad32136274819709,2026-05-03 22:08:00,0x52e7a10d7b2800418bd7d0c935f25065ceb97d111855fa206fc10b8774695d3d,btc-updown-5m-1777835100
"Bitcoin Up or Down - May 3, 3PM ET",Up,BUY,5,0.5426,0x0b5f4d3b7a3a4f3a005ebafb919b0137e79bad8ea863e0e151b2b60a15ab8533,2026-05-03 22:08:00,0xfe57b2e935444c3cec07d6127d3b9dcbbc618c9d1199ac8e678f2dd4e7e857a6,bitcoin-up-or-down-may-3-2026-3pm-et
"Bitcoin Up or Down - May 3, 3:00PM-3:15PM ET",Up,BUY,15,0.7366666666666667,0x8836a051e51784dcd3b84a40c29d1817596ad97349ff883a167e9024c8c590e3,2026-05-03 22:08:00,0xf1a414962817c6a36f9a51a23bca588cbf82e1566ae087c62aec51aa142f68e2,btc-updown-15m-1777834800
"Bitcoin Up or Down - May 3, 3PM ET",Up,BUY,5,0.53,0x0b5f4d3b7a3a4f3a005ebafb919b0137e79bad8ea863e0e151b2b60a15ab8533,2026-05-03 22:07:58,0xd98653764e6dbe54b3ee6bd7eb6bc3be102db0f1676dd7967bbe23e44b476080,bitcoin-up-or-down-may-3-2026-3pm-et
"Bitcoin Up or Down - May 3, 3:00PM-3:15PM ET",Up,BUY,14,0.72,0x8836a051e51784dcd3b84a40c29d1817596ad97349ff883a167e9024c8c590e3,2026-05-03 22:07:58,0x2b25690c9c07f69185ef4866add3817f4f971378f099ef161663b432c7e91f84,btc-updown-15m-1777834800
"Bitcoin Up or Down - May 3, 3:05PM-3:10PM ET",Down,BUY,81,0.5314592592592593,0x06adad326ae2b824b3a1779af4e9657424a078c4de891d16ad32136274819709,2026-05-03 22:07:46,0xec5a2f4315f397a6a49c4a142a0699773b876f52fb369d166013a6920a98b4cb,btc-updown-5m-1777835100
"Bitcoin Up or Down - May 3, 3:05PM-3:10PM ET",Up,BUY,80,0.51,0x06adad326ae2b824b3a1779af4e9657424a078c4de891d16ad32136274819709,2026-05-03 22:07:22,0xa402493cdff2aeab8be1a522c0ab8ff44c12a375aca50135b0eb974aad3efc1a,btc-updown-5m-1777835100
"Bitcoin Up or Down - May 3, 3:05PM-3:10PM ET",Up,BUY,81,0.54,0x06adad326ae2b824b3a1779af4e9657424a078c4de891d16ad32136274819709,2026-05-03 22:07:18,0x4021dcd92d1c14e4590d327efacf2bd2347e55a3ee3328c8607efb8b07f1326a,btc-updown-5m-1777835100
"Bitcoin Up or Down - May 3, 3:05PM-3:10PM ET",Up,BUY,80.03,0.529367737098588,0x06adad326ae2b824b3a1779af4e9657424a078c4de891d16ad32136274819709,2026-05-03 22:07:12,0xce51475adaf8c90408be8e7eef7e8cd1fa5280facde31f10a3889c44628914ed,btc-updown-5m-1777835100
"Bitcoin Up or Down - May 3, 3:00PM-3:15PM ET",Down,BUY,11,0.53,0x8836a051e51784dcd3b84a40c29d1817596ad97349ff883a167e9024c8c590e3,2026-05-03 22:07:12,0xccd24cd4161823afadbf23ac1f65d484ac9b3c193d4ccd125ac9444d3acb1cf2,btc-updown-15m-1777834800
"Bitcoin Up or Down - May 3, 3:00PM-3:15PM ET",Up,BUY,10,0.51094,0x8836a051e51784dcd3b84a40c29d1817596ad97349ff883a167e9024c8c590e3,2026-05-03 22:07:12,0xeece640e7d17f03fc5c8009af851dc01a3b9beddfbc1efc8bc1cc0c7e1175afc,btc-updown-15m-1777834800
"Bitcoin Up or Down - May 3, 3PM ET",Up,BUY,5,0.47,0x0b5f4d3b7a3a4f3a005ebafb919b0137e79bad8ea863e0e151b2b60a15ab8533,2026-05-03 22:07:12,0x96a86fda12e9cf557f213cedbaa07f9c9c26e65f546d609134eda730c569288f,bitcoin-up-or-down-may-3-2026-3pm-et
"Bitcoin Up or Down - May 3, 3:05PM-3:10PM ET",Down,BUY,87,0.49104942528735634,0x06adad326ae2b824b3a1779af4e9657424a078c4de891d16ad32136274819709,2026-05-03 22:07:12,0x28e1e58c0d81848f5489fa69a81aa211fb1ccbf3ada033c0a4869c627919002d,btc-updown-5m-1777835100
"Bitcoin Up or Down - May 3, 3:00PM-3:15PM ET",Up,BUY,10,0.48,0x8836a051e51784dcd3b84a40c29d1817596ad97349ff883a167e9024c8c590e3,2026-05-03 22:07:10,0xd3b457387d6223c9607a1395de0f24978a29dcd4256c0d2ac94700f9521d67c6,btc-updown-15m-1777834800
"Bitcoin Up or Down - May 3, 12:00PM-4:00PM ET",Up,BUY,6,0.72,0x5d6396444a4fc085f2f01aac5ecbbb97bc5c92b612dc0ceb5bdc6bdd7a197933,2026-05-03 22:07:08,0x5749340cb06d7c47e619e57fe0b596f9396b1d007a6aafdaea9b5eca154330ee,btc-updown-4h-1777824000
"Bitcoin Up or Down - May 3, 3:05PM-3:10PM ET",Up,BUY,80.97,0.41997159441768556,0x06adad326ae2b824b3a1779af4e9657424a078c4de891d16ad32136274819709,2026-05-03 22:07:08,0x51824ed595e4e36d317da4cf4543ad4ddf3e5314015a0411dd53205632ec4468,btc-updown-5m-1777835100
"Bitcoin Up or Down - May 3, 3PM ET",Up,BUY,5,0.44,0x0b5f4d3b7a3a4f3a005ebafb919b0137e79bad8ea863e0e151b2b60a15ab8533,2026-05-03 22:07:06,0x170c8b10d54fb1aa73e67cd1cd9ee398a937c73d8fc96b1b2f9f3a79c93ea54d,bitcoin-up-or-down-may-3-2026-3pm-et
"Bitcoin Up or Down - May 3, 3:00PM-3:15PM ET",Up,BUY,10,0.39,0x8836a051e51784dcd3b84a40c29d1817596ad97349ff883a167e9024c8c590e3,2026-05-03 22:07:06,0xbcc1b09365f8d714de3bb69f78a6c261800d555111251fcd350b468484d36134,btc-updown-15m-1777834800
"Bitcoin Up or Down - May 3, 3:00PM-3:15PM ET",Up,BUY,10,0.39,0x8836a051e51784dcd3b84a40c29d1817596ad97349ff883a167e9024c8c590e3,2026-05-03 22:07:06,0xc7cc3ceda2a4442efa520d04ad642c0d0b9875fe9336974e6fb9bce9c1a3d6e2,btc-updown-15m-1777834800
"Bitcoin Up or Down - May 3, 3:05PM-3:10PM ET",Up,BUY,82,0.37,0x06adad326ae2b824b3a1779af4e9657424a078c4de891d16ad32136274819709,2026-05-03 22:07:06,0x22a7811a71f48d077875ea7efed042970e302dbc8dcd1d5fe66f09cf42ef39b2,btc-updown-5m-1777835100
"Bitcoin Up or Down - May 3, 3:00PM-3:15PM ET",Down,BUY,11,0.6254545454545455,0x8836a051e51784dcd3b84a40c29d1817596ad97349ff883a167e9024c8c590e3,2026-05-03 22:07:02,0x7072839ef121da871e670a1c56c7b9ceaf816b4c2d604e970cdca04203603f9b,btc-updown-15m-1777834800
"Bitcoin Up or Down - May 3, 3:05PM-3:10PM ET",Down,BUY,9.82,0.6148370672097759,0x06adad326ae2b824b3a1779af4e9657424a078c4de891d16ad32136274819709,2026-05-03 22:07:02,0xef370fcd6aaa85e4114cb07e78c188a779159c44d1049fbd95ddb9265a463533,btc-updown-5m-1777835100
"Ethereum Up or Down - May 3, 3:05PM-3:10PM ET",Up,BUY,10,0.44,0xb6e0f5f7853a4cd246b7442a194aa186f80cf7915145ae47af9ed17b4858975f,2026-05-03 22:06:52,0x4e66bbe5a4786b7cc8e34ae6b6fa1a1717fd016d0e6055d5373bfb02e545044a,eth-updown-5m-1777835100
"Ethereum Up or Down - May 3, 3:05PM-3:10PM ET",Up,BUY,10,0.42624,0xb6e0f5f7853a4cd246b7442a194aa186f80cf7915145ae47af9ed17b4858975f,2026-05-03 22:06:52,0x71a657788cf6b83945a1f45ea684bcb412eb5df59ee3b6630f9a3de7c2b5a8bf,eth-updown-5m-1777835100
"Bitcoin Up or Down - May 3, 3:05PM-3:10PM ET",Up,BUY,87,0.3593390804597701,0x06adad326ae2b824b3a1779af4e9657424a078c4de891d16ad32136274819709,2026-05-03 22:06:18,0x9267dbec1b908f6eb3361141774b083664336ef90e630b16dea01eee3ca6faa3,btc-updown-5m-1777835100
"Bitcoin Up or Down - May 3, 3:05PM-3:10PM ET",Down,BUY,92,0.6525630434782609,0x06adad326ae2b824b3a1779af4e9657424a078c4de891d16ad32136274819709,2026-05-03 22:06:10,0x3c087a4361ff2af0cf21c3fb8a0dba57a9ec1ac9d345d36e983336f1523a02db,btc-updown-5m-1777835100
"Bitcoin Up or Down - May 3, 3PM ET",Down,BUY,5,0.57,0x0b5f4d3b7a3a4f3a005ebafb919b0137e79bad8ea863e0e151b2b60a15ab8533,2026-05-03 22:06:10,0x5de3ca5be925e834e24e9f860d0688b6e38062bd2f15c8e5751fae8a55939749,bitcoin-up-or-down-may-3-2026-3pm-et
"Bitcoin Up or Down - May 3, 12:00PM-4:00PM ET",Down,BUY,6,0.29,0x5d6396444a4fc085f2f01aac5ecbbb97bc5c92b612dc0ceb5bdc6bdd7a197933,2026-05-03 22:06:08,0x03503058d04e3d7655b1c5d42f674d63251226436a1e5e2e3c1e1e4e6939d748,btc-updown-4h-1777824000
"Bitcoin Up or Down - May 3, 3:00PM-3:15PM ET",Down,BUY,11,0.62,0x8836a051e51784dcd3b84a40c29d1817596ad97349ff883a167e9024c8c590e3,2026-05-03 22:06:08,0x27df98e0c327fdccc5d3fff40cabc72bf2a74c4a9f0f27df4ab2cc7d799490d2,btc-updown-15m-1777834800
"Bitcoin Up or Down - May 3, 3:05PM-3:10PM ET",Down,BUY,21.22,0.64,0x06adad326ae2b824b3a1779af4e9657424a078c4de891d16ad32136274819709,2026-05-03 22:06:08,0xe123e5b0071026e9124a898eff013be6e871e71d616180b99efdbf25525c2daa,btc-updown-5m-1777835100
"Ethereum Up or Down - May 3, 3:05PM-3:10PM ET",Down,BUY,11,0.58,0xb6e0f5f7853a4cd246b7442a194aa186f80cf7915145ae47af9ed17b4858975f,2026-05-03 22:05:50,0x8aa67ef5b17ce9061b295d5c97600538941b071915070eb0a1b76d55611392c5,eth-updown-5m-1777835100
"Bitcoin Up or Down - May 3, 3:05PM-3:10PM ET",Down,BUY,94,0.6393797872340425,0x06adad326ae2b824b3a1779af4e9657424a078c4de891d16ad32136274819709,2026-05-03 22:05:26,0xe4fd611585d766f0ea742f19900525bdc2b37a55c2be0588354811692a0c71f8,btc-updown-5m-1777835100
"Bitcoin Up or Down - May 3, 3:05PM-3:10PM ET",Down,BUY,88,0.63,0x06adad326ae2b824b3a1779af4e9657424a078c4de891d16ad32136274819709,2026-05-03 22:05:26,0xb98997a15627e5ed74b6267b5f44877cead49ecb53ddf965aedacab64d2da94d,btc-updown-5m-1777835100
"Bitcoin Up or Down - May 3, 3:00PM-3:15PM ET",Down,BUY,11,0.58,0x8836a051e51784dcd3b84a40c29d1817596ad97349ff883a167e9024c8c590e3,2026-05-03 22:05:26,0x496bdc3eae3b00d2416866ced99ecf189e0100345cf12ccaff80c02eebb93b50,btc-updown-15m-1777834800
"Bitcoin Up or Down - May 3, 3PM ET",Down,BUY,5,0.57,0x0b5f4d3b7a3a4f3a005ebafb919b0137e79bad8ea863e0e151b2b60a15ab8533,2026-05-03 22:05:26,0xa6ea44960a5e2273eb234cadf9ffe721ce075bac2e1ea13184f926e77ce0aec4,bitcoin-up-or-down-may-3-2026-3pm-et
"Ethereum Up or Down - May 3, 3:05PM-3:10PM ET",Up,BUY,10,0.5,0xb6e0f5f7853a4cd246b7442a194aa186f80cf7915145ae47af9ed17b4858975f,2026-05-03 22:05:22,0x953d7f3f37107166a0b3bc2a164f9d2767a3d64be4646c9a6255e46e0b3942d0,eth-updown-5m-1777835100
"Bitcoin Up or Down - May 3, 3PM ET",Up,BUY,5,0.44,0x0b5f4d3b7a3a4f3a005ebafb919b0137e79bad8ea863e0e151b2b60a15ab8533,2026-05-03 22:05:18,0xcc38c8e0c1dfdfbaaf314d917b840d5a31768dbae4bd2f8f0843eefaf79cc1fc,bitcoin-up-or-down-may-3-2026-3pm-et
"Ethereum Up or Down - May 3, 3:05PM-3:10PM ET",Up,BUY,10,0.5,0xb6e0f5f7853a4cd246b7442a194aa186f80cf7915145ae47af9ed17b4858975f,2026-05-03 22:05:18,0x85e3cd70fd052457aa751e29bd506917b9c7d5b14768d547518335b134e8a4c5,eth-updown-5m-1777835100
"Bitcoin Up or Down - May 3, 12:00PM-4:00PM ET",Up,BUY,6,0.72,0x5d6396444a4fc085f2f01aac5ecbbb97bc5c92b612dc0ceb5bdc6bdd7a197933,2026-05-03 22:05:16,0x0528dfe39d899551e9cb1794cf9758eea5494c6852065ad7d4cdf42466f00a7c,btc-updown-4h-1777824000
"Bitcoin Up or Down - May 3, 3:00PM-3:15PM ET",Up,BUY,10,0.43,0x8836a051e51784dcd3b84a40c29d1817596ad97349ff883a167e9024c8c590e3,2026-05-03 22:05:16,0x056b620c920286b64477b0c46847bb6e069721d11ffe5b7f5b65cebd9017c8b8,btc-updown-15m-1777834800
"Bitcoin Up or Down - May 3, 3:00PM-3:15PM ET",Up,BUY,10,0.43,0x8836a051e51784dcd3b84a40c29d1817596ad97349ff883a167e9024c8c590e3,2026-05-03 22:05:14,0xb53e04732e5ed3d6b0cc2f10665a5eef36559d227373dd4b57e29bb2ecde02f5,btc-updown-15m-1777834800
"Bitcoin Up or Down - May 3, 3:00PM-3:15PM ET",Down,BUY,10,0.56,0x8836a051e51784dcd3b84a40c29d1817596ad97349ff883a167e9024c8c590e3,2026-05-03 22:04:50,0xfda9c82c7957138b47ee08576e472f82190dbfb1bfb500820aa65ec08dbfd668,btc-updown-15m-1777834800
"Bitcoin Up or Down - May 3, 3:00PM-3:05PM ET",Up,BUY,130,0.15,0xe085b66056c0d65be35b54f78ad5c002865e428aa0baca53bfd77ec9d9a94387,2026-05-03 22:04:44,0x9032c25baecf503e270eed05e964ccefb0ddb4a74d327166ff49093068437e9c,btc-updown-5m-1777834800
"Bitcoin Up or Down - May 3, 3:00PM-3:05PM ET",Up,BUY,98.96,0.1889046079223929,0xe085b66056c0d65be35b54f78ad5c002865e428aa0baca53bfd77ec9d9a94387,2026-05-03 22:04:42,0x82b610fc05202b0698263fb1e772fc9105729bdf523fcf2b38ad3b6955a80e38,btc-updown-5m-1777834800
"Bitcoin Up or Down - May 3, 3:00PM-3:05PM ET",Up,BUY,89,0.279561797752809,0xe085b66056c0d65be35b54f78ad5c002865e428aa0baca53bfd77ec9d9a94387,2026-05-03 22:04:42,0x9d3a20b5c9f8d51dff66dc5dd30f5eb6c522d20b09ae3ad75b7c05b301f7d8c1,btc-updown-5m-1777834800
"Bitcoin Up or Down - May 3, 3PM ET",Up,BUY,5,0.45,0x0b5f4d3b7a3a4f3a005ebafb919b0137e79bad8ea863e0e151b2b60a15ab8533,2026-05-03 22:04:42,0xa2bd22217194bb81c21c396ffc38dcfa0a3a859ef83491bfce4a7fd77b8a0ac7,bitcoin-up-or-down-may-3-2026-3pm-et
"Bitcoin Up or Down - May 3, 3:00PM-3:15PM ET",Up,BUY,10,0.45053,0x8836a051e51784dcd3b84a40c29d1817596ad97349ff883a167e9024c8c590e3,2026-05-03 22:04:42,0xb374f17dbcd1d61c2bd28c30256a556fe373c88967ee8786244eb17eab776952,btc-updown-15m-1777834800
"Bitcoin Up or Down - May 3, 3:00PM-3:15PM ET",Down,BUY,10,0.58,0x8836a051e51784dcd3b84a40c29d1817596ad97349ff883a167e9024c8c590e3,2026-05-03 22:04:40,0x58721d15c219589d42ae255100814005c17ec536cf5ffe97830bebfff7893504,btc-updown-15m-1777834800
"Bitcoin Up or Down - May 3, 3:00PM-3:15PM ET",Down,BUY,10,0.54,0x8836a051e51784dcd3b84a40c29d1817596ad97349ff883a167e9024c8c590e3,2026-05-03 22:04:40,0xa8ac73b90eeb1b5d2c6a4ad2d9c84ae83918484ec7c86856627f32d30d213f19,btc-updown-15m-1777834800
"Bitcoin Up or Down - May 3, 3PM ET",Down,BUY,5,0.56,0x0b5f4d3b7a3a4f3a005ebafb919b0137e79bad8ea863e0e151b2b60a15ab8533,2026-05-03 22:04:40,0x0304017f6fcea35760534b57eb01aa08c033d509d924a05c5ad65f0d8862144d,bitcoin-up-or-down-may-3-2026-3pm-et
"Bitcoin Up or Down - May 3, 3PM ET",Up,BUY,5,0.44,0x0b5f4d3b7a3a4f3a005ebafb919b0137e79bad8ea863e0e151b2b60a15ab8533,2026-05-03 22:04:38,0x328b10a842841a46d1f53d9937a7d013b5c30e51cb76979138c5f6628c511440,bitcoin-up-or-down-may-3-2026-3pm-et
"Bitcoin Up or Down - May 3, 3PM ET",Up,BUY,5,0.42,0x0b5f4d3b7a3a4f3a005ebafb919b0137e79bad8ea863e0e151b2b60a15ab8533,2026-05-03 22:04:38,0xc2f2b0091e1e5344ccd3aaee6540171098b41c0f829b223ba54e84a745777144,bitcoin-up-or-down-may-3-2026-3pm-et
"Ethereum Up or Down - May 3, 3:00PM-3:05PM ET",Up,BUY,34,0.07,0x3c4f864c9a580b72e99489b9e28bea02e0a4d5600b63be9d9c9ae2f48899bda8,2026-05-03 22:04:38,0x17b0f48731d55235f8f1bce688b7bf50a74bbb0937e5253d6855c5d135702fc2,eth-updown-5m-1777834800
"Bitcoin Up or Down - May 3, 12:00PM-4:00PM ET",Up,BUY,6,0.72,0x5d6396444a4fc085f2f01aac5ecbbb97bc5c92b612dc0ceb5bdc6bdd7a197933,2026-05-03 22:04:38,0xdb4327b514f75296cf7e103ebd449ffaf82495b6cb3b5dcfcac69eb0ce6b0063,btc-updown-4h-1777824000
"Ethereum Up or Down - May 3, 3:00PM-3:05PM ET",Up,BUY,28,0.08928571428571429,0x3c4f864c9a580b72e99489b9e28bea02e0a4d5600b63be9d9c9ae2f48899bda8,2026-05-03 22:04:30,0x1f921dbd1655c4b6cd6bef030380ae72499604dc2efdce1494ecc2400a6e01f1,eth-updown-5m-1777834800
"Bitcoin Up or Down - May 3, 3:00PM-3:05PM ET",Up,BUY,77.25,0.03673139158576052,0xe085b66056c0d65be35b54f78ad5c002865e428aa0baca53bfd77ec9d9a94387,2026-05-03 22:04:28,0x28fbcd4f7dde8b722f226f3f54e29530fb0721723b7ac8cd6482064896f78b16,btc-updown-5m-1777834800
"Bitcoin Up or Down - May 3, 3PM ET",Up,BUY,5,0.41,0x0b5f4d3b7a3a4f3a005ebafb919b0137e79bad8ea863e0e151b2b60a15ab8533,2026-05-03 22:04:28,0x9b13a24c53a69e08c77e72c73bd63506e43e5241e2626b5b6549977ab921176d,bitcoin-up-or-down-may-3-2026-3pm-et
"Ethereum Up or Down - May 3, 3:00PM-3:05PM ET",Up,BUY,86,0.02,0x3c4f864c9a580b72e99489b9e28bea02e0a4d5600b63be9d9c9ae2f48899bda8,2026-05-03 22:04:26,0x20d4d3a36af0d143aa4cd8e08e7718cc651cefeac61c1a4fd9495ebde66c6af0,eth-updown-5m-1777834800
"Bitcoin Up or Down - May 3, 12:00PM-4:00PM ET",Down,BUY,6,0.27,0x5d6396444a4fc085f2f01aac5ecbbb97bc5c92b612dc0ceb5bdc6bdd7a197933,2026-05-03 22:02:04,0xd6175fee9d9473fce3627cf299dc8dacdf39913d4eacc06e4b5036c261cea8ad,btc-updown-4h-1777824000
"Bitcoin Up or Down - May 3, 12:00PM-4:00PM ET",Down,BUY,6,0.29,0x5d6396444a4fc085f2f01aac5ecbbb97bc5c92b612dc0ceb5bdc6bdd7a197933,2026-05-03 22:02:04,0x79d0a76abe8de79fee02835d0d9c25c5cc9b2cf8bf933b7c54077749099799eb,btc-updown-4h-1777824000
"Bitcoin Up or Down - May 3, 3:00PM-3:05PM ET",Up,BUY,81,0.36,0xe085b66056c0d65be35b54f78ad5c002865e428aa0baca53bfd77ec9d9a94387,2026-05-03 22:01:28,0x1ed79ef3d2ee1ba26026a453eed436f5e9d41c893667f3288f7a3e889abe1bb5,btc-updown-5m-1777834800
"Bitcoin Up or Down - May 3, 3:00PM-3:05PM ET",Up,BUY,84,0.36,0xe085b66056c0d65be35b54f78ad5c002865e428aa0baca53bfd77ec9d9a94387,2026-05-03 22:01:26,0xd4fee0f3249c76b706def62ce03fc8ea618b1e61dd92d01c371e165951fde6d8,btc-updown-5m-1777834800
"Ethereum Up or Down - May 3, 3:00PM-3:05PM ET",Up,BUY,10,0.51816,0x3c4f864c9a580b72e99489b9e28bea02e0a4d5600b63be9d9c9ae2f48899bda8,2026-05-03 22:01:26,0x3507c3793525daed42e949891aa779b88b6e8a8e21f0ffba319f0b5b7c3ce4bd,eth-updown-5m-1777834800
"Ethereum Up or Down - May 3, 3:00PM-3:05PM ET",Up,BUY,10,0.51,0x3c4f864c9a580b72e99489b9e28bea02e0a4d5600b63be9d9c9ae2f48899bda8,2026-05-03 22:01:26,0x367688edbda0d4802beeff91e02473a4e1d8a35bd43f8aa1ae9f2e9fd007f1be,eth-updown-5m-1777834800
"Bitcoin Up or Down - May 3, 3:00PM-3:15PM ET",Up,BUY,10,0.43,0x8836a051e51784dcd3b84a40c29d1817596ad97349ff883a167e9024c8c590e3,2026-05-03 22:01:26,0x2f98ce0b08620d5877ab397fc73abaa02b3f1ec396edc7a6428f28ded544d0e8,btc-updown-15m-1777834800
"Ethereum Up or Down - May 3, 3:00PM-3:05PM ET",Up,BUY,10,0.51,0x3c4f864c9a580b72e99489b9e28bea02e0a4d5600b63be9d9c9ae2f48899bda8,2026-05-03 22:00:34,0xa0261922edf0fa8fa2a0a79e235b8d221a806ae2631c3a95dd67d1e3fdf0b095,eth-updown-5m-1777834800
"Ethereum Up or Down - May 3, 3:00PM-3:05PM ET",Up,BUY,10,0.49,0x3c4f864c9a580b72e99489b9e28bea02e0a4d5600b63be9d9c9ae2f48899bda8,2026-05-03 22:00:34,0x0b688ed73389f0a426740b072dded72bcc76e861d35b2715796931310015a9df,eth-updown-5m-1777834800
"Ethereum Up or Down - May 3, 3:00PM-3:05PM ET",Down,BUY,11,0.52,0x3c4f864c9a580b72e99489b9e28bea02e0a4d5600b63be9d9c9ae2f48899bda8,2026-05-03 22:00:28,0x5a6174303f3380ab44a4c689bcb1af4ec65492b7c75aec4fe4aaecdc8a477729,eth-updown-5m-1777834800
"Ethereum Up or Down - May 3, 3:00PM-3:05PM ET",Down,BUY,11,0.52,0x3c4f864c9a580b72e99489b9e28bea02e0a4d5600b63be9d9c9ae2f48899bda8,2026-05-03 22:00:28,0x272dd549c5f931fb215e88a5ee2fdba02e6d8b22ad1c6e3afb96d26bb4f5574d,eth-updown-5m-1777834800
"Ethereum Up or Down - May 3, 3:00PM-3:05PM ET",Down,BUY,12,0.52,0x3c4f864c9a580b72e99489b9e28bea02e0a4d5600b63be9d9c9ae2f48899bda8,2026-05-03 22:00:28,0xab91c39ba45a986b627523abf314b6f7ab180e06127dd9206840e6a518ff9737,eth-updown-5m-1777834800
"Bitcoin Up or Down - May 3, 3:00PM-3:05PM ET",Down,BUY,104,0.6627884615384615,0xe085b66056c0d65be35b54f78ad5c002865e428aa0baca53bfd77ec9d9a94387,2026-05-03 22:00:28,0x07940a630f1b55ba1912e63710210e5d35fa8780c9f161af72855ac82d1a8709,btc-updown-5m-1777834800
"Ethereum Up or Down - May 3, 3:00PM-3:05PM ET",Down,BUY,5,0.41,0x3c4f864c9a580b72e99489b9e28bea02e0a4d5600b63be9d9c9ae2f48899bda8,2026-05-03 22:00:26,0xb32b92bbb189bca13dcef17258918d73b779993ac53fc5459251464ada28dfda,eth-updown-5m-1777834800
"Bitcoin Up or Down - May 3, 3:00PM-3:15PM ET",Down,BUY,10,0.565,0x8836a051e51784dcd3b84a40c29d1817596ad97349ff883a167e9024c8c590e3,2026-05-03 22:00:26,0x7e675715c261a33cb70829f2d3493d020595dbf130ffd10e25979de7f1056fcf,btc-updown-15m-1777834800
"Ethereum Up or Down - May 3, 3:00PM-3:05PM ET",Down,BUY,10,0.52,0x3c4f864c9a580b72e99489b9e28bea02e0a4d5600b63be9d9c9ae2f48899bda8,2026-05-03 22:00:26,0xee533d22ef9420256635aa9794eb2a20c4df9176c39f9a843a6c830015ed99a7,eth-updown-5m-1777834800
"Ethereum Up or Down - May 3, 3:00PM-3:05PM ET",Down,BUY,10,0.52,0x3c4f864c9a580b72e99489b9e28bea02e0a4d5600b63be9d9c9ae2f48899bda8,2026-05-03 22:00:26,0x0636cc46fa0c1f3ea2a80ebc15cf48f9f710826b1106231bcad98e0d3225f36f,eth-updown-5m-1777834800
"Ethereum Up or Down - May 3, 3:00PM-3:05PM ET",Down,BUY,10,0.52,0x3c4f864c9a580b72e99489b9e28bea02e0a4d5600b63be9d9c9ae2f48899bda8,2026-05-03 22:00:26,0x194b4f5064804a5bee41dd70a7ea6ee812ce0b9cfcfa67d22c76ec77b1be292b,eth-updown-5m-1777834800
"Ethereum Up or Down - May 3, 3:00PM-3:05PM ET",Down,BUY,10,0.52,0x3c4f864c9a580b72e99489b9e28bea02e0a4d5600b63be9d9c9ae2f48899bda8,2026-05-03 22:00:26,0xbf433a08fd55c19036762918a564fe9b6a6f008afa03d9ca273a700faddfd9e3,eth-updown-5m-1777834800
"Ethereum Up or Down - May 3, 3:00PM-3:05PM ET",Down,BUY,5.64,0.47,0x3c4f864c9a580b72e99489b9e28bea02e0a4d5600b63be9d9c9ae2f48899bda8,2026-05-03 22:00:26,0xf205cf7d177adce0052bce361501602b4646db48af7c690621862d5207a039a2,eth-updown-5m-1777834800
"Bitcoin Up or Down - May 3, 3:00PM-3:05PM ET",Down,BUY,113,0.7071982300884956,0xe085b66056c0d65be35b54f78ad5c002865e428aa0baca53bfd77ec9d9a94387,2026-05-03 22:00:16,0x559c2612badc4e027c2a6d47242df3bad367ba6db11f0ed0c4b7e3c531e13bda,btc-updown-5m-1777834800
"Bitcoin Up or Down - May 3, 3:00PM-3:15PM ET",Down,BUY,10,0.5,0x8836a051e51784dcd3b84a40c29d1817596ad97349ff883a167e9024c8c590e3,2026-05-03 22:00:06,0x85e311911b419c271f6c42d965efa1bc7706293c80f07c284da01428be143118,btc-updown-15m-1777834800
"Bitcoin Up or Down - May 3, 3:00PM-3:05PM ET",Down,BUY,41.92,0.6938549618320611,0xe085b66056c0d65be35b54f78ad5c002865e428aa0baca53bfd77ec9d9a94387,2026-05-03 22:00:06,0xd62a774fbb8de348f35a31fad09c9818ac8b752e828ac53d437681993d3f9fd6,btc-updown-5m-1777834800
"Bitcoin Up or Down - May 3, 3:00PM-3:05PM ET",Down,BUY,90,0.6556355555555555,0xe085b66056c0d65be35b54f78ad5c002865e428aa0baca53bfd77ec9d9a94387,2026-05-03 22:00:06,0xcc44dd7ab90838ccf5822101041a8b43e00cfd6e3218f442d1623af98d04cf7f,btc-updown-5m-1777834800
"Bitcoin Up or Down - May 3, 2:55PM-3:00PM ET",Up,BUY,387.92,0.01,0x4b91d70263f97e462e18c388e9dbc2e1e81fba0e829af694d6584c0b1ee45704,2026-05-03 22:00:06,0x3831b2242322c97999d8f6615acfe95039348c6e9305c091432aaf9efa8f09f0,btc-updown-5m-1777834500
"Bitcoin Up or Down - May 3, 3:00PM-3:15PM ET",Down,BUY,10,0.5,0x8836a051e51784dcd3b84a40c29d1817596ad97349ff883a167e9024c8c590e3,2026-05-03 22:00:04,0x1bda71953252a0acb6e4f8e3fbf94388edcc83e451e06d042e5eb4447b2cdc79,btc-updown-15m-1777834800
"Ethereum Up or Down - May 3, 2:55PM-3:00PM ET",Up,BUY,86,0.02,0x397b2b5e1a45486a646475f870c879b0055102999423fe36e87f9218c3a61990,2026-05-03 21:59:40,0xa684dd5e8a39b04c5a267a45abaabe2ba952961a0dc5549e62a7af246020df36,eth-updown-5m-1777834500
"Bitcoin Up or Down - May 3, 2:55PM-3:00PM ET",Down,BUY,53.1,0.8,0x4b91d70263f97e462e18c388e9dbc2e1e81fba0e829af694d6584c0b1ee45704,2026-05-03 21:59:28,0xf1c8931a67b1d4a532c033d1e297e8da2fbb4997ffbf31491e23915304fa37cd,btc-updown-5m-1777834500
"Bitcoin Up or Down - May 3, 2:55PM-3:00PM ET",Down,BUY,421,0.82287648456057,0x4b91d70263f97e462e18c388e9dbc2e1e81fba0e829af694d6584c0b1ee45704,2026-05-03 21:59:26,0xdd7ee24607919f294b18cac77dc96d2e28c9ef2966c6952d16c4324a534087c5,btc-updown-5m-1777834500
"Bitcoin Up or Down - May 3, 2PM ET",Down,BUY,5,0.11,0x3a17657e337fc841f3cfe9095a710d0f72a5270e6eb165b84d49db559b26a6e3,2026-05-03 21:59:26,0x3e804390dab286df6e1245bc9881ee167d11f912758d88b51e548f2c55faa91b,bitcoin-up-or-down-may-3-2026-2pm-et
"Bitcoin Up or Down - May 3, 12:00PM-4:00PM ET",Down,BUY,7,0.25,0x5d6396444a4fc085f2f01aac5ecbbb97bc5c92b612dc0ceb5bdc6bdd7a197933,2026-05-03 21:59:24,0x6f21f90f5d233d578670e7751d583de5fe3ea923928782530e74c2ec92c2e425,btc-updown-4h-1777824000
"Bitcoin Up or Down - May 3, 12:00PM-4:00PM ET",Down,BUY,6,0.25166666666666665,0x5d6396444a4fc085f2f01aac5ecbbb97bc5c92b612dc0ceb5bdc6bdd7a197933,2026-05-03 21:59:24,0xcd0a09a61a839890e43b3ad041e3ffa88d4184fd543cad822d8f20b6bcb39e70,btc-updown-4h-1777824000
"Bitcoin Up or Down - May 3, 2:55PM-3:00PM ET",Down,BUY,47.98,0.7787536473530637,0x4b91d70263f97e462e18c388e9dbc2e1e81fba0e829af694d6584c0b1ee45704,2026-05-03 21:59:24,0x51c68b1bded14399a88d3e7ed37dbc033aab345f9befe2495ab2a577b9a830cf,btc-updown-5m-1777834500
"Bitcoin Up or Down - May 3, 2:55PM-3:00PM ET",Down,BUY,55.33,0.6604825591903126,0x4b91d70263f97e462e18c388e9dbc2e1e81fba0e829af694d6584c0b1ee45704,2026-05-03 21:59:24,0xb1c7b980bf40e3335aaa88179aa4366fa088dc988a0f4160f2ce8dfaa0276fc7,btc-updown-5m-1777834500
"Bitcoin Up or Down - May 3, 2:55PM-3:00PM ET",Down,BUY,97,0.6584371134020619,0x4b91d70263f97e462e18c388e9dbc2e1e81fba0e829af694d6584c0b1ee45704,2026-05-03 21:59:14,0xe29f61d16c39e2f7dd8b1167a3ec04601d569d5a7cea77cdf4786ae9cf8f7393,btc-updown-5m-1777834500
"Bitcoin Up or Down - May 3, 2PM ET",Down,BUY,14,0.1,0x3a17657e337fc841f3cfe9095a710d0f72a5270e6eb165b84d49db559b26a6e3,2026-05-03 21:59:14,0xa6149dac525bcfb3738aa286e39d9d364601340dbf3bd3873dddb8f565ab9801,bitcoin-up-or-down-may-3-2026-2pm-et
"Bitcoin Up or Down - May 3, 2:55PM-3:00PM ET",Up,BUY,82,0.34,0x4b91d70263f97e462e18c388e9dbc2e1e81fba0e829af694d6584c0b1ee45704,2026-05-03 21:58:10,0xefe6e7b3d7b24ba0ad8bac14655359909752c8bb21373da38e27f8ad31863f43,btc-updown-5m-1777834500
"Bitcoin Up or Down - May 3, 2:55PM-3:00PM ET",Down,BUY,94,0.6771404255319149,0x4b91d70263f97e462e18c388e9dbc2e1e81fba0e829af694d6584c0b1ee45704,2026-05-03 21:58:08,0x9f4dc75018cd24757400fa1f33bf7e6b69318e679f65964421d312e92698aab0,btc-updown-5m-1777834500
"Bitcoin Up or Down - May 3, 2:55PM-3:00PM ET",Down,BUY,104,0.6630221153846154,0x4b91d70263f97e462e18c388e9dbc2e1e81fba0e829af694d6584c0b1ee45704,2026-05-03 21:58:06,0xe74a70ed81e5af3d5fe0eb6adecdcf0c7cd53b19d341e802c4a45651be0163f1,btc-updown-5m-1777834500
"Bitcoin Up or Down - May 3, 2PM ET",Down,BUY,8,0.19,0x3a17657e337fc841f3cfe9095a710d0f72a5270e6eb165b84d49db559b26a6e3,2026-05-03 21:58:04,0x018091afaf5365a8e43a267391348e07d0bbcbb38e3a9e10393182dcb110c120,bitcoin-up-or-down-may-3-2026-2pm-et
"Bitcoin Up or Down - May 3, 2PM ET",Down,BUY,8,0.19,0x3a17657e337fc841f3cfe9095a710d0f72a5270e6eb165b84d49db559b26a6e3,2026-05-03 21:58:04,0x7de6f5523ed7dd443451b2baed9561822b1e7558ec8ab9eb1f6b2e1456693dd7,bitcoin-up-or-down-may-3-2026-2pm-et
"Bitcoin Up or Down - May 3, 2:55PM-3:00PM ET",Up,BUY,80,0.32318125,0x4b91d70263f97e462e18c388e9dbc2e1e81fba0e829af694d6584c0b1ee45704,2026-05-03 21:58:02,0x25a7a35a2ff385ce4a71fbe11f782096d81538a95a0b5fb3d7920f8a628b6871,btc-updown-5m-1777834500
"Bitcoin Up or Down - May 3, 2PM ET",Up,BUY,8,0.82,0x3a17657e337fc841f3cfe9095a710d0f72a5270e6eb165b84d49db559b26a6e3,2026-05-03 21:58:02,0x7e97e5236263841bcecff797717967b6e26508161671d09fd2235c806b553f6a,bitcoin-up-or-down-may-3-2026-2pm-et
"Bitcoin Up or Down - May 3, 2:55PM-3:00PM ET",Up,BUY,82,0.28,0x4b91d70263f97e462e18c388e9dbc2e1e81fba0e829af694d6584c0b1ee45704,2026-05-03 21:58:00,0x29e70889317b04fde11d5e38954aa8381b32c25934e8771e28c84d7410ec27f2,btc-updown-5m-1777834500
"Bitcoin Up or Down - May 3, 2PM ET",Up,BUY,10,0.82,0x3a17657e337fc841f3cfe9095a710d0f72a5270e6eb165b84d49db559b26a6e3,2026-05-03 21:58:00,0xe16a9db985d5495af3e1a97d1811fd30cd1424f78fb1135716344362e8f95b70,bitcoin-up-or-down-may-3-2026-2pm-et
"Bitcoin Up or Down - May 3, 2PM ET",Up,BUY,9,0.82,0x3a17657e337fc841f3cfe9095a710d0f72a5270e6eb165b84d49db559b26a6e3,2026-05-03 21:58:00,0x8da5630b2ae50c9c6fed9a60b94bdf76fb792203e3f0da7f9e962f476bdb4c48,bitcoin-up-or-down-may-3-2026-2pm-et
"Ethereum Up or Down - May 3, 2:55PM-3:00PM ET",Up,BUY,15,0.13,0x397b2b5e1a45486a646475f870c879b0055102999423fe36e87f9218c3a61990,2026-05-03 21:57:28,0x4977c9016504f4dbb0e82abbd51b6409c6a62745bf3c242e814938262f481373,eth-updown-5m-1777834500
"Bitcoin Up or Down - May 3, 2:55PM-3:00PM ET",Up,BUY,92,0.3,0x4b91d70263f97e462e18c388e9dbc2e1e81fba0e829af694d6584c0b1ee45704,2026-05-03 21:57:24,0xa740ae81272c3f5260eec4c814f4d07ab8998dee6d3486abd4feae159c0993a4,btc-updown-5m-1777834500
"Bitcoin Up or Down - May 3, 2PM ET",Up,BUY,7,0.77,0x3a17657e337fc841f3cfe9095a710d0f72a5270e6eb165b84d49db559b26a6e3,2026-05-03 21:57:24,0x928bc99083ea4d9556e651bb42588cb775d158250cec3d8ef82e10045832b278,bitcoin-up-or-down-may-3-2026-2pm-et
"Bitcoin Up or Down - May 3, 2:55PM-3:00PM ET",Up,BUY,81,0.30311728395061727,0x4b91d70263f97e462e18c388e9dbc2e1e81fba0e829af694d6584c0b1ee45704,2026-05-03 21:57:22,0xdc86a71cbd9f67314ea2bcda0bdc5bd051ddf3df0df0178f3d660334c98395f9,btc-updown-5m-1777834500
"Bitcoin Up or Down - May 3, 2:55PM-3:00PM ET",Up,BUY,79.98,0.2980032508127032,0x4b91d70263f97e462e18c388e9dbc2e1e81fba0e829af694d6584c0b1ee45704,2026-05-03 21:57:22,0x9322f735119b1ff09687ad24146e38329cc0ab5576e3f8ac38804fd43d8b4fa6,btc-updown-5m-1777834500
"Bitcoin Up or Down - May 3, 2PM ET",Up,BUY,8,0.77,0x3a17657e337fc841f3cfe9095a710d0f72a5270e6eb165b84d49db559b26a6e3,2026-05-03 21:57:22,0x5e9401e740cfaaf35ef432173ae6ea1ab11c21656276efb8fea29b67a6100723,bitcoin-up-or-down-may-3-2026-2pm-et
"Bitcoin Up or Down - May 3, 2PM ET",Up,BUY,8,0.77,0x3a17657e337fc841f3cfe9095a710d0f72a5270e6eb165b84d49db559b26a6e3,2026-05-03 21:57:22,0xb9f986f73180bd4741ec66c2f87dcd2d8aff639cd9d9c7f713545228efccb217,bitcoin-up-or-down-may-3-2026-2pm-et
"Bitcoin Up or Down - May 3, 2:55PM-3:00PM ET",Up,BUY,7.77,0.28,0x4b91d70263f97e462e18c388e9dbc2e1e81fba0e829af694d6584c0b1ee45704,2026-05-03 21:57:20,0x33da47d366c04466a71aa72157dce8ec8b81a7f9260de751550979cd1826c92f,btc-updown-5m-1777834500
"Bitcoin Up or Down - May 3, 2PM ET",Up,BUY,8,0.76,0x3a17657e337fc841f3cfe9095a710d0f72a5270e6eb165b84d49db559b26a6e3,2026-05-03 21:57:20,0x6f265b040cd14408b44a663d980cf1381b119969355ebf3d995090b6d75e4a45,bitcoin-up-or-down-may-3-2026-2pm-et
"Bitcoin Up or Down - May 3, 12:00PM-4:00PM ET",Up,BUY,7,0.75,0x5d6396444a4fc085f2f01aac5ecbbb97bc5c92b612dc0ceb5bdc6bdd7a197933,2026-05-03 21:57:20,0xd7f53b7b85f2abfd4429e7e69301d831b0c462d5c1de3d35f3af03ad57972ac8,btc-updown-4h-1777824000
"Bitcoin Up or Down - May 3, 2:55PM-3:00PM ET",Up,BUY,87,0.22905172413793104,0x4b91d70263f97e462e18c388e9dbc2e1e81fba0e829af694d6584c0b1ee45704,2026-05-03 21:57:18,0xbf8387738bbf47e74693daa01367be42eadc9e43ddf408df564639ef7411f90f,btc-updown-5m-1777834500
"Bitcoin Up or Down - May 3, 2PM ET",Up,BUY,5,0.67,0x3a17657e337fc841f3cfe9095a710d0f72a5270e6eb165b84d49db559b26a6e3,2026-05-03 21:57:16,0xe3cc8a5471dcf9bad73ec6856f42992bbf2b4767aacc1af1e2901746dd9eee8f,bitcoin-up-or-down-may-3-2026-2pm-et
"Bitcoin Up or Down - May 3, 2:55PM-3:00PM ET",Down,BUY,149,0.7993302013422818,0x4b91d70263f97e462e18c388e9dbc2e1e81fba0e829af694d6584c0b1ee45704,2026-05-03 21:57:08,0x22ef9204e5a645edc95934a41f38ff12678d158ee400befd34fdc10d1adb467e,btc-updown-5m-1777834500
"Bitcoin Up or Down - May 3, 2:55PM-3:00PM ET",Down,BUY,189,0.8007656084656085,0x4b91d70263f97e462e18c388e9dbc2e1e81fba0e829af694d6584c0b1ee45704,2026-05-03 21:57:08,0x7e965e44f1ce81f730ce3a4586802caf8b342ccfb3bd06234b4f07d5ad61c86f,btc-updown-5m-1777834500
"Bitcoin Up or Down - May 3, 2PM ET",Down,BUY,5,0.35,0x3a17657e337fc841f3cfe9095a710d0f72a5270e6eb165b84d49db559b26a6e3,2026-05-03 21:57:08,0x61074b4c7777c92e8a1f1079ada642c74a2b3e713d58145dba65ffc54caddfd0,bitcoin-up-or-down-may-3-2026-2pm-et
"Ethereum Up or Down - May 3, 2:55PM-3:00PM ET",Down,BUY,10.98,0.85,0x397b2b5e1a45486a646475f870c879b0055102999423fe36e87f9218c3a61990,2026-05-03 21:57:08,0xd1d7a8bfadf1d35f1f0507f716b88c0557c8c2fca8f97943f719190e490b18d4,eth-updown-5m-1777834500
"Bitcoin Up or Down - May 3, 2PM ET",Down,BUY,5,0.36,0x3a17657e337fc841f3cfe9095a710d0f72a5270e6eb165b84d49db559b26a6e3,2026-05-03 21:57:08,0x59f54f38abc74680284e906c95ad7d936c15485ff25fa8704bd967d86c9dca91,bitcoin-up-or-down-may-3-2026-2pm-et
"Ethereum Up or Down - May 3, 2:55PM-3:00PM ET",Down,BUY,31,0.875758064516129,0x397b2b5e1a45486a646475f870c879b0055102999423fe36e87f9218c3a61990,2026-05-03 21:57:08,0xe3bb7d6caadfff1fd91b0bf91df372736b3d139f3f892b9ee945bf520cfb215a,eth-updown-5m-1777834500
"Ethereum Up or Down - May 3, 2:55PM-3:00PM ET",Down,BUY,26,0.87,0x397b2b5e1a45486a646475f870c879b0055102999423fe36e87f9218c3a61990,2026-05-03 21:57:08,0x7fab98722445e49783ef9e9565f99d84752e5fd940eadc6b970e5b3f2df49a38,eth-updown-5m-1777834500
"Bitcoin Up or Down - May 3, 2:55PM-3:00PM ET",Down,BUY,7.77,0.74,0x4b91d70263f97e462e18c388e9dbc2e1e81fba0e829af694d6584c0b1ee45704,2026-05-03 21:57:06,0xd32a8863837e8aaf4cb154e0687eee652ce06cfc3094c043fb2ddab2af4bcd93,btc-updown-5m-1777834500
"Bitcoin Up or Down - May 3, 2:55PM-3:00PM ET",Down,BUY,125,0.75144,0x4b91d70263f97e462e18c388e9dbc2e1e81fba0e829af694d6584c0b1ee45704,2026-05-03 21:57:04,0x889cb0dbef1c98ebc43a45753e1de56730b9bfc8f695f64ed4a6f7f3e99d01ae,btc-updown-5m-1777834500
"Bitcoin Up or Down - May 3, 2PM ET",Down,BUY,0.12,0.33,0x3a17657e337fc841f3cfe9095a710d0f72a5270e6eb165b84d49db559b26a6e3,2026-05-03 21:57:04,0x873ad7d235d0394f972d28043bba30f29d0c8ba7840d293e0c2b991b6097282a,bitcoin-up-or-down-may-3-2026-2pm-et
"Bitcoin Up or Down - May 3, 12:00PM-4:00PM ET",Down,BUY,6,0.26,0x5d6396444a4fc085f2f01aac5ecbbb97bc5c92b612dc0ceb5bdc6bdd7a197933,2026-05-03 21:57:04,0x262e43cf01f216ee529955ee4129c20baf48dd21612902b10c9b557362921707,btc-updown-4h-1777824000
"Ethereum Up or Down - May 3, 2:55PM-3:00PM ET",Down,BUY,19,0.83,0x397b2b5e1a45486a646475f870c879b0055102999423fe36e87f9218c3a61990,2026-05-03 21:57:02,0x213e38c73e4490671eec82bc7e1e31902b43ba05743e809794a28d143fdbf2e5,eth-updown-5m-1777834500
"Ethereum Up or Down - May 3, 2:55PM-3:00PM ET",Down,BUY,17,0.82,0x397b2b5e1a45486a646475f870c879b0055102999423fe36e87f9218c3a61990,2026-05-03 21:57:02,0x095f0f10e8c507ff27d9691cb83c1d76e73446b28b542e1da18f01e6d93684d6,eth-updown-5m-1777834500
"Ethereum Up or Down - May 3, 2:55PM-3:00PM ET",Up,BUY,15,0.19,0x397b2b5e1a45486a646475f870c879b0055102999423fe36e87f9218c3a61990,2026-05-03 21:57:00,0x7d8160ef1e8a158115f9d676c18c7568324ad995e4d5b49d386dcbfd702de82b,eth-updown-5m-1777834500
"Ethereum Up or Down - May 3, 2:55PM-3:00PM ET",Up,BUY,13,0.19,0x397b2b5e1a45486a646475f870c879b0055102999423fe36e87f9218c3a61990,2026-05-03 21:57:00,0xd11b33ad07e9b82053b37bda6891c2080b33328c3999023e3880c991b45e7892,eth-updown-5m-1777834500
"Ethereum Up or Down - May 3, 2:55PM-3:00PM ET",Down,BUY,16,0.7986875,0x397b2b5e1a45486a646475f870c879b0055102999423fe36e87f9218c3a61990,2026-05-03 21:56:42,0x576ebe67ee529c1ee8b1c6ea1055942a8e05ff4e375d528ba50e44328b6285e2,eth-updown-5m-1777834500
"Ethereum Up or Down - May 3, 2:55PM-3:00PM ET",Down,BUY,5,0.75,0x397b2b5e1a45486a646475f870c879b0055102999423fe36e87f9218c3a61990,2026-05-03 21:56:42,0xf95222665e274cc558d0916cbce0b2d6fb7100a21bb8531ec7caf61702406abd,eth-updown-5m-1777834500
"Ethereum Up or Down - May 3, 2:55PM-3:00PM ET",Up,BUY,13,0.26,0x397b2b5e1a45486a646475f870c879b0055102999423fe36e87f9218c3a61990,2026-05-03 21:56:30,0x0f0fa4e506b483d6a1289f07c4f6d66e9165408b1b96f87fc97bc5bbd5b198d0,eth-updown-5m-1777834500
"Ethereum Up or Down - May 3, 2:55PM-3:00PM ET",Up,BUY,5,0.23,0x397b2b5e1a45486a646475f870c879b0055102999423fe36e87f9218c3a61990,2026-05-03 21:56:30,0x082945b94d37219c5ae3406700de52804d9d8bc7f77043f968ddc408071148af,eth-updown-5m-1777834500
"Bitcoin Up or Down - May 3, 2PM ET",Up,BUY,5,0.61,0x3a17657e337fc841f3cfe9095a710d0f72a5270e6eb165b84d49db559b26a6e3,2026-05-03 21:56:30,0x0b5579b5f682b823fa1a2d8de8d77fa8af86de6eedacf42fe78acfb967ceee82,bitcoin-up-or-down-may-3-2026-2pm-et
"Ethereum Up or Down - May 3, 2:55PM-3:00PM ET",Up,BUY,11,0.26,0x397b2b5e1a45486a646475f870c879b0055102999423fe36e87f9218c3a61990,2026-05-03 21:56:30,0xaf12b387444f879e5352c27a93efd5f9b30af4f5c2d9cb72fa61161e8b409b18,eth-updown-5m-1777834500
"Bitcoin Up or Down - May 3, 2:55PM-3:00PM ET",Down,BUY,104,0.73,0x4b91d70263f97e462e18c388e9dbc2e1e81fba0e829af694d6584c0b1ee45704,2026-05-03 21:55:44,0xd977991f43cd46a218abc13a59690bbd6c2a4f5e1904eca27ea0774ea72370a6,btc-updown-5m-1777834500
"Bitcoin Up or Down - May 3, 2:55PM-3:00PM ET",Down,BUY,89,0.6561235955056179,0x4b91d70263f97e462e18c388e9dbc2e1e81fba0e829af694d6584c0b1ee45704,2026-05-03 21:55:44,0x93bab741856199462bc3131131d1793a1dec5bb2e9c1273ca156114fecd3659f,btc-updown-5m-1777834500
"Ethereum Up or Down - May 3, 2:55PM-3:00PM ET",Down,BUY,11,0.61,0x397b2b5e1a45486a646475f870c879b0055102999423fe36e87f9218c3a61990,2026-05-03 21:55:38,0x29e96b6104b52d5b3ad54a40769a6d99aa30b73c84d393687a56e0a63d660873,eth-updown-5m-1777834500
"Bitcoin Up or Down - May 3, 2:55PM-3:00PM ET",Down,BUY,99,0.6444444444444445,0x4b91d70263f97e462e18c388e9dbc2e1e81fba0e829af694d6584c0b1ee45704,2026-05-03 21:55:38,0x36783fc42185de0bdd0b9e3412c0939d654c4d07eaaf42f6271754e7836d85b2,btc-updown-5m-1777834500
"Bitcoin Up or Down - May 3, 2:55PM-3:00PM ET",Down,BUY,95,0.6452378947368421,0x4b91d70263f97e462e18c388e9dbc2e1e81fba0e829af694d6584c0b1ee45704,2026-05-03 21:55:38,0x9d405e48f0c555980f2780e5e91aba58143f0d4582ce24a29e0e5840cf6be370,btc-updown-5m-1777834500
"Bitcoin Up or Down - May 3, 2PM ET",Down,BUY,5,0.38,0x3a17657e337fc841f3cfe9095a710d0f72a5270e6eb165b84d49db559b26a6e3,2026-05-03 21:55:38,0x396ab62572f2e9eed18283a967885a23f08756ad260c1d40dd35b72e351f94cb,bitcoin-up-or-down-may-3-2026-2pm-et
"Bitcoin Up or Down - May 3, 2PM ET",Down,BUY,5,0.38,0x3a17657e337fc841f3cfe9095a710d0f72a5270e6eb165b84d49db559b26a6e3,2026-05-03 21:55:38,0x722a12b7d6a02bd958c29f51378a4a12c505ec4e02114bca7fe1f78e46310b5e,bitcoin-up-or-down-may-3-2026-2pm-et
"Bitcoin Up or Down - May 3, 2PM ET",Down,BUY,5,0.37,0x3a17657e337fc841f3cfe9095a710d0f72a5270e6eb165b84d49db559b26a6e3,2026-05-03 21:55:38,0xd90f2879c111a0cd34e8985ab8a0d2735681917f613f752ae22ea43738640797,bitcoin-up-or-down-may-3-2026-2pm-et
"Bitcoin Up or Down - May 3, 2:55PM-3:00PM ET",Down,BUY,87,0.64,0x4b91d70263f97e462e18c388e9dbc2e1e81fba0e829af694d6584c0b1ee45704,2026-05-03 21:55:38,0x25840f2b612629954f58d0209f95e000a5c840efb6b569b95d6faef01cdb8df1,btc-updown-5m-1777834500
"Bitcoin Up or Down - May 3, 2PM ET",Down,BUY,6,0.27,0x3a17657e337fc841f3cfe9095a710d0f72a5270e6eb165b84d49db559b26a6e3,2026-05-03 21:54:30,0x4632ab6e3886cd670711e123e111e7590e6310aaadb8f0d95dadee3bdc2d1d8a,bitcoin-up-or-down-may-3-2026-2pm-et
"Bitcoin Up or Down - May 3, 12:00PM-4:00PM ET",Down,BUY,7,0.25,0x5d6396444a4fc085f2f01aac5ecbbb97bc5c92b612dc0ceb5bdc6bdd7a197933,2026-05-03 21:54:28,0x264d83f0333e22339b93aecbb57934256a1f10ee0da0d90b7138ff813fe544f6,btc-updown-4h-1777824000
"Ethereum Up or Down - May 3, 2:50PM-2:55PM ET",Down,BUY,34,0.07,0x0ef5454d21adb4568d05290b11dcdf4e15256d18c45edd1766b49379ca900141,2026-05-03 21:54:28,0xbeb23e8ded15c98b33b635efd0788964c0297aa9320817993f91e518734554a6,eth-updown-5m-1777834200
"Bitcoin Up or Down - May 3, 2PM ET",Down,BUY,7,0.25,0x3a17657e337fc841f3cfe9095a710d0f72a5270e6eb165b84d49db559b26a6e3,2026-05-03 21:54:28,0xd864a019b983332dff705d673d745549ca65e1741c6c7cb591ec8ae3613792f2,bitcoin-up-or-down-may-3-2026-2pm-et
"Bitcoin Up or Down - May 3, 2PM ET",Down,BUY,6,0.26,0x3a17657e337fc841f3cfe9095a710d0f72a5270e6eb165b84d49db559b26a6e3,2026-05-03 21:54:28,0x747216a8926e43f6b8f20e5d808e12b601bfc3f7c29cf623f11f0643e318dc40,bitcoin-up-or-down-may-3-2026-2pm-et
"Ethereum Up or Down - May 3, 2:50PM-2:55PM ET",Down,BUY,31,0.07,0x0ef5454d21adb4568d05290b11dcdf4e15256d18c45edd1766b49379ca900141,2026-05-03 21:54:28,0x053f6717515db50f3480597c8a06dd6797f767e6fb8c01bffa5e9118aa15029d,eth-updown-5m-1777834200
"Bitcoin Up or Down - May 3, 2PM ET",Down,BUY,6,0.25,0x3a17657e337fc841f3cfe9095a710d0f72a5270e6eb165b84d49db559b26a6e3,2026-05-03 21:54:28,0xe2b00babd4cc368744db4ac8b34965d06f5eda89ee09c3135b1054400a97b9aa,bitcoin-up-or-down-may-3-2026-2pm-et
"Bitcoin Up or Down - May 3, 2:45PM-3:00PM ET",Up,BUY,5051,0.99,0xce6910837d2affc232d1126dd26846807c0c0e41650fd56753f4992b5025998c,2026-05-03 21:53:56,0x72804a6e6cf65f32db414c270ecb8870db1551c7db18339fb5241a139115139a,btc-updown-15m-1777833900
"Ethereum Up or Down - May 3, 2:50PM-2:55PM ET",Up,BUY,34,0.92,0x0ef5454d21adb4568d05290b11dcdf4e15256d18c45edd1766b49379ca900141,2026-05-03 21:53:12,0x3b5d19b968ec05ea8eda2a0d2cfd3c1ebfc867b04699a5692c4c709f0f323dae,eth-updown-5m-1777834200
"Ethereum Up or Down - May 3, 2:50PM-2:55PM ET",Down,BUY,5,0.1,0x0ef5454d21adb4568d05290b11dcdf4e15256d18c45edd1766b49379ca900141,2026-05-03 21:52:58,0x3552cda315aa0aaa38078dff4fc67a0d834adf836d6a9480eb6b5581adfcf3e4,eth-updown-5m-1777834200
"Ethereum Up or Down - May 3, 2:50PM-2:55PM ET",Down,BUY,21,0.12,0x0ef5454d21adb4568d05290b11dcdf4e15256d18c45edd1766b49379ca900141,2026-05-03 21:52:58,0x408e54078b4e37e7cf0097b16d56d0803bb6538332ba036e554a8adf3d0be336,eth-updown-5m-1777834200
"Ethereum Up or Down - May 3, 2:50PM-2:55PM ET",Down,BUY,26,0.09,0x0ef5454d21adb4568d05290b11dcdf4e15256d18c45edd1766b49379ca900141,2026-05-03 21:52:10,0x26079024c1123dc03cc56a76638fadf6d33acb1457e56be13650db3a9ca9361a,eth-updown-5m-1777834200
"Bitcoin Up or Down - May 3, 2PM ET",Down,BUY,1.8,0.25,0x3a17657e337fc841f3cfe9095a710d0f72a5270e6eb165b84d49db559b26a6e3,2026-05-03 21:52:06,0x750b0643e59c51fae1807adfe267e814562fdfcce76c43058b7bbee6fd9f29c0,bitcoin-up-or-down-may-3-2026-2pm-et
"Bitcoin Up or Down - May 3, 2PM ET",Down,BUY,6,0.25,0x3a17657e337fc841f3cfe9095a710d0f72a5270e6eb165b84d49db559b26a6e3,2026-05-03 21:52:06,0x52897f19dd11fbfbc824f73362fa8c7058b4debc16b31dbe5dbf7d4a8939042f,bitcoin-up-or-down-may-3-2026-2pm-et
"Bitcoin Up or Down - May 3, 2PM ET",Down,BUY,6,0.28,0x3a17657e337fc841f3cfe9095a710d0f72a5270e6eb165b84d49db559b26a6e3,2026-05-03 21:52:06,0x3282658f34ac39cdbe1aa79609ee9f1b0b5b2f6c13220f1c6127146f85a4c22a,bitcoin-up-or-down-may-3-2026-2pm-et
"Ethereum Up or Down - May 3, 2:50PM-2:55PM ET",Down,BUY,26,0.1,0x0ef5454d21adb4568d05290b11dcdf4e15256d18c45edd1766b49379ca900141,2026-05-03 21:52:06,0x7db9636693d442a6bdbf5eed7d15bed359dc59e17082202f481fcc33fb0da04e,eth-updown-5m-1777834200
"Ethereum Up or Down - May 3, 2:50PM-2:55PM ET",Down,BUY,28,0.1,0x0ef5454d21adb4568d05290b11dcdf4e15256d18c45edd1766b49379ca900141,2026-05-03 21:52:06,0x39859f298c8d3a4996a4742bd2add9decf9bcc714f013d4a32d8f1c6865e6a83,eth-updown-5m-1777834200
"Bitcoin Up or Down - May 3, 12:00PM-4:00PM ET",Down,BUY,7,0.24,0x5d6396444a4fc085f2f01aac5ecbbb97bc5c92b612dc0ceb5bdc6bdd7a197933,2026-05-03 21:52:04,0xfa05e9ccfd012636b8a6fa072f0aa87cc6fc5d219533dce16cc896f003af98c1,btc-updown-4h-1777824000
"Bitcoin Up or Down - May 3, 2PM ET",Up,BUY,6,0.67,0x3a17657e337fc841f3cfe9095a710d0f72a5270e6eb165b84d49db559b26a6e3,2026-05-03 21:51:38,0x111cddacc4a63f9019369d855cbcdccd7c7068703edb28f82fdd3c2f7edd77d5,bitcoin-up-or-down-may-3-2026-2pm-et
"Ethereum Up or Down - May 3, 2:50PM-2:55PM ET",Up,BUY,28,0.88,0x0ef5454d21adb4568d05290b11dcdf4e15256d18c45edd1766b49379ca900141,2026-05-03 21:51:36,0x765df549c2a728a15a29f565c62507d0c31b9bd55b8ee30408be046c954dce4b,eth-updown-5m-1777834200
"Bitcoin Up or Down - May 3, 2PM ET",Up,BUY,6,0.67,0x3a17657e337fc841f3cfe9095a710d0f72a5270e6eb165b84d49db559b26a6e3,2026-05-03 21:51:36,0x72815270080131d9417f3afe9f67f99677d82c1c0b7d4259eab2b04cc2329c3e,bitcoin-up-or-down-may-3-2026-2pm-et
"Bitcoin Up or Down - May 3, 2PM ET",Up,BUY,6,0.67,0x3a17657e337fc841f3cfe9095a710d0f72a5270e6eb165b84d49db559b26a6e3,2026-05-03 21:51:36,0xb787e0deff6b8ba47a0f45c3171052ec95b11e99a89977648feae0ff15cdea74,bitcoin-up-or-down-may-3-2026-2pm-et
"Ethereum Up or Down - May 3, 2:50PM-2:55PM ET",Up,BUY,26,0.88,0x0ef5454d21adb4568d05290b11dcdf4e15256d18c45edd1766b49379ca900141,2026-05-03 21:51:36,0x4771871bfe1895875d816fe527454d96b4a2cad672b6bfa72f7d432604570262,eth-updown-5m-1777834200
"Ethereum Up or Down - May 3, 2:50PM-2:55PM ET",Up,BUY,31,0.88,0x0ef5454d21adb4568d05290b11dcdf4e15256d18c45edd1766b49379ca900141,2026-05-03 21:51:36,0x3f233086de819364889904f6edcea4a48f9e3f4c39c2c851c632ce3ae0186662,eth-updown-5m-1777834200
"Ethereum Up or Down - May 3, 2:50PM-2:55PM ET",Up,BUY,20,0.847,0x0ef5454d21adb4568d05290b11dcdf4e15256d18c45edd1766b49379ca900141,2026-05-03 21:51:30,0x8b6abed8f785f0a331cdaea7b80ddace9581249091dd1431757fc265c893bea8,eth-updown-5m-1777834200
"Ethereum Up or Down - May 3, 2:50PM-2:55PM ET",Up,BUY,24,0.87065,0x0ef5454d21adb4568d05290b11dcdf4e15256d18c45edd1766b49379ca900141,2026-05-03 21:51:30,0xa598276fcccd55eaa8babbde594adf53c1ac3094adb49499d702f2bc4f1c14d7,eth-updown-5m-1777834200
"Ethereum Up or Down - May 3, 2:50PM-2:55PM ET",Up,BUY,22,0.86,0x0ef5454d21adb4568d05290b11dcdf4e15256d18c45edd1766b49379ca900141,2026-05-03 21:51:30,0x12baab02d2b42c03c73d2facb7ad7807434cca2625521435a447a52846712b72,eth-updown-5m-1777834200
"Ethereum Up or Down - May 3, 2:50PM-2:55PM ET",Up,BUY,21,0.8533714285714286,0x0ef5454d21adb4568d05290b11dcdf4e15256d18c45edd1766b49379ca900141,2026-05-03 21:51:30,0x027a58372193d21ce1113b0bda570f6f3197461daf70e1aa14340c0a2d2fc86f,eth-updown-5m-1777834200
"Bitcoin Up or Down - May 3, 2:50PM-2:55PM ET",Up,BUY,87,0.63,0x99b34e3a038395272e1f486186606c15cc5246f6117d631bc032e3f8843c045c,2026-05-03 21:51:22,0xb1b43523c8bcd23336154e9689669a5c97b3b0ae382deb7858a529e9763d7802,btc-updown-5m-1777834200
"Bitcoin Up or Down - May 3, 2PM ET",Up,BUY,6,0.64,0x3a17657e337fc841f3cfe9095a710d0f72a5270e6eb165b84d49db559b26a6e3,2026-05-03 21:51:22,0xceb7adfe234ae2006507d67cdb0c5d601604e44b02faaac1851a998d4bf4a67b,bitcoin-up-or-down-may-3-2026-2pm-et
"Bitcoin Up or Down - May 3, 2PM ET",Up,BUY,6,0.64,0x3a17657e337fc841f3cfe9095a710d0f72a5270e6eb165b84d49db559b26a6e3,2026-05-03 21:51:22,0xa31534b937512774ae33d0c91ecb3ba484e7a78fb18cdf7fe640cff834bce358,bitcoin-up-or-down-may-3-2026-2pm-et
"Ethereum Up or Down - May 3, 2:50PM-2:55PM ET",Up,BUY,17,0.8085823529411764,0x0ef5454d21adb4568d05290b11dcdf4e15256d18c45edd1766b49379ca900141,2026-05-03 21:51:16,0x995134d4a96d522d9140aef9c87f2a0b59194f9a07f62352b3ccb25e4ef0d74b,eth-updown-5m-1777834200
"Bitcoin Up or Down - May 3, 2PM ET",Up,BUY,5,0.62,0x3a17657e337fc841f3cfe9095a710d0f72a5270e6eb165b84d49db559b26a6e3,2026-05-03 21:51:06,0xee3f2fffd3411a8dd4f83a45d8d2750d4acc6981f2255498dcba1632ad626bea,bitcoin-up-or-down-may-3-2026-2pm-et
"Bitcoin Up or Down - May 3, 2:50PM-2:55PM ET",Up,BUY,31.19,0.6114075024046168,0x99b34e3a038395272e1f486186606c15cc5246f6117d631bc032e3f8843c045c,2026-05-03 21:51:06,0xe5d7e4b3311d1d31f34130c5757bb7bb81c4b618ad3c03f8ae8d3c5e7480dae5,btc-updown-5m-1777834200
"Bitcoin Up or Down - May 3, 2PM ET",Down,BUY,5,0.41,0x3a17657e337fc841f3cfe9095a710d0f72a5270e6eb165b84d49db559b26a6e3,2026-05-03 21:50:58,0x63001b4d113c63bd1673ca7cddce3ad043100c93bb2027a2b720f9a7ac1006ca,bitcoin-up-or-down-may-3-2026-2pm-et
"Bitcoin Up or Down - May 3, 2:50PM-2:55PM ET",Down,BUY,85,0.37,0x99b34e3a038395272e1f486186606c15cc5246f6117d631bc032e3f8843c045c,2026-05-03 21:50:50,0x7495b622fa671cfc711bc69130e3e2ef299fd3aa6c1f1aeedb0c8f52dc781507,btc-updown-5m-1777834200
"Ethereum Up or Down - May 3, 2:50PM-2:55PM ET",Down,BUY,13,0.22,0x0ef5454d21adb4568d05290b11dcdf4e15256d18c45edd1766b49379ca900141,2026-05-03 21:50:50,0xf09fdf0092a36ce0350e73d6f160465434920d5cef83b3830caa33faa9b03391,eth-updown-5m-1777834200
"Bitcoin Up or Down - May 3, 2PM ET",Down,BUY,5,0.42,0x3a17657e337fc841f3cfe9095a710d0f72a5270e6eb165b84d49db559b26a6e3,2026-05-03 21:50:50,0x80e6e88e8fb709ee519bf278eb4a5b0e1256c11c622ff69bd405e0fe9ae369f2,bitcoin-up-or-down-may-3-2026-2pm-et
"Bitcoin Up or Down - May 3, 2PM ET",Down,BUY,5,0.42,0x3a17657e337fc841f3cfe9095a710d0f72a5270e6eb165b84d49db559b26a6e3,2026-05-03 21:50:48,0xa7305417aae3de860f9ff0a0c6afd6c7a83e5e174a628672ec3d3ccf92b87bae,bitcoin-up-or-down-may-3-2026-2pm-et
"Ethereum Up or Down - May 3, 2:50PM-2:55PM ET",Down,BUY,10,0.25,0x0ef5454d21adb4568d05290b11dcdf4e15256d18c45edd1766b49379ca900141,2026-05-03 21:50:48,0xbffc9269a0cd9e52a967ed65025a4870c01b6d43643f86fc4e6d2e03d2d0e348,eth-updown-5m-1777834200
"Bitcoin Up or Down - May 3, 2PM ET",Down,BUY,5,0.42,0x3a17657e337fc841f3cfe9095a710d0f72a5270e6eb165b84d49db559b26a6e3,2026-05-03 21:50:48,0x909c3b31fc2e8500ed4bf1d2bcda43d5860f0db86ca44a183e40da08099dc932,bitcoin-up-or-down-may-3-2026-2pm-et
"Bitcoin Up or Down - May 3, 2:50PM-2:55PM ET",Up,BUY,89,0.63,0x99b34e3a038395272e1f486186606c15cc5246f6117d631bc032e3f8843c045c,2026-05-03 21:50:44,0x3ea68f26b5784693b3d8a9b4320efedce004a4a973bd3f582022cdf059b23a35,btc-updown-5m-1777834200
"Bitcoin Up or Down - May 3, 2PM ET",Up,BUY,5,0.59,0x3a17657e337fc841f3cfe9095a710d0f72a5270e6eb165b84d49db559b26a6e3,2026-05-03 21:50:44,0xc6ddc1458b0edc92893aeb80e1998a69c7aeedb529f98d7df01605125bd7813e,bitcoin-up-or-down-may-3-2026-2pm-et
"Bitcoin Up or Down - May 3, 2:50PM-2:55PM ET",Up,BUY,22.04,0.62,0x99b34e3a038395272e1f486186606c15cc5246f6117d631bc032e3f8843c045c,2026-05-03 21:50:42,0x37c354db2c0dbc7033d8755f7d9f5f37e3e4ffd6722481608cc9810e62ecc3ee,btc-updown-5m-1777834200
"Bitcoin Up or Down - May 3, 2PM ET",Up,BUY,5,0.59,0x3a17657e337fc841f3cfe9095a710d0f72a5270e6eb165b84d49db559b26a6e3,2026-05-03 21:50:42,0xa3baf5068c6f277c429b591c43eaae3c4b10be01bfde00cd12fdcd38806b71f7,bitcoin-up-or-down-may-3-2026-2pm-et
"Bitcoin Up or Down - May 3, 2PM ET",Up,BUY,5,0.59,0x3a17657e337fc841f3cfe9095a710d0f72a5270e6eb165b84d49db559b26a6e3,2026-05-03 21:50:42,0xd6a0986c1a71b47ee09960c203dc85102b4cf9e7b393bc62a7a98a3fe371d5e1,bitcoin-up-or-down-may-3-2026-2pm-et
"Bitcoin Up or Down - May 3, 2:50PM-2:55PM ET",Up,BUY,87,0.63,0x99b34e3a038395272e1f486186606c15cc5246f6117d631bc032e3f8843c045c,2026-05-03 21:50:42,0x3db8d49150ba2a692114cfa2c281b46dd9999379a8a398684f77f6de313c70c4,btc-updown-5m-1777834200
"Bitcoin Up or Down - May 3, 2PM ET",Up,BUY,5,0.59,0x3a17657e337fc841f3cfe9095a710d0f72a5270e6eb165b84d49db559b26a6e3,2026-05-03 21:50:42,0xdb2a8644cc08ab6213f33cba406c15194ac2fa60de8330262369fc4ec499c18e,bitcoin-up-or-down-may-3-2026-2pm-et
"Bitcoin Up or Down - May 3, 2PM ET",Up,BUY,5,0.59,0x3a17657e337fc841f3cfe9095a710d0f72a5270e6eb165b84d49db559b26a6e3,2026-05-03 21:50:42,0x55da37bd3f72625e07831782773cd6bdd75cad1e26d2f8dcb795e67925e4e06d,bitcoin-up-or-down-may-3-2026-2pm-et
"Ethereum Up or Down - May 3, 2:50PM-2:55PM ET",Down,BUY,11,0.3265909090909091,0x0ef5454d21adb4568d05290b11dcdf4e15256d18c45edd1766b49379ca900141,2026-05-03 21:50:38,0xf56da40551bcc216d3f1c27fe5745bc4fe5a67b8733e4ca7e8d57e55bf1f7ca3,eth-updown-5m-1777834200
"Ethereum Up or Down - May 3, 2:50PM-2:55PM ET",Down,BUY,11,0.34,0x0ef5454d21adb4568d05290b11dcdf4e15256d18c45edd1766b49379ca900141,2026-05-03 21:50:28,0x155fd8cc1a35ed943952fbdf888daf62a0e24ef0acd97a06377d840cecd71e86,eth-updown-5m-1777834200
"Ethereum Up or Down - May 3, 2:50PM-2:55PM ET",Down,BUY,5,0.3,0x0ef5454d21adb4568d05290b11dcdf4e15256d18c45edd1766b49379ca900141,2026-05-03 21:50:28,0xf3641efacf48b2ae42dbd44d1451b2a2068df6899fbf2422e7f2db5cb1d6e6fd,eth-updown-5m-1777834200
"Bitcoin Up or Down - May 3, 2PM ET",Up,BUY,5,0.59,0x3a17657e337fc841f3cfe9095a710d0f72a5270e6eb165b84d49db559b26a6e3,2026-05-03 21:50:22,0x251db1cd2e7be84991ca83c46fb82ae5cbf0324a69a9ddcc250bc73a4fc18dcd,bitcoin-up-or-down-may-3-2026-2pm-et
"Bitcoin Up or Down - May 3, 2PM ET",Up,BUY,5,0.56,0x3a17657e337fc841f3cfe9095a710d0f72a5270e6eb165b84d49db559b26a6e3,2026-05-03 21:50:18,0xbfbdaa20f544debd45469e3006ac521cda756179595ad9d6d3b5c3db9be6c8c9,bitcoin-up-or-down-may-3-2026-2pm-et
"Bitcoin Up or Down - May 3, 2PM ET",Up,BUY,5,0.56,0x3a17657e337fc841f3cfe9095a710d0f72a5270e6eb165b84d49db559b26a6e3,2026-05-03 21:50:18,0xd8cbffd751e942613ea5e802fb27c7db81a3ad0e3d18c166e26d820414865e8b,bitcoin-up-or-down-may-3-2026-2pm-et
"Bitcoin Up or Down - May 3, 2PM ET",Up,BUY,5,0.56,0x3a17657e337fc841f3cfe9095a710d0f72a5270e6eb165b84d49db559b26a6e3,2026-05-03 21:50:18,0x746774525276d32c3d3c2062bad2cd3b03ec66b428e2cfa2ed55da2fa4527cc1,bitcoin-up-or-down-may-3-2026-2pm-et
"Bitcoin Up or Down - May 3, 2PM ET",Up,BUY,5,0.56,0x3a17657e337fc841f3cfe9095a710d0f72a5270e6eb165b84d49db559b26a6e3,2026-05-03 21:50:18,0x111b90d5782f92e62773e4d80a0389ddf0f913803b81fb2faf97f45b2f4a2e9b,bitcoin-up-or-down-may-3-2026-2pm-et
"Ethereum Up or Down - May 3, 2:50PM-2:55PM ET",Up,BUY,8,0.64,0x0ef5454d21adb4568d05290b11dcdf4e15256d18c45edd1766b49379ca900141,2026-05-03 21:50:18,0x78e9f01ab0d0f132ca9d1cf548a5af0e03a16a5e3394885cf459c730a739f2b4,eth-updown-5m-1777834200
"Bitcoin Up or Down - May 3, 12:00PM-4:00PM ET",Up,BUY,6,0.72,0x5d6396444a4fc085f2f01aac5ecbbb97bc5c92b612dc0ceb5bdc6bdd7a197933,2026-05-03 21:50:18,0xf027b3448f6ce619e624724343251d03d346a21bc0fcfb1e7b0de8dffdddf7fd,btc-updown-4h-1777824000
"Ethereum Up or Down - May 3, 2:50PM-2:55PM ET",Up,BUY,11,0.53,0x0ef5454d21adb4568d05290b11dcdf4e15256d18c45edd1766b49379ca900141,2026-05-03 21:50:12,0x5527fe07bbaf0bc50ccdf37c4607fbad7e77374a4f357b05231208c0ebd4bfab,eth-updown-5m-1777834200
"Bitcoin Up or Down - May 3, 2PM ET",Up,BUY,5,0.51,0x3a17657e337fc841f3cfe9095a710d0f72a5270e6eb165b84d49db559b26a6e3,2026-05-03 21:50:12,0xc4f574db35293c6e52246a0dd9e32f57b23c023644e0fad548b723f392eccd5c,bitcoin-up-or-down-may-3-2026-2pm-et
"Bitcoin Up or Down - May 3, 2:50PM-2:55PM ET",Up,BUY,0.4,0.52,0x99b34e3a038395272e1f486186606c15cc5246f6117d631bc032e3f8843c045c,2026-05-03 21:50:10,0x1feed1e0aa9cfaa04e3e668e65bcf2f39182386da982eaeddb0aaa3be38501ab,btc-updown-5m-1777834200
"Ethereum Up or Down - May 3, 2:50PM-2:55PM ET",Up,BUY,11,0.51,0x0ef5454d21adb4568d05290b11dcdf4e15256d18c45edd1766b49379ca900141,2026-05-03 21:50:10,0xa8f79ea9679ba877365470de8cdde8515b70b3f8bcd9394028d4b07a084745fc,eth-updown-5m-1777834200
"Ethereum Up or Down - May 3, 2:50PM-2:55PM ET",Up,BUY,11,0.5,0x0ef5454d21adb4568d05290b11dcdf4e15256d18c45edd1766b49379ca900141,2026-05-03 21:50:10,0xf95aa9c36615a132c91305c7369a87141b6ba3b49f8e8adf3fc74d628a8eb313,eth-updown-5m-1777834200
"Ethereum Up or Down - May 3, 2:50PM-2:55PM ET",Up,BUY,10,0.48,0x0ef5454d21adb4568d05290b11dcdf4e15256d18c45edd1766b49379ca900141,2026-05-03 21:50:10,0xbb782c7f2266d1833f65ec1c5903051e897febba4a7c0ec19993d9227d621e5a,eth-updown-5m-1777834200
"Bitcoin Up or Down - May 3, 2:45PM-3:00PM ET",Up,BUY,38,0.93,0xce6910837d2affc232d1126dd26846807c0c0e41650fd56753f4992b5025998c,2026-05-03 21:50:10,0xf0431fc3908fd7a09f2fdf86233a2f4bc03f85813caa699ec89e2be3a66bc876,btc-updown-15m-1777833900
"Bitcoin Up or Down - May 3, 2:45PM-3:00PM ET",Up,BUY,44,0.9303636363636364,0xce6910837d2affc232d1126dd26846807c0c0e41650fd56753f4992b5025998c,2026-05-03 21:50:10,0x53ff4ea9802b28b2df16073ff0b1614fff38b315bcd8a44ca90def8e1ee0e401,btc-updown-15m-1777833900
"Bitcoin Up or Down - May 3, 12:00PM-4:00PM ET",Up,BUY,6,0.66,0x5d6396444a4fc085f2f01aac5ecbbb97bc5c92b612dc0ceb5bdc6bdd7a197933,2026-05-03 21:50:10,0x4f4276033676578d680a00e1680174da2df625e608b91dc5da1d38504b5d4bf3,btc-updown-4h-1777824000
"Bitcoin Up or Down - May 3, 2PM ET",Up,BUY,0.94,0.46,0x3a17657e337fc841f3cfe9095a710d0f72a5270e6eb165b84d49db559b26a6e3,2026-05-03 21:49:22,0x716d98f6c969d3859ae4dbc3ca7baebcf7263c2722efe3394b5ca65769012c9a,bitcoin-up-or-down-may-3-2026-2pm-et
"Bitcoin Up or Down - May 3, 2:45PM-3:00PM ET",Up,BUY,15,0.7661466666666666,0xce6910837d2affc232d1126dd26846807c0c0e41650fd56753f4992b5025998c,2026-05-03 21:48:36,0xeec8c2a3de088d19ffc577ebc9aa5e6fd69f1200f0aca681596372b29535386c,btc-updown-15m-1777833900
"Bitcoin Up or Down - May 3, 2:45PM-2:50PM ET",Up,BUY,35.83,0.93,0xeb37c40fbb34d7df87a23cbccb6444f7ca2d282910e3d73d06dfb132fc621ac1,2026-05-03 21:48:36,0x93c215c129f035fc380b3cb870fddf5cd9417fcc38edc01d698f55a307a6f67c,btc-updown-5m-1777833900
"Bitcoin Up or Down - May 3, 2:45PM-3:00PM ET",Up,BUY,14,0.7542857142857143,0xce6910837d2affc232d1126dd26846807c0c0e41650fd56753f4992b5025998c,2026-05-03 21:48:36,0x4bea8d06546ef358e814a04dac3128c6299d54761b3d38df5c1d97cf498d710a,btc-updown-15m-1777833900
"Bitcoin Up or Down - May 3, 12:00PM-4:00PM ET",Up,BUY,0.19,0.64,0x5d6396444a4fc085f2f01aac5ecbbb97bc5c92b612dc0ceb5bdc6bdd7a197933,2026-05-03 21:48:36,0x2158e24c7826941d2e063a1ee0257384c487771db02e2319fbc670115502d4df,btc-updown-4h-1777824000
"Ethereum Up or Down - May 3, 2:45PM-2:50PM ET",Up,BUY,44,0.9026045454545455,0x11ed6327ebc26cc56bd77ef09c5e9a63d52c93949a3f4b03cb98a2cb285acf9c,2026-05-03 21:48:36,0x9d61add9f23576bea4834d31d328d70a4deb61175f671a6a3cbe6b82905091eb,eth-updown-5m-1777833900
"Ethereum Up or Down - May 3, 2:45PM-2:50PM ET",Up,BUY,53,0.859022641509434,0x11ed6327ebc26cc56bd77ef09c5e9a63d52c93949a3f4b03cb98a2cb285acf9c,2026-05-03 21:48:36,0xd5643f9c141c8cd33da4ef7d95d78d96cc502486dbfa4eecb54abd2c95e99d27,eth-updown-5m-1777833900
"Bitcoin Up or Down - May 3, 2:45PM-3:00PM ET",Up,BUY,20,0.801665,0xce6910837d2affc232d1126dd26846807c0c0e41650fd56753f4992b5025998c,2026-05-03 21:48:36,0xd7fe1e1cdfbfcde8cffca5243870d48e2d856fadf701dac560539da18d77cbf1,btc-updown-15m-1777833900
"Bitcoin Up or Down - May 3, 2:45PM-3:00PM ET",Up,BUY,22,0.8,0xce6910837d2affc232d1126dd26846807c0c0e41650fd56753f4992b5025998c,2026-05-03 21:48:36,0x34d395c2ee510661689fa16ccd29531840a424e8fe48df21c9a5c107adb92885,btc-updown-15m-1777833900
"Bitcoin Up or Down - May 3, 2:45PM-2:50PM ET",Up,BUY,221.19,0.95,0xeb37c40fbb34d7df87a23cbccb6444f7ca2d282910e3d73d06dfb132fc621ac1,2026-05-03 21:48:36,0xd3c528e7b26d8a5a50ce467f27eaba364ab4f491e5326826cb6eabccf9a551d8,btc-updown-5m-1777833900
"Bitcoin Up or Down - May 3, 2:45PM-2:50PM ET",Up,BUY,79.36,0.96,0xeb37c40fbb34d7df87a23cbccb6444f7ca2d282910e3d73d06dfb132fc621ac1,2026-05-03 21:48:36,0x161a015487e222193353daffcae1c3c1478abf01de3b48f4599e59790cdfc344,btc-updown-5m-1777833900
"Bitcoin Up or Down - May 3, 2:45PM-3:00PM ET",Up,BUY,26,0.78,0xce6910837d2affc232d1126dd26846807c0c0e41650fd56753f4992b5025998c,2026-05-03 21:48:36,0x3b1ff67fbfdf2fdd15001db687d4302f468188955e9285e02f03bb3f43b8491c,btc-updown-15m-1777833900
"Ethereum Up or Down - May 3, 2:45PM-2:50PM ET",Up,BUY,16,0.78,0x11ed6327ebc26cc56bd77ef09c5e9a63d52c93949a3f4b03cb98a2cb285acf9c,2026-05-03 21:48:36,0x6f0ee3eb583c0904a43c40bc345243b5692ac86903aa004ae0f4af5cfc3ce23f,eth-updown-5m-1777833900
"Bitcoin Up or Down - May 3, 2:45PM-3:00PM ET",Up,BUY,18,0.78,0xce6910837d2affc232d1126dd26846807c0c0e41650fd56753f4992b5025998c,2026-05-03 21:48:36,0x9dff2b2e2c9d6f5cfccad9685bdb32ba07fe2331fc4a7c88f1ffcf28ca49d8a8,btc-updown-15m-1777833900
"Bitcoin Up or Down - May 3, 2:45PM-3:00PM ET",Up,BUY,17,0.78,0xce6910837d2affc232d1126dd26846807c0c0e41650fd56753f4992b5025998c,2026-05-03 21:48:36,0x1fd0c401358e2b185cbc7a67215cbff5193d10199c758136b363afb888ddd988,btc-updown-15m-1777833900
"Bitcoin Up or Down - May 3, 2:45PM-3:00PM ET",Up,BUY,16,0.78,0xce6910837d2affc232d1126dd26846807c0c0e41650fd56753f4992b5025998c,2026-05-03 21:48:36,0x2d5b992f7b3faf43adb5e52a993482b953bcd788a5b11a010966f00b675db808,btc-updown-15m-1777833900
"Ethereum Up or Down - May 3, 2:45PM-2:50PM ET",Up,BUY,22,0.8,0x11ed6327ebc26cc56bd77ef09c5e9a63d52c93949a3f4b03cb98a2cb285acf9c,2026-05-03 21:48:36,0x57defd905943a674c61a67c2819029faff0f93ed309678141b3aa97f65a8f680,eth-updown-5m-1777833900
"Ethereum Up or Down - May 3, 2:45PM-2:50PM ET",Up,BUY,31,0.7828709677419354,0x11ed6327ebc26cc56bd77ef09c5e9a63d52c93949a3f4b03cb98a2cb285acf9c,2026-05-03 21:48:36,0x7e5bfc701b81d80aa6daa1f954c8d57a42ceaecabece9401ab62cd0ee2080666,eth-updown-5m-1777833900
"Ethereum Up or Down - May 3, 2:45PM-2:50PM ET",Up,BUY,34,0.78,0x11ed6327ebc26cc56bd77ef09c5e9a63d52c93949a3f4b03cb98a2cb285acf9c,2026-05-03 21:48:36,0x5400e14494b71e7424f88a2dd9b6784b846c97c4fa07cf61ee2b6a067b94bdcd,eth-updown-5m-1777833900
"Ethereum Up or Down - May 3, 2:45PM-2:50PM ET",Up,BUY,21,0.78,0x11ed6327ebc26cc56bd77ef09c5e9a63d52c93949a3f4b03cb98a2cb285acf9c,2026-05-03 21:48:36,0xb333673c3c7deeeb771b86a46a15e266c19d333e3c458078ccccc0851b3bbeef,eth-updown-5m-1777833900
"Bitcoin Up or Down - May 3, 2:45PM-3:00PM ET",Up,BUY,16,0.78,0xce6910837d2affc232d1126dd26846807c0c0e41650fd56753f4992b5025998c,2026-05-03 21:48:36,0x58af197678bfb70608cb9740425b8352c832eb3d13af9c8066ed4441ff27aee6,btc-updown-15m-1777833900
"Ethereum Up or Down - May 3, 2:45PM-2:50PM ET",Up,BUY,15,0.78,0x11ed6327ebc26cc56bd77ef09c5e9a63d52c93949a3f4b03cb98a2cb285acf9c,2026-05-03 21:48:36,0x11db8e786491842adf0a734f51b1cd747e62430e9eed81f804ecc2e66f9a32e9,eth-updown-5m-1777833900
"Bitcoin Up or Down - May 3, 2:45PM-2:50PM ET",Up,BUY,112.73,0.94,0xeb37c40fbb34d7df87a23cbccb6444f7ca2d282910e3d73d06dfb132fc621ac1,2026-05-03 21:48:36,0x060d89f6ba8b3b949559fa8f14dab62b81c201ca9b3527300a26fd24ec2fd1b6,btc-updown-5m-1777833900
"Ethereum Up or Down - May 3, 2:45PM-2:50PM ET",Up,BUY,10,0.58,0x11ed6327ebc26cc56bd77ef09c5e9a63d52c93949a3f4b03cb98a2cb285acf9c,2026-05-03 21:46:42,0x7a24275d607e8d70273b863a864a4be078646a6c4673da5960c92f9df63d20c3,eth-updown-5m-1777833900
"Bitcoin Up or Down - May 3, 2:45PM-2:50PM ET",Down,BUY,97,0.26803917525773197,0xeb37c40fbb34d7df87a23cbccb6444f7ca2d282910e3d73d06dfb132fc621ac1,2026-05-03 21:46:18,0xac35f836cf0e4395f5f6e70f63c19b39eb76ff0aec1d0c4de551deba0cda6292,btc-updown-5m-1777833900
"Bitcoin Up or Down - May 3, 2:45PM-3:00PM ET",Down,BUY,11,0.33,0xce6910837d2affc232d1126dd26846807c0c0e41650fd56753f4992b5025998c,2026-05-03 21:46:18,0xc41ec5bc15341bfc2c2842caa91bc6acd197d09cd2e998ad40696fba086afe50,btc-updown-15m-1777833900
"Bitcoin Up or Down - May 3, 2PM ET",Down,BUY,6,0.72,0x3a17657e337fc841f3cfe9095a710d0f72a5270e6eb165b84d49db559b26a6e3,2026-05-03 21:46:18,0xbf78213417db5d98adf44a5d16769f53646f3f8cf19106b514cea5ef3c721fbf,bitcoin-up-or-down-may-3-2026-2pm-et
"Ethereum Up or Down - May 3, 2:45PM-2:50PM ET",Down,BUY,10,0.422,0x11ed6327ebc26cc56bd77ef09c5e9a63d52c93949a3f4b03cb98a2cb285acf9c,2026-05-03 21:46:10,0x47bfb05560eb4cb76cc14eac7092f7c5f43b622bc71afa62fdbf20adc3a0a7cb,eth-updown-5m-1777833900
"Ethereum Up or Down - May 3, 2:45PM-2:50PM ET",Down,BUY,11,0.3518181818181818,0x11ed6327ebc26cc56bd77ef09c5e9a63d52c93949a3f4b03cb98a2cb285acf9c,2026-05-03 21:46:04,0xabbf0a8f6ca35f3664eb48dc188f382837d96729a3f89767efdadb520b39b870,eth-updown-5m-1777833900
"Ethereum Up or Down - May 3, 2:45PM-2:50PM ET",Down,BUY,10,0.37,0x11ed6327ebc26cc56bd77ef09c5e9a63d52c93949a3f4b03cb98a2cb285acf9c,2026-05-03 21:46:04,0x35c9d5756c0e0e08c66c72a79fbf0f4f5fa5eb66238333a000733af7f6342573,eth-updown-5m-1777833900
"Ethereum Up or Down - May 3, 2:45PM-2:50PM ET",Down,BUY,10,0.37,0x11ed6327ebc26cc56bd77ef09c5e9a63d52c93949a3f4b03cb98a2cb285acf9c,2026-05-03 21:46:04,0x628b37d8ac24acc4f26cce62461c1faae70caa12e04f19d3d0b7276bf6bd2b42,eth-updown-5m-1777833900
"Ethereum Up or Down - May 3, 2:45PM-2:50PM ET",Down,BUY,11,0.36,0x11ed6327ebc26cc56bd77ef09c5e9a63d52c93949a3f4b03cb98a2cb285acf9c,2026-05-03 21:46:02,0xec21d1cfb59db38e550517cb63d87ea31fb229016173eeed10adb7afbe19700b,eth-updown-5m-1777833900
"Ethereum Up or Down - May 3, 2:45PM-2:50PM ET",Down,BUY,11,0.34454545454545454,0x11ed6327ebc26cc56bd77ef09c5e9a63d52c93949a3f4b03cb98a2cb285acf9c,2026-05-03 21:46:02,0xab904b75673b925e64550e4508337472b03ae5ae33c234c385be23d361158bbd,eth-updown-5m-1777833900
"Ethereum Up or Down - May 3, 2:45PM-2:50PM ET",Down,BUY,10.69,0.32,0x11ed6327ebc26cc56bd77ef09c5e9a63d52c93949a3f4b03cb98a2cb285acf9c,2026-05-03 21:46:02,0x942c376a74e8db0fe042c2ba2ce4c4ff28501bdb2e5d3a653afc2f3432cd233e,eth-updown-5m-1777833900
"Bitcoin Up or Down - May 3, 2:45PM-2:50PM ET",Down,BUY,99,0.26,0xeb37c40fbb34d7df87a23cbccb6444f7ca2d282910e3d73d06dfb132fc621ac1,2026-05-03 21:45:58,0x26859f479f5e9d1482cb18dfe6b5befaac77885d1ea609ac4ab755c95ac7954f,btc-updown-5m-1777833900
"Bitcoin Up or Down - May 3, 2PM ET",Down,BUY,6,0.69,0x3a17657e337fc841f3cfe9095a710d0f72a5270e6eb165b84d49db559b26a6e3,2026-05-03 21:45:58,0x1e1766780dedcbd4be494bdc0fc3c54d2a152c647ea7673977f80d541373ddf6,bitcoin-up-or-down-may-3-2026-2pm-et
"Bitcoin Up or Down - May 3, 2PM ET",Up,BUY,6,0.31,0x3a17657e337fc841f3cfe9095a710d0f72a5270e6eb165b84d49db559b26a6e3,2026-05-03 21:45:54,0x790956837ae6810a441f4249470717321e0a51aa5bb24c13d4a89537336a96c3,bitcoin-up-or-down-may-3-2026-2pm-et
"Ethereum Up or Down - May 3, 2:45PM-2:50PM ET",Up,BUY,5.32,0.72,0x11ed6327ebc26cc56bd77ef09c5e9a63d52c93949a3f4b03cb98a2cb285acf9c,2026-05-03 21:45:50,0xa34427c0dbc5e54dab189283a92d3c4964824a73b1d8c15bb5823c88f5c268ea,eth-updown-5m-1777833900
"Bitcoin Up or Down - May 3, 2:45PM-2:50PM ET",Up,BUY,130,0.77,0xeb37c40fbb34d7df87a23cbccb6444f7ca2d282910e3d73d06dfb132fc621ac1,2026-05-03 21:45:46,0xa762b9fafdd4427b98162d467a8aec6d1c179da20c8377296592e4c3d58606b9,btc-updown-5m-1777833900
"Bitcoin Up or Down - May 3, 2:45PM-3:00PM ET",Up,BUY,11,0.6545454545454545,0xce6910837d2affc232d1126dd26846807c0c0e41650fd56753f4992b5025998c,2026-05-03 21:45:46,0x8598ecef07d854c54912c6164e8de0d52d49ae04173261126ef6420e064a2bbc,btc-updown-15m-1777833900
"Ethereum Up or Down - May 3, 2:45PM-2:50PM ET",Up,BUY,12,0.67,0x11ed6327ebc26cc56bd77ef09c5e9a63d52c93949a3f4b03cb98a2cb285acf9c,2026-05-03 21:45:46,0xa5d5a2814f32cd7d1485f89e14fbbf09e30ed60e6c5526760a6256ad0ad05186,eth-updown-5m-1777833900
"Ethereum Up or Down - May 3, 2:45PM-2:50PM ET",Up,BUY,11,0.652309090909091,0x11ed6327ebc26cc56bd77ef09c5e9a63d52c93949a3f4b03cb98a2cb285acf9c,2026-05-03 21:45:36,0x12839691dc351a7cfe8bc5c3d6874852ee98eb2cbebd080119ddfc67e6a2ed06,eth-updown-5m-1777833900
"Ethereum Up or Down - May 3, 2:45PM-2:50PM ET",Up,BUY,11,0.6063636363636363,0x11ed6327ebc26cc56bd77ef09c5e9a63d52c93949a3f4b03cb98a2cb285acf9c,2026-05-03 21:45:34,0xae345960ddcde0c9441348755253a4ff38349c90d240860608c976e661aab7ac,eth-updown-5m-1777833900
"Ethereum Up or Down - May 3, 2:45PM-2:50PM ET",Up,BUY,10,0.45575,0x11ed6327ebc26cc56bd77ef09c5e9a63d52c93949a3f4b03cb98a2cb285acf9c,2026-05-03 21:45:30,0xb51448b60bf1f4c4876db8d255a15a4e4ffda721b21f830cc2bf8d3a91abebf5,eth-updown-5m-1777833900
"Bitcoin Up or Down - May 3, 2:45PM-3:00PM ET",Up,BUY,11,0.61,0xce6910837d2affc232d1126dd26846807c0c0e41650fd56753f4992b5025998c,2026-05-03 21:45:30,0x2f93b591f7b1178efa611c6d0c3c03b2affab1a7ddeab8c8a1d8fdfd200d458b,btc-updown-15m-1777833900
"Bitcoin Up or Down - May 3, 2PM ET",Up,BUY,3,0.22,0x3a17657e337fc841f3cfe9095a710d0f72a5270e6eb165b84d49db559b26a6e3,2026-05-03 21:45:30,0x05ea04da031af41fa35d0ac9681b3e5a0675c673e15b934638f2ca4b1989308c,bitcoin-up-or-down-may-3-2026-2pm-et
"Bitcoin Up or Down - May 3, 2PM ET",Up,BUY,7,0.22,0x3a17657e337fc841f3cfe9095a710d0f72a5270e6eb165b84d49db559b26a6e3,2026-05-03 21:45:30,0xc764d6167a95c2fde23dcc2f5bd3e45f9cb8e791d1a5203eedb2ed3b2b86043e,bitcoin-up-or-down-may-3-2026-2pm-et
"Ethereum Up or Down - May 3, 2:45PM-2:50PM ET",Up,BUY,0.71,0.47,0x11ed6327ebc26cc56bd77ef09c5e9a63d52c93949a3f4b03cb98a2cb285acf9c,2026-05-03 21:45:30,0x3cef8dd244ca8d8e15962fea118d0c735295891dfab9972ffc0f6b3ddf3b16b0,eth-updown-5m-1777833900
"Bitcoin Up or Down - May 3, 2:45PM-2:50PM ET",Up,BUY,82,0.57,0xeb37c40fbb34d7df87a23cbccb6444f7ca2d282910e3d73d06dfb132fc621ac1,2026-05-03 21:45:26,0x1569da59267e282e660825735eaef34a04df71a711e82fcc4404e66df819aa86,btc-updown-5m-1777833900
"Ethereum Up or Down - May 3, 2:45PM-2:50PM ET",Up,BUY,10,0.44,0x11ed6327ebc26cc56bd77ef09c5e9a63d52c93949a3f4b03cb98a2cb285acf9c,2026-05-03 21:45:24,0xfa143e88515e62f1d2d5797091b02c61e9474ab7959dc7ec07ff164dd18ad082,eth-updown-5m-1777833900
"Bitcoin Up or Down - May 3, 2:45PM-2:50PM ET",Up,BUY,81,0.5522765432098765,0xeb37c40fbb34d7df87a23cbccb6444f7ca2d282910e3d73d06dfb132fc621ac1,2026-05-03 21:45:24,0x769780d353fd857d23485cd8ecd626d8c377014bbd5616329a9e6280976a7673,btc-updown-5m-1777833900
"Bitcoin Up or Down - May 3, 2:45PM-2:50PM ET",Up,BUY,84,0.5688095238095238,0xeb37c40fbb34d7df87a23cbccb6444f7ca2d282910e3d73d06dfb132fc621ac1,2026-05-03 21:45:24,0x8171ec440b884aa5e72e8923e10dc6e8faa3f33f8013eaf35cfe3b9ba7d0bbb1,btc-updown-5m-1777833900
"Ethereum Up or Down - May 3, 2:45PM-2:50PM ET",Up,BUY,10,0.44,0x11ed6327ebc26cc56bd77ef09c5e9a63d52c93949a3f4b03cb98a2cb285acf9c,2026-05-03 21:45:24,0x3d2cc13ef5f058eb3c78678729b54367bf2327970332d701005d6f3eec574cb6,eth-updown-5m-1777833900
"Bitcoin Up or Down - May 3, 2PM ET",Up,BUY,7,0.22,0x3a17657e337fc841f3cfe9095a710d0f72a5270e6eb165b84d49db559b26a6e3,2026-05-03 21:45:24,0xffdfed5b4a7c12598d8659567b44de5a2a7496236fcce679386bc67d16a2a702,bitcoin-up-or-down-may-3-2026-2pm-et
"Bitcoin Up or Down - May 3, 2:45PM-3:00PM ET",Up,BUY,10,0.54,0xce6910837d2affc232d1126dd26846807c0c0e41650fd56753f4992b5025998c,2026-05-03 21:45:24,0x16bef17fd692d9d5f8ab21b05ee8c138462965299ff8bed570624c5aee5bc356,btc-updown-15m-1777833900
"Bitcoin Up or Down - May 3, 2:45PM-3:00PM ET",Up,BUY,10,0.54,0xce6910837d2affc232d1126dd26846807c0c0e41650fd56753f4992b5025998c,2026-05-03 21:45:24,0x0f102d13fe0107a944165edd8300e9d28c8f9b7e703baf24119263810e683f3b,btc-updown-15m-1777833900
"Ethereum Up or Down - May 3, 2:45PM-2:50PM ET",Up,BUY,10,0.43,0x11ed6327ebc26cc56bd77ef09c5e9a63d52c93949a3f4b03cb98a2cb285acf9c,2026-05-03 21:45:18,0xcef56feb2ae0eb9e83f7dbcb3d8caa550b77667f800c209600153cd137598615,eth-updown-5m-1777833900
"Ethereum Up or Down - May 3, 2:45PM-2:50PM ET",Up,BUY,10,0.41,0x11ed6327ebc26cc56bd77ef09c5e9a63d52c93949a3f4b03cb98a2cb285acf9c,2026-05-03 21:45:18,0xfcd112dc1863d33c71df2f0bfb8423c9c809c177547bb20246cfa72c28cc2315,eth-updown-5m-1777833900
"Bitcoin Up or Down - May 3, 2:45PM-2:50PM ET",Down,BUY,80,0.49,0xeb37c40fbb34d7df87a23cbccb6444f7ca2d282910e3d73d06dfb132fc621ac1,2026-05-03 21:45:18,0x38053a4160641879d3d05a378c06de3ebe049e9291653b03965b86823ba0e69d,btc-updown-5m-1777833900
"Ethereum Up or Down - May 3, 2:45PM-2:50PM ET",Down,BUY,10,0.505,0x11ed6327ebc26cc56bd77ef09c5e9a63d52c93949a3f4b03cb98a2cb285acf9c,2026-05-03 21:45:16,0xbcb9a948f9ea5bcc1c5d4a37080807be15627e0a571b0522927cb686a3e844c3,eth-updown-5m-1777833900
"Ethereum Up or Down - May 3, 2:45PM-2:50PM ET",Down,BUY,10,0.5,0x11ed6327ebc26cc56bd77ef09c5e9a63d52c93949a3f4b03cb98a2cb285acf9c,2026-05-03 21:45:16,0xbc949a27fd3eb21895942522990003220ea37e5d8ce87735203f6bfb636a0894,eth-updown-5m-1777833900
"Bitcoin Up or Down - May 3, 2PM ET",Down,BUY,5,0.68,0x3a17657e337fc841f3cfe9095a710d0f72a5270e6eb165b84d49db559b26a6e3,2026-05-03 21:44:50,0xaff947f8196cda7062b7ab58ff6eddc11ad15dc96efea82c1d44e82a9be24ff8,bitcoin-up-or-down-may-3-2026-2pm-et
"Bitcoin Up or Down - May 3, 2PM ET",Down,BUY,5,0.67,0x3a17657e337fc841f3cfe9095a710d0f72a5270e6eb165b84d49db559b26a6e3,2026-05-03 21:44:48,0xa3f41737d1b4d00567aea647654eac6046f20d4bfca60f5d88a5199a35ca8474,bitcoin-up-or-down-may-3-2026-2pm-et
"Bitcoin Up or Down - May 3, 12:00PM-4:00PM ET",Down,BUY,5,0.38,0x5d6396444a4fc085f2f01aac5ecbbb97bc5c92b612dc0ceb5bdc6bdd7a197933,2026-05-03 21:44:48,0x7b89dd48d040ba1a5f085bcfd051899e713fa8e19bf39625a9d65f9fc92e15a9,btc-updown-4h-1777824000
"Bitcoin Up or Down - May 3, 2PM ET",Up,BUY,6,0.31,0x3a17657e337fc841f3cfe9095a710d0f72a5270e6eb165b84d49db559b26a6e3,2026-05-03 21:44:24,0xd2684d9f38079385d2efb113ae0e064eef1e9819556499e23862e83e6cdaeb5f,bitcoin-up-or-down-may-3-2026-2pm-et
"Bitcoin Up or Down - May 3, 12:00PM-4:00PM ET",Up,BUY,3.27,0.58,0x5d6396444a4fc085f2f01aac5ecbbb97bc5c92b612dc0ceb5bdc6bdd7a197933,2026-05-03 21:44:22,0x142893eaed9835fc95eaa59cfb9fce1d4149815e9584e5e9b26fd9cb0a516389,btc-updown-4h-1777824000
"Bitcoin Up or Down - May 3, 2PM ET",Down,BUY,6,0.73,0x3a17657e337fc841f3cfe9095a710d0f72a5270e6eb165b84d49db559b26a6e3,2026-05-03 21:43:54,0x32f8ec8db2f8cefc475b394a39c68c05fa78e70cd0dccef8afa8213ac11e6654,bitcoin-up-or-down-may-3-2026-2pm-et
"Bitcoin Up or Down - May 3, 2PM ET",Down,BUY,6,0.73,0x3a17657e337fc841f3cfe9095a710d0f72a5270e6eb165b84d49db559b26a6e3,2026-05-03 21:43:54,0x09bc93f76f061d75f958514e3725d7c2d311d1d70608c2f08818f5abb56a59fb,bitcoin-up-or-down-may-3-2026-2pm-et
"Bitcoin Up or Down - May 3, 12:00PM-4:00PM ET",Down,BUY,5,0.43,0x5d6396444a4fc085f2f01aac5ecbbb97bc5c92b612dc0ceb5bdc6bdd7a197933,2026-05-03 21:43:52,0x935988188588e7f5955fb7c1bf2cccc24138bafbeb035c0a3b958d4e7c89e33c,btc-updown-4h-1777824000
"Ethereum Up or Down - May 3, 2:40PM-2:45PM ET",Down,BUY,14,0.23,0x612477d9c9df70c96768bffbf737db978b0a89bf3734257be8e74aea832f8f61,2026-05-03 21:43:40,0x946adba1dc7c8c72e362feb572bc600f84ff5d9bc16c9c3beb3e5cb7336cdf1a,eth-updown-5m-1777833600
"Bitcoin Up or Down - May 3, 2PM ET",Up,BUY,6,0.29,0x3a17657e337fc841f3cfe9095a710d0f72a5270e6eb165b84d49db559b26a6e3,2026-05-03 21:43:38,0x1be6b843ea92ddbead1bb262e21c925eeb28066edd8d6d8d9a1d198ad3aa2167,bitcoin-up-or-down-may-3-2026-2pm-et
"Bitcoin Up or Down - May 3, 2PM ET",Up,BUY,5,0.28,0x3a17657e337fc841f3cfe9095a710d0f72a5270e6eb165b84d49db559b26a6e3,2026-05-03 21:43:38,0x78aeede743cc054eea030d0cd5aea441f33248448a9abaa8382905a77558c060,bitcoin-up-or-down-may-3-2026-2pm-et
"Bitcoin Up or Down - May 3, 12:00PM-4:00PM ET",Up,BUY,5,0.56,0x5d6396444a4fc085f2f01aac5ecbbb97bc5c92b612dc0ceb5bdc6bdd7a197933,2026-05-03 21:43:34,0x30f0c654be5e8f060fea95007383aeacc9cba74da34477c795b8446d976c67c5,btc-updown-4h-1777824000
"Bitcoin Up or Down - May 3, 12:00PM-4:00PM ET",Up,BUY,5,0.58,0x5d6396444a4fc085f2f01aac5ecbbb97bc5c92b612dc0ceb5bdc6bdd7a197933,2026-05-03 21:43:34,0x966a9e879cf15849d795b6f34cd76660f246438468e02caa99b0e1f153c428c9,btc-updown-4h-1777824000
"Bitcoin Up or Down - May 3, 2:40PM-2:45PM ET",Up,BUY,80,0.45,0xaa369dc69746555deb325a7da763a68e5f4d2762b181daf10a97e4063116b9eb,2026-05-03 21:43:12,0x909708055b24d287b933792937f49e47564d04b4223f965f08cd1560881403f3,btc-updown-5m-1777833600
"Bitcoin Up or Down - May 3, 2:40PM-2:45PM ET",Up,BUY,80,0.45,0xaa369dc69746555deb325a7da763a68e5f4d2762b181daf10a97e4063116b9eb,2026-05-03 21:43:10,0x2b557d90f722aa10b32b2a047d82f76980492e492e1c45fed078ae5b88707acd,btc-updown-5m-1777833600
"Ethereum Up or Down - May 3, 2:40PM-2:45PM ET",Down,BUY,10,0.45,0x612477d9c9df70c96768bffbf737db978b0a89bf3734257be8e74aea832f8f61,2026-05-03 21:42:50,0x35fc45d18fb5062f9107be90561e1e77ef43ff83f367314b94bed2479d9447f4,eth-updown-5m-1777833600
"Ethereum Up or Down - May 3, 2:40PM-2:45PM ET",Up,BUY,11,0.55,0x612477d9c9df70c96768bffbf737db978b0a89bf3734257be8e74aea832f8f61,2026-05-03 21:42:38,0x34e1dc2152b5a6263309298506ec7806dc6337a661e90d12a96df9943e928f15,eth-updown-5m-1777833600
"Bitcoin Up or Down - May 3, 2:40PM-2:45PM ET",Up,BUY,82,0.39,0xaa369dc69746555deb325a7da763a68e5f4d2762b181daf10a97e4063116b9eb,2026-05-03 21:42:38,0xa742dbb8b61f904a4226d0a4ea275a157077f30b73a5e6e8a9dd070962c5074e,btc-updown-5m-1777833600
"Bitcoin Up or Down - May 3, 2:40PM-2:45PM ET",Up,BUY,85,0.5000235294117648,0xaa369dc69746555deb325a7da763a68e5f4d2762b181daf10a97e4063116b9eb,2026-05-03 21:42:38,0xaec3a19218634f8dcf68f35edfd7e499af4e317a579f9e5e29e69b553c1234f2,btc-updown-5m-1777833600
"Bitcoin Up or Down - May 3, 2PM ET",Up,BUY,7,0.2126,0x3a17657e337fc841f3cfe9095a710d0f72a5270e6eb165b84d49db559b26a6e3,2026-05-03 21:42:38,0x3852fc698dc6dcc066ef024d095bc922a756bbeba369b622bf2b9947469b1160,bitcoin-up-or-down-may-3-2026-2pm-et
"Ethereum Up or Down - May 3, 2:40PM-2:45PM ET",Up,BUY,10,0.55156,0x612477d9c9df70c96768bffbf737db978b0a89bf3734257be8e74aea832f8f61,2026-05-03 21:42:38,0x2c9cc7348c7df1f59b5ed38429d687d61fe5b0ea27269ccf6bb70c99cb172ad3,eth-updown-5m-1777833600
"Ethereum Up or Down - May 3, 2:40PM-2:45PM ET",Up,BUY,10,0.55,0x612477d9c9df70c96768bffbf737db978b0a89bf3734257be8e74aea832f8f61,2026-05-03 21:42:38,0x6c47447932939202a38389fa3d8cd3234782b41e8b9257f5e5b26f8c18eb031f,eth-updown-5m-1777833600
"Bitcoin Up or Down - May 3, 2:40PM-2:45PM ET",Up,BUY,10,0.465,0xaa369dc69746555deb325a7da763a68e5f4d2762b181daf10a97e4063116b9eb,2026-05-03 21:42:38,0x76076863183ffe23e8479c991516a14e5ab391c7dc34a13374c665d3a6784890,btc-updown-5m-1777833600
"Bitcoin Up or Down - May 3, 2:40PM-2:45PM ET",Up,BUY,80,0.48,0xaa369dc69746555deb325a7da763a68e5f4d2762b181daf10a97e4063116b9eb,2026-05-03 21:42:38,0x59675b81fce4bdd3e1d0aef9186cd0f92b082752f39ed0900d698575c6955755,btc-updown-5m-1777833600
"Bitcoin Up or Down - May 3, 12:00PM-4:00PM ET",Up,BUY,5,0.56,0x5d6396444a4fc085f2f01aac5ecbbb97bc5c92b612dc0ceb5bdc6bdd7a197933,2026-05-03 21:42:36,0xede4f0859db2b157404ee873027cfa89d14caa6cc99f595e353fc8b69b584a40,btc-updown-4h-1777824000
"Bitcoin Up or Down - May 3, 12:00PM-4:00PM ET",Up,BUY,5,0.56,0x5d6396444a4fc085f2f01aac5ecbbb97bc5c92b612dc0ceb5bdc6bdd7a197933,2026-05-03 21:42:36,0xc42a15705e430b50d5bd4ac0ad1489a0efc637add2087fc07acdf4423616cf87,btc-updown-4h-1777824000
"Bitcoin Up or Down - May 3, 2:40PM-2:45PM ET",Down,BUY,83,0.5719903614457831,0xaa369dc69746555deb325a7da763a68e5f4d2762b181daf10a97e4063116b9eb,2026-05-03 21:42:04,0x67b5c75c654bf0af59bc0b60b36ee46dd4366ea52bc59cd3572df0c44e688474,btc-updown-5m-1777833600
"Bitcoin Up or Down - May 3, 2PM ET",Up,BUY,5,0.22,0x3a17657e337fc841f3cfe9095a710d0f72a5270e6eb165b84d49db559b26a6e3,2026-05-03 21:42:04,0x63a414197b524b818dbcfdd54f1e0802fa45735108538d4257c1617e9836861d,bitcoin-up-or-down-may-3-2026-2pm-et
"Bitcoin Up or Down - May 3, 2:40PM-2:45PM ET",Up,BUY,80,0.431795,0xaa369dc69746555deb325a7da763a68e5f4d2762b181daf10a97e4063116b9eb,2026-05-03 21:42:04,0x63a0e9cab0f77723afa04a9031a81e696c2b58917c0d2f55e14a6c178587e145,btc-updown-5m-1777833600
"Bitcoin Up or Down - May 3, 2:40PM-2:45PM ET",Up,BUY,80,0.43,0xaa369dc69746555deb325a7da763a68e5f4d2762b181daf10a97e4063116b9eb,2026-05-03 21:42:02,0x46e02ac14a1e923d8c3c8ddd47c3eddc7d222a9635e6ea5d5e06294dce73662f,btc-updown-5m-1777833600
"Ethereum Up or Down - May 3, 2:40PM-2:45PM ET",Up,BUY,10,0.42,0x612477d9c9df70c96768bffbf737db978b0a89bf3734257be8e74aea832f8f61,2026-05-03 21:41:38,0xd98e8d6aadd1ab7dcc9a75c11172a5b75f7d65ed1789752f5786eda50eb73470,eth-updown-5m-1777833600
"Ethereum Up or Down - May 3, 2:40PM-2:45PM ET",Up,BUY,11,0.5054545454545455,0x612477d9c9df70c96768bffbf737db978b0a89bf3734257be8e74aea832f8f61,2026-05-03 21:41:38,0x4972dacd2e1b6dacae4cb2e716dd241c4498024b6e001a34a99b993f2f64c1ac,eth-updown-5m-1777833600
"Ethereum Up or Down - May 3, 2:40PM-2:45PM ET",Up,BUY,10,0.49,0x612477d9c9df70c96768bffbf737db978b0a89bf3734257be8e74aea832f8f61,2026-05-03 21:41:38,0x3cef8e770daa61de04aebfbddd3b21fbb6586cd8d601061bcf9c011dbc3c54e3,eth-updown-5m-1777833600
"Ethereum Up or Down - May 3, 2:40PM-2:45PM ET",Up,BUY,10,0.49,0x612477d9c9df70c96768bffbf737db978b0a89bf3734257be8e74aea832f8f61,2026-05-03 21:41:38,0x73e95c2eb8bcaf0ebf40532b65995e3195af84e2a55c72921de9caf19cbcc3a9,eth-updown-5m-1777833600
"Ethereum Up or Down - May 3, 2:40PM-2:45PM ET",Up,BUY,6.87,0.42,0x612477d9c9df70c96768bffbf737db978b0a89bf3734257be8e74aea832f8f61,2026-05-03 21:41:38,0xd6092f3c777f88e1105dbf37b8c3a47350234c19d17372486dcdefd946c170d6,eth-updown-5m-1777833600
"Bitcoin Up or Down - May 3, 2:40PM-2:45PM ET",Up,BUY,82,0.4173329268292683,0xaa369dc69746555deb325a7da763a68e5f4d2762b181daf10a97e4063116b9eb,2026-05-03 21:41:36,0xfb48eda95e0cac04a745e8b2b7af5f97bde9a1df63358ca81abcd53508a758ef,btc-updown-5m-1777833600
"Bitcoin Up or Down - May 3, 2:40PM-2:45PM ET",Up,BUY,81,0.4,0xaa369dc69746555deb325a7da763a68e5f4d2762b181daf10a97e4063116b9eb,2026-05-03 21:41:36,0x18967454f61bde0d1f1119926af78e96b5e7470181a038addf2347febbbb4fec,btc-updown-5m-1777833600
"Bitcoin Up or Down - May 3, 2:40PM-2:45PM ET",Up,BUY,80,0.41857375,0xaa369dc69746555deb325a7da763a68e5f4d2762b181daf10a97e4063116b9eb,2026-05-03 21:41:36,0xbcd97afe44c7f2f076d92b01bf0d68d17a606080a7127200c878500e696d85e1,btc-updown-5m-1777833600
"Ethereum Up or Down - May 3, 2:30PM-2:45PM ET",Down,BUY,998.65,0.99,0xaf34ffb4950d5333cbcf674fe7dc2f755b564f470cd38c824d4238a02ba24f34,2026-05-03 21:41:34,0x9c875fa37d71771015915d49ea2ad9d1257e31e99ce5bbe8b7215872c36417bd,eth-updown-15m-1777833000
"Ethereum Up or Down - May 3, 2:40PM-2:45PM ET",Down,BUY,11,0.61,0x612477d9c9df70c96768bffbf737db978b0a89bf3734257be8e74aea832f8f61,2026-05-03 21:41:16,0x932bdac342ba7eb42c84571898bdd35ab501d12b727f5027677e6790547a1c1e,eth-updown-5m-1777833600
"Ethereum Up or Down - May 3, 2:40PM-2:45PM ET",Down,BUY,12,0.6,0x612477d9c9df70c96768bffbf737db978b0a89bf3734257be8e74aea832f8f61,2026-05-03 21:41:16,0xfa5b54bf7f41fbbb4932588b72c9e98da9085a09785fbf6001fadc1ab878b51b,eth-updown-5m-1777833600
"Bitcoin Up or Down - May 3, 2:40PM-2:45PM ET",Down,BUY,84,0.5852380952380952,0xaa369dc69746555deb325a7da763a68e5f4d2762b181daf10a97e4063116b9eb,2026-05-03 21:41:12,0x4c99888d575e4317703d6b4c3954c52a9a3387d67c21378ed312f7634c5d9c75,btc-updown-5m-1777833600
"Bitcoin Up or Down - May 3, 2:30PM-2:45PM ET",Down,BUY,910.49,0.99,0x4977bc0ba0c658b586719d789f73549480dd82a1f57e2ccea5ddfe830d8b7496,2026-05-03 21:41:10,0xd2730d5f11550c98e44c7784dbf12de4688fe8894f8c126497b7107cae1564fd,btc-updown-15m-1777833000
"Bitcoin Up or Down - May 3, 2:40PM-2:45PM ET",Down,BUY,65,0.5638461538461539,0xaa369dc69746555deb325a7da763a68e5f4d2762b181daf10a97e4063116b9eb,2026-05-03 21:41:10,0x4b37f295b5c70d408d64578d191687a2853eabcbddab2d6a98742aaa98065b5a,btc-updown-5m-1777833600
"Ethereum Up or Down - May 3, 2:40PM-2:45PM ET",Down,BUY,10,0.565,0x612477d9c9df70c96768bffbf737db978b0a89bf3734257be8e74aea832f8f61,2026-05-03 21:40:46,0x03465e786d9c26016c8df55fa76f398008ed65ac4d236ed4b007f8a50cdab86b,eth-updown-5m-1777833600
"Bitcoin Up or Down - May 3, 2PM ET",Up,BUY,7,0.24,0x3a17657e337fc841f3cfe9095a710d0f72a5270e6eb165b84d49db559b26a6e3,2026-05-03 21:40:14,0x37c726fb950369d8eeb9c358d01d890dff073dc9867cf14db302e3dc33faafce,bitcoin-up-or-down-may-3-2026-2pm-et
"Ethereum Up or Down - May 3, 2:40PM-2:45PM ET",Up,BUY,10,0.51,0x612477d9c9df70c96768bffbf737db978b0a89bf3734257be8e74aea832f8f61,2026-05-03 21:40:14,0x49698784d1156e94a75eb0f8ec172a183688e1d374dae577596beff3afa60ef3,eth-updown-5m-1777833600
"Ethereum Up or Down - May 3, 2:40PM-2:45PM ET",Up,BUY,10,0.5,0x612477d9c9df70c96768bffbf737db978b0a89bf3734257be8e74aea832f8f61,2026-05-03 21:40:12,0x3e2e0ca9f75ce02658dd337fbdb486fc16861eb84b75feacdb0fbb5ded6c1e48,eth-updown-5m-1777833600
"Bitcoin Up or Down - May 3, 2:40PM-2:45PM ET",Up,BUY,83,0.52,0xaa369dc69746555deb325a7da763a68e5f4d2762b181daf10a97e4063116b9eb,2026-05-03 21:40:12,0xc259738624171259d12f685d27e6351d3e6bb2a982beeb171484cd7103b4bbf5,btc-updown-5m-1777833600
"Ethereum Up or Down - May 3, 2:40PM-2:45PM ET",Up,BUY,10,0.5,0x612477d9c9df70c96768bffbf737db978b0a89bf3734257be8e74aea832f8f61,2026-05-03 21:40:12,0xa732f08deb86d1df6257cdcc49b3055d8c20cbe1832831e3ef53b80c12c0a8a1,eth-updown-5m-1777833600
"Bitcoin Up or Down - May 3, 12:00PM-4:00PM ET",Down,BUY,5,0.4199,0x5d6396444a4fc085f2f01aac5ecbbb97bc5c92b612dc0ceb5bdc6bdd7a197933,2026-05-03 21:40:10,0xcafdd5cfccce7c83ac479a773755f81ec92f083ef81624f3dff86d642494bb4b,btc-updown-4h-1777824000
"Bitcoin Up or Down - May 3, 2PM ET",Down,BUY,6,0.6933333333333334,0x3a17657e337fc841f3cfe9095a710d0f72a5270e6eb165b84d49db559b26a6e3,2026-05-03 21:40:08,0x65df585fbc0a1d5b1ee97a40f7c93f72dfd845877dea8af15a4fa12ee536e5e8,bitcoin-up-or-down-may-3-2026-2pm-et
"Bitcoin Up or Down - May 3, 2PM ET",Down,BUY,6,0.72,0x3a17657e337fc841f3cfe9095a710d0f72a5270e6eb165b84d49db559b26a6e3,2026-05-03 21:40:08,0x5cdaa35a45d1318c65c997fd703d067adae67148ca9d9882dfcae31a868604e5,bitcoin-up-or-down-may-3-2026-2pm-et
"Bitcoin Up or Down - May 3, 2PM ET",Down,BUY,6,0.71,0x3a17657e337fc841f3cfe9095a710d0f72a5270e6eb165b84d49db559b26a6e3,2026-05-03 21:40:08,0xee08f5692f694cc06b6485ac9b6b0ada198e8d8228bc567b52ce0b7f703ea36c,bitcoin-up-or-down-may-3-2026-2pm-et
"Bitcoin Up or Down - May 3, 12:00PM-4:00PM ET",Down,BUY,5,0.41,0x5d6396444a4fc085f2f01aac5ecbbb97bc5c92b612dc0ceb5bdc6bdd7a197933,2026-05-03 21:40:08,0x15b300a8ce9cb71f2182ff00520efb05093f222d945745b7fa152f393660d80b,btc-updown-4h-1777824000
"Bitcoin Up or Down - May 3, 2PM ET",Down,BUY,6,0.69,0x3a17657e337fc841f3cfe9095a710d0f72a5270e6eb165b84d49db559b26a6e3,2026-05-03 21:40:06,0x3272b910c9b7752b39e8beb0f6d109ac97308bd1d1005aa452950d6a0fa9a2a7,bitcoin-up-or-down-may-3-2026-2pm-et
"Bitcoin Up or Down - May 3, 2PM ET",Down,BUY,6,0.69,0x3a17657e337fc841f3cfe9095a710d0f72a5270e6eb165b84d49db559b26a6e3,2026-05-03 21:40:06,0x8a4b9e82da5a23fb33256e97494a38a9f736c8a4c5824d7606c3d100d12b8d96,bitcoin-up-or-down-may-3-2026-2pm-et
"Bitcoin Up or Down - May 3, 2:30PM-2:45PM ET",Down,BUY,34,0.91,0x4977bc0ba0c658b586719d789f73549480dd82a1f57e2ccea5ddfe830d8b7496,2026-05-03 21:40:04,0xa8219af839cf2786e2d81ddb39cd27728a020c32e91e726c9a5be509e4bfbee5,btc-updown-15m-1777833000
"Bitcoin Up or Down - May 3, 2PM ET",Down,BUY,6,0.67,0x3a17657e337fc841f3cfe9095a710d0f72a5270e6eb165b84d49db559b26a6e3,2026-05-03 21:40:04,0x8ade79cbfe374f45f5dc405e83babda1b23aefd06f34260fd051141f47ac967e,bitcoin-up-or-down-may-3-2026-2pm-et
"Bitcoin Up or Down - May 3, 2:30PM-2:45PM ET",Down,BUY,38,0.91,0x4977bc0ba0c658b586719d789f73549480dd82a1f57e2ccea5ddfe830d8b7496,2026-05-03 21:40:04,0xfdb6f37ef01202655a96849dc233d79e8adf13d7a902e11e9b41a7595bb152a9,btc-updown-15m-1777833000
"Bitcoin Up or Down - May 3, 2PM ET",Up,BUY,6,0.33,0x3a17657e337fc841f3cfe9095a710d0f72a5270e6eb165b84d49db559b26a6e3,2026-05-03 21:39:54,0x993833f06c79e13265e860882e1c8bf0fb0f52c44dc13f7b2d9733975518a020,bitcoin-up-or-down-may-3-2026-2pm-et
"Bitcoin Up or Down - May 3, 2:30PM-2:45PM ET",Up,BUY,30.89,0.08,0x4977bc0ba0c658b586719d789f73549480dd82a1f57e2ccea5ddfe830d8b7496,2026-05-03 21:39:54,0x09d49a1278fc494b08706243e9e34462ee6474410e71771a60c831bfb007cb0a,btc-updown-15m-1777833000
"Bitcoin Up or Down - May 3, 2PM ET",Up,BUY,0.02,0.3,0x3a17657e337fc841f3cfe9095a710d0f72a5270e6eb165b84d49db559b26a6e3,2026-05-03 21:39:54,0x1ab69d7bac7f93cf09a3cc67a41af644822d1844bfdcb938d340166132218d6e,bitcoin-up-or-down-may-3-2026-2pm-et
"Bitcoin Up or Down - May 3, 2PM ET",Up,BUY,6,0.3,0x3a17657e337fc841f3cfe9095a710d0f72a5270e6eb165b84d49db559b26a6e3,2026-05-03 21:39:54,0x369088ab1b8de71633f6fe7be9679051203f93232b8b8cd16f92a72cd2f701f4,bitcoin-up-or-down-may-3-2026-2pm-et
"Bitcoin Up or Down - May 3, 2PM ET",Up,BUY,6,0.3,0x3a17657e337fc841f3cfe9095a710d0f72a5270e6eb165b84d49db559b26a6e3,2026-05-03 21:39:54,0x7a5e1124c2adab0cc62a3f5e6461f112faa12e591d6614939164b27fde2bc551,bitcoin-up-or-down-may-3-2026-2pm-et
"Bitcoin Up or Down - May 3, 12:00PM-4:00PM ET",Up,BUY,5,0.6,0x5d6396444a4fc085f2f01aac5ecbbb97bc5c92b612dc0ceb5bdc6bdd7a197933,2026-05-03 21:39:54,0x904c2ef0c122e111718530f13218997af6b0ce6d5098a6f437f947bb55c44d07,btc-updown-4h-1777824000
"Bitcoin Up or Down - May 3, 12:00PM-4:00PM ET",Up,BUY,0.05,0.6,0x5d6396444a4fc085f2f01aac5ecbbb97bc5c92b612dc0ceb5bdc6bdd7a197933,2026-05-03 21:39:52,0x1ecb55fb4f92a6f560aa896bf113fb0c2f4fad3ae3c8c8ee1c26cd8af26c1126,btc-updown-4h-1777824000
"Bitcoin Up or Down - May 3, 2:35PM-2:40PM ET",Up,BUY,114.2,0.12649562171628723,0xfe70292e34a186a0f34f20bc0731b05a567cba5cd1ab43d6758e7a5a1747833d,2026-05-03 21:39:44,0x70bebc326cd1bbf2dac46c4282799b31cc22f6611e83edecf3e3812cbd11a18b,btc-updown-5m-1777833300
"Ethereum Up or Down - May 3, 2:35PM-2:40PM ET",Up,BUY,112.33,0.9735609365263064,0x960fbc9ac1f70aeb16b2c657476fe1392e15d4a63eceedf2d940e171bd10529c,2026-05-03 21:39:44,0x8fe242578a5c0c6efa3fcca0da7285190a3b4e09e9ab491611e00d29f8d05990,eth-updown-5m-1777833300
"Bitcoin Up or Down - May 3, 2:35PM-2:40PM ET",Up,BUY,121,0.12703471074380165,0xfe70292e34a186a0f34f20bc0731b05a567cba5cd1ab43d6758e7a5a1747833d,2026-05-03 21:39:42,0x724e19a40d979309f429267481568e73283d581c955136739e94d9ac1843af9b,btc-updown-5m-1777833300
"Ethereum Up or Down - May 3, 2:35PM-2:40PM ET",Down,BUY,44,0.037163636363636364,0x960fbc9ac1f70aeb16b2c657476fe1392e15d4a63eceedf2d940e171bd10529c,2026-05-03 21:39:36,0xf8dea8b6d3fa9289a9ee4b7fa63f9fef2512f4968358025b99f3c818189907d1,eth-updown-5m-1777833300
"Bitcoin Up or Down - May 3, 2:35PM-2:40PM ET",Down,BUY,521,0.8550834932821497,0xfe70292e34a186a0f34f20bc0731b05a567cba5cd1ab43d6758e7a5a1747833d,2026-05-03 21:39:36,0xc0a61f2e8169bbfdceb773692aaf34e2e142fe7984b40368eba735013f8fd0a6,btc-updown-5m-1777833300
"Bitcoin Up or Down - May 3, 12:00PM-4:00PM ET",Down,BUY,5,0.41,0x5d6396444a4fc085f2f01aac5ecbbb97bc5c92b612dc0ceb5bdc6bdd7a197933,2026-05-03 21:39:34,0xbe80222068817067461a670aec56111d86153d0cf646e1902a96eee06eaa9208,btc-updown-4h-1777824000
"Bitcoin Up or Down - May 3, 2:35PM-2:40PM ET",Down,BUY,18.52,0.73,0xfe70292e34a186a0f34f20bc0731b05a567cba5cd1ab43d6758e7a5a1747833d,2026-05-03 21:39:34,0x74a24b8e0bbf0515927fbdb75c65107567423db453984ccaf41cb0fb1f0ebf1c,btc-updown-5m-1777833300
"Bitcoin Up or Down - May 3, 2:35PM-2:40PM ET",Up,BUY,84,0.361025,0xfe70292e34a186a0f34f20bc0731b05a567cba5cd1ab43d6758e7a5a1747833d,2026-05-03 21:39:26,0x6b430f5d45f4b072676384441912b0bccbbfbdc3e8c5d78fe435c618c8fc4f15,btc-updown-5m-1777833300
"Bitcoin Up or Down - May 3, 2PM ET",Up,BUY,5.62,0.3,0x3a17657e337fc841f3cfe9095a710d0f72a5270e6eb165b84d49db559b26a6e3,2026-05-03 21:39:24,0x11b70594732135c921476a533b8f5fc52f5d7ce0a6c6e59781e049438142095d,bitcoin-up-or-down-may-3-2026-2pm-et
"Bitcoin Up or Down - May 3, 2PM ET",Up,BUY,6,0.3,0x3a17657e337fc841f3cfe9095a710d0f72a5270e6eb165b84d49db559b26a6e3,2026-05-03 21:39:24,0xbd3955d713564324c3d44d03a0dd27137553923a879c810e9a029eeb1dc64d07,bitcoin-up-or-down-may-3-2026-2pm-et
"Bitcoin Up or Down - May 3, 12:00PM-4:00PM ET",Up,BUY,5,0.6,0x5d6396444a4fc085f2f01aac5ecbbb97bc5c92b612dc0ceb5bdc6bdd7a197933,2026-05-03 21:39:24,0xc5c26745f907c834922d797f84ecfc9f89798cdc31e9d35420c74769d59e230f,btc-updown-4h-1777824000
"Bitcoin Up or Down - May 3, 2:35PM-2:40PM ET",Up,BUY,89,0.2963685393258427,0xfe70292e34a186a0f34f20bc0731b05a567cba5cd1ab43d6758e7a5a1747833d,2026-05-03 21:39:18,0x6e3e128d944485b03b22aa66d69a118fc97e0f7bbb729663b4ba45baa13d9f24,btc-updown-5m-1777833300
"Bitcoin Up or Down - May 3, 2:35PM-2:40PM ET",Up,BUY,107,0.20087009345794393,0xfe70292e34a186a0f34f20bc0731b05a567cba5cd1ab43d6758e7a5a1747833d,2026-05-03 21:39:18,0x3212627438fd3e6a7274ce447a5798c7da23751040010c9fef0a48495c2c4632,btc-updown-5m-1777833300
"Ethereum Up or Down - May 3, 2:35PM-2:40PM ET",Down,BUY,13,0.19,0x960fbc9ac1f70aeb16b2c657476fe1392e15d4a63eceedf2d940e171bd10529c,2026-05-03 21:38:40,0xc7a265c02099849179f390488151db7045a56502ff47919d532a13f7b3f25348,eth-updown-5m-1777833300
"Ethereum Up or Down - May 3, 2:35PM-2:40PM ET",Down,BUY,15,0.19,0x960fbc9ac1f70aeb16b2c657476fe1392e15d4a63eceedf2d940e171bd10529c,2026-05-03 21:38:40,0xf341a5b9a1b6049316e40fd6295a79996df3c2e97bb6535465c4bfd61f4f6cda,eth-updown-5m-1777833300
"Ethereum Up or Down - May 3, 2:35PM-2:40PM ET",Down,BUY,11,0.33545454545454545,0x960fbc9ac1f70aeb16b2c657476fe1392e15d4a63eceedf2d940e171bd10529c,2026-05-03 21:37:12,0x84234afcf16f510d06c17cce1ac9d10404ac98051924521160bf872b242e2e4c,eth-updown-5m-1777833300
"Ethereum Up or Down - May 3, 2:35PM-2:40PM ET",Up,BUY,3.57,0.68,0x960fbc9ac1f70aeb16b2c657476fe1392e15d4a63eceedf2d940e171bd10529c,2026-05-03 21:36:54,0xfb1277f058a953a733d10833897371134b5a4370c5715275e40da9e90a7fd6de,eth-updown-5m-1777833300
"Ethereum Up or Down - May 3, 2:35PM-2:40PM ET",Up,BUY,14,0.68,0x960fbc9ac1f70aeb16b2c657476fe1392e15d4a63eceedf2d940e171bd10529c,2026-05-03 21:36:54,0x3bef3a9393fe79a7cfe6e396a5cba8b8a831a60e515cbfcbce2f9206e6c000f9,eth-updown-5m-1777833300
"Ethereum Up or Down - May 3, 2:35PM-2:40PM ET",Up,BUY,6.3,0.71,0x960fbc9ac1f70aeb16b2c657476fe1392e15d4a63eceedf2d940e171bd10529c,2026-05-03 21:36:26,0xac382220108031b85e965ddf67eb5c11379aba721a8b7f5131aa77608cfd14d5,eth-updown-5m-1777833300
"Ethereum Up or Down - May 3, 2:35PM-2:40PM ET",Up,BUY,5,0.67,0x960fbc9ac1f70aeb16b2c657476fe1392e15d4a63eceedf2d940e171bd10529c,2026-05-03 21:36:26,0x6eda849e1b2ab00737d9b554ebd7c5fe9a366f2e73a8663e35357e7a7a438dc9,eth-updown-5m-1777833300
"Ethereum Up or Down - May 3, 2:35PM-2:40PM ET",Up,BUY,12,0.71,0x960fbc9ac1f70aeb16b2c657476fe1392e15d4a63eceedf2d940e171bd10529c,2026-05-03 21:36:02,0xf67903e46a6ed0363d21e7d7815286f2f1e6e9b818c869d0e5329cfc2fce54fd,eth-updown-5m-1777833300
"Ethereum Up or Down - May 3, 2:35PM-2:40PM ET",Up,BUY,11,0.6334363636363637,0x960fbc9ac1f70aeb16b2c657476fe1392e15d4a63eceedf2d940e171bd10529c,2026-05-03 21:35:48,0xa019c32833998b3157bbb502d21ddcb558140c9eb6fe2e6bdc74dc87bf31f621,eth-updown-5m-1777833300
"Ethereum Up or Down - May 3, 2:35PM-2:40PM ET",Up,BUY,11,0.6130818181818182,0x960fbc9ac1f70aeb16b2c657476fe1392e15d4a63eceedf2d940e171bd10529c,2026-05-03 21:35:34,0x6e345d5457d559b48a329dd82a8f0b3041915da693528d523d99d084ebcc9875,eth-updown-5m-1777833300
"Bitcoin Up or Down - May 3, 2:35PM-2:40PM ET",Down,BUY,90,0.64,0xfe70292e34a186a0f34f20bc0731b05a567cba5cd1ab43d6758e7a5a1747833d,2026-05-03 21:35:28,0x88bcf7ce232dd9b6c5d02b4b2027bc1e097bf99331af8a9dfcde0f79cb261e8f,btc-updown-5m-1777833300
"Bitcoin Up or Down - May 3, 2:35PM-2:40PM ET",Down,BUY,89,0.63,0xfe70292e34a186a0f34f20bc0731b05a567cba5cd1ab43d6758e7a5a1747833d,2026-05-03 21:35:28,0xd74ef4fdbae467876daa03c4ff44ee9947be004031b79602cb3e1e989eacf819,btc-updown-5m-1777833300
"Bitcoin Up or Down - May 3, 2:30PM-2:45PM ET",Down,BUY,24,0.87,0x4977bc0ba0c658b586719d789f73549480dd82a1f57e2ccea5ddfe830d8b7496,2026-05-03 21:35:28,0x4aad2e7fee7641f6bc33bd2b87f890cff594e36dd4e21e5c37590cd9bf8a73a0,btc-updown-15m-1777833000
"Bitcoin Up or Down - May 3, 2:30PM-2:45PM ET",Down,BUY,28,0.8895142857142857,0x4977bc0ba0c658b586719d789f73549480dd82a1f57e2ccea5ddfe830d8b7496,2026-05-03 21:35:28,0xd014103c60fa17be42b0048a5928a0df8573d1b937e2cf7c837818265f81f42f,btc-updown-15m-1777833000
"Bitcoin Up or Down - May 3, 2:35PM-2:40PM ET",Down,BUY,94,0.6652127659574468,0xfe70292e34a186a0f34f20bc0731b05a567cba5cd1ab43d6758e7a5a1747833d,2026-05-03 21:35:28,0x0ef10b2f073b5ed86f5bf85814e03a1adb88fceaf3700e86c3a66fca7f2df81c,btc-updown-5m-1777833300
"Bitcoin Up or Down - May 3, 2PM ET",Down,BUY,5,0.68,0x3a17657e337fc841f3cfe9095a710d0f72a5270e6eb165b84d49db559b26a6e3,2026-05-03 21:35:28,0xc4f99fd6fabf4e757e733932eb85cb013cc7cce4d129c9553a1eb8c1c299182c,bitcoin-up-or-down-may-3-2026-2pm-et
"Bitcoin Up or Down - May 3, 2:35PM-2:40PM ET",Down,BUY,92,0.6566489130434783,0xfe70292e34a186a0f34f20bc0731b05a567cba5cd1ab43d6758e7a5a1747833d,2026-05-03 21:35:28,0xfdbe7869a9e121d27b4996705cbdc24e92b775b849e5a20eb290ba8d1d39b7bb,btc-updown-5m-1777833300
"Bitcoin Up or Down - May 3, 2:35PM-2:40PM ET",Down,BUY,83,0.57,0xfe70292e34a186a0f34f20bc0731b05a567cba5cd1ab43d6758e7a5a1747833d,2026-05-03 21:35:28,0x72e7af6382fdc3fb3fb231d350ca3fa5c5f4db35aae8a00e5b79e2a8bbe07995,btc-updown-5m-1777833300
"Bitcoin Up or Down - May 3, 12:00PM-4:00PM ET",Down,BUY,5,0.41,0x5d6396444a4fc085f2f01aac5ecbbb97bc5c92b612dc0ceb5bdc6bdd7a197933,2026-05-03 21:35:28,0xc93a8fb2c67105470bced801ef0bed5703384eebd1af60a753bc8db2b36db1a3,btc-updown-4h-1777824000
"Bitcoin Up or Down - May 3, 2:30PM-2:45PM ET",Down,BUY,26,0.87,0x4977bc0ba0c658b586719d789f73549480dd82a1f57e2ccea5ddfe830d8b7496,2026-05-03 21:35:28,0xcf3e0467bd49f4975ebbe43e769f6ec4722f05ed30456ec23a37fa9dc3115160,btc-updown-15m-1777833000
"Bitcoin Up or Down - May 3, 2PM ET",Down,BUY,5,0.67,0x3a17657e337fc841f3cfe9095a710d0f72a5270e6eb165b84d49db559b26a6e3,2026-05-03 21:35:28,0xa46423f0d1bcb6ac5a983fb1d6d15cbddc1ae41462c2ce98d7bab590d837da61,bitcoin-up-or-down-may-3-2026-2pm-et
"Bitcoin Up or Down - May 3, 2:35PM-2:40PM ET",Down,BUY,87,0.6220597701149425,0xfe70292e34a186a0f34f20bc0731b05a567cba5cd1ab43d6758e7a5a1747833d,2026-05-03 21:35:28,0x969eaf2b84917782d7253c523cdd9dcd118ebf07dc4b401db14abff287ab1d05,btc-updown-5m-1777833300
"Bitcoin Up or Down - May 3, 2:35PM-2:40PM ET",Up,BUY,81,0.42,0xfe70292e34a186a0f34f20bc0731b05a567cba5cd1ab43d6758e7a5a1747833d,2026-05-03 21:35:12,0x83eec39b1558946c2328cba40e69d8d0e4db3419a1bb43a14cfa4d371e746f5f,btc-updown-5m-1777833300
"Bitcoin Up or Down - May 3, 2:30PM-2:45PM ET",Up,BUY,18,0.14,0x4977bc0ba0c658b586719d789f73549480dd82a1f57e2ccea5ddfe830d8b7496,2026-05-03 21:35:12,0xbf191905166d59ee2275d1f2522cedcbf1138b8745d32f9a194534a2eeba76cc,btc-updown-15m-1777833000
"Bitcoin Up or Down - May 3, 2:35PM-2:40PM ET",Up,BUY,81,0.42876543209876544,0xfe70292e34a186a0f34f20bc0731b05a567cba5cd1ab43d6758e7a5a1747833d,2026-05-03 21:35:12,0x0d0b4e92292a3439ee4824de6cecc7e846358db8e4ff31ae5af309196b126bec,btc-updown-5m-1777833300
"Bitcoin Up or Down - May 3, 2PM ET",Up,BUY,5,0.35,0x3a17657e337fc841f3cfe9095a710d0f72a5270e6eb165b84d49db559b26a6e3,2026-05-03 21:35:12,0x39cd85084c1c3e2505afaf27d2e354920b8ee9ada33f106255c9bced43f5131f,bitcoin-up-or-down-may-3-2026-2pm-et
"Bitcoin Up or Down - May 3, 2PM ET",Up,BUY,5,0.35,0x3a17657e337fc841f3cfe9095a710d0f72a5270e6eb165b84d49db559b26a6e3,2026-05-03 21:35:12,0x2e501c6b8a03c00ff2f22041413db50c2380abc86772cbf3774a4dddae1cc361,bitcoin-up-or-down-may-3-2026-2pm-et
"Bitcoin Up or Down - May 3, 2:35PM-2:40PM ET",Up,BUY,80,0.41749625,0xfe70292e34a186a0f34f20bc0731b05a567cba5cd1ab43d6758e7a5a1747833d,2026-05-03 21:35:12,0x782236100d44a6bcadae77cecbb4d4cb91d94e22bb1e0e53e65f99032d26613f,btc-updown-5m-1777833300
"Bitcoin Up or Down - May 3, 12:00PM-4:00PM ET",Up,BUY,5,0.6,0x5d6396444a4fc085f2f01aac5ecbbb97bc5c92b612dc0ceb5bdc6bdd7a197933,2026-05-03 21:35:12,0xc1e2aa482ff3b40b9429ce6b1449071b1ae3c45683315cf71faa859ef741cd8c,btc-updown-4h-1777824000
"Bitcoin Up or Down - May 3, 2:35PM-2:40PM ET",Up,BUY,82,0.41,0xfe70292e34a186a0f34f20bc0731b05a567cba5cd1ab43d6758e7a5a1747833d,2026-05-03 21:35:12,0x33a89c6109910390c23f8d8dcd9a10d9aa52d56a9fde369d46f688cc3b58ad08,btc-updown-5m-1777833300
"Bitcoin Up or Down - May 3, 2:35PM-2:40PM ET",Up,BUY,81,0.43,0xfe70292e34a186a0f34f20bc0731b05a567cba5cd1ab43d6758e7a5a1747833d,2026-05-03 21:35:12,0x2e0c2d727c8d3bc765c65301bf6d9963d52d20f4b111365b9afde4925eecebe1,btc-updown-5m-1777833300
"Ethereum Up or Down - May 3, 2:35PM-2:40PM ET",Up,BUY,10,0.53,0x960fbc9ac1f70aeb16b2c657476fe1392e15d4a63eceedf2d940e171bd10529c,2026-05-03 21:35:08,0xd4dda84043e08012cb1ef55e3f4ba243b189af18b53a6d12b84a9193a22898b8,eth-updown-5m-1777833300
"Ethereum Up or Down - May 3, 2:35PM-2:40PM ET",Up,BUY,8.38,0.5371599045346062,0x960fbc9ac1f70aeb16b2c657476fe1392e15d4a63eceedf2d940e171bd10529c,2026-05-03 21:35:08,0xed5b05b620b53895efa1051f2cb09c03a56aaa18c0388e7646b8040c6ce65340,eth-updown-5m-1777833300
"Bitcoin Up or Down - May 3, 2:30PM-2:35PM ET",Down,BUY,69.98,0.01,0xa596714c3aea831bd9e0b5de40ddfa850417f2c3b388511ffd86b2e8055dc298,2026-05-03 21:34:54,0xdc43871c14f12ed31ebfc9555b70406f1c9284f6fe22c5c79ed9652bbaff6023,btc-updown-5m-1777833000
"Bitcoin Up or Down - May 3, 2:30PM-2:45PM ET",Down,BUY,16,0.81,0x4977bc0ba0c658b586719d789f73549480dd82a1f57e2ccea5ddfe830d8b7496,2026-05-03 21:34:36,0x3d414ee5a56c986fc4022412c538479f25264069d23a3e9efeb30c466fba0b4b,btc-updown-15m-1777833000
"Bitcoin Up or Down - May 3, 2:30PM-2:45PM ET",Down,BUY,17,0.8025294117647059,0x4977bc0ba0c658b586719d789f73549480dd82a1f57e2ccea5ddfe830d8b7496,2026-05-03 21:34:36,0xee7b961e48cb3a6823ed798aab6864b29e626180cb61fbd02cc0c5584a486b71,btc-updown-15m-1777833000
"Bitcoin Up or Down - May 3, 2PM ET",Down,BUY,2.3,0.6,0x3a17657e337fc841f3cfe9095a710d0f72a5270e6eb165b84d49db559b26a6e3,2026-05-03 21:34:34,0x48d76c324c6133c68b2d2b5b50d83f7922c9bc32ff6a141769e06545a17dc3a0,bitcoin-up-or-down-may-3-2026-2pm-et
"Bitcoin Up or Down - May 3, 2:30PM-2:45PM ET",Down,BUY,16,0.8,0x4977bc0ba0c658b586719d789f73549480dd82a1f57e2ccea5ddfe830d8b7496,2026-05-03 21:34:34,0x11d1c6b0f2789dfbf60c53ebebb691f51b6874a4c531262619cc77f5419076be,btc-updown-15m-1777833000
"Bitcoin Up or Down - May 3, 2:30PM-2:45PM ET",Down,BUY,4.36,0.79,0x4977bc0ba0c658b586719d789f73549480dd82a1f57e2ccea5ddfe830d8b7496,2026-05-03 21:34:34,0xfaec30e83ac048e2bfbaa94cb6cba0e434b291bb4227ee949020c58e91cb98bb,btc-updown-15m-1777833000
"Ethereum Up or Down - May 3, 2:30PM-2:35PM ET",Up,BUY,34,0.05,0x6c542db97597fd010ca23fa7373f435f4d6efcc837347386c800c842ffba2e54,2026-05-03 21:33:48,0x9b2ac0bbe4d0d8a48fd814fdb7a3d2508ee0c32bd419ce959c666d7ac9f5ac15,eth-updown-5m-1777833000
"Ethereum Up or Down - May 3, 2:30PM-2:35PM ET",Up,BUY,38,0.05,0x6c542db97597fd010ca23fa7373f435f4d6efcc837347386c800c842ffba2e54,2026-05-03 21:33:48,0x140d5726f8f4abc448a3a0ea9d27294eb7316f442c61c91a13ad7bfe903414dd,eth-updown-5m-1777833000
"Bitcoin Up or Down - May 3, 2PM ET",Down,BUY,5,0.57,0x3a17657e337fc841f3cfe9095a710d0f72a5270e6eb165b84d49db559b26a6e3,2026-05-03 21:33:46,0x3d55362eba3c63538996acbbe020ae29af8c38e1757b9ab59c4dba78ae3e2815,bitcoin-up-or-down-may-3-2026-2pm-et
"Bitcoin Up or Down - May 3, 2:30PM-2:45PM ET",Down,BUY,13,0.7,0x4977bc0ba0c658b586719d789f73549480dd82a1f57e2ccea5ddfe830d8b7496,2026-05-03 21:33:46,0xf18324eb1c3113050f0b26bd99a1ec8c5697508b84850db805fc088f0b2031dc,btc-updown-15m-1777833000
"Bitcoin Up or Down - May 3, 2:30PM-2:45PM ET",Down,BUY,13,0.7,0x4977bc0ba0c658b586719d789f73549480dd82a1f57e2ccea5ddfe830d8b7496,2026-05-03 21:33:46,0xdb546880d6ac7eb8a7a94a8022756dc2784edad7909475cdd46858061caea3cc,btc-updown-15m-1777833000
"Ethereum Up or Down - May 3, 2:30PM-2:35PM ET",Down,BUY,5.21,0.88,0x6c542db97597fd010ca23fa7373f435f4d6efcc837347386c800c842ffba2e54,2026-05-03 21:32:48,0xfc46aa3c5e35f41f885093d313e3818bd13b4f7b96a56a5f3266f97f063f9f32,eth-updown-5m-1777833000
"Ethereum Up or Down - May 3, 2:30PM-2:35PM ET",Down,BUY,22,0.8427272727272728,0x6c542db97597fd010ca23fa7373f435f4d6efcc837347386c800c842ffba2e54,2026-05-03 21:32:42,0xd6e2298b2feb3bc1ac3db4141e116449f77132e924768b65da5c883223807154,eth-updown-5m-1777833000
"Bitcoin Up or Down - May 3, 2:30PM-2:35PM ET",Down,BUY,28.63,0.91,0xa596714c3aea831bd9e0b5de40ddfa850417f2c3b388511ffd86b2e8055dc298,2026-05-03 21:32:42,0x1eed6f15a2870696e2209d3bb91b41fcbb972b898337ee83aaa697e61fba8164,btc-updown-5m-1777833000
"Bitcoin Up or Down - May 3, 2:30PM-2:45PM ET",Down,BUY,10.01,0.7,0x4977bc0ba0c658b586719d789f73549480dd82a1f57e2ccea5ddfe830d8b7496,2026-05-03 21:32:40,0x97cf4e06b32af84cf84a053379ba5ca921e7127d9db27e86570a2e9d4cf3f051,btc-updown-15m-1777833000
"Bitcoin Up or Down - May 3, 2:30PM-2:45PM ET",Down,BUY,12,0.69,0x4977bc0ba0c658b586719d789f73549480dd82a1f57e2ccea5ddfe830d8b7496,2026-05-03 21:32:40,0x2b3fbf9f45fabb9f502aecbf58137be4d5e80c962aeac335924513443dba8266,btc-updown-15m-1777833000
"Ethereum Up or Down - May 3, 2:30PM-2:35PM ET",Down,BUY,10,0.75,0x6c542db97597fd010ca23fa7373f435f4d6efcc837347386c800c842ffba2e54,2026-05-03 21:32:40,0xf3e6c12d89383d56437be5ea2dc4c38b17755553db24bacd073dd901c174ee3e,eth-updown-5m-1777833000
"Ethereum Up or Down - May 3, 2:30PM-2:35PM ET",Down,BUY,5,0.83,0x6c542db97597fd010ca23fa7373f435f4d6efcc837347386c800c842ffba2e54,2026-05-03 21:32:40,0x143a22c8aa68f4accf007750370549f271cb2a83960c6416a653b39cb4751473,eth-updown-5m-1777833000
"Bitcoin Up or Down - May 3, 2PM ET",Down,BUY,5,0.53,0x3a17657e337fc841f3cfe9095a710d0f72a5270e6eb165b84d49db559b26a6e3,2026-05-03 21:32:40,0xcf350a8faa1c1c8ba71e09e76a37200f4054e1dc43580a58177be2326e6189ad,bitcoin-up-or-down-may-3-2026-2pm-et
"Bitcoin Up or Down - May 3, 12:00PM-4:00PM ET",Up,BUY,5,0.64,0x5d6396444a4fc085f2f01aac5ecbbb97bc5c92b612dc0ceb5bdc6bdd7a197933,2026-05-03 21:32:36,0x460da975ef36d144545c70bda594648035658ac721d6bcd17a85a43b964027b2,btc-updown-4h-1777824000
"Bitcoin Up or Down - May 3, 2:30PM-2:35PM ET",Up,BUY,142,0.16,0xa596714c3aea831bd9e0b5de40ddfa850417f2c3b388511ffd86b2e8055dc298,2026-05-03 21:32:36,0x03f9d1e5d364ffdb44e608d7d08a3b4b869e92aed80e968f1941e9804a8ad082,btc-updown-5m-1777833000
"Bitcoin Up or Down - May 3, 2:30PM-2:35PM ET",Up,BUY,67.08,0.13189624329159214,0xa596714c3aea831bd9e0b5de40ddfa850417f2c3b388511ffd86b2e8055dc298,2026-05-03 21:32:36,0x75c7332ad13504f05056c7059de621e5aa6abf761d35e6926239affbf081f93d,btc-updown-5m-1777833000
"Bitcoin Up or Down - May 3, 2:30PM-2:45PM ET",Up,BUY,11,0.34,0x4977bc0ba0c658b586719d789f73549480dd82a1f57e2ccea5ddfe830d8b7496,2026-05-03 21:32:36,0xd5a72a54191951134f1b7958544ce0e827d28ae2e7f44fdfa12edac40781f071,btc-updown-15m-1777833000
"Bitcoin Up or Down - May 3, 2PM ET",Up,BUY,5,0.48,0x3a17657e337fc841f3cfe9095a710d0f72a5270e6eb165b84d49db559b26a6e3,2026-05-03 21:32:36,0x65fb4c8fd0e2c32d635849c1e4858e2f7721553e2b8028ffac1783c00cffc46f,bitcoin-up-or-down-may-3-2026-2pm-et
"Bitcoin Up or Down - May 3, 2:30PM-2:45PM ET",Up,BUY,8.89,0.32562429696287964,0x4977bc0ba0c658b586719d789f73549480dd82a1f57e2ccea5ddfe830d8b7496,2026-05-03 21:32:36,0xed096e7cb0ec6e067b60a0eec4d031f4312bb25533d5313217330130a53c22c3,btc-updown-15m-1777833000
"Bitcoin Up or Down - May 3, 2PM ET",Up,BUY,5,0.48,0x3a17657e337fc841f3cfe9095a710d0f72a5270e6eb165b84d49db559b26a6e3,2026-05-03 21:32:36,0x1575bd38e687f80f02849db4a8077fa0d08d99ee2a72a1d0cf77578362b64751,bitcoin-up-or-down-may-3-2026-2pm-et
"Ethereum Up or Down - May 3, 2:30PM-2:35PM ET",Down,BUY,13,0.7161538461538461,0x6c542db97597fd010ca23fa7373f435f4d6efcc837347386c800c842ffba2e54,2026-05-03 21:32:34,0x4a11e8d98a0ce777246fe4fa59e7164125b528c8d176ee4b35aae1bdb69a778b,eth-updown-5m-1777833000
"Ethereum Up or Down - May 3, 2:30PM-2:35PM ET",Up,BUY,12,0.28583333333333333,0x6c542db97597fd010ca23fa7373f435f4d6efcc837347386c800c842ffba2e54,2026-05-03 21:32:16,0xc627f9ea3b1a3609d0fca0be2cc450174a2440a006446fb5db479eedacff1dd4,eth-updown-5m-1777833000
"Ethereum Up or Down - May 3, 2:30PM-2:35PM ET",Up,BUY,11,0.29,0x6c542db97597fd010ca23fa7373f435f4d6efcc837347386c800c842ffba2e54,2026-05-03 21:32:16,0xe26b366975cce6a5b3572ad014715fd5e8ed39c27e3263cc64c7d000ac1665c5,eth-updown-5m-1777833000
"Bitcoin Up or Down - May 3, 2:30PM-2:35PM ET",Down,BUY,21.5,0.848139534883721,0xa596714c3aea831bd9e0b5de40ddfa850417f2c3b388511ffd86b2e8055dc298,2026-05-03 21:32:06,0xa0df11da6ee6ce45b2077c005268b79e3006e6b40f4a05474a950e77cc6e0003,btc-updown-5m-1777833000
"Bitcoin Up or Down - May 3, 2:30PM-2:35PM ET",Down,BUY,125,0.7920744,0xa596714c3aea831bd9e0b5de40ddfa850417f2c3b388511ffd86b2e8055dc298,2026-05-03 21:31:46,0x2b7e91903097653999932a3376eda45d8309552141071bbc48b03960c71afd8f,btc-updown-5m-1777833000
"Ethereum Up or Down - May 3, 2:30PM-2:35PM ET",Up,BUY,10,0.44,0x6c542db97597fd010ca23fa7373f435f4d6efcc837347386c800c842ffba2e54,2026-05-03 21:31:28,0x230ed185bb293298dc8e45b752387a9da3a36126b7a9c9e33ff5178580508280,eth-updown-5m-1777833000
"Ethereum Up or Down - May 3, 2:30PM-2:35PM ET",Up,BUY,10,0.44,0x6c542db97597fd010ca23fa7373f435f4d6efcc837347386c800c842ffba2e54,2026-05-03 21:31:28,0x22ec4b5a487eb75723b1ea651e5b3db16c789223f415284aa85cf5ae60651ff1,eth-updown-5m-1777833000
"Ethereum Up or Down - May 3, 2:30PM-2:35PM ET",Down,BUY,11,0.64,0x6c542db97597fd010ca23fa7373f435f4d6efcc837347386c800c842ffba2e54,2026-05-03 21:31:26,0x1a4a1f2040cb2843766fb1869df4a7fe061790793a9658dbbc645974cac86ca1,eth-updown-5m-1777833000
"Ethereum Up or Down - May 3, 2:30PM-2:35PM ET",Down,BUY,13,0.64,0x6c542db97597fd010ca23fa7373f435f4d6efcc837347386c800c842ffba2e54,2026-05-03 21:31:26,0xdcc025fa9427da4726a9042130d4018cb19781459a968b80f9f2be13fdad8e32,eth-updown-5m-1777833000
"Ethereum Up or Down - May 3, 2:30PM-2:35PM ET",Down,BUY,11,0.64,0x6c542db97597fd010ca23fa7373f435f4d6efcc837347386c800c842ffba2e54,2026-05-03 21:31:26,0x3cd70eef9c1488d34cb491a97e9be59729b66d84f101ede8f031473ed626750a,eth-updown-5m-1777833000
"Bitcoin Up or Down - May 3, 2:30PM-2:35PM ET",Down,BUY,136,0.82,0xa596714c3aea831bd9e0b5de40ddfa850417f2c3b388511ffd86b2e8055dc298,2026-05-03 21:31:26,0x99737ff6cac70f331be8fddcf6b06c2fc8a5ae3f1214f3491b568778ee4234b3,btc-updown-5m-1777833000
"Ethereum Up or Down - May 3, 2:30PM-2:35PM ET",Down,BUY,11,0.61,0x6c542db97597fd010ca23fa7373f435f4d6efcc837347386c800c842ffba2e54,2026-05-03 21:31:24,0x8b79a83592c64aeab42f04c6cf4d267dd96aa9da18923d6bfa89937fb4fb9c6b,eth-updown-5m-1777833000
"Ethereum Up or Down - May 3, 2:30PM-2:35PM ET",Up,BUY,6,0.42,0x6c542db97597fd010ca23fa7373f435f4d6efcc837347386c800c842ffba2e54,2026-05-03 21:31:04,0xf026ace8558a7d2628795eb0e8571cb994bf39282747dffe838d508c2a2a96f6,eth-updown-5m-1777833000
"Ethereum Up or Down - May 3, 2:30PM-2:35PM ET",Up,BUY,10,0.4,0x6c542db97597fd010ca23fa7373f435f4d6efcc837347386c800c842ffba2e54,2026-05-03 21:31:04,0x028553f2cb0abb385185f9fcf8f1de3b7f703cd88aa86ab197cc3d0990791645,eth-updown-5m-1777833000
"Ethereum Up or Down - May 3, 2:30PM-2:35PM ET",Up,BUY,10,0.39479,0x6c542db97597fd010ca23fa7373f435f4d6efcc837347386c800c842ffba2e54,2026-05-03 21:31:02,0xcc1cbfa31a1a694389220526081035ff6397865b3ce2779ae7f0f448725cbefe,eth-updown-5m-1777833000
"Ethereum Up or Down - May 3, 2:30PM-2:35PM ET",Up,BUY,10,0.38953,0x6c542db97597fd010ca23fa7373f435f4d6efcc837347386c800c842ffba2e54,2026-05-03 21:31:02,0x150ba473fb6ee0cc038893f9cbf54ca02b405800738c9bdffe79e8194a34f74c,eth-updown-5m-1777833000
"Bitcoin Up or Down - May 3, 2PM ET",Down,BUY,5,0.44,0x3a17657e337fc841f3cfe9095a710d0f72a5270e6eb165b84d49db559b26a6e3,2026-05-03 21:31:00,0x9e3e5b41e2a62ec1febb8dfcbaae78ddc4a7914e4d8bef3c7e4a2a4836980bd6,bitcoin-up-or-down-may-3-2026-2pm-et
"Bitcoin Up or Down - May 3, 2PM ET",Down,BUY,5,0.44,0x3a17657e337fc841f3cfe9095a710d0f72a5270e6eb165b84d49db559b26a6e3,2026-05-03 21:31:00,0x257d590f27e3bbf671267b1d8c9ee228ae5e9b70873a8ce6360438c437062af8,bitcoin-up-or-down-may-3-2026-2pm-et
"Ethereum Up or Down - May 3, 2:30PM-2:35PM ET",Down,BUY,12,0.64,0x6c542db97597fd010ca23fa7373f435f4d6efcc837347386c800c842ffba2e54,2026-05-03 21:31:00,0x75e08317dbe72009f8b03dccbe0d201d9aee5e0ed5844d4c83906a1bf166719c,eth-updown-5m-1777833000
"Bitcoin Up or Down - May 3, 2PM ET",Down,BUY,5,0.44,0x3a17657e337fc841f3cfe9095a710d0f72a5270e6eb165b84d49db559b26a6e3,2026-05-03 21:31:00,0x6c71c6ccfe4f301e431c92657b066e38ba1ed7c6c4a9cf86277cbd161d763e56,bitcoin-up-or-down-may-3-2026-2pm-et
"Ethereum Up or Down - May 3, 2:30PM-2:35PM ET",Down,BUY,11,0.64,0x6c542db97597fd010ca23fa7373f435f4d6efcc837347386c800c842ffba2e54,2026-05-03 21:31:00,0x22d2bdba560045b6487805721a81e572667195e187a0177a5f8e311389cb72aa,eth-updown-5m-1777833000
"Ethereum Up or Down - May 3, 2:30PM-2:35PM ET",Down,BUY,13,0.64,0x6c542db97597fd010ca23fa7373f435f4d6efcc837347386c800c842ffba2e54,2026-05-03 21:31:00,0xbd6dad7ff131dfb61a56d665eee41f7aff5d8af0480d2adce969989c347a3a94,eth-updown-5m-1777833000
"Ethereum Up or Down - May 3, 2:30PM-2:35PM ET",Down,BUY,11,0.64,0x6c542db97597fd010ca23fa7373f435f4d6efcc837347386c800c842ffba2e54,2026-05-03 21:30:58,0x3a3d14661d63f63de1035aad13e95599c13eca635574c5a2ddf36a56d3b742e8,eth-updown-5m-1777833000
"Bitcoin Up or Down - May 3, 2:30PM-2:45PM ET",Down,BUY,10,0.58856,0x4977bc0ba0c658b586719d789f73549480dd82a1f57e2ccea5ddfe830d8b7496,2026-05-03 21:30:58,0x25322ef5ef4546844a23851a4e5057625c896019d790d62bac27f28677c22cba,btc-updown-15m-1777833000
"Ethereum Up or Down - May 3, 2:30PM-2:35PM ET",Down,BUY,10,0.43,0x6c542db97597fd010ca23fa7373f435f4d6efcc837347386c800c842ffba2e54,2026-05-03 21:30:56,0xa883ac2701f8d50a045b6b71eb5272217daacad2009fc529e7d06ea8ce7ec106,eth-updown-5m-1777833000
"Ethereum Up or Down - May 3, 2:30PM-2:35PM ET",Down,BUY,10,0.415,0x6c542db97597fd010ca23fa7373f435f4d6efcc837347386c800c842ffba2e54,2026-05-03 21:30:50,0x44253e4952a47615096959865916f011c5a2baeb277c29b3459cf2d21dd18f80,eth-updown-5m-1777833000
"Bitcoin Up or Down - May 3, 2:30PM-2:35PM ET",Down,BUY,23.28,0.5764690721649485,0xa596714c3aea831bd9e0b5de40ddfa850417f2c3b388511ffd86b2e8055dc298,2026-05-03 21:30:50,0x71e945d40d8aacafb95d504409c3b89e0ff17f5ed51bc83907464a561f2ea2f2,btc-updown-5m-1777833000
"Ethereum Up or Down - May 3, 2:30PM-2:35PM ET",Down,BUY,10,0.43,0x6c542db97597fd010ca23fa7373f435f4d6efcc837347386c800c842ffba2e54,2026-05-03 21:30:50,0x965d267a57f0e031c3dcee322c89729d1448bff9bb0c7c9511e4b3a62391c96c,eth-updown-5m-1777833000
"Ethereum Up or Down - May 3, 2:30PM-2:35PM ET",Down,BUY,10,0.43275,0x6c542db97597fd010ca23fa7373f435f4d6efcc837347386c800c842ffba2e54,2026-05-03 21:30:50,0xa9576c10e86e11329bd60e9e0ff0e0a5af7252e3ef07b534cea47d137d3be55c,eth-updown-5m-1777833000
"Ethereum Up or Down - May 3, 2:30PM-2:35PM ET",Down,BUY,10,0.43,0x6c542db97597fd010ca23fa7373f435f4d6efcc837347386c800c842ffba2e54,2026-05-03 21:30:30,0xb29293f53a83f8f5cc8e1503f713865488d9decf8760124113152a923f652804,eth-updown-5m-1777833000
"Ethereum Up or Down - May 3, 2:30PM-2:35PM ET",Down,BUY,10,0.43,0x6c542db97597fd010ca23fa7373f435f4d6efcc837347386c800c842ffba2e54,2026-05-03 21:30:30,0x039819cfba7eee547ea89f414cadf898ee8e9a9ceeae86bc08b6155f98c26ec2,eth-updown-5m-1777833000
"Ethereum Up or Down - May 3, 2:30PM-2:35PM ET",Up,BUY,10,0.55,0x6c542db97597fd010ca23fa7373f435f4d6efcc837347386c800c842ffba2e54,2026-05-03 21:30:20,0x1958f9c53c2e19fb175ec357359f7b1879994610c67ac1dc009065ceaa01aca4,eth-updown-5m-1777833000
"Bitcoin Up or Down - May 3, 2:30PM-2:35PM ET",Up,BUY,80,0.429525,0xa596714c3aea831bd9e0b5de40ddfa850417f2c3b388511ffd86b2e8055dc298,2026-05-03 21:30:08,0x2f49543d88529cda88db17819cd36de94202ffc9f5cd15247eb176027b9171d0,btc-updown-5m-1777833000
"Bitcoin Up or Down - May 3, 2PM ET",Up,BUY,5,0.58,0x3a17657e337fc841f3cfe9095a710d0f72a5270e6eb165b84d49db559b26a6e3,2026-05-03 21:30:08,0x28c49ffbff9e12deb9cb18a3315ed75a8d3eace9114f5d8692e6b205543e36e7,bitcoin-up-or-down-may-3-2026-2pm-et
"Bitcoin Up or Down - May 3, 2:30PM-2:45PM ET",Up,BUY,10,0.51,0x4977bc0ba0c658b586719d789f73549480dd82a1f57e2ccea5ddfe830d8b7496,2026-05-03 21:30:08,0x57147f3fceab6f698ad59c10217b9142b2013d091489fa05000b56bda3efd8a5,btc-updown-15m-1777833000
"Ethereum Up or Down - May 3, 2:30PM-2:35PM ET",Up,BUY,10,0.54428,0x6c542db97597fd010ca23fa7373f435f4d6efcc837347386c800c842ffba2e54,2026-05-03 21:30:06,0x1eae27da756fe6b7d9a10dadd1a2bb0faeec747a5d5321ef48be96e629489a92,eth-updown-5m-1777833000
"Ethereum Up or Down - May 3, 2:30PM-2:35PM ET",Up,BUY,10,0.5126,0x6c542db97597fd010ca23fa7373f435f4d6efcc837347386c800c842ffba2e54,2026-05-03 21:30:06,0x787162a57062af47e4e535f6521884d0a9dfa5367b501799d157809f8220b692,eth-updown-5m-1777833000
"Ethereum Up or Down - May 3, 2:30PM-2:35PM ET",Up,BUY,10,0.48,0x6c542db97597fd010ca23fa7373f435f4d6efcc837347386c800c842ffba2e54,2026-05-03 21:30:06,0xef6dcb23a6e14c78e736773cfab84d0a670f91b5e71b121759f79b31992f513d,eth-updown-5m-1777833000
"Bitcoin Up or Down - May 3, 2PM ET",Down,BUY,5,0.41,0x3a17657e337fc841f3cfe9095a710d0f72a5270e6eb165b84d49db559b26a6e3,2026-05-03 21:29:22,0xff710dd161072db519b032179db8881c7282cbaaf017454b042f2bd1c010af05,bitcoin-up-or-down-may-3-2026-2pm-et
"Bitcoin Up or Down - May 3, 2PM ET",Down,BUY,5,0.41,0x3a17657e337fc841f3cfe9095a710d0f72a5270e6eb165b84d49db559b26a6e3,2026-05-03 21:29:22,0x52c1f03cdaf6509175449a295c71946691d236f32c458ed111a4ae1b56655839,bitcoin-up-or-down-may-3-2026-2pm-et
"Bitcoin Up or Down - May 3, 2PM ET",Down,BUY,5,0.41,0x3a17657e337fc841f3cfe9095a710d0f72a5270e6eb165b84d49db559b26a6e3,2026-05-03 21:29:22,0x5c1446f02d6ac72a571a4800276b9bbda92c896ffb9a2b721f0d4bcb3d948c23,bitcoin-up-or-down-may-3-2026-2pm-et
"Bitcoin Up or Down - May 3, 2PM ET",Down,BUY,5,0.37,0x3a17657e337fc841f3cfe9095a710d0f72a5270e6eb165b84d49db559b26a6e3,2026-05-03 21:29:06,0x3eb6172c65052068dc63b3dd87c8c121e05c689647b5e8bc830e5dcff876e60b,bitcoin-up-or-down-may-3-2026-2pm-et
"Bitcoin Up or Down - May 3, 12:00PM-4:00PM ET",Down,BUY,6,0.31,0x5d6396444a4fc085f2f01aac5ecbbb97bc5c92b612dc0ceb5bdc6bdd7a197933,2026-05-03 21:29:04,0x7f1ac5669272141375585f6c70093bbb1edc07b38ae971a672b7a0133aefff97,btc-updown-4h-1777824000
"Bitcoin Up or Down - May 3, 2PM ET",Down,BUY,5,0.37,0x3a17657e337fc841f3cfe9095a710d0f72a5270e6eb165b84d49db559b26a6e3,2026-05-03 21:29:02,0x2b9583b8be09699d57dc8acfa99cd996a82fd62bbf49dfe8f9b17ecc44508668,bitcoin-up-or-down-may-3-2026-2pm-et
"Bitcoin Up or Down - May 3, 2PM ET",Down,BUY,5,0.37,0x3a17657e337fc841f3cfe9095a710d0f72a5270e6eb165b84d49db559b26a6e3,2026-05-03 21:28:54,0x465e2140718ee66636299ac17f0fb0e804abbf96c0d3b6af793ad4d26608310c,bitcoin-up-or-down-may-3-2026-2pm-et
"Bitcoin Up or Down - May 3, 2PM ET",Up,BUY,5,0.63,0x3a17657e337fc841f3cfe9095a710d0f72a5270e6eb165b84d49db559b26a6e3,2026-05-03 21:28:48,0x7904ebc498f0f7a82b8d7fceb5492753b46dfff9f23b61b3eafe9fb65ce33ae4,bitcoin-up-or-down-may-3-2026-2pm-et
"Bitcoin Up or Down - May 3, 2:25PM-2:30PM ET",Up,BUY,390.19,0.99,0x5854bb8bda88f5dcaa0dd84148317974d422e1642950c45b954b5e0e2654b67e,2026-05-03 21:28:36,0x395655cd06faf304ed7b33d9596d9d2e8374fa258902f87e9be2fdb428814614,btc-updown-5m-1777832700
"Bitcoin Up or Down - May 3, 2:25PM-2:30PM ET",Up,BUY,2458.04,0.99,0x5854bb8bda88f5dcaa0dd84148317974d422e1642950c45b954b5e0e2654b67e,2026-05-03 21:28:36,0xcb798f2b24702b2e2fafaeb602e21a1bd4a76978416d7cf56f0f686c99af3f95,btc-updown-5m-1777832700
"Bitcoin Up or Down - May 3, 2PM ET",Up,BUY,5,0.58,0x3a17657e337fc841f3cfe9095a710d0f72a5270e6eb165b84d49db559b26a6e3,2026-05-03 21:28:34,0x7e81542730cbd2322fcb074380617bf2e99a5eb0cb3759a2e65b7e0b92e05fc5,bitcoin-up-or-down-may-3-2026-2pm-et
"Bitcoin Up or Down - May 3, 2PM ET",Up,BUY,5,0.58,0x3a17657e337fc841f3cfe9095a710d0f72a5270e6eb165b84d49db559b26a6e3,2026-05-03 21:28:34,0x42c978181b730fff056078a48603487c4f77577da93c19fc418c93e52a98d01b,bitcoin-up-or-down-may-3-2026-2pm-et
"Bitcoin Up or Down - May 3, 2PM ET",Up,BUY,5,0.58,0x3a17657e337fc841f3cfe9095a710d0f72a5270e6eb165b84d49db559b26a6e3,2026-05-03 21:28:34,0x34b55b38019c82fb34b0c8efafd8908be884a8e2e05ef7fb352ef7763ebf0b26,bitcoin-up-or-down-may-3-2026-2pm-et
"Bitcoin Up or Down - May 3, 12:00PM-4:00PM ET",Up,BUY,6,0.68,0x5d6396444a4fc085f2f01aac5ecbbb97bc5c92b612dc0ceb5bdc6bdd7a197933,2026-05-03 21:28:34,0xbcd9a8d5264401e2095272f468eef6ba4b9aaf5e49a89268e57d60a8f61a8221,btc-updown-4h-1777824000
"Bitcoin Up or Down - May 3, 2PM ET",Up,BUY,5,0.58,0x3a17657e337fc841f3cfe9095a710d0f72a5270e6eb165b84d49db559b26a6e3,2026-05-03 21:28:34,0xb57a4e258ed3fd75ddbd978d1e1694c67bdac6f20fcf83377811a86bd865e393,bitcoin-up-or-down-may-3-2026-2pm-et
"Bitcoin Up or Down - May 3, 2PM ET",Up,BUY,5,0.57,0x3a17657e337fc841f3cfe9095a710d0f72a5270e6eb165b84d49db559b26a6e3,2026-05-03 21:27:56,0x87913360314d32ce80d02a6d498f6881ea90d8285898a0d7d13599b7a3114531,bitcoin-up-or-down-may-3-2026-2pm-et
"Bitcoin Up or Down - May 3, 2PM ET",Down,BUY,5,0.44,0x3a17657e337fc841f3cfe9095a710d0f72a5270e6eb165b84d49db559b26a6e3,2026-05-03 21:27:46,0xbb52f25da63d08684a19cd5b78961c0b45d29f1ef6c8f35580f9505149af615e,bitcoin-up-or-down-may-3-2026-2pm-et
"Ethereum Up or Down - May 3, 2:25PM-2:30PM ET",Down,BUY,31,0.07,0x5f899d2ed30de596e927373f7b7572ec310bd23b1dd7b0cc8886e3e9ff81a316,2026-05-03 21:27:36,0x0e0529cd8a1049b9cebc496692df0992a462ad6897a58175fed20c0e4742775d,eth-updown-5m-1777832700
"Ethereum Up or Down - May 3, 2:25PM-2:30PM ET",Down,BUY,21,0.06,0x5f899d2ed30de596e927373f7b7572ec310bd23b1dd7b0cc8886e3e9ff81a316,2026-05-03 21:27:30,0xce0d4081de732f4256a8d4d46fcc032683ac5245d73ffdd7b0d1d3405db6d4e3,eth-updown-5m-1777832700
"Bitcoin Up or Down - May 3, 2PM ET",Up,BUY,5,0.57862,0x3a17657e337fc841f3cfe9095a710d0f72a5270e6eb165b84d49db559b26a6e3,2026-05-03 21:27:26,0x5b3ad28ee7e8d877a45c2d15539f3b5ee845b7d3eef8e83fd8d58be3ad290f71,bitcoin-up-or-down-may-3-2026-2pm-et
"Bitcoin Up or Down - May 3, 2PM ET",Up,BUY,5,0.57,0x3a17657e337fc841f3cfe9095a710d0f72a5270e6eb165b84d49db559b26a6e3,2026-05-03 21:27:26,0x9a8670857b92e92dadfc518749151bc9453ca46d9375299f1e80c6fa91537c2a,bitcoin-up-or-down-may-3-2026-2pm-et
"Bitcoin Up or Down - May 3, 2:25PM-2:30PM ET",Up,BUY,521,0.949452207293666,0x5854bb8bda88f5dcaa0dd84148317974d422e1642950c45b954b5e0e2654b67e,2026-05-03 21:27:24,0x27dca156b8350bbc137b533e1bff9aa8403551b7d4ab85429db6951b09c2eb58,btc-updown-5m-1777832700
"Bitcoin Up or Down - May 3, 2:15PM-2:30PM ET",Up,BUY,1032.85,0.99,0xfb2b5e333a29a7a6823842aec29192562a3320b74fdfac3ad47a492c995102f8,2026-05-03 21:27:22,0xfd744f7ae5bb4e8c846ff68a27b7076383a07cf0ac6608d48b5f808882cea38c,btc-updown-15m-1777832100
"Ethereum Up or Down - May 3, 2:25PM-2:30PM ET",Up,BUY,27.48,0.9571324599708879,0x5f899d2ed30de596e927373f7b7572ec310bd23b1dd7b0cc8886e3e9ff81a316,2026-05-03 21:27:22,0xa9b9a2b72fbff535db8cf28b165ffcbbf0a9641bec6d30ce4b7abb5eefefd64e,eth-updown-5m-1777832700
"Bitcoin Up or Down - May 3, 2:25PM-2:30PM ET",Up,BUY,24.82,0.93,0x5854bb8bda88f5dcaa0dd84148317974d422e1642950c45b954b5e0e2654b67e,2026-05-03 21:27:22,0x1c17e49cf18c87c504f950b48eabc097ed537b2cd3b69ff958cab924f75d960a,btc-updown-5m-1777832700
"Bitcoin Up or Down - May 3, 2:25PM-2:30PM ET",Up,BUY,421,0.9334318289786223,0x5854bb8bda88f5dcaa0dd84148317974d422e1642950c45b954b5e0e2654b67e,2026-05-03 21:27:22,0x240e8ee2574ab6a02ae0051c42ab28452cee0dc2b672b3f0a1807cd7e25a7e4f,btc-updown-5m-1777832700
"Bitcoin Up or Down - May 3, 2:25PM-2:30PM ET",Up,BUY,355,0.9377112676056338,0x5854bb8bda88f5dcaa0dd84148317974d422e1642950c45b954b5e0e2654b67e,2026-05-03 21:27:22,0x55895599af2ab63cabf19821c5b0ed3ec6fe2fd34ec92cc439ce2c89555b12b5,btc-updown-5m-1777832700
"Bitcoin Up or Down - May 3, 12:00PM-4:00PM ET",Up,BUY,5,0.62,0x5d6396444a4fc085f2f01aac5ecbbb97bc5c92b612dc0ceb5bdc6bdd7a197933,2026-05-03 21:27:20,0x71902426ab0de1bd061db42b7c2814d0bd3f697cb3a7f1dd8fb7f1c33f1aea74,btc-updown-4h-1777824000
"Ethereum Up or Down - May 3, 2:25PM-2:30PM ET",Up,BUY,34,0.9099058823529412,0x5f899d2ed30de596e927373f7b7572ec310bd23b1dd7b0cc8886e3e9ff81a316,2026-05-03 21:27:14,0xe16e5df76937be9b117eab132af28cb845eb9d143d0c669ed7f4c316ce59858c,eth-updown-5m-1777832700
"Bitcoin Up or Down - May 3, 2:25PM-2:30PM ET",Up,BUY,272,0.9,0x5854bb8bda88f5dcaa0dd84148317974d422e1642950c45b954b5e0e2654b67e,2026-05-03 21:27:12,0x2f691973f68cbbdd11bc2208b4486202ccaca7366c59c0c415ed58335549061b,btc-updown-5m-1777832700
"Bitcoin Up or Down - May 3, 2:25PM-2:30PM ET",Up,BUY,204,0.8680495098039216,0x5854bb8bda88f5dcaa0dd84148317974d422e1642950c45b954b5e0e2654b67e,2026-05-03 21:27:12,0xda797ff114747dfe2a4031e5af796e37cbbfb5508dfec84d70c4ef7cc0ecefc5,btc-updown-5m-1777832700
"Bitcoin Up or Down - May 3, 2PM ET",Up,BUY,5,0.47,0x3a17657e337fc841f3cfe9095a710d0f72a5270e6eb165b84d49db559b26a6e3,2026-05-03 21:27:12,0x0c37db9f0f65a0805b87d1d49507c28ce4ebf9f3d0a414fdaafced73c4b69dd8,bitcoin-up-or-down-may-3-2026-2pm-et
"Bitcoin Up or Down - May 3, 2PM ET",Down,BUY,5,0.54,0x3a17657e337fc841f3cfe9095a710d0f72a5270e6eb165b84d49db559b26a6e3,2026-05-03 21:26:56,0xf8bce566a9ba491d7c067c2354c7b6a593a2b6e660fa8d80f73ca63f0871ea79,bitcoin-up-or-down-may-3-2026-2pm-et
"Ethereum Up or Down - May 3, 2:25PM-2:30PM ET",Down,BUY,20,0.12,0x5f899d2ed30de596e927373f7b7572ec310bd23b1dd7b0cc8886e3e9ff81a316,2026-05-03 21:26:56,0xc78c340e331ab63b02a91d47438b7db07d18d270cc1c717594e5355b1230a105,eth-updown-5m-1777832700
"Ethereum Up or Down - May 3, 2:25PM-2:30PM ET",Down,BUY,19,0.13616315789473685,0x5f899d2ed30de596e927373f7b7572ec310bd23b1dd7b0cc8886e3e9ff81a316,2026-05-03 21:26:56,0x119265ad56a165cc0719607e9f737731b042df355ddfaa88e85b444a12ea0d88,eth-updown-5m-1777832700
"Bitcoin Up or Down - May 3, 2:25PM-2:30PM ET",Down,BUY,117,0.1516974358974359,0x5854bb8bda88f5dcaa0dd84148317974d422e1642950c45b954b5e0e2654b67e,2026-05-03 21:26:56,0x68936916241c5175627ee43be191deab8e39316d1105d2aba15120e7860960c5,btc-updown-5m-1777832700
"Ethereum Up or Down - May 3, 2:25PM-2:30PM ET",Down,BUY,14,0.13625714285714285,0x5f899d2ed30de596e927373f7b7572ec310bd23b1dd7b0cc8886e3e9ff81a316,2026-05-03 21:26:56,0xe509d55c7c2efbe2bb5c7bdb102999a5f5a1a1e983f6d9012fb3f07d70a11144,eth-updown-5m-1777832700
"Bitcoin Up or Down - May 3, 2:25PM-2:30PM ET",Down,BUY,157,0.13217388535031846,0x5854bb8bda88f5dcaa0dd84148317974d422e1642950c45b954b5e0e2654b67e,2026-05-03 21:26:56,0xceaaa13a812a208f470659369ded7d147f22243f6068d8ac9ea4ce40b8a9c5cf,btc-updown-5m-1777832700
"Bitcoin Up or Down - May 3, 2:25PM-2:30PM ET",Up,BUY,166,0.84,0x5854bb8bda88f5dcaa0dd84148317974d422e1642950c45b954b5e0e2654b67e,2026-05-03 21:26:42,0x3111db6d63597d7dd69f82884c56a64a352f2af00d7c569454dbf4693bb78e20,btc-updown-5m-1777832700
"Ethereum Up or Down - May 3, 2:25PM-2:30PM ET",Up,BUY,22,0.85,0x5f899d2ed30de596e927373f7b7572ec310bd23b1dd7b0cc8886e3e9ff81a316,2026-05-03 21:26:40,0x786cc2ba92a3efec7bbf19478ff67d5de3f78e74000f3723447ae3e1ed6e2351,eth-updown-5m-1777832700
"Bitcoin Up or Down - May 3, 2:25PM-2:30PM ET",Up,BUY,5,0.8,0x5854bb8bda88f5dcaa0dd84148317974d422e1642950c45b954b5e0e2654b67e,2026-05-03 21:26:38,0x7d23f3704890f43df423f69e2f6445cb362fc30c969d566656d1027d48ca855b,btc-updown-5m-1777832700
"Bitcoin Up or Down - May 3, 2:25PM-2:30PM ET",Up,BUY,113,0.751575221238938,0x5854bb8bda88f5dcaa0dd84148317974d422e1642950c45b954b5e0e2654b67e,2026-05-03 21:26:38,0xf0499617b6baff49b08c82dfbf48dcd2ca3013c8f6175b2f35b6667381714a36,btc-updown-5m-1777832700
"Ethereum Up or Down - May 3, 2:25PM-2:30PM ET",Up,BUY,28,0.8791892857142857,0x5f899d2ed30de596e927373f7b7572ec310bd23b1dd7b0cc8886e3e9ff81a316,2026-05-03 21:26:36,0x5433cf17b3e9315edb23aae9d9c67fbbacd1a3683301635921fabbf7118428a2,eth-updown-5m-1777832700
"Ethereum Up or Down - May 3, 2:25PM-2:30PM ET",Up,BUY,26,0.8505807692307692,0x5f899d2ed30de596e927373f7b7572ec310bd23b1dd7b0cc8886e3e9ff81a316,2026-05-03 21:26:36,0x192de56b9dab86870fcdb797c8973ab381f57ef719b3b9af21cd0eeb3ac80eb3,eth-updown-5m-1777832700
"Ethereum Up or Down - May 3, 2:25PM-2:30PM ET",Up,BUY,2.82,0.77,0x5f899d2ed30de596e927373f7b7572ec310bd23b1dd7b0cc8886e3e9ff81a316,2026-05-03 21:26:36,0xc233e20c135e1e0a7cec6fb47c6c9fde07ae7eaad62d9a27013fe3c8555d802c,eth-updown-5m-1777832700
"Ethereum Up or Down - May 3, 2:25PM-2:30PM ET",Up,BUY,31,0.8845806451612903,0x5f899d2ed30de596e927373f7b7572ec310bd23b1dd7b0cc8886e3e9ff81a316,2026-05-03 21:26:36,0xec47f30413842b402c81b6ced788395dcb982b4f527b89d7e0a5ac29a3e29f9b,eth-updown-5m-1777832700
"Ethereum Up or Down - May 3, 2:25PM-2:30PM ET",Up,BUY,21,0.832,0x5f899d2ed30de596e927373f7b7572ec310bd23b1dd7b0cc8886e3e9ff81a316,2026-05-03 21:26:36,0x92403c3245a0688591075ab1f23a6f8bbb3568ee4360868ad5a55ad414ffe711,eth-updown-5m-1777832700
"Ethereum Up or Down - May 3, 2:25PM-2:30PM ET",Up,BUY,22,0.8318181818181818,0x5f899d2ed30de596e927373f7b7572ec310bd23b1dd7b0cc8886e3e9ff81a316,2026-05-03 21:26:36,0x786273469ea09f002d54e9a6120aed039f0a3eb95ebb9911f5ed953cd7a635b7,eth-updown-5m-1777832700
"Bitcoin Up or Down - May 3, 2:25PM-2:30PM ET",Down,BUY,97,0.26219381443298967,0x5854bb8bda88f5dcaa0dd84148317974d422e1642950c45b954b5e0e2654b67e,2026-05-03 21:26:34,0x8e4f8606cdbf2229b5172acf9ad71fcef2eac5594f027133fe96f776d2275a8c,btc-updown-5m-1777832700
"Bitcoin Up or Down - May 3, 2:25PM-2:30PM ET",Up,BUY,10.02,0.75,0x5854bb8bda88f5dcaa0dd84148317974d422e1642950c45b954b5e0e2654b67e,2026-05-03 21:26:30,0x963267369403d214d0cc864d7bb429e23dc5c988964baa130a7376ac2d905187,btc-updown-5m-1777832700
"Ethereum Up or Down - May 3, 2:25PM-2:30PM ET",Down,BUY,10,0.19,0x5f899d2ed30de596e927373f7b7572ec310bd23b1dd7b0cc8886e3e9ff81a316,2026-05-03 21:26:24,0xfe046c420dc26bab1f8fe2dc07ab00c7a4b31be8a5cfc9cb50367aa22264cbb0,eth-updown-5m-1777832700
"Bitcoin Up or Down - May 3, 2:25PM-2:30PM ET",Down,BUY,97,0.28,0x5854bb8bda88f5dcaa0dd84148317974d422e1642950c45b954b5e0e2654b67e,2026-05-03 21:26:24,0x8365aeabca5d97cbd2342ec4bb961723584a5183a0e7f3c8a830d7b3dcb7f426,btc-updown-5m-1777832700
"Ethereum Up or Down - May 3, 2:25PM-2:30PM ET",Down,BUY,11,0.24363636363636362,0x5f899d2ed30de596e927373f7b7572ec310bd23b1dd7b0cc8886e3e9ff81a316,2026-05-03 21:26:24,0xf6ac80d6a942868cbb30cf0784a3f6d503504d1cf423682057720761aad9a70e,eth-updown-5m-1777832700
"Ethereum Up or Down - May 3, 2:25PM-2:30PM ET",Down,BUY,7.46,0.23,0x5f899d2ed30de596e927373f7b7572ec310bd23b1dd7b0cc8886e3e9ff81a316,2026-05-03 21:26:24,0xb6d734aef65fb6933722fd84231af09cc4fe50c74e068a6927d6738113a45986,eth-updown-5m-1777832700
"Ethereum Up or Down - May 3, 2:25PM-2:30PM ET",Down,BUY,14,0.24,0x5f899d2ed30de596e927373f7b7572ec310bd23b1dd7b0cc8886e3e9ff81a316,2026-05-03 21:26:24,0x3fc606925eeb949e6d439fdfb08d19f740053de2257a47194ee5d9594f95716b,eth-updown-5m-1777832700
"Ethereum Up or Down - May 3, 2:25PM-2:30PM ET",Down,BUY,16,0.18,0x5f899d2ed30de596e927373f7b7572ec310bd23b1dd7b0cc8886e3e9ff81a316,2026-05-03 21:26:24,0xcd1e099cabf92bc86dfad7a177b667b1f6924cbcb4d7140a94c6030ac2a006fe,eth-updown-5m-1777832700
"Bitcoin Up or Down - May 3, 2:25PM-2:30PM ET",Up,BUY,64.38,0.7505250077663871,0x5854bb8bda88f5dcaa0dd84148317974d422e1642950c45b954b5e0e2654b67e,2026-05-03 21:26:18,0x173f94dd891d30796b1613739559263e9b2523f4c9871518123e90fe0b3e029f,btc-updown-5m-1777832700
"Ethereum Up or Down - May 3, 2:15PM-2:30PM ET",Up,BUY,1349.44,0.99,0xf969d95ef021be9e0afbb86351ca7bb4a7bc83b813b2ad8039b0611f7593dfe0,2026-05-03 21:26:14,0xe68e526c6f11d1e774c61861502040fd88d822dc7ebd905415df91c95ee5a2f2,eth-updown-15m-1777832100
"Bitcoin Up or Down - May 3, 2PM ET",Up,BUY,1.47,0.4,0x3a17657e337fc841f3cfe9095a710d0f72a5270e6eb165b84d49db559b26a6e3,2026-05-03 21:26:14,0x83ffde473f957d95897f4e03f1d04c3736e58942b24f962d7b95ae3e5436fcf7,bitcoin-up-or-down-may-3-2026-2pm-et
"Bitcoin Up or Down - May 3, 2:25PM-2:30PM ET",Up,BUY,104,0.74,0x5854bb8bda88f5dcaa0dd84148317974d422e1642950c45b954b5e0e2654b67e,2026-05-03 21:26:14,0x57e4c1f25bcf3ed521a5a4ab5493b25018541b178c3c00107f2beb9ecb97f6b3,btc-updown-5m-1777832700
"Bitcoin Up or Down - May 3, 2:25PM-2:30PM ET",Up,BUY,77.56,0.7279564208354822,0x5854bb8bda88f5dcaa0dd84148317974d422e1642950c45b954b5e0e2654b67e,2026-05-03 21:26:14,0x9523a875c853fdef9718bb4d760d312b4757b550d84ab009f08881f675aff47b,btc-updown-5m-1777832700
"Bitcoin Up or Down - May 3, 2:25PM-2:30PM ET",Up,BUY,84,0.5671428571428572,0x5854bb8bda88f5dcaa0dd84148317974d422e1642950c45b954b5e0e2654b67e,2026-05-03 21:26:10,0x6c4d996fd876e86be2a85f475870cce7abdbfd4da96e176976891135ee887234,btc-updown-5m-1777832700
"Ethereum Up or Down - May 3, 2:25PM-2:30PM ET",Up,BUY,16,0.722625,0x5f899d2ed30de596e927373f7b7572ec310bd23b1dd7b0cc8886e3e9ff81a316,2026-05-03 21:26:08,0xdd27d740cb6edaf7ddf196ce1582c45a64f857610b9ba22a2225f822806f70ef,eth-updown-5m-1777832700
"Ethereum Up or Down - May 3, 2:25PM-2:30PM ET",Up,BUY,12,0.6616666666666666,0x5f899d2ed30de596e927373f7b7572ec310bd23b1dd7b0cc8886e3e9ff81a316,2026-05-03 21:25:12,0x8f97284704317ce5111e92fab35b163ec6229970b57868bb022d4c2a6efb4b92,eth-updown-5m-1777832700
"Ethereum Up or Down - May 3, 2:25PM-2:30PM ET",Up,BUY,11,0.66,0x5f899d2ed30de596e927373f7b7572ec310bd23b1dd7b0cc8886e3e9ff81a316,2026-05-03 21:25:12,0xb9a104465424b11bb90710dc2013d2af54a4cc45b3559826e8cc5fc584c93fe1,eth-updown-5m-1777832700
"Bitcoin Up or Down - May 3, 2:20PM-2:25PM ET",Up,BUY,11.26,0.4602841918294849,0xcfb4e4ec634bb8ce6b24d95e042d80b9185eca463980f6b7ac9f589e2903b240,2026-05-03 21:25:08,0x0e770ce4af5f2d06cc69e77f2bc4c724638cd6cfae3bb21600cec68955a0bfd9,btc-updown-5m-1777832400
"Bitcoin Up or Down - May 3, 2PM ET",Up,BUY,5,0.38,0x3a17657e337fc841f3cfe9095a710d0f72a5270e6eb165b84d49db559b26a6e3,2026-05-03 21:25:08,0x4ee553b94b0887271ed6056f9d67fa3c72c7da8a03e82b78e752b2c6f18fe88d,bitcoin-up-or-down-may-3-2026-2pm-et
"Bitcoin Up or Down - May 3, 2PM ET",Up,BUY,5,0.37,0x3a17657e337fc841f3cfe9095a710d0f72a5270e6eb165b84d49db559b26a6e3,2026-05-03 21:25:08,0x56f5629706e6f5582eb488aba79f68b746a6d40b6988a755f483e49b7d20f079,bitcoin-up-or-down-may-3-2026-2pm-et
"Bitcoin Up or Down - May 3, 2:15PM-2:30PM ET",Down,BUY,16,0.1582875,0xfb2b5e333a29a7a6823842aec29192562a3320b74fdfac3ad47a492c995102f8,2026-05-03 21:24:04,0x5a47fe3f79e6d9ade81ac0b8a9a07e52655dce370f99c099b27047d990ff2926,btc-updown-15m-1777832100
"Bitcoin Up or Down - May 3, 2:20PM-2:25PM ET",Down,BUY,10.83,0.2,0xcfb4e4ec634bb8ce6b24d95e042d80b9185eca463980f6b7ac9f589e2903b240,2026-05-03 21:24:02,0xeb4e55d15a0b7c411da9063c9903a517539d249c5f886b7db38b72fd956aecc7,btc-updown-5m-1777832400
"Bitcoin Up or Down - May 3, 2PM ET",Down,BUY,5,0.64,0x3a17657e337fc841f3cfe9095a710d0f72a5270e6eb165b84d49db559b26a6e3,2026-05-03 21:24:02,0x0fd8f1c19c24ca7e27e9e8ea766796762765b524a134d7bf5e4f873c32e66b05,bitcoin-up-or-down-may-3-2026-2pm-et
"Bitcoin Up or Down - May 3, 2:15PM-2:30PM ET",Down,BUY,17,0.15,0xfb2b5e333a29a7a6823842aec29192562a3320b74fdfac3ad47a492c995102f8,2026-05-03 21:24:02,0x027d2afbb479f0db0be54cfa3c3a8fc90017db4972c1bcfd0f3aa4f476df3a82,btc-updown-15m-1777832100
"Ethereum Up or Down - May 3, 2:20PM-2:25PM ET",Down,BUY,10,0.42,0xc34ebbc16e921f6c98a1abec533aa2559a5ba9b0f3cc624054b2cee957fad0d0,2026-05-03 21:24:00,0x2b3c37585a1928a469370d905ab35c2a703e25973340d9a472c88d1edaf43fb3,eth-updown-5m-1777832400
"Bitcoin Up or Down - May 3, 2:20PM-2:25PM ET",Up,BUY,149,0.82,0xcfb4e4ec634bb8ce6b24d95e042d80b9185eca463980f6b7ac9f589e2903b240,2026-05-03 21:23:52,0x919a36ad347addad538fe209701a99d5c535f430ddd44d6c6fc3b70b78b4b72b,btc-updown-5m-1777832400
"Bitcoin Up or Down - May 3, 2:20PM-2:25PM ET",Up,BUY,33.44,0.7549581339712919,0xcfb4e4ec634bb8ce6b24d95e042d80b9185eca463980f6b7ac9f589e2903b240,2026-05-03 21:23:44,0xa1837fbdb116af63ae3affd82596a879a78cc18fb59f578fef602e1653c7f458,btc-updown-5m-1777832400
"Ethereum Up or Down - May 3, 2:20PM-2:25PM ET",Up,BUY,10,0.4539,0xc34ebbc16e921f6c98a1abec533aa2559a5ba9b0f3cc624054b2cee957fad0d0,2026-05-03 21:23:36,0xb567a353cc85efd6ec6a94b24c803af93f67d6f5b5f28e1dd1c424aaaba13b18,eth-updown-5m-1777832400
"Bitcoin Up or Down - May 3, 2:15PM-2:30PM ET",Up,BUY,16,0.8,0xfb2b5e333a29a7a6823842aec29192562a3320b74fdfac3ad47a492c995102f8,2026-05-03 21:23:20,0x992efdd6f78bd7123bef492ac23cc9e66e00d52ff765ebe4233636e4e005171f,btc-updown-15m-1777832100
"Ethereum Up or Down - May 3, 2:20PM-2:25PM ET",Up,BUY,10,0.4347,0xc34ebbc16e921f6c98a1abec533aa2559a5ba9b0f3cc624054b2cee957fad0d0,2026-05-03 21:23:20,0x2325ccb45607284b1f2dc8ed2a3d939ac0f1759788603099cb0cce2a12354969,eth-updown-5m-1777832400
"Bitcoin Up or Down - May 3, 2PM ET",Up,BUY,2.93,0.32,0x3a17657e337fc841f3cfe9095a710d0f72a5270e6eb165b84d49db559b26a6e3,2026-05-03 21:23:10,0x61c94714e83a2506c61e1a86182307f85656525ffc9ac1483d46ccfaacda7d56,bitcoin-up-or-down-may-3-2026-2pm-et
"Bitcoin Up or Down - May 3, 2:15PM-2:30PM ET",Up,BUY,8.67,0.76,0xfb2b5e333a29a7a6823842aec29192562a3320b74fdfac3ad47a492c995102f8,2026-05-03 21:23:10,0xc5472da2015f4a6a63ae2454cec1f481b1e4955f8e942a4c78668dbacb4064a0,btc-updown-15m-1777832100
"Bitcoin Up or Down - May 3, 2:20PM-2:25PM ET",Up,BUY,10,0.585,0xcfb4e4ec634bb8ce6b24d95e042d80b9185eca463980f6b7ac9f589e2903b240,2026-05-03 21:23:10,0xc3be2480561ead5d1bc49eaffb70f4637cff2b55c03b189cfbb9639bef763d2b,btc-updown-5m-1777832400
"Bitcoin Up or Down - May 3, 2:20PM-2:25PM ET",Up,BUY,63.47,0.5507877737513786,0xcfb4e4ec634bb8ce6b24d95e042d80b9185eca463980f6b7ac9f589e2903b240,2026-05-03 21:23:08,0x9b659781eb6c5b4004c64391985608d91b33319aac2dcbd8efe7fbf676e63bf4,btc-updown-5m-1777832400
"Ethereum Up or Down - May 3, 2:20PM-2:25PM ET",Down,BUY,13,0.72,0xc34ebbc16e921f6c98a1abec533aa2559a5ba9b0f3cc624054b2cee957fad0d0,2026-05-03 21:22:34,0xd36b155bdf95ca71bfa731661d6c5da31ced0e4a624ac388bec0375fcdffe979,eth-updown-5m-1777832400
"Ethereum Up or Down - May 3, 2:20PM-2:25PM ET",Down,BUY,14,0.7407142857142858,0xc34ebbc16e921f6c98a1abec533aa2559a5ba9b0f3cc624054b2cee957fad0d0,2026-05-03 21:22:34,0xd527c1d17dd4a4feff2bc3d4f1677860d3c28bc8c3dda20d8e07920cb2a96242,eth-updown-5m-1777832400
"Bitcoin Up or Down - May 3, 2:20PM-2:25PM ET",Up,BUY,80,0.50720375,0xcfb4e4ec634bb8ce6b24d95e042d80b9185eca463980f6b7ac9f589e2903b240,2026-05-03 21:22:16,0x3c415e730465fc0241c26e870c80c5208a650959a9a52cbbb8e525fe0d2e5ecd,btc-updown-5m-1777832400
"Ethereum Up or Down - May 3, 2:20PM-2:25PM ET",Up,BUY,12,0.28,0xc34ebbc16e921f6c98a1abec533aa2559a5ba9b0f3cc624054b2cee957fad0d0,2026-05-03 21:22:16,0x32f115195a1ab9f74549d60fa4ac9e16a1e5382671522fb409b561a0e8c8b038,eth-updown-5m-1777832400
"Bitcoin Up or Down - May 3, 2PM ET",Up,BUY,6,0.32,0x3a17657e337fc841f3cfe9095a710d0f72a5270e6eb165b84d49db559b26a6e3,2026-05-03 21:22:16,0x39a54baf2f4649779c41dc64b413e631a2c44c0491a916cc10bea6ee96046bb3,bitcoin-up-or-down-may-3-2026-2pm-et
"Bitcoin Up or Down - May 3, 2:15PM-2:30PM ET",Up,BUY,12,0.64,0xfb2b5e333a29a7a6823842aec29192562a3320b74fdfac3ad47a492c995102f8,2026-05-03 21:22:16,0xb829561687acfc84cf18e6a323f0c62036e407a8675b883665409d7ec816920e,btc-updown-15m-1777832100
"Ethereum Up or Down - May 3, 2:20PM-2:25PM ET",Up,BUY,11,0.28,0xc34ebbc16e921f6c98a1abec533aa2559a5ba9b0f3cc624054b2cee957fad0d0,2026-05-03 21:22:16,0xca3a36d84cafe667c14b7bdcd8aacbf5ed95486fbe611e4e12ac1e13be97174c,eth-updown-5m-1777832400
"Ethereum Up or Down - May 3, 2:20PM-2:25PM ET",Up,BUY,12,0.28,0xc34ebbc16e921f6c98a1abec533aa2559a5ba9b0f3cc624054b2cee957fad0d0,2026-05-03 21:22:16,0xc58fbc5baafc37ea0a6c2c867e4590092d118103d6b5063f012c6e0aaa75cfe6,eth-updown-5m-1777832400
"Ethereum Up or Down - May 3, 2:20PM-2:25PM ET",Up,BUY,14,0.23,0xc34ebbc16e921f6c98a1abec533aa2559a5ba9b0f3cc624054b2cee957fad0d0,2026-05-03 21:22:14,0xc282ada31e1b034361faae47c73bf7bafe0e49f70b4db874dffc8cd410297cbb,eth-updown-5m-1777832400
"Ethereum Up or Down - May 3, 2:20PM-2:25PM ET",Up,BUY,13,0.23,0xc34ebbc16e921f6c98a1abec533aa2559a5ba9b0f3cc624054b2cee957fad0d0,2026-05-03 21:22:12,0xe9996caa8a2c3c5bc2f97dcb2298060fc82f8dcd3f89560021ab346c32a3c334,eth-updown-5m-1777832400
"Ethereum Up or Down - May 3, 2:20PM-2:25PM ET",Down,BUY,12,0.7,0xc34ebbc16e921f6c98a1abec533aa2559a5ba9b0f3cc624054b2cee957fad0d0,2026-05-03 21:21:32,0x673721fa4c22d178b810f7c6d6df02f13162c9f0319ad283f1bf783eb11f2e0c,eth-updown-5m-1777832400
"Bitcoin Up or Down - May 3, 2:20PM-2:25PM ET",Down,BUY,87,0.62,0xcfb4e4ec634bb8ce6b24d95e042d80b9185eca463980f6b7ac9f589e2903b240,2026-05-03 21:21:32,0x1418b5f3497b42bb1177aa63a8560ce8d0dd3de2e4183d3fa949e9a3a29634ca,btc-updown-5m-1777832400
"Ethereum Up or Down - May 3, 2:20PM-2:25PM ET",Down,BUY,11,0.64,0xc34ebbc16e921f6c98a1abec533aa2559a5ba9b0f3cc624054b2cee957fad0d0,2026-05-03 21:21:16,0x5f7d10f2a3c04c9461400321f9b0cd890a05e24405a3f00cadc306bcb41c5515,eth-updown-5m-1777832400
"Ethereum Up or Down - May 3, 2:20PM-2:25PM ET",Down,BUY,11,0.61,0xc34ebbc16e921f6c98a1abec533aa2559a5ba9b0f3cc624054b2cee957fad0d0,2026-05-03 21:21:08,0x960229c6d6026fbf8facd60e0ceea4c4954fbdada12c205d4b1cee5ae4d825e4,eth-updown-5m-1777832400
"Bitcoin Up or Down - May 3, 2:15PM-2:30PM ET",Down,BUY,11,0.29,0xfb2b5e333a29a7a6823842aec29192562a3320b74fdfac3ad47a492c995102f8,2026-05-03 21:21:06,0x42a12c8fbb0f98a8525f700d02d541cf59af907863b22739a13178631b0a8310,btc-updown-15m-1777832100
"Ethereum Up or Down - May 3, 2:20PM-2:25PM ET",Down,BUY,11,0.61,0xc34ebbc16e921f6c98a1abec533aa2559a5ba9b0f3cc624054b2cee957fad0d0,2026-05-03 21:21:06,0x29d7354d936322e3e0aba83cc980da085808039d774cb52e8df9a29eb189c5bc,eth-updown-5m-1777832400
"Bitcoin Up or Down - May 3, 2:20PM-2:25PM ET",Down,BUY,81,0.53,0xcfb4e4ec634bb8ce6b24d95e042d80b9185eca463980f6b7ac9f589e2903b240,2026-05-03 21:21:06,0xfa1525fdc4662929dc208e739f43a25a318d798d1ec40382b376f2f736bb1aec,btc-updown-5m-1777832400
"Bitcoin Up or Down - May 3, 2:20PM-2:25PM ET",Down,BUY,81,0.5257654320987655,0xcfb4e4ec634bb8ce6b24d95e042d80b9185eca463980f6b7ac9f589e2903b240,2026-05-03 21:20:58,0x63556f4346ece0440b6ad82bc1a730e91a56c8816280a8c57c56a77917611179,btc-updown-5m-1777832400
"Bitcoin Up or Down - May 3, 2:20PM-2:25PM ET",Down,BUY,81,0.5297987654320988,0xcfb4e4ec634bb8ce6b24d95e042d80b9185eca463980f6b7ac9f589e2903b240,2026-05-03 21:20:58,0xe558c66a2ba5b8941a70f16ef084526b96fbcde8a54bc9efcb80852b73070dd9,btc-updown-5m-1777832400
"Ethereum Up or Down - May 3, 2:20PM-2:25PM ET",Down,BUY,10,0.53,0xc34ebbc16e921f6c98a1abec533aa2559a5ba9b0f3cc624054b2cee957fad0d0,2026-05-03 21:20:54,0x632eae5a18d6108a167062d268d212c77e9cbad75664cfc3c08eb7ecc036e054,eth-updown-5m-1777832400
"Bitcoin Up or Down - May 3, 2:20PM-2:25PM ET",Down,BUY,85,0.5753505882352942,0xcfb4e4ec634bb8ce6b24d95e042d80b9185eca463980f6b7ac9f589e2903b240,2026-05-03 21:20:40,0x4d98155f6edb8af31301f38fcfc9969c0b036393bf8c758ed721c0bc6213fa4b,btc-updown-5m-1777832400
"Ethereum Up or Down - May 3, 2:20PM-2:25PM ET",Up,BUY,10,0.49,0xc34ebbc16e921f6c98a1abec533aa2559a5ba9b0f3cc624054b2cee957fad0d0,2026-05-03 21:20:40,0xa61da6f36faac04b6dbdd5f976fe7a42f8544293563ad3382262a65f938d8dfd,eth-updown-5m-1777832400
"Bitcoin Up or Down - May 3, 2:20PM-2:25PM ET",Up,BUY,81,0.43,0xcfb4e4ec634bb8ce6b24d95e042d80b9185eca463980f6b7ac9f589e2903b240,2026-05-03 21:20:38,0xc5de54d97c324bbb9bf000832933f4be68db4fa6a5612d3f2b16ab91522b8d82,btc-updown-5m-1777832400
"Ethereum Up or Down - May 3, 2:20PM-2:25PM ET",Up,BUY,10,0.46,0xc34ebbc16e921f6c98a1abec533aa2559a5ba9b0f3cc624054b2cee957fad0d0,2026-05-03 21:20:34,0xe82b3151bb9216136f25fbe009f5600420d91a4dc646d8ae284e0e1bac2d4e26,eth-updown-5m-1777832400
"Ethereum Up or Down - May 3, 2:20PM-2:25PM ET",Up,BUY,5,0.38,0xc34ebbc16e921f6c98a1abec533aa2559a5ba9b0f3cc624054b2cee957fad0d0,2026-05-03 21:20:34,0x2783be441404124b4e4afa8f304b8ea82f157370ed36ef329e7b462a24716301,eth-updown-5m-1777832400
"Ethereum Up or Down - May 3, 2:20PM-2:25PM ET",Up,BUY,10,0.34,0xc34ebbc16e921f6c98a1abec533aa2559a5ba9b0f3cc624054b2cee957fad0d0,2026-05-03 21:20:30,0xe067e806a85da0afcdf4ac13eef281f92f128c16f5bd810367727e92e194ffd0,eth-updown-5m-1777832400
"Ethereum Up or Down - May 3, 2:20PM-2:25PM ET",Up,BUY,11,0.3528181818181818,0xc34ebbc16e921f6c98a1abec533aa2559a5ba9b0f3cc624054b2cee957fad0d0,2026-05-03 21:20:30,0xcf3c5731ea6fbd5b362b057960894965ab46e09c697b3189404a0f9249b7fadd,eth-updown-5m-1777832400
"Bitcoin Up or Down - May 3, 2:20PM-2:25PM ET",Down,BUY,80,0.48057,0xcfb4e4ec634bb8ce6b24d95e042d80b9185eca463980f6b7ac9f589e2903b240,2026-05-03 21:20:14,0x4e50b150f4dc1e7b9bd115fcc4f1c872702edf308c00faef11026719abe08bed,btc-updown-5m-1777832400
"Bitcoin Up or Down - May 3, 2PM ET",Down,BUY,5,0.64,0x3a17657e337fc841f3cfe9095a710d0f72a5270e6eb165b84d49db559b26a6e3,2026-05-03 21:20:06,0x2433aa22726ddbd6a778d1911fa3594d683529e52892e119ee7486b9fa2301cc,bitcoin-up-or-down-may-3-2026-2pm-et
"Bitcoin Up or Down - May 3, 2:15PM-2:20PM ET",Up,BUY,355,0.92,0x9bd5357882b23c65e3bda61c095fbbc01da57bd66937db08c1e53206bc4700b0,2026-05-03 21:19:44,0x38c792d3e03db02cfbed8d46b54c3e0483b65ae92c934acbd90e23e0440b3296,btc-updown-5m-1777832100
"Bitcoin Up or Down - May 3, 2:15PM-2:20PM ET",Up,BUY,687,0.9500694323144104,0x9bd5357882b23c65e3bda61c095fbbc01da57bd66937db08c1e53206bc4700b0,2026-05-03 21:19:44,0xf512953b09b184d99e8cd4b9da79896859ae646d8efc3f52b70de1e67b70856d,btc-updown-5m-1777832100
"Bitcoin Up or Down - May 3, 2PM ET",Up,BUY,5,0.31,0x3a17657e337fc841f3cfe9095a710d0f72a5270e6eb165b84d49db559b26a6e3,2026-05-03 21:19:42,0x308dec091eebff704424405ec290ce8c55d62560f8b70e76341dd4e8a15478fb,bitcoin-up-or-down-may-3-2026-2pm-et
"Bitcoin Up or Down - May 3, 2:15PM-2:20PM ET",Up,BUY,687,0.908371615720524,0x9bd5357882b23c65e3bda61c095fbbc01da57bd66937db08c1e53206bc4700b0,2026-05-03 21:19:40,0x05ed08763d11e1e61542c2168c0dd98fe4cd7c580451e70a33b15fccfb82effc,btc-updown-5m-1777832100
"Bitcoin Up or Down - May 3, 2:15PM-2:30PM ET",Up,BUY,10,0.51,0xfb2b5e333a29a7a6823842aec29192562a3320b74fdfac3ad47a492c995102f8,2026-05-03 21:19:22,0x0e504db2ae25f9acdcdb2ab4e870f6f24c86e720ee6d26091ce5ee6d8cc43220,btc-updown-15m-1777832100
"Bitcoin Up or Down - May 3, 2PM ET",Up,BUY,6,0.29,0x3a17657e337fc841f3cfe9095a710d0f72a5270e6eb165b84d49db559b26a6e3,2026-05-03 21:19:22,0x7650ca0c298a8a61292a33fb69967861e785cf2a5856000fb385a45c145acaf5,bitcoin-up-or-down-may-3-2026-2pm-et
"Bitcoin Up or Down - May 3, 2PM ET",Down,BUY,6,0.71,0x3a17657e337fc841f3cfe9095a710d0f72a5270e6eb165b84d49db559b26a6e3,2026-05-03 21:19:04,0x5da4420acf76a15761ec2a9b65217eef0b2449ae60ad5e1adfc56111017007e7,bitcoin-up-or-down-may-3-2026-2pm-et
"Bitcoin Up or Down - May 3, 2:15PM-2:30PM ET",Down,BUY,10,0.48,0xfb2b5e333a29a7a6823842aec29192562a3320b74fdfac3ad47a492c995102f8,2026-05-03 21:19:04,0x67cfcb60b564dad683092c11360d4d3fe7ef79c49a48213f912f10dfa11e218f,btc-updown-15m-1777832100
"Bitcoin Up or Down - May 3, 2:15PM-2:20PM ET",Down,BUY,110,0.20502272727272727,0x9bd5357882b23c65e3bda61c095fbbc01da57bd66937db08c1e53206bc4700b0,2026-05-03 21:19:04,0x1af1c34b776e6c5a3085c64786addd350b2fd32a568814c85c0e02c1a6d13848,btc-updown-5m-1777832100
"Bitcoin Up or Down - May 3, 2:15PM-2:20PM ET",Down,BUY,94,0.31,0x9bd5357882b23c65e3bda61c095fbbc01da57bd66937db08c1e53206bc4700b0,2026-05-03 21:19:04,0x5aa3452cffaee076cc05aa118dd0ee99127ef760fa8f56b026bfeffcc23dd7c0,btc-updown-5m-1777832100
"Bitcoin Up or Down - May 3, 2:15PM-2:30PM ET",Down,BUY,10,0.47,0xfb2b5e333a29a7a6823842aec29192562a3320b74fdfac3ad47a492c995102f8,2026-05-03 21:19:04,0xb008db3f4c51c16291816040f86262d143b45e672e938b39f911cedd99131cd4,btc-updown-15m-1777832100
"Bitcoin Up or Down - May 3, 2:15PM-2:20PM ET",Down,BUY,26.75,0.29354392523364486,0x9bd5357882b23c65e3bda61c095fbbc01da57bd66937db08c1e53206bc4700b0,2026-05-03 21:19:04,0x6dfcc50efa12906269d4625af8793ac20d424fd1dc94467bc0944ec45943cfcd,btc-updown-5m-1777832100
"Bitcoin Up or Down - May 3, 2:15PM-2:20PM ET",Up,BUY,21.34,0.737029053420806,0x9bd5357882b23c65e3bda61c095fbbc01da57bd66937db08c1e53206bc4700b0,2026-05-03 21:18:58,0x7287825ee29d4003a5a101c6b83738d9aa6c35fc49b0a9f4a03ac7fef4cf03f1,btc-updown-5m-1777832100
"Ethereum Up or Down - May 3, 2:15PM-2:20PM ET",Up,BUY,12,0.7,0x8bf93465ff49df8ca832b97e79941b6c71fddbc8cf694c223a2c7faff63d3845,2026-05-03 21:18:58,0xe4532d525eae35ccb5fd21b173652eaf29ae4b44a734960352150c3308b66a36,eth-updown-5m-1777832100
"Bitcoin Up or Down - May 3, 2:15PM-2:30PM ET",Up,BUY,10,0.51,0xfb2b5e333a29a7a6823842aec29192562a3320b74fdfac3ad47a492c995102f8,2026-05-03 21:18:56,0x63e53d4bf250b6328bf3465220825020562de9a68e4ae0b08808b2527bc5182c,btc-updown-15m-1777832100
"Bitcoin Up or Down - May 3, 2:15PM-2:20PM ET",Up,BUY,25.02,0.6580015987210232,0x9bd5357882b23c65e3bda61c095fbbc01da57bd66937db08c1e53206bc4700b0,2026-05-03 21:18:38,0x90ba96161941726de5d2c596c11107d03f0d984a34c8a987e049794b0a0934c2,btc-updown-5m-1777832100
"Bitcoin Up or Down - May 3, 2:15PM-2:20PM ET",Up,BUY,83,0.5905771084337349,0x9bd5357882b23c65e3bda61c095fbbc01da57bd66937db08c1e53206bc4700b0,2026-05-03 21:18:30,0xba9bb4bec6ff8d9e8ad070a178a5b03198f6e3a445934e681ea4ca7789e68f49,btc-updown-5m-1777832100
"Bitcoin Up or Down - May 3, 2:15PM-2:30PM ET",Up,BUY,10,0.42781,0xfb2b5e333a29a7a6823842aec29192562a3320b74fdfac3ad47a492c995102f8,2026-05-03 21:18:28,0xae1b51ed951f9a601bc022b6dc34d4320a035fd08bd945d9259a49ee73d5581f,btc-updown-15m-1777832100
"Bitcoin Up or Down - May 3, 2PM ET",Up,BUY,6,0.26,0x3a17657e337fc841f3cfe9095a710d0f72a5270e6eb165b84d49db559b26a6e3,2026-05-03 21:18:28,0x4eae25ebe0bc4a3f32c350d88705d255e9c95afae511470ceefb6b2d479a3dd0,bitcoin-up-or-down-may-3-2026-2pm-et
"Bitcoin Up or Down - May 3, 2:15PM-2:30PM ET",Up,BUY,10,0.38,0xfb2b5e333a29a7a6823842aec29192562a3320b74fdfac3ad47a492c995102f8,2026-05-03 21:18:26,0x09d3759b7a0590b3f43c83291d6b4dcc173bd11cd3dfb314ce8fff5f5b957d11,btc-updown-15m-1777832100
"Bitcoin Up or Down - May 3, 12:00PM-4:00PM ET",Up,BUY,5,0.46,0x5d6396444a4fc085f2f01aac5ecbbb97bc5c92b612dc0ceb5bdc6bdd7a197933,2026-05-03 21:18:26,0x9afa2fdc782729145a2e292c995b48b1a4ca42c8ac62536792f1be05363947fd,btc-updown-4h-1777824000
"Bitcoin Up or Down - May 3, 2:15PM-2:20PM ET",Down,BUY,81,0.5470555555555555,0x9bd5357882b23c65e3bda61c095fbbc01da57bd66937db08c1e53206bc4700b0,2026-05-03 21:17:58,0x075c7b79584b96eaa0559ed3cf27ca8e74ea577b371591a24ff065c25d47465c,btc-updown-5m-1777832100
"Bitcoin Up or Down - May 3, 2:15PM-2:20PM ET",Down,BUY,29.83,0.5053905464297687,0x9bd5357882b23c65e3bda61c095fbbc01da57bd66937db08c1e53206bc4700b0,2026-05-03 21:17:58,0x72eca0bfe1cb22a70f7324ca311d02e86b1ac10bbd57d9471c750bae44646d2f,btc-updown-5m-1777832100
"Bitcoin Up or Down - May 3, 2:15PM-2:20PM ET",Up,BUY,80,0.489375,0x9bd5357882b23c65e3bda61c095fbbc01da57bd66937db08c1e53206bc4700b0,2026-05-03 21:17:54,0xf120ed1e4f57f26f01356c00dc91ddb202302776bd442dac83b87bd6ebb80136,btc-updown-5m-1777832100
"Bitcoin Up or Down - May 3, 2:15PM-2:20PM ET",Up,BUY,81,0.49,0x9bd5357882b23c65e3bda61c095fbbc01da57bd66937db08c1e53206bc4700b0,2026-05-03 21:17:54,0x5b1f1fd93a3e4a9d873c2262a641bffb538daada72f054b5d3dc3c1b67c8939f,btc-updown-5m-1777832100
"Bitcoin Up or Down - May 3, 2:15PM-2:20PM ET",Up,BUY,81,0.5053555555555556,0x9bd5357882b23c65e3bda61c095fbbc01da57bd66937db08c1e53206bc4700b0,2026-05-03 21:17:54,0xda0e64ce3b04e74922db9a54475b347c28bf7e4571d322c415d57d69b15f5dc9,btc-updown-5m-1777832100
"Bitcoin Up or Down - May 3, 2:15PM-2:20PM ET",Up,BUY,20.93,0.42566650740563783,0x9bd5357882b23c65e3bda61c095fbbc01da57bd66937db08c1e53206bc4700b0,2026-05-03 21:17:52,0x4500fc83903112565269b2b8fe389117f3dd9959fc00df5f5dfe9e8b511fc2ac,btc-updown-5m-1777832100
"Bitcoin Up or Down - May 3, 12:00PM-4:00PM ET",Up,BUY,5,0.45,0x5d6396444a4fc085f2f01aac5ecbbb97bc5c92b612dc0ceb5bdc6bdd7a197933,2026-05-03 21:17:50,0xbf0d0d91af2a7c4733c2030fcb357de6d9478a2f48f4f0e88be85da9e5e8f277,btc-updown-4h-1777824000
"Ethereum Up or Down - May 3, 2:15PM-2:20PM ET",Up,BUY,24,0.11,0x8bf93465ff49df8ca832b97e79941b6c71fddbc8cf694c223a2c7faff63d3845,2026-05-03 21:17:44,0x386d0ac92af21bd700abb6e6efb1e427b3dd2df83328d2c7e0c6571e24f52d22,eth-updown-5m-1777832100
"Ethereum Up or Down - May 3, 2:15PM-2:20PM ET",Up,BUY,22,0.12772727272727272,0x8bf93465ff49df8ca832b97e79941b6c71fddbc8cf694c223a2c7faff63d3845,2026-05-03 21:17:34,0xbb21f1520b0e7f5b9f6c40108f65884303a957a9fcdbc451dec37fc09f833193,eth-updown-5m-1777832100
"Bitcoin Up or Down - May 3, 2:15PM-2:20PM ET",Up,BUY,44.47,0.401005172026085,0x9bd5357882b23c65e3bda61c095fbbc01da57bd66937db08c1e53206bc4700b0,2026-05-03 21:17:28,0xdbf4b650b2b36696a6973b322f1ae75226c52aa513a041b891bc1603c93e94a7,btc-updown-5m-1777832100
"Bitcoin Up or Down - May 3, 2:15PM-2:30PM ET",Up,BUY,11,0.32,0xfb2b5e333a29a7a6823842aec29192562a3320b74fdfac3ad47a492c995102f8,2026-05-03 21:17:28,0xb03218246e2ec89e9a2740f00fcd38d27a62a069bbe2c5f717b737380013b9be,btc-updown-15m-1777832100
"Bitcoin Up or Down - May 3, 2PM ET",Up,BUY,7,0.25,0x3a17657e337fc841f3cfe9095a710d0f72a5270e6eb165b84d49db559b26a6e3,2026-05-03 21:17:28,0xfc186ba4eb509761bb4ea073804d3cf844b72549fcd95af3d0e03ec8f6172d42,bitcoin-up-or-down-may-3-2026-2pm-et
"Bitcoin Up or Down - May 3, 2:15PM-2:20PM ET",Up,BUY,67.51,0.37,0x9bd5357882b23c65e3bda61c095fbbc01da57bd66937db08c1e53206bc4700b0,2026-05-03 21:17:28,0x7d05dbc416eabe207a7520c96fb6c22406992295e04511bc60b4f469a7365238,btc-updown-5m-1777832100
"Ethereum Up or Down - May 3, 2:15PM-2:20PM ET",Down,BUY,38,0.9253421052631579,0x8bf93465ff49df8ca832b97e79941b6c71fddbc8cf694c223a2c7faff63d3845,2026-05-03 21:17:24,0x4ae1dc82927b1b40bd7c54bb2e6e3f518b708924c1d4571e6defc3c5bda9c57f,eth-updown-5m-1777832100
"Bitcoin Up or Down - May 3, 2:15PM-2:20PM ET",Down,BUY,9.02,0.67,0x9bd5357882b23c65e3bda61c095fbbc01da57bd66937db08c1e53206bc4700b0,2026-05-03 21:17:22,0x5b251e2e70cb08416b56c81e196e1486d87e84bb312751db966441afde2a478d,btc-updown-5m-1777832100
"Bitcoin Up or Down - May 3, 2:15PM-2:20PM ET",Down,BUY,81.5,0.6295656441717792,0x9bd5357882b23c65e3bda61c095fbbc01da57bd66937db08c1e53206bc4700b0,2026-05-03 21:17:22,0xe1449e07e7b2ec8f33d278a71c361abc179a6e99705c8c21874c7c0e0fbadb54,btc-updown-5m-1777832100
"Ethereum Up or Down - May 3, 2:15PM-2:20PM ET",Down,BUY,30.3,0.9052475247524753,0x8bf93465ff49df8ca832b97e79941b6c71fddbc8cf694c223a2c7faff63d3845,2026-05-03 21:17:22,0x43e11a6d7946f5a47d4646174c84fccf2466a62e040d1db881fa04b913624995,eth-updown-5m-1777832100
"Bitcoin Up or Down - May 3, 2:15PM-2:30PM ET",Down,BUY,12,0.6816666666666666,0xfb2b5e333a29a7a6823842aec29192562a3320b74fdfac3ad47a492c995102f8,2026-05-03 21:17:22,0x61545f972d0bb97e282709f509e4b807dbd2e71fb2c4e501fb721033fa54100a,btc-updown-15m-1777832100
"Bitcoin Up or Down - May 3, 2:15PM-2:30PM ET",Up,BUY,11,0.33,0xfb2b5e333a29a7a6823842aec29192562a3320b74fdfac3ad47a492c995102f8,2026-05-03 21:17:16,0x24f26100f15d54299fb99c8a7c50da754e7f7edc7ca01a32ec9d9a1c762418ef,btc-updown-15m-1777832100
"Bitcoin Up or Down - May 3, 2:15PM-2:30PM ET",Up,BUY,11,0.3209090909090909,0xfb2b5e333a29a7a6823842aec29192562a3320b74fdfac3ad47a492c995102f8,2026-05-03 21:17:16,0x052763738223ad42ef301d330fcd5b24469cc0b213c12994b15583ca451d539b,btc-updown-15m-1777832100
"Bitcoin Up or Down - May 3, 2PM ET",Up,BUY,7,0.25,0x3a17657e337fc841f3cfe9095a710d0f72a5270e6eb165b84d49db559b26a6e3,2026-05-03 21:17:16,0x63f007f3e0f93b249aafbba3bed3598685ac082b8da94502df14f658bd7f89a9,bitcoin-up-or-down-may-3-2026-2pm-et
"Bitcoin Up or Down - May 3, 2:15PM-2:30PM ET",Up,BUY,12,0.28,0xfb2b5e333a29a7a6823842aec29192562a3320b74fdfac3ad47a492c995102f8,2026-05-03 21:17:16,0xb2479382db4f4e6168a6d3e246762c26f54e20f8761a5fe8a3adfd55650298a2,btc-updown-15m-1777832100
"Bitcoin Up or Down - May 3, 2:15PM-2:20PM ET",Up,BUY,10,0.285,0x9bd5357882b23c65e3bda61c095fbbc01da57bd66937db08c1e53206bc4700b0,2026-05-03 21:17:16,0xc1cad53cbe285868d121eaa5f623b1514802510f04a3ddc4880b0ff94b3ac554,btc-updown-5m-1777832100
"Bitcoin Up or Down - May 3, 2PM ET",Up,BUY,6,0.25,0x3a17657e337fc841f3cfe9095a710d0f72a5270e6eb165b84d49db559b26a6e3,2026-05-03 21:17:16,0xfe4cef7350ea334e5965511eddf3922de3c1cd15a4c5282460d2b437a74e5844,bitcoin-up-or-down-may-3-2026-2pm-et
"Bitcoin Up or Down - May 3, 12:00PM-4:00PM ET",Up,BUY,5,0.45,0x5d6396444a4fc085f2f01aac5ecbbb97bc5c92b612dc0ceb5bdc6bdd7a197933,2026-05-03 21:17:14,0x71e5c1ba12df4c4033c195fdcf10401d5f2478cc0e4be148471d5d40d506a119,btc-updown-4h-1777824000
"Bitcoin Up or Down - May 3, 12:00PM-4:00PM ET",Up,BUY,5,0.45,0x5d6396444a4fc085f2f01aac5ecbbb97bc5c92b612dc0ceb5bdc6bdd7a197933,2026-05-03 21:17:14,0x5833eaf934a73f882647d63def3ebf9efaab82df5d2158f36a2bd22db933731d,btc-updown-4h-1777824000
"Bitcoin Up or Down - May 3, 2:15PM-2:30PM ET",Down,BUY,12,0.69,0xfb2b5e333a29a7a6823842aec29192562a3320b74fdfac3ad47a492c995102f8,2026-05-03 21:16:44,0xa9c818f371792d82a08f1dbe2258d6f0d12cb735d22329caceca9058d39d3bf5,btc-updown-15m-1777832100
"Bitcoin Up or Down - May 3, 2:15PM-2:30PM ET",Down,BUY,11,0.6509090909090909,0xfb2b5e333a29a7a6823842aec29192562a3320b74fdfac3ad47a492c995102f8,2026-05-03 21:16:44,0xae8c0d0f1f83f8a52f4b9263513c78edc3d5d3794ce91430e91d425e9ecd42e1,btc-updown-15m-1777832100
"Bitcoin Up or Down - May 3, 2PM ET",Down,BUY,7,0.76,0x3a17657e337fc841f3cfe9095a710d0f72a5270e6eb165b84d49db559b26a6e3,2026-05-03 21:16:44,0x3cdccf1a41959ba7f1d162f47bb93c48868cfa5cd936a8a0a391c51caf85d4d6,bitcoin-up-or-down-may-3-2026-2pm-et
"Ethereum Up or Down - May 3, 2:15PM-2:20PM ET",Down,BUY,28,0.8843142857142857,0x8bf93465ff49df8ca832b97e79941b6c71fddbc8cf694c223a2c7faff63d3845,2026-05-03 21:16:44,0x208c742dadc783fb123773c9438d78145b3aa081e3d03732316eaf96a84cebba,eth-updown-5m-1777832100
"Bitcoin Up or Down - May 3, 12:00PM-4:00PM ET",Down,BUY,5,0.56,0x5d6396444a4fc085f2f01aac5ecbbb97bc5c92b612dc0ceb5bdc6bdd7a197933,2026-05-03 21:16:42,0x285f7f83317c720fa3d3fe3c3d40867f548cf8350972e31f5bdd5719edbc1727,btc-updown-4h-1777824000
"Ethereum Up or Down - May 3, 2:15PM-2:20PM ET",Down,BUY,11.5,0.87,0x8bf93465ff49df8ca832b97e79941b6c71fddbc8cf694c223a2c7faff63d3845,2026-05-03 21:16:40,0xe70ee244724dbced3d75c3fa32fa9e15dae64a6417a059aea6b15bf92253d826,eth-updown-5m-1777832100
"Ethereum Up or Down - May 3, 2:15PM-2:20PM ET",Down,BUY,5,0.85,0x8bf93465ff49df8ca832b97e79941b6c71fddbc8cf694c223a2c7faff63d3845,2026-05-03 21:16:40,0xe16804557948c23570f79bb378996b8333fd55795317282826cd4852268bb0f5,eth-updown-5m-1777832100
"Bitcoin Up or Down - May 3, 2PM ET",Down,BUY,7,0.75,0x3a17657e337fc841f3cfe9095a710d0f72a5270e6eb165b84d49db559b26a6e3,2026-05-03 21:16:40,0x1e6b6f1eddf48d8929c7515794f3a52a000e9f9858a6892580c7fd363108176a,bitcoin-up-or-down-may-3-2026-2pm-et
"Bitcoin Up or Down - May 3, 2:15PM-2:30PM ET",Down,BUY,11,0.63,0xfb2b5e333a29a7a6823842aec29192562a3320b74fdfac3ad47a492c995102f8,2026-05-03 21:16:40,0x9131294f1facd59b2fa89fb864d7c3420857f2ee4c09ebdafa1f243dec8b2ca2,btc-updown-15m-1777832100
"Bitcoin Up or Down - May 3, 2PM ET",Down,BUY,7,0.75,0x3a17657e337fc841f3cfe9095a710d0f72a5270e6eb165b84d49db559b26a6e3,2026-05-03 21:16:40,0x29294fe0bb35b5089ffe6c8233143cf66a1b7a1e0ebf223672d487cea7024421,bitcoin-up-or-down-may-3-2026-2pm-et
"Bitcoin Up or Down - May 3, 2:15PM-2:30PM ET",Down,BUY,11,0.63,0xfb2b5e333a29a7a6823842aec29192562a3320b74fdfac3ad47a492c995102f8,2026-05-03 21:16:40,0x3251b4f8f5bbbe0915b32503fb33ec9fa75f0f90bf07f1a08d1fa76c9e68011b,btc-updown-15m-1777832100
"Bitcoin Up or Down - May 3, 2:15PM-2:30PM ET",Down,BUY,11,0.63,0xfb2b5e333a29a7a6823842aec29192562a3320b74fdfac3ad47a492c995102f8,2026-05-03 21:16:40,0xe9bc676ed6d3bfba281e51099948853ed1c7c3060e3c990ca634f299a48c340c,btc-updown-15m-1777832100
"Ethereum Up or Down - May 3, 2:15PM-2:20PM ET",Down,BUY,24,0.88,0x8bf93465ff49df8ca832b97e79941b6c71fddbc8cf694c223a2c7faff63d3845,2026-05-03 21:16:40,0xdf775fac7e62e1affffc93c3797674a5f0943462319800c5b6a02e710e3b0549,eth-updown-5m-1777832100
"Ethereum Up or Down - May 3, 2:15PM-2:20PM ET",Down,BUY,26,0.88,0x8bf93465ff49df8ca832b97e79941b6c71fddbc8cf694c223a2c7faff63d3845,2026-05-03 21:16:40,0x410497dc456d17ab1a4f11622358893edddb3bb5e9bcaaf66137cbd59eb2daa5,eth-updown-5m-1777832100
"Bitcoin Up or Down - May 3, 2:15PM-2:20PM ET",Down,BUY,84,0.59,0x9bd5357882b23c65e3bda61c095fbbc01da57bd66937db08c1e53206bc4700b0,2026-05-03 21:16:40,0xa252439aef6f9feb3ebd7add695abbb3dde5d03f8b0536f5b84e17a5e20a7b63,btc-updown-5m-1777832100
"Bitcoin Up or Down - May 3, 2:15PM-2:20PM ET",Down,BUY,84,0.58,0x9bd5357882b23c65e3bda61c095fbbc01da57bd66937db08c1e53206bc4700b0,2026-05-03 21:16:36,0xdc4d08b964c12f7e8ff291f7126cfb69617db8b5af29ac8416cca96522b48cdd,btc-updown-5m-1777832100
"Ethereum Up or Down - May 3, 2:15PM-2:20PM ET",Down,BUY,17,0.8101176470588235,0x8bf93465ff49df8ca832b97e79941b6c71fddbc8cf694c223a2c7faff63d3845,2026-05-03 21:16:28,0xf8304e32f0615479f44b1b8c576e9cba5ee6731cc196977f5ab37d88b7e06414,eth-updown-5m-1777832100
"Ethereum Up or Down - May 3, 2:15PM-2:20PM ET",Down,BUY,5.94,0.7815824915824916,0x8bf93465ff49df8ca832b97e79941b6c71fddbc8cf694c223a2c7faff63d3845,2026-05-03 21:16:28,0xfeaef514d777cf482242f74defdcc5d31cdb58bffb4cd3b401b0fd4d9a757ce9,eth-updown-5m-1777832100
"Ethereum Up or Down - May 3, 2:15PM-2:20PM ET",Down,BUY,15,0.78,0x8bf93465ff49df8ca832b97e79941b6c71fddbc8cf694c223a2c7faff63d3845,2026-05-03 21:16:28,0xfd6db2a1568f60f4572747a7670ff9dc15d972b202e19562d3f7e5828a772055,eth-updown-5m-1777832100
"Ethereum Up or Down - May 3, 2:15PM-2:20PM ET",Down,BUY,18,0.82,0x8bf93465ff49df8ca832b97e79941b6c71fddbc8cf694c223a2c7faff63d3845,2026-05-03 21:16:28,0x53490d4b9cf08052a9843af86fab45751a7854b8ee72fbfd36e0f01ccffc7b0a,eth-updown-5m-1777832100
"Ethereum Up or Down - May 3, 2:15PM-2:20PM ET",Up,BUY,12,0.25,0x8bf93465ff49df8ca832b97e79941b6c71fddbc8cf694c223a2c7faff63d3845,2026-05-03 21:16:10,0x6220443693c3076e7afcfe7802e059e36ac63fdae615fa24111c429e58374930,eth-updown-5m-1777832100
"Bitcoin Up or Down - May 3, 2:15PM-2:20PM ET",Up,BUY,82,0.39077560975609754,0x9bd5357882b23c65e3bda61c095fbbc01da57bd66937db08c1e53206bc4700b0,2026-05-03 21:16:10,0x3e475c47089f481ad2378e23b10d743bb5d347c569259e299639aa9d7acffb35,btc-updown-5m-1777832100
"Bitcoin Up or Down - May 3, 2:15PM-2:30PM ET",Up,BUY,10,0.41,0xfb2b5e333a29a7a6823842aec29192562a3320b74fdfac3ad47a492c995102f8,2026-05-03 21:16:10,0x0ee34a310faecd12e624f144685c7191c0a0196ad0a500d37689935eec284f49,btc-updown-15m-1777832100
"Bitcoin Up or Down - May 3, 2:15PM-2:30PM ET",Up,BUY,10,0.39,0xfb2b5e333a29a7a6823842aec29192562a3320b74fdfac3ad47a492c995102f8,2026-05-03 21:16:04,0x329b8725b868ad432b000d31b85034f3e6aeb34d97709a59ad77aa2ffdb6639e,btc-updown-15m-1777832100
"Bitcoin Up or Down - May 3, 2:15PM-2:20PM ET",Up,BUY,86,0.35941860465116277,0x9bd5357882b23c65e3bda61c095fbbc01da57bd66937db08c1e53206bc4700b0,2026-05-03 21:16:04,0xa252b15d07f762e27ea061aa49ebd98129716975fda7bf70885a3f2b7378eb11,btc-updown-5m-1777832100
"Ethereum Up or Down - May 3, 2:15PM-2:20PM ET",Up,BUY,12,0.25,0x8bf93465ff49df8ca832b97e79941b6c71fddbc8cf694c223a2c7faff63d3845,2026-05-03 21:16:04,0xb03cf4f3d46519488c83d87580bd8bd637bc7bfe695f86c8ed3ff3a69acffe7a,eth-updown-5m-1777832100
"Bitcoin Up or Down - May 3, 2:15PM-2:30PM ET",Down,BUY,11,0.6063636363636363,0xfb2b5e333a29a7a6823842aec29192562a3320b74fdfac3ad47a492c995102f8,2026-05-03 21:15:52,0x1ac32a00a8a1a3e4bfd028c4c3f73a9d3ed353fe5d3f0761982d2a3c3b4fb454,btc-updown-15m-1777832100
"Bitcoin Up or Down - May 3, 2:15PM-2:30PM ET",Down,BUY,11,0.59,0xfb2b5e333a29a7a6823842aec29192562a3320b74fdfac3ad47a492c995102f8,2026-05-03 21:15:52,0x9d1238badf5509e0cb4b38b794bb56eee60282698a2e09fd5d843306be9e2b77,btc-updown-15m-1777832100
"Bitcoin Up or Down - May 3, 2PM ET",Down,BUY,5,0.72,0x3a17657e337fc841f3cfe9095a710d0f72a5270e6eb165b84d49db559b26a6e3,2026-05-03 21:15:52,0xefd07a307a7b5232719f6390f7ca8b7bf7200df758278b672c8f659f8b654597,bitcoin-up-or-down-may-3-2026-2pm-et
"Ethereum Up or Down - May 3, 2:15PM-2:20PM ET",Down,BUY,15,0.76684,0x8bf93465ff49df8ca832b97e79941b6c71fddbc8cf694c223a2c7faff63d3845,2026-05-03 21:15:52,0xdafc788d88b22b84c95e20861ec47bd87597b77ce0d6b322613d7fac6b26c3fc,eth-updown-5m-1777832100
"Ethereum Up or Down - May 3, 2:15PM-2:20PM ET",Down,BUY,16,0.78,0x8bf93465ff49df8ca832b97e79941b6c71fddbc8cf694c223a2c7faff63d3845,2026-05-03 21:15:52,0xb7ec7aab53ec58f1f573804dc77f83c03185761809a77d1c59e3851b72a39870,eth-updown-5m-1777832100
"Ethereum Up or Down - May 3, 2:15PM-2:20PM ET",Down,BUY,15,0.77284,0x8bf93465ff49df8ca832b97e79941b6c71fddbc8cf694c223a2c7faff63d3845,2026-05-03 21:15:52,0xdd6928d79aead1c237bc769ce5712b9801d15e191133917d298a5e18d459a385,eth-updown-5m-1777832100
"Bitcoin Up or Down - May 3, 2:15PM-2:20PM ET",Up,BUY,100.99,0.24798197841370434,0x9bd5357882b23c65e3bda61c095fbbc01da57bd66937db08c1e53206bc4700b0,2026-05-03 21:15:18,0xda3c1b86c139629844ad49328f3e529ac37d8fc63e5a8b12b62e0e3d318941aa,btc-updown-5m-1777832100
"Bitcoin Up or Down - May 3, 2:15PM-2:20PM ET",Up,BUY,104,0.24,0x9bd5357882b23c65e3bda61c095fbbc01da57bd66937db08c1e53206bc4700b0,2026-05-03 21:15:18,0x5f3d5956e854de0f2aeeb103152171e0032fb3e4e4341f1eb57ddf1d7ee35ed7,btc-updown-5m-1777832100
"Bitcoin Up or Down - May 3, 2:15PM-2:30PM ET",Up,BUY,11,0.36,0xfb2b5e333a29a7a6823842aec29192562a3320b74fdfac3ad47a492c995102f8,2026-05-03 21:15:18,0x800ab0484d984219f29380b0f705d253c0c9f876812f4443961453656ae95624,btc-updown-15m-1777832100
"Bitcoin Up or Down - May 3, 2:15PM-2:20PM ET",Up,BUY,88,0.32204659090909094,0x9bd5357882b23c65e3bda61c095fbbc01da57bd66937db08c1e53206bc4700b0,2026-05-03 21:15:18,0xbc443c34202ac437234214df46563a1466c34729a18ab2dcbb1ce0f9ffbfb204,btc-updown-5m-1777832100
"Bitcoin Up or Down - May 3, 2PM ET",Up,BUY,6,0.27,0x3a17657e337fc841f3cfe9095a710d0f72a5270e6eb165b84d49db559b26a6e3,2026-05-03 21:15:18,0x09b30fcdfb885a610b43b6ab13ff1e2a4c5a6977173342f21e9db9940cbaa9cc,bitcoin-up-or-down-may-3-2026-2pm-et
"Ethereum Up or Down - May 3, 2:15PM-2:20PM ET",Up,BUY,13,0.26,0x8bf93465ff49df8ca832b97e79941b6c71fddbc8cf694c223a2c7faff63d3845,2026-05-03 21:15:18,0xd2baf07f8268b90a8f6cf0431b9d8952c5630605dbad82e7069962a8356986dd,eth-updown-5m-1777832100
"Ethereum Up or Down - May 3, 2:15PM-2:20PM ET",Up,BUY,12,0.26,0x8bf93465ff49df8ca832b97e79941b6c71fddbc8cf694c223a2c7faff63d3845,2026-05-03 21:15:18,0xf830a376f4c4df79b19e558582e59f4020de2047d4194228f6acf471cbb4ce92,eth-updown-5m-1777832100
"Ethereum Up or Down - May 3, 2:15PM-2:20PM ET",Up,BUY,14,0.22,0x8bf93465ff49df8ca832b97e79941b6c71fddbc8cf694c223a2c7faff63d3845,2026-05-03 21:15:16,0x61d4e0ae118c6bdac0f770437ea407dcbbc8dfd73e9dc7b1029865a79eeb874b,eth-updown-5m-1777832100
"Bitcoin Up or Down - May 3, 2:15PM-2:30PM ET",Down,BUY,16,0.68,0xfb2b5e333a29a7a6823842aec29192562a3320b74fdfac3ad47a492c995102f8,2026-05-03 21:15:12,0xc4ceaa179ee06315b76470339d393019fa48d12d0db700bf8628ce5f60374d8f,btc-updown-15m-1777832100
"Ethereum Up or Down - May 3, 2:15PM-2:20PM ET",Down,BUY,16,0.75,0x8bf93465ff49df8ca832b97e79941b6c71fddbc8cf694c223a2c7faff63d3845,2026-05-03 21:15:12,0xa03fcb8a37ef4f1fad1536987d983409b957baec5d4b8bcb62ce53dbcc98899c,eth-updown-5m-1777832100
"Bitcoin Up or Down - May 3, 2:15PM-2:20PM ET",Down,BUY,222,0.748945945945946,0x9bd5357882b23c65e3bda61c095fbbc01da57bd66937db08c1e53206bc4700b0,2026-05-03 21:15:12,0x3502cceb4a71d8ed44fffef1d129304c624f721519707fab78e3f9d1f495df50,btc-updown-5m-1777832100
"Bitcoin Up or Down - May 3, 2:15PM-2:30PM ET",Down,BUY,15,0.5,0xfb2b5e333a29a7a6823842aec29192562a3320b74fdfac3ad47a492c995102f8,2026-05-03 21:15:12,0x6b2b674644fb412358af0b599e01fb34a4db503a5b79f92f7b38b66efb5b0b7a,btc-updown-15m-1777832100
"Bitcoin Up or Down - May 3, 2PM ET",Down,BUY,3.49,0.73,0x3a17657e337fc841f3cfe9095a710d0f72a5270e6eb165b84d49db559b26a6e3,2026-05-03 21:15:12,0x8fbd4e404b535441dc2a7720adda4a63660d1699eb78338c2df15c2b5490c3c5,bitcoin-up-or-down-may-3-2026-2pm-et
"Bitcoin Up or Down - May 3, 2:15PM-2:20PM ET",Down,BUY,204,0.7445754901960784,0x9bd5357882b23c65e3bda61c095fbbc01da57bd66937db08c1e53206bc4700b0,2026-05-03 21:15:12,0xa3ba9d585848016828a112748cda167eeb6682e7511927aa700943a7e455ce0a,btc-updown-5m-1777832100
"Ethereum Up or Down - May 3, 2:15PM-2:20PM ET",Down,BUY,13,0.75,0x8bf93465ff49df8ca832b97e79941b6c71fddbc8cf694c223a2c7faff63d3845,2026-05-03 21:15:12,0x6e2ee5da646b0f5bd882600b034579cea29ef2d4fffed4a24f586219288f4057,eth-updown-5m-1777832100
"Bitcoin Up or Down - May 3, 2:15PM-2:30PM ET",Down,BUY,11,0.5,0xfb2b5e333a29a7a6823842aec29192562a3320b74fdfac3ad47a492c995102f8,2026-05-03 21:15:12,0xdcf86232058b0c7ff958f53f5c317abf0b36419edf7487cff74f65c72377685e,btc-updown-15m-1777832100
"Ethereum Up or Down - May 3, 2:15PM-2:20PM ET",Down,BUY,16,0.75,0x8bf93465ff49df8ca832b97e79941b6c71fddbc8cf694c223a2c7faff63d3845,2026-05-03 21:15:12,0x7a61823c34e106976128e6ecab5fc1b51a8d71744db679646258ddee74a4cae8,eth-updown-5m-1777832100
"Bitcoin Up or Down - May 3, 2:15PM-2:30PM ET",Down,BUY,10,0.5,0xfb2b5e333a29a7a6823842aec29192562a3320b74fdfac3ad47a492c995102f8,2026-05-03 21:15:10,0x4fb716590e66f19e2ce3b53fdbd2897a05df97ef856c94057bdbcbc3c0859771,btc-updown-15m-1777832100
"Bitcoin Up or Down - May 3, 2:15PM-2:30PM ET",Down,BUY,10,0.5,0xfb2b5e333a29a7a6823842aec29192562a3320b74fdfac3ad47a492c995102f8,2026-05-03 21:15:10,0x0cbe7aa4de20b1fd75660b59b1cd9bb7ceab11a2c739ee0b1f1f465636643128,btc-updown-15m-1777832100
"Bitcoin Up or Down - May 3, 2:15PM-2:30PM ET",Down,BUY,11,0.5,0xfb2b5e333a29a7a6823842aec29192562a3320b74fdfac3ad47a492c995102f8,2026-05-03 21:15:10,0xdb76472d9883b7bc965215bd3c740eff6012ac51c2d295c1c70563ca50337149,btc-updown-15m-1777832100
"Bitcoin Up or Down - May 3, 2:15PM-2:30PM ET",Down,BUY,14,0.5,0xfb2b5e333a29a7a6823842aec29192562a3320b74fdfac3ad47a492c995102f8,2026-05-03 21:15:10,0x4e7e9905f14aeebfd8342c57373c8293b11a419567552590081031dd57357965,btc-updown-15m-1777832100
"Bitcoin Up or Down - May 3, 2:15PM-2:30PM ET",Down,BUY,14,0.5,0xfb2b5e333a29a7a6823842aec29192562a3320b74fdfac3ad47a492c995102f8,2026-05-03 21:15:10,0x0da8839837df21159c4d864dcda4b6a9ea771329712d0b4646f5f2b763900f2d,btc-updown-15m-1777832100
"Bitcoin Up or Down - May 3, 2:15PM-2:30PM ET",Down,BUY,10,0.5,0xfb2b5e333a29a7a6823842aec29192562a3320b74fdfac3ad47a492c995102f8,2026-05-03 21:15:10,0x5abd7e53996a6f066b56d1140b4026728b786ff0b2169d29946342481d613611,btc-updown-15m-1777832100
"Bitcoin Up or Down - May 3, 2:15PM-2:20PM ET",Down,BUY,117,0.7471794871794872,0x9bd5357882b23c65e3bda61c095fbbc01da57bd66937db08c1e53206bc4700b0,2026-05-03 21:15:10,0x1ffe3127337e2616c85a7e136bc3f6ef5360964c9fdca6fc0aea5ea99fdc78f9,btc-updown-5m-1777832100
"Bitcoin Up or Down - May 3, 2:15PM-2:20PM ET",Down,BUY,19.95,0.726516290726817,0x9bd5357882b23c65e3bda61c095fbbc01da57bd66937db08c1e53206bc4700b0,2026-05-03 21:15:10,0x711d43811c3d74029bafbe010b8bc8f3701a5afac2f4c7324d1e128b0e456286,btc-updown-5m-1777832100
"Ethereum Up or Down - May 3, 2:15PM-2:20PM ET",Down,BUY,12,0.6241666666666666,0x8bf93465ff49df8ca832b97e79941b6c71fddbc8cf694c223a2c7faff63d3845,2026-05-03 21:15:06,0x99c1783749692ec419957a3ef563a2f106553e1a753e1224a1930bad9a0b443b,eth-updown-5m-1777832100
"Bitcoin Up or Down - May 3, 12:00PM-4:00PM ET",Down,BUY,5,0.49,0x5d6396444a4fc085f2f01aac5ecbbb97bc5c92b612dc0ceb5bdc6bdd7a197933,2026-05-03 21:15:06,0x2f9454da85c7bd59392b0f2e9c82ded64689420b6302e226f1d7fac9e9edb20b,btc-updown-4h-1777824000
"Bitcoin Up or Down - May 3, 12:00PM-4:00PM ET",Down,BUY,5,0.49,0x5d6396444a4fc085f2f01aac5ecbbb97bc5c92b612dc0ceb5bdc6bdd7a197933,2026-05-03 21:15:06,0xa6804107187f1a677e53b53dd445748a0ec56a9393c03b6e44e39b92b19c3a80,btc-updown-4h-1777824000
"Bitcoin Up or Down - May 3, 12:00PM-4:00PM ET",Down,BUY,5,0.49,0x5d6396444a4fc085f2f01aac5ecbbb97bc5c92b612dc0ceb5bdc6bdd7a197933,2026-05-03 21:15:06,0x146cbb5b39cd873527cbe8054ab1b7592bd3fa10d10827271cdf35242555fdd7,btc-updown-4h-1777824000
"Bitcoin Up or Down - May 3, 12:00PM-4:00PM ET",Down,BUY,5,0.49,0x5d6396444a4fc085f2f01aac5ecbbb97bc5c92b612dc0ceb5bdc6bdd7a197933,2026-05-03 21:15:06,0xaf79a068ece067cb955baed012b28ba2d46d963a35a3cd4863e845f0d078b274,btc-updown-4h-1777824000
"Bitcoin Up or Down - May 3, 2:10PM-2:15PM ET",Up,BUY,6,0.13,0x5d366e6ae69d7e0b1206594b83faacfc2f60560251d798c5bca919f2df5d2106,2026-05-03 21:13:40,0xcce2a09a2da4631908f4d247692ee2b3a57697c07e8ff3dfb289dab0b642cc64,btc-updown-5m-1777831800
"Bitcoin Up or Down - May 3, 2PM ET",Up,BUY,5,0.36,0x3a17657e337fc841f3cfe9095a710d0f72a5270e6eb165b84d49db559b26a6e3,2026-05-03 21:13:40,0x66986630af56a9277934aa723910e0f967d2c0d566832303bb83436137254193,bitcoin-up-or-down-may-3-2026-2pm-et
"Ethereum Up or Down - May 3, 2:10PM-2:15PM ET",Up,BUY,10,0.11,0x88d7d53ac169ed78826acab2d1c4ec535743828cc17ed9f507d6c6ef4dc5011e,2026-05-03 21:13:40,0xf136fa454397230d451756fb8de8a9afe4e42db7222d2a59d4f8ae52f1aa03b0,eth-updown-5m-1777831800
"Bitcoin Up or Down - May 3, 2:10PM-2:15PM ET",Down,BUY,10.02,0.8,0x5d366e6ae69d7e0b1206594b83faacfc2f60560251d798c5bca919f2df5d2106,2026-05-03 21:13:28,0x561fa8764c3e86e87b031d680afea7621d2e519bbd8fc538374dcea96a4971c0,btc-updown-5m-1777831800
"Bitcoin Up or Down - May 3, 2:10PM-2:15PM ET",Down,BUY,113,0.7405088495575222,0x5d366e6ae69d7e0b1206594b83faacfc2f60560251d798c5bca919f2df5d2106,2026-05-03 21:13:20,0x1185ad16790ff0f945e9a3e6fae41d00c56893543d9b1064e7953308ad9416d0,btc-updown-5m-1777831800
"Bitcoin Up or Down - May 3, 2:10PM-2:15PM ET",Up,BUY,72.08,0.263476692563818,0x5d366e6ae69d7e0b1206594b83faacfc2f60560251d798c5bca919f2df5d2106,2026-05-03 21:12:44,0x0d1a0bfc452dec5bb80370e59fc809668ce9e604ea00c1434047fbf7e210b18c,btc-updown-5m-1777831800
"Bitcoin Up or Down - May 3, 2:10PM-2:15PM ET",Up,BUY,99,0.2664757575757576,0x5d366e6ae69d7e0b1206594b83faacfc2f60560251d798c5bca919f2df5d2106,2026-05-03 21:12:24,0x0d2831d5a0edc0d5784b8a9c67a407bd6bf121400a6f19dc23089f73f90c267a,btc-updown-5m-1777831800
"Ethereum Up or Down - May 3, 2:10PM-2:15PM ET",Up,BUY,19,0.14,0x88d7d53ac169ed78826acab2d1c4ec535743828cc17ed9f507d6c6ef4dc5011e,2026-05-03 21:12:16,0x0dc84e7f5c60ce4656d0daed18e90ce9b2d36f9e2b3e50a3761cff5c5ed0e60e,eth-updown-5m-1777831800
"Ethereum Up or Down - May 3, 2:10PM-2:15PM ET",Up,BUY,21,0.12951428571428572,0x88d7d53ac169ed78826acab2d1c4ec535743828cc17ed9f507d6c6ef4dc5011e,2026-05-03 21:12:04,0x6f6fd721767fa38b47ac1333dfae99de46952ccd4a32b60873f3f12421faee36,eth-updown-5m-1777831800
"Ethereum Up or Down - May 3, 2:10PM-2:15PM ET",Up,BUY,20,0.13,0x88d7d53ac169ed78826acab2d1c4ec535743828cc17ed9f507d6c6ef4dc5011e,2026-05-03 21:12:04,0xaabda4c72cccb210eca5611243c1a258ce3586f9f073d8f4587bf78cfbead4d7,eth-updown-5m-1777831800
"Ethereum Up or Down - May 3, 2:00PM-2:15PM ET",Down,BUY,1388.19,0.99,0xc4f34d77698aa3239151bd9f00a2f8557cb7de726ca3b36e3474956ca08a03dd,2026-05-03 21:11:52,0x5e74ce6947f6b5a03c9f2fba27e1882981b53c1aa76b5039462072b469b1959e,eth-updown-15m-1777831200
"Ethereum Up or Down - May 3, 2:10PM-2:15PM ET",Down,BUY,11,0.8445454545454546,0x88d7d53ac169ed78826acab2d1c4ec535743828cc17ed9f507d6c6ef4dc5011e,2026-05-03 21:11:42,0xe6a5384b9526cfa14beccbf78007a2a6ff90071935966bdc8ca1ab7cf616bc43,eth-updown-5m-1777831800
"Bitcoin Up or Down - May 3, 2PM ET",Down,BUY,3.46,0.64,0x3a17657e337fc841f3cfe9095a710d0f72a5270e6eb165b84d49db559b26a6e3,2026-05-03 21:11:06,0xbc083116783ed3dada1f6bb4748820b4c63f357e868b5c32eae119b7d86815c6,bitcoin-up-or-down-may-3-2026-2pm-et
"Bitcoin Up or Down - May 3, 2:10PM-2:15PM ET",Down,BUY,7.26,0.65,0x5d366e6ae69d7e0b1206594b83faacfc2f60560251d798c5bca919f2df5d2106,2026-05-03 21:11:04,0xa581ad8a9f97b25e3df705c786aea30704d32fa95bb57717d95cd827a10b5dbb,btc-updown-5m-1777831800
"Ethereum Up or Down - May 3, 2:10PM-2:15PM ET",Down,BUY,10,0.574,0x88d7d53ac169ed78826acab2d1c4ec535743828cc17ed9f507d6c6ef4dc5011e,2026-05-03 21:10:48,0x04be379585a2ba6bf2f4a26a0d91a5980217222961be42f955a76fbc4384c9dd,eth-updown-5m-1777831800
"Bitcoin Up or Down - May 3, 2:10PM-2:15PM ET",Down,BUY,81,0.5154543209876543,0x5d366e6ae69d7e0b1206594b83faacfc2f60560251d798c5bca919f2df5d2106,2026-05-03 21:10:44,0xba99d12590d3a18de1144c6e26b3f657075cccd545b6503f2c57fbe0aca9934b,btc-updown-5m-1777831800
"Bitcoin Up or Down - May 3, 2PM ET",Down,BUY,5,0.63,0x3a17657e337fc841f3cfe9095a710d0f72a5270e6eb165b84d49db559b26a6e3,2026-05-03 21:10:44,0xf95d52f4fc755b0c7bf5a71bceed7aae1cfc265a8bf4df4ea0785ac398dd0334,bitcoin-up-or-down-may-3-2026-2pm-et
"Ethereum Up or Down - May 3, 2:10PM-2:15PM ET",Down,BUY,10,0.5,0x88d7d53ac169ed78826acab2d1c4ec535743828cc17ed9f507d6c6ef4dc5011e,2026-05-03 21:10:42,0x220409cc21a85db8eb3d8fb32d6b4daf861895ddfe097bc843162862fc7c58b0,eth-updown-5m-1777831800
"Bitcoin Up or Down - May 3, 2:10PM-2:15PM ET",Down,BUY,80,0.49,0x5d366e6ae69d7e0b1206594b83faacfc2f60560251d798c5bca919f2df5d2106,2026-05-03 21:10:42,0x44c17eea1c60661df3171a0162c0c94b73c3edb63af43651ffe78bf8a344328e,btc-updown-5m-1777831800
"Bitcoin Up or Down - May 3, 2:10PM-2:15PM ET",Down,BUY,14.08,0.5,0x5d366e6ae69d7e0b1206594b83faacfc2f60560251d798c5bca919f2df5d2106,2026-05-03 21:10:42,0xa671e35d47baed08f3c64b27c18e14174067002816227bbb26fd611c5e9ef0a8,btc-updown-5m-1777831800
"Bitcoin Up or Down - May 3, 2:10PM-2:15PM ET",Down,BUY,80,0.48,0x5d366e6ae69d7e0b1206594b83faacfc2f60560251d798c5bca919f2df5d2106,2026-05-03 21:10:08,0x4c2cd67d8f659cbf474fc0d89a141cb17ad580926bfca2778abff5f2d97376c7,btc-updown-5m-1777831800
"Bitcoin Up or Down - May 3, 2PM ET",Up,BUY,5,0.39,0x3a17657e337fc841f3cfe9095a710d0f72a5270e6eb165b84d49db559b26a6e3,2026-05-03 21:09:58,0x0e89322c14687ea36a4aafea486ac20d5494f62bb44fbe5083c94206897a1680,bitcoin-up-or-down-may-3-2026-2pm-et
"Bitcoin Up or Down - May 3, 2PM ET",Up,BUY,5,0.39,0x3a17657e337fc841f3cfe9095a710d0f72a5270e6eb165b84d49db559b26a6e3,2026-05-03 21:09:58,0x1e58ec527fb5779d8834a55dfb0689bb871e3fb8842db379e20f85434e28d5b4,bitcoin-up-or-down-may-3-2026-2pm-et
"Bitcoin Up or Down - May 3, 2:00PM-2:15PM ET",Up,BUY,34,0.06,0x8b4c51a4b2cd2679cc40b68090b2f984e0deb761de55e7bf5e0666f818f8202f,2026-05-03 21:09:58,0x81d821eccc12371770e1722fa698584bfcfb300d0fd08dc4e299557aa79ff99f,btc-updown-15m-1777831200
"Bitcoin Up or Down - May 3, 2PM ET",Up,BUY,5,0.39,0x3a17657e337fc841f3cfe9095a710d0f72a5270e6eb165b84d49db559b26a6e3,2026-05-03 21:09:58,0xa68144e2b8718aa05b406d480c1cb8ef713f96469d57d076a6370dd4d66e617b,bitcoin-up-or-down-may-3-2026-2pm-et
"Bitcoin Up or Down - May 3, 12:00PM-4:00PM ET",Up,BUY,5,0.55,0x5d6396444a4fc085f2f01aac5ecbbb97bc5c92b612dc0ceb5bdc6bdd7a197933,2026-05-03 21:09:58,0x614098ada11126f5a07e9932315688e4a1e7e9147a468c831eeab6b5048c4a20,btc-updown-4h-1777824000
"Ethereum Up or Down - May 3, 2:05PM-2:10PM ET",Down,BUY,34,0.9077882352941177,0x83e678334b86e6c4ce3e04c6e443c63e6683c33931c7575324b011b9d4051cb8,2026-05-03 21:09:08,0x6964f323e5c3deb5d2322659b23decdd4041e44d592b625734c417d550a07b9a,eth-updown-5m-1777831500
"Bitcoin Up or Down - May 3, 2:00PM-2:15PM ET",Up,BUY,28,0.08107142857142857,0x8b4c51a4b2cd2679cc40b68090b2f984e0deb761de55e7bf5e0666f818f8202f,2026-05-03 21:08:58,0x1ddaff6f06be3395e9a9d93ea849eb05fbf9cd2217d029032f8e42d3e0ec2992,btc-updown-15m-1777831200
"Ethereum Up or Down - May 3, 2:05PM-2:10PM ET",Up,BUY,44,0.04,0x83e678334b86e6c4ce3e04c6e443c63e6683c33931c7575324b011b9d4051cb8,2026-05-03 21:08:56,0xe6691dc731ca8c481244a51c5a92e5d4dafb76894aef79e759b49739762e5ba1,eth-updown-5m-1777831500
"Ethereum Up or Down - May 3, 2:05PM-2:10PM ET",Up,BUY,38,0.06842105263157895,0x83e678334b86e6c4ce3e04c6e443c63e6683c33931c7575324b011b9d4051cb8,2026-05-03 21:08:40,0x45634cc503840ab6a070a5659226859429d1c918506f935945562b0992e51ba7,eth-updown-5m-1777831500
"Ethereum Up or Down - May 3, 2:05PM-2:10PM ET",Up,BUY,34,0.06,0x83e678334b86e6c4ce3e04c6e443c63e6683c33931c7575324b011b9d4051cb8,2026-05-03 21:08:38,0xf5a31b9ccb059d26f2682c9d0f606980f19f81512610ac333ff3a84180e9a515,eth-updown-5m-1777831500
"Ethereum Up or Down - May 3, 2:05PM-2:10PM ET",Up,BUY,31,0.06,0x83e678334b86e6c4ce3e04c6e443c63e6683c33931c7575324b011b9d4051cb8,2026-05-03 21:08:38,0x18d40b9ed953c7a8c505377eaf61cf80ad7f85d5143e63132d5682a3fe57e014,eth-updown-5m-1777831500
"Bitcoin Up or Down - May 3, 2:00PM-2:15PM ET",Down,BUY,31,0.905441935483871,0x8b4c51a4b2cd2679cc40b68090b2f984e0deb761de55e7bf5e0666f818f8202f,2026-05-03 21:08:32,0xcbc945db1d48e6c46316245e0864db4e23b537c468beb4e453d807a994eec3d9,btc-updown-15m-1777831200
"Bitcoin Up or Down - May 3, 2PM ET",Down,BUY,5,0.61,0x3a17657e337fc841f3cfe9095a710d0f72a5270e6eb165b84d49db559b26a6e3,2026-05-03 21:08:32,0x67c828aa1da5896f386d861b809122496a52d59ceba20e760bb399543943afc4,bitcoin-up-or-down-may-3-2026-2pm-et
"Ethereum Up or Down - May 3, 2:05PM-2:10PM ET",Down,BUY,25,0.922,0x83e678334b86e6c4ce3e04c6e443c63e6683c33931c7575324b011b9d4051cb8,2026-05-03 21:08:24,0x4a5396cca4b76938383834d8c7edcdeb3da7c39b6df021265bc45623d40339f3,eth-updown-5m-1777831500
"Ethereum Up or Down - May 3, 2:05PM-2:10PM ET",Down,BUY,12.17,0.88,0x83e678334b86e6c4ce3e04c6e443c63e6683c33931c7575324b011b9d4051cb8,2026-05-03 21:08:12,0xfc7b2462e03f1c9505e90fae0c197b29593980089cb3af7a80d1e9ec60bc090c,eth-updown-5m-1777831500
"Bitcoin Up or Down - May 3, 2:05PM-2:10PM ET",Down,BUY,83,0.37159277108433736,0xc5ed5f807ed460c58d09abd979f1675b7ba435522ebf46069f270c9e95fe8df6,2026-05-03 21:08:12,0xf2fb81a3b75b7a5236946b16c922f44247f854d243b614deb880454c1c278b38,btc-updown-5m-1777831500
"Bitcoin Up or Down - May 3, 2:05PM-2:10PM ET",Down,BUY,10.89,0.35459136822773185,0xc5ed5f807ed460c58d09abd979f1675b7ba435522ebf46069f270c9e95fe8df6,2026-05-03 21:08:06,0xddee0b516412991680c2f59184a119dcddc83796651178e9616b4dd2294987a1,btc-updown-5m-1777831500
"Bitcoin Up or Down - May 3, 2:05PM-2:10PM ET",Down,BUY,55.18,0.31984958318231244,0xc5ed5f807ed460c58d09abd979f1675b7ba435522ebf46069f270c9e95fe8df6,2026-05-03 21:08:04,0x988850ec7ff3615937413dfc95844ab966c63f0fa63e69b5f569c37b615733f1,btc-updown-5m-1777831500
"Bitcoin Up or Down - May 3, 2PM ET",Down,BUY,5,0.61,0x3a17657e337fc841f3cfe9095a710d0f72a5270e6eb165b84d49db559b26a6e3,2026-05-03 21:07:40,0x9ed6de48319f6beafcc596036b7ef7c828de3a37386d391e9202d8b72de2f4a2,bitcoin-up-or-down-may-3-2026-2pm-et
"Bitcoin Up or Down - May 3, 2:00PM-2:15PM ET",Down,BUY,24,0.86,0x8b4c51a4b2cd2679cc40b68090b2f984e0deb761de55e7bf5e0666f818f8202f,2026-05-03 21:07:40,0xae21addd1b440d92258433ee314ca5c3841863129a189f1b77bd1b55ef41822b,btc-updown-15m-1777831200
"Bitcoin Up or Down - May 3, 2PM ET",Down,BUY,5,0.61,0x3a17657e337fc841f3cfe9095a710d0f72a5270e6eb165b84d49db559b26a6e3,2026-05-03 21:07:40,0xa36b81544248a543c916ff0632020185a7661989fb0cbf2b502e69470e82be99,bitcoin-up-or-down-may-3-2026-2pm-et
"Bitcoin Up or Down - May 3, 2:00PM-2:15PM ET",Down,BUY,26,0.88,0x8b4c51a4b2cd2679cc40b68090b2f984e0deb761de55e7bf5e0666f818f8202f,2026-05-03 21:07:40,0xb2ff905778aee28cf1a218ffd667c4cd275c69fc89f70250388d31cbf637ed07,btc-updown-15m-1777831200
"Bitcoin Up or Down - May 3, 12:00PM-4:00PM ET",Down,BUY,5,0.44,0x5d6396444a4fc085f2f01aac5ecbbb97bc5c92b612dc0ceb5bdc6bdd7a197933,2026-05-03 21:07:38,0x3131c1846e0e480b342587243b9eb0a398bb97ea7d44d8aa75705fef020f8efd,btc-updown-4h-1777824000
"Bitcoin Up or Down - May 3, 2PM ET",Down,BUY,5,0.61,0x3a17657e337fc841f3cfe9095a710d0f72a5270e6eb165b84d49db559b26a6e3,2026-05-03 21:07:38,0x02733d16a2e3385aeeb8b53f7b42fc9ca2876b680528d19e0566acbb9a146acf,bitcoin-up-or-down-may-3-2026-2pm-et
"Bitcoin Up or Down - May 3, 2:00PM-2:15PM ET",Down,BUY,21,0.8318285714285715,0x8b4c51a4b2cd2679cc40b68090b2f984e0deb761de55e7bf5e0666f818f8202f,2026-05-03 21:07:38,0x252d658c6cd5d1bc789e9047d58115cfa5d040fa9f580b8e7099cdcde515baa0,btc-updown-15m-1777831200
"Bitcoin Up or Down - May 3, 2:00PM-2:15PM ET",Down,BUY,8.53,0.8041383352872216,0x8b4c51a4b2cd2679cc40b68090b2f984e0deb761de55e7bf5e0666f818f8202f,2026-05-03 21:07:38,0x516dcaa302c9ed7b5ccf5f8deafdebb7830a7c7c57c1fe1175ad95d4ff0cf05f,btc-updown-15m-1777831200
"Bitcoin Up or Down - May 3, 2:00PM-2:15PM ET",Down,BUY,16,0.76960625,0x8b4c51a4b2cd2679cc40b68090b2f984e0deb761de55e7bf5e0666f818f8202f,2026-05-03 21:07:38,0x4ba6d3fe67f0040cb49a5f329c7c8d9f26a6bf15b0bcd3f1f8bbf44c15ba83fb,btc-updown-15m-1777831200
"Bitcoin Up or Down - May 3, 2:00PM-2:15PM ET",Down,BUY,14,0.76,0x8b4c51a4b2cd2679cc40b68090b2f984e0deb761de55e7bf5e0666f818f8202f,2026-05-03 21:07:38,0x9f2e37139a58aa74412dffa4f037b95bdb551f067bcff8b487ac6ab5850d30f8,btc-updown-15m-1777831200
"Bitcoin Up or Down - May 3, 2:00PM-2:15PM ET",Down,BUY,15,0.75,0x8b4c51a4b2cd2679cc40b68090b2f984e0deb761de55e7bf5e0666f818f8202f,2026-05-03 21:07:38,0xdeeb0436f759bbb25a0e3ecf1a144f12fbc0312e2611828dd555d326f78fbaf1,btc-updown-15m-1777831200
"Bitcoin Up or Down - May 3, 2:05PM-2:10PM ET",Up,BUY,307,0.93,0xc5ed5f807ed460c58d09abd979f1675b7ba435522ebf46069f270c9e95fe8df6,2026-05-03 21:07:28,0xb42ad905d80b948c1e9a343780b040f90a23d9ee00b417af83041761e94f7939,btc-updown-5m-1777831500
"Bitcoin Up or Down - May 3, 2PM ET",Up,BUY,5,0.42,0x3a17657e337fc841f3cfe9095a710d0f72a5270e6eb165b84d49db559b26a6e3,2026-05-03 21:07:28,0xe962e32ba5e9083995d3adf9b29b47a598f36bf972d7d9590e46dca08ca88e24,bitcoin-up-or-down-may-3-2026-2pm-et
"Bitcoin Up or Down - May 3, 2PM ET",Up,BUY,5,0.41,0x3a17657e337fc841f3cfe9095a710d0f72a5270e6eb165b84d49db559b26a6e3,2026-05-03 21:07:28,0xc2ce64c3771be7827fe16e097d20ace496313fdcd9916434dee82091e023b334,bitcoin-up-or-down-may-3-2026-2pm-et
"Bitcoin Up or Down - May 3, 2:05PM-2:10PM ET",Up,BUY,143.5,0.92,0xc5ed5f807ed460c58d09abd979f1675b7ba435522ebf46069f270c9e95fe8df6,2026-05-03 21:07:28,0x0f355518d680ef563228d21f525b9ecdb96d98877fc6fd9aca7383b11f18a89f,btc-updown-5m-1777831500
"Bitcoin Up or Down - May 3, 2:05PM-2:10PM ET",Up,BUY,56,0.9055357142857143,0xc5ed5f807ed460c58d09abd979f1675b7ba435522ebf46069f270c9e95fe8df6,2026-05-03 21:07:28,0x8bbf4b5bada0457d31750558c8a6bf6c688b655db5ad9774f29d2792c5ceed86,btc-updown-5m-1777831500
"Bitcoin Up or Down - May 3, 2:05PM-2:10PM ET",Up,BUY,355,0.93,0xc5ed5f807ed460c58d09abd979f1675b7ba435522ebf46069f270c9e95fe8df6,2026-05-03 21:07:28,0x6948ad15cdd2defc02bfb58d75161f1229b33ab564007ffa4701116653aedab7,btc-updown-5m-1777831500
"Bitcoin Up or Down - May 3, 2:00PM-2:15PM ET",Up,BUY,13,0.25,0x8b4c51a4b2cd2679cc40b68090b2f984e0deb761de55e7bf5e0666f818f8202f,2026-05-03 21:07:28,0xc8b330a69a14e9283d7c4f0566fe62a3e48789504590645a7e40b209199f6e70,btc-updown-15m-1777831200
"Bitcoin Up or Down - May 3, 2:00PM-2:15PM ET",Up,BUY,13,0.25874615384615385,0x8b4c51a4b2cd2679cc40b68090b2f984e0deb761de55e7bf5e0666f818f8202f,2026-05-03 21:07:28,0xc306a83a78413300f805d14fcf8750bd54d59d87bedf0d5e936d7a88074409ce,btc-updown-15m-1777831200
"Bitcoin Up or Down - May 3, 2:05PM-2:10PM ET",Up,BUY,157,0.8475656050955414,0xc5ed5f807ed460c58d09abd979f1675b7ba435522ebf46069f270c9e95fe8df6,2026-05-03 21:07:26,0xa358e4c175e876f920a34a87953e89b14cd9e41ed5fa551fac0540ef54dcd0d5,btc-updown-5m-1777831500
"Bitcoin Up or Down - May 3, 12:00PM-4:00PM ET",Up,BUY,5,0.55,0x5d6396444a4fc085f2f01aac5ecbbb97bc5c92b612dc0ceb5bdc6bdd7a197933,2026-05-03 21:07:24,0x7466eeb58a337cbc3b9d523dc82fd5708046b197443aa63f51dafa98de6e28d4,btc-updown-4h-1777824000
"Ethereum Up or Down - May 3, 2:05PM-2:10PM ET",Up,BUY,12,0.685,0x83e678334b86e6c4ce3e04c6e443c63e6683c33931c7575324b011b9d4051cb8,2026-05-03 21:07:22,0x9b58805283d5cd4b131aa776004a3a875e9019f475266794918e26ba72f89126,eth-updown-5m-1777831500
"Ethereum Up or Down - May 3, 2:05PM-2:10PM ET",Up,BUY,12,0.7048333333333333,0x83e678334b86e6c4ce3e04c6e443c63e6683c33931c7575324b011b9d4051cb8,2026-05-03 21:07:22,0x221fc2257c8f27d8d509fbd98fe07f875e3fa8434622036ceca365582140ff2b,eth-updown-5m-1777831500
"Ethereum Up or Down - May 3, 2:05PM-2:10PM ET",Down,BUY,10,0.34,0x83e678334b86e6c4ce3e04c6e443c63e6683c33931c7575324b011b9d4051cb8,2026-05-03 21:07:10,0x0a549a25e972df44d611140b6de4ca64f68a2496fc0e2cbf6d6481ccb41da150,eth-updown-5m-1777831500
"Ethereum Up or Down - May 3, 2:05PM-2:10PM ET",Down,BUY,11,0.32181818181818184,0x83e678334b86e6c4ce3e04c6e443c63e6683c33931c7575324b011b9d4051cb8,2026-05-03 21:07:10,0x451b7c91306d5f3f98b41b75373d040341dabddd206c1a94bdd19c532117008e,eth-updown-5m-1777831500
"Bitcoin Up or Down - May 3, 2:05PM-2:10PM ET",Up,BUY,142,0.8041887323943662,0xc5ed5f807ed460c58d09abd979f1675b7ba435522ebf46069f270c9e95fe8df6,2026-05-03 21:06:32,0x1a6420ae08816af7aef5240eda7c94c39a0dc83dc9c674ca1a688c5e9252f992,btc-updown-5m-1777831500
"Ethereum Up or Down - May 3, 2:05PM-2:10PM ET",Up,BUY,12,0.65,0x83e678334b86e6c4ce3e04c6e443c63e6683c33931c7575324b011b9d4051cb8,2026-05-03 21:06:32,0xe64f47c63ac526f1ce6137b454bf5fb61edd041de6101744cf14ac75252198d6,eth-updown-5m-1777831500
"Ethereum Up or Down - May 3, 2:05PM-2:10PM ET",Up,BUY,11,0.66,0x83e678334b86e6c4ce3e04c6e443c63e6683c33931c7575324b011b9d4051cb8,2026-05-03 21:06:30,0xae40e856f71278187f4bd6bfd49245a80bbfed5541ac90d722659f7a6bdd06e8,eth-updown-5m-1777831500
"Bitcoin Up or Down - May 3, 2:05PM-2:10PM ET",Up,BUY,110,0.74,0xc5ed5f807ed460c58d09abd979f1675b7ba435522ebf46069f270c9e95fe8df6,2026-05-03 21:06:30,0x22f30476c0aa5c09cf223f5909c2d93681f1fa20b09dbd11c86cdcfa51735829,btc-updown-5m-1777831500
"Ethereum Up or Down - May 3, 2:05PM-2:10PM ET",Down,BUY,11,0.3809090909090909,0x83e678334b86e6c4ce3e04c6e443c63e6683c33931c7575324b011b9d4051cb8,2026-05-03 21:06:14,0xbf3ef8c369c7a966957a026730c5b46dfc266a2a2aee725c5694865a4401e027,eth-updown-5m-1777831500
"Ethereum Up or Down - May 3, 2:05PM-2:10PM ET",Down,BUY,11,0.34,0x83e678334b86e6c4ce3e04c6e443c63e6683c33931c7575324b011b9d4051cb8,2026-05-03 21:06:14,0x234e211f8d7c3748432c51d86f2c2dd33dd2d488490c2de82184c0c1c9ce0580,eth-updown-5m-1777831500
"Ethereum Up or Down - May 3, 2:05PM-2:10PM ET",Up,BUY,11,0.68,0x83e678334b86e6c4ce3e04c6e443c63e6683c33931c7575324b011b9d4051cb8,2026-05-03 21:06:08,0x073b132e4384857f1fe0f0cbb53e6cbd56f6240e9ff00390414bd41bf0b1790c,eth-updown-5m-1777831500
"Bitcoin Up or Down - May 3, 2:00PM-2:15PM ET",Up,BUY,19,0.14,0x8b4c51a4b2cd2679cc40b68090b2f984e0deb761de55e7bf5e0666f818f8202f,2026-05-03 21:06:08,0xbf7084fcce6a08639a557c440084f43742505d83d06e24996a8ee97b05fc0a69,btc-updown-15m-1777831200
"Ethereum Up or Down - May 3, 2:05PM-2:10PM ET",Up,BUY,1.72,0.62,0x83e678334b86e6c4ce3e04c6e443c63e6683c33931c7575324b011b9d4051cb8,2026-05-03 21:06:08,0xde2b00384dde1f2aa252512f5f676d3a7915c5b03d2db7c6da8681113b09aa44,eth-updown-5m-1777831500
"Ethereum Up or Down - May 3, 2:05PM-2:10PM ET",Up,BUY,11,0.6129818181818182,0x83e678334b86e6c4ce3e04c6e443c63e6683c33931c7575324b011b9d4051cb8,2026-05-03 21:06:06,0xafb6c8a523cb76a81ddfef1dcaa5f330af3efbdf13c7cc05775a86d98c59d7a0,eth-updown-5m-1777831500
"Bitcoin Up or Down - May 3, 2:05PM-2:10PM ET",Up,BUY,86,0.5964116279069768,0xc5ed5f807ed460c58d09abd979f1675b7ba435522ebf46069f270c9e95fe8df6,2026-05-03 21:06:06,0xf571a54aac72ffd432939b234310ffe30b956d3875015972e2a00da10f11dacf,btc-updown-5m-1777831500
"Bitcoin Up or Down - May 3, 2:05PM-2:10PM ET",Up,BUY,82,0.5445365853658537,0xc5ed5f807ed460c58d09abd979f1675b7ba435522ebf46069f270c9e95fe8df6,2026-05-03 21:06:00,0xfe2ce03692c1bca57c1a068fc1e6e8aedb6c7d821f36ddf71aa13b1edb95f110,btc-updown-5m-1777831500
"Bitcoin Up or Down - May 3, 2:00PM-2:15PM ET",Up,BUY,20,0.14,0x8b4c51a4b2cd2679cc40b68090b2f984e0deb761de55e7bf5e0666f818f8202f,2026-05-03 21:06:00,0xc679a6b700aca2a6b32b3042fd6d11d3f1b0771d0e497b2fe087373d740306fb,btc-updown-15m-1777831200
"Bitcoin Up or Down - May 3, 2PM ET",Up,BUY,5,0.39,0x3a17657e337fc841f3cfe9095a710d0f72a5270e6eb165b84d49db559b26a6e3,2026-05-03 21:06:00,0x7a6d45085e52eebaff80812ff64bf3a0b86060d61cb39597fbbedb385215b208,bitcoin-up-or-down-may-3-2026-2pm-et
"Bitcoin Up or Down - May 3, 2:05PM-2:10PM ET",Up,BUY,81,0.55,0xc5ed5f807ed460c58d09abd979f1675b7ba435522ebf46069f270c9e95fe8df6,2026-05-03 21:05:58,0x3b03454d72cb9f83b713ddf901797b111b00dfe3e8c4efb7544658085876b85d,btc-updown-5m-1777831500
"Bitcoin Up or Down - May 3, 2:05PM-2:10PM ET",Up,BUY,15,0.46,0xc5ed5f807ed460c58d09abd979f1675b7ba435522ebf46069f270c9e95fe8df6,2026-05-03 21:05:58,0x4ab4f8282ca1b164f5b06201960fe4172d55ba260277bc2d100654d3cde80dea,btc-updown-5m-1777831500
"Bitcoin Up or Down - May 3, 2:05PM-2:10PM ET",Down,BUY,82,0.5618060975609757,0xc5ed5f807ed460c58d09abd979f1675b7ba435522ebf46069f270c9e95fe8df6,2026-05-03 21:05:40,0xf69d4a0d4a2154f6f5894b6d9dc31ac660ef814bcd5bae69a412ae76638ecdc1,btc-updown-5m-1777831500
"Ethereum Up or Down - May 3, 2:05PM-2:10PM ET",Down,BUY,10,0.41,0x83e678334b86e6c4ce3e04c6e443c63e6683c33931c7575324b011b9d4051cb8,2026-05-03 21:05:36,0x67d27b4d5079fb5806c05ac9af8e0bf4bf2fd6ed97d180b0783a34ed60a571ae,eth-updown-5m-1777831500
"Ethereum Up or Down - May 3, 2:05PM-2:10PM ET",Down,BUY,10,0.38,0x83e678334b86e6c4ce3e04c6e443c63e6683c33931c7575324b011b9d4051cb8,2026-05-03 21:05:36,0xf851c81726321850af128fabc3e7df387a323fc2140e545abc5b238d0f14f9af,eth-updown-5m-1777831500
"Ethereum Up or Down - May 3, 2:05PM-2:10PM ET",Up,BUY,10,0.515,0x83e678334b86e6c4ce3e04c6e443c63e6683c33931c7575324b011b9d4051cb8,2026-05-03 21:05:16,0x3014751f16bc6ea0a379cf436d4da97bdbb1445601e9417778a7fe81ac867b7e,eth-updown-5m-1777831500
"Bitcoin Up or Down - May 3, 2:00PM-2:15PM ET",Down,BUY,17,0.82,0x8b4c51a4b2cd2679cc40b68090b2f984e0deb761de55e7bf5e0666f818f8202f,2026-05-03 21:04:28,0xacc18ecaf15a239211ce41813deab65635a7b50c8e413448bfcd0dc5d017146e,btc-updown-15m-1777831200
"Bitcoin Up or Down - May 3, 2:00PM-2:15PM ET",Down,BUY,16,0.8,0x8b4c51a4b2cd2679cc40b68090b2f984e0deb761de55e7bf5e0666f818f8202f,2026-05-03 21:04:28,0x848cceb3371f089ff67947debfb4c19daf93f35a79ab37b325a98a1fd954fd34,btc-updown-15m-1777831200
"Bitcoin Up or Down - May 3, 2:00PM-2:05PM ET",Down,BUY,1419.64,0.99,0x83c042a7b671d9a19d0eeaf26f92927fb02f730e5f9d05f4336659b53f46dbd7,2026-05-03 21:04:28,0xb06f15383a452c91188936ecae4092bf0dab98a8f6aae65717debb19cdd3ff39,btc-updown-5m-1777831200
"Bitcoin Up or Down - May 3, 2PM ET",Down,BUY,5,0.59,0x3a17657e337fc841f3cfe9095a710d0f72a5270e6eb165b84d49db559b26a6e3,2026-05-03 21:04:26,0xd76cba01c9f27face2364dd22f4ece9349bc45b41420d8843dffbe767a89b891,bitcoin-up-or-down-may-3-2026-2pm-et
"Bitcoin Up or Down - May 3, 2:00PM-2:15PM ET",Down,BUY,18,0.8248555555555556,0x8b4c51a4b2cd2679cc40b68090b2f984e0deb761de55e7bf5e0666f818f8202f,2026-05-03 21:04:26,0xbb272502c0197e3226c3d2dbe716dffa6b02644831802f063370438c83c93b7c,btc-updown-15m-1777831200
"Ethereum Up or Down - May 3, 2:00PM-2:05PM ET",Down,BUY,29.96,0.98,0x688427c1468170043e930e195b1830cc5a1b99224a138dddd03107347990839c,2026-05-03 21:04:26,0x8c528230c2fcef986dcd61033c61d68a43032b81b774aab0a89f4480adc27c00,eth-updown-5m-1777831200
"Ethereum Up or Down - May 3, 2:00PM-2:05PM ET",Down,BUY,52.22,0.97,0x688427c1468170043e930e195b1830cc5a1b99224a138dddd03107347990839c,2026-05-03 21:04:26,0xfa34d133d2a950a3eb6d040d8b98bf679b01f8210decb1f14cb74d09be5c2ede,eth-updown-5m-1777831200
"Ethereum Up or Down - May 3, 2:00PM-2:05PM ET",Down,BUY,65,0.91,0x688427c1468170043e930e195b1830cc5a1b99224a138dddd03107347990839c,2026-05-03 21:03:52,0x15170a2499354d755cf87c97ff8d160e7493e452bf9a9711b3be314c440d0955,eth-updown-5m-1777831200
"Bitcoin Up or Down - May 3, 2:00PM-2:15PM ET",Down,BUY,13,0.71,0x8b4c51a4b2cd2679cc40b68090b2f984e0deb761de55e7bf5e0666f818f8202f,2026-05-03 21:03:20,0xdab4eb3b4dfd7762e8812932cd42351aaa1eef974ebf501efc21996187148575,btc-updown-15m-1777831200
"Ethereum Up or Down - May 3, 2:00PM-2:05PM ET",Down,BUY,16,0.779,0x688427c1468170043e930e195b1830cc5a1b99224a138dddd03107347990839c,2026-05-03 21:03:18,0xa838175243f51db737a8dea84528d0e595a07a4fd1390030a1feec354cbddec9,eth-updown-5m-1777831200
"Ethereum Up or Down - May 3, 2:00PM-2:05PM ET",Down,BUY,15,0.7627933333333333,0x688427c1468170043e930e195b1830cc5a1b99224a138dddd03107347990839c,2026-05-03 21:03:16,0x098fae2d8bf1516da551dd5d5718d7c222141cb53853778cf1c9e3f848c5f21d,eth-updown-5m-1777831200
"Bitcoin Up or Down - May 3, 2:00PM-2:15PM ET",Down,BUY,13,0.71,0x8b4c51a4b2cd2679cc40b68090b2f984e0deb761de55e7bf5e0666f818f8202f,2026-05-03 21:03:16,0x022902c3cf1a5d983f78583375d2906c3249ef875726073a540c151c1709763f,btc-updown-15m-1777831200
"Ethereum Up or Down - May 3, 2:00PM-2:05PM ET",Down,BUY,14,0.7492857142857143,0x688427c1468170043e930e195b1830cc5a1b99224a138dddd03107347990839c,2026-05-03 21:03:16,0xa83f482e42ac627be1420ff45a17ccb8db6d70caec4e1a54df0c7d10c83f5445,eth-updown-5m-1777831200
"Ethereum Up or Down - May 3, 2:00PM-2:05PM ET",Up,BUY,11,0.27,0x688427c1468170043e930e195b1830cc5a1b99224a138dddd03107347990839c,2026-05-03 21:03:08,0x92b2076bfe063ec14b33fc1d030d85e963be123a67a2fb3ad9ea48afd3c36a63,eth-updown-5m-1777831200
"Bitcoin Up or Down - May 3, 2PM ET",Up,BUY,5,0.5,0x3a17657e337fc841f3cfe9095a710d0f72a5270e6eb165b84d49db559b26a6e3,2026-05-03 21:03:06,0x727dd399f40945cbdf87319c66204816ed0b84388425efe0c3fcce8f351064fa,bitcoin-up-or-down-may-3-2026-2pm-et
"Bitcoin Up or Down - May 3, 2:00PM-2:15PM ET",Up,BUY,11,0.29,0x8b4c51a4b2cd2679cc40b68090b2f984e0deb761de55e7bf5e0666f818f8202f,2026-05-03 21:03:06,0x4f5ff7957a504ccb0b81e886ffbec80ba64a42cdc3502cb03b16d8cea8e2976f,btc-updown-15m-1777831200
"Bitcoin Up or Down - May 3, 2PM ET",Up,BUY,5,0.5,0x3a17657e337fc841f3cfe9095a710d0f72a5270e6eb165b84d49db559b26a6e3,2026-05-03 21:03:06,0xe8ca8354229778acf5cecfe38371945a8142969703d0a6972aea901d69f6020a,bitcoin-up-or-down-may-3-2026-2pm-et
"Bitcoin Up or Down - May 3, 2PM ET",Up,BUY,5,0.5,0x3a17657e337fc841f3cfe9095a710d0f72a5270e6eb165b84d49db559b26a6e3,2026-05-03 21:03:06,0xdcae104233bd0dcd164a5d91a69d809be2832625665c302068466c4a6721514c,bitcoin-up-or-down-may-3-2026-2pm-et
"Bitcoin Up or Down - May 3, 2:00PM-2:15PM ET",Up,BUY,11,0.29,0x8b4c51a4b2cd2679cc40b68090b2f984e0deb761de55e7bf5e0666f818f8202f,2026-05-03 21:03:06,0x46f5a17319c6db872a9d470fec0b06dcc78f40de52ad43704dac2ac22a800ce8,btc-updown-15m-1777831200
"Ethereum Up or Down - May 3, 2:00PM-2:05PM ET",Up,BUY,12,0.27,0x688427c1468170043e930e195b1830cc5a1b99224a138dddd03107347990839c,2026-05-03 21:03:06,0xae7a49c325e1d504012d67b4e2df1e6ef94fb97256808aebc65e7a40db05a97c,eth-updown-5m-1777831200
"Bitcoin Up or Down - May 3, 2:00PM-2:15PM ET",Up,BUY,12,0.28,0x8b4c51a4b2cd2679cc40b68090b2f984e0deb761de55e7bf5e0666f818f8202f,2026-05-03 21:03:04,0x1887196a18d48406848e839c63b29cf0e452ce23174acad87850b0e3d886865f,btc-updown-15m-1777831200
"Bitcoin Up or Down - May 3, 12:00PM-4:00PM ET",Up,BUY,5,0.61,0x5d6396444a4fc085f2f01aac5ecbbb97bc5c92b612dc0ceb5bdc6bdd7a197933,2026-05-03 21:03:04,0x2d2a543f3dfbd3645157210387815601fdc4ea6e84a47c022aaa77dbf395745e,btc-updown-4h-1777824000
"Bitcoin Up or Down - May 3, 2:00PM-2:15PM ET",Up,BUY,11,0.26,0x8b4c51a4b2cd2679cc40b68090b2f984e0deb761de55e7bf5e0666f818f8202f,2026-05-03 21:03:04,0x6699500885557e166db6d6b945f4bb178176e00d74d9c12d17ec0e55a6057362,btc-updown-15m-1777831200
"Ethereum Up or Down - May 3, 2:00PM-2:05PM ET",Up,BUY,12,0.27,0x688427c1468170043e930e195b1830cc5a1b99224a138dddd03107347990839c,2026-05-03 21:03:04,0x0bc93a068cbfda437d1b07c320ca6d8d62b8504dd2b2527e2bf82c43686febab,eth-updown-5m-1777831200
"Bitcoin Up or Down - May 3, 12:00PM-4:00PM ET",Up,BUY,5,0.61,0x5d6396444a4fc085f2f01aac5ecbbb97bc5c92b612dc0ceb5bdc6bdd7a197933,2026-05-03 21:03:02,0x9ce51f85ebbecacf17c8dde1a12269ae4ea0f41eb14f0a06dcccd42965ef7291,btc-updown-4h-1777824000
"Bitcoin Up or Down - May 3, 2:00PM-2:05PM ET",Down,BUY,24.2,0.9,0x83c042a7b671d9a19d0eeaf26f92927fb02f730e5f9d05f4336659b53f46dbd7,2026-05-03 21:02:20,0x71e2dfe74c7fae355f9f59766f848b6233c71d1097502e7e85654d29ae5cb2b4,btc-updown-5m-1777831200
"Bitcoin Up or Down - May 3, 2PM ET",Down,BUY,5,0.5,0x3a17657e337fc841f3cfe9095a710d0f72a5270e6eb165b84d49db559b26a6e3,2026-05-03 21:02:20,0x247ee326155b84f653b691385bdccdec40554534b2136a77c1f2a19b6c26b49b,bitcoin-up-or-down-may-3-2026-2pm-et
"Bitcoin Up or Down - May 3, 2:00PM-2:15PM ET",Down,BUY,11,0.6,0x8b4c51a4b2cd2679cc40b68090b2f984e0deb761de55e7bf5e0666f818f8202f,2026-05-03 21:02:18,0xba70b0b75dbfe543bf0ccd90a546f8f88d9f853ce15ae3141d0ad06507afad98,btc-updown-15m-1777831200
"Bitcoin Up or Down - May 3, 2:00PM-2:05PM ET",Down,BUY,189,0.8433539682539682,0x83c042a7b671d9a19d0eeaf26f92927fb02f730e5f9d05f4336659b53f46dbd7,2026-05-03 21:02:16,0x78ea7a37a1891ad8127e365f9357ea12c31746c2938b776f43c7020a1f148dcc,btc-updown-5m-1777831200
"Bitcoin Up or Down - May 3, 2:00PM-2:05PM ET",Down,BUY,157,0.8389745222929936,0x83c042a7b671d9a19d0eeaf26f92927fb02f730e5f9d05f4336659b53f46dbd7,2026-05-03 21:02:16,0x39434b5d11b4cce1775c6f749c0027daae0b6a4f88be2fbb2732227ed06230dd,btc-updown-5m-1777831200
"Bitcoin Up or Down - May 3, 2:00PM-2:15PM ET",Down,BUY,11,0.6,0x8b4c51a4b2cd2679cc40b68090b2f984e0deb761de55e7bf5e0666f818f8202f,2026-05-03 21:02:16,0x7c4d3bdea266f951f20f8cc2d22333272312433cc8480e04f4aa80242a9807cf,btc-updown-15m-1777831200
"Ethereum Up or Down - May 3, 2:00PM-2:05PM ET",Down,BUY,12,0.6638,0x688427c1468170043e930e195b1830cc5a1b99224a138dddd03107347990839c,2026-05-03 21:02:10,0x5bcd853da2abcf568e1a0464729e3486774a18bfa96ae7a6e4cd3fae64390331,eth-updown-5m-1777831200
"Ethereum Up or Down - May 3, 2:00PM-2:05PM ET",Down,BUY,12,0.6712333333333333,0x688427c1468170043e930e195b1830cc5a1b99224a138dddd03107347990839c,2026-05-03 21:02:10,0x50008e60279236621d93a22830db246cec4d0955e8989b75668200d3d4c31a77,eth-updown-5m-1777831200
"Ethereum Up or Down - May 3, 2:00PM-2:05PM ET",Down,BUY,11,0.6466909090909091,0x688427c1468170043e930e195b1830cc5a1b99224a138dddd03107347990839c,2026-05-03 21:02:10,0xffdd5806a3ec312d969199ed6677ea8e416f198074aefbd9cb6ae8b0919ac0f7,eth-updown-5m-1777831200
"Ethereum Up or Down - May 3, 2:00PM-2:05PM ET",Down,BUY,10,0.56,0x688427c1468170043e930e195b1830cc5a1b99224a138dddd03107347990839c,2026-05-03 21:02:10,0x0d122d04f056b8c0e9fdb061d93073f1365c8bfacd6b0b9b4dd4ef9b21b8b716,eth-updown-5m-1777831200
"Ethereum Up or Down - May 3, 2:00PM-2:05PM ET",Down,BUY,10,0.56,0x688427c1468170043e930e195b1830cc5a1b99224a138dddd03107347990839c,2026-05-03 21:01:46,0xa6aa20c951415322c3a090f603b46041f6eca8cb104f63227919f95d3d63df36,eth-updown-5m-1777831200
"Ethereum Up or Down - May 3, 2:00PM-2:05PM ET",Down,BUY,10,0.53956,0x688427c1468170043e930e195b1830cc5a1b99224a138dddd03107347990839c,2026-05-03 21:01:44,0x46da1f28604b5a9cded319b3d409483317a465d48f52e76c74ea292502714cfe,eth-updown-5m-1777831200
"Ethereum Up or Down - May 3, 2:00PM-2:05PM ET",Up,BUY,10,0.424,0x688427c1468170043e930e195b1830cc5a1b99224a138dddd03107347990839c,2026-05-03 21:01:28,0xf5a2abcac12ff92c6f37b9ac218e557151a92e4d4b0439fbd57a138a2175bdbe,eth-updown-5m-1777831200
"Ethereum Up or Down - May 3, 2:00PM-2:05PM ET",Down,BUY,11,0.6,0x688427c1468170043e930e195b1830cc5a1b99224a138dddd03107347990839c,2026-05-03 21:01:28,0x603c132f13535de21b60b1125e55fa9c17565ee3a3294aa1f3a8c994377e6fb5,eth-updown-5m-1777831200
"Bitcoin Up or Down - May 3, 2:00PM-2:15PM ET",Down,BUY,5.39,0.53,0x8b4c51a4b2cd2679cc40b68090b2f984e0deb761de55e7bf5e0666f818f8202f,2026-05-03 21:01:26,0x56283f8fce206afefaab3b0e37c615da757e751a9e97e2b4e1e29944a74d55cc,btc-updown-15m-1777831200
"Ethereum Up or Down - May 3, 2:00PM-2:05PM ET",Down,BUY,11,0.54,0x688427c1468170043e930e195b1830cc5a1b99224a138dddd03107347990839c,2026-05-03 21:01:22,0x39899aacb125f0faa13cd3dee406f3a6f213d572a7c26d68844eb19e910d5a40,eth-updown-5m-1777831200
"Ethereum Up or Down - May 3, 2:00PM-2:05PM ET",Down,BUY,6.44,0.51,0x688427c1468170043e930e195b1830cc5a1b99224a138dddd03107347990839c,2026-05-03 21:01:22,0xc9d21a2826b33927b2a40a3d7e3b42bb63d3f724f6335bf8ad3439187e4e581c,eth-updown-5m-1777831200
"Ethereum Up or Down - May 3, 2:00PM-2:05PM ET",Up,BUY,10,0.55,0x688427c1468170043e930e195b1830cc5a1b99224a138dddd03107347990839c,2026-05-03 21:01:10,0xac7e8b5f16da192d206d7fcc35991c67fa8cea53009065f5cda3a12468fc54ca,eth-updown-5m-1777831200
"Bitcoin Up or Down - May 3, 2PM ET",Down,BUY,5,0.48,0x3a17657e337fc841f3cfe9095a710d0f72a5270e6eb165b84d49db559b26a6e3,2026-05-03 21:01:08,0xd004c1ec4ea20fb6cf8794071c0ec51b31e45d4df7797ec66a2c2cfcf8fe8a06,bitcoin-up-or-down-may-3-2026-2pm-et
"Bitcoin Up or Down - May 3, 2:00PM-2:15PM ET",Down,BUY,10,0.50343,0x8b4c51a4b2cd2679cc40b68090b2f984e0deb761de55e7bf5e0666f818f8202f,2026-05-03 21:01:08,0x8ad9b07ede5cb7f0140b1b230d742bf525884db3ec8a76202e6da2c3bdd2e11c,btc-updown-15m-1777831200
"Bitcoin Up or Down - May 3, 2:00PM-2:15PM ET",Down,BUY,10,0.5,0x8b4c51a4b2cd2679cc40b68090b2f984e0deb761de55e7bf5e0666f818f8202f,2026-05-03 21:01:08,0x52cf27874f4c272fd5bcf992936154d26baa90317201e70ea6fa782be538eed0,btc-updown-15m-1777831200
"Bitcoin Up or Down - May 3, 2:00PM-2:15PM ET",Down,BUY,10,0.51,0x8b4c51a4b2cd2679cc40b68090b2f984e0deb761de55e7bf5e0666f818f8202f,2026-05-03 21:01:08,0x5ad07d81bc07cfdfdabc857ddcee3eb5c1ff5390bc4f2a1402c4566d0ecea788,btc-updown-15m-1777831200
"Bitcoin Up or Down - May 3, 2:00PM-2:15PM ET",Down,BUY,10,0.51,0x8b4c51a4b2cd2679cc40b68090b2f984e0deb761de55e7bf5e0666f818f8202f,2026-05-03 21:01:08,0xe24e19bb88dd7d0ffe1a793b1d37fca195627f8da16306cb21b50a84b39de64b,btc-updown-15m-1777831200
"Bitcoin Up or Down - May 3, 2:00PM-2:15PM ET",Down,BUY,10,0.5,0x8b4c51a4b2cd2679cc40b68090b2f984e0deb761de55e7bf5e0666f818f8202f,2026-05-03 21:01:06,0x07922ce02cb92a70adc54ebfa93ad9c844dd838de77be075b25b66bdbde4702b,btc-updown-15m-1777831200
"Bitcoin Up or Down - May 3, 2:00PM-2:05PM ET",Down,BUY,14.72,0.4833967391304348,0x83c042a7b671d9a19d0eeaf26f92927fb02f730e5f9d05f4336659b53f46dbd7,2026-05-03 21:01:04,0xa90e56289dd882fdb089a29446aaf87c0674b7ba0e2ef7270d7ac69e28bc65ea,btc-updown-5m-1777831200
"Ethereum Up or Down - May 3, 2:00PM-2:05PM ET",Up,BUY,10,0.55,0x688427c1468170043e930e195b1830cc5a1b99224a138dddd03107347990839c,2026-05-03 21:00:52,0x25cb96cabba5947fcb5b996c01a17bf4390f02b7124967ea697d56aa7dd4d6dc,eth-updown-5m-1777831200
"Ethereum Up or Down - May 3, 2:00PM-2:05PM ET",Up,BUY,10,0.55,0x688427c1468170043e930e195b1830cc5a1b99224a138dddd03107347990839c,2026-05-03 21:00:52,0x37ee14eeb8272d217d770f71db21baa03542c59816d98f3366c6c35f1a4c0bfd,eth-updown-5m-1777831200
"Bitcoin Up or Down - May 3, 2:00PM-2:15PM ET",Down,BUY,10,0.49,0x8b4c51a4b2cd2679cc40b68090b2f984e0deb761de55e7bf5e0666f818f8202f,2026-05-03 21:00:40,0x96c97767eb7874da906e27aa031de45410a60b455e40e2b7c112452708ce787b,btc-updown-15m-1777831200
"Bitcoin Up or Down - May 3, 2:00PM-2:15PM ET",Down,BUY,10,0.49,0x8b4c51a4b2cd2679cc40b68090b2f984e0deb761de55e7bf5e0666f818f8202f,2026-05-03 21:00:36,0xbc0fcb721009ead7c6c34fe60a84c0fb2747c0425b2ba68e64abb74b4319c282,btc-updown-15m-1777831200
"Bitcoin Up or Down - May 3, 2:00PM-2:05PM ET",Down,BUY,35.57,0.41512510542592074,0x83c042a7b671d9a19d0eeaf26f92927fb02f730e5f9d05f4336659b53f46dbd7,2026-05-03 21:00:36,0xa375f80ad524317f2370947c09d7e3fb72cddabf2d0ae2f076015d4a21121cb7,btc-updown-5m-1777831200
"Bitcoin Up or Down - May 3, 2:00PM-2:15PM ET",Down,BUY,10,0.5,0x8b4c51a4b2cd2679cc40b68090b2f984e0deb761de55e7bf5e0666f818f8202f,2026-05-03 21:00:36,0x77bed3ed51f9f382ec88dea31e4c8a1eb6dc97c35b46aa1a795c7ea5f013d1c0,btc-updown-15m-1777831200
"Bitcoin Up or Down - May 3, 2:00PM-2:05PM ET",Down,BUY,43.18,0.2564937471051413,0x83c042a7b671d9a19d0eeaf26f92927fb02f730e5f9d05f4336659b53f46dbd7,2026-05-03 21:00:36,0x3d38bc9d764f13f69a94934684e02ea6243a6b492f76274f9d3fdd5170e1d336,btc-updown-5m-1777831200
"Bitcoin Up or Down - May 3, 2:00PM-2:05PM ET",Down,BUY,99,0.26,0x83c042a7b671d9a19d0eeaf26f92927fb02f730e5f9d05f4336659b53f46dbd7,2026-05-03 21:00:28,0xc4ef47ed48bf5e9fe149d06caf08cc4b7acf9b339724327c89848e518c93d418,btc-updown-5m-1777831200
"Bitcoin Up or Down - May 3, 2:00PM-2:05PM ET",Up,BUY,20,0.7,0x83c042a7b671d9a19d0eeaf26f92927fb02f730e5f9d05f4336659b53f46dbd7,2026-05-03 21:00:26,0x6484b0ed2c93aa667ef0c44ca1efd2aa9ef3bd6503537133fbb2b397c29292f8,btc-updown-5m-1777831200
"Bitcoin Up or Down - May 3, 2:00PM-2:05PM ET",Up,BUY,101,0.7,0x83c042a7b671d9a19d0eeaf26f92927fb02f730e5f9d05f4336659b53f46dbd7,2026-05-03 21:00:24,0x9bf5aeac95f0462ced086cdeccf4777429b0544a37174c96b44ee535c71a0862,btc-updown-5m-1777831200
"Bitcoin Up or Down - May 3, 2:00PM-2:15PM ET",Up,BUY,11,0.61,0x8b4c51a4b2cd2679cc40b68090b2f984e0deb761de55e7bf5e0666f818f8202f,2026-05-03 21:00:24,0x3f193e93ddbf01aa6f01d233c6b411714315dca60953c614d5513a04b6d43c4f,btc-updown-15m-1777831200
"Ethereum Up or Down - May 3, 2:00PM-2:05PM ET",Up,BUY,14,0.72,0x688427c1468170043e930e195b1830cc5a1b99224a138dddd03107347990839c,2026-05-03 21:00:14,0x843528c0890d5748b76b2f8efcf06bae2b92c85713fc4cd2fa516338d28fb348,eth-updown-5m-1777831200
"Bitcoin Up or Down - May 3, 2PM ET",Up,BUY,5,0.52,0x3a17657e337fc841f3cfe9095a710d0f72a5270e6eb165b84d49db559b26a6e3,2026-05-03 21:00:14,0x54940758f89a64e5af08654996c6eadac0121ad8cf5d6eca9ec2b6531042b223,bitcoin-up-or-down-may-3-2026-2pm-et
"Bitcoin Up or Down - May 3, 2:00PM-2:15PM ET",Up,BUY,11,0.5787818181818182,0x8b4c51a4b2cd2679cc40b68090b2f984e0deb761de55e7bf5e0666f818f8202f,2026-05-03 21:00:14,0xb3d0338b425529a2a03b20c54e5e18ab609789b8ad6aa61c98b6107c4ccab07b,btc-updown-15m-1777831200
"Bitcoin Up or Down - May 3, 2:00PM-2:15PM ET",Up,BUY,10,0.54,0x8b4c51a4b2cd2679cc40b68090b2f984e0deb761de55e7bf5e0666f818f8202f,2026-05-03 21:00:14,0x25164141996e29497bee2178b4fed2257c5b0b27b69477d83b52fdaca825fd51,btc-updown-15m-1777831200
"Bitcoin Up or Down - May 3, 2:00PM-2:15PM ET",Up,BUY,10,0.53,0x8b4c51a4b2cd2679cc40b68090b2f984e0deb761de55e7bf5e0666f818f8202f,2026-05-03 21:00:14,0xd5fd1fe708644d059655a91102e140300011aae80708d2898d153c47672af245,btc-updown-15m-1777831200
"Bitcoin Up or Down - May 3, 2:00PM-2:05PM ET",Up,BUY,20,0.585,0x83c042a7b671d9a19d0eeaf26f92927fb02f730e5f9d05f4336659b53f46dbd7,2026-05-03 21:00:14,0x4abd5e7ba0444064d451d1c450fa0a05d6099addf1a7673a95a8e49fdb83764b,btc-updown-5m-1777831200
"Bitcoin Up or Down - May 3, 2:00PM-2:05PM ET",Up,BUY,81,0.531279012345679,0x83c042a7b671d9a19d0eeaf26f92927fb02f730e5f9d05f4336659b53f46dbd7,2026-05-03 21:00:14,0x73e258803ecc75c87c2830cd4f2b62765949dd7ae87a8256186eb3a19aab3c2f,btc-updown-5m-1777831200
"Bitcoin Up or Down - May 3, 2:00PM-2:15PM ET",Up,BUY,10,0.53,0x8b4c51a4b2cd2679cc40b68090b2f984e0deb761de55e7bf5e0666f818f8202f,2026-05-03 21:00:14,0x8c869d92cc4a8484e5565c038e149083d544f2e1daa509831e6eb33608fe3765,btc-updown-15m-1777831200
"Bitcoin Up or Down - May 3, 2:00PM-2:15PM ET",Up,BUY,10,0.52,0x8b4c51a4b2cd2679cc40b68090b2f984e0deb761de55e7bf5e0666f818f8202f,2026-05-03 21:00:14,0xbeb18819f7c44a966d4a555a6181d9ddce0171c6a43992fc573080c0a9a601a4,btc-updown-15m-1777831200
"Bitcoin Up or Down - May 3, 2:00PM-2:15PM ET",Up,BUY,10,0.58002,0x8b4c51a4b2cd2679cc40b68090b2f984e0deb761de55e7bf5e0666f818f8202f,2026-05-03 21:00:12,0xf6ba28421ffbcc2286db27fe3ba6257b4246568618d1fbc1dd7e40aaab8f6016,btc-updown-15m-1777831200
"Ethereum Up or Down - May 3, 2:00PM-2:05PM ET",Up,BUY,11,0.612,0x688427c1468170043e930e195b1830cc5a1b99224a138dddd03107347990839c,2026-05-03 21:00:12,0x2599f1c2965aef97d8bc1a1261af2df7bfa87c9ca717b82e5532a1cd65839e97,eth-updown-5m-1777831200
"Bitcoin Up or Down - May 3, 2:00PM-2:05PM ET",Up,BUY,95,0.6393610526315789,0x83c042a7b671d9a19d0eeaf26f92927fb02f730e5f9d05f4336659b53f46dbd7,2026-05-03 21:00:10,0x95c1db4b3b4f94cb16983d50750cbd527e3e2c148497c8ad03093732dbb7b185,btc-updown-5m-1777831200
"Bitcoin Up or Down - May 3, 2:00PM-2:05PM ET",Up,BUY,94,0.6254521276595745,0x83c042a7b671d9a19d0eeaf26f92927fb02f730e5f9d05f4336659b53f46dbd7,2026-05-03 21:00:10,0x5e75de609f7207e6317e5cf8bcaa42912e3f72b80febfa71c43c50c08722f0ac,btc-updown-5m-1777831200
"Bitcoin Up or Down - May 3, 2:00PM-2:15PM ET",Up,BUY,10,0.58,0x8b4c51a4b2cd2679cc40b68090b2f984e0deb761de55e7bf5e0666f818f8202f,2026-05-03 21:00:10,0x4ce336abb41c4c160f98066c09941a3080cb5bb6f92e02f6ac9a4247a406e99f,btc-updown-15m-1777831200
"Bitcoin Up or Down - May 3, 2:00PM-2:05PM ET",Up,BUY,89,0.62,0x83c042a7b671d9a19d0eeaf26f92927fb02f730e5f9d05f4336659b53f46dbd7,2026-05-03 21:00:10,0xdff3f564620494ad2f703fdbcbade55bec82f880554d3d027c731e0b18d96655,btc-updown-5m-1777831200
"Ethereum Up or Down - May 3, 2:00PM-2:05PM ET",Up,BUY,0.55,0.65,0x688427c1468170043e930e195b1830cc5a1b99224a138dddd03107347990839c,2026-05-03 21:00:10,0x1a52d9a34bc0fcbc425982d7fd8d7fcce21c729372740ce2f20adc6856982089,eth-updown-5m-1777831200
"Bitcoin Up or Down - May 3, 2:00PM-2:15PM ET",Up,BUY,10,0.56,0x8b4c51a4b2cd2679cc40b68090b2f984e0deb761de55e7bf5e0666f818f8202f,2026-05-03 21:00:10,0x1453348b48e64c94f85ec544071973678d4048b0b5e0d161dc670b924f3de0eb,btc-updown-15m-1777831200
"Ethereum Up or Down - May 3, 1:55PM-2:00PM ET",Up,BUY,0.33,0.53,0x6f615f37a630704755e1431f671b964694c7b707ae2756c6a27c82b441190618,2026-05-03 20:59:50,0x2896bd268c0ac3a7001177de6f878d269f5f5d07bb71ffd492bce20b8b559dea,eth-updown-5m-1777830900
"Ethereum Up or Down - May 3, 1:55PM-2:00PM ET",Down,BUY,5.01,0.09,0x6f615f37a630704755e1431f671b964694c7b707ae2756c6a27c82b441190618,2026-05-03 20:59:40,0x7da6474029ea3617772a5de7a7c6fd403316c3ed7838d8d9a726ccd0e1a3011b,eth-updown-5m-1777830900
"Ethereum Up or Down - May 3, 1:55PM-2:00PM ET",Up,BUY,10,0.22,0x6f615f37a630704755e1431f671b964694c7b707ae2756c6a27c82b441190618,2026-05-03 20:59:36,0x3b11a10d460371c786c81a0102bfd30e0f60b68f016938799daae414f3b8b555,eth-updown-5m-1777830900
"Bitcoin Up or Down - May 3, 1:55PM-2:00PM ET",Up,BUY,21.94,0.06,0xaa01d7060afb5f0926aa8541ab69efe640f698a10f356bf7de507805521f63e2,2026-05-03 20:59:36,0xc6a59bc88acba68c00123625e75ca9eb466fe3c7f82028233d46e2c8176dc42d,btc-updown-5m-1777830900
"Ethereum Up or Down - May 3, 1:55PM-2:00PM ET",Down,BUY,20,0.758665,0x6f615f37a630704755e1431f671b964694c7b707ae2756c6a27c82b441190618,2026-05-03 20:59:14,0xf386ac6d1ce89ff3f5799bf50d4f90d86647fa4917b678bdbadd8091ad0d8146,eth-updown-5m-1777830900
"Ethereum Up or Down - May 3, 1:55PM-2:00PM ET",Up,BUY,11,0.25,0x6f615f37a630704755e1431f671b964694c7b707ae2756c6a27c82b441190618,2026-05-03 20:58:48,0x9300ee18b3edfbee3640b404ff0b1062ef201332c5232cb11174e67a9da12687,eth-updown-5m-1777830900
"Ethereum Up or Down - May 3, 1:55PM-2:00PM ET",Up,BUY,12,0.25,0x6f615f37a630704755e1431f671b964694c7b707ae2756c6a27c82b441190618,2026-05-03 20:58:48,0xf03a6d091dfa600d699170efc66d016e4f00fda94202caaabfc63b8b0a7ca27b,eth-updown-5m-1777830900
"Bitcoin Up or Down - May 3, 1:55PM-2:00PM ET",Down,BUY,85.98,0.8559269597580833,0xaa01d7060afb5f0926aa8541ab69efe640f698a10f356bf7de507805521f63e2,2026-05-03 20:58:28,0xedb55bfa039b61adfe2ac55d8723ffb4008ffe7c0f8d47aa6ee7de51a7c183c8,btc-updown-5m-1777830900
"Ethereum Up or Down - May 3, 1:55PM-2:00PM ET",Down,BUY,12,0.67,0x6f615f37a630704755e1431f671b964694c7b707ae2756c6a27c82b441190618,2026-05-03 20:58:26,0x4b013f9c3cec6f8db9e097f2498e6c31764b0ecbf097cf9df3f8623ba98eccab,eth-updown-5m-1777830900
"Ethereum Up or Down - May 3, 1:55PM-2:00PM ET",Down,BUY,11,0.6654545454545454,0x6f615f37a630704755e1431f671b964694c7b707ae2756c6a27c82b441190618,2026-05-03 20:58:26,0xe722772a9bb4597f700dd6afdeb75d9596e28f8cab08f32e7e6cc95d6ad2f3db,eth-updown-5m-1777830900
"Bitcoin Up or Down - May 3, 1:55PM-2:00PM ET",Down,BUY,24.5,0.88,0xaa01d7060afb5f0926aa8541ab69efe640f698a10f356bf7de507805521f63e2,2026-05-03 20:58:26,0x94a1037bca5e06f5a81996c18ad471ac47c6cc2ab746a4930f8cee804b69d0a9,btc-updown-5m-1777830900
"Ethereum Up or Down - May 3, 1:45PM-2:00PM ET",Down,BUY,1325.58,0.99,0x88ece087e3ea3769f2372170f7f3598aff929cbfc1f0c2a4c799a98262af650b,2026-05-03 20:58:08,0xdd261cc2eb428c078f14c565ed846c6bf20d60f76564b3c440abd89c5bfc4d46,eth-updown-15m-1777830300
"Ethereum Up or Down - May 3, 1:55PM-2:00PM ET",Down,BUY,11,0.59,0x6f615f37a630704755e1431f671b964694c7b707ae2756c6a27c82b441190618,2026-05-03 20:58:06,0x9a4a45ecfc301a9a06e73bb6089a5a3f53bb4a59119c0899bd208839b3dd5437,eth-updown-5m-1777830900
"Bitcoin Up or Down - May 3, 1:55PM-2:00PM ET",Down,BUY,166,0.7862590361445783,0xaa01d7060afb5f0926aa8541ab69efe640f698a10f356bf7de507805521f63e2,2026-05-03 20:58:06,0x796dbab5248804b1142bfb9ce8227ce449612981a01df5589b3796230082e119,btc-updown-5m-1777830900
"Bitcoin Up or Down - May 3, 1:55PM-2:00PM ET",Down,BUY,121,0.7691735537190083,0xaa01d7060afb5f0926aa8541ab69efe640f698a10f356bf7de507805521f63e2,2026-05-03 20:58:06,0xa285f014e07a797eb024dd02bc1de716a24760dc8550951e1d20bccaf424a957,btc-updown-5m-1777830900
"Ethereum Up or Down - May 3, 1:55PM-2:00PM ET",Up,BUY,10,0.43,0x6f615f37a630704755e1431f671b964694c7b707ae2756c6a27c82b441190618,2026-05-03 20:57:46,0x7c0c256140d46a298c731b1ee9a6aa905eff3c3e983951607880180e341a33e1,eth-updown-5m-1777830900
"Ethereum Up or Down - May 3, 1:55PM-2:00PM ET",Up,BUY,10,0.43,0x6f615f37a630704755e1431f671b964694c7b707ae2756c6a27c82b441190618,2026-05-03 20:57:46,0x9ffe44f40a3b95afdb32aea417a52d66696c81aa9133182c477ff311b3c44828,eth-updown-5m-1777830900
"Ethereum Up or Down - May 3, 1:55PM-2:00PM ET",Up,BUY,10,0.42,0x6f615f37a630704755e1431f671b964694c7b707ae2756c6a27c82b441190618,2026-05-03 20:57:46,0x29a09c31f28c612c7a0f60526aab7c959fc76d8c5a45e1df304f41158f7bc371,eth-updown-5m-1777830900
"Ethereum Up or Down - May 3, 1:55PM-2:00PM ET",Up,BUY,10,0.43,0x6f615f37a630704755e1431f671b964694c7b707ae2756c6a27c82b441190618,2026-05-03 20:57:32,0x77cbf77b8fbb01bd53b32f8275e2a497761e901cc531fd0f3105a1854dafa2cd,eth-updown-5m-1777830900
"Ethereum Up or Down - May 3, 1:55PM-2:00PM ET",Up,BUY,10,0.43,0x6f615f37a630704755e1431f671b964694c7b707ae2756c6a27c82b441190618,2026-05-03 20:57:30,0x849d5ae4592172f43f382f48befcfb9d69c25b8583497a5d7479630caa4d32d5,eth-updown-5m-1777830900
"Bitcoin Up or Down - May 3, 1:55PM-2:00PM ET",Down,BUY,89,0.6553370786516854,0xaa01d7060afb5f0926aa8541ab69efe640f698a10f356bf7de507805521f63e2,2026-05-03 20:57:26,0xf65249fbd6620415b06494b9d122342ca6ad878cc3c0d2b37276648a81fbce0a,btc-updown-5m-1777830900
"Bitcoin Up or Down - May 3, 1:55PM-2:00PM ET",Up,BUY,83,0.3835144578313253,0xaa01d7060afb5f0926aa8541ab69efe640f698a10f356bf7de507805521f63e2,2026-05-03 20:56:34,0x473eaa75c219e3eebe00c402deaec1dc625e9c7af31fe889736b5132d66673e6,btc-updown-5m-1777830900
"Bitcoin Up or Down - May 3, 1:55PM-2:00PM ET",Up,BUY,84,0.35870238095238094,0xaa01d7060afb5f0926aa8541ab69efe640f698a10f356bf7de507805521f63e2,2026-05-03 20:56:34,0x317760fc893fcf919151293dd305e2853eb1ed16bc3a66d514c465e89226fa26,btc-updown-5m-1777830900
"Bitcoin Up or Down - May 3, 1:55PM-2:00PM ET",Down,BUY,90,0.6471088888888888,0xaa01d7060afb5f0926aa8541ab69efe640f698a10f356bf7de507805521f63e2,2026-05-03 20:56:28,0xba7dc79588419ee37dd41ed56e0d23e9b2fbd39f8ba833402e7a26a6aec885a6,btc-updown-5m-1777830900
"Bitcoin Up or Down - May 3, 1:55PM-2:00PM ET",Up,BUY,49.81,0.4166753663922907,0xaa01d7060afb5f0926aa8541ab69efe640f698a10f356bf7de507805521f63e2,2026-05-03 20:55:58,0xdea110b0d9dbfb18c0648152e18bba102ca93f5d07e73be117a747fe629c930a,btc-updown-5m-1777830900
"Bitcoin Up or Down - May 3, 1:55PM-2:00PM ET",Down,BUY,84,0.5954630952380953,0xaa01d7060afb5f0926aa8541ab69efe640f698a10f356bf7de507805521f63e2,2026-05-03 20:55:56,0xefd324b3cff73e89cbe8867a58b0293054513dd9c301cc68fd7170e0b6c32729,btc-updown-5m-1777830900
"Ethereum Up or Down - May 3, 1:55PM-2:00PM ET",Down,BUY,10,0.53708,0x6f615f37a630704755e1431f671b964694c7b707ae2756c6a27c82b441190618,2026-05-03 20:55:42,0xe568170f5b2e1c096425134deb39d1ae21caf647268930a3d60ab62b12eaa636,eth-updown-5m-1777830900
"Ethereum Up or Down - May 3, 1:55PM-2:00PM ET",Up,BUY,10,0.48,0x6f615f37a630704755e1431f671b964694c7b707ae2756c6a27c82b441190618,2026-05-03 20:55:36,0x77d41d1d7e07a890ea76ef1f063c07e5a3437a5692b505fd0f23190489e96113,eth-updown-5m-1777830900
"Ethereum Up or Down - May 3, 1:55PM-2:00PM ET",Up,BUY,10,0.48,0x6f615f37a630704755e1431f671b964694c7b707ae2756c6a27c82b441190618,2026-05-03 20:55:36,0xaaf0bf731b50da6409660513f1c34b4d11631d6949b5a262a57ceff92e437229,eth-updown-5m-1777830900
"Bitcoin Up or Down - May 3, 1:55PM-2:00PM ET",Up,BUY,80,0.461255,0xaa01d7060afb5f0926aa8541ab69efe640f698a10f356bf7de507805521f63e2,2026-05-03 20:55:24,0x7a0afd5150834961e5d54bc0d4a011ba63eb1a7fcb08cebc469f3846fc9b6f7b,btc-updown-5m-1777830900
"Bitcoin Up or Down - May 3, 1:55PM-2:00PM ET",Up,BUY,82,0.41536463414634145,0xaa01d7060afb5f0926aa8541ab69efe640f698a10f356bf7de507805521f63e2,2026-05-03 20:55:24,0xaf0c61f44fb37b7dce2811888d9ada82389b9e12a8a8c55e9f28b1011d5605ab,btc-updown-5m-1777830900
"Ethereum Up or Down - May 3, 1:55PM-2:00PM ET",Up,BUY,5.5,0.41,0x6f615f37a630704755e1431f671b964694c7b707ae2756c6a27c82b441190618,2026-05-03 20:55:24,0xea6dc6cf865ace0a1abae0271d58d9f47e6dba0fa60884fad2b17f968d80c817,eth-updown-5m-1777830900
"Ethereum Up or Down - May 3, 1:55PM-2:00PM ET",Up,BUY,10,0.495,0x6f615f37a630704755e1431f671b964694c7b707ae2756c6a27c82b441190618,2026-05-03 20:55:24,0x27ebf2c9d5be91aa831ae3c457983beea30b6722cd71a6de5c7143a7412e32b9,eth-updown-5m-1777830900
"Bitcoin Up or Down - May 3, 1:55PM-2:00PM ET",Down,BUY,92,0.6218478260869565,0xaa01d7060afb5f0926aa8541ab69efe640f698a10f356bf7de507805521f63e2,2026-05-03 20:55:22,0x7ca67b387f6b4febe81d104cb71243189023d1f481dec98cdb5708bec5912b25,btc-updown-5m-1777830900
"Bitcoin Up or Down - May 3, 1:45PM-2:00PM ET",Down,BUY,5051,0.99,0x36a00445444fe3499b686dca198f63f60f24de00ac5faaa827c086c0b5f7fcf1,2026-05-03 20:55:22,0x59ded63e653a64679ee8fbbbf21b8f50b44f003722123eb68500a7bcb8d20c0d,btc-updown-15m-1777830300
"Bitcoin Up or Down - May 3, 1PM ET",Down,BUY,11,0.13,0xc19d77aa81e4d53ca2fde9b0cfb5183a0d0c145efc250186e325d8aaa0dfb5a4,2026-05-03 20:55:22,0x7cc6b65d029698115cc4597e03f457c6766efe01fb5904e14971d274de31cd81,bitcoin-up-or-down-may-3-2026-1pm-et
"Bitcoin Up or Down - May 3, 1:55PM-2:00PM ET",Down,BUY,87,0.62,0xaa01d7060afb5f0926aa8541ab69efe640f698a10f356bf7de507805521f63e2,2026-05-03 20:55:22,0x8c3d73abd5d89c150824ae3a301360559c5de725e0d4724457201a0f45ef5fc9,btc-updown-5m-1777830900
"Ethereum Up or Down - May 3, 1:55PM-2:00PM ET",Down,BUY,7.25,0.64,0x6f615f37a630704755e1431f671b964694c7b707ae2756c6a27c82b441190618,2026-05-03 20:55:22,0xa83781031e80a85ed7fbd92a3bcf825301626482a69bcf348488d9d20f6f2302,eth-updown-5m-1777830900
"Ethereum Up or Down - May 3, 1:55PM-2:00PM ET",Down,BUY,12,0.64,0x6f615f37a630704755e1431f671b964694c7b707ae2756c6a27c82b441190618,2026-05-03 20:55:22,0xb5e61b2176113837e924923ec8f0a43be79cd1026fefe04cbd380cebd4506747,eth-updown-5m-1777830900
"Ethereum Up or Down - May 3, 1:55PM-2:00PM ET",Down,BUY,6,0.63,0x6f615f37a630704755e1431f671b964694c7b707ae2756c6a27c82b441190618,2026-05-03 20:55:22,0x52bcfa59aaa9ee7f54fd46d0e05bfb9e286882751bbe0d14b6f9b6eba623b1b0,eth-updown-5m-1777830900
"Ethereum Up or Down - May 3, 1:55PM-2:00PM ET",Down,BUY,1.92,0.51,0x6f615f37a630704755e1431f671b964694c7b707ae2756c6a27c82b441190618,2026-05-03 20:55:20,0x01157363b1b9bf14ec5b75b281b94cb3feacb0e29f705354864d411691e7bf65,eth-updown-5m-1777830900
"Ethereum Up or Down - May 3, 1:50PM-1:55PM ET",Up,BUY,5.62,0.32,0x650807abee5757625299171940e38929d951a362f414013d549413c6d9e7a43f,2026-05-03 20:54:16,0xf448a29ad8f0afd4f8be94b782b5df235890244fc68a5792a62f87d2c5fd092e,eth-updown-5m-1777830600
"Bitcoin Up or Down - May 3, 1:50PM-1:55PM ET",Down,BUY,5,0.99,0x458c61eace6fac78e298c871950e6987f89b8f15d1e0da2f3f0993ab610512b9,2026-05-03 20:54:06,0x4afc33162de20d224b6db23c418e2c52ab4bffb154d782c36cd007ccd8db82ec,btc-updown-5m-1777830600
"Bitcoin Up or Down - May 3, 1:50PM-1:55PM ET",Down,BUY,2044.7,0.99,0x458c61eace6fac78e298c871950e6987f89b8f15d1e0da2f3f0993ab610512b9,2026-05-03 20:54:06,0xfbb6c988c4fa9a83fafbb1cfab36956ad6abde551de2720e344c21ac1baa3b88,btc-updown-5m-1777830600
"Ethereum Up or Down - May 3, 1:50PM-1:55PM ET",Up,BUY,18,0.15781111111111112,0x650807abee5757625299171940e38929d951a362f414013d549413c6d9e7a43f,2026-05-03 20:53:44,0x3d81178a322b2f669d199f80d0adbc7d960a62a3c247a7c6c319694675beee66,eth-updown-5m-1777830600
"Ethereum Up or Down - May 3, 1:50PM-1:55PM ET",Up,BUY,17,0.17,0x650807abee5757625299171940e38929d951a362f414013d549413c6d9e7a43f,2026-05-03 20:53:44,0x63f038d64ad5e6cab3b2c19a9d3d894f2d775276e336048d4b598acbf6ad6984,eth-updown-5m-1777830600
"Ethereum Up or Down - May 3, 1:50PM-1:55PM ET",Down,BUY,24,0.87125,0x650807abee5757625299171940e38929d951a362f414013d549413c6d9e7a43f,2026-05-03 20:53:16,0xdf11edd4d71a2d7d3cb6132e2acc73ae67f7557c4dec5ea43dc5f685e9d7a868,eth-updown-5m-1777830600
"Ethereum Up or Down - May 3, 1:50PM-1:55PM ET",Up,BUY,24.94,0.06,0x650807abee5757625299171940e38929d951a362f414013d549413c6d9e7a43f,2026-05-03 20:53:08,0x6782b4a8fb6a3b2e123a311fd7d668fb7013f3ebd8137de6075c8d5a2acf4d06,eth-updown-5m-1777830600
"Ethereum Up or Down - May 3, 1:50PM-1:55PM ET",Up,BUY,31,0.06,0x650807abee5757625299171940e38929d951a362f414013d549413c6d9e7a43f,2026-05-03 20:53:08,0x164f392ce9ae59a7514c16cf3d7a7bc21ba3a2dc0fe942286bb37390575993c3,eth-updown-5m-1777830600
"Ethereum Up or Down - May 3, 1:50PM-1:55PM ET",Up,BUY,31,0.06,0x650807abee5757625299171940e38929d951a362f414013d549413c6d9e7a43f,2026-05-03 20:53:04,0xdffaa966b4edfbb7adb44ea3b9aca3fb5ead629e4514f34b2b47c2c89c39c86c,eth-updown-5m-1777830600
"Bitcoin Up or Down - May 3, 1PM ET",Up,BUY,5,0.87,0xc19d77aa81e4d53ca2fde9b0cfb5183a0d0c145efc250186e325d8aaa0dfb5a4,2026-05-03 20:53:00,0x97cf04b251a0c3d65ea2b1c90be2e8aee7d0c15e3f1d956c16202f1d365c7a68,bitcoin-up-or-down-may-3-2026-1pm-et
"Ethereum Up or Down - May 3, 1:50PM-1:55PM ET",Down,BUY,4.75,0.92,0x650807abee5757625299171940e38929d951a362f414013d549413c6d9e7a43f,2026-05-03 20:52:54,0x692e3f2cd882e26e49a5a7842f4e2b60c048d0b5a232710a704a92bb0e6ab192,eth-updown-5m-1777830600
"Ethereum Up or Down - May 3, 1:50PM-1:55PM ET",Down,BUY,19,0.8253684210526315,0x650807abee5757625299171940e38929d951a362f414013d549413c6d9e7a43f,2026-05-03 20:52:30,0x61688ff97f3fb39f605e4152e404655d73041e36f1878781b424094b53c77e57,eth-updown-5m-1777830600
"Ethereum Up or Down - May 3, 1:50PM-1:55PM ET",Down,BUY,16,0.78576875,0x650807abee5757625299171940e38929d951a362f414013d549413c6d9e7a43f,2026-05-03 20:52:30,0x45523f044fa9495ceacae94aac109dd367fc786abd871142ba73070b249d7804,eth-updown-5m-1777830600
"Ethereum Up or Down - May 3, 1:50PM-1:55PM ET",Down,BUY,4.2,0.79,0x650807abee5757625299171940e38929d951a362f414013d549413c6d9e7a43f,2026-05-03 20:52:30,0xc8415f50ee9c3a3f62754c7c5bc18d6fd2042932ef9346320786c858f702785c,eth-updown-5m-1777830600
"Bitcoin Up or Down - May 3, 1:45PM-2:00PM ET",Down,BUY,38,0.9154368421052631,0x36a00445444fe3499b686dca198f63f60f24de00ac5faaa827c086c0b5f7fcf1,2026-05-03 20:52:30,0x7d4d8820b74f3edf227fb6a3bab49cc3483c3a8775be3465e971147d6e191efa,btc-updown-15m-1777830300
"Bitcoin Up or Down - May 3, 12:00PM-4:00PM ET",Down,BUY,1.53,0.33,0x5d6396444a4fc085f2f01aac5ecbbb97bc5c92b612dc0ceb5bdc6bdd7a197933,2026-05-03 20:52:30,0xb9c568527524fefbaf4a432ca310a7c561b1fd50d6055a163fb62a5b5ff263f2,btc-updown-4h-1777824000
"Bitcoin Up or Down - May 3, 1:50PM-1:55PM ET",Down,BUY,86.5,0.9,0x458c61eace6fac78e298c871950e6987f89b8f15d1e0da2f3f0993ab610512b9,2026-05-03 20:52:30,0x14676d25d621ebf376d2e6c47275099f19f76ced286c790e18e0571c45b2c7e9,btc-updown-5m-1777830600
"Ethereum Up or Down - May 3, 1:50PM-1:55PM ET",Up,BUY,12,0.28,0x650807abee5757625299171940e38929d951a362f414013d549413c6d9e7a43f,2026-05-03 20:51:58,0x77e8470f763cb00fa71313bbb5d18a69eb759d988eb325b257671add3d0a3959,eth-updown-5m-1777830600
"Ethereum Up or Down - May 3, 1:50PM-1:55PM ET",Up,BUY,12,0.28,0x650807abee5757625299171940e38929d951a362f414013d549413c6d9e7a43f,2026-05-03 20:51:58,0xb1823df2bec791f9fe2d619a48e07235e9c5c9dfc0fb6f2585ba80d1fd476434,eth-updown-5m-1777830600
"Ethereum Up or Down - May 3, 1:50PM-1:55PM ET",Up,BUY,12,0.28,0x650807abee5757625299171940e38929d951a362f414013d549413c6d9e7a43f,2026-05-03 20:51:58,0xbd575a0584f06ecf2791fc621651893eead266de6ecafa547ef171aa1ceffe5e,eth-updown-5m-1777830600
"Ethereum Up or Down - May 3, 1:50PM-1:55PM ET",Up,BUY,11,0.28,0x650807abee5757625299171940e38929d951a362f414013d549413c6d9e7a43f,2026-05-03 20:51:32,0x2141198a956304855347a53ed96c2e15f3f06cde7ed1dffa86c0871ac9d52715,eth-updown-5m-1777830600
"Ethereum Up or Down - May 3, 1:50PM-1:55PM ET",Up,BUY,12,0.28,0x650807abee5757625299171940e38929d951a362f414013d549413c6d9e7a43f,2026-05-03 20:51:32,0xabc38654f36cb0500038d3b97383e3cac7b0950d0635a4788300e3979105f23c,eth-updown-5m-1777830600
"Bitcoin Up or Down - May 3, 1:50PM-1:55PM ET",Down,BUY,157,0.8161617834394904,0x458c61eace6fac78e298c871950e6987f89b8f15d1e0da2f3f0993ab610512b9,2026-05-03 20:51:26,0x620acee0525956e3458eed7b10e65a4cea6a95b89793f2be53829f12ea492156,btc-updown-5m-1777830600
"Bitcoin Up or Down - May 3, 1:45PM-2:00PM ET",Down,BUY,28,0.88,0x36a00445444fe3499b686dca198f63f60f24de00ac5faaa827c086c0b5f7fcf1,2026-05-03 20:51:24,0x49bb72d578243f46fd4768762b96f50e21c0bec822333f7c718417ffe03ed1dd,btc-updown-15m-1777830300
"Bitcoin Up or Down - May 3, 1:50PM-1:55PM ET",Down,BUY,29.26,0.8082843472317156,0x458c61eace6fac78e298c871950e6987f89b8f15d1e0da2f3f0993ab610512b9,2026-05-03 20:51:24,0xcdfde752914d1592dea76fec40e87b9759e51435a9bf724d1df700f197407673,btc-updown-5m-1777830600
"Ethereum Up or Down - May 3, 1:50PM-1:55PM ET",Down,BUY,12,0.695,0x650807abee5757625299171940e38929d951a362f414013d549413c6d9e7a43f,2026-05-03 20:51:14,0x32c15e4b11e10037a5f052c5be0a053bf66e6b88ef999759753c496a6a656658,eth-updown-5m-1777830600
"Ethereum Up or Down - May 3, 1:50PM-1:55PM ET",Down,BUY,7,0.66,0x650807abee5757625299171940e38929d951a362f414013d549413c6d9e7a43f,2026-05-03 20:51:14,0x7a42b0cfde9d1eadd00321ba1ad780906dc91fcad2f5c819c1c8a54ac46893d4,eth-updown-5m-1777830600
"Bitcoin Up or Down - May 3, 1:50PM-1:55PM ET",Up,BUY,89,0.29,0x458c61eace6fac78e298c871950e6987f89b8f15d1e0da2f3f0993ab610512b9,2026-05-03 20:51:10,0xd47a762b1d65781259fb1be28d7bd74dca5ba9d165c6c28f309ea6a1135c6e1d,btc-updown-5m-1777830600
"Bitcoin Up or Down - May 3, 1:45PM-2:00PM ET",Up,BUY,17,0.13,0x36a00445444fe3499b686dca198f63f60f24de00ac5faaa827c086c0b5f7fcf1,2026-05-03 20:51:10,0xb57abd9a8ca6c0592d5ef6747aea33b82a09684c7ceaefd24d14c6eeb8ce2cf0,btc-updown-15m-1777830300
"Bitcoin Up or Down - May 3, 1:45PM-2:00PM ET",Up,BUY,22,0.13,0x36a00445444fe3499b686dca198f63f60f24de00ac5faaa827c086c0b5f7fcf1,2026-05-03 20:51:08,0x39810ba0fc8fd095c3767f767dbb3059e9b632697696ff25e4564edaa94d2c22,btc-updown-15m-1777830300
"Bitcoin Up or Down - May 3, 1:50PM-1:55PM ET",Up,BUY,117,0.19217435897435897,0x458c61eace6fac78e298c871950e6987f89b8f15d1e0da2f3f0993ab610512b9,2026-05-03 20:51:08,0x47da914066db651b832f0eee5a24c6e1c24abb9b6f7c80e6010fed7052e4af3b,btc-updown-5m-1777830600
"Bitcoin Up or Down - May 3, 12:00PM-4:00PM ET",Up,BUY,6,0.68,0x5d6396444a4fc085f2f01aac5ecbbb97bc5c92b612dc0ceb5bdc6bdd7a197933,2026-05-03 20:51:08,0x0e4fcfa5bbbefc69a10d0cf47efe6c300037b20428eae3d46b9084aa33ed1730,btc-updown-4h-1777824000
"Bitcoin Up or Down - May 3, 12:00PM-4:00PM ET",Up,BUY,6,0.68,0x5d6396444a4fc085f2f01aac5ecbbb97bc5c92b612dc0ceb5bdc6bdd7a197933,2026-05-03 20:51:08,0x50bd17dfd61af34137574127c3b208f00c8f37d85130888d984d6855a1142052,btc-updown-4h-1777824000
"Ethereum Up or Down - May 3, 1:50PM-1:55PM ET",Up,BUY,12,0.24,0x650807abee5757625299171940e38929d951a362f414013d549413c6d9e7a43f,2026-05-03 20:51:02,0x04251b42643ce3d9f5f4d9765f44bd879bbae7f17d03f6627856536125c825f4,eth-updown-5m-1777830600
"Ethereum Up or Down - May 3, 1:50PM-1:55PM ET",Down,BUY,15,0.75,0x650807abee5757625299171940e38929d951a362f414013d549413c6d9e7a43f,2026-05-03 20:50:56,0xdf81eec0286786327a576d394a8d5fab508fc55f60bec354ba9efe5db13c21bb,eth-updown-5m-1777830600
"Bitcoin Up or Down - May 3, 1:50PM-1:55PM ET",Down,BUY,91,0.7512087912087912,0x458c61eace6fac78e298c871950e6987f89b8f15d1e0da2f3f0993ab610512b9,2026-05-03 20:50:54,0x0b08c44f21362df1ebb6554740f471e66091a53944af778015cc47f264716325,btc-updown-5m-1777830600
"Ethereum Up or Down - May 3, 1:50PM-1:55PM ET",Down,BUY,6.25,0.74,0x650807abee5757625299171940e38929d951a362f414013d549413c6d9e7a43f,2026-05-03 20:50:54,0x19a59a09b7765fdd81da35c16a9df3f80851f186885e43ef791617718ef7b12b,eth-updown-5m-1777830600
"Bitcoin Up or Down - May 3, 1:45PM-2:00PM ET",Down,BUY,24,0.88,0x36a00445444fe3499b686dca198f63f60f24de00ac5faaa827c086c0b5f7fcf1,2026-05-03 20:50:54,0xe5ffd7c5fb1d66e26e570ac7bcdaa96f4dd2024edb3d1657a82f646abbc765f1,btc-updown-15m-1777830300
"Bitcoin Up or Down - May 3, 1:50PM-1:55PM ET",Down,BUY,113,0.7609920353982301,0x458c61eace6fac78e298c871950e6987f89b8f15d1e0da2f3f0993ab610512b9,2026-05-03 20:50:44,0x8fe2878e08b2036b7986bf0c5da4982c3678105dbd61bdabea5d2cfabad2bc19,btc-updown-5m-1777830600
"Ethereum Up or Down - May 3, 1:50PM-1:55PM ET",Down,BUY,12,0.7,0x650807abee5757625299171940e38929d951a362f414013d549413c6d9e7a43f,2026-05-03 20:50:42,0xa2d3d4226b4f3154983777f91d07f5909a38834a29097a68f1e1e7d4db14629d,eth-updown-5m-1777830600
"Bitcoin Up or Down - May 3, 1:50PM-1:55PM ET",Down,BUY,104,0.7349259615384616,0x458c61eace6fac78e298c871950e6987f89b8f15d1e0da2f3f0993ab610512b9,2026-05-03 20:50:40,0x680f84b80311df2991d20a785786a83c0d9c41ca9b0fa4d1276af5f6e4be8a26,btc-updown-5m-1777830600
"Bitcoin Up or Down - May 3, 1:50PM-1:55PM ET",Down,BUY,94.45,0.73,0x458c61eace6fac78e298c871950e6987f89b8f15d1e0da2f3f0993ab610512b9,2026-05-03 20:50:36,0x45bc47ee470069120ba52a50a0154b45bd956fa4e53728d2fbef659f72bae24d,btc-updown-5m-1777830600
"Bitcoin Up or Down - May 3, 1:50PM-1:55PM ET",Down,BUY,90,0.66,0x458c61eace6fac78e298c871950e6987f89b8f15d1e0da2f3f0993ab610512b9,2026-05-03 20:50:26,0xf00cee1ae6f66e51670c65323540d80d708ee03f8a342105168c910e3c60bf88,btc-updown-5m-1777830600
"Ethereum Up or Down - May 3, 1:50PM-1:55PM ET",Down,BUY,11,0.6327272727272727,0x650807abee5757625299171940e38929d951a362f414013d549413c6d9e7a43f,2026-05-03 20:50:26,0xbd1dd7e3d6f51e6f8dcf6f0d7b0f4e1cada14501d7a4fd51e0bf6923bb9ce25d,eth-updown-5m-1777830600
"Ethereum Up or Down - May 3, 1:50PM-1:55PM ET",Down,BUY,11,0.62,0x650807abee5757625299171940e38929d951a362f414013d549413c6d9e7a43f,2026-05-03 20:50:26,0xdfaebe3ca2fabc7df7eb4f73d3786fc3249c41e6b8951b1d3ff33e9dba06a3c3,eth-updown-5m-1777830600
"Ethereum Up or Down - May 3, 1:50PM-1:55PM ET",Down,BUY,5,0.5,0x650807abee5757625299171940e38929d951a362f414013d549413c6d9e7a43f,2026-05-03 20:50:20,0xc4236b0e30efee7a72c40d137ad96b1d37b66e70d44968489d7ffef4e0818d2f,eth-updown-5m-1777830600
"Bitcoin Up or Down - May 3, 1:45PM-2:00PM ET",Down,BUY,5,0.79,0x36a00445444fe3499b686dca198f63f60f24de00ac5faaa827c086c0b5f7fcf1,2026-05-03 20:50:20,0xf33b87be779f081215696af839e48bb9c18c93edc1efde1c76ab3d85aaddff29,btc-updown-15m-1777830300
"Bitcoin Up or Down - May 3, 1:45PM-2:00PM ET",Down,BUY,14,0.77,0x36a00445444fe3499b686dca198f63f60f24de00ac5faaa827c086c0b5f7fcf1,2026-05-03 20:50:20,0x23e9e7d7d34e17748ff1564f76568ed530315939c865e65a5d557d8e65aa29a0,btc-updown-15m-1777830300
"Bitcoin Up or Down - May 3, 1:45PM-2:00PM ET",Down,BUY,14,0.74,0x36a00445444fe3499b686dca198f63f60f24de00ac5faaa827c086c0b5f7fcf1,2026-05-03 20:50:20,0x79976b226c49c12c6876616f49e9cc2b8cccccba691e326afc39ea1bcebf5931,btc-updown-15m-1777830300
"Bitcoin Up or Down - May 3, 1:50PM-1:55PM ET",Down,BUY,80,0.50583,0x458c61eace6fac78e298c871950e6987f89b8f15d1e0da2f3f0993ab610512b9,2026-05-03 20:50:20,0x47bf0c36699d81a89ca6a932ce21ebe96f55b3ea1bd70821cba438202e96a176,btc-updown-5m-1777830600
"Bitcoin Up or Down - May 3, 1:45PM-2:00PM ET",Up,BUY,14,0.22,0x36a00445444fe3499b686dca198f63f60f24de00ac5faaa827c086c0b5f7fcf1,2026-05-03 20:49:18,0x2665b92b5d6db2c9da3c2b6b55021436f8faee320a6cee50c62ad5be0dd22a7e,btc-updown-15m-1777830300
"Bitcoin Up or Down - May 3, 1:45PM-2:00PM ET",Up,BUY,5.79,0.18,0x36a00445444fe3499b686dca198f63f60f24de00ac5faaa827c086c0b5f7fcf1,2026-05-03 20:49:16,0xaef10169ef96489d0abc9f813cce9579aeeb0ad08e239e51af91661047a9cc05,btc-updown-15m-1777830300
"Bitcoin Up or Down - May 3, 1:45PM-2:00PM ET",Up,BUY,16,0.15,0x36a00445444fe3499b686dca198f63f60f24de00ac5faaa827c086c0b5f7fcf1,2026-05-03 20:49:16,0x27a703df1f6401cacbca4aea59bfbfd0a552035e1d11eeb5b07ff1c47fec5966,btc-updown-15m-1777830300
"Bitcoin Up or Down - May 3, 1:45PM-2:00PM ET",Up,BUY,15,0.22,0x36a00445444fe3499b686dca198f63f60f24de00ac5faaa827c086c0b5f7fcf1,2026-05-03 20:49:16,0x5492a6509239890f0db7b200f7a72a8ed484a7d4c0b58483fe6397bf3f458221,btc-updown-15m-1777830300
"Bitcoin Up or Down - May 3, 1PM ET",Up,BUY,4.93,0.79,0xc19d77aa81e4d53ca2fde9b0cfb5183a0d0c145efc250186e325d8aaa0dfb5a4,2026-05-03 20:49:16,0xeb6aa6e08daf2d7c75524ea2f0f125a4f5addea94ddcdc04049c755b8e8a5aa4,bitcoin-up-or-down-may-3-2026-1pm-et
"Bitcoin Up or Down - May 3, 12:00PM-4:00PM ET",Up,BUY,6,0.69,0x5d6396444a4fc085f2f01aac5ecbbb97bc5c92b612dc0ceb5bdc6bdd7a197933,2026-05-03 20:49:16,0x57f29f46853a7e21a83f949f1547138a566619003c99525388533235c27ca80b,btc-updown-4h-1777824000
"Bitcoin Up or Down - May 3, 1:45PM-2:00PM ET",Up,BUY,1.41,0.21,0x36a00445444fe3499b686dca198f63f60f24de00ac5faaa827c086c0b5f7fcf1,2026-05-03 20:49:16,0x110a14978020529ad1d1b7e58ad56d146fcc1cb5813062099fae95645661bc76,btc-updown-15m-1777830300
"Bitcoin Up or Down - May 3, 1:45PM-1:50PM ET",Down,BUY,177,0.82,0x5251ede00a8e5af17d79c6f72ab551f37cdde4fecb91d647c259d8ee6ba45258,2026-05-03 20:48:14,0xc8feea08cb1185df9f016208627470edb1d68940212551074ded910f7cbd9c01,btc-updown-5m-1777830300
"Bitcoin Up or Down - May 3, 1:45PM-1:50PM ET",Down,BUY,149,0.82,0x5251ede00a8e5af17d79c6f72ab551f37cdde4fecb91d647c259d8ee6ba45258,2026-05-03 20:48:14,0x626bafdc7eff1a74651559a9d6b6748716678ca59fc4e66622ecf65cbfb2536a,btc-updown-5m-1777830300
"Bitcoin Up or Down - May 3, 1:45PM-1:50PM ET",Down,BUY,166,0.82,0x5251ede00a8e5af17d79c6f72ab551f37cdde4fecb91d647c259d8ee6ba45258,2026-05-03 20:48:14,0xf3101c4eb8129883ca976e01b6bf844971a63a9f1bb63c6c82991df35cf19da4,btc-updown-5m-1777830300
"Ethereum Up or Down - May 3, 1:45PM-1:50PM ET",Down,BUY,128,0.9710640625,0x77e7308c3e6ed2b05ca455696e3d594ee5e8ed8c6506ea8a68d356952b080cb7,2026-05-03 20:47:20,0xb26908b1383fb54425b6ebf0d48178942c446c98d3cc156b7c8004b839036839,eth-updown-5m-1777830300
"Bitcoin Up or Down - May 3, 1:45PM-2:00PM ET",Down,BUY,11,0.6409090909090909,0x36a00445444fe3499b686dca198f63f60f24de00ac5faaa827c086c0b5f7fcf1,2026-05-03 20:47:20,0x2cf8bd3692a9e08e44340ec1776a406b622cfd8a0ce58cf32f965da3c8145d15,btc-updown-15m-1777830300
"Ethereum Up or Down - May 3, 1:45PM-1:50PM ET",Down,BUY,29.46,0.95,0x77e7308c3e6ed2b05ca455696e3d594ee5e8ed8c6506ea8a68d356952b080cb7,2026-05-03 20:47:20,0x225d197c2a30ca51102cd9febc1d6e2905827cd542d231dbd1414fd242b4e8d1,eth-updown-5m-1777830300
"Ethereum Up or Down - May 3, 1:45PM-1:50PM ET",Down,BUY,5,0.93,0x77e7308c3e6ed2b05ca455696e3d594ee5e8ed8c6506ea8a68d356952b080cb7,2026-05-03 20:47:14,0xebdb5a2af1c753b5c12a4443bb679717674ff3cfc4e87ac9f5ab8b8ea9d73ad8,eth-updown-5m-1777830300
"Ethereum Up or Down - May 3, 1:45PM-1:50PM ET",Up,BUY,18,0.14222222222222222,0x77e7308c3e6ed2b05ca455696e3d594ee5e8ed8c6506ea8a68d356952b080cb7,2026-05-03 20:46:58,0x517e183059d2d2c582e72a74bd99c1c2a37365868aacba49341ebf17e84f6345,eth-updown-5m-1777830300
"Ethereum Up or Down - May 3, 1:45PM-1:50PM ET",Up,BUY,21,0.14,0x77e7308c3e6ed2b05ca455696e3d594ee5e8ed8c6506ea8a68d356952b080cb7,2026-05-03 20:46:58,0xf7df7ba2e5164dd85f59f3bc0a52c462e26d334ce7175d6d274d63579417c920,eth-updown-5m-1777830300
"Ethereum Up or Down - May 3, 1:45PM-1:50PM ET",Up,BUY,15,0.10333333333333333,0x77e7308c3e6ed2b05ca455696e3d594ee5e8ed8c6506ea8a68d356952b080cb7,2026-05-03 20:46:56,0xe44bcae045295e5f3d94e5333dc0faaca5984ddc229fa6affaca5710fb1712e9,eth-updown-5m-1777830300
"Bitcoin Up or Down - May 3, 1:45PM-2:00PM ET",Up,BUY,11,0.37,0x36a00445444fe3499b686dca198f63f60f24de00ac5faaa827c086c0b5f7fcf1,2026-05-03 20:46:22,0xd196e16ad026e83d7e2ee89d5f0fe04da651617c2ecc204025f34a424f83dfda,btc-updown-15m-1777830300
"Bitcoin Up or Down - May 3, 1:45PM-2:00PM ET",Up,BUY,13,0.23,0x36a00445444fe3499b686dca198f63f60f24de00ac5faaa827c086c0b5f7fcf1,2026-05-03 20:46:20,0xf02d84bac9a186dcdcf76d20202d20b8d63868f44d31b22d1175d984d807d0f0,btc-updown-15m-1777830300
"Ethereum Up or Down - May 3, 1:45PM-1:50PM ET",Down,BUY,31,0.88,0x77e7308c3e6ed2b05ca455696e3d594ee5e8ed8c6506ea8a68d356952b080cb7,2026-05-03 20:46:18,0x31749a1de699b4da79653960ff8d465c69cdd20e0a651766acbedfee972d0e0b,eth-updown-5m-1777830300
"Ethereum Up or Down - May 3, 1:45PM-1:50PM ET",Down,BUY,28,0.88,0x77e7308c3e6ed2b05ca455696e3d594ee5e8ed8c6506ea8a68d356952b080cb7,2026-05-03 20:46:18,0x945ed0c85ee28a2240b068faf18255fd3629504dc7d4d700285902ecea5f0053,eth-updown-5m-1777830300
"Bitcoin Up or Down - May 3, 1:45PM-1:50PM ET",Down,BUY,54.87,0.89,0x5251ede00a8e5af17d79c6f72ab551f37cdde4fecb91d647c259d8ee6ba45258,2026-05-03 20:46:14,0xa01dd5e46018aa5862faa67485e3fcae9b147a80b201a668aedcd49eba3df7c3,btc-updown-5m-1777830300
"Ethereum Up or Down - May 3, 1:45PM-1:50PM ET",Up,BUY,16.17,0.12282622139764997,0x77e7308c3e6ed2b05ca455696e3d594ee5e8ed8c6506ea8a68d356952b080cb7,2026-05-03 20:46:12,0x1266dfe325cd70e13f484b2705c2fb8fac14e12142ab4edf008970b283e45e2f,eth-updown-5m-1777830300
"Ethereum Up or Down - May 3, 1:45PM-1:50PM ET",Up,BUY,21,0.09571428571428571,0x77e7308c3e6ed2b05ca455696e3d594ee5e8ed8c6506ea8a68d356952b080cb7,2026-05-03 20:46:12,0xeb8ee3d917ca9d40a4a0b5061a5ae561cf8912b08793e5a34c4fe77cafe09c04,eth-updown-5m-1777830300
"Ethereum Up or Down - May 3, 1:45PM-1:50PM ET",Down,BUY,38,0.9171947368421053,0x77e7308c3e6ed2b05ca455696e3d594ee5e8ed8c6506ea8a68d356952b080cb7,2026-05-03 20:46:10,0xec2f621db7212bc36970647efd23dc8c5c0425a61e9ea22eec82be47f4f9eaf5,eth-updown-5m-1777830300
"Ethereum Up or Down - May 3, 1:45PM-1:50PM ET",Down,BUY,18.07,0.88,0x77e7308c3e6ed2b05ca455696e3d594ee5e8ed8c6506ea8a68d356952b080cb7,2026-05-03 20:46:04,0xe66da24b1025d7861bd842b2cbce43f3447255e42af8f5ba2c64fce31fe2fbcd,eth-updown-5m-1777830300
"Ethereum Up or Down - May 3, 1:45PM-1:50PM ET",Down,BUY,22,0.8586818181818182,0x77e7308c3e6ed2b05ca455696e3d594ee5e8ed8c6506ea8a68d356952b080cb7,2026-05-03 20:46:04,0x7be5e3c4681db2b616c509f9ae3437cfec6813bc8151e9277d469516d45edcb2,eth-updown-5m-1777830300
"Ethereum Up or Down - May 3, 1:45PM-1:50PM ET",Up,BUY,17,0.18,0x77e7308c3e6ed2b05ca455696e3d594ee5e8ed8c6506ea8a68d356952b080cb7,2026-05-03 20:45:54,0x2b51cd122cd99a3a45e50a3bb0f061713d3b5018fa5ce44287b996ab70a4102c,eth-updown-5m-1777830300
"Ethereum Up or Down - May 3, 1:45PM-1:50PM ET",Up,BUY,16,0.1747125,0x77e7308c3e6ed2b05ca455696e3d594ee5e8ed8c6506ea8a68d356952b080cb7,2026-05-03 20:45:54,0xc28a93bb8389f367dfe6ffe604588eb24542d91aa08083c1ea30bed589121697,eth-updown-5m-1777830300
"Bitcoin Up or Down - May 3, 1:45PM-1:50PM ET",Down,BUY,93.19,0.83,0x5251ede00a8e5af17d79c6f72ab551f37cdde4fecb91d647c259d8ee6ba45258,2026-05-03 20:45:48,0x85f05e6dd87891bd1e21e2d869d72bb781010e342bc31d7d710b88e0345da504,btc-updown-5m-1777830300
"Bitcoin Up or Down - May 3, 1:45PM-2:00PM ET",Down,BUY,12,0.69,0x36a00445444fe3499b686dca198f63f60f24de00ac5faaa827c086c0b5f7fcf1,2026-05-03 20:45:48,0x2c5a5626d2e2502ce6ac443501c55d0279fa1427c7db846b515df6ca4ca82bd5,btc-updown-15m-1777830300
"Bitcoin Up or Down - May 3, 1:45PM-1:50PM ET",Down,BUY,107.48,0.8109304056568664,0x5251ede00a8e5af17d79c6f72ab551f37cdde4fecb91d647c259d8ee6ba45258,2026-05-03 20:45:48,0xc6e76538b4d72a355fce882ab6ae3fb98cc80ea48b7619d0f2d82226bf012172,btc-updown-5m-1777830300
"Bitcoin Up or Down - May 3, 1:45PM-2:00PM ET",Down,BUY,12,0.69,0x36a00445444fe3499b686dca198f63f60f24de00ac5faaa827c086c0b5f7fcf1,2026-05-03 20:45:48,0x16287760aa4d64923fabaa16e8a8bb0b1af011c27b1f73c6fe54ce23570aafc0,btc-updown-15m-1777830300
"Ethereum Up or Down - May 3, 1:45PM-1:50PM ET",Down,BUY,20,0.84,0x77e7308c3e6ed2b05ca455696e3d594ee5e8ed8c6506ea8a68d356952b080cb7,2026-05-03 20:45:48,0xc699ece1a74e52a681f0f296cfb9541e4669110dd2b16b09d78165e09b55434d,eth-updown-5m-1777830300
"Bitcoin Up or Down - May 3, 1:45PM-2:00PM ET",Down,BUY,12,0.6949166666666666,0x36a00445444fe3499b686dca198f63f60f24de00ac5faaa827c086c0b5f7fcf1,2026-05-03 20:45:48,0xe312e0bc01f78bd95db09251174f600fd2316cbdeb0dda277be355f1f32f66f8,btc-updown-15m-1777830300
"Ethereum Up or Down - May 3, 1:45PM-1:50PM ET",Down,BUY,21,0.84,0x77e7308c3e6ed2b05ca455696e3d594ee5e8ed8c6506ea8a68d356952b080cb7,2026-05-03 20:45:48,0xc678b87bf2bca49cbf8e8107c86c262707e22e377e0c6eefc703493fb42ed8a0,eth-updown-5m-1777830300
"Bitcoin Up or Down - May 3, 1:45PM-1:50PM ET",Down,BUY,127.2,0.8320597484276729,0x5251ede00a8e5af17d79c6f72ab551f37cdde4fecb91d647c259d8ee6ba45258,2026-05-03 20:45:48,0x0969a5950a835fa0aaf85fd67a2dec158e3aec4adce27ec45cc1f756deeb0543,btc-updown-5m-1777830300
"Bitcoin Up or Down - May 3, 1:45PM-1:50PM ET",Down,BUY,71.71,0.6665137358806303,0x5251ede00a8e5af17d79c6f72ab551f37cdde4fecb91d647c259d8ee6ba45258,2026-05-03 20:45:46,0x4218a54210ce44e31c0885fc457df7ab4855699cdd0a495d0e2d0c6db5a7e4f8,btc-updown-5m-1777830300
"Bitcoin Up or Down - May 3, 1:45PM-2:00PM ET",Down,BUY,12,0.69,0x36a00445444fe3499b686dca198f63f60f24de00ac5faaa827c086c0b5f7fcf1,2026-05-03 20:45:46,0x0ae59ecb6edaec5d9892b2b4c659a5e3b9c1fb676cfdde297a0cfa2de6c66e5a,btc-updown-15m-1777830300
"Bitcoin Up or Down - May 3, 12:00PM-4:00PM ET",Down,BUY,6,0.27,0x5d6396444a4fc085f2f01aac5ecbbb97bc5c92b612dc0ceb5bdc6bdd7a197933,2026-05-03 20:45:42,0xe648ce03f52b8560e9b848aa731c759d92b2179897acf04ce9f41c4ecc733791,btc-updown-4h-1777824000
"Bitcoin Up or Down - May 3, 1:45PM-2:00PM ET",Down,BUY,11,0.59,0x36a00445444fe3499b686dca198f63f60f24de00ac5faaa827c086c0b5f7fcf1,2026-05-03 20:45:30,0xb8d8471b63f6edc845df51beecc479bf5d28aad22beb19a40822fb102ec48f62,btc-updown-15m-1777830300
"Bitcoin Up or Down - May 3, 1:45PM-1:50PM ET",Down,BUY,86,0.5993127906976744,0x5251ede00a8e5af17d79c6f72ab551f37cdde4fecb91d647c259d8ee6ba45258,2026-05-03 20:45:30,0x1c1019c581a0787147e733d6e0ca2a9e4261e8020bc4f22156deabc790b9bfd4,btc-updown-5m-1777830300
"Bitcoin Up or Down - May 3, 1:45PM-1:50PM ET",Down,BUY,83,0.5773036144578313,0x5251ede00a8e5af17d79c6f72ab551f37cdde4fecb91d647c259d8ee6ba45258,2026-05-03 20:45:28,0x22133d7504f327f4b482aab846636cf38d1578aff637b3849d9508b130bbb229,btc-updown-5m-1777830300
"Ethereum Up or Down - May 3, 1:45PM-1:50PM ET",Down,BUY,5,0.49,0x77e7308c3e6ed2b05ca455696e3d594ee5e8ed8c6506ea8a68d356952b080cb7,2026-05-03 20:45:28,0x1cd8109bf9b5adca47d6436053c0bc16e854432cb624ba9c9290c6fb65e179ac,eth-updown-5m-1777830300
"Bitcoin Up or Down - May 3, 1:45PM-2:00PM ET",Down,BUY,10,0.58,0x36a00445444fe3499b686dca198f63f60f24de00ac5faaa827c086c0b5f7fcf1,2026-05-03 20:45:28,0x27f8f2d555ab9a020c20697704d9528f432f7ff8dca409cbdbf74bfbf26fc8d7,btc-updown-15m-1777830300
"Ethereum Up or Down - May 3, 1:45PM-1:50PM ET",Up,BUY,10,0.45,0x77e7308c3e6ed2b05ca455696e3d594ee5e8ed8c6506ea8a68d356952b080cb7,2026-05-03 20:45:16,0xffc9fc363a66a24bb24290945ad0d144e9c6173970da2e5f3c4935ae32236c2e,eth-updown-5m-1777830300
"Ethereum Up or Down - May 3, 1:45PM-1:50PM ET",Down,BUY,10,0.53182,0x77e7308c3e6ed2b05ca455696e3d594ee5e8ed8c6506ea8a68d356952b080cb7,2026-05-03 20:45:06,0x4a9b86102b7e06f86b30e3f7ecb40223c26ffadc5bf310adf014b7592479c0f1,eth-updown-5m-1777830300
"Bitcoin Up or Down - May 3, 1:45PM-2:00PM ET",Down,BUY,11,0.59,0x36a00445444fe3499b686dca198f63f60f24de00ac5faaa827c086c0b5f7fcf1,2026-05-03 20:45:06,0x7d3da3380645426d60ddc623540cd4280ff1620ba01b21c35d6838510cea0aac,btc-updown-15m-1777830300
"Bitcoin Up or Down - May 3, 1:45PM-1:50PM ET",Down,BUY,1.11,0.55,0x5251ede00a8e5af17d79c6f72ab551f37cdde4fecb91d647c259d8ee6ba45258,2026-05-03 20:45:06,0xbd5035f84415b9f7a7ed3d3955f219cc0e7cb8a9e02d23a6a1a44e5ac06a01bc,btc-updown-5m-1777830300
"Bitcoin Up or Down - May 3, 1:45PM-1:50PM ET",Down,BUY,63.32,0.5683638660770689,0x5251ede00a8e5af17d79c6f72ab551f37cdde4fecb91d647c259d8ee6ba45258,2026-05-03 20:45:06,0xd6b5c2bec3c4dd8b5c74d035a03233785e3bd36229cf53a29ce4a966e3c7d13e,btc-updown-5m-1777830300
"Ethereum Up or Down - May 3, 1:40PM-1:45PM ET",Up,BUY,10,0.24,0xece9f124c7f69a46815a4ef4c2d45061f2b9a649005d9c60fe7effc59b92ecb9,2026-05-03 20:44:36,0xedd6bf34e7b316e23f0f8886567ee40e9bd67753ec51c7ea994857d253f14230,eth-updown-5m-1777830000
"Ethereum Up or Down - May 3, 1:40PM-1:45PM ET",Up,BUY,6,0.25,0xece9f124c7f69a46815a4ef4c2d45061f2b9a649005d9c60fe7effc59b92ecb9,2026-05-03 20:44:10,0x0d227fe09c70fd878866114d6ce43a7793988a4350d427c7303e2d815c5dbff2,eth-updown-5m-1777830000
"Bitcoin Up or Down - May 3, 12:00PM-4:00PM ET",Up,BUY,6,0.73,0x5d6396444a4fc085f2f01aac5ecbbb97bc5c92b612dc0ceb5bdc6bdd7a197933,2026-05-03 20:44:10,0xa4a7037b0ef19a13aa483441156b3c258ef437f7b5614c6e02bc1cb4dfd9a03a,btc-updown-4h-1777824000
"Bitcoin Up or Down - May 3, 1:40PM-1:45PM ET",Up,BUY,67.67,0.6882754544111127,0x1472857bb795affb1fd9c4de0cd0db7baec35236575af5124071d4202d4badd8,2026-05-03 20:44:10,0xe2af90dd53f29e32f03020a5dd4b6d14a61261009941be83dd1672d5bb73abbb,btc-updown-5m-1777830000
"Bitcoin Up or Down - May 3, 1:40PM-1:45PM ET",Up,BUY,10.74,0.71,0x1472857bb795affb1fd9c4de0cd0db7baec35236575af5124071d4202d4badd8,2026-05-03 20:44:10,0x6dd29f830fda4fab730a1ffda5e6670f613eca8d7aded5a5b5ed245852f843eb,btc-updown-5m-1777830000
"Bitcoin Up or Down - May 3, 1:40PM-1:45PM ET",Up,BUY,94,0.5760574468085107,0x1472857bb795affb1fd9c4de0cd0db7baec35236575af5124071d4202d4badd8,2026-05-03 20:44:10,0xc4dfd0e6817af078d6f21f6b7fc9d639fd83151850d5ddb018cf6a90ae13431d,btc-updown-5m-1777830000
"Ethereum Up or Down - May 3, 1:40PM-1:45PM ET",Down,BUY,18,0.81,0xece9f124c7f69a46815a4ef4c2d45061f2b9a649005d9c60fe7effc59b92ecb9,2026-05-03 20:44:02,0x79c19480609210e914fc04f1eb29ffd5d4aaabd416eb2fa5a1cfec99dbc531d9,eth-updown-5m-1777830000
"Bitcoin Up or Down - May 3, 1:40PM-1:45PM ET",Down,BUY,15.19,0.45988808426596445,0x1472857bb795affb1fd9c4de0cd0db7baec35236575af5124071d4202d4badd8,2026-05-03 20:43:48,0xefbc9b6e2ecc7b85c0768674f28050cd123c736261a790b6077718c775256de8,btc-updown-5m-1777830000
"Bitcoin Up or Down - May 3, 1:40PM-1:45PM ET",Down,BUY,80,0.49642625,0x1472857bb795affb1fd9c4de0cd0db7baec35236575af5124071d4202d4badd8,2026-05-03 20:43:24,0x50c49f33ed22bc90a1ebe49ac039a46fb27e4d8b3b405a14e4890402ccae640e,btc-updown-5m-1777830000
"Bitcoin Up or Down - May 3, 1:40PM-1:45PM ET",Down,BUY,57.62,0.45028115237764665,0x1472857bb795affb1fd9c4de0cd0db7baec35236575af5124071d4202d4badd8,2026-05-03 20:43:10,0x44d49f156a6e98ac9e51401226584f668df47e33bbe029fedd3d50c0d6ac2bed,btc-updown-5m-1777830000
"Bitcoin Up or Down - May 3, 1:30PM-1:45PM ET",Up,BUY,1540.67,0.99,0x2a4c39ac697b59d7a9f12cf6d3b6a75a8edfd8d3a58a1a3b5ef116a5cbb53aa3,2026-05-03 20:42:50,0x0dfd02838344c865401402be490a528ae889b63ba3cc9bd0364f280747ac92ee,btc-updown-15m-1777829400
"Ethereum Up or Down - May 3, 1:40PM-1:45PM ET",Up,BUY,3.35,0.62,0xece9f124c7f69a46815a4ef4c2d45061f2b9a649005d9c60fe7effc59b92ecb9,2026-05-03 20:42:38,0x34d63d1779e2327a97a4e20e8aecccf727dfc1a51297e694f907d656d732d63b,eth-updown-5m-1777830000
"Bitcoin Up or Down - May 3, 1:40PM-1:45PM ET",Down,BUY,85,0.3520447058823529,0x1472857bb795affb1fd9c4de0cd0db7baec35236575af5124071d4202d4badd8,2026-05-03 20:42:28,0xac56587aa7a3084f1a1546bf7b4d07bb474aabe7253798bbc73fd8b07ee407b8,btc-updown-5m-1777830000
"Bitcoin Up or Down - May 3, 1:40PM-1:45PM ET",Down,BUY,88,0.33083863636363636,0x1472857bb795affb1fd9c4de0cd0db7baec35236575af5124071d4202d4badd8,2026-05-03 20:42:28,0x2d9e33146d1d95bd500a5bacc35a29a5ed462d82739e6781abc0f04c07c81bb7,btc-updown-5m-1777830000
"Bitcoin Up or Down - May 3, 1:40PM-1:45PM ET",Down,BUY,68.76,0.2896713205351949,0x1472857bb795affb1fd9c4de0cd0db7baec35236575af5124071d4202d4badd8,2026-05-03 20:42:28,0x146980a0a21b08c992f95b3847e3cc210af7245d5e9ebe5fec89855019265955,btc-updown-5m-1777830000
"Bitcoin Up or Down - May 3, 1:40PM-1:45PM ET",Down,BUY,79.75,0.3363247648902821,0x1472857bb795affb1fd9c4de0cd0db7baec35236575af5124071d4202d4badd8,2026-05-03 20:42:02,0x84e7c1cb4fc742f8a3f6f92c8feecf4475878ebce504f130c2fa767e428cfe08,btc-updown-5m-1777830000
"Bitcoin Up or Down - May 3, 1:40PM-1:45PM ET",Up,BUY,36.68,0.5322900763358779,0x1472857bb795affb1fd9c4de0cd0db7baec35236575af5124071d4202d4badd8,2026-05-03 20:41:32,0xc59dc4774020f51625c9b10ee39a689c449e47abc58274fb64d5fefd829ff65d,btc-updown-5m-1777830000
"Ethereum Up or Down - May 3, 1:40PM-1:45PM ET",Up,BUY,4.9,0.67,0xece9f124c7f69a46815a4ef4c2d45061f2b9a649005d9c60fe7effc59b92ecb9,2026-05-03 20:41:32,0x7a4ce06d08de89397b44e770a6fbffaaa3a71dbd3750eec4c5369b22db223b84,eth-updown-5m-1777830000
"Ethereum Up or Down - May 3, 1:40PM-1:45PM ET",Down,BUY,11,0.37,0xece9f124c7f69a46815a4ef4c2d45061f2b9a649005d9c60fe7effc59b92ecb9,2026-05-03 20:41:28,0xb54f2946df58d362a87404ac4ec4ef4e2c5b5a9224c347daf0497e4b63839092,eth-updown-5m-1777830000
"Bitcoin Up or Down - May 3, 1:40PM-1:45PM ET",Down,BUY,65.58,0.4525327843854834,0x1472857bb795affb1fd9c4de0cd0db7baec35236575af5124071d4202d4badd8,2026-05-03 20:41:28,0x51d7068e977799908ac44083a7c90554a8426d96e19f762ef5201176552c19c8,btc-updown-5m-1777830000
"Bitcoin Up or Down - May 3, 1:40PM-1:45PM ET",Down,BUY,5.83,0.4290909090909091,0x1472857bb795affb1fd9c4de0cd0db7baec35236575af5124071d4202d4badd8,2026-05-03 20:41:26,0x0fb63d1a16690caf8e00ef92bd56d82568657e1816f6825b7d3497fc696decbf,btc-updown-5m-1777830000
"Ethereum Up or Down - May 3, 1:40PM-1:45PM ET",Down,BUY,11,0.3,0xece9f124c7f69a46815a4ef4c2d45061f2b9a649005d9c60fe7effc59b92ecb9,2026-05-03 20:41:20,0x11f5de154456fc1d1a56c6ad62bc8eb34b8729e6c1b51ff5d27e30a94e522b9e,eth-updown-5m-1777830000
"Ethereum Up or Down - May 3, 1:40PM-1:45PM ET",Down,BUY,10,0.4,0xece9f124c7f69a46815a4ef4c2d45061f2b9a649005d9c60fe7effc59b92ecb9,2026-05-03 20:40:42,0x5fe7d5c850e3181cfdc3ebed13da00fabab3f340b08035201bed721a5d45a995,eth-updown-5m-1777830000
"Ethereum Up or Down - May 3, 1:40PM-1:45PM ET",Down,BUY,10,0.4,0xece9f124c7f69a46815a4ef4c2d45061f2b9a649005d9c60fe7effc59b92ecb9,2026-05-03 20:40:42,0x3849859b68f8a279809fd0ef31d36f2948ffe135fb1e40a8cdfbc1c55811b321,eth-updown-5m-1777830000
"Ethereum Up or Down - May 3, 1:40PM-1:45PM ET",Down,BUY,10,0.4,0xece9f124c7f69a46815a4ef4c2d45061f2b9a649005d9c60fe7effc59b92ecb9,2026-05-03 20:40:42,0x95eaf9c3374413a9019df0c547277074ba39f8b2c22b9f110907761dcda47da3,eth-updown-5m-1777830000
"Bitcoin Up or Down - May 3, 1:30PM-1:45PM ET",Up,BUY,34,0.91,0x2a4c39ac697b59d7a9f12cf6d3b6a75a8edfd8d3a58a1a3b5ef116a5cbb53aa3,2026-05-03 20:40:32,0x746280f26dabdf4f977f41e5ca56b98aa0a6dc4874f792a568e4fcb829a14623,btc-updown-15m-1777829400
"Ethereum Up or Down - May 3, 1:40PM-1:45PM ET",Up,BUY,11,0.6373272727272727,0xece9f124c7f69a46815a4ef4c2d45061f2b9a649005d9c60fe7effc59b92ecb9,2026-05-03 20:40:30,0xd9e3347103176b4c6288d3fc301fba5e8b9634e3bd2073894316890d56eb76f3,eth-updown-5m-1777830000
"Ethereum Up or Down - May 3, 1:40PM-1:45PM ET",Up,BUY,11,0.6018181818181818,0xece9f124c7f69a46815a4ef4c2d45061f2b9a649005d9c60fe7effc59b92ecb9,2026-05-03 20:40:30,0xf243cc3f9fc31d0c04f743ead7cab4b490cbd10dfa6570e50f9983cf2ca462b8,eth-updown-5m-1777830000
"Ethereum Up or Down - May 3, 1:40PM-1:45PM ET",Up,BUY,11,0.6,0xece9f124c7f69a46815a4ef4c2d45061f2b9a649005d9c60fe7effc59b92ecb9,2026-05-03 20:40:30,0x735ec6d9d174a8b89ef960463196c2a3eb5cedee4dea6782318743c7acaa246f,eth-updown-5m-1777830000
"Ethereum Up or Down - May 3, 1:40PM-1:45PM ET",Up,BUY,10,0.6,0xece9f124c7f69a46815a4ef4c2d45061f2b9a649005d9c60fe7effc59b92ecb9,2026-05-03 20:40:30,0x887b985c5ec99aaa470c2dfb79333888c44126517495dd1b62a5b6b1ad6d477b,eth-updown-5m-1777830000
"Ethereum Up or Down - May 3, 1:40PM-1:45PM ET",Up,BUY,0.85,0.59,0xece9f124c7f69a46815a4ef4c2d45061f2b9a649005d9c60fe7effc59b92ecb9,2026-05-03 20:40:30,0x2b6b34c9cc7214068b5e58685e35d5f37c4f3ec7b052f5013cf63133e5bf1766,eth-updown-5m-1777830000
"Ethereum Up or Down - May 3, 1:40PM-1:45PM ET",Up,BUY,10,0.47,0xece9f124c7f69a46815a4ef4c2d45061f2b9a649005d9c60fe7effc59b92ecb9,2026-05-03 20:40:22,0x46f5cd949fa0953ea00314d3c0c46ecf7b895badc7b15c976029491cca21a33d,eth-updown-5m-1777830000
"Ethereum Up or Down - May 3, 1:40PM-1:45PM ET",Down,BUY,10,0.435,0xece9f124c7f69a46815a4ef4c2d45061f2b9a649005d9c60fe7effc59b92ecb9,2026-05-03 20:40:18,0x986dc9877350dc2d3ee1bcdc94a004b50518cfaea394099613da05948cb4148c,eth-updown-5m-1777830000
"Ethereum Up or Down - May 3, 1:40PM-1:45PM ET",Down,BUY,10,0.42,0xece9f124c7f69a46815a4ef4c2d45061f2b9a649005d9c60fe7effc59b92ecb9,2026-05-03 20:40:18,0xfebfe1e8f15841ea117b4d3df2bf24cfa5a10e4a7c0dfd34e5030a812c43828f,eth-updown-5m-1777830000
"Bitcoin Up or Down - May 3, 1:40PM-1:45PM ET",Up,BUY,79.95,0.4728492808005003,0x1472857bb795affb1fd9c4de0cd0db7baec35236575af5124071d4202d4badd8,2026-05-03 20:40:04,0xe7fe700f809384b5fc252846ff6248d1335babae7fecaf8982224b984369aa78,btc-updown-5m-1777830000
"Ethereum Up or Down - May 3, 1:40PM-1:45PM ET",Up,BUY,10,0.47,0xece9f124c7f69a46815a4ef4c2d45061f2b9a649005d9c60fe7effc59b92ecb9,2026-05-03 20:40:04,0xf13a067495b20af8c7b4dcfc9354ba3910aa96ddffbd5789020dd524b331729a,eth-updown-5m-1777830000
"Ethereum Up or Down - May 3, 1:35PM-1:40PM ET",Down,BUY,12,0.63405,0x6ba15139d27e3c71f470ab50742b985c410ef824b72e49c4453a5e40e41717d8,2026-05-03 20:39:34,0xfde9a18c945cfdc766b32107a27a602319a51034a67403b1ce6819d851d010c5,eth-updown-5m-1777829700
"Ethereum Up or Down - May 3, 1:35PM-1:40PM ET",Down,BUY,11,0.6154545454545455,0x6ba15139d27e3c71f470ab50742b985c410ef824b72e49c4453a5e40e41717d8,2026-05-03 20:39:34,0xd8c52f87bcc00cf9db0be8381fdc09bbfae6f2c62d5ff284bb7c61a191021a8b,eth-updown-5m-1777829700
"Ethereum Up or Down - May 3, 1:35PM-1:40PM ET",Down,BUY,11.42,0.1250262697022767,0x6ba15139d27e3c71f470ab50742b985c410ef824b72e49c4453a5e40e41717d8,2026-05-03 20:39:24,0x862006073afb1e33b03662e978a12d3dd08cc9e90033f2d673982746976854af,eth-updown-5m-1777829700
"Bitcoin Up or Down - May 3, 1:30PM-1:45PM ET",Down,BUY,38,0.06829736842105263,0x2a4c39ac697b59d7a9f12cf6d3b6a75a8edfd8d3a58a1a3b5ef116a5cbb53aa3,2026-05-03 20:39:24,0x088fe5e478136faf1d8f93872a2199c36b63a8ba732b532b99817119b3a29729,btc-updown-15m-1777829400
"Ethereum Up or Down - May 3, 1:35PM-1:40PM ET",Down,BUY,15,0.2,0x6ba15139d27e3c71f470ab50742b985c410ef824b72e49c4453a5e40e41717d8,2026-05-03 20:39:24,0x68a97c3347269cdccda27ca9603603fa2d8e5d93b1221640d7809fef0e519d41,eth-updown-5m-1777829700
"Bitcoin Up or Down - May 3, 12:00PM-4:00PM ET",Down,BUY,6,0.29,0x5d6396444a4fc085f2f01aac5ecbbb97bc5c92b612dc0ceb5bdc6bdd7a197933,2026-05-03 20:39:24,0x812e82f6de24833a0b2b1a4e9dd2cfd822efe0d9f8b9b816be449a2f60824aa1,btc-updown-4h-1777824000
"Ethereum Up or Down - May 3, 1:35PM-1:40PM ET",Down,BUY,16,0.2,0x6ba15139d27e3c71f470ab50742b985c410ef824b72e49c4453a5e40e41717d8,2026-05-03 20:39:24,0x32a0107126ca383d4086a077adac06ee3e0bf2240ac65352d66282fc4cbbba60,eth-updown-5m-1777829700
"Ethereum Up or Down - May 3, 1:35PM-1:40PM ET",Down,BUY,24,0.11493333333333333,0x6ba15139d27e3c71f470ab50742b985c410ef824b72e49c4453a5e40e41717d8,2026-05-03 20:39:20,0x9f3669f4eef2eab072569f12df27b074223595114e99eaebb4ef775632575cad,eth-updown-5m-1777829700
"Ethereum Up or Down - May 3, 1:35PM-1:40PM ET",Down,BUY,13.3,0.11,0x6ba15139d27e3c71f470ab50742b985c410ef824b72e49c4453a5e40e41717d8,2026-05-03 20:39:20,0x6a905d97efcc6dcab51f6ab17fc6e97f5c377b3779e60e6fd7fc3c547f9571bc,eth-updown-5m-1777829700
"Ethereum Up or Down - May 3, 1:35PM-1:40PM ET",Down,BUY,20,0.13072,0x6ba15139d27e3c71f470ab50742b985c410ef824b72e49c4453a5e40e41717d8,2026-05-03 20:38:54,0x20867c79ae5607dc85f3c640c5b954aff198cb4bac78dba80cbf9a0250170292,eth-updown-5m-1777829700
"Ethereum Up or Down - May 3, 1:35PM-1:40PM ET",Up,BUY,26,0.88,0x6ba15139d27e3c71f470ab50742b985c410ef824b72e49c4453a5e40e41717d8,2026-05-03 20:38:38,0x42173b674a67a6057150bba5a53ec94f9711d0d66351e548eaa778083cdf299d,eth-updown-5m-1777829700
"Ethereum Up or Down - May 3, 1:35PM-1:40PM ET",Up,BUY,20,0.82,0x6ba15139d27e3c71f470ab50742b985c410ef824b72e49c4453a5e40e41717d8,2026-05-03 20:38:38,0x169890662c2a3d9c70f33c006189d969fd49656a385deadd4f49ff60d336dee4,eth-updown-5m-1777829700
"Ethereum Up or Down - May 3, 1:35PM-1:40PM ET",Up,BUY,10,0.52,0x6ba15139d27e3c71f470ab50742b985c410ef824b72e49c4453a5e40e41717d8,2026-05-03 20:38:24,0x6efb8eb274e7e5247b9a4d8901130bbf880c9e5bd2ea1b92d123dcdd8b9f7f53,eth-updown-5m-1777829700
"Ethereum Up or Down - May 3, 1:35PM-1:40PM ET",Up,BUY,10,0.52,0x6ba15139d27e3c71f470ab50742b985c410ef824b72e49c4453a5e40e41717d8,2026-05-03 20:38:24,0x118536b3b5fa7984c060574301fade8e056aa31e1b172d969647633a2598b19e,eth-updown-5m-1777829700
"Ethereum Up or Down - May 3, 1:35PM-1:40PM ET",Up,BUY,10,0.43,0x6ba15139d27e3c71f470ab50742b985c410ef824b72e49c4453a5e40e41717d8,2026-05-03 20:38:24,0x8b7357f56e1436ac0802b1722a68440e610a6b5546fbc693dee7b222a2397b5e,eth-updown-5m-1777829700
"Ethereum Up or Down - May 3, 1:35PM-1:40PM ET",Up,BUY,10,0.43,0x6ba15139d27e3c71f470ab50742b985c410ef824b72e49c4453a5e40e41717d8,2026-05-03 20:38:24,0x3298f3a84b1ba6e63219a66a570f66df5a11f838e64617f24512ea884cbc3e4a,eth-updown-5m-1777829700
"Bitcoin Up or Down - May 3, 1:35PM-1:40PM ET",Up,BUY,20,0.65,0x6886ccfc53c64f3dfe28a655269deae16dda69a0102a544a96041b7d170fe2f8,2026-05-03 20:38:24,0x0d21ab36c248ad11112da85ef7f82be61da0a4d5f2eaf0c4aa521898163cf009,btc-updown-5m-1777829700
"Ethereum Up or Down - May 3, 1:35PM-1:40PM ET",Up,BUY,10,0.52,0x6ba15139d27e3c71f470ab50742b985c410ef824b72e49c4453a5e40e41717d8,2026-05-03 20:38:24,0xeb0ab38b8bd2ab94f9f994c325d5aef64170f5157a862d063510932cb5dfa45f,eth-updown-5m-1777829700
"Ethereum Up or Down - May 3, 1:35PM-1:40PM ET",Up,BUY,10,0.52,0x6ba15139d27e3c71f470ab50742b985c410ef824b72e49c4453a5e40e41717d8,2026-05-03 20:38:24,0x87df3aaa626bde681e20ec7f4963aa1b0f7c7f76553c3d7c99f6983d1cac9f20,eth-updown-5m-1777829700
"Ethereum Up or Down - May 3, 1:35PM-1:40PM ET",Up,BUY,10,0.38931,0x6ba15139d27e3c71f470ab50742b985c410ef824b72e49c4453a5e40e41717d8,2026-05-03 20:38:22,0x5ee8524dd901cecf60b75a49a501c5fe769f26dded5b17c47f28499a35e39e7c,eth-updown-5m-1777829700
"Ethereum Up or Down - May 3, 1:35PM-1:40PM ET",Down,BUY,3.08,0.5,0x6ba15139d27e3c71f470ab50742b985c410ef824b72e49c4453a5e40e41717d8,2026-05-03 20:38:12,0x5559a76d8e340dd5993222d790592ec2f58f2c2a59e870eac33291a5ee7923f5,eth-updown-5m-1777829700
"Bitcoin Up or Down - May 3, 1:35PM-1:40PM ET",Down,BUY,54.1,0.3611090573012939,0x6886ccfc53c64f3dfe28a655269deae16dda69a0102a544a96041b7d170fe2f8,2026-05-03 20:38:04,0xa92d016d3f2dc56583c02b4a5b6dfdb7e9925df9362b1b1a8f76cf458dc68562,btc-updown-5m-1777829700
"Ethereum Up or Down - May 3, 1:35PM-1:40PM ET",Down,BUY,11,0.36,0x6ba15139d27e3c71f470ab50742b985c410ef824b72e49c4453a5e40e41717d8,2026-05-03 20:37:52,0xf88c4cf07edaad9161f0ae03247dc6fb64fbbb8481ac18134ebef01cbd676450,eth-updown-5m-1777829700
"Ethereum Up or Down - May 3, 1:35PM-1:40PM ET",Down,BUY,5,0.34,0x6ba15139d27e3c71f470ab50742b985c410ef824b72e49c4453a5e40e41717d8,2026-05-03 20:37:52,0xc1a2cca9b725e909d558f6d95a0087b1357bf50033d849d4b2a1ec6516e5cb6b,eth-updown-5m-1777829700
"Ethereum Up or Down - May 3, 1:35PM-1:40PM ET",Up,BUY,24,0.86,0x6ba15139d27e3c71f470ab50742b985c410ef824b72e49c4453a5e40e41717d8,2026-05-03 20:37:22,0x03b0263e2b5fc036cb8ecf16d839b4efcfe4a96f70974e09fb1a43b3d45c173d,eth-updown-5m-1777829700
"Ethereum Up or Down - May 3, 1:35PM-1:40PM ET",Up,BUY,22,0.86,0x6ba15139d27e3c71f470ab50742b985c410ef824b72e49c4453a5e40e41717d8,2026-05-03 20:37:22,0x62a5b9707a7008f7b6007636844224d00afa4046e6986e773e4b518ce81f22cb,eth-updown-5m-1777829700
"Ethereum Up or Down - May 3, 1:35PM-1:40PM ET",Up,BUY,21,0.86,0x6ba15139d27e3c71f470ab50742b985c410ef824b72e49c4453a5e40e41717d8,2026-05-03 20:37:22,0x39c855c5cb61693b85ba542f8b1d4966aa5c4fe94ac075be45689b12f51df459,eth-updown-5m-1777829700
"Ethereum Up or Down - May 3, 1:35PM-1:40PM ET",Down,BUY,17,0.1746294117647059,0x6ba15139d27e3c71f470ab50742b985c410ef824b72e49c4453a5e40e41717d8,2026-05-03 20:37:22,0xbc21fdfa5a083a42b85de565c2a378cc30fdd4990d46200399912112297e3f7c,eth-updown-5m-1777829700
"Ethereum Up or Down - May 3, 1:35PM-1:40PM ET",Up,BUY,31,0.86,0x6ba15139d27e3c71f470ab50742b985c410ef824b72e49c4453a5e40e41717d8,2026-05-03 20:37:22,0xaf6bc1346dbb56304c10f68cf6762169c106c479ad449b7b35acc4ebbf60214f,eth-updown-5m-1777829700
"Ethereum Up or Down - May 3, 1:35PM-1:40PM ET",Down,BUY,16,0.1627125,0x6ba15139d27e3c71f470ab50742b985c410ef824b72e49c4453a5e40e41717d8,2026-05-03 20:37:22,0x50e978eead4ae778581659f5533392bff1d7c77ee109ac6cb8721a5ba893da7a,eth-updown-5m-1777829700
"Ethereum Up or Down - May 3, 1:35PM-1:40PM ET",Up,BUY,11,0.7254545454545455,0x6ba15139d27e3c71f470ab50742b985c410ef824b72e49c4453a5e40e41717d8,2026-05-03 20:37:16,0x1ac66710aa11a6b7f18eb45fbcd9a9347421dab8ea831e922b1db3afafc69f02,eth-updown-5m-1777829700
"Bitcoin Up or Down - May 3, 12:00PM-4:00PM ET",Up,BUY,5,0.65,0x5d6396444a4fc085f2f01aac5ecbbb97bc5c92b612dc0ceb5bdc6bdd7a197933,2026-05-03 20:37:16,0x24a3a29075efe88b441289269243742433460b418d3ea225200f3f87f2002e4e,btc-updown-4h-1777824000
"Bitcoin Up or Down - May 3, 12:00PM-4:00PM ET",Up,BUY,5,0.65,0x5d6396444a4fc085f2f01aac5ecbbb97bc5c92b612dc0ceb5bdc6bdd7a197933,2026-05-03 20:37:16,0xeb8abc8cf25287dbb24fccd69d7dae50a17890726fc7dda6f3dfab4e2b3e2b31,btc-updown-4h-1777824000
"Ethereum Up or Down - May 3, 1:35PM-1:40PM ET",Up,BUY,26,0.8018192307692308,0x6ba15139d27e3c71f470ab50742b985c410ef824b72e49c4453a5e40e41717d8,2026-05-03 20:37:16,0x4ad73e2b0ff3683b3240bb75c731e51d180d0ba11885b9d3cfa3c8c56a22ce75,eth-updown-5m-1777829700
"Ethereum Up or Down - May 3, 1:35PM-1:40PM ET",Down,BUY,13,0.23,0x6ba15139d27e3c71f470ab50742b985c410ef824b72e49c4453a5e40e41717d8,2026-05-03 20:36:56,0xe537e63ee8cb063a852aac28e730677793eb1ab950f4a942ec4ffa88ad12185a,eth-updown-5m-1777829700
"Ethereum Up or Down - May 3, 1:35PM-1:40PM ET",Down,BUY,12,0.245,0x6ba15139d27e3c71f470ab50742b985c410ef824b72e49c4453a5e40e41717d8,2026-05-03 20:36:56,0xceecd29d61f59142492415a0b34c5a765743bdf10c3282972307341b4da96b6c,eth-updown-5m-1777829700
"Ethereum Up or Down - May 3, 1:35PM-1:40PM ET",Down,BUY,13,0.23307692307692307,0x6ba15139d27e3c71f470ab50742b985c410ef824b72e49c4453a5e40e41717d8,2026-05-03 20:36:56,0x701b885586c8b3dfbabba14f9f8af4f5ab82bda612125d6727b6c5ee8c4d81df,eth-updown-5m-1777829700
"Ethereum Up or Down - May 3, 1:35PM-1:40PM ET",Up,BUY,11,0.61,0x6ba15139d27e3c71f470ab50742b985c410ef824b72e49c4453a5e40e41717d8,2026-05-03 20:36:46,0xcbcfbb58eb94e0b015862033eb0fab77d83cce819c14658cc9100c15cc240c5d,eth-updown-5m-1777829700
"Bitcoin Up or Down - May 3, 1:35PM-1:40PM ET",Up,BUY,5,0.62,0x6886ccfc53c64f3dfe28a655269deae16dda69a0102a544a96041b7d170fe2f8,2026-05-03 20:36:46,0xbcfc74b26f5ff7e42a539670b6503cf0e99155132725fe621e5e3f281fb6af96,btc-updown-5m-1777829700
"Bitcoin Up or Down - May 3, 1:30PM-1:45PM ET",Down,BUY,16,0.16,0x2a4c39ac697b59d7a9f12cf6d3b6a75a8edfd8d3a58a1a3b5ef116a5cbb53aa3,2026-05-03 20:36:34,0x31f4ac0fb69aa81ea4686997feb877dc57926080f9d35b49f16e8f6ef1196d76,btc-updown-15m-1777829400
"Bitcoin Up or Down - May 3, 1:30PM-1:45PM ET",Down,BUY,16,0.17,0x2a4c39ac697b59d7a9f12cf6d3b6a75a8edfd8d3a58a1a3b5ef116a5cbb53aa3,2026-05-03 20:36:32,0x79f601bb6c35a9e4b227fb6c22b88256eeb7b5c1b7d70ecbcc98b5f3bc8477c9,btc-updown-15m-1777829400
"Bitcoin Up or Down - May 3, 1:30PM-1:45PM ET",Down,BUY,18,0.16,0x2a4c39ac697b59d7a9f12cf6d3b6a75a8edfd8d3a58a1a3b5ef116a5cbb53aa3,2026-05-03 20:36:32,0xf30d29fb943824bbce6ee3b8d4dceda5e57cbc96ea775fc7529ed6747ebe372e,btc-updown-15m-1777829400
"Ethereum Up or Down - May 3, 1:35PM-1:40PM ET",Down,BUY,10,0.43,0x6ba15139d27e3c71f470ab50742b985c410ef824b72e49c4453a5e40e41717d8,2026-05-03 20:36:30,0x618ac20a4c8f72867fff04353eba4902eed0eebf81e53de1ff146510e4ce47e6,eth-updown-5m-1777829700
"Ethereum Up or Down - May 3, 1:35PM-1:40PM ET",Up,BUY,10,0.58,0x6ba15139d27e3c71f470ab50742b985c410ef824b72e49c4453a5e40e41717d8,2026-05-03 20:36:28,0xc493fd4b0e2369f32e72e04a9ee2cb10022283d12ca715b1cd9bb32c0724f061,eth-updown-5m-1777829700
"Bitcoin Up or Down - May 3, 1PM ET",Down,BUY,17,0.08,0xc19d77aa81e4d53ca2fde9b0cfb5183a0d0c145efc250186e325d8aaa0dfb5a4,2026-05-03 20:36:20,0x5d6a9515e446212b7e1cb07b8d50fbf711c176ae2cf4bfb5a237900a911fcfdf,bitcoin-up-or-down-may-3-2026-1pm-et
"Ethereum Up or Down - May 3, 1:35PM-1:40PM ET",Down,BUY,5,0.29,0x6ba15139d27e3c71f470ab50742b985c410ef824b72e49c4453a5e40e41717d8,2026-05-03 20:36:18,0xbe5c0fc63328d257092f8420acfc48cf2e02b73bc3ed3577c096459dd3bd4236,eth-updown-5m-1777829700
"Bitcoin Up or Down - May 3, 1:35PM-1:40PM ET",Down,BUY,27.77,0.17,0x6886ccfc53c64f3dfe28a655269deae16dda69a0102a544a96041b7d170fe2f8,2026-05-03 20:36:16,0xd3f0b8f9a9baab0e55be6c9f81c0ed6105c369c759c5cb4a86ab1fa02f8bce40,btc-updown-5m-1777829700
"Bitcoin Up or Down - May 3, 1:35PM-1:40PM ET",Down,BUY,27.77,0.17,0x6886ccfc53c64f3dfe28a655269deae16dda69a0102a544a96041b7d170fe2f8,2026-05-03 20:36:16,0xd3f0b8f9a9baab0e55be6c9f81c0ed6105c369c759c5cb4a86ab1fa02f8bce40,btc-updown-5m-1777829700
"Ethereum Up or Down - May 3, 1:35PM-1:40PM ET",Down,BUY,12,0.3,0x6ba15139d27e3c71f470ab50742b985c410ef824b72e49c4453a5e40e41717d8,2026-05-03 20:36:08,0xd618eecaff9bef429eb4ee473cd5201246ad6a307165e31e6cbd07887239417a,eth-updown-5m-1777829700
"Ethereum Up or Down - May 3, 1:35PM-1:40PM ET",Down,BUY,12,0.3,0x6ba15139d27e3c71f470ab50742b985c410ef824b72e49c4453a5e40e41717d8,2026-05-03 20:36:06,0xd1c76d2d29f38fcf7209e55ac7e7063f813a5eb091439d48d69ecb3d86ff15fa,eth-updown-5m-1777829700
"Ethereum Up or Down - May 3, 1:35PM-1:40PM ET",Down,BUY,12,0.2870666666666667,0x6ba15139d27e3c71f470ab50742b985c410ef824b72e49c4453a5e40e41717d8,2026-05-03 20:36:06,0x183b1d229920b53619d98fa84497e0ca21f2166e0fd2a1c37d2d1cd4b89c2032,eth-updown-5m-1777829700
"Ethereum Up or Down - May 3, 1:35PM-1:40PM ET",Up,BUY,13,0.7262,0x6ba15139d27e3c71f470ab50742b985c410ef824b72e49c4453a5e40e41717d8,2026-05-03 20:36:04,0xd083840c2e9bc5a71affef80849fb928fe917dec97f0710bc76bdbb4ee60ae14,eth-updown-5m-1777829700
"Ethereum Up or Down - May 3, 1:35PM-1:40PM ET",Up,BUY,12,0.7132166666666667,0x6ba15139d27e3c71f470ab50742b985c410ef824b72e49c4453a5e40e41717d8,2026-05-03 20:36:04,0x514eea37f9532aaf74033f4822a72810e9329b2027db386466ac0cd94e7d617b,eth-updown-5m-1777829700
"Ethereum Up or Down - May 3, 1:35PM-1:40PM ET",Up,BUY,13,0.72,0x6ba15139d27e3c71f470ab50742b985c410ef824b72e49c4453a5e40e41717d8,2026-05-03 20:36:04,0x028ceb99815e46765909fb10098068f39ffffd40ed2fe9ef37a6265f117d1d73,eth-updown-5m-1777829700
"Bitcoin Up or Down - May 3, 1:35PM-1:40PM ET",Up,BUY,142,0.8168464788732395,0x6886ccfc53c64f3dfe28a655269deae16dda69a0102a544a96041b7d170fe2f8,2026-05-03 20:36:00,0xaa557b7dede07a5f7a50da982c824952fc1ffb4756758722ca4fb0b7bb856e93,btc-updown-5m-1777829700
"Ethereum Up or Down - May 3, 1:35PM-1:40PM ET",Up,BUY,11.25,0.72,0x6ba15139d27e3c71f470ab50742b985c410ef824b72e49c4453a5e40e41717d8,2026-05-03 20:35:56,0x0b8e7586fd7e34af14f83a1e2d39b68b07b611d2982c05604b39b364524b4df9,eth-updown-5m-1777829700
"Ethereum Up or Down - May 3, 1:35PM-1:40PM ET",Up,BUY,12,0.7116666666666667,0x6ba15139d27e3c71f470ab50742b985c410ef824b72e49c4453a5e40e41717d8,2026-05-03 20:35:56,0x9b3cb5bf3c9fbd3bfde3cca1f1d7b8f77090176c0de765cd9cf84716c919d3de,eth-updown-5m-1777829700
"Bitcoin Up or Down - May 3, 1:30PM-1:45PM ET",Up,BUY,24,0.87,0x2a4c39ac697b59d7a9f12cf6d3b6a75a8edfd8d3a58a1a3b5ef116a5cbb53aa3,2026-05-03 20:35:54,0x80c88583eddc07aa6bdd1a42e1d510f549cb7ca3351ddb6ab4527f8fcdec9865,btc-updown-15m-1777829400
"Bitcoin Up or Down - May 3, 1:35PM-1:40PM ET",Up,BUY,157,0.7961910828025478,0x6886ccfc53c64f3dfe28a655269deae16dda69a0102a544a96041b7d170fe2f8,2026-05-03 20:35:54,0x317bc929e0466d88fae1afa15ee37cf4ba4f49ffa0a2c905f62a005e7b3c5108,btc-updown-5m-1777829700
"Bitcoin Up or Down - May 3, 1:35PM-1:40PM ET",Up,BUY,125,0.79,0x6886ccfc53c64f3dfe28a655269deae16dda69a0102a544a96041b7d170fe2f8,2026-05-03 20:35:54,0x95e4fbc07559d916acfbd46a027cd875b1e4126cf24f93f31873fec10d9bd238,btc-updown-5m-1777829700
"Bitcoin Up or Down - May 3, 1:35PM-1:40PM ET",Up,BUY,149,0.7738268456375839,0x6886ccfc53c64f3dfe28a655269deae16dda69a0102a544a96041b7d170fe2f8,2026-05-03 20:35:54,0xd2264f4925c92313204a5142a9ed37b3ee88ff1f792a0cca9dd68f0332778f24,btc-updown-5m-1777829700
"Bitcoin Up or Down - May 3, 1:35PM-1:40PM ET",Down,BUY,95,0.24977263157894736,0x6886ccfc53c64f3dfe28a655269deae16dda69a0102a544a96041b7d170fe2f8,2026-05-03 20:35:50,0xd29049df69c2a8f7c5bf2c77972196751be777d87443a6df68b23d29f90637e0,btc-updown-5m-1777829700
"Bitcoin Up or Down - May 3, 1:35PM-1:40PM ET",Up,BUY,107,0.7452439252336449,0x6886ccfc53c64f3dfe28a655269deae16dda69a0102a544a96041b7d170fe2f8,2026-05-03 20:35:46,0x3dc2fa01535d01c3a98326fea092fc9cc6d2c76e896c2fe13de3a7394fe3fb86,btc-updown-5m-1777829700
"Ethereum Up or Down - May 3, 1:35PM-1:40PM ET",Up,BUY,4.55,0.7,0x6ba15139d27e3c71f470ab50742b985c410ef824b72e49c4453a5e40e41717d8,2026-05-03 20:35:46,0x800b512317bc7c556298de6dc7207ff1c405a2c811387b45af3958370ed3154d,eth-updown-5m-1777829700
"Bitcoin Up or Down - May 3, 12:00PM-4:00PM ET",Up,BUY,5,0.64,0x5d6396444a4fc085f2f01aac5ecbbb97bc5c92b612dc0ceb5bdc6bdd7a197933,2026-05-03 20:35:44,0xd07afdbc22db3ef709b8588f5669b29b9be7ba5d4c9063edf9f0d6c17ad61b9b,btc-updown-4h-1777824000
"Bitcoin Up or Down - May 3, 1:30PM-1:45PM ET",Up,BUY,16,0.8,0x2a4c39ac697b59d7a9f12cf6d3b6a75a8edfd8d3a58a1a3b5ef116a5cbb53aa3,2026-05-03 20:35:44,0x9d03165c9415f7792bf40ef79846ccc9d123c58378785d6a5e6826002e99421b,btc-updown-15m-1777829400
"Ethereum Up or Down - May 3, 1:35PM-1:40PM ET",Up,BUY,10,0.58037,0x6ba15139d27e3c71f470ab50742b985c410ef824b72e49c4453a5e40e41717d8,2026-05-03 20:35:40,0x057e793d68b744b46fa37a87a24fdfab4e78eee3358739961f32eaf0a44dbd84,eth-updown-5m-1777829700
"Ethereum Up or Down - May 3, 1:35PM-1:40PM ET",Up,BUY,10,0.5062,0x6ba15139d27e3c71f470ab50742b985c410ef824b72e49c4453a5e40e41717d8,2026-05-03 20:35:28,0xbe76ccb09b53be37d054c20dcd5fe3228c0d08ab320b4462dde61b39dfd43645,eth-updown-5m-1777829700
"Ethereum Up or Down - May 3, 1:35PM-1:40PM ET",Up,BUY,10,0.5,0x6ba15139d27e3c71f470ab50742b985c410ef824b72e49c4453a5e40e41717d8,2026-05-03 20:35:28,0xdea955861f36158223656ce966070ce02831572713c837c67ba5dcb1918ea23d,eth-updown-5m-1777829700
"Ethereum Up or Down - May 3, 1:35PM-1:40PM ET",Up,BUY,10,0.5,0x6ba15139d27e3c71f470ab50742b985c410ef824b72e49c4453a5e40e41717d8,2026-05-03 20:35:24,0x2ad6f8129f9c7f5f0d6cf4400893f575aedbcb30f806ab96847184773c7116e1,eth-updown-5m-1777829700
"Ethereum Up or Down - May 3, 1:35PM-1:40PM ET",Up,BUY,10,0.495,0x6ba15139d27e3c71f470ab50742b985c410ef824b72e49c4453a5e40e41717d8,2026-05-03 20:35:24,0x62f8e05d6bbe164c25d38ebf249028e519f83b046edd2a4a3a3efea56c2c0e05,eth-updown-5m-1777829700
"Bitcoin Up or Down - May 3, 1:30PM-1:45PM ET",Up,BUY,12,0.7,0x2a4c39ac697b59d7a9f12cf6d3b6a75a8edfd8d3a58a1a3b5ef116a5cbb53aa3,2026-05-03 20:33:50,0xf866859c71448da96b1530cc67fc6a56d5ae7350f03c80a17925af4bda1bd318,btc-updown-15m-1777829400
"Ethereum Up or Down - May 3, 1:30PM-1:35PM ET",Down,BUY,28,0.08,0x32569b6caf4dedb51bb4a4bf28e4cd4d2e0a567727e4da3d193fb933eedbd1da,2026-05-03 20:33:46,0x49e3667b0f6b56d995393cdf38ba3be72f5942ab6a4ad20f77a84048a18bee57,eth-updown-5m-1777829400
"Ethereum Up or Down - May 3, 1:30PM-1:35PM ET",Down,BUY,31,0.07005483870967742,0x32569b6caf4dedb51bb4a4bf28e4cd4d2e0a567727e4da3d193fb933eedbd1da,2026-05-03 20:33:46,0x477d058641219d6de3d5e7cd60885e26c666b46b8c1a3aaf36d419d9a3fafb10,eth-updown-5m-1777829400
"Bitcoin Up or Down - May 3, 1:30PM-1:45PM ET",Down,BUY,11,0.29,0x2a4c39ac697b59d7a9f12cf6d3b6a75a8edfd8d3a58a1a3b5ef116a5cbb53aa3,2026-05-03 20:33:40,0xf532d71bbdbc7a6fea651a7c2077e423e0dde6a2d9148b04a9184baddac9e1d2,btc-updown-15m-1777829400
"Bitcoin Up or Down - May 3, 1:30PM-1:45PM ET",Up,BUY,11,0.64,0x2a4c39ac697b59d7a9f12cf6d3b6a75a8edfd8d3a58a1a3b5ef116a5cbb53aa3,2026-05-03 20:33:10,0xe017bc8610d7396f0e182692d22346b30a029e6f69afaa4539834a127df5e8b4,btc-updown-15m-1777829400
"Bitcoin Up or Down - May 3, 1PM ET",Up,BUY,10,0.85,0xc19d77aa81e4d53ca2fde9b0cfb5183a0d0c145efc250186e325d8aaa0dfb5a4,2026-05-03 20:32:50,0x797df49a4c59a0e5ecbb2a9a67c01ddcf20026fdd5d32a91a2b874b1f6e3b538,bitcoin-up-or-down-may-3-2026-1pm-et
"Bitcoin Up or Down - May 3, 1:30PM-1:35PM ET",Up,BUY,84.24,0.6808594491927825,0x0702f87abc413edb00cbb1b0a269766f715daaca958806e5949e1a4dd047f9ec,2026-05-03 20:32:50,0xf654cbd589505268a0204380acec75ab974c336c9039c1285a0a33e303e9eb91,btc-updown-5m-1777829400
"Bitcoin Up or Down - May 3, 1:30PM-1:45PM ET",Up,BUY,11,0.59,0x2a4c39ac697b59d7a9f12cf6d3b6a75a8edfd8d3a58a1a3b5ef116a5cbb53aa3,2026-05-03 20:32:50,0xbeb6703a820bb42b1d706fcfed96f8038236b80dd82c58567cfc5677b77d412f,btc-updown-15m-1777829400
"Bitcoin Up or Down - May 3, 1:30PM-1:45PM ET",Up,BUY,10,0.59,0x2a4c39ac697b59d7a9f12cf6d3b6a75a8edfd8d3a58a1a3b5ef116a5cbb53aa3,2026-05-03 20:32:50,0x83168f6564b7f7e7e96280f470908497a749b7f841e9d74b05074cd3d7d38af3,btc-updown-15m-1777829400
"Bitcoin Up or Down - May 3, 1:30PM-1:35PM ET",Up,BUY,84.05,0.7242772159428912,0x0702f87abc413edb00cbb1b0a269766f715daaca958806e5949e1a4dd047f9ec,2026-05-03 20:32:50,0x2962a0051ad691c39f643e8c33222bd52094aefa4d0e914e400eaf10782b72be,btc-updown-5m-1777829400
"Ethereum Up or Down - May 3, 1:30PM-1:35PM ET",Up,BUY,31,0.9067419354838709,0x32569b6caf4dedb51bb4a4bf28e4cd4d2e0a567727e4da3d193fb933eedbd1da,2026-05-03 20:32:48,0x1f83e75e005482c19809139f66489f35bcee30c4d2f40d202e2ca98b334f4d4d,eth-updown-5m-1777829400
"Ethereum Up or Down - May 3, 1:30PM-1:35PM ET",Up,BUY,20.1,0.9,0x32569b6caf4dedb51bb4a4bf28e4cd4d2e0a567727e4da3d193fb933eedbd1da,2026-05-03 20:32:46,0x98959e108f53afe2f9bc3ebe53bbb00cbe2dcdec3ea6e6994c923669b893d539,eth-updown-5m-1777829400
"Ethereum Up or Down - May 3, 1:30PM-1:35PM ET",Down,BUY,16,0.17,0x32569b6caf4dedb51bb4a4bf28e4cd4d2e0a567727e4da3d193fb933eedbd1da,2026-05-03 20:32:30,0x72da2e04133d38ba521362c8a6858b2d61c792871fe21cd352e3951db2af8180,eth-updown-5m-1777829400
"Ethereum Up or Down - May 3, 1:30PM-1:35PM ET",Down,BUY,20,0.12,0x32569b6caf4dedb51bb4a4bf28e4cd4d2e0a567727e4da3d193fb933eedbd1da,2026-05-03 20:32:28,0x5fb281b39e47cb60bc824415500253b177fd553b7e860361a50f15c86a41c9c5,eth-updown-5m-1777829400
"Bitcoin Up or Down - May 3, 1:30PM-1:35PM ET",Up,BUY,5,0.6,0x0702f87abc413edb00cbb1b0a269766f715daaca958806e5949e1a4dd047f9ec,2026-05-03 20:32:12,0x9e59b044f606cfdc6f0639a698e1e73592d662bbf7a903efb3cb7952fed56949,btc-updown-5m-1777829400
"Ethereum Up or Down - May 3, 1:30PM-1:35PM ET",Up,BUY,3.64,0.74,0x32569b6caf4dedb51bb4a4bf28e4cd4d2e0a567727e4da3d193fb933eedbd1da,2026-05-03 20:32:04,0xd7a5e136751a74b12664a512a979c88ed761f467176a876d43157b5fdc088cc7,eth-updown-5m-1777829400
"Ethereum Up or Down - May 3, 1:30PM-1:35PM ET",Down,BUY,12,0.27,0x32569b6caf4dedb51bb4a4bf28e4cd4d2e0a567727e4da3d193fb933eedbd1da,2026-05-03 20:31:50,0xc69c155dba358dff0e968316659f7845aa7e334b6c502485337363a508672fa8,eth-updown-5m-1777829400
"Bitcoin Up or Down - May 3, 1PM ET",Down,BUY,8,0.18,0xc19d77aa81e4d53ca2fde9b0cfb5183a0d0c145efc250186e325d8aaa0dfb5a4,2026-05-03 20:31:50,0xc2fbb6213bad4051c9df55f1a43d67c584bb3387ba8b948f2a34d0022e3cf401,bitcoin-up-or-down-may-3-2026-1pm-et
"Ethereum Up or Down - May 3, 1:30PM-1:35PM ET",Down,BUY,12,0.27,0x32569b6caf4dedb51bb4a4bf28e4cd4d2e0a567727e4da3d193fb933eedbd1da,2026-05-03 20:31:50,0x8d68934dee8fbe4c77f7fc24a997034ecbd3472d356dc701a25aa5fb4cde82d1,eth-updown-5m-1777829400
"Ethereum Up or Down - May 3, 1:30PM-1:35PM ET",Down,BUY,13,0.27,0x32569b6caf4dedb51bb4a4bf28e4cd4d2e0a567727e4da3d193fb933eedbd1da,2026-05-03 20:31:50,0x3fb7e7de3cd8e3f333c11df9beb55a1b4e05757dcc073bcb4c5599a8032573b3,eth-updown-5m-1777829400
"Bitcoin Up or Down - May 3, 1:30PM-1:45PM ET",Down,BUY,5,0.47,0x2a4c39ac697b59d7a9f12cf6d3b6a75a8edfd8d3a58a1a3b5ef116a5cbb53aa3,2026-05-03 20:31:50,0xfafa6badc1222e0eb32fd8521d4ac48040193135a32abd8179d91bd618bda96c,btc-updown-15m-1777829400
"Ethereum Up or Down - May 3, 1:30PM-1:35PM ET",Down,BUY,13,0.24,0x32569b6caf4dedb51bb4a4bf28e4cd4d2e0a567727e4da3d193fb933eedbd1da,2026-05-03 20:31:50,0xd7364bcdadf8fde1dbed94868c31fc743d9ac973cb2107fde4bb1812a0a3eb4b,eth-updown-5m-1777829400
"Ethereum Up or Down - May 3, 1:30PM-1:35PM ET",Up,BUY,15,0.77,0x32569b6caf4dedb51bb4a4bf28e4cd4d2e0a567727e4da3d193fb933eedbd1da,2026-05-03 20:31:24,0x963d49f771905f7ed3707e03fa52dd6670fd063dcaf3c702445c0326748855c9,eth-updown-5m-1777829400
"Ethereum Up or Down - May 3, 1:30PM-1:35PM ET",Up,BUY,14,0.77,0x32569b6caf4dedb51bb4a4bf28e4cd4d2e0a567727e4da3d193fb933eedbd1da,2026-05-03 20:31:24,0x483ed940fcc6e1881166e43207444a1abece05147919d0320af304f0d82ef0b1,eth-updown-5m-1777829400
"Ethereum Up or Down - May 3, 1:30PM-1:35PM ET",Up,BUY,15,0.7566666666666667,0x32569b6caf4dedb51bb4a4bf28e4cd4d2e0a567727e4da3d193fb933eedbd1da,2026-05-03 20:31:24,0xa19ceeedf766d0fa08a2f566d570f0bf90a5cbec1912f2e7e04433d41547232d,eth-updown-5m-1777829400
"Ethereum Up or Down - May 3, 1:30PM-1:35PM ET",Down,BUY,12,0.26,0x32569b6caf4dedb51bb4a4bf28e4cd4d2e0a567727e4da3d193fb933eedbd1da,2026-05-03 20:31:00,0x81cccd3875aa3b5893c3f52a2e71f565a82bf8b14faac5cf8ec7d5239d20e19b,eth-updown-5m-1777829400
"Ethereum Up or Down - May 3, 1:30PM-1:35PM ET",Down,BUY,13,0.2691153846153846,0x32569b6caf4dedb51bb4a4bf28e4cd4d2e0a567727e4da3d193fb933eedbd1da,2026-05-03 20:31:00,0x2234ed446f108696c31dda2923c78c81c02e2960d25bd1ba42bbc0d3678f3ba1,eth-updown-5m-1777829400
"Bitcoin Up or Down - May 3, 1:30PM-1:35PM ET",Down,BUY,83,0.3926421686746988,0x0702f87abc413edb00cbb1b0a269766f715daaca958806e5949e1a4dd047f9ec,2026-05-03 20:31:00,0x6ed983b9aa499838a6cf6ffc3707e1b855f93c03f0895f3b79c134433da447e9,btc-updown-5m-1777829400
"Bitcoin Up or Down - May 3, 1:30PM-1:35PM ET",Down,BUY,59,0.4161016949152542,0x0702f87abc413edb00cbb1b0a269766f715daaca958806e5949e1a4dd047f9ec,2026-05-03 20:31:00,0xc569fe6f9fe30a0c63afa300e9061dbf129a0508aa040c32f8b488814c18a96a,btc-updown-5m-1777829400
"Bitcoin Up or Down - May 3, 1:30PM-1:35PM ET",Down,BUY,80,0.41425,0x0702f87abc413edb00cbb1b0a269766f715daaca958806e5949e1a4dd047f9ec,2026-05-03 20:30:58,0x32adb0ac5291612c1efae00da35b1c5b6df734598f59f860e52afc3100f3fb05,btc-updown-5m-1777829400
"Bitcoin Up or Down - May 3, 1:30PM-1:45PM ET",Down,BUY,10,0.44,0x2a4c39ac697b59d7a9f12cf6d3b6a75a8edfd8d3a58a1a3b5ef116a5cbb53aa3,2026-05-03 20:30:58,0x2c27126700b0a9d859bedcb6f3f2938c9622a8d657bb2734d61516a4fccec6f7,btc-updown-15m-1777829400
"Bitcoin Up or Down - May 3, 1:30PM-1:35PM ET",Down,BUY,80,0.412925,0x0702f87abc413edb00cbb1b0a269766f715daaca958806e5949e1a4dd047f9ec,2026-05-03 20:30:58,0xf54c27ef894fcac92603526ab832f72407547609ca8c494f15a2efe0cb2089ae,btc-updown-5m-1777829400
"Bitcoin Up or Down - May 3, 1:30PM-1:45PM ET",Down,BUY,10,0.44,0x2a4c39ac697b59d7a9f12cf6d3b6a75a8edfd8d3a58a1a3b5ef116a5cbb53aa3,2026-05-03 20:30:58,0x65228b935411d0caad52af8a28d1c69bb06aba1bc5cb8485c8652ff8d235b77f,btc-updown-15m-1777829400
"Bitcoin Up or Down - May 3, 1PM ET",Up,BUY,8,0.82,0xc19d77aa81e4d53ca2fde9b0cfb5183a0d0c145efc250186e325d8aaa0dfb5a4,2026-05-03 20:30:54,0x8ce636b81227ea8fc4e9a5c4d9f916287b55f65bbb193799531adad6c6d01ae5,bitcoin-up-or-down-may-3-2026-1pm-et
"Ethereum Up or Down - May 3, 1:30PM-1:35PM ET",Up,BUY,7.1,0.76,0x32569b6caf4dedb51bb4a4bf28e4cd4d2e0a567727e4da3d193fb933eedbd1da,2026-05-03 20:30:54,0x3c61477d065477c9e0c9de7c9358dcbc5d09d6c20e1da157c8b0a1230a7e31e7,eth-updown-5m-1777829400
"Ethereum Up or Down - May 3, 1:30PM-1:35PM ET",Up,BUY,10,0.73,0x32569b6caf4dedb51bb4a4bf28e4cd4d2e0a567727e4da3d193fb933eedbd1da,2026-05-03 20:30:54,0xde3248be83fa689345dfff346132588c976b38646a36e5536d941b45413666d9,eth-updown-5m-1777829400
"Ethereum Up or Down - May 3, 1:30PM-1:35PM ET",Up,BUY,12,0.72,0x32569b6caf4dedb51bb4a4bf28e4cd4d2e0a567727e4da3d193fb933eedbd1da,2026-05-03 20:30:52,0x0677e1cb615f827f65955352d211e399c21d7b849d5aa7810f6b7c46da6c38e5,eth-updown-5m-1777829400
"Ethereum Up or Down - May 3, 1:30PM-1:35PM ET",Up,BUY,4,0.68,0x32569b6caf4dedb51bb4a4bf28e4cd4d2e0a567727e4da3d193fb933eedbd1da,2026-05-03 20:30:52,0x495ee60fd5e4cb8e0e5413796cee2957f4dacdb69b34cb1fdb1779713e2fa2e3,eth-updown-5m-1777829400
"Ethereum Up or Down - May 3, 1:30PM-1:35PM ET",Up,BUY,11,0.6454545454545455,0x32569b6caf4dedb51bb4a4bf28e4cd4d2e0a567727e4da3d193fb933eedbd1da,2026-05-03 20:30:52,0x1c76e15af1226307be1ca9211a04629c14872ca1c7630df50781bbcbe2585adf,eth-updown-5m-1777829400
"Bitcoin Up or Down - May 3, 1:30PM-1:35PM ET",Up,BUY,80,0.4978125,0x0702f87abc413edb00cbb1b0a269766f715daaca958806e5949e1a4dd047f9ec,2026-05-03 20:30:48,0x257ff6db37001f3fc6fdb4661521cdc1cfec6bd0ec221b188ba6ce0e008d4fb3,btc-updown-5m-1777829400
"Bitcoin Up or Down - May 3, 1PM ET",Up,BUY,8,0.81,0xc19d77aa81e4d53ca2fde9b0cfb5183a0d0c145efc250186e325d8aaa0dfb5a4,2026-05-03 20:30:46,0xe573bb0b8e8c021c6f1a5503a07765398ad71b200f8b335040ebb23c43b7a0c0,bitcoin-up-or-down-may-3-2026-1pm-et
"Bitcoin Up or Down - May 3, 1:30PM-1:45PM ET",Up,BUY,10,0.48,0x2a4c39ac697b59d7a9f12cf6d3b6a75a8edfd8d3a58a1a3b5ef116a5cbb53aa3,2026-05-03 20:30:46,0xa5b52add9e58e58c3d128d34bab2a9e42d7fd018456eec909780a4959e689c13,btc-updown-15m-1777829400
"Bitcoin Up or Down - May 3, 1:30PM-1:35PM ET",Up,BUY,80,0.46385,0x0702f87abc413edb00cbb1b0a269766f715daaca958806e5949e1a4dd047f9ec,2026-05-03 20:30:42,0x2de26a008d5c4386f5586b9382d80ef667a46dd6eed8e118a02f44533affdaf5,btc-updown-5m-1777829400
"Bitcoin Up or Down - May 3, 1:30PM-1:45PM ET",Up,BUY,10,0.45,0x2a4c39ac697b59d7a9f12cf6d3b6a75a8edfd8d3a58a1a3b5ef116a5cbb53aa3,2026-05-03 20:30:42,0xfac32248fc89e39c7e0fa3de8840e7abd85302bbefe0b5516a206652335a5064,btc-updown-15m-1777829400
"Bitcoin Up or Down - May 3, 1:30PM-1:45PM ET",Up,BUY,10,0.47,0x2a4c39ac697b59d7a9f12cf6d3b6a75a8edfd8d3a58a1a3b5ef116a5cbb53aa3,2026-05-03 20:30:42,0xa083c705832ed84bf496e0215f95f54b6f97d15469b17154042efb7206caaa8e,btc-updown-15m-1777829400
"Bitcoin Up or Down - May 3, 1:30PM-1:35PM ET",Up,BUY,80,0.46236875,0x0702f87abc413edb00cbb1b0a269766f715daaca958806e5949e1a4dd047f9ec,2026-05-03 20:30:42,0x8f4d2c6d70f77c8c613910f5c375845bdcdc6f5f8a62d496ab18edb22e02a7f0,btc-updown-5m-1777829400
"Bitcoin Up or Down - May 3, 1PM ET",Up,BUY,8,0.8094125,0xc19d77aa81e4d53ca2fde9b0cfb5183a0d0c145efc250186e325d8aaa0dfb5a4,2026-05-03 20:30:42,0x15ff23a9d219b9228b56a40445c05074ca217f091f20c4af2f1be7cacfbe5e88,bitcoin-up-or-down-may-3-2026-1pm-et
"Bitcoin Up or Down - May 3, 1:30PM-1:45PM ET",Up,BUY,10,0.47,0x2a4c39ac697b59d7a9f12cf6d3b6a75a8edfd8d3a58a1a3b5ef116a5cbb53aa3,2026-05-03 20:30:42,0x917465fe1b0cf5d1b59d026eee00dba289a6281cc0d2b72324964014925a996a,btc-updown-15m-1777829400
"Bitcoin Up or Down - May 3, 1PM ET",Up,BUY,8,0.8,0xc19d77aa81e4d53ca2fde9b0cfb5183a0d0c145efc250186e325d8aaa0dfb5a4,2026-05-03 20:30:42,0xc730f47ada60ab4d8958cf56df6dfa3e0a28945123066f14874f11b6dfd76f4f,bitcoin-up-or-down-may-3-2026-1pm-et
"Bitcoin Up or Down - May 3, 1:30PM-1:35PM ET",Up,BUY,30.54,0.46,0x0702f87abc413edb00cbb1b0a269766f715daaca958806e5949e1a4dd047f9ec,2026-05-03 20:30:42,0xbf2c63e6e4aaedb165d027470f8e828392f294ff3cdf4ccba97c1852cf551e54,btc-updown-5m-1777829400
"Ethereum Up or Down - May 3, 1:30PM-1:35PM ET",Up,BUY,11,0.59,0x32569b6caf4dedb51bb4a4bf28e4cd4d2e0a567727e4da3d193fb933eedbd1da,2026-05-03 20:30:42,0x07c9142ccaad150cc3156a88dfd6e0a2ec2ef38f956678813ab3d1fe795f5848,eth-updown-5m-1777829400
"Bitcoin Up or Down - May 3, 1:30PM-1:35PM ET",Up,BUY,8.21,0.3760901339829476,0x0702f87abc413edb00cbb1b0a269766f715daaca958806e5949e1a4dd047f9ec,2026-05-03 20:30:42,0x3337ea2eb9ec76ba98475d24ef5c395529bfdc886a3d1d04278f731a15165c94,btc-updown-5m-1777829400
"Bitcoin Up or Down - May 3, 12:00PM-4:00PM ET",Up,BUY,5,0.62,0x5d6396444a4fc085f2f01aac5ecbbb97bc5c92b612dc0ceb5bdc6bdd7a197933,2026-05-03 20:30:42,0xce089848e3a8c2dc79b1997f28fbf3da912fee90927eea8179d284b837134d0b,btc-updown-4h-1777824000
"Ethereum Up or Down - May 3, 1:30PM-1:35PM ET",Up,BUY,11,0.62,0x32569b6caf4dedb51bb4a4bf28e4cd4d2e0a567727e4da3d193fb933eedbd1da,2026-05-03 20:30:38,0x73c6a0689506673cc6583452260d935175469e1d4143ac5c8211ed445f68c95b,eth-updown-5m-1777829400
"Bitcoin Up or Down - May 3, 1:30PM-1:35PM ET",Down,BUY,82,0.55,0x0702f87abc413edb00cbb1b0a269766f715daaca958806e5949e1a4dd047f9ec,2026-05-03 20:30:28,0x2bcce97c0f6847229ef52eda2170daade4e0f9708616e48573a3b8a810a2b614,btc-updown-5m-1777829400
"Ethereum Up or Down - May 3, 1:30PM-1:35PM ET",Down,BUY,10,0.42,0x32569b6caf4dedb51bb4a4bf28e4cd4d2e0a567727e4da3d193fb933eedbd1da,2026-05-03 20:30:28,0x5361da45159aabb09d8c1718d1fc5ff1e95b5e5189c77573c4a8888685658db8,eth-updown-5m-1777829400
"Bitcoin Up or Down - May 3, 1:30PM-1:45PM ET",Down,BUY,10,0.54,0x2a4c39ac697b59d7a9f12cf6d3b6a75a8edfd8d3a58a1a3b5ef116a5cbb53aa3,2026-05-03 20:30:26,0x8b31cb780a1bb5ee5977d4a95315da405f8bcba04ce1c2f34f866165d4daaba8,btc-updown-15m-1777829400
"Ethereum Up or Down - May 3, 1:30PM-1:35PM ET",Down,BUY,10,0.42,0x32569b6caf4dedb51bb4a4bf28e4cd4d2e0a567727e4da3d193fb933eedbd1da,2026-05-03 20:30:26,0x3844a0a9c19c6ac269aac73daccacde1b9ad0bd1fd5c0d13600ceceb0d1fd9f1,eth-updown-5m-1777829400
"Ethereum Up or Down - May 3, 1:30PM-1:35PM ET",Down,BUY,5,0.41,0x32569b6caf4dedb51bb4a4bf28e4cd4d2e0a567727e4da3d193fb933eedbd1da,2026-05-03 20:30:10,0x9d5f61dcd1561fe1f4d71fcd46a9d0c7c9bb348f21e839a18e49e818fb61e09a,eth-updown-5m-1777829400
"Bitcoin Up or Down - May 3, 1:30PM-1:35PM ET",Down,BUY,81,0.53,0x0702f87abc413edb00cbb1b0a269766f715daaca958806e5949e1a4dd047f9ec,2026-05-03 20:30:10,0x19a9d38e0aeeebf1d3cbbc6a2d6bf867f16fb521260591730ad98d59556f9ac0,btc-updown-5m-1777829400
"Ethereum Up or Down - May 3, 1:30PM-1:35PM ET",Down,BUY,4.94,0.46,0x32569b6caf4dedb51bb4a4bf28e4cd4d2e0a567727e4da3d193fb933eedbd1da,2026-05-03 20:30:10,0x5adaf9bb26a3511f8308ad64265fdf3de4d8de5ab1817675e7e8e0497740f057,eth-updown-5m-1777829400
"Ethereum Up or Down - May 3, 1:30PM-1:35PM ET",Up,BUY,2.31,0.59,0x32569b6caf4dedb51bb4a4bf28e4cd4d2e0a567727e4da3d193fb933eedbd1da,2026-05-03 20:30:08,0x0f02531869c098c1828ae9ea4cf89d9001b2085b2c228017f4fd4a248c793f28,eth-updown-5m-1777829400
"Bitcoin Up or Down - May 3, 1:30PM-1:35PM ET",Up,BUY,80,0.474285,0x0702f87abc413edb00cbb1b0a269766f715daaca958806e5949e1a4dd047f9ec,2026-05-03 20:30:06,0xbcb39da81b7fd3802e66f02d44db0e6e0b0bc8157a524ab56f3436d517074b9b,btc-updown-5m-1777829400
"Ethereum Up or Down - May 3, 1:30PM-1:35PM ET",Up,BUY,3.81,0.53,0x32569b6caf4dedb51bb4a4bf28e4cd4d2e0a567727e4da3d193fb933eedbd1da,2026-05-03 20:30:04,0x7021cefac3e5689511775315867785185b3a53d02b4fa48e0aa2ae6c16b1d305,eth-updown-5m-1777829400
"Ethereum Up or Down - May 3, 1:30PM-1:35PM ET",Up,BUY,10,0.53,0x32569b6caf4dedb51bb4a4bf28e4cd4d2e0a567727e4da3d193fb933eedbd1da,2026-05-03 20:30:04,0xce0fcaac9832d140240ce6038744f9eeb3717fca9c2325d5678b6b74a3eaee26,eth-updown-5m-1777829400
"Ethereum Up or Down - May 3, 1:30PM-1:35PM ET",Up,BUY,10,0.5,0x32569b6caf4dedb51bb4a4bf28e4cd4d2e0a567727e4da3d193fb933eedbd1da,2026-05-03 20:30:04,0xe58f6068d8cf3c610a6c06be21dee46f5c7df47128766e2c311044e2e7b00020,eth-updown-5m-1777829400
"Ethereum Up or Down - May 3, 1:25PM-1:30PM ET",Up,BUY,21,0.11,0xbb8d02612584726e434dacc53d7454ad7924de3b2a2d108dec520bd74bfca131,2026-05-03 20:29:24,0x3fc744be5b019e5587d2e4e6057800d970f42907311f62c4a22bba29748ca454,eth-updown-5m-1777829100
"Ethereum Up or Down - May 3, 1:25PM-1:30PM ET",Up,BUY,16,0.11,0xbb8d02612584726e434dacc53d7454ad7924de3b2a2d108dec520bd74bfca131,2026-05-03 20:29:24,0xa601f8a9121fa651b060182ef8cea621ac3b567a3dc8380b1ab6143b6f12461c,eth-updown-5m-1777829100
"Ethereum Up or Down - May 3, 1:25PM-1:30PM ET",Up,BUY,5,0.09,0xbb8d02612584726e434dacc53d7454ad7924de3b2a2d108dec520bd74bfca131,2026-05-03 20:28:48,0xd6de497073a271fa3e50276787470d8580982864e102a50c38876d32d5364144,eth-updown-5m-1777829100
"Ethereum Up or Down - May 3, 1:25PM-1:30PM ET",Up,BUY,34,0.06,0xbb8d02612584726e434dacc53d7454ad7924de3b2a2d108dec520bd74bfca131,2026-05-03 20:28:42,0x6a436bcec52e99f9c337f20604667431139bd95a9b888de68dee2e8bc784121c,eth-updown-5m-1777829100
"Ethereum Up or Down - May 3, 1:25PM-1:30PM ET",Up,BUY,31,0.06032903225806452,0xbb8d02612584726e434dacc53d7454ad7924de3b2a2d108dec520bd74bfca131,2026-05-03 20:28:42,0xfa89f74a69347c192f611a2af9f461bb39cffba339fdfe44d69c10d9c427cd8b,eth-updown-5m-1777829100
"Bitcoin Up or Down - May 3, 1:25PM-1:30PM ET",Down,BUY,421,0.9475577197149644,0x03afb756ce58ee2e30f0cb2ab3966f9872f3c4bfcf002d3139ca08525c817737,2026-05-03 20:28:32,0x6a31dab21d863e71baa9fc4fe794ef413fa7b3e164b6e8df835ee088247be5c9,btc-updown-5m-1777829100
"Bitcoin Up or Down - May 3, 1:25PM-1:30PM ET",Down,BUY,62.24,0.96,0x03afb756ce58ee2e30f0cb2ab3966f9872f3c4bfcf002d3139ca08525c817737,2026-05-03 20:28:32,0xc3ae714199f32785d8dd863fbafb9f21f3223f61d89a959d94497addf2e7c0d4,btc-updown-5m-1777829100
"Ethereum Up or Down - May 3, 1:25PM-1:30PM ET",Down,BUY,44,0.9159545454545455,0xbb8d02612584726e434dacc53d7454ad7924de3b2a2d108dec520bd74bfca131,2026-05-03 20:28:32,0x0ed2570ba65419d85bcf8b291afc0336bdc121ec3fe60f3b034a84353b1f6a7e,eth-updown-5m-1777829100
"Bitcoin Up or Down - May 3, 1:25PM-1:30PM ET",Down,BUY,886.76,0.9771356398574587,0x03afb756ce58ee2e30f0cb2ab3966f9872f3c4bfcf002d3139ca08525c817737,2026-05-03 20:28:32,0x72daf0072ae676d9192059882d724c115f71e71d3969c03080babdb3ba1e1eac,btc-updown-5m-1777829100
"Ethereum Up or Down - May 3, 1:25PM-1:30PM ET",Down,BUY,53,0.93,0xbb8d02612584726e434dacc53d7454ad7924de3b2a2d108dec520bd74bfca131,2026-05-03 20:28:32,0x0eb27f7839072b0a0a850eaf58df5d82b7c8f552ad00efe65e180ba258ed49ff,eth-updown-5m-1777829100
"Ethereum Up or Down - May 3, 1:25PM-1:30PM ET",Down,BUY,31,0.88,0xbb8d02612584726e434dacc53d7454ad7924de3b2a2d108dec520bd74bfca131,2026-05-03 20:28:32,0x783d9607516919648d27be287c1cbb2b4f5b4c50972ba881231e6c14adff8d08,eth-updown-5m-1777829100
"Bitcoin Up or Down - May 3, 1:15PM-1:30PM ET",Down,BUY,65,0.025538461538461538,0xf32d0dd835c09ed8e1ec5b55fe9661b2e05e84224db6c6b474ced0b492c2b64a,2026-05-03 20:28:32,0xbe0d8083f388017c943688dc4cf5af2a0020d8ed5946f80c2d6569611243c382,btc-updown-15m-1777828500
"Ethereum Up or Down - May 3, 1:25PM-1:30PM ET",Down,BUY,18,0.82,0xbb8d02612584726e434dacc53d7454ad7924de3b2a2d108dec520bd74bfca131,2026-05-03 20:28:26,0x9807ef6d90faf8b36d026488e666ae4ed84d3f8f44c50956d1353f3caecaf1b5,eth-updown-5m-1777829100
"Bitcoin Up or Down - May 3, 1:25PM-1:30PM ET",Up,BUY,117,0.08,0x03afb756ce58ee2e30f0cb2ab3966f9872f3c4bfcf002d3139ca08525c817737,2026-05-03 20:28:24,0x4b016fb5cda71c3a71ee5489e13f6a7315607afd909c29b06780ea111b5c0d16,btc-updown-5m-1777829100
"Bitcoin Up or Down - May 3, 1:25PM-1:30PM ET",Up,BUY,121,0.08,0x03afb756ce58ee2e30f0cb2ab3966f9872f3c4bfcf002d3139ca08525c817737,2026-05-03 20:28:24,0x0600564f8cccbefbc5b0312030a872a4d80bc47dcae7f48ee1037c8d9929ba8d,btc-updown-5m-1777829100
"Bitcoin Up or Down - May 3, 1:15PM-1:30PM ET",Down,BUY,86,0.02,0xf32d0dd835c09ed8e1ec5b55fe9661b2e05e84224db6c6b474ced0b492c2b64a,2026-05-03 20:28:24,0xee92faa88b90cd29d65fc0cc65925d0b7d112938eb734ca192ac2a90721ea8a0,btc-updown-15m-1777828500
"Bitcoin Up or Down - May 3, 1PM ET",Down,BUY,9,0.15,0xc19d77aa81e4d53ca2fde9b0cfb5183a0d0c145efc250186e325d8aaa0dfb5a4,2026-05-03 20:28:24,0x6bee03a34e29323641edfebdd6e9d9e6109556f6f54a02de85c8afbe29376c5e,bitcoin-up-or-down-may-3-2026-1pm-et
"Bitcoin Up or Down - May 3, 1:25PM-1:30PM ET",Down,BUY,95,0.6609168421052631,0x03afb756ce58ee2e30f0cb2ab3966f9872f3c4bfcf002d3139ca08525c817737,2026-05-03 20:28:20,0xe59141bda8336222c00a9c108ac300fb73ba71659333d9a16a244bfdde5e7bb7,btc-updown-5m-1777829100
"Ethereum Up or Down - May 3, 1:25PM-1:30PM ET",Down,BUY,14,0.71,0xbb8d02612584726e434dacc53d7454ad7924de3b2a2d108dec520bd74bfca131,2026-05-03 20:28:18,0x5519f97fc0b5e2fa95a7add3a1ee8ef59bbc51efeee66c3100130e131ced3b3c,eth-updown-5m-1777829100
"Ethereum Up or Down - May 3, 1:25PM-1:30PM ET",Down,BUY,13,0.71,0xbb8d02612584726e434dacc53d7454ad7924de3b2a2d108dec520bd74bfca131,2026-05-03 20:28:18,0xbe37c28bd3243ea2abb3a75cfcdbe34e7a85bfdc8cf5fe880f2767b327d7cc95,eth-updown-5m-1777829100
"Bitcoin Up or Down - May 3, 12:00PM-4:00PM ET",Down,BUY,5,0.35,0x5d6396444a4fc085f2f01aac5ecbbb97bc5c92b612dc0ceb5bdc6bdd7a197933,2026-05-03 20:28:18,0xf5119700100068977a989a502c94d33c8d1a49d520f977cc1c55a76681cd7275,btc-updown-4h-1777824000
"Ethereum Up or Down - May 3, 1:25PM-1:30PM ET",Down,BUY,10,0.39,0xbb8d02612584726e434dacc53d7454ad7924de3b2a2d108dec520bd74bfca131,2026-05-03 20:28:06,0xe135493bf0e2e577dd00406c3e52c0f68552e8f406fa5873e592b0cbf5022381,eth-updown-5m-1777829100
"Bitcoin Up or Down - May 3, 1:25PM-1:30PM ET",Up,BUY,5,0.25,0x03afb756ce58ee2e30f0cb2ab3966f9872f3c4bfcf002d3139ca08525c817737,2026-05-03 20:27:32,0xf0f5e8cb632cd12066efb6ef2f46d1a2a8611d577337a1f4eb566e1f5b583f62,btc-updown-5m-1777829100
"Bitcoin Up or Down - May 3, 1PM ET",Up,BUY,9,0.84,0xc19d77aa81e4d53ca2fde9b0cfb5183a0d0c145efc250186e325d8aaa0dfb5a4,2026-05-03 20:27:30,0xd1a744f05825da5c1a5a08d1eed45aec298176cb55a8f3ae4a155d10e6edb9f0,bitcoin-up-or-down-may-3-2026-1pm-et
"Ethereum Up or Down - May 3, 1:25PM-1:30PM ET",Down,BUY,18,0.8,0xbb8d02612584726e434dacc53d7454ad7924de3b2a2d108dec520bd74bfca131,2026-05-03 20:27:26,0xda8bb4b034a9a91b79bfad5c6e38273bc3b472943565d082546a32d3344124af,eth-updown-5m-1777829100
"Ethereum Up or Down - May 3, 1:25PM-1:30PM ET",Down,BUY,16,0.8,0xbb8d02612584726e434dacc53d7454ad7924de3b2a2d108dec520bd74bfca131,2026-05-03 20:27:26,0x74330d943cb46a3eb46ebe141d61ed346b9b764263766de56bc5737ab83f6c16,eth-updown-5m-1777829100
"Bitcoin Up or Down - May 3, 1:25PM-1:30PM ET",Down,BUY,355,0.89,0x03afb756ce58ee2e30f0cb2ab3966f9872f3c4bfcf002d3139ca08525c817737,2026-05-03 20:27:18,0xf505e1f50a4625efcbd152da09cf785574e8ccb86ca8c73bcbd43085c29a7108,btc-updown-5m-1777829100
"Bitcoin Up or Down - May 3, 1:25PM-1:30PM ET",Down,BUY,244,0.8940926229508197,0x03afb756ce58ee2e30f0cb2ab3966f9872f3c4bfcf002d3139ca08525c817737,2026-05-03 20:27:18,0x44942171a00ad1d4cf8eda2a5ecd7a4f0a5ee77f03ab2ff3618a40e821a9d373,btc-updown-5m-1777829100
"Ethereum Up or Down - May 3, 1:25PM-1:30PM ET",Down,BUY,14,0.67,0xbb8d02612584726e434dacc53d7454ad7924de3b2a2d108dec520bd74bfca131,2026-05-03 20:27:18,0x90dd9cb0d9c2697d7a37512375708ed1cfbc7905c86bef1c6463d8008f067519,eth-updown-5m-1777829100
"Ethereum Up or Down - May 3, 1:25PM-1:30PM ET",Down,BUY,11,0.67,0xbb8d02612584726e434dacc53d7454ad7924de3b2a2d108dec520bd74bfca131,2026-05-03 20:27:18,0x69c1b3ce5d4b1d3ab79c79e16aa14b81c29314cfd6e93d093dd5bade2872629f,eth-updown-5m-1777829100
"Ethereum Up or Down - May 3, 1:25PM-1:30PM ET",Down,BUY,13,0.68,0xbb8d02612584726e434dacc53d7454ad7924de3b2a2d108dec520bd74bfca131,2026-05-03 20:27:18,0xb34aa6d78a8c32fce224e8a21dd843d98ce4aa238c9a239e2b76534f68cc0997,eth-updown-5m-1777829100
"Ethereum Up or Down - May 3, 1:25PM-1:30PM ET",Down,BUY,15,0.6721333333333334,0xbb8d02612584726e434dacc53d7454ad7924de3b2a2d108dec520bd74bfca131,2026-05-03 20:27:18,0x4a68cfd0cb018fdbecbcf9472e52527b717915f8311be001d1f1e1bb9adcc281,eth-updown-5m-1777829100
"Bitcoin Up or Down - May 3, 1:25PM-1:30PM ET",Down,BUY,180.62,0.8631497065662718,0x03afb756ce58ee2e30f0cb2ab3966f9872f3c4bfcf002d3139ca08525c817737,2026-05-03 20:27:18,0x3a4c697f1dcad7ff984762a5d6cb75d99db6a561987b45ea30126590e78bf4cc,btc-updown-5m-1777829100
"Ethereum Up or Down - May 3, 1:25PM-1:30PM ET",Down,BUY,16,0.67,0xbb8d02612584726e434dacc53d7454ad7924de3b2a2d108dec520bd74bfca131,2026-05-03 20:27:18,0xfcb8a5142fc0368366484c9e9366ac7893637ac1bd76316556524f1cb25dae86,eth-updown-5m-1777829100
"Bitcoin Up or Down - May 3, 1:15PM-1:30PM ET",Down,BUY,65,0.03356923076923077,0xf32d0dd835c09ed8e1ec5b55fe9661b2e05e84224db6c6b474ced0b492c2b64a,2026-05-03 20:27:16,0x8ee6ccc031a36ea23b8c01610007a193ef2c9d2bd3b1c8cb3aa8a44b4cd42593,btc-updown-15m-1777828500
"Bitcoin Up or Down - May 3, 12:00PM-4:00PM ET",Down,BUY,0.87,0.34,0x5d6396444a4fc085f2f01aac5ecbbb97bc5c92b612dc0ceb5bdc6bdd7a197933,2026-05-03 20:27:14,0xb92f54a53d1a82012e1242a756a73f5b1ce0ddeebe2bdc8cd089328bf3507cb1,btc-updown-4h-1777824000
"Ethereum Up or Down - May 3, 1:25PM-1:30PM ET",Down,BUY,3.87,0.39,0xbb8d02612584726e434dacc53d7454ad7924de3b2a2d108dec520bd74bfca131,2026-05-03 20:27:04,0x15b2d633cd06ed1b612c76afc9f9ed06c2d91bbceeed5e2aa24d589e6f184ace,eth-updown-5m-1777829100
"Bitcoin Up or Down - May 3, 12:00PM-4:00PM ET",Down,BUY,6,0.33,0x5d6396444a4fc085f2f01aac5ecbbb97bc5c92b612dc0ceb5bdc6bdd7a197933,2026-05-03 20:27:04,0x0b3545f20d588671fa855117bec38f2a4e36fc9436d7b9c90d558fea3d4c025f,btc-updown-4h-1777824000
"Bitcoin Up or Down - May 3, 1:25PM-1:30PM ET",Up,BUY,84.74,0.612862874675478,0x03afb756ce58ee2e30f0cb2ab3966f9872f3c4bfcf002d3139ca08525c817737,2026-05-03 20:26:42,0xcb538c97512c1b45574f1716376241f29b229112e4b02f591921375b06b699e7,btc-updown-5m-1777829100
"Ethereum Up or Down - May 3, 1:25PM-1:30PM ET",Up,BUY,10,0.565,0xbb8d02612584726e434dacc53d7454ad7924de3b2a2d108dec520bd74bfca131,2026-05-03 20:26:28,0xe2d9d0e51ce3038725f3923828c64e5fad5fa08fe887aa01b416a9f8a0a76894,eth-updown-5m-1777829100
"Ethereum Up or Down - May 3, 1:25PM-1:30PM ET",Up,BUY,8,0.53,0xbb8d02612584726e434dacc53d7454ad7924de3b2a2d108dec520bd74bfca131,2026-05-03 20:26:18,0xaafc3bac76a3557ade2dcfae4e3230ced21b40070521f3142d307c32cd9a754c,eth-updown-5m-1777829100
"Bitcoin Up or Down - May 3, 1:25PM-1:30PM ET",Up,BUY,81,0.51,0x03afb756ce58ee2e30f0cb2ab3966f9872f3c4bfcf002d3139ca08525c817737,2026-05-03 20:26:16,0x27d8da32730b6dd7c20fb165177f86bf4ddd98e09a6e19a8b524279f861f4860,btc-updown-5m-1777829100
"Bitcoin Up or Down - May 3, 1PM ET",Down,BUY,13,0.11,0xc19d77aa81e4d53ca2fde9b0cfb5183a0d0c145efc250186e325d8aaa0dfb5a4,2026-05-03 20:26:08,0x1a0adf2a56be2d50d1fe79db30356540062b0d481abf05c67724129e4cf3e27f,bitcoin-up-or-down-may-3-2026-1pm-et
"Bitcoin Up or Down - May 3, 12:00PM-4:00PM ET",Down,BUY,6,0.33,0x5d6396444a4fc085f2f01aac5ecbbb97bc5c92b612dc0ceb5bdc6bdd7a197933,2026-05-03 20:26:04,0x97dde787d87fc576c019875f09631133e9b67a6cdbb5b2e8b79c476f207956d1,btc-updown-4h-1777824000
"Ethereum Up or Down - May 3, 1:25PM-1:30PM ET",Up,BUY,5.82,0.69,0xbb8d02612584726e434dacc53d7454ad7924de3b2a2d108dec520bd74bfca131,2026-05-03 20:26:00,0xdb5055a316a503bd3685df3892c048abe523ba19d045adacb783aa0e36b5a82b,eth-updown-5m-1777829100
"Bitcoin Up or Down - May 3, 12:00PM-4:00PM ET",Up,BUY,6,0.66,0x5d6396444a4fc085f2f01aac5ecbbb97bc5c92b612dc0ceb5bdc6bdd7a197933,2026-05-03 20:26:00,0x4626839f30c9429638a6cff52e0941646287dc2712bcdf6c0d1c4245b8cc048d,btc-updown-4h-1777824000
"Ethereum Up or Down - May 3, 1:25PM-1:30PM ET",Up,BUY,12,0.7,0xbb8d02612584726e434dacc53d7454ad7924de3b2a2d108dec520bd74bfca131,2026-05-03 20:26:00,0x54e32e8f71d5845e1bf999f672d91f4b27f41fba42f4b6bdbd064bdcd1ca4f23,eth-updown-5m-1777829100
"Ethereum Up or Down - May 3, 1:25PM-1:30PM ET",Down,BUY,11,0.33,0xbb8d02612584726e434dacc53d7454ad7924de3b2a2d108dec520bd74bfca131,2026-05-03 20:25:58,0x9d288b9d9c11791597ed4572aed8afc0e8ff9fe486d0f4b324fa6c6c9914f7aa,eth-updown-5m-1777829100
"Ethereum Up or Down - May 3, 1:25PM-1:30PM ET",Down,BUY,11,0.3350181818181818,0xbb8d02612584726e434dacc53d7454ad7924de3b2a2d108dec520bd74bfca131,2026-05-03 20:25:58,0x254e72df2307a990ab330a733d1a264e05d21570d39ceb01e0cecadccf7b63d7,eth-updown-5m-1777829100
"Ethereum Up or Down - May 3, 1:25PM-1:30PM ET",Down,BUY,11,0.33,0xbb8d02612584726e434dacc53d7454ad7924de3b2a2d108dec520bd74bfca131,2026-05-03 20:25:58,0xc897164840d81e4df9c3ebe981b941f99d1ad80a70d27b7148f7201c7a6dd4ea,eth-updown-5m-1777829100
"Ethereum Up or Down - May 3, 1:25PM-1:30PM ET",Up,BUY,11,0.68,0xbb8d02612584726e434dacc53d7454ad7924de3b2a2d108dec520bd74bfca131,2026-05-03 20:25:58,0x4417cf47e92c3eb52a9a1cbc1abcd45b904bcad7b0a0242430744ea6801ecabe,eth-updown-5m-1777829100
"Ethereum Up or Down - May 3, 1:15PM-1:30PM ET",Up,BUY,45,0.99,0x239d365b3219998ab1a7735a7780c2b2eb0e701dd03ca9026c1f36a101dbb416,2026-05-03 20:25:46,0x4e1acde41dab58013c5f9a213fc59fca50fb47c3ba2ba07da6cd248716469647,eth-updown-15m-1777828500
"Bitcoin Up or Down - May 3, 1:25PM-1:30PM ET",Up,BUY,56.32,0.4901260653409091,0x03afb756ce58ee2e30f0cb2ab3966f9872f3c4bfcf002d3139ca08525c817737,2026-05-03 20:25:32,0xb0d7b8473f1352d1c02955e3e0b7121234fc85a6544ea5149a4380f602bfaf0e,btc-updown-5m-1777829100
"Bitcoin Up or Down - May 3, 1PM ET",Up,BUY,11,0.87,0xc19d77aa81e4d53ca2fde9b0cfb5183a0d0c145efc250186e325d8aaa0dfb5a4,2026-05-03 20:25:32,0x313bae002195e7554eafbafd178a0de2327086375b628ad628411e5d3f5bb101,bitcoin-up-or-down-may-3-2026-1pm-et
"Bitcoin Up or Down - May 3, 1:25PM-1:30PM ET",Up,BUY,81,0.5200283950617284,0x03afb756ce58ee2e30f0cb2ab3966f9872f3c4bfcf002d3139ca08525c817737,2026-05-03 20:25:32,0x66dc115a8733092f07f83d2cf303b293729ee9ed68634d7750ea3ddbdbc726ad,btc-updown-5m-1777829100
"Bitcoin Up or Down - May 3, 1:25PM-1:30PM ET",Down,BUY,80,0.5,0x03afb756ce58ee2e30f0cb2ab3966f9872f3c4bfcf002d3139ca08525c817737,2026-05-03 20:25:26,0x126d778810a81bba12b13cb193dcf5a56226fe0b0fb927dafb9684d7e6ac4d2b,btc-updown-5m-1777829100
"Bitcoin Up or Down - May 3, 1:25PM-1:30PM ET",Up,BUY,80,0.487815,0x03afb756ce58ee2e30f0cb2ab3966f9872f3c4bfcf002d3139ca08525c817737,2026-05-03 20:25:16,0x8ef3bd60fac0292df2d3aed8114c789d54693d223617325b6210122ad92f7aa8,btc-updown-5m-1777829100
"Ethereum Up or Down - May 3, 1:25PM-1:30PM ET",Up,BUY,10,0.45,0xbb8d02612584726e434dacc53d7454ad7924de3b2a2d108dec520bd74bfca131,2026-05-03 20:25:14,0x37b9537e40743023c4c497997f32a38da4172961af7afae776e8633ad59e1580,eth-updown-5m-1777829100
"Bitcoin Up or Down - May 3, 1:25PM-1:30PM ET",Up,BUY,80,0.4680275,0x03afb756ce58ee2e30f0cb2ab3966f9872f3c4bfcf002d3139ca08525c817737,2026-05-03 20:25:14,0xce945e6346ae8358496a34caffe83e94fe959e79d0ae30f797230d1027dc6cd5,btc-updown-5m-1777829100
"Ethereum Up or Down - May 3, 1:25PM-1:30PM ET",Up,BUY,10,0.48,0xbb8d02612584726e434dacc53d7454ad7924de3b2a2d108dec520bd74bfca131,2026-05-03 20:25:14,0x5da480852d6cf520ff0094ce293076050150ab70898ee2bc4d9e67d62d8206f9,eth-updown-5m-1777829100
"Bitcoin Up or Down - May 3, 1:20PM-1:25PM ET",Up,BUY,1891.02,0.99,0x19c2e821d8ce484fa1beef5a0a31b5d2fd652e952f054714acb8e3703ade3178,2026-05-03 20:24:32,0x5af0e338957f3fab37006be10c1879fac69ab91c2189802d6639a5335b0a07d8,btc-updown-5m-1777828800
"Bitcoin Up or Down - May 3, 12:00PM-4:00PM ET",Up,BUY,5,0.65,0x5d6396444a4fc085f2f01aac5ecbbb97bc5c92b612dc0ceb5bdc6bdd7a197933,2026-05-03 20:24:24,0x244d1f184dc41641fa1102608a437f102fa4457a417dffa2c5b5fea0c3214d6f,btc-updown-4h-1777824000
"Bitcoin Up or Down - May 3, 1:15PM-1:30PM ET",Up,BUY,86,0.97,0xf32d0dd835c09ed8e1ec5b55fe9661b2e05e84224db6c6b474ced0b492c2b64a,2026-05-03 20:24:24,0xd34c422a2ab4efba3966f860981f9b6843db2acaf1e585cdbd1263b7026bac94,btc-updown-15m-1777828500
"Bitcoin Up or Down - May 3, 1:15PM-1:30PM ET",Up,BUY,128,0.97144296875,0xf32d0dd835c09ed8e1ec5b55fe9661b2e05e84224db6c6b474ced0b492c2b64a,2026-05-03 20:24:24,0xb9f9c5e4795d29eabc3ffc95da8d841e91914057945544a93fe30ff33476bfe2,btc-updown-15m-1777828500
"Bitcoin Up or Down - May 3, 1PM ET",Up,BUY,12,0.88,0xc19d77aa81e4d53ca2fde9b0cfb5183a0d0c145efc250186e325d8aaa0dfb5a4,2026-05-03 20:24:24,0x7a16c13a346bfdc8e5e4817b9a82c3adcde8d0248e812be7fe001d37cde130f4,bitcoin-up-or-down-may-3-2026-1pm-et
"Bitcoin Up or Down - May 3, 1:20PM-1:25PM ET",Down,BUY,149,0.12819328859060403,0x19c2e821d8ce484fa1beef5a0a31b5d2fd652e952f054714acb8e3703ade3178,2026-05-03 20:24:14,0x42f13b30e1cf0c8ace4b6cf783cad29465ed32c30b55ec56da6493c48b722838,btc-updown-5m-1777828800
"Bitcoin Up or Down - May 3, 12:00PM-4:00PM ET",Up,BUY,5,0.64,0x5d6396444a4fc085f2f01aac5ecbbb97bc5c92b612dc0ceb5bdc6bdd7a197933,2026-05-03 20:24:12,0x6708be7ede9e0691576eced676bf9a7c723ef6f55053498b97f02af1ac350eae,btc-updown-4h-1777824000
"Bitcoin Up or Down - May 3, 1:15PM-1:30PM ET",Up,BUY,86,0.96,0xf32d0dd835c09ed8e1ec5b55fe9661b2e05e84224db6c6b474ced0b492c2b64a,2026-05-03 20:24:12,0x8ae53b1a46165367a35d615696c00dd11f47c1fb0e955dd441efa41b6cba1e51,btc-updown-15m-1777828500
"Bitcoin Up or Down - May 3, 1:15PM-1:30PM ET",Up,BUY,65,0.96,0xf32d0dd835c09ed8e1ec5b55fe9661b2e05e84224db6c6b474ced0b492c2b64a,2026-05-03 20:24:12,0x1ccb798755574238e66932d1bab7684ad413c91af482540d75b6acb007b280d4,btc-updown-15m-1777828500
"Bitcoin Up or Down - May 3, 1PM ET",Down,BUY,10,0.14,0xc19d77aa81e4d53ca2fde9b0cfb5183a0d0c145efc250186e325d8aaa0dfb5a4,2026-05-03 20:24:12,0x0de50e1f13c553dc6e1ad71f5130edf7f258005afe99adfcac2c96aa29cfc47a,bitcoin-up-or-down-may-3-2026-1pm-et
"Bitcoin Up or Down - May 3, 1:20PM-1:25PM ET",Down,BUY,179.69,0.05,0x19c2e821d8ce484fa1beef5a0a31b5d2fd652e952f054714acb8e3703ade3178,2026-05-03 20:24:00,0xf8402c6b8c32b7ccca40bae318525991e77a14a213be14c68968edfec055eab4,btc-updown-5m-1777828800
"Bitcoin Up or Down - May 3, 12:00PM-4:00PM ET",Down,BUY,5,0.37,0x5d6396444a4fc085f2f01aac5ecbbb97bc5c92b612dc0ceb5bdc6bdd7a197933,2026-05-03 20:23:58,0x43aad5d0fb95e7b5630dec77834bd472a0c054fce74a4af926f05f9d63c8aa63,btc-updown-4h-1777824000
"Bitcoin Up or Down - May 3, 12:00PM-4:00PM ET",Down,BUY,5,0.37,0x5d6396444a4fc085f2f01aac5ecbbb97bc5c92b612dc0ceb5bdc6bdd7a197933,2026-05-03 20:23:56,0x9aff9e85f2eb386ad6e39a9e190a104998fe7f16311f324a93b5c62e44107422,btc-updown-4h-1777824000
"Bitcoin Up or Down - May 3, 1PM ET",Up,BUY,10,0.86,0xc19d77aa81e4d53ca2fde9b0cfb5183a0d0c145efc250186e325d8aaa0dfb5a4,2026-05-03 20:23:48,0x38895729dc2d0c2d078188b47714c23a098d9f4fd9b48a2036bfa4946f39bed3,bitcoin-up-or-down-may-3-2026-1pm-et
"Bitcoin Up or Down - May 3, 1:20PM-1:25PM ET",Up,BUY,244.47,0.9357266740295332,0x19c2e821d8ce484fa1beef5a0a31b5d2fd652e952f054714acb8e3703ade3178,2026-05-03 20:23:42,0x5d5122a3a9f45f8016568b97df6156d830a832bcf8b4ad1bdeaf9f20f379a8bc,btc-updown-5m-1777828800
"Bitcoin Up or Down - May 3, 12:00PM-4:00PM ET",Up,BUY,0.05,0.57,0x5d6396444a4fc085f2f01aac5ecbbb97bc5c92b612dc0ceb5bdc6bdd7a197933,2026-05-03 20:23:30,0x2d05073b8e409e0285c4b265466da1987722b090fa5cf9d073832e2bc03c63ae,btc-updown-4h-1777824000
"Bitcoin Up or Down - May 3, 1PM ET",Up,BUY,8,0.81,0xc19d77aa81e4d53ca2fde9b0cfb5183a0d0c145efc250186e325d8aaa0dfb5a4,2026-05-03 20:23:30,0x2a2a6f7dabe9107803ed0a89ca6d2a59ee3be36306b0ac55d041d733e41f0206,bitcoin-up-or-down-may-3-2026-1pm-et
"Bitcoin Up or Down - May 3, 1:15PM-1:30PM ET",Up,BUY,33,0.93,0xf32d0dd835c09ed8e1ec5b55fe9661b2e05e84224db6c6b474ced0b492c2b64a,2026-05-03 20:23:30,0x7f14f5f75f644471cbe39dfa8bbab35b32c89ae89d383d7b48333404e34264da,btc-updown-15m-1777828500
"Bitcoin Up or Down - May 3, 1PM ET",Up,BUY,8,0.82,0xc19d77aa81e4d53ca2fde9b0cfb5183a0d0c145efc250186e325d8aaa0dfb5a4,2026-05-03 20:23:30,0x96d08310a8758adf73c11966042aa366299359e5c78ab051b51def904f2d23b2,bitcoin-up-or-down-may-3-2026-1pm-et
"Bitcoin Up or Down - May 3, 1:20PM-1:25PM ET",Up,BUY,79.86,0.6981392436764338,0x19c2e821d8ce484fa1beef5a0a31b5d2fd652e952f054714acb8e3703ade3178,2026-05-03 20:23:24,0x63ac0643672dbd1a587e5e8352f86094e0cdbf9da63758513c6dfee4f1d909c5,btc-updown-5m-1777828800
"Bitcoin Up or Down - May 3, 1:15PM-1:30PM ET",Up,BUY,28,0.87,0xf32d0dd835c09ed8e1ec5b55fe9661b2e05e84224db6c6b474ced0b492c2b64a,2026-05-03 20:23:24,0xc617dcb0756beee12883aae8e2c4ff67c745d458c674b349553372e27e92032a,btc-updown-15m-1777828500
"Ethereum Up or Down - May 3, 1:20PM-1:25PM ET",Up,BUY,86,0.9591372093023256,0xcbf3eceba4c79577fb193024dca13978f608ad335d5651c1d3e0b4f85fd64e52,2026-05-03 20:23:18,0x1abe6b4b62a39fd89a5b6c88591f492c7e90f448d8d00a7dc023099d43dd3cf2,eth-updown-5m-1777828800
"Ethereum Up or Down - May 3, 1:20PM-1:25PM ET",Down,BUY,28,0.08,0xcbf3eceba4c79577fb193024dca13978f608ad335d5651c1d3e0b4f85fd64e52,2026-05-03 20:23:14,0x335bb69827703cdbe4fbf9bef5190b183b68e6104e85216a20205ba0bd1c672d,eth-updown-5m-1777828800
"Bitcoin Up or Down - May 3, 1:20PM-1:25PM ET",Down,BUY,9.3,0.45,0x19c2e821d8ce484fa1beef5a0a31b5d2fd652e952f054714acb8e3703ade3178,2026-05-03 20:23:14,0xd546bfb9050255e9936577332e085f7465454fb54d2f47caa7e031fe669de8d3,btc-updown-5m-1777828800
"Ethereum Up or Down - May 3, 1:20PM-1:25PM ET",Down,BUY,22,0.11,0xcbf3eceba4c79577fb193024dca13978f608ad335d5651c1d3e0b4f85fd64e52,2026-05-03 20:23:02,0xbbce7bfe010fc4b324215bb893fe78ab21dd69b44232dd3105e3f087a13258a4,eth-updown-5m-1777828800
"Bitcoin Up or Down - May 3, 1PM ET",Down,BUY,8,0.18,0xc19d77aa81e4d53ca2fde9b0cfb5183a0d0c145efc250186e325d8aaa0dfb5a4,2026-05-03 20:23:02,0x2cea37b4eecbf644312e2ee46e744502cb802abc742e24874514f2368f72ba0d,bitcoin-up-or-down-may-3-2026-1pm-et
"Bitcoin Up or Down - May 3, 1:15PM-1:30PM ET",Down,BUY,12.73,0.11392772977219168,0xf32d0dd835c09ed8e1ec5b55fe9661b2e05e84224db6c6b474ced0b492c2b64a,2026-05-03 20:23:02,0x072b8f4ef97b887530788c3a5e594341f6961ebdfbccb977947f376926448c87,btc-updown-15m-1777828500
"Ethereum Up or Down - May 3, 1:20PM-1:25PM ET",Down,BUY,31,0.0867741935483871,0xcbf3eceba4c79577fb193024dca13978f608ad335d5651c1d3e0b4f85fd64e52,2026-05-03 20:23:00,0x6361f7e145d751d194542b6f7f2edc9369d4d65b94ecbd8faf761db3ac81fa06,eth-updown-5m-1777828800
"Ethereum Up or Down - May 3, 1:20PM-1:25PM ET",Down,BUY,26,0.10905769230769231,0xcbf3eceba4c79577fb193024dca13978f608ad335d5651c1d3e0b4f85fd64e52,2026-05-03 20:23:00,0x0fc9ad10d65b7a640e5063738b92b2a138b2ec74f644fd206975a29879b63e9d,eth-updown-5m-1777828800
"Ethereum Up or Down - May 3, 1:20PM-1:25PM ET",Down,BUY,24,0.1,0xcbf3eceba4c79577fb193024dca13978f608ad335d5651c1d3e0b4f85fd64e52,2026-05-03 20:23:00,0x18565dea49df0bdb3f40f00b8a198e659e7e13720117ebe33b75870817383030,eth-updown-5m-1777828800
"Bitcoin Up or Down - May 3, 1:20PM-1:25PM ET",Down,BUY,43.64,0.26770852428964254,0x19c2e821d8ce484fa1beef5a0a31b5d2fd652e952f054714acb8e3703ade3178,2026-05-03 20:22:56,0xcfcd6342518cae481d2c24d5cd4e99710330d7b5ce24243890082481b8eb7ec9,btc-updown-5m-1777828800
"Bitcoin Up or Down - May 3, 1PM ET",Up,BUY,8,0.8,0xc19d77aa81e4d53ca2fde9b0cfb5183a0d0c145efc250186e325d8aaa0dfb5a4,2026-05-03 20:22:54,0xee082876928eedfda08de3b7e21300edef2e903fd7c19e5eb58ff57e7aaef71c,bitcoin-up-or-down-may-3-2026-1pm-et
"Bitcoin Up or Down - May 3, 1:20PM-1:25PM ET",Up,BUY,25,0.7,0x19c2e821d8ce484fa1beef5a0a31b5d2fd652e952f054714acb8e3703ade3178,2026-05-03 20:22:52,0xd9ff6c814ff8f0cfdfd0902ab9d833f42dd95a4a6d6f1dd79f746664ffd436c8,btc-updown-5m-1777828800
"Bitcoin Up or Down - May 3, 1PM ET",Up,BUY,7,0.77,0xc19d77aa81e4d53ca2fde9b0cfb5183a0d0c145efc250186e325d8aaa0dfb5a4,2026-05-03 20:22:40,0x4ef6c35f49ce18d846a1c15bbeac4f76a9f1bc1c4856959cbc40a02a14b619ab,bitcoin-up-or-down-may-3-2026-1pm-et
"Bitcoin Up or Down - May 3, 1:15PM-1:30PM ET",Up,BUY,22,0.8631818181818182,0xf32d0dd835c09ed8e1ec5b55fe9661b2e05e84224db6c6b474ced0b492c2b64a,2026-05-03 20:22:40,0x78528c8a55136018e83463ca9b461d1eca7b9311e8d9644454873fab5247e283,btc-updown-15m-1777828500
"Ethereum Up or Down - May 3, 1:20PM-1:25PM ET",Up,BUY,5,0.75,0xcbf3eceba4c79577fb193024dca13978f608ad335d5651c1d3e0b4f85fd64e52,2026-05-03 20:22:40,0xa5055fe45b5f29907ee8349dde4546d4b51ab3db8dd38c9ee6172699af9dee26,eth-updown-5m-1777828800
"Ethereum Up or Down - May 3, 1:20PM-1:25PM ET",Up,BUY,15,0.77,0xcbf3eceba4c79577fb193024dca13978f608ad335d5651c1d3e0b4f85fd64e52,2026-05-03 20:22:36,0x971a7acae25ba28f29bcc867af9b57f3c50b9c4c6fd9c72fda45285fca8fe074,eth-updown-5m-1777828800
"Bitcoin Up or Down - May 3, 1:20PM-1:25PM ET",Up,BUY,83,0.39927710843373493,0x19c2e821d8ce484fa1beef5a0a31b5d2fd652e952f054714acb8e3703ade3178,2026-05-03 20:22:32,0xe1a5b63363e3d701403dba8b1d4e030de5cf5defd31b8b3f3e2efa695b1c500c,btc-updown-5m-1777828800
"Bitcoin Up or Down - May 3, 1:15PM-1:30PM ET",Up,BUY,16,0.78,0xf32d0dd835c09ed8e1ec5b55fe9661b2e05e84224db6c6b474ced0b492c2b64a,2026-05-03 20:22:24,0xaba162e6f64c5090226a768a68d604a6972b0c4594fc13ae96983092775ae9d2,btc-updown-15m-1777828500
"Bitcoin Up or Down - May 3, 12:00PM-4:00PM ET",Up,BUY,5,0.57,0x5d6396444a4fc085f2f01aac5ecbbb97bc5c92b612dc0ceb5bdc6bdd7a197933,2026-05-03 20:22:22,0x72cdd766760e65ac986db34b2bd962e258db71a21d746a94e25cf8301a139825,btc-updown-4h-1777824000
"Bitcoin Up or Down - May 3, 1PM ET",Down,BUY,6,0.26,0xc19d77aa81e4d53ca2fde9b0cfb5183a0d0c145efc250186e325d8aaa0dfb5a4,2026-05-03 20:21:42,0x5f96d85c1cb39d3418e0b42dd2068156b731dbb0157fbc0a269721ff114da334,bitcoin-up-or-down-may-3-2026-1pm-et
"Bitcoin Up or Down - May 3, 1PM ET",Down,BUY,6,0.26,0xc19d77aa81e4d53ca2fde9b0cfb5183a0d0c145efc250186e325d8aaa0dfb5a4,2026-05-03 20:21:42,0x8464ada4b4cd6cf3653692c5d7395986881ce0e50d8349064e4a40100224ad90,bitcoin-up-or-down-may-3-2026-1pm-et
"Bitcoin Up or Down - May 3, 1:15PM-1:30PM ET",Down,BUY,15,0.22,0xf32d0dd835c09ed8e1ec5b55fe9661b2e05e84224db6c6b474ced0b492c2b64a,2026-05-03 20:21:40,0xfe0165d33b3263588b3d741bbc4205384248fbb456d88db63c031f3c8fd56cec,btc-updown-15m-1777828500
"Bitcoin Up or Down - May 3, 1PM ET",Down,BUY,7,0.24,0xc19d77aa81e4d53ca2fde9b0cfb5183a0d0c145efc250186e325d8aaa0dfb5a4,2026-05-03 20:21:40,0xe8b43f6d0a207a6124c9aedb7bbddead6ee1a84fed44c822150834401142ddc1,bitcoin-up-or-down-may-3-2026-1pm-et
"Bitcoin Up or Down - May 3, 1:20PM-1:25PM ET",Down,BUY,5.5,0.55,0x19c2e821d8ce484fa1beef5a0a31b5d2fd652e952f054714acb8e3703ade3178,2026-05-03 20:21:38,0xc30ee2173dae47b405e4c07d73076782e14116dcc23190534ef433de7e573c16,btc-updown-5m-1777828800
"Bitcoin Up or Down - May 3, 1:20PM-1:25PM ET",Down,BUY,82,0.55,0x19c2e821d8ce484fa1beef5a0a31b5d2fd652e952f054714acb8e3703ade3178,2026-05-03 20:21:38,0xca7cd7cdf4c74c126f2639c72fe214880a19a57cc2730436b98832b0c4823142,btc-updown-5m-1777828800
"Bitcoin Up or Down - May 3, 1:15PM-1:30PM ET",Up,BUY,20,0.82,0xf32d0dd835c09ed8e1ec5b55fe9661b2e05e84224db6c6b474ced0b492c2b64a,2026-05-03 20:21:26,0x3928cc6c4937cfac17e87645e74d77f49ccf726f8bd0a113289d37d430cb52e8,btc-updown-15m-1777828500
"Bitcoin Up or Down - May 3, 1:20PM-1:25PM ET",Up,BUY,85,0.6,0x19c2e821d8ce484fa1beef5a0a31b5d2fd652e952f054714acb8e3703ade3178,2026-05-03 20:21:26,0x78c0d8362f91f164f5de2e480c4e7e6e48a7852a7887c3b10ef59fc6d410b492,btc-updown-5m-1777828800
"Bitcoin Up or Down - May 3, 1PM ET",Up,BUY,7,0.77,0xc19d77aa81e4d53ca2fde9b0cfb5183a0d0c145efc250186e325d8aaa0dfb5a4,2026-05-03 20:21:26,0x0a6d08afb021a71dc56b06d7483ae5b79ec58dd06d4e8668a2c172f82d664756,bitcoin-up-or-down-may-3-2026-1pm-et
"Bitcoin Up or Down - May 3, 1:20PM-1:25PM ET",Up,BUY,81,0.49,0x19c2e821d8ce484fa1beef5a0a31b5d2fd652e952f054714acb8e3703ade3178,2026-05-03 20:21:26,0x75b8cf2c8858a962421e70aaea81b11cab10da4a00ae164e506f369f81958baa,btc-updown-5m-1777828800
"Ethereum Up or Down - May 3, 1:20PM-1:25PM ET",Down,BUY,10,0.39,0xcbf3eceba4c79577fb193024dca13978f608ad335d5651c1d3e0b4f85fd64e52,2026-05-03 20:21:20,0x9aad26f296a27210bfc582013ecf0d8b770c5fe8e6d053bb72455e265ff2f460,eth-updown-5m-1777828800
"Ethereum Up or Down - May 3, 1:20PM-1:25PM ET",Down,BUY,10,0.36,0xcbf3eceba4c79577fb193024dca13978f608ad335d5651c1d3e0b4f85fd64e52,2026-05-03 20:21:20,0x5f1e2d02122826e63f5d6fe305568dd8adc09047ec6676ce8825bdbdc804a821,eth-updown-5m-1777828800
"Bitcoin Up or Down - May 3, 1:15PM-1:30PM ET",Up,BUY,16,0.79,0xf32d0dd835c09ed8e1ec5b55fe9661b2e05e84224db6c6b474ced0b492c2b64a,2026-05-03 20:21:12,0xc1b22da6655d8614c511e4a0dd08634352ce61f9ad2cb6ccb0d610cd0238bd32,btc-updown-15m-1777828500
"Bitcoin Up or Down - May 3, 1:20PM-1:25PM ET",Up,BUY,80,0.4573575,0x19c2e821d8ce484fa1beef5a0a31b5d2fd652e952f054714acb8e3703ade3178,2026-05-03 20:21:12,0xb9b4d446c071fe226d6e83ce58a781fa282e79671906b6df9e1e90261ca9bbe1,btc-updown-5m-1777828800
"Ethereum Up or Down - May 3, 1:20PM-1:25PM ET",Up,BUY,11,0.62,0xcbf3eceba4c79577fb193024dca13978f608ad335d5651c1d3e0b4f85fd64e52,2026-05-03 20:21:10,0xe4b15ecdfbdcf035ebf54187a71c48f20a7a731f73e57a094c9db59ef129d412,eth-updown-5m-1777828800
"Bitcoin Up or Down - May 3, 1:15PM-1:30PM ET",Up,BUY,4.95,0.74,0xf32d0dd835c09ed8e1ec5b55fe9661b2e05e84224db6c6b474ced0b492c2b64a,2026-05-03 20:20:56,0x9e7611d123c62c3918d4813b1a8beb4ca4f34643a6fa7013fc902271690e4e5b,btc-updown-15m-1777828500
"Bitcoin Up or Down - May 3, 1:20PM-1:25PM ET",Up,BUY,83,0.36833253012048195,0x19c2e821d8ce484fa1beef5a0a31b5d2fd652e952f054714acb8e3703ade3178,2026-05-03 20:20:56,0x6405f808ae6b90f3be6d691bb32b64780618b0891341b6b5314ee3e9027ef7b0,btc-updown-5m-1777828800
"Bitcoin Up or Down - May 3, 1:20PM-1:25PM ET",Up,BUY,83,0.35548192771084336,0x19c2e821d8ce484fa1beef5a0a31b5d2fd652e952f054714acb8e3703ade3178,2026-05-03 20:20:56,0xfec6510f3a07888f09c493b91a767e9d7b1c5920ab34ae625d0a33d8f945dffd,btc-updown-5m-1777828800
"Bitcoin Up or Down - May 3, 1PM ET",Up,BUY,6,0.73,0xc19d77aa81e4d53ca2fde9b0cfb5183a0d0c145efc250186e325d8aaa0dfb5a4,2026-05-03 20:20:54,0xef73ceef036e8f5f2c60b072f1d10b4591a6b77d10cccbf8dc9b5ae0516c36f9,bitcoin-up-or-down-may-3-2026-1pm-et
"Bitcoin Up or Down - May 3, 1:15PM-1:30PM ET",Up,BUY,13,0.75,0xf32d0dd835c09ed8e1ec5b55fe9661b2e05e84224db6c6b474ced0b492c2b64a,2026-05-03 20:20:54,0x54a2dcac3fbe57ac7414b49b8d62bcf3fddc67dd2748177727ecbe13bd90e3f1,btc-updown-15m-1777828500
"Bitcoin Up or Down - May 3, 1PM ET",Up,BUY,7,0.73,0xc19d77aa81e4d53ca2fde9b0cfb5183a0d0c145efc250186e325d8aaa0dfb5a4,2026-05-03 20:20:54,0xe1c6b247c13bec73a16697d88dbb3e3cc222d9a67c70e2511998f2bfce284a78,bitcoin-up-or-down-may-3-2026-1pm-et
"Bitcoin Up or Down - May 3, 1PM ET",Up,BUY,6,0.73,0xc19d77aa81e4d53ca2fde9b0cfb5183a0d0c145efc250186e325d8aaa0dfb5a4,2026-05-03 20:20:54,0xbb361dd718f04279736f6bcfa25ccf69b3b8643b21680e875a0a0f9920626809,bitcoin-up-or-down-may-3-2026-1pm-et
"Bitcoin Up or Down - May 3, 1:20PM-1:25PM ET",Up,BUY,85,0.3688235294117647,0x19c2e821d8ce484fa1beef5a0a31b5d2fd652e952f054714acb8e3703ade3178,2026-05-03 20:20:54,0xcc59517fc5fdb7574d5f25600d2e2eec893d3445c14892dbd88323661fb9ddbc,btc-updown-5m-1777828800
"Bitcoin Up or Down - May 3, 1:15PM-1:30PM ET",Up,BUY,12,0.67,0xf32d0dd835c09ed8e1ec5b55fe9661b2e05e84224db6c6b474ced0b492c2b64a,2026-05-03 20:20:52,0x7f4731f0222954e78725b72f27eb1cca3f4d711393da4277a7831033e1e1a122,btc-updown-15m-1777828500
"Ethereum Up or Down - May 3, 1:20PM-1:25PM ET",Up,BUY,10,0.42,0xcbf3eceba4c79577fb193024dca13978f608ad335d5651c1d3e0b4f85fd64e52,2026-05-03 20:20:52,0xf3f8e78db35450f47f6e3f64eb473c1c1bed6b037f109d0ddf5a2adde2eb5faf,eth-updown-5m-1777828800
"Bitcoin Up or Down - May 3, 1:20PM-1:25PM ET",Up,BUY,107,0.24355140186915888,0x19c2e821d8ce484fa1beef5a0a31b5d2fd652e952f054714acb8e3703ade3178,2026-05-03 20:20:48,0xefcd27e4a6ae9c241e34b19d437c9c4014bbbcc1bf675e75f7f11c513c127de3,btc-updown-5m-1777828800
"Bitcoin Up or Down - May 3, 1:15PM-1:30PM ET",Up,BUY,11,0.6425,0xf32d0dd835c09ed8e1ec5b55fe9661b2e05e84224db6c6b474ced0b492c2b64a,2026-05-03 20:20:48,0xc208be3cdf14cc9608ad94dc366c51d0f497bec0a27635a64bbd958a1085aba9,btc-updown-15m-1777828500
"Bitcoin Up or Down - May 3, 1:20PM-1:25PM ET",Down,BUY,125,0.8,0x19c2e821d8ce484fa1beef5a0a31b5d2fd652e952f054714acb8e3703ade3178,2026-05-03 20:20:48,0x8357b7ef7e492aba5fbb2ff3d5ce94c3067b3d8e4c685d6118dff2ef308c50e5,btc-updown-5m-1777828800
"Bitcoin Up or Down - May 3, 1PM ET",Down,BUY,6,0.28,0xc19d77aa81e4d53ca2fde9b0cfb5183a0d0c145efc250186e325d8aaa0dfb5a4,2026-05-03 20:20:48,0xed88f9bd81d5d7563e4dc94690067e65026f8df3a074dda171ce74706b1e2066,bitcoin-up-or-down-may-3-2026-1pm-et
"Bitcoin Up or Down - May 3, 1:20PM-1:25PM ET",Down,BUY,27.06,0.7659940872135994,0x19c2e821d8ce484fa1beef5a0a31b5d2fd652e952f054714acb8e3703ade3178,2026-05-03 20:20:48,0xf4d718205d31c303adde91c0f36522abb59e65ad438e580897975747ba1437f8,btc-updown-5m-1777828800
"Bitcoin Up or Down - May 3, 1PM ET",Down,BUY,6,0.28,0xc19d77aa81e4d53ca2fde9b0cfb5183a0d0c145efc250186e325d8aaa0dfb5a4,2026-05-03 20:20:48,0x29d28da88d3bcb9972fe53bd906c5626f76410ddb061f1ae37f66635d138b836,bitcoin-up-or-down-may-3-2026-1pm-et
"Ethereum Up or Down - May 3, 1:20PM-1:25PM ET",Down,BUY,11,0.6018181818181818,0xcbf3eceba4c79577fb193024dca13978f608ad335d5651c1d3e0b4f85fd64e52,2026-05-03 20:20:44,0xc07160e086aa31ff8010c63fa52d037eb3d157944f23d771d589fe7c69868550,eth-updown-5m-1777828800
"Ethereum Up or Down - May 3, 1:20PM-1:25PM ET",Down,BUY,11,0.5909090909090909,0xcbf3eceba4c79577fb193024dca13978f608ad335d5651c1d3e0b4f85fd64e52,2026-05-03 20:20:44,0x7cba262928d3a601727fbdddbf835f62b6a6eeab829c1b7dddff339fe4b2d0a3,eth-updown-5m-1777828800
"Ethereum Up or Down - May 3, 1:20PM-1:25PM ET",Down,BUY,10,0.56,0xcbf3eceba4c79577fb193024dca13978f608ad335d5651c1d3e0b4f85fd64e52,2026-05-03 20:20:22,0x8ef4e3d1fc581bb25d3562bdcf30a72e9f8a48385d65a9a93ef335e96b55235c,eth-updown-5m-1777828800
"Bitcoin Up or Down - May 3, 1:20PM-1:25PM ET",Down,BUY,81,0.511767901234568,0x19c2e821d8ce484fa1beef5a0a31b5d2fd652e952f054714acb8e3703ade3178,2026-05-03 20:20:20,0x78e2f60f38867077f6ed2fcc3cdc26dfa7487b2aa695639d73cf525da3fcc3f0,btc-updown-5m-1777828800
"Bitcoin Up or Down - May 3, 1:20PM-1:25PM ET",Down,BUY,80,0.53,0x19c2e821d8ce484fa1beef5a0a31b5d2fd652e952f054714acb8e3703ade3178,2026-05-03 20:20:20,0x25a1714bd8e43fffb2a2a8b411911c74fb31d29d0227faffd4be38009e083955,btc-updown-5m-1777828800
"Ethereum Up or Down - May 3, 1:20PM-1:25PM ET",Down,BUY,10,0.56,0xcbf3eceba4c79577fb193024dca13978f608ad335d5651c1d3e0b4f85fd64e52,2026-05-03 20:20:20,0x772412f3f4d9d2b5606d85f107537dff33843ade504995fb7d5bdeaef4e56cf8,eth-updown-5m-1777828800
"Ethereum Up or Down - May 3, 1:20PM-1:25PM ET",Down,BUY,10,0.56,0xcbf3eceba4c79577fb193024dca13978f608ad335d5651c1d3e0b4f85fd64e52,2026-05-03 20:20:20,0x2d71457d31b915318ac4e0043f228809d99fe39ac908dc0c1e245a037fc2e108,eth-updown-5m-1777828800
"Bitcoin Up or Down - May 3, 1:20PM-1:25PM ET",Down,BUY,81,0.5258037037037037,0x19c2e821d8ce484fa1beef5a0a31b5d2fd652e952f054714acb8e3703ade3178,2026-05-03 20:20:20,0xb15e682dafa20bf76e4992d17a5b804e32ad38a49fea14a53d47dc3fbac535a1,btc-updown-5m-1777828800
"Bitcoin Up or Down - May 3, 1:20PM-1:25PM ET",Down,BUY,83,0.5943373493975903,0x19c2e821d8ce484fa1beef5a0a31b5d2fd652e952f054714acb8e3703ade3178,2026-05-03 20:20:20,0x48ff2f4e496c58df86cb30c48a9546bf4efd632fe978b1eb69c5054ed6b34bae,btc-updown-5m-1777828800
"Bitcoin Up or Down - May 3, 1:20PM-1:25PM ET",Down,BUY,63.95,0.5336669272869429,0x19c2e821d8ce484fa1beef5a0a31b5d2fd652e952f054714acb8e3703ade3178,2026-05-03 20:20:20,0x004fd854ce57fe64ff653b7beb90009e721e33f8973a2a1a4acd5673224a501e,btc-updown-5m-1777828800
"Bitcoin Up or Down - May 3, 1:20PM-1:25PM ET",Up,BUY,23.34,0.5679520137103685,0x19c2e821d8ce484fa1beef5a0a31b5d2fd652e952f054714acb8e3703ade3178,2026-05-03 20:20:12,0xe701b7599f74dafc7093f6f95f8075cc4f080696104c267cf9eb45778975bea7,btc-updown-5m-1777828800
"Bitcoin Up or Down - May 3, 1:15PM-1:30PM ET",Up,BUY,17,0.7950941176470588,0xf32d0dd835c09ed8e1ec5b55fe9661b2e05e84224db6c6b474ced0b492c2b64a,2026-05-03 20:20:10,0xa82b3caeb154f3b92252593c71721e556292a49c6e3cf94fd5ba9809e547d957,btc-updown-15m-1777828500
"Bitcoin Up or Down - May 3, 1:15PM-1:30PM ET",Up,BUY,14,0.75,0xf32d0dd835c09ed8e1ec5b55fe9661b2e05e84224db6c6b474ced0b492c2b64a,2026-05-03 20:19:42,0xbe6029d70a5d21894e6b1034f10fb3d343c519f77a2fdfe3b123b7bc526c6c08,btc-updown-15m-1777828500
"Bitcoin Up or Down - May 3, 1PM ET",Up,BUY,6,0.73,0xc19d77aa81e4d53ca2fde9b0cfb5183a0d0c145efc250186e325d8aaa0dfb5a4,2026-05-03 20:19:42,0x3f77be8b08fbfd2f855cc5609e4791cd66dc931ed3b7b431c8e9fbfd18db090f,bitcoin-up-or-down-may-3-2026-1pm-et
"Bitcoin Up or Down - May 3, 1:15PM-1:30PM ET",Up,BUY,13,0.7258846153846154,0xf32d0dd835c09ed8e1ec5b55fe9661b2e05e84224db6c6b474ced0b492c2b64a,2026-05-03 20:19:40,0xa94c7533b0d5cf0c74e372c7bbd992958ec5673b341b9efd2f26aef646097960,btc-updown-15m-1777828500
"Bitcoin Up or Down - May 3, 1PM ET",Up,BUY,6,0.73,0xc19d77aa81e4d53ca2fde9b0cfb5183a0d0c145efc250186e325d8aaa0dfb5a4,2026-05-03 20:19:40,0x7ce47b635e0c030c38340de359c5a12a0086409327f0fcee3d683e06e11a17d4,bitcoin-up-or-down-may-3-2026-1pm-et
"Bitcoin Up or Down - May 3, 1:15PM-1:20PM ET",Up,BUY,1796.1,0.9899076332052781,0x2fd3ca5ae0dde8e020ef0f3f13406c8a9486c174bc732e01f38d1a021148eee1,2026-05-03 20:19:38,0x30a68a405df53a2bf858de1a272dfa202b47439b3adb476b6fa8e4e093906e71,btc-updown-5m-1777828500
"Bitcoin Up or Down - May 3, 1:15PM-1:20PM ET",Up,BUY,177,0.8562994350282486,0x2fd3ca5ae0dde8e020ef0f3f13406c8a9486c174bc732e01f38d1a021148eee1,2026-05-03 20:18:32,0x490417c70105bbf2a7bd3a6b54862ce9bc7ca145039d574ee488a888f1f937cb,btc-updown-5m-1777828500
"Ethereum Up or Down - May 3, 1:15PM-1:20PM ET",Up,BUY,50.7,0.97,0xf9dcd4d9de4c161be1099eb2502a5138a6b7dfaf22ae33c9c3aad5dcb2a292dd,2026-05-03 20:18:32,0x89263d873de7df410822d835ed067bbe6d86c4861fcff5892c298bb4d7b79e98,eth-updown-5m-1777828500
"Bitcoin Up or Down - May 3, 1:15PM-1:30PM ET",Up,BUY,11,0.63,0xf32d0dd835c09ed8e1ec5b55fe9661b2e05e84224db6c6b474ced0b492c2b64a,2026-05-03 20:18:30,0x6a1af7585a1d76d431b289497b0a7972031eac0a1510891a1aa6af8d3bb03826,btc-updown-15m-1777828500
"Bitcoin Up or Down - May 3, 1PM ET",Down,BUY,3.62,0.29,0xc19d77aa81e4d53ca2fde9b0cfb5183a0d0c145efc250186e325d8aaa0dfb5a4,2026-05-03 20:18:28,0xb6f8bd03c91488b16d9b94a2c59157ef2caef4e56f06965753d06614ca43b59c,bitcoin-up-or-down-may-3-2026-1pm-et
"Bitcoin Up or Down - May 3, 1PM ET",Down,BUY,6,0.3,0xc19d77aa81e4d53ca2fde9b0cfb5183a0d0c145efc250186e325d8aaa0dfb5a4,2026-05-03 20:18:28,0x75abfd2e7835a17a2db91501efa6d02e422ebee808d9a97b4aa965d7843ec5d7,bitcoin-up-or-down-may-3-2026-1pm-et
"Bitcoin Up or Down - May 3, 1:15PM-1:20PM ET",Down,BUY,78.24,0.09926380368098159,0x2fd3ca5ae0dde8e020ef0f3f13406c8a9486c174bc732e01f38d1a021148eee1,2026-05-03 20:18:26,0x63c60611ece02d432d69de7f24b54db9a8733bc386ee45c1eabd589c01ce8646,btc-updown-5m-1777828500
"Bitcoin Up or Down - May 3, 1:15PM-1:30PM ET",Down,BUY,11,0.31,0xf32d0dd835c09ed8e1ec5b55fe9661b2e05e84224db6c6b474ced0b492c2b64a,2026-05-03 20:18:26,0x6c25cf901f78b5c7a13165ba5f52c3914caa4a27b2eedce6d5871927ae1701a1,btc-updown-15m-1777828500
"Bitcoin Up or Down - May 3, 1PM ET",Up,BUY,6,0.73,0xc19d77aa81e4d53ca2fde9b0cfb5183a0d0c145efc250186e325d8aaa0dfb5a4,2026-05-03 20:18:24,0x0ed9ab17d88c850a2022e694b72ca0c9ba9ed1df4f1c57f1cd94e1ed495cb3d6,bitcoin-up-or-down-may-3-2026-1pm-et
"Bitcoin Up or Down - May 3, 1PM ET",Up,BUY,6,0.73,0xc19d77aa81e4d53ca2fde9b0cfb5183a0d0c145efc250186e325d8aaa0dfb5a4,2026-05-03 20:18:24,0x366aaffec4ae4d8cb5a4445772ad3a0c6f09ba3fb49318db2b2ee0cf1f23ea2b,bitcoin-up-or-down-may-3-2026-1pm-et
"Bitcoin Up or Down - May 3, 1:15PM-1:20PM ET",Up,BUY,10,0.92,0x2fd3ca5ae0dde8e020ef0f3f13406c8a9486c174bc732e01f38d1a021148eee1,2026-05-03 20:18:24,0x2bed271e767ab1e9bcb3a030bf6cf505177cddbf6c8c794fa1d34c9e5e980f2d,btc-updown-5m-1777828500
"Bitcoin Up or Down - May 3, 1:15PM-1:30PM ET",Up,BUY,12,0.69,0xf32d0dd835c09ed8e1ec5b55fe9661b2e05e84224db6c6b474ced0b492c2b64a,2026-05-03 20:18:24,0x906b144b5b522a2395f3ca2f60de981bd6bb994ff04cee5376c4b15bcee7cf32,btc-updown-15m-1777828500
"Bitcoin Up or Down - May 3, 1:15PM-1:20PM ET",Up,BUY,204,0.867356862745098,0x2fd3ca5ae0dde8e020ef0f3f13406c8a9486c174bc732e01f38d1a021148eee1,2026-05-03 20:18:22,0x30f58d71efd41e154cfd55f25ba477ed8330b50a02272b82db801e8e780d0fe8,btc-updown-5m-1777828500
"Bitcoin Up or Down - May 3, 12:00PM-4:00PM ET",Up,BUY,5,0.55,0x5d6396444a4fc085f2f01aac5ecbbb97bc5c92b612dc0ceb5bdc6bdd7a197933,2026-05-03 20:18:20,0x0f7ab9d9477f86479d6346ac2d28c92bce9d659c498525f2beb862c87f179f32,btc-updown-4h-1777824000
"Bitcoin Up or Down - May 3, 1:15PM-1:20PM ET",Up,BUY,157,0.85,0x2fd3ca5ae0dde8e020ef0f3f13406c8a9486c174bc732e01f38d1a021148eee1,2026-05-03 20:17:44,0x454a00be200ee56ff2a8f5daf244a8909a9694058f6d1afba5ce01298cde46bd,btc-updown-5m-1777828500
"Bitcoin Up or Down - May 3, 1:15PM-1:30PM ET",Up,BUY,10,0.58,0xf32d0dd835c09ed8e1ec5b55fe9661b2e05e84224db6c6b474ced0b492c2b64a,2026-05-03 20:17:42,0x06cb76108f34bc4140df495155ada55dea4b036f4eda8791e250d08667c539fa,btc-updown-15m-1777828500
"Ethereum Up or Down - May 3, 1:15PM-1:20PM ET",Up,BUY,5,0.87,0xf9dcd4d9de4c161be1099eb2502a5138a6b7dfaf22ae33c9c3aad5dcb2a292dd,2026-05-03 20:17:30,0x7cf5764c540136e57b654fa472e6a2c16a536b9b369ff220a6944238d8234dc0,eth-updown-5m-1777828500
"Ethereum Up or Down - May 3, 1:15PM-1:20PM ET",Up,BUY,16,0.8,0xf9dcd4d9de4c161be1099eb2502a5138a6b7dfaf22ae33c9c3aad5dcb2a292dd,2026-05-03 20:16:44,0xa7266fe08423bc139ee0e26bf60b99f9f0b439c3363b9cfdb1c3d0fa3401f064,eth-updown-5m-1777828500
"Ethereum Up or Down - May 3, 1:15PM-1:20PM ET",Down,BUY,12,0.27,0xf9dcd4d9de4c161be1099eb2502a5138a6b7dfaf22ae33c9c3aad5dcb2a292dd,2026-05-03 20:16:44,0x56928ceaf54bbd79cfb071e4ab87e6875cdfc1a34f22e67fe6865c5fd34a2f0b,eth-updown-5m-1777828500
"Bitcoin Up or Down - May 3, 1:15PM-1:20PM ET",Down,BUY,66.25,0.33347169811320754,0x2fd3ca5ae0dde8e020ef0f3f13406c8a9486c174bc732e01f38d1a021148eee1,2026-05-03 20:16:44,0xb9425c11fb47558b05102cbe4ae78846b6df41464c7ce9d353a9984d1e0f711c,btc-updown-5m-1777828500
"Bitcoin Up or Down - May 3, 1:15PM-1:20PM ET",Down,BUY,83.25,0.3144468468468469,0x2fd3ca5ae0dde8e020ef0f3f13406c8a9486c174bc732e01f38d1a021148eee1,2026-05-03 20:16:40,0x4b103b3566f81897934273201b6b46587385c41a9db3b1fade407f551622b61c,btc-updown-5m-1777828500
"Bitcoin Up or Down - May 3, 1:15PM-1:20PM ET",Down,BUY,84,0.3625404761904762,0x2fd3ca5ae0dde8e020ef0f3f13406c8a9486c174bc732e01f38d1a021148eee1,2026-05-03 20:15:58,0x12699db2b7721491675671667f85aa7fb40110920087bc7c2bdced27d9a3b63f,btc-updown-5m-1777828500
"Bitcoin Up or Down - May 3, 1:15PM-1:30PM ET",Up,BUY,10,0.56,0xf32d0dd835c09ed8e1ec5b55fe9661b2e05e84224db6c6b474ced0b492c2b64a,2026-05-03 20:15:58,0x413bc92383d36313dfe56d12bcc78c25597cf8525f7fa0abf43ec44059cb44c7,btc-updown-15m-1777828500
"Bitcoin Up or Down - May 3, 1:15PM-1:20PM ET",Up,BUY,95,0.6904105263157895,0x2fd3ca5ae0dde8e020ef0f3f13406c8a9486c174bc732e01f38d1a021148eee1,2026-05-03 20:15:58,0x065be116e3ef4c76f2b7f8b4d72098a6ff92a82c24f7d2390d1727c441046032,btc-updown-5m-1777828500
"Bitcoin Up or Down - May 3, 1:15PM-1:30PM ET",Down,BUY,10,0.45,0xf32d0dd835c09ed8e1ec5b55fe9661b2e05e84224db6c6b474ced0b492c2b64a,2026-05-03 20:15:58,0xbadd601bce5ad3d03bb19d9a2891befa57c03a8d40249f18941362bfca52213b,btc-updown-15m-1777828500
"Bitcoin Up or Down - May 3, 1:15PM-1:30PM ET",Up,BUY,10,0.57,0xf32d0dd835c09ed8e1ec5b55fe9661b2e05e84224db6c6b474ced0b492c2b64a,2026-05-03 20:15:58,0x38429f71edd1f0db01281ace875443a9b6741d3ed88d6debaf41583c9822990d,btc-updown-15m-1777828500
"Bitcoin Up or Down - May 3, 1PM ET",Up,BUY,6,0.69,0xc19d77aa81e4d53ca2fde9b0cfb5183a0d0c145efc250186e325d8aaa0dfb5a4,2026-05-03 20:15:58,0x12037394dc6e5dc454f40bef8ba5bd8bfce39f60cad44d9af4f967b0a1dd810c,bitcoin-up-or-down-may-3-2026-1pm-et
"Bitcoin Up or Down - May 3, 1:15PM-1:20PM ET",Up,BUY,12,0.6558333333333334,0x2fd3ca5ae0dde8e020ef0f3f13406c8a9486c174bc732e01f38d1a021148eee1,2026-05-03 20:15:58,0x997ee169eb932ec3c750d45dae20f8af36460124329dbf59ccde33ca822f6c28,btc-updown-5m-1777828500
"Bitcoin Up or Down - May 3, 1:15PM-1:20PM ET",Up,BUY,88,0.644496590909091,0x2fd3ca5ae0dde8e020ef0f3f13406c8a9486c174bc732e01f38d1a021148eee1,2026-05-03 20:15:56,0xb076fc7bd2ad6b37bf5bac8424c699510ea09ec3057144b2e59ddf583f2f8bff,btc-updown-5m-1777828500
"Ethereum Up or Down - May 3, 1:15PM-1:20PM ET",Up,BUY,5.66,0.7,0xf9dcd4d9de4c161be1099eb2502a5138a6b7dfaf22ae33c9c3aad5dcb2a292dd,2026-05-03 20:15:54,0xe15ea1008184fb1b9b39adb201a2ada46be088de6560da471aa9a37bfb254b94,eth-updown-5m-1777828500
"Ethereum Up or Down - May 3, 1:15PM-1:20PM ET",Up,BUY,12,0.6775,0xf9dcd4d9de4c161be1099eb2502a5138a6b7dfaf22ae33c9c3aad5dcb2a292dd,2026-05-03 20:15:50,0xaf4f48a4a5ce22e322dd355ed1d2ce7d29984fc61ce1910125e23dd24488a215,eth-updown-5m-1777828500
"Ethereum Up or Down - May 3, 1:15PM-1:20PM ET",Up,BUY,12,0.6508333333333334,0xf9dcd4d9de4c161be1099eb2502a5138a6b7dfaf22ae33c9c3aad5dcb2a292dd,2026-05-03 20:15:46,0x1241184ee03663b8ac0e373cfacb8b0fa745e25fcb578158319cf4d9d1d10604,eth-updown-5m-1777828500
"Bitcoin Up or Down - May 3, 1PM ET",Down,BUY,5,0.35,0xc19d77aa81e4d53ca2fde9b0cfb5183a0d0c145efc250186e325d8aaa0dfb5a4,2026-05-03 20:15:40,0x4ec0b04edf130895ac1d33f72d7f4c391762128d3d1b99a85de99d8a4e713b8a,bitcoin-up-or-down-may-3-2026-1pm-et
"Bitcoin Up or Down - May 3, 1:15PM-1:30PM ET",Down,BUY,10,0.46,0xf32d0dd835c09ed8e1ec5b55fe9661b2e05e84224db6c6b474ced0b492c2b64a,2026-05-03 20:15:40,0x9d7c2cb91f84c37119b42c9c7409aa409436f195bab34463cc21bb2f929e960a,btc-updown-15m-1777828500
"Bitcoin Up or Down - May 3, 1:15PM-1:20PM ET",Down,BUY,37.27,0.3586584384223236,0x2fd3ca5ae0dde8e020ef0f3f13406c8a9486c174bc732e01f38d1a021148eee1,2026-05-03 20:15:40,0x9a777cc5715ed0731d956163635adb7e968f9df1c0a6b1025a61cd20fa87e23b,btc-updown-5m-1777828500
"Bitcoin Up or Down - May 3, 1PM ET",Down,BUY,5,0.35,0xc19d77aa81e4d53ca2fde9b0cfb5183a0d0c145efc250186e325d8aaa0dfb5a4,2026-05-03 20:15:40,0x1e6598b31e44f2a8d37e53fd3eb64a1edd70ec762d6d82400a40afd960775baa,bitcoin-up-or-down-may-3-2026-1pm-et
"Ethereum Up or Down - May 3, 1:15PM-1:20PM ET",Down,BUY,11,0.35,0xf9dcd4d9de4c161be1099eb2502a5138a6b7dfaf22ae33c9c3aad5dcb2a292dd,2026-05-03 20:15:40,0xc514603d6a9ce5416a79574218464e7c089ecf09667c51f600dfb98dbe60a60f,eth-updown-5m-1777828500
"Ethereum Up or Down - May 3, 1:15PM-1:20PM ET",Down,BUY,11,0.3447272727272727,0xf9dcd4d9de4c161be1099eb2502a5138a6b7dfaf22ae33c9c3aad5dcb2a292dd,2026-05-03 20:15:40,0x18708244d95e549b1658a13e6673d72980f56b0a1693b5fd12995cee42579987,eth-updown-5m-1777828500
"Ethereum Up or Down - May 3, 1:15PM-1:20PM ET",Down,BUY,10,0.3599,0xf9dcd4d9de4c161be1099eb2502a5138a6b7dfaf22ae33c9c3aad5dcb2a292dd,2026-05-03 20:15:40,0xc7fbb48611d5dbef0a4d76a77f4386fa4276af196ea46cf9877a751bb896f275,eth-updown-5m-1777828500
"Ethereum Up or Down - May 3, 1:15PM-1:20PM ET",Down,BUY,11,0.35,0xf9dcd4d9de4c161be1099eb2502a5138a6b7dfaf22ae33c9c3aad5dcb2a292dd,2026-05-03 20:15:40,0xa3507d97b47b47469f6a9780d6da7e38ae16a91f8dbab399d035a5c1ef616b97,eth-updown-5m-1777828500
"Ethereum Up or Down - May 3, 1:15PM-1:20PM ET",Down,BUY,11,0.34,0xf9dcd4d9de4c161be1099eb2502a5138a6b7dfaf22ae33c9c3aad5dcb2a292dd,2026-05-03 20:15:38,0xb2d4216ab9ee983988258c68d962f49c1efffb27cb3d1d1fe64c053ffc3fe8df,eth-updown-5m-1777828500
"Ethereum Up or Down - May 3, 1:15PM-1:20PM ET",Down,BUY,11,0.33652727272727273,0xf9dcd4d9de4c161be1099eb2502a5138a6b7dfaf22ae33c9c3aad5dcb2a292dd,2026-05-03 20:15:38,0xefb47e0f3635d0dc8f5214d64701dd546b4c3a001d9a1718fe7c31acd13c6bad,eth-updown-5m-1777828500
"Ethereum Up or Down - May 3, 1:15PM-1:20PM ET",Down,BUY,14,0.22,0xf9dcd4d9de4c161be1099eb2502a5138a6b7dfaf22ae33c9c3aad5dcb2a292dd,2026-05-03 20:15:38,0xdf81766f2a285fe8fd84b028aeee3971d9894480567149a537cdea08ebd2d4c9,eth-updown-5m-1777828500
"Ethereum Up or Down - May 3, 1:15PM-1:20PM ET",Up,BUY,10,0.5,0xf9dcd4d9de4c161be1099eb2502a5138a6b7dfaf22ae33c9c3aad5dcb2a292dd,2026-05-03 20:15:36,0xf5b72b4692efa92ed27366a9673378e83831567c77f1f1670f55241fc17c40b1,eth-updown-5m-1777828500
"Bitcoin Up or Down - May 3, 1PM ET",Up,BUY,0.63,0.64,0xc19d77aa81e4d53ca2fde9b0cfb5183a0d0c145efc250186e325d8aaa0dfb5a4,2026-05-03 20:15:34,0xedc70c96e06af2abf96ee24c573a75507e9ac3ea1bcbb2cb5e09072773edd2a3,bitcoin-up-or-down-may-3-2026-1pm-et
"Bitcoin Up or Down - May 3, 1:15PM-1:20PM ET",Up,BUY,80,0.5125,0x2fd3ca5ae0dde8e020ef0f3f13406c8a9486c174bc732e01f38d1a021148eee1,2026-05-03 20:15:22,0x1b43e9a52a46c91244dc28c25a5d1d2ed3ff4ce599e8314996b30a7f3b4b8e9c,btc-updown-5m-1777828500
"Bitcoin Up or Down - May 3, 1:15PM-1:30PM ET",Up,BUY,10,0.55,0xf32d0dd835c09ed8e1ec5b55fe9661b2e05e84224db6c6b474ced0b492c2b64a,2026-05-03 20:15:22,0x57bba360c15c8f0bb66747f4dfb7be1a5a31dd4b5092dcd1e4db7b9618b6922b,btc-updown-15m-1777828500
"Bitcoin Up or Down - May 3, 12:00PM-4:00PM ET",Up,BUY,5,0.55,0x5d6396444a4fc085f2f01aac5ecbbb97bc5c92b612dc0ceb5bdc6bdd7a197933,2026-05-03 20:15:22,0x9d23dda2ecad83c0e03767d7d7735e3f4f8f6fb47d8602b86f3372f50c16a9ae,btc-updown-4h-1777824000
"Bitcoin Up or Down - May 3, 1PM ET",Down,BUY,5,0.37,0xc19d77aa81e4d53ca2fde9b0cfb5183a0d0c145efc250186e325d8aaa0dfb5a4,2026-05-03 20:14:30,0x11c1ee71e5a2c06325f0f5fcb1483cbf3567db55619e42a5bc9034cb7e48d344,bitcoin-up-or-down-may-3-2026-1pm-et
"Bitcoin Up or Down - May 3, 1PM ET",Up,BUY,5,0.64,0xc19d77aa81e4d53ca2fde9b0cfb5183a0d0c145efc250186e325d8aaa0dfb5a4,2026-05-03 20:14:22,0xa91efbf30cd100559923916d5dac0a1952daa7c148cccc7f78af82208c8c4518,bitcoin-up-or-down-may-3-2026-1pm-et
"Bitcoin Up or Down - May 3, 1:10PM-1:15PM ET",Up,BUY,850.51,0.99,0x0d63d0b1c0e71cabb06452b747589cc6032c7fe1a7a2860bd33a62d184eb4bb0,2026-05-03 20:14:14,0xde84afc35ea05aec3bc6244dff9d27fb1b88a58e4d3e4b3ba6ce66727939b943,btc-updown-5m-1777828200
"Bitcoin Up or Down - May 3, 1PM ET",Up,BUY,6,0.66,0xc19d77aa81e4d53ca2fde9b0cfb5183a0d0c145efc250186e325d8aaa0dfb5a4,2026-05-03 20:12:32,0x544ace627e602380a52a3fee0ba04a1f6a5e0f6957c2b176415d6a17da04aa92,bitcoin-up-or-down-may-3-2026-1pm-et
"Bitcoin Up or Down - May 3, 1:00PM-1:15PM ET",Up,BUY,38,0.9113157894736842,0x6fd3598634deca2f1747368fcfa1685b4c3fda71c52401df4dcc8de4d43e2c86,2026-05-03 20:12:32,0x14bd1107f9d3160209a1383f3ff87e1d28b7a9bd400b5a4c0dce1d6556ba7de6,btc-updown-15m-1777827600
"Bitcoin Up or Down - May 3, 1:00PM-1:15PM ET",Up,BUY,34,0.9141176470588235,0x6fd3598634deca2f1747368fcfa1685b4c3fda71c52401df4dcc8de4d43e2c86,2026-05-03 20:12:32,0x0b22a470c1771f7f1b818555ed3ae11058355cea38bc5bb3b8c84ef3992a308e,btc-updown-15m-1777827600
"Bitcoin Up or Down - May 3, 1:00PM-1:15PM ET",Down,BUY,26,0.1,0x6fd3598634deca2f1747368fcfa1685b4c3fda71c52401df4dcc8de4d43e2c86,2026-05-03 20:12:32,0x0688cf25b527c22c56a77fa393cee11a31480b99335fb552ddec9f8d6281a362,btc-updown-15m-1777827600
"Bitcoin Up or Down - May 3, 1PM ET",Down,BUY,6,0.33,0xc19d77aa81e4d53ca2fde9b0cfb5183a0d0c145efc250186e325d8aaa0dfb5a4,2026-05-03 20:12:26,0x04280f10414a86f59c4f65c0cc69e6138a62da64fabc249fc4105f2b50fe39b6,bitcoin-up-or-down-may-3-2026-1pm-et
"Bitcoin Up or Down - May 3, 1PM ET",Down,BUY,6,0.3,0xc19d77aa81e4d53ca2fde9b0cfb5183a0d0c145efc250186e325d8aaa0dfb5a4,2026-05-03 20:12:22,0x8414b05d3b6b13780d9b78cd237c6ac15d078e562026c1fa8e5992e0d0db8ef8,bitcoin-up-or-down-may-3-2026-1pm-et
"Bitcoin Up or Down - May 3, 1:00PM-1:15PM ET",Down,BUY,7.63,0.06,0x6fd3598634deca2f1747368fcfa1685b4c3fda71c52401df4dcc8de4d43e2c86,2026-05-03 20:12:22,0xce241342ee6cd5aa92a63982dcfb3b6b6791ba0c081fada377b6e20f9e03c942,btc-updown-15m-1777827600
"Bitcoin Up or Down - May 3, 1PM ET",Down,BUY,6,0.28,0xc19d77aa81e4d53ca2fde9b0cfb5183a0d0c145efc250186e325d8aaa0dfb5a4,2026-05-03 20:12:04,0xdd4d13fa9eaf6275d8b4cd1e4a20c1a31a2bf1dda57a4ccc9e569fc773cabac9,bitcoin-up-or-down-may-3-2026-1pm-et
"Bitcoin Up or Down - May 3, 1PM ET",Up,BUY,6,0.73,0xc19d77aa81e4d53ca2fde9b0cfb5183a0d0c145efc250186e325d8aaa0dfb5a4,2026-05-03 20:11:56,0x6dcf7b038e969dff02348672d17603e54b952b386efa56ff28fea12f5cd0052e,bitcoin-up-or-down-may-3-2026-1pm-et
"Bitcoin Up or Down - May 3, 1PM ET",Up,BUY,6,0.73,0xc19d77aa81e4d53ca2fde9b0cfb5183a0d0c145efc250186e325d8aaa0dfb5a4,2026-05-03 20:11:44,0x63ec7ad3886cf6cce40acd7dc86daa01c7a4bfad1738fa3f51f41d8501a303d2,bitcoin-up-or-down-may-3-2026-1pm-et
"Bitcoin Up or Down - May 3, 1PM ET",Up,BUY,6,0.73,0xc19d77aa81e4d53ca2fde9b0cfb5183a0d0c145efc250186e325d8aaa0dfb5a4,2026-05-03 20:11:44,0xea187b50217ba79ccd5b3a399148315e6188e023200bfe6449fe4f909ff981e4,bitcoin-up-or-down-may-3-2026-1pm-et
"Bitcoin Up or Down - May 3, 1:00PM-1:15PM ET",Down,BUY,38,0.06,0x6fd3598634deca2f1747368fcfa1685b4c3fda71c52401df4dcc8de4d43e2c86,2026-05-03 20:11:44,0x4209c8abf4c6ce55fcd02e04bc01626b307d8d179f4a79857832d4a3b28c429f,btc-updown-15m-1777827600
"Bitcoin Up or Down - May 3, 1PM ET",Down,BUY,6,0.28,0xc19d77aa81e4d53ca2fde9b0cfb5183a0d0c145efc250186e325d8aaa0dfb5a4,2026-05-03 20:11:44,0x1a72f2c6c5767ca4b65fceb142c477c3ee8bb49cf77c398fbc9a5b6860dcdc79,bitcoin-up-or-down-may-3-2026-1pm-et
"Bitcoin Up or Down - May 3, 1PM ET",Up,BUY,6,0.72,0xc19d77aa81e4d53ca2fde9b0cfb5183a0d0c145efc250186e325d8aaa0dfb5a4,2026-05-03 20:11:36,0xaca2b2c69168efebf5f05f8a8b0dca7ccf744922c670a5e7d941703ed20759a5,bitcoin-up-or-down-may-3-2026-1pm-et
"Bitcoin Up or Down - May 3, 1:10PM-1:15PM ET",Up,BUY,295.28,0.95,0x0d63d0b1c0e71cabb06452b747589cc6032c7fe1a7a2860bd33a62d184eb4bb0,2026-05-03 20:11:36,0xf8387706a6b133e3ef5773cbb38165af2383eaad5ba22784409eaf972016da3f,btc-updown-5m-1777828200
"Ethereum Up or Down - May 3, 1:10PM-1:15PM ET",Up,BUY,21.38,0.96,0xdd45902f538d7aaa58204db34e1dccc2b3f62f27403dff69097c4b9583a54c48,2026-05-03 20:11:36,0xc8e2772d38e88523d0da0e940aac21d8fe2cff655c80a9c9b13da40c692997c5,eth-updown-5m-1777828200
"Bitcoin Up or Down - May 3, 1:10PM-1:15PM ET",Up,BUY,687,0.9622071324599709,0x0d63d0b1c0e71cabb06452b747589cc6032c7fe1a7a2860bd33a62d184eb4bb0,2026-05-03 20:11:36,0x2bfe6bb4415fd0284e06f2af009a498d59fa3474bec78059d5d2b8673dc65427,btc-updown-5m-1777828200
"Bitcoin Up or Down - May 3, 1PM ET",Up,BUY,6,0.66,0xc19d77aa81e4d53ca2fde9b0cfb5183a0d0c145efc250186e325d8aaa0dfb5a4,2026-05-03 20:11:34,0x6c2da49d71137841294c4446c6e76255b16912e34f9aa80b531605010977f4b2,bitcoin-up-or-down-may-3-2026-1pm-et
"Ethereum Up or Down - May 3, 1:10PM-1:15PM ET",Up,BUY,12.67,0.95,0xdd45902f538d7aaa58204db34e1dccc2b3f62f27403dff69097c4b9583a54c48,2026-05-03 20:11:34,0xa81c807be9d6c6228fa48702eddac55da79862e6946ac9be7b66f9529f27c333,eth-updown-5m-1777828200
"Bitcoin Up or Down - May 3, 12:00PM-4:00PM ET",Up,BUY,5,0.56838,0x5d6396444a4fc085f2f01aac5ecbbb97bc5c92b612dc0ceb5bdc6bdd7a197933,2026-05-03 20:11:32,0x9f8cde4108b64d918e2ecb09e8ffe74fbefa39404322deb70f7613eca4ad4450,btc-updown-4h-1777824000
"Bitcoin Up or Down - May 3, 12:00PM-4:00PM ET",Up,BUY,5,0.54,0x5d6396444a4fc085f2f01aac5ecbbb97bc5c92b612dc0ceb5bdc6bdd7a197933,2026-05-03 20:11:32,0x0f401bae6985a479a7fe56ead75519d9e522ac7e738526dbc0ddb7ea21d0b31c,btc-updown-4h-1777824000
"Bitcoin Up or Down - May 3, 12:00PM-4:00PM ET",Up,BUY,5,0.56,0x5d6396444a4fc085f2f01aac5ecbbb97bc5c92b612dc0ceb5bdc6bdd7a197933,2026-05-03 20:11:32,0x3e73f1a7c3ab0d38d07ab6352ad784eeb4cc393f35d334381f06e40fb1d3da30,btc-updown-4h-1777824000
"Bitcoin Up or Down - May 3, 12:00PM-4:00PM ET",Up,BUY,5,0.56,0x5d6396444a4fc085f2f01aac5ecbbb97bc5c92b612dc0ceb5bdc6bdd7a197933,2026-05-03 20:11:32,0x8c217c8df8a8fee97b3d13b36212a81547ca9395519096b3d174a21642e537d5,btc-updown-4h-1777824000
"Bitcoin Up or Down - May 3, 12:00PM-4:00PM ET",Up,BUY,5,0.54,0x5d6396444a4fc085f2f01aac5ecbbb97bc5c92b612dc0ceb5bdc6bdd7a197933,2026-05-03 20:11:32,0xae20f8706c6b57df752a4d3965bef9afc239d73b99acb1ff5b88472130c2d490,btc-updown-4h-1777824000
"Bitcoin Up or Down - May 3, 1:00PM-1:15PM ET",Up,BUY,16,0.786875,0x6fd3598634deca2f1747368fcfa1685b4c3fda71c52401df4dcc8de4d43e2c86,2026-05-03 20:11:26,0xf10a2fda813fdfa20e607ebf9f74cc149b53be8586d2a52fbeb79555ad423f98,btc-updown-15m-1777827600
"Ethereum Up or Down - May 3, 1:10PM-1:15PM ET",Up,BUY,26,0.88,0xdd45902f538d7aaa58204db34e1dccc2b3f62f27403dff69097c4b9583a54c48,2026-05-03 20:11:24,0x575be33789c5146bf1dd90f09225ca9421e9d39337c2c712f355988b947841e1,eth-updown-5m-1777828200
"Bitcoin Up or Down - May 3, 1PM ET",Up,BUY,5,0.62,0xc19d77aa81e4d53ca2fde9b0cfb5183a0d0c145efc250186e325d8aaa0dfb5a4,2026-05-03 20:11:24,0xd593170e9550b5cd034377716754d830d7f6e8678e9065ef434617dc49e773a5,bitcoin-up-or-down-may-3-2026-1pm-et
"Ethereum Up or Down - May 3, 1:10PM-1:15PM ET",Up,BUY,6.38,0.87,0xdd45902f538d7aaa58204db34e1dccc2b3f62f27403dff69097c4b9583a54c48,2026-05-03 20:11:24,0x99d0cac91d03471ba7bf7a48bc6d262fac864c727037dd7ae0f11500c4304f00,eth-updown-5m-1777828200
"Ethereum Up or Down - May 3, 1:10PM-1:15PM ET",Up,BUY,20,0.85,0xdd45902f538d7aaa58204db34e1dccc2b3f62f27403dff69097c4b9583a54c48,2026-05-03 20:11:22,0xa2ac77cd0a0bb90708d2478608c1131cc12658fc44be3a956b7a637457fceaf2,eth-updown-5m-1777828200
"Bitcoin Up or Down - May 3, 1:00PM-1:15PM ET",Up,BUY,18,0.7733333333333333,0x6fd3598634deca2f1747368fcfa1685b4c3fda71c52401df4dcc8de4d43e2c86,2026-05-03 20:11:22,0x76513d75c0dd0c89fcb8532018cc40829f0218fe95a8c5f813bbb39686e3f05c,btc-updown-15m-1777827600
"Bitcoin Up or Down - May 3, 12:00PM-4:00PM ET",Up,BUY,5,0.51,0x5d6396444a4fc085f2f01aac5ecbbb97bc5c92b612dc0ceb5bdc6bdd7a197933,2026-05-03 20:11:18,0x1f2b52464bdc1cf6cc24f5b99d3688903730293bebd48391f3d319e92328c7e5,btc-updown-4h-1777824000
"Ethereum Up or Down - May 3, 1:10PM-1:15PM ET",Up,BUY,19,0.81,0xdd45902f538d7aaa58204db34e1dccc2b3f62f27403dff69097c4b9583a54c48,2026-05-03 20:11:18,0x3f9a43fea509d209f46bb4afabd0828d828e75c1318548cde9535d4423e9cee5,eth-updown-5m-1777828200
"Bitcoin Up or Down - May 3, 12:00PM-4:00PM ET",Up,BUY,5,0.51,0x5d6396444a4fc085f2f01aac5ecbbb97bc5c92b612dc0ceb5bdc6bdd7a197933,2026-05-03 20:11:18,0x600f24b265b32054e481190528ddd59777a5c41c23dd3424a3e2c18202533189,btc-updown-4h-1777824000
"Ethereum Up or Down - May 3, 1:10PM-1:15PM ET",Down,BUY,10,0.2,0xdd45902f538d7aaa58204db34e1dccc2b3f62f27403dff69097c4b9583a54c48,2026-05-03 20:10:52,0x7eae83d22d5e43297c5496307520160686e98cfdf297a2263675588f6a75e27e,eth-updown-5m-1777828200
"Ethereum Up or Down - May 3, 1:10PM-1:15PM ET",Down,BUY,13,0.22,0xdd45902f538d7aaa58204db34e1dccc2b3f62f27403dff69097c4b9583a54c48,2026-05-03 20:10:50,0x353c78e44dd6f48915e9fc3a4f4954f3ce4495bde625fc6486c58ecd9f102879,eth-updown-5m-1777828200
"Ethereum Up or Down - May 3, 1:10PM-1:15PM ET",Down,BUY,15,0.22,0xdd45902f538d7aaa58204db34e1dccc2b3f62f27403dff69097c4b9583a54c48,2026-05-03 20:10:50,0x52f2f25bd1ec36f8fecee0badd919880521a1b1ba63a0fe1a37f94b241640704,eth-updown-5m-1777828200
"Ethereum Up or Down - May 3, 1:10PM-1:15PM ET",Up,BUY,10,0.765,0xdd45902f538d7aaa58204db34e1dccc2b3f62f27403dff69097c4b9583a54c48,2026-05-03 20:10:34,0xe3baa4d514a033840b3314c19c16f6ef447f09744c5dc854ace076d36cd083cb,eth-updown-5m-1777828200
"Ethereum Up or Down - May 3, 1:10PM-1:15PM ET",Up,BUY,11,0.66,0xdd45902f538d7aaa58204db34e1dccc2b3f62f27403dff69097c4b9583a54c48,2026-05-03 20:10:26,0xf6f03ddf2c97ab38df3d5e07864fdb09df39ca6228bdbaed857e5f6c5a97a648,eth-updown-5m-1777828200
"Bitcoin Up or Down - May 3, 1:10PM-1:15PM ET",Up,BUY,81,0.5178950617283951,0x0d63d0b1c0e71cabb06452b747589cc6032c7fe1a7a2860bd33a62d184eb4bb0,2026-05-03 20:10:24,0x2be67d9d8d710d36057b2b3d7ef2b21d24f790fefedbbd4bbbe85e61cda7c85d,btc-updown-5m-1777828200
"Ethereum Up or Down - May 3, 1:10PM-1:15PM ET",Up,BUY,11,0.6666636363636363,0xdd45902f538d7aaa58204db34e1dccc2b3f62f27403dff69097c4b9583a54c48,2026-05-03 20:10:24,0x48e1dbb249e7d676cdda7b334704de10f75f1424a13b2fc8017c670fd8ae670f,eth-updown-5m-1777828200
"Bitcoin Up or Down - May 3, 1PM ET",Up,BUY,5,0.5,0xc19d77aa81e4d53ca2fde9b0cfb5183a0d0c145efc250186e325d8aaa0dfb5a4,2026-05-03 20:10:22,0xe7898ba5f4c98cd14ccafd179c8800f3689a70d0870dee41d0ed9ccaffcc3a45,bitcoin-up-or-down-may-3-2026-1pm-et
"Bitcoin Up or Down - May 3, 1:00PM-1:15PM ET",Up,BUY,11,0.34,0x6fd3598634deca2f1747368fcfa1685b4c3fda71c52401df4dcc8de4d43e2c86,2026-05-03 20:10:22,0x27718e7394677df6490016283957e38079a5c4e2d7b753c7e76bd9897e54f24d,btc-updown-15m-1777827600
"Bitcoin Up or Down - May 3, 1:00PM-1:15PM ET",Up,BUY,11,0.36,0x6fd3598634deca2f1747368fcfa1685b4c3fda71c52401df4dcc8de4d43e2c86,2026-05-03 20:09:40,0xb4ea0f01aa3e318482456a9ef07dc5a7255b882a71ab8141fe28b640bc94a4f2,btc-updown-15m-1777827600
"Bitcoin Up or Down - May 3, 1:00PM-1:15PM ET",Down,BUY,14,0.7,0x6fd3598634deca2f1747368fcfa1685b4c3fda71c52401df4dcc8de4d43e2c86,2026-05-03 20:09:40,0x6ff0c5c8f862b7bbca019aad80eb539dfde4349300e1cd9e875c459bf089f5b7,btc-updown-15m-1777827600
"Bitcoin Up or Down - May 3, 1:00PM-1:15PM ET",Down,BUY,13,0.67,0x6fd3598634deca2f1747368fcfa1685b4c3fda71c52401df4dcc8de4d43e2c86,2026-05-03 20:09:40,0xd7c9304a414f2e6bfd863627295553ebed2730c155a9c2748eb860c6d5a57ef9,btc-updown-15m-1777827600
"Bitcoin Up or Down - May 3, 1PM ET",Down,BUY,5,0.52,0xc19d77aa81e4d53ca2fde9b0cfb5183a0d0c145efc250186e325d8aaa0dfb5a4,2026-05-03 20:09:40,0x53c716647197701ec2e25b4827a6a8a7f6e80a9e9e870bd67bf3ad297d5cccfa,bitcoin-up-or-down-may-3-2026-1pm-et
"Bitcoin Up or Down - May 3, 1:00PM-1:15PM ET",Down,BUY,12,0.67,0x6fd3598634deca2f1747368fcfa1685b4c3fda71c52401df4dcc8de4d43e2c86,2026-05-03 20:09:40,0x442db8654c1cfa879c6e4c361428ecbec3b0d9eef9d85295f1018116aa91c98c,btc-updown-15m-1777827600
"Bitcoin Up or Down - May 3, 1:00PM-1:15PM ET",Down,BUY,14,0.67,0x6fd3598634deca2f1747368fcfa1685b4c3fda71c52401df4dcc8de4d43e2c86,2026-05-03 20:09:40,0xf80309d1fd5568d6ff5430a2383ef9474ef10ee55ad14d92b970457c0c9fc2af,btc-updown-15m-1777827600
"Bitcoin Up or Down - May 3, 1PM ET",Down,BUY,5,0.52,0xc19d77aa81e4d53ca2fde9b0cfb5183a0d0c145efc250186e325d8aaa0dfb5a4,2026-05-03 20:09:40,0xf5d2c0ae4862eeb32d8f8d6493e4a5cc0bb4bdc6e9815f55aa75f8553e2e8b0b,bitcoin-up-or-down-may-3-2026-1pm-et
"Bitcoin Up or Down - May 3, 1:00PM-1:15PM ET",Down,BUY,12,0.67,0x6fd3598634deca2f1747368fcfa1685b4c3fda71c52401df4dcc8de4d43e2c86,2026-05-03 20:09:40,0x0d8badc3e94ccdff8a01194f9ace2c08dc2d526e488bf4431e67f236d6858060,btc-updown-15m-1777827600
"Bitcoin Up or Down - May 3, 1:00PM-1:15PM ET",Up,BUY,5,0.41,0x6fd3598634deca2f1747368fcfa1685b4c3fda71c52401df4dcc8de4d43e2c86,2026-05-03 20:09:38,0x0455ed6777388c0779d987fa8601c9bc74d9443807498c2239f841d9806e2d5a,btc-updown-15m-1777827600
"Bitcoin Up or Down - May 3, 1PM ET",Up,BUY,5,0.49,0xc19d77aa81e4d53ca2fde9b0cfb5183a0d0c145efc250186e325d8aaa0dfb5a4,2026-05-03 20:09:38,0x06cce2166e9c025346b01b69f647cfa93f239561f60baeacba48886f2cb22ac4,bitcoin-up-or-down-may-3-2026-1pm-et
"Bitcoin Up or Down - May 3, 1PM ET",Up,BUY,5,0.49,0xc19d77aa81e4d53ca2fde9b0cfb5183a0d0c145efc250186e325d8aaa0dfb5a4,2026-05-03 20:09:38,0x63425ec4f6104fe5d29339bf7cdc920710590987a18402901738882aec0957a2,bitcoin-up-or-down-may-3-2026-1pm-et
"Bitcoin Up or Down - May 3, 1:00PM-1:15PM ET",Up,BUY,11,0.35,0x6fd3598634deca2f1747368fcfa1685b4c3fda71c52401df4dcc8de4d43e2c86,2026-05-03 20:08:52,0x5aa49bb657306500be18d05cf795e3cb605ba482c054b3f8e16b41ccde4f53de,btc-updown-15m-1777827600
"Bitcoin Up or Down - May 3, 1:00PM-1:15PM ET",Up,BUY,11,0.35,0x6fd3598634deca2f1747368fcfa1685b4c3fda71c52401df4dcc8de4d43e2c86,2026-05-03 20:08:52,0xe85a5608327ad376698c34d600442d1fac00a3bf25c691cc0f39b7251a873727,btc-updown-15m-1777827600
"Bitcoin Up or Down - May 3, 1PM ET",Up,BUY,5,0.49,0xc19d77aa81e4d53ca2fde9b0cfb5183a0d0c145efc250186e325d8aaa0dfb5a4,2026-05-03 20:08:52,0x7cc52463ca730847a0248167a82124e7e006780b846de015ffffe6f633b799b9,bitcoin-up-or-down-may-3-2026-1pm-et
"Ethereum Up or Down - May 3, 1:05PM-1:10PM ET",Up,BUY,128,0.97,0x15e03b7eb988bc49b359b9b7aa727e8ed74a3333929e25ff31de96608bda0fe1,2026-05-03 20:08:18,0xe1d5375c7a73a3458391159303d104b38b3bb471b3f4f81d518984f4b700a31b,eth-updown-5m-1777827900
"Ethereum Up or Down - May 3, 1:05PM-1:10PM ET",Up,BUY,86,0.9622104651162791,0x15e03b7eb988bc49b359b9b7aa727e8ed74a3333929e25ff31de96608bda0fe1,2026-05-03 20:08:18,0xdade46fbb4409b2adeeda2a77b3a50281a7e00892539323508d37d85ee1faac0,eth-updown-5m-1777827900
"Ethereum Up or Down - May 3, 1:05PM-1:10PM ET",Down,BUY,31,0.09,0x15e03b7eb988bc49b359b9b7aa727e8ed74a3333929e25ff31de96608bda0fe1,2026-05-03 20:08:10,0xd4c5df12d8c3a3f6dcee97cba04ff6104a5bf82258a54926b5f76372eafdb3d2,eth-updown-5m-1777827900
"Ethereum Up or Down - May 3, 1:05PM-1:10PM ET",Down,BUY,6,0.08,0x15e03b7eb988bc49b359b9b7aa727e8ed74a3333929e25ff31de96608bda0fe1,2026-05-03 20:08:10,0x8af9ce722e14bd1319a29c3fb0b5918b8f8e8b5f1868f10d8a831a4c5d3f7a38,eth-updown-5m-1777827900
"Ethereum Up or Down - May 3, 1:05PM-1:10PM ET",Up,BUY,35.71,0.96,0x15e03b7eb988bc49b359b9b7aa727e8ed74a3333929e25ff31de96608bda0fe1,2026-05-03 20:07:56,0xe431527a74735f5849ad5dfc157718cd17e42db754855708a5feb7e83ea361ce,eth-updown-5m-1777827900
"Bitcoin Up or Down - May 3, 1:00PM-1:15PM ET",Up,BUY,11,0.3229909090909091,0x6fd3598634deca2f1747368fcfa1685b4c3fda71c52401df4dcc8de4d43e2c86,2026-05-03 20:07:54,0x93d333b0a2d829cbeca7c33847debd93bee2942caf23f6b635c26123b4f5dc76,btc-updown-15m-1777827600
"Bitcoin Up or Down - May 3, 1:00PM-1:15PM ET",Down,BUY,5.03,0.65,0x6fd3598634deca2f1747368fcfa1685b4c3fda71c52401df4dcc8de4d43e2c86,2026-05-03 20:07:48,0x6e5b90e1287590fa9a1c655bb32e0d7d59fa7d813917dd12b060db36cee88ae9,btc-updown-15m-1777827600
"Bitcoin Up or Down - May 3, 1PM ET",Down,BUY,5,0.52,0xc19d77aa81e4d53ca2fde9b0cfb5183a0d0c145efc250186e325d8aaa0dfb5a4,2026-05-03 20:07:48,0x045e3f9fe9c083ed13a27dedf436e0cef17f53b48f336e3d89552467d57f6e4b,bitcoin-up-or-down-may-3-2026-1pm-et
"Bitcoin Up or Down - May 3, 1:00PM-1:15PM ET",Down,BUY,11,0.6154545454545455,0x6fd3598634deca2f1747368fcfa1685b4c3fda71c52401df4dcc8de4d43e2c86,2026-05-03 20:07:48,0x445fabc248cf79bd472e3a4598eec537930a9d0ae34ecf8b289b3ef55297adc5,btc-updown-15m-1777827600
"Bitcoin Up or Down - May 3, 1PM ET",Down,BUY,5,0.53,0xc19d77aa81e4d53ca2fde9b0cfb5183a0d0c145efc250186e325d8aaa0dfb5a4,2026-05-03 20:07:48,0xd867501f6eff68f5fb20b9719ae08031aa49eb81e551e1cecf6f97b511265044,bitcoin-up-or-down-may-3-2026-1pm-et
"Bitcoin Up or Down - May 3, 1:00PM-1:15PM ET",Up,BUY,11,0.3836363636363636,0x6fd3598634deca2f1747368fcfa1685b4c3fda71c52401df4dcc8de4d43e2c86,2026-05-03 20:07:30,0xed75ecc4e4422f195860acd444e9f1d0a8ffaf963ce4e7f184dd936008f495e0,btc-updown-15m-1777827600
"Bitcoin Up or Down - May 3, 1PM ET",Up,BUY,5,0.46,0xc19d77aa81e4d53ca2fde9b0cfb5183a0d0c145efc250186e325d8aaa0dfb5a4,2026-05-03 20:07:30,0x2917db00a7bb4da83fef44cab061207a0e61e06f537ec8e7bd27d38c092cced0,bitcoin-up-or-down-may-3-2026-1pm-et
"Bitcoin Up or Down - May 3, 1:00PM-1:15PM ET",Up,BUY,11,0.3690909090909091,0x6fd3598634deca2f1747368fcfa1685b4c3fda71c52401df4dcc8de4d43e2c86,2026-05-03 20:07:30,0xc4d8c8dd581b160c26ef73bd578d11d725acddd17881cc36fddf70c8363f4e12,btc-updown-15m-1777827600
"Bitcoin Up or Down - May 3, 1:05PM-1:10PM ET",Up,BUY,521,0.9514537428023032,0x400f649ff51d5707c13609240feddb7a39d2192db4b035c6d9437f2bb82f494a,2026-05-03 20:07:30,0x48aa771094181a27ff4c38663c78e42a2567c8ade435de5a7415d11cdd42ed04,btc-updown-5m-1777827900
"Ethereum Up or Down - May 3, 1:05PM-1:10PM ET",Up,BUY,86,0.9548058139534884,0x15e03b7eb988bc49b359b9b7aa727e8ed74a3333929e25ff31de96608bda0fe1,2026-05-03 20:07:22,0xc715822b2e51c70f6d287fec36ee7ed8d1578f649958cd8adefe59b68af90c5a,eth-updown-5m-1777827900
"Ethereum Up or Down - May 3, 1:05PM-1:10PM ET",Up,BUY,65,0.94728,0x15e03b7eb988bc49b359b9b7aa727e8ed74a3333929e25ff31de96608bda0fe1,2026-05-03 20:07:22,0x26737e723a64af83c127f8722a0a292cfc4de23f08e499dfa6bf57c3d0a6b9d7,eth-updown-5m-1777827900
"Ethereum Up or Down - May 3, 1:05PM-1:10PM ET",Up,BUY,20,0.93,0x15e03b7eb988bc49b359b9b7aa727e8ed74a3333929e25ff31de96608bda0fe1,2026-05-03 20:07:20,0x656c75a53f7e1db5305577903bc77889dff3104dc00a83f41b782ab34e46b620,eth-updown-5m-1777827900
"Ethereum Up or Down - May 3, 1:05PM-1:10PM ET",Up,BUY,22,0.8610727272727273,0x15e03b7eb988bc49b359b9b7aa727e8ed74a3333929e25ff31de96608bda0fe1,2026-05-03 20:07:06,0x03aad9536635a8d3940e9421a0665734c8fdce037b4decef6254932b1d43dd61,eth-updown-5m-1777827900
"Ethereum Up or Down - May 3, 1:05PM-1:10PM ET",Up,BUY,15.68,0.8236224489795918,0x15e03b7eb988bc49b359b9b7aa727e8ed74a3333929e25ff31de96608bda0fe1,2026-05-03 20:07:06,0x58a1cb0b24f6ee3f85bcf77275bfda1cc05c704d068ee8eba767f97e4940de08,eth-updown-5m-1777827900
"Ethereum Up or Down - May 3, 1:05PM-1:10PM ET",Down,BUY,14,0.21285714285714286,0x15e03b7eb988bc49b359b9b7aa727e8ed74a3333929e25ff31de96608bda0fe1,2026-05-03 20:06:44,0xd39335b3ef0a88f271ff125b28f499114846a4ed84163e695339776c3843377f,eth-updown-5m-1777827900
"Bitcoin Up or Down - May 3, 1:00PM-1:15PM ET",Up,BUY,5,0.25,0x6fd3598634deca2f1747368fcfa1685b4c3fda71c52401df4dcc8de4d43e2c86,2026-05-03 20:06:12,0xfef224eb8166b1e80eb2677f823d7353089e3222afc3b33dfe63f5b085efe4db,btc-updown-15m-1777827600
"Bitcoin Up or Down - May 3, 1:05PM-1:10PM ET",Up,BUY,19.3,0.87,0x400f649ff51d5707c13609240feddb7a39d2192db4b035c6d9437f2bb82f494a,2026-05-03 20:06:12,0x677e95767590ea503bff1fd1ffd55843623f573900ffcdc5bb9a5d2e1156feed,btc-updown-5m-1777827900
"Bitcoin Up or Down - May 3, 1:05PM-1:10PM ET",Up,BUY,16.62,0.85,0x400f649ff51d5707c13609240feddb7a39d2192db4b035c6d9437f2bb82f494a,2026-05-03 20:06:12,0xbe1235cd7a22aa1a32569e2093b71420d2104567eb12076cbd1ec805124ef5a2,btc-updown-5m-1777827900
"Bitcoin Up or Down - May 3, 1:05PM-1:10PM ET",Up,BUY,244,0.9092827868852459,0x400f649ff51d5707c13609240feddb7a39d2192db4b035c6d9437f2bb82f494a,2026-05-03 20:06:02,0x7ec5b156461a4a749bec02264845df776527c7cd55938fcda7e9809333b03fbc,btc-updown-5m-1777827900
"Ethereum Up or Down - May 3, 1:05PM-1:10PM ET",Down,BUY,13,0.14,0x15e03b7eb988bc49b359b9b7aa727e8ed74a3333929e25ff31de96608bda0fe1,2026-05-03 20:06:02,0x07749ea4e5b2fbf1af3a5cba29627e357b50e5bb875eed66fba11a0ba12bceba,eth-updown-5m-1777827900
"Ethereum Up or Down - May 3, 1:05PM-1:10PM ET",Down,BUY,9,0.22,0x15e03b7eb988bc49b359b9b7aa727e8ed74a3333929e25ff31de96608bda0fe1,2026-05-03 20:06:02,0xe315950b27b501f56e22c022adb80927716c1d7a59de7f797dae70c9dc5841dc,eth-updown-5m-1777827900
"Bitcoin Up or Down - May 3, 1:05PM-1:10PM ET",Up,BUY,222,0.89,0x400f649ff51d5707c13609240feddb7a39d2192db4b035c6d9437f2bb82f494a,2026-05-03 20:06:00,0x024adba151af06b8c4fbd4e0df7abad293b9a13132fb9e6e13d4c3e09b5fdf22,btc-updown-5m-1777827900
"Ethereum Up or Down - May 3, 1:05PM-1:10PM ET",Down,BUY,18,0.16,0x15e03b7eb988bc49b359b9b7aa727e8ed74a3333929e25ff31de96608bda0fe1,2026-05-03 20:05:54,0x4abace6698627872072fe0ffc2b314788538755e1ba2b54d3750896fb69f4d6e,eth-updown-5m-1777827900
"Bitcoin Up or Down - May 3, 1PM ET",Up,BUY,5,0.4,0xc19d77aa81e4d53ca2fde9b0cfb5183a0d0c145efc250186e325d8aaa0dfb5a4,2026-05-03 20:05:48,0x159d91f643f8401fb53cff6f8020aca821d6f214bdf5d58b94d8c2447ae831ee,bitcoin-up-or-down-may-3-2026-1pm-et
"Bitcoin Up or Down - May 3, 1:00PM-1:15PM ET",Up,BUY,16,0.18,0x6fd3598634deca2f1747368fcfa1685b4c3fda71c52401df4dcc8de4d43e2c86,2026-05-03 20:05:48,0x0d22b3dc7d25530001c9e2d45c3eaa3374014b581b66608ba5769da6fa684f73,btc-updown-15m-1777827600
"Ethereum Up or Down - May 3, 1:05PM-1:10PM ET",Down,BUY,14,0.21928571428571428,0x15e03b7eb988bc49b359b9b7aa727e8ed74a3333929e25ff31de96608bda0fe1,2026-05-03 20:05:46,0x35e0e524b0485fde7e8b3b6033664728ea9274fa72d348efff309b28c99957e2,eth-updown-5m-1777827900
"Bitcoin Up or Down - May 3, 1:00PM-1:15PM ET",Up,BUY,18,0.17,0x6fd3598634deca2f1747368fcfa1685b4c3fda71c52401df4dcc8de4d43e2c86,2026-05-03 20:05:44,0x80b4ec535d213226fc024771749a4982b0536684d14b61bb2befa6798369ca19,btc-updown-15m-1777827600
"Bitcoin Up or Down - May 3, 1PM ET",Up,BUY,5,0.36,0xc19d77aa81e4d53ca2fde9b0cfb5183a0d0c145efc250186e325d8aaa0dfb5a4,2026-05-03 20:05:40,0xe4849f933ae1b9f943939ca9b24082bd49c8aa043be5e6936f90d684e261693e,bitcoin-up-or-down-may-3-2026-1pm-et
"Ethereum Up or Down - May 3, 1:05PM-1:10PM ET",Up,BUY,7,0.7,0x15e03b7eb988bc49b359b9b7aa727e8ed74a3333929e25ff31de96608bda0fe1,2026-05-03 20:05:40,0x40e3dcb29f1270b59b990b133236fbb3f71f3f390f3b6bdaac5ae1e343196f4b,eth-updown-5m-1777827900
"Bitcoin Up or Down - May 3, 1PM ET",Up,BUY,5,0.36,0xc19d77aa81e4d53ca2fde9b0cfb5183a0d0c145efc250186e325d8aaa0dfb5a4,2026-05-03 20:05:38,0x17fe60973799f560a0c5a501a026559ed48bc200995175bc4fe52f63e78a1765,bitcoin-up-or-down-may-3-2026-1pm-et
"Bitcoin Up or Down - May 3, 1PM ET",Up,BUY,5,0.32,0xc19d77aa81e4d53ca2fde9b0cfb5183a0d0c145efc250186e325d8aaa0dfb5a4,2026-05-03 20:05:32,0xeaed78d09530029df97ab91702828219281db67ec33038bc2619fc95564ebe2c,bitcoin-up-or-down-may-3-2026-1pm-et
"Bitcoin Up or Down - May 3, 12:00PM-4:00PM ET",Up,BUY,6,0.34,0x5d6396444a4fc085f2f01aac5ecbbb97bc5c92b612dc0ceb5bdc6bdd7a197933,2026-05-03 20:05:32,0xdfd1120c5b44371dc09c886a75f497d81c8c5d4fbd7995428e3ce25aaaae00a7,btc-updown-4h-1777824000
"Ethereum Up or Down - May 3, 1:05PM-1:10PM ET",Down,BUY,10,0.445,0x15e03b7eb988bc49b359b9b7aa727e8ed74a3333929e25ff31de96608bda0fe1,2026-05-03 20:05:18,0x9ca24333efe7429debde3826a80283dbe587206cb5602f757d23acd92691bdd2,eth-updown-5m-1777827900
"Bitcoin Up or Down - May 3, 12:00PM-4:00PM ET",Down,BUY,5,0.65,0x5d6396444a4fc085f2f01aac5ecbbb97bc5c92b612dc0ceb5bdc6bdd7a197933,2026-05-03 20:05:16,0xbbf594b9952133ace964ab232f7026c93282880e58d9e85c1ecbc05bc0c82da1,btc-updown-4h-1777824000
"Ethereum Up or Down - May 3, 1:05PM-1:10PM ET",Down,BUY,10,0.45,0x15e03b7eb988bc49b359b9b7aa727e8ed74a3333929e25ff31de96608bda0fe1,2026-05-03 20:05:16,0x64ed36aa28358c098463cf867a5ef9bd8b515d013a4b7630409d4749e74fd86e,eth-updown-5m-1777827900
"Ethereum Up or Down - May 3, 1:05PM-1:10PM ET",Down,BUY,10,0.45,0x15e03b7eb988bc49b359b9b7aa727e8ed74a3333929e25ff31de96608bda0fe1,2026-05-03 20:05:16,0xc3227009ec2a6712238d7f293b3bbf82b780d69f3788e39ef362d46f85aed3fc,eth-updown-5m-1777827900
"Ethereum Up or Down - May 3, 1:05PM-1:10PM ET",Down,BUY,10,0.45,0x15e03b7eb988bc49b359b9b7aa727e8ed74a3333929e25ff31de96608bda0fe1,2026-05-03 20:05:16,0x86f823e2488fbb3bbc91f12cadec02802cd35213c33ca64c9e9193fc7258c31d,eth-updown-5m-1777827900
"Ethereum Up or Down - May 3, 1:05PM-1:10PM ET",Down,BUY,10,0.45,0x15e03b7eb988bc49b359b9b7aa727e8ed74a3333929e25ff31de96608bda0fe1,2026-05-03 20:05:16,0xdab555a3927c8cda507357c2e582ddf151567b72a18a7cc2ad7ea6d03f07c7fb,eth-updown-5m-1777827900
"Ethereum Up or Down - May 3, 1:05PM-1:10PM ET",Down,BUY,10,0.45,0x15e03b7eb988bc49b359b9b7aa727e8ed74a3333929e25ff31de96608bda0fe1,2026-05-03 20:05:16,0x1b811e28c2a5dd05b7eea140aca92b79a471b449a583d3e16ace88ec4356803c,eth-updown-5m-1777827900
"Ethereum Up or Down - May 3, 1:05PM-1:10PM ET",Up,BUY,10,0.56,0x15e03b7eb988bc49b359b9b7aa727e8ed74a3333929e25ff31de96608bda0fe1,2026-05-03 20:05:16,0x23ebacd01c5491de59a3fdb570a8607e0613580274e739557361328c818c93f8,eth-updown-5m-1777827900
"Bitcoin Up or Down - May 3, 1:05PM-1:10PM ET",Up,BUY,80,0.48,0x400f649ff51d5707c13609240feddb7a39d2192db4b035c6d9437f2bb82f494a,2026-05-03 20:05:16,0xb6d7b7ea5e94a628b4074195b5dc488b8ff46a5243aa89e9b356391520b82d3c,btc-updown-5m-1777827900
"Ethereum Up or Down - May 3, 1:05PM-1:10PM ET",Up,BUY,10,0.565,0x15e03b7eb988bc49b359b9b7aa727e8ed74a3333929e25ff31de96608bda0fe1,2026-05-03 20:05:14,0xe85551d20632c9888b483ac6ebaad0c77ecad6288ae941685a8de4a7c884af2f,eth-updown-5m-1777827900
"Ethereum Up or Down - May 3, 1:05PM-1:10PM ET",Up,BUY,11,0.56,0x15e03b7eb988bc49b359b9b7aa727e8ed74a3333929e25ff31de96608bda0fe1,2026-05-03 20:05:14,0xec77e4c617cf34c99819cdc249450ec4dcbc5a0fc58ee4c16630e64e71bb88e9,eth-updown-5m-1777827900
"Ethereum Up or Down - May 3, 1:05PM-1:10PM ET",Up,BUY,10,0.56,0x15e03b7eb988bc49b359b9b7aa727e8ed74a3333929e25ff31de96608bda0fe1,2026-05-03 20:05:14,0x43d9134717d206c2fcfcdb07a4aeb55db558cb4e4408a86e5a089f9b4ed9f55c,eth-updown-5m-1777827900
"Ethereum Up or Down - May 3, 1:05PM-1:10PM ET",Up,BUY,10,0.54,0x15e03b7eb988bc49b359b9b7aa727e8ed74a3333929e25ff31de96608bda0fe1,2026-05-03 20:05:14,0xf70d7919f73e5162f0ef8b0873dbca08790f750b58436be4f0fd16061b11a4a3,eth-updown-5m-1777827900
"Bitcoin Up or Down - May 3, 1:00PM-1:15PM ET",Down,BUY,38,0.91,0x6fd3598634deca2f1747368fcfa1685b4c3fda71c52401df4dcc8de4d43e2c86,2026-05-03 20:05:12,0x66be358dbad854931ccabd1bd2db8790357ee84d855cef61b3924db3fa37a0ee,btc-updown-15m-1777827600
"Bitcoin Up or Down - May 3, 1:00PM-1:15PM ET",Down,BUY,44,0.9213931818181819,0x6fd3598634deca2f1747368fcfa1685b4c3fda71c52401df4dcc8de4d43e2c86,2026-05-03 20:05:12,0x281aa32654478919c1c8ae475c2795569aeaaddb4652a121d9261d43e4eb8916,btc-updown-15m-1777827600
"Bitcoin Up or Down - May 3, 1PM ET",Down,BUY,6,0.67,0xc19d77aa81e4d53ca2fde9b0cfb5183a0d0c145efc250186e325d8aaa0dfb5a4,2026-05-03 20:05:12,0x42572c00dfe0849bd75a1f7b4fcbe35c54881d7f9bfceba5d038fd471a21d84e,bitcoin-up-or-down-may-3-2026-1pm-et
"Bitcoin Up or Down - May 3, 1PM ET",Down,BUY,6,0.67,0xc19d77aa81e4d53ca2fde9b0cfb5183a0d0c145efc250186e325d8aaa0dfb5a4,2026-05-03 20:05:12,0x5358ab01766c0413c0d244dc53f6cddac27971d1ed0ddb25eb1b19b6043a2e51,bitcoin-up-or-down-may-3-2026-1pm-et
"Bitcoin Up or Down - May 3, 1:05PM-1:10PM ET",Down,BUY,57.52,0.52,0x400f649ff51d5707c13609240feddb7a39d2192db4b035c6d9437f2bb82f494a,2026-05-03 20:05:12,0xf442e757c6d732d6f728fcf05f77d16b68a6c82368dabc970f4eae14159f58e0,btc-updown-5m-1777827900
"Bitcoin Up or Down - May 3, 1:05PM-1:10PM ET",Down,BUY,5,0.5,0x400f649ff51d5707c13609240feddb7a39d2192db4b035c6d9437f2bb82f494a,2026-05-03 20:05:10,0xdacbdcb9f55374722d504287cb3795a22cbf1ef9002edd2001cb6f2895051f3b,btc-updown-5m-1777827900
"Bitcoin Up or Down - May 3, 1PM ET",Up,BUY,6,0.31,0xc19d77aa81e4d53ca2fde9b0cfb5183a0d0c145efc250186e325d8aaa0dfb5a4,2026-05-03 20:04:44,0x5bfd506708821a07a6b209069a3c3802a02c97d1606e1641a571b96a818283fa,bitcoin-up-or-down-may-3-2026-1pm-et
"Bitcoin Up or Down - May 3, 1PM ET",Up,BUY,6,0.31,0xc19d77aa81e4d53ca2fde9b0cfb5183a0d0c145efc250186e325d8aaa0dfb5a4,2026-05-03 20:03:40,0xa3f7c98c7a2e90e9740506ff392fe6761a117137e1ebd8455c5b5a38ff4571de,bitcoin-up-or-down-may-3-2026-1pm-et
"Bitcoin Up or Down - May 3, 1PM ET",Down,BUY,6,0.66,0xc19d77aa81e4d53ca2fde9b0cfb5183a0d0c145efc250186e325d8aaa0dfb5a4,2026-05-03 20:03:18,0xafe56224401ada383da1f0c1601336c6262856fb3de6470b05d1d933424cb0d9,bitcoin-up-or-down-may-3-2026-1pm-et
"Bitcoin Up or Down - May 3, 1:00PM-1:15PM ET",Up,BUY,16,0.17,0x6fd3598634deca2f1747368fcfa1685b4c3fda71c52401df4dcc8de4d43e2c86,2026-05-03 20:03:06,0xcbde4022450565aa137791c99b71d688b0cfb316a085ab711ea0e467e1a1a0cc,btc-updown-15m-1777827600
"Bitcoin Up or Down - May 3, 1:00PM-1:15PM ET",Down,BUY,22,0.8637863636363636,0x6fd3598634deca2f1747368fcfa1685b4c3fda71c52401df4dcc8de4d43e2c86,2026-05-03 20:02:56,0x4df2d29b29aede7156b29208f516d6184e935e738e1b8365d060c9646e2dcf35,btc-updown-15m-1777827600
"Bitcoin Up or Down - May 3, 1:00PM-1:15PM ET",Down,BUY,21,0.8452380952380952,0x6fd3598634deca2f1747368fcfa1685b4c3fda71c52401df4dcc8de4d43e2c86,2026-05-03 20:02:56,0x2d75c5332bd82652ca670dfeac297325e0e57971e0761ab4476244d03849fbc5,btc-updown-15m-1777827600
"Bitcoin Up or Down - May 3, 1:00PM-1:15PM ET",Up,BUY,20,0.15,0x6fd3598634deca2f1747368fcfa1685b4c3fda71c52401df4dcc8de4d43e2c86,2026-05-03 20:02:56,0x956532baf52cac289a01c6f57fb1ebc6c4ff0bb472e57a3fdd762d2241cd6ec2,btc-updown-15m-1777827600
"Bitcoin Up or Down - May 3, 1:00PM-1:15PM ET",Up,BUY,15,0.14,0x6fd3598634deca2f1747368fcfa1685b4c3fda71c52401df4dcc8de4d43e2c86,2026-05-03 20:02:56,0x183165839fd8f9c047fd81c9f27ab32a5c90f6c718930a92c44685b5d406ba22,btc-updown-15m-1777827600
"Bitcoin Up or Down - May 3, 1PM ET",Down,BUY,6,0.68,0xc19d77aa81e4d53ca2fde9b0cfb5183a0d0c145efc250186e325d8aaa0dfb5a4,2026-05-03 20:02:56,0x6e56de52e75883329a1d7982240f5aa1ad7388cc9e90645a8f874f188b17a1a1,bitcoin-up-or-down-may-3-2026-1pm-et
"Bitcoin Up or Down - May 3, 12:00PM-4:00PM ET",Down,BUY,5,0.65,0x5d6396444a4fc085f2f01aac5ecbbb97bc5c92b612dc0ceb5bdc6bdd7a197933,2026-05-03 20:02:54,0xf8f64fd68386d869c47170d9932425ef924abc2d492ed2d998077b201b8ce027,btc-updown-4h-1777824000
"Bitcoin Up or Down - May 3, 1PM ET",Up,BUY,6,0.32,0xc19d77aa81e4d53ca2fde9b0cfb5183a0d0c145efc250186e325d8aaa0dfb5a4,2026-05-03 20:02:14,0x7181680d718d2c5f5ee4a75d55dfc1a673800fbe7a7df5f36f3e1d1839dd1b6f,bitcoin-up-or-down-may-3-2026-1pm-et
"Bitcoin Up or Down - May 3, 1:00PM-1:15PM ET",Up,BUY,19,0.15,0x6fd3598634deca2f1747368fcfa1685b4c3fda71c52401df4dcc8de4d43e2c86,2026-05-03 20:02:14,0xed1312e34ea310e77ee92661a8278a81d7bf4156c13f1e43773ba57383d03c0b,btc-updown-15m-1777827600
"Bitcoin Up or Down - May 3, 1:00PM-1:15PM ET",Up,BUY,20,0.14,0x6fd3598634deca2f1747368fcfa1685b4c3fda71c52401df4dcc8de4d43e2c86,2026-05-03 20:02:14,0x70043a4ab53116e42cc90ea08e4339ab2a718c9f11a758f0d212e744746e780a,btc-updown-15m-1777827600
"Bitcoin Up or Down - May 3, 1PM ET",Up,BUY,6,0.32,0xc19d77aa81e4d53ca2fde9b0cfb5183a0d0c145efc250186e325d8aaa0dfb5a4,2026-05-03 20:02:12,0x443e04a54b172d2e1679158d978aae876890e0e782fdbc24a702a4e2d9316fdf,bitcoin-up-or-down-may-3-2026-1pm-et
"Bitcoin Up or Down - May 3, 1:00PM-1:05PM ET",Up,BUY,421,0.03923990498812351,0xf77cdd5975ddc7a38d537caf679a935861c68b1fc4db7dcdb2d95d2f6d69418c,2026-05-03 20:02:12,0x2b7e2d4e00681ef501c754babb83fdafc3ffa5a2786ff8a34d0278a17254ae4e,btc-updown-5m-1777827600
"Bitcoin Up or Down - May 3, 1:00PM-1:15PM ET",Down,BUY,19,0.8298315789473685,0x6fd3598634deca2f1747368fcfa1685b4c3fda71c52401df4dcc8de4d43e2c86,2026-05-03 20:02:10,0x9e0ef4df173dceac9226d6427446548c65bc377a7081633933a2ab86d0faf575,btc-updown-15m-1777827600
"Bitcoin Up or Down - May 3, 1:00PM-1:15PM ET",Up,BUY,16,0.14,0x6fd3598634deca2f1747368fcfa1685b4c3fda71c52401df4dcc8de4d43e2c86,2026-05-03 20:02:10,0x32a3b987ad3456e341b931cfc8227b3bab5c990ac4c67dd0f8ab82787d96d430,btc-updown-15m-1777827600
"Bitcoin Up or Down - May 3, 1PM ET",Down,BUY,6,0.68,0xc19d77aa81e4d53ca2fde9b0cfb5183a0d0c145efc250186e325d8aaa0dfb5a4,2026-05-03 20:02:10,0x41f768c6b70c856ce096358bb6f192bcd0af9b7ce69b851111e817c2f10aa82d,bitcoin-up-or-down-may-3-2026-1pm-et
"Bitcoin Up or Down - May 3, 1PM ET",Down,BUY,6,0.68,0xc19d77aa81e4d53ca2fde9b0cfb5183a0d0c145efc250186e325d8aaa0dfb5a4,2026-05-03 20:02:10,0x0091a46b48677032d7368714e1879b7f8fb281e478a7da24b0fec4147ce4f073,bitcoin-up-or-down-may-3-2026-1pm-et
"Bitcoin Up or Down - May 3, 1:00PM-1:15PM ET",Up,BUY,16,0.14,0x6fd3598634deca2f1747368fcfa1685b4c3fda71c52401df4dcc8de4d43e2c86,2026-05-03 20:02:10,0x02f7b7652667165327d664da69bb9996c7ead8bdfd1a67d85738917e7768980a,btc-updown-15m-1777827600
"Bitcoin Up or Down - May 3, 1:00PM-1:15PM ET",Up,BUY,17,0.14,0x6fd3598634deca2f1747368fcfa1685b4c3fda71c52401df4dcc8de4d43e2c86,2026-05-03 20:02:10,0x33867aabc97193310a038193df2678d1a44f46d3e297c0c0f75b3c8c2a6b9e10,btc-updown-15m-1777827600
"Bitcoin Up or Down - May 3, 1PM ET",Down,BUY,6,0.66,0xc19d77aa81e4d53ca2fde9b0cfb5183a0d0c145efc250186e325d8aaa0dfb5a4,2026-05-03 20:02:10,0x87eec02b76cea296b24004257c3c2c4d9084f418b53624e5c5e7f78100c8341e,bitcoin-up-or-down-may-3-2026-1pm-et
"Bitcoin Up or Down - May 3, 1:00PM-1:15PM ET",Down,BUY,24,0.87,0x6fd3598634deca2f1747368fcfa1685b4c3fda71c52401df4dcc8de4d43e2c86,2026-05-03 20:02:10,0x549bec9cf2b3ae28e00f0723f5b7d4763db01e2205cb4dcdc878a22117bcca22,btc-updown-15m-1777827600
"Bitcoin Up or Down - May 3, 1PM ET",Down,BUY,6,0.68,0xc19d77aa81e4d53ca2fde9b0cfb5183a0d0c145efc250186e325d8aaa0dfb5a4,2026-05-03 20:02:10,0xc45fb4fd8281318934af9d56bee4f83862d6e99b8d0a08fc4619fe2dff704d72,bitcoin-up-or-down-may-3-2026-1pm-et
"Bitcoin Up or Down - May 3, 1PM ET",Down,BUY,6,0.68,0xc19d77aa81e4d53ca2fde9b0cfb5183a0d0c145efc250186e325d8aaa0dfb5a4,2026-05-03 20:02:10,0xf9a749ba7cd45d46e28216e17a0b2b807050c9edca72a4320f375bb5fe104bfe,bitcoin-up-or-down-may-3-2026-1pm-et
"Bitcoin Up or Down - May 3, 1:00PM-1:15PM ET",Down,BUY,22,0.84,0x6fd3598634deca2f1747368fcfa1685b4c3fda71c52401df4dcc8de4d43e2c86,2026-05-03 20:02:10,0x74045d6dd1e321849ceefcc633690113d015b11a65734f6766dd941d16466ba8,btc-updown-15m-1777827600
"Bitcoin Up or Down - May 3, 1:00PM-1:15PM ET",Down,BUY,20,0.83,0x6fd3598634deca2f1747368fcfa1685b4c3fda71c52401df4dcc8de4d43e2c86,2026-05-03 20:02:10,0x1da90525b8ba4387d47d865fa6f9f93e546dd83d4283a292a330c7f649b595ea,btc-updown-15m-1777827600
"Bitcoin Up or Down - May 3, 1:00PM-1:15PM ET",Down,BUY,21,0.84,0x6fd3598634deca2f1747368fcfa1685b4c3fda71c52401df4dcc8de4d43e2c86,2026-05-03 20:02:10,0x31e94e08459ae13eb10cdcbe5ce20dcdccd309e9044ae15666038d6db63aee8c,btc-updown-15m-1777827600
"Bitcoin Up or Down - May 3, 1PM ET",Down,BUY,6,0.66,0xc19d77aa81e4d53ca2fde9b0cfb5183a0d0c145efc250186e325d8aaa0dfb5a4,2026-05-03 20:02:10,0x03214babdd67fb1859905b8de509accd37417991ff32fd85a85a30f2bc133aed,bitcoin-up-or-down-may-3-2026-1pm-et
"Bitcoin Up or Down - May 3, 1:00PM-1:15PM ET",Down,BUY,18,0.81,0x6fd3598634deca2f1747368fcfa1685b4c3fda71c52401df4dcc8de4d43e2c86,2026-05-03 20:02:08,0x5bded2694f46a65fec341875af0d5b4e46e115cff5e439c9171a13e1524c998d,btc-updown-15m-1777827600
"Bitcoin Up or Down - May 3, 12:00PM-4:00PM ET",Down,BUY,6,0.63,0x5d6396444a4fc085f2f01aac5ecbbb97bc5c92b612dc0ceb5bdc6bdd7a197933,2026-05-03 20:02:08,0x13e7c4c95a0e39008ea2a16d50a118c1f4660f13451368baa6f063de54ee7441,btc-updown-4h-1777824000
"Bitcoin Up or Down - May 3, 1PM ET",Down,BUY,6,0.66,0xc19d77aa81e4d53ca2fde9b0cfb5183a0d0c145efc250186e325d8aaa0dfb5a4,2026-05-03 20:02:08,0xba17c558ccbe2994d9e0936e91f905fcdf7cfff6aa4c92bd68c16271b187bd2a,bitcoin-up-or-down-may-3-2026-1pm-et
"Bitcoin Up or Down - May 3, 12:00PM-4:00PM ET",Down,BUY,5,0.63,0x5d6396444a4fc085f2f01aac5ecbbb97bc5c92b612dc0ceb5bdc6bdd7a197933,2026-05-03 20:02:08,0x5298b19f917cccd6f32230c7ba69d5caee8b009cb9be48a531a64e90ce6df30a,btc-updown-4h-1777824000
"Bitcoin Up or Down - May 3, 12:00PM-4:00PM ET",Down,BUY,5,0.63,0x5d6396444a4fc085f2f01aac5ecbbb97bc5c92b612dc0ceb5bdc6bdd7a197933,2026-05-03 20:02:08,0x976fa10d33875bd6ca6599c4d050ec3bfdff779cdc90d00b65662cc9dceb5b66,btc-updown-4h-1777824000
"Bitcoin Up or Down - May 3, 12:00PM-4:00PM ET",Down,BUY,5,0.63,0x5d6396444a4fc085f2f01aac5ecbbb97bc5c92b612dc0ceb5bdc6bdd7a197933,2026-05-03 20:02:08,0xd59faf65e210dd994b44caea4cd12a83ebb4048b61e21d893467028715d79fb6,btc-updown-4h-1777824000
"Bitcoin Up or Down - May 3, 1:00PM-1:15PM ET",Down,BUY,13,0.7166923076923077,0x6fd3598634deca2f1747368fcfa1685b4c3fda71c52401df4dcc8de4d43e2c86,2026-05-03 20:01:12,0x65875ac42e62f3affb372d38aabef7ac42a1acb0bb734dc022d2fb1e17f13865,btc-updown-15m-1777827600
"Bitcoin Up or Down - May 3, 1:00PM-1:05PM ET",Down,BUY,108.73,0.879197093718385,0xf77cdd5975ddc7a38d537caf679a935861c68b1fc4db7dcdb2d95d2f6d69418c,2026-05-03 20:01:10,0x9551f2eeb5694d1ae875f96268bfd1cf83c1b0e12b0ae9b9047980af64909628,btc-updown-5m-1777827600
"Bitcoin Up or Down - May 3, 1:00PM-1:05PM ET",Down,BUY,204,0.8855980392156863,0xf77cdd5975ddc7a38d537caf679a935861c68b1fc4db7dcdb2d95d2f6d69418c,2026-05-03 20:01:10,0xea5ac48fd8f5cbeb471b2d298193d09f3fc1c6dbd3509c28ceb4047cc4d384ca,btc-updown-5m-1777827600
"Bitcoin Up or Down - May 3, 1:00PM-1:15PM ET",Down,BUY,12,0.69695,0x6fd3598634deca2f1747368fcfa1685b4c3fda71c52401df4dcc8de4d43e2c86,2026-05-03 20:01:10,0xf0449e00eecc919b256d225cc8532a5db97d3e1cea20905dfda561649e8d5e98,btc-updown-15m-1777827600
"Bitcoin Up or Down - May 3, 1:00PM-1:15PM ET",Down,BUY,13,0.7,0x6fd3598634deca2f1747368fcfa1685b4c3fda71c52401df4dcc8de4d43e2c86,2026-05-03 20:01:10,0x528ad31e5fc1654d4848a5c2844568c004bd02ccda0c1823bd393bcb875e1001,btc-updown-15m-1777827600
"Bitcoin Up or Down - May 3, 1PM ET",Down,BUY,5,0.57822,0xc19d77aa81e4d53ca2fde9b0cfb5183a0d0c145efc250186e325d8aaa0dfb5a4,2026-05-03 20:01:10,0x897f4c19f27d99e989fe8333c8f9be46ede4416ca0facbbe9029f0661f361bc2,bitcoin-up-or-down-may-3-2026-1pm-et
"Bitcoin Up or Down - May 3, 1:00PM-1:15PM ET",Down,BUY,12,0.7,0x6fd3598634deca2f1747368fcfa1685b4c3fda71c52401df4dcc8de4d43e2c86,2026-05-03 20:01:10,0xe2edef83ecbc37ee469228af2f073876f6eb490ff43f56b62902789051ecd91a,btc-updown-15m-1777827600
"Ethereum Up or Down - May 3, 1:00PM-1:05PM ET",Down,BUY,31,0.8980774193548388,0x1197629da3ecd1ad506d3c3abf7a2717b369976f82ae2f2c866dec91689cb705,2026-05-03 20:01:10,0x773655b21278a5480fd1339c0a3e0be6e314c8d498c90b4ef180f84b137faa1e,eth-updown-5m-1777827600
"Bitcoin Up or Down - May 3, 1:00PM-1:05PM ET",Down,BUY,60.21,0.86,0xf77cdd5975ddc7a38d537caf679a935861c68b1fc4db7dcdb2d95d2f6d69418c,2026-05-03 20:01:10,0xc62298ac2724c9c4d5ca6450ab7d8d7a04be69c4390641b89c577ce0fbbf753a,btc-updown-5m-1777827600
"Bitcoin Up or Down - May 3, 1PM ET",Down,BUY,5,0.57,0xc19d77aa81e4d53ca2fde9b0cfb5183a0d0c145efc250186e325d8aaa0dfb5a4,2026-05-03 20:01:10,0x86fa5f92c0ceccbd8edb35aa51504748657a829e6c2e154a5ab8aeea79ff7b9d,bitcoin-up-or-down-may-3-2026-1pm-et
"Bitcoin Up or Down - May 3, 1PM ET",Up,BUY,5,0.44,0xc19d77aa81e4d53ca2fde9b0cfb5183a0d0c145efc250186e325d8aaa0dfb5a4,2026-05-03 20:01:10,0xee522884d60858bdd6d395fa79ebd152ba84865367342714b7ba178b51f1653a,bitcoin-up-or-down-may-3-2026-1pm-et
"Bitcoin Up or Down - May 3, 12:00PM-4:00PM ET",Down,BUY,5,0.57,0x5d6396444a4fc085f2f01aac5ecbbb97bc5c92b612dc0ceb5bdc6bdd7a197933,2026-05-03 20:01:10,0xe8fadec62f5e72f7854e3e8d00d0c4df732c6b7fd6d35edcdf2ffc7a93dc300a,btc-updown-4h-1777824000
"Bitcoin Up or Down - May 3, 1:00PM-1:05PM ET",Up,BUY,99.76,0.1732337610264635,0xf77cdd5975ddc7a38d537caf679a935861c68b1fc4db7dcdb2d95d2f6d69418c,2026-05-03 20:01:08,0x9887fecfc49c6fd971dff5f6b0dc6c11aceb6594da9efe5c76a184c493e60807,btc-updown-5m-1777827600
"Bitcoin Up or Down - May 3, 1:00PM-1:15PM ET",Up,BUY,11,0.33,0x6fd3598634deca2f1747368fcfa1685b4c3fda71c52401df4dcc8de4d43e2c86,2026-05-03 20:01:08,0xc45a7b8c1ff0319a0d41cae9844f3e46f22ac800f34021109cec93d7e9e4651f,btc-updown-15m-1777827600
"Ethereum Up or Down - May 3, 1:00PM-1:05PM ET",Up,BUY,16,0.16,0x1197629da3ecd1ad506d3c3abf7a2717b369976f82ae2f2c866dec91689cb705,2026-05-03 20:01:08,0xd5a5cbe24bce6639c21aedd5ec864296bd3167e60d2de818c5abc24b6d80559f,eth-updown-5m-1777827600
"Bitcoin Up or Down - May 3, 1:00PM-1:15PM ET",Up,BUY,11,0.33,0x6fd3598634deca2f1747368fcfa1685b4c3fda71c52401df4dcc8de4d43e2c86,2026-05-03 20:01:08,0x556bf8d2b7193c0b3c34158bc7d99cc6af50014baf91ead259d7ecf192ef6eda,btc-updown-15m-1777827600
"Bitcoin Up or Down - May 3, 1:00PM-1:05PM ET",Up,BUY,130,0.17,0xf77cdd5975ddc7a38d537caf679a935861c68b1fc4db7dcdb2d95d2f6d69418c,2026-05-03 20:01:08,0xcd2b466cc7b6b95bcf1ca9483a83d6b04ac4c029e0e1e84dcde3d92b8afa827a,btc-updown-5m-1777827600
"Bitcoin Up or Down - May 3, 1:00PM-1:05PM ET",Down,BUY,157,0.85,0xf77cdd5975ddc7a38d537caf679a935861c68b1fc4db7dcdb2d95d2f6d69418c,2026-05-03 20:01:02,0x2908ec31a3a72ec8cc67f65e41bf8830511dab8d37aaaa1c9825bf204c5799b4,btc-updown-5m-1777827600
"Bitcoin Up or Down - May 3, 1:00PM-1:15PM ET",Down,BUY,11,0.64,0x6fd3598634deca2f1747368fcfa1685b4c3fda71c52401df4dcc8de4d43e2c86,2026-05-03 20:01:02,0x66705c8cb04963cc2e9df1869b29d8bff325d4f41f4d69051c0a97fabdaf0498,btc-updown-15m-1777827600
"Bitcoin Up or Down - May 3, 1:00PM-1:05PM ET",Down,BUY,147.94,0.8350486683790725,0xf77cdd5975ddc7a38d537caf679a935861c68b1fc4db7dcdb2d95d2f6d69418c,2026-05-03 20:01:02,0xc5eaac36a17974b78e9719de446c611eb983ae767d775e7ae459f131d5b5e12c,btc-updown-5m-1777827600
"Ethereum Up or Down - May 3, 1:00PM-1:05PM ET",Down,BUY,19,0.8325368421052631,0x1197629da3ecd1ad506d3c3abf7a2717b369976f82ae2f2c866dec91689cb705,2026-05-03 20:01:02,0x48775ae439e6b62ec6e5d66253136ca9d886b98df422edff78ab2a1c292139d0,eth-updown-5m-1777827600
"Bitcoin Up or Down - May 3, 1PM ET",Down,BUY,5,0.57,0xc19d77aa81e4d53ca2fde9b0cfb5183a0d0c145efc250186e325d8aaa0dfb5a4,2026-05-03 20:01:02,0x745f699e7e2aa468fb30732f40d2ed5e025bc250bfcd114fc769d928c92517ce,bitcoin-up-or-down-may-3-2026-1pm-et
"Bitcoin Up or Down - May 3, 1:00PM-1:15PM ET",Down,BUY,11,0.64,0x6fd3598634deca2f1747368fcfa1685b4c3fda71c52401df4dcc8de4d43e2c86,2026-05-03 20:01:02,0x077cc9c91726fa95e4256160beb75607d058a89b5b4916b7e3cea39794d18d9e,btc-updown-15m-1777827600
"Ethereum Up or Down - May 3, 1:00PM-1:05PM ET",Up,BUY,16,0.194375,0x1197629da3ecd1ad506d3c3abf7a2717b369976f82ae2f2c866dec91689cb705,2026-05-03 20:00:48,0xb1c48b71ef2a867760538c0175ded32062c47465530ff64f3fddac64985740c0,eth-updown-5m-1777827600
"Bitcoin Up or Down - May 3, 1:00PM-1:15PM ET",Up,BUY,11,0.34,0x6fd3598634deca2f1747368fcfa1685b4c3fda71c52401df4dcc8de4d43e2c86,2026-05-03 20:00:46,0xcff90c3593317c50a6633a50d41666db0e249b1cefeaa9a95dc41807afba8437,btc-updown-15m-1777827600
"Ethereum Up or Down - May 3, 1:00PM-1:05PM ET",Down,BUY,16,0.7964625,0x1197629da3ecd1ad506d3c3abf7a2717b369976f82ae2f2c866dec91689cb705,2026-05-03 20:00:34,0x0585798d0f0ecfbe2e5f8628e1246f8ae5458cb7e7a64cdcdec1d986eb0c160f,eth-updown-5m-1777827600
"Ethereum Up or Down - May 3, 1:00PM-1:05PM ET",Down,BUY,16,0.78,0x1197629da3ecd1ad506d3c3abf7a2717b369976f82ae2f2c866dec91689cb705,2026-05-03 20:00:34,0xeb4033bef347627b9a338efed26f0746013ac46444d89eb1b296f3d8743a2a13,eth-updown-5m-1777827600
"Bitcoin Up or Down - May 3, 1:00PM-1:15PM ET",Down,BUY,11,0.65,0x6fd3598634deca2f1747368fcfa1685b4c3fda71c52401df4dcc8de4d43e2c86,2026-05-03 20:00:28,0x1d6c0d0da2ac603f3a3217e94044684d37d125d1011e99b88b7fdbf1d93c3078,btc-updown-15m-1777827600
"Bitcoin Up or Down - May 3, 1PM ET",Down,BUY,5,0.52874,0xc19d77aa81e4d53ca2fde9b0cfb5183a0d0c145efc250186e325d8aaa0dfb5a4,2026-05-03 20:00:28,0xd19972d9fc48445f7a22716a438fa424bd8c6b2039452a7da43ce53abdcc7a82,bitcoin-up-or-down-may-3-2026-1pm-et
"Bitcoin Up or Down - May 3, 1:00PM-1:05PM ET",Down,BUY,125,0.75,0xf77cdd5975ddc7a38d537caf679a935861c68b1fc4db7dcdb2d95d2f6d69418c,2026-05-03 20:00:28,0xb66ab6f53db2086493eadc6e7b76c651450747ef2a1c5711449c8b5fdaa40254,btc-updown-5m-1777827600
"Bitcoin Up or Down - May 3, 1PM ET",Down,BUY,5,0.5,0xc19d77aa81e4d53ca2fde9b0cfb5183a0d0c145efc250186e325d8aaa0dfb5a4,2026-05-03 20:00:22,0x90ec8f72b158240cae434f9815e7ce535ce427c5609af73d1b788cb084663414,bitcoin-up-or-down-may-3-2026-1pm-et
"Bitcoin Up or Down - May 3, 1PM ET",Down,BUY,5,0.5,0xc19d77aa81e4d53ca2fde9b0cfb5183a0d0c145efc250186e325d8aaa0dfb5a4,2026-05-03 20:00:22,0x7de87843cfda55a7052f29ee61f71b7f07828a9db2a680089ad17fd5429100ec,bitcoin-up-or-down-may-3-2026-1pm-et
"Bitcoin Up or Down - May 3, 1:00PM-1:15PM ET",Down,BUY,10,0.56,0x6fd3598634deca2f1747368fcfa1685b4c3fda71c52401df4dcc8de4d43e2c86,2026-05-03 20:00:22,0x726c34a89b1c8fb83a910ed025982b6906401b0340117eb1cf92e10c13baf322,btc-updown-15m-1777827600
"Bitcoin Up or Down - May 3, 1:00PM-1:15PM ET",Down,BUY,10,0.51,0x6fd3598634deca2f1747368fcfa1685b4c3fda71c52401df4dcc8de4d43e2c86,2026-05-03 20:00:22,0xb6a7b0cc026c4c41d072fa39fb4530df22a00397826ffcc42fb4d32a75ad128d,btc-updown-15m-1777827600
"Bitcoin Up or Down - May 3, 1:00PM-1:15PM ET",Down,BUY,10,0.51,0x6fd3598634deca2f1747368fcfa1685b4c3fda71c52401df4dcc8de4d43e2c86,2026-05-03 20:00:20,0xc6c5bc9f9643cec45c7e31bf35c612d04a059cd5361acaf56ab816193401f2a1,btc-updown-15m-1777827600
"Bitcoin Up or Down - May 3, 1PM ET",Down,BUY,5,0.5,0xc19d77aa81e4d53ca2fde9b0cfb5183a0d0c145efc250186e325d8aaa0dfb5a4,2026-05-03 20:00:20,0x8a22da7b7fe1f7aa85844fb2b4e486e1cb1f80f99c20d059592a41ca47d6d512,bitcoin-up-or-down-may-3-2026-1pm-et
"Bitcoin Up or Down - May 3, 12:00PM-4:00PM ET",Down,BUY,5,0.52,0x5d6396444a4fc085f2f01aac5ecbbb97bc5c92b612dc0ceb5bdc6bdd7a197933,2026-05-03 20:00:16,0x86b5f48089a00661e9a40cada8e438ef6438a4a97ae43e768cdf85ec0adbb8dd,btc-updown-4h-1777824000
"Bitcoin Up or Down - May 3, 1:00PM-1:05PM ET",Down,BUY,81,0.5,0xf77cdd5975ddc7a38d537caf679a935861c68b1fc4db7dcdb2d95d2f6d69418c,2026-05-03 20:00:16,0x02214f7c9035de52c16bc4c3b8a61e1940d6b00181a180678165991b621dc0bf,btc-updown-5m-1777827600
"Bitcoin Up or Down - May 3, 1PM ET",Down,BUY,5,0.5,0xc19d77aa81e4d53ca2fde9b0cfb5183a0d0c145efc250186e325d8aaa0dfb5a4,2026-05-03 20:00:16,0x3b1f82fddf359cd0eea0b92228a64c1b2e493268a848baccd1f44e4b9385c186,bitcoin-up-or-down-may-3-2026-1pm-et
"Ethereum Up or Down - May 3, 12:55PM-1:00PM ET",Up,BUY,6.85,0.27,0x247be2d2a7d63f37acd6223638c0e2d7980801d1423ae9d14b9c9496b77c4770,2026-05-03 19:59:34,0x075d3e6bb7a500fc397141c5daf85d6670a2f8cfe8a806dd69fd9a6d7935911e,eth-updown-5m-1777827300
"Bitcoin Up or Down - May 3, 12:00PM-4:00PM ET",Up,BUY,5,0.49,0x5d6396444a4fc085f2f01aac5ecbbb97bc5c92b612dc0ceb5bdc6bdd7a197933,2026-05-03 19:59:32,0x3b5095db7977169dd758fcaba09bf8ad83cc329d1d134fd87c16cd63110028e4,btc-updown-4h-1777824000
"Ethereum Up or Down - May 3, 12:55PM-1:00PM ET",Up,BUY,20,0.09,0x247be2d2a7d63f37acd6223638c0e2d7980801d1423ae9d14b9c9496b77c4770,2026-05-03 19:59:30,0x1587804bfad393c0be5a0d8aeadfc75cd7eab5f29dfc72cbf8b6f79631fab962,eth-updown-5m-1777827300
"Bitcoin Up or Down - May 3, 12PM ET",Up,BUY,2.08,0.06,0xb80a4f7e4be254d19a7fc3cedc7cd287f7328173569857910f34702630f5520e,2026-05-03 19:59:30,0x6b622f7e27ec649bd1255be8303b2f6c28e96b47126364fe9032a9310fa9d764,bitcoin-up-or-down-may-3-2026-12pm-et
"Bitcoin Up or Down - May 3, 12:55PM-1:00PM ET",Down,BUY,1786.95,0.99,0xc13d8a76d22414c10f4f9debffe89e806b0e263dfd644d486e1ca6c913d93421,2026-05-03 19:59:24,0x96785886b3b670ccaf26257cc444064724f465db7294654471a31b191afc9c80,btc-updown-5m-1777827300
"Ethereum Up or Down - May 3, 12:45PM-1:00PM ET",Down,BUY,921.12,0.99,0x3fb12d58317c4fcf6566d5a372e437e3700ba9b0741347ac6e9eeb84f3717ea7,2026-05-03 19:59:08,0xedacd6e1c7be56b6675ecbded38f18cbc947f0f29d5f05d67882d5903705123f,eth-updown-15m-1777826700
"Ethereum Up or Down - May 3, 12:55PM-1:00PM ET",Down,BUY,11,0.32131818181818184,0x247be2d2a7d63f37acd6223638c0e2d7980801d1423ae9d14b9c9496b77c4770,2026-05-03 19:59:02,0xf6d7451dabf4c72eb268f32baf9cee5f455596e73ec2fcc75a5defe855d39d79,eth-updown-5m-1777827300
"Ethereum Up or Down - May 3, 12:55PM-1:00PM ET",Down,BUY,11,0.3018181818181818,0x247be2d2a7d63f37acd6223638c0e2d7980801d1423ae9d14b9c9496b77c4770,2026-05-03 19:59:02,0x6d474c15256bafd54ede5054a4582ec3631f835747b7b83395a4e40834b19635,eth-updown-5m-1777827300
"Ethereum Up or Down - May 3, 12:55PM-1:00PM ET",Down,BUY,11,0.3109090909090909,0x247be2d2a7d63f37acd6223638c0e2d7980801d1423ae9d14b9c9496b77c4770,2026-05-03 19:59:02,0x1eec1c5c9398f4cab3c2fa1f0f692cdc9498deebaca6b8722b71d20eeb5a1828,eth-updown-5m-1777827300
"Ethereum Up or Down - May 3, 12:55PM-1:00PM ET",Down,BUY,15,0.09,0x247be2d2a7d63f37acd6223638c0e2d7980801d1423ae9d14b9c9496b77c4770,2026-05-03 19:58:56,0x88295d63648d5559d5dbd56714cd2dc0b668067ebaeeb7d240c2f7623d835e59,eth-updown-5m-1777827300
"Bitcoin Up or Down - May 3, 12:55PM-1:00PM ET",Down,BUY,94,0.6737436170212766,0xc13d8a76d22414c10f4f9debffe89e806b0e263dfd644d486e1ca6c913d93421,2026-05-03 19:58:24,0x8977b4c9dafdea519ef7583e44e5303a2f9a9f27138500db24882da3b74887e3,btc-updown-5m-1777827300
"Bitcoin Up or Down - May 3, 12:55PM-1:00PM ET",Down,BUY,99,0.6599020202020202,0xc13d8a76d22414c10f4f9debffe89e806b0e263dfd644d486e1ca6c913d93421,2026-05-03 19:58:20,0x6caec337fca0681dee235ea69611c8d704ff9789c876d779f15114f24cbd16b6,btc-updown-5m-1777827300
"Bitcoin Up or Down - May 3, 12PM ET",Down,BUY,10,0.04,0xb80a4f7e4be254d19a7fc3cedc7cd287f7328173569857910f34702630f5520e,2026-05-03 19:58:20,0x112a04a3b92ed65551d984fe6b32f4592bc6819cfe0397c26e18caf6b0f90ce2,bitcoin-up-or-down-may-3-2026-12pm-et
"Bitcoin Up or Down - May 3, 12:55PM-1:00PM ET",Down,BUY,104,0.6735298076923077,0xc13d8a76d22414c10f4f9debffe89e806b0e263dfd644d486e1ca6c913d93421,2026-05-03 19:58:20,0xa575c6421873db91bc9661077540d3bc1a5f9652fd2f3aff493721c6bf207e6c,btc-updown-5m-1777827300
"Bitcoin Up or Down - May 3, 12:55PM-1:00PM ET",Down,BUY,136,0.6665977941176471,0xc13d8a76d22414c10f4f9debffe89e806b0e263dfd644d486e1ca6c913d93421,2026-05-03 19:58:20,0x719447455f17518d174b28eed54d661a4b68f6f78d9c15795d2f609db5f20f53,btc-updown-5m-1777827300
"Ethereum Up or Down - May 3, 12:55PM-1:00PM ET",Down,BUY,15,0.21,0x247be2d2a7d63f37acd6223638c0e2d7980801d1423ae9d14b9c9496b77c4770,2026-05-03 19:58:20,0x245057c0dbdd37cf203a704c798b981ee25d8aa4553df5766956842857403851,eth-updown-5m-1777827300
"Ethereum Up or Down - May 3, 12:55PM-1:00PM ET",Down,BUY,17,0.16,0x247be2d2a7d63f37acd6223638c0e2d7980801d1423ae9d14b9c9496b77c4770,2026-05-03 19:58:14,0x8f2065c31059cc3016037a82bd0d2ee6c3712d335101c85fcef03219aa490c4a,eth-updown-5m-1777827300
"Ethereum Up or Down - May 3, 12:55PM-1:00PM ET",Down,BUY,4.45,0.21,0x247be2d2a7d63f37acd6223638c0e2d7980801d1423ae9d14b9c9496b77c4770,2026-05-03 19:57:48,0xf43ee9af3967173bae629e1a349398935a8ffdda0b44ef4e53899e6219e116d9,eth-updown-5m-1777827300
"Bitcoin Up or Down - May 3, 12:55PM-1:00PM ET",Up,BUY,80,0.4320425,0xc13d8a76d22414c10f4f9debffe89e806b0e263dfd644d486e1ca6c913d93421,2026-05-03 19:57:38,0xf949118501de4739866dc26e5e86d74a8972ac14ce4d6c1574c4b1e8dc9f4d65,btc-updown-5m-1777827300
"Bitcoin Up or Down - May 3, 12:55PM-1:00PM ET",Up,BUY,81,0.4327234567901235,0xc13d8a76d22414c10f4f9debffe89e806b0e263dfd644d486e1ca6c913d93421,2026-05-03 19:57:36,0xe7320252087585a36203b78d838905f7d626df78a64565080c776949f7108f03,btc-updown-5m-1777827300
"Ethereum Up or Down - May 3, 12:55PM-1:00PM ET",Up,BUY,15,0.7849333333333334,0x247be2d2a7d63f37acd6223638c0e2d7980801d1423ae9d14b9c9496b77c4770,2026-05-03 19:57:36,0x8fe9d0b953066701cfa365140436024d11e7587690e568ed5c41f20dba3b7cae,eth-updown-5m-1777827300
"Bitcoin Up or Down - May 3, 12:55PM-1:00PM ET",Down,BUY,86,0.5649511627906977,0xc13d8a76d22414c10f4f9debffe89e806b0e263dfd644d486e1ca6c913d93421,2026-05-03 19:57:32,0x9be4d4e3f852079d189879f538c6fe97b319dc11c70b354bd9932d8cd938cf94,btc-updown-5m-1777827300
"Bitcoin Up or Down - May 3, 12PM ET",Down,BUY,10,0.06,0xb80a4f7e4be254d19a7fc3cedc7cd287f7328173569857910f34702630f5520e,2026-05-03 19:57:30,0x4deeda1a40da88675fcd0c0a00e55eabcc8a7dd07472dc4ef53ef6217ed8fd12,bitcoin-up-or-down-may-3-2026-12pm-et
"Ethereum Up or Down - May 3, 12:55PM-1:00PM ET",Up,BUY,16,0.79166875,0x247be2d2a7d63f37acd6223638c0e2d7980801d1423ae9d14b9c9496b77c4770,2026-05-03 19:57:28,0xb1118af89fb272d9dabe9f200c4d082db9779ff776686bab88f6c2c93b076d04,eth-updown-5m-1777827300
"Ethereum Up or Down - May 3, 12:55PM-1:00PM ET",Up,BUY,13,0.74,0x247be2d2a7d63f37acd6223638c0e2d7980801d1423ae9d14b9c9496b77c4770,2026-05-03 19:57:06,0x566935f64eef5c5c044610c10b918ec50a0a6f7ec79a8cfc8f17d6e23784476a,eth-updown-5m-1777827300
"Bitcoin Up or Down - May 3, 12:55PM-1:00PM ET",Up,BUY,80,0.4556425,0xc13d8a76d22414c10f4f9debffe89e806b0e263dfd644d486e1ca6c913d93421,2026-05-03 19:56:54,0xae52a5f26804ad37f60d75db85e33b4b9171e7e725869a4a499617a681c986da,btc-updown-5m-1777827300
"Bitcoin Up or Down - May 3, 12:55PM-1:00PM ET",Up,BUY,80,0.459375,0xc13d8a76d22414c10f4f9debffe89e806b0e263dfd644d486e1ca6c913d93421,2026-05-03 19:56:54,0x5b2a3425c2c92f66d9a59dd9aa29eb807a86b06f090ab29615a947f1d42306a2,btc-updown-5m-1777827300
"Bitcoin Up or Down - May 3, 12:55PM-1:00PM ET",Up,BUY,81,0.46,0xc13d8a76d22414c10f4f9debffe89e806b0e263dfd644d486e1ca6c913d93421,2026-05-03 19:56:54,0x771194629023b210e04633525b385fc0a9ecadb70f314ae2c813ff950f62bda2,btc-updown-5m-1777827300
"Ethereum Up or Down - May 3, 12:55PM-1:00PM ET",Up,BUY,14,0.7,0x247be2d2a7d63f37acd6223638c0e2d7980801d1423ae9d14b9c9496b77c4770,2026-05-03 19:56:52,0xb62fcead52f0564e61f0a4c62d7132c17a6cbb4a464216e6184a68bf1b4c5256,eth-updown-5m-1777827300
"Bitcoin Up or Down - May 3, 12PM ET",Up,BUY,5,0.89,0xb80a4f7e4be254d19a7fc3cedc7cd287f7328173569857910f34702630f5520e,2026-05-03 19:56:52,0x42f1a8b0b00df6f92e87d4e418f4aedc44cefd41f5df14b7d00d8da9e4239faf,bitcoin-up-or-down-may-3-2026-12pm-et
"Ethereum Up or Down - May 3, 12:55PM-1:00PM ET",Up,BUY,4.25,0.68,0x247be2d2a7d63f37acd6223638c0e2d7980801d1423ae9d14b9c9496b77c4770,2026-05-03 19:56:52,0x7040859d658d0736d8c11ec0c34485cf7be3fe2c5930afbbb542c43fde877670,eth-updown-5m-1777827300
"Ethereum Up or Down - May 3, 12:55PM-1:00PM ET",Up,BUY,12,0.651875,0x247be2d2a7d63f37acd6223638c0e2d7980801d1423ae9d14b9c9496b77c4770,2026-05-03 19:56:52,0xe85d7c7065ed52f8b0b0ffce21a87614a17493bbe279d83a0fe51e610375e491,eth-updown-5m-1777827300
"Ethereum Up or Down - May 3, 12:55PM-1:00PM ET",Up,BUY,10,0.56,0x247be2d2a7d63f37acd6223638c0e2d7980801d1423ae9d14b9c9496b77c4770,2026-05-03 19:56:52,0x73702a2d6390e3f2ba037a1bfbf6ff0172c5c9350a4150fc33312921934ae394,eth-updown-5m-1777827300
"Ethereum Up or Down - May 3, 12:55PM-1:00PM ET",Up,BUY,10,0.51,0x247be2d2a7d63f37acd6223638c0e2d7980801d1423ae9d14b9c9496b77c4770,2026-05-03 19:56:44,0x19a63bd68d70b2933b2e95cd85176b5f8fc00223870e20770b35958f42f9ad61,eth-updown-5m-1777827300
"Ethereum Up or Down - May 3, 12:55PM-1:00PM ET",Up,BUY,10,0.49,0x247be2d2a7d63f37acd6223638c0e2d7980801d1423ae9d14b9c9496b77c4770,2026-05-03 19:56:32,0x33b0e3161b2d396278687ec33827514a0969463d3b3cdb811cf672048159b2af,eth-updown-5m-1777827300
"Ethereum Up or Down - May 3, 12:55PM-1:00PM ET",Up,BUY,10,0.49,0x247be2d2a7d63f37acd6223638c0e2d7980801d1423ae9d14b9c9496b77c4770,2026-05-03 19:56:32,0x35ec14c99e73828abaad17196b2c84391a6cbcff30ee705ffa70df053a7f7a1c,eth-updown-5m-1777827300
"Ethereum Up or Down - May 3, 12:55PM-1:00PM ET",Up,BUY,10,0.472,0x247be2d2a7d63f37acd6223638c0e2d7980801d1423ae9d14b9c9496b77c4770,2026-05-03 19:56:32,0x14f3b81d0132d97af34e23bdc38817d68736919ca46fd6ce4a1403fe9d3e4def,eth-updown-5m-1777827300
"Bitcoin Up or Down - May 3, 12:55PM-1:00PM ET",Down,BUY,24.35,0.5598357289527721,0xc13d8a76d22414c10f4f9debffe89e806b0e263dfd644d486e1ca6c913d93421,2026-05-03 19:56:02,0x23633e0465d809fa1bfccfd40b533a6cc7430b456ffe1e69fa59d1afc2aad5bc,btc-updown-5m-1777827300
"Ethereum Up or Down - May 3, 12:55PM-1:00PM ET",Down,BUY,10,0.51,0x247be2d2a7d63f37acd6223638c0e2d7980801d1423ae9d14b9c9496b77c4770,2026-05-03 19:55:54,0xe539e84fea2e3fa48eb823553b0d9df2fcf2b80de235a1b036df849e4efb2155,eth-updown-5m-1777827300
"Ethereum Up or Down - May 3, 12:55PM-1:00PM ET",Down,BUY,10,0.5,0x247be2d2a7d63f37acd6223638c0e2d7980801d1423ae9d14b9c9496b77c4770,2026-05-03 19:55:48,0xe1a18624ce3ae563cebc2b1e3eb235f378616e2d4b56a5bd4a1e14c923adf5de,eth-updown-5m-1777827300
"Bitcoin Up or Down - May 3, 12PM ET",Up,BUY,14,0.9,0xb80a4f7e4be254d19a7fc3cedc7cd287f7328173569857910f34702630f5520e,2026-05-03 19:54:48,0x8e75a887d008e07657935d1879f9c80fed6dfb2b9d7246e9fb91e6cec7427d59,bitcoin-up-or-down-may-3-2026-12pm-et
"Ethereum Up or Down - May 3, 12:50PM-12:55PM ET",Up,BUY,24,0.09,0xa13cb5f475510e766698dd1b45fabee22f3e036208c16ea2a778dc80c5925805,2026-05-03 19:54:28,0x9a3f55bcbce2edbfb294183bf9f375166f5b05684a6ac23b0c78fcbb4ecaa73e,eth-updown-5m-1777827000
"Ethereum Up or Down - May 3, 12:50PM-12:55PM ET",Down,BUY,26,0.8558384615384615,0xa13cb5f475510e766698dd1b45fabee22f3e036208c16ea2a778dc80c5925805,2026-05-03 19:54:20,0x980043c427f660f5ae7429e5f827f8c13f6b45544ae5929d3744d00da26f2699,eth-updown-5m-1777827000
"Ethereum Up or Down - May 3, 12:50PM-12:55PM ET",Down,BUY,22,0.8,0xa13cb5f475510e766698dd1b45fabee22f3e036208c16ea2a778dc80c5925805,2026-05-03 19:54:20,0x037f03ed420280c308f61526b166323712b3b43a62278f0ed346e41baab76280,eth-updown-5m-1777827000
"Bitcoin Up or Down - May 3, 12:50PM-12:55PM ET",Down,BUY,155.26,0.8681218601056293,0x30de522c086ae11543cf05ef6543f8039053571dcb5d57d4e13bd376a5c872a1,2026-05-03 19:54:16,0x21da2904075f986cbb4e2aed0307897394da2e5f2be98d227fb48a1c40e01d0e,btc-updown-5m-1777827000
"Ethereum Up or Down - May 3, 12:50PM-12:55PM ET",Down,BUY,12,0.6949166666666666,0xa13cb5f475510e766698dd1b45fabee22f3e036208c16ea2a778dc80c5925805,2026-05-03 19:54:10,0x47b16897194246d9ab7e2d476345239e22f15a37dcef1983218814b882d9c117,eth-updown-5m-1777827000
"Ethereum Up or Down - May 3, 12:50PM-12:55PM ET",Down,BUY,10,0.47,0xa13cb5f475510e766698dd1b45fabee22f3e036208c16ea2a778dc80c5925805,2026-05-03 19:53:48,0xb7e56d452c317620555d5f1c191fe3070a9b15e380e1adc09dee89d37065c5d6,eth-updown-5m-1777827000
"Bitcoin Up or Down - May 3, 12:50PM-12:55PM ET",Down,BUY,107,0.74,0x30de522c086ae11543cf05ef6543f8039053571dcb5d57d4e13bd376a5c872a1,2026-05-03 19:53:48,0x42c8fe0fe078d9c788fba2f822271743fc5018008e8f21d2e379e0df6fde43b3,btc-updown-5m-1777827000
"Bitcoin Up or Down - May 3, 12:50PM-12:55PM ET",Down,BUY,88.98,0.7217487075747359,0x30de522c086ae11543cf05ef6543f8039053571dcb5d57d4e13bd376a5c872a1,2026-05-03 19:53:48,0x27295ec5a52cc2b213bbfd12a5fdae6e3f929d28f528de5ef80b30aa4fcbf3d0,btc-updown-5m-1777827000
"Bitcoin Up or Down - May 3, 12:45PM-1:00PM ET",Down,BUY,13,0.71,0xa996f7fe0de2d1d9d377d9f4baa84936ed817b3a80f1b4e5fe8f196683213eea,2026-05-03 19:53:48,0xfd88e829aca050af0db21250b5acb856960cd460ff3f1f922e6135c2d1cb4a66,btc-updown-15m-1777826700
"Bitcoin Up or Down - May 3, 12PM ET",Down,BUY,14,0.1,0xb80a4f7e4be254d19a7fc3cedc7cd287f7328173569857910f34702630f5520e,2026-05-03 19:53:48,0x3f57bd203cb26830798180a9227f5948f155702c57208a2c69efc6fe91e79380,bitcoin-up-or-down-may-3-2026-12pm-et
"Ethereum Up or Down - May 3, 12:50PM-12:55PM ET",Down,BUY,10,0.53,0xa13cb5f475510e766698dd1b45fabee22f3e036208c16ea2a778dc80c5925805,2026-05-03 19:53:48,0x43f32a27c314db586585e6f51216c88e7f7fb87e48a678c9dbbf8f801898c5da,eth-updown-5m-1777827000
"Bitcoin Up or Down - May 3, 12:50PM-12:55PM ET",Down,BUY,80.53,0.6004967093008816,0x30de522c086ae11543cf05ef6543f8039053571dcb5d57d4e13bd376a5c872a1,2026-05-03 19:53:36,0x0bf83b6dbab87b2ed0395c6fbe9d0fd90d4224f2805e1a0cad2e9d08c47b3a2e,btc-updown-5m-1777827000
"Ethereum Up or Down - May 3, 12:50PM-12:55PM ET",Down,BUY,11,0.35,0xa13cb5f475510e766698dd1b45fabee22f3e036208c16ea2a778dc80c5925805,2026-05-03 19:53:28,0x3b1cebbb8af3a24f1f041c0a8adac30f3e6d7599f25cca8ce1eab4b39ac2c635,eth-updown-5m-1777827000
"Bitcoin Up or Down - May 3, 12PM ET",Up,BUY,11,0.9,0xb80a4f7e4be254d19a7fc3cedc7cd287f7328173569857910f34702630f5520e,2026-05-03 19:53:14,0xfd08d95b34b0f57bbe5e36f74b330f93a10ef75eb60a90123ec5594ca4f8b42b,bitcoin-up-or-down-may-3-2026-12pm-et
"Ethereum Up or Down - May 3, 12:50PM-12:55PM ET",Up,BUY,13,0.7,0xa13cb5f475510e766698dd1b45fabee22f3e036208c16ea2a778dc80c5925805,2026-05-03 19:53:12,0x7944efdf2d2301340e1c97d38a8cb4f67d86026c37984cc37a013271ea2aa951,eth-updown-5m-1777827000
"Bitcoin Up or Down - May 3, 12:50PM-12:55PM ET",Up,BUY,20,0.4025,0x30de522c086ae11543cf05ef6543f8039053571dcb5d57d4e13bd376a5c872a1,2026-05-03 19:53:12,0x954f2d37d1e11f68b0738af9447317931038920100402b12b7c15bdecaea5482,btc-updown-5m-1777827000
"Bitcoin Up or Down - May 3, 12:50PM-12:55PM ET",Up,BUY,81.02,0.3073438657121698,0x30de522c086ae11543cf05ef6543f8039053571dcb5d57d4e13bd376a5c872a1,2026-05-03 19:53:12,0x97278015025876019fbb8c423d3090a415f55886dfe60c00b0db7b77daab4732,btc-updown-5m-1777827000
"Ethereum Up or Down - May 3, 12:50PM-12:55PM ET",Down,BUY,10,0.46,0xa13cb5f475510e766698dd1b45fabee22f3e036208c16ea2a778dc80c5925805,2026-05-03 19:53:04,0xe923948a63bec4236d1eb472eb571f9bb1411a24a3cf383fdc91b244b00b8c7d,eth-updown-5m-1777827000
"Ethereum Up or Down - May 3, 12:50PM-12:55PM ET",Down,BUY,10,0.51,0xa13cb5f475510e766698dd1b45fabee22f3e036208c16ea2a778dc80c5925805,2026-05-03 19:53:04,0x2985f8cd9ba2e34f26229aa33cb37e99e39a1be64cd0afa687a523dd13adf589,eth-updown-5m-1777827000
"Ethereum Up or Down - May 3, 12:50PM-12:55PM ET",Down,BUY,10,0.48,0xa13cb5f475510e766698dd1b45fabee22f3e036208c16ea2a778dc80c5925805,2026-05-03 19:53:04,0x942817136b15c7fec0c22990f1488ac4683cdf34d75fc6ff791be2d126d9bad7,eth-updown-5m-1777827000
"Ethereum Up or Down - May 3, 12:50PM-12:55PM ET",Down,BUY,10,0.43,0xa13cb5f475510e766698dd1b45fabee22f3e036208c16ea2a778dc80c5925805,2026-05-03 19:52:48,0x38adeea7f87828870c862edb9787718009c863ff275a14e6f198969d6b9a8e9e,eth-updown-5m-1777827000
"Bitcoin Up or Down - May 3, 12PM ET",Down,BUY,10,0.14,0xb80a4f7e4be254d19a7fc3cedc7cd287f7328173569857910f34702630f5520e,2026-05-03 19:52:48,0x065e57348f94fdbedbaa7864d98e30cb099a5329bd9248096a68330f9769cc70,bitcoin-up-or-down-may-3-2026-12pm-et
"Bitcoin Up or Down - May 3, 12:50PM-12:55PM ET",Down,BUY,113,0.7252212389380531,0x30de522c086ae11543cf05ef6543f8039053571dcb5d57d4e13bd376a5c872a1,2026-05-03 19:52:48,0x8c0f22790a4c1d02bb126af224846b95e78f4d692ad8851bd9879a100d012bd5,btc-updown-5m-1777827000
"Bitcoin Up or Down - May 3, 12:45PM-1:00PM ET",Down,BUY,12,0.71,0xa996f7fe0de2d1d9d377d9f4baa84936ed817b3a80f1b4e5fe8f196683213eea,2026-05-03 19:52:48,0x53df37573ac52284ffb903f6d0a7aeaf26a3fda6a27ad86b2afc0a5cc987fb32,btc-updown-15m-1777826700
"Bitcoin Up or Down - May 3, 12:45PM-1:00PM ET",Down,BUY,13,0.71,0xa996f7fe0de2d1d9d377d9f4baa84936ed817b3a80f1b4e5fe8f196683213eea,2026-05-03 19:52:48,0x00b59c09ed7b995f238f539b44c7f102ae9ba1d8c858f771f8880d945797ab07,btc-updown-15m-1777826700
"Ethereum Up or Down - May 3, 12:50PM-12:55PM ET",Down,BUY,10,0.43,0xa13cb5f475510e766698dd1b45fabee22f3e036208c16ea2a778dc80c5925805,2026-05-03 19:52:48,0xf54491bff94b50dd4e3510dd9b0166cbeb63303cc26bdf02d72c0a7ac294dc0a,eth-updown-5m-1777827000
"Bitcoin Up or Down - May 3, 12:50PM-12:55PM ET",Down,BUY,97,0.6961721649484536,0x30de522c086ae11543cf05ef6543f8039053571dcb5d57d4e13bd376a5c872a1,2026-05-03 19:52:48,0x8cf4e996e44aef921b5578fa02279aaab22e92bf2d2af0567ccff9d5c2237521,btc-updown-5m-1777827000
"Bitcoin Up or Down - May 3, 12:45PM-1:00PM ET",Down,BUY,11,0.67,0xa996f7fe0de2d1d9d377d9f4baa84936ed817b3a80f1b4e5fe8f196683213eea,2026-05-03 19:52:38,0xeffd7190328e79261fa50519f62cb3cc765cc9616f34e256a1668e8eb247a2f1,btc-updown-15m-1777826700
"Bitcoin Up or Down - May 3, 12:50PM-12:55PM ET",Down,BUY,95,0.68,0x30de522c086ae11543cf05ef6543f8039053571dcb5d57d4e13bd376a5c872a1,2026-05-03 19:52:38,0x15d921538345097460907f26233746581f7608efa91af1a093d59896b3f5de05,btc-updown-5m-1777827000
"Bitcoin Up or Down - May 3, 12:50PM-12:55PM ET",Down,BUY,74.5,0.6686577181208053,0x30de522c086ae11543cf05ef6543f8039053571dcb5d57d4e13bd376a5c872a1,2026-05-03 19:52:38,0xfc948961726353b24cbeb9b2a98cd775e6ce772d53ee84bcb5c48c3f963f5b6e,btc-updown-5m-1777827000
"Bitcoin Up or Down - May 3, 12:45PM-1:00PM ET",Down,BUY,12,0.67,0xa996f7fe0de2d1d9d377d9f4baa84936ed817b3a80f1b4e5fe8f196683213eea,2026-05-03 19:52:38,0x0d2ef568bf406b110be0e57e0f16e91bd51013ba772f9657720c21efd1771f41,btc-updown-15m-1777826700
"Bitcoin Up or Down - May 3, 12:50PM-12:55PM ET",Down,BUY,6.84,0.59,0x30de522c086ae11543cf05ef6543f8039053571dcb5d57d4e13bd376a5c872a1,2026-05-03 19:52:38,0xd60faeb138ddef5a769209e18357d12ca3af98d0006deb3994cbe7b4e1fe0ec3,btc-updown-5m-1777827000
"Bitcoin Up or Down - May 3, 12:50PM-12:55PM ET",Down,BUY,50.04,0.6226698641087131,0x30de522c086ae11543cf05ef6543f8039053571dcb5d57d4e13bd376a5c872a1,2026-05-03 19:52:38,0xbeb427fcb1180383025871979cdcb81e2693b742c9cd0157d6c86583df15bae9,btc-updown-5m-1777827000
"Ethereum Up or Down - May 3, 12:50PM-12:55PM ET",Down,BUY,10.62,0.37,0xa13cb5f475510e766698dd1b45fabee22f3e036208c16ea2a778dc80c5925805,2026-05-03 19:52:38,0x8de07e8dcc782850aa88c76694b4fbfbeec9ad2729995dc309fe809beb783614,eth-updown-5m-1777827000
"Ethereum Up or Down - May 3, 12:50PM-12:55PM ET",Down,BUY,11,0.33,0xa13cb5f475510e766698dd1b45fabee22f3e036208c16ea2a778dc80c5925805,2026-05-03 19:52:14,0x3ab525cb564dee6a977898a842df1adb172fa27e668e8ada496e5a5e5b42b188,eth-updown-5m-1777827000
"Ethereum Up or Down - May 3, 12:50PM-12:55PM ET",Down,BUY,11,0.33,0xa13cb5f475510e766698dd1b45fabee22f3e036208c16ea2a778dc80c5925805,2026-05-03 19:52:14,0x8fca25d53a8dc2df25de37a84afcf3a2edc19dad494766c668b2cf722dff0acd,eth-updown-5m-1777827000
"Bitcoin Up or Down - May 3, 12:50PM-12:55PM ET",Down,BUY,80,0.52,0x30de522c086ae11543cf05ef6543f8039053571dcb5d57d4e13bd376a5c872a1,2026-05-03 19:52:02,0x22ad737b2f4526ed94ba3c747d812380bd7ccd288c732b1115eebe97b525e90f,btc-updown-5m-1777827000
"Bitcoin Up or Down - May 3, 12:50PM-12:55PM ET",Down,BUY,11.63,0.51,0x30de522c086ae11543cf05ef6543f8039053571dcb5d57d4e13bd376a5c872a1,2026-05-03 19:52:02,0x28803d3dbcc48fd4dc14a5b411b90c7d7f3e38f2b266399b79aa426f42f160b8,btc-updown-5m-1777827000
"Bitcoin Up or Down - May 3, 12:45PM-1:00PM ET",Down,BUY,10,0.57,0xa996f7fe0de2d1d9d377d9f4baa84936ed817b3a80f1b4e5fe8f196683213eea,2026-05-03 19:52:00,0x71947d9a375dbb398e69593baeae30a1bbc68951001870db185366c18b9612a9,btc-updown-15m-1777826700
"Ethereum Up or Down - May 3, 12:50PM-12:55PM ET",Down,BUY,10,0.454,0xa13cb5f475510e766698dd1b45fabee22f3e036208c16ea2a778dc80c5925805,2026-05-03 19:51:46,0x5bf8489044a7d613fb38eefc8315161c44b5c05129c38fee873fdfdf1f352ee3,eth-updown-5m-1777827000
"Ethereum Up or Down - May 3, 12:50PM-12:55PM ET",Down,BUY,10,0.47,0xa13cb5f475510e766698dd1b45fabee22f3e036208c16ea2a778dc80c5925805,2026-05-03 19:51:46,0xdfaabce87671c73b42f80213f7eab925028c4c279cf6854ac0c2dbdf9b7b6925,eth-updown-5m-1777827000
"Ethereum Up or Down - May 3, 12:50PM-12:55PM ET",Down,BUY,10,0.46183,0xa13cb5f475510e766698dd1b45fabee22f3e036208c16ea2a778dc80c5925805,2026-05-03 19:51:46,0x8927dae91af9e76b36ac22a1caf3ca4a1643218a1a3d9fa0843cb0323b93e0e4,eth-updown-5m-1777827000
"Bitcoin Up or Down - May 3, 12:50PM-12:55PM ET",Down,BUY,87,0.34636206896551724,0x30de522c086ae11543cf05ef6543f8039053571dcb5d57d4e13bd376a5c872a1,2026-05-03 19:51:44,0x44119d0f8409a3e024292edae8851c759a37bae2c93e3fc2bf98b7c96dfc7c36,btc-updown-5m-1777827000
"Bitcoin Up or Down - May 3, 12:50PM-12:55PM ET",Down,BUY,32.01,0.37,0x30de522c086ae11543cf05ef6543f8039053571dcb5d57d4e13bd376a5c872a1,2026-05-03 19:51:44,0x1a140fc42e2fe6dd6e4c415fadfd5e532cf93be7862cf11a46b72e1990f0bf7d,btc-updown-5m-1777827000
"Bitcoin Up or Down - May 3, 12:45PM-1:00PM ET",Down,BUY,10,0.46,0xa996f7fe0de2d1d9d377d9f4baa84936ed817b3a80f1b4e5fe8f196683213eea,2026-05-03 19:51:42,0x904cf8268683e67840db7bacd8af1148137d01a02e53cd777d26162e6ceea722,btc-updown-15m-1777826700
"Ethereum Up or Down - May 3, 12:50PM-12:55PM ET",Down,BUY,5.4,0.41,0xa13cb5f475510e766698dd1b45fabee22f3e036208c16ea2a778dc80c5925805,2026-05-03 19:51:42,0xe4bf5337ad5e7f81288fbd05ca91e16a002f548cb51d8fc0b9618fbc46c321c0,eth-updown-5m-1777827000
"Bitcoin Up or Down - May 3, 12PM ET",Up,BUY,17,0.92,0xb80a4f7e4be254d19a7fc3cedc7cd287f7328173569857910f34702630f5520e,2026-05-03 19:51:26,0x2cdeb4fbef0819716e9087e776f0d567b46a0c53020dd3154a1912301a887e94,bitcoin-up-or-down-may-3-2026-12pm-et
"Bitcoin Up or Down - May 3, 12:45PM-1:00PM ET",Up,BUY,10,0.51,0xa996f7fe0de2d1d9d377d9f4baa84936ed817b3a80f1b4e5fe8f196683213eea,2026-05-03 19:51:26,0x5ad2e62c1f13a79c4f47b73a1c8546e5bf7201975f6e32903926da260bb8faf0,btc-updown-15m-1777826700
"Bitcoin Up or Down - May 3, 12:50PM-12:55PM ET",Up,BUY,25,0.588,0x30de522c086ae11543cf05ef6543f8039053571dcb5d57d4e13bd376a5c872a1,2026-05-03 19:51:26,0x8f7657436bad66b603ba65b679afbb4727c1634514e0f0c1d2c84e7c3d3bdfcb,btc-updown-5m-1777827000
"Bitcoin Up or Down - May 3, 12:50PM-12:55PM ET",Up,BUY,5,0.62,0x30de522c086ae11543cf05ef6543f8039053571dcb5d57d4e13bd376a5c872a1,2026-05-03 19:51:26,0xc72ad64b4b41379f439c610f714bda6a515c9b2b77bcfdb6728f919a1914e73d,btc-updown-5m-1777827000
"Ethereum Up or Down - May 3, 12:50PM-12:55PM ET",Up,BUY,6,0.54,0xa13cb5f475510e766698dd1b45fabee22f3e036208c16ea2a778dc80c5925805,2026-05-03 19:51:22,0x88beb673b7720ea73fa7bedf28c6075baecda5db5719a5ac70e99a81a24c572b,eth-updown-5m-1777827000
"Ethereum Up or Down - May 3, 12:50PM-12:55PM ET",Down,BUY,10,0.4727,0xa13cb5f475510e766698dd1b45fabee22f3e036208c16ea2a778dc80c5925805,2026-05-03 19:51:00,0x9f9acd3374a639e2d8d0489566d718c1d956cc53ff1c6416b92351335417c098,eth-updown-5m-1777827000
"Ethereum Up or Down - May 3, 12:50PM-12:55PM ET",Down,BUY,10,0.465,0xa13cb5f475510e766698dd1b45fabee22f3e036208c16ea2a778dc80c5925805,2026-05-03 19:51:00,0xe3ab081f7c5dca8d1c25356d799ed93584f10d4667e3ab00d21bc91405fe9126,eth-updown-5m-1777827000
"Ethereum Up or Down - May 3, 12:50PM-12:55PM ET",Down,BUY,10,0.45,0xa13cb5f475510e766698dd1b45fabee22f3e036208c16ea2a778dc80c5925805,2026-05-03 19:50:44,0x7119abc9a94f4fbd25dbf8c8f82feb7ed933106af1653195caa0a0b04b4a6bad,eth-updown-5m-1777827000
"Bitcoin Up or Down - May 3, 12:00PM-4:00PM ET",Down,BUY,5,0.43,0x5d6396444a4fc085f2f01aac5ecbbb97bc5c92b612dc0ceb5bdc6bdd7a197933,2026-05-03 19:50:44,0xb463f49e98d5951f1b4dd6df4acfcd9a366e781814e4f69f19be99318ba27637,btc-updown-4h-1777824000
"Bitcoin Up or Down - May 3, 12:45PM-1:00PM ET",Up,BUY,11,0.59,0xa996f7fe0de2d1d9d377d9f4baa84936ed817b3a80f1b4e5fe8f196683213eea,2026-05-03 19:50:36,0xa7c171594d19f0dd758ef0fcdb409cb754dfb5e517adba387df4921bb280bb74,btc-updown-15m-1777826700
"Bitcoin Up or Down - May 3, 12:50PM-12:55PM ET",Up,BUY,204,0.7167225490196079,0x30de522c086ae11543cf05ef6543f8039053571dcb5d57d4e13bd376a5c872a1,2026-05-03 19:50:36,0x9b936692c350cabbc4caa9a63859f9426ad3bdd9658d02d419a99175300c419a,btc-updown-5m-1777827000
"Bitcoin Up or Down - May 3, 12:50PM-12:55PM ET",Up,BUY,125,0.732052,0x30de522c086ae11543cf05ef6543f8039053571dcb5d57d4e13bd376a5c872a1,2026-05-03 19:50:36,0xd4c89c19cb80e0aaadb51455da80bb16da5c6da155d1db72ab076ff532c72e8a,btc-updown-5m-1777827000
"Bitcoin Up or Down - May 3, 12:00PM-4:00PM ET",Up,BUY,5,0.56,0x5d6396444a4fc085f2f01aac5ecbbb97bc5c92b612dc0ceb5bdc6bdd7a197933,2026-05-03 19:50:32,0x495713077fff3014589e4379bbf257f4a1a80a4bb1d4409b16f9bd029017a7ec,btc-updown-4h-1777824000
"Bitcoin Up or Down - May 3, 12PM ET",Down,BUY,5,0.15,0xb80a4f7e4be254d19a7fc3cedc7cd287f7328173569857910f34702630f5520e,2026-05-03 19:50:18,0x7b6166f09556aa1897ee26f2fa537772283628a3be2cf359de52f39e765b290e,bitcoin-up-or-down-may-3-2026-12pm-et
"Bitcoin Up or Down - May 3, 12:50PM-12:55PM ET",Down,BUY,81,0.53,0x30de522c086ae11543cf05ef6543f8039053571dcb5d57d4e13bd376a5c872a1,2026-05-03 19:50:18,0xd4c4676c03d7f3dc7b4f07162e26be276c7c2ab8dd5fbd3d0b6c99d63a24a11c,btc-updown-5m-1777827000
"Bitcoin Up or Down - May 3, 12:45PM-1:00PM ET",Down,BUY,11,0.62,0xa996f7fe0de2d1d9d377d9f4baa84936ed817b3a80f1b4e5fe8f196683213eea,2026-05-03 19:50:18,0x379a125bdec0acc29d919c0611762b811c071811f3a25484f18bc6e5f9c5469b,btc-updown-15m-1777826700
"Bitcoin Up or Down - May 3, 12:50PM-12:55PM ET",Up,BUY,80,0.4965175,0x30de522c086ae11543cf05ef6543f8039053571dcb5d57d4e13bd376a5c872a1,2026-05-03 19:50:18,0x9803de1abb5cb15ca8a296790780e8efc8f7d3e59bf13e5590c40ed89dd3028c,btc-updown-5m-1777827000
"Ethereum Up or Down - May 3, 12:50PM-12:55PM ET",Up,BUY,10,0.5271,0xa13cb5f475510e766698dd1b45fabee22f3e036208c16ea2a778dc80c5925805,2026-05-03 19:50:18,0x2b78a5d4ca34cf1f91d3246a03add7e7a7dc6121010f7fc3c1b42ba417ed1535,eth-updown-5m-1777827000
"Bitcoin Up or Down - May 3, 12:45PM-1:00PM ET",Up,BUY,10,0.38,0xa996f7fe0de2d1d9d377d9f4baa84936ed817b3a80f1b4e5fe8f196683213eea,2026-05-03 19:50:18,0xabaacd86e456773cc2ee472367e18ee58780c544988039b0e522ea1b6800c662,btc-updown-15m-1777826700
"Bitcoin Up or Down - May 3, 12:50PM-12:55PM ET",Up,BUY,80,0.49,0x30de522c086ae11543cf05ef6543f8039053571dcb5d57d4e13bd376a5c872a1,2026-05-03 19:50:18,0x826119d988327062b3382a5684b99e637d6b0c1b2986f8f6b6ac998d32423025,btc-updown-5m-1777827000
"Bitcoin Up or Down - May 3, 12:50PM-12:55PM ET",Down,BUY,83,0.5393975903614457,0x30de522c086ae11543cf05ef6543f8039053571dcb5d57d4e13bd376a5c872a1,2026-05-03 19:50:18,0xa514336fe4c044a814880c6f5d38efe25cbf0713df303cfa2840a4cab4aafa01,btc-updown-5m-1777827000
"Ethereum Up or Down - May 3, 12:50PM-12:55PM ET",Up,BUY,10,0.48,0xa13cb5f475510e766698dd1b45fabee22f3e036208c16ea2a778dc80c5925805,2026-05-03 19:50:16,0x198c53f476f3d0d485d36612f6c630c217c9dbe503ef05c44c837db4c9b0e0b3,eth-updown-5m-1777827000
"Bitcoin Up or Down - May 3, 12:45PM-1:00PM ET",Up,BUY,10,0.3645,0xa996f7fe0de2d1d9d377d9f4baa84936ed817b3a80f1b4e5fe8f196683213eea,2026-05-03 19:50:00,0xfdd8ec75adae154a8d320c06de3453ee127b2b04476bb03b9eef2f3eff4689ba,btc-updown-15m-1777826700
"Bitcoin Up or Down - May 3, 12PM ET",Up,BUY,5.75,0.84,0xb80a4f7e4be254d19a7fc3cedc7cd287f7328173569857910f34702630f5520e,2026-05-03 19:50:00,0x43ee0aa234e9d6b8b91fb6c158cf54634c2587c56f7010ade43823a6a8afa483,bitcoin-up-or-down-may-3-2026-12pm-et
"Bitcoin Up or Down - May 3, 12:45PM-1:00PM ET",Up,BUY,10,0.39,0xa996f7fe0de2d1d9d377d9f4baa84936ed817b3a80f1b4e5fe8f196683213eea,2026-05-03 19:50:00,0xb0e9a9035432d9447d4599219005ea5ae72f3ea992664a7a01dcd6f1f41ea7fa,btc-updown-15m-1777826700
"Bitcoin Up or Down - May 3, 12:45PM-1:00PM ET",Down,BUY,11,0.62,0xa996f7fe0de2d1d9d377d9f4baa84936ed817b3a80f1b4e5fe8f196683213eea,2026-05-03 19:49:50,0x04c9a3aa3c684a47ed7f85c3950a045bbae59aa464162a3a32a2925901a9f9d5,btc-updown-15m-1777826700
"Ethereum Up or Down - May 3, 12:45PM-12:50PM ET",Up,BUY,10,0.09,0xab69d4dff1b4e71c04d5410d96bdfedc100c6f4b6c34c966cedb590a7f1a4fdd,2026-05-03 19:48:46,0x620c5b39ba518d3c57d29ec49d0c258c9f39e875bec1fa51d8197b73cfe60f1a,eth-updown-5m-1777826700
"Bitcoin Up or Down - May 3, 12:45PM-1:00PM ET",Down,BUY,10,0.45,0xa996f7fe0de2d1d9d377d9f4baa84936ed817b3a80f1b4e5fe8f196683213eea,2026-05-03 19:48:18,0x767b85848677e84204c659035efefbf9173c0a4cea9a90d1f49866de6e9cac38,btc-updown-15m-1777826700
"Bitcoin Up or Down - May 3, 12PM ET",Down,BUY,13.4,0.09,0xb80a4f7e4be254d19a7fc3cedc7cd287f7328173569857910f34702630f5520e,2026-05-03 19:48:18,0x8db47e5f5c3fbc78dbcc2c03cad09e3346399b538a2dd2d6c2b27cc2d72de55a,bitcoin-up-or-down-may-3-2026-12pm-et
"Bitcoin Up or Down - May 3, 12:45PM-1:00PM ET",Down,BUY,10,0.45,0xa996f7fe0de2d1d9d377d9f4baa84936ed817b3a80f1b4e5fe8f196683213eea,2026-05-03 19:48:18,0xee8a6d482d722e0c40bcd55d4a31dc33ddef46356d08f83cf0cf73390b6e4f4d,btc-updown-15m-1777826700
"Ethereum Up or Down - May 3, 12:45PM-12:50PM ET",Down,BUY,2,0.26,0xab69d4dff1b4e71c04d5410d96bdfedc100c6f4b6c34c966cedb590a7f1a4fdd,2026-05-03 19:48:16,0xe0b9277fa4d1b8e7d0f87166c6224c26967f88602d7822de1af856fd395990bd,eth-updown-5m-1777826700
"Ethereum Up or Down - May 3, 12:45PM-12:50PM ET",Down,BUY,13,0.20615384615384616,0xab69d4dff1b4e71c04d5410d96bdfedc100c6f4b6c34c966cedb590a7f1a4fdd,2026-05-03 19:48:16,0x4e685b63eb50b57ab9dd2c851942e447f57a02f005427f5f3442f3858006f39f,eth-updown-5m-1777826700
"Ethereum Up or Down - May 3, 12:45PM-12:50PM ET",Down,BUY,15,0.18066666666666667,0xab69d4dff1b4e71c04d5410d96bdfedc100c6f4b6c34c966cedb590a7f1a4fdd,2026-05-03 19:48:16,0xb8670c43411269c204a84f99738a2218891fe2e29327c3776db3bf1b0bc32d77,eth-updown-5m-1777826700
"Bitcoin Up or Down - May 3, 12:45PM-1:00PM ET",Down,BUY,10,0.45,0xa996f7fe0de2d1d9d377d9f4baa84936ed817b3a80f1b4e5fe8f196683213eea,2026-05-03 19:48:16,0x9dd346752fc9f19e31fd55ea5b46613bf17caeb7a4a34c222403a4b096061009,btc-updown-15m-1777826700
"Bitcoin Up or Down - May 3, 12:45PM-1:00PM ET",Down,BUY,10,0.42,0xa996f7fe0de2d1d9d377d9f4baa84936ed817b3a80f1b4e5fe8f196683213eea,2026-05-03 19:48:16,0x58e0eb74d9ad9099480f28cf25380ba9e3132480c669e15b9bbecef7cc8f0d6c,btc-updown-15m-1777826700
"Ethereum Up or Down - May 3, 12:45PM-12:50PM ET",Down,BUY,15,0.17,0xab69d4dff1b4e71c04d5410d96bdfedc100c6f4b6c34c966cedb590a7f1a4fdd,2026-05-03 19:48:08,0x1bd3ea1c576dc06442511915b0f559a267c35eea59b232b81a8138cbb8834ab6,eth-updown-5m-1777826700
"Bitcoin Up or Down - May 3, 12:45PM-1:00PM ET",Up,BUY,10,0.55,0xa996f7fe0de2d1d9d377d9f4baa84936ed817b3a80f1b4e5fe8f196683213eea,2026-05-03 19:47:48,0x77e57126b79d99d997088b956540b04b39a605c9eea0a2a998d388180c69a53a,btc-updown-15m-1777826700
"Bitcoin Up or Down - May 3, 12:45PM-1:00PM ET",Up,BUY,1.35,0.54,0xa996f7fe0de2d1d9d377d9f4baa84936ed817b3a80f1b4e5fe8f196683213eea,2026-05-03 19:47:48,0x3c5d7c248fa1a37ea5ec005a5993e66c75bcf9957dd6a7f1a8e008ed7c34a471,btc-updown-15m-1777826700
"Bitcoin Up or Down - May 3, 12:45PM-12:50PM ET",Up,BUY,5,0.74,0xe02541706d9070e19048e19760a4e96c05716180e3ab15ae9914052fc3292029,2026-05-03 19:47:48,0x0f57ac0b3e9111a120c58a2e743843660d19c3530a005cf26be472153b400cf6,btc-updown-5m-1777826700
"Bitcoin Up or Down - May 3, 12:45PM-1:00PM ET",Up,BUY,10,0.55,0xa996f7fe0de2d1d9d377d9f4baa84936ed817b3a80f1b4e5fe8f196683213eea,2026-05-03 19:47:48,0x513d6f0803ef10984bf4d74612144a063333d0b766b625490f25daf766ea0e5e,btc-updown-15m-1777826700
"Bitcoin Up or Down - May 3, 12:45PM-1:00PM ET",Up,BUY,11,0.55,0xa996f7fe0de2d1d9d377d9f4baa84936ed817b3a80f1b4e5fe8f196683213eea,2026-05-03 19:47:48,0x277b5592a43b1197831a41402e109544c69be7fbae7a519e1e3eb711bc614ca4,btc-updown-15m-1777826700
"Bitcoin Up or Down - May 3, 12:45PM-12:50PM ET",Up,BUY,58.61,0.72,0xe02541706d9070e19048e19760a4e96c05716180e3ab15ae9914052fc3292029,2026-05-03 19:47:48,0xf82b1bc1cde1d39ba7b28a85572b626bbfb5e1248f900a96b56cd087d29ab05b,btc-updown-5m-1777826700
"Bitcoin Up or Down - May 3, 12:45PM-1:00PM ET",Up,BUY,10,0.55,0xa996f7fe0de2d1d9d377d9f4baa84936ed817b3a80f1b4e5fe8f196683213eea,2026-05-03 19:47:48,0xa7a111832c68ff4dcdc127f6d7c3d4679f581b9f43d84beecf5e361fe317fd6a,btc-updown-15m-1777826700
"Ethereum Up or Down - May 3, 12:45PM-12:50PM ET",Up,BUY,11,0.6031272727272727,0xab69d4dff1b4e71c04d5410d96bdfedc100c6f4b6c34c966cedb590a7f1a4fdd,2026-05-03 19:47:48,0xd45a237be23c78b2aa3818a969220a17c977d5974f812aea6d4c8d3d012069b4,eth-updown-5m-1777826700
"Ethereum Up or Down - May 3, 12:45PM-12:50PM ET",Up,BUY,10,0.54,0xab69d4dff1b4e71c04d5410d96bdfedc100c6f4b6c34c966cedb590a7f1a4fdd,2026-05-03 19:47:46,0xce7092cc76850fd46b227b371b567dd706c256d01c617d09ad65b21d1bb34edb,eth-updown-5m-1777826700
"Ethereum Up or Down - May 3, 12:45PM-12:50PM ET",Up,BUY,5.2,0.37,0xab69d4dff1b4e71c04d5410d96bdfedc100c6f4b6c34c966cedb590a7f1a4fdd,2026-05-03 19:47:46,0x856b6d22a3b2fcccc805c40e3b5727d1c1c0c8f7a6f930334a373ce5651cda4b,eth-updown-5m-1777826700
"Ethereum Up or Down - May 3, 12:45PM-12:50PM ET",Up,BUY,10,0.38624,0xab69d4dff1b4e71c04d5410d96bdfedc100c6f4b6c34c966cedb590a7f1a4fdd,2026-05-03 19:47:00,0x9ca4c3e978994cda7c1bd821fe5fecb9d500c8edea6f98dd72f1210996ca2c96,eth-updown-5m-1777826700
"Ethereum Up or Down - May 3, 12:45PM-12:50PM ET",Down,BUY,11,0.6263636363636363,0xab69d4dff1b4e71c04d5410d96bdfedc100c6f4b6c34c966cedb590a7f1a4fdd,2026-05-03 19:46:36,0x0f9ca7865397640fd008eb006fa9aa2cf04207317b40bbe3bdd18f4bd0df7cc1,eth-updown-5m-1777826700
"Bitcoin Up or Down - May 3, 12:45PM-1:00PM ET",Down,BUY,10,0.51,0xa996f7fe0de2d1d9d377d9f4baa84936ed817b3a80f1b4e5fe8f196683213eea,2026-05-03 19:45:42,0x218a8bb3634f8b5a1771b6dd32ba7939740dd767f14e21a247c8d03c775501fb,btc-updown-15m-1777826700
"Ethereum Up or Down - May 3, 12:45PM-12:50PM ET",Down,BUY,10,0.55275,0xab69d4dff1b4e71c04d5410d96bdfedc100c6f4b6c34c966cedb590a7f1a4fdd,2026-05-03 19:45:18,0xba5f434e12c4690be1d8ce5d5c18e34c98f0a3da453eea03647d3851e3d79824,eth-updown-5m-1777826700
"Ethereum Up or Down - May 3, 12:45PM-12:50PM ET",Down,BUY,10,0.55,0xab69d4dff1b4e71c04d5410d96bdfedc100c6f4b6c34c966cedb590a7f1a4fdd,2026-05-03 19:45:16,0x4f1d6514f23e8da87036a3beaf8b226fbbb47c2c9d643b74fdba97ac2121b569,eth-updown-5m-1777826700
"Ethereum Up or Down - May 3, 12:45PM-12:50PM ET",Down,BUY,10,0.53,0xab69d4dff1b4e71c04d5410d96bdfedc100c6f4b6c34c966cedb590a7f1a4fdd,2026-05-03 19:45:12,0x199488eab7365f00bf4816efc6e996daa68f61f3d9b8059a5827da6a56a81c9a,eth-updown-5m-1777826700
"Bitcoin Up or Down - May 3, 12:40PM-12:45PM ET",Down,BUY,753.87,0.9775056707389869,0xe7fdd8934cdfe2f552edc4c581a3c6bb3b7a3b687b3cda3c9e33dab82d97843f,2026-05-03 19:44:36,0x3725e08ef19896c087f0c371d56162b509c84cf8778a20eba86f246ac5d1004d,btc-updown-5m-1777826400
"Bitcoin Up or Down - May 3, 12:40PM-12:45PM ET",Down,BUY,687,0.9307960698689957,0xe7fdd8934cdfe2f552edc4c581a3c6bb3b7a3b687b3cda3c9e33dab82d97843f,2026-05-03 19:44:34,0x013c986f8ad0fc73e1b69cd6239efde20f3736de7998a15a1eeebec2d02c32be,btc-updown-5m-1777826400
"Bitcoin Up or Down - May 3, 12:40PM-12:45PM ET",Up,BUY,125,0.1316224,0xe7fdd8934cdfe2f552edc4c581a3c6bb3b7a3b687b3cda3c9e33dab82d97843f,2026-05-03 19:44:32,0xd1ff5d7d7cf2192a40ba313ebe3bf0b2b3719851c4722baba05afbeb77c1e5a0,btc-updown-5m-1777826400
"Bitcoin Up or Down - May 3, 12PM ET",Up,BUY,1.84,0.79,0xb80a4f7e4be254d19a7fc3cedc7cd287f7328173569857910f34702630f5520e,2026-05-03 19:44:28,0x32346f2afe15415459f63af7b938cc894cc966f97ddc9556600fe44798578ce5,bitcoin-up-or-down-may-3-2026-12pm-et
"Bitcoin Up or Down - May 3, 12:40PM-12:45PM ET",Up,BUY,149,0.15,0xe7fdd8934cdfe2f552edc4c581a3c6bb3b7a3b687b3cda3c9e33dab82d97843f,2026-05-03 19:44:28,0xbd8d381e80f4a97dee10ddf4cfd78f8398504b60af5d0a241b9ee1890bca9ee9,btc-updown-5m-1777826400
"Bitcoin Up or Down - May 3, 12:40PM-12:45PM ET",Up,BUY,174.42,0.12,0xe7fdd8934cdfe2f552edc4c581a3c6bb3b7a3b687b3cda3c9e33dab82d97843f,2026-05-03 19:44:04,0x0895ab6ce01374d76c2ab7ffa89279f71650b3ef331c4612c2200bd958d77138,btc-updown-5m-1777826400
"Bitcoin Up or Down - May 3, 12PM ET",Up,BUY,8,0.79,0xb80a4f7e4be254d19a7fc3cedc7cd287f7328173569857910f34702630f5520e,2026-05-03 19:44:04,0xebe540ad6db73eedeae3553b7425c47b5014fdc3e6601c0fd689115ccdd7ccaa,bitcoin-up-or-down-may-3-2026-12pm-et
"Bitcoin Up or Down - May 3, 12PM ET",Up,BUY,8,0.79,0xb80a4f7e4be254d19a7fc3cedc7cd287f7328173569857910f34702630f5520e,2026-05-03 19:44:04,0xb79d8d159aac15aed739b99b455d9caed58cd00ac8b17b678e2921c8e030a375,bitcoin-up-or-down-may-3-2026-12pm-et
"Ethereum Up or Down - May 3, 12:40PM-12:45PM ET",Up,BUY,11,0.3409090909090909,0xf7c607fe253bc4f512f35b316e177c0f0db78d63c2fe94147ddffbc7f082c2c6,2026-05-03 19:44:04,0x7be6ae4952951b94798ecbe526bdda490f741758d6e0be3acfcccc978000c85f,eth-updown-5m-1777826400
"Bitcoin Up or Down - May 3, 12:40PM-12:45PM ET",Up,BUY,175.72,0.09443717277486911,0xe7fdd8934cdfe2f552edc4c581a3c6bb3b7a3b687b3cda3c9e33dab82d97843f,2026-05-03 19:44:02,0xade7d6885257ab749da8e52ccba455b540d9a7518e3201ea173b14289241cd36,btc-updown-5m-1777826400
"Bitcoin Up or Down - May 3, 12:40PM-12:45PM ET",Down,BUY,687,0.942882096069869,0xe7fdd8934cdfe2f552edc4c581a3c6bb3b7a3b687b3cda3c9e33dab82d97843f,2026-05-03 19:43:56,0x8fd7a5b7c9124dba48eabc0f8a952b2499e2d429e315ed1958fa7a0ef916087f,btc-updown-5m-1777826400
"Bitcoin Up or Down - May 3, 12:40PM-12:45PM ET",Down,BUY,110.01,0.8285783110626307,0xe7fdd8934cdfe2f552edc4c581a3c6bb3b7a3b687b3cda3c9e33dab82d97843f,2026-05-03 19:43:54,0xff370abb0c9d22bb70823704824a1dda705a3e4432a605d6e7b16f34e46edbcb,btc-updown-5m-1777826400
"Bitcoin Up or Down - May 3, 12PM ET",Down,BUY,7,0.22,0xb80a4f7e4be254d19a7fc3cedc7cd287f7328173569857910f34702630f5520e,2026-05-03 19:43:54,0x4b41d77d213f6500fc3a3a8acf4af5db5e1cd64a781f53f5cd42a10397f70691,bitcoin-up-or-down-may-3-2026-12pm-et
"Ethereum Up or Down - May 3, 12:40PM-12:45PM ET",Up,BUY,1,0.25,0xf7c607fe253bc4f512f35b316e177c0f0db78d63c2fe94147ddffbc7f082c2c6,2026-05-03 19:43:48,0xd5a1a4bf364028351773738140495e15c32e9387cda1f82047cf1d735bbd0993,eth-updown-5m-1777826400
"Bitcoin Up or Down - May 3, 12PM ET",Down,BUY,8,0.19,0xb80a4f7e4be254d19a7fc3cedc7cd287f7328173569857910f34702630f5520e,2026-05-03 19:43:28,0xebfe163f14c95d53c8cace7a5869c764c73bb5b49a04c0d68940731a06376e0f,bitcoin-up-or-down-may-3-2026-12pm-et
"Bitcoin Up or Down - May 3, 12PM ET",Down,BUY,8,0.19,0xb80a4f7e4be254d19a7fc3cedc7cd287f7328173569857910f34702630f5520e,2026-05-03 19:43:28,0xda5248a580b26186593e4f1538d795367275113347dd43f0cea21d3623e41e10,bitcoin-up-or-down-may-3-2026-12pm-et
"Bitcoin Up or Down - May 3, 12:40PM-12:45PM ET",Down,BUY,5,0.71,0xe7fdd8934cdfe2f552edc4c581a3c6bb3b7a3b687b3cda3c9e33dab82d97843f,2026-05-03 19:43:28,0x7003dfc9ee21b5b7923528d0f73d482da24cc24359b4201cb52dbbb20ec83780,btc-updown-5m-1777826400
"Ethereum Up or Down - May 3, 12:30PM-12:45PM ET",Up,BUY,1144.67,0.99,0x3b227ee41f04672c517d56478dcf1b49fecc86a26b1c27156bfc642f1e115f04,2026-05-03 19:43:24,0x0f10c741291c93b2e41002e7d7009ca44455ae9e2987b2ceeea03d4073d8862b,eth-updown-15m-1777825800
"Ethereum Up or Down - May 3, 12:40PM-12:45PM ET",Down,BUY,11,0.61,0xf7c607fe253bc4f512f35b316e177c0f0db78d63c2fe94147ddffbc7f082c2c6,2026-05-03 19:43:22,0x7f7435634a700c8122b6bd0e2df136963dbdb7b91ceb63aa84e744f2a92a5772,eth-updown-5m-1777826400
"Ethereum Up or Down - May 3, 12:40PM-12:45PM ET",Down,BUY,7.31,0.58,0xf7c607fe253bc4f512f35b316e177c0f0db78d63c2fe94147ddffbc7f082c2c6,2026-05-03 19:43:22,0x97323fd07eae828e7febf11cddf4df024d29b86e974300a9c0adfefaeafc2a3f,eth-updown-5m-1777826400
"Bitcoin Up or Down - May 3, 12PM ET",Up,BUY,8,0.81,0xb80a4f7e4be254d19a7fc3cedc7cd287f7328173569857910f34702630f5520e,2026-05-03 19:43:18,0xde24bd84fcc99dfc656d3e5d35745be173d9b1b7b11221a5155821527df57b65,bitcoin-up-or-down-may-3-2026-12pm-et
"Bitcoin Up or Down - May 3, 12:40PM-12:45PM ET",Up,BUY,35,0.4057142857142857,0xe7fdd8934cdfe2f552edc4c581a3c6bb3b7a3b687b3cda3c9e33dab82d97843f,2026-05-03 19:43:18,0xfa3a1673ce021bdbbffa674d0d5167c56ea206fb0caf68060faffcb5aecdbb47,btc-updown-5m-1777826400
"Ethereum Up or Down - May 3, 12:40PM-12:45PM ET",Up,BUY,10,0.44,0xf7c607fe253bc4f512f35b316e177c0f0db78d63c2fe94147ddffbc7f082c2c6,2026-05-03 19:43:18,0x59a4b1017f69ee39babace8a4482557c8942cd332b583f0e628f37024a9cea34,eth-updown-5m-1777826400
"Ethereum Up or Down - May 3, 12:40PM-12:45PM ET",Up,BUY,10,0.44,0xf7c607fe253bc4f512f35b316e177c0f0db78d63c2fe94147ddffbc7f082c2c6,2026-05-03 19:43:18,0xe5497788ecbf820df8db675d55d2c60e85c78f09073ac76c3bdd14f62c8efb9d,eth-updown-5m-1777826400
"Ethereum Up or Down - May 3, 12:40PM-12:45PM ET",Up,BUY,10,0.44,0xf7c607fe253bc4f512f35b316e177c0f0db78d63c2fe94147ddffbc7f082c2c6,2026-05-03 19:43:18,0xea1c488419d137b29d73d07df7cf9c590f77a33f52f35e00e6ad8d053718e222,eth-updown-5m-1777826400
"Ethereum Up or Down - May 3, 12:40PM-12:45PM ET",Up,BUY,9,0.4,0xf7c607fe253bc4f512f35b316e177c0f0db78d63c2fe94147ddffbc7f082c2c6,2026-05-03 19:43:14,0x3cc749e1777f2b1ac62ce6bde785ad0a05f854956bd3b68b88939a179c05289b,eth-updown-5m-1777826400
"Ethereum Up or Down - May 3, 12:40PM-12:45PM ET",Up,BUY,11,0.32,0xf7c607fe253bc4f512f35b316e177c0f0db78d63c2fe94147ddffbc7f082c2c6,2026-05-03 19:43:12,0xc490b8714bae7a33e8ed5483016f41d54ae036975c22d54e4a7568084047e8cd,eth-updown-5m-1777826400
"Ethereum Up or Down - May 3, 12:40PM-12:45PM ET",Up,BUY,12,0.2708333333333333,0xf7c607fe253bc4f512f35b316e177c0f0db78d63c2fe94147ddffbc7f082c2c6,2026-05-03 19:43:08,0x070cdab6eb725f776b684e98bb425e9d0a4f968da415ae091a21fc351c990e9d,eth-updown-5m-1777826400
"Ethereum Up or Down - May 3, 12:40PM-12:45PM ET",Down,BUY,12,0.7,0xf7c607fe253bc4f512f35b316e177c0f0db78d63c2fe94147ddffbc7f082c2c6,2026-05-03 19:42:56,0x25922eacb64319e9f6a0a8932e0162c80fdc56e70ae9e0d14331ad6668c01bbc,eth-updown-5m-1777826400
"Ethereum Up or Down - May 3, 12:40PM-12:45PM ET",Down,BUY,16,0.71375,0xf7c607fe253bc4f512f35b316e177c0f0db78d63c2fe94147ddffbc7f082c2c6,2026-05-03 19:42:56,0xc4b7738fe83150695ca0d5bda9236ef917ebcdf85961c33e86daf2e318d0b51b,eth-updown-5m-1777826400
"Bitcoin Up or Down - May 3, 12:40PM-12:45PM ET",Down,BUY,55.27,0.63,0xe7fdd8934cdfe2f552edc4c581a3c6bb3b7a3b687b3cda3c9e33dab82d97843f,2026-05-03 19:42:56,0x1ec469aecc2bcc041fccb5c67fce718daccca323c01d3b9d9709ec6a18a4fc90,btc-updown-5m-1777826400
"Ethereum Up or Down - May 3, 12:40PM-12:45PM ET",Down,BUY,14,0.71,0xf7c607fe253bc4f512f35b316e177c0f0db78d63c2fe94147ddffbc7f082c2c6,2026-05-03 19:42:56,0xe944189bad002452c8ab7ba9b955a434debc823aff36fbafca0f3681d3a5d79a,eth-updown-5m-1777826400
"Ethereum Up or Down - May 3, 12:40PM-12:45PM ET",Down,BUY,13,0.71,0xf7c607fe253bc4f512f35b316e177c0f0db78d63c2fe94147ddffbc7f082c2c6,2026-05-03 19:42:56,0xa1f353065cad079fec3b8741e5609d52efd05e77a8d6cd6aaa12bcc9d891731e,eth-updown-5m-1777826400
"Bitcoin Up or Down - May 3, 12PM ET",Down,BUY,8,0.21,0xb80a4f7e4be254d19a7fc3cedc7cd287f7328173569857910f34702630f5520e,2026-05-03 19:42:56,0x6edf9d4232527ca8592bebfc579aacd381de27cf69f4477ba182deb5a8a62a5e,bitcoin-up-or-down-may-3-2026-12pm-et
"Ethereum Up or Down - May 3, 12:40PM-12:45PM ET",Up,BUY,10,0.38,0xf7c607fe253bc4f512f35b316e177c0f0db78d63c2fe94147ddffbc7f082c2c6,2026-05-03 19:42:50,0x0e7fd5e610e7db29fa49eeca48eff6f51f114a23dc23aaaada720adc5e1fa4bc,eth-updown-5m-1777826400
"Ethereum Up or Down - May 3, 12:40PM-12:45PM ET",Down,BUY,6,0.58,0xf7c607fe253bc4f512f35b316e177c0f0db78d63c2fe94147ddffbc7f082c2c6,2026-05-03 19:42:28,0x1d105e5a53ea19c8179f49adf94f2edc5e84735540cdd25cebff3112eb83853d,eth-updown-5m-1777826400
"Bitcoin Up or Down - May 3, 12:30PM-12:45PM ET",Up,BUY,1303.05,0.99,0x0be1c963dee1a84eb955e9fccae8f4af8a14c801c638cedc2ab54d1672bb531c,2026-05-03 19:42:10,0x90be1134d09c8df54f35b38d8ba1b62ebb87fc4e64359ed519d995db97331b3a,btc-updown-15m-1777825800
"Bitcoin Up or Down - May 3, 12:40PM-12:45PM ET",Up,BUY,44.02,0.3549977283053158,0xe7fdd8934cdfe2f552edc4c581a3c6bb3b7a3b687b3cda3c9e33dab82d97843f,2026-05-03 19:42:06,0x6876eba2d8a9a5c12001b38c3b31772f3177fef6ae53335016fee789df68724a,btc-updown-5m-1777826400
"Ethereum Up or Down - May 3, 12:40PM-12:45PM ET",Up,BUY,12,0.23,0xf7c607fe253bc4f512f35b316e177c0f0db78d63c2fe94147ddffbc7f082c2c6,2026-05-03 19:41:16,0xab104f774a3183d70cfe6326adc8474aa7a3edbb10287ff57982de918b9ddd4a,eth-updown-5m-1777826400
"Ethereum Up or Down - May 3, 12:40PM-12:45PM ET",Up,BUY,13,0.23,0xf7c607fe253bc4f512f35b316e177c0f0db78d63c2fe94147ddffbc7f082c2c6,2026-05-03 19:41:16,0x99dc7fe8fe0e7acb6842a296665850fef8d445c84594b283a4c7393fca264363,eth-updown-5m-1777826400
"Ethereum Up or Down - May 3, 12:40PM-12:45PM ET",Up,BUY,13,0.23,0xf7c607fe253bc4f512f35b316e177c0f0db78d63c2fe94147ddffbc7f082c2c6,2026-05-03 19:41:16,0xb4721859250090fe95853cb9de461c4dc7b712c3005160a0f950cefc457208d6,eth-updown-5m-1777826400
"Bitcoin Up or Down - May 3, 12:40PM-12:45PM ET",Up,BUY,90,0.32,0xe7fdd8934cdfe2f552edc4c581a3c6bb3b7a3b687b3cda3c9e33dab82d97843f,2026-05-03 19:41:10,0x7d17569cc72d755e6451e0b458f63d0ed014316b413016b0ff72c0558d7251d5,btc-updown-5m-1777826400
"Bitcoin Up or Down - May 3, 12:40PM-12:45PM ET",Up,BUY,74.58,0.3205779029230357,0xe7fdd8934cdfe2f552edc4c581a3c6bb3b7a3b687b3cda3c9e33dab82d97843f,2026-05-03 19:40:50,0x0e7d799109b74a78b9caf0a860e22150630089a48a51c5f706187e3641fe1b10,btc-updown-5m-1777826400
"Bitcoin Up or Down - May 3, 12PM ET",Up,BUY,7,0.76,0xb80a4f7e4be254d19a7fc3cedc7cd287f7328173569857910f34702630f5520e,2026-05-03 19:40:34,0x80880fe5472e1e9487d6027cd9f46512bc930e20e85509f82ff7c64565c80d65,bitcoin-up-or-down-may-3-2026-12pm-et
"Ethereum Up or Down - May 3, 12:40PM-12:45PM ET",Up,BUY,12,0.27,0xf7c607fe253bc4f512f35b316e177c0f0db78d63c2fe94147ddffbc7f082c2c6,2026-05-03 19:40:34,0x96fb00c0f852700b7e78be34e4f4399b5b2fe554184b60d242c13e337ede2a22,eth-updown-5m-1777826400
"Ethereum Up or Down - May 3, 12:40PM-12:45PM ET",Up,BUY,12,0.25958333333333333,0xf7c607fe253bc4f512f35b316e177c0f0db78d63c2fe94147ddffbc7f082c2c6,2026-05-03 19:40:34,0xd7fe88b6229df288653eb866a134ebccb37a1e5532d99edcf214d6d873315819,eth-updown-5m-1777826400
"Bitcoin Up or Down - May 3, 12:40PM-12:45PM ET",Up,BUY,90,0.31777777777777777,0xe7fdd8934cdfe2f552edc4c581a3c6bb3b7a3b687b3cda3c9e33dab82d97843f,2026-05-03 19:40:34,0x5ae03ba18967593a1001754f717fdedb55970d80caae7ab382e732296d482bf7,btc-updown-5m-1777826400
"Ethereum Up or Down - May 3, 12:40PM-12:45PM ET",Up,BUY,12,0.24104166666666665,0xf7c607fe253bc4f512f35b316e177c0f0db78d63c2fe94147ddffbc7f082c2c6,2026-05-03 19:40:34,0x8b19e3dba039e49732725720f5cebe638c72724e847c769524356399d029fa4e,eth-updown-5m-1777826400
"Ethereum Up or Down - May 3, 12:40PM-12:45PM ET",Down,BUY,14,0.7559571428571429,0xf7c607fe253bc4f512f35b316e177c0f0db78d63c2fe94147ddffbc7f082c2c6,2026-05-03 19:40:22,0x325a2485885cf0f1afb41a7822b5246bc9dc972d0dc64b1bca7480ca6f0864b1,eth-updown-5m-1777826400
"Bitcoin Up or Down - May 3, 12:40PM-12:45PM ET",Down,BUY,24.5,0.6659183673469388,0xe7fdd8934cdfe2f552edc4c581a3c6bb3b7a3b687b3cda3c9e33dab82d97843f,2026-05-03 19:40:18,0xea967a79eebcc18575abf94daedbcc3ac6f304eb72a257e815981c9a883ac93a,btc-updown-5m-1777826400
"Bitcoin Up or Down - May 3, 12:40PM-12:45PM ET",Down,BUY,6.29,0.64,0xe7fdd8934cdfe2f552edc4c581a3c6bb3b7a3b687b3cda3c9e33dab82d97843f,2026-05-03 19:40:14,0xd468fc7e396ae8e44ed1800b101f967ed4c9c863bcb3efafab1aa55c5c40f7d3,btc-updown-5m-1777826400
"Bitcoin Up or Down - May 3, 12:30PM-12:45PM ET",Down,BUY,65,0.03536307692307692,0x0be1c963dee1a84eb955e9fccae8f4af8a14c801c638cedc2ab54d1672bb531c,2026-05-03 19:40:12,0x5261f97059e8a9ab5f10d4adacd5534c0dd41d3a6866701fe6f691be250720ea,btc-updown-15m-1777825800
"Ethereum Up or Down - May 3, 12:40PM-12:45PM ET",Down,BUY,7.53,0.53,0xf7c607fe253bc4f512f35b316e177c0f0db78d63c2fe94147ddffbc7f082c2c6,2026-05-03 19:40:06,0x6d4ae471d72198579d76a6c738a710bcc551557c503956499dbbdba699c179a8,eth-updown-5m-1777826400
"Ethereum Up or Down - May 3, 12:40PM-12:45PM ET",Down,BUY,10,0.53,0xf7c607fe253bc4f512f35b316e177c0f0db78d63c2fe94147ddffbc7f082c2c6,2026-05-03 19:40:06,0x7d7856a0d4e1148501499b35713a0b59cbbdad3b5a97e7b8c1c966d96919c1a6,eth-updown-5m-1777826400
"Bitcoin Up or Down - May 3, 12PM ET",Down,BUY,7,0.22,0xb80a4f7e4be254d19a7fc3cedc7cd287f7328173569857910f34702630f5520e,2026-05-03 19:39:46,0xce7054c72500ba2d5fd6f62b71cb86288083db9d393be9bd3dcf01fa3c6a061d,bitcoin-up-or-down-may-3-2026-12pm-et
"Bitcoin Up or Down - May 3, 12:30PM-12:45PM ET",Down,BUY,65,0.04,0x0be1c963dee1a84eb955e9fccae8f4af8a14c801c638cedc2ab54d1672bb531c,2026-05-03 19:39:44,0x3c5d91188d71d2ed42d11bdd75f9ed7d392e7886c773a4332d4deb39bf8fa0b7,btc-updown-15m-1777825800
"Bitcoin Up or Down - May 3, 12:35PM-12:40PM ET",Down,BUY,44.82,0.16657295850066933,0x49977c17de5367f731c3d18b359bfc5ab9c125ab9da9e8bb5226b218625e687f,2026-05-03 19:39:42,0x8681247a2f1bcccd436a3803247dc2987bfe04cdaf33d1dee510945e675729d8,btc-updown-5m-1777826100
"Bitcoin Up or Down - May 3, 12:30PM-12:45PM ET",Up,BUY,86,0.97,0x0be1c963dee1a84eb955e9fccae8f4af8a14c801c638cedc2ab54d1672bb531c,2026-05-03 19:39:28,0xc743040c681c0d079304b9e7e36f4e2e38326f653cefbca154aefdd8a7f1d060,btc-updown-15m-1777825800
"Ethereum Up or Down - May 3, 12:35PM-12:40PM ET",Up,BUY,29.52,0.03,0x6409d36f8422ee929ead1bb12ae69eac7547a936a9f605c2b54946f4620ec820,2026-05-03 19:39:28,0x402ef3d70d6b509fce8a275bc1051099dc956be5f4bf6c18c8554dd3ac9a16c0,eth-updown-5m-1777826100
"Bitcoin Up or Down - May 3, 12:30PM-12:45PM ET",Up,BUY,128,0.9684234375,0x0be1c963dee1a84eb955e9fccae8f4af8a14c801c638cedc2ab54d1672bb531c,2026-05-03 19:39:28,0xe941174801d49e1b1305bd3c0d7d92bd6e026481bcf5470c60bfd03d0cb2d65a,btc-updown-15m-1777825800
"Bitcoin Up or Down - May 3, 12:35PM-12:40PM ET",Up,BUY,38.92,0.31,0x49977c17de5367f731c3d18b359bfc5ab9c125ab9da9e8bb5226b218625e687f,2026-05-03 19:39:16,0xa3566f6b689dd43af38857c3121361f22aabab8526239d3e24128ca3a998267e,btc-updown-5m-1777826100
"Bitcoin Up or Down - May 3, 12PM ET",Up,BUY,6,0.7385166666666667,0xb80a4f7e4be254d19a7fc3cedc7cd287f7328173569857910f34702630f5520e,2026-05-03 19:39:16,0x804b0423690a5179100cda354d125a36714e29fadac8099fc52630c917ee0d4c,bitcoin-up-or-down-may-3-2026-12pm-et
"Bitcoin Up or Down - May 3, 12:30PM-12:45PM ET",Up,BUY,65,0.95,0x0be1c963dee1a84eb955e9fccae8f4af8a14c801c638cedc2ab54d1672bb531c,2026-05-03 19:39:16,0xadf24cdcb52fd96e374da38bc7648630d3cc370557cfefc3808eff60e8c8693e,btc-updown-15m-1777825800
"Bitcoin Up or Down - May 3, 12:30PM-12:45PM ET",Up,BUY,44,0.93265,0x0be1c963dee1a84eb955e9fccae8f4af8a14c801c638cedc2ab54d1672bb531c,2026-05-03 19:39:08,0x64cfef5612fa933d45fc2b5e1210b48c7c695d8447ae534623965114ba96f085,btc-updown-15m-1777825800
"Bitcoin Up or Down - May 3, 12PM ET",Up,BUY,6,0.71,0xb80a4f7e4be254d19a7fc3cedc7cd287f7328173569857910f34702630f5520e,2026-05-03 19:39:06,0xaeec341249a900e043972f7c5eba17c2331cc6c779d7b357d2233e93c4e6b07d,bitcoin-up-or-down-may-3-2026-12pm-et
"Bitcoin Up or Down - May 3, 12PM ET",Up,BUY,6,0.7,0xb80a4f7e4be254d19a7fc3cedc7cd287f7328173569857910f34702630f5520e,2026-05-03 19:39:04,0xb4383a83544a707bd9747ed12654d08e806dc3f83d63d13ec6047480a8ae22b6,bitcoin-up-or-down-may-3-2026-12pm-et
"Bitcoin Up or Down - May 3, 12PM ET",Up,BUY,5,0.69,0xb80a4f7e4be254d19a7fc3cedc7cd287f7328173569857910f34702630f5520e,2026-05-03 19:39:04,0x54d1a06a9e8c3186d70951c3ae559633a98a771e6f7140fbdcd30f487c34a2bb,bitcoin-up-or-down-may-3-2026-12pm-et
"Bitcoin Up or Down - May 3, 12:30PM-12:45PM ET",Up,BUY,34,0.92,0x0be1c963dee1a84eb955e9fccae8f4af8a14c801c638cedc2ab54d1672bb531c,2026-05-03 19:39:02,0xb43e9af0cdf0170ac21ac185ccf71f1fa6b60f2a7e0a0e28ce85629121ec8d43,btc-updown-15m-1777825800
"Bitcoin Up or Down - May 3, 12:30PM-12:45PM ET",Up,BUY,18.88,0.91,0x0be1c963dee1a84eb955e9fccae8f4af8a14c801c638cedc2ab54d1672bb531c,2026-05-03 19:39:02,0x741e722bbdf6c9f48c3f515ceec7b435e18786407a8432588e864a8655ad1be2,btc-updown-15m-1777825800
"Bitcoin Up or Down - May 3, 12:30PM-12:45PM ET",Up,BUY,26,0.8785192307692308,0x0be1c963dee1a84eb955e9fccae8f4af8a14c801c638cedc2ab54d1672bb531c,2026-05-03 19:39:00,0xfaddafd560cf89f856dab79131a83dbbff79ed8e6d0de880775343d94fd303f8,btc-updown-15m-1777825800
"Bitcoin Up or Down - May 3, 12PM ET",Up,BUY,6,0.67,0xb80a4f7e4be254d19a7fc3cedc7cd287f7328173569857910f34702630f5520e,2026-05-03 19:39:00,0xf1be04787868bec98990017fd861c06c3c3261cc5aac52fcacea03aa21522a39,bitcoin-up-or-down-may-3-2026-12pm-et
"Bitcoin Up or Down - May 3, 12PM ET",Up,BUY,5,0.68,0xb80a4f7e4be254d19a7fc3cedc7cd287f7328173569857910f34702630f5520e,2026-05-03 19:39:00,0x57bd457def94ecec1afe1a4b62e55cfe58fbdcacaf5ddedbe5e902ea6cc594da,bitcoin-up-or-down-may-3-2026-12pm-et
"Bitcoin Up or Down - May 3, 12:30PM-12:45PM ET",Up,BUY,7.64,0.896544502617801,0x0be1c963dee1a84eb955e9fccae8f4af8a14c801c638cedc2ab54d1672bb531c,2026-05-03 19:39:00,0x8f7e1694caeadb5641f294b912cdb42e2d28ce813e4d2406bcef21be64b835fe,btc-updown-15m-1777825800
"Bitcoin Up or Down - May 3, 12:30PM-12:45PM ET",Down,BUY,19,0.15,0x0be1c963dee1a84eb955e9fccae8f4af8a14c801c638cedc2ab54d1672bb531c,2026-05-03 19:38:56,0x53acfaaf0668f569b5c5743cd11e04dd4844ed76f14d1415d18d812bb6f4d6cf,btc-updown-15m-1777825800
"Bitcoin Up or Down - May 3, 12:35PM-12:40PM ET",Down,BUY,8.2,0.92,0x49977c17de5367f731c3d18b359bfc5ab9c125ab9da9e8bb5226b218625e687f,2026-05-03 19:38:56,0x91222f29d16cc20ae8498d7b60f20ac1ee89ee8b08e05559dd0bbde9b34691c3,btc-updown-5m-1777826100
"Bitcoin Up or Down - May 3, 12PM ET",Down,BUY,6,0.33,0xb80a4f7e4be254d19a7fc3cedc7cd287f7328173569857910f34702630f5520e,2026-05-03 19:38:52,0x6ae0b32572b216a27a4e5db3522cd408b92e2fbcd4027f30e60dd0a88e38e8c7,bitcoin-up-or-down-may-3-2026-12pm-et
"Bitcoin Up or Down - May 3, 12:30PM-12:45PM ET",Down,BUY,28,0.1,0x0be1c963dee1a84eb955e9fccae8f4af8a14c801c638cedc2ab54d1672bb531c,2026-05-03 19:38:42,0x1b755e17fca8e6edf7382af48dc86cb60b0765b5e77c787301bdf0edc815fda0,btc-updown-15m-1777825800
"Bitcoin Up or Down - May 3, 12PM ET",Down,BUY,2.75,0.25,0xb80a4f7e4be254d19a7fc3cedc7cd287f7328173569857910f34702630f5520e,2026-05-03 19:38:38,0x5e050517724314c4ea921ddab35adea774b99858bd14b568e89d8f5c58d1adfd,bitcoin-up-or-down-may-3-2026-12pm-et
"Bitcoin Up or Down - May 3, 12:30PM-12:45PM ET",Down,BUY,31,0.07156451612903225,0x0be1c963dee1a84eb955e9fccae8f4af8a14c801c638cedc2ab54d1672bb531c,2026-05-03 19:38:36,0xfad9eaca99b47c23bf957525179985af0bfc906559f6f099b04325bc23450976,btc-updown-15m-1777825800
"Bitcoin Up or Down - May 3, 12:30PM-12:45PM ET",Down,BUY,34,0.06852941176470588,0x0be1c963dee1a84eb955e9fccae8f4af8a14c801c638cedc2ab54d1672bb531c,2026-05-03 19:38:34,0x08e294794868e9f3244550359b33248688396b0978262a9dbe6a167af8e89191,btc-updown-15m-1777825800
"Bitcoin Up or Down - May 3, 12PM ET",Down,BUY,7,0.21,0xb80a4f7e4be254d19a7fc3cedc7cd287f7328173569857910f34702630f5520e,2026-05-03 19:38:34,0x3edadfefedad1321d5687e90bc72ef9b51f0d9137c467142c304bae0e9c61c11,bitcoin-up-or-down-may-3-2026-12pm-et
"Bitcoin Up or Down - May 3, 12PM ET",Down,BUY,7,0.23,0xb80a4f7e4be254d19a7fc3cedc7cd287f7328173569857910f34702630f5520e,2026-05-03 19:38:34,0x91a40149a2aaddcf169bfc02d555cfdf5cc098240dfd9785aa7c9e0a5c159384,bitcoin-up-or-down-may-3-2026-12pm-et
"Ethereum Up or Down - May 3, 12:35PM-12:40PM ET",Down,BUY,128,0.96879375,0x6409d36f8422ee929ead1bb12ae69eac7547a936a9f605c2b54946f4620ec820,2026-05-03 19:38:32,0x320a6b9af41786bebe12db6d43458ab3cadcca621b5ecf9161f2e5f12525bc18,eth-updown-5m-1777826100
"Ethereum Up or Down - May 3, 12:35PM-12:40PM ET",Down,BUY,21,0.94,0x6409d36f8422ee929ead1bb12ae69eac7547a936a9f605c2b54946f4620ec820,2026-05-03 19:38:18,0xfb72b27de5049f69e925236024af54d9f44a62286e8d7e178819415cf88d4a43,eth-updown-5m-1777826100
"Ethereum Up or Down - May 3, 12:35PM-12:40PM ET",Down,BUY,6.78,0.85,0x6409d36f8422ee929ead1bb12ae69eac7547a936a9f605c2b54946f4620ec820,2026-05-03 19:38:00,0xd8f3f0fdd28bfea14b240f410fd7dc0143d389a94265810eafc7e1424da47c2f,eth-updown-5m-1777826100
"Bitcoin Up or Down - May 3, 12:35PM-12:40PM ET",Down,BUY,80,0.412375,0x49977c17de5367f731c3d18b359bfc5ab9c125ab9da9e8bb5226b218625e687f,2026-05-03 19:37:46,0x3b8ecbbe8e82f5f0aefff53ce6f0fb782931b04454f7af37926fa713c2948447,btc-updown-5m-1777826100
"Bitcoin Up or Down - May 3, 12:35PM-12:40PM ET",Down,BUY,81,0.4017283950617284,0x49977c17de5367f731c3d18b359bfc5ab9c125ab9da9e8bb5226b218625e687f,2026-05-03 19:37:46,0x1f82af1e1bbc8fa01ba1b914860aae8cf3203c48b0c65dcd29649c54015ee3cf,btc-updown-5m-1777826100
"Bitcoin Up or Down - May 3, 12PM ET",Down,BUY,5,0.2,0xb80a4f7e4be254d19a7fc3cedc7cd287f7328173569857910f34702630f5520e,2026-05-03 19:37:46,0x7b90a0f0564e086d387253452a84a192b5a04162d168752d9a07aa236cfefd29,bitcoin-up-or-down-may-3-2026-12pm-et
"Bitcoin Up or Down - May 3, 12PM ET",Up,BUY,8,0.8,0xb80a4f7e4be254d19a7fc3cedc7cd287f7328173569857910f34702630f5520e,2026-05-03 19:37:40,0x0eb94cf1fedbd5c740c3c02a3d448ebdea12a5e4322b4e27692e8cfcffea4039,bitcoin-up-or-down-may-3-2026-12pm-et
"Ethereum Up or Down - May 3, 12:35PM-12:40PM ET",Up,BUY,13,0.2123076923076923,0x6409d36f8422ee929ead1bb12ae69eac7547a936a9f605c2b54946f4620ec820,2026-05-03 19:37:38,0xd917056cf815809aaf207bad08e487861790cc2953f76d01353ba857726da237,eth-updown-5m-1777826100
"Bitcoin Up or Down - May 3, 12:35PM-12:40PM ET",Up,BUY,85,0.553575294117647,0x49977c17de5367f731c3d18b359bfc5ab9c125ab9da9e8bb5226b218625e687f,2026-05-03 19:37:38,0xf1e47b0e89980bb99e19ec5b0411eddf754ff7e0ecaf557185830ff9174e6ca0,btc-updown-5m-1777826100
"Bitcoin Up or Down - May 3, 12PM ET",Up,BUY,5,0.79,0xb80a4f7e4be254d19a7fc3cedc7cd287f7328173569857910f34702630f5520e,2026-05-03 19:37:38,0x2b560e8edb0496b71dc1fcae4033df09802d01059505500ad69be5949b25b0b9,bitcoin-up-or-down-may-3-2026-12pm-et
"Ethereum Up or Down - May 3, 12:35PM-12:40PM ET",Up,BUY,13,0.24,0x6409d36f8422ee929ead1bb12ae69eac7547a936a9f605c2b54946f4620ec820,2026-05-03 19:37:32,0x70c7ce37cfa94fce2ed03264c5d36d5b2935c7977db12f3fde5f0523b42415d9,eth-updown-5m-1777826100
"Bitcoin Up or Down - May 3, 12:35PM-12:40PM ET",Down,BUY,64.54,0.5099969011465758,0x49977c17de5367f731c3d18b359bfc5ab9c125ab9da9e8bb5226b218625e687f,2026-05-03 19:37:28,0x079e70bdd7bf9209ae55f8c463f1ff9a2e33b07d5810bcb5fb6551bef9cb4a34,btc-updown-5m-1777826100
"Ethereum Up or Down - May 3, 12:35PM-12:40PM ET",Down,BUY,15,0.77,0x6409d36f8422ee929ead1bb12ae69eac7547a936a9f605c2b54946f4620ec820,2026-05-03 19:37:22,0xa0ebb7f2aebbfdbac7dee4697b7c4ff17f6abce18d5cf6424b2a3214af897348,eth-updown-5m-1777826100
"Bitcoin Up or Down - May 3, 12:35PM-12:40PM ET",Down,BUY,12.94,0.4,0x49977c17de5367f731c3d18b359bfc5ab9c125ab9da9e8bb5226b218625e687f,2026-05-03 19:36:54,0x5609343d3d03d8acaa8eb33a2d2bbe66f53731c36a48caef1d8f41af2c53ba05,btc-updown-5m-1777826100
"Bitcoin Up or Down - May 3, 12PM ET",Down,BUY,8,0.21,0xb80a4f7e4be254d19a7fc3cedc7cd287f7328173569857910f34702630f5520e,2026-05-03 19:36:40,0xe19971c870586ffd5a4441d869f5d4128c17140c55c586e18be610a210c559de,bitcoin-up-or-down-may-3-2026-12pm-et
"Ethereum Up or Down - May 3, 12:35PM-12:40PM ET",Down,BUY,11,0.67,0x6409d36f8422ee929ead1bb12ae69eac7547a936a9f605c2b54946f4620ec820,2026-05-03 19:36:38,0x8e5e6c5171bea3d7c569a86a740df4e733fc4ff719d971dc82617e65c5905d15,eth-updown-5m-1777826100
"Bitcoin Up or Down - May 3, 12PM ET",Up,BUY,5,0.78,0xb80a4f7e4be254d19a7fc3cedc7cd287f7328173569857910f34702630f5520e,2026-05-03 19:36:28,0x7177e96289ebe0ec56f69ee03f4a7d173079f344952c872d0ca010d37adbc8e3,bitcoin-up-or-down-may-3-2026-12pm-et
"Ethereum Up or Down - May 3, 12:35PM-12:40PM ET",Up,BUY,5,0.27,0x6409d36f8422ee929ead1bb12ae69eac7547a936a9f605c2b54946f4620ec820,2026-05-03 19:36:26,0x66a2c192490d6bcbcde9e4cc7dd1a4d7a89bc95a615ab42994cfe39b07f59d69,eth-updown-5m-1777826100
"Bitcoin Up or Down - May 3, 12:35PM-12:40PM ET",Down,BUY,52.98,0.4089260098150245,0x49977c17de5367f731c3d18b359bfc5ab9c125ab9da9e8bb5226b218625e687f,2026-05-03 19:36:12,0xc3664bbbf7c5c99f9f38c81a6c75248125110971761cfe1fe8d8e05831363718,btc-updown-5m-1777826100
"Ethereum Up or Down - May 3, 12:35PM-12:40PM ET",Down,BUY,11,0.65,0x6409d36f8422ee929ead1bb12ae69eac7547a936a9f605c2b54946f4620ec820,2026-05-03 19:35:56,0xa3625caa648a0e228c7e6f8b5f2e49368dd587736f409c578d6f1ca5d08c705f,eth-updown-5m-1777826100
"Bitcoin Up or Down - May 3, 12:35PM-12:40PM ET",Up,BUY,81,0.5333012345679012,0x49977c17de5367f731c3d18b359bfc5ab9c125ab9da9e8bb5226b218625e687f,2026-05-03 19:35:54,0x7215dc494a2cf4431353b7474d0052a920fceb1909c28a003148988b2e1f8a37,btc-updown-5m-1777826100
"Ethereum Up or Down - May 3, 12:35PM-12:40PM ET",Up,BUY,10,0.39,0x6409d36f8422ee929ead1bb12ae69eac7547a936a9f605c2b54946f4620ec820,2026-05-03 19:35:54,0x117592f66f05af1ceb6cef622b2141cc8e315ea293295789f7ab47e86e6ae822,eth-updown-5m-1777826100
"Bitcoin Up or Down - May 3, 12:35PM-12:40PM ET",Up,BUY,70.15,0.5266286528866714,0x49977c17de5367f731c3d18b359bfc5ab9c125ab9da9e8bb5226b218625e687f,2026-05-03 19:35:54,0xa3763c168dc401310d6a28581155936ff0ebc4183e29f9b2c066ccb568a2a09e,btc-updown-5m-1777826100
"Ethereum Up or Down - May 3, 12:35PM-12:40PM ET",Up,BUY,11,0.33935454545454546,0x6409d36f8422ee929ead1bb12ae69eac7547a936a9f605c2b54946f4620ec820,2026-05-03 19:35:52,0xc81af9dda2d39e3ecc62809977a16d5d43a07d51195bcc8c4d4b9d865709adc8,eth-updown-5m-1777826100
"Ethereum Up or Down - May 3, 12:35PM-12:40PM ET",Down,BUY,10,0.69,0x6409d36f8422ee929ead1bb12ae69eac7547a936a9f605c2b54946f4620ec820,2026-05-03 19:35:50,0x8bac57b09043ea27d1d3daa9dcd83d364c220ddf9f4e1f7a443434c6bfcae44f,eth-updown-5m-1777826100
"Ethereum Up or Down - May 3, 12:35PM-12:40PM ET",Down,BUY,11,0.66,0x6409d36f8422ee929ead1bb12ae69eac7547a936a9f605c2b54946f4620ec820,2026-05-03 19:35:50,0x994da21eeac45db58d110eac1dc02aec130f691491acac52377cf25994b11e45,eth-updown-5m-1777826100
"Bitcoin Up or Down - May 3, 12PM ET",Down,BUY,8,0.21,0xb80a4f7e4be254d19a7fc3cedc7cd287f7328173569857910f34702630f5520e,2026-05-03 19:35:44,0xcf8aa4b99d2ea9d71117d8fea317ef818bbe391d1c588b51fb9a004d60f61b45,bitcoin-up-or-down-may-3-2026-12pm-et
"Bitcoin Up or Down - May 3, 12:35PM-12:40PM ET",Down,BUY,5.57,0.43,0x49977c17de5367f731c3d18b359bfc5ab9c125ab9da9e8bb5226b218625e687f,2026-05-03 19:35:42,0x27e964df9dafcf470e365da98ef197c7ba90a37ae2e5c44b246840d543cc3384,btc-updown-5m-1777826100
"Ethereum Up or Down - May 3, 12:35PM-12:40PM ET",Down,BUY,13,0.22716153846153847,0x6409d36f8422ee929ead1bb12ae69eac7547a936a9f605c2b54946f4620ec820,2026-05-03 19:35:30,0xfe8b60049e7c644a2a9e340c95ffa0d91286bb6e8d55ac3d675ea7a04cd225d6,eth-updown-5m-1777826100
"Bitcoin Up or Down - May 3, 12:35PM-12:40PM ET",Down,BUY,90.97,0.2029548202704188,0x49977c17de5367f731c3d18b359bfc5ab9c125ab9da9e8bb5226b218625e687f,2026-05-03 19:35:30,0xcda3704f4a114f0bfdebe8bf0995f575c1bd0c69fd546ef08a271b0b65c6e046,btc-updown-5m-1777826100
"Bitcoin Up or Down - May 3, 12:35PM-12:40PM ET",Down,BUY,24.58,0.3220341741253051,0x49977c17de5367f731c3d18b359bfc5ab9c125ab9da9e8bb5226b218625e687f,2026-05-03 19:35:28,0xff8fc176677729326c8dfcb0f93e6bbd128fd16875789cb2f1eea94b8049322b,btc-updown-5m-1777826100
"Ethereum Up or Down - May 3, 12:35PM-12:40PM ET",Up,BUY,10,0.6,0x6409d36f8422ee929ead1bb12ae69eac7547a936a9f605c2b54946f4620ec820,2026-05-03 19:35:28,0xa60d0440cb7688da631b051db9248cf0bc5576016ec2c930470926da28a77507,eth-updown-5m-1777826100
"Ethereum Up or Down - May 3, 12:35PM-12:40PM ET",Down,BUY,13,0.22,0x6409d36f8422ee929ead1bb12ae69eac7547a936a9f605c2b54946f4620ec820,2026-05-03 19:35:28,0xbc9df49f65aae4b6314cb082d379587125c69ae84368a1a51eba8b1a5f62bd22,eth-updown-5m-1777826100
"Bitcoin Up or Down - May 3, 12:35PM-12:40PM ET",Down,BUY,37.05,0.31,0x49977c17de5367f731c3d18b359bfc5ab9c125ab9da9e8bb5226b218625e687f,2026-05-03 19:35:26,0x0bfdab3059c9f6f0dcf2119cf1c3e782b62adbc2a63e93e53cc9d2b7b6cec4df,btc-updown-5m-1777826100
"Bitcoin Up or Down - May 3, 12:35PM-12:40PM ET",Down,BUY,42,0.3,0x49977c17de5367f731c3d18b359bfc5ab9c125ab9da9e8bb5226b218625e687f,2026-05-03 19:35:26,0xf283153a3e5e1d2995d89ccadf26d12cf522d7ef577bb81089078d1f69e20996,btc-updown-5m-1777826100
"Bitcoin Up or Down - May 3, 12:00PM-4:00PM ET",Up,BUY,5,0.55,0x5d6396444a4fc085f2f01aac5ecbbb97bc5c92b612dc0ceb5bdc6bdd7a197933,2026-05-03 19:35:20,0xe32042f3c121dd2bdb83c627d42ece7c214998cc4a835fa56212740edb8ce89e,btc-updown-4h-1777824000
"Bitcoin Up or Down - May 3, 12PM ET",Up,BUY,6,0.74,0xb80a4f7e4be254d19a7fc3cedc7cd287f7328173569857910f34702630f5520e,2026-05-03 19:35:18,0xdbb49d1ce806b36a187bae1e43389b4cde2fca58829badb31ef34b744f1013b7,bitcoin-up-or-down-may-3-2026-12pm-et
"Bitcoin Up or Down - May 3, 12:35PM-12:40PM ET",Up,BUY,80,0.49,0x49977c17de5367f731c3d18b359bfc5ab9c125ab9da9e8bb5226b218625e687f,2026-05-03 19:35:18,0xc34c781657f9012a36f1619b73e99ba5fa2fb10b42403ff446d2342dd8502fca,btc-updown-5m-1777826100
"Bitcoin Up or Down - May 3, 12PM ET",Up,BUY,8,0.8,0xb80a4f7e4be254d19a7fc3cedc7cd287f7328173569857910f34702630f5520e,2026-05-03 19:35:18,0xa2d4edaeb5dd41b219c7308b3c0b4d2af1a12847e054e6e84684f912f308436f,bitcoin-up-or-down-may-3-2026-12pm-et
"Bitcoin Up or Down - May 3, 12PM ET",Up,BUY,7,0.74,0xb80a4f7e4be254d19a7fc3cedc7cd287f7328173569857910f34702630f5520e,2026-05-03 19:35:12,0x28dc6b3dd21450b339fd5af3c2d0e3220bd14fa180ccd4b1e8335615b9b7d30f,bitcoin-up-or-down-may-3-2026-12pm-et
"Bitcoin Up or Down - May 3, 12:00PM-4:00PM ET",Up,BUY,5,0.56,0x5d6396444a4fc085f2f01aac5ecbbb97bc5c92b612dc0ceb5bdc6bdd7a197933,2026-05-03 19:35:10,0xaea36a05472d9fe443bee5b142365fcd7b733bd4952d0209683422ea6df69383,btc-updown-4h-1777824000
"Bitcoin Up or Down - May 3, 12:30PM-12:45PM ET",Up,BUY,14.07,0.94,0x0be1c963dee1a84eb955e9fccae8f4af8a14c801c638cedc2ab54d1672bb531c,2026-05-03 19:35:08,0xf538e1a0dcd53000e2ac30005265fcfc8018458765be8e975449c89ecb52a6d8,btc-updown-15m-1777825800
"Bitcoin Up or Down - May 3, 12:30PM-12:45PM ET",Up,BUY,28,0.88,0x0be1c963dee1a84eb955e9fccae8f4af8a14c801c638cedc2ab54d1672bb531c,2026-05-03 19:34:40,0x840f05dc035426186c9f548e8decc8717dc3aaf7ae6314463f621b5c5efe92d5,btc-updown-15m-1777825800
"Bitcoin Up or Down - May 3, 12PM ET",Up,BUY,6,0.72,0xb80a4f7e4be254d19a7fc3cedc7cd287f7328173569857910f34702630f5520e,2026-05-03 19:34:40,0xa1affab644c48d6c484d4f6d2848dbefdf80548f6086298e8aeb10229ed789ae,bitcoin-up-or-down-may-3-2026-12pm-et
"Bitcoin Up or Down - May 3, 12:30PM-12:45PM ET",Up,BUY,19,0.8389473684210527,0x0be1c963dee1a84eb955e9fccae8f4af8a14c801c638cedc2ab54d1672bb531c,2026-05-03 19:34:36,0x0f9a7018570efa4f0e77d2528acf31493ba02fda7dd7df97540246f4cb9414aa,btc-updown-15m-1777825800
"Bitcoin Up or Down - May 3, 12:30PM-12:45PM ET",Up,BUY,5,0.85,0x0be1c963dee1a84eb955e9fccae8f4af8a14c801c638cedc2ab54d1672bb531c,2026-05-03 19:34:36,0x8583891e28a587670011bc3c9d3e2ec93fda29621a4908b48e534091b2ee6c5e,btc-updown-15m-1777825800
"Bitcoin Up or Down - May 3, 12:30PM-12:45PM ET",Up,BUY,21,0.86,0x0be1c963dee1a84eb955e9fccae8f4af8a14c801c638cedc2ab54d1672bb531c,2026-05-03 19:34:36,0x848aa662efc15458f3c396bff5cc9a6391d58ae6cbcd2b977030ee8c0e25b02a,btc-updown-15m-1777825800
"Bitcoin Up or Down - May 3, 12:00PM-4:00PM ET",Up,BUY,5,0.51,0x5d6396444a4fc085f2f01aac5ecbbb97bc5c92b612dc0ceb5bdc6bdd7a197933,2026-05-03 19:34:36,0xa5015aad6533909869601678fec8a4dc173dcedb25de8df21a6e667f125d2c2c,btc-updown-4h-1777824000
"Bitcoin Up or Down - May 3, 12PM ET",Up,BUY,1,0.65,0xb80a4f7e4be254d19a7fc3cedc7cd287f7328173569857910f34702630f5520e,2026-05-03 19:34:36,0xd079e2594b0a01694e299554cf41b202e940a0c78aa432e2823ec96bffddcb31,bitcoin-up-or-down-may-3-2026-12pm-et
"Bitcoin Up or Down - May 3, 12:30PM-12:45PM ET",Up,BUY,18,0.83,0x0be1c963dee1a84eb955e9fccae8f4af8a14c801c638cedc2ab54d1672bb531c,2026-05-03 19:34:36,0xe534965d8863d90dac1fada3282091cf2768152054b28b48546dc643a15067fd,btc-updown-15m-1777825800
"Bitcoin Up or Down - May 3, 12PM ET",Up,BUY,5,0.65,0xb80a4f7e4be254d19a7fc3cedc7cd287f7328173569857910f34702630f5520e,2026-05-03 19:34:36,0x8ba4f1524954ed5f3840c63ea1f40533606b924d1bb29da118e0df454f6b04bf,bitcoin-up-or-down-may-3-2026-12pm-et
"Bitcoin Up or Down - May 3, 12:30PM-12:45PM ET",Up,BUY,10.34,0.82,0x0be1c963dee1a84eb955e9fccae8f4af8a14c801c638cedc2ab54d1672bb531c,2026-05-03 19:34:36,0x83eecbe6a4968589974d8273f5c2c5b902004b411cbe8e5c9d16358e9fc179be,btc-updown-15m-1777825800
"Bitcoin Up or Down - May 3, 12:30PM-12:45PM ET",Down,BUY,13,0.21,0x0be1c963dee1a84eb955e9fccae8f4af8a14c801c638cedc2ab54d1672bb531c,2026-05-03 19:34:08,0xcf3e53d5d2b3e333283b65467a8921c48aad9c83ff3ce434020bc566db9fc4e9,btc-updown-15m-1777825800
"Bitcoin Up or Down - May 3, 12PM ET",Down,BUY,5,0.35,0xb80a4f7e4be254d19a7fc3cedc7cd287f7328173569857910f34702630f5520e,2026-05-03 19:34:08,0x96f9c5735537fa4b0895d84d1b464691f63f5afb6b51c7da358cfc146165459f,bitcoin-up-or-down-may-3-2026-12pm-et
"Bitcoin Up or Down - May 3, 12:00PM-4:00PM ET",Down,BUY,5,0.5,0x5d6396444a4fc085f2f01aac5ecbbb97bc5c92b612dc0ceb5bdc6bdd7a197933,2026-05-03 19:34:08,0x1147ae3bf25c82b9303d8b8aa285204c90bc56ec19d076b143262294a3836384,btc-updown-4h-1777824000
"Bitcoin Up or Down - May 3, 12PM ET",Down,BUY,5,0.36,0xb80a4f7e4be254d19a7fc3cedc7cd287f7328173569857910f34702630f5520e,2026-05-03 19:34:08,0x4b8f448dab599803aaaaaf9020f2df198e12ae8c8273d7ff73e5992a3ee365ab,bitcoin-up-or-down-may-3-2026-12pm-et
"Bitcoin Up or Down - May 3, 12:30PM-12:45PM ET",Down,BUY,14,0.21,0x0be1c963dee1a84eb955e9fccae8f4af8a14c801c638cedc2ab54d1672bb531c,2026-05-03 19:34:08,0xab340251709c3ff3fccc012e66d677960ecb8bf195ecf5435a7a719d11e4395c,btc-updown-15m-1777825800
"Bitcoin Up or Down - May 3, 12:00PM-4:00PM ET",Up,BUY,5,0.51,0x5d6396444a4fc085f2f01aac5ecbbb97bc5c92b612dc0ceb5bdc6bdd7a197933,2026-05-03 19:33:58,0xe16485d2124a6af251421757cdcabe5cf9baefe66fdc551e68b210a8476f01bf,btc-updown-4h-1777824000
"Bitcoin Up or Down - May 3, 12PM ET",Up,BUY,6,0.68,0xb80a4f7e4be254d19a7fc3cedc7cd287f7328173569857910f34702630f5520e,2026-05-03 19:33:58,0x34209f4aff8d7e3cd2955027c446a0157c3c2a3a46b5f07fbf9b5518f051d784,bitcoin-up-or-down-may-3-2026-12pm-et
"Bitcoin Up or Down - May 3, 12:30PM-12:45PM ET",Up,BUY,20,0.82,0x0be1c963dee1a84eb955e9fccae8f4af8a14c801c638cedc2ab54d1672bb531c,2026-05-03 19:33:58,0xa5647972f58afd51b04914f172210c4ee80444f90f9b4f4d5015a46aed0f2adb,btc-updown-15m-1777825800
"Bitcoin Up or Down - May 3, 12PM ET",Up,BUY,6,0.68,0xb80a4f7e4be254d19a7fc3cedc7cd287f7328173569857910f34702630f5520e,2026-05-03 19:33:58,0xf181c80791550ceea02cc86a782ddf6067dadbe046d9699252886b861bbd322d,bitcoin-up-or-down-may-3-2026-12pm-et
"Bitcoin Up or Down - May 3, 12:30PM-12:45PM ET",Up,BUY,18,0.82,0x0be1c963dee1a84eb955e9fccae8f4af8a14c801c638cedc2ab54d1672bb531c,2026-05-03 19:33:58,0xa128a1ca31397e38ce04bfff78500461d63d3324d56e417aa65043b71d995f93,btc-updown-15m-1777825800
"Bitcoin Up or Down - May 3, 12:30PM-12:35PM ET",Up,BUY,1470.9,0.99,0x416483d67da3ddd8f8f35c9b7766a2626c69785eee460c84512d6a8c5c4b8934,2026-05-03 19:33:58,0x84778bb692f624e0e0890401f761a6e873e0b2d9b483831c67edf34a8d27e77d,btc-updown-5m-1777825800
"Bitcoin Up or Down - May 3, 12:30PM-12:45PM ET",Up,BUY,16,0.80375,0x0be1c963dee1a84eb955e9fccae8f4af8a14c801c638cedc2ab54d1672bb531c,2026-05-03 19:33:58,0x3f1edb54e68c808e2aad40810f28b1db65488a87f5a2a5734f82e4471ff7f17b,btc-updown-15m-1777825800
"Bitcoin Up or Down - May 3, 12:30PM-12:45PM ET",Up,BUY,17,0.81,0x0be1c963dee1a84eb955e9fccae8f4af8a14c801c638cedc2ab54d1672bb531c,2026-05-03 19:33:58,0x31ab2bcd787d60051b9d7ba3f8866e0ec877bd865c9abb6c6ada68f0ff69c85e,btc-updown-15m-1777825800
"Bitcoin Up or Down - May 3, 12:30PM-12:35PM ET",Down,BUY,235.52,0.03,0x416483d67da3ddd8f8f35c9b7766a2626c69785eee460c84512d6a8c5c4b8934,2026-05-03 19:33:42,0xd983fa1423a16a1e978f544fc22359135a2b51794ae8a5f66eef32d6e8990ab9,btc-updown-5m-1777825800
"Bitcoin Up or Down - May 3, 12PM ET",Down,BUY,5,0.41,0xb80a4f7e4be254d19a7fc3cedc7cd287f7328173569857910f34702630f5520e,2026-05-03 19:33:40,0xb61e41f98519cd030a8d75c60d84e03f1ec16ad2dc401c1c139e73435da70891,bitcoin-up-or-down-may-3-2026-12pm-et
"Bitcoin Up or Down - May 3, 12:30PM-12:45PM ET",Down,BUY,7.05,0.21,0x0be1c963dee1a84eb955e9fccae8f4af8a14c801c638cedc2ab54d1672bb531c,2026-05-03 19:33:40,0xdbde69b8777857bc04aa00a5a4964601e233a5e5deb93b52e49956a6659ccef5,btc-updown-15m-1777825800
"Bitcoin Up or Down - May 3, 12:30PM-12:45PM ET",Down,BUY,13,0.22,0x0be1c963dee1a84eb955e9fccae8f4af8a14c801c638cedc2ab54d1672bb531c,2026-05-03 19:33:40,0xb5e7a444ce918efdf9e033601f7ec8e984d30568965662f72704f5af1a590447,btc-updown-15m-1777825800
"Bitcoin Up or Down - May 3, 12PM ET",Down,BUY,5,0.41,0xb80a4f7e4be254d19a7fc3cedc7cd287f7328173569857910f34702630f5520e,2026-05-03 19:33:40,0xb1419ae2b480e98a3591a617a7bdeca8f9b84ac765d2bd24eb76eee02498f14b,bitcoin-up-or-down-may-3-2026-12pm-et
"Bitcoin Up or Down - May 3, 12:30PM-12:45PM ET",Down,BUY,13,0.22,0x0be1c963dee1a84eb955e9fccae8f4af8a14c801c638cedc2ab54d1672bb531c,2026-05-03 19:33:40,0xac3462660247f949deba51ff87dba532cd1b8406a77cb7ab9ccd349b627cc974,btc-updown-15m-1777825800
"Bitcoin Up or Down - May 3, 12:30PM-12:45PM ET",Down,BUY,14,0.22727142857142857,0x0be1c963dee1a84eb955e9fccae8f4af8a14c801c638cedc2ab54d1672bb531c,2026-05-03 19:33:40,0xc862257583c83f2a15d5062da3e14047e13c341c086c26ceb087ded129d0b623,btc-updown-15m-1777825800
"Bitcoin Up or Down - May 3, 12:30PM-12:45PM ET",Down,BUY,14,0.22,0x0be1c963dee1a84eb955e9fccae8f4af8a14c801c638cedc2ab54d1672bb531c,2026-05-03 19:33:40,0x0ea08af7c51e7651d04ba9a8c1502f8cefe33e5df0e3b91fe5733df55128663c,btc-updown-15m-1777825800
"Bitcoin Up or Down - May 3, 12PM ET",Down,BUY,5,0.41,0xb80a4f7e4be254d19a7fc3cedc7cd287f7328173569857910f34702630f5520e,2026-05-03 19:33:40,0x2e9b88096621fd2abc41a199ec3ec3edd700df1b24e7052d8b8d9ad9d44aa2c2,bitcoin-up-or-down-may-3-2026-12pm-et
"Bitcoin Up or Down - May 3, 12:30PM-12:45PM ET",Down,BUY,15,0.19,0x0be1c963dee1a84eb955e9fccae8f4af8a14c801c638cedc2ab54d1672bb531c,2026-05-03 19:33:40,0xfb30cb1d49d8ed825a3afbe81f78c3100777c1bc0a9ceef8c2747b70e5b1ba8d,btc-updown-15m-1777825800
"Bitcoin Up or Down - May 3, 12PM ET",Down,BUY,5,0.41,0xb80a4f7e4be254d19a7fc3cedc7cd287f7328173569857910f34702630f5520e,2026-05-03 19:33:40,0x0f1d1347611fcacbbb14aa484edd2c951294111489f26923d8bf51a8de9bee82,bitcoin-up-or-down-may-3-2026-12pm-et
"Bitcoin Up or Down - May 3, 12:00PM-4:00PM ET",Down,BUY,5,0.5,0x5d6396444a4fc085f2f01aac5ecbbb97bc5c92b612dc0ceb5bdc6bdd7a197933,2026-05-03 19:33:40,0x6171d3273452f596ab9664fe45e6fb70fbf3b74df7780f9463e6cffc421d16ce,btc-updown-4h-1777824000
"Bitcoin Up or Down - May 3, 12PM ET",Up,BUY,5,0.56,0xb80a4f7e4be254d19a7fc3cedc7cd287f7328173569857910f34702630f5520e,2026-05-03 19:33:24,0x90fc4708e0a562442d94386d0dd0d7370c2717d3ce1891cd0da6d34604328329,bitcoin-up-or-down-may-3-2026-12pm-et
"Bitcoin Up or Down - May 3, 12:30PM-12:45PM ET",Up,BUY,16,0.79,0x0be1c963dee1a84eb955e9fccae8f4af8a14c801c638cedc2ab54d1672bb531c,2026-05-03 19:33:24,0x51b10377998d8da88215983f691f110ea7edad347c1c5c8a1304e4a08373222e,btc-updown-15m-1777825800
"Bitcoin Up or Down - May 3, 12PM ET",Down,BUY,5,0.45,0xb80a4f7e4be254d19a7fc3cedc7cd287f7328173569857910f34702630f5520e,2026-05-03 19:33:18,0x2bf87a241821f10a134b25d85e493f592835e58cc960c18ead59dcc8753b18c6,bitcoin-up-or-down-may-3-2026-12pm-et
"Bitcoin Up or Down - May 3, 12:30PM-12:45PM ET",Down,BUY,14,0.22,0x0be1c963dee1a84eb955e9fccae8f4af8a14c801c638cedc2ab54d1672bb531c,2026-05-03 19:33:18,0x5411afb9b8b4babd3992aeda85912db63d26fd6c8c04de54de87b4013aa03589,btc-updown-15m-1777825800
"Bitcoin Up or Down - May 3, 12PM ET",Up,BUY,5,0.49,0xb80a4f7e4be254d19a7fc3cedc7cd287f7328173569857910f34702630f5520e,2026-05-03 19:32:50,0x130800e22e2179f18fe49b47a9f8226c3058bf61a610c52aa6b41974cb1dcb1f,bitcoin-up-or-down-may-3-2026-12pm-et
"Bitcoin Up or Down - May 3, 12PM ET",Up,BUY,5,0.49,0xb80a4f7e4be254d19a7fc3cedc7cd287f7328173569857910f34702630f5520e,2026-05-03 19:32:50,0x6fc8e89094de80141f86cbeb9282e243fba92cce247f48d3bc74eed7b966fa31,bitcoin-up-or-down-may-3-2026-12pm-et
"Bitcoin Up or Down - May 3, 12:30PM-12:45PM ET",Up,BUY,14,0.7507142857142857,0x0be1c963dee1a84eb955e9fccae8f4af8a14c801c638cedc2ab54d1672bb531c,2026-05-03 19:32:50,0x6d3a10058295620dd6357ea3af7c1144e4d892d2766fb8cd4dbba407da6f725f,btc-updown-15m-1777825800
"Bitcoin Up or Down - May 3, 12:30PM-12:45PM ET",Up,BUY,12,0.71,0x0be1c963dee1a84eb955e9fccae8f4af8a14c801c638cedc2ab54d1672bb531c,2026-05-03 19:32:44,0x7401494ab8f5347c850ef5f82cce14a1b58eda9ff3325e2aa9e6fcc4bb19e05b,btc-updown-15m-1777825800
"Bitcoin Up or Down - May 3, 12:30PM-12:35PM ET",Up,BUY,32.56,0.8435380835380836,0x416483d67da3ddd8f8f35c9b7766a2626c69785eee460c84512d6a8c5c4b8934,2026-05-03 19:32:42,0x7329c8124b3de1796764b63d2ac354eed83db6c817ec0c428a46b88823776b4f,btc-updown-5m-1777825800
"Bitcoin Up or Down - May 3, 12PM ET",Up,BUY,5,0.49,0xb80a4f7e4be254d19a7fc3cedc7cd287f7328173569857910f34702630f5520e,2026-05-03 19:32:42,0xb3fc82037065480dd595bf63ee69c01788752781e9f6094ba22f235380e7554a,bitcoin-up-or-down-may-3-2026-12pm-et
"Bitcoin Up or Down - May 3, 12PM ET",Up,BUY,5,0.49,0xb80a4f7e4be254d19a7fc3cedc7cd287f7328173569857910f34702630f5520e,2026-05-03 19:32:42,0x3889295cec94bb64e8980940e544d771885edd91002d7be45ad3071cf795f631,bitcoin-up-or-down-may-3-2026-12pm-et
"Ethereum Up or Down - May 3, 12:30PM-12:35PM ET",Up,BUY,18,0.79,0x532d8e7de1f455e2c17ba3b62f4e085124bb0fffab98067653dd5c22a92586cf,2026-05-03 19:32:28,0x9ff77d361e76fdec81c9bb1dedf0737f8665c41f8b6883b6fd41bfe690a300e0,eth-updown-5m-1777825800
"Bitcoin Up or Down - May 3, 12:30PM-12:35PM ET",Down,BUY,75.26,0.21955886260962,0x416483d67da3ddd8f8f35c9b7766a2626c69785eee460c84512d6a8c5c4b8934,2026-05-03 19:32:26,0xd0ead10389255e605f3594918b21f58c56cdbf440d80cf4d0e259f04bb7ad359,btc-updown-5m-1777825800
"Bitcoin Up or Down - May 3, 12:30PM-12:35PM ET",Up,BUY,96.26,0.7759214627051735,0x416483d67da3ddd8f8f35c9b7766a2626c69785eee460c84512d6a8c5c4b8934,2026-05-03 19:32:22,0xd20a25361794ad10838b2854bc5bf86b1bc62a512a15fc9d24ab0e64e60e2329,btc-updown-5m-1777825800
"Ethereum Up or Down - May 3, 12:30PM-12:35PM ET",Up,BUY,14,0.7064285714285714,0x532d8e7de1f455e2c17ba3b62f4e085124bb0fffab98067653dd5c22a92586cf,2026-05-03 19:32:20,0xcee0f0d7c4d59d06438f7313083f6b54e371dce932fe8fbc27905abb09ed05eb,eth-updown-5m-1777825800
"Ethereum Up or Down - May 3, 12:30PM-12:35PM ET",Up,BUY,12,0.7058333333333333,0x532d8e7de1f455e2c17ba3b62f4e085124bb0fffab98067653dd5c22a92586cf,2026-05-03 19:32:20,0xe5763277269b3831b57a15f631c9039f40261c5412c9174a7fc50c172d1f151a,eth-updown-5m-1777825800
"Ethereum Up or Down - May 3, 12:30PM-12:35PM ET",Up,BUY,11,0.6354545454545455,0x532d8e7de1f455e2c17ba3b62f4e085124bb0fffab98067653dd5c22a92586cf,2026-05-03 19:32:06,0xeabb3c48717e2aceb62472b98a1f2616ed34c53e3da3429221ebdbf4ceb7548b,eth-updown-5m-1777825800
"Ethereum Up or Down - May 3, 12:30PM-12:35PM ET",Down,BUY,10,0.43,0x532d8e7de1f455e2c17ba3b62f4e085124bb0fffab98067653dd5c22a92586cf,2026-05-03 19:32:04,0xb8178dfbc25099aa86a4c2f6d341f93f803c196198f7dcb234cca6b8fb2d2f47,eth-updown-5m-1777825800
"Ethereum Up or Down - May 3, 12:30PM-12:35PM ET",Up,BUY,13,0.7349230769230769,0x532d8e7de1f455e2c17ba3b62f4e085124bb0fffab98067653dd5c22a92586cf,2026-05-03 19:32:00,0x6c0c220ef147c8d5a25d45348ec2b4834446b278ada3628601be83af7cf6a555,eth-updown-5m-1777825800
"Ethereum Up or Down - May 3, 12:30PM-12:35PM ET",Down,BUY,11,0.32,0x532d8e7de1f455e2c17ba3b62f4e085124bb0fffab98067653dd5c22a92586cf,2026-05-03 19:31:40,0x8e214dca8276fc4719752d58d02d2de6fde271c610a90b625e4d31c8b6b77879,eth-updown-5m-1777825800
"Ethereum Up or Down - May 3, 12:30PM-12:35PM ET",Down,BUY,7.86,0.31,0x532d8e7de1f455e2c17ba3b62f4e085124bb0fffab98067653dd5c22a92586cf,2026-05-03 19:31:40,0xf8930832742e4224f6f7b4d6c893ec732fb69991ab4b56c85b27ee95b9866083,eth-updown-5m-1777825800
"Ethereum Up or Down - May 3, 12:30PM-12:35PM ET",Down,BUY,11,0.32,0x532d8e7de1f455e2c17ba3b62f4e085124bb0fffab98067653dd5c22a92586cf,2026-05-03 19:31:40,0xbdf4a50e9a45a90fe54fc8bcbf087315c3ecceb0062d41d5541e9226cf659180,eth-updown-5m-1777825800
"Bitcoin Up or Down - May 3, 12:30PM-12:35PM ET",Up,BUY,99,0.7155343434343434,0x416483d67da3ddd8f8f35c9b7766a2626c69785eee460c84512d6a8c5c4b8934,2026-05-03 19:31:38,0xa43517b647975f92cf77482076897da32e1fb347940d695f71b6bdf4277acc52,btc-updown-5m-1777825800
"Ethereum Up or Down - May 3, 12:30PM-12:35PM ET",Up,BUY,13,0.71,0x532d8e7de1f455e2c17ba3b62f4e085124bb0fffab98067653dd5c22a92586cf,2026-05-03 19:31:26,0x3355c9cff574d5e0b6a4b9cf2df109dd7f407e76b44131f99598ece23333d902,eth-updown-5m-1777825800
"Bitcoin Up or Down - May 3, 12:30PM-12:45PM ET",Up,BUY,11,0.606,0x0be1c963dee1a84eb955e9fccae8f4af8a14c801c638cedc2ab54d1672bb531c,2026-05-03 19:31:22,0x564420ba63ae9c004cf3ccb0025d955c343db184f1588e7a26a0b6f76a431043,btc-updown-15m-1777825800
"Bitcoin Up or Down - May 3, 12:30PM-12:35PM ET",Up,BUY,90,0.6694444444444444,0x416483d67da3ddd8f8f35c9b7766a2626c69785eee460c84512d6a8c5c4b8934,2026-05-03 19:31:22,0x39b80f7cc155a3ea57f358b28584131af87626c56421fb5a4c50d26f669a551e,btc-updown-5m-1777825800
"Bitcoin Up or Down - May 3, 12:30PM-12:45PM ET",Up,BUY,11,0.6,0x0be1c963dee1a84eb955e9fccae8f4af8a14c801c638cedc2ab54d1672bb531c,2026-05-03 19:31:22,0x0dc624ace85a3e49ab43cbb24b1af24d66750a548f7d0c3934142150f0d7449e,btc-updown-15m-1777825800
"Bitcoin Up or Down - May 3, 12:30PM-12:35PM ET",Up,BUY,94,0.6730553191489361,0x416483d67da3ddd8f8f35c9b7766a2626c69785eee460c84512d6a8c5c4b8934,2026-05-03 19:31:22,0xc91a76c681149d09bc2c3650ea4fd18ec4b0ae87c720081e632fcc672f84a074,btc-updown-5m-1777825800
"Ethereum Up or Down - May 3, 12:30PM-12:35PM ET",Up,BUY,11,0.6399090909090909,0x532d8e7de1f455e2c17ba3b62f4e085124bb0fffab98067653dd5c22a92586cf,2026-05-03 19:31:20,0x5667dc6bb019faa19478da64ebdae2368001bd92fc3d109c9272cb0c9f52a4ce,eth-updown-5m-1777825800
"Ethereum Up or Down - May 3, 12:30PM-12:35PM ET",Up,BUY,11,0.625,0x532d8e7de1f455e2c17ba3b62f4e085124bb0fffab98067653dd5c22a92586cf,2026-05-03 19:31:20,0x1aeb7d4ed3db1a4b4856516471aa781ea690b37ecd0f3b01e37a1ba9c958ab57,eth-updown-5m-1777825800
"Bitcoin Up or Down - May 3, 12:30PM-12:45PM ET",Up,BUY,5,0.57,0x0be1c963dee1a84eb955e9fccae8f4af8a14c801c638cedc2ab54d1672bb531c,2026-05-03 19:31:20,0xbcfd6564cbcd1fcf1ec891bf8f84555b254225786854c100ed53d072513b99ee,btc-updown-15m-1777825800
"Ethereum Up or Down - May 3, 12:30PM-12:35PM ET",Up,BUY,11,0.58,0x532d8e7de1f455e2c17ba3b62f4e085124bb0fffab98067653dd5c22a92586cf,2026-05-03 19:31:12,0xa05fe34070e36f4e0c0cfddd703226f033088bfc938f907d962519224d68a634,eth-updown-5m-1777825800
"Ethereum Up or Down - May 3, 12:30PM-12:35PM ET",Up,BUY,10,0.5747,0x532d8e7de1f455e2c17ba3b62f4e085124bb0fffab98067653dd5c22a92586cf,2026-05-03 19:31:12,0xb23c16e8ccc748ccc069377f74bb9e22eb1d30abc6c930986c472d76593dbe86,eth-updown-5m-1777825800
"Ethereum Up or Down - May 3, 12:30PM-12:35PM ET",Down,BUY,10,0.48351,0x532d8e7de1f455e2c17ba3b62f4e085124bb0fffab98067653dd5c22a92586cf,2026-05-03 19:31:04,0x7be97097fd5779481c1235d2625c438ade0c7f8cf8a3bdafa326cd1d5fce7980,eth-updown-5m-1777825800
"Ethereum Up or Down - May 3, 12:30PM-12:35PM ET",Down,BUY,11,0.37,0x532d8e7de1f455e2c17ba3b62f4e085124bb0fffab98067653dd5c22a92586cf,2026-05-03 19:30:58,0xfc9fd79ee1e829d4153f9c0084fe8a40ec811150f75fd1df7ee801b104ee658f,eth-updown-5m-1777825800
"Bitcoin Up or Down - May 3, 12PM ET",Down,BUY,5,0.48,0xb80a4f7e4be254d19a7fc3cedc7cd287f7328173569857910f34702630f5520e,2026-05-03 19:30:48,0xa76eff174b7f7ce04b45ef1a92a6ad3a9c657ef513bf291b9b2b8f9cc310b0e4,bitcoin-up-or-down-may-3-2026-12pm-et
"Bitcoin Up or Down - May 3, 12:30PM-12:45PM ET",Down,BUY,10,0.41,0x0be1c963dee1a84eb955e9fccae8f4af8a14c801c638cedc2ab54d1672bb531c,2026-05-03 19:30:48,0x37b0047c7e4f3fd4a0f44e5af5255bc7e72405b9ec4f6cf8d0b70a39bfa932c8,btc-updown-15m-1777825800
"Bitcoin Up or Down - May 3, 12:00PM-4:00PM ET",Down,BUY,5,0.52,0x5d6396444a4fc085f2f01aac5ecbbb97bc5c92b612dc0ceb5bdc6bdd7a197933,2026-05-03 19:30:48,0x6b36355f300b5abb8b557983f009ba3302b5a1a1af624671c0ae6f0391c29da3,btc-updown-4h-1777824000
"Bitcoin Up or Down - May 3, 12:30PM-12:45PM ET",Down,BUY,10,0.41,0x0be1c963dee1a84eb955e9fccae8f4af8a14c801c638cedc2ab54d1672bb531c,2026-05-03 19:30:48,0x9c9786c555e701d25fef4de30bef27c036d4d89ffd2ba52b79900c2a0ef9d5c6,btc-updown-15m-1777825800
"Bitcoin Up or Down - May 3, 12PM ET",Down,BUY,5,0.48,0xb80a4f7e4be254d19a7fc3cedc7cd287f7328173569857910f34702630f5520e,2026-05-03 19:30:48,0x4001bec2ce7bf215bee35ef12be3d4963ea80288cd64882eb30f3df9158922f1,bitcoin-up-or-down-may-3-2026-12pm-et
"Bitcoin Up or Down - May 3, 12:30PM-12:45PM ET",Down,BUY,5,0.39,0x0be1c963dee1a84eb955e9fccae8f4af8a14c801c638cedc2ab54d1672bb531c,2026-05-03 19:30:48,0x131fd339ab79b84c4bf4cb3af172201e9a458a1fbad83bdcda698d7c01ca17df,btc-updown-15m-1777825800
"Bitcoin Up or Down - May 3, 12PM ET",Down,BUY,5,0.48,0xb80a4f7e4be254d19a7fc3cedc7cd287f7328173569857910f34702630f5520e,2026-05-03 19:30:48,0x128e7c1cc7eea3a78024f014c74338d2a23006cb9d4af1b528f88eca9d578a44,bitcoin-up-or-down-may-3-2026-12pm-et
"Bitcoin Up or Down - May 3, 12PM ET",Down,BUY,5,0.48,0xb80a4f7e4be254d19a7fc3cedc7cd287f7328173569857910f34702630f5520e,2026-05-03 19:30:48,0x3e001c7ddd8bcc7af6dc33b6e48ea8ee6311334e305a6bc3fb64f87c11a868eb,bitcoin-up-or-down-may-3-2026-12pm-et
"Bitcoin Up or Down - May 3, 12:30PM-12:35PM ET",Down,BUY,93.64,0.2067577958137548,0x416483d67da3ddd8f8f35c9b7766a2626c69785eee460c84512d6a8c5c4b8934,2026-05-03 19:30:46,0x4734fa94fbca2302703ae571f314ddd60f42af6a030e7446289a671668c84fcb,btc-updown-5m-1777825800
"Bitcoin Up or Down - May 3, 12PM ET",Down,BUY,5,0.48,0xb80a4f7e4be254d19a7fc3cedc7cd287f7328173569857910f34702630f5520e,2026-05-03 19:30:46,0x7342aa72d55427d4edec8e04f97509dfafcfb3d20fdfe2e674784d66cc96671d,bitcoin-up-or-down-may-3-2026-12pm-et
"Bitcoin Up or Down - May 3, 12PM ET",Down,BUY,5,0.48,0xb80a4f7e4be254d19a7fc3cedc7cd287f7328173569857910f34702630f5520e,2026-05-03 19:30:46,0x64b3296ce3fd5a5c2a7c983ea877944fd2e26da025ed7595701da6ad19117b27,bitcoin-up-or-down-may-3-2026-12pm-et
"Bitcoin Up or Down - May 3, 12:30PM-12:45PM ET",Down,BUY,11,0.33,0x0be1c963dee1a84eb955e9fccae8f4af8a14c801c638cedc2ab54d1672bb531c,2026-05-03 19:30:46,0x56f99623c7ff34e6b56d23c424e28e9c1ff5f552f480d0e61fae0290037a9c28,btc-updown-15m-1777825800
"Ethereum Up or Down - May 3, 12:30PM-12:35PM ET",Down,BUY,5,0.15,0x532d8e7de1f455e2c17ba3b62f4e085124bb0fffab98067653dd5c22a92586cf,2026-05-03 19:30:44,0xd0b06d0568264979e9b8029804b7bc296523045aec19be41ca66f3f4b590eacc,eth-updown-5m-1777825800
"Bitcoin Up or Down - May 3, 12:30PM-12:45PM ET",Down,BUY,11,0.31,0x0be1c963dee1a84eb955e9fccae8f4af8a14c801c638cedc2ab54d1672bb531c,2026-05-03 19:30:44,0x261fd7d7ea45f0aa2552bb741a9378a11f7a5e60d34cbbdecc75532573ef028f,btc-updown-15m-1777825800
"Ethereum Up or Down - May 3, 12:30PM-12:35PM ET",Down,BUY,14,0.22,0x532d8e7de1f455e2c17ba3b62f4e085124bb0fffab98067653dd5c22a92586cf,2026-05-03 19:30:44,0xf883097a09072aa9b7fd480fd6d452baa3f47411e6dc41868532dfd731fe4597,eth-updown-5m-1777825800
"Ethereum Up or Down - May 3, 12:30PM-12:35PM ET",Down,BUY,15,0.22,0x532d8e7de1f455e2c17ba3b62f4e085124bb0fffab98067653dd5c22a92586cf,2026-05-03 19:30:44,0x17282532d7b2d5a4a0f693e7632ff428a625e696b84794079e34b975e67111c2,eth-updown-5m-1777825800
"Bitcoin Up or Down - May 3, 12:30PM-12:45PM ET",Up,BUY,10,0.55,0x0be1c963dee1a84eb955e9fccae8f4af8a14c801c638cedc2ab54d1672bb531c,2026-05-03 19:30:36,0xfad2e1a51ef8f379ec1a74daefd396c9c546eb90ad99ef67c87c7a48294b0a21,btc-updown-15m-1777825800
"Bitcoin Up or Down - May 3, 12:00PM-4:00PM ET",Up,BUY,5,0.46,0x5d6396444a4fc085f2f01aac5ecbbb97bc5c92b612dc0ceb5bdc6bdd7a197933,2026-05-03 19:30:36,0xd6d051875629781293c1d1db4421912c784a6b2a5f62b3dd745f9a777fd9e033,btc-updown-4h-1777824000
"Ethereum Up or Down - May 3, 12:30PM-12:35PM ET",Up,BUY,11.25,0.71,0x532d8e7de1f455e2c17ba3b62f4e085124bb0fffab98067653dd5c22a92586cf,2026-05-03 19:30:36,0x26874e89b5616ab409477620366f5a7a7eb512ee9f4c55ac82fb6202bb8ecd22,eth-updown-5m-1777825800
"Bitcoin Up or Down - May 3, 12:30PM-12:45PM ET",Up,BUY,11,0.61,0x0be1c963dee1a84eb955e9fccae8f4af8a14c801c638cedc2ab54d1672bb531c,2026-05-03 19:30:36,0xe7dfd2f1d49235e4814083f5412f3dfc09e69b1d8066fe861e692e447e857c03,btc-updown-15m-1777825800
"Bitcoin Up or Down - May 3, 12:30PM-12:45PM ET",Up,BUY,11,0.63,0x0be1c963dee1a84eb955e9fccae8f4af8a14c801c638cedc2ab54d1672bb531c,2026-05-03 19:30:34,0x35778328899de21802591feffcc6989eecdfb71719a9fe4d5145f642d3c34853,btc-updown-15m-1777825800
"Bitcoin Up or Down - May 3, 12:30PM-12:45PM ET",Up,BUY,10,0.55946,0x0be1c963dee1a84eb955e9fccae8f4af8a14c801c638cedc2ab54d1672bb531c,2026-05-03 19:30:34,0x53384bed9f44d18dac287d52264d14f03e2feaa40d9584838de4bab0ed6325a6,btc-updown-15m-1777825800
"Bitcoin Up or Down - May 3, 12PM ET",Up,BUY,5,0.45,0xb80a4f7e4be254d19a7fc3cedc7cd287f7328173569857910f34702630f5520e,2026-05-03 19:30:34,0xb133ac9c566a9e538506ce7f5e50f5691375e3c368fe906a8821b37e27c9d5cf,bitcoin-up-or-down-may-3-2026-12pm-et
"Bitcoin Up or Down - May 3, 12:30PM-12:35PM ET",Up,BUY,34.24,0.55,0x416483d67da3ddd8f8f35c9b7766a2626c69785eee460c84512d6a8c5c4b8934,2026-05-03 19:30:34,0x3fa86a8f39afae630b5e64fb47bfb651b3dc8115fbd34a5cc6a6e65844e3b494,btc-updown-5m-1777825800
"Bitcoin Up or Down - May 3, 12PM ET",Up,BUY,5,0.45,0xb80a4f7e4be254d19a7fc3cedc7cd287f7328173569857910f34702630f5520e,2026-05-03 19:30:34,0xa5beac90bed13e8051679f659ee779ce30ce3e7904647b250ddbfe7caf1ff3bf,bitcoin-up-or-down-may-3-2026-12pm-et
"Bitcoin Up or Down - May 3, 12:00PM-4:00PM ET",Up,BUY,5,0.45,0x5d6396444a4fc085f2f01aac5ecbbb97bc5c92b612dc0ceb5bdc6bdd7a197933,2026-05-03 19:30:34,0xb60025ce3918fd0f3698d52689c18105265470fcbe5f1868dcdb60c839279d7e,btc-updown-4h-1777824000
"Bitcoin Up or Down - May 3, 12:30PM-12:35PM ET",Up,BUY,10,0.59,0x416483d67da3ddd8f8f35c9b7766a2626c69785eee460c84512d6a8c5c4b8934,2026-05-03 19:30:34,0x8e25ddb13d821f37f733ffc98fd18e5658b06d64979f8983c1399274678a5392,btc-updown-5m-1777825800
"Bitcoin Up or Down - May 3, 12:30PM-12:45PM ET",Up,BUY,10,0.52,0x0be1c963dee1a84eb955e9fccae8f4af8a14c801c638cedc2ab54d1672bb531c,2026-05-03 19:30:34,0xb17dc0a5f87614cebf64af0c772055c16ddcb240d9f1f1c2ce2b0f4158a0e554,btc-updown-15m-1777825800
"Ethereum Up or Down - May 3, 12:30PM-12:35PM ET",Up,BUY,10,0.53724,0x532d8e7de1f455e2c17ba3b62f4e085124bb0fffab98067653dd5c22a92586cf,2026-05-03 19:30:30,0x6a55780e771edab2522240f69eb873991685622b8d0d3519d70edcab60ec3a7b,eth-updown-5m-1777825800
"Ethereum Up or Down - May 3, 12:30PM-12:35PM ET",Up,BUY,5,0.5,0x532d8e7de1f455e2c17ba3b62f4e085124bb0fffab98067653dd5c22a92586cf,2026-05-03 19:30:30,0x88c098bdac9a8855e95f72f96bc1b047fc33fc349533fdbefdff116ad274b422,eth-updown-5m-1777825800
"Bitcoin Up or Down - May 3, 12:25PM-12:30PM ET",Down,BUY,47.65,0.03,0x5469770f758ef724d65fd6f3cf87918bb8250ad0ccae6fade23da7c477c0e47a,2026-05-03 19:29:38,0xe3828e66da4db08cde0dc44826b2428c4f497a230b6831f366308d67312590c9,btc-updown-5m-1777825500
"Bitcoin Up or Down - May 3, 12:25PM-12:30PM ET",Up,BUY,220.19,0.9106821381534129,0x5469770f758ef724d65fd6f3cf87918bb8250ad0ccae6fade23da7c477c0e47a,2026-05-03 19:29:28,0x33575658074599409b8690a6b223e859e3f5bddfea2cc5fd83f6c0e5b6172211,btc-updown-5m-1777825500
"Bitcoin Up or Down - May 3, 12:25PM-12:30PM ET",Up,BUY,107.29,0.98,0x5469770f758ef724d65fd6f3cf87918bb8250ad0ccae6fade23da7c477c0e47a,2026-05-03 19:29:28,0x75c5716a6e7305ce7c115fdf6223f78cbc5a2be89531388d4689b9bedbcbc63b,btc-updown-5m-1777825500
"Bitcoin Up or Down - May 3, 12:25PM-12:30PM ET",Up,BUY,912.71,0.9624873179870934,0x5469770f758ef724d65fd6f3cf87918bb8250ad0ccae6fade23da7c477c0e47a,2026-05-03 19:29:28,0x95f3f130fec845cd9e60c161b0e7c1061a25dda1ba38d8d79b6b4e836402ceb5,btc-updown-5m-1777825500
"Bitcoin Up or Down - May 3, 12:25PM-12:30PM ET",Up,BUY,269.98,0.93,0x5469770f758ef724d65fd6f3cf87918bb8250ad0ccae6fade23da7c477c0e47a,2026-05-03 19:29:28,0xc861df7872d9a5c711e48dd9f953269a501c67eefb451966446758e5a77b2409,btc-updown-5m-1777825500
"Bitcoin Up or Down - May 3, 12:25PM-12:30PM ET",Up,BUY,244,0.9029204918032787,0x5469770f758ef724d65fd6f3cf87918bb8250ad0ccae6fade23da7c477c0e47a,2026-05-03 19:29:28,0x35bb067f653db157e76833e81019f36a73d24facfc6b8c85767d24a4b9e0d1d6,btc-updown-5m-1777825500
"Bitcoin Up or Down - May 3, 12PM ET",Up,BUY,5,0.45,0xb80a4f7e4be254d19a7fc3cedc7cd287f7328173569857910f34702630f5520e,2026-05-03 19:29:28,0xa97bdf6c8fef2d6575a75f4b988dcd5ec359af3229efeffe1ade70ef1bfb258b,bitcoin-up-or-down-may-3-2026-12pm-et
"Bitcoin Up or Down - May 3, 12:25PM-12:30PM ET",Down,BUY,86,0.33,0x5469770f758ef724d65fd6f3cf87918bb8250ad0ccae6fade23da7c477c0e47a,2026-05-03 19:28:14,0x7e843d23eba03bbfa232465d36ae12741fb1b1fddfd7a57b5f9bd21962eaab09,btc-updown-5m-1777825500
"Bitcoin Up or Down - May 3, 12:25PM-12:30PM ET",Up,BUY,78.71,0.5633401092618473,0x5469770f758ef724d65fd6f3cf87918bb8250ad0ccae6fade23da7c477c0e47a,2026-05-03 19:28:08,0xdb5014135317dff41c6e96bb483bb24a3b17a2fb3cafed7bac70569ffcd66b65,btc-updown-5m-1777825500
"Ethereum Up or Down - May 3, 12:15PM-12:30PM ET",Up,BUY,1023.74,0.99,0x6106d8187437fcd3d1ab49728203edc9ecef59abad6e1871fb95896398a9104e,2026-05-03 19:28:08,0x916978c3af90c75d6aa9418077da6fa35dda386420d99fe5a16b73fc4c63172d,eth-updown-15m-1777824900
"Ethereum Up or Down - May 3, 12:25PM-12:30PM ET",Down,BUY,38,0.05,0x6f8e8736dfaf3fcd22748656f884f0d07c7e48243489d16b5f91563cea6f4b6a,2026-05-03 19:28:00,0x2bf39ea727c3022bd6724b3126f9a3fab4387effc0f52e63254274f4f2c1beb2,eth-updown-5m-1777825500
"Ethereum Up or Down - May 3, 12:25PM-12:30PM ET",Up,BUY,42.26,0.9349692380501656,0x6f8e8736dfaf3fcd22748656f884f0d07c7e48243489d16b5f91563cea6f4b6a,2026-05-03 19:27:32,0x57b14670b611c507603eaf932cac99f41353cc8fe1d5db86ac085798d4a3d64b,eth-updown-5m-1777825500
"Ethereum Up or Down - May 3, 12:25PM-12:30PM ET",Up,BUY,38,0.9155473684210527,0x6f8e8736dfaf3fcd22748656f884f0d07c7e48243489d16b5f91563cea6f4b6a,2026-05-03 19:27:32,0xbd888356748ff91d99cdfd6408da6514df2ef2e6adfe20899e77c16b05c24040,eth-updown-5m-1777825500
"Ethereum Up or Down - May 3, 12:25PM-12:30PM ET",Up,BUY,34,0.9,0x6f8e8736dfaf3fcd22748656f884f0d07c7e48243489d16b5f91563cea6f4b6a,2026-05-03 19:27:32,0x89ec0c94e8cc17889bdf67a050b72ce4995694ac6c03381d2eabf550c84524e9,eth-updown-5m-1777825500
"Ethereum Up or Down - May 3, 12:25PM-12:30PM ET",Down,BUY,20,0.11,0x6f8e8736dfaf3fcd22748656f884f0d07c7e48243489d16b5f91563cea6f4b6a,2026-05-03 19:27:24,0x6330de32e0f473468c3be55c4a73c5464aaf95c62309e1b873f9ba89e5e61ff2,eth-updown-5m-1777825500
"Bitcoin Up or Down - May 3, 12PM ET",Down,BUY,5,0.56,0xb80a4f7e4be254d19a7fc3cedc7cd287f7328173569857910f34702630f5520e,2026-05-03 19:27:24,0xba007092a7a616b6b0394a61c259f68ef36a6743d0567fb59f80b9ea83c9f121,bitcoin-up-or-down-may-3-2026-12pm-et
"Bitcoin Up or Down - May 3, 12:15PM-12:30PM ET",Down,BUY,6,0.04,0x30b8e6c01fb228cbd2845c498a5152945a3bb27115f6e69a25e19ab1dd046c21,2026-05-03 19:27:22,0x93580be4c1f04e4f4dd90ada685cda82d861a786f36934777233e2b7a1d688c2,btc-updown-15m-1777824900
"Bitcoin Up or Down - May 3, 12PM ET",Down,BUY,5,0.56,0xb80a4f7e4be254d19a7fc3cedc7cd287f7328173569857910f34702630f5520e,2026-05-03 19:27:22,0x951b8ed2f0419b8114ba93fd765a6db734cd5e699a5f926183bd30f90568f3c8,bitcoin-up-or-down-may-3-2026-12pm-et
"Bitcoin Up or Down - May 3, 12:25PM-12:30PM ET",Down,BUY,32,0.4584375,0x5469770f758ef724d65fd6f3cf87918bb8250ad0ccae6fade23da7c477c0e47a,2026-05-03 19:27:22,0x9dc4aa8e49c1b0b1abc94b98d201621e357a2d9d919adfdcc4f2830205425040,btc-updown-5m-1777825500
"Bitcoin Up or Down - May 3, 12PM ET",Up,BUY,5,0.45,0xb80a4f7e4be254d19a7fc3cedc7cd287f7328173569857910f34702630f5520e,2026-05-03 19:27:14,0x922c933b5190b7e5c0b9ea88ed13a84f3498ef611661cc4bcf2980120b3c354d,bitcoin-up-or-down-may-3-2026-12pm-et
"Bitcoin Up or Down - May 3, 12:15PM-12:30PM ET",Up,BUY,253,0.98,0x30b8e6c01fb228cbd2845c498a5152945a3bb27115f6e69a25e19ab1dd046c21,2026-05-03 19:27:14,0xecadc523d340f4baaa300bfef294a406139be964df44c4c2a4e641621ac698d1,btc-updown-15m-1777824900
"Bitcoin Up or Down - May 3, 12PM ET",Up,BUY,5,0.45,0xb80a4f7e4be254d19a7fc3cedc7cd287f7328173569857910f34702630f5520e,2026-05-03 19:27:14,0xe1eae65af7fa8fd1b1b3f7d7235aac70e83f1ec71d7a9865da94d07d354fd822,bitcoin-up-or-down-may-3-2026-12pm-et
"Bitcoin Up or Down - May 3, 12:25PM-12:30PM ET",Up,BUY,52.5,0.7,0x5469770f758ef724d65fd6f3cf87918bb8250ad0ccae6fade23da7c477c0e47a,2026-05-03 19:27:14,0xf1b2a758e7b3c100cab07be8cd40219206658b32291d0859dff42107b141d8d9,btc-updown-5m-1777825500
"Bitcoin Up or Down - May 3, 12PM ET",Up,BUY,5,0.45,0xb80a4f7e4be254d19a7fc3cedc7cd287f7328173569857910f34702630f5520e,2026-05-03 19:27:12,0x1835dfbad70afcc49171ca49b3d81df1c27fc0e002737d3086a0eb276af0e4ee,bitcoin-up-or-down-may-3-2026-12pm-et
"Bitcoin Up or Down - May 3, 12:25PM-12:30PM ET",Up,BUY,86,0.56,0x5469770f758ef724d65fd6f3cf87918bb8250ad0ccae6fade23da7c477c0e47a,2026-05-03 19:27:12,0x354924cf90839af3368653499d7886a046a19d07a797b7048042b1f9bbb63e42,btc-updown-5m-1777825500
"Bitcoin Up or Down - May 3, 12PM ET",Up,BUY,5,0.45,0xb80a4f7e4be254d19a7fc3cedc7cd287f7328173569857910f34702630f5520e,2026-05-03 19:27:12,0x0aac7a9a4c1996e53d38ecffd644398e8bac59f2eb346c1e82b6f3e2db0bb12e,bitcoin-up-or-down-may-3-2026-12pm-et
"Bitcoin Up or Down - May 3, 12:25PM-12:30PM ET",Up,BUY,54.48,0.6458737151248164,0x5469770f758ef724d65fd6f3cf87918bb8250ad0ccae6fade23da7c477c0e47a,2026-05-03 19:27:12,0x67ad025fbc0769eb78c89d811954f9dd2b847e52b563a869069f663c0026a840,btc-updown-5m-1777825500
"Bitcoin Up or Down - May 3, 12:00PM-4:00PM ET",Up,BUY,5,0.45,0x5d6396444a4fc085f2f01aac5ecbbb97bc5c92b612dc0ceb5bdc6bdd7a197933,2026-05-03 19:27:10,0x7aebcc4eeecb55157083a1a7cbe96ca932e7cc3a23c5103b68ae758f5f2c6610,btc-updown-4h-1777824000
"Bitcoin Up or Down - May 3, 12:25PM-12:30PM ET",Down,BUY,80,0.48,0x5469770f758ef724d65fd6f3cf87918bb8250ad0ccae6fade23da7c477c0e47a,2026-05-03 19:26:48,0xc2d3f3c543622029c8d9a93ae96734ec588a085d903f554e66bf4c4069522be9,btc-updown-5m-1777825500
"Bitcoin Up or Down - May 3, 12:15PM-12:30PM ET",Down,BUY,38,0.05,0x30b8e6c01fb228cbd2845c498a5152945a3bb27115f6e69a25e19ab1dd046c21,2026-05-03 19:26:48,0x91da3594006d007de2e06d499e954db210a1f6d27506039e9eb009a9d487913a,btc-updown-15m-1777824900
"Bitcoin Up or Down - May 3, 12:25PM-12:30PM ET",Down,BUY,80,0.47573,0x5469770f758ef724d65fd6f3cf87918bb8250ad0ccae6fade23da7c477c0e47a,2026-05-03 19:26:48,0x931253404ecedb430697855a0e0ffcb5182a4885dc0d5cc6908cd2a891d9a656,btc-updown-5m-1777825500
"Bitcoin Up or Down - May 3, 12PM ET",Down,BUY,5,0.56,0xb80a4f7e4be254d19a7fc3cedc7cd287f7328173569857910f34702630f5520e,2026-05-03 19:26:48,0x9943e525ef4ba9a0750c798ac69f3718237803a54ffe683356c5d546a82bb023,bitcoin-up-or-down-may-3-2026-12pm-et
"Bitcoin Up or Down - May 3, 12PM ET",Down,BUY,5,0.56,0xb80a4f7e4be254d19a7fc3cedc7cd287f7328173569857910f34702630f5520e,2026-05-03 19:26:48,0x93e6791aa77997faf076f38683e60304191351d87bd3253eb185216dd1fa6c7b,bitcoin-up-or-down-may-3-2026-12pm-et
"Bitcoin Up or Down - May 3, 12:15PM-12:30PM ET",Down,BUY,44,0.05,0x30b8e6c01fb228cbd2845c498a5152945a3bb27115f6e69a25e19ab1dd046c21,2026-05-03 19:26:48,0x697acee4fe4ceabe85044716cb8aefe5f56038f6e8a98c635840f65bc7a561d7,btc-updown-15m-1777824900
"Bitcoin Up or Down - May 3, 12:25PM-12:30PM ET",Down,BUY,22.5,0.43,0x5469770f758ef724d65fd6f3cf87918bb8250ad0ccae6fade23da7c477c0e47a,2026-05-03 19:26:48,0xaa2f134d6ddd599e95b938cfe957525df4672d5565f5bec28ed35fe71588e0ef,btc-updown-5m-1777825500
"Ethereum Up or Down - May 3, 12:25PM-12:30PM ET",Down,BUY,17,0.17,0x6f8e8736dfaf3fcd22748656f884f0d07c7e48243489d16b5f91563cea6f4b6a,2026-05-03 19:26:46,0xa416465014b5184bbc7704b89f41f2a6a09e2772a70ec4b8971226dcf5fed8be,eth-updown-5m-1777825500
"Ethereum Up or Down - May 3, 12:25PM-12:30PM ET",Down,BUY,18,0.17,0x6f8e8736dfaf3fcd22748656f884f0d07c7e48243489d16b5f91563cea6f4b6a,2026-05-03 19:26:46,0x6cab1b64d02f1afd8af8593b4aa6eea101528890ea74a4096d29e1bb48e6b07b,eth-updown-5m-1777825500
"Ethereum Up or Down - May 3, 12:25PM-12:30PM ET",Down,BUY,4.63,0.15,0x6f8e8736dfaf3fcd22748656f884f0d07c7e48243489d16b5f91563cea6f4b6a,2026-05-03 19:26:46,0x2ee6ffbe4c854e4af3accb4805959d149c0d81f8c659e1f72fbb1001e549805e,eth-updown-5m-1777825500
"Bitcoin Up or Down - May 3, 12:25PM-12:30PM ET",Down,BUY,84,0.37884761904761904,0x5469770f758ef724d65fd6f3cf87918bb8250ad0ccae6fade23da7c477c0e47a,2026-05-03 19:26:32,0xde929c09f8247c77da779893099f592eb67ce934abe050d2ed4660456bea8de6,btc-updown-5m-1777825500
"Bitcoin Up or Down - May 3, 12:25PM-12:30PM ET",Up,BUY,90,0.6366211111111111,0x5469770f758ef724d65fd6f3cf87918bb8250ad0ccae6fade23da7c477c0e47a,2026-05-03 19:26:30,0x950d3bf8a9c7a20eda5e8227a81383773c74e7baba71b0d0c47aac10b484e542,btc-updown-5m-1777825500
"Ethereum Up or Down - May 3, 12:25PM-12:30PM ET",Up,BUY,26,0.8705346153846154,0x6f8e8736dfaf3fcd22748656f884f0d07c7e48243489d16b5f91563cea6f4b6a,2026-05-03 19:26:30,0x9ee83ebe58b2cc0d0611dfc2a7761c3f384528cc42f27242d5a6a7c87e47b45b,eth-updown-5m-1777825500
"Ethereum Up or Down - May 3, 12:25PM-12:30PM ET",Up,BUY,24,0.8609916666666667,0x6f8e8736dfaf3fcd22748656f884f0d07c7e48243489d16b5f91563cea6f4b6a,2026-05-03 19:26:30,0x510f9701b0d7a63f1adadfbfcb6c23c456190a3acfde81f18032050e4d1482b7,eth-updown-5m-1777825500
"Ethereum Up or Down - May 3, 12:25PM-12:30PM ET",Down,BUY,17,0.16,0x6f8e8736dfaf3fcd22748656f884f0d07c7e48243489d16b5f91563cea6f4b6a,2026-05-03 19:26:08,0x1a2b9051184a50774f9e15317cd7b3fbc680b0e67e20349dd0f63272397224b1,eth-updown-5m-1777825500
"Ethereum Up or Down - May 3, 12:25PM-12:30PM ET",Down,BUY,11.8,0.15,0x6f8e8736dfaf3fcd22748656f884f0d07c7e48243489d16b5f91563cea6f4b6a,2026-05-03 19:26:08,0xdcb6f87429e4208f2ab594913070e91f1a0509c2afb267fba5b510a033e1ed91,eth-updown-5m-1777825500
"Ethereum Up or Down - May 3, 12:25PM-12:30PM ET",Down,BUY,12,0.25843333333333335,0x6f8e8736dfaf3fcd22748656f884f0d07c7e48243489d16b5f91563cea6f4b6a,2026-05-03 19:25:44,0x302c867bbbbdfc80854a14078edbd7c3bf963f18c544ea278e71cd6caf609adb,eth-updown-5m-1777825500
"Ethereum Up or Down - May 3, 12:25PM-12:30PM ET",Down,BUY,13,0.25,0x6f8e8736dfaf3fcd22748656f884f0d07c7e48243489d16b5f91563cea6f4b6a,2026-05-03 19:25:44,0x3f5306f9ea16a4d917ae426e214209d97a53e77757d39383dffb4a8ed5a52298,eth-updown-5m-1777825500
"Ethereum Up or Down - May 3, 12:25PM-12:30PM ET",Up,BUY,1.25,0.76,0x6f8e8736dfaf3fcd22748656f884f0d07c7e48243489d16b5f91563cea6f4b6a,2026-05-03 19:25:42,0x5184c2342c06c7a70a50274d5bb8a3ab2eda8c38d5cf74754fdfa937b323ff38,eth-updown-5m-1777825500
"Ethereum Up or Down - May 3, 12:25PM-12:30PM ET",Down,BUY,12,0.26408333333333334,0x6f8e8736dfaf3fcd22748656f884f0d07c7e48243489d16b5f91563cea6f4b6a,2026-05-03 19:25:36,0xca5be859440a8bf2bb5197ce670bbe388b8e6e62f485f62baeadf8772ccddcd2,eth-updown-5m-1777825500
"Bitcoin Up or Down - May 3, 12PM ET",Down,BUY,5,0.56,0xb80a4f7e4be254d19a7fc3cedc7cd287f7328173569857910f34702630f5520e,2026-05-03 19:25:28,0xa4e68fc3e3e1ebb5c724355700b1e3b806ebe6cb08cc0bfe222558f0840474d0,bitcoin-up-or-down-may-3-2026-12pm-et
"Bitcoin Up or Down - May 3, 12:25PM-12:30PM ET",Down,BUY,82,0.4275609756097561,0x5469770f758ef724d65fd6f3cf87918bb8250ad0ccae6fade23da7c477c0e47a,2026-05-03 19:25:28,0x3ccad97bc36b19173d6cb49a62126eafbce74e767e179148d6f6fcd1c7e28ec9,btc-updown-5m-1777825500
"Bitcoin Up or Down - May 3, 12:25PM-12:30PM ET",Up,BUY,11.29,0.6644286979627989,0x5469770f758ef724d65fd6f3cf87918bb8250ad0ccae6fade23da7c477c0e47a,2026-05-03 19:25:26,0x9bce51f8caf540e4a5821e3c18da95f55a801cf30737921b94e9cb65a3e971ca,btc-updown-5m-1777825500
"Bitcoin Up or Down - May 3, 12PM ET",Down,BUY,5,0.56,0xb80a4f7e4be254d19a7fc3cedc7cd287f7328173569857910f34702630f5520e,2026-05-03 19:25:26,0x6be7433d607179bf2cf17094aecab3c47868af7b598a1b220327b4896b242135,bitcoin-up-or-down-may-3-2026-12pm-et
"Bitcoin Up or Down - May 3, 12:25PM-12:30PM ET",Up,BUY,22,0.67,0x5469770f758ef724d65fd6f3cf87918bb8250ad0ccae6fade23da7c477c0e47a,2026-05-03 19:25:26,0x193cd05ba9a05938a4af10b3c9a189caa7b7f56d4b53d10de000525eb7b3bfc5,btc-updown-5m-1777825500
"Bitcoin Up or Down - May 3, 12PM ET",Up,BUY,5,0.45,0xb80a4f7e4be254d19a7fc3cedc7cd287f7328173569857910f34702630f5520e,2026-05-03 19:25:24,0x3f392a0c7391dcdf5dd9e07769564f04e8b5cb0f72950da7d57d3a206b74aa38,bitcoin-up-or-down-may-3-2026-12pm-et
"Ethereum Up or Down - May 3, 12:25PM-12:30PM ET",Up,BUY,11,0.62,0x6f8e8736dfaf3fcd22748656f884f0d07c7e48243489d16b5f91563cea6f4b6a,2026-05-03 19:25:14,0x0c5ed92bb1082ad3868da67b992f6c76fc1b6c5f47ef5da3ea846333b331bf5d,eth-updown-5m-1777825500
"Ethereum Up or Down - May 3, 12:25PM-12:30PM ET",Up,BUY,11,0.62,0x6f8e8736dfaf3fcd22748656f884f0d07c7e48243489d16b5f91563cea6f4b6a,2026-05-03 19:25:14,0xcc94b1a505b97c66725580b3b8e493aa394482888bca4797ab88c2943f9a4b86,eth-updown-5m-1777825500
"Bitcoin Up or Down - May 3, 12:15PM-12:30PM ET",Up,BUY,31,0.8840193548387096,0x30b8e6c01fb228cbd2845c498a5152945a3bb27115f6e69a25e19ab1dd046c21,2026-05-03 19:25:10,0xd14fe6e5f847e0d654bb32a4aeae7c640ed0b371a05c57954cd326b8eb779ce5,btc-updown-15m-1777824900
"Bitcoin Up or Down - May 3, 12:25PM-12:30PM ET",Up,BUY,5.74,0.55,0x5469770f758ef724d65fd6f3cf87918bb8250ad0ccae6fade23da7c477c0e47a,2026-05-03 19:25:10,0x9e9fcf3a91f1868df19c378662488cb98da1b39c2ffa03bf3e99b4159226abb2,btc-updown-5m-1777825500
"Bitcoin Up or Down - May 3, 12:25PM-12:30PM ET",Up,BUY,87,0.6214643678160919,0x5469770f758ef724d65fd6f3cf87918bb8250ad0ccae6fade23da7c477c0e47a,2026-05-03 19:25:10,0xbc851b4207d0bcf3b9aa46f8fd0890e88d824dd53d3b8ef00e0e50855db07bcc,btc-updown-5m-1777825500
"Ethereum Up or Down - May 3, 12:25PM-12:30PM ET",Up,BUY,8,0.59,0x6f8e8736dfaf3fcd22748656f884f0d07c7e48243489d16b5f91563cea6f4b6a,2026-05-03 19:25:08,0xf1f7fb9e3770827a3ff5de3ae155f6afe44042f12917aa31f37d48d25460a851,eth-updown-5m-1777825500
"Bitcoin Up or Down - May 3, 12PM ET",Up,BUY,5,0.4,0xb80a4f7e4be254d19a7fc3cedc7cd287f7328173569857910f34702630f5520e,2026-05-03 19:24:58,0x000be7f06c8b4a6c9a612314afc2f5ef9527f9e3a5414d1f531a5a00328fd181,bitcoin-up-or-down-may-3-2026-12pm-et
"Bitcoin Up or Down - May 3, 12:15PM-12:30PM ET",Up,BUY,15,0.78,0x30b8e6c01fb228cbd2845c498a5152945a3bb27115f6e69a25e19ab1dd046c21,2026-05-03 19:24:42,0xed11f920a98b66140aee4d8dcde169652946544fa9b265a28ef1ee71b8d0c8db,btc-updown-15m-1777824900
"Bitcoin Up or Down - May 3, 12:15PM-12:30PM ET",Up,BUY,13,0.7446,0x30b8e6c01fb228cbd2845c498a5152945a3bb27115f6e69a25e19ab1dd046c21,2026-05-03 19:24:36,0xc1d6d34d689c81c7d462a4a356e089d2f5d1d27b9637fac8a4fd4e2c801ea771,btc-updown-15m-1777824900
"Bitcoin Up or Down - May 3, 12:15PM-12:30PM ET",Up,BUY,14,0.76,0x30b8e6c01fb228cbd2845c498a5152945a3bb27115f6e69a25e19ab1dd046c21,2026-05-03 19:24:36,0x44c411eb37fdacd90cf685e42a1ab1d478ad175edf728ad8f80cabdf1e072212,btc-updown-15m-1777824900
"Bitcoin Up or Down - May 3, 12:15PM-12:30PM ET",Down,BUY,11,0.3,0x30b8e6c01fb228cbd2845c498a5152945a3bb27115f6e69a25e19ab1dd046c21,2026-05-03 19:24:20,0x9aade642899481f391868c93d4ed7dcec947ce949e94c996784f5021b4063227,btc-updown-15m-1777824900
"Bitcoin Up or Down - May 3, 12:15PM-12:30PM ET",Down,BUY,11,0.28,0x30b8e6c01fb228cbd2845c498a5152945a3bb27115f6e69a25e19ab1dd046c21,2026-05-03 19:24:08,0xd271d39cc05672143050fa16a23ac02e43777dcf89ebe3959bc019158d639394,btc-updown-15m-1777824900
"Bitcoin Up or Down - May 3, 12PM ET",Down,BUY,5,0.62,0xb80a4f7e4be254d19a7fc3cedc7cd287f7328173569857910f34702630f5520e,2026-05-03 19:24:08,0x67bdd492d647bd0f5f77adc88693c7a7969220b308df6efb378328cd3c87be4c,bitcoin-up-or-down-may-3-2026-12pm-et
"Ethereum Up or Down - May 3, 12:20PM-12:25PM ET",Down,BUY,44,0.06,0x58b87c68dbb75a050112fa8147b73962bd18480c784b803cab49420652e4d02b,2026-05-03 19:23:58,0xb9ab1396df4e07d6f6d395208d89689fc1e6b3678354826a2e0d41cc282daf47,eth-updown-5m-1777825200
"Ethereum Up or Down - May 3, 12:20PM-12:25PM ET",Down,BUY,31.8,0.04,0x58b87c68dbb75a050112fa8147b73962bd18480c784b803cab49420652e4d02b,2026-05-03 19:23:58,0xec7541810048089148daa9f5c8a6c065166c0f4c135af761882b75bf2ce85169,eth-updown-5m-1777825200
"Bitcoin Up or Down - May 3, 12:15PM-12:30PM ET",Up,BUY,12,0.71,0x30b8e6c01fb228cbd2845c498a5152945a3bb27115f6e69a25e19ab1dd046c21,2026-05-03 19:23:44,0x167f13d7e67bf1559240b0ea67f81949b65b88a7ef04e3f69447ab782df671c4,btc-updown-15m-1777824900
"Bitcoin Up or Down - May 3, 12:15PM-12:30PM ET",Up,BUY,11,0.68,0x30b8e6c01fb228cbd2845c498a5152945a3bb27115f6e69a25e19ab1dd046c21,2026-05-03 19:23:42,0xf3d94a07dda36bfbf62b556b5b1a7c057f500374e3c8ec76d8ddb3bf28b517ea,btc-updown-15m-1777824900
"Bitcoin Up or Down - May 3, 12PM ET",Up,BUY,6,0.34,0xb80a4f7e4be254d19a7fc3cedc7cd287f7328173569857910f34702630f5520e,2026-05-03 19:23:42,0x7e30a7a858aff5a22f00b42cdba14fc63c02e0dc58087e93c75d214a6a7f434b,bitcoin-up-or-down-may-3-2026-12pm-et
"Ethereum Up or Down - May 3, 12:20PM-12:25PM ET",Up,BUY,20,0.801,0x58b87c68dbb75a050112fa8147b73962bd18480c784b803cab49420652e4d02b,2026-05-03 19:23:32,0x4e6141deee2c96e3dcf9d2f41396998b9779ea813532501728e861bed24690f3,eth-updown-5m-1777825200
"Bitcoin Up or Down - May 3, 12PM ET",Up,BUY,6,0.34,0xb80a4f7e4be254d19a7fc3cedc7cd287f7328173569857910f34702630f5520e,2026-05-03 19:23:32,0x3a676d704cc77329863d809ce71e2c535c484f89367024a6b29e1e25e6757c43,bitcoin-up-or-down-may-3-2026-12pm-et
"Bitcoin Up or Down - May 3, 12:15PM-12:30PM ET",Up,BUY,11,0.64,0x30b8e6c01fb228cbd2845c498a5152945a3bb27115f6e69a25e19ab1dd046c21,2026-05-03 19:23:32,0xe407419f96fe650d4e2b326ab15a3d168298a45957c8b51a2a3fd96b63e6d4de,btc-updown-15m-1777824900
"Bitcoin Up or Down - May 3, 12:20PM-12:25PM ET",Up,BUY,125,0.7928144,0x752af87e1ba5f0a2917d98da23c0a0e1234df31043fb7b6aa3c3ee97d0a44e7f,2026-05-03 19:23:32,0x56760e0f2ca72de7cbc8db6b7f52a36956afaec6eddd6a491c861f08187040a8,btc-updown-5m-1777825200
"Ethereum Up or Down - May 3, 12:20PM-12:25PM ET",Up,BUY,11,0.67,0x58b87c68dbb75a050112fa8147b73962bd18480c784b803cab49420652e4d02b,2026-05-03 19:23:20,0xd901f3b4524f3694fa1f314ab9e68b8a6a542cef7623c13088d1613430ccbaaf,eth-updown-5m-1777825200
"Bitcoin Up or Down - May 3, 12:15PM-12:30PM ET",Up,BUY,10,0.555,0x30b8e6c01fb228cbd2845c498a5152945a3bb27115f6e69a25e19ab1dd046c21,2026-05-03 19:23:16,0x9e739804b7c94b9ec08156c9faf9d1d6bde46cf191932a9b6326350a4f9f9a1e,btc-updown-15m-1777824900
"Bitcoin Up or Down - May 3, 12:15PM-12:30PM ET",Up,BUY,10,0.56,0x30b8e6c01fb228cbd2845c498a5152945a3bb27115f6e69a25e19ab1dd046c21,2026-05-03 19:23:16,0x0496bd7e4597349bfd3847a96244c766e67955ee7e07bb4e58c5fe821e2c0c5e,btc-updown-15m-1777824900
"Bitcoin Up or Down - May 3, 12:20PM-12:25PM ET",Up,BUY,39.1,0.4899744245524297,0x752af87e1ba5f0a2917d98da23c0a0e1234df31043fb7b6aa3c3ee97d0a44e7f,2026-05-03 19:23:12,0x0a24e7513bba2b35b4dbe0d2ed7ade89f95cd164a4bb05295c0a00f9da77c1bc,btc-updown-5m-1777825200
"Ethereum Up or Down - May 3, 12:20PM-12:25PM ET",Up,BUY,9.09,0.44,0x58b87c68dbb75a050112fa8147b73962bd18480c784b803cab49420652e4d02b,2026-05-03 19:23:04,0xe686123c6c27efdf72be3a2954994b824aff12f804c9638dee991d40a8a715f2,eth-updown-5m-1777825200
"Ethereum Up or Down - May 3, 12:20PM-12:25PM ET",Up,BUY,5,0.4,0x58b87c68dbb75a050112fa8147b73962bd18480c784b803cab49420652e4d02b,2026-05-03 19:23:04,0x6ced03c30a6c79ceabf2352a8b664172513e13d447e6b3e1524f59bed40073a3,eth-updown-5m-1777825200
"Ethereum Up or Down - May 3, 12:20PM-12:25PM ET",Up,BUY,11,0.3209090909090909,0x58b87c68dbb75a050112fa8147b73962bd18480c784b803cab49420652e4d02b,2026-05-03 19:23:00,0x3fd450f63a39390038e41d29c594eaadc5aea14b2055c6eb3351b5e452cf7ceb,eth-updown-5m-1777825200
"Bitcoin Up or Down - May 3, 12PM ET",Down,BUY,5,0.7,0xb80a4f7e4be254d19a7fc3cedc7cd287f7328173569857910f34702630f5520e,2026-05-03 19:22:54,0x66ae300b6ea5b355f1e423a5d899ce0048f3dce1ab0d1d345b20db72b85495aa,bitcoin-up-or-down-may-3-2026-12pm-et
"Bitcoin Up or Down - May 3, 12:15PM-12:30PM ET",Down,BUY,10,0.45079,0x30b8e6c01fb228cbd2845c498a5152945a3bb27115f6e69a25e19ab1dd046c21,2026-05-03 19:22:52,0xc8d2050ef8fffa27414002dd32f90ed11ed9254406081b6132c8260f98adbbd0,btc-updown-15m-1777824900
"Bitcoin Up or Down - May 3, 12PM ET",Up,BUY,0.76,0.26,0xb80a4f7e4be254d19a7fc3cedc7cd287f7328173569857910f34702630f5520e,2026-05-03 19:22:48,0x57a6b19658a3022c311562b7dd327e249f88f913b9b2e33038f8da93e9ced4a4,bitcoin-up-or-down-may-3-2026-12pm-et
"Bitcoin Up or Down - May 3, 12:20PM-12:25PM ET",Up,BUY,80,0.4634425,0x752af87e1ba5f0a2917d98da23c0a0e1234df31043fb7b6aa3c3ee97d0a44e7f,2026-05-03 19:22:48,0x03596c1e4e9b3759d8a000f25fe10e96b7d7fc51d82f8a6eea21056b31daa4f0,btc-updown-5m-1777825200
"Bitcoin Up or Down - May 3, 12PM ET",Up,BUY,6,0.26,0xb80a4f7e4be254d19a7fc3cedc7cd287f7328173569857910f34702630f5520e,2026-05-03 19:22:48,0xda877ba16aff54613d8b03547fb974a837a53995a2cd89b1fbfdcf8b840a66e5,bitcoin-up-or-down-may-3-2026-12pm-et
"Bitcoin Up or Down - May 3, 12:15PM-12:30PM ET",Up,BUY,0.13,0.47,0x30b8e6c01fb228cbd2845c498a5152945a3bb27115f6e69a25e19ab1dd046c21,2026-05-03 19:22:48,0x334c2676ec3b4bdc628ed3dd9c269f38be35753a42033d03562ddd568e0decb5,btc-updown-15m-1777824900
"Ethereum Up or Down - May 3, 12:20PM-12:25PM ET",Up,BUY,10,0.31,0x58b87c68dbb75a050112fa8147b73962bd18480c784b803cab49420652e4d02b,2026-05-03 19:22:46,0xae7c5916e5a37f1f75ebe6fb2e894438b7319cdb81344fed12f18f2b52bfe8fc,eth-updown-5m-1777825200
"Bitcoin Up or Down - May 3, 12:15PM-12:30PM ET",Up,BUY,10,0.38181,0x30b8e6c01fb228cbd2845c498a5152945a3bb27115f6e69a25e19ab1dd046c21,2026-05-03 19:22:46,0xe71dcde672db1cb1aff6495939b0f00e9737e338f9f0e570ae1b66743e92b0b5,btc-updown-15m-1777824900
"Bitcoin Up or Down - May 3, 12:15PM-12:30PM ET",Up,BUY,10,0.35,0x30b8e6c01fb228cbd2845c498a5152945a3bb27115f6e69a25e19ab1dd046c21,2026-05-03 19:22:46,0xc30f3962f9f9d146f81b85a1eaba3b6a6446c985c1d9bdcaee1f65c5fe146730,btc-updown-15m-1777824900
"Ethereum Up or Down - May 3, 12:20PM-12:25PM ET",Up,BUY,10,0.4,0x58b87c68dbb75a050112fa8147b73962bd18480c784b803cab49420652e4d02b,2026-05-03 19:22:46,0x9bd31572c4be246d50b8610df0cbc66ad5112f981235dfabdb887bbb423308db,eth-updown-5m-1777825200
"Ethereum Up or Down - May 3, 12:20PM-12:25PM ET",Up,BUY,13,0.24846153846153846,0x58b87c68dbb75a050112fa8147b73962bd18480c784b803cab49420652e4d02b,2026-05-03 19:22:44,0xdaa517a921e7ba975362b5c6f224926044195cfe1b8239af27c73d4750c1ae4c,eth-updown-5m-1777825200
"Bitcoin Up or Down - May 3, 12:00PM-4:00PM ET",Up,BUY,5,0.39,0x5d6396444a4fc085f2f01aac5ecbbb97bc5c92b612dc0ceb5bdc6bdd7a197933,2026-05-03 19:22:44,0x72d51b77d59893b4bba62b282e889c4ed1fa873b742c44b80bdb22a86879200b,btc-updown-4h-1777824000
"Ethereum Up or Down - May 3, 12:20PM-12:25PM ET",Up,BUY,13,0.24615384615384617,0x58b87c68dbb75a050112fa8147b73962bd18480c784b803cab49420652e4d02b,2026-05-03 19:22:00,0x2f630f2a355909be2c5d90b710f9bdd7428c1380d2133ef56fb61ac56c3141ca,eth-updown-5m-1777825200
"Bitcoin Up or Down - May 3, 12:20PM-12:25PM ET",Up,BUY,90,0.32,0x752af87e1ba5f0a2917d98da23c0a0e1234df31043fb7b6aa3c3ee97d0a44e7f,2026-05-03 19:21:58,0x69a110d6cdb2d0e1785cf7d43f7b029a05e34dd518f0c34a640cdd9eec24d689,btc-updown-5m-1777825200
"Ethereum Up or Down - May 3, 12:20PM-12:25PM ET",Up,BUY,14,0.22,0x58b87c68dbb75a050112fa8147b73962bd18480c784b803cab49420652e4d02b,2026-05-03 19:21:58,0x3c553b0708064e95fa1795270255d217347db3de2e1f6c1852602cf7ace76f87,eth-updown-5m-1777825200
"Ethereum Up or Down - May 3, 12:20PM-12:25PM ET",Down,BUY,16,0.78,0x58b87c68dbb75a050112fa8147b73962bd18480c784b803cab49420652e4d02b,2026-05-03 19:21:42,0xb37c62bd638ac42052fd0d26ddce232d4d0587756607ae0b9d1b081d3f9e4d7a,eth-updown-5m-1777825200
"Ethereum Up or Down - May 3, 12:20PM-12:25PM ET",Down,BUY,15,0.78,0x58b87c68dbb75a050112fa8147b73962bd18480c784b803cab49420652e4d02b,2026-05-03 19:21:40,0xe513bf79f13815afbd7a2ebe0db8b754afa252a13aeebd94b6b4a865eeb4bc66,eth-updown-5m-1777825200
"Bitcoin Up or Down - May 3, 12:15PM-12:30PM ET",Down,BUY,11,0.61,0x30b8e6c01fb228cbd2845c498a5152945a3bb27115f6e69a25e19ab1dd046c21,2026-05-03 19:21:28,0x9c824a850828a6f2eb95c73691ffdce0180a3b1346fa3121f99fd81a3ad66dc1,btc-updown-15m-1777824900
"Bitcoin Up or Down - May 3, 12:20PM-12:25PM ET",Down,BUY,11.67,0.6443016281062554,0x752af87e1ba5f0a2917d98da23c0a0e1234df31043fb7b6aa3c3ee97d0a44e7f,2026-05-03 19:21:28,0xf906555e44ee90b5ccc7c83d4cfad6d84fa9bee94fe1a617ac9cd0e8b76adeb5,btc-updown-5m-1777825200
"Bitcoin Up or Down - May 3, 12:20PM-12:25PM ET",Down,BUY,20.13,0.61,0x752af87e1ba5f0a2917d98da23c0a0e1234df31043fb7b6aa3c3ee97d0a44e7f,2026-05-03 19:21:28,0xafb0cf2a7d358009b9275dc858540cff994d41e020009cc76805515d3f2674e1,btc-updown-5m-1777825200
"Bitcoin Up or Down - May 3, 12:15PM-12:30PM ET",Up,BUY,10,0.36,0x30b8e6c01fb228cbd2845c498a5152945a3bb27115f6e69a25e19ab1dd046c21,2026-05-03 19:21:16,0x16b863aefa7d0730305e018a04ee4e6414c9ca3890e20fd2389145419ae95c05,btc-updown-15m-1777824900
"Bitcoin Up or Down - May 3, 12PM ET",Up,BUY,5,0.24,0xb80a4f7e4be254d19a7fc3cedc7cd287f7328173569857910f34702630f5520e,2026-05-03 19:21:16,0x284f2382cc8656cd59ab14e2862b57d043484e6f04dc45763a4fb92a1cd7eaa1,bitcoin-up-or-down-may-3-2026-12pm-et
"Bitcoin Up or Down - May 3, 12:20PM-12:25PM ET",Up,BUY,7.62,0.37,0x752af87e1ba5f0a2917d98da23c0a0e1234df31043fb7b6aa3c3ee97d0a44e7f,2026-05-03 19:21:16,0x4894029d557b8f388fc392ae9eb2d7322e1d0981ccfe1073f53a55ee1a4c8c58,btc-updown-5m-1777825200
"Bitcoin Up or Down - May 3, 12:20PM-12:25PM ET",Up,BUY,82,0.3985365853658537,0x752af87e1ba5f0a2917d98da23c0a0e1234df31043fb7b6aa3c3ee97d0a44e7f,2026-05-03 19:21:16,0x57871c3c917c0bc3b96b0b51d6825804cdea500269bb7e30bb31932746558e20,btc-updown-5m-1777825200
"Bitcoin Up or Down - May 3, 12:20PM-12:25PM ET",Up,BUY,87,0.3473494252873563,0x752af87e1ba5f0a2917d98da23c0a0e1234df31043fb7b6aa3c3ee97d0a44e7f,2026-05-03 19:21:16,0xeeb4236846143fda8310853aa193ff6d97fc0eb2a9961a46d1b8623b59568e03,btc-updown-5m-1777825200
"Ethereum Up or Down - May 3, 12:20PM-12:25PM ET",Down,BUY,15,0.762,0x58b87c68dbb75a050112fa8147b73962bd18480c784b803cab49420652e4d02b,2026-05-03 19:21:10,0xc40d353500d6f05c26705c78e9f0e658985dae81c745d264c2014e709826c1ae,eth-updown-5m-1777825200
"Ethereum Up or Down - May 3, 12:20PM-12:25PM ET",Down,BUY,13,0.72,0x58b87c68dbb75a050112fa8147b73962bd18480c784b803cab49420652e4d02b,2026-05-03 19:20:46,0x4717391ac717b44150f9c6053fb51f6beacb6b6521ead705e7bc5afe9f5e3024,eth-updown-5m-1777825200
"Ethereum Up or Down - May 3, 12:20PM-12:25PM ET",Up,BUY,14,0.22,0x58b87c68dbb75a050112fa8147b73962bd18480c784b803cab49420652e4d02b,2026-05-03 19:20:42,0x715362da0e5cabf193da55f97cf1ccd0a93c9371dfa5e4a5f4e2ab9f7959e69f,eth-updown-5m-1777825200
"Ethereum Up or Down - May 3, 12:20PM-12:25PM ET",Up,BUY,14,0.22,0x58b87c68dbb75a050112fa8147b73962bd18480c784b803cab49420652e4d02b,2026-05-03 19:20:42,0x86bc293aadc06184b7a6a50039a91a62d46654f38be94fb717d46093f2f7d9cb,eth-updown-5m-1777825200
"Ethereum Up or Down - May 3, 12:20PM-12:25PM ET",Up,BUY,10.4,0.19,0x58b87c68dbb75a050112fa8147b73962bd18480c784b803cab49420652e4d02b,2026-05-03 19:20:42,0x8234191a85b2471fadf462468ebc3db920d8dfbc163f36e878afeda42b24927e,eth-updown-5m-1777825200
"Bitcoin Up or Down - May 3, 12:15PM-12:30PM ET",Up,BUY,11,0.34,0x30b8e6c01fb228cbd2845c498a5152945a3bb27115f6e69a25e19ab1dd046c21,2026-05-03 19:20:42,0x915c90ebdfb9c59859782867815c8652420d8ca3928575715afbfd6687025836,btc-updown-15m-1777824900
"Bitcoin Up or Down - May 3, 12PM ET",Up,BUY,7,0.23,0xb80a4f7e4be254d19a7fc3cedc7cd287f7328173569857910f34702630f5520e,2026-05-03 19:20:42,0x0f646271c5273a87cbad36bfd5deca0632e15286ab143e8acc24522b47ff3a33,bitcoin-up-or-down-may-3-2026-12pm-et
"Ethereum Up or Down - May 3, 12:20PM-12:25PM ET",Down,BUY,12.19,0.85,0x58b87c68dbb75a050112fa8147b73962bd18480c784b803cab49420652e4d02b,2026-05-03 19:20:36,0xd66881cfc06a75d6c8cb1b5b12a07ebbc5fd82c9c5f036941bd97113d908ced9,eth-updown-5m-1777825200
"Ethereum Up or Down - May 3, 12:20PM-12:25PM ET",Down,BUY,9,0.8,0x58b87c68dbb75a050112fa8147b73962bd18480c784b803cab49420652e4d02b,2026-05-03 19:20:36,0x214aa831a58e56df20ed6d5bfbc1be4a271994d9389adf841b3eb87f46799a10,eth-updown-5m-1777825200
"Bitcoin Up or Down - May 3, 12:20PM-12:25PM ET",Down,BUY,5.72,0.68,0x752af87e1ba5f0a2917d98da23c0a0e1234df31043fb7b6aa3c3ee97d0a44e7f,2026-05-03 19:20:26,0xa1f8cc1d14d03625bb5b63422c33ae9330e5478c24b0c3c424fbe74aea3d7426,btc-updown-5m-1777825200
"Ethereum Up or Down - May 3, 12:20PM-12:25PM ET",Down,BUY,26,0.76,0x58b87c68dbb75a050112fa8147b73962bd18480c784b803cab49420652e4d02b,2026-05-03 19:20:24,0x9dc95579dbca9115e7259f203828763ea4b71172872d9320392ea4597f61da5f,eth-updown-5m-1777825200
"Bitcoin Up or Down - May 3, 12PM ET",Down,BUY,7,0.77,0xb80a4f7e4be254d19a7fc3cedc7cd287f7328173569857910f34702630f5520e,2026-05-03 19:20:24,0x29bfd157784aad48047cb23c6c3a94a638775cb27745ab3b99283ed85c37065e,bitcoin-up-or-down-may-3-2026-12pm-et
"Ethereum Up or Down - May 3, 12:20PM-12:25PM ET",Down,BUY,22,0.76,0x58b87c68dbb75a050112fa8147b73962bd18480c784b803cab49420652e4d02b,2026-05-03 19:20:24,0xb549d44f778991255ff661fefc26b14f5710cdbfa9705e6ca5031e609d14e4d4,eth-updown-5m-1777825200
"Ethereum Up or Down - May 3, 12:20PM-12:25PM ET",Down,BUY,21,0.76,0x58b87c68dbb75a050112fa8147b73962bd18480c784b803cab49420652e4d02b,2026-05-03 19:20:22,0x7752409afcc91c66ae34c24aeb298bf2c8d088a2077dccb6d5c3d9c4204bdb7b,eth-updown-5m-1777825200
"Ethereum Up or Down - May 3, 12:20PM-12:25PM ET",Down,BUY,18,0.76,0x58b87c68dbb75a050112fa8147b73962bd18480c784b803cab49420652e4d02b,2026-05-03 19:20:22,0x325de418bbb7e49aad62ad1745162fe20aef3d523bdfa72555153c9811f4e7ee,eth-updown-5m-1777825200
"Ethereum Up or Down - May 3, 12:20PM-12:25PM ET",Down,BUY,14,0.7595285714285714,0x58b87c68dbb75a050112fa8147b73962bd18480c784b803cab49420652e4d02b,2026-05-03 19:20:22,0x2537793e17c33ceeda33a69e9c8f497739e82d37cb03fe20ede14f35b521fee6,eth-updown-5m-1777825200
"Bitcoin Up or Down - May 3, 12:00PM-4:00PM ET",Down,BUY,5,0.6,0x5d6396444a4fc085f2f01aac5ecbbb97bc5c92b612dc0ceb5bdc6bdd7a197933,2026-05-03 19:20:22,0xa5971372eaec1262a483b313517cda22934f66eff63bc3755e77c4f6d6ee4eba,btc-updown-4h-1777824000
"Bitcoin Up or Down - May 3, 12:20PM-12:25PM ET",Down,BUY,89,0.6420280898876405,0x752af87e1ba5f0a2917d98da23c0a0e1234df31043fb7b6aa3c3ee97d0a44e7f,2026-05-03 19:20:22,0xfe431ea0190fbf4a1c3b43247168d4430125e6138243da324a891757f9390404,btc-updown-5m-1777825200
"Ethereum Up or Down - May 3, 12:20PM-12:25PM ET",Down,BUY,7.22,0.6483102493074793,0x58b87c68dbb75a050112fa8147b73962bd18480c784b803cab49420652e4d02b,2026-05-03 19:20:18,0x938332e467367d188309a60dda0811b24cc605b21d392b01903f33549e479a8e,eth-updown-5m-1777825200
"Ethereum Up or Down - May 3, 12:20PM-12:25PM ET",Down,BUY,13,0.6726923076923077,0x58b87c68dbb75a050112fa8147b73962bd18480c784b803cab49420652e4d02b,2026-05-03 19:20:18,0xe82b0a6de2d55c41d13d8fc80637b9b336bb6431cef7cc7e7affa8839e5ed9fd,eth-updown-5m-1777825200
"Ethereum Up or Down - May 3, 12:20PM-12:25PM ET",Down,BUY,12,0.6816666666666666,0x58b87c68dbb75a050112fa8147b73962bd18480c784b803cab49420652e4d02b,2026-05-03 19:20:18,0xeae5ab1771a2974bb839faf314d43070e0f9234e69b09c73bd86d64f07589d87,eth-updown-5m-1777825200
"Ethereum Up or Down - May 3, 12:20PM-12:25PM ET",Down,BUY,11,0.61,0x58b87c68dbb75a050112fa8147b73962bd18480c784b803cab49420652e4d02b,2026-05-03 19:20:18,0x72e56586d161d08ec65bd015fcb5cd0073f7c94635291ad1759b3e3b9c0e9f67,eth-updown-5m-1777825200
"Ethereum Up or Down - May 3, 12:20PM-12:25PM ET",Up,BUY,10,0.42,0x58b87c68dbb75a050112fa8147b73962bd18480c784b803cab49420652e4d02b,2026-05-03 19:20:12,0x899bcdef910150d29fca6bcc12e8ad625e777a5532b5d1d2f4167c5a7a6ebc09,eth-updown-5m-1777825200
"Ethereum Up or Down - May 3, 12:20PM-12:25PM ET",Up,BUY,10,0.42,0x58b87c68dbb75a050112fa8147b73962bd18480c784b803cab49420652e4d02b,2026-05-03 19:20:12,0x52370e80e6c9b7ec36326b077f397ea59dac1262953af21abb6eb36b30b96b96,eth-updown-5m-1777825200
"Bitcoin Up or Down - May 3, 12:20PM-12:25PM ET",Down,BUY,5,0.58,0x752af87e1ba5f0a2917d98da23c0a0e1234df31043fb7b6aa3c3ee97d0a44e7f,2026-05-03 19:20:10,0xaf724c9c9cc1f33ff4feafad32357e18cdee3f151f2e2ba5e1bfc6f7a4778e3b,btc-updown-5m-1777825200
"Ethereum Up or Down - May 3, 12:20PM-12:25PM ET",Down,BUY,10,0.43,0x58b87c68dbb75a050112fa8147b73962bd18480c784b803cab49420652e4d02b,2026-05-03 19:20:10,0x37a0f9d46f4551125e36ba0a85a3784b768af0eebb2ebdc67147c2e9644763a3,eth-updown-5m-1777825200
"Bitcoin Up or Down - May 3, 12:15PM-12:30PM ET",Down,BUY,2.49,0.58,0x30b8e6c01fb228cbd2845c498a5152945a3bb27115f6e69a25e19ab1dd046c21,2026-05-03 19:20:10,0x56a1c331744ceb68facb5a11c0142fe22c3e3da7f0e060f40ea26f8d0e60cc5c,btc-updown-15m-1777824900
"Ethereum Up or Down - May 3, 12:20PM-12:25PM ET",Up,BUY,10,0.575,0x58b87c68dbb75a050112fa8147b73962bd18480c784b803cab49420652e4d02b,2026-05-03 19:20:06,0x817bce2bd78e570faf992b84ac2ceb96c5b1687ae4ebaf7ed3a5ddb68b4774a8,eth-updown-5m-1777825200
"Bitcoin Up or Down - May 3, 12:20PM-12:25PM ET",Up,BUY,80,0.47,0x752af87e1ba5f0a2917d98da23c0a0e1234df31043fb7b6aa3c3ee97d0a44e7f,2026-05-03 19:20:06,0x5aad5ada50cea1c0b4fa18b28011fa6d8331ef81324bdfad968b4c3b7500a55f,btc-updown-5m-1777825200
"Bitcoin Up or Down - May 3, 12:15PM-12:30PM ET",Up,BUY,10,0.44,0x30b8e6c01fb228cbd2845c498a5152945a3bb27115f6e69a25e19ab1dd046c21,2026-05-03 19:20:06,0xba98ec70e6672a122a28520f3ce034c6a808a58a0a7fb4e490b2d5c723b28ffa,btc-updown-15m-1777824900
"Bitcoin Up or Down - May 3, 12:15PM-12:30PM ET",Down,BUY,10,0.45,0x30b8e6c01fb228cbd2845c498a5152945a3bb27115f6e69a25e19ab1dd046c21,2026-05-03 19:20:02,0x25e47dab85d1ddd76c34141d400b7d77b6ef88246ebf2f1ed6a97b8959286789,btc-updown-15m-1777824900
"Bitcoin Up or Down - May 3, 12:15PM-12:30PM ET",Down,BUY,10,0.46,0x30b8e6c01fb228cbd2845c498a5152945a3bb27115f6e69a25e19ab1dd046c21,2026-05-03 19:20:02,0x95d2a810cb5625937695dffa9fa0b4e49d95ec9f5d100625bcb81c7c40cacc62,btc-updown-15m-1777824900
"Ethereum Up or Down - May 3, 12:15PM-12:20PM ET",Up,BUY,2.59,0.01,0x31ae7cd8026417b72da3cf5508994ea6f7d05a05297a55ba62fe19678f2978b1,2026-05-03 19:19:48,0xbf1dcece775c1f405be4735affd234c074b5eea57cb8a7a98aa92baae2e1710f,eth-updown-5m-1777824900
"Bitcoin Up or Down - May 3, 12:15PM-12:30PM ET",Down,BUY,10,0.41,0x30b8e6c01fb228cbd2845c498a5152945a3bb27115f6e69a25e19ab1dd046c21,2026-05-03 19:19:36,0x3fad426ce73b88406410c696edec3ce381f95b6dfe66db88fedc195f18f4634b,btc-updown-15m-1777824900
"Bitcoin Up or Down - May 3, 12:15PM-12:30PM ET",Down,BUY,10,0.4,0x30b8e6c01fb228cbd2845c498a5152945a3bb27115f6e69a25e19ab1dd046c21,2026-05-03 19:19:36,0x92fa3e6078317c9de8daae64b1bf420564a9b71923f2193b822a77f81856eb36,btc-updown-15m-1777824900
"Bitcoin Up or Down - May 3, 12:15PM-12:30PM ET",Down,BUY,10,0.4,0x30b8e6c01fb228cbd2845c498a5152945a3bb27115f6e69a25e19ab1dd046c21,2026-05-03 19:19:36,0x8d60d3145cefefa5f6b3b72770173579867b6a0686550b92c80a2b938589d676,btc-updown-15m-1777824900
"Bitcoin Up or Down - May 3, 12PM ET",Down,BUY,5,0.62,0xb80a4f7e4be254d19a7fc3cedc7cd287f7328173569857910f34702630f5520e,2026-05-03 19:19:34,0x5d5467b8677e83035c63c67fa3b6c0aea5a2ef3a95a9c5479748c960845b577a,bitcoin-up-or-down-may-3-2026-12pm-et
"Ethereum Up or Down - May 3, 12:15PM-12:20PM ET",Down,BUY,9.2,0.66,0x31ae7cd8026417b72da3cf5508994ea6f7d05a05297a55ba62fe19678f2978b1,2026-05-03 19:19:16,0x6a32d5e6ba932dee08bbc67f1305854d4f2af855253a59d62952788bd689a420,eth-updown-5m-1777824900
"Bitcoin Up or Down - May 3, 12:15PM-12:20PM ET",Down,BUY,30.04,0.08832223701731025,0x051ec4f9ba9fd59a2ea5d9f8259519cd411773eddeb5f10a6c26fde1f127ab68,2026-05-03 19:19:10,0x5aee13821f56126da7bd5f36977136bfd03b3a5c5b129cecc58f11d5829cb889,btc-updown-5m-1777824900
"Bitcoin Up or Down - May 3, 12:15PM-12:30PM ET",Down,BUY,11,0.33556363636363634,0x30b8e6c01fb228cbd2845c498a5152945a3bb27115f6e69a25e19ab1dd046c21,2026-05-03 19:19:10,0x472e49ecd855491b33489822556ad25b9e024cd8a6145d7c7eba769b0e405da6,btc-updown-15m-1777824900
"Bitcoin Up or Down - May 3, 12PM ET",Down,BUY,5,0.62,0xb80a4f7e4be254d19a7fc3cedc7cd287f7328173569857910f34702630f5520e,2026-05-03 19:19:10,0x75f32cb8d835152137695248f773920b333224d4a0e6ab569f62492cd1c8ee42,bitcoin-up-or-down-may-3-2026-12pm-et
"Bitcoin Up or Down - May 3, 12:15PM-12:20PM ET",Down,BUY,220.19,0.06152050501839321,0x051ec4f9ba9fd59a2ea5d9f8259519cd411773eddeb5f10a6c26fde1f127ab68,2026-05-03 19:19:10,0x11098a62396ef6f2564cfd7724e5d3711c244db89f98e5d9fb17b7d107001913,btc-updown-5m-1777824900
"Bitcoin Up or Down - May 3, 12:15PM-12:30PM ET",Down,BUY,11,0.33,0x30b8e6c01fb228cbd2845c498a5152945a3bb27115f6e69a25e19ab1dd046c21,2026-05-03 19:19:10,0x958159f5a19586207f4ca18d8dee9f2427e398b885045625616702486031b774,btc-updown-15m-1777824900
"Ethereum Up or Down - May 3, 12:15PM-12:20PM ET",Down,BUY,10,0.4748,0x31ae7cd8026417b72da3cf5508994ea6f7d05a05297a55ba62fe19678f2978b1,2026-05-03 19:19:04,0x101f988cdfaae73b200b1a6597ffacc4b5d2a0664a65017380102b774e956643,eth-updown-5m-1777824900
"Ethereum Up or Down - May 3, 12:15PM-12:20PM ET",Down,BUY,1.36,0.43,0x31ae7cd8026417b72da3cf5508994ea6f7d05a05297a55ba62fe19678f2978b1,2026-05-03 19:19:04,0xd30add313688ac13ce9036a2f9190dd1e6af1843bff747c2c0513aaa4ceb0b33,eth-updown-5m-1777824900
"Ethereum Up or Down - May 3, 12:15PM-12:20PM ET",Down,BUY,10,0.422,0x31ae7cd8026417b72da3cf5508994ea6f7d05a05297a55ba62fe19678f2978b1,2026-05-03 19:19:04,0x000df6f581159991d7bd08a9a5efbc4070edd66d68c919a2647a400e4e7517cf,eth-updown-5m-1777824900
"Ethereum Up or Down - May 3, 12:15PM-12:20PM ET",Up,BUY,11,0.61,0x31ae7cd8026417b72da3cf5508994ea6f7d05a05297a55ba62fe19678f2978b1,2026-05-03 19:18:50,0xf38da99fd7d63310bad26e2a26025267a1c6395efa55a178b7cbeffea8fb1657,eth-updown-5m-1777824900
"Ethereum Up or Down - May 3, 12:15PM-12:20PM ET",Up,BUY,10,0.56,0x31ae7cd8026417b72da3cf5508994ea6f7d05a05297a55ba62fe19678f2978b1,2026-05-03 19:18:44,0x445ee9b226365d8a9701588444af019fc962be0c8a4689e1f31cb74139946dc8,eth-updown-5m-1777824900
"Ethereum Up or Down - May 3, 12:15PM-12:20PM ET",Up,BUY,10,0.55567,0x31ae7cd8026417b72da3cf5508994ea6f7d05a05297a55ba62fe19678f2978b1,2026-05-03 19:18:44,0x7465ec5fff76b0e6f21f2bcb370b9f2383e214dc85ca3e0447c838e26f5a2227,eth-updown-5m-1777824900
"Bitcoin Up or Down - May 3, 12:15PM-12:30PM ET",Down,BUY,5.24,0.3,0x30b8e6c01fb228cbd2845c498a5152945a3bb27115f6e69a25e19ab1dd046c21,2026-05-03 19:18:12,0xb7bacd8271f979118727321852663524bc5c01a717204a04e7f731c914fd0a51,btc-updown-15m-1777824900
"Bitcoin Up or Down - May 3, 12:15PM-12:30PM ET",Down,BUY,12,0.28,0x30b8e6c01fb228cbd2845c498a5152945a3bb27115f6e69a25e19ab1dd046c21,2026-05-03 19:18:10,0x6d263c01da0fda6920b310afd7179577e5c3e9e481cc609f6366f781908e9c9f,btc-updown-15m-1777824900
"Ethereum Up or Down - May 3, 12:15PM-12:20PM ET",Down,BUY,10,0.42,0x31ae7cd8026417b72da3cf5508994ea6f7d05a05297a55ba62fe19678f2978b1,2026-05-03 19:18:10,0x7effbdb7ef3e105f08f51e6855c59c0c0d76158ca1bf225b31923c1c76378ab4,eth-updown-5m-1777824900
"Ethereum Up or Down - May 3, 12:15PM-12:20PM ET",Down,BUY,10,0.42,0x31ae7cd8026417b72da3cf5508994ea6f7d05a05297a55ba62fe19678f2978b1,2026-05-03 19:18:10,0xf97cf50c800c96462e06bef7f83740b30ce19a17bcb0bf5f1df0fc545a8643b6,eth-updown-5m-1777824900
"Bitcoin Up or Down - May 3, 12:15PM-12:30PM ET",Down,BUY,12,0.28,0x30b8e6c01fb228cbd2845c498a5152945a3bb27115f6e69a25e19ab1dd046c21,2026-05-03 19:18:10,0x017f9da5ffe9a81d2d4bdb01def82a5addda078c32e8105601d4c16b5150e61c,btc-updown-15m-1777824900
"Ethereum Up or Down - May 3, 12:15PM-12:20PM ET",Up,BUY,10,0.51,0x31ae7cd8026417b72da3cf5508994ea6f7d05a05297a55ba62fe19678f2978b1,2026-05-03 19:18:00,0x5fd5c9041ec7be39cfbb5a29e6a6dd997969555ecd582c58d0645a8f22d143ed,eth-updown-5m-1777824900
