Market Title,Outcome,Condition ID,Realized PnL,Avg Price,Total Bought,Current Price,Trades,Timestamp,Event Slug,End Date
"Bitcoin Up or Down - May 4, 3:05PM-3:10PM ET",Up,0x5c97813ef2820a4df77d8e3cf9b0e2aff828484480507475be91ae0e87608a9c,305.38968017859105,0.534033,655.389073,1,1,2026-05-04 22:02:24,btc-updown-5m-1777921500,2026-05-04T00:00:00Z
"Bitcoin Up or Down - May 4, 1:35PM-1:40PM ET",Down,0x2e9d037f077dd1cd83c7385f654f118f6e697b274e825eadb701d16842ec898c,326.667332516665,0.509999,666.666665,1,1,2026-05-04 20:36:14,btc-updown-5m-1777916100,2026-05-04T00:00:00Z
"Bitcoin Up or Down - May 4, 12:15PM-12:20PM ET",Up,0x31ed8d677e65e90998e40e029fdb2fee84e78f8871c0446db2befdc0c306b58f,646.07318368,0.519948,1345.84,1,1,2026-05-04 19:12:26,btc-updown-5m-1777911300,2026-05-04T00:00:00Z
"Bitcoin Up or Down - May 4, 9:55AM-10:00AM ET",Up,0x3c212622fbfc31b41561abf3164fa76e227e562ed5543e39cf9451645ffb2630,368.881758479508,0.520236,768.881697,1,1,2026-05-04 16:53:30,btc-updown-5m-1777902900,2026-05-04T00:00:00Z
"Bitcoin Up or Down - May 4, 9:30AM-9:35AM ET",Up,0xb5ae19da6695a555aca6366fb461d8363ca3ba7df5e80e6671d92b9936ca7d8c,406.02161516838896,0.520081,846.021131,1,1,2026-05-04 16:29:32,btc-updown-5m-1777901400,2026-05-04T00:00:00Z
"Bitcoin Up or Down - May 4, 8:45AM-8:50AM ET",Up,0xfe3bd968ff02d1e924dce1086292876cab1da5482a08b01898b8484a8244503a,303.608577066158,0.441494,543.608443,1,1,2026-05-04 15:47:24,btc-updown-5m-1777898700,2026-05-04T00:00:00Z
"Bitcoin Up or Down - May 4, 3:25AM-3:30AM ET",Up,0x606a8922b7c4c992fa2fe73c61008e62e730e0ba8b54a764d420a0ae0bdd0937,326.802383279856,0.509896,666.802114,1,1,2026-05-04 10:25:56,btc-updown-5m-1777879500,2026-05-04T00:00:00Z
"Bitcoin Up or Down - May 3, 11:40PM-11:45PM ET",Down,0x2874297ae11a65688e0b15d80be8770584012a9849b79bf21dab3a078930e4c6,343.721678545075,0.504525,693.721537,1,1,2026-05-04 06:36:26,btc-updown-5m-1777866000,2026-05-04T00:00:00Z
"Bitcoin Up or Down - May 3, 10:50PM-10:55PM ET",Up,0x549a7ce4fec81797cb25cb5bf88849d5540d0cef2ef7c90f647123383f05cf95,344.13267501297,0.504226,694.132155,1,1,2026-05-04 05:47:06,btc-updown-5m-1777863000,2026-05-04T00:00:00Z
"Bitcoin Up or Down - May 3, 10:25PM-10:30PM ET",Down,0x631baf4da429c1ce6b471bffa4167a21081e307d757f5c5b69e858948c39a74e,415.40714951546994,0.546205,915.407066,1,1,2026-05-04 05:25:14,btc-updown-5m-1777861500,2026-05-04T00:00:00Z
"Bitcoin Up or Down - May 3, 10:15PM-10:20PM ET",Down,0xf6f11d1a645ceb111f4163df846271bb812f52af3cf316cc2c1b3c7ff79cd6d5,351.33126344631205,0.532388,751.330726,1,1,2026-05-04 05:10:26,btc-updown-5m-1777860900,2026-05-04T00:00:00Z
"Bitcoin Up or Down - May 3, 10:00PM-10:05PM ET",Up,0x33f5f2574a64125f6c20715d9fc06e6b965f5aa0bf76cdd5201108a91acfbf61,-399.99946353219997,0.487027,821.3086,0,1,2026-05-04 04:59:52,btc-updown-5m-1777860000,2026-05-04T00:00:00Z
"Bitcoin Up or Down - May 3, 9:45PM-9:50PM ET",Up,0x6dc04bfdeb7c0140538aac6ba6156ba5f24f0ee2afb07f050820a17327cc35cc,465.09929872039095,0.518081,965.098489,1,1,2026-05-04 04:45:02,btc-updown-5m-1777859100,2026-05-04T00:00:00Z
"Bitcoin Up or Down - May 3, 9:35PM-9:40PM ET",Down,0x8905627c62037e477bc2645515e66d3dabe5114000d7bc92901ffd72bcc0d99b,329.15852233199996,0.535846,709.158,1,1,2026-05-04 04:33:30,btc-updown-5m-1777858500,2026-05-04T00:00:00Z
"Bitcoin Up or Down - May 3, 9:05PM-9:10PM ET",Up,0x51a3c17951c16e8626bd7f9daafd7a3b29832c22cc9fb3b005caebcac0437dfa,417.90484650763,0.51849,867.904813,1,1,2026-05-04 04:02:14,btc-updown-5m-1777856700,2026-05-04T00:00:00Z
"Bitcoin Up or Down - May 3, 8:45PM-8:50PM ET",Down,0xc2e328a71b0ef3032110aefeacffc30805906a777d593fbdeb383dd3a91fc558,-359.99994712000006,0.499348,720.94,0,1,2026-05-04 03:41:30,btc-updown-5m-1777855500,2026-05-04T00:00:00Z
"Bitcoin Up or Down - May 3, 8:30PM-8:35PM ET",Down,0x6cab3a439892711e14e4d5155ce37fd04fc4ff443c770369bc681cb8440f5422,-349.999590237,0.498803,701.679,0,1,2026-05-04 03:27:52,btc-updown-5m-1777854600,2026-05-04T00:00:00Z
"Bitcoin Up or Down - May 3, 8:15PM-8:20PM ET",Down,0xed6a3322bc0a5537a31633afad73aec233e753b4040a3b5761f66fc61bf06854,417.481006852,0.489308,817.481,1,1,2026-05-04 03:15:10,btc-updown-5m-1777853700,2026-05-04T00:00:00Z
"Bitcoin Up or Down - May 3, 8:05PM-8:10PM ET",Up,0x3f9790a636415d34c41645940d6012d94a62ab853b4ec21909d801c6677be1bb,-399.999341786898,0.523229,764.482362,0,1,2026-05-04 02:56:42,btc-updown-5m-1777853100,2026-05-04T00:00:00Z
"Bitcoin Up or Down - May 3, 7:30PM-7:35PM ET",Down,0xd0a470ea1aad60730f2643cd2ee685aab349dc968496deed0a47d54a645de94b,420.80671605000003,0.487325,820.806,1,1,2026-05-04 02:27:04,btc-updown-5m-1777851000,2026-05-03T00:00:00Z
"Bitcoin Up or Down - May 3, 6:45PM-6:50PM ET",Up,0x55b8791988dcefb9e1d37b94f80d00a92ad009599b86821ddab0d9b49d7debb6,406.45773071824306,0.502169,816.457253,1,1,2026-05-04 01:41:36,btc-updown-5m-1777848300,2026-05-03T00:00:00Z
"Bitcoin Up or Down - May 3, 6:25PM-6:30PM ET",Up,0x86a5560fafa50b0deb9ab1369a961975589ddcbda70f3116196b278a2f87f70e,355.503575175592,0.529448,755.503271,1,1,2026-05-04 01:24:44,btc-updown-5m-1777847100,2026-05-03T00:00:00Z
"Bitcoin Up or Down - May 3, 6:10PM-6:15PM ET",Up,0x28e1af5aa94c36b74478603fd559d096536d6648d84fb56b1e3fa70427be1c15,492.5221492804471,0.503767,992.521959,1,1,2026-05-04 01:05:40,btc-updown-5m-1777846200,2026-05-03T00:00:00Z
"Bitcoin Up or Down - May 3, 5:50PM-5:55PM ET",Down,0xb575c2028b52a9c89b277f27a7bf23d3ebb351ea9fb6e3484a8eca154f84fabb,-574.999454982717,0.530427,1084.031271,0,1,2026-05-04 00:48:16,btc-updown-5m-1777845000,2026-05-03T00:00:00Z
"Bitcoin Up or Down - May 3, 5:30PM-5:35PM ET",Up,0xbde65e198495a55aae2a483fe0fda916661d6736b5a9e859f1d358e195b97b2d,-399.999659873024,0.537148,744.673088,0,1,2026-05-04 00:29:46,btc-updown-5m-1777843800,2026-05-03T00:00:00Z
"Bitcoin Up or Down - May 3, 4:50PM-4:55PM ET",Up,0x2a7d99450f6152f4d6fb066d4be2e0f4b0e044fed643df1a59316055cef4856b,476.79091833312003,0.51188,976.790376,1,1,2026-05-03 23:48:18,btc-updown-5m-1777841400,2026-05-03T00:00:00Z
"Bitcoin Up or Down - May 3, 4:20PM-4:25PM ET",Up,0xf5d51e6bc5d1fd83b5f48eaa3da83654028e6515bd29eae169bf923d20cad017,269.020155959606,0.509999,549.019606,1,1,2026-05-03 23:19:00,btc-updown-5m-1777839600,2026-05-03T00:00:00Z
"Bitcoin Up or Down - May 3, 4:00PM-4:05PM ET",Down,0x6395ccf00f3ca816fc8487efc7d263c49b89375167a1204f7a5d294d0743aed4,90.96613727716999,0.687365,290.965942,1,1,2026-05-03 23:04:10,btc-updown-5m-1777838400,2026-05-03T00:00:00Z
"Bitcoin Up or Down - May 3, 3:55PM-4:00PM ET",Up,0x46fee91f40b772ece3bbf05cd9c49e4d7191dbc1290d881a44333475fecfb839,-599.9988513024,0.54576,1099.38224,0,2,2026-05-03 22:47:00,btc-updown-5m-1777838100,2026-05-03T00:00:00Z
"Bitcoin Up or Down - May 3, 3:05PM-3:10PM ET",Up,0x06adad326ae2b824b3a1779af4e9657424a078c4de891d16ad32136274819709,-399.99897885000007,0.35765,1118.409,0,2,2026-05-03 22:05:56,btc-updown-5m-1777835100,2026-05-03T00:00:00Z
"Bitcoin Up or Down - May 3, 2:55PM-3:00PM ET",Up,0x4b91d70263f97e462e18c388e9dbc2e1e81fba0e829af694d6584c0b1ee45704,-399.999776508738,0.375426,1065.455713,0,1,2026-05-03 21:54:00,btc-updown-5m-1777834500,2026-05-03T00:00:00Z
"Bitcoin Up or Down - May 3, 2:40PM-2:45PM ET",Up,0xaa369dc69746555deb325a7da763a68e5f4d2762b181daf10a97e4063116b9eb,-279.999929852792,0.515023,543.664904,0,1,2026-05-03 21:38:46,btc-updown-5m-1777833600,2026-05-03T00:00:00Z
"Bitcoin Up or Down - May 3, 1:40PM-1:45PM ET",Up,0x1472857bb795affb1fd9c4de0cd0db7baec35236575af5124071d4202d4badd8,351.62611653,0.491595,691.626,1,1,2026-05-03 20:39:16,btc-updown-5m-1777830000,2026-05-03T00:00:00Z
"Bitcoin Up or Down - May 3, 1:30PM-1:35PM ET",Up,0x0702f87abc413edb00cbb1b0a269766f715daaca958806e5949e1a4dd047f9ec,479.07110333589196,0.500484,959.070587,1,1,2026-05-03 20:27:42,btc-updown-5m-1777829400,2026-05-03T00:00:00Z
"Bitcoin Up or Down - May 3, 1:20PM-1:25PM ET",Down,0x19c2e821d8ce484fa1beef5a0a31b5d2fd652e952f054714acb8e3703ade3178,-349.99996182837594,0.526388,664.908702,0,1,2026-05-03 20:19:10,btc-updown-5m-1777828800,2026-05-03T00:00:00Z
"Bitcoin Up or Down - May 3, 1:10PM-1:15PM ET",Down,0x0d63d0b1c0e71cabb06452b747589cc6032c7fe1a7a2860bd33a62d184eb4bb0,-299.999778,0.5358,559.91,0,1,2026-05-03 20:09:38,btc-updown-5m-1777828200,2026-05-03T00:00:00Z
"Bitcoin Up or Down - May 3, 12:55PM-1:00PM ET",Down,0xc13d8a76d22414c10f4f9debffe89e806b0e263dfd644d486e1ca6c913d93421,251.85595776245998,0.54362,551.855817,1,1,2026-05-03 19:55:52,btc-updown-5m-1777827300,2026-05-03T00:00:00Z
"Bitcoin Up or Down - May 3, 12:45PM-12:50PM ET",Up,0xe02541706d9070e19048e19760a4e96c05716180e3ab15ae9914052fc3292029,-250,0.5,500,0,1,2026-05-03 19:41:54,btc-updown-5m-1777826700,2026-05-03T00:00:00Z
"Bitcoin Up or Down - May 3, 12:05PM-12:10PM ET",Down,0x13a1d1b9d6a0a790d900bc0879b47f67b280d5e683c44225c11ffa4185508f59,303.46764902999996,0.505324,613.4675,1,1,2026-05-03 19:03:24,btc-updown-5m-1777824300,2026-05-03T00:00:00Z
"Bitcoin Up or Down - May 3, 11:45AM-11:50AM ET",Down,0x9c7a0a96b68dde82762333de72c1387e9cb5164e70694506717e12f94f483616,361.9002143,0.525003,761.9,1,1,2026-05-03 18:44:30,btc-updown-5m-1777823100,2026-05-03T00:00:00Z
"Bitcoin Up or Down - May 3, 11:35AM-11:40AM ET",Up,0x9ff910b60f8ab49a9c86b0665f33ea59a84f1fb18509c338cea91079ebe269ff,-299.999851803645,0.531665,564.264813,0,1,2026-05-03 18:34:46,btc-updown-5m-1777822500,2026-05-03T00:00:00Z
"Bitcoin Up or Down - May 3, 11:15AM-11:20AM ET",Up,0xd0efbf8f1192c1c3675b73c60193237a0ce539bc219e156cbf32cd3179011941,248.70779038469703,0.546739,548.707677,1,1,2026-05-03 18:15:04,btc-updown-5m-1777821300,2026-05-03T00:00:00Z
"Bitcoin Up or Down - May 3, 11:05AM-11:10AM ET",Up,0x0bf3cb5c7beef897aba48278aecb74122c59f48ff8b0550ef28abe8c81c112a7,-349.999423339884,0.535204,653.955171,0,1,2026-05-03 18:03:02,btc-updown-5m-1777820700,2026-05-03T00:00:00Z
"Bitcoin Up or Down - May 3, 2:25AM-2:30AM ET",Down,0x130d3973b8ea4efdfc4a909dfc82501a61b9bf457431d9db935e4e1868d6fef5,341.86005704,0.498636,681.86,1,1,2026-05-03 09:23:02,btc-updown-5m-1777789500,2026-05-03T00:00:00Z
"Bitcoin Up or Down - May 3, 1:35AM-1:40AM ET",Down,0x1c384a4b91fa37efc7fa96ae2164c93c53d8ab4e8657b9091b4b618ecb5d24ce,305.300252941398,0.534106,655.299817,1,1,2026-05-03 08:34:32,btc-updown-5m-1777786500,2026-05-03T00:00:00Z
"Bitcoin Up or Down - May 3, 12:55AM-1:00AM ET",Down,0xb253dffe513dbf9f62696fddfafb34a4603b2245cd5f4806df9c2d6f2e512a29,358.49988670079995,0.494001,708.4992,1,1,2026-05-03 07:54:34,btc-updown-5m-1777784100,2026-05-03T00:00:00Z
"Bitcoin Up or Down - May 3, 12:40AM-12:45AM ET",Down,0x700204345688aa65460b7efd5c2e4f27b48ec189421fc1a18853d0fecb1f7adf,371.200263,0.518547,771,1,1,2026-05-03 07:39:24,btc-updown-5m-1777783200,2026-05-03T00:00:00Z
"Bitcoin Up or Down - May 3, 12:30AM-12:35AM ET",Down,0x6657d375a6e39895b25c95e1ee630ba440ec96183966d3309190fa0222dfdb4e,353.966935311312,0.530527,753.966544,1,1,2026-05-03 07:24:48,btc-updown-5m-1777782600,2026-05-03T00:00:00Z
"Bitcoin Up or Down - May 3, 12:10AM-12:15AM ET",Up,0x641c2ae899846707621885d2d2622534975657bc43867041cbc5b96a12faa8fb,593.365402124319,0.541223,1293.363447,1,2,2026-05-03 07:08:12,btc-updown-5m-1777781400,2026-05-03T00:00:00Z
"Bitcoin Up or Down - May 3, 12:00AM-12:05AM ET",Up,0xc7af0459165884ca865dcbcba9781f02e89b0719e83007394c4a6b086c115e09,-399.99942830523304,0.523749,763.723517,0,1,2026-05-03 06:58:26,btc-updown-5m-1777780800,2026-05-03T00:00:00Z
"Bitcoin Up or Down - May 2, 11:50PM-11:55PM ET",Down,0xf5ebd0bea93757d8ad3b7bcd4b179a1382a60b96555118a77e489791a6e44810,-499.999417291712,0.535349,933.969088,0,1,2026-05-03 06:47:42,btc-updown-5m-1777780200,2026-05-03T00:00:00Z
"Bitcoin Up or Down - May 2, 11:35PM-11:40PM ET",Down,0x08017369167fd63021d7445544d374d00bb18907d53d44158778d121243cd588,-232.24021932,0.497164,467.13,0,1,2026-05-03 06:37:08,btc-updown-5m-1777779300,2026-05-03T00:00:00Z
"Bitcoin Up or Down - May 2, 11:30PM-11:35PM ET",Down,0x861fac61ca79024529d5d852085447070d2df65b14bd97bc49a69868905ba4d9,-299.99963326920005,0.497929,602.4948,0,1,2026-05-03 06:29:14,btc-updown-5m-1777779000,2026-05-03T00:00:00Z
"Bitcoin Up or Down - May 2, 11:20PM-11:25PM ET",Down,0x82b2a4625305b5dd78ebe4b592771e5c6e3fe033e45fbbe098d0a4d2a931a73c,325.279931157,0.479785,625.2798,1,1,2026-05-03 06:21:34,btc-updown-5m-1777778400,2026-05-03T00:00:00Z
"Bitcoin Up or Down - May 2, 11:10PM-11:15PM ET",Down,0x5bd0ce99fbe3388ea87334af56e8340da689095f39ae6870943cc8b7e623d0eb,368.39163293421905,0.487199,718.391019,1,1,2026-05-03 06:09:34,btc-updown-5m-1777777800,2026-05-03T00:00:00Z
"Bitcoin Up or Down - May 2, 11:00PM-11:05PM ET",Down,0xa17df294899f1b700d9ff4a606aad273d0d95be94f55799567e09e83c1fcbbdb,258.07385451410005,0.43661,458.07319,1,2,2026-05-03 06:02:22,btc-updown-5m-1777777200,2026-05-03T00:00:00Z
"Bitcoin Up or Down - May 2, 10:50PM-10:55PM ET",Up,0xfc2ff4e56a62be3aea595e377f596196d71b61ea2e6324390dbaf0547629e37d,419.75131242375,0.543625,919.75089,1,2,2026-05-03 05:48:06,btc-updown-5m-1777776600,2026-05-03T00:00:00Z
"Bitcoin Up or Down - May 2, 10:35PM-10:40PM ET",Down,0x488c5518c996faa235d67e819a25fd3f2ec615941d45a0a49dcdd5135c87f676,646.910231788884,0.481189,1246.909244,1,1,2026-05-03 05:35:00,btc-updown-5m-1777775700,2026-05-03T00:00:00Z
"Bitcoin Up or Down - May 2, 10:25PM-10:30PM ET",Up,0xa17b44971ec02e850636d4616726a4941fcd4bc8093e06cbf7bddae6596b1f24,-699.997979903112,0.554532,1262.322066,0,2,2026-05-03 05:21:46,btc-updown-5m-1777775100,2026-05-03T00:00:00Z
"Bitcoin Up or Down - May 2, 10:15PM-10:20PM ET",Up,0x1ad835e6a65f2d205c11735238304202ee16d7eb403e328ffa35a6d47075cda9,-599.998788125,0.536162,1119.0625,0,2,2026-05-03 05:12:54,btc-updown-5m-1777774500,2026-05-03T00:00:00Z
"Bitcoin Up or Down - May 2, 10:05PM-10:10PM ET",Down,0xf1e492632e0394c1efbd0b8d2306307ae4cbf67440240e86b97dde25246d6a25,-299.99993976,0.490212,611.98,0,1,2026-05-03 05:04:40,btc-updown-5m-1777773900,2026-05-03T00:00:00Z
"Bitcoin Up or Down - May 2, 9:55PM-10:00PM ET",Up,0xc6e559b4f60df52d8de784dea534771d8a84ccf8b78a3e899fca2bf400783f0a,-339.999611742525,0.538815,631.013635,0,1,2026-05-03 04:52:36,btc-updown-5m-1777773300,2026-05-03T00:00:00Z
"Bitcoin Up or Down - May 2, 9:40PM-9:45PM ET",Up,0xaa5d094a6fa378744f98795c888e2d61b819610d64482cc2edeb7b1c1a3f4bc2,429.69271719000005,0.537812,929.6925,1,1,2026-05-03 04:35:08,btc-updown-5m-1777772400,2026-05-03T00:00:00Z
"Bitcoin Up or Down - May 2, 9:15PM-9:20PM ET",Down,0x596c3c09e5456dbf724e8f0c9f6ef8425097ecb77cdf44ea8bb5df51fbacc1c9,377.52340689131904,0.388649,617.523169,1,1,2026-05-03 04:16:04,btc-updown-5m-1777770900,2026-05-03T00:00:00Z
"Bitcoin Up or Down - May 2, 9:05PM-9:10PM ET",Down,0xa8a2b8a214ca11ea3802abedae2103710a5a55641a231865bf7937436a0a7a77,242.34651169245,0.452134,442.346325,1,1,2026-05-03 04:09:24,btc-updown-5m-1777770300,2026-05-03T00:00:00Z
"Bitcoin Up or Down - May 2, 9:00PM-9:05PM ET",Down,0xe32edc9e351dced4ed8f21f7b8855a4ecb41123c04324462c365ab88b65b87f2,365.8939348536,0.488899,715.8936,1,1,2026-05-03 03:59:24,btc-updown-5m-1777770000,2026-05-03T00:00:00Z
"Bitcoin Up or Down - May 2, 8:50PM-8:55PM ET",Up,0x7facab79580390ff6d1f24e0ffe5fb89fab45677c1a49093d83985a0c96dfb5d,-399.99991686140396,0.527754,757.928726,0,1,2026-05-03 03:47:38,btc-updown-5m-1777769400,2026-05-03T00:00:00Z
"Bitcoin Up or Down - May 2, 8:20PM-8:25PM ET",Up,0x0c24547a818bd9c791a21d52020761de418135892c0a9b708eebb37a02a3bc25,426.26172220500007,0.539804,926.26125,1,1,2026-05-03 03:13:36,btc-updown-5m-1777767600,2026-05-03T00:00:00Z
"Bitcoin Up or Down - May 2, 8:00PM-8:05PM ET",Up,0x7272e31a360080e1729700e2aae157d8cfa194fe07d7775292c92e273ca42ecd,479.65233375905007,0.547349,1059.65155,1,2,2026-05-03 02:53:52,btc-updown-5m-1777766400,2026-05-03T00:00:00Z
"Bitcoin Up or Down - May 2, 7:40PM-7:45PM ET",Up,0x874ebda8777785b3ab9cf2348d6356e6b4e3c802e621587f491642650927424a,-329.99967507649495,0.528345,624.591271,0,1,2026-05-03 02:38:14,btc-updown-5m-1777765200,2026-05-02T00:00:00Z
"Bitcoin Up or Down - May 2, 7:30PM-7:35PM ET",Up,0xfc3eeacd1a140b8996cdcba5987b55456da48062917c32b68e167dcbb9d8cdf3,-439.99951889836797,0.515918,852.847776,0,1,2026-05-03 02:28:22,btc-updown-5m-1777764600,2026-05-02T00:00:00Z
"Bitcoin Up or Down - May 2, 7:15PM-7:20PM ET",Up,0x9e6e0976be5a7489aff2bc19095f2eef9c42b231236783fd50d0e59829468acf,-559.999584516246,0.538671,1039.594826,0,2,2026-05-03 02:12:06,btc-updown-5m-1777763700,2026-05-02T00:00:00Z
"Bitcoin Up or Down - May 2, 7:00PM-7:05PM ET",Up,0x309015c1120bf3ecb249ef3d9c7e19cfb15986c64bae8d2f98ec3069999bb06d,-299.999755458,0.48789,614.8922,0,1,2026-05-03 01:59:58,btc-updown-5m-1777762800,2026-05-02T00:00:00Z
"Bitcoin Up or Down - May 2, 6:50PM-6:55PM ET",Up,0x11a5e1c11c2c1ff263f1ba4e202ed97bc5130de3ee37ad2c7c4327549c23063a,426.473947346032,0.529524,906.473332,1,1,2026-05-03 01:49:24,btc-updown-5m-1777762200,2026-05-02T00:00:00Z
"Bitcoin Up or Down - May 2, 6:40PM-6:45PM ET",Up,0x5013020ac78355c7b06e9d989f679d2ddbb1b8a6aa8e131490c4549b4867dc30,-369.99928766154,0.519999,711.53846,0,1,2026-05-03 01:38:18,btc-updown-5m-1777761600,2026-05-02T00:00:00Z
"Bitcoin Up or Down - May 2, 6:10PM-6:15PM ET",Down,0xb470bae2438309903a6876d4d7b087dbe7d048cc3c4dd88365f4b1dd4a183840,-299.999566609836,0.486534,616.605554,0,1,2026-05-03 01:06:20,btc-updown-5m-1777759800,2026-05-02T00:00:00Z
"Bitcoin Up or Down - May 2, 3:40PM-3:45PM ET",Up,0x1af6ab4f9f8108105359af4cb238497a760a8fd44477f8788a1f177ed96d24bf,241.1487914284,0.498806,481.1486,1,1,2026-05-02 22:36:38,btc-updown-5m-1777750800,2026-05-02T00:00:00Z
"Bitcoin Up or Down - May 2, 2:10PM-2:15PM ET",Down,0xa6fca86221c263f1466b4a1088629f302c321f164cc14a865c678abd4101180c,284.5817713212,0.495942,564.5814,1,1,2026-05-02 21:07:32,btc-updown-5m-1777745400,2026-05-02T00:00:00Z
"Bitcoin Up or Down - May 2, 2:00PM-2:05PM ET",Up,0x927c702bdf1d99259f4228e6f438e288fc191dcdf4b589daba31964a68dc2681,-239.99965762863,0.52971,453.077453,0,1,2026-05-02 20:54:44,btc-updown-5m-1777744800,2026-05-02T00:00:00Z
"Bitcoin Up or Down - May 2, 1:40PM-1:45PM ET",Down,0x497d7b64d07e774023bfef3859d83590dc314340582ee5e051729babaa183861,254.66786686062,0.50518,514.667691,1,1,2026-05-02 20:37:42,btc-updown-5m-1777743600,2026-05-02T00:00:00Z
"Bitcoin Up or Down - May 2, 1:20PM-1:25PM ET",Up,0xaa8e2b2e59529a49c55298d71042d68a06dae2092f239484de227e43547183d4,-249.999966467116,0.529031,472.562036,0,1,2026-05-02 20:19:34,btc-updown-5m-1777742400,2026-05-02T00:00:00Z
"Bitcoin Up or Down - May 2, 12:50PM-12:55PM ET",Up,0xd0b63dc91bd77191c39d5f56355102d51e051ad4a51292ddc8e8271385f0a68e,306.407186111026,0.502914,616.406791,1,1,2026-05-02 19:49:06,btc-updown-5m-1777740600,2026-05-02T00:00:00Z
"Bitcoin Up or Down - May 2, 12:35PM-12:40PM ET",Down,0xacfc7f9fa913815f04e2de8437de57218918f2da0e718eaf100f3d794c912e20,-249.999673761317,0.523429,477.619073,0,1,2026-05-02 19:34:34,btc-updown-5m-1777739700,2026-05-02T00:00:00Z
"Bitcoin Up or Down - May 2, 12:05PM-12:10PM ET",Up,0xc3783a8cbf2c3b80f1aac48ebb607a21d0db4c5c99dcde97ed65b9eaa55f6045,281.634287334696,0.515788,581.634258,1,1,2026-05-02 19:00:48,btc-updown-5m-1777737900,2026-05-02T00:00:00Z
"Bitcoin Up or Down - May 2, 11:50AM-11:55AM ET",Up,0x7f1b04d5b705a00aac17613b571531b4621b01f44581682a50e27c7ee98d0aba,228.32039999019202,0.522662,478.320184,1,1,2026-05-02 18:46:16,btc-updown-5m-1777737000,2026-05-02T00:00:00Z
"Bitcoin Up or Down - May 2, 11:25AM-11:30AM ET",Up,0x0b0811553089b87a1a48fc6ac6db691db6356da1e4a240b73b063546ea7f7ce5,-239.99979198361504,0.520831,460.801665,0,1,2026-05-02 18:25:50,btc-updown-5m-1777735500,2026-05-02T00:00:00Z
"Bitcoin Up or Down - May 2, 11:00AM-11:05AM ET",Up,0xda04c910c5ace3a7c302959d19d2eef34de1807d9c616c015555d6058a4a81d7,288.92442023635596,0.509403,588.924148,1,1,2026-05-02 17:59:10,btc-updown-5m-1777734000,2026-05-02T00:00:00Z
"Bitcoin Up or Down - May 2, 10:40AM-10:45AM ET",Up,0x4d846a70aff5548c721afec4414f58520169b413c70ea6bdce2853b7e3265934,214.242244504416,0.528352,454.241817,1,1,2026-05-02 17:40:40,btc-updown-5m-1777732800,2026-05-02T00:00:00Z
"Bitcoin Up or Down - May 2, 10:30AM-10:35AM ET",Up,0x4020998999039c22fd0bb026c5c667c8ccf9c70226dbb1b84b1f114702573850,427.51581656922593,0.483374,827.515101,1,1,2026-05-02 17:30:42,btc-updown-5m-1777732200,2026-05-02T00:00:00Z
"Bitcoin Up or Down - May 2, 10:20AM-10:25AM ET",Up,0x948ad0f08a6a387bc9858dc94623ec920089eefb3fdd1b3f514b8b57fdfb3616,-339.999814854454,0.512609,663.273206,0,1,2026-05-02 17:16:12,btc-updown-5m-1777731600,2026-05-02T00:00:00Z
"Bitcoin Up or Down - May 2, 3:15AM-3:20AM ET",Down,0xed676b0d3d56abe67dd17d35c897c38617a0939ebb23e84f98115334a3107ce2,399.25194719764806,0.529878,849.251784,1,1,2026-05-02 10:09:32,btc-updown-5m-1777706100,2026-05-02T00:00:00Z
"Bitcoin Up or Down - May 2, 3:00AM-3:05AM ET",Down,0xe98a1b47a8bbdb2e8b7c0181f53a2a694a4de30c6ed90221accf3869811486dc,455.73222491348304,0.537671,985.731427,1,2,2026-05-02 09:58:20,btc-updown-5m-1777705200,2026-05-02T00:00:00Z
"Bitcoin Up or Down - May 2, 2:50AM-2:55AM ET",Down,0x92a62f230fae0d6f6a64818128b4cab07ef00819e7ff44412962d7511da3b267,-299.9997957055,0.394427,760.5965,0,1,2026-05-02 09:48:50,btc-updown-5m-1777704600,2026-05-02T00:00:00Z
"Bitcoin Up or Down - May 2, 2:40AM-2:45AM ET",Up,0x974da977ba171cb1ea6b1298d40c6f0d0b0cb28beba91af3b658e6bda2bbebdc,379.427194458312,0.542543,829.427016,1,1,2026-05-02 09:40:54,btc-updown-5m-1777704000,2026-05-02T00:00:00Z
"Bitcoin Up or Down - May 2, 2:30AM-2:35AM ET",Down,0x3f3361fc8340c5bab1bf5a9eee90f4438dad169f5fe2cdc2deaed3c1d3d58c03,-350,0.5,700,0,1,2026-05-02 09:28:26,btc-updown-5m-1777703400,2026-05-02T00:00:00Z
"Bitcoin Up or Down - May 2, 2:15AM-2:20AM ET",Up,0xacfda23132bef7f4267edf687cddeef7a24ce92427fc77952594a7b250b770d1,400.87183277750097,0.528869,850.871271,1,1,2026-05-02 09:13:10,btc-updown-5m-1777702500,2026-05-02T00:00:00Z
"Bitcoin Up or Down - May 2, 2:05AM-2:10AM ET",Up,0x7fa802d151c67fcf4e8dac39e5e8e4034ce9a5f4ba1de3e9c08f6ec86f20378c,-399.99992275958,0.472615,846.354692,0,1,2026-05-02 09:05:28,btc-updown-5m-1777701900,2026-05-02T00:00:00Z
"Bitcoin Up or Down - May 2, 1:55AM-2:00AM ET",Up,0x9e24f94dcbe125c9469ad452f859ad98f70b46869a5f57dae035ed3a7563bbc7,-339.999969797205,0.522365,650.885817,0,1,2026-05-02 08:52:14,btc-updown-5m-1777701300,2026-05-02T00:00:00Z
"Bitcoin Up or Down - May 2, 1:40AM-1:45AM ET",Down,0xb4669f6d1880e8b0f3361f51af6b4ec106b925f546e8bf9d6dfd324c0a42abfd,507.1022038368999,0.58742,1229.100305,1,2,2026-05-02 08:43:30,btc-updown-5m-1777700400,2026-05-02T00:00:00Z
"Bitcoin Up or Down - May 2, 1:35AM-1:40AM ET",Down,0xbbf48544d880b2cbf5981b3a6829f5d362fc4a1493f54897f017814b308179c1,-349.99951778369,0.499802,700.276345,0,1,2026-05-02 08:33:58,btc-updown-5m-1777700100,2026-05-02T00:00:00Z
"Bitcoin Up or Down - May 2, 1:25AM-1:30AM ET",Down,0x64aaffefcc3a1c9504258fd7ba6b930a913a4c9cb34a6620ff2831700f10abe4,-99.21486738,0.488094,203.27,0,1,2026-05-02 08:26:32,btc-updown-5m-1777699500,2026-05-02T00:00:00Z
"Bitcoin Up or Down - May 2, 1:15AM-1:20AM ET",Down,0x60057fa4514fce61900afead18700b4bfa7a823924586e5e683b1c96c2022c9b,418.00413402,0.488995,818.004,1,1,2026-05-02 08:13:42,btc-updown-5m-1777698900,2026-05-02T00:00:00Z
"Bitcoin Up or Down - May 2, 12:55AM-1:00AM ET",Up,0xe4c2f275b79cf88e214bd00cd8a29134a1d75a84b231b566ed5001eda90d761a,-599.9991275812499,0.59625,1006.287845,0,1,2026-05-02 07:56:16,btc-updown-5m-1777697700,2026-05-02T00:00:00Z
"Bitcoin Up or Down - May 2, 12:45AM-12:50AM ET",Up,0x6d9b613468d40b9b00595a078d29d180b8b2ae55a62a09247960bb9ec211f6c7,-199.999712115996,0.463619,431.388084,0,1,2026-05-02 07:45:52,btc-updown-5m-1777697100,2026-05-02T00:00:00Z
"Bitcoin Up or Down - May 2, 12:35AM-12:40AM ET",Up,0x6c2348f2620d58f8963acda278580fc9e3f30399194c63a77f4963b8a6f7151b,-299.99988634,0.490693,611.38,0,1,2026-05-02 07:35:10,btc-updown-5m-1777696500,2026-05-02T00:00:00Z
"Bitcoin Up or Down - May 2, 12:10AM-12:15AM ET",Up,0x12645e5a4fa1af5fe3636bf90482b0b76bbe8fd48f3be8205fb765f339f9278e,240.949490825978,0.519014,500.949073,1,1,2026-05-02 07:07:28,btc-updown-5m-1777695000,2026-05-02T00:00:00Z
"Bitcoin Up or Down - May 1, 11:55PM-12:00AM ET",Up,0x49184e58eba9f90a27187b1297b35c22fdac08572970547248cc20ba64153889,339.09749299913,0.52179,709.097453,1,1,2026-05-02 06:54:22,btc-updown-5m-1777694100,2026-05-02T00:00:00Z
"Bitcoin Up or Down - May 1, 11:45PM-11:50PM ET",Up,0xa3437bc739a3be433e7e153c49ea134afcf06b62012c45a0668e1c57f730daea,-299.99940279540004,0.417032,719.367825,0,1,2026-05-02 06:45:32,btc-updown-5m-1777693500,2026-05-02T00:00:00Z
"Bitcoin Up or Down - May 1, 11:25PM-11:30PM ET",Up,0x7c00c98f6dc6eb658f45c7a487555edd2546bdfe59845651a3771f8b3f26e4f2,240.19656792607702,0.509999,490.196077,1,1,2026-05-02 06:24:12,btc-updown-5m-1777692300,2026-05-02T00:00:00Z
"Bitcoin Up or Down - May 1, 11:05PM-11:10PM ET",Down,0x47e3c2c21c1c40a337ce6a207ccd3320143cf245c83fd91a3246b68983d84e51,254.03051141999998,0.541486,554.03,1,1,2026-05-02 06:04:44,btc-updown-5m-1777691100,2026-05-02T00:00:00Z
"Bitcoin Up or Down - May 1, 10:50PM-10:55PM ET",Up,0xbadb67b425285fad9c6899afb85edbd472513c5145fc2cde5a92f9d1b7ca3043,553.565719324524,0.520126,1153.564726,1,1,2026-05-02 05:48:24,btc-updown-5m-1777690200,2026-05-02T00:00:00Z
"Bitcoin Up or Down - May 1, 10:35PM-10:40PM ET",Up,0x94c9dfc23b6052313e140dbea8744145bdcb8a69df6dc8a3332a9c3c2aa1ca42,308.342357943631,0.545447,678.341927,1,1,2026-05-02 05:36:14,btc-updown-5m-1777689300,2026-05-02T00:00:00Z
"Bitcoin Up or Down - May 1, 10:25PM-10:30PM ET",Up,0xe4c46260187d550fa0e6c13ecd1788341ca17efa694c60c69c5645a0d8b19d17,-339.999358062987,0.510657,665.807691,0,1,2026-05-02 05:22:32,btc-updown-5m-1777688700,2026-05-02T00:00:00Z
"Bitcoin Up or Down - May 1, 10:05PM-10:10PM ET",Up,0x95061fe961c07a275f57318fa74df270da48e47667d50d85f8ad10e4c5254829,-399.99923449398,0.375612,1064.926665,0,1,2026-05-02 05:03:46,btc-updown-5m-1777687500,2026-05-02T00:00:00Z
"Bitcoin Up or Down - May 1, 7:10PM-7:15PM ET",Down,0x3da368b822019b302feb590f53a234633a1d658dd809774dc90148cf52c565fc,213.728259003444,0.583966,513.727866,1,1,2026-05-02 02:13:06,btc-updown-5m-1777677000,2026-05-01T00:00:00Z
"Bitcoin Up or Down - May 1, 7:00PM-7:05PM ET",Up,0x12b10da91fe65a4d0f12a38fc7e352cdd94544ea3086f936bb456ef69c902010,-299.99984846337,0.542385,553.112362,0,1,2026-05-02 01:58:58,btc-updown-5m-1777676400,2026-05-01T00:00:00Z
"Bitcoin Up or Down - May 1, 5:55PM-6:00PM ET",Up,0xaa24fb88f9d1d46eff64f4b9a8e76add021878bfe8bf91ea850a4e91bde98ab2,303.09191295852,0.521251,633.09148,1,1,2026-05-02 00:51:42,btc-updown-5m-1777672500,2026-05-01T00:00:00Z
"Bitcoin Up or Down - May 1, 5:40PM-5:45PM ET",Up,0x6bbc8cf3cdda3afeb6996f4b768d67df88d3976e0905d229526b790c0ccced94,-199.999523309525,0.419999,476.190475,0,1,2026-05-02 00:41:08,btc-updown-5m-1777671600,2026-05-01T00:00:00Z
"Bitcoin Up or Down - May 1, 8:45AM-8:50AM ET",Up,0xe49df9ce7c8d44ea4a96a29eea658b73fe42aaf194be69e553c296872e4f6e58,327.00393613749895,0.412923,557.003487,1,1,2026-05-01 15:45:44,btc-updown-5m-1777639500,2026-05-01T00:00:00Z
"Bitcoin Up or Down - May 1, 1:40AM-1:45AM ET",Up,0x2c6b0a1130a40b7989458f28e1f7340990ab58835a16a6595498763b21fd17a7,343.630957811625,0.518475,713.630565,1,1,2026-05-01 08:38:18,btc-updown-5m-1777614000,2026-05-01T00:00:00Z
"Bitcoin Up or Down - May 1, 1:30AM-1:35AM ET",Down,0x8c4c739b235bc1f9af80b4837d8b706b735ebd6deac77397f091555c59796051,-229.99981068000002,0.507457,453.24,0,1,2026-05-01 08:28:48,btc-updown-5m-1777613400,2026-05-01T00:00:00Z
"Bitcoin Up or Down - May 1, 1:10AM-1:15AM ET",Down,0xdd19205ab2c171f28022d666a2118dd2c60b9c54c0a8725b5b40553fa338ea7f,170.055608351596,0.540459,370.055356,1,1,2026-05-01 08:11:22,btc-updown-5m-1777612200,2026-05-01T00:00:00Z
"Bitcoin Up or Down - May 1, 1:00AM-1:05AM ET",Up,0xb33dfafd200d80ccfab7631617368fbc2ee6ea78606ec48e84835daf068f484c,484.75382343008005,0.531527,1034.75296,1,1,2026-05-01 07:59:08,btc-updown-5m-1777611600,2026-05-01T00:00:00Z
"Bitcoin Up or Down - May 1, 12:50AM-12:55AM ET",Up,0x552dec2e3b69e948bbb2a8749a0bb4e4445f2c5d2fc21b70f50d2f9f2cc69c14,-329.99997977577993,0.514396,641.529055,0,1,2026-05-01 07:45:58,btc-updown-5m-1777611000,2026-05-01T00:00:00Z
"Bitcoin Up or Down - May 1, 12:35AM-12:40AM ET",Down,0xb41717ca8638665a7d431c5208a19f476d8833c3f2266e5d8eda96f0cfe32862,-249.999400809501,0.465843,536.660207,0,2,2026-05-01 07:35:28,btc-updown-5m-1777610100,2026-05-01T00:00:00Z
"Bitcoin Up or Down - April 30, 10:25PM-10:30PM ET",Up,0xa6c8da4799a397999f16d4fcb4ae0b172768a17607ac013ccc68dfcebdc3f55d,240.19656792607702,0.509999,490.196077,1,1,2026-05-01 05:23:38,btc-updown-5m-1777602300,2026-05-01T00:00:00Z
"Bitcoin Up or Down - April 30, 9:00PM-9:05PM ET",Up,0xfbcc6adb5ec5148b6309ca8090719ea8c42ae3f54579d57ba9a532bd63dfa050,236.29381138109403,0.523883,496.293582,1,1,2026-05-01 03:58:22,btc-updown-5m-1777597200,2026-05-01T00:00:00Z
"Bitcoin Up or Down - April 30, 8:25PM-8:30PM ET",Up,0x8d884c5b5f78dbdb83df9cbbec2c1ef2304dba7cd69ef7f3a93e6323d9a5c41d,338.41077693213896,0.501171,678.410391,1,1,2026-05-01 03:21:36,btc-updown-5m-1777595100,2026-05-01T00:00:00Z
"Bitcoin Up or Down - April 30, 8:10PM-8:15PM ET",Up,0x72e493ca1f32d196d84155a1bfc1f3902faf286e455b9b219ce5b72d309c01a8,-239.9997144252,0.485781,494.0492,0,1,2026-05-01 03:07:46,btc-updown-5m-1777594200,2026-05-01T00:00:00Z
"Bitcoin Up or Down - April 30, 6:15PM-6:20PM ET",Up,0x6bd136a448af1d9de73769ca82fe2cf591c68479c831c8c5a206169722b343ce,238.85466514362898,0.511399,488.854229,1,1,2026-05-01 01:14:32,btc-updown-5m-1777587300,2026-04-30T00:00:00Z
"Bitcoin Up or Down - April 30, 10:40AM-10:45AM ET",Up,0x6edc32e3dcb391748fd4ce33f91f885e6d6310e076d9f332e64916c515698752,231.30523207418398,0.514376,476.305191,1,1,2026-04-30 17:38:08,btc-updown-5m-1777560000,2026-04-30T00:00:00Z
"Bitcoin Up or Down - April 30, 9:15AM-9:20AM ET",Up,0x3113cfd8982adde7c8c36fb45c24eaa05f4dae684ca542d9196a8404457322af,581.850940813072,0.507678,1181.850376,1,1,2026-04-30 16:14:38,btc-updown-5m-1777554900,2026-04-30T00:00:00Z
"Bitcoin Up or Down - April 30, 9:05AM-9:10AM ET",Up,0xc29a8e714d4b7f430cd003ddc961815244b6fd5c05008f2d4eac8258006f95fa,-399.99933045284394,0.535554,746.888886,0,1,2026-04-30 16:04:40,btc-updown-5m-1777554300,2026-04-30T00:00:00Z
"Bitcoin Up or Down - April 30, 8:55AM-9:00AM ET",Up,0x928104d7deab5ed311045c4484850ebe1e4b009650ad3a7a5034dd4f3ad1d583,-319.99994363116696,0.504373,634.450979,0,1,2026-04-30 15:53:36,btc-updown-5m-1777553700,2026-04-30T00:00:00Z
"Bitcoin Up or Down - April 30, 5:25AM-5:30AM ET",Up,0x4f209a0767db54558c93830e680a3e91e209149939f2ef45dca31d2fadef4efa,390.505198527168,0.529798,830.505184,1,1,2026-04-30 12:20:38,btc-updown-5m-1777541100,2026-04-30T00:00:00Z
"Bitcoin Up or Down - April 30, 1:45AM-1:50AM ET",Down,0x32950ab05db03826bfae263c2d580497e02fe20ccd15572f2fb14434bab6506e,637.7012102505939,0.540462,1387.700713,1,2,2026-04-30 08:42:12,btc-updown-5m-1777527900,2026-04-30T00:00:00Z
"Bitcoin Up or Down - April 30, 1:30AM-1:35AM ET",Down,0xef3b1d3a60350f21e88ab88a6ba5cb8e24830963bf504be1962950d31e578e6d,-569.999712404,0.484084,1177.481,0,1,2026-04-30 08:29:28,btc-updown-5m-1777527000,2026-04-30T00:00:00Z
"Bitcoin Up or Down - April 30, 1:20AM-1:25AM ET",Up,0x571813628c0a6315d5fd784e760eae2dff801906fc857abe5a059694871c6049,-329.999375731276,0.515978,639.560942,0,1,2026-04-30 08:18:26,btc-updown-5m-1777526400,2026-04-30T00:00:00Z
"Bitcoin Up or Down - April 30, 1:10AM-1:15AM ET",Down,0xb31ee5e07b03da1f65db6aaf382f3d809280730eb3dcfd795342b3192ff7c102,-249.99962944452,0.506015,494.055768,0,1,2026-04-30 08:05:48,btc-updown-5m-1777525800,2026-04-30T00:00:00Z
"Bitcoin Up or Down - April 30, 12:25AM-12:30AM ET",Down,0x531bf286f33e9a846bbc12a740afca59cf5dab718ae90b08d7181933491c025a,281.69786424689994,0.465162,526.69755,1,1,2026-04-30 07:23:50,btc-updown-5m-1777523100,2026-04-30T00:00:00Z
"Bitcoin Up or Down - April 29, 11:50PM-11:55PM ET",Up,0x6901c9c590b3f159e6b047c513f3b3f50e69f1b0a5dd242c57609841b60e5158,475.864202352751,0.536133,1025.863453,1,1,2026-04-30 06:47:58,btc-updown-5m-1777521000,2026-04-30T00:00:00Z
"Bitcoin Up or Down - April 29, 11:40PM-11:45PM ET",Up,0x80309d50791bd346c8e731d93b534e4a1b0f883e36009527f5e3d7b425adf1ad,-341.99932875176603,0.509999,670.588234,0,1,2026-04-30 06:39:22,btc-updown-5m-1777520400,2026-04-30T00:00:00Z
"Bitcoin Up or Down - April 29, 11:30PM-11:35PM ET",Up,0x398908e79c2fa9f25f8cc9c8883f89ca34160b1e5f549c5c31d99bbdaa071954,-250.999913084788,0.514633,487.726036,0,1,2026-04-30 06:27:22,btc-updown-5m-1777519800,2026-04-30T00:00:00Z
"Bitcoin Up or Down - April 29, 9:30PM-9:35PM ET",Up,0xa6aa2716b3be88f033bff7d73be928f2a1d1206a9cbadb05c49e375466696c84,270.75321841184,0.525621,570.75296,1,1,2026-04-30 04:29:54,btc-updown-5m-1777512600,2026-04-30T00:00:00Z
"Bitcoin Up or Down - April 29, 9:10PM-9:15PM ET",Up,0x61da97c6fd724a27f9fada2c28ce422001265648bf1e6b157135fad4f8ef2661,-249.99976182799497,0.521481,479.403395,0,1,2026-04-30 04:08:50,btc-updown-5m-1777511400,2026-04-30T00:00:00Z
"Bitcoin Up or Down - April 29, 2:00PM-2:05PM ET",Down,0x56194c4a2f748f8fcec23150ce02f25a4bd6d87b0c2bf6d84a59b0c48b44ecee,235.49032293,0.514943,485.49,1,1,2026-04-29 20:59:12,btc-updown-5m-1777485600,2026-04-29T00:00:00Z
"Bitcoin Up or Down - April 29, 8:40AM-8:45AM ET",Up,0x06bed156aa0a9a8205338f93049bbba7a806bbcceb16fc2ff7e5f7bf2a778ce5,219.48147996277999,0.532502,469.48111,1,1,2026-04-29 15:39:08,btc-updown-5m-1777466400,2026-04-29T00:00:00Z
"Bitcoin Up or Down - April 29, 12:20AM-12:25AM ET",Up,0x211fd2610fe933cc763f566328e31e9bc81cef57d9a51013d6029b7114c2a0a2,308.18635053624996,0.447879,558.18625,1,2,2026-04-29 07:20:30,btc-updown-5m-1777436400,2026-04-29T00:00:00Z
"Bitcoin Up or Down - April 29, 12:10AM-12:15AM ET",Up,0xf6fa454775e13e656ad0c5189290eb9bab69e84ef64672ada36232860301110f,-249.99977541022002,0.516262,484.24981,0,1,2026-04-29 07:08:50,btc-updown-5m-1777435800,2026-04-29T00:00:00Z
"Bitcoin Up or Down - April 28, 11:15PM-11:20PM ET",Up,0x71fba4fbf76c39fb0ee1ba6e2c5666f15ea5dec79b8b111649b4064ba4178b8e,250.127888405514,0.507746,508.127691,1,1,2026-04-29 06:14:50,btc-updown-5m-1777432500,2026-04-29T00:00:00Z
"Bitcoin Up or Down - April 28, 10:55PM-11:00PM ET",Up,0xe96e0f5653cae503c71c246b054fe7ebee19fc671b2395605b9f27d13d3a4ccd,333.391662320639,0.502691,670.391371,1,1,2026-04-29 05:52:08,btc-updown-5m-1777431300,2026-04-29T00:00:00Z
"Bitcoin Up or Down - April 28, 10:40PM-10:45PM ET",Up,0xf0aadf74854f3584a616495cd237ec7da585265c7bb92976e06cbccb321826bd,-349.99997055453304,0.509997,686.278489,0,1,2026-04-29 05:39:40,btc-updown-5m-1777430400,2026-04-29T00:00:00Z
"Bitcoin Up or Down - April 28, 9:45PM-9:50PM ET",Up,0xb30657d366e775fa4bcd39a2819f3bd337a58054295c30fc768855be875fa411,244.40990945205797,0.505653,494.409614,1,1,2026-04-29 04:44:52,btc-updown-5m-1777427100,2026-04-29T00:00:00Z
"Bitcoin Up or Down - April 28, 8:25PM-8:30PM ET",Down,0x87b0628784a2aeb5be24715095e2fb0e7c7c45329fdd2d8f01ca2b0d507ca307,260.20459100408,0.489999,510.20408,1,1,2026-04-29 03:24:24,btc-updown-5m-1777422300,2026-04-29T00:00:00Z
"Bitcoin Up or Down - April 28, 3:55PM-4:00PM ET",Up,0x9359cb404b553685fb771bd4e6ef17b56aebeac18246ef37a9299558436f19d8,317.95989114612,0.485468,617.95941,1,1,2026-04-28 22:54:56,btc-updown-5m-1777406100,2026-04-28T00:00:00Z
"Bitcoin Up or Down - April 28, 9:45AM-9:50AM ET",Up,0xaa0feddc4bfc1f9e38d006694a23a0b6fc5a7c67c89885bd189391f8849af3fd,320.29514419967404,0.514921,660.294806,1,1,2026-04-28 16:42:14,btc-updown-5m-1777383900,2026-04-28T00:00:00Z
"Bitcoin Up or Down - April 28, 9:30AM-9:35AM ET",Down,0x7696a6a1565aa6813f3b1339a06462be83a4a376787049b603ae39058058284f,321.32851912601996,0.507413,652.32846,1,1,2026-04-28 16:29:32,btc-updown-5m-1777383000,2026-04-28T00:00:00Z
"Bitcoin Up or Down - April 28, 9:20AM-9:25AM ET",Down,0x5c12e6998cacb7ea3592b1382a9540484e883cff735d6a84d5d31d0c9b4a0bc3,-249.99983149620002,0.498749,501.2538,0,1,2026-04-28 16:18:52,btc-updown-5m-1777382400,2026-04-28T00:00:00Z
"Bitcoin Up or Down - April 28, 9:05AM-9:10AM ET",Up,0x63eeea491e4bed5edd681e5f0537b32efc27d82f8a0587e8e9d647df2f4db876,-290.99943954461696,0.519999,559.615383,0,1,2026-04-28 16:04:22,btc-updown-5m-1777381500,2026-04-28T00:00:00Z
"Bitcoin Up or Down - April 28, 8:45AM-8:50AM ET",Up,0x7825301723b17222927a479053d47d53856bc9f2d7cda215a575b561f2908ca7,240.851358654874,0.518154,499.851319,1,1,2026-04-28 15:42:26,btc-updown-5m-1777380300,2026-04-28T00:00:00Z
"Bitcoin Up or Down - April 28, 1:50AM-1:55AM ET",Up,0x600d1a5b0e17d59c0c921c039ed6fbf00087f6640e4cb50387611c0f14862e87,225.358532,0.526914,476.358489,1,1,2026-04-28 08:58:12,btc-updown-5m-1777355400,2026-04-28T00:00:00Z
"Bitcoin Up or Down - April 28, 1:40AM-1:45AM ET",Up,0x1b06123bdf7459d0410432c770f23bf53417dde112e2df1cdd35bb3460f7f504,-242.999754285674,0.530053,458.444258,0,1,2026-04-28 08:39:24,btc-updown-5m-1777354800,2026-04-28T00:00:00Z
"Bitcoin Up or Down - April 28, 1:30AM-1:35AM ET",Down,0xfbf0af69aa98b4662b95ff5ffb6dde560ec2e3da723a1980a6ef3f919cbeddea,216.159993,0.526131,456.15981,1,1,2026-04-28 08:38:40,btc-updown-5m-1777354200,2026-04-28T00:00:00Z
"Bitcoin Up or Down - April 28, 1:15AM-1:20AM ET",Up,0xe2db3d70322dd5d67e52eeba5cf45acb719107497f59855690c29a05d8c3c0b4,585.708568,0.484279,1135.7082,1,1,2026-04-28 08:23:20,btc-updown-5m-1777353300,2026-04-28T00:00:00Z
"Bitcoin Up or Down - April 28, 1:05AM-1:10AM ET",Down,0x58660cc17742036d1991614765569ead5aaa4fb6ea96bdeb338f7253d04507f8,-300.99997804588804,0.520124,578.708112,0,1,2026-04-28 08:03:40,btc-updown-5m-1777352700,2026-04-28T00:00:00Z
"Bitcoin Up or Down - April 28, 12:55AM-1:00AM ET",Up,0xf0bba7433a6bcdbb17807ea2ab9b0aa98e278d1992827722706a22c96c0b2d8d,-240.999875,0.492218,489.6202,0,1,2026-04-28 08:02:48,btc-updown-5m-1777352100,2026-04-28T00:00:00Z
"Bitcoin Up or Down - April 28, 12:30AM-12:35AM ET",Up,0xa304cfb7e22e3c8cffccf84d1fbd793a3e697591b76b304832d627a45ecbd539,254.572644,0.540957,554.572544,1,1,2026-04-28 07:40:32,btc-updown-5m-1777350600,2026-04-28T00:00:00Z
"Bitcoin Up or Down - April 28, 12:15AM-12:20AM ET",Down,0xd8acb708f9ecf19a3cb1f6b09c05fac444e6dcd00042099f5d944240618269a1,677.127114,0.517769,1404.155093,1,2,2026-04-28 07:24:18,btc-updown-5m-1777349700,2026-04-28T00:00:00Z
"Bitcoin Up or Down - April 28, 12:00AM-12:05AM ET",Up,0x6dbb2521adf3395c3718577bc24571903b53b672cc99c537e9364016cf2f46c4,-500.36973690072307,0.513287,974.834229,0,1,2026-04-28 06:59:26,btc-updown-5m-1777348800,2026-04-28T00:00:00Z
"Bitcoin Up or Down - April 27, 11:50PM-11:55PM ET",Up,0xc5e0136763f13b8a73fefe2c308acba75d26969dc05569264068b7a210c88bc2,-299.999432982266,0.529999,566.037734,0,1,2026-04-28 06:49:48,btc-updown-5m-1777348200,2026-04-28T00:00:00Z
"Bitcoin Up or Down - April 27, 11:40PM-11:45PM ET",Up,0xb8746a4b5b12b9d065c6d104de5d05a32cc0fb933451c7f7db3545110620f796,-342.9994452586,0.495863,691.7222,0,1,2026-04-28 06:39:50,btc-updown-5m-1777347600,2026-04-28T00:00:00Z
"Bitcoin Up or Down - April 27, 11:30PM-11:35PM ET",Up,0x0d55efe4c84d54af56cfcb0c890e122931f1745f6f455227fae3bca1e080186d,154.496636,0.392932,254.496427,1,1,2026-04-28 06:39:06,btc-updown-5m-1777347000,2026-04-28T00:00:00Z
"Bitcoin Up or Down - April 27, 11:25PM-11:30PM ET",Down,0x5df15cbe620bf57c6ef6de49559de789754addb01152b9d12763de9db27d6bdd,-199.99955490555698,0.449999,444.444443,0,1,2026-04-28 06:24:02,btc-updown-5m-1777346700,2026-04-28T00:00:00Z
"Bitcoin Up or Down - April 27, 10:55PM-11:00PM ET",Up,0x749a2f654ed6940508180c7a2495ae0a8a524583707e7c21df548b7c4b457e38,326.316314,0.379999,526.315788,1,1,2026-04-28 06:05:12,btc-updown-5m-1777344900,2026-04-28T00:00:00Z
"Bitcoin Up or Down - April 27, 10:45PM-10:50PM ET",Up,0x4c49b5a7cc99e7d0844b5e688db2dc3ab0dab6f5c36b785f3f722ab2f1d6ec13,-199.999984475328,0.545106,366.901088,0,1,2026-04-28 05:43:04,btc-updown-5m-1777344300,2026-04-28T00:00:00Z
"Bitcoin Up or Down - April 27, 3:15PM-3:20PM ET",Down,0xe9a76d61256b0c550a03229f89150a0f4c65849783fc4d22a0f5a42b62ed69f9,208.163672,0.489999,408.163264,1,1,2026-04-27 22:32:18,btc-updown-5m-1777317300,2026-04-27T00:00:00Z
"Bitcoin Up or Down - April 27, 8:40AM-8:45AM ET",Up,0x51b384f88baf5133d26b818e5c5b24332656c9a683570c6ec9ab2127d0d929f9,220.651124,0.531179,470.65111,1,1,2026-04-27 15:49:10,btc-updown-5m-1777293600,2026-04-27T00:00:00Z
"Bitcoin Up or Down - April 27, 12:35AM-12:40AM ET",Up,0x183e0509959b95d61af9f0f5a16e672e71a617156d0d6ffc84b63f301070df90,235.735658,0.50028,471.735489,1,1,2026-04-27 07:45:56,btc-updown-5m-1777264500,2026-04-27T00:00:00Z
"Bitcoin Up or Down - April 27, 12:00AM-12:05AM ET",Up,0x2ae70a3335b52572188af1e32404dfc4e60dd5ee6cbc7181ea2cc7fec16e5299,309.486105,0.530716,659.485739,1,1,2026-04-27 07:12:10,btc-updown-5m-1777262400,2026-04-27T00:00:00Z
"Bitcoin Up or Down - April 26, 11:30PM-11:35PM ET",Down,0x68ade0655648ebaf52456c0671a5469fede0a42a3d174d9bf102d92fc64acb26,-249.999625558835,0.510605,489.614527,0,1,2026-04-27 06:27:22,btc-updown-5m-1777260600,2026-04-27T00:00:00Z
"Bitcoin Up or Down - April 26, 9:50PM-9:55PM ET",Down,0xbd91c81a433e989858bf72e85e186ccd040108b8f6f23ef1e626942ed5881853,262.654987,0.526453,554.654527,1,1,2026-04-27 04:59:44,btc-updown-5m-1777254600,2026-04-27T00:00:00Z
"Bitcoin Up or Down - April 26, 9:35PM-9:40PM ET",Up,0x561e18b16c0aeb64225e03ce90394d07bc57f8693aaea9cc4061531b25ed25b4,195.449966,0.516751,404.44981,1,1,2026-04-27 04:44:06,btc-updown-5m-1777253700,2026-04-27T00:00:00Z
"Bitcoin Up or Down - April 26, 9:20PM-9:25PM ET",Up,0x61cd3b1ecc30dc653de54ff86da9d9a4d6b4eda4aee36d909144606919777062,225.736184,0.525501,475.735848,1,1,2026-04-27 04:31:50,btc-updown-5m-1777252800,2026-04-27T00:00:00Z
"Bitcoin Up or Down - April 26, 9:10PM-9:15PM ET",Up,0x899e23dbea47db8fd6613d3b0b05a9202f7a4671cfa8dbd26f9485647767ee9f,-284.999658093,0.489143,582.651,0,2,2026-04-27 04:08:26,btc-updown-5m-1777252200,2026-04-27T00:00:00Z
"Bitcoin Up or Down - April 26, 8:30PM-8:35PM ET",Up,0x6d7dcb85e99a0a8870315cf7950ebfc8d72614954169b55c0a28beb61d872c3d,238.715398,0.525148,502.715369,1,1,2026-04-27 03:38:34,btc-updown-5m-1777249800,2026-04-27T00:00:00Z
"Bitcoin Up or Down - April 26, 7:50PM-7:55PM ET",Down,0xe1e2855631614a54905285c25e51d6066ae46100dbddbfd6091e10266cd90130,225.630997,0.531527,481.630739,1,1,2026-04-27 02:59:04,btc-updown-5m-1777247400,2026-04-26T00:00:00Z
"Bitcoin Up or Down - April 26, 7:20PM-7:25PM ET",Up,0xd9645066177a3eecf8c324adab40df942be2d4daf7f68de9ba209a897a512eee,275.737226,0.521071,575.737168,1,1,2026-04-27 02:32:56,btc-updown-5m-1777245600,2026-04-26T00:00:00Z
"Bitcoin Up or Down - April 26, 7:10PM-7:15PM ET",Down,0x1c2e1eef0898a589a1f4098fee566630876a23544a68b2e9bc95c866513399b7,-125.99983626220902,0.431977,291.681817,0,1,2026-04-27 02:10:28,btc-updown-5m-1777245000,2026-04-26T00:00:00Z
"Bitcoin Up or Down - April 26, 6:05PM-6:10PM ET",Up,0x26dd6672071604a66989f48c2e2f81a7e1658cdbd64e602e4cc2998ad1a4c1c0,397.462607,0.473029,754.24,1,1,2026-04-27 01:46:06,btc-updown-5m-1777241100,2026-04-26T00:00:00Z
"Bitcoin Up or Down - April 25, 11:55PM-12:00AM ET",Down,0xbaddf48cc1ce84215481d784784c52df7540e1396b24aff6a6e3718eeea06ef4,-200.568155979814,0.479627,418.175282,0,3,2026-04-26 06:57:24,btc-updown-5m-1777175700,2026-04-26T00:00:00Z
"Bitcoin Up or Down - April 25, 11:50PM-11:55PM ET",Up,0xdc099fb8272d20fb87ac0962489d1ba114262ce4ede44b105fe5b517fd01ffd0,-299.99974731025503,0.565647,530.365665,0,1,2026-04-26 06:49:36,btc-updown-5m-1777175400,2026-04-26T00:00:00Z
"Bitcoin Up or Down - April 25, 11:40PM-11:45PM ET",Down,0x43840a0f6839cd54b15878fcb41df4fa9eb9f6ca0726f5418537e043d8759c98,-199.99973223499998,0.448472,445.958125,0,1,2026-04-26 06:38:56,btc-updown-5m-1777174800,2026-04-26T00:00:00Z
"Bitcoin Up or Down - April 25, 11:30PM-11:35PM ET",Up,0x99ba47da8dc0f9e9e01979d18427607ffd03eafd803f06f0df33c414322a59fb,-216.999652,0.5230309999999999,414.888702,0,1,2026-04-26 06:38:12,btc-updown-5m-1777174200,2026-04-26T00:00:00Z
"Bitcoin Up or Down - April 25, 11:10PM-11:15PM ET",Up,0x7fafcfc5f411334616ea78d91c388e0ca3167e46b98460eb776dd5d096c9c5b5,184.809626,0.44134099999999993,330.80936,1,1,2026-04-26 06:17:40,btc-updown-5m-1777173000,2026-04-26T00:00:00Z
"Bitcoin Up or Down - April 25, 10:55PM-11:00PM ET",Up,0xbb5e38cee1e97789f1abd23c7f822b42147e0386c89c3b6eaf4a62a2d77a98f5,372.853148,0.5176,772.912829,1,1,2026-04-26 06:05:18,btc-updown-5m-1777172100,2026-04-26T00:00:00Z
"Bitcoin Up or Down - April 25, 10:45PM-10:50PM ET",Up,0xbbf6ca3bc72b37cd8779c65e36be363a06f0a127319ca032724f9429bf9b0dc5,-199.99958253333503,0.479999,416.6666650000001,0,1,2026-04-26 05:45:26,btc-updown-5m-1777171500,2026-04-26T00:00:00Z
"Bitcoin Up or Down - April 25, 10:35PM-10:40PM ET",Up,0xc59d4bbc1e867fcc88b9333a80ad97553bca7fd9548a50c3db36de4d08a91288,-205.999754916996,0.502812,409.695383,0,2,2026-04-26 05:33:48,btc-updown-5m-1777170900,2026-04-26T00:00:00Z
"Bitcoin Up or Down - April 25, 10:25PM-10:30PM ET",Up,0xfe322175a8220f56edf5f9f2f336b5bf2e99652fd67c168bb78a7fd1f553e0c6,-99.999974,0.382978,261.111537,0,1,2026-04-26 05:32:56,btc-updown-5m-1777170300,2026-04-26T00:00:00Z
"Bitcoin Up or Down - April 25, 10:00PM-10:05PM ET",Up,0x1041849da9b4d7bb8f18fa0727374d31a6f97b3c1ff54966bf46d7ae8f89b3ff,129.29974800000002,0.50135,259.299606,1,1,2026-04-26 05:15:10,btc-updown-5m-1777168800,2026-04-26T00:00:00Z
"Bitcoin Up or Down - April 25, 9:30PM-9:35PM ET",Up,0x9ab5dfa7229afb5249ad50b292340f59e032e0040d74afcfe1b7630d97f5e081,394.012324,0.516218,814.441885,1,1,2026-04-26 04:39:42,btc-updown-5m-1777167000,2026-04-26T00:00:00Z
"Bitcoin Up or Down - April 25, 9:05PM-9:10PM ET",Up,0x5db99e0dd536550c79d6ae35833bcb50fee217697c530618a5b4bd471f000d72,-401.0099455164281,0.5228140000000001,767.022202,0,1,2026-04-26 04:03:44,btc-updown-5m-1777165500,2026-04-26T00:00:00Z
"Bitcoin Up or Down - April 25, 8:50PM-8:55PM ET",Up,0x79200f68ba450567110277d9da4d27d2c1eaf7084758445b568efea5e3e54bf7,-258.99967669114204,0.516457,501.493206,0,1,2026-04-26 03:48:36,btc-updown-5m-1777164600,2026-04-26T00:00:00Z
"Bitcoin Up or Down - April 25, 8:20PM-8:25PM ET",Down,0x21b99c8fb6a945eb7c612fe9c59240f2060cf352146705dea040e71cba32d083,243.091112,0.490472,477.090783,1,2,2026-04-26 03:38:34,btc-updown-5m-1777162800,2026-04-26T00:00:00Z
"Bitcoin Up or Down - April 25, 8:15PM-8:20PM ET",Up,0xc597f0d959ab24b6cc9ac993d28ab0bebf32ecb09a6aed7e6ef46d52a477a1ac,-63.719150257416,0.222893,448.643912,0,2,2026-04-26 03:18:06,btc-updown-5m-1777162500,2026-04-26T00:00:00Z
"Bitcoin Up or Down - April 25, 8:05PM-8:10PM ET",Up,0x86583b216c0278166a8895f923e1ba4f63a27af7402ba5ff3a2fa43edc50abc5,-205.999879751324,0.505354,407.634806,0,1,2026-04-26 03:03:50,btc-updown-5m-1777161900,2026-04-26T00:00:00Z
"Bitcoin Up or Down - April 25, 6:40PM-6:45PM ET",Up,0x4271796de7fee6163ec6116e161f0419ee0f5315387be0fc91335fafbee763e9,221.906013,0.474039,421.905832,1,1,2026-04-26 01:54:48,btc-updown-5m-1777156800,2026-04-25T00:00:00Z
"Bitcoin Up or Down - April 25, 4:50PM-4:55PM ET",Up,0x4af87dcdadff0b91a0b3c774d13bc05dcefc80326e8895651b645b5db89a3e53,372.97747799999996,0.500998,747.446861,1,1,2026-04-26 00:01:30,btc-updown-5m-1777150200,2026-04-25T00:00:00Z
"Bitcoin Up or Down - April 24, 5:50PM-5:55PM ET",Up,0x58a5d2bfe957a7c3e50d8136cef0a30b6c9839c38b27fe625b546e25b387cca4,-1300.157371,0.551876,2355.886778,0,2,2026-04-25 02:58:52,btc-updown-5m-1777067400,2026-04-24T00:00:00Z
"Bitcoin Up or Down - April 24, 5:40PM-5:45PM ET",Up,0x9e7423dc73d483fd02ff141cfe7bf9f1f1b341d8d9d6b4a7f954c1bc5c2dc84a,-549.9992355390899,0.526546,1044.541665,0,2,2026-04-25 00:37:00,btc-updown-5m-1777066800,2026-04-24T00:00:00Z
"Bitcoin Up or Down - April 24, 4:40PM-4:45PM ET",Down,0x324e21835066e8648cf166026551cc14e84f66192e793af7468a4eae3a0bc63f,916.162296,0.521866,1916.120369,1,2,2026-04-25 00:26:42,btc-updown-5m-1777063200,2026-04-24T00:00:00Z
"Bitcoin Up or Down - April 24, 4:30PM-4:35PM ET",Down,0xfee2c90758beed6a41b5e08ac0eccb126a6a77210db6c25032b10aedd5ddcfd1,-509.9994817434,0.495231,1029.8214,0,2,2026-04-24 23:28:52,btc-updown-5m-1777062600,2026-04-24T00:00:00Z
"Bitcoin Up or Down - April 24, 3:50PM-3:55PM ET",Up,0xc1d1f410b3817e6184ecb162c88202f5c643ace0a10082f81535c703cca2d4de,512.269379,0.510852,1047.268678,1,2,2026-04-24 22:57:54,btc-updown-5m-1777060200,2026-04-24T00:00:00Z
"Bitcoin Up or Down - April 24, 3:05PM-3:10PM ET",Up,0x40d9b65852c44dffa8b9cf36aae51f1458dfe8deb2e53a9b9ed71a3634b16142,-1201.378518249624,0.526149,2283.342776,0,2,2026-04-24 22:04:44,btc-updown-5m-1777057500,2026-04-24T00:00:00Z
"Bitcoin Up or Down - April 24, 2:25PM-2:30PM ET",Up,0x15c1b29f2c1c396cdd43e2de868b715c99bdeabeee6f4c11f5bd66f89b64bdae,-433.99932273188995,0.538515,805.918726,0,1,2026-04-24 21:24:20,btc-updown-5m-1777055100,2026-04-24T00:00:00Z
"Bitcoin Up or Down - April 24, 1:10PM-1:15PM ET",Up,0x68ea5f559b330e760465f376bc6b366889c07519f39ead73c7666eb2821c7d62,796.900275,0.52923,1692.759258,1,2,2026-04-24 20:19:42,btc-updown-5m-1777050600,2026-04-24T00:00:00Z
"Bitcoin Up or Down - April 24, 12:50PM-12:55PM ET",Up,0x13ac91fa0a698ae69f4bea47a3bfd5cd13132076425dbbdd7d2301370a1c89fd,426.40461500000004,0.5398,926.563702,1,1,2026-04-24 19:59:10,btc-updown-5m-1777049400,2026-04-24T00:00:00Z
"Bitcoin Up or Down - April 24, 12:40PM-12:45PM ET",Up,0x15731514c000b13feb08281f06daf819303ac73f2242990d8a4784518a8e623a,-642.9988721674949,0.517245,1243.122451,0,2,2026-04-24 19:38:00,btc-updown-5m-1777048800,2026-04-24T00:00:00Z
"Bitcoin Up or Down - April 24, 9:35AM-9:40AM ET",Up,0x51ff47871b1d5931ef800a39f98ef1d2866329ee06998c928ba12fcc46c85b35,-269.999657,0.521936,517.304148,0,1,2026-04-24 19:26:38,btc-updown-5m-1777037700,2026-04-24T00:00:00Z
"Bitcoin Up or Down - April 24, 1:50AM-1:55AM ET",Up,0x02827faac1b6a71acbeb9704ee0ce5721868934e11c003a0cda4cd1933fb2896,-250,0.5,500,0,1,2026-04-24 19:26:38,btc-updown-5m-1777009800,2026-04-24T00:00:00Z
"Bitcoin Up or Down - April 24, 10:45AM-10:50AM ET",Up,0x016f0d5632b99d98118368f00948bb63e18faf35e4f92645a44166b90da52c9e,-605.078508,0.518177,1167.706225,0,2,2026-04-24 19:26:38,btc-updown-5m-1777041900,2026-04-24T00:00:00Z
"Bitcoin Up or Down - April 24, 10:20AM-10:25AM ET",Up,0x92dbe3195f3ca46c656be5b5bc9fa721ea3d29e7128902babd3249dcfb306f61,-501.919383,0.525658,954.840187,0,1,2026-04-24 19:26:38,btc-updown-5m-1777040400,2026-04-24T00:00:00Z
"Bitcoin Up or Down - April 24, 12:00PM-12:05PM ET",Up,0x4d01b4681fc97427d36f2d5f27a6a15ab3334475d32b5c4e29cb7828d1956d29,-347.999372,0.502067,693.1333319999999,0,1,2026-04-24 19:26:38,btc-updown-5m-1777046400,2026-04-24T00:00:00Z
"Bitcoin Up or Down - April 24, 11:15AM-11:20AM ET",Up,0x6f7cd9aedab5310f571fd5f08fbc9a1fc6ad0f59b478eee0ce4bc25e4927f552,-962.697474,0.532845,1806.712036,0,2,2026-04-24 19:26:38,btc-updown-5m-1777043700,2026-04-24T00:00:00Z
"Bitcoin Up or Down - April 24, 11:00AM-11:05AM ET",Up,0x9026c2b26feedb72dc3ec171dcfdeb675fbd7c4504ada18ef1bc459f8d2cb8b1,-1072.947411,0.452819,2369.48408,0,2,2026-04-24 19:26:38,btc-updown-5m-1777042800,2026-04-24T00:00:00Z
"Bitcoin Up or Down - April 24, 9:20AM-9:25AM ET",Up,0xd4fd1f07a92f6cf080dc4df24a64589103b0ba8fa9b9629fe4b1eb662314e3a8,-229.999886,0.492371,467.1272,0,1,2026-04-24 19:26:38,btc-updown-5m-1777036800,2026-04-24T00:00:00Z
"Bitcoin Up or Down - April 24, 9:45AM-9:50AM ET",Up,0x44f643b160300509bcb9329bb13d311094d9d425c72ff49f424f964f5a1df906,-399.999514,0.512553,780.406152,0,2,2026-04-24 19:26:38,btc-updown-5m-1777038300,2026-04-24T00:00:00Z
"Bitcoin Up or Down - April 24, 10:10AM-10:15AM ET",Up,0x2308e3e5c09460763ea96ff380da4254611ff006262babacf31604ad1c3ffafb,-374.9992910000001,0.529999,707.547168,0,1,2026-04-24 19:26:38,btc-updown-5m-1777039800,2026-04-24T00:00:00Z
"Bitcoin Up or Down - April 24, 12:10PM-12:15PM ET",Up,0x79b63097e6d5e3b39504332ed61d7a1e4a542e256c3d64085eadd2425566c2ea,-500.719585,0.527536,949.166665,0,2,2026-04-24 19:26:38,btc-updown-5m-1777047000,2026-04-24T00:00:00Z
"Bitcoin Up or Down - April 24, 11:40AM-11:45AM ET",Up,0x4cb8e4368d08981191bfad3d7f020abc92bf6ea0d5293f37c8d7850353e688b3,430.706315,0.510414,879.735768,1,1,2026-04-24 18:58:44,btc-updown-5m-1777045200,2026-04-24T00:00:00Z
"Bitcoin Up or Down - April 24, 9:55AM-10:00AM ET",Up,0x776a76c2a5e219f24eacd9f34d805b2b899a639e92dcd8e422e4434a772f6119,406.165486,0.551775,906.164284,1,2,2026-04-24 17:08:18,btc-updown-5m-1777038900,2026-04-24T00:00:00Z
"Bitcoin Up or Down - April 24, 2:00AM-2:05AM ET",Down,0xa871c71cb58d9bbfdeef395d69a5934b26227cc9c58b38b049ae605861e65511,338.379793,0.50844,688.379431,1,1,2026-04-24 09:11:40,btc-updown-5m-1777010400,2026-04-24T00:00:00Z
"Bitcoin Up or Down - April 23, 10:45PM-10:50PM ET",Up,0x83377e23750c15007e6a57c12ebfdf3368bd671580bb6752158a856c2423c439,-249.999834,0.519927,480.836414,0,1,2026-04-24 08:26:52,btc-updown-5m-1776998700,2026-04-24T00:00:00Z
"Bitcoin Up or Down - April 23, 7:25PM-7:30PM ET",Down,0xfaf24db6dcccfcb4c7284fe5cb3d45336090382b07466e8ce72a46c30e4c4333,-219.99955,0.489999,448.9795899999999,0,1,2026-04-24 08:26:52,btc-updown-5m-1776986700,2026-04-23T00:00:00Z
"Bitcoin Up or Down - April 23, 11:35PM-11:40PM ET",Down,0x8dfead2aa89a5c350a5dd9236abc2b0441d62a443f07b7629b7a1b48733bccc8,-199.999573,0.469999,425.531913,0,1,2026-04-24 08:26:52,btc-updown-5m-1777001700,2026-04-24T00:00:00Z
"Bitcoin Up or Down - April 23, 7:00PM-7:05PM ET",Up,0xb6e304d00e06cea69c806f907917767b4b0a8109f2dcb7f55094e7a90a5d9857,-229.999826,0.499441,460.514508,0,1,2026-04-24 08:26:52,btc-updown-5m-1776985200,2026-04-23T00:00:00Z
"Bitcoin Up or Down - April 23, 11:45PM-11:50PM ET",Down,0x43521ff889650215e8a841ae57b81fbb931ecb3a546a0217e9320baf3f337f07,-199.999661,0.48824799999999996,409.6272,0,1,2026-04-24 08:26:52,btc-updown-5m-1777002300,2026-04-24T00:00:00Z
"Bitcoin Up or Down - April 23, 11:55PM-12:00AM ET",Up,0x5567084c2ad81494942aa5ce91b2bdb3359c8f9c2ff522d2438e8e9f63bf376c,557.143713,0.349999,857.142856,1,1,2026-04-24 07:18:14,btc-updown-5m-1777002900,2026-04-24T00:00:00Z
"Bitcoin Up or Down - April 23, 11:00PM-11:05PM ET",Up,0xc47d7e2321b65e80731e8eba1362c06c894899f39580c35bd8cdba649fc38770,318.633901,0.523455,668.633395,1,1,2026-04-24 06:08:22,btc-updown-5m-1776999600,2026-04-24T00:00:00Z
"Bitcoin Up or Down - April 23, 8:15PM-8:20PM ET",Up,0x8fa012b6e09f27909c66b3f27f8573b7937304d25c5c6e30483bf6b4fca8b6ae,247.009706,0.49280300000000005,487.0093999999999,1,1,2026-04-24 03:24:36,btc-updown-5m-1776989700,2026-04-24T00:00:00Z
"Bitcoin Up or Down - April 23, 8:05PM-8:10PM ET",Up,0x05a83419673c25b4d095b2b182c199d4324e6fe81aaf1a715353b161fde4446c,253.01250300000004,0.501956,508.012351,1,1,2026-04-24 03:13:38,btc-updown-5m-1776989100,2026-04-24T00:00:00Z
"Bitcoin Up or Down - April 23, 7:35PM-7:40PM ET",Up,0x5576979fa3c69f5f5139ea72b19ba3e73eddef5973ec0a75f2cb0a009721aaab,275.318392,0.52145,575.317923,1,1,2026-04-24 02:43:08,btc-updown-5m-1776987300,2026-04-23T00:00:00Z
"Bitcoin Up or Down - April 23, 1:20PM-1:25PM ET",Up,0xe7f8c5aaf2fe3480a0faf00a6bcbaa24405a69deff151b7407ec8a67cfb1a206,194.688446,0.525946,410.68833199999995,1,1,2026-04-23 21:05:48,btc-updown-5m-1776964800,2026-04-23T00:00:00Z
"Bitcoin Up or Down - April 23, 10:30AM-10:35AM ET",Up,0xd494219c9cbe243b2b27770ebf51adb13084ca17f617ca1eea48eda71f239493,213.149657,0.48408600000000007,413.14959,1,1,2026-04-23 17:50:56,btc-updown-5m-1776954600,2026-04-23T00:00:00Z
"Bitcoin Up or Down - April 23, 8:50AM-8:55AM ET",Up,0xb2fdf453c8751e7629eea24f9aa15c99a546be318570d2d3212d65ca28de223e,327.742512,0.51642,677.742074,1,2,2026-04-23 16:22:22,btc-updown-5m-1776948600,2026-04-23T00:00:00Z
"Bitcoin Up or Down - April 23, 8:40AM-8:45AM ET",Up,0x8ffa669e3a11cfd74387edf0a94b23a842204b6f3f90d5305ed0dc505010053e,-288.999452,0.508293,568.568626,0,1,2026-04-23 15:47:26,btc-updown-5m-1776948000,2026-04-23T00:00:00Z
"Bitcoin Up or Down - April 23, 1:05AM-1:10AM ET",Down,0x4aecd1afb36de657e6e19fbfbc3301abc0bf36ffc3ecfb4763fc631226170fbf,365.058008,0.522836,765.057734,1,1,2026-04-23 08:12:52,btc-updown-5m-1776920700,2026-04-23T00:00:00Z
"Bitcoin Up or Down - April 23, 12:55AM-1:00AM ET",Up,0x70fab007f7298765307d8a5a435360081f5653f497a3417f28ce62c060b451dc,-300,0.5,600,0,1,2026-04-23 08:03:12,btc-updown-5m-1776920100,2026-04-23T00:00:00Z
"Bitcoin Up or Down - April 23, 12:15AM-12:20AM ET",Down,0x07599ee87fac6f65d0dd118f1c4cda8750752754df26030d1f385730463ca59a,248.928762,0.521225,519.928489,1,1,2026-04-23 07:26:54,btc-updown-5m-1776917700,2026-04-23T00:00:00Z
"Bitcoin Up or Down - April 22, 11:45PM-11:50PM ET",Down,0x064f43cdae00bdc2c2a1ef02b162cfcfcddfb0ec7636e67e22e46b7c02c7e26e,249.796407,0.489999,489.795917,1,1,2026-04-23 06:55:20,btc-updown-5m-1776915900,2026-04-23T00:00:00Z
"Bitcoin Up or Down - April 21, 10:15PM-10:20PM ET",Down,0xb58ae5a745028ac5f0dd30174f589b595c4e6fb7806d5cc54c9b72304daac759,-299.999513,0.526931,569.333582,0,1,2026-04-23 06:04:54,btc-updown-5m-1776824100,2026-04-22T00:00:00Z
"Bitcoin Up or Down - April 22, 10:40PM-10:45PM ET",Up,0x76427727d73ffa3474206623938d53b98a544e9d641267153d4956057df0bf18,-299.999764,0.509491,588.8225,0,1,2026-04-23 06:04:54,btc-updown-5m-1776912000,2026-04-23T00:00:00Z
"Bitcoin Up or Down - April 22, 12:20AM-12:25AM ET",Up,0xba94fe40a35999695b200b6e311ed09a446796b0678a20f157eada1edda583b6,-317.999939,0.514641,617.906345,0,1,2026-04-23 06:04:54,btc-updown-5m-1776831600,2026-04-22T00:00:00Z
"Bitcoin Up or Down - April 22, 6:15PM-6:20PM ET",Up,0x61dfef5bfabde45ad2d5e4aa4e277f90fc1f92962656f9f9f416314dbd37aac3,-254.999938,0.502408,507.555489,0,1,2026-04-23 06:04:54,btc-updown-5m-1776896100,2026-04-22T00:00:00Z
"Bitcoin Up or Down - April 21, 10:50PM-10:55PM ET",Down,0x0900ab61ca4b5198798820dad07511f56039f5392041647e3d02ee5f8c8d0b0f,-306.999662,0.527029,582.51,0,1,2026-04-23 06:04:54,btc-updown-5m-1776826200,2026-04-22T00:00:00Z
"Bitcoin Up or Down - April 22, 9:25AM-9:30AM ET",Up,0x5786dd76142593263402efbeaf25740938ee0a813a9371c985e3699dafbe52a0,-299.999358,0.500561,599.326273,0,2,2026-04-23 06:04:54,btc-updown-5m-1776864300,2026-04-22T00:00:00Z
"Bitcoin Up or Down - April 21, 10:00PM-10:05PM ET",Up,0xd8679a97ec793c1197f03b6a9d638051d78f22c547fd44a8834a330c159fe054,-229.999816,0.504332,456.04843,0,1,2026-04-23 06:04:54,btc-updown-5m-1776823200,2026-04-22T00:00:00Z
"Bitcoin Up or Down - April 22, 10:45PM-10:50PM ET",Up,0x1e001250554dad4b9c607f6dda424641c30e64b4bb98807738a38d0987ff5c31,-199.999564,0.459999,434.782607,0,1,2026-04-23 06:04:54,btc-updown-5m-1776912300,2026-04-23T00:00:00Z
"Bitcoin Up or Down - April 22, 9:15AM-9:20AM ET",Down,0xaf8cea6c4ed78d9936748c18503d212f006775a9401f75813b11afc6d2785175,-266.99976699999996,0.514743,518.705,0,1,2026-04-23 06:04:54,btc-updown-5m-1776863700,2026-04-22T00:00:00Z
"Bitcoin Up or Down - April 22, 5:35PM-5:40PM ET",Down,0xdb5892c8ce47b72c3c6183541c13520ce6652227e96365cf91a797be61f84de2,-299.999483,0.51248,585.387691,0,1,2026-04-23 06:04:54,btc-updown-5m-1776893700,2026-04-22T00:00:00Z
"Bitcoin Up or Down - April 21, 10:40PM-10:45PM ET",Down,0x20c591b3c915f6398f6514fdc8d59f7a170b3ac774d8c7c96366c5c5b6270968,-399.999739,0.527036,758.9609419999999,0,1,2026-04-23 06:04:54,btc-updown-5m-1776825600,2026-04-22T00:00:00Z
"Bitcoin Up or Down - April 22, 10:55PM-11:00PM ET",Down,0xa504383b84025b673da2be4b2133542c68d9051229d65f602e1a40eeab516f0f,312.123354,0.490097,612.123,1,1,2026-04-23 06:03:42,btc-updown-5m-1776912900,2026-04-23T00:00:00Z
"Bitcoin Up or Down - April 22, 8:05PM-8:10PM ET",Down,0xd16128e83c79add415bf76a8cb31622192b4268f1fe20a0013e37651a6133599,311.294032,0.4907619999999999,611.2938,1,1,2026-04-23 03:14:26,btc-updown-5m-1776902700,2026-04-23T00:00:00Z
"Bitcoin Up or Down - April 22, 6:35PM-6:40PM ET",Up,0x2bd797c310dd5dfdd8f088ddbaa5eee8eb8dbda17272d140c965339d1ba38163,363.645232,0.523803,763.644527,1,1,2026-04-23 01:43:06,btc-updown-5m-1776897300,2026-04-22T00:00:00Z
"Bitcoin Up or Down - April 22, 5:50PM-5:55PM ET",Down,0x660979354e2be36fefaa53f183621781f69c4a91d9968342fec25b6609f2b285,275.401456,0.521375,575.401319,1,1,2026-04-23 00:58:28,btc-updown-5m-1776894600,2026-04-22T00:00:00Z
"Bitcoin Up or Down - April 22, 11:45AM-11:50AM ET",Down,0xaa8a3c128649221e039295c91db0018871b686c9868ead0d48e2ba906b6e7aac,271.853957,0.524609,571.853395,1,1,2026-04-22 19:23:32,btc-updown-5m-1776872700,2026-04-22T00:00:00Z
"Bitcoin Up or Down - April 22, 9:35AM-9:40AM ET",Up,0x5f1b03ff88c5ead301f7a7048d44bebba356deccc4c27b2ef49a5be60b393612,809.630403,0.497021,1609.670391,1,1,2026-04-22 16:46:10,btc-updown-5m-1776864900,2026-04-22T00:00:00Z
"Bitcoin Up or Down - April 22, 8:50AM-8:55AM ET",Up,0xd85ffda2dbcedb1407278dac572b8baf4061e293c6552ae409d1b35251dc1c80,286.779546,0.511265,586.779229,1,1,2026-04-22 15:58:28,btc-updown-5m-1776862200,2026-04-22T00:00:00Z
"Bitcoin Up or Down - April 22, 8:40AM-8:45AM ET",Up,0xd1b8002a8c04a973028c2725c1df1618cc67e32d742e1828b7dfa12fd0c27ee8,-290.999944,0.522294,557.157357,0,1,2026-04-22 15:47:56,btc-updown-5m-1776861600,2026-04-22T00:00:00Z
"Bitcoin Up or Down - April 22, 12:30AM-12:35AM ET",Down,0x287bec705943a2a849bda379d1c765fbed30cd9f04cf3289480e0d0b695fbc41,422.46300499999995,0.415246,722.462789,1,1,2026-04-22 07:39:06,btc-updown-5m-1776832200,2026-04-22T00:00:00Z
"Bitcoin Up or Down - April 21, 11:35PM-11:40PM ET",Up,0x21f3f746b0dd07547a52e7c2340beecb0de3498322730a81f725e71f7b062f07,254.329964,0.497699,506.3298,1,1,2026-04-22 06:43:38,btc-updown-5m-1776828900,2026-04-22T00:00:00Z
"Bitcoin Up or Down - April 21, 11:15PM-11:20PM ET",Down,0x5c88a6aa7c072b78bb6521c1521468c39be435e1560065395c53123281ca31ec,284.82617,0.527515,602.825848,1,1,2026-04-22 06:26:48,btc-updown-5m-1776827700,2026-04-22T00:00:00Z
"Bitcoin Up or Down - April 21, 11:00PM-11:05PM ET",Down,0x9e0a9a43df9e729ca8fa3735de70ec42ef076fc9d86eeaa9eeb1544b48f47e69,349.625797,0.58511,842.695165,1,1,2026-04-22 06:11:16,btc-updown-5m-1776826800,2026-04-22T00:00:00Z
"Bitcoin Up or Down - April 21, 6:30PM-6:35PM ET",Up,0x466e83d4e4d168afc1518b22df0cf47c47ed57d62fe666ff7a1d3cb988ec6132,354.717735,0.529999,754.71698,1,1,2026-04-22 01:37:58,btc-updown-5m-1776810600,2026-04-21T00:00:00Z
"Bitcoin Up or Down - April 21, 12:25AM-12:30AM ET",Up,0x430ce4af98ff0d44ced83c30c47a6da6003c26dd7dd24560fbb4efc7088d6c56,-298.999856,0.520039,574.956602,0,1,2026-04-22 01:26:02,btc-updown-5m-1776745500,2026-04-21T00:00:00Z
"Bitcoin Up or Down - April 20, 11:15PM-11:20PM ET",Up,0x4a074f2d0c06b8ace7f039a53128a7524263f4cf90241febd66190e3b596ee25,-199.999764,0.523918,381.738678,0,1,2026-04-22 01:26:02,btc-updown-5m-1776741300,2026-04-21T00:00:00Z
"Bitcoin Up or Down - April 21, 9:10AM-9:15AM ET",Up,0x842fad4e5ae34cb7b3603be1b1f819f6c9f7d110caa4fb87748d2e5ab2b37da6,-314.999857,0.514363,612.407691,0,1,2026-04-22 01:26:02,btc-updown-5m-1776777000,2026-04-21T00:00:00Z
"Bitcoin Up or Down - April 21, 1:15AM-1:20AM ET",Up,0xaf1c3a64278edaec4dc82fef0d594a272c9b6ba59a2550ec80e5630354bee52d,-400.04991000000007,0.543188,736.485177,0,1,2026-04-22 01:26:02,btc-updown-5m-1776748500,2026-04-21T00:00:00Z
"Bitcoin Up or Down - April 21, 1:10AM-1:15AM ET",Up,0x1fa50cbb37b3b67176b7486da368a30debe8cd526fb49f0f899d6346567d91e4,-210.999807,0.505804,417.157253,0,1,2026-04-22 01:26:02,btc-updown-5m-1776748200,2026-04-21T00:00:00Z
"Bitcoin Up or Down - April 21, 12:50AM-12:55AM ET",Down,0x6d83f08874ad270c32cd59f36ddc01b98d96e0dfeb71f57afb9cec05e9d8eb16,-265.94522,0.523267,508.24,0,1,2026-04-22 01:26:02,btc-updown-5m-1776747000,2026-04-21T00:00:00Z
"Bitcoin Up or Down - April 21, 1:35AM-1:40AM ET",Up,0x747a5eaf6e7a90425e7116b5c985390b075ab06decdd193715e16df39846966b,-441.358585,0.517021,853.6569800000001,0,2,2026-04-22 01:26:02,btc-updown-5m-1776749700,2026-04-21T00:00:00Z
"Bitcoin Up or Down - April 21, 12:30PM-12:35PM ET",Down,0x6bcb1b919868a1091c08365fbebd3cfa599fa6e37fdd7cd295e7c31c4dd33947,-299.999133,0.505,594.057691,0,2,2026-04-22 01:26:02,btc-updown-5m-1776789000,2026-04-21T00:00:00Z
"Bitcoin Up or Down - April 21, 6:05PM-6:10PM ET",Up,0x2b335f1040bdd5673ae672d366ff6673857ca118285009b9386b7b965e3ace29,-321.999306,0.514055,626.390768,0,2,2026-04-22 01:26:02,btc-updown-5m-1776809100,2026-04-21T00:00:00Z
"Bitcoin Up or Down - April 21, 4:55PM-5:00PM ET",Up,0x6e376d22105e5e71b70420fd449cecc679f7f7a0332efb2ef28b42d101aa99ae,240.196567,0.509999,490.196077,1,1,2026-04-22 00:09:20,btc-updown-5m-1776804900,2026-04-21T00:00:00Z
"Bitcoin Up or Down - April 21, 3:20PM-3:25PM ET",Up,0x0757fd18ca6bffccbdc6b94769fd5c4b9fb18b3cb6efd010f6e048c9aeedf3c1,271,0.5,542,1,1,2026-04-21 22:36:18,btc-updown-5m-1776799200,2026-04-21T00:00:00Z
"Bitcoin Up or Down - April 21, 2:05PM-2:10PM ET",Up,0x9cf9938885a1db14c81c706804fa9ed7f314a935ed242e793ef2a3c4843515b3,236.049122,0.516341,488.048652,1,1,2026-04-21 21:27:04,btc-updown-5m-1776794700,2026-04-21T00:00:00Z
"Bitcoin Up or Down - April 21, 12:40PM-12:45PM ET",Down,0xa79b7edc923fa5930c43ede2fb6fb4cab9b83e7bfcab245f7d1ded817c639b6a,379.110063,0.513406,779.109614,1,1,2026-04-21 19:50:10,btc-updown-5m-1776789600,2026-04-21T00:00:00Z
"Bitcoin Up or Down - April 21, 11:40AM-11:45AM ET",Down,0xd8ab0940e8f505eb998761ba32006a27ec6e6d85e0e1acc5e18b120a7fbedb73,243.75,0.48,468.75,1,1,2026-04-21 18:52:38,btc-updown-5m-1776786000,2026-04-21T00:00:00Z
"Bitcoin Up or Down - April 21, 9:20AM-9:25AM ET",Up,0x22cdb45574ea39e1770285b0329a06c0769e10d162f3311372704210a94342d2,458.129592,0.511656,938.128845,1,1,2026-04-21 16:28:42,btc-updown-5m-1776777600,2026-04-21T00:00:00Z
"Bitcoin Up or Down - April 21, 1:50AM-1:55AM ET",Up,0x623fe275f06ad726fdbf24fd146f190a11a6b955571a139095ffc89256c182b2,855.094737,0.489999,1676.65306,1,1,2026-04-21 09:03:34,btc-updown-5m-1776750600,2026-04-21T00:00:00Z
"Bitcoin Up or Down - April 21, 12:35AM-12:40AM ET",Up,0xa3ff75a8b8afec5985cf80f00b7a8562894cc7918452923013985fa4bdb26390,189.658945,0.513269,389.658652,1,1,2026-04-21 07:49:02,btc-updown-5m-1776746100,2026-04-21T00:00:00Z
"Bitcoin Up or Down - April 20, 11:45PM-11:50PM ET",Up,0xd6938f104017eea4ee2f9aedecafe14e14cc01bb7439964c52287cf29d21b4dc,177.358867,0.529999,377.358489,1,1,2026-04-21 06:54:20,btc-updown-5m-1776743100,2026-04-21T00:00:00Z
"Bitcoin Up or Down - April 20, 11:25PM-11:30PM ET",Up,0x7024bc6ecd5e509099d347393d87f40ed3fb2be7de08a27e70fc825c1dd5a2a6,236.622231,0.53109,504.62185,1,1,2026-04-21 06:42:24,btc-updown-5m-1776741900,2026-04-21T00:00:00Z
"Bitcoin Up or Down - April 20, 10:45PM-10:50PM ET",Up,0x085f19a43fe816c6326d86c70fb0d289ed38fc5e31a8db9878b9c56e1162fa7a,-192.99976,0.523997,368.322263,0,1,2026-04-21 06:14:20,btc-updown-5m-1776739500,2026-04-21T00:00:00Z
"Bitcoin Up or Down - April 20, 2:55PM-3:00PM ET",Down,0xd255192bd8459e54ae306a690f1622e7a7ce0dd623ba36fd2257e2dd8eb3a7dc,-199.999628,0.539999,370.370369,0,1,2026-04-21 06:14:20,btc-updown-5m-1776711300,2026-04-20T00:00:00Z
"Bitcoin Up or Down - April 19, 5:35PM-5:40PM ET",Down,0xca5215b2b4f0a9caba567d4f173b299346798762a2a3ace13df0452e565cd9b9,-152.999635,0.419999,364.28571299999993,0,1,2026-04-21 06:14:20,btc-updown-5m-1776634500,2026-04-19T00:00:00Z
"Bitcoin Up or Down - April 19, 12:30AM-12:35AM ET",Up,0x9fb83005e239fe7cb63c6b7ec8d2b356705946c733aa44b00121c5a880a5d110,-199.999926,0.49493000000000004,404.0974,0,1,2026-04-21 06:14:20,btc-updown-5m-1776573000,2026-04-19T00:00:00Z
"Bitcoin Up or Down - April 19, 12:15AM-12:20AM ET",Down,0xfba804cf5be031722d2868ad4fe5d0abd983a980b3757b06aa37a6212a32fe4a,-199.999643,0.512137,390.51981,0,1,2026-04-21 06:14:20,btc-updown-5m-1776572100,2026-04-19T00:00:00Z
"Bitcoin Up or Down - April 20, 10:10PM-10:15PM ET",Up,0xe96e7fcb475531b444a6e4c5ffcbdcb2d1655d17231e353dab0b5d133449bec0,-189.99992300000002,0.516936,367.550187,0,1,2026-04-21 06:14:20,btc-updown-5m-1776737400,2026-04-21T00:00:00Z
"Bitcoin Up or Down - April 19, 10:50PM-10:55PM ET",Up,0xe375fe60c5e4ba71dcbf451457b1cb1de8241f0307f1dd3af01e21c719763ecc,-176.999703,0.510184,346.933075,0,1,2026-04-21 06:14:20,btc-updown-5m-1776653400,2026-04-20T00:00:00Z
"Bitcoin Up or Down - April 20, 7:00PM-7:05PM ET",Up,0xe343f0bbb8c5fa889fa693167539cdad850d8d904d86d4c7935108b751d34cc7,-211.999687,0.521994,406.134338,0,1,2026-04-21 06:14:20,btc-updown-5m-1776726000,2026-04-20T00:00:00Z
"Bitcoin Up or Down - April 19, 9:40PM-9:45PM ET",Down,0xdbf7251f50bd190553c4f5203a42293284f66bb45f9d751fbfc8ca076bfb2459,-199.999621,0.529999,377.358489,0,1,2026-04-21 06:14:20,btc-updown-5m-1776649200,2026-04-20T00:00:00Z
"Bitcoin Up or Down - April 20, 7:20PM-7:25PM ET",Down,0x5a84281f4d1f2955f14a3aac2abe348c674a7d01dec1abd376b48f11dfd26eec,-199.999806,0.48707,410.6182,0,1,2026-04-21 06:14:18,btc-updown-5m-1776727200,2026-04-20T00:00:00Z
"Bitcoin Up or Down - April 19, 12:40AM-12:45AM ET",Up,0x2db138747ee97b05e5f7305d61659ca4a6fd93acf0f4b711626ad0a08f3e51a3,-400.339284,0.525163,762.314338,0,1,2026-04-21 06:14:18,btc-updown-5m-1776573600,2026-04-19T00:00:00Z
"Bitcoin Up or Down - April 20, 7:30PM-7:35PM ET",Down,0x735b9966837a89d061626bab0eff71d308d257a3babfbe384b47e9c2bdf86b94,-249.999713,0.48491999999999996,515.548366,0,1,2026-04-21 06:14:18,btc-updown-5m-1776727800,2026-04-20T00:00:00Z
"Bitcoin Up or Down - April 19, 11:25PM-11:30PM ET",Down,0x565a656450b19dcb2ccd38548e122be26395b0062b904ad48b64cba78eb5d076,-399.999209,0.502922,795.350391,0,1,2026-04-21 06:14:18,btc-updown-5m-1776655500,2026-04-20T00:00:00Z
"Bitcoin Up or Down - April 20, 2:45PM-2:50PM ET",Down,0x04a0cf62bb8f2f61e2d01aaa7c6ea141f3ef0a5e28e8e69340b890fff5abcdbf,-258.999832,0.509136,508.704614,0,1,2026-04-21 06:14:18,btc-updown-5m-1776710700,2026-04-20T00:00:00Z
"Bitcoin Up or Down - April 19, 2:35AM-2:40AM ET",Up,0x2d8ce79f3d12401a1da599577fdd651d548234c9c3ee4078df75f5ecd4aba369,-356.849953,0.539035,662.016295,0,1,2026-04-21 06:14:18,btc-updown-5m-1776580500,2026-04-19T00:00:00Z
"Bitcoin Up or Down - April 19, 1:00AM-1:05AM ET",Up,0x0fd082139bf85b9bdf4318e116fadee70a96812a760313b2df56a99b0f0a16ef,-389.2794370000001,0.60781,640.4623779999998,0,1,2026-04-21 06:14:18,btc-updown-5m-1776574800,2026-04-19T00:00:00Z
"Bitcoin Up or Down - April 19, 9:50PM-9:55PM ET",Up,0xd61c4d307b70342cd05588e4154ff7b32855273445993a44786d74647e587f04,-199.999458,0.369999,540.540539,0,1,2026-04-21 06:14:18,btc-updown-5m-1776649800,2026-04-20T00:00:00Z
"Bitcoin Up or Down - April 19, 1:40PM-1:45PM ET",Up,0xb44aafe737076355fa2574757b8fb652c4fe266f377fd45296c8df6a26eb0654,-249.999768,0.526938,474.438678,0,1,2026-04-21 06:14:18,btc-updown-5m-1776620400,2026-04-19T00:00:00Z
"Bitcoin Up or Down - April 19, 11:10PM-11:15PM ET",Down,0xbd2b37c1aa5bf54e2e644e116a3eb21e12638b4ef3389e52b8aed3543263a55a,-199.99995800000002,0.334427,598.037713,0,1,2026-04-21 06:14:18,btc-updown-5m-1776654600,2026-04-20T00:00:00Z
"Bitcoin Up or Down - April 20, 11:00PM-11:05PM ET",Up,0x497e1e8afe196aff36a18d663253f80387fa146c747411f7e89b42e5362141e1,180.891202,0.525084,380.890942,1,1,2026-04-21 06:14:06,btc-updown-5m-1776740400,2026-04-21T00:00:00Z
"Bitcoin Up or Down - April 20, 10:25PM-10:30PM ET",Down,0x877b4ceb4e106f4f06afa15dc0ddfaedf90b892ccb5b479f7364141a75584a70,208.163672,0.489999,408.163264,1,1,2026-04-21 05:35:38,btc-updown-5m-1776738300,2026-04-21T00:00:00Z
"Bitcoin Up or Down - April 20, 7:40PM-7:45PM ET",Down,0x67df5fe279a22dd4b396272ee7f4f7babd115ca74f6fcafcb6af7c877900c9bb,646.41383,0.516227,1336.192451,1,2,2026-04-21 03:58:26,btc-updown-5m-1776728400,2026-04-20T00:00:00Z
"Bitcoin Up or Down - April 20, 5:50PM-5:55PM ET",Up,0xa9543aec3777b78eeb3c3acd212082e0f8b6d8cdcb0b5bc230d5d9b50f6110a6,208.262047,0.5248,438.261885,1,1,2026-04-21 00:59:42,btc-updown-5m-1776721800,2026-04-20T00:00:00Z
"Bitcoin Up or Down - April 20, 4:30PM-4:35PM ET",Down,0x2f7f38f52c92d713291b5b3987034ecb247b929c877612466d449ef0ba6bffc8,229.085604,0.517801,475.085191,1,1,2026-04-20 23:51:56,btc-updown-5m-1776717000,2026-04-20T00:00:00Z
"Bitcoin Up or Down - April 20, 3:10PM-3:15PM ET",Down,0x8436a88e16e29599d7d9e3a418cb8cdd2f36e046dc51d740acf9e00286d1e2bb,480.450783,0.509999,980.509802,1,1,2026-04-20 22:18:34,btc-updown-5m-1776712200,2026-04-20T00:00:00Z
"Bitcoin Up or Down - April 20, 8:40AM-8:45AM ET",Down,0x3df039cf1555dec03694730fccc436daeaf7105dca0c7c94958b1a8f36e1fbfb,232.817789,0.510699,475.817114,1,2,2026-04-20 16:21:22,btc-updown-5m-1776688800,2026-04-20T00:00:00Z
"Bitcoin Up or Down - April 19, 11:50PM-11:55PM ET",Up,0xe5acf0edf8fc9ce772b0ac3c6453716552266a181eee308016606e23a3cc2f29,224.823987,0.509999,458.823528,1,1,2026-04-20 06:58:54,btc-updown-5m-1776657000,2026-04-20T00:00:00Z
"Bitcoin Up or Down - April 19, 11:35PM-11:40PM ET",Up,0x3738acc33bcda548829cbb2031d5ac630abe245fb615890ce6fdad8558cbb926,252.57606,0.542895,552.55589,1,1,2026-04-20 06:46:26,btc-updown-5m-1776656100,2026-04-20T00:00:00Z
"Bitcoin Up or Down - April 19, 11:00PM-11:05PM ET",Up,0x5cdfe2a6fb836e0bb8efc524d6270a10e61cc170d6626ddf3434d7c3c31f3240,-219.999576,0.519999,423.076922,0,1,2026-04-20 06:09:46,btc-updown-5m-1776654000,2026-04-20T00:00:00Z
"Bitcoin Up or Down - April 19, 10:35PM-10:40PM ET",Up,0x63d23d9b30f65bf25bd53d3b6961bef0208bce06108bfdc0872412b7da9f2104,190.367972,0.512337,390.36788299999995,1,1,2026-04-20 05:42:48,btc-updown-5m-1776652500,2026-04-20T00:00:00Z
"Bitcoin Up or Down - April 19, 10:30PM-10:35PM ET",Up,0x80eeac22236b6df17fbe04acefbe46e5cb6547fac568f215351fd0fb46f720d4,-73.533805834446,0.359999,555.555554,1,2,2026-04-20 05:33:48,btc-updown-5m-1776652200,2026-04-20T00:00:00Z
"Bitcoin Up or Down - April 19, 10:05PM-10:10PM ET",Up,0x9796628202f1dcdcd09775511cecda90151f0555e63fc462e38942ebd6cce554,359.947932,0.520675,750.9475459999999,1,1,2026-04-20 05:15:36,btc-updown-5m-1776650700,2026-04-20T00:00:00Z
"Bitcoin Up or Down - April 19, 6:25PM-6:30PM ET",Up,0x2dd8be64e3e154d73a1a3f8782ca19a328dcb7983a2ad86783fb762a582dbca2,141.833877,0.526958,299.833582,1,1,2026-04-20 01:33:36,btc-updown-5m-1776637500,2026-04-19T00:00:00Z
"Bitcoin Up or Down - April 19, 6:05PM-6:10PM ET",Up,0xd2378eea586f7ae6fffefa7c26a59174755c220bc9c55b1f1a620ff0590769e4,265.361195,0.530634,565.360924,1,1,2026-04-20 01:15:56,btc-updown-5m-1776636300,2026-04-19T00:00:00Z
"Bitcoin Up or Down - April 19, 5:50PM-5:55PM ET",Down,0x852aa92471ac326e19e9b9db62b4d9b1f29579fc36f5b880bd543138bf87b21f,246.492692,0.4699999999999999,465.08055199999995,1,0,2026-04-20 00:58:12,btc-updown-5m-1776635400,2026-04-19T00:00:00Z
"Bitcoin Up or Down - April 19, 3:35PM-3:40PM ET",Up,0x13b471afbdb3ac6f74aa40f8ad8aef187f0f193e187f53ffc649d799dd52d862,184.61576799999997,0.519999,384.615383,1,1,2026-04-19 23:52:22,btc-updown-5m-1776627300,2026-04-19T00:00:00Z
"Bitcoin Up or Down - April 19, 2:05PM-2:10PM ET",Up,0x6fc122098086d241b217a946f8589aa707b801f66755b636a5049ed9c7c16a7c,314.741046,0.529999,669.660376,1,1,2026-04-19 21:15:42,btc-updown-5m-1776621900,2026-04-19T00:00:00Z
"Bitcoin Up or Down - April 18, 8:15PM-8:20PM ET",Down,0x7313862637a1ecf7c9c9bb29d9f094ff47cfd81a0aad37b086eb244344fb9bbe,212.196445,0.503281,427.196152,1,1,2026-04-19 03:25:22,btc-updown-5m-1776557700,2026-04-19T00:00:00Z
"Bitcoin Up or Down - April 18, 7:20PM-7:25PM ET",Up,0x2307383b2e45d451eaaad2a45cce214c0e3a6d2a80240be7155618bb28fb4fd9,191.90001,0.510334,391.899806,1,1,2026-04-19 02:31:10,btc-updown-5m-1776554400,2026-04-18T00:00:00Z
"Bitcoin Up or Down - April 18, 1:25AM-1:30AM ET",Up,0xa277f022202a3f6d22563c0931037b29e87edf45fcbf379d436e667511db39d8,-472.999609,0.517657,913.731697,0,1,2026-04-19 02:06:56,btc-updown-5m-1776489900,2026-04-18T00:00:00Z
"Bitcoin Up or Down - April 18, 2:35AM-2:40AM ET",Up,0x76bfea20d11435787847df7faaf53d6f801fe7d795dfb47af3b60869df2f67fe,-399.999981,0.512127,781.056225,0,1,2026-04-19 02:06:56,btc-updown-5m-1776494100,2026-04-18T00:00:00Z
"Bitcoin Up or Down - April 18, 1:45AM-1:50AM ET",Up,0x7ca0145e1657eac00f6c5d3c39af064e00d102c5c946935ec0678cddea862a16,-232.999542,0.509999,456.8627440000001,0,1,2026-04-19 02:06:56,btc-updown-5m-1776491100,2026-04-18T00:00:00Z
"Bitcoin Up or Down - April 18, 1:15AM-1:20AM ET",Up,0x13fce347cfc73fd993860eeb2ed1836d71809cfab6241483b6f4ba2490a88f22,-199.99984200000003,0.482056,414.889229,0,1,2026-04-19 02:06:56,btc-updown-5m-1776489300,2026-04-18T00:00:00Z
"Bitcoin Up or Down - April 18, 2:25AM-2:30AM ET",Up,0x40c034bdcde8444ab86c3750658b5c036779f49e5f5de5c1b00fe96a7a8d8055,-229.999548,0.509999,450.980391,0,1,2026-04-19 02:06:56,btc-updown-5m-1776493500,2026-04-18T00:00:00Z
"Bitcoin Up or Down - April 18, 6:50PM-6:55PM ET",Up,0xe75ac03281d2599292021e2283ec7aba20a544f988aa9411079bad8736ca9e98,-234.999692,0.520442,451.538678,0,1,2026-04-19 02:06:56,btc-updown-5m-1776552600,2026-04-18T00:00:00Z
"Bitcoin Up or Down - April 18, 1:00AM-1:05AM ET",Down,0xf62c5c2a99405bf50b0ce30510bdbf7efe0ee115f9ee0288ec70553c2df34407,-299.999404,0.390333,768.573,0,1,2026-04-19 02:06:56,btc-updown-5m-1776488400,2026-04-18T00:00:00Z
"Bitcoin Up or Down - April 18, 2:45AM-2:50AM ET",Up,0x60c5fe6521e809330191bed0f2c3ad97926a67670bce2ce5f84a77c1ea3ae35e,-500.399041,0.559814,893.866609,0,2,2026-04-19 02:06:56,btc-updown-5m-1776494700,2026-04-18T00:00:00Z
"Bitcoin Up or Down - April 18, 3:00AM-3:05AM ET",Up,0x2182ecc50d20659259739074d87c0ce781e2d9ca142d9f5638b74beba2763250,-363.159941,0.521071,696.949055,0,1,2026-04-19 02:06:56,btc-updown-5m-1776495600,2026-04-18T00:00:00Z
"Bitcoin Up or Down - April 18, 6:55PM-7:00PM ET",Up,0x72639e52848f75e29e154dcabb8079ba079b8f3f0f1e07e56379ab3d74bcb948,363.96013200000004,0.57853,863.549321,1,1,2026-04-19 02:06:10,btc-updown-5m-1776552900,2026-04-18T00:00:00Z
"Bitcoin Up or Down - April 18, 4:30PM-4:35PM ET",Up,0xa606a11616e470e6481848d0f96c6640b46fff13b65dfb5a17d4bad3d6352c1d,370.633105,0.51314,761.272451,1,1,2026-04-18 23:39:30,btc-updown-5m-1776544200,2026-04-18T00:00:00Z
"Bitcoin Up or Down - April 18, 1:55AM-2:00AM ET",Up,0xc8db9b4da5eb551d4cfe888314d9aacffa43ee8228e0f5560ac9b37c5e421acf,571.159964,0.512462,1171.518865,1,2,2026-04-18 09:05:38,btc-updown-5m-1776491700,2026-04-18T00:00:00Z
"Bitcoin Up or Down - April 18, 1:35AM-1:40AM ET",Up,0x73986e41962ed5685555ab8423a8a5a5124bfc921990627dd40926f7b3790eb7,358.88117,0.582308,859.200489,1,1,2026-04-18 08:42:56,btc-updown-5m-1776490500,2026-04-18T00:00:00Z
"Bitcoin Up or Down - April 18, 1:05AM-1:10AM ET",Up,0xd0147798781a2f442640d824855c9d5a55faf0463f99ffdeaacd51e35b37ffc1,252.12296699999996,0.44481300000000007,454.122607,1,1,2026-04-18 08:14:30,btc-updown-5m-1776488700,2026-04-18T00:00:00Z
"Bitcoin Up or Down - April 17, 11:30PM-11:35PM ET",Up,0x82dc7b41c40ab79b58faeb3a6b0b232942b531f07a59bfcaa261d596bced3951,-330.99956900000006,0.525884,629.415554,0,1,2026-04-18 07:58:44,btc-updown-5m-1776483000,2026-04-18T00:00:00Z
"Bitcoin Up or Down - April 17, 11:15PM-11:20PM ET",Up,0x8eccaf1dee621691732da2d05ae6f7c2a20462f4653b4bf57dff9a4df18c85c5,-199.99973900000003,0.509823,392.2925,0,1,2026-04-18 07:58:44,btc-updown-5m-1776482100,2026-04-18T00:00:00Z
"Bitcoin Up or Down - April 17, 11:45PM-11:50PM ET",Down,0x9b70ceeb5f5bc80bb489524c0bdd5dbe1b54aaba3bfeda80b9f6a79b7c58f414,-699.589162,0.512453,1365.177221,0,2,2026-04-18 07:58:44,btc-updown-5m-1776483900,2026-04-18T00:00:00Z
"Bitcoin Up or Down - April 18, 12:40AM-12:45AM ET",Down,0xa2f6a97aa31b02e8d513628010ab56d7b7ffb657ec69a899ae609758d6b772d8,223.267922,0.50959,455.267883,1,1,2026-04-18 07:48:22,btc-updown-5m-1776487200,2026-04-18T00:00:00Z
"Bitcoin Up or Down - April 18, 12:25AM-12:30AM ET",Down,0x450e093105f8631b0c02508dfd6a0a252105160681422f84526a99a4d9350142,273.262919,0.505194,552.262744,1,1,2026-04-18 07:35:54,btc-updown-5m-1776486300,2026-04-18T00:00:00Z
"Bitcoin Up or Down - April 18, 12:10AM-12:15AM ET",Up,0x22fdbeeff019b8a7f663ed3baf1514a622105439aee9075d408c946d6be85267,378.597861,0.530175,805.827406,1,1,2026-04-18 07:18:00,btc-updown-5m-1776485400,2026-04-18T00:00:00Z
"Bitcoin Up or Down - April 17, 10:55PM-11:00PM ET",Up,0xc78d09b3951623f3cdbae627f2b44bf7344b40ad50580c1fb2c5098d9fa819dd,149.827155,0.503599,301.826861,1,1,2026-04-18 06:04:48,btc-updown-5m-1776480900,2026-04-18T00:00:00Z
"Bitcoin Up or Down - April 17, 10:40PM-10:45PM ET",Down,0xd391c59c586b93755ded9fe5343ba45a20eb072f8d5df0569a0aa2ce221145a6,186.55596000000003,0.539999,405.555554,1,1,2026-04-18 05:48:58,btc-updown-5m-1776480000,2026-04-18T00:00:00Z
"Bitcoin Up or Down - April 17, 10:10PM-10:15PM ET",Down,0x1ef26f1ab5c9632b1731542d8e4f50b4f1b5a198f0d9268dbd7fc75783f3870d,-368.9991340000001,0.514542,717.140942,0,2,2026-04-18 05:38:10,btc-updown-5m-1776478200,2026-04-18T00:00:00Z
"Bitcoin Up or Down - April 17, 10:20PM-10:25PM ET",Down,0x17b5a01b7c2564f27ea085d562fd3c4358a0267fb7c0e60d59d645174adf2f13,450.489453,0.526229,950.859073,1,1,2026-04-18 05:30:02,btc-updown-5m-1776478800,2026-04-18T00:00:00Z
"Bitcoin Up or Down - April 17, 6:25PM-6:30PM ET",Down,0x4c0a495daef155372d57b8be3426d0164bfd6f6eb9c2fe4d95c645608664d3cf,-229.999837,0.473437,485.80875,0,1,2026-04-18 05:17:08,btc-updown-5m-1776464700,2026-04-17T00:00:00Z
"Bitcoin Up or Down - April 17, 4:50PM-4:55PM ET",Down,0x9c0ad5946402775bf3beea94b776a762a7759b4ace26f618e93ce0ac6973fce8,-299.999696,0.513809,583.873961,0,1,2026-04-18 05:17:08,btc-updown-5m-1776459000,2026-04-17T00:00:00Z
"Bitcoin Up or Down - April 17, 7:40PM-7:45PM ET",Down,0xb8b5a04fb98e22455ab2ea55b0179ac527cd750432577d68cf9a2fbc79d079b0,-247.99957100000003,0.49851400000000007,497.477646,0,1,2026-04-18 05:17:08,btc-updown-5m-1776469200,2026-04-17T00:00:00Z
"Bitcoin Up or Down - April 17, 12:25PM-12:30PM ET",Down,0xf841f7d1186341132b178acc03164271dca58bdcbe5e31f3284517fc86526215,-201.999789,0.513643,393.268845,0,1,2026-04-18 05:17:08,btc-updown-5m-1776443100,2026-04-17T00:00:00Z
"Bitcoin Up or Down - April 17, 8:15PM-8:20PM ET",Down,0x6fffc7d56b8d1b819dde19fbba71061d42b7b5219eb12042ace71e3591969d13,-199.99979,0.506519,394.851508,0,1,2026-04-18 05:17:08,btc-updown-5m-1776471300,2026-04-18T00:00:00Z
"Bitcoin Up or Down - April 17, 10:00PM-10:05PM ET",Up,0x0b565c120a52fdefc04e13f30affb704908be21cf40e3e430f30e5d5403e64e2,-229.999656,0.516452,445.345659,0,1,2026-04-18 05:17:08,btc-updown-5m-1776477600,2026-04-18T00:00:00Z
"Bitcoin Up or Down - April 17, 9:10PM-9:15PM ET",Down,0x86a5c944c6572959f3001b695e052b0c2afa1ed362af70e3c4147278b8d63391,-245.99933100000004,0.509313,483.002263,0,2,2026-04-18 05:17:08,btc-updown-5m-1776474600,2026-04-18T00:00:00Z
"Bitcoin Up or Down - April 17, 11:50AM-11:55AM ET",Down,0xb7b1597514928718fc682258c14933411c98795cfcf8bac7eaaec1152c865e6b,-195.999613,0.500901,391.294116,0,1,2026-04-18 05:17:08,btc-updown-5m-1776441000,2026-04-17T00:00:00Z
"Bitcoin Up or Down - April 17, 1:00PM-1:05PM ET",Down,0x20bda526b06718a915273875388001c03014861f6c61f6891bf4591574768da7,-286,0.5,572,0,1,2026-04-18 05:17:08,btc-updown-5m-1776445200,2026-04-17T00:00:00Z
"Bitcoin Up or Down - April 17, 8:25PM-8:30PM ET",Down,0x0e6a9d6185119523b1de73fedff2d1c795c9f4a2b42bd7adc14914776d91b332,-399.909728,0.519944,769.14,0,1,2026-04-18 05:17:08,btc-updown-5m-1776471900,2026-04-18T00:00:00Z
"Bitcoin Up or Down - April 17, 5:00PM-5:05PM ET",Down,0xd06658943c0e810e7654d04a7b8daf0ca8a67a63578e210728db04194349205c,-249.999519,0.498826,501.1758,0,1,2026-04-18 05:17:08,btc-updown-5m-1776459600,2026-04-17T00:00:00Z
"Bitcoin Up or Down - April 17, 8:05PM-8:10PM ET",Up,0x68dd436cf7c28657f05d1f392449dec59c3e147a9949d987cec1014b1af53b8c,-213.999615,0.503611,424.930383,0,1,2026-04-18 05:17:08,btc-updown-5m-1776470700,2026-04-18T00:00:00Z
"Bitcoin Up or Down - April 17, 9:45PM-9:50PM ET",Up,0xa56564480ab1c4793fd1bd7e8605a2ddd68445efd8d697450be583c22efc9501,-199.999793,0.513803,389.253845,0,1,2026-04-18 05:17:08,btc-updown-5m-1776476700,2026-04-18T00:00:00Z
"Bitcoin Up or Down - April 17, 9:25PM-9:30PM ET",Down,0xa1a626adce3877d8d10dec9e4bd7bcf40b7436432ebc9ec0f3436c68dd8236c0,269.09715,0.48160499999999995,519.096733,1,1,2026-04-18 04:35:44,btc-updown-5m-1776475500,2026-04-18T00:00:00Z
"Bitcoin Up or Down - April 17, 8:30PM-8:35PM ET",Down,0x1603f5d110a934966be2cef62674d777a7ac0b804064bb2821a2108ef7f81e13,749.48545,0.444667,1349.614467,1,2,2026-04-18 03:39:44,btc-updown-5m-1776472200,2026-04-18T00:00:00Z
"Bitcoin Up or Down - April 17, 7:50PM-7:55PM ET",Down,0x98bd966755a6ea59c039f5dfe49d2b9d1dc73183541179abf7fd00eb981fd0ad,220,0.5,440,1,1,2026-04-18 02:58:36,btc-updown-5m-1776469800,2026-04-17T00:00:00Z
"Bitcoin Up or Down - April 17, 7:00PM-7:05PM ET",Down,0x68c5ddd450bcd7d407fcc398fa4acd223259f3609bf4a84c51af9a86d67ffdfd,172.24037,0.537287,372.24018,1,1,2026-04-18 02:08:42,btc-updown-5m-1776466800,2026-04-17T00:00:00Z
"Bitcoin Up or Down - April 17, 6:35PM-6:40PM ET",Down,0x47997fef669d83cc16eac4c770bbda6e28c4b7e78627dfc310e93a38b0ecc890,281.205126,0.505099,568.204806,1,1,2026-04-18 01:43:06,btc-updown-5m-1776465300,2026-04-17T00:00:00Z
"Bitcoin Up or Down - April 17, 6:10PM-6:15PM ET",Down,0x8c84eba883fbf02e94a837ebea4834a1cf8c0e4d6a42997bab5b57c37495a205,287.805365,0.409999,487.804877,1,1,2026-04-18 01:17:50,btc-updown-5m-1776463800,2026-04-17T00:00:00Z
"Bitcoin Up or Down - April 17, 6:05PM-6:10PM ET",Down,0x7e3e2846e75206c95b07ea96fb548893402278482544ad7e5d341b6b0c10acba,-288.999918,0.520207,555.547923,0,1,2026-04-18 01:12:24,btc-updown-5m-1776463500,2026-04-17T00:00:00Z
"Bitcoin Up or Down - April 17, 5:35PM-5:40PM ET",Down,0x12248e75fb2a63e01755b5427a3e4557be019804f5bfb02088f830aa458087b4,238.844521,0.52783,505.844338,1,1,2026-04-18 00:42:54,btc-updown-5m-1776461700,2026-04-17T00:00:00Z
"Bitcoin Up or Down - April 17, 5:25PM-5:30PM ET",Up,0x2b57b224978efe697423054245eeafa88920887568b149e211c9a542ff7fa60a,192.666666,0.6,481.666665,1,1,2026-04-18 00:33:38,btc-updown-5m-1776461100,2026-04-17T00:00:00Z
"Bitcoin Up or Down - April 17, 5:10PM-5:15PM ET",Down,0xe03448fc474b1d9e2a16b580c059907c3ae56d8de48872b183a97020c56aea69,-501.419225,0.521773,960.991131,0,2,2026-04-18 00:18:56,btc-updown-5m-1776460200,2026-04-17T00:00:00Z
"Bitcoin Up or Down - April 17, 4:40PM-4:45PM ET",Down,0x49ca3702e9fcfa65c5c4ef49b86fe484f43069efc6a22ffb0e8cb05320be987b,-196.999665,0.493758,398.9802,0,1,2026-04-17 23:49:46,btc-updown-5m-1776458400,2026-04-17T00:00:00Z
"Bitcoin Up or Down - April 17, 1:15PM-1:20PM ET",Up,0x2075d041f47f1289d556c576d8b8ab30955dde3831daf30cc171332d3f4d1eaa,375.010381,0.516122,775.010191,1,1,2026-04-17 23:20:34,btc-updown-5m-1776446100,2026-04-17T00:00:00Z
"Bitcoin Up or Down - April 17, 12:35PM-12:40PM ET",Up,0x9115039192575a0f72f9b1ca241571a86be0094273ab60a7b81005d590855cd5,200.367296,0.499541,400.367057,1,1,2026-04-17 19:43:12,btc-updown-5m-1776443700,2026-04-17T00:00:00Z
"Bitcoin Up or Down - April 17, 12:05PM-12:10PM ET",Down,0x2b06a3a92cf4cb6dbcd709d93b0a37b48ad8580b440fd5f35e00ed41420d4d70,218.296958,0.533849,468.296665,1,1,2026-04-17 19:14:58,btc-updown-5m-1776441900,2026-04-17T00:00:00Z
"Bitcoin Up or Down - April 17, 11:20AM-11:25AM ET",Down,0x6ad9813ae322f5a750098c430dc6d70f62b39353a8f615ca38c2da4d6d4b69e3,246.126107,0.519403,512.125768,1,1,2026-04-17 18:35:04,btc-updown-5m-1776439200,2026-04-17T00:00:00Z
"Bitcoin Up or Down - April 17, 9:40AM-9:45AM ET",Up,0xb0fbaca3074a9d5707c7fd375784605dfc55212ca93002a31fd16a9b4d2a6cb4,288.104428,0.5101129999999999,588.103845,1,1,2026-04-17 16:48:50,btc-updown-5m-1776433200,2026-04-17T00:00:00Z
"Bitcoin Up or Down - April 17, 9:30AM-9:35AM ET",Up,0xe76ec07aa4670c03445fb6cb04a2a76175734db4db3442b17d0373597a660880,-257.999751,0.510912,504.978845,0,1,2026-04-17 16:37:42,btc-updown-5m-1776432600,2026-04-17T00:00:00Z
"Bitcoin Up or Down - April 17, 12:45AM-12:50AM ET",Down,0xa170e5e4d1c2ba2e3f939333440c723728214851a37eeb18f8e3b2baf633a4db,464.693802,0.531362,991.583702,1,1,2026-04-17 07:53:32,btc-updown-5m-1776401100,2026-04-17T00:00:00Z
"Bitcoin Up or Down - April 16, 10:00PM-10:05PM ET",Down,0x52790547e0044828100124da1c9ac11c794d781f2e72bacdbf3ca037df022991,-199.99986,0.503494,397.22392,0,1,2026-04-17 07:43:46,btc-updown-5m-1776391200,2026-04-17T00:00:00Z
"Bitcoin Up or Down - April 16, 10:30PM-10:35PM ET",Down,0x40e4e3c747de8b8a57d08ae45590d2563af769f7407e889ba48ac0fc4d969d94,-149.999907,0.498852,300.6902,0,1,2026-04-17 07:43:46,btc-updown-5m-1776393000,2026-04-17T00:00:00Z
"Bitcoin Up or Down - April 16, 11:30PM-11:35PM ET",Down,0x685a479b23099936820be0327b6c92787fad7d7c3c33fbc1258e1c52d4160fae,-249.99958,0.512478,487.82499999999993,0,1,2026-04-17 07:43:46,btc-updown-5m-1776396600,2026-04-17T00:00:00Z
"Bitcoin Up or Down - April 16, 7:40PM-7:45PM ET",Up,0x58341d431d9cd41985e2326753d926133acb2a444e3bb0fe4a038573a68e260a,-199.999611,0.491295,407.0866,0,1,2026-04-17 07:43:46,btc-updown-5m-1776382800,2026-04-16T00:00:00Z
"Bitcoin Up or Down - April 17, 12:05AM-12:10AM ET",Down,0xf8dea31e616c5b91cea2159fd1eabb60cf22e6ee0d2118c1b4d37291d4786034,-155.169712,0.494975,313.49,0,1,2026-04-17 07:43:46,btc-updown-5m-1776398700,2026-04-17T00:00:00Z
"Bitcoin Up or Down - April 16, 11:15PM-11:20PM ET",Down,0x037ed73ac96f9dea86c257398a539dd4aa0033b11ef5054b9f8ed590b6d2d9bb,-199.999614,0.388604,514.66175,0,1,2026-04-17 07:43:46,btc-updown-5m-1776395700,2026-04-17T00:00:00Z
"Bitcoin Up or Down - April 16, 11:05PM-11:10PM ET",Up,0x93bfb89bc99e5913e4c62c62c71c91416c4463e89d6cde692b96b52dc974891e,-188.99984,0.51131,369.63846,0,1,2026-04-17 07:43:46,btc-updown-5m-1776395100,2026-04-17T00:00:00Z
"Bitcoin Up or Down - April 17, 12:25AM-12:30AM ET",Down,0x128c75f6e3b88e40d3be4bf23bd635f1712223c1acad33b13747ace283cfabc0,-355.959451,0.50999,697.973395,0,1,2026-04-17 07:43:46,btc-updown-5m-1776399900,2026-04-17T00:00:00Z
"Bitcoin Up or Down - April 16, 11:55PM-12:00AM ET",Up,0x10e8ea72f5e4396a385fa8891aa3a5ed43031f98903c1f2d39ec03b6f6faf071,-300,0.5,600,0,1,2026-04-17 07:43:46,btc-updown-5m-1776398100,2026-04-17T00:00:00Z
"Bitcoin Up or Down - April 16, 11:35PM-11:40PM ET",Down,0xcc038e132702db3bd2e2b22d80b25f81d1502d550d58703abb4d249d2dfd59de,-199.559635,0.478569,416.9924,0,1,2026-04-17 07:43:46,btc-updown-5m-1776396900,2026-04-17T00:00:00Z
"Bitcoin Up or Down - April 16, 10:40PM-10:45PM ET",Down,0x6e7e4a0c4958dd74b13ae6312178d35cfa6c0f84a058c8098b631271e7dfbdf8,234,0.5,468,1,1,2026-04-17 05:49:54,btc-updown-5m-1776393600,2026-04-17T00:00:00Z
"Bitcoin Up or Down - April 16, 10:20PM-10:25PM ET",Up,0xf70e8e905084b4b375ab8bf1f4dc338b4d039de1c7b043723be2cd23b1f35ecc,184.717988,0.519861,384.717734,1,1,2026-04-17 05:29:30,btc-updown-5m-1776392400,2026-04-17T00:00:00Z
"Bitcoin Up or Down - April 16, 8:35PM-8:40PM ET",Down,0x91aa7276bef9ff2cb5518c92991bfa751d5517ae165fc6a67429f15547fba684,185.538946,0.518754,385.538678,1,1,2026-04-17 03:45:10,btc-updown-5m-1776386100,2026-04-17T00:00:00Z
"Bitcoin Up or Down - April 16, 7:55PM-8:00PM ET",Up,0x781ea7af2a0cf646e8310daaf9f4d8956d44b3422373be04af02b7d388aab19c,193.665802,0.5080450000000001,393.665685,1,1,2026-04-17 03:05:36,btc-updown-5m-1776383700,2026-04-17T00:00:00Z
"Bitcoin Up or Down - April 16, 4:55PM-5:00PM ET",Up,0xc80a6a5fac3936ff54dd4c4936310ae827ceb7e79ce4c09137df23d535d53702,190.193371,0.512566,390.193075,1,1,2026-04-17 00:49:24,btc-updown-5m-1776372900,2026-04-16T00:00:00Z
"Bitcoin Up or Down - April 16, 12:35PM-12:40PM ET",Up,0x5e2237fb2ae3eac8bfbe3c7c9053db1b156157a19a46fc23239292085b6e1526,263.512402,0.532375,563.512221,1,1,2026-04-16 19:47:56,btc-updown-5m-1776357300,2026-04-16T00:00:00Z
"Bitcoin Up or Down - April 16, 12:15AM-12:20AM ET",Up,0xdf96e67bb63b9ee84f9e310d86f2f953ea944af7b934f99d5acd7527aa848ddd,238.862617,0.511391,488.8625,1,1,2026-04-16 07:25:20,btc-updown-5m-1776312900,2026-04-16T00:00:00Z
"Bitcoin Up or Down - April 15, 11:45PM-11:50PM ET",Down,0xd7c9265216a620bee5059af20acde0669b20dace3e2f8b2e227ddfc32bb91047,215.556277,0.502818,433.556077,1,1,2026-04-16 06:54:48,btc-updown-5m-1776311100,2026-04-16T00:00:00Z
"Bitcoin Up or Down - April 15, 11:20PM-11:25PM ET",Down,0x28e4fbc5dc640bd315e9f5ab801597a6dc45544deff16caaa2633c2e4662f53c,161.902525,0.509241,329.902306,1,1,2026-04-16 06:29:56,btc-updown-5m-1776309600,2026-04-16T00:00:00Z
"Bitcoin Up or Down - April 15, 11:05PM-11:10PM ET",Down,0xce7fa62f5a13bc1d4ef7c9d8d4c278d7c049ae0abe2889bc8070a743c26760c0,238.54921,0.507688,484.548845,1,1,2026-04-16 06:12:58,btc-updown-5m-1776308700,2026-04-16T00:00:00Z
"Bitcoin Up or Down - April 15, 10:45PM-10:50PM ET",Down,0xddca727239f9d9bdcad98dded56f11a2485bc99a97d29fd5027e94cc26cce461,211.460602,0.541758,461.460544,1,1,2026-04-16 05:53:36,btc-updown-5m-1776307500,2026-04-16T00:00:00Z
"Bitcoin Up or Down - April 15, 10:20PM-10:25PM ET",Down,0x251d83040c9fa83064144f68c23bbbb8b8a2a06660fc817399f4df1ca1dd9b1d,-299.99943,0.505563,593.396729,0,1,2026-04-16 05:44:02,btc-updown-5m-1776306000,2026-04-16T00:00:00Z
"Bitcoin Up or Down - April 15, 10:35PM-10:40PM ET",Down,0xbf7abd98c4bfcc006a828643510e1b18ebd2efc0e236deee84ad8360281991b6,-249.999777,0.518622,482.046225,0,1,2026-04-16 05:43:48,btc-updown-5m-1776306900,2026-04-16T00:00:00Z
"Bitcoin Up or Down - April 15, 7:40PM-7:45PM ET",Up,0x7b3e328589ae8d9587f8bda063fdece54b2e06522a945888858ef614c07cb598,177.358867,0.529999,377.358489,1,1,2026-04-16 02:55:02,btc-updown-5m-1776296400,2026-04-15T00:00:00Z
"Bitcoin Up or Down - April 15, 5:30PM-5:35PM ET",Up,0xe55474fa2e999371778fdfe187db43f9963529aa95788feacaff0eb8ac1fecdc,-199.999628,0.539999,370.370369,0,1,2026-04-16 02:36:10,btc-updown-5m-1776288600,2026-04-15T00:00:00Z
"Bitcoin Up or Down - April 15, 6:00PM-6:05PM ET",Up,0xcc5e8f2409b3c879410dd0136fabd74c54f17615dfcdfb5df340d3c25e039725,247.882857,0.509999,505.882351,1,1,2026-04-16 01:41:38,btc-updown-5m-1776290400,2026-04-15T00:00:00Z
"Bitcoin Up or Down - April 15, 5:40PM-5:45PM ET",Up,0xee89bec70aeacfc6b32963bdf1a2e09c995d0950bda575079c90bd6e5d54de7e,170.37074,0.539999,370.370369,1,1,2026-04-16 00:53:56,btc-updown-5m-1776289200,2026-04-15T00:00:00Z
"Bitcoin Up or Down - April 15, 9:55AM-10:00AM ET",Up,0x5b5fd5b46de111c9b334379375ffd0892e4d855eb71593bca78f2ada310f83ab,211.37297900000004,0.509999,431.372548,1,1,2026-04-15 17:18:12,btc-updown-5m-1776261300,2026-04-15T00:00:00Z
"Bitcoin Up or Down - April 15, 12:45AM-12:50AM ET",Down,0x2cdd26116c66ffcbd5aecede7da4e3c11955d6181b5b21b5da8c221973df5a6d,-199.999944,0.503585,397.152306,0,1,2026-04-15 08:07:44,btc-updown-5m-1776228300,2026-04-15T00:00:00Z
"Bitcoin Up or Down - April 15, 12:55AM-1:00AM ET",Down,0xb0087a920c97674a6f21a47d1dc377c76d891edb0edb5df6f4fdd0ca30a7686e,298.77965,0.501019,598.779614,1,1,2026-04-15 08:06:12,btc-updown-5m-1776228900,2026-04-15T00:00:00Z
"Bitcoin Up or Down - April 14, 11:55PM-12:00AM ET",Up,0xf0f09b2240284578b27d649d0465e478be763ca1b45e02dae4948e424fd68c18,175.38497999999996,0.519999,365.384614,1,1,2026-04-15 07:15:44,btc-updown-5m-1776225300,2026-04-15T00:00:00Z
"Bitcoin Up or Down - April 14, 11:35PM-11:40PM ET",Up,0x4c49cfc1e30f61804ecab71299719cce58e7920cc594754d7475e0f3eaf070f3,-222.99999899999997,0.51,437.2549,0,1,2026-04-15 06:50:48,btc-updown-5m-1776224100,2026-04-15T00:00:00Z
"Bitcoin Up or Down - April 14, 11:10PM-11:15PM ET",Up,0x40b0c07a949da64e8347bab8f4e7a50d338d18a8a3640390c5513ec4087a0a59,-210.999862,0.513294,411.070191,0,1,2026-04-15 06:50:48,btc-updown-5m-1776222600,2026-04-15T00:00:00Z
"Bitcoin Up or Down - April 14, 11:40PM-11:45PM ET",Down,0x9cb638663a9d9df8ae3e981ccc15098f035b00dd5aadf00855810ed8c6ece04f,204.798946,0.494072,404.7986,1,1,2026-04-15 06:50:32,btc-updown-5m-1776224400,2026-04-15T00:00:00Z
"Bitcoin Up or Down - April 14, 11:20PM-11:25PM ET",Up,0xc4072009030b868d2c217c2cbda5ab13e9781cf88dd6d5690a0f90166b9f1d20,239.185913,0.511053,489.185768,1,1,2026-04-15 06:31:00,btc-updown-5m-1776223200,2026-04-15T00:00:00Z
"Bitcoin Up or Down - April 14, 10:45PM-10:50PM ET",Down,0xb363f6878c73c5d0deed2c90a1a14d03d35805c9e3de67e02a4bd25a957c5ff7,245.638783,0.48356,475.63857,1,1,2026-04-15 05:55:54,btc-updown-5m-1776221100,2026-04-15T00:00:00Z
"Bitcoin Up or Down - April 14, 9:00PM-9:05PM ET",Down,0xa58fbafe76f599dd93c8d13f02533ea21584da39da1aef75e1d34edd2c808452,-271,0.5,542,0,1,2026-04-15 04:59:32,btc-updown-5m-1776214800,2026-04-15T00:00:00Z
"Bitcoin Up or Down - April 14, 9:10PM-9:15PM ET",Down,0xc3870952cad5ffa8a537a0b7fcf161ce593c61d0ae6024899e1cd12440b620ca,-249.999649,0.558588,447.556427,0,1,2026-04-15 04:59:32,btc-updown-5m-1776215400,2026-04-15T00:00:00Z
"Bitcoin Up or Down - April 14, 9:20PM-9:25PM ET",Down,0x469c081bdbdc836cf993a7915428b3fbcb50d0ce39523040c40437903b37704d,898.159166,0.419999,1548.547618,1,1,2026-04-15 04:29:56,btc-updown-5m-1776216000,2026-04-15T00:00:00Z
"Bitcoin Up or Down - April 14, 5:25PM-5:30PM ET",Down,0xc6326fd20c5f289a8b84566327c47c7243703e2ff8065b031106e8b7c44aa23c,-249.989613,0.49996,500.019229,0,1,2026-04-15 01:49:02,btc-updown-5m-1776201900,2026-04-14T00:00:00Z
"Bitcoin Up or Down - April 14, 4:55PM-5:00PM ET",Up,0xb9074269c014cbab7d2c0e6faacbb7409e5c826ee7391126b782dff2fc9701cf,-249.999635,0.523813,477.268865,0,1,2026-04-15 01:49:02,btc-updown-5m-1776200100,2026-04-14T00:00:00Z
"Bitcoin Up or Down - April 14, 5:55PM-6:00PM ET",Down,0x923832adc3843126ebec0a154c658365b12e7c724f100b13bf22e687afabfa8f,-248.6,0.5,497.2,0,1,2026-04-15 01:49:02,btc-updown-5m-1776203700,2026-04-14T00:00:00Z
"Bitcoin Up or Down - April 14, 4:45PM-4:50PM ET",Up,0x904dcfb59d5267552d34dd27e5d3ccdc3ab050d3f7e668c772d3b7185b8a014a,-199.999554,0.4499989999999999,444.444443,0,1,2026-04-15 01:49:02,btc-updown-5m-1776199500,2026-04-14T00:00:00Z
"Bitcoin Up or Down - April 14, 6:30PM-6:35PM ET",Up,0xe21a22ded5cd71978d7f3d093eaf78db010edffc79ebf932dcb31d575d6a19dc,573.829416,0.52682,1212.708517,1,2,2026-04-15 01:40:14,btc-updown-5m-1776205800,2026-04-14T00:00:00Z
"Bitcoin Up or Down - April 14, 2:30PM-2:35PM ET",Down,0x04d700ebd644125a412b1b3dffcbc8e0ddf97a051fd84ff7a891443d6502243c,227.939221,0.489999,446.938774,1,1,2026-04-14 21:45:38,btc-updown-5m-1776191400,2026-04-14T00:00:00Z
"Bitcoin Up or Down - April 14, 10:55AM-11:00AM ET",Up,0xa6da82d09d557f870371aa8da8226caa342606e1a74bed3ead2f3d65da3bdd95,-199.999837,0.503816,396.97,0,1,2026-04-14 21:29:02,btc-updown-5m-1776178500,2026-04-14T00:00:00Z
"Bitcoin Up or Down - April 14, 11:20AM-11:25AM ET",Down,0x971d3e21412f89a09cd68bdd1e08576e31c7f26146bc12edf6f52953e2d3da18,-199.999789,0.493963,404.8882,0,1,2026-04-14 21:29:02,btc-updown-5m-1776180000,2026-04-14T00:00:00Z
"Bitcoin Up or Down - April 14, 11:30AM-11:35AM ET",Down,0x6d9ea76a067e524518198b31921c1ea276364085cb312d513c0b47e8d9f1f66d,-199.999781,0.486181,411.3689779999999,0,1,2026-04-14 21:29:02,btc-updown-5m-1776180600,2026-04-14T00:00:00Z
"Bitcoin Up or Down - April 14, 12:40PM-12:45PM ET",Down,0x13630b308257209a9bc768136b812f66fa9202e1a75fc35855f9ff95b1eaca83,274.776048,0.489999,538.775509,1,1,2026-04-14 19:48:16,btc-updown-5m-1776184800,2026-04-14T00:00:00Z
"Bitcoin Up or Down - April 14, 11:50AM-11:55AM ET",Up,0x51faf9f9a1038f602129db655c17c8ad8777f82d961f497bfba8c13ef3431b00,396.14,0.5,792.28,1,1,2026-04-14 19:02:47,btc-updown-5m-1776181800,2026-04-14T00:00:00Z
"Bitcoin Up or Down - April 14, 10:00AM-10:05AM ET",Up,0x2e8f1accb1bf75193e771324c4dc50641a685464fc780083ee4f681aa3e5a49d,-138.999715,0.489999,283.673468,0,1,2026-04-14 17:34:39,btc-updown-5m-1776175200,2026-04-14T00:00:00Z
"Bitcoin Up or Down - April 14, 10:10AM-10:15AM ET",Up,0xb9364010a2999b5e20d0313ae635babf590b9adb3001a9696a05b399978fac8a,268.827822,0.491653,528.8273999999999,1,1,2026-04-14 17:19:53,btc-updown-5m-1776175800,2026-04-14T00:00:00Z
"Bitcoin Up or Down - April 14, 8:50AM-8:55AM ET",Up,0xcfad8d9ba2e07c0324bc8cc4e96976d0fe73e7f940c3de0cd3990287626d4c31,151.80423,0.509999,309.80392,1,1,2026-04-14 15:58:27,btc-updown-5m-1776171000,2026-04-14T00:00:00Z
"Bitcoin Up or Down - April 14, 1:05AM-1:10AM ET",Up,0x8b57ae9c77a66a3fb2126d1fbf3034c0550962c9cc28d7687f84df70096e30c4,179.938156,0.513599,369.937883,1,1,2026-04-14 08:14:11,btc-updown-5m-1776143100,2026-04-14T00:00:00Z
"Bitcoin Up or Down - April 14, 12:05AM-12:10AM ET",Down,0x53decfe4fcc84b6e1222302ccca3aa53a2a534dcbe7bb74889370e1905d1d45a,-145.379919,0.359794,404.064323,0,1,2026-04-14 07:46:41,btc-updown-5m-1776139500,2026-04-14T00:00:00Z
"Bitcoin Up or Down - April 14, 12:20AM-12:25AM ET",Down,0x833596c85d26464dffbf7d396f00ed031e9cdc2ace3d6eef2be25e11af413d92,292.128801,0.522633,611.958517,1,1,2026-04-14 07:28:41,btc-updown-5m-1776140400,2026-04-14T00:00:00Z
"Bitcoin Up or Down - April 13, 11:55PM-12:00AM ET",Down,0x2d2783b86d70ccc7fb81ac8944da677343142fabf5add303fcae2e239168f33b,-249.999606,0.505999,494.071345,0,1,2026-04-14 07:13:53,btc-updown-5m-1776138900,2026-04-14T00:00:00Z
"Bitcoin Up or Down - April 13, 11:15PM-11:20PM ET",Down,0xa7f310acd16e1d12dd5247df3c40018e47f0b68e39429826b105e7bd71df5f51,-186,0.5,372,0,1,2026-04-14 06:46:55,btc-updown-5m-1776136500,2026-04-14T00:00:00Z
"Bitcoin Up or Down - April 13, 11:25PM-11:30PM ET",Down,0xaabdb60cb095e738c80e9a27b63ac6cf8949b83cae0c3f3734934f57d51e0661,-245.76485,0.501019,490.53,0,1,2026-04-14 06:46:55,btc-updown-5m-1776137100,2026-04-14T00:00:00Z
"Bitcoin Up or Down - April 13, 10:40PM-10:45PM ET",Down,0x0fe989d2abb47cd95c9d3cdf7198123f83022bca3bd84494ee9425640c065f97,-199.999723,0.49322,405.498,0,1,2026-04-14 06:46:55,btc-updown-5m-1776134400,2026-04-14T00:00:00Z
"Bitcoin Up or Down - April 13, 11:35PM-11:40PM ET",Down,0xd29c42a7e3899fbc6726d0b998c1cac41c2929af6ceda1b61579d03249cf3c37,-150.38,0.5,300.76,0,1,2026-04-14 06:42:53,btc-updown-5m-1776137700,2026-04-14T00:00:00Z
"Bitcoin Up or Down - April 13, 10:55PM-11:00PM ET",Up,0x9ae6dcca61d8b5c33d4186255c0aa94047bf90ca281775a499d1c0e6d6405885,196.288792,0.504682,396.28843,1,1,2026-04-14 06:06:43,btc-updown-5m-1776135300,2026-04-14T00:00:00Z
"Bitcoin Up or Down - April 13, 9:55PM-10:00PM ET",Down,0x6640eb68a9de9b777c47a035760e665f6c051d13dfd183d06311922ed6bd6150,181.59698,0.524113,381.59685,1,1,2026-04-14 05:07:37,btc-updown-5m-1776131700,2026-04-14T00:00:00Z
"Bitcoin Up or Down - April 13, 7:35PM-7:40PM ET",Down,0x30405a9761850f91ff51dc468a36da107f198203857b3b90e732db207fde1d45,177.358867,0.529999,377.358489,1,1,2026-04-14 03:05:17,btc-updown-5m-1776123300,2026-04-13T00:00:00Z
"Bitcoin Up or Down - April 13, 6:25PM-6:30PM ET",Down,0xddffe5a338074cfcc3a52cd1a435903657675943f18c3b0db3896fe70a2c7a3b,171.971628,0.537675,371.971295,1,1,2026-04-14 01:37:49,btc-updown-5m-1776119100,2026-04-13T00:00:00Z
"Bitcoin Up or Down - April 13, 5:10PM-5:15PM ET",Down,0xae010d1c726f4d1c66abd5da045134f2bf8d447e1416bc9e7de9a525167e80fd,-184.99987,0.501844,368.640195,0,1,2026-04-14 01:23:33,btc-updown-5m-1776114600,2026-04-13T00:00:00Z
"Bitcoin Up or Down - April 13, 4:25PM-4:30PM ET",Down,0x49fd40aad000b09784d50e58d5a5f7da4361e53b2647e5307b4bde6d03202164,-200,0.5,400,0,1,2026-04-14 01:23:33,btc-updown-5m-1776111900,2026-04-13T00:00:00Z
"Bitcoin Up or Down - April 13, 5:55PM-6:00PM ET",Down,0xb4624e05abd6c0f97666596d7858dcac463e7e68ef07162436cc1747ca6200a5,144.606591,0.500679,289.606469,1,1,2026-04-14 01:02:51,btc-updown-5m-1776117300,2026-04-13T00:00:00Z
"Bitcoin Up or Down - April 13, 5:45PM-5:50PM ET",Down,0x66e1b09bba0ae58302d8a67aac6e7ef85b5fda52155daab00f692caf04496f00,199.085196,0.5011460000000001,399.085097,1,1,2026-04-14 00:53:25,btc-updown-5m-1776116700,2026-04-13T00:00:00Z
"Bitcoin Up or Down - April 13, 4:35PM-4:40PM ET",Down,0x7ed2803708a84c15eb54b499a0b026e169c2f016bd3c08c4a982a036f8c0f2d2,200,0.5,400,1,1,2026-04-13 23:53:11,btc-updown-5m-1776112500,2026-04-13T00:00:00Z
"Bitcoin Up or Down - April 13, 2:00PM-2:05PM ET",Up,0x1f9e4c1edc9994f85f0a8cc1256f3398ad3a89d3cdcb04cd25eea3793fd72ebe,191.002953,0.511505,391.00288299999994,1,1,2026-04-13 21:16:23,btc-updown-5m-1776103200,2026-04-13T00:00:00Z
"Bitcoin Up or Down - April 13, 12:35AM-12:40AM ET",Down,0x3b9000eefa1f02e9f6679cc225a8e7f0a448a28481ffb968ba336f5de9cf3725,-199.999599,0.46682,428.4298,0,1,2026-04-13 18:47:15,btc-updown-5m-1776054900,2026-04-13T00:00:00Z
"Bitcoin Up or Down - April 13, 8:45AM-8:50AM ET",Up,0xa97dc9011870ebbdb59cca1f13bd74cef4141bda4d7bc53d6e4fbd04b9055965,154.376563,0.512048,316.376537,1,1,2026-04-13 16:03:37,btc-updown-5m-1776084300,2026-04-13T00:00:00Z
"Bitcoin Up or Down - April 13, 12:45AM-12:50AM ET",Down,0x4a0f033ec5d33dfd15f454bffa4edb419314b34accb98203cf8a450500457361,174.472051,0.534085,374.47184999999996,1,1,2026-04-13 07:53:29,btc-updown-5m-1776055500,2026-04-13T00:00:00Z
"Bitcoin Up or Down - April 12, 11:40PM-11:45PM ET",Up,0x534a7574b77dac317d59053965b172aa0d56be6ebd92d6954027ec34a68e6a3d,192.157254,0.509999,392.156861,1,2,2026-04-13 06:56:11,btc-updown-5m-1776051600,2026-04-13T00:00:00Z
"Bitcoin Up or Down - April 12, 9:35PM-9:40PM ET",Down,0xf792ec4a650adb06c703e14fa3f4e048f7c621b504650cfa69a5740b69e2dd1b,185.773838,0.518438,385.77346,1,1,2026-04-13 04:42:59,btc-updown-5m-1776044100,2026-04-13T00:00:00Z
"Bitcoin Up or Down - April 12, 9:15PM-9:20PM ET",Down,0xc338aca15eab2fd44b27208b4455450aa16303317145296f89596ea91c4f2989,200,0.5,400,1,1,2026-04-13 04:25:35,btc-updown-5m-1776042900,2026-04-13T00:00:00Z
"Bitcoin Up or Down - April 12, 8:40PM-8:45PM ET",Up,0x28560036c638e472cb97043c47f27eae9c0f4a65fcf2f1c08591104512f0e152,192.157254,0.509999,392.156861,1,1,2026-04-13 03:47:37,btc-updown-5m-1776040800,2026-04-13T00:00:00Z
"Bitcoin Up or Down - April 12, 8:15PM-8:20PM ET",Down,0x2fa1dfb33d7cefe03f8e1526c7513802a318ba8643f0699b56097bd8b3240688,137,0.5,274,1,1,2026-04-13 03:23:05,btc-updown-5m-1776039300,2026-04-13T00:00:00Z
"Bitcoin Up or Down - April 12, 7:50PM-7:55PM ET",Up,0x3dda76e7f6e3f16ff3d710d60730289d2f761a32c8be8d3f0685921d48d350e2,171.01995499999998,0.509999,349.019606,1,1,2026-04-13 03:22:53,btc-updown-5m-1776037800,2026-04-12T00:00:00Z
"Bitcoin Up or Down - April 12, 6:50PM-6:55PM ET",Up,0x793ca397292c042c40afbda7a562e0389470414c8db67e6b41a3897d39dd82c9,192.147646,0.509999,392.137253,1,2,2026-04-13 01:59:13,btc-updown-5m-1776034200,2026-04-12T00:00:00Z
"Bitcoin Up or Down - April 12, 6:25PM-6:30PM ET",Up,0x98a70e7c7f2df160791176fa40d95d9dc1656539d1d6e56edb531b8206520357,-199.999867,0.5105919999999999,391.701922,0,2,2026-04-13 01:48:59,btc-updown-5m-1776032700,2026-04-12T00:00:00Z
"Bitcoin Up or Down - April 12, 6:40PM-6:45PM ET",Up,0x156c87f5f20ddbdd3bbfb1dc143e5a36ed0339dce67dfd8bbabe9d762b2f33fb,-199.99966900000004,0.51426,388.907691,0,1,2026-04-13 01:48:59,btc-updown-5m-1776033600,2026-04-12T00:00:00Z
"Bitcoin Up or Down - April 12, 4:50PM-4:55PM ET",Up,0xb32f1789c8bfc0e451e8d1f45607f8a8a21c1da65f28dc744ade809a763f80f1,189.57079099999996,0.513385,389.570383,1,2,2026-04-12 23:57:45,btc-updown-5m-1776027000,2026-04-12T00:00:00Z
"Bitcoin Up or Down - April 12, 4:20PM-4:25PM ET",Up,0x383b480f74044469ead2c74d8f609da0150fab986381e4e42f94a01ec5956d1a,189.38747200000003,0.513627,389.387306,1,1,2026-04-12 23:29:01,btc-updown-5m-1776025200,2026-04-12T00:00:00Z
"Bitcoin Up or Down - April 12, 3:55PM-4:00PM ET",Down,0x7bf8071ed462d151edcb6e6f5ea3f65f8ed2d5d1f06404ef9115f7905d361685,161,0.5,322,1,2,2026-04-12 23:05:59,btc-updown-5m-1776023700,2026-04-12T00:00:00Z
"Bitcoin Up or Down - April 12, 3:00PM-3:05PM ET",Down,0x59e782b4c1bc52af3d1b9d67340bcee528702fffcfa4636642e77f73ea2d5f88,-190,0.5,380,0,1,2026-04-12 22:49:47,btc-updown-5m-1776020400,2026-04-12T00:00:00Z
"Bitcoin Up or Down - April 12, 2:35PM-2:40PM ET",Down,0x5da2cbca34378b87bb723206e93e0c4fbc4d9df605b5f898a52aca3e9a8abd84,-200,0.5,400,0,1,2026-04-12 22:49:47,btc-updown-5m-1776018900,2026-04-12T00:00:00Z
"Bitcoin Up or Down - April 12, 3:15PM-3:20PM ET",Down,0xfc1cba845fd8c5a720ff71d907bd8bb2f79696e9d1c7ee0c9f999a62bdc2357c,-199.999705,0.521011,383.868489,0,1,2026-04-12 22:49:47,btc-updown-5m-1776021300,2026-04-12T00:00:00Z
"Bitcoin Up or Down - April 12, 12:35PM-12:40PM ET",Up,0x6f28e69d903b830df8b96531f2290400183e448b392184a9d693b86e856bd658,-199.999683,0.516086,387.531697,0,1,2026-04-12 22:49:47,btc-updown-5m-1776011700,2026-04-12T00:00:00Z
"Bitcoin Up or Down - April 12, 1:30PM-1:35PM ET",Up,0x820489dd67855e91a8b0a50dc6ccf7edec53cce2174be9dcbf35d7289e5e3d6f,-137.999728,0.509999,270.588234,0,1,2026-04-12 22:49:47,btc-updown-5m-1776015000,2026-04-12T00:00:00Z
"Bitcoin Up or Down - April 12, 12:45PM-12:50PM ET",Up,0xf0a155db50f824cf8d1d70918d227fb911eb584f2ad56c270262d8eba5961916,-199.999758,0.515691,387.828678,0,1,2026-04-12 22:49:47,btc-updown-5m-1776012300,2026-04-12T00:00:00Z
"Bitcoin Up or Down - April 12, 3:40PM-3:45PM ET",Down,0xed0eec5717c290546cb39d66e3ac28122edd0300a479e3724337e75c33c04fe4,213,0.5,426,1,2,2026-04-12 22:49:17,btc-updown-5m-1776022800,2026-04-12T00:00:00Z
"Bitcoin Up or Down - April 12, 3:25PM-3:30PM ET",Up,0xf2731115071d7ba754dd7471a92786415043ab210501b5c3d9900255ba83932c,229.376458,0.466351,429.826457,1,1,2026-04-12 22:33:39,btc-updown-5m-1776021900,2026-04-12T00:00:00Z
"Bitcoin Up or Down - April 12, 2:45PM-2:50PM ET",Up,0x685cecaa23d358c00bcf4b4a07a8cabd4f2f85c0922c24c6fed76fdfd5ae54e0,205.224934,0.493553,405.2249,1,1,2026-04-12 21:53:25,btc-updown-5m-1776019500,2026-04-12T00:00:00Z
"Bitcoin Up or Down - April 12, 2:05PM-2:10PM ET",Up,0xcc87ef3501883660ed327efa07c7aa3cb45e4132f47c61e507f690a15c86e096,196.476098,0.504444,396.47607700000003,1,1,2026-04-12 21:16:19,btc-updown-5m-1776017100,2026-04-12T00:00:00Z
"Bitcoin Up or Down - April 12, 1:40PM-1:45PM ET",Up,0xed824dc54a7cc5d3b55d2fd3ae4e16c516c25927cb87947dee33c48f9cec6d49,258.813388,0.435907,458.813332,1,1,2026-04-12 20:49:05,btc-updown-5m-1776015600,2026-04-12T00:00:00Z
"Bitcoin Up or Down - April 12, 1:15PM-1:20PM ET",Up,0xa58acc103f6f5cdfcbd2121c71925dc6b78f9aac644f61a916212db4ba530433,172.430675,0.507946,350.430391,1,1,2026-04-12 20:23:35,btc-updown-5m-1776014100,2026-04-12T00:00:00Z
"Bitcoin Up or Down - April 12, 1:00PM-1:05PM ET",Up,0x426922030504ee22a76e3603648cb13c506f37e2bdc18809a089637ffc5be83d,192.147646,0.509999,392.137253,1,1,2026-04-12 20:10:33,btc-updown-5m-1776013200,2026-04-12T00:00:00Z
"Bitcoin Up or Down - April 12, 3:05AM-3:10AM ET",Up,0xb47c183339d308e82631cc1e9d0d5a1bd0d01aabf805d2f4320ebf7a1981d7b1,192.120652,0.510047,392.120575,1,1,2026-04-12 10:13:25,btc-updown-5m-1775977500,2026-04-12T00:00:00Z
"Bitcoin Up or Down - April 12, 2:35AM-2:40AM ET",Up,0x137537f5f1dc5a2c2a9f07f734d02a9f7fdb47f3a25b2b4399ca2492bbe65c9a,185.49064099999998,0.518819,385.490369,1,1,2026-04-12 09:42:57,btc-updown-5m-1775975700,2026-04-12T00:00:00Z
"Bitcoin Up or Down - April 12, 1:55AM-2:00AM ET",Up,0x494256e48a2d805c3dc2a1f79db09aa0e56d93cee19e9eb7f36f1dbe5b14a106,147.49912,0.504203,297.499018,1,1,2026-04-12 09:03:23,btc-updown-5m-1775973300,2026-04-12T00:00:00Z
"Bitcoin Up or Down - April 12, 1:20AM-1:25AM ET",Up,0xfe8e67940aa823f8c571ac0eb70898c39f7abe832fe57c7f8041a7b12289dcc0,148.429331,0.515616,306.429055,1,1,2026-04-12 08:28:25,btc-updown-5m-1775971200,2026-04-12T00:00:00Z
"Bitcoin Up or Down - April 12, 1:00AM-1:05AM ET",Up,0xbedecd561fa01771ab3ed61f106c242e4a0b510388c46ae47fa149032725ff7c,139.066574,0.512161,285.066537,1,1,2026-04-12 08:07:59,btc-updown-5m-1775970000,2026-04-12T00:00:00Z
"Bitcoin Up or Down - April 12, 12:25AM-12:30AM ET",Up,0xe95755a8daa96eadefb1b021e0f4bcd4bb801725a96aa21502ceccb8915d5e37,-115.659109,0.568154,203.57,0,1,2026-04-12 07:50:09,btc-updown-5m-1775967900,2026-04-12T00:00:00Z
"Bitcoin Up or Down - April 12, 12:40AM-12:45AM ET",Up,0x8aafd82199b7f27a2af1ab8e3a1fbea21fca340913ed2caae51fadb35246d4b3,174.000332,0.516666,360.000191,1,1,2026-04-12 07:49:47,btc-updown-5m-1775968800,2026-04-12T00:00:00Z
"Bitcoin Up or Down - April 12, 12:15AM-12:20AM ET",Up,0xe17213ca459f35647d17b9ec8b151a99475cc18be9021105fcafd1941ca77210,-199.99999300000002,0.514423,388.785093,0,1,2026-04-12 07:22:37,btc-updown-5m-1775967300,2026-04-12T00:00:00Z
"Bitcoin Up or Down - April 11, 11:00PM-11:05PM ET",Down,0x66fedfbd90e731565c3b1c83ac1c5ff494fee2dc798d219478b89aa45b360e82,-230.359498,0.459999,500.782607,0,1,2026-04-12 06:58:53,btc-updown-5m-1775962800,2026-04-12T00:00:00Z
"Bitcoin Up or Down - April 11, 11:15PM-11:20PM ET",Up,0x08889d0f8eee733b0965acf998f552315b0a6d16abfea958093f707caa522837,-218.999569,0.509999,429.41176299999995,0,1,2026-04-12 06:58:53,btc-updown-5m-1775963700,2026-04-12T00:00:00Z
"Bitcoin Up or Down - April 11, 11:50PM-11:55PM ET",Up,0xf1209c23d570238c4cf6f969396ab1cb0781d3770d176352ce2ed292922effcf,240.196567,0.509999,490.196077,1,1,2026-04-12 06:58:35,btc-updown-5m-1775965800,2026-04-12T00:00:00Z
"Bitcoin Up or Down - April 11, 11:35PM-11:40PM ET",Up,0x547593c106a365b3d714350d583a5b795122f9019a144fd11a7f02e28fe26e2b,163.037356,0.42397200000000007,283.037208,1,1,2026-04-12 06:43:17,btc-updown-5m-1775964900,2026-04-12T00:00:00Z
"Bitcoin Up or Down - April 11, 11:30PM-11:35PM ET",Down,0xdd08a80147b949a65e62d99e44cec5d971a322793d9aca37875204ba29652beb,155,0.5,310,1,1,2026-04-12 06:37:27,btc-updown-5m-1775964600,2026-04-12T00:00:00Z
"Bitcoin Up or Down - April 11, 11:20PM-11:25PM ET",Down,0x919e98a548abadf022adb0934c4cfc543565025dc185dc0ba067a4a2e06d9c98,263.972186,0.443404,474.261738,1,1,2026-04-12 06:28:03,btc-updown-5m-1775964000,2026-04-12T00:00:00Z
"Bitcoin Up or Down - April 11, 10:00PM-10:05PM ET",Up,0xd4ed164262d5f1e5146dc55c27ed3d217343c4556f7573dcce617ca063c8e7a1,-185.999752,0.531221,350.136295,0,1,2026-04-12 06:08:51,btc-updown-5m-1775959200,2026-04-12T00:00:00Z
"Bitcoin Up or Down - April 11, 10:45PM-10:50PM ET",Up,0x2adc8d389d09c2f817168894f0051acce73368d08e818e67b1309b4b8070f55e,-147.999709,0.509999,290.196077,0,1,2026-04-12 06:08:51,btc-updown-5m-1775961900,2026-04-12T00:00:00Z
"Bitcoin Up or Down - April 11, 10:20PM-10:25PM ET",Up,0xcda34aa83e14a07867316bab43969d14e95112453f99a3079318858367fd0b91,-168.9997,0.517002,326.8840369999999,0,1,2026-04-12 06:08:51,btc-updown-5m-1775960400,2026-04-12T00:00:00Z
"Bitcoin Up or Down - April 11, 9:40PM-9:45PM ET",Up,0xac3e30b93e85e4aa11746567861f22d8d69a144ca0b7bdb0b59e9215563fbf23,-168.999695,0.487419,346.723652,0,1,2026-04-12 06:08:51,btc-updown-5m-1775958000,2026-04-12T00:00:00Z
"Bitcoin Up or Down - April 11, 9:05PM-9:10PM ET",Down,0xdd41e1787adbd1645ccfb640b34e3fea637e7e239f810c9a8de98921c3c1f1f9,-250,0.5,500,0,1,2026-04-12 06:08:51,btc-updown-5m-1775955900,2026-04-12T00:00:00Z
"Bitcoin Up or Down - April 11, 10:30PM-10:35PM ET",Up,0x2653dd88622cb7e32100d3bb6b722f46ddb0bf95344e4837eda9a6ae5221e6d6,192.013806,0.510398,392.18346,1,1,2026-04-12 05:37:51,btc-updown-5m-1775961000,2026-04-12T00:00:00Z
"Bitcoin Up or Down - April 11, 10:10PM-10:15PM ET",Up,0x161c84b2cea00e345498d850d89f8f8dcafb8821d29099bbf4ee9cd043ccce16,182.049223,0.5237790000000001,382.278865,1,1,2026-04-12 05:17:45,btc-updown-5m-1775959800,2026-04-12T00:00:00Z
"Bitcoin Up or Down - April 11, 9:50PM-9:55PM ET",Up,0xe1454073d711eaa2d7acb73c1d58c380b181800effb69f1821900e4093f572a4,38.3947,0.57,89.29,1,1,2026-04-12 04:58:25,btc-updown-5m-1775958600,2026-04-12T00:00:00Z
"Bitcoin Up or Down - April 11, 9:20PM-9:25PM ET",Down,0xee9e1ff1dfa0dc62dc209d722910d1c6113bcaf9a9f2d73e2040271bdfe1c138,289.832966,0.463732,540.462915,1,1,2026-04-12 04:28:27,btc-updown-5m-1775956800,2026-04-12T00:00:00Z
"Bitcoin Up or Down - April 11, 8:55PM-9:00PM ET",Down,0xce8e9af044c4427862c1a678cacb96956b9cacd466afa9072c8bf7885a9a79ae,-199.999801,0.490528,407.723517,0,1,2026-04-12 04:02:35,btc-updown-5m-1775955300,2026-04-12T00:00:00Z
"Bitcoin Up or Down - April 11, 5:30PM-5:35PM ET",Down,0xa59184a65a0c68fa6ceb64a48d6c2f0c96121215066a17de8cbb7697292684c5,-134.999824,0.510829,264.27596,0,1,2026-04-12 03:38:35,btc-updown-5m-1775943000,2026-04-11T00:00:00Z
"Bitcoin Up or Down - April 11, 4:45PM-4:50PM ET",Down,0x755a12d80becf73bf8bccaf729830f7f71231347bf23e2ecc4ffe5840f81c1cc,-159,0.5,318,0,1,2026-04-12 03:38:35,btc-updown-5m-1775940300,2026-04-11T00:00:00Z
"Bitcoin Up or Down - April 11, 7:15PM-7:20PM ET",Down,0x862120f2866c0ddff7efa2ca1c678e2dd31ec60c53b614287d669482a6d47c1c,-224.999897,0.511513,439.871319,0,1,2026-04-12 03:38:35,btc-updown-5m-1775949300,2026-04-11T00:00:00Z
"Bitcoin Up or Down - April 11, 2:20PM-2:25PM ET",Down,0xb8b003f9f01d79fae8007b0ac79e232ffccdbb9961f6f6508d869a9c85d023a6,-230,0.5,460,0,1,2026-04-12 03:38:35,btc-updown-5m-1775931600,2026-04-11T00:00:00Z
"Bitcoin Up or Down - April 11, 12:45PM-12:50PM ET",Down,0x88f706e3a9c06a29f4ef72ccbc4ba6b272ced1a2eb80ced0c1188cfbc6ce0c35,-199.999985,0.508047,393.66433800000004,0,1,2026-04-12 03:38:35,btc-updown-5m-1775925900,2026-04-11T00:00:00Z
"Bitcoin Up or Down - April 11, 2:05PM-2:10PM ET",Down,0x9c8e73a8e91b81109777eb50a9b7e4987a98a0ac51e06b27069287af005fcfa2,-158.99984600000002,0.501682,316.933528,0,1,2026-04-12 03:38:35,btc-updown-5m-1775930700,2026-04-11T00:00:00Z
"Bitcoin Up or Down - April 11, 3:50PM-3:55PM ET",Down,0x7cecf4fbceb54bb84b0bcd828f2a882f42c8372408b576b87b4afb4056989d2c,-249.99952399999998,0.514631,485.784037,0,1,2026-04-12 03:38:35,btc-updown-5m-1775937000,2026-04-11T00:00:00Z
"Bitcoin Up or Down - April 11, 3:40PM-3:45PM ET",Down,0x96c7bd990b96206e78c268084a746e349152a27bed51119c0a8f533bedeba2ce,-194.99963499999998,0.507764,384.03596,0,1,2026-04-12 03:38:35,btc-updown-5m-1775936400,2026-04-11T00:00:00Z
"Bitcoin Up or Down - April 11, 8:15PM-8:20PM ET",Down,0x8734c2aa5b78b9336982cd1fa9683265878462563249ecd5d1b4b08ed9263f69,185,0.5,370,1,1,2026-04-12 03:22:51,btc-updown-5m-1775952900,2026-04-12T00:00:00Z
"Bitcoin Up or Down - April 11, 7:30PM-7:35PM ET",Down,0x527837d0527be70c4c3cb75efbd74df4e18ef9f9d6854dc85647c930b58fa6cd,199.630566,0.500462,399.630391,1,1,2026-04-12 02:37:51,btc-updown-5m-1775950200,2026-04-11T00:00:00Z
"Bitcoin Up or Down - April 11, 6:20PM-6:25PM ET",Down,0xfc093369a40a6ace1474513233509e849c0b6b1f3a57979482746920906d779e,215.73299000000003,0.5105130000000001,440.732829,1,1,2026-04-12 01:27:47,btc-updown-5m-1775946000,2026-04-11T00:00:00Z
"Bitcoin Up or Down - April 11, 5:45PM-5:50PM ET",Down,0xd73738ae9d44914d4ea397c4f6a024df8c4a60c50ee6061340ca65a361281e7b,134.897563,0.526505,284.897546,1,1,2026-04-12 00:54:21,btc-updown-5m-1775943900,2026-04-11T00:00:00Z
"Bitcoin Up or Down - April 11, 5:15PM-5:20PM ET",Down,0xb10816656d41f733898430fbe7938a70070d9ff37349fda70cfe202cb0b8e8e9,174,0.5,348,1,1,2026-04-12 00:24:35,btc-updown-5m-1775942100,2026-04-11T00:00:00Z
"Bitcoin Up or Down - April 11, 4:55PM-5:00PM ET",Down,0xf87f8649616947e59a5888e563e0eaf2faa50d2aeb6079765c2ec5aa5a378d7e,240.291683,0.5099,490.291131,1,2,2026-04-12 00:03:29,btc-updown-5m-1775940900,2026-04-11T00:00:00Z
"Bitcoin Up or Down - April 11, 4:15PM-4:20PM ET",Down,0x26c5d7a0c56927d37ee3b68617c43e906800a4afb0d75bf04c3d4ed739ac7dac,140.236624,0.515149,289.236537,1,1,2026-04-11 23:22:31,btc-updown-5m-1775938500,2026-04-11T00:00:00Z
"Bitcoin Up or Down - April 11, 4:00PM-4:05PM ET",Down,0x47d7a1ed405eaf8917fd51fe3d117f37a2a99674e75072332553343c570c6714,247.346975,0.502837,497.516861,1,1,2026-04-11 23:08:57,btc-updown-5m-1775937600,2026-04-11T00:00:00Z
"Bitcoin Up or Down - April 11, 2:50PM-2:55PM ET",Down,0x383b80e0b89018b4a2ee9b59759a984e099672f6529b26b29d470075e5ac4125,325.1095460000001,0.547566,718.578946,1,2,2026-04-11 22:10:49,btc-updown-5m-1775933400,2026-04-11T00:00:00Z
"Bitcoin Up or Down - April 11, 2:30PM-2:35PM ET",Down,0xa16d41662e20cc0fa84eefe585e227b71c96d757c42be8570c5886ab2dbb9a56,-320.239414,0.543466,589.253817,0,1,2026-04-11 21:38:17,btc-updown-5m-1775932200,2026-04-11T00:00:00Z
"Bitcoin Up or Down - April 11, 12:55PM-1:00PM ET",Down,0x94c477f2def5f42b8a04b1fba28140ed2dbb85a54c1be0fe6967e54d500949e2,224.693715,0.526655,474.693332,1,1,2026-04-11 20:05:31,btc-updown-5m-1775926500,2026-04-11T00:00:00Z
"Bitcoin Up or Down - April 11, 12:15AM-12:20AM ET",Down,0x4cd68d395b56c8cf1a43919be2d68c5341cbe24b090a970c65423b1936915d8c,200,0.5,400,1,1,2026-04-11 07:25:01,btc-updown-5m-1775880900,2026-04-11T00:00:00Z
"Bitcoin Up or Down - April 10, 11:50PM-11:55PM ET",Down,0x01bba2c8ae695766a4b621f6a799217f9e787281798ce39452e060388a799ffb,199.875,0.5,399.75,1,1,2026-04-11 06:58:23,btc-updown-5m-1775879400,2026-04-11T00:00:00Z
"Bitcoin Up or Down - April 10, 11:15PM-11:20PM ET",Down,0xba14805730296f1856bf23de7347f2cbf06dc85275bc3134cfe71a3e86936dc6,182.050997,0.52349,382.05073899999996,1,1,2026-04-11 06:24:07,btc-updown-5m-1775877300,2026-04-11T00:00:00Z
"Bitcoin Up or Down - April 10, 10:45PM-10:50PM ET",Down,0xdecac661b783873d1b617f6a2dce098d9e77802f7e3dc646d5d53a42dded0d04,297.779155,0.501857,597.77846,1,2,2026-04-11 05:54:09,btc-updown-5m-1775875500,2026-04-11T00:00:00Z
"Bitcoin Up or Down - April 10, 10:10PM-10:15PM ET",Down,0x5fd8fb3542954677b605f23e9af017a60615566ca66a59fcbbeb03111cbe5c76,-199.999582,0.479999,416.6666650000001,0,1,2026-04-11 05:38:33,btc-updown-5m-1775873400,2026-04-11T00:00:00Z
"Bitcoin Up or Down - April 10, 10:30PM-10:35PM ET",Down,0x4c12af1812b42471f84a3bef0f5f9891e6f6c7f11d3cacc983dcc13d17f667b5,-183.999696,0.513137,358.57811200000003,0,1,2026-04-11 05:38:23,btc-updown-5m-1775874600,2026-04-11T00:00:00Z
"Bitcoin Up or Down - April 10, 10:20PM-10:25PM ET",Down,0xa8340c1fce9604b14e689a92be413df6482f037b2c241983e25f5d732d6b48e0,197.98988300000002,0.5025249999999999,397.989614,1,1,2026-04-11 05:28:51,btc-updown-5m-1775874000,2026-04-11T00:00:00Z
"Bitcoin Up or Down - April 10, 8:25PM-8:30PM ET",Down,0x036d0b10adf0c95d529df1c1ccd3999ef2fbfb3ecd6c0e46418916e5f4de713f,-200,0.5,400,0,2,2026-04-11 05:06:29,btc-updown-5m-1775867100,2026-04-11T00:00:00Z
"Bitcoin Up or Down - April 10, 9:00PM-9:05PM ET",Down,0x474b28382bcbb19ba3ff482ec16ab6f72114fdd735805d2e1915d1475e6a33f8,186,0.5,372,1,2,2026-04-11 04:08:19,btc-updown-5m-1775869200,2026-04-11T00:00:00Z
"Bitcoin Up or Down - April 10, 8:40PM-8:45PM ET",Down,0x936fa31682cfdc92480f897c597c74e6fcd2ef220dc0496b8a0848ffd9243cb4,200,0.5,400,1,2,2026-04-11 03:52:53,btc-updown-5m-1775868000,2026-04-11T00:00:00Z
"Bitcoin Up or Down - April 10, 5:15PM-5:20PM ET",Down,0x600d71b572e385712916f762717ea2f0199b2d27c910b3e62edaeb0b7f2ded1c,-149.999719,0.503791,297.741959,0,1,2026-04-11 00:56:07,btc-updown-5m-1775855700,2026-04-10T00:00:00Z
"Bitcoin Up or Down - April 10, 5:40PM-5:45PM ET",Up,0xddcf6c843492418ae660d2ec4c831a1bfb725f1a87183af1b72477a210313521,136.194086,0.517374,282.193845,1,1,2026-04-11 00:49:53,btc-updown-5m-1775857200,2026-04-10T00:00:00Z
"Bitcoin Up or Down - April 10, 5:25PM-5:30PM ET",Down,0x83f7577f1c507438d884a3391dc56445b6654fcf63bddb330d496e13c363aa39,156.329797,0.489668,306.3296,1,1,2026-04-11 00:32:59,btc-updown-5m-1775856300,2026-04-10T00:00:00Z
"Bitcoin Up or Down - April 10, 1:25PM-1:30PM ET",Up,0x8db0d7477d92fbfa14c815baf795ea46edc2b5e21f22b51d970f108946c82937,157.568948,0.509999,321.568626,1,1,2026-04-10 20:38:41,btc-updown-5m-1775841900,2026-04-10T00:00:00Z
"Bitcoin Up or Down - April 10, 9:30AM-9:35AM ET",Up,0x9fd41852ee2c333b5a4ea37ba8131067212c49d045a67b082667ed3cca34452b,-147.999793,0.507912,291.388652,0,1,2026-04-10 18:02:11,btc-updown-5m-1775827800,2026-04-10T00:00:00Z
"Bitcoin Up or Down - April 10, 10:50AM-10:55AM ET",Up,0xd1f4433ed9af5286f0c7ed539689aabc102324317ab01e7220e91d0088f3b97b,153.772855,0.492118,302.7728,1,1,2026-04-10 17:58:35,btc-updown-5m-1775832600,2026-04-10T00:00:00Z
"Bitcoin Up or Down - April 10, 9:50AM-9:55AM ET",Down,0xeaf1e4a3268b4bc816be3533c56b740cbc8b3f89672b226a69ec2bfd3fbec25f,170.64923799999997,0.499047,340.6492,1,1,2026-04-10 17:06:41,btc-updown-5m-1775829000,2026-04-10T00:00:00Z
"Bitcoin Up or Down - April 10, 8:45AM-8:50AM ET",Up,0x152ac95cc1de68e9d1767f008234b3dfa4c593641d182b2da84b55f7639fd4ba,144.083609,0.479999,277.083332,1,1,2026-04-10 15:54:29,btc-updown-5m-1775825100,2026-04-10T00:00:00Z
"Bitcoin Up or Down - April 10, 1:15AM-1:20AM ET",Down,0xb608b00c9ee84bee5af730f06f0df417a200b9a18a125394ed4455ed60586aa3,-162.999919,0.422606,385.701859,0,1,2026-04-10 08:37:37,btc-updown-5m-1775798100,2026-04-10T00:00:00Z
"Bitcoin Up or Down - April 10, 1:25AM-1:30AM ET",Down,0x140c4fcedfe7eded199b0861859b46f8f84c9b7f5ba083612c9b7c41abf0f321,361.116287,0.525444,760.95611,1,1,2026-04-10 08:34:37,btc-updown-5m-1775798700,2026-04-10T00:00:00Z
"Bitcoin Up or Down - April 10, 1:05AM-1:10AM ET",Up,0x61ff144fceefee8fac2b3eee05e001982e6db01a9ff3dfd0363135b74df03e8b,-139.99976,0.411439,340.26857,0,1,2026-04-10 08:22:07,btc-updown-5m-1775797500,2026-04-10T00:00:00Z
"Bitcoin Up or Down - April 10, 12:10AM-12:15AM ET",Up,0x5ffc5d59498e20480e09511e666ed831d551429475639c4e05cdf0f77a084d0b,-138.999726,0.509999,272.549018,0,1,2026-04-10 07:39:17,btc-updown-5m-1775794200,2026-04-10T00:00:00Z
"Bitcoin Up or Down - April 10, 12:20AM-12:25AM ET",Up,0x891366b04a282590a87900ef2706f9b23e0d5de8013ac2db0d1cc76a1f4d492e,-149.999879,0.495507,302.72,0,1,2026-04-10 07:39:17,btc-updown-5m-1775794800,2026-04-10T00:00:00Z
"Bitcoin Up or Down - April 10, 12:30AM-12:35AM ET",Down,0xc5dda370d2daf019a6f379318698b0e792624775522a2f8b4ca02185ba393a38,380.165329,0.479378,730.213724,1,3,2026-04-10 07:39:09,btc-updown-5m-1775795400,2026-04-10T00:00:00Z
"Bitcoin Up or Down - April 9, 11:55PM-12:00AM ET",Up,0x622d1d88c54180f3d3399117de16ea8dd6a088ff34d5c0408967d222a10b881d,321.272109,0.514828,662.181885,1,2,2026-04-10 07:02:21,btc-updown-5m-1775793300,2026-04-10T00:00:00Z
"Bitcoin Up or Down - April 9, 11:05PM-11:10PM ET",Up,0xd29e54c5d1722c20762fb2c5407ddde6cc44ef0772fe851f8827d8242855c5d2,-149.999956,0.513526,292.098075,0,1,2026-04-10 06:36:13,btc-updown-5m-1775790300,2026-04-10T00:00:00Z
"Bitcoin Up or Down - April 9, 11:20PM-11:25PM ET",Up,0xa27e18582fb03fc8d0020a3b9e841487b313734a7e157e8acd2abb9ab63c2693,-300.849656,0.521546,576.842036,0,1,2026-04-10 06:36:13,btc-updown-5m-1775791200,2026-04-10T00:00:00Z
"Bitcoin Up or Down - April 9, 10:55PM-11:00PM ET",Up,0x10e97f76a2f2bfbc334b494532ff1658ffb547041ab423a2814e929459a53418,-149.999851,0.517815,289.67846,0,1,2026-04-10 06:36:13,btc-updown-5m-1775789700,2026-04-10T00:00:00Z
"Bitcoin Up or Down - April 9, 10:30PM-10:35PM ET",Up,0x92934b643ab942e8d50fbb17d922a84fccec6e4f463457f21c98665629d5ec33,150,0.5,300,1,1,2026-04-10 05:43:07,btc-updown-5m-1775788200,2026-04-10T00:00:00Z
"Bitcoin Up or Down - April 9, 8:55PM-9:00PM ET",Down,0x6ab32e209abd7d9c6d51e5e303746df2ff0a8f8baefc2ddbf7e5e61fbefa3777,-131,0.5,262,0,1,2026-04-10 04:54:59,btc-updown-5m-1775782500,2026-04-10T00:00:00Z
"Bitcoin Up or Down - April 9, 9:35PM-9:40PM ET",Down,0xfdb2b251c722cfae4d6800d65676d379f09d94c09b5260fac7f7e70a3b888d53,-200,0.5,400,0,1,2026-04-10 04:54:59,btc-updown-5m-1775784900,2026-04-10T00:00:00Z
"Bitcoin Up or Down - April 9, 9:45PM-9:50PM ET",Down,0xc499ccce14d02e3caa5573c418e389c1c76995cf50c3d9b544dd1c9db4204f5f,358.42337,0.527428,758.452406,1,2,2026-04-10 04:54:49,btc-updown-5m-1775785500,2026-04-10T00:00:00Z
"Bitcoin Up or Down - April 9, 8:25PM-8:30PM ET",Up,0x335c386c82c5741baac4a14a4b7b8589c5df066e74aa6f413b9e7c6d3e25c92c,137.607613,0.526483,290.607546,1,1,2026-04-10 03:33:29,btc-updown-5m-1775780700,2026-04-10T00:00:00Z
"Bitcoin Up or Down - April 9, 7:20PM-7:25PM ET",Up,0x2bd06713327d38aeb03a515a6e859bcb088df933cea4facf7f0f854369871642,-99.999786,0.469999,212.765956,0,1,2026-04-10 03:20:53,btc-updown-5m-1775776800,2026-04-09T00:00:00Z
"Bitcoin Up or Down - April 9, 7:40PM-7:45PM ET",Up,0xa1bbbdc8350c825d7b0e7ef9df26d286abc65ac38c813661a939eecaa2833a52,-119.99986500000001,0.401788,298.664633,0,1,2026-04-10 03:20:53,btc-updown-5m-1775778000,2026-04-09T00:00:00Z
"Bitcoin Up or Down - April 9, 7:15PM-7:20PM ET",Down,0xd09ce5fda7a45deb24da2a340055b354f8e070985c11f4e545f897de0902a626,-140,0.5,280,0,1,2026-04-10 03:20:53,btc-updown-5m-1775776500,2026-04-09T00:00:00Z
"Bitcoin Up or Down - April 9, 7:30PM-7:35PM ET",Up,0x719e3a823a2dc70b4929a638adf52d274f6fd231d18f3187f42cc27b3c713539,-159.999685,0.509999,313.725489,0,1,2026-04-10 03:20:53,btc-updown-5m-1775777400,2026-04-09T00:00:00Z
"Bitcoin Up or Down - April 9, 7:55PM-8:00PM ET",Up,0x63ab3b3224e91e45f2691a418648478b85cdc4b2a7c175cf9e394af23fdcf103,-179.999857,0.526519,341.867734,0,1,2026-04-10 03:20:53,btc-updown-5m-1775778900,2026-04-10T00:00:00Z
"Bitcoin Up or Down - April 9, 8:10PM-8:15PM ET",Down,0x36d9a1e64ff9cb8e65988c6b8df915af78f2c6390e9a49a93e82111a68870c3f,326.783136,0.478532,626.66,1,1,2026-04-10 03:17:15,btc-updown-5m-1775779800,2026-04-10T00:00:00Z
"Bitcoin Up or Down - April 9, 5:45PM-5:50PM ET",Up,0x9ad12371aa86aa9a06001488095deb05cd2adec006205f8668a7eb21a314b6ee,-151.999701,0.509999,298.039214,0,1,2026-04-10 02:10:05,btc-updown-5m-1775771100,2026-04-09T00:00:00Z
"Bitcoin Up or Down - April 9, 6:45PM-6:50PM ET",Up,0x8a1f44a0ae63e93ae7f71d2fbf996fb14374cc9d3f42495c94fa06c1f959d4c1,130.53944,0.512074,267.539422,1,1,2026-04-10 01:57:11,btc-updown-5m-1775774700,2026-04-09T00:00:00Z
"Bitcoin Up or Down - April 9, 6:25PM-6:30PM ET",Down,0x9e869e862d0e861ea8572d0273b70d52f3c15520ba73a805390714c87126b7a9,149,0.5,298,1,2,2026-04-10 01:37:15,btc-updown-5m-1775773500,2026-04-09T00:00:00Z
"Bitcoin Up or Down - April 9, 3:55PM-4:00PM ET",Down,0x911897f56ef1e3ed8e858df66c1ac8d730d26b5bfccd4a21ee62b64b590aa2a6,154.37716802274002,0.506886,313.67941,1,2,2026-04-09 22:59:51,btc-updown-5m-1775764500,2026-04-09T00:00:00Z
"Bitcoin Up or Down - April 9, 3:40PM-3:45PM ET",Up,0x17ed556cad876956098d4f1573bf0aa8439a7b243d373dba2ad5acd0a2b001e6,150,0.5,300,1,1,2026-04-09 22:47:29,btc-updown-5m-1775763600,2026-04-09T00:00:00Z
"Bitcoin Up or Down - April 9, 3:25PM-3:30PM ET",Down,0xcd5bd879dfa53985e1b060cc60342dc4fdaa833e8dfbf17f116b7a82a99ed7c7,-153,0.5,306,0,1,2026-04-09 22:35:13,btc-updown-5m-1775762700,2026-04-09T00:00:00Z
"Bitcoin Up or Down - April 9, 3:05PM-3:10PM ET",Up,0xf640fd44dc05777fb345130fe5f5dbe1f92fb09d49d63ca2df01fec29f510863,133.549291,0.509999,272.549018,1,1,2026-04-09 22:13:05,btc-updown-5m-1775761500,2026-04-09T00:00:00Z
"Bitcoin Up or Down - April 9, 12:55PM-1:00PM ET",Down,0xd56e70d638a418d321c69101fd67bb4080d3de7a5669a70d2d70e8782a6df860,-138.999931,0.506515,274.424116,0,1,2026-04-09 22:00:45,btc-updown-5m-1775753700,2026-04-09T00:00:00Z
"Bitcoin Up or Down - April 9, 2:05PM-2:10PM ET",Down,0x90af54384fad929271f906eae79758e2203e3db170225729b9489f040069152b,-145.999695,0.479999,304.166665,0,1,2026-04-09 22:00:45,btc-updown-5m-1775757900,2026-04-09T00:00:00Z
"Bitcoin Up or Down - April 9, 2:45PM-2:50PM ET",Up,0x1a574bcfffaafeb61ee716d6fd44059f5140900b278d9df7aaa44b9b65ceb98f,171.390216,0.466722,321.39000000000004,1,1,2026-04-09 21:53:13,btc-updown-5m-1775760300,2026-04-09T00:00:00Z
"Bitcoin Up or Down - April 9, 1:20PM-1:25PM ET",Down,0xff3ca00ed060b8ab2c57f538ff920c7c750994b5e2b83f1f5dcc78046ced4077,135.405999,0.50834,275.405768,1,1,2026-04-09 20:32:13,btc-updown-5m-1775755200,2026-04-09T00:00:00Z
"Bitcoin Up or Down - April 9, 12:35PM-12:40PM ET",Down,0x5c78d0b1bc81af68086c06fb137dd9cff88bd1ef541193443e6c9fb61b7ff6d6,123.692564,0.519999,257.692306,1,1,2026-04-09 19:43:39,btc-updown-5m-1775752500,2026-04-09T00:00:00Z
"Bitcoin Up or Down - April 9, 12:05PM-12:10PM ET",Down,0xbcc00d5064f884fac7692a2ba6cd32f97b03042a99e68d0b00e45742f0901618,128.74536,0.509999,262.745097,1,1,2026-04-09 19:17:13,btc-updown-5m-1775750700,2026-04-09T00:00:00Z
"Bitcoin Up or Down - April 9, 11:10AM-11:15AM ET",Down,0xf85f786aedbaad170baa11c017275f1faa414c15e32494d994ebde0da8098367,-156.999691,0.509999,307.843136,0,1,2026-04-09 19:02:07,btc-updown-5m-1775747400,2026-04-09T00:00:00Z
"Bitcoin Up or Down - April 9, 11:25AM-11:30AM ET",Down,0x8a274561bc46ec7526f06a931b25832b0fb499141cc5c1b3802ba52cce56f781,318.650965,0.523185,668.290565,1,1,2026-04-09 18:51:49,btc-updown-5m-1775748300,2026-04-09T00:00:00Z
"Bitcoin Up or Down - April 9, 9:15AM-9:20AM ET",Down,0xaefa1c878e8bbbfffb559408c4c80076d4b1cac6d6e69bdc53bc976710ea5fcb,-148.999844,0.482928,308.534284,0,1,2026-04-09 18:07:07,btc-updown-5m-1775740500,2026-04-09T00:00:00Z
"Bitcoin Up or Down - April 9, 9:05AM-9:10AM ET",Up,0x72bb98b90f4c09aec9288f5e6682d3be2974cbf6e047d61215f47861b7a5a47c,-149.999725,0.499421,300.347253,0,1,2026-04-09 18:07:07,btc-updown-5m-1775739900,2026-04-09T00:00:00Z
"Bitcoin Up or Down - April 9, 8:40AM-8:45AM ET",Down,0xc3879e805d58db2a5d5ff266866937a7a249e1ab2af43a1e89966ccf3b3994d5,-131.999872,0.504262,261.76843,0,1,2026-04-09 18:07:07,btc-updown-5m-1775738400,2026-04-09T00:00:00Z
"Bitcoin Up or Down - April 9, 9:30AM-9:35AM ET",Up,0xe9bb0e724dc8fc8fbfb4fcb2971b358fc7ba3fd96d76be1ed88c7d6e3affa23c,-149.900852,0.519317,288.65,0,1,2026-04-09 18:07:07,btc-updown-5m-1775741400,2026-04-09T00:00:00Z
"Bitcoin Up or Down - April 9, 8:55AM-9:00AM ET",Down,0x79d40b42213a2ae4ccb5de9aa84866d2605663a28efc6fd22741d21784feca71,-149.999705,0.509999,294.117646,0,1,2026-04-09 18:07:07,btc-updown-5m-1775739300,2026-04-09T00:00:00Z
"Bitcoin Up or Down - April 9, 9:40AM-9:45AM ET",Down,0x5b1f735dbb94074a3227058f51e0aa6a0ea7c03239ab1d49b5de8c5327c9cab4,275.634685,0.476462,526.484582,1,1,2026-04-09 18:06:55,btc-updown-5m-1775742000,2026-04-09T00:00:00Z
"Bitcoin Up or Down - April 9, 1:10AM-1:15AM ET",Down,0x37d8d8eac819bc36592f5e6b047197edfce53cf29915db9eac3400b7dd6efca3,-164.999843,0.50728,325.263845,0,1,2026-04-09 08:29:59,btc-updown-5m-1775711400,2026-04-09T00:00:00Z
"Bitcoin Up or Down - April 9, 1:20AM-1:25AM ET",Down,0x062f24d39296718fc83b3dff6500ea921b0f8b33ffdfdf009ddc302190114848,195.527121,0.505654,395.526861,1,1,2026-04-09 08:29:47,btc-updown-5m-1775712000,2026-04-09T00:00:00Z
"Bitcoin Up or Down - April 9, 12:45AM-12:50AM ET",Down,0x6625eafad3bb6318cb7ac99430e4e718054eeaae04d88ee44c06301d64c3d7cc,135.334098,0.506681,274.333845,1,1,2026-04-09 07:52:35,btc-updown-5m-1775709900,2026-04-09T00:00:00Z
"Bitcoin Up or Down - April 9, 12:20AM-12:25AM ET",Up,0xde74ffe0db1d89b7700cfc13d66241b4bdd0697464ea0df619ad980b34682ae2,-135.99973,0.503751,269.974116,0,1,2026-04-09 07:41:17,btc-updown-5m-1775708400,2026-04-09T00:00:00Z
"Bitcoin Up or Down - April 9, 12:30AM-12:35AM ET",Up,0x862e3a7033671d8a41a182e638575dd4ca3e3ca12c846031faab253d29ca3694,151.024272,0.5128630000000001,310.024229,1,1,2026-04-09 07:41:07,btc-updown-5m-1775709000,2026-04-09T00:00:00Z
"Bitcoin Up or Down - April 9, 12:00AM-12:05AM ET",Down,0xe4730967bb2727de1961ab544023c6c98dd7aa78edad99d469fed3e39665fc9a,-164.99994400000003,0.50108,329.288626,0,1,2026-04-09 07:27:29,btc-updown-5m-1775707200,2026-04-09T00:00:00Z
"Bitcoin Up or Down - April 8, 11:40PM-11:45PM ET",Down,0xb5673165e3969d40419efdb28530a9468193ac178474fd4a1779cee07157d711,167.79774699999996,0.500301,335.797646,1,1,2026-04-09 06:47:29,btc-updown-5m-1775706000,2026-04-09T00:00:00Z
"Bitcoin Up or Down - April 8, 11:25PM-11:30PM ET",Down,0x16ed2b2d66fa7bc6a8216b14af810702020c42eec0206ec01f16a2be3af70677,140,0.5,280,1,1,2026-04-09 06:33:55,btc-updown-5m-1775705100,2026-04-09T00:00:00Z
"Bitcoin Up or Down - April 8, 10:00PM-10:05PM ET",Up,0x4a2722bb0925a2d864217c43a4ff76e462a10d40a055cb7587744937a8259167,-138.999726,0.509999,272.549018,0,1,2026-04-09 06:31:37,btc-updown-5m-1775700000,2026-04-09T00:00:00Z
"Bitcoin Up or Down - April 8, 10:20PM-10:25PM ET",Up,0x002caa245a75a779349f5ff2e15ea30b373c90580f2b46c9f95a59f3d4ed84e4,-181.99964200000002,0.509999,356.862744,0,1,2026-04-09 06:31:37,btc-updown-5m-1775701200,2026-04-09T00:00:00Z
"Bitcoin Up or Down - April 8, 9:20PM-9:25PM ET",Up,0x8fb9bb0c2cf1840a33ea6072260bae7133f8052d57332b0ffe30f9759c0c3da0,-122.999928,0.516193,238.282829,0,1,2026-04-09 06:31:37,btc-updown-5m-1775697600,2026-04-09T00:00:00Z
"Bitcoin Up or Down - April 8, 10:30PM-10:35PM ET",Down,0xf0a28d897c67dc9d786ca472f027097b2215b039f780e7bddaf105a4da0278d2,-149.999769,0.415108,361.351189,0,1,2026-04-09 06:31:37,btc-updown-5m-1775701800,2026-04-09T00:00:00Z
"Bitcoin Up or Down - April 8, 11:00PM-11:05PM ET",Down,0x3e6eb586d2d6feffd5501f2284813cf24d67ed929bd6adcec1e3ef349813f4d3,-149.999961,0.515262,291.113961,0,1,2026-04-09 06:31:37,btc-updown-5m-1775703600,2026-04-09T00:00:00Z
"Bitcoin Up or Down - April 8, 9:40PM-9:45PM ET",Up,0xa0713d69f016c887e9847ad6573288ba0bb878f13b6a9774d9747e13fd10c01f,-138.999979,0.50737,273.961763,0,1,2026-04-09 06:31:37,btc-updown-5m-1775698800,2026-04-09T00:00:00Z
"Bitcoin Up or Down - April 8, 11:10PM-11:15PM ET",Down,0x21ea526d9074ff3b24eb513b20ed890d3fa91f69cefb337a915c74ac37ca7593,116.996499,0.55,259.992221,1,0,2026-04-09 06:20:31,btc-updown-5m-1775704200,2026-04-09T00:00:00Z
"Bitcoin Up or Down - April 8, 10:45PM-10:50PM ET",Up,0x78fe00c0e47f20475e2a5041d2b1cb2e26f9994a8b8cfce8bb5f6ee4ff76d917,235.094798,0.515363,485.094614,1,1,2026-04-09 05:55:17,btc-updown-5m-1775702700,2026-04-09T00:00:00Z
"Bitcoin Up or Down - April 8, 9:50PM-9:55PM ET",Up,0xdba0268935b05571dd37474680dfae6af4f0ac7844b9264e410a697e4d46c73a,158.345071,0.502599,318.3449,1,1,2026-04-09 05:15:17,btc-updown-5m-1775699400,2026-04-09T00:00:00Z
"Bitcoin Up or Down - April 8, 9:30PM-9:35PM ET",Up,0x428ecb1ad3f3a56ba32dafd1f49630c742e0aec472c0319ba685715d650913d6,141.178586,0.516807,292.17846,1,1,2026-04-09 04:38:27,btc-updown-5m-1775698200,2026-04-09T00:00:00Z
"Bitcoin Up or Down - April 8, 8:55PM-9:00PM ET",Up,0xaebd8f491a67a0da4fda95bf194eef9aaf25e4942065e2c32a8d75e23853f257,141.632853,0.497101,281.6328,1,1,2026-04-09 04:13:27,btc-updown-5m-1775696100,2026-04-09T00:00:00Z
"Bitcoin Up or Down - April 8, 8:10PM-8:15PM ET",Up,0x453e91ca1ea8766c87dbde3671fcc16d58cca051e0b27154587a8a0f02290a7b,-129.999771,0.486606,267.156121,0,1,2026-04-09 03:54:27,btc-updown-5m-1775693400,2026-04-09T00:00:00Z
"Bitcoin Up or Down - April 8, 8:25PM-8:30PM ET",Up,0x9917c720868c9cb0a15b0d66c2add2ffa55ab7223f563e6f8e97f17478318033,-164,0.5,328,0,1,2026-04-09 03:54:27,btc-updown-5m-1775694300,2026-04-09T00:00:00Z
"Bitcoin Up or Down - April 8, 8:40PM-8:45PM ET",Up,0x4fcf73b262285faa383c00178bf21579599bc9d7069b9400329efb365e8dd8b5,142,0.5,284,1,1,2026-04-09 03:49:15,btc-updown-5m-1775695200,2026-04-09T00:00:00Z
"Bitcoin Up or Down - April 8, 7:45PM-7:50PM ET",Down,0x2c87e28a10b2ef037f5793e83d1e24bf455ecce1c0dd1745ba5befc056e47a86,-155,0.5,310,0,1,2026-04-09 03:09:11,btc-updown-5m-1775691900,2026-04-08T00:00:00Z
"Bitcoin Up or Down - April 8, 8:00PM-8:05PM ET",Down,0x5d26c9545b70e45e44660b83eb9e933251c6e7b0ca261156593c805615ee164b,167.850676,0.517463,347.850376,1,1,2026-04-09 03:08:55,btc-updown-5m-1775692800,2026-04-09T00:00:00Z
"Bitcoin Up or Down - April 8, 7:15PM-7:20PM ET",Down,0x1b2ed1682137fb56bf58a0693c644b62bf3aa2283e5d859b13b1f68747394e40,147,0.5,294,1,1,2026-04-09 02:31:23,btc-updown-5m-1775690100,2026-04-08T00:00:00Z
"Bitcoin Up or Down - April 8, 4:50PM-4:55PM ET",Down,0xbdea00dbfbb562dfce6daf07f57dc8a0828be3b87c942566811353184925c4b1,-139.999782,0.376288,372.05487,0,1,2026-04-09 02:10:13,btc-updown-5m-1775681400,2026-04-08T00:00:00Z
"Bitcoin Up or Down - April 8, 5:40PM-5:45PM ET",Down,0x26b40a1e15e584cda14cd0605d118f48f21b66776f465c72e0b7140c47faa3d1,152.103037,0.507921,309.102883,1,1,2026-04-09 02:10:03,btc-updown-5m-1775684400,2026-04-08T00:00:00Z
"Bitcoin Up or Down - April 8, 3:30PM-3:35PM ET",Down,0x5b992d3386b2822c422c8528804d9d383120eb026686ee4c1d66be148c1acc7c,-146.999877,0.49565,296.58,0,1,2026-04-08 22:50:31,btc-updown-5m-1775676600,2026-04-08T00:00:00Z
"Bitcoin Up or Down - April 8, 3:40PM-3:45PM ET",Down,0xaf27a13a3198b3bb725d2152f05ce3cc145312d9adc7f7d4a6fceaeadb160f86,158.930249,0.501677,318.930191,1,1,2026-04-08 22:49:51,btc-updown-5m-1775677200,2026-04-08T00:00:00Z
"Bitcoin Up or Down - April 8, 2:20PM-2:25PM ET",Up,0x0444db11209c7d15351e5f3ba32fc793cd11885f9924bfb332228e2e84c0a0e0,-149.999692,0.489999,306.122447,0,1,2026-04-08 22:14:51,btc-updown-5m-1775672400,2026-04-08T00:00:00Z
"Bitcoin Up or Down - April 8, 2:55PM-3:00PM ET",Down,0xbe349d4b4464726e704ebde0aeac834fe8db391266b388ded1729fc04313bd84,148.964941,0.501731,298.9649,1,1,2026-04-08 22:14:31,btc-updown-5m-1775674500,2026-04-08T00:00:00Z
"Bitcoin Up or Down - April 8, 2:35PM-2:40PM ET",Down,0x0b0baa7d3a5ec27c2ea5dc4e680a5691a63dad13b4ea707abba284a3b60dde5a,163.408483,0.489999,320.408162,1,1,2026-04-08 21:49:37,btc-updown-5m-1775673300,2026-04-08T00:00:00Z
"Bitcoin Up or Down - April 8, 12:05PM-12:10PM ET",Down,0x99627c008fb77f2f7e9e33c67d84e916c90f9f4e0f189737574af43d4cce79fe,153.664381,0.500545,307.664116,1,1,2026-04-08 19:19:19,btc-updown-5m-1775664300,2026-04-08T00:00:00Z
"Bitcoin Up or Down - April 8, 9:45AM-9:50AM ET",Down,0x604b890ae2b6950f1d68c6454e74d4bcb2318f2b3536e9704ccda9abdabd95e1,-146.999891,0.493372,297.9494,0,1,2026-04-08 19:01:21,btc-updown-5m-1775655900,2026-04-08T00:00:00Z
"Bitcoin Up or Down - April 8, 10:10AM-10:15AM ET",Down,0x603564d9250e7223c4acf36af5c5e2c7f0f2b4f6111539cb5d1438293e677b95,-210,0.5,420,0,1,2026-04-08 19:01:21,btc-updown-5m-1775657400,2026-04-08T00:00:00Z
"Bitcoin Up or Down - April 8, 9:55AM-10:00AM ET",Down,0x59baf426be699c509d4e0b8f0ace6da9496d8ce2cb0c7707ae2dd8eec27fc7d0,-159.99964300000002,0.4499989999999999,355.5555540000001,0,1,2026-04-08 19:01:21,btc-updown-5m-1775656500,2026-04-08T00:00:00Z
"Bitcoin Up or Down - April 8, 10:30AM-10:35AM ET",Down,0xd72306a71aec98e9f68bb778bf38f5f3a942bc056d0c2ecef093986d0f0fcc0a,446.363143,0.502062,896.423136,1,1,2026-04-08 17:40:19,btc-updown-5m-1775658600,2026-04-08T00:00:00Z
"Bitcoin Up or Down - April 8, 9:10AM-9:15AM ET",Down,0x1c4348ba04ec1dcc53372d5d50123d0754f5f2dc2ef09921117043593e48d0aa,124.151206,0.529999,264.150942,1,1,2026-04-08 16:40:23,btc-updown-5m-1775653800,2026-04-08T00:00:00Z
"Bitcoin Up or Down - April 8, 9:05AM-9:10AM ET",Down,0xaf93ed555ce1b202858893cd47e87b7d14602e350bedc78c9864804949415c62,-80.186348205,0.385905,259.131,0,2,2026-04-08 16:06:53,btc-updown-5m-1775653500,2026-04-08T00:00:00Z
"Bitcoin Up or Down - April 8, 1:05AM-1:10AM ET",Down,0x21026e76adcf3bb1b02918991e31eed6e07800ad0bd009bcc44f8518cb2ee5d4,-157.999689,0.509999,309.80392,0,1,2026-04-08 15:33:43,btc-updown-5m-1775624700,2026-04-08T00:00:00Z
"Bitcoin Up or Down - April 8, 1:20AM-1:25AM ET",Down,0x482b179b3e7cc5c9f320307a89d6e972ef593c7def002025e526e1e127f82502,-199.999847,0.512709,390.084527,0,1,2026-04-08 15:33:43,btc-updown-5m-1775625600,2026-04-08T00:00:00Z
"Bitcoin Up or Down - April 8, 1:30AM-1:35AM ET",Down,0xad9185580b31928487365e8043cf0565661debfe347343d9e189a71ed2ca14d4,143.902682,0.409999,243.902438,1,1,2026-04-08 15:33:29,btc-updown-5m-1775626200,2026-04-08T00:00:00Z
"Bitcoin Up or Down - April 8, 12:50AM-12:55AM ET",Down,0xf591430d6237c302e59a0a2f9d1e05b122d9ee9ca720ec05e13aa955ac55aeef,169.973149,0.521166,354.973017,1,1,2026-04-08 08:00:33,btc-updown-5m-1775623800,2026-04-08T00:00:00Z
"Bitcoin Up or Down - April 8, 12:35AM-12:40AM ET",Down,0x70b9509e269cd2176e833b1e508ddfabb87f001347a127bf649f1c06b038e637,-162.999725,0.530427,307.299073,0,1,2026-04-08 07:46:49,btc-updown-5m-1775622900,2026-04-08T00:00:00Z
"Bitcoin Up or Down - April 8, 12:20AM-12:25AM ET",Up,0x3da750a4bce27d1e4823f954d2c9a955f82a26d46d838049b653af1fd7189f3a,174.857484,0.489999,342.857141,1,1,2026-04-08 07:29:19,btc-updown-5m-1775622000,2026-04-08T00:00:00Z
"Bitcoin Up or Down - April 7, 11:55PM-12:00AM ET",Down,0x61f8d689e2a1c10515a22a761f137c928d3d30a4b8442344ffa8f0b3c6de6f5c,214.229141,0.511148,438.22903700000006,1,1,2026-04-08 07:06:59,btc-updown-5m-1775620500,2026-04-08T00:00:00Z
"Bitcoin Up or Down - April 7, 11:40PM-11:45PM ET",Down,0x92f3f75fb3d2e40668e1bd1019c75701ae6c6b2245cecd501c5e49482d780d81,123.941428,0.509999,252.941175,1,1,2026-04-08 06:48:07,btc-updown-5m-1775619600,2026-04-08T00:00:00Z
"Bitcoin Up or Down - April 7, 11:15PM-11:20PM ET",Down,0x12939ec7c0d386e93e26aec63f7418b9617dd7716b423e078e4d392ec63214b1,138.254745,0.503136,278.254704,1,1,2026-04-08 06:29:45,btc-updown-5m-1775618100,2026-04-08T00:00:00Z
"Bitcoin Up or Down - April 7, 10:40PM-10:45PM ET",Down,0xef779ac93894c583e519df9893f8834d53c7a2564f20a64a4559d02e71233931,-140,0.5,280,0,1,2026-04-08 06:04:59,btc-updown-5m-1775616000,2026-04-08T00:00:00Z
"Bitcoin Up or Down - April 7, 10:55PM-11:00PM ET",Down,0x04170e5e349701e9f72a64c593967e859c164795496b8d54d4e1550ef1accdef,125.944258,0.513624,258.944229,1,1,2026-04-08 06:04:39,btc-updown-5m-1775616900,2026-04-08T00:00:00Z
"Bitcoin Up or Down - April 7, 10:05PM-10:10PM ET",Down,0xe91c20148310684939438f8976e4d7d5850b378d863759b68e214e4afc97c6a0,-139.999988,0.5076250000000001,275.794116,0,1,2026-04-08 05:34:59,btc-updown-5m-1775613900,2026-04-08T00:00:00Z
"Bitcoin Up or Down - April 7, 10:25PM-10:30PM ET",Down,0x885b2f4f1d4897288b5d284a10d2764fe3a64d1252169f9ceae5cf7d45f61905,128.74536,0.509999,262.745097,1,1,2026-04-08 05:34:33,btc-updown-5m-1775615100,2026-04-08T00:00:00Z
"Bitcoin Up or Down - April 7, 9:30PM-9:35PM ET",Up,0xc7e196b5d02b43a6d725e151950bf6adb020ed148749c0c6f25334874664b2f1,119.429979,0.50119,239.429802,1,1,2026-04-08 04:41:29,btc-updown-5m-1775611800,2026-04-08T00:00:00Z
"Bitcoin Up or Down - April 7, 8:35PM-8:40PM ET",Down,0xa790844f6dff142d34ab623b0dfe16bc54ca666dd574f9f9fedad4bc7c54c157,-139.999941,0.525685,266.319073,0,1,2026-04-08 04:25:03,btc-updown-5m-1775608500,2026-04-08T00:00:00Z
"Bitcoin Up or Down - April 7, 9:15PM-9:20PM ET",Down,0xb1b9c9dcf97cd81ad66b5469bf3e7b099e37fdc2bd229bb36c4d9a8c517404a0,134.378497,0.510244,274.37846,1,1,2026-04-08 04:24:23,btc-updown-5m-1775610900,2026-04-08T00:00:00Z
"Bitcoin Up or Down - April 7, 8:45PM-8:50PM ET",Down,0x0aee4562e94197d31f516e4cdd217af4399159bfe2733f01d370b78d00ad7119,209.858744,0.516297,433.858678,1,1,2026-04-08 04:10:53,btc-updown-5m-1775609100,2026-04-08T00:00:00Z
"Bitcoin Up or Down - April 7, 6:35PM-6:40PM ET",Down,0x240f5e4d3aef5e005d052093121475898e9bcff99a18e3758742cfc22824771f,-299.999767,0.537234,558.415453,0,1,2026-04-08 03:31:07,btc-updown-5m-1775601300,2026-04-07T00:00:00Z
"Bitcoin Up or Down - April 7, 3:25PM-3:30PM ET",Up,0x639bea84cc4e6d0e9d039e2c187e54d24854ada62b46a72b97202846e1b22802,-309.259474,0.506178,610.969806,0,1,2026-04-08 03:31:07,btc-updown-5m-1775589900,2026-04-07T00:00:00Z
"Bitcoin Up or Down - April 7, 6:50PM-6:55PM ET",Down,0x1b1d319d6396145daba76d125828f06a164d690d583e804869fda36b13d34088,-229.99999500000004,0.518227,443.820942,0,1,2026-04-08 03:31:07,btc-updown-5m-1775602200,2026-04-07T00:00:00Z
"Bitcoin Up or Down - April 7, 2:20PM-2:25PM ET",Up,0x3ece9fd78bf974d3bfc31bd1ef58a5d3b64ebab5ac4813c4675e3aa7629d42e6,-225.43,0.5,450.86,0,1,2026-04-08 03:31:07,btc-updown-5m-1775586000,2026-04-07T00:00:00Z
"Bitcoin Up or Down - April 7, 2:05PM-2:10PM ET",Up,0x84d524a439be10a0febb20f39dd70fa3d001c3159e63eda0cc79cb5301ea7d18,-160,0.5,320,0,1,2026-04-08 03:31:07,btc-updown-5m-1775585100,2026-04-07T00:00:00Z
"Bitcoin Up or Down - April 7, 6:15PM-6:20PM ET",Up,0xf6bfbe32dca06119534045dd6c30d02c2ad4a3b746040d57651f5177331623f0,-159.999832,0.502647,318.314508,0,1,2026-04-08 03:31:07,btc-updown-5m-1775600100,2026-04-07T00:00:00Z
"Bitcoin Up or Down - April 7, 8:20PM-8:25PM ET",Down,0xa1acfc5dbecda10107fa811ab09279080530d09f63414da2c36345b182e520cb,169.771653,0.514621,349.771319,1,1,2026-04-08 03:30:53,btc-updown-5m-1775607600,2026-04-08T00:00:00Z
"Bitcoin Up or Down - April 7, 7:00PM-7:05PM ET",Down,0x0edf71d55701d0edc1d7c2fcf1aac15640ebbda0c3cce081275f570fd0a599c3,298.253422,0.501226,597.973075,1,1,2026-04-08 02:10:07,btc-updown-5m-1775602800,2026-04-07T00:00:00Z
"Bitcoin Up or Down - April 7, 6:40PM-6:45PM ET",Down,0xda44abf0e44005344bcd044b8a9bc5287d77b28bb583bb5797c84742cda9595f,290.633583,0.472202,550.65306,1,1,2026-04-08 01:49:03,btc-updown-5m-1775601600,2026-04-07T00:00:00Z
"Bitcoin Up or Down - April 7, 5:05PM-5:10PM ET",Up,0x42496e5c8e692dcaf794ad8a0b07fe9e72ceaeeaa9e8660005f2f8b0fb2392a7,151.795957,0.486822,295.795917,1,1,2026-04-08 00:20:19,btc-updown-5m-1775595900,2026-04-07T00:00:00Z
"Bitcoin Up or Down - April 7, 3:50PM-3:55PM ET",Up,0xbcdf48f537c559bb94b37b8f7ee1c0ea133515eb1f82babc002179a07f45f9f5,207.778154,0.4499989999999999,377.777776,1,1,2026-04-07 23:07:21,btc-updown-5m-1775591400,2026-04-07T00:00:00Z
"Bitcoin Up or Down - April 7, 1:40PM-1:45PM ET",Up,0xbed66dada1214711dcd8c3aa95f27da4ab2864a95e7964e60b7b28f247b73e48,-114.999916,0.476223,241.483332,0,1,2026-04-07 20:51:53,btc-updown-5m-1775583600,2026-04-07T00:00:00Z
"Bitcoin Up or Down - April 7, 1:30PM-1:35PM ET",Down,0xce7879137c3907a166ca5ec54975c016564f007084a547b502a4f2d1323e946a,-120.999999,0.51,237.2549,0,1,2026-04-07 20:51:53,btc-updown-5m-1775583000,2026-04-07T00:00:00Z
"Bitcoin Up or Down - April 7, 1:10PM-1:15PM ET",Down,0xa1cf4312b05d62b629b6bc0d7b80b82fe3c72cb9a741af3a7c039676ff76918d,135.840061,0.516308,280.84,1,1,2026-04-07 20:17:21,btc-updown-5m-1775581800,2026-04-07T00:00:00Z
"Bitcoin Up or Down - April 7, 12:25PM-12:30PM ET",Down,0x70a6183db3f146e4618f4ebc7a2537d1a3cb50efe21aa726f5360a88499489ce,-300.099871,0.508678,589.960391,0,1,2026-04-07 20:05:37,btc-updown-5m-1775579100,2026-04-07T00:00:00Z
"Bitcoin Up or Down - April 7, 12:55PM-1:00PM ET",Down,0x44715a08c5d02efe1e155b9905de319301c86506214096523569f0aa9cfba199,149.882657,0.509999,305.882351,1,1,2026-04-07 20:05:11,btc-updown-5m-1775580900,2026-04-07T00:00:00Z
"Bitcoin Up or Down - April 7, 11:45AM-11:50AM ET",Down,0xd2afb807aec1896dcc7f6464f134244c1ec1db0d8bb2a22f1c1f9854479c4404,-130,0.5,260,0,1,2026-04-07 19:20:57,btc-updown-5m-1775576700,2026-04-07T00:00:00Z
"Bitcoin Up or Down - April 7, 12:00PM-12:05PM ET",Down,0x0229c251d981b022c7f2b6c2c0456364b880e9cb0ae8f56a24fa6ea3113c4a85,-119.999763,0.509999,235.294116,0,1,2026-04-07 19:20:57,btc-updown-5m-1775577600,2026-04-07T00:00:00Z
"Bitcoin Up or Down - April 7, 12:10PM-12:15PM ET",Down,0xb0939f64a80c16f82fc24fe98bb665c8fa885d3312114c8c4e2c9a802c17fe63,-149.999705,0.509999,294.117646,0,1,2026-04-07 19:20:57,btc-updown-5m-1775578200,2026-04-07T00:00:00Z
"Bitcoin Up or Down - April 7, 9:10AM-9:15AM ET",Down,0xaed67ca849954c239895235208572928a9fc7fbab44cc0bf1ff0fb6a5a9360d3,-145,0.5,290,0,1,2026-04-07 18:40:21,btc-updown-5m-1775567400,2026-04-07T00:00:00Z
"Bitcoin Up or Down - April 7, 10:30AM-10:35AM ET",Down,0xba916d3cc4d5215de02555a664f77498fa3402f811f5e795f5175385a60082cb,151.407385,0.497665,301.4072,1,1,2026-04-07 17:44:13,btc-updown-5m-1775572200,2026-04-07T00:00:00Z
"Bitcoin Up or Down - April 7, 10:05AM-10:10AM ET",Down,0x0082ae8e087b4311a739515b0b1a0a40ebf174a092c11b071e11640eea15d7db,154.041117,0.489999,302.040815,1,1,2026-04-07 17:17:47,btc-updown-5m-1775570700,2026-04-07T00:00:00Z
"Bitcoin Up or Down - April 7, 9:25AM-9:30AM ET",Down,0x18bd11c5e405c6a927adc4c69fb208feed291b538fd41b8f461ee23a98494322,160,0.5,320,1,1,2026-04-07 16:36:31,btc-updown-5m-1775568300,2026-04-07T00:00:00Z
"Bitcoin Up or Down - April 7, 1:15AM-1:20AM ET",Down,0xfec6559e2fdeb57464f3cb69c0cc5d885bcdaeeb5c8631cbc9940fe49891103a,124.902214,0.509999,254.901959,1,1,2026-04-07 08:24:21,btc-updown-5m-1775538900,2026-04-07T00:00:00Z
"Bitcoin Up or Down - April 6, 10:45PM-10:50PM ET",Down,0x40c602013b9e4ab6aa87d837dfa66fc3b55a5dd62f3832d14aea851ea4348b22,-135.999889,0.514645,264.259614,0,1,2026-04-07 07:07:03,btc-updown-5m-1775529900,2026-04-07T00:00:00Z
"Bitcoin Up or Down - April 6, 11:40PM-11:45PM ET",Down,0x3a6967d5566998af5c1128ffb6a8aef7471f6128ff8772e8bb4fc0ed30b8f69e,-145,0.5,290,0,1,2026-04-07 07:07:03,btc-updown-5m-1775533200,2026-04-07T00:00:00Z
"Bitcoin Up or Down - April 6, 11:25PM-11:30PM ET",Down,0xe10a62ace9bac3a1bfec619b8d370b816c271bca89e7a4b7ae457833a66e206e,-130,0.5,260,0,1,2026-04-07 07:07:03,btc-updown-5m-1775532300,2026-04-07T00:00:00Z
"Bitcoin Up or Down - April 6, 10:20PM-10:25PM ET",Down,0xa15c6c658635f68868d5c1e90852c256f6203a07d219dabad100a08ad7699fd1,-130,0.5,260,0,1,2026-04-07 07:07:03,btc-updown-5m-1775528400,2026-04-07T00:00:00Z
"Bitcoin Up or Down - April 6, 10:55PM-11:00PM ET",Down,0x8806add01dabd23d5133a61691615ef76b0ec3059145ebd1d2b8556311c7a8b9,-128.99974600000002,0.509999,252.941175,0,1,2026-04-07 07:07:03,btc-updown-5m-1775530500,2026-04-07T00:00:00Z
"Bitcoin Up or Down - April 6, 9:15PM-9:20PM ET",Down,0x030e7548233dfd0cb25500769f2d9a7950799470fb4fc904aae80c2c72d80b27,-129.999808,0.489543,265.5534,0,1,2026-04-07 07:07:03,btc-updown-5m-1775524500,2026-04-07T00:00:00Z
"Bitcoin Up or Down - April 6, 11:55PM-12:00AM ET",Down,0x5eba918b10220877cb082c262e2be9874952e17a170b986d157c51c6ef621c2e,299.294531,0.509999,610.80392,1,1,2026-04-07 07:06:53,btc-updown-5m-1775534100,2026-04-07T00:00:00Z
"Bitcoin Up or Down - April 6, 11:05PM-11:10PM ET",Down,0x79d979631e7442f721a6af5a8bf85dc4a61b77745dbaedae5044ec25e704467b,200,0.5,400,1,1,2026-04-07 06:14:13,btc-updown-5m-1775531100,2026-04-07T00:00:00Z
"Bitcoin Up or Down - April 6, 10:35PM-10:40PM ET",Down,0x8525103fed2acbd1b18fcbf270a9e1a0258107476c4b0bc6928e795fe1572ace,-81.394685995,0.254313,393.215,0,2,2026-04-07 05:37:45,btc-updown-5m-1775529300,2026-04-07T00:00:00Z
"Bitcoin Up or Down - April 6, 10:30PM-10:35PM ET",Up,0xf104c47af14aad35ad72f782224805869bebabeb0914f4514011d06060c0b7d8,-18.32804167953,0.36301,275.474053,0,2,2026-04-07 05:33:45,btc-updown-5m-1775529000,2026-04-07T00:00:00Z
"Bitcoin Up or Down - April 6, 9:55PM-10:00PM ET",Down,0xa752c41960bc8b083ea74c2714609f4bd4f51d01e8eae7ceb403c375a863ee93,121.548914,0.516798,251.548865,1,1,2026-04-07 05:03:39,btc-updown-5m-1775526900,2026-04-07T00:00:00Z
"Bitcoin Up or Down - April 6, 9:35PM-9:40PM ET",Down,0x88aa4666f91cb0fbcab89c9b7b83b55c8698f57f9be2c17f78d1d2bce4bc1781,122.391723,0.515072,252.39153699999997,1,1,2026-04-07 04:45:05,btc-updown-5m-1775525700,2026-04-07T00:00:00Z
"Bitcoin Up or Down - April 6, 9:25PM-9:30PM ET",Down,0xfbcbe6e8a83d25abd0d05a2781de7fdad1bfaa4c71dd449118592ac2473fb124,104.54802792,0.288508,346.61000000000007,1,2,2026-04-07 04:28:35,btc-updown-5m-1775525100,2026-04-07T00:00:00Z
"Bitcoin Up or Down - April 6, 9:20PM-9:25PM ET",Down,0x37c64e7703fbb38c30d5c256333573f6c39e8406c0a34e9c8aa4cf767de1ee3d,100.71994020333199,0.299999,333.333332,1,2,2026-04-07 04:23:45,btc-updown-5m-1775524800,2026-04-07T00:00:00Z
Milwaukee Brewers vs. Boston Red Sox,Milwaukee Brewers,0x5dacbec31ab3832f8478825a8dafe74c7df8d59ee15e1ae63b4785600a6a423d,-17.18031747,0.447495,223.466,1,2,2026-04-07 04:21:17,mlb-mil-bos-2026-04-06,2026-04-13T00:00:00Z
Knicks vs. Hawks,Knicks,0x886e32ed39f06fefd8c1c8c771a145cc48277b759de2f2e160019511a09e19e9,11.0715,0.39999999999999997,275,1,2,2026-04-07 04:11:53,nba-nyk-atl-2026-04-06,2026-04-06T00:00:00Z
"Bitcoin Up or Down - April 6, 8:50PM-8:55PM ET",Down,0x81dad110fe414e07655af6b5aba1bdffa91d8f9cf3e206b06bc8b8f6bf318ffa,118.150792,0.503882,238.150587,1,1,2026-04-07 03:58:01,btc-updown-5m-1775523000,2026-04-07T00:00:00Z
"Bitcoin Up or Down - April 6, 6:10PM-6:15PM ET",Down,0xda8ca0b06bc49752a80373afa930738c4690d5df4645c2d6372e860fd2206e61,-219.999737,0.494495,444.8978,0,1,2026-04-07 03:48:23,btc-updown-5m-1775513400,2026-04-06T00:00:00Z
"Bitcoin Up or Down - April 6, 8:35PM-8:40PM ET",Up,0xd98a608725e470f5bcb1088bb078cdac47b59e81e4ab123f55b8c1acea5d7ad6,-119.999944,0.531464,225.791295,0,1,2026-04-07 03:48:23,btc-updown-5m-1775522100,2026-04-07T00:00:00Z
Kansas City Royals vs. Cleveland Guardians,Kansas City Royals,0x85b1da570e8a31781951d4c62088d07cac141280a23a21e2a134305ee46ca9a3,70.975508673332,0.479999,258.333332,1,2,2026-04-07 03:19:59,mlb-kc-cle-2026-04-06,2026-04-13T00:00:00Z
"Bitcoin Up or Down - April 6, 7:25PM-7:30PM ET",Down,0x17a2cd35d3d1282ae0e9695c9c230fe49b1191cfa5a77a06bea990062d40d48e,150.09647,0.489635,294.096325,1,1,2026-04-07 02:36:25,btc-updown-5m-1775517900,2026-04-06T00:00:00Z
"Bitcoin Up or Down - April 6, 6:20PM-6:25PM ET",Down,0xace9f6a1c611129aca02ba320b85606c04557eccb4cba32267d0a643c8439378,273.566124,0.523201,573.755659,1,1,2026-04-07 01:35:31,btc-updown-5m-1775514000,2026-04-06T00:00:00Z
"Bitcoin Up or Down - April 6, 4:05PM-4:10PM ET",Down,0x7de9b4ae833bcbee4e1b53619a37a2f829111eb23c3396489b4db9b10ce06855,-129.999904,0.49656,261.801,0,1,2026-04-07 01:08:11,btc-updown-5m-1775505900,2026-04-06T00:00:00Z
"Bitcoin Up or Down - April 6, 1:50PM-1:55PM ET",Down,0xede0f5610a7b15a711250e38f36e87df2a8f1d502828fec4d2dfb6d88641fcf9,-148.999756,0.5174,287.977883,0,1,2026-04-07 01:08:11,btc-updown-5m-1775497800,2026-04-06T00:00:00Z
"Bitcoin Up or Down - April 6, 4:40PM-4:45PM ET",Up,0x3b6bfaa33139e1f79e2f36c816eb6aeb1d4634519edaca7819735b2d276dfe8d,-139.999713,0.489999,285.714284,0,1,2026-04-07 01:08:11,btc-updown-5m-1775508000,2026-04-06T00:00:00Z
"Bitcoin Up or Down - April 6, 4:15PM-4:20PM ET",Down,0x8b5ffe82d93c15844a97ae7b3e92d9ef9cc753b53967333612ad5b8cd4c44a92,-169.999747,0.500937,339.3635280000001,0,1,2026-04-07 01:08:11,btc-updown-5m-1775506500,2026-04-06T00:00:00Z
"Bitcoin Up or Down - April 6, 5:30PM-5:35PM ET",Down,0x40c110234dc3a74886bc23acd443adce10d4a0bf7eac389d819685e430ac1393,134.677423,0.507897,273.677306,1,1,2026-04-07 00:43:59,btc-updown-5m-1775511000,2026-04-06T00:00:00Z
"Bitcoin Up or Down - April 6, 5:00PM-5:05PM ET",Down,0x2adfc2c3aad8d4099c2c99ab53c613458db549114724b40fa29d66e5dcae2f12,135.099074,0.531067,288.098886,1,1,2026-04-07 00:19:23,btc-updown-5m-1775509200,2026-04-06T00:00:00Z
"Bitcoin Up or Down - April 6, 3:30PM-3:35PM ET",Down,0x309b75860c4964e9150f1286bdc5bca8ef55e4e4255646a374852c8a2e6fccd2,134.510077,0.509999,274.509802,1,1,2026-04-06 22:41:51,btc-updown-5m-1775503800,2026-04-06T00:00:00Z
"Bitcoin Up or Down - April 6, 2:00PM-2:05PM ET",Down,0x16b6105aea210044872f75bd4e305fa4d8af6dc9b52be7f63fea4173681ac415,203.21247099999997,0.519833,423.212074,1,1,2026-04-06 21:07:13,btc-updown-5m-1775498400,2026-04-06T00:00:00Z
"Bitcoin Up or Down - April 6, 1:35PM-1:40PM ET",Down,0x64e21841ecf2cc7943ffbb130660891ef49f70378186d518295b18f3bf0d3868,144.334811,0.512933,296.334614,1,1,2026-04-06 20:43:19,btc-updown-5m-1775496900,2026-04-06T00:00:00Z
"Bitcoin Up or Down - April 6, 1:25PM-1:30PM ET",Down,0x3ddbe79126c3a2e7ece5420e400df9ea416fc422537e950bed6d077c2c73fd68,-160,0.5,320,0,1,2026-04-06 20:42:49,btc-updown-5m-1775496300,2026-04-06T00:00:00Z
"Bitcoin Up or Down - April 6, 10:50AM-10:55AM ET",Down,0xcbeb684ebd186f6a24990a1cd02c6d9365b9a10b0dd14ba4bd49f46b569df7f1,-139.99975,0.472694,296.174165,0,1,2026-04-06 20:21:43,btc-updown-5m-1775487000,2026-04-06T00:00:00Z
"Bitcoin Up or Down - April 6, 12:25PM-12:30PM ET",Up,0x2f67e5867794fd71659c1e8233d2479ea865c417aea11706c976683886b3ec5f,-119.99995800000002,0.49846,240.7414,0,1,2026-04-06 20:21:43,btc-updown-5m-1775492700,2026-04-06T00:00:00Z
"Bitcoin Up or Down - April 6, 10:10AM-10:15AM ET",Down,0x6aae003019d6de6c78db6fb9ac1eddb908bfb4f44d557ecd536ae88061fb3cef,-134.999768,0.483164,279.407754,0,1,2026-04-06 20:21:43,btc-updown-5m-1775484600,2026-04-06T00:00:00Z
"Bitcoin Up or Down - April 6, 10:20AM-10:25AM ET",Down,0x569e022d5a9ac269e82d2657841b66e0c377d193964974a6714b89404fb5479f,-129.999744,0.499272,260.3786,0,1,2026-04-06 20:21:43,btc-updown-5m-1775485200,2026-04-06T00:00:00Z
"Bitcoin Up or Down - April 6, 11:00AM-11:05AM ET",Down,0xe70c732f5fece9cb10cda30bc38056510df453a63e2b500988c84aaad1d04324,177.997379,0.529104,377.997221,1,1,2026-04-06 18:34:59,btc-updown-5m-1775487600,2026-04-06T00:00:00Z
"Bitcoin Up or Down - April 6, 10:35AM-10:40AM ET",Down,0x0509da5348e03dc9c14aee9a1f4383158f292346b5c689f2ec8e7da9e620d9a8,129.578374,0.526357,273.578147,1,1,2026-04-06 17:48:51,btc-updown-5m-1775486100,2026-04-06T00:00:00Z
"Bitcoin Up or Down - April 6, 8:35AM-8:40AM ET",Down,0x3a196d329b1a8114f0c0ce3f5381f9270f3473cb3e6604dfdb2470a3a15484a8,-114.999938,0.494432,232.59,0,1,2026-04-06 16:44:35,btc-updown-5m-1775478900,2026-04-06T00:00:00Z
Rolex Monte Carlo Masters: Francisco Cerundolo vs Stefanos Tsitsipas,Stefanos Tsitsipas,0x52ca1dfe70212b7b58a8e2f76b993efd90080969d3df29944437cefdd7da4b18,-46.4048,0.48,281.25,0,2,2026-04-06 16:44:19,atp-cerundo-tsitsip-2026-04-06,2026-04-13T00:00:00Z
Will Vålerenga Fotball win on 2026-04-06?,Yes,0x4d6b869e89f136bf1b81a523a49c51bddaabd3bdc37d04347a2f44507125aa1c,-75.75729565969799,0.329999,303.030302,0,2,2026-04-06 16:44:09,nor-vif-vik-2026-04-06,2026-04-06T00:00:00Z
"Bitcoin Up or Down - April 6, 8:55AM-9:00AM ET",Down,0x950658a9cd2b95d28c3e6b078ed92f9eb9a90440d4bfd6234625d22dc0f76d95,187.34730499999998,0.489999,367.3469370000001,1,1,2026-04-06 16:05:29,btc-updown-5m-1775480100,2026-04-06T00:00:00Z
"Bitcoin Up or Down - April 6, 12:40AM-12:45AM ET",Down,0xa0c457a396169cec32a6723c5e7f112a9014b976296da61b0b05bf2a93a4c9b6,138,0.5,276,1,1,2026-04-06 07:49:51,btc-updown-5m-1775450400,2026-04-06T00:00:00Z
"Bitcoin Up or Down - April 6, 12:20AM-12:25AM ET",Down,0x9b572d3091a3aad9cb6941c1bc6937a23565e9747807fe4ce936e3e2fb3de30c,125.671953,0.508464,255.671922,1,1,2026-04-06 07:32:39,btc-updown-5m-1775449200,2026-04-06T00:00:00Z
"Bitcoin Up or Down - April 5, 10:35PM-10:40PM ET",Up,0xe1cab737d089024cc30274284f0f56ee928d8fc7a9eea0ce174f36c3f42386ed,-119.999977,0.505003,237.622306,0,1,2026-04-06 07:16:57,btc-updown-5m-1775442900,2026-04-06T00:00:00Z
"Bitcoin Up or Down - April 5, 11:25PM-11:30PM ET",Down,0x656202b52d67cc856388387b543d232ecd95d2c4744d740f522ecae2bca24840,-107.999873,0.507931,212.627057,0,1,2026-04-06 07:16:57,btc-updown-5m-1775445900,2026-04-06T00:00:00Z
"Bitcoin Up or Down - April 5, 11:40PM-11:45PM ET",Down,0x2e790449dc25f543f60045761ef5063487b6ec49635ab6dd4500e32891ba3628,168.97757,0.508754,343.9775,1,1,2026-04-06 06:50:21,btc-updown-5m-1775446800,2026-04-06T00:00:00Z
"Bitcoin Up or Down - April 5, 11:35PM-11:40PM ET",Down,0x1b9a940023369fa508f7cb65db8ad3fec082b67d6f3d3a341bb03be86cf86930,43.704096608263995,0.342981,291.560856,1,2,2026-04-06 06:37:53,btc-updown-5m-1775446500,2026-04-06T00:00:00Z
"Bitcoin Up or Down - April 5, 11:05PM-11:10PM ET",Down,0xb1114b170f19b580a54dd773f220a64bf3a8da65e4bb8d4b5bb7a440cd092e52,31.174925834150002,0.301275,331.921934,1,2,2026-04-06 06:06:57,btc-updown-5m-1775444700,2026-04-06T00:00:00Z
"Bitcoin Up or Down - April 5, 10:50PM-10:55PM ET",Down,0x524ec88013a8307578955ff65356d27c01c0c56ce94e2a60ee5087a65ac538bd,148.62598,0.519982,309.625848,1,1,2026-04-06 06:00:47,btc-updown-5m-1775443800,2026-04-06T00:00:00Z
"Bitcoin Up or Down - April 5, 9:15PM-9:20PM ET",Down,0xbe4494ba2a41d67349363ef17e718fe4227ede462e21b7f843c54858044492d0,-130,0.5,260,0,1,2026-04-06 05:30:45,btc-updown-5m-1775438100,2026-04-06T00:00:00Z
"Bitcoin Up or Down - April 5, 10:10PM-10:15PM ET",Down,0x81998b148f4eae5461b319944323d4404244f5110f9c4c4e3f59ace8b339f624,-126.999775,0.507771,250.112306,0,1,2026-04-06 05:30:45,btc-updown-5m-1775441400,2026-04-06T00:00:00Z
"Bitcoin Up or Down - April 5, 9:25PM-9:30PM ET",Down,0x0cce9cd6d98a5266d7a4af0893d628c04025490a07b3a760698d145da4a5a4c1,-129.999733,0.489999,265.306121,0,1,2026-04-06 05:30:45,btc-updown-5m-1775438700,2026-04-06T00:00:00Z
"Bitcoin Up or Down - April 5, 10:20PM-10:25PM ET",Down,0x7f687b7b9bd8a911b3f69ed8d35a7dc7a968f83dd02a6a3d15e5b79d70866f31,96.078626,0.509999,196.07843000000003,1,1,2026-04-06 05:27:39,btc-updown-5m-1775442000,2026-04-06T00:00:00Z
"Bitcoin Up or Down - April 5, 9:40PM-9:45PM ET",Down,0xfb45c0638f29708fe64aba33f242add884cac275990eec7cc4a413c14816a153,137.163324,0.506896,278.163075,1,1,2026-04-06 04:47:37,btc-updown-5m-1775439600,2026-04-06T00:00:00Z
"Bitcoin Up or Down - April 5, 9:35PM-9:40PM ET",Down,0xd423dd4cdc1d7158df35862ed4e3043985b94e7d38fdc9077fed8920910d970c,4.576022352221001,0.4499989999999999,222.222221,0,2,2026-04-06 04:36:37,btc-updown-5m-1775439300,2026-04-06T00:00:00Z
"Bitcoin Up or Down - April 5, 9:00PM-9:05PM ET",Down,0x7fb1222317d14e48627d7f8466224a13787be02e2fd97060db1d887930cc05d7,129.543833,0.515803,267.543652,1,1,2026-04-06 04:10:57,btc-updown-5m-1775437200,2026-04-06T00:00:00Z
"Bitcoin Up or Down - April 5, 8:10PM-8:15PM ET",Up,0x7508229eedb8d210aca04de6b46ab1ab10fe82d69d100c49e40d43824110cf38,-129.999998,0.470031,276.5775,0,1,2026-04-06 03:50:31,btc-updown-5m-1775434200,2026-04-06T00:00:00Z
"Bitcoin Up or Down - April 5, 8:25PM-8:30PM ET",Up,0x10ef2ed87178bacb332da132f24b92ef16f43831249ffc2dfc6ac3fca6c05663,-120,0.5,240,0,1,2026-04-06 03:50:31,btc-updown-5m-1775435100,2026-04-06T00:00:00Z
"Bitcoin Up or Down - April 5, 8:35PM-8:40PM ET",Up,0x5b43cfb955b57f2928e5b3a162acf1738de9558d0d78cdc12a33d71d1d32c59d,193.254755,0.508576,393.254614,1,1,2026-04-06 03:46:51,btc-updown-5m-1775435700,2026-04-06T00:00:00Z
"Bitcoin Up or Down - April 5, 6:55PM-7:00PM ET",Up,0x72caf93bac20581eb360b7bef68cc81412d3b07e3b1e839db916e8762a61f2c9,144.432342,0.473705,274.43229,1,1,2026-04-06 02:02:47,btc-updown-5m-1775429700,2026-04-05T00:00:00Z
"Bitcoin Up or Down - April 5, 6:15PM-6:20PM ET",Down,0x2afc1a1a2fc5a7d904a5a444363cf4c74a46593564974662c64343840b3e3866,137.269461,0.4864,267.2692,1,1,2026-04-06 01:22:35,btc-updown-5m-1775427300,2026-04-05T00:00:00Z
"Bitcoin Up or Down - April 5, 5:20PM-5:25PM ET",Down,0xa17587ea224742ad0a9694fb4e1c83d97fe27caef20daf048f9b62dac1f0848a,122.494829,0.524282,257.494628,1,1,2026-04-06 00:33:59,btc-updown-5m-1775424000,2026-04-05T00:00:00Z
"Bitcoin Up or Down - April 5, 5:05PM-5:10PM ET",Up,0x74176141d1dd4f9601ca1934a62f7a56f4fd9916afc86bf2b3477fb67c63f322,114.71978599999998,0.502774,230.719606,1,1,2026-04-06 00:13:27,btc-updown-5m-1775423100,2026-04-05T00:00:00Z
Will Paris FC win on 2026-04-05?,Yes,0xb8e93b456e0ffeddd7e8035ebb4bc0c1ae6f691c1ef1948f8ed691419d062054,-99.999677,0.309999,322.580644,0,1,2026-04-06 00:12:51,fl1-lor-pfc-2026-04-05,2026-04-05T00:00:00Z
"Bitcoin Up or Down - April 5, 1:25PM-1:30PM ET",Down,0x23ca3e65cad61d8842d62cccfb2c5630b1bf244eade1a194a654e35b5f7f2eb5,-129.999689,0.419999,309.523808,0,1,2026-04-06 00:12:51,btc-updown-5m-1775409900,2026-04-05T00:00:00Z
"Bitcoin Up or Down - April 5, 1:15PM-1:20PM ET",Up,0x734abac0c8811f6b8f05c80bd3b89e4542c6a3abf31c108980dd70413cb2d809,-129.99991,0.477943,271.998774,0,1,2026-04-06 00:12:51,btc-updown-5m-1775409300,2026-04-05T00:00:00Z
"Bitcoin Up or Down - April 5, 4:40PM-4:45PM ET",Up,0x468b1a514a3c0234966bdf9c122b3869540ec66ebb3a5b7be6f9ecac88380786,-129.999819,0.447932,290.222221,0,1,2026-04-06 00:12:51,btc-updown-5m-1775421600,2026-04-05T00:00:00Z
"Bitcoin Up or Down - April 5, 4:55PM-5:00PM ET",Up,0x5417a3f566aa4a52912ffa3464af0eb7dc10eb304c1cbd5c1a9255c179f26b89,110.949776,0.474046,210.949582,1,1,2026-04-06 00:11:17,btc-updown-5m-1775422500,2026-04-05T00:00:00Z
"Bitcoin Up or Down - April 5, 2:15PM-2:20PM ET",Down,0x62bea2c039277810571e1e52ac1446af308b7df2e776161c3736544f1ca3508f,133.298501,0.493736,263.2984,1,1,2026-04-05 21:28:05,btc-updown-5m-1775412900,2026-04-05T00:00:00Z
"Bitcoin Up or Down - April 5, 1:35PM-1:40PM ET",Up,0x7fa525e85e2a08c844ddd094cf8d1db37554444a6db83310c2bdecd700487faa,216.974842,0.503461,436.974422,1,1,2026-04-05 20:43:21,btc-updown-5m-1775410500,2026-04-05T00:00:00Z
Will FC Metz win on 2026-04-05?,Yes,0x0c4109553b062ba20856b3287f73f131760ffb9081d62d44e289359fed9dc7cc,50.298274131962,0.359274,278.338887,0,2,2026-04-05 19:08:29,fl1-met-nan-2026-04-05,2026-04-05T00:00:00Z
"Bitcoin Up or Down - April 5, 11:40AM-11:45AM ET",Up,0x97379c34388937fa4e471bcf10e0165a68625ebfdd8b2f2dbebc08f9a91615f3,132.961233,0.494369,262.96099999999996,1,1,2026-04-05 18:47:45,btc-updown-5m-1775403600,2026-04-05T00:00:00Z
"Bitcoin Up or Down - April 5, 11:35AM-11:40AM ET",Up,0x62ddcc6d9da9c04e5223f43155887ff6e395b3dd972d4cce52bc66c8fa8686d4,5.865125713825,0.296295,168.750665,0,2,2026-04-05 18:36:45,btc-updown-5m-1775403300,2026-04-05T00:00:00Z
"Bitcoin Up or Down - April 5, 10:30AM-10:35AM ET",Down,0x2d3ff0cc2f73ae6dddfd53ba6e9360a65b1f84f281920808cc7e7b017466ed73,141.804175,0.505571,286.80392,1,1,2026-04-05 17:47:51,btc-updown-5m-1775399400,2026-04-05T00:00:00Z
"Bitcoin Up or Down - April 5, 2:40AM-2:45AM ET",Up,0x2c04164b5f3cb6c389abdc30e5cde7f530e3105169df7f00085d02f6e233290d,232.65909800000003,0.511896,476.658865,1,1,2026-04-05 09:47:13,btc-updown-5m-1775371200,2026-04-05T00:00:00Z
"Bitcoin Up or Down - April 5, 1:30AM-1:35AM ET",Down,0x0e7f4b352fa7fe6000eb5c36f69a832d6009cf988693341723010d2ff4ac10ec,-250.309703,0.356416,702.296485,0,1,2026-04-05 09:36:53,btc-updown-5m-1775367000,2026-04-05T00:00:00Z
"Bitcoin Up or Down - April 5, 2:20AM-2:25AM ET",Down,0xf95b86b17e4c81665599d08de008a4bc1ea4694314d57bd2c698c2d0a09f7ea9,-131.999929,0.51864,254.511665,0,1,2026-04-05 09:36:53,btc-updown-5m-1775370000,2026-04-05T00:00:00Z
"Bitcoin Up or Down - April 5, 1:25AM-1:30AM ET",Down,0x048f6c10d403e74ba63f9903ed68214c23311a26c2d9da1d7ccc2670432e6168,-249.999729,0.542248,461.043156,0,1,2026-04-05 09:36:53,btc-updown-5m-1775366700,2026-04-05T00:00:00Z
"Bitcoin Up or Down - April 5, 2:35AM-2:40AM ET",Up,0xbece15db9cc67754086c1840d32e2da06a63ca1d5a1926e7ebec6b6f33ea0ec4,10.839581449999999,0.34538699999999994,289.53,0,2,2026-04-05 09:36:33,btc-updown-5m-1775370900,2026-04-05T00:00:00Z
"Bitcoin Up or Down - April 5, 2:10AM-2:15AM ET",Down,0x2fa1d7cbd923268028c79eb553b8b5d85d2f1306882eec9c9615249bd718a475,158.313328,0.536164,341.313155,1,1,2026-04-05 09:17:55,btc-updown-5m-1775369400,2026-04-05T00:00:00Z
"Bitcoin Up or Down - April 5, 1:55AM-2:00AM ET",Down,0x557a318493fa0b84ec8bda69af81fac59aa1e521b84c7133f1a99564d5458054,159.872619,0.500199,319.872548,1,1,2026-04-05 09:06:39,btc-updown-5m-1775368500,2026-04-05T00:00:00Z
"Bitcoin Up or Down - April 5, 1:00AM-1:05AM ET",Down,0x255fd906834609b78ade74fee151ae31a54095b428cef43569121100e562bc97,-99.999905,0.475967,210.0984,0,1,2026-04-05 08:31:53,btc-updown-5m-1775365200,2026-04-05T00:00:00Z
"Bitcoin Up or Down - April 5, 1:10AM-1:15AM ET",Up,0x14a3f02cdde264ee5a0a6fa14f304bf8c468f448a56cc984e709cf7c79827c81,-150.999671,0.459999,328.260868,0,1,2026-04-05 08:31:53,btc-updown-5m-1775365800,2026-04-05T00:00:00Z
"Bitcoin Up or Down - April 5, 12:50AM-12:55AM ET",Down,0x413415d893306b82bd520b07a86dd3394242e59cf422b32bbd9e53b7645e8f82,-153,0.45,340,0,1,2026-04-05 08:31:53,btc-updown-5m-1775364600,2026-04-05T00:00:00Z
"Bitcoin Up or Down - April 5, 12:40AM-12:45AM ET",Up,0x88a02e738c17d04e943810d81feb1db8d199e3f2857677db586be0457a860013,-109.39163525130601,0.459999,282.608694,0,2,2026-04-05 07:43:21,btc-updown-5m-1775364000,2026-04-05T00:00:00Z
"Bitcoin Up or Down - April 5, 12:30AM-12:35AM ET",Down,0x7b13eda368553b0b48183ea63ea3d9c5057f36c03afaec09d99d1beb3125f18e,104.081835,0.489999,204.081631,1,1,2026-04-05 07:37:15,btc-updown-5m-1775363400,2026-04-05T00:00:00Z
"Bitcoin Up or Down - April 5, 12:15AM-12:20AM ET",Down,0xa7f37d75fd57b3566f01d193bfec14a773683c844369e4f53a8b16b61a057896,-104.999955,0.485292,216.364488,0,1,2026-04-05 07:25:49,btc-updown-5m-1775362500,2026-04-05T00:00:00Z
"Bitcoin Up or Down - April 4, 6:40PM-6:45PM ET",Down,0xf404646cffa92f1c5b8e469662c78f5367401b382a1d05c7102a849e47b594ac,-119.999763,0.509999,235.294116,0,1,2026-04-05 07:25:49,btc-updown-5m-1775342400,2026-04-04T00:00:00Z
"Bitcoin Up or Down - April 5, 12:05AM-12:10AM ET",Up,0x9776227b80a2b8a76e4ec8f45f2ae2b71e3a32aefcf4bdf028bff902146052b5,-119.999982,0.49059,244.6034,0,1,2026-04-05 07:25:49,btc-updown-5m-1775361900,2026-04-05T00:00:00Z
Flames vs. Ducks,Flames,0x2a6f15b1d468dafc56d89f4792c6cb20cdd64e0e2923c5083c02fa610372f4f1,84.187333562726,0.439999,227.272726,1,2,2026-04-05 06:41:23,nhl-cal-ana-2026-04-04,2026-04-05T00:00:00Z
"Bitcoin Up or Down - April 4, 10:40PM-10:45PM ET",Down,0xb188c65552b608e12e62f59f7cc04a01f64cd99dd649609be45acb6409a8a9e6,119.863109,0.500285,239.86294,1,1,2026-04-05 05:47:41,btc-updown-5m-1775356800,2026-04-05T00:00:00Z
"Bitcoin Up or Down - April 4, 9:25PM-9:30PM ET",Down,0xe31090d47fd1ce8388fcc68553a63f5fdb6b618fd055f42f2a73fafbebf4d71a,135.864939,0.48896999999999996,265.8649,1,1,2026-04-05 04:44:15,btc-updown-5m-1775352300,2026-04-05T00:00:00Z
Jets vs. Blue Jackets,Jets,0x055555e34395d6587cf038f349edaed830f14c0d6853aee428e42bdd29d3c990,120.22409584947201,0.4440779999999999,337.777776,1,2,2026-04-05 04:10:17,nhl-wpg-cbj-2026-04-04,2026-04-04T00:00:00Z
"Bitcoin Up or Down - April 4, 6:50PM-6:55PM ET",Down,0xccbd329bee8a180e105628720dbaef6a316b73a34c9b2b83c586724f72a8312c,346.327851,0.523429,726.7077759999999,1,1,2026-04-05 01:57:03,btc-updown-5m-1775343000,2026-04-04T00:00:00Z
"Bitcoin Up or Down - April 4, 6:15PM-6:20PM ET",Down,0xf9f8eafc681681059be725832d9ffeab5d4d1e35079e05c1051dca6ab583aa98,-213.999817,0.42991,497.77818,0,1,2026-04-05 01:34:53,btc-updown-5m-1775340900,2026-04-04T00:00:00Z
"Bitcoin Up or Down - April 4, 6:20PM-6:25PM ET",Down,0xd796b6eec7afd4ed964bc957c9ccb7f3da4836fcc8cdfc0e478091d1ed3580ba,-129.999989,0.4721659999999999,275.326875,0,1,2026-04-05 01:34:53,btc-updown-5m-1775341200,2026-04-04T00:00:00Z
"Bitcoin Up or Down - April 4, 5:30PM-5:35PM ET",Down,0x079da21ba506d95ae4256a64b600bd67c76151b19e92edaff22089e5b29f350a,-99.999978,0.440933,226.791776,0,1,2026-04-05 01:34:53,btc-updown-5m-1775338200,2026-04-04T00:00:00Z
"Bitcoin Up or Down - April 4, 6:05PM-6:10PM ET",Down,0x83525710f25c861c3b5ff8c0f5aae9b9b781140bb30b69e279fdfce17cc12e02,-127.029916,0.419419,309.952379,0,2,2026-04-05 01:34:53,btc-updown-5m-1775340300,2026-04-04T00:00:00Z
"Bitcoin Up or Down - April 4, 5:20PM-5:25PM ET",Down,0x11a9809fdb5bf336c32028682a0bbd6fc0f53f33fe4ac91aa422340df5794837,-129.999657,0.37999900000000003,342.105262,0,1,2026-04-05 01:34:53,btc-updown-5m-1775337600,2026-04-04T00:00:00Z
"Bitcoin Up or Down - April 4, 5:45PM-5:50PM ET",Down,0xba04130c34fbbec9cec863a05c1c848480673e841520299d7c75309c5fcbad41,-139.999743,0.421559,332.09999999999997,0,1,2026-04-05 01:34:53,btc-updown-5m-1775339100,2026-04-04T00:00:00Z
"Bitcoin Up or Down - April 4, 6:30PM-6:35PM ET",Up,0xaae65db0346c91f674bb1f62ae2cfb6f852d39b784216fe9f6dad41975b92fd2,-1.9752894288,0.4863839999999999,246.7182,0,2,2026-04-05 01:32:49,btc-updown-5m-1775341800,2026-04-04T00:00:00Z
"Bitcoin Up or Down - April 4, 6:25PM-6:30PM ET",Up,0x9c1c7a1513d813aae4ef40f1982b1e6a963ca41df6e33da97798f99a4b6bbb16,-6.666366624,0.395948,252.558,0,2,2026-04-05 01:29:19,btc-updown-5m-1775341500,2026-04-04T00:00:00Z
"Bitcoin Up or Down - April 4, 5:55PM-6:00PM ET",Down,0x72bbb5db38e459f078ad80dfc918043ac33381e9cf1a978360ed0093d9bf3ff9,125.121885,0.50956,255.12169700000004,1,1,2026-04-05 01:02:29,btc-updown-5m-1775339700,2026-04-04T00:00:00Z
"Bitcoin Up or Down - April 4, 4:55PM-5:00PM ET",Up,0x5b70b093d29236d1e1686b8551d79f8b1c127ed42f358c93305691913d62740f,134.510077,0.509999,274.509802,1,1,2026-04-05 00:02:21,btc-updown-5m-1775336100,2026-04-04T00:00:00Z
"Bitcoin Up or Down - April 4, 4:50PM-4:55PM ET",Up,0x56ca3bf02b38b72bb10cfe0045c0825fc31523704600173a9ecc5ed762d3a4f1,-19.94636612,0.435664,229.48,0,2,2026-04-04 23:53:05,btc-updown-5m-1775335800,2026-04-04T00:00:00Z
"Bitcoin Up or Down - April 4, 2:55PM-3:00PM ET",Down,0xa90248c304045dfa5c654c3acb3898452f3b3a1c2d03c99503f0123cb619469b,94,0.5,188,1,0,2026-04-04 23:48:23,btc-updown-5m-1775328900,2026-04-04T00:00:00Z
