Market Title,Outcome,Side,Size,Price,Condition ID,Timestamp,Transaction Hash,Event Slug
"Bitcoin Up or Down - May 4, 3:45PM-3:50PM ET",Up,BUY,682.686791,0.5126801977336046,0x5c79fdab6de1d21abf2f4637d31726b5b25d8329ef781b139b134f08c16b8dc6,2026-05-04 22:43:42,0x14d3a11d8c58319eeb3b74841e5fb3704b308bcab20a5abdfcb767e6915bfa0e,btc-updown-5m-1777923900
"Bitcoin Up or Down - May 4, 3:20PM-3:25PM ET",Up,BUY,642.997036,0.5287738200398174,0xbc334739c26085f8cb200a4dfd637e71085dc457d76fd61b1b10b7fd0e1ada66,2026-05-04 22:15:26,0xbaecf04257c5c6a1109f41b9b5feb47c8c19b231e4c68cddc9fd0d38a6079df8,btc-updown-5m-1777922400
"Bitcoin Up or Down - May 4, 3:05PM-3:10PM ET",Up,BUY,655.389073,0.5340339249140945,0x5c97813ef2820a4df77d8e3cf9b0e2aff828484480507475be91ae0e87608a9c,2026-05-04 22:02:24,0xa092f9c01885bcecaeac623b900351d4099b4c0378921bb9f369d0a78419440f,btc-updown-5m-1777921500
"Bitcoin Up or Down - May 4, 1:35PM-1:40PM ET",Down,BUY,666.666665,0.509999999775,0x2e9d037f077dd1cd83c7385f654f118f6e697b274e825eadb701d16842ec898c,2026-05-04 20:36:14,0xf02146a9f4cd161cfad7b8a5b14173a82fa293d737820668f6d81d579ecd04dc,btc-updown-5m-1777916100
"Bitcoin Up or Down - May 4, 12:15PM-12:20PM ET",Up,BUY,1345.84,0.5199488052071569,0x31ed8d677e65e90998e40e029fdb2fee84e78f8871c0446db2befdc0c306b58f,2026-05-04 19:12:26,0x9e1a077f956835411d9d4398b81428c0e3dd4fa0463329376b52769121e76fc1,btc-updown-5m-1777911300
"Bitcoin Up or Down - May 4, 10:10AM-10:15AM ET",Down,BUY,515.335,0.48512132884434395,0x9d1f1a47d884c2a2baabcfb6af4ff5145655f12cc945ee0f14c9624879660d20,2026-05-04 17:07:26,0x607dee25723901127669ce0c9e7004c2fac4d4865204c33ce448348cd943909b,btc-updown-5m-1777903800
"Bitcoin Up or Down - May 4, 9:55AM-10:00AM ET",Up,BUY,768.881697,0.5202360786590554,0x3c212622fbfc31b41561abf3164fa76e227e562ed5543e39cf9451645ffb2630,2026-05-04 16:53:30,0x8efa2bb864f8140a86db2777ee7c20d421c3a0186be872a1c4bcd0b80ab38d1e,btc-updown-5m-1777902900
"Bitcoin Up or Down - May 4, 9:45AM-9:50AM ET",Up,BUY,590.530575,0.5080177245691301,0xc27d25ef8b034df7701a4dd3399fd9b197aacc441bd28ea758d2dfe52610e915,2026-05-04 16:44:26,0x528e94a604f2121fc95e5ece78c387bd68d75bdee741cd01bd8701a2755d2c90,btc-updown-5m-1777902300
"Bitcoin Up or Down - May 4, 9:30AM-9:35AM ET",Up,BUY,846.021131,0.5200815711067623,0xb5ae19da6695a555aca6366fb461d8363ca3ba7df5e80e6671d92b9936ca7d8c,2026-05-04 16:29:32,0xe05cb0cf4cbc2ddebf72968d8841386f98edd3c7ea11f5f43e60b90ec97c30d0,btc-updown-5m-1777901400
"Bitcoin Up or Down - May 4, 9:15AM-9:20AM ET",Down,BUY,880.605848,0.5110118221699568,0x441ff3cbb6c6a1201f35c4408e2cecb29462790d7af2ac072844b37828dff3d9,2026-05-04 16:12:48,0x02a1c62b4596095a0c1bbe803db984e289ed7c910fe96be30978c9024a1f8dd9,btc-updown-5m-1777900500
"Bitcoin Up or Down - May 4, 9:05AM-9:10AM ET",Down,BUY,620.241427,0.48368262089658837,0xcc969a296754bb8547f810ca22cd49badaac457af9a2fb4f9bd4c1d44d1a8cc4,2026-05-04 16:03:42,0x5a949d3f652e80f3d8f53d08a80933a17a6578a348580eee70631ee047d8615e,btc-updown-5m-1777899900
"Bitcoin Up or Down - May 4, 8:55AM-9:00AM ET",Up,BUY,635.97,0.5188924005849332,0x859c501dd0ef05213b5a1586a4f0643643439a68b0c29058a40b10af0acc43b0,2026-05-04 15:54:22,0x89b61cb76b7998a2d6ced1b055c7fbb544015506311ae2c8e2884db8f3eb3523,btc-updown-5m-1777899300
"Bitcoin Up or Down - May 4, 8:45AM-8:50AM ET",Up,BUY,543.608443,0.44149424478309657,0xfe3bd968ff02d1e924dce1086292876cab1da5482a08b01898b8484a8244503a,2026-05-04 15:47:24,0xaea34e33c2bea7bbb04b29d592c5bb68702698645aae70d2a8b5fbf5879598d8,btc-updown-5m-1777898700
"Bitcoin Up or Down - May 4, 8:40AM-8:45AM ET",Down,BUY,686.6604,0.4951501499139895,0xabfffe144eed4d7fa8d99bcbc0014f3f1dbae414985eb029df5ec4d7fe100c55,2026-05-04 15:38:54,0xc279de1d5f53fd6d9282c53465e6d70ebac542e55b8ef0f62a9ea986a39bcecf,btc-updown-5m-1777898400
"Bitcoin Up or Down - May 4, 3:25AM-3:30AM ET",Up,BUY,666.802114,0.5098964023380406,0x606a8922b7c4c992fa2fe73c61008e62e730e0ba8b54a764d420a0ae0bdd0937,2026-05-04 10:25:56,0xb47be907c37829e4ee2dc56129840c343ab41e0778e60bbc058acaf17b5f36e4,btc-updown-5m-1777879500
"Bitcoin Up or Down - May 3, 11:40PM-11:45PM ET",Down,BUY,693.721537,0.5045252025958076,0x2874297ae11a65688e0b15d80be8770584012a9849b79bf21dab3a078930e4c6,2026-05-04 06:36:26,0xe518034befead41551241586d397ee2c87ef4ed3942b269b33af0bc2101fb9f0,btc-updown-5m-1777866000
"Bitcoin Up or Down - May 3, 10:50PM-10:55PM ET",Up,BUY,694.132155,0.5042267477149218,0x549a7ce4fec81797cb25cb5bf88849d5540d0cef2ef7c90f647123383f05cf95,2026-05-04 05:47:06,0x15e6ff334c982bfd9c1fcbeae3e5f269cf524c6417b778e4ecef28b7eff73890,btc-updown-5m-1777863000
"Bitcoin Up or Down - May 3, 10:25PM-10:30PM ET",Down,BUY,915.407066,0.5462050890483294,0x631baf4da429c1ce6b471bffa4167a21081e307d757f5c5b69e858948c39a74e,2026-05-04 05:25:14,0x5daf623ba0cac1659339297458216b8de66526d80c467e4e93e57ca165f6ea64,btc-updown-5m-1777861500
"Bitcoin Up or Down - May 3, 10:15PM-10:20PM ET",Down,BUY,751.330726,0.5323887139949072,0xf6f11d1a645ceb111f4163df846271bb812f52af3cf316cc2c1b3c7ff79cd6d5,2026-05-04 05:10:26,0x773a9bee9e608f6baf3541e3fcdd6bdb8cf2733a35f2587698a496a3344485fd,btc-updown-5m-1777860900
"Bitcoin Up or Down - May 3, 10:00PM-10:05PM ET",Up,BUY,821.3086,0.4870276531866341,0x33f5f2574a64125f6c20715d9fc06e6b965f5aa0bf76cdd5201108a91acfbf61,2026-05-04 04:59:52,0x8c4fdb52283cdc172fde8bfca8c2b8c99e02dc2b09b75286c79775a14e22a19e,btc-updown-5m-1777860000
"Bitcoin Up or Down - May 3, 9:45PM-9:50PM ET",Up,BUY,965.098489,0.5180818379666948,0x6dc04bfdeb7c0140538aac6ba6156ba5f24f0ee2afb07f050820a17327cc35cc,2026-05-04 04:45:02,0x4e41f925e8e803b737e03caa33672ff84df8511f50d21cc65cc02807b4065669,btc-updown-5m-1777859100
"Bitcoin Up or Down - May 3, 9:35PM-9:40PM ET",Down,BUY,709.158,0.5358467365523621,0x8905627c62037e477bc2645515e66d3dabe5114000d7bc92901ffd72bcc0d99b,2026-05-04 04:33:30,0x4c153085230ac9d3bf5ab8f13bf2ee1ddd57424ba05860c02222b74487c9f29f,btc-updown-5m-1777858500
"Bitcoin Up or Down - May 3, 9:20PM-9:25PM ET",Up,BUY,838.541665,0.524720496744786,0x02dc62c41d76bc82a06f318952b396e348cb348cca8065c3a55ce2305e1f7daf,2026-05-04 04:19:32,0x07b837c26b9aa7ee940deea8af54755ef8a19192413e530578ba0b2c90dd2d44,btc-updown-5m-1777857600
"Bitcoin Up or Down - May 3, 9:05PM-9:10PM ET",Up,BUY,867.904813,0.5184900374552941,0x51a3c17951c16e8626bd7f9daafd7a3b29832c22cc9fb3b005caebcac0437dfa,2026-05-04 04:02:14,0x92cb7ee4fa37334726c85fe8be75cc1c7285f1ef294c301c91b425c31a0ed0bb,btc-updown-5m-1777856700
"Bitcoin Up or Down - May 3, 8:45PM-8:50PM ET",Down,BUY,720.94,0.49934807334868364,0xc2e328a71b0ef3032110aefeacffc30805906a777d593fbdeb383dd3a91fc558,2026-05-04 03:41:30,0xd75a5ae94e7bf5918784d136172bd469659db42c86ca4bfabbac9fc420565137,btc-updown-5m-1777855500
"Bitcoin Up or Down - May 3, 8:30PM-8:35PM ET",Down,BUY,701.679,0.4988035839750085,0x6cab3a439892711e14e4d5155ce37fd04fc4ff443c770369bc681cb8440f5422,2026-05-04 03:27:52,0x5d2c30bf73ddf4bb94932116e3a715b79d10861f9618a78cf173fc69811d8aa7,btc-updown-5m-1777854600
"Bitcoin Up or Down - May 3, 8:15PM-8:20PM ET",Down,BUY,817.481,0.4893080083818462,0xed6a3322bc0a5537a31633afad73aec233e753b4040a3b5761f66fc61bf06854,2026-05-04 03:15:10,0x89c8a639be05965700716cd8b79985dc1a6741216feb4aab2c08cd72fbc3cb63,btc-updown-5m-1777853700
"Bitcoin Up or Down - May 3, 8:05PM-8:10PM ET",Up,BUY,764.482362,0.5232298596838,0x3f9790a636415d34c41645940d6012d94a62ab853b4ec21909d801c6677be1bb,2026-05-04 02:56:42,0xaec83e6171a8e79d555a5003f9e090c5d8d466cd409cd01434ae0cc388ff8b15,btc-updown-5m-1777853100
"Bitcoin Up or Down - May 3, 7:30PM-7:35PM ET",Down,BUY,820.806,0.4873258723742273,0xd0a470ea1aad60730f2643cd2ee685aab349dc968496deed0a47d54a645de94b,2026-05-04 02:27:04,0x0d0a25df7e347019671f6b02ad06fe3beeb4d70eb20adb39315f6bb3da0b7441,btc-updown-5m-1777851000
"Bitcoin Up or Down - May 3, 6:45PM-6:50PM ET",Up,BUY,816.457253,0.502169583886347,0x55b8791988dcefb9e1d37b94f80d00a92ad009599b86821ddab0d9b49d7debb6,2026-05-04 01:41:36,0x67773341c6714864c403951137f98025189e51c8ec4def7f0c05f9d860cc9c49,btc-updown-5m-1777848300
"Bitcoin Up or Down - May 3, 6:25PM-6:30PM ET",Up,BUY,755.503271,0.5294484012895823,0x86a5560fafa50b0deb9ab1369a961975589ddcbda70f3116196b278a2f87f70e,2026-05-04 01:24:44,0xb0938d419c5d9b6022919952e61d2b3d678ed49fce5c439b0ed9f3216e91519f,btc-updown-5m-1777847100
"Bitcoin Up or Down - May 3, 6:10PM-6:15PM ET",Up,BUY,992.521959,0.5037671907065585,0x28e1af5aa94c36b74478603fd559d096536d6648d84fb56b1e3fa70427be1c15,2026-05-04 01:05:40,0xe0e7966541e2f3d5efc43c7dfff7d326a7343687f392c80059752279a0e3f341,btc-updown-5m-1777846200
"Bitcoin Up or Down - May 3, 5:50PM-5:55PM ET",Down,BUY,1084.031271,0.530427501846485,0xb575c2028b52a9c89b277f27a7bf23d3ebb351ea9fb6e3484a8eca154f84fabb,2026-05-04 00:48:16,0xd2e355370b9b38622a4806f7686b15aeaf1aa2183994fe079618af14c397f6e9,btc-updown-5m-1777845000
"Bitcoin Up or Down - May 3, 5:30PM-5:35PM ET",Up,BUY,744.673088,0.5371484540609583,0xbde65e198495a55aae2a483fe0fda916661d6736b5a9e859f1d358e195b97b2d,2026-05-04 00:29:46,0x2b6bf1d6e52b81059c104a8234fc280f31a6326886696ee15d3594f73dffd6df,btc-updown-5m-1777843800
"Bitcoin Up or Down - May 3, 4:50PM-4:55PM ET",Up,BUY,976.790376,0.511880554195796,0x2a7d99450f6152f4d6fb066d4be2e0f4b0e044fed643df1a59316055cef4856b,2026-05-03 23:48:18,0xe5560c5d1a4834a583562eea6225ecd07c850f243fbb6b2c4d04ff5dc9e3c33e,btc-updown-5m-1777841400
"Bitcoin Up or Down - May 3, 4:20PM-4:25PM ET",Up,BUY,549.019606,0.5099999998907143,0xf5d51e6bc5d1fd83b5f48eaa3da83654028e6515bd29eae169bf923d20cad017,2026-05-03 23:19:00,0x29a0a92900511aa089da7d9190216f98b644920a4e2b7d949dcfaccb920640dd,btc-updown-5m-1777839600
"Bitcoin Up or Down - May 3, 4:00PM-4:05PM ET",Down,BUY,290.965942,0.68736566082363,0x6395ccf00f3ca816fc8487efc7d263c49b89375167a1204f7a5d294d0743aed4,2026-05-03 23:04:10,0x883618c8e9de036bbfafcc6a76716b61e835f70dc5baf21e7c6c0cd47f6f5fe1,btc-updown-5m-1777838400
"Bitcoin Up or Down - May 3, 3:55PM-4:00PM ET",Up,BUY,1010.58,0.5433115636565141,0x46fee91f40b772ece3bbf05cd9c49e4d7191dbc1290d881a44333475fecfb839,2026-05-03 22:47:00,0x0cb3e26f3fd8fb1c2c8a461a83cc9c74618a8d720fabaecc83b8addeed9ff78e,btc-updown-5m-1777838100
"Bitcoin Up or Down - May 3, 3:55PM-4:00PM ET",Up,BUY,88.80224,0.5736364195317596,0x46fee91f40b772ece3bbf05cd9c49e4d7191dbc1290d881a44333475fecfb839,2026-05-03 22:47:00,0x3f0a18552fb18bd38123d2581af683a93a4947b0c787b17cf8a43314256e2aee,btc-updown-5m-1777838100
"Bitcoin Up or Down - May 3, 3:05PM-3:10PM ET",Up,BUY,675.58,0.34081515142544183,0x06adad326ae2b824b3a1779af4e9657424a078c4de891d16ad32136274819709,2026-05-03 22:05:56,0x7e507d44a1f57d5d8a82b2df6aa1279cb08e63302d7f170fba3d905c698493d4,btc-updown-5m-1777835100
"Bitcoin Up or Down - May 3, 3:05PM-3:10PM ET",Up,BUY,442.829,0.3833355539045546,0x06adad326ae2b824b3a1779af4e9657424a078c4de891d16ad32136274819709,2026-05-03 22:05:56,0x833a0a7b0ab9c23171397a030871ce1461155694276b0327eead6b2613519d95,btc-updown-5m-1777835100
"Bitcoin Up or Down - May 3, 2:55PM-3:00PM ET",Up,BUY,1065.455713,0.375426208822628,0x4b91d70263f97e462e18c388e9dbc2e1e81fba0e829af694d6584c0b1ee45704,2026-05-03 21:54:00,0x30aa1e173bc0c36ef9bc8dc6289953607728928aec9d14534d3a61a48f7f70b4,btc-updown-5m-1777834500
"Bitcoin Up or Down - May 3, 2:40PM-2:45PM ET",Up,BUY,543.664904,0.5150231271871837,0xaa369dc69746555deb325a7da763a68e5f4d2762b181daf10a97e4063116b9eb,2026-05-03 21:38:46,0x0c9cf2689fd850d237b81ce479a1d5bf209916619988788563dbf62a3d61341d,btc-updown-5m-1777833600
"Bitcoin Up or Down - May 3, 1:40PM-1:45PM ET",Up,BUY,691.626,0.4915951684870147,0x1472857bb795affb1fd9c4de0cd0db7baec35236575af5124071d4202d4badd8,2026-05-03 20:39:16,0xfc0d792f1fcc8d08a2c60a5742de1a6a770fe00a8ea05a5367fe7ff9997cd287,btc-updown-5m-1777830000
"Bitcoin Up or Down - May 3, 1:30PM-1:35PM ET",Up,BUY,959.070587,0.5004845373284292,0x0702f87abc413edb00cbb1b0a269766f715daaca958806e5949e1a4dd047f9ec,2026-05-03 20:27:42,0xd2c290b9c7ee23e919dec229f35adb98891ab1170dbe81e4ce81c0c1e79d586f,btc-updown-5m-1777829400
"Bitcoin Up or Down - May 3, 1:20PM-1:25PM ET",Down,BUY,664.908702,0.5263880559048542,0x19c2e821d8ce484fa1beef5a0a31b5d2fd652e952f054714acb8e3703ade3178,2026-05-03 20:19:10,0x6bc46960b00dbc8e008dc3199d4684dbe18da208bc2b6179f11306d08ace7dde,btc-updown-5m-1777828800
"Bitcoin Up or Down - May 3, 1:10PM-1:15PM ET",Down,BUY,559.91,0.5358003964922934,0x0d63d0b1c0e71cabb06452b747589cc6032c7fe1a7a2860bd33a62d184eb4bb0,2026-05-03 20:09:38,0xf2bb13485d7dc0f9ec5b1d543d39182f187d651f43a418582304ed34285f1523,btc-updown-5m-1777828200
"Bitcoin Up or Down - May 3, 12:55PM-1:00PM ET",Down,BUY,551.855817,0.5436202532590139,0xc13d8a76d22414c10f4f9debffe89e806b0e263dfd644d486e1ca6c913d93421,2026-05-03 19:55:52,0x5c114dddec790070cd0e5164b40968c0e0df0acca32a5a42eaa7c6d7101a0d10,btc-updown-5m-1777827300
"Bitcoin Up or Down - May 3, 12:45PM-12:50PM ET",Up,BUY,500,0.5,0xe02541706d9070e19048e19760a4e96c05716180e3ab15ae9914052fc3292029,2026-05-03 19:41:54,0xf4f95da8378c8423cf2731e6e5394ee159c499c57d48545765369da2301a7abc,btc-updown-5m-1777826700
"Bitcoin Up or Down - May 3, 12:05PM-12:10PM ET",Down,BUY,613.4675,0.5053242429305546,0x13a1d1b9d6a0a790d900bc0879b47f67b280d5e683c44225c11ffa4185508f59,2026-05-03 19:03:24,0x440c91e4887a10e5464dec4f9e2c6a1178540a8b0ff29e029535872cb25693fe,btc-updown-5m-1777824300
"Bitcoin Up or Down - May 3, 11:45AM-11:50AM ET",Down,BUY,761.9,0.525003281270508,0x9c7a0a96b68dde82762333de72c1387e9cb5164e70694506717e12f94f483616,2026-05-03 18:44:30,0xc754f389b5d5f672feaeb8fc73ba9e9129d46c73de4aa7a59a9b1144f3336e24,btc-updown-5m-1777823100
"Bitcoin Up or Down - May 3, 11:35AM-11:40AM ET",Up,BUY,564.264813,0.5316652608639625,0x9ff910b60f8ab49a9c86b0665f33ea59a84f1fb18509c338cea91079ebe269ff,2026-05-03 18:34:46,0xffbaa5b828b7b07ebdd486a2066a91c1ca88c27edfade4e458446eae92c66521,btc-updown-5m-1777822500
"Bitcoin Up or Down - May 3, 11:15AM-11:20AM ET",Up,BUY,548.707677,0.546739204817067,0xd0efbf8f1192c1c3675b73c60193237a0ce539bc219e156cbf32cd3179011941,2026-05-03 18:15:04,0x4181270da0da713de260d5fefa0448d120f8c27eb11c7da142e2e0771b32e47b,btc-updown-5m-1777821300
"Bitcoin Up or Down - May 3, 11:05AM-11:10AM ET",Up,BUY,653.955171,0.5352048802745838,0x0bf3cb5c7beef897aba48278aecb74122c59f48ff8b0550ef28abe8c81c112a7,2026-05-03 18:03:02,0xd7fbce51571c5f4d1714842658cd60e9d9fdf15071ce6fbc2a9553ac86eab381,btc-updown-5m-1777820700
"Bitcoin Up or Down - May 3, 2:25AM-2:30AM ET",Down,BUY,681.86,0.4986360836535359,0x130d3973b8ea4efdfc4a909dfc82501a61b9bf457431d9db935e4e1868d6fef5,2026-05-03 09:23:02,0x65957b51abe07dd7b427344bbef90f1570291a546c1b00ee92da1bc8c7e97d29,btc-updown-5m-1777789500
"Bitcoin Up or Down - May 3, 1:35AM-1:40AM ET",Down,BUY,655.299817,0.5341066637288562,0x1c384a4b91fa37efc7fa96ae2164c93c53d8ab4e8657b9091b4b618ecb5d24ce,2026-05-03 08:34:32,0x977739f489195df6d7c17e5c81447b8682df6f3c1e395b919d1c2d733dd8e680,btc-updown-5m-1777786500
"Bitcoin Up or Down - May 3, 12:55AM-1:00AM ET",Down,BUY,708.4992,0.4940019692329928,0xb253dffe513dbf9f62696fddfafb34a4603b2245cd5f4806df9c2d6f2e512a29,2026-05-03 07:54:34,0x7a57566f88a50863a7f8c46d4c1c4bf496f75256b3dcc1c98161314848d324a6,btc-updown-5m-1777784100
"Bitcoin Up or Down - May 3, 12:40AM-12:45AM ET",Down,BUY,771,0.5185473411154345,0x700204345688aa65460b7efd5c2e4f27b48ec189421fc1a18853d0fecb1f7adf,2026-05-03 07:39:24,0xd7daaeafb4ae9ddcfe61276a1e029a4f7b25224bac05c8199cf8c8b479f51c9d,btc-updown-5m-1777783200
"Bitcoin Up or Down - May 3, 12:30AM-12:35AM ET",Down,BUY,753.966544,0.5305275176772299,0x6657d375a6e39895b25c95e1ee630ba440ec96183966d3309190fa0222dfdb4e,2026-05-03 07:24:48,0xe76ff0e9bdba2615011f15feb7c53f7af2b8bb64b2c110e2987d81dd73ad5642,btc-updown-5m-1777782600
"Bitcoin Up or Down - May 3, 12:10AM-12:15AM ET",Up,BUY,368.923447,0.5622727443506729,0x641c2ae899846707621885d2d2622534975657bc43867041cbc5b96a12faa8fb,2026-05-03 07:08:12,0x3431167dc5273390edacbd1dff2c75071ac1683be59ac399eb9377c404e55462,btc-updown-5m-1777781400
"Bitcoin Up or Down - May 3, 12:10AM-12:15AM ET",Up,BUY,924.44,0.5328246289645623,0x641c2ae899846707621885d2d2622534975657bc43867041cbc5b96a12faa8fb,2026-05-03 07:08:12,0xc8fe2e39b222f4cc85ae25563fb5b879d3c814e5f7ee663803bfdf6b7efcdf82,btc-updown-5m-1777781400
"Bitcoin Up or Down - May 3, 12:00AM-12:05AM ET",Up,BUY,763.723517,0.5237497472531019,0xc7af0459165884ca865dcbcba9781f02e89b0719e83007394c4a6b086c115e09,2026-05-03 06:58:26,0xf4f4d816cd6f8453a98400df8cc4a8b7bcca331a921e415dd57cebae7881763a,btc-updown-5m-1777780800
"Bitcoin Up or Down - May 2, 11:50PM-11:55PM ET",Down,BUY,933.969088,0.5353496217639272,0xf5ebd0bea93757d8ad3b7bcd4b179a1382a60b96555118a77e489791a6e44810,2026-05-03 06:47:42,0x9e86a3bd8c2f93ad6f17f785180c02837091b912cf6cc5fadd207b958d96150f,btc-updown-5m-1777780200
"Bitcoin Up or Down - May 2, 11:35PM-11:40PM ET",Down,BUY,467.13,0.49716438678740393,0x08017369167fd63021d7445544d374d00bb18907d53d44158778d121243cd588,2026-05-03 06:37:08,0xf6925db30655f765843fae93dd2ef6b86eb04d81c29d467694403efb16e54e19,btc-updown-5m-1777779300
"Bitcoin Up or Down - May 2, 11:30PM-11:35PM ET",Down,BUY,602.4948,0.49792960868707914,0x861fac61ca79024529d5d852085447070d2df65b14bd97bc49a69868905ba4d9,2026-05-03 06:29:14,0xfba551f28c82ba20b9cdf974f35213bd216df8ed6a473cd39f365150d715552e,btc-updown-5m-1777779000
"Bitcoin Up or Down - May 2, 11:20PM-11:25PM ET",Down,BUY,625.2798,0.4797852097572958,0x82b2a4625305b5dd78ebe4b592771e5c6e3fe033e45fbbe098d0a4d2a931a73c,2026-05-03 06:21:34,0xb7956ef2558ceef1c4ed38d251532b6c79d6e99eabf082f44982abdcb6253b4c,btc-updown-5m-1777778400
"Bitcoin Up or Down - May 2, 11:10PM-11:15PM ET",Down,BUY,718.391019,0.4871998532041782,0x5bd0ce99fbe3388ea87334af56e8340da689095f39ae6870943cc8b7e623d0eb,2026-05-03 06:09:34,0x091dae41d0662ca8d6c6e24e6c01c65121717a43113784698b10207da1fdb70d,btc-updown-5m-1777777800
"Bitcoin Up or Down - May 2, 11:00PM-11:05PM ET",Down,BUY,207.11319,0.46130909866242703,0xa17df294899f1b700d9ff4a606aad273d0d95be94f55799567e09e83c1fcbbdb,2026-05-03 06:02:22,0x807339d82f8c3feb3c866332acbfd1cdeb31531c566f2206c8f215f61cb741fe,btc-updown-5m-1777777200
"Bitcoin Up or Down - May 2, 11:00PM-11:05PM ET",Down,BUY,250.96,0.4162288810965891,0xa17df294899f1b700d9ff4a606aad273d0d95be94f55799567e09e83c1fcbbdb,2026-05-03 06:02:22,0x1b249a7bd7033246fb0eee4be973b9845660f0fa257107e8a0afc796d657eee8,btc-updown-5m-1777777200
"Bitcoin Up or Down - May 2, 10:50PM-10:55PM ET",Up,BUY,141.74089,0.5599999971779491,0xfc2ff4e56a62be3aea595e377f596196d71b61ea2e6324390dbaf0547629e37d,2026-05-03 05:48:06,0xda7d8d22fa5e8b2408acc20f17558fb3fd489902877c931d26b5c5a9b6347ff3,btc-updown-5m-1777776600
"Bitcoin Up or Down - May 2, 10:50PM-10:55PM ET",Up,BUY,778.01,0.5406422796622151,0xfc2ff4e56a62be3aea595e377f596196d71b61ea2e6324390dbaf0547629e37d,2026-05-03 05:48:06,0xf164313fdaad7c41becd2c4a9af1877c72150840c93d57f44c0afce6d832d440,btc-updown-5m-1777776600
"Bitcoin Up or Down - May 2, 10:35PM-10:40PM ET",Down,BUY,1246.909244,0.4811897913878967,0x488c5518c996faa235d67e819a25fd3f2ec615941d45a0a49dcdd5135c87f676,2026-05-03 05:35:00,0xa9f4aa8fe0383b7964766352715078618e7c1e04b8e95d339da0b2d87db19ebb,btc-updown-5m-1777775700
"Bitcoin Up or Down - May 2, 10:25PM-10:30PM ET",Up,BUY,437.992066,0.5702352106076735,0xa17b44971ec02e850636d4616726a4941fcd4bc8093e06cbf7bddae6596b1f24,2026-05-03 05:21:46,0xa02f79df58bcf3dbc8d7e425d7c5f0061f1314e6b13e718fd44332de81b175ed,btc-updown-5m-1777775100
"Bitcoin Up or Down - May 2, 10:25PM-10:30PM ET",Up,BUY,824.33,0.5461908458990938,0xa17b44971ec02e850636d4616726a4941fcd4bc8093e06cbf7bddae6596b1f24,2026-05-03 05:21:46,0xcba8f4e265ec20604eaed0002ff274066e150f460cf59dd7dc3089b637fbd954,btc-updown-5m-1777775100
"Bitcoin Up or Down - May 2, 10:15PM-10:20PM ET",Up,BUY,231.3625,0.5539488897293209,0x1ad835e6a65f2d205c11735238304202ee16d7eb403e328ffa35a6d47075cda9,2026-05-03 05:12:54,0x2c3d84068f7b5d8735be17a089fd3b7181d243a758471486e0e7f88963be3b9d,btc-updown-5m-1777774500
"Bitcoin Up or Down - May 2, 10:15PM-10:20PM ET",Up,BUY,887.7,0.5315275430888814,0x1ad835e6a65f2d205c11735238304202ee16d7eb403e328ffa35a6d47075cda9,2026-05-03 05:12:54,0x906b3de5bdb73d809b98c929385b184fe64d86adc091c3b444135564cff4dec1,btc-updown-5m-1777774500
"Bitcoin Up or Down - May 2, 10:05PM-10:10PM ET",Down,BUY,611.98,0.49021209843458935,0xf1e492632e0394c1efbd0b8d2306307ae4cbf67440240e86b97dde25246d6a25,2026-05-03 05:04:40,0x0560a48e73f118f307b6b345795f83799e9c3b86809dfdeba1fba962877964c7,btc-updown-5m-1777773900
"Bitcoin Up or Down - May 2, 9:55PM-10:00PM ET",Up,BUY,631.013635,0.5388156137069843,0xc6e559b4f60df52d8de784dea534771d8a84ccf8b78a3e899fca2bf400783f0a,2026-05-03 04:52:36,0x43db7df373d2f585c471693a68852d04bbbcd0e0f52b346cd572b0d4efdd160b,btc-updown-5m-1777773300
"Bitcoin Up or Down - May 2, 9:40PM-9:45PM ET",Up,BUY,929.6925,0.5378122336148781,0xaa5d094a6fa378744f98795c888e2d61b819610d64482cc2edeb7b1c1a3f4bc2,2026-05-03 04:35:08,0xd639435d852ad97ffa9ecfe8be9e5e53794a65bca504faa359dffc1f268b7d49,btc-updown-5m-1777772400
"Bitcoin Up or Down - May 2, 9:15PM-9:20PM ET",Down,BUY,617.523169,0.3886493836152729,0x596c3c09e5456dbf724e8f0c9f6ef8425097ecb77cdf44ea8bb5df51fbacc1c9,2026-05-03 04:16:04,0x3aac77a470353f572dee691bb11d5b694b916e22d8d0263d63ae125cb63e01d7,btc-updown-5m-1777770900
"Bitcoin Up or Down - May 2, 9:05PM-9:10PM ET",Down,BUY,442.346325,0.4521344197897428,0xa8a2b8a214ca11ea3802abedae2103710a5a55641a231865bf7937436a0a7a77,2026-05-03 04:09:24,0x1b754ad0e13e8764fefc6801c3632a84ad6b828f7eab82883666c18376ede1f4,btc-updown-5m-1777770300
"Bitcoin Up or Down - May 2, 9:00PM-9:05PM ET",Down,BUY,715.8936,0.4888994677421337,0xe32edc9e351dced4ed8f21f7b8855a4ecb41123c04324462c365ab88b65b87f2,2026-05-03 03:59:24,0xf535b14daadeb4fd6b5c257aabcb4f9c72eb205a268886c3a7f6224b8174626d,btc-updown-5m-1777770000
"Bitcoin Up or Down - May 2, 8:50PM-8:55PM ET",Up,BUY,757.928726,0.527754108372454,0x7facab79580390ff6d1f24e0ffe5fb89fab45677c1a49093d83985a0c96dfb5d,2026-05-03 03:47:38,0x526d5d3891094dc1d0a99b9ae0cf8e10941711c5af772aff77d0940c886b305b,btc-updown-5m-1777769400
"Bitcoin Up or Down - May 2, 8:20PM-8:25PM ET",Up,BUY,926.26125,0.5398045097967771,0x0c24547a818bd9c791a21d52020761de418135892c0a9b708eebb37a02a3bc25,2026-05-03 03:13:36,0xcf5d5f831bbcdf03f8c9e0cf9f5397e070600cad7ef94bb339afed9f7176ee83,btc-updown-5m-1777767600
"Bitcoin Up or Down - May 2, 8:00PM-8:05PM ET",Up,BUY,979.24,0.5452457007475184,0x7272e31a360080e1729700e2aae157d8cfa194fe07d7775292c92e273ca42ecd,2026-05-03 02:53:52,0x11b799331a577fed23800d7085445d218373fae511d0f99cd4f37c00a9e6496d,btc-updown-5m-1777766400
"Bitcoin Up or Down - May 2, 8:00PM-8:05PM ET",Up,BUY,80.41155,0.5729724025963931,0x7272e31a360080e1729700e2aae157d8cfa194fe07d7775292c92e273ca42ecd,2026-05-03 02:53:52,0x4dd6580959873244d34d563ed83996363b5e0ec22d2e910cee5bdd9d5e634f47,btc-updown-5m-1777766400
"Bitcoin Up or Down - May 2, 7:40PM-7:45PM ET",Up,BUY,624.591271,0.5283455186167659,0x874ebda8777785b3ab9cf2348d6356e6b4e3c802e621587f491642650927424a,2026-05-03 02:38:14,0x1e0f20e873a2f8ce6019d952b7eaa2f81e8c4c806777890d07e1bdbe9a8d04fa,btc-updown-5m-1777765200
"Bitcoin Up or Down - May 2, 7:30PM-7:35PM ET",Up,BUY,852.847776,0.5159185629394195,0xfc3eeacd1a140b8996cdcba5987b55456da48062917c32b68e167dcbb9d8cdf3,2026-05-03 02:28:22,0x07135faf270e6bcef5981ecb4426452c158bb8f237cb8570f4ecc6b4176f6243,btc-updown-5m-1777764600
"Bitcoin Up or Down - May 2, 7:15PM-7:20PM ET",Up,BUY,164.094826,0.5691526130141361,0x9e6e0976be5a7489aff2bc19095f2eef9c42b231236783fd50d0e59829468acf,2026-05-03 02:12:06,0xadce53596f51ade914c52531f50b143401e4d10b413fd288d1b99deba11023b6,btc-updown-5m-1777763700
"Bitcoin Up or Down - May 2, 7:15PM-7:20PM ET",Up,BUY,875.5,0.5329583095374072,0x9e6e0976be5a7489aff2bc19095f2eef9c42b231236783fd50d0e59829468acf,2026-05-03 02:12:06,0xdeb17ecef6d18dc9c8451eb0543023002f2f1b7a0934e27b3783954d27d11036,btc-updown-5m-1777763700
"Bitcoin Up or Down - May 2, 7:00PM-7:05PM ET",Up,BUY,614.8922,0.4878903976989788,0x309015c1120bf3ecb249ef3d9c7e19cfb15986c64bae8d2f98ec3069999bb06d,2026-05-03 01:59:58,0x2be09547e75c685126e9f3b101bf961529a9da9e57450fa0a2afae48927d704a,btc-updown-5m-1777762800
"Bitcoin Up or Down - May 2, 6:50PM-6:55PM ET",Up,BUY,906.473332,0.5295246777320527,0x11a5e1c11c2c1ff263f1ba4e202ed97bc5130de3ee37ad2c7c4327549c23063a,2026-05-03 01:49:24,0x4cb3ed78504ba1c1b386f5dcf74e165d580a7fb46d2905afeca93282a31341ce,btc-updown-5m-1777762200
"Bitcoin Up or Down - May 2, 6:40PM-6:45PM ET",Up,BUY,711.53846,0.519999999718919,0x5013020ac78355c7b06e9d989f679d2ddbb1b8a6aa8e131490c4549b4867dc30,2026-05-03 01:38:18,0x92a35ec6ff5e114aaeb30e151010440dcb4297fd957c1234162cd23b7b691610,btc-updown-5m-1777761600
"Bitcoin Up or Down - May 2, 6:10PM-6:15PM ET",Down,BUY,616.605554,0.48653470124273324,0xb470bae2438309903a6876d4d7b087dbe7d048cc3c4dd88365f4b1dd4a183840,2026-05-03 01:06:20,0x4f0a717e172b2c578911795064245a68acb2ad306d3f8380c39c15bab08f3ed2,btc-updown-5m-1777759800
"Bitcoin Up or Down - May 2, 3:40PM-3:45PM ET",Up,BUY,481.1486,0.4988063978571277,0x1af6ab4f9f8108105359af4cb238497a760a8fd44477f8788a1f177ed96d24bf,2026-05-02 22:36:38,0x03e1aa5d30b9c9ffbb758f80b7812e62b608c91afde5318f8acc2c73e8580e76,btc-updown-5m-1777750800
"Bitcoin Up or Down - May 2, 2:10PM-2:15PM ET",Down,BUY,564.5814,0.4959426576929385,0xa6fca86221c263f1466b4a1088629f302c321f164cc14a865c678abd4101180c,2026-05-02 21:07:32,0xe61f73bfe94240bde09d13f0e4b975c2b958986c1c0407f157184b790726173d,btc-updown-5m-1777745400
"Bitcoin Up or Down - May 2, 2:00PM-2:05PM ET",Up,BUY,453.077453,0.5297107534503599,0x927c702bdf1d99259f4228e6f438e288fc191dcdf4b589daba31964a68dc2681,2026-05-02 20:54:44,0x39a2d08f0d0a9acec901a709e011b47f4703338e481775f4e0b3073de43f773d,btc-updown-5m-1777744800
"Bitcoin Up or Down - May 2, 1:40PM-1:45PM ET",Down,BUY,514.667691,0.5051803397544145,0x497d7b64d07e774023bfef3859d83590dc314340582ee5e051729babaa183861,2026-05-02 20:37:42,0xedf3fdfedb2e28bf660887a8b507f0355a0a178cfa0eb570f281335550c2236d,btc-updown-5m-1777743600
"Bitcoin Up or Down - May 2, 1:20PM-1:25PM ET",Up,BUY,472.562036,0.5290310688436258,0xaa8e2b2e59529a49c55298d71042d68a06dae2092f239484de227e43547183d4,2026-05-02 20:19:34,0x08769e070282fa25362976609b8c95e9e5c9181fcee381a2d52af42028586e47,btc-updown-5m-1777742400
"Bitcoin Up or Down - May 2, 12:50PM-12:55PM ET",Up,BUY,616.406791,0.5029146393684037,0xd0b63dc91bd77191c39d5f56355102d51e051ad4a51292ddc8e8271385f0a68e,2026-05-02 19:49:06,0x7a5aac648da74a97c77bb57b3497613a3bf31ef83fb8f14694a660fed374524e,btc-updown-5m-1777740600
"Bitcoin Up or Down - May 2, 12:35PM-12:40PM ET",Down,BUY,477.619073,0.523429680958323,0xacfc7f9fa913815f04e2de8437de57218918f2da0e718eaf100f3d794c912e20,2026-05-02 19:34:34,0x93fa9a96dddf05278790bdb51dc2734779ea7538abe59cb7fe583111e0c1cbfd,btc-updown-5m-1777739700
"Bitcoin Up or Down - May 2, 12:05PM-12:10PM ET",Up,BUY,581.634258,0.5157880487156588,0xc3783a8cbf2c3b80f1aac48ebb607a21d0db4c5c99dcde97ed65b9eaa55f6045,2026-05-02 19:00:48,0x7cbe9bc01fc7f929d16ec04ec4cca06ccc0da9c5799318d68c0c57e646161760,btc-updown-5m-1777737900
"Bitcoin Up or Down - May 2, 11:50AM-11:55AM ET",Up,BUY,478.320184,0.5226624494692033,0x7f1b04d5b705a00aac17613b571531b4621b01f44581682a50e27c7ee98d0aba,2026-05-02 18:46:16,0x2794d2b977c887871760adfa4e22b72e820e4f8e12de38034af9f29f079730ec,btc-updown-5m-1777737000
"Bitcoin Up or Down - May 2, 11:25AM-11:30AM ET",Up,BUY,460.801665,0.5208314492526844,0x0b0811553089b87a1a48fc6ac6db691db6356da1e4a240b73b063546ea7f7ce5,2026-05-02 18:25:50,0xc23ac6e83a45b8bac8e88c2d69d05ea76f0923e072b89696172e3595db7ce698,btc-updown-5m-1777735500
"Bitcoin Up or Down - May 2, 11:00AM-11:05AM ET",Up,BUY,588.924148,0.5094034588644513,0xda04c910c5ace3a7c302959d19d2eef34de1807d9c616c015555d6058a4a81d7,2026-05-02 17:59:10,0xb0a0a2515cd4eb0e04f68556415ba4368fa822c738199d74b71abab9b4e510af,btc-updown-5m-1777734000
"Bitcoin Up or Down - May 2, 10:40AM-10:45AM ET",Up,BUY,454.241817,0.5283529389369275,0x4d846a70aff5548c721afec4414f58520169b413c70ea6bdce2853b7e3265934,2026-05-02 17:40:40,0xef64f3451a945b0724f08ebde497ed24c970c0a9a94b53fdedaf0b87d584bb79,btc-updown-5m-1777732800
"Bitcoin Up or Down - May 2, 10:30AM-10:35AM ET",Up,BUY,827.515101,0.48337486351200737,0x4020998999039c22fd0bb026c5c667c8ccf9c70226dbb1b84b1f114702573850,2026-05-02 17:30:42,0x4d407810c467f63fcfe57bc2b42f81bfc38a05c8f92512c668c32ea36dda7d68,btc-updown-5m-1777732200
"Bitcoin Up or Down - May 2, 10:20AM-10:25AM ET",Up,BUY,663.273206,0.5126092776315164,0x948ad0f08a6a387bc9858dc94623ec920089eefb3fdd1b3f514b8b57fdfb3616,2026-05-02 17:16:12,0xeaff033f814ce9c9b34a4218ed968b64d3737eab39055a59366b03cae9ea3da7,btc-updown-5m-1777731600
"Bitcoin Up or Down - May 2, 3:15AM-3:20AM ET",Down,BUY,849.251784,0.5298781909888811,0xed676b0d3d56abe67dd17d35c897c38617a0939ebb23e84f98115334a3107ce2,2026-05-02 10:09:32,0xb71f571f94f5de05e1b1a8a0c97c8b3e8d520ad32413b5d9148ec597e279d506,btc-updown-5m-1777706100
"Bitcoin Up or Down - May 2, 3:00AM-3:05AM ET",Down,BUY,22.411427,0.5577689898996615,0xe98a1b47a8bbdb2e8b7c0181f53a2a694a4de30c6ed90221accf3869811486dc,2026-05-02 09:58:20,0x9a72125f062d27afd4d3784fd633b1294685f092b04fe64c4ab2d41b9a2f806f,btc-updown-5m-1777705200
"Bitcoin Up or Down - May 2, 3:00AM-3:05AM ET",Down,BUY,963.32,0.5372042519619649,0xe98a1b47a8bbdb2e8b7c0181f53a2a694a4de30c6ed90221accf3869811486dc,2026-05-02 09:58:20,0x52cbb2608c578651bee9d7d4badd1bd06cd79f923aa9f88587c7f27343be97d8,btc-updown-5m-1777705200
"Bitcoin Up or Down - May 2, 2:50AM-2:55AM ET",Down,BUY,760.5965,0.39442726859773874,0x92a62f230fae0d6f6a64818128b4cab07ef00819e7ff44412962d7511da3b267,2026-05-02 09:48:50,0x08c600b3ac391dcfb1516d7d6c5f628f5e77201a1dd1e3c06a2a86806a335769,btc-updown-5m-1777704600
"Bitcoin Up or Down - May 2, 2:40AM-2:45AM ET",Up,BUY,829.427016,0.5425432139528958,0x974da977ba171cb1ea6b1298d40c6f0d0b0cb28beba91af3b658e6bda2bbebdc,2026-05-02 09:40:54,0x45413989620637a556754851c4ab2d0ca2b22891fa56c856f475c8fea4ed1683,btc-updown-5m-1777704000
"Bitcoin Up or Down - May 2, 2:30AM-2:35AM ET",Down,BUY,700,0.5,0x3f3361fc8340c5bab1bf5a9eee90f4438dad169f5fe2cdc2deaed3c1d3d58c03,2026-05-02 09:28:26,0x07e05f45af79a023da381ead1c3c82578bd246efb754942ae2737370fcec38b9,btc-updown-5m-1777703400
"Bitcoin Up or Down - May 2, 2:15AM-2:20AM ET",Up,BUY,850.871271,0.5288696590626809,0xacfda23132bef7f4267edf687cddeef7a24ce92427fc77952594a7b250b770d1,2026-05-02 09:13:10,0xed98993bf580d01bd7c8104c26dfd019c4878579438cdca39372396b8d0300e9,btc-updown-5m-1777702500
"Bitcoin Up or Down - May 2, 2:05AM-2:10AM ET",Up,BUY,846.354692,0.47261509008093266,0x7fa802d151c67fcf4e8dac39e5e8e4034ce9a5f4ba1de3e9c08f6ec86f20378c,2026-05-02 09:05:28,0x138a7f902163aeafabb44ad689849b4bdc4c84b318075bbece56f6c7586799ec,btc-updown-5m-1777701900
"Bitcoin Up or Down - May 2, 1:55AM-2:00AM ET",Up,BUY,650.885817,0.5223650448662335,0x9e24f94dcbe125c9469ad452f859ad98f70b46869a5f57dae035ed3a7563bbc7,2026-05-02 08:52:14,0x0155968d7ea5ee74fdcbd17794ae5e90a0c02531345dbad39cc13532b7089caa,btc-updown-5m-1777701300
"Bitcoin Up or Down - May 2, 1:40AM-1:45AM ET",Down,BUY,613.200305,0.6237443048890852,0xb4669f6d1880e8b0f3361f51af6b4ec106b925f546e8bf9d6dfd324c0a42abfd,2026-05-02 08:43:30,0x656059693022d2904d28fb98000b4c6f974c1d951d2eecb93ae9c54097683f44,btc-updown-5m-1777700400
"Bitcoin Up or Down - May 2, 1:40AM-1:45AM ET",Down,BUY,615.9,0.5512579964279916,0xb4669f6d1880e8b0f3361f51af6b4ec106b925f546e8bf9d6dfd324c0a42abfd,2026-05-02 08:43:30,0x715e2175dbeadd806bfdbe81e27d6c69efe4e0758a8d7a69360f6b2ac13dbe17,btc-updown-5m-1777700400
"Bitcoin Up or Down - May 2, 1:35AM-1:40AM ET",Down,BUY,700.276345,0.49980268718058724,0xbbf48544d880b2cbf5981b3a6829f5d362fc4a1493f54897f017814b308179c1,2026-05-02 08:33:58,0x26d2c08da4cd8023311427e5cdfa6095ccff9422ed819cf015b16706765b9b81,btc-updown-5m-1777700100
"Bitcoin Up or Down - May 2, 1:25AM-1:30AM ET",Down,BUY,203.27,0.4880941604762139,0x64aaffefcc3a1c9504258fd7ba6b930a913a4c9cb34a6620ff2831700f10abe4,2026-05-02 08:26:32,0xcdf20e7acd71c2c9313d7c1d73ab10db5b11c6ec86f4b50ffbf979f1d705751f,btc-updown-5m-1777699500
"Bitcoin Up or Down - May 2, 1:15AM-1:20AM ET",Down,BUY,818.004,0.48899516383782965,0x60057fa4514fce61900afead18700b4bfa7a823924586e5e683b1c96c2022c9b,2026-05-02 08:13:42,0x3db6034d17bb429b8290d9c30606e0747efaa7319aabe7cfe9cb91c7640158f2,btc-updown-5m-1777698900
"Bitcoin Up or Down - May 2, 12:55AM-1:00AM ET",Up,BUY,1006.287845,0.596250865973642,0xe4c2f275b79cf88e214bd00cd8a29134a1d75a84b231b566ed5001eda90d761a,2026-05-02 07:56:16,0xfb4ec349a3015156a1ffa2163605d052d8c356723f7a3d2f90fa3d320b1eadd9,btc-updown-5m-1777697700
"Bitcoin Up or Down - May 2, 12:45AM-12:50AM ET",Up,BUY,431.388084,0.46361966502533253,0x6d9b613468d40b9b00595a078d29d180b8b2ae55a62a09247960bb9ec211f6c7,2026-05-02 07:45:52,0xc26fe5427be5d93e5a47f3ff7d44f8e1c918b8c988fdb5238acb9123f38890b4,btc-updown-5m-1777697100
"Bitcoin Up or Down - May 2, 12:35AM-12:40AM ET",Up,BUY,611.38,0.4906931859072917,0x6c2348f2620d58f8963acda278580fc9e3f30399194c63a77f4963b8a6f7151b,2026-05-02 07:35:10,0xacced6fd8e09136218ad5cb760507da0f2a536574edd88bc6571a89648c89eee,btc-updown-5m-1777696500
"Bitcoin Up or Down - May 2, 12:10AM-12:15AM ET",Up,BUY,500.949073,0.5190148320725608,0x12645e5a4fa1af5fe3636bf90482b0b76bbe8fd48f3be8205fb765f339f9278e,2026-05-02 07:07:28,0x451a992cba2faf1fdab3f7a7ca06a6266288471ade452bdbbcd6d45c2930401a,btc-updown-5m-1777695000
"Bitcoin Up or Down - May 1, 11:55PM-12:00AM ET",Up,BUY,709.097453,0.5217900549982655,0x49184e58eba9f90a27187b1297b35c22fdac08572970547248cc20ba64153889,2026-05-02 06:54:22,0x7ffb565bb0e8f631708c28a4f21a78f5936694d40e4cce1dac490526be86715a,btc-updown-5m-1777694100
"Bitcoin Up or Down - May 1, 11:45PM-11:50PM ET",Up,BUY,719.367825,0.417032828789639,0xa3437bc739a3be433e7e153c49ea134afcf06b62012c45a0668e1c57f730daea,2026-05-02 06:45:32,0xd4c9dfe32927eba6061f5dd5e9478cd92c55c208a1879aaf16fcc4da436caff7,btc-updown-5m-1777693500
"Bitcoin Up or Down - May 1, 11:25PM-11:30PM ET",Up,BUY,490.196077,0.5099999994492,0x7c00c98f6dc6eb658f45c7a487555edd2546bdfe59845651a3771f8b3f26e4f2,2026-05-02 06:24:12,0x3cd20ede19907a16029d0b834575ad32b714ec93de236c61490ca684a4c5d1a3,btc-updown-5m-1777692300
"Bitcoin Up or Down - May 1, 11:05PM-11:10PM ET",Down,BUY,554.03,0.5414869230908074,0x47e3c2c21c1c40a337ce6a207ccd3320143cf245c83fd91a3246b68983d84e51,2026-05-02 06:04:44,0xe3bb247dc36af79ae40d042754d486610bd05b5892e5b7f5283f4d4ba580c317,btc-updown-5m-1777691100
"Bitcoin Up or Down - May 1, 10:50PM-10:55PM ET",Up,BUY,1153.564726,0.5201268602243998,0xbadb67b425285fad9c6899afb85edbd472513c5145fc2cde5a92f9d1b7ca3043,2026-05-02 05:48:24,0x6d16327cb6adc96239c819a680d1d1e52656910065e85f11765005ef1b9983c5,btc-updown-5m-1777690200
"Bitcoin Up or Down - May 1, 10:35PM-10:40PM ET",Up,BUY,678.341927,0.5454476323413222,0x94c9dfc23b6052313e140dbea8744145bdcb8a69df6dc8a3332a9c3c2aa1ca42,2026-05-02 05:36:14,0x90ab158837191354815200eea4003988dee87e3c2b5dd1f73340fb6d1f8707ea,btc-updown-5m-1777689300
"Bitcoin Up or Down - May 1, 10:25PM-10:30PM ET",Up,BUY,665.807691,0.5106579626458535,0xe4c46260187d550fa0e6c13ecd1788341ca17efa694c60c69c5645a0d8b19d17,2026-05-02 05:22:32,0xc01d19b68d1a76901589f5239cede01a6c4d43a764529cd6d59947c9509ee288,btc-updown-5m-1777688700
"Bitcoin Up or Down - May 1, 10:05PM-10:10PM ET",Up,BUY,1064.926665,0.37561271789546186,0x95061fe961c07a275f57318fa74df270da48e47667d50d85f8ad10e4c5254829,2026-05-02 05:03:46,0x9aeeb00deb0512d60559c4f59217fb60605ebf3c92c29b370b33dd6ba27bcc00,btc-updown-5m-1777687500
"Bitcoin Up or Down - May 1, 7:10PM-7:15PM ET",Down,BUY,513.727866,0.5839667611100543,0x3da368b822019b302feb590f53a234633a1d658dd809774dc90148cf52c565fc,2026-05-02 02:13:06,0xe3d8f8d559a5c0ad00fa764cb660239925d16d829b6f13bc66e5667469e10d35,btc-updown-5m-1777677000
"Bitcoin Up or Down - May 1, 7:00PM-7:05PM ET",Up,BUY,553.112362,0.5423852721628377,0x12b10da91fe65a4d0f12a38fc7e352cdd94544ea3086f936bb456ef69c902010,2026-05-02 01:58:58,0x58b204d7f489f3ac8205c7b9a5d150a68fd8b4018ef5c14e57b0ecf2fe29c7c4,btc-updown-5m-1777676400
"Bitcoin Up or Down - May 1, 5:55PM-6:00PM ET",Up,BUY,633.09148,0.5212516823003209,0xaa24fb88f9d1d46eff64f4b9a8e76add021878bfe8bf91ea850a4e91bde98ab2,2026-05-02 00:51:42,0xe882cc22ce25e226f66958544edfeb2ab206f6d87698a347b13826a6cedef390,btc-updown-5m-1777672500
"Bitcoin Up or Down - May 1, 5:40PM-5:45PM ET",Up,BUY,476.190475,0.41999999895,0x6bbc8cf3cdda3afeb6996f4b768d67df88d3976e0905d229526b790c0ccced94,2026-05-02 00:41:08,0xac5d35c93fa441723cee84828e52497e7a05ccbd8664db26ab3ee45c060090f9,btc-updown-5m-1777671600
"Bitcoin Up or Down - May 1, 8:45AM-8:50AM ET",Up,BUY,557.003487,0.4129238045506168,0xe49df9ce7c8d44ea4a96a29eea658b73fe42aaf194be69e553c296872e4f6e58,2026-05-01 15:45:44,0x58dfef94d20f46faec984fbd8aa198e5abfebe05c0b30e1f5f0e1f967daa0cf2,btc-updown-5m-1777639500
"Bitcoin Up or Down - May 1, 1:40AM-1:45AM ET",Up,BUY,713.630565,0.5184755490398593,0x2c6b0a1130a40b7989458f28e1f7340990ab58835a16a6595498763b21fd17a7,2026-05-01 08:38:18,0x436b5b0132ae87b030ccc6a8d062647aa50d3f1cc8bbd8a0f2a16dc386d2c306,btc-updown-5m-1777614000
"Bitcoin Up or Down - May 1, 1:30AM-1:35AM ET",Down,BUY,453.24,0.5074574177036448,0x8c4c739b235bc1f9af80b4837d8b706b735ebd6deac77397f091555c59796051,2026-05-01 08:28:48,0xe54fa3fa2f0c5d2bbd0573ab63f8a9037574b4475e44bbd2d570c81a7d7f456e,btc-updown-5m-1777613400
"Bitcoin Up or Down - May 1, 1:10AM-1:15AM ET",Down,BUY,370.055356,0.5404596792270181,0xdd19205ab2c171f28022d666a2118dd2c60b9c54c0a8725b5b40553fa338ea7f,2026-05-01 08:11:22,0xd61e07a3beb1ae700f586c0b8d6e8118f6f004c03a505c7916b27d307a8c7c07,btc-updown-5m-1777612200
"Bitcoin Up or Down - May 1, 1:00AM-1:05AM ET",Up,BUY,1034.75296,0.5315278324982999,0xb33dfafd200d80ccfab7631617368fbc2ee6ea78606ec48e84835daf068f484c,2026-05-01 07:59:08,0xdea9c347383dcf663aa06cfc48a30d8847ca054adc9924241c5296b637bfb1b7,btc-updown-5m-1777611600
"Bitcoin Up or Down - May 1, 12:50AM-12:55AM ET",Up,BUY,641.529055,0.5143960299662499,0x552dec2e3b69e948bbb2a8749a0bb4e4445f2c5d2fc21b70f50d2f9f2cc69c14,2026-05-01 07:45:58,0xa956bbb32597a80936e4c788824a73ad5a490f172129672a0ccb60b819dc3cea,btc-updown-5m-1777611000
"Bitcoin Up or Down - May 1, 12:35AM-12:40AM ET",Down,BUY,441.88,0.46280777586675115,0xb41717ca8638665a7d431c5208a19f476d8833c3f2266e5d8eda96f0cfe32862,2026-05-01 07:35:28,0x739b0a1cf7c562873f45efe747d52ace2e602dec7cc6bcd763a067ee416d579a,btc-updown-5m-1777610100
"Bitcoin Up or Down - May 1, 12:35AM-12:40AM ET",Down,BUY,94.780207,0.4799999962017386,0xb41717ca8638665a7d431c5208a19f476d8833c3f2266e5d8eda96f0cfe32862,2026-05-01 07:35:26,0x15eb51a35466eeefac87ccece71d82d5d8f7457233cd70371d586e90a9ed8b53,btc-updown-5m-1777610100
"Bitcoin Up or Down - April 30, 10:25PM-10:30PM ET",Up,BUY,490.196077,0.5099999994492,0xa6c8da4799a397999f16d4fcb4ae0b172768a17607ac013ccc68dfcebdc3f55d,2026-05-01 05:23:38,0xe08fedac2a6126d54c7319fb4572380911c0c586166dd5d1438e42daae46053c,btc-updown-5m-1777602300
"Bitcoin Up or Down - April 30, 9:00PM-9:05PM ET",Up,BUY,496.293582,0.5238834581584414,0xfbcc6adb5ec5148b6309ca8090719ea8c42ae3f54579d57ba9a532bd63dfa050,2026-05-01 03:58:22,0x73f3581bb5532ed7508e2cdf67cf809609602590577093fcfa99d2d99fad1cb0,btc-updown-5m-1777597200
"Bitcoin Up or Down - April 30, 8:25PM-8:30PM ET",Up,BUY,678.410391,0.5011715674030707,0x8d884c5b5f78dbdb83df9cbbec2c1ef2304dba7cd69ef7f3a93e6323d9a5c41d,2026-05-01 03:21:36,0x9677f23e34e31fd46cbb5861eb58e8c1ebcdcb8daef5eea6d10a112ab4a67d43,btc-updown-5m-1777595100
"Bitcoin Up or Down - April 30, 8:10PM-8:15PM ET",Up,BUY,494.0492,0.4857815780290708,0x72e493ca1f32d196d84155a1bfc1f3902faf286e455b9b219ce5b72d309c01a8,2026-05-01 03:07:46,0xe6d8602cf8355bd62d4fc127596d22716169545b82d3ae154950723963ca33c0,btc-updown-5m-1777594200
"Bitcoin Up or Down - April 30, 6:15PM-6:20PM ET",Up,BUY,488.854229,0.5113998901296198,0x6bd136a448af1d9de73769ca82fe2cf591c68479c831c8c5a206169722b343ce,2026-05-01 01:14:32,0xad51b50a89b443ad061d04ba66cf8eefaee486a79eafe9e15240c7e393dcc851,btc-updown-5m-1777587300
"Bitcoin Up or Down - April 30, 10:40AM-10:45AM ET",Up,BUY,476.305191,0.514376084135518,0x6edc32e3dcb391748fd4ce33f91f885e6d6310e076d9f332e64916c515698752,2026-04-30 17:38:08,0x06b98e3d3de139900917396406eea8c134d4807012804c5044d0472953b405d2,btc-updown-5m-1777560000
"Bitcoin Up or Down - April 30, 9:15AM-9:20AM ET",Up,BUY,1181.850376,0.5076784770596037,0x3113cfd8982adde7c8c36fb45c24eaa05f4dae684ca542d9196a8404457322af,2026-04-30 16:14:38,0x3a7dbf35618216dfca162024432ac97236f297f3514208e40d2a08eda94b82bd,btc-updown-5m-1777554900
"Bitcoin Up or Down - April 30, 9:05AM-9:10AM ET",Up,BUY,746.888886,0.53555489377037,0xc29a8e714d4b7f430cd003ddc961815244b6fd5c05008f2d4eac8258006f95fa,2026-04-30 16:04:40,0x00cbee7900ccb2ff2f48ea5bc496e6813f9b824ab6a231032346faee1a1bf0d1,btc-updown-5m-1777554300
"Bitcoin Up or Down - April 30, 8:55AM-9:00AM ET",Up,BUY,634.450979,0.5043730872704666,0x928104d7deab5ed311045c4484850ebe1e4b009650ad3a7a5034dd4f3ad1d583,2026-04-30 15:53:36,0x19370eefaf9295d637fedd5bdb82c85901ec663e8844ec91c89414ed3504a97a,btc-updown-5m-1777553700
"Bitcoin Up or Down - April 30, 5:25AM-5:30AM ET",Up,BUY,830.505184,0.529798016287879,0x4f209a0767db54558c93830e680a3e91e209149939f2ef45dca31d2fadef4efa,2026-04-30 12:20:38,0xaf2647b6ea83895c9cb06090d0e28d042060f2b13da6ed9eb57e641e7c60b278,btc-updown-5m-1777541100
"Bitcoin Up or Down - April 30, 1:45AM-1:50AM ET",Down,BUY,1384.57,0.54041818037369,0x32950ab05db03826bfae263c2d580497e02fe20ccd15572f2fb14434bab6506e,2026-04-30 08:42:12,0x8493ed56d3860948619516c84e86354269a1d4efa5000c7c891d2d790eefd0a0,btc-updown-5m-1777527900
"Bitcoin Up or Down - April 30, 1:45AM-1:50AM ET",Down,BUY,3.130713,0.5599999105635042,0x32950ab05db03826bfae263c2d580497e02fe20ccd15572f2fb14434bab6506e,2026-04-30 08:42:12,0xe437072a02d475e0efd7a152185b560e2fb17c9384306f57e12cfa654f7398a3,btc-updown-5m-1777527900
"Bitcoin Up or Down - April 30, 1:30AM-1:35AM ET",Down,BUY,1177.481,0.4840842442468286,0xef3b1d3a60350f21e88ab88a6ba5cb8e24830963bf504be1962950d31e578e6d,2026-04-30 08:29:28,0xe001e980a5151d44e05b9009fdd51a55be39ac595eb40418ee4fb8bc61163a44,btc-updown-5m-1777527000
"Bitcoin Up or Down - April 30, 1:20AM-1:25AM ET",Up,BUY,639.560942,0.5159789745259334,0x571813628c0a6315d5fd784e760eae2dff801906fc857abe5a059694871c6049,2026-04-30 08:18:26,0xac2c0aff351e10ff0c8857778f107c852ba93c2bbd210a895851dbfd1adf9824,btc-updown-5m-1777526400
"Bitcoin Up or Down - April 30, 1:10AM-1:15AM ET",Down,BUY,494.055768,0.5060157480035735,0xb31ee5e07b03da1f65db6aaf382f3d809280730eb3dcfd795342b3192ff7c102,2026-04-30 08:05:48,0x56a50b74e8c8ace1b4f116d2ea528a76ea0f169b7f35886607f207a26643857f,btc-updown-5m-1777525800
"Bitcoin Up or Down - April 30, 12:25AM-12:30AM ET",Down,BUY,526.69755,0.46516259473772,0x531bf286f33e9a846bbc12a740afca59cf5dab718ae90b08d7181933491c025a,2026-04-30 07:23:50,0x8e5aca57be6adc29efaddf5b0995a06c9d47bcf3a0f33f6c80d00aa876304573,btc-updown-5m-1777523100
"Bitcoin Up or Down - April 29, 11:50PM-11:55PM ET",Up,BUY,1025.863453,0.5361337294857311,0x6901c9c590b3f159e6b047c513f3b3f50e69f1b0a5dd242c57609841b60e5158,2026-04-30 06:47:58,0x7e10c3ac8396031c6ce97eadd068b1ddca0a706d1e9809f7f1149ff8abd490ca,btc-updown-5m-1777521000
"Bitcoin Up or Down - April 29, 11:40PM-11:45PM ET",Up,BUY,670.588234,0.5099999994929825,0x80309d50791bd346c8e731d93b534e4a1b0f883e36009527f5e3d7b425adf1ad,2026-04-30 06:39:22,0x9652b8ce8d1337b6c77b80894a4675155cdc50f850283c837296c8a3874a23ce,btc-updown-5m-1777520400
"Bitcoin Up or Down - April 29, 11:30PM-11:35PM ET",Up,BUY,487.726036,0.5146331761546558,0x398908e79c2fa9f25f8cc9c8883f89ca34160b1e5f549c5c31d99bbdaa071954,2026-04-30 06:27:22,0xabe1b294ce6aa6aa5153675d58124755ebb6e1285bb5f5e07bb6355450607c26,btc-updown-5m-1777519800
"Bitcoin Up or Down - April 29, 9:30PM-9:35PM ET",Up,BUY,570.75296,0.5256214492518795,0xa6aa2716b3be88f033bff7d73be928f2a1d1206a9cbadb05c49e375466696c84,2026-04-30 04:29:54,0x02bb5891838f929d11fd8df81719371aeef5dff065241d3010b440ee64117163,btc-updown-5m-1777512600
"Bitcoin Up or Down - April 29, 9:10PM-9:15PM ET",Up,BUY,479.403395,0.5214814947232487,0x61da97c6fd724a27f9fada2c28ce422001265648bf1e6b157135fad4f8ef2661,2026-04-30 04:08:50,0x4b32f80e4af2d86eae317c6a0604f7ef004a7c487991f66336a6ca3d2a408a36,btc-updown-5m-1777511400
"Bitcoin Up or Down - April 29, 2:00PM-2:05PM ET",Down,BUY,485.49,0.5149436651630311,0x56194c4a2f748f8fcec23150ce02f25a4bd6d87b0c2bf6d84a59b0c48b44ecee,2026-04-29 20:59:12,0x1ec9f3dfdbdcfa9db0c025a212ac63e6d3e7d67013358415ba4726fc9b9bbc26,btc-updown-5m-1777485600
"Bitcoin Up or Down - April 29, 8:40AM-8:45AM ET",Up,BUY,469.48111,0.5325027858948361,0x06bed156aa0a9a8205338f93049bbba7a806bbcceb16fc2ff7e5f7bf2a778ce5,2026-04-29 15:39:08,0x26988de22282e64088d740012758f37981984d7b40d2cb3e6507c2875d1081f1,btc-updown-5m-1777466400
"Bitcoin Up or Down - April 29, 12:20AM-12:25AM ET",Up,BUY,9.93625,0.48,0x211fd2610fe933cc763f566328e31e9bc81cef57d9a51013d6029b7114c2a0a2,2026-04-29 07:20:30,0x93d6f7439da5a381d74e4157fc035be553ee96be53fcc8cacda94ef1808d7d80,btc-updown-5m-1777436400
"Bitcoin Up or Down - April 29, 12:20AM-12:25AM ET",Up,BUY,548.25,0.4472970360237118,0x211fd2610fe933cc763f566328e31e9bc81cef57d9a51013d6029b7114c2a0a2,2026-04-29 07:20:30,0xe2fe2f6c6880c6b575384d687eec8addc64ae58291fce6e3e3a40533513ea4ee,btc-updown-5m-1777436400
"Bitcoin Up or Down - April 29, 12:10AM-12:15AM ET",Up,BUY,484.24981,0.5162624617240428,0xf6fa454775e13e656ad0c5189290eb9bab69e84ef64672ada36232860301110f,2026-04-29 07:08:50,0x5024b263b198645453c3f6de3ad9f5581d35c6920d10f123cc4fa1fa7a70d065,btc-updown-5m-1777435800
"Bitcoin Up or Down - April 28, 11:15PM-11:20PM ET",Up,BUY,508.127691,0.5077463865278699,0x71fba4fbf76c39fb0ee1ba6e2c5666f15ea5dec79b8b111649b4064ba4178b8e,2026-04-29 06:14:50,0xcd2a64b6a3df6ed81d772bd277968587c391a873013b7b32cc955d90cfb36eae,btc-updown-5m-1777432500
"Bitcoin Up or Down - April 28, 10:55PM-11:00PM ET",Up,BUY,670.391371,0.5026914330614198,0xe96e0f5653cae503c71c246b054fe7ebee19fc671b2395605b9f27d13d3a4ccd,2026-04-29 05:52:08,0x3a6d7cc3af2ec5a5f1fa8216dd4879040394ca8a128aee74d7b20e788ee8e372,btc-updown-5m-1777431300
"Bitcoin Up or Down - April 28, 10:40PM-10:45PM ET",Up,BUY,686.278489,0.5099970414488687,0xf0aadf74854f3584a616495cd237ec7da585265c7bb92976e06cbccb321826bd,2026-04-29 05:39:40,0x258bae96177bd4f2f40c82205e0a961ebc76aeb4269024a8261aec70b514d837,btc-updown-5m-1777430400
"Bitcoin Up or Down - April 28, 9:45PM-9:50PM ET",Up,BUY,494.409614,0.5056535955629697,0xb30657d366e775fa4bcd39a2819f3bd337a58054295c30fc768855be875fa411,2026-04-29 04:44:52,0x4ae4299d35c866f1e0e4442b8e0a559c41319a7343cfd0a1f6f94b1e7950768d,btc-updown-5m-1777427100
"Bitcoin Up or Down - April 28, 8:25PM-8:30PM ET",Down,BUY,510.20408,0.489999999608,0x87b0628784a2aeb5be24715095e2fb0e7c7c45329fdd2d8f01ca2b0d507ca307,2026-04-29 03:24:24,0xd46467b34e5edaa3b92fd915c544724cf81cc3f89b51ec93edaba6582e8ebae7,btc-updown-5m-1777422300
"Bitcoin Up or Down - April 28, 3:55PM-4:00PM ET",Up,BUY,617.95941,0.4854687769865014,0x9359cb404b553685fb771bd4e6ef17b56aebeac18246ef37a9299558436f19d8,2026-04-28 22:54:56,0x57ff9bf62dbf35274bda2aea1e5981589380f5952c8e031e2b4b09aa9bb3c6f0,btc-updown-5m-1777406100
"Bitcoin Up or Down - April 28, 9:45AM-9:50AM ET",Up,BUY,660.294806,0.5149215106804884,0xaa0feddc4bfc1f9e38d006694a23a0b6fc5a7c67c89885bd189391f8849af3fd,2026-04-28 16:42:14,0xa6ec5ab002b2c33ed9212df9466f92de3412a179d42d357352f89884e280ec88,btc-updown-5m-1777383900
"Bitcoin Up or Down - April 28, 9:30AM-9:35AM ET",Down,BUY,652.32846,0.5074130891054485,0x7696a6a1565aa6813f3b1339a06462be83a4a376787049b603ae39058058284f,2026-04-28 16:29:32,0xe7b9e258f1f1bc3ff82699fdeef788b584fcf366ee5673f93d7743d0c7ce8730,btc-updown-5m-1777383000
"Bitcoin Up or Down - April 28, 9:20AM-9:25AM ET",Down,BUY,501.2538,0.49874933616463357,0x5c12e6998cacb7ea3592b1382a9540484e883cff735d6a84d5d31d0c9b4a0bc3,2026-04-28 16:18:52,0xbdf834ffdaa95b551452a926b7e85637f68c76c754e95b3c2be0971a344d5e6f,btc-updown-5m-1777382400
"Bitcoin Up or Down - April 28, 9:05AM-9:10AM ET",Up,BUY,559.615383,0.5199999997140894,0x63eeea491e4bed5edd681e5f0537b32efc27d82f8a0587e8e9d647df2f4db876,2026-04-28 16:04:22,0x9f9133e1223d1306a5dea4bbb64f38104dc082bac89e39c1913ec9fd5cd04958,btc-updown-5m-1777381500
"Bitcoin Up or Down - April 28, 8:45AM-8:50AM ET",Up,BUY,499.851319,0.5181540773327438,0x7825301723b17222927a479053d47d53856bc9f2d7cda215a575b561f2908ca7,2026-04-28 15:42:26,0x66708c29fb2bb6efbc490d8d8a30100419c17577639c4c238cd8369c1c0a95e7,btc-updown-5m-1777380300
"Bitcoin Up or Down - April 28, 1:50AM-1:55AM ET",Up,BUY,460.132679,0.5269140884356109,0x600d1a5b0e17d59c0c921c039ed6fbf00087f6640e4cb50387611c0f14862e87,2026-04-28 08:49:54,0xaa378ad3bd97070e0ec05b5ab90007106c6d9ad05c0ded7d42e4f706142d3282,btc-updown-5m-1777355400
"Bitcoin Up or Down - April 28, 1:40AM-1:45AM ET",Up,BUY,442.932278,0.5300535337929786,0x1b06123bdf7459d0410432c770f23bf53417dde112e2df1cdd35bb3460f7f504,2026-04-28 08:39:24,0x83aebe3f8cc9c79d4730b097b981304da8d8a725bc6d8a02a30bb1d1827678cd,btc-updown-5m-1777354800
"Bitcoin Up or Down - April 28, 1:30AM-1:35AM ET",Down,BUY,440.59631,0.5261313989936992,0xfbf0af69aa98b4662b95ff5ffb6dde560ec2e3da723a1980a6ef3f919cbeddea,2026-04-28 08:28:12,0x0b2f5087507a2b13cf58b5eb967a5e616c7c88149f3641039425f20278f09ebc,btc-updown-5m-1777354200
"Bitcoin Up or Down - April 28, 1:15AM-1:20AM ET",Up,BUY,1093.53721,0.4842793245659404,0xe2db3d70322dd5d67e52eeba5cf45acb719107497f59855690c29a05d8c3c0b4,2026-04-28 08:13:06,0x69000745d61130a8e869bf5734edff5e65f150379763a916a2381cb35c81a760,btc-updown-5m-1777353300
"Bitcoin Up or Down - April 28, 1:05AM-1:10AM ET",Down,BUY,558.713132,0.5201240362084297,0x58660cc17742036d1991614765569ead5aaa4fb6ea96bdeb338f7253d04507f8,2026-04-28 08:03:40,0x925a65a451dd08e6eb2a23f68a6baf05729f9e0379e0a1eccff3a291fe03636d,btc-updown-5m-1777352700
"Bitcoin Up or Down - April 28, 12:55AM-1:00AM ET",Up,BUY,471.71955,0.49221825406713204,0xf0bba7433a6bcdbb17807ea2ab9b0aa98e278d1992827722706a22c96c0b2d8d,2026-04-28 07:53:28,0xbe015628f938c557dd537fbb368210bc13d3226e2829ab37ac1cdfa8640292b8,btc-updown-5m-1777352100
"Bitcoin Up or Down - April 28, 12:30AM-12:35AM ET",Up,BUY,536.243324,0.5409571790845816,0xa304cfb7e22e3c8cffccf84d1fbd793a3e697591b76b304832d627a45ecbd539,2026-04-28 07:28:00,0x40818871e55f164a29decd43cc7c71291b47e4e6bc9554a9c1eecb9ded4b4411,btc-updown-5m-1777350600
"Bitcoin Up or Down - April 28, 12:15AM-12:20AM ET",Down,BUY,853.444613,0.5265316643739343,0xd8acb708f9ecf19a3cb1f6b09c05fac444e6dcd00042099f5d944240618269a1,2026-04-28 07:14:48,0xebc2e1ec910c972233bf183f99f95e2805ff03fec0ed3e46e52f03d6d140902f,btc-updown-5m-1777349700
"Bitcoin Up or Down - April 28, 12:15AM-12:20AM ET",Down,BUY,501.95748000000003,0.5029005551393612,0xd8acb708f9ecf19a3cb1f6b09c05fac444e6dcd00042099f5d944240618269a1,2026-04-28 07:14:48,0x078c118aa7a75e4ed7d745d92f7c6833f83d761c9cd47e200d5cf5e87ac071c6,btc-updown-5m-1777349700
"Bitcoin Up or Down - April 28, 12:00AM-12:05AM ET",Up,BUY,940.672809,0.5132872688654843,0x6dbb2521adf3395c3718577bc24571903b53b672cc99c537e9364016cf2f46c4,2026-04-28 06:59:26,0x16a8d99b1b853e5606766088230b3e9219a701031690942ad8b41af63592c187,btc-updown-5m-1777348800
"Bitcoin Up or Down - April 27, 11:50PM-11:55PM ET",Up,BUY,546.883024,0.5299999999646666,0xc5e0136763f13b8a73fefe2c308acba75d26969dc05569264068b7a210c88bc2,2026-04-28 06:49:48,0x06a8af101adb2397e38eeb4111b3eedfe8dbd4ebced4d7cdbc90ff96b954a8a3,btc-updown-5m-1777348200
"Bitcoin Up or Down - April 27, 11:40PM-11:45PM ET",Up,BUY,666.6142100000001,0.4958638019713694,0xb8746a4b5b12b9d065c6d104de5d05a32cc0fb933451c7f7db3545110620f796,2026-04-28 06:39:50,0xef68d9371d78394c6c31391b00fd5f14ec25982822565e3bc0a93119d359d26f,btc-updown-5m-1777347600
"Bitcoin Up or Down - April 27, 11:30PM-11:35PM ET",Up,BUY,243.372687,0.3929328210175619,0x0d55efe4c84d54af56cfcb0c890e122931f1745f6f455227fae3bca1e080186d,2026-04-28 06:33:16,0x659502d31d5cbb40b3874b2d7719a12b57543da906c583854f4016a52593bb85,btc-updown-5m-1777347000
"Bitcoin Up or Down - April 27, 11:25PM-11:30PM ET",Down,BUY,426.844453,0.4499999992125,0x5df15cbe620bf57c6ef6de49559de789754addb01152b9d12763de9db27d6bdd,2026-04-28 06:24:02,0x6f681c3f19a13515c37dec46b7222e67a6b2e7c04c9af8547457b2424f01fbff,btc-updown-5m-1777346700
"Bitcoin Up or Down - April 27, 10:55PM-11:00PM ET",Up,BUY,502.821058,0.379999999164,0x749a2f654ed6940508180c7a2495ae0a8a524583707e7c21df548b7c4b457e38,2026-04-28 05:53:40,0xeaa04e49c19c20f0cd22b0832d9e23a3aeda1769bd4126e25a6edca5531a2075,btc-updown-5m-1777344900
"Bitcoin Up or Down - April 27, 10:45PM-10:50PM ET",Up,BUY,354.88421800000003,0.5451060368619022,0x4c49b5a7cc99e7d0844b5e688db2dc3ab0dab6f5c36b785f3f722ab2f1d6ec13,2026-04-28 05:43:04,0x644f34784c4131e80ed21c0b43bea76bcf7ed59fd7d644bc2d42ae4218313032,btc-updown-5m-1777344300
"Bitcoin Up or Down - April 27, 3:15PM-3:20PM ET",Down,BUY,393.175514,0.489999999118,0xe9a76d61256b0c550a03229f89150a0f4c65849783fc4d22a0f5a42b62ed69f9,2026-04-27 22:15:08,0x5c212da8b1b436bf5729a27e1f2b2966a873cd49c496ac3cafb7336fac4c1791,btc-updown-5m-1777317300
"Bitcoin Up or Down - April 27, 8:40AM-8:45AM ET",Up,BUY,454.76424000000003,0.5311790277090815,0x51b384f88baf5133d26b818e5c5b24332656c9a683570c6ec9ab2127d0d929f9,2026-04-27 15:38:20,0x296f81946040ab47a93f14e6a01022c3a9d393593108ead254c0c4b31bb83568,btc-updown-5m-1777293600
"Bitcoin Up or Down - April 27, 12:35AM-12:40AM ET",Up,BUY,454.76253899999995,0.5002803573254163,0x183e0509959b95d61af9f0f5a16e672e71a617156d0d6ffc84b63f301070df90,2026-04-27 07:34:20,0x17edd37f61bcb18a9744ea8b5e62ebf524f5012caddd9ebcfdfd3d1b4c526aa7,btc-updown-5m-1777264500
"Bitcoin Up or Down - April 27, 12:00AM-12:05AM ET",Up,BUY,637.202769,0.5307165542816992,0x2ae70a3335b52572188af1e32404dfc4e60dd5ee6cbc7181ea2cc7fec16e5299,2026-04-27 06:59:34,0x4b98511c1d4ea02302370a128869f113a71fc31485103d7c769cad83b0bda2c5,btc-updown-5m-1777262400
"Bitcoin Up or Down - April 26, 11:30PM-11:35PM ET",Down,BUY,472.36228700000004,0.5106057627248466,0x68ade0655648ebaf52456c0671a5469fede0a42a3d174d9bf102d92fc64acb26,2026-04-27 06:27:22,0xdfa735c405f3e1cbb0e43d48c973cba7fe9bea94947eeba3b93e23c77a836665,btc-updown-5m-1777260600
"Bitcoin Up or Down - April 26, 9:50PM-9:55PM ET",Down,BUY,535.743407,0.5264538280781038,0xbd91c81a433e989858bf72e85e186ccd040108b8f6f23ef1e626942ed5881853,2026-04-27 04:49:16,0x2bf6b8400b4e3aaa18fef26aac17427e0e597e37b61c99b05ce2181ddb027b50,btc-updown-5m-1777254600
"Bitcoin Up or Down - April 26, 9:35PM-9:40PM ET",Up,BUY,390.37743,0.5167513838119988,0x561e18b16c0aeb64225e03ce90394d07bc57f8693aaea9cc4061531b25ed25b4,2026-04-27 04:33:10,0x7e5180846392d3ffe80e3b61a8d8dc03e0abe3e8838575cf8d1b005f17012830,btc-updown-5m-1777253700
"Bitcoin Up or Down - April 26, 9:20PM-9:25PM ET",Up,BUY,459.482868,0.5255017044668873,0x61cd3b1ecc30dc653de54ff86da9d9a4d6b4eda4aee36d909144606919777062,2026-04-27 04:18:16,0xd69ac324f7d828f88db6c10f702a3d485c6b5ede14e132ce2dfbc005c35b94ea,btc-updown-5m-1777252800
"Bitcoin Up or Down - April 26, 9:10PM-9:15PM ET",Up,BUY,81.17941,0.5,0x899e23dbea47db8fd6613d3b0b05a9202f7a4671cfa8dbd26f9485647767ee9f,2026-04-27 04:08:26,0xebe82a753a3005b795da59db0c375244807d14e848509161dfb289f8a9251333,btc-updown-5m-1777252200
"Bitcoin Up or Down - April 26, 9:10PM-9:15PM ET",Up,BUY,480.04073,0.4873094053446754,0x899e23dbea47db8fd6613d3b0b05a9202f7a4671cfa8dbd26f9485647767ee9f,2026-04-27 04:08:26,0xc2380f0f063bc68ce68134ca358e639f3de6331f9f1d3f4f2c7f0a275940c0ac,btc-updown-5m-1777252200
"Bitcoin Up or Down - April 26, 8:30PM-8:35PM ET",Up,BUY,485.527869,0.525148056493972,0x6d7dcb85e99a0a8870315cf7950ebfc8d72614954169b55c0a28beb61d872c3d,2026-04-27 03:25:58,0x98be5c616577eee80ad5e365486237295e1202be0a12cc9e2f6784dc10fe370b,btc-updown-5m-1777249800
"Bitcoin Up or Down - April 26, 7:50PM-7:55PM ET",Down,BUY,465.385329,0.5315275340015206,0xe1e2855631614a54905285c25e51d6066ae46100dbddbfd6091e10266cd90130,2026-04-27 02:46:32,0x3f906890fcff83daaae9e65304e8e41fc1470e83b09ec5207e6e7a2ab9981731,btc-updown-5m-1777247400
"Bitcoin Up or Down - April 26, 7:20PM-7:25PM ET",Up,BUY,555.884098,0.5210710992346425,0xd9645066177a3eecf8c324adab40df942be2d4daf7f68de9ba209a897a512eee,2026-04-27 02:17:42,0x92064f3409e0e977f6a685e0cce049e75e98806ca68107062de386ce947e0115,btc-updown-5m-1777245600
"Bitcoin Up or Down - April 26, 7:10PM-7:15PM ET",Down,BUY,279.75272700000005,0.4319775579291595,0x1c2e1eef0898a589a1f4098fee566630876a23544a68b2e9bc95c866513399b7,2026-04-27 02:10:28,0x4e18085f143fa0c8e163cad51edd25399682b03d4ce8cf74625ce85750125e6f,btc-updown-5m-1777245000
"Bitcoin Up or Down - April 26, 6:05PM-6:10PM ET",Up,BUY,725.62275,0.47302993742044974,0x26dd6672071604a66989f48c2e2f81a7e1658cdbd64e602e4cc2998ad1a4c1c0,2026-04-27 01:04:46,0x7c58168a721098ea41b6276b1ad25c38b8d9a3d753e09d0881d1efcbef90fdca,btc-updown-5m-1777241100
"Bitcoin Up or Down - April 25, 11:55PM-12:00AM ET",Down,BUY,369.31538,0.4786193057437715,0xbaddf48cc1ce84215481d784784c52df7540e1396b24aff6a6e3718eeea06ef4,2026-04-26 06:57:24,0xa47841593281a0b04b277c236e16900200994bf64b41cd5d93ca8de9766372c3,btc-updown-5m-1777175700
"Bitcoin Up or Down - April 25, 11:55PM-12:00AM ET",Down,BUY,21.616972,0.5232991480741677,0xbaddf48cc1ce84215481d784784c52df7540e1396b24aff6a6e3718eeea06ef4,2026-04-26 06:57:22,0x8206256ff52e437f29e4e4dc980d5ba1e5387c9b76d2456b443c7b58c988fec1,btc-updown-5m-1777175700
"Bitcoin Up or Down - April 25, 11:55PM-12:00AM ET",Down,BUY,11.57527,0.4307125103562552,0xbaddf48cc1ce84215481d784784c52df7540e1396b24aff6a6e3718eeea06ef4,2026-04-26 06:57:04,0xf84efe0c545332601657079aec99eef8b4903c145afd1f2a47c56e9dc9eddb68,btc-updown-5m-1777175700
"Bitcoin Up or Down - April 25, 11:50PM-11:55PM ET",Up,BUY,513.779345,0.565647474558897,0xdc099fb8272d20fb87ac0962489d1ba114262ce4ede44b105fe5b517fd01ffd0,2026-04-26 06:49:36,0x72d8175476df25804c20da839cf92f73f5be8f190deb6927db54bdccbe15057a,btc-updown-5m-1777175400
"Bitcoin Up or Down - April 25, 11:40PM-11:45PM ET",Down,BUY,428.249145,0.44847260042632925,0x43840a0f6839cd54b15878fcb41df4fa9eb9f6ca0726f5418537e043d8759c98,2026-04-26 06:38:56,0x27bfef6197e2a0e7d8e66d694e961b093e2bbc4aa73ae81dc5d3563230524477,btc-updown-5m-1777174800
"Bitcoin Up or Down - April 25, 11:30PM-11:35PM ET",Up,BUY,400.64072200000004,0.5230318346918977,0x99ba47da8dc0f9e9e01979d18427607ffd03eafd803f06f0df33c414322a59fb,2026-04-26 06:26:20,0x4c300815ec51a193243ace224ee48c5cbebbbe07a2c176fd6b35ae294bdb32e9,btc-updown-5m-1777174200
"Bitcoin Up or Down - April 25, 11:10PM-11:15PM ET",Up,BUY,317.50309000000004,0.4413418018160067,0x7fafcfc5f411334616ea78d91c388e0ca3167e46b98460eb776dd5d096c9c5b5,2026-04-26 06:10:26,0x964f068dd64ab9eee2fd149aecb9c250cb296a77fb32a7bf83ee28e9bef23cd0,btc-updown-5m-1777173000
"Bitcoin Up or Down - April 25, 10:55PM-11:00PM ET",Up,BUY,746.067429,0.5176004123486997,0xbb5e38cee1e97789f1abd23c7f822b42147e0386c89c3b6eaf4a62a2d77a98f5,2026-04-26 05:54:48,0xd1ec3b90af960c2829a85d9d926ba8c6d334e4346e3f4be66f38749f70e78e02,btc-updown-5m-1777172100
"Bitcoin Up or Down - April 25, 10:45PM-10:50PM ET",Up,BUY,401.06667500000003,0.47999999952,0xbbf6ca3bc72b37cd8779c65e36be363a06f0a127319ca032724f9429bf9b0dc5,2026-04-26 05:45:26,0xf330180af3a86a12887438c8012c8b02a389df7091773833fdaf46a92ff8b296,btc-updown-5m-1777171500
"Bitcoin Up or Down - April 25, 10:35PM-10:40PM ET",Up,BUY,387.23302,0.5024670086151088,0xc59d4bbc1e867fcc88b9333a80ad97553bca7fd9548a50c3db36de4d08a91288,2026-04-26 05:33:48,0xe211cb8f720a9ad08463dae1ccb508113ad6b605257ed39fefbf6ae9ef15ec4b,btc-updown-5m-1777170900
"Bitcoin Up or Down - April 25, 10:35PM-10:40PM ET",Up,BUY,7.796303,0.5199999801866982,0xc59d4bbc1e867fcc88b9333a80ad97553bca7fd9548a50c3db36de4d08a91288,2026-04-26 05:33:48,0x2837c93f7c4f286431fd211f221d397df937b7e2d25992d3212bb0bebca69991,btc-updown-5m-1777170900
"Bitcoin Up or Down - April 25, 10:25PM-10:30PM ET",Up,BUY,249.511507,0.38297809491274987,0xfe322175a8220f56edf5f9f2f336b5bf2e99652fd67c168bb78a7fd1f553e0c6,2026-04-26 05:28:24,0xedbc5ea8d638a778e01233ab0c84a0c90b06fe323f974ba56db0d241c5643510,btc-updown-5m-1777170300
"Bitcoin Up or Down - April 25, 10:00PM-10:05PM ET",Up,BUY,249.99003599999998,0.5013505458238143,0x1041849da9b4d7bb8f18fa0727374d31a6f97b3c1ff54966bf46d7ae8f89b3ff,2026-04-26 05:00:20,0x87267151c4f6e1a470b0bbd3e0c6700aca753fd2f1d69978ecd863122fef0aa1,btc-updown-5m-1777168800
"Bitcoin Up or Down - April 25, 9:30PM-9:35PM ET",Up,BUY,786.073035,0.516218537802731,0x9ab5dfa7229afb5249ad50b292340f59e032e0040d74afcfe1b7630d97f5e081,2026-04-26 04:27:40,0xa4c74ff2650c73c1a8c5496fef2c185dd2846c26c5167be5520eb3615a2a35f9,btc-updown-5m-1777167000
"Bitcoin Up or Down - April 25, 9:05PM-9:10PM ET",Up,BUY,740.6693319999999,0.5228140697288447,0x5db99e0dd536550c79d6ae35833bcb50fee217697c530618a5b4bd471f000d72,2026-04-26 04:03:44,0xc699140e42aa4120d53833b9c923d90990b4de84edc7e93448f1b188bd7d60c0,btc-updown-5m-1777165500
"Bitcoin Up or Down - April 25, 8:50PM-8:55PM ET",Up,BUY,484.03369599999996,0.5164576426983539,0x79200f68ba450567110277d9da4d27d2c1eaf7084758445b568efea5e3e54bf7,2026-04-26 03:48:36,0xa15193ae16990d45993108f2d8642645a330a2fd719d1417d9496a0abf9efe5a,btc-updown-5m-1777164600
"Bitcoin Up or Down - April 25, 8:20PM-8:25PM ET",Down,BUY,453.1914,0.49019746630956934,0x21b99c8fb6a945eb7c612fe9c59240f2060cf352146705dea040e71cba32d083,2026-04-26 03:18:50,0x748331ebe6466988c457ec229c90375ca1a0cecc9a6ca4682ff3ce415eeb4e99,btc-updown-5m-1777162800
"Bitcoin Up or Down - April 25, 8:20PM-8:25PM ET",Down,BUY,6.396853,0.5099999502321219,0x21b99c8fb6a945eb7c612fe9c59240f2060cf352146705dea040e71cba32d083,2026-04-26 03:18:50,0xbb3e1b73ee777128839f18a7a69fe52d46b3b29e0b6661b5ec27171873565fcc,btc-updown-5m-1777162800
"Bitcoin Up or Down - April 25, 8:15PM-8:20PM ET",Up,SELL,423.54,0.08566015016291259,0xc597f0d959ab24b6cc9ac993d28ab0bebf32ecb09a6aed7e6ef46d52a477a1ac,2026-04-26 03:18:06,0x836f2b14ba508522f8b9f13f0ede32cc370fb358f2c72bfcbfa1339e402e892c,btc-updown-5m-1777162500
"Bitcoin Up or Down - April 25, 8:15PM-8:20PM ET",Up,BUY,423.541552,0.22289391725881705,0xc597f0d959ab24b6cc9ac993d28ab0bebf32ecb09a6aed7e6ef46d52a477a1ac,2026-04-26 03:15:38,0xc1afc161758575da9f1e7eb372616f7f419c77ef28e081cc98a87c60ca53d144,btc-updown-5m-1777162500
"Bitcoin Up or Down - April 25, 8:05PM-8:10PM ET",Up,BUY,393.11710600000004,0.5053542925380126,0x86583b216c0278166a8895f923e1ba4f63a27af7402ba5ff3a2fa43edc50abc5,2026-04-26 03:03:50,0x9e3dacf2c459748865e43daecb067d027466ef6829e549fbe940fde8f68addbb,btc-updown-5m-1777161900
"Bitcoin Up or Down - April 25, 6:40PM-6:45PM ET",Up,BUY,405.92862199999996,0.47403942735733506,0x4271796de7fee6163ec6116e161f0419ee0f5315387be0fc91335fafbee763e9,2026-04-26 01:38:58,0xe605d2a68b1a407be13ac09eac99c5a816bb19fe87938a3e0466f8679b393148,btc-updown-5m-1777156800
"Bitcoin Up or Down - April 25, 4:50PM-4:55PM ET",Up,BUY,720.592531,0.500998824851577,0x4af87dcdadff0b91a0b3c774d13bc05dcefc80326e8895651b645b5db89a3e53,2026-04-25 23:50:10,0x1c59e5d8c5b7900e15e50da1b86ca32cec0cc8b6a4e93e093117dcb68deb73cd,btc-updown-5m-1777150200
"Bitcoin Up or Down - April 24, 5:50PM-5:55PM ET",Up,BUY,530.128138,0.5798109776482521,0x58a5d2bfe957a7c3e50d8136cef0a30b6c9839c38b27fe625b546e25b387cca4,2026-04-25 00:49:34,0x2893f529525ac3592c24405c94991fc43064128fa5462430ef6ab2b603b087f2,btc-updown-5m-1777067400
"Bitcoin Up or Down - April 24, 5:50PM-5:55PM ET",Up,BUY,1749.74632,0.5434367296403975,0x58a5d2bfe957a7c3e50d8136cef0a30b6c9839c38b27fe625b546e25b387cca4,2026-04-25 00:49:34,0x0814119582ee644aa4d0b941930d477f7d33021577b105c585f10b3fb1348e9b,btc-updown-5m-1777067400
"Bitcoin Up or Down - April 24, 5:40PM-5:45PM ET",Up,BUY,178.314775,0.5364466082094504,0x9e7423dc73d483fd02ff141cfe7bf9f1f1b341d8d9d6b4a7f954c1bc5c2dc84a,2026-04-25 00:37:00,0x0d76395cb5cfc805a67e0fa0b11220488bc51dcf9f1df193b09adb9d21cd9639,btc-updown-5m-1777066800
"Bitcoin Up or Down - April 24, 5:40PM-5:45PM ET",Up,BUY,830.6199,0.5244233608892299,0x9e7423dc73d483fd02ff141cfe7bf9f1f1b341d8d9d6b4a7f954c1bc5c2dc84a,2026-04-25 00:37:00,0xd255f9cd32c31f930982c4f6292f815399ad4be4b53562c598edc0a86daf59e7,btc-updown-5m-1777066800
"Bitcoin Up or Down - April 24, 4:40PM-4:45PM ET",Down,BUY,758.86081,0.507658087067048,0x324e21835066e8648cf166026551cc14e84f66192e793af7468a4eae3a0bc63f,2026-04-24 23:39:12,0xc19176e5bffa581c2b091d8916de270c2a793ee1657e6c714242c33571d57c2a,btc-updown-5m-1777063200
"Bitcoin Up or Down - April 24, 4:40PM-4:45PM ET",Down,BUY,1091.296029,0.5317653229487199,0x324e21835066e8648cf166026551cc14e84f66192e793af7468a4eae3a0bc63f,2026-04-24 23:39:12,0x48ccdd18b13bc77302c25db54e07eb4bd0968c1dcf60cf18b3902b20249133f7,btc-updown-5m-1777063200
"Bitcoin Up or Down - April 24, 4:30PM-4:35PM ET",Down,BUY,230.92755,0.5,0xfee2c90758beed6a41b5e08ac0eccb126a6a77210db6c25032b10aedd5ddcfd1,2026-04-24 23:28:52,0x1417d9fa451472d18b65dbb4377fa969cb4f7268b880b7b6b5bd3f2f958ff15d,btc-updown-5m-1777062600
"Bitcoin Up or Down - April 24, 4:30PM-4:35PM ET",Down,BUY,761.46671,0.4937860478064459,0xfee2c90758beed6a41b5e08ac0eccb126a6a77210db6c25032b10aedd5ddcfd1,2026-04-24 23:28:52,0x71e6e2035aa83963b59c42f6aceac49424768ac43b51574c51befaa0cfc55c1d,btc-updown-5m-1777062600
"Bitcoin Up or Down - April 24, 3:50PM-3:55PM ET",Up,BUY,696.10547,0.506327588117934,0xc1d1f410b3817e6184ecb162c88202f5c643ace0a10082f81535c703cca2d4de,2026-04-24 22:49:00,0x92939e6017e507debaea57c87844ed336de9eb70cef21d2bced9178fa497b60a,btc-updown-5m-1777060200
"Bitcoin Up or Down - April 24, 3:50PM-3:55PM ET",Up,BUY,314.279878,0.5208862634378061,0xc1d1f410b3817e6184ecb162c88202f5c643ace0a10082f81535c703cca2d4de,2026-04-24 22:49:00,0xff13c3ecce96e953a53c979d0df18d0850e9b24c5dd8aef1865b5a05e61eb255,btc-updown-5m-1777060200
"Bitcoin Up or Down - April 24, 3:05PM-3:10PM ET",Up,BUY,875.14662,0.5104563894523326,0x40d9b65852c44dffa8b9cf36aae51f1458dfe8deb2e53a9b9ed71a3634b16142,2026-04-24 22:04:44,0x982b9611e964b86e736938ffc4d06a4ab5e4628eecc9fcbf33d6cada3d8efd1d,btc-updown-5m-1777057500
"Bitcoin Up or Down - April 24, 3:05PM-3:10PM ET",Up,BUY,1330.294846,0.5364936635811062,0x40d9b65852c44dffa8b9cf36aae51f1458dfe8deb2e53a9b9ed71a3634b16142,2026-04-24 22:04:44,0xb40e1d3af54335c82e55adb3134d342e7f19a3f7073fe03d63c43a0bdd7e819b,btc-updown-5m-1777057500
"Bitcoin Up or Down - April 24, 2:25PM-2:30PM ET",Up,BUY,779.140586,0.5385158391269345,0x15c1b29f2c1c396cdd43e2de868b715c99bdeabeee6f4c11f5bd66f89b64bdae,2026-04-24 21:24:20,0xc2d6df3f616ea7f3fa6f2ab737ed50a5fa1f23871e3693fbe49088b32de11a17,btc-updown-5m-1777055100
"Bitcoin Up or Down - April 24, 1:10PM-1:15PM ET",Up,BUY,612.512528,0.5375536968558625,0x68ea5f559b330e760465f376bc6b366889c07519f39ead73c7666eb2821c7d62,2026-04-24 20:08:24,0x963d8943f76cf41de0103e71d11c827560cc6ab05a8a371d2e97efc2a8e3e068,btc-updown-5m-1777050600
"Bitcoin Up or Down - April 24, 1:10PM-1:15PM ET",Up,BUY,1022.8700000000001,0.5242515224472454,0x68ea5f559b330e760465f376bc6b366889c07519f39ead73c7666eb2821c7d62,2026-04-24 20:08:24,0x65ec2d8efcdcca4c5cfb61447c568d827f88c324e92f035bd306743f93b329e1,btc-updown-5m-1777050600
"Bitcoin Up or Down - April 24, 12:50PM-12:55PM ET",Up,BUY,895.862642,0.5398009849947694,0x13ac91fa0a698ae69f4bea47a3bfd5cd13132076425dbbdd7d2301370a1c89fd,2026-04-24 19:49:48,0x76b476d17ef1b9b1b076c09b5926bb8783ca39c71a61ab2ae6fab820c3d068e9,btc-updown-5m-1777049400
"Bitcoin Up or Down - April 24, 12:40PM-12:45PM ET",Up,BUY,236.55262100000002,0.525916908160786,0x15731514c000b13feb08281f06daf819303ac73f2242990d8a4784518a8e623a,2026-04-24 19:38:00,0xe0d0d67b27ace6d3604442d01a09f47c170a0626f4d50cbc5b4e7a8e24419fa9,btc-updown-5m-1777048800
"Bitcoin Up or Down - April 24, 12:40PM-12:45PM ET",Up,BUY,963.36103,0.5151184620470642,0x15731514c000b13feb08281f06daf819303ac73f2242990d8a4784518a8e623a,2026-04-24 19:38:00,0x0344ab14215c6f9301143eeb036ad370d367c6d0ec253a9399c659ff2acd35d6,btc-updown-5m-1777048800
"Bitcoin Up or Down - April 24, 12:10PM-12:15PM ET",Up,BUY,388.728135,0.5372334585173555,0x79b63097e6d5e3b39504332ed61d7a1e4a542e256c3d64085eadd2425566c2ea,2026-04-24 19:09:44,0x7b1f81b82dc0d237a754bfe5f32a0a193238e472830e7c70017ebadc3a9fc4c0,btc-updown-5m-1777047000
"Bitcoin Up or Down - April 24, 12:10PM-12:15PM ET",Up,BUY,528.1503799999999,0.5204081968411817,0x79b63097e6d5e3b39504332ed61d7a1e4a542e256c3d64085eadd2425566c2ea,2026-04-24 19:09:44,0x18c11a7f631577423cb4c3f7b982142e577389e53fcad02d4163d57aedc8e476,btc-updown-5m-1777047000
"Bitcoin Up or Down - April 24, 12:00PM-12:05PM ET",Up,BUY,668.283742,0.5020679037262055,0x4d01b4681fc97427d36f2d5f27a6a15ab3334475d32b5c4e29cb7828d1956d29,2026-04-24 19:00:22,0x75224c2c4510cbca809c834fa3d42c01eac9771fd6787a91ee43ceb23f4e81ae,btc-updown-5m-1777046400
"Bitcoin Up or Down - April 24, 11:40AM-11:45AM ET",Up,BUY,848.724958,0.5104146214502898,0x4cb8e4368d08981191bfad3d7f020abc92bf6ea0d5293f37c8d7850353e688b3,2026-04-24 18:39:06,0xe655bfafeb35a206936c94eb672acc2cf1043ad299ca58b6612289cb23dc7aca,btc-updown-5m-1777045200
"Bitcoin Up or Down - April 24, 11:15AM-11:20AM ET",Up,BUY,1499.13542,0.5316694060395114,0x6f7cd9aedab5310f571fd5f08fbc9a1fc6ad0f59b478eee0ce4bc25e4927f552,2026-04-24 18:15:52,0x4843578f748582f2b65179928d5c5ed5ed3d41031b4ff854d648d76f3f2c715d,btc-updown-5m-1777043700
"Bitcoin Up or Down - April 24, 11:15AM-11:20AM ET",Up,BUY,246.807766,0.5399999982762811,0x6f7cd9aedab5310f571fd5f08fbc9a1fc6ad0f59b478eee0ce4bc25e4927f552,2026-04-24 18:15:52,0xb05099f5c0e870625eb7256be78b3691dcd584898b57a0bf09878dee959aa17a,btc-updown-5m-1777043700
"Bitcoin Up or Down - April 24, 11:00AM-11:05AM ET",Up,BUY,1193.90185,0.43445724662135016,0x9026c2b26feedb72dc3ec171dcfdeb675fbd7c4504ada18ef1bc459f8d2cb8b1,2026-04-24 18:00:10,0x3b8bb4312f62a4e3f567e027a24878e12bc2abf07383665c852c04d4b620dc51,btc-updown-5m-1777042800
"Bitcoin Up or Down - April 24, 11:00AM-11:05AM ET",Up,BUY,1082.23178,0.4731365175597905,0x9026c2b26feedb72dc3ec171dcfdeb675fbd7c4504ada18ef1bc459f8d2cb8b1,2026-04-24 18:00:10,0x8aebe3297127ed46b94a228c7ae7920be0370c6ebbf791bfc88cb09362206999,btc-updown-5m-1777042800
"Bitcoin Up or Down - April 24, 10:45AM-10:50AM ET",Up,BUY,296.563335,0.5245075518301685,0x016f0d5632b99d98118368f00948bb63e18faf35e4f92645a44166b90da52c9e,2026-04-24 17:41:18,0x4535bb323dd720002b54483b002f2309051a4c6ea28bef5f65c5a35dadb7a834,btc-updown-5m-1777041900
"Bitcoin Up or Down - April 24, 10:45AM-10:50AM ET",Up,BUY,830.63381,0.5159199656065905,0x016f0d5632b99d98118368f00948bb63e18faf35e4f92645a44166b90da52c9e,2026-04-24 17:41:18,0xd9e34ca0370437513b7746ea55b66de7bfaf0be41c9c5aa2020ba04f15bf7730,btc-updown-5m-1777041900
"Bitcoin Up or Down - April 24, 10:20AM-10:25AM ET",Up,BUY,922.2299370000001,0.5256586451152375,0x92dbe3195f3ca46c656be5b5bc9fa721ea3d29e7128902babd3249dcfb306f61,2026-04-24 17:19:12,0x038b90c1943038777578a98f48a2f2f16c16e6c6168abc0e1bc8441329f4df93,btc-updown-5m-1777040400
"Bitcoin Up or Down - April 24, 10:10AM-10:15AM ET",Up,BUY,683.603778,0.5299999999434667,0x2308e3e5c09460763ea96ff380da4254611ff006262babacf31604ad1c3ffafb,2026-04-24 17:09:12,0x81ce1a58cd0ec5844b1df708d42283b744d8d2988aeed23aeaac0faaead7984f,btc-updown-5m-1777039800
"Bitcoin Up or Down - April 24, 9:55AM-10:00AM ET",Up,BUY,139.18078400000002,0.5599999997217087,0x776a76c2a5e219f24eacd9f34d805b2b899a639e92dcd8e422e4434a772f6119,2026-04-24 16:54:24,0x214857e301b15767bb2432dfdfea162d84344877d97b569649e1d79af60caecf,btc-updown-5m-1777038900
"Bitcoin Up or Down - April 24, 9:55AM-10:00AM ET",Up,BUY,737.7396799999999,0.5502259879595504,0x776a76c2a5e219f24eacd9f34d805b2b899a639e92dcd8e422e4434a772f6119,2026-04-24 16:54:24,0x4b161002454d8c94a891b3646c6b04bc74ff99cf0a5209159c7a1296aaba7cb6,btc-updown-5m-1777038900
"Bitcoin Up or Down - April 24, 9:45AM-9:50AM ET",Up,BUY,59.168112,0.519999999347324,0x44f643b160300509bcb9329bb13d311094d9d425c72ff49f424f964f5a1df906,2026-04-24 16:44:04,0x6ee062dc7d5578a3f5fe5f5861e62880d83a9cccf56295091f95d6b49959fe02,btc-updown-5m-1777038300
"Bitcoin Up or Down - April 24, 9:45AM-9:50AM ET",Up,BUY,693.84881,0.5119190121259317,0x44f643b160300509bcb9329bb13d311094d9d425c72ff49f424f964f5a1df906,2026-04-24 16:44:04,0x0eeef82f8dacffd4223f8b179e9eda0d02b1a73c67a161e877810945ecbead04,btc-updown-5m-1777038300
"Bitcoin Up or Down - April 24, 9:35AM-9:40AM ET",Up,BUY,499.4982580000001,0.5219366576585038,0x51ff47871b1d5931ef800a39f98ef1d2866329ee06998c928ba12fcc46c85b35,2026-04-24 16:31:16,0x608354ed2f44bf9f8443d9f8aa1041f502a9e866945b8d6edc004f6bed960cdd,btc-updown-5m-1777037700
"Bitcoin Up or Down - April 24, 9:20AM-9:25AM ET",Up,BUY,450.05405,0.4923712427792687,0xd4fd1f07a92f6cf080dc4df24a64589103b0ba8fa9b9629fe4b1eb662314e3a8,2026-04-24 16:16:52,0xff3cb9b8eab0f0e2e59eeb8c35af8ecea9fdf593542cccf0d4ff744c3e6fe9e4,btc-updown-5m-1777036800
"Bitcoin Up or Down - April 24, 2:00AM-2:05AM ET",Down,BUY,664.016121,0.5084405231160952,0xa871c71cb58d9bbfdeef395d69a5934b26227cc9c58b38b049ae605861e65511,2026-04-24 08:59:28,0x6fb53eb45487a9350f93f42b565149098a9050e4a1d49049254f971671f1d207,btc-updown-5m-1777010400
"Bitcoin Up or Down - April 24, 1:50AM-1:55AM ET",Up,BUY,482,0.5,0x02827faac1b6a71acbeb9704ee0ce5721868934e11c003a0cda4cd1933fb2896,2026-04-24 08:47:12,0xadc0c204030be712eeb13387e30c616e10d850fad00ab70e60f58e0c2f4e5702,btc-updown-5m-1777009800
"Bitcoin Up or Down - April 23, 11:55PM-12:00AM ET",Up,BUY,817.028576,0.3499999993,0x5567084c2ad81494942aa5ce91b2bdb3359c8f9c2ff522d2438e8e9f63bf376c,2026-04-24 06:55:26,0x61d816e4872338e537591249ec37e424240edbf255e716ad7c8cdacb4aa47a15,btc-updown-5m-1777002900
"Bitcoin Up or Down - April 23, 11:45PM-11:50PM ET",Down,BUY,394.53405000000004,0.488248827226317,0x43521ff889650215e8a841ae57b81fbb931ecb3a546a0217e9320baf3f337f07,2026-04-24 06:43:26,0x9f12d901356ad08c57d5c66e63ca8a58b178c337d23cc5342bdbc2d531aca1e9,btc-updown-5m-1777002300
"Bitcoin Up or Down - April 23, 11:35PM-11:40PM ET",Down,BUY,409.29362299999997,0.4699999997415,0x8dfead2aa89a5c350a5dd9236abc2b0441d62a443f07b7629b7a1b48733bccc8,2026-04-24 06:31:32,0x19dfaf9ad42b2540660aed6b4cf9230716709d098573c63f40ab2bce40b7756e,btc-updown-5m-1777001700
"Bitcoin Up or Down - April 23, 11:00PM-11:05PM ET",Up,BUY,645.691795,0.5234557556013187,0xc47d7e2321b65e80731e8eba1362c06c894899f39580c35bd8cdba649fc38770,2026-04-24 05:57:32,0x92912e25b4854da8c3776ffc7bb61c9e55f65e1d9a309d102802669173945ff3,btc-updown-5m-1776999600
"Bitcoin Up or Down - April 23, 10:45PM-10:50PM ET",Up,BUY,464.216194,0.5199273426908138,0x83377e23750c15007e6a57c12ebfdf3368bd671580bb6752158a856c2423c439,2026-04-24 05:41:16,0x0424f34c89ceb6c99b8adc08b53e765ffa7d8b0e14f4703b6fdfed89ebdb62c4,btc-updown-5m-1776998700
"Bitcoin Up or Down - April 23, 8:15PM-8:20PM ET",Up,BUY,469.22473,0.49280362966300034,0x8fa012b6e09f27909c66b3f27f8573b7937304d25c5c6e30483bf6b4fca8b6ae,2026-04-24 03:14:32,0x30d687c5ca34173506f47d1374a689b9204497ae39c77d679482c723a0bd203a,btc-updown-5m-1776989700
"Bitcoin Up or Down - April 23, 8:05PM-8:10PM ET",Up,BUY,489.795471,0.5019562979089853,0x05a83419673c25b4d095b2b182c199d4324e6fe81aaf1a715353b161fde4446c,2026-04-24 03:01:40,0x50313d1ce4bfb411e79583f73ac1d9a9715d374040d2d3c9c8545b54cf9053b1,btc-updown-5m-1776989100
"Bitcoin Up or Down - April 23, 7:35PM-7:40PM ET",Up,BUY,555.4950329999999,0.5214508135530483,0x5576979fa3c69f5f5139ea72b19ba3e73eddef5973ec0a75f2cb0a009721aaab,2026-04-24 02:34:36,0x6c729c07e8a4541dd6c4a754302837e9d390a1665b57c5cd6ee17b02b16b1d1f,btc-updown-5m-1776987300
"Bitcoin Up or Down - April 23, 7:25PM-7:30PM ET",Down,BUY,432.49305999999996,0.4899999997772727,0xfaf24db6dcccfcb4c7284fe5cb3d45336090382b07466e8ce72a46c30e4c4333,2026-04-24 02:22:56,0x86f45b8300c915855d489d8529d98d430f4fb84bea6667b3db9eaf4656314777,btc-updown-5m-1776986700
"Bitcoin Up or Down - April 23, 7:00PM-7:05PM ET",Up,BUY,443.917468,0.4994413748198352,0xb6e304d00e06cea69c806f907917767b4b0a8109f2dcb7f55094e7a90a5d9857,2026-04-24 01:59:08,0x2f0f2c4607cf24fbd486c8fc57c4ef64126bca5a13e64780586d2ac1b7b1d6d8,btc-updown-5m-1776985200
"Bitcoin Up or Down - April 23, 1:20PM-1:25PM ET",Up,BUY,396.67078200000003,0.5259462764576424,0xe7f8c5aaf2fe3480a0faf00a6bcbaa24405a69deff151b7407ec8a67cfb1a206,2026-04-23 20:18:20,0x480b9e2447df9e2ef16328796c4b078b66aa424186e5437ffca1253afd820cbc,btc-updown-5m-1776964800
"Bitcoin Up or Down - April 23, 10:30AM-10:35AM ET",Up,BUY,397.80282,0.484086161140811,0xd494219c9cbe243b2b27770ebf51adb13084ca17f617ca1eea48eda71f239493,2026-04-23 17:29:28,0x249abf30afebde041fde7a44a7e4589823681f619142c6301295820e9776e51e,btc-updown-5m-1776954600
"Bitcoin Up or Down - April 23, 8:50AM-8:55AM ET",Up,BUY,180.63979400000002,0.5245953324918756,0xb2fdf453c8751e7629eea24f9aa15c99a546be318570d2d3212d65ca28de223e,2026-04-23 15:48:44,0x69968e2ea9028b66b7de3e1cffa8dd80029a8d2d290c66f498293b56baa730d7,btc-updown-5m-1776948600
"Bitcoin Up or Down - April 23, 8:50AM-8:55AM ET",Up,BUY,473.50486,0.513304666802527,0xb2fdf453c8751e7629eea24f9aa15c99a546be318570d2d3212d65ca28de223e,2026-04-23 15:48:44,0x961c08942461674cad94ded2b7ecf9debb64612a6f09c8cbc363c2a1660e45ce,btc-updown-5m-1776948600
"Bitcoin Up or Down - April 23, 8:40AM-8:45AM ET",Up,BUY,548.4396859999999,0.5082939609826449,0x8ffa669e3a11cfd74387edf0a94b23a842204b6f3f90d5305ed0dc505010053e,2026-04-23 15:36:10,0x9e2fa523a91e92e656adb5bfc3f035786fc4c9ed66a668e1f0f928187f7c5f89,btc-updown-5m-1776948000
"Bitcoin Up or Down - April 23, 1:05AM-1:10AM ET",Down,BUY,738.773584,0.5228363576022617,0x4aecd1afb36de657e6e19fbfbc3301abc0bf36ffc3ecfb4763fc631226170fbf,2026-04-23 08:04:32,0xc399f6b5977cd0161244b679c6d54d3da657d8ffbccf12b1ec39c4ef71e16891,btc-updown-5m-1776920700
"Bitcoin Up or Down - April 23, 12:55AM-1:00AM ET",Up,BUY,578.4,0.5,0x70fab007f7298765307d8a5a435360081f5653f497a3417f28ce62c060b451dc,2026-04-23 07:53:20,0xe4dd7f0b07a18e07d17984878768d71f50dbe2809a68ad69932963b9d57701ec,btc-updown-5m-1776920100
"Bitcoin Up or Down - April 23, 12:15AM-12:20AM ET",Down,BUY,502.00563900000003,0.5212255237662117,0x07599ee87fac6f65d0dd118f1c4cda8750752754df26030d1f385730463ca59a,2026-04-23 07:11:30,0x68f412d09c7e8cbc1b891a1383438331a895a1a7a3834cd5efb6c949f6c1bbeb,btc-updown-5m-1776917700
"Bitcoin Up or Down - April 22, 11:45PM-11:50PM ET",Down,BUY,471.810617,0.48999999932625,0x064f43cdae00bdc2c2a1ef02b162cfcfcddfb0ec7636e67e22e46b7c02c7e26e,2026-04-23 06:42:14,0x8768c06036881b793a4d2f455572494f7a8bc1ebd0b76603de5efbf5c81129cf,btc-updown-5m-1776915900
"Bitcoin Up or Down - April 22, 10:55PM-11:00PM ET",Down,BUY,589.65015,0.490097578427865,0xa504383b84025b673da2be4b2133542c68d9051229d65f602e1a40eeab516f0f,2026-04-23 05:52:24,0x48d7ecf640a413762e579b587e2710917f0429b11e2d6489589f9344bf712fd3,btc-updown-5m-1776912900
"Bitcoin Up or Down - April 22, 10:45PM-10:50PM ET",Up,BUY,417.878267,0.459999999494,0x1e001250554dad4b9c607f6dda424641c30e64b4bb98807738a38d0987ff5c31,2026-04-23 05:47:22,0x31b5107efa792952a46b4ce89e20917081bb2917b46e4b4c89922d3f13612604,btc-updown-5m-1776912300
"Bitcoin Up or Down - April 22, 10:40PM-10:45PM ET",Up,BUY,568.02728,0.5094914002097406,0x76427727d73ffa3474206623938d53b98a544e9d641267153d4956057df0bf18,2026-04-23 05:39:34,0x4727c9dcb7bc3dff4ce196af5eebb065e61def88defb543508d45b88bf23051e,btc-updown-5m-1776912000
"Bitcoin Up or Down - April 22, 8:05PM-8:10PM ET",Down,BUY,588.8806500000001,0.4907623797264098,0xd16128e83c79add415bf76a8cb31622192b4268f1fe20a0013e37651a6133599,2026-04-23 03:02:12,0x25d619df28a5a19b985af1948593098009b5cff0a27cbc1287f556d376e71c36,btc-updown-5m-1776902700
"Bitcoin Up or Down - April 22, 6:35PM-6:40PM ET",Up,BUY,737.462127,0.5238039229737058,0x2bd797c310dd5dfdd8f088ddbaa5eee8eb8dbda17272d140c965339d1ba38163,2026-04-23 01:28:42,0x312756d0d1a7088c7ceda7167618a0d505bd722897de5c4f8765d13d24e277c1,btc-updown-5m-1776897300
"Bitcoin Up or Down - April 22, 6:15PM-6:20PM ET",Up,BUY,489.37149900000003,0.5024081199523782,0x61dfef5bfabde45ad2d5e4aa4e277f90fc1f92962656f9f9f416314dbd37aac3,2026-04-23 01:13:30,0x4e49cd4de5027918b603591d78c162529abab485b546c3bb6ae42b6b36a9e0cd,btc-updown-5m-1776896100
"Bitcoin Up or Down - April 22, 5:50PM-5:55PM ET",Down,BUY,555.5724289999999,0.5213752368892293,0x660979354e2be36fefaa53f183621781f69c4a91d9968342fec25b6609f2b285,2026-04-23 00:47:54,0x04788f9da55a0b6f3d7d7105bf880a8950765eaffa34e993179c9a8252453f10,btc-updown-5m-1776894600
"Bitcoin Up or Down - April 22, 5:35PM-5:40PM ET",Down,BUY,564.839781,0.5124808799575528,0xdb5892c8ce47b72c3c6183541c13520ce6652227e96365cf91a797be61f84de2,2026-04-23 00:32:48,0xebe6849d106134184b1cb8ff533f41c6e72ce83f3f0702075357284d02d623cb,btc-updown-5m-1776893700
"Bitcoin Up or Down - April 22, 11:45AM-11:50AM ET",Down,BUY,552.279955,0.5246099815495543,0xaa8a3c128649221e039295c91db0018871b686c9868ead0d48e2ba906b6e7aac,2026-04-22 18:41:36,0xa037e1a14ff4e8245a4a537b4e423a145054f48762bc790917ab648eb8b1f2a9,btc-updown-5m-1776872700
"Bitcoin Up or Down - April 22, 9:35AM-9:40AM ET",Up,BUY,1551.377011,0.49702100720320697,0x5f1b03ff88c5ead301f7a7048d44bebba356deccc4c27b2ef49a5be60b393612,2026-04-22 16:33:48,0x25cd294b6a03558b5af260510bd72696c735212df8ed8c6e349fed1826cf1ef4,btc-updown-5m-1776864900
"Bitcoin Up or Down - April 22, 9:25AM-9:30AM ET",Up,BUY,574.94211,0.5005156022066097,0x5786dd76142593263402efbeaf25740938ee0a813a9371c985e3699dafbe52a0,2026-04-22 16:22:56,0x90e297f09d23af85480f1923e14fdea128554c3dc9ecd66cbd1c2b3d63bfb792,btc-updown-5m-1776864300
"Bitcoin Up or Down - April 22, 9:25AM-9:30AM ET",Up,BUY,2.832683,0.5099999216694088,0x5786dd76142593263402efbeaf25740938ee0a813a9371c985e3699dafbe52a0,2026-04-22 16:22:52,0xbc7be4677f88624b39d463944d10ae27400a61e352908be8064d89d0720bfcd5,btc-updown-5m-1776864300
"Bitcoin Up or Down - April 22, 9:15AM-9:20AM ET",Down,BUY,500.58224000000007,0.5147434476243722,0xaf8cea6c4ed78d9936748c18503d212f006775a9401f75813b11afc6d2785175,2026-04-22 16:12:18,0x54d13ff50627a01acdcfa067afbb42694d96eef6b72ab9ba5f0e85612a875b06,btc-updown-5m-1776863700
"Bitcoin Up or Down - April 22, 8:50AM-8:55AM ET",Up,BUY,566.131129,0.5112655393601194,0xd85ffda2dbcedb1407278dac572b8baf4061e293c6552ae409d1b35251dc1c80,2026-04-22 15:49:02,0x999b352ca1cdab8382eabf36cbd9a9f9f711bd40bd2e78be6f5ffaf48d51effb,btc-updown-5m-1776862200
"Bitcoin Up or Down - April 22, 8:40AM-8:45AM ET",Up,BUY,537.994037,0.5222940976080479,0xd1b8002a8c04a973028c2725c1df1618cc67e32d742e1828b7dfa12fd0c27ee8,2026-04-22 15:37:06,0x0b4f2279581e1d1fe2a93b5f4e2e2c0a4e806d6e04522e9478a166bc627c6b25,btc-updown-5m-1776861600
"Bitcoin Up or Down - April 22, 12:30AM-12:35AM ET",Down,BUY,692.045469,0.4152462985882585,0x287bec705943a2a849bda379d1c765fbed30cd9f04cf3289480e0d0b695fbc41,2026-04-22 07:31:12,0x37c061df7cc6fb9176cedcb5d1bccad3f48245a3c64f51de58c21caa6dcdccb8,btc-updown-5m-1776832200
"Bitcoin Up or Down - April 22, 12:20AM-12:25AM ET",Up,BUY,596.313095,0.5146410966212039,0xba94fe40a35999695b200b6e311ed09a446796b0678a20f157eada1edda583b6,2026-04-22 07:18:50,0xa30cd4c2bd62e090e516600d26281a3e427a1fdd740e01be6bc9f6ff28a4495d,btc-updown-5m-1776831600
"Bitcoin Up or Down - April 21, 11:35PM-11:40PM ET",Up,BUY,488.01806,0.4976993256174138,0x21f3f746b0dd07547a52e7c2340beecb0de3498322730a81f725e71f7b062f07,2026-04-22 06:32:48,0x36dd04b9e25c5b76f46686c9bcfcacd945e6d2a4d52293aa95ac78112fb15c84,btc-updown-5m-1776828900
"Bitcoin Up or Down - April 21, 11:15PM-11:20PM ET",Down,BUY,582.3183879999999,0.5275155338063738,0x5c88a6aa7c072b78bb6521c1521468c39be435e1560065395c53123281ca31ec,2026-04-22 06:12:22,0x0bf77c0b0f7fd544b83e56282f70737a68c0df7e2d4e1851f3aacb122b3bb5dc,btc-updown-5m-1776827700
"Bitcoin Up or Down - April 21, 11:00PM-11:05PM ET",Down,BUY,817.522155,0.5851107487960964,0x9e0a9a43df9e729ca8fa3735de70ec42ef076fc9d86eeaa9eeb1544b48f47e69,2026-04-22 05:59:34,0x9db70860ed36fa092513ef412027862ff78e7ef5f27938da053b7b75046c4dcc,btc-updown-5m-1776826800
"Bitcoin Up or Down - April 21, 10:50PM-10:55PM ET",Down,BUY,562.67328,0.5270295788913495,0x0900ab61ca4b5198798820dad07511f56039f5392041647e3d02ee5f8c8d0b0f,2026-04-22 05:49:46,0x6af2843abaafd4a91d9c7f70164ae49a2a2c8ef28b87d681ffd17b7de95e3d39,btc-updown-5m-1776826200
"Bitcoin Up or Down - April 21, 10:40PM-10:45PM ET",Down,BUY,733.115762,0.527036342536847,0x20c591b3c915f6398f6514fdc8d59f7a170b3ac774d8c7c96366c5c5b6270968,2026-04-22 05:39:20,0xbc872e3ef096b65ae445c0a4770bf2f63355090e4710f607f22ec4a687acc009,btc-updown-5m-1776825600
"Bitcoin Up or Down - April 21, 10:15PM-10:20PM ET",Down,BUY,549.941572,0.5269318506492034,0xb58ae5a745028ac5f0dd30174f589b595c4e6fb7806d5cc54c9b72304daac759,2026-04-22 05:11:36,0xbc7e0a5c6a6e94665aa34f22b4f862ad464b2b220fcc00bd68855f0f08e7e812,btc-updown-5m-1776824100
"Bitcoin Up or Down - April 21, 10:00PM-10:05PM ET",Up,BUY,439.77295,0.5043323995216912,0xd8679a97ec793c1197f03b6a9d638051d78f22c547fd44a8834a330c159fe054,2026-04-22 04:58:56,0xd57f69a811594452c6f64ab0a3a06bdde7b6bdf69356df2e88d36aa03d08c9ed,btc-updown-5m-1776823200
"Bitcoin Up or Down - April 21, 6:30PM-6:35PM ET",Up,BUY,729.17736,0.52999999947,0x466e83d4e4d168afc1518b22df0cf47c47ed57d62fe666ff7a1d3cb988ec6132,2026-04-22 01:26:34,0x4d0bc3ee1434c32505c4876b90b2a76d0322aa5705401bd63cddfc1bdf16aec5,btc-updown-5m-1776810600
"Bitcoin Up or Down - April 21, 6:05PM-6:10PM ET",Up,BUY,108.197608,0.519999996787744,0x2b335f1040bdd5673ae672d366ff6673857ca118285009b9386b7b965e3ace29,2026-04-22 01:01:52,0x8d2ff6344354313f4f9305b6e98d2ea3dbbe8868a6fd0f0420d3098e278a5fe5,btc-updown-5m-1776809100
"Bitcoin Up or Down - April 21, 6:05PM-6:10PM ET",Up,BUY,496.27704000000006,0.5127609270493079,0x2b335f1040bdd5673ae672d366ff6673857ca118285009b9386b7b965e3ace29,2026-04-22 01:01:52,0x935b1e057258510472c5ec92e0ed837c6f62b1a4f94fc9b2e962d4c75bd8626d,btc-updown-5m-1776809100
"Bitcoin Up or Down - April 21, 4:55PM-5:00PM ET",Up,BUY,472.901967,0.5099999994492,0x6e376d22105e5e71b70420fd449cecc679f7f7a0332efb2ef28b42d101aa99ae,2026-04-21 23:54:22,0x650204d24e7f8c4b11de795d8eecee470c64de8783c2b71c4cb276021beea8fa,btc-updown-5m-1776804900
"Bitcoin Up or Down - April 21, 3:20PM-3:25PM ET",Up,BUY,522.488,0.5,0x0757fd18ca6bffccbdc6b94769fd5c4b9fb18b3cb6efd010f6e048c9aeedf3c1,2026-04-21 22:16:44,0x4e3a0f0716b47e95e127fd8d0c43c2c675a2fff436679ec6036566cb71f17ead,btc-updown-5m-1776799200
"Bitcoin Up or Down - April 21, 2:05PM-2:10PM ET",Up,BUY,471.053152,0.5163419629729865,0x9cf9938885a1db14c81c706804fa9ed7f314a935ed242e793ef2a3c4843515b3,2026-04-21 21:00:40,0xd36d5fdbcae8f37e6e94591f1ee7d95bcbc405c7875d2d667aa3d7df6be1cf4d,btc-updown-5m-1776794700
"Bitcoin Up or Down - April 21, 12:40PM-12:45PM ET",Down,BUY,751.813724,0.5134065756760127,0xa79b7edc923fa5930c43ede2fb6fb4cab9b83e7bfcab245f7d1ded817c639b6a,2026-04-21 19:38:54,0x1d6d598c68e62eb6c2315476a66880db118f1188e041a3c81bedb8154a8d44a5,btc-updown-5m-1776789600
"Bitcoin Up or Down - April 21, 12:30PM-12:35PM ET",Down,BUY,58.464821,0.5199999947157826,0x6bcb1b919868a1091c08365fbebd3cfa599fa6e37fdd7cd295e7c31c4dd33947,2026-04-21 19:26:52,0x01be611f5c7ee2adfbee80b59bd86241d8955fdbe1e9bc5988471839916f7f45,btc-updown-5m-1776789000
"Bitcoin Up or Down - April 21, 12:30PM-12:35PM ET",Down,BUY,514.42072,0.503298969072165,0x6bcb1b919868a1091c08365fbebd3cfa599fa6e37fdd7cd295e7c31c4dd33947,2026-04-21 19:26:52,0x46eea240e06844f5c117e8582cc097c6c30f01bc1b9fbed6feea77870363aaac,btc-updown-5m-1776789000
"Bitcoin Up or Down - April 21, 11:40AM-11:45AM ET",Down,BUY,451.2,0.48,0xd8ab0940e8f505eb998761ba32006a27ec6e6d85e0e1acc5e18b120a7fbedb73,2026-04-21 18:37:38,0xb10a15c4f2013187f736bf3d01ee023ece59eccc167cae333cf8bcebefe98072,btc-updown-5m-1776786000
"Bitcoin Up or Down - April 21, 9:20AM-9:25AM ET",Up,BUY,905.1435749999999,0.5116567959276426,0x22cdb45574ea39e1770285b0329a06c0769e10d162f3311372704210a94342d2,2026-04-21 16:19:38,0x7e179fd686f4745e872c894b9db75d1fb411b9e55e8d142a3678cbc42f7aea59,btc-updown-5m-1776777600
"Bitcoin Up or Down - April 21, 9:10AM-9:15AM ET",Up,BUY,590.994341,0.5143632316008911,0x842fad4e5ae34cb7b3603be1b1f819f6c9f7d110caa4fb87748d2e5ab2b37da6,2026-04-21 16:08:38,0x3fb75ac374100a3af01ab6a4bcd663a4a38709f55207608621c739016267bc33,btc-updown-5m-1776777000
"Bitcoin Up or Down - April 21, 1:50AM-1:55AM ET",Up,BUY,1615.08636,0.4899999997614295,0x623fe275f06ad726fdbf24fd146f190a11a6b955571a139095ffc89256c182b2,2026-04-21 08:48:12,0x1712be71155fcd37a2fdeda88a9ab46b0cedf77fb29d77a7a9ae8289174a326a,btc-updown-5m-1776750600
"Bitcoin Up or Down - April 21, 1:35AM-1:40AM ET",Up,BUY,659.0170999999999,0.5140708146022169,0x747a5eaf6e7a90425e7116b5c985390b075ab06decdd193715e16df39846966b,2026-04-21 08:32:04,0x1ba729530af29d279fc5f6d082d2d23fcec3bb36ab05499ebc2c0ab0bd75dfce,btc-updown-5m-1776749700
"Bitcoin Up or Down - April 21, 1:35AM-1:40AM ET",Up,BUY,164.95451,0.528828673865857,0x747a5eaf6e7a90425e7116b5c985390b075ab06decdd193715e16df39846966b,2026-04-21 08:32:04,0x351c1f3eb289472598abd2581372d8c9404e0523362b32e52f0fd7478da92bb2,btc-updown-5m-1776749700
"Bitcoin Up or Down - April 21, 1:15AM-1:20AM ET",Up,BUY,712.261847,0.5431881204039494,0xaf1c3a64278edaec4dc82fef0d594a272c9b6ba59a2550ec80e5630354bee52d,2026-04-21 08:17:08,0x3f7c53eb76728b4f564fa57225d5af9b55ba4dd471203d504d38eb93ada80876,btc-updown-5m-1776748500
"Bitcoin Up or Down - April 21, 1:10AM-1:15AM ET",Up,BUY,402.313933,0.5058044597872544,0x1fa50cbb37b3b67176b7486da368a30debe8cd526fb49f0f899d6346567d91e4,2026-04-21 08:06:48,0x5140da4c5350e4008e587e341ffba0757f44b9991857384dbf639e95495245fe,btc-updown-5m-1776748200
"Bitcoin Up or Down - April 21, 12:50AM-12:55AM ET",Down,BUY,490.79479000000003,0.5232673540059815,0x6d83f08874ad270c32cd59f36ddc01b98d96e0dfeb71f57afb9cec05e9d8eb16,2026-04-21 07:49:44,0x57e381bcebef64041eb4e4f98257376ac766865bf85d8e0f606473be8d51a108,btc-updown-5m-1776747000
"Bitcoin Up or Down - April 21, 12:35AM-12:40AM ET",Up,BUY,376.003232,0.5132697502633664,0xa3ff75a8b8afec5985cf80f00b7a8562894cc7918452923013985fa4bdb26390,2026-04-21 07:34:14,0x765d63eabefb2f418b3d520e4dd94372bb6c1ac9bb15d0f691b4be1ae8bc8f5e,btc-updown-5m-1776746100
"Bitcoin Up or Down - April 21, 12:25AM-12:30AM ET",Up,BUY,555.087732,0.5200392481100686,0x430ce4af98ff0d44ced83c30c47a6da6003c26dd7dd24560fbb4efc7088d6c56,2026-04-21 07:23:24,0xb987ccffd24cd627be58b5bce3e44a806c863cacb782e1c2d9a4cb0aff7daf36,btc-updown-5m-1776745500
"Bitcoin Up or Down - April 20, 11:45PM-11:50PM ET",Up,BUY,364.588679,0.5299999995495,0xd6938f104017eea4ee2f9aedecafe14e14cc01bb7439964c52287cf29d21b4dc,2026-04-21 06:43:04,0xc381e7e66ff6a1f1a04a7cc166a93cb5f723e435ea4506d86db0165cb3124c92,btc-updown-5m-1776743100
"Bitcoin Up or Down - April 20, 11:25PM-11:30PM ET",Up,BUY,487.58508,0.5310907543936118,0x7024bc6ecd5e509099d347393d87f40ed3fb2be7de08a27e70fc825c1dd5a2a6,2026-04-21 06:23:40,0x1f738c205084e7bf12244ed5af63208cdddef4baface86bb98a9415a3b96fb03,btc-updown-5m-1776741900
"Bitcoin Up or Down - April 20, 11:15PM-11:20PM ET",Up,BUY,368.653498,0.5239186137696008,0x4a074f2d0c06b8ace7f039a53128a7524263f4cf90241febd66190e3b596ee25,2026-04-21 06:14:50,0x1d7cc3aac82c64a3eeb3437a14f1a118799c7bbda00697f0dcc072da2e2a53e0,btc-updown-5m-1776741300
"Bitcoin Up or Down - April 20, 11:00PM-11:05PM ET",Up,BUY,367.866802,0.5250846815884637,0x497e1e8afe196aff36a18d663253f80387fa146c747411f7e89b42e5362141e1,2026-04-21 05:56:22,0xe85a56f07cf1bc744ac81cdc34a91ad6f8d543b2b6131e607f3283c73e42b208,btc-updown-5m-1776740400
"Bitcoin Up or Down - April 20, 10:45PM-10:50PM ET",Up,BUY,355.699063,0.5239976465935213,0x085f19a43fe816c6326d86c70fb0d289ed38fc5e31a8db9878b9c56e1162fa7a,2026-04-21 05:42:48,0xf4944df11ad0b69024613d7897895f93b50fc48a371da48b08ee9bc56cbfb963,btc-updown-5m-1776739500
"Bitcoin Up or Down - April 20, 10:25PM-10:30PM ET",Down,BUY,393.175514,0.489999999118,0x877b4ceb4e106f4f06afa15dc0ddfaedf90b892ccb5b479f7364141a75584a70,2026-04-21 05:21:34,0x0e73c8e1468cc27506ba03bcc5ce2f4d0a58fd31dd5d3852f98b410ab9ab9c97,btc-updown-5m-1776738300
"Bitcoin Up or Down - April 20, 10:10PM-10:15PM ET",Up,BUY,354.766577,0.5169362055038215,0xe96e7fcb475531b444a6e4c5ffcbdcb2d1655d17231e353dab0b5d133449bec0,2026-04-21 05:06:32,0xfbe1b09c9f85903ecf1d3880dcafd9037a3bc5cc0acfe4aca242695d6af03f20,btc-updown-5m-1776737400
"Bitcoin Up or Down - April 20, 7:40PM-7:45PM ET",Down,BUY,335.88301,0.4929468460457245,0x67df5fe279a22dd4b396272ee7f4f7babd115ca74f6fcafcb6af7c877900c9bb,2026-04-21 02:39:30,0x793430a3eae72998d82dc45ec79ca2fa890819c05ba0a1f4c458bc63a14a7b9b,btc-updown-5m-1776728400
"Bitcoin Up or Down - April 20, 7:40PM-7:45PM ET",Down,BUY,953.767751,0.5244461345739324,0x67df5fe279a22dd4b396272ee7f4f7babd115ca74f6fcafcb6af7c877900c9bb,2026-04-21 02:39:30,0xc8ec259faa844ae396af797c60a7768551dfb920ce8ea94534a395f7e50f829c,btc-updown-5m-1776728400
"Bitcoin Up or Down - April 20, 7:30PM-7:35PM ET",Down,BUY,496.428886,0.48492055350632224,0x735b9966837a89d061626bab0eff71d308d257a3babfbe384b47e9c2bdf86b94,2026-04-21 02:29:54,0x24d891d2ada6ca753d775f0189e02898b55cf6c79c26c6c4df6162669dcc42cb,btc-updown-5m-1776727800
"Bitcoin Up or Down - April 20, 7:20PM-7:25PM ET",Down,BUY,395.45369,0.4870704708169292,0x5a84281f4d1f2955f14a3aac2abe348c674a7d01dec1abd376b48f11dfd26eec,2026-04-21 02:19:08,0xc56c2b2955fbcdf5841c19e9ff6cdec279663118b2f30d45c15ad86e23262764,btc-updown-5m-1776727200
"Bitcoin Up or Down - April 20, 7:00PM-7:05PM ET",Up,BUY,392.156668,0.5219947666675749,0xe343f0bbb8c5fa889fa693167539cdad850d8d904d86d4c7935108b751d34cc7,2026-04-21 01:59:54,0xf69e7be0dd377e5ba3c26ac09a1db90537d1b489b77f1c45484c3e4ed18db552,btc-updown-5m-1776726000
"Bitcoin Up or Down - April 20, 5:50PM-5:55PM ET",Up,BUY,423.267035,0.524800369076129,0xa9543aec3777b78eeb3c3acd212082e0f8b6d8cdcb0b5bc230d5d9b50f6110a6,2026-04-21 00:49:48,0xaabf3f363082d7f37d68ae376d691961a82bbb173b2c0850413ddcfd1cb9e2f1,btc-updown-5m-1776721800
"Bitcoin Up or Down - April 20, 4:30PM-4:35PM ET",Down,BUY,458.591061,0.5178018672444791,0x2f7f38f52c92d713291b5b3987034ecb247b929c877612466d449ef0ba6bffc8,2026-04-20 23:28:02,0xba5bb38c293b6811be7c72477cc7da8089b388c7a3ee53851e26e05f71194b41,btc-updown-5m-1776717000
"Bitcoin Up or Down - April 20, 3:10PM-3:15PM ET",Down,BUY,945.917422,0.5099999999796024,0x8436a88e16e29599d7d9e3a418cb8cdd2f36e046dc51d740acf9e00286d1e2bb,2026-04-20 22:09:36,0xe9a620424f22efea75ccd8372263ce4dbb1f58106b26ba212aee9ab124b36da8,btc-updown-5m-1776712200
"Bitcoin Up or Down - April 20, 2:55PM-3:00PM ET",Down,BUY,358.103709,0.539999999298,0xd255192bd8459e54ae306a690f1622e7a7ce0dd623ba36fd2257e2dd8eb3a7dc,2026-04-20 21:55:00,0xce201521b1346bea56fc3601ddbc2ae182a1f11353870d548b36c1cdf0eb27a1,btc-updown-5m-1776711300
"Bitcoin Up or Down - April 20, 2:45PM-2:50PM ET",Down,BUY,490.725884,0.5091363275899047,0x04a0cf62bb8f2f61e2d01aaa7c6ea141f3ef0a5e28e8e69340b890fff5abcdbf,2026-04-20 21:42:10,0x359086aef4a9aa519346d631bf95ebec5c6b5b5b98b705da79b7a2fd4a4af414,btc-updown-5m-1776710700
"Bitcoin Up or Down - April 20, 8:40AM-8:45AM ET",Down,BUY,291.11878,0.5053417033822506,0x3df039cf1555dec03694730fccc436daeaf7105dca0c7c94958b1a8f36e1fbfb,2026-04-20 15:36:58,0xfb5844bd28a72668f9e66d7ed70e92ede052657983f97e8000d54d9fdd251af0,btc-updown-5m-1776688800
"Bitcoin Up or Down - April 20, 8:40AM-8:45AM ET",Down,BUY,167.935504,0.5199999983903153,0x3df039cf1555dec03694730fccc436daeaf7105dca0c7c94958b1a8f36e1fbfb,2026-04-20 15:36:58,0xb79a8c37ec2b56ddce25825ebd4f6f0ecabe196fbdaf1bab56ed9b0ed6bc1576,btc-updown-5m-1776688800
"Bitcoin Up or Down - April 19, 11:50PM-11:55PM ET",Up,BUY,442.636238,0.5099999993897436,0xe5acf0edf8fc9ce772b0ac3c6453716552266a181eee308016606e23a3cc2f29,2026-04-20 06:48:46,0xc9c96b2bd642d5bbfd754c6930a4965045003c7004416f5fc9fd2101b72a944f,btc-updown-5m-1776657000
"Bitcoin Up or Down - April 19, 11:35PM-11:40PM ET",Up,BUY,534.3704299999999,0.5428953042198138,0x3738acc33bcda548829cbb2031d5ac630abe245fb615890ce6fdad8558cbb926,2026-04-20 06:32:42,0x83a3f73f747e66c8297872e3910fcb954e9836d18809d4dfb13ffbcf31b45e57,btc-updown-5m-1776656100
"Bitcoin Up or Down - April 19, 11:25PM-11:30PM ET",Down,BUY,766.8851709999999,0.502922992842283,0x565a656450b19dcb2ccd38548e122be26395b0062b904ad48b64cba78eb5d076,2026-04-20 06:21:48,0xc2c8972a9de4d31cf15856fca9464075b06a2a0d210c864a85d0e239f04093ae,btc-updown-5m-1776655500
"Bitcoin Up or Down - April 19, 11:10PM-11:15PM ET",Down,BUY,569.379003,0.33442706814712203,0xbd2b37c1aa5bf54e2e644e116a3eb21e12638b4ef3389e52b8aed3543263a55a,2026-04-20 06:11:02,0x1c8c251c1b6d15dcfcaadf3ba38a5ecc72cc4043cdbe15c3440fdda992cb8230,btc-updown-5m-1776654600
"Bitcoin Up or Down - April 19, 11:00PM-11:05PM ET",Up,BUY,408.455392,0.51999999896,0x5cdfe2a6fb836e0bb8efc524d6270a10e61cc170d6626ddf3434d7c3c31f3240,2026-04-20 05:58:30,0x808c8c73a3b7ecfb5b6c118d34bfdac434136e8b85587998321d191b8758f18c,btc-updown-5m-1776654000
"Bitcoin Up or Down - April 19, 10:50PM-10:55PM ET",Up,BUY,334.69789499999996,0.5101848504931391,0xe375fe60c5e4ba71dcbf451457b1cb1de8241f0307f1dd3af01e21c719763ecc,2026-04-20 05:47:48,0x91f0359ffc6dd2fc71e2356c00f35885a6caf626e56248a9f0757c2786fcec76,btc-updown-5m-1776653400
"Bitcoin Up or Down - April 19, 10:35PM-10:40PM ET",Up,BUY,376.661403,0.5123372278041634,0x63d23d9b30f65bf25bd53d3b6961bef0208bce06108bfdc0872412b7da9f2104,2026-04-20 05:34:34,0xf4c228d5907b948dd577a9bc7de577b3ad7738f15ebb6527906d896c8e6581b9,btc-updown-5m-1776652500
"Bitcoin Up or Down - April 19, 10:30PM-10:35PM ET",Up,SELL,529.95,0.19032078497971508,0x80eeac22236b6df17fbe04acefbe46e5cb6547fac568f215351fd0fb46f720d4,2026-04-20 05:33:48,0xb3a7bceea495d490dbee5f94263d5ea9419099d6be4b795bcd2b715b6bd49453,btc-updown-5m-1776652200
"Bitcoin Up or Down - April 19, 10:30PM-10:35PM ET",Up,BUY,529.955564,0.359999999208,0x80eeac22236b6df17fbe04acefbe46e5cb6547fac568f215351fd0fb46f720d4,2026-04-20 05:32:48,0x982839233ed4ceee9f96b2c565a2527888ec5dda9a3f89bd82cded80767a4ec3,btc-updown-5m-1776652200
"Bitcoin Up or Down - April 19, 10:05PM-10:10PM ET",Up,BUY,725.031326,0.5206755133333907,0x9796628202f1dcdcd09775511cecda90151f0555e63fc462e38942ebd6cce554,2026-04-20 04:56:52,0x708207551495c8734c9e551c6e22b89a23b7549bc4ff89d42238dd7f5171731c,btc-updown-5m-1776650700
"Bitcoin Up or Down - April 19, 9:50PM-9:55PM ET",Up,BUY,516.021629,0.3699999992045,0xd61c4d307b70342cd05588e4154ff7b32855273445993a44786d74647e587f04,2026-04-20 04:50:30,0x27d6838ea2f54c9a919d04f1763e3d23aa161f9c446595927afafbf57080a87e,btc-updown-5m-1776649800
"Bitcoin Up or Down - April 19, 9:40PM-9:45PM ET",Down,BUY,364.588679,0.5299999995495,0xdbf7251f50bd190553c4f5203a42293284f66bb45f9d751fbfc8ca076bfb2459,2026-04-20 04:37:28,0x0575ad5686dbdc2bc8706aaaf2edf9587f2ecd72d39cffaaf584ad133055e3d6,btc-updown-5m-1776649200
"Bitcoin Up or Down - April 19, 6:25PM-6:30PM ET",Up,BUY,289.62157199999996,0.5269589781974455,0x2dd8be64e3e154d73a1a3f8782ca19a328dcb7983a2ad86783fb762a582dbca2,2026-04-20 01:22:56,0x67019463ee4a481c5637a213c17c90fff7d67b599e5749bf22542ae39f6288af,btc-updown-5m-1776637500
"Bitcoin Up or Down - April 19, 6:05PM-6:10PM ET",Up,BUY,546.2549439999999,0.5306344766056028,0xd2378eea586f7ae6fffefa7c26a59174755c220bc9c55b1f1a620ff0590769e4,2026-04-20 01:01:42,0xdeb5c8a7c81b7c05ae49f7de169f37f523e64f0efe1405d54073167ff3158c1e,btc-updown-5m-1776636300
"Bitcoin Up or Down - April 19, 5:35PM-5:40PM ET",Down,BUY,349.07314299999996,0.4199999987372549,0xca5215b2b4f0a9caba567d4f173b299346798762a2a3ace13df0452e565cd9b9,2026-04-20 00:35:46,0x4f575f8b1eb275b0d4c79550fd324694deacb73013bf35290f476db43fbf44ed,btc-updown-5m-1776634500
"Bitcoin Up or Down - April 19, 3:35PM-3:40PM ET",Up,BUY,371.323083,0.519999999584,0x13b471afbdb3ac6f74aa40f8ad8aef187f0f193e187f53ffc649d799dd52d862,2026-04-19 22:36:16,0x6e8a559f832990bf6b428d89eb0bbcc5f4afbf55ec2bafce5397ebec76b86570,btc-updown-5m-1776627300
"Bitcoin Up or Down - April 19, 2:05PM-2:10PM ET",Up,BUY,646.9990760000001,0.5299999995818776,0x6fc122098086d241b217a946f8589aa707b801f66755b636a5049ed9c7c16a7c,2026-04-19 21:02:02,0x28333ff968a652bcc2c96244287c57d5d030738b24755364ea707199d21b4de3,btc-updown-5m-1776621900
"Bitcoin Up or Down - April 19, 1:40PM-1:45PM ET",Up,BUY,458.279098,0.5269384866636021,0xb44aafe737076355fa2574757b8fb652c4fe266f377fd45296c8df6a26eb0654,2026-04-19 20:36:48,0xde95d2aaf23d9b5ebc9a1924939d30e0c8df50bbbcf7aede9b831588740759e1,btc-updown-5m-1776620400
"Bitcoin Up or Down - April 19, 2:35AM-2:40AM ET",Up,BUY,640.0443250000001,0.5390350686156449,0x2d8ce79f3d12401a1da599577fdd651d548234c9c3ee4078df75f5ecd4aba369,2026-04-19 09:32:54,0x3f2006cba2998e12ed03ec95ca494a296b0759ac7f2647f4893e1f13961bb064,btc-updown-5m-1776580500
"Bitcoin Up or Down - April 19, 1:00AM-1:05AM ET",Up,BUY,622.3772479999999,0.6078108744117363,0x0fd082139bf85b9bdf4318e116fadee70a96812a760313b2df56a99b0f0a16ef,2026-04-19 08:02:32,0x7e7841b3ef9b813a186c233c5a5f61235f0bdd1cbad77efd3836462710c52d4d,btc-updown-5m-1776574800
"Bitcoin Up or Down - April 19, 12:40AM-12:45AM ET",Up,BUY,736.252188,0.5251639370319702,0x2db138747ee97b05e5f7305d61659ca4a6fd93acf0f4b711626ad0a08f3e51a3,2026-04-19 07:39:30,0xcc94a42efe28f68e63b78ab124e01e24ca7eeaee5591d93abbaa985db1d1c16e,btc-updown-5m-1776573600
"Bitcoin Up or Down - April 19, 12:30AM-12:35AM ET",Up,BUY,389.40238999999997,0.49493018267378114,0x9fb83005e239fe7cb63c6b7ec8d2b356705946c733aa44b00121c5a880a5d110,2026-04-19 07:28:52,0x9bebbecad56971ea906e7b1eac65d36796a2a38466d3266b0421672399cfa615,btc-updown-5m-1776573000
"Bitcoin Up or Down - April 19, 12:15AM-12:20AM ET",Down,BUY,376.80239,0.5121379092138757,0xfba804cf5be031722d2868ad4fe5d0abd983a980b3757b06aa37a6212a32fe4a,2026-04-19 07:12:14,0x79cf8b7f41dbe14643bd50a6bdeac56e68c0a98bda79b82324628b55e7657c7a,btc-updown-5m-1776572100
"Bitcoin Up or Down - April 18, 8:15PM-8:20PM ET",Down,BUY,411.918032,0.5032816845222894,0x7313862637a1ecf7c9c9bb29d9f094ff47cfd81a0aad37b086eb244344fb9bbe,2026-04-19 03:11:44,0x456f004a65f67c1ad0bbf62d3714c9bc5ffb0d096575f7cb4927a11d16e42546,btc-updown-5m-1776557700
"Bitcoin Up or Down - April 18, 7:20PM-7:25PM ET",Up,BUY,378.083026,0.5103345190224463,0x2307383b2e45d451eaaad2a45cce214c0e3a6d2a80240be7155618bb28fb4fd9,2026-04-19 02:16:50,0xb6b0302f054ddbd22bd943edb2bf46ce5a2ca8f82ee2d25b7bdb189bbae1fb60,btc-updown-5m-1776554400
"Bitcoin Up or Down - April 18, 6:55PM-7:00PM ET",Up,BUY,837.344251,0.5785309383620024,0x72639e52848f75e29e154dcabb8079ba079b8f3f0f1e07e56379ab3d74bcb948,2026-04-19 01:56:54,0x6dd2c49c50c2ef758dd5a58617b6ef3e75b9443e348956070e8b76ac00c6b712,btc-updown-5m-1776552900
"Bitcoin Up or Down - April 18, 6:50PM-6:55PM ET",Up,BUY,435.947898,0.5204426784453667,0xe75ac03281d2599292021e2283ec7aba20a544f988aa9411079bad8736ca9e98,2026-04-19 01:46:14,0x8f42322663dd04823e95b1f24a3e90ca3d2c89b984160d512f0a6f1b35140c94,btc-updown-5m-1776552600
"Bitcoin Up or Down - April 18, 4:30PM-4:35PM ET",Up,BUY,734.5869210000001,0.5131408584231035,0xa606a11616e470e6481848d0f96c6640b46fff13b65dfb5a17d4bad3d6352c1d,2026-04-18 23:28:24,0xa3637e94a5d56240698fd6f187e53f09c08c07016779805eb00ce4ca9e02ebbe,btc-updown-5m-1776544200
"Bitcoin Up or Down - April 18, 3:00AM-3:05AM ET",Up,BUY,672.916245,0.5210710831654689,0x2182ecc50d20659259739074d87c0ce781e2d9ca142d9f5638b74beba2763250,2026-04-18 09:59:30,0x2fc6847541a420ab2fb59277ee1d3120af81e68d35078cd0c96b753dbac7cb43,btc-updown-5m-1776495600
"Bitcoin Up or Down - April 18, 2:45AM-2:50AM ET",Up,BUY,149.439299,0.5828543873513825,0x60c5fe6521e809330191bed0f2c3ad97926a67670bce2ce5f84a77c1ea3ae35e,2026-04-18 09:44:00,0x0382ac784b0499eb8f29f601c9388d2633b6079c9d9d7945b7301f3b8c8e806f,btc-updown-5m-1776494700
"Bitcoin Up or Down - April 18, 2:45AM-2:50AM ET",Up,BUY,716.09772,0.5550170316301704,0x60c5fe6521e809330191bed0f2c3ad97926a67670bce2ce5f84a77c1ea3ae35e,2026-04-18 09:44:00,0x79472ca524eefd6cb90d7fb1964fa74bd45278f9a56e8dfc18aec2eb74d71fc6,btc-updown-5m-1776494700
"Bitcoin Up or Down - April 18, 2:35AM-2:40AM ET",Up,BUY,753.620185,0.5121270226096719,0x76bfea20d11435787847df7faaf53d6f801fe7d795dfb47af3b60869df2f67fe,2026-04-18 09:34:00,0xe0e1edba4381e0db29f1d1d154029cd645e0b6550b9d9421c980c60d0d369636,btc-updown-5m-1776494100
"Bitcoin Up or Down - April 18, 2:25AM-2:30AM ET",Up,BUY,435.069811,0.5099999990908696,0x40c034bdcde8444ab86c3750658b5c036779f49e5f5de5c1b00fe96a7a8d8055,2026-04-18 09:21:18,0x102fa476a1c4c9f75a3938158f7692b50dab458ec5bbf98bc9487317624eace3,btc-updown-5m-1776493500
"Bitcoin Up or Down - April 18, 1:55AM-2:00AM ET",Up,BUY,1013.94526,0.5104517645267795,0xc8db9b4da5eb551d4cfe888314d9aacffa43ee8228e0f5560ac9b37c5e421acf,2026-04-18 08:54:48,0x62ee68c4c95b54f6bc3db0e348391dc9cd4228c4090676bf788112ac7430df9f,btc-updown-5m-1776491700
"Bitcoin Up or Down - April 18, 1:55AM-2:00AM ET",Up,BUY,116.450175,0.5299999962664546,0xc8db9b4da5eb551d4cfe888314d9aacffa43ee8228e0f5560ac9b37c5e421acf,2026-04-18 08:54:48,0xf69a378170e8657520fdee1d7d5d2c322a3a4d2327e2065767e6d4614f827bfd,btc-updown-5m-1776491700
"Bitcoin Up or Down - April 18, 1:45AM-1:50AM ET",Up,BUY,440.744634,0.5099999990369098,0x7ca0145e1657eac00f6c5d3c39af064e00d102c5c946935ec0678cddea862a16,2026-04-18 08:43:52,0xcc1368492161fc618fade8ff7017c7a568e563daafab4fea83f3ba4d7576976d,btc-updown-5m-1776491100
"Bitcoin Up or Down - April 18, 1:35AM-1:40AM ET",Up,BUY,833.361099,0.5823087910277016,0x73986e41962ed5685555ab8423a8a5a5124bfc921990627dd40926f7b3790eb7,2026-04-18 08:33:56,0x5c0349a97893bc8ce68c793e238f60f443ec3ac8e74e949294e349304958ae0b,btc-updown-5m-1776490500
"Bitcoin Up or Down - April 18, 1:25AM-1:30AM ET",Up,BUY,881.9990170000001,0.5176574267402261,0xa277f022202a3f6d22563c0931037b29e87edf45fcbf379d436e667511db39d8,2026-04-18 08:24:22,0x2576ed7644f858e28ea97b1507c536170bd40e578c0944097c13abb3064619af,btc-updown-5m-1776489900
"Bitcoin Up or Down - April 18, 1:15AM-1:20AM ET",Up,BUY,399.417209,0.4820563779928835,0x13fce347cfc73fd993860eeb2ed1836d71809cfab6241483b6f4ba2490a88f22,2026-04-18 08:14:52,0x11bf1ab839f0ffb95ad9c7667bbf8ffcb5487cc082360a9a12899c091dafbb9a,btc-updown-5m-1776489300
"Bitcoin Up or Down - April 18, 1:05AM-1:10AM ET",Up,BUY,435.969787,0.44481379232459134,0xd0147798781a2f442640d824855c9d5a55faf0463f99ffdeaacd51e35b37ffc1,2026-04-18 08:07:22,0x6595cdea0c2dbaec28d1afecfb40639f8bdd1f2c3ea005eea396874e853a7d22,btc-updown-5m-1776488700
"Bitcoin Up or Down - April 18, 1:00AM-1:05AM ET",Down,BUY,734.83575,0.39033377441049844,0xf62c5c2a99405bf50b0ce30510bdbf7efe0ee115f9ee0288ec70553c2df34407,2026-04-18 07:59:58,0xe8a970722b0c7f9837bc765248a12b76ac4e995d43dc9a4964a92a0ceb30b823,btc-updown-5m-1776488400
"Bitcoin Up or Down - April 18, 12:40AM-12:45AM ET",Down,BUY,439.19260299999996,0.5095900845700552,0xa2f6a97aa31b02e8d513628010ab56d7b7ffb657ec69a899ae609758d6b772d8,2026-04-18 07:36:36,0x47f017061e972bf81610f83f7c9e62a88a5f5451b6ac55a74c257a3f6b5df197,btc-updown-5m-1776487200
"Bitcoin Up or Down - April 18, 12:25AM-12:30AM ET",Down,BUY,532.587834,0.5051943156245209,0x450e093105f8631b0c02508dfd6a0a252105160681422f84526a99a4d9350142,2026-04-18 07:22:08,0x0ed1ec5eafc8c3aae8a0edef11f4c852136dc3878db29f99aa9b936c0fabae50,btc-updown-5m-1776486300
"Bitcoin Up or Down - April 18, 12:10AM-12:15AM ET",Up,BUY,778.568396,0.5301755634257989,0x22fdbeeff019b8a7f663ed3baf1514a622105439aee9075d408c946d6be85267,2026-04-18 07:08:58,0xa1f4db9a2b1f434feac88880830812cd50af4f1ae60e0b98e28527d80de2d7e0,btc-updown-5m-1776485400
"Bitcoin Up or Down - April 17, 11:45PM-11:50PM ET",Down,BUY,676.136931,0.5300302534281305,0x9b70ceeb5f5bc80bb489524c0bdd5dbe1b54aaba3bfeda80b9f6a79b7c58f414,2026-04-18 06:44:44,0xaa0193c336e6228ea3360e75937916e7f72f15b466711ae9286505d6adbfed30,btc-updown-5m-1776483900
"Bitcoin Up or Down - April 17, 11:45PM-11:50PM ET",Down,BUY,641.11802,0.4939667247805699,0x9b70ceeb5f5bc80bb489524c0bdd5dbe1b54aaba3bfeda80b9f6a79b7c58f414,2026-04-18 06:44:44,0x6019c633fc62fa5691a9e62bc408d2c7bb24ed609307c0084923d3f2ad231787,btc-updown-5m-1776483900
"Bitcoin Up or Down - April 17, 11:30PM-11:35PM ET",Up,BUY,607.929644,0.5258846828561214,0x82dc7b41c40ab79b58faeb3a6b0b232942b531f07a59bfcaa261d596bced3951,2026-04-18 06:28:16,0xa7087d7d7c079e670cb98de5d95bd47f03746e1ccbf87c86137d44f4cdcd9690,btc-updown-5m-1776483000
"Bitcoin Up or Down - April 17, 11:15PM-11:20PM ET",Up,BUY,378.44745,0.5098236647399581,0x8eccaf1dee621691732da2d05ae6f7c2a20462f4653b4bf57dff9a4df18c85c5,2026-04-18 06:14:30,0xd438d53fe83187a0a1f1647a348c798a6bb05a07589955859c61c0be4c7aefdf,btc-updown-5m-1776482100
"Bitcoin Up or Down - April 17, 10:55PM-11:00PM ET",Up,BUY,291.039331,0.5035999728334318,0xc78d09b3951623f3cdbae627f2b44bf7344b40ad50580c1fb2c5098d9fa819dd,2026-04-18 05:54:24,0x85c6dbfc38ca7c288d0ca6d7739403889f53f5810a3e4eee679616a20b4511b3,btc-updown-5m-1776480900
"Bitcoin Up or Down - April 17, 10:40PM-10:45PM ET",Down,BUY,392.123564,0.5399999996054794,0xd391c59c586b93755ded9fe5343ba45a20eb072f8d5df0569a0aa2ce221145a6,2026-04-18 05:39:20,0x6122ab73cbb407a7df35865c78c9d1b021509b0fdcdc19a18ab0d601dfaeb11d,btc-updown-5m-1776480000
"Bitcoin Up or Down - April 17, 10:20PM-10:25PM ET",Down,BUY,918.423863,0.5262293995063977,0x17b5a01b7c2564f27ea085d562fd3c4358a0267fb7c0e60d59d645174adf2f13,2026-04-18 05:17:32,0x5901b1fd23b6f95ef141708e2dc471f0f87293db6e0320990c81e49db7aa5b13,btc-updown-5m-1776478800
"Bitcoin Up or Down - April 17, 10:10PM-10:15PM ET",Down,BUY,240.925332,0.5247743312057244,0x1ef26f1ab5c9632b1731542d8e4f50b4f1b5a198f0d9268dbd7fc75783f3870d,2026-04-18 05:08:54,0x7b8aa5570c9f44fb626b36f4ebc4332583ca1c6fe32c21c10da784c709d42e4f,btc-updown-5m-1776478200
"Bitcoin Up or Down - April 17, 10:10PM-10:15PM ET",Down,BUY,451.14947,0.5090859134450907,0x1ef26f1ab5c9632b1731542d8e4f50b4f1b5a198f0d9268dbd7fc75783f3870d,2026-04-18 05:08:54,0x6ec03239f3fbc76c1aeeb9c79c3f2e0a57292b6a35c6731f2c6a4318d5a5d310,btc-updown-5m-1776478200
"Bitcoin Up or Down - April 17, 10:00PM-10:05PM ET",Up,BUY,429.840779,0.5164527695553445,0x0b565c120a52fdefc04e13f30affb704908be21cf40e3e430f30e5d5403e64e2,2026-04-18 04:56:40,0xd8c0c58af4a9a9441919a7cbd9b79cdd8b8b66c5497e297fb52bffe6a0da244c,btc-updown-5m-1776477600
"Bitcoin Up or Down - April 17, 9:45PM-9:50PM ET",Up,BUY,375.62757500000004,0.5138035283890388,0xa56564480ab1c4793fd1bd7e8605a2ddd68445efd8d697450be583c22efc9501,2026-04-18 04:44:32,0xd633442c8384eb0a7b18161d309066522626af6a99acc0c991b64cf0c0d0fb20,btc-updown-5m-1776476700
"Bitcoin Up or Down - April 17, 9:25PM-9:30PM ET",Down,BUY,499.721773,0.48160580313265045,0xa1a626adce3877d8d10dec9e4bd7bcf40b7436432ebc9ec0f3436c68dd8236c0,2026-04-18 04:24:18,0xd89cda26f8348debc1057e1040ff0ae0c5599c67990ab0868aa0ad1cbc4e6592,btc-updown-5m-1776475500
"Bitcoin Up or Down - April 17, 9:10PM-9:15PM ET",Down,BUY,434.37375000000003,0.5084788256978526,0x86a5c944c6572959f3001b695e052b0c2afa1ed362af70e3c4147278b8d63391,2026-04-18 04:09:24,0xf4faabf1030f679f0a918082d97c398504da85871cd3ed0c1f6170e91ffd26ec,btc-updown-5m-1776474600
"Bitcoin Up or Down - April 17, 9:10PM-9:15PM ET",Down,BUY,31.564362999999997,0.5208235049375444,0x86a5c944c6572959f3001b695e052b0c2afa1ed362af70e3c4147278b8d63391,2026-04-18 04:09:24,0x945e388031736823f8f4a9583f5c3d57529ecc1fc2c7516ca65d3248e6165dfe,btc-updown-5m-1776474600
"Bitcoin Up or Down - April 17, 8:30PM-8:35PM ET",Down,BUY,618.80167,0.44,0x1603f5d110a934966be2cef62674d777a7ac0b804064bb2821a2108ef7f81e13,2026-04-18 03:32:58,0x121fb8bf8e4cc5a27dfe572644713778a56ef275c005ab7e169a265c346e0b37,btc-updown-5m-1776472200
"Bitcoin Up or Down - April 17, 8:30PM-8:35PM ET",Down,BUY,676.849927,0.4489380025736617,0x1603f5d110a934966be2cef62674d777a7ac0b804064bb2821a2108ef7f81e13,2026-04-18 03:32:58,0x85d73c5f369fbd443b76a6b5b0710bfc15dc633cbbf3441b7e212c1068278a07,btc-updown-5m-1776472200
"Bitcoin Up or Down - April 17, 8:25PM-8:30PM ET",Down,BUY,742.55545,0.519944483449047,0x0e6a9d6185119523b1de73fedff2d1c795c9f4a2b42bd7adc14914776d91b332,2026-04-18 03:23:10,0xa06fbfb7b5a72e25ec374f82e42804064e0215d6725371ac945b0b5077daed94,btc-updown-5m-1776471900
"Bitcoin Up or Down - April 17, 8:15PM-8:20PM ET",Down,BUY,380.82220800000005,0.5065195268293112,0x6fffc7d56b8d1b819dde19fbba71061d42b7b5219eb12042ace71e3591969d13,2026-04-18 03:15:02,0x6bccf6e59101468cf7441d7e852d3388a56aaf29b94194a6234e96569f9f57a3,btc-updown-5m-1776471300
"Bitcoin Up or Down - April 17, 8:05PM-8:10PM ET",Up,BUY,409.743403,0.5036119034114819,0x68dd436cf7c28657f05d1f392449dec59c3e147a9949d987cec1014b1af53b8c,2026-04-18 03:03:18,0x7b815d5a07851ba280607633e65f2041f644bd69f4e5103a380febd34ade78d4,btc-updown-5m-1776470700
"Bitcoin Up or Down - April 17, 7:50PM-7:55PM ET",Down,BUY,424.16,0.5,0x98bd966755a6ea59c039f5dfe49d2b9d1dc73183541179abf7fd00eb981fd0ad,2026-04-18 02:48:34,0xbeb65ad7e85bae93a63058e7fb45e164448a8ac3f113521264005e62221b29f4,btc-updown-5m-1776469800
"Bitcoin Up or Down - April 17, 7:40PM-7:45PM ET",Down,BUY,479.515256,0.49851485990186584,0xb8b5a04fb98e22455ab2ea55b0179ac527cd750432577d68cf9a2fbc79d079b0,2026-04-18 02:36:02,0x013777c05eadc527898eaf5befdc3e295fcb86f0acf56761daa89bc8544adfe9,btc-updown-5m-1776469200
"Bitcoin Up or Down - April 17, 7:00PM-7:05PM ET",Down,BUY,359.83889,0.5372875088336783,0x68c5ddd450bcd7d407fcc398fa4acd223259f3609bf4a84c51af9a86d67ffdfd,2026-04-18 02:01:32,0xfc43bdce670f909770521b81859ecd9fe0358170bb935f4c7a27fec6748dc34a,btc-updown-5m-1776466800
"Bitcoin Up or Down - April 17, 6:35PM-6:40PM ET",Down,BUY,547.9580659999999,0.505099562639039,0x47997fef669d83cc16eac4c770bbda6e28c4b7e78627dfc310e93a38b0ecc890,2026-04-18 01:33:00,0xddc3e252df8b3e40b3379b7d906e36527ac4fd460b246a6801f6da29a62c2380,btc-updown-5m-1776465300
"Bitcoin Up or Down - April 17, 6:25PM-6:30PM ET",Down,BUY,467.39052999999996,0.47343733516533,0x4c0a495daef155372d57b8be3426d0164bfd6f6eb9c2fe4d95c645608664d3cf,2026-04-18 01:25:28,0x02a885894353d3c2f0f2ee626beedacee89f87491639001f7f055df22bab0055,btc-updown-5m-1776464700
"Bitcoin Up or Down - April 17, 6:10PM-6:15PM ET",Down,BUY,467.082927,0.4099999988315,0x8c84eba883fbf02e94a837ebea4834a1cf8c0e4d6a42997bab5b57c37495a205,2026-04-18 01:13:16,0x0f78aafadfa0981ff4c08b4c8a759ab1b45ddff855038dd7a8524c5daabc682c,btc-updown-5m-1776463800
"Bitcoin Up or Down - April 17, 6:05PM-6:10PM ET",Down,BUY,536.3564729999999,0.5202071451178839,0x7e3e2846e75206c95b07ea96fb548893402278482544ad7e5d341b6b0c10acba,2026-04-18 01:04:34,0xbce53a9f59c307dfb977041803e9e556b590190559b9c8fc3c1fc4afc7f4e188,btc-updown-5m-1776463500
"Bitcoin Up or Down - April 17, 5:35PM-5:40PM ET",Down,BUY,488.647548,0.5278303599397014,0x12248e75fb2a63e01755b5427a3e4557be019804f5bfb02088f830aa458087b4,2026-04-18 00:34:24,0x673140d8f08644438166afa0d915f62bb6aa2a3913e8a041ce9cece67af40323,btc-updown-5m-1776461700
"Bitcoin Up or Down - April 17, 5:25PM-5:30PM ET",Up,BUY,467.79467500000004,0.6,0x2b57b224978efe697423054245eeafa88920887568b149e211c9a542ff7fa60a,2026-04-18 00:25:18,0x6395e539befcc65c7a35c2ecf3190e9c7f0b330ff6b553904d781121ab2e98e3,btc-updown-5m-1776461100
"Bitcoin Up or Down - April 17, 5:10PM-5:15PM ET",Down,BUY,41.362411,0.5299999899558832,0xe03448fc474b1d9e2a16b580c059907c3ae56d8de48872b183a97020c56aea69,2026-04-18 00:09:04,0x5b30099e0caa988673723a5617e389ad8bd59e49793396d8a1c56f5797ce9df2,btc-updown-5m-1776460200
"Bitcoin Up or Down - April 17, 5:10PM-5:15PM ET",Down,BUY,886.5396099999999,0.5213902502777233,0xe03448fc474b1d9e2a16b580c059907c3ae56d8de48872b183a97020c56aea69,2026-04-18 00:09:04,0x8359d8c945f32db1be76a476fa7a0428d14aebff7b6958ec1e71b5e391f2db55,btc-updown-5m-1776460200
"Bitcoin Up or Down - April 17, 5:00PM-5:05PM ET",Down,BUY,483.09114999999997,0.4988269585243342,0xd06658943c0e810e7654d04a7b8daf0ca8a67a63578e210728db04194349205c,2026-04-17 23:57:58,0xb99b3dbb45090cbf433ec3a19ebd81642306afd22ae3c53bee6a741a2c740025,btc-updown-5m-1776459600
"Bitcoin Up or Down - April 17, 4:50PM-4:55PM ET",Down,BUY,563.435041,0.513809518900604,0x9c0ad5946402775bf3beea94b776a762a7759b4ace26f618e93ce0ac6973fce8,2026-04-17 23:50:04,0x2c5cbb0777712669ba73ffec832ff12ef80f699d0358a916c539204a11f6a2f2,btc-updown-5m-1776459000
"Bitcoin Up or Down - April 17, 4:40PM-4:45PM ET",Down,BUY,384.43763,0.4937588381578835,0x49ca3702e9fcfa65c5c4ef49b86fe484f43069efc6a22ffb0e8cb05320be987b,2026-04-17 23:35:48,0xbdece4351497d4d495171b032023b26d363b015e3627d78f3220cca9998a5a0b,btc-updown-5m-1776458400
"Bitcoin Up or Down - April 17, 1:15PM-1:20PM ET",Up,BUY,748.009461,0.5161222441267227,0x2075d041f47f1289d556c576d8b8ab30955dde3831daf30cc171332d3f4d1eaa,2026-04-17 20:13:12,0x53ff58a60c648a69c2109edeae6d8d74a099c47bc12d9a4ddbf75520a1d952e9,btc-updown-5m-1776446100
"Bitcoin Up or Down - April 17, 1:00PM-1:05PM ET",Down,BUY,551.408,0.5,0x20bda526b06718a915273875388001c03014861f6c61f6891bf4591574768da7,2026-04-17 19:57:04,0x197c4b1c3cc54ce36a1c36e18f05fd2b1e0c71e0bec6b4392c81d2d6aef5a49b,btc-updown-5m-1776445200
"Bitcoin Up or Down - April 17, 12:35PM-12:40PM ET",Up,BUY,385.940637,0.49954159690016653,0x9115039192575a0f72f9b1ca241571a86be0094273ab60a7b81005d590855cd5,2026-04-17 19:34:12,0xfc4eb15a7105879913b745750053b8622ec00b4d36e089dba6b3a70320105281,btc-updown-5m-1776443700
"Bitcoin Up or Down - April 17, 12:25PM-12:30PM ET",Down,BUY,379.497495,0.51364353308994,0xf841f7d1186341132b178acc03164271dca58bdcbe5e31f3284517fc86526215,2026-04-17 19:23:32,0xddb889cbc2b9c24880f1ac0cfe443965af6962c5716a73fdc7c70262b6cbe884,btc-updown-5m-1776443100
"Bitcoin Up or Down - April 17, 12:05PM-12:10PM ET",Down,BUY,452.579315,0.5338496250021341,0x2b06a3a92cf4cb6dbcd709d93b0a37b48ad8580b440fd5f35e00ed41420d4d70,2026-04-17 19:04:52,0x7dac1cef5d530ff20fd881dff25f290a9574caee7cb6a069fd31fdecfb42cfdb,btc-updown-5m-1776441900
"Bitcoin Up or Down - April 17, 11:50AM-11:55AM ET",Down,BUY,377.23294599999997,0.5009019839184088,0xb7b1597514928718fc682258c14933411c98795cfcf8bac7eaaec1152c865e6b,2026-04-17 18:48:32,0x8e7397283e934869128f6c1090fa6d41bc5b89dca85ed4accc0d4d436ce79ed2,btc-updown-5m-1776441000
"Bitcoin Up or Down - April 17, 11:20AM-11:25AM ET",Down,BUY,494.404718,0.5194036614068598,0x6ad9813ae322f5a750098c430dc6d70f62b39353a8f615ca38c2da4d6d4b69e3,2026-04-17 18:18:40,0xeb038b3137275e74c48f6b514d1bbc1a1da5b147a8e01cc450f0ab5db183f5ee,btc-updown-5m-1776439200
"Bitcoin Up or Down - April 17, 9:40AM-9:45AM ET",Up,BUY,567.360375,0.5101139901576396,0xb0fbaca3074a9d5707c7fd375784605dfc55212ca93002a31fd16a9b4d2a6cb4,2026-04-17 16:38:14,0xb53fc973e4583574dd357cb335ef62e30df3d5d8b55fb40c2a1b75a7eddbe4f3,btc-updown-5m-1776433200
"Bitcoin Up or Down - April 17, 9:30AM-9:35AM ET",Up,BUY,487.196375,0.5109124898093503,0xe76ec07aa4670c03445fb6cb04a2a76175734db4db3442b17d0373597a660880,2026-04-17 16:28:06,0xb5b720edb2cd97a90c8af055bad373373f6631fc10333fb68d72e0a7ca8b1fa5,btc-updown-5m-1776432600
"Bitcoin Up or Down - April 17, 12:45AM-12:50AM ET",Down,BUY,958.125762,0.531362100786122,0xa170e5e4d1c2ba2e3f939333440c723728214851a37eeb18f8e3b2baf633a4db,2026-04-17 07:44:22,0xec68c8fb3069874c6158d136d3e38470fddc199fe0dd6474a5f563b9dfaec351,btc-updown-5m-1776401100
"Bitcoin Up or Down - April 17, 12:25AM-12:30AM ET",Down,BUY,673.348435,0.5099907841043139,0x128c75f6e3b88e40d3be4bf23bd635f1712223c1acad33b13747ace283cfabc0,2026-04-17 07:22:06,0x88344dc78985731e0e29d980138ca7805febad46357eb7d75c4c5cb00625fc1b,btc-updown-5m-1776399900
"Bitcoin Up or Down - April 17, 12:05AM-12:10AM ET",Down,BUY,302.09097,0.4949759162971706,0xf8dea31e616c5b91cea2159fd1eabb60cf22e6ee0d2118c1b4d37291d4786034,2026-04-17 07:05:06,0xbebc80fd56336e50d010eda8be25b8b1d4e73deeb60a18f82c9d0c14cce1eb25,btc-updown-5m-1776398700
"Bitcoin Up or Down - April 16, 11:55PM-12:00AM ET",Up,BUY,578.4,0.5,0x10e8ea72f5e4396a385fa8891aa3a5ed43031f98903c1f2d39ec03b6f6faf071,2026-04-17 06:54:36,0xa9a8b424ee95efde2b28778e02e5096c92b0d2f041bfbdec886a16631cc79605,btc-updown-5m-1776398100
"Bitcoin Up or Down - April 16, 11:35PM-11:40PM ET",Down,BUY,401.33727,0.4785698732159147,0xcc038e132702db3bd2e2b22d80b25f81d1502d550d58703abb4d249d2dfd59de,2026-04-17 06:36:04,0xa682051557088cbe926f6fd75548f59a2f4bf5ee5ce831b77e33729db1eb46de,btc-updown-5m-1776396900
"Bitcoin Up or Down - April 16, 11:30PM-11:35PM ET",Down,BUY,470.7016,0.5124788602470148,0x685a479b23099936820be0327b6c92787fad7d7c3c33fbc1258e1c52d4160fae,2026-04-17 06:26:48,0x2b2ecbf2ebe57d8d78e6bd6d77d25400425557b60e73b573c93e418540e5199e,btc-updown-5m-1776396600
"Bitcoin Up or Down - April 16, 11:15PM-11:20PM ET",Down,BUY,492.00611,0.38860474865287736,0x037ed73ac96f9dea86c257398a539dd4aa0033b11ef5054b9f8ed590b6d2d9bb,2026-04-17 06:15:14,0x6db10ab58e4ed6088f694a15e351685d58c3c7943a84e146aa28eac44523c10d,btc-updown-5m-1776395700
"Bitcoin Up or Down - April 16, 11:05PM-11:10PM ET",Up,BUY,356.6325,0.5113104274917712,0x93bfb89bc99e5913e4c62c62c71c91416c4463e89d6cde692b96b52dc974891e,2026-04-17 06:01:14,0xc414bc4fb83add0f95597bad059319d1aa2366d615bfc33bf2d341619cbb57bf,btc-updown-5m-1776395100
"Bitcoin Up or Down - April 16, 10:40PM-10:45PM ET",Down,BUY,451.152,0.5,0x6e7e4a0c4958dd74b13ae6312178d35cfa6c0f84a058c8098b631271e7dfbdf8,2026-04-17 05:37:44,0x56c6afef6725abd4303fa4f9494d5d06bef565dbc573abf8dfec043b4141840f,btc-updown-5m-1776393600
"Bitcoin Up or Down - April 16, 10:30PM-10:35PM ET",Down,BUY,289.84051,0.4988523071254068,0x40e4e3c747de8b8a57d08ae45590d2563af769f7407e889ba48ac0fc4d969d94,2026-04-17 05:30:02,0xf725fe717452d24e80a86252f69922debe9204a8f0ae20943abfcbea00a316ab,btc-updown-5m-1776393000
"Bitcoin Up or Down - April 16, 10:20PM-10:25PM ET",Up,BUY,371.418064,0.5198616578460092,0xf70e8e905084b4b375ab8bf1f4dc338b4d039de1c7b043723be2cd23b1f35ecc,2026-04-17 05:19:04,0x810e42b4e2bf11ef91d2b2b504fb91a3614a9f9a60074c60a29d0c64ded7bb17,btc-updown-5m-1776392400
"Bitcoin Up or Down - April 16, 10:00PM-10:05PM ET",Down,BUY,383.0238,0.5034943489807965,0x52790547e0044828100124da1c9ac11c794d781f2e72bacdbf3ca037df022991,2026-04-17 04:57:18,0xab3e5f371e7abfd1860e727f632667f0d61fbbeeacdeee6bab5e697a894e7ea6,btc-updown-5m-1776391200
"Bitcoin Up or Down - April 16, 8:35PM-8:40PM ET",Down,BUY,372.179898,0.5187546941788289,0x91aa7276bef9ff2cb5518c92991bfa751d5517ae165fc6a67429f15547fba684,2026-04-17 03:35:02,0x6c16319a15ff06e79de61666f67ec96bb63841f0e8bf5c2cc04aeb15270b6fc6,btc-updown-5m-1776386100
"Bitcoin Up or Down - April 16, 7:55PM-8:00PM ET",Up,BUY,379.721765,0.5080452948292915,0x781ea7af2a0cf646e8310daaf9f4d8956d44b3422373be04af02b7d388aab19c,2026-04-17 02:53:56,0xa17186a099c8ac9aaefff8e2f6f169cacbc04695a10026af203db83f1f3c3c86,btc-updown-5m-1776383700
"Bitcoin Up or Down - April 16, 7:40PM-7:45PM ET",Up,BUY,392.17636999999996,0.49129595520953034,0x58341d431d9cd41985e2326753d926133acb2a444e3bb0fe4a038573a68e260a,2026-04-17 02:39:16,0x7459a685535163c88a6d8d40fa83113e8332e3dd5b821a69e936099cc59b5cf7,btc-updown-5m-1776382800
"Bitcoin Up or Down - April 16, 4:55PM-5:00PM ET",Up,BUY,376.49917500000004,0.5125667568549237,0xc80a6a5fac3936ff54dd4c4936310ae827ceb7e79ce4c09137df23d535d53702,2026-04-16 23:52:24,0x24ae47980b7e1425de9e85840b8cf0f30a02514d434404e871e0d23186f2186b,btc-updown-5m-1776372900
"Bitcoin Up or Down - April 16, 12:35PM-12:40PM ET",Up,BUY,544.5393509999999,0.5323753200376465,0x5e2237fb2ae3eac8bfbe3c7c9053db1b156157a19a46fc23239292085b6e1526,2026-04-16 19:34:24,0xf0e73a0f5918658a591c1d39d81d3b5fe27d9374a7b5d4ba804cbd94235c773f,btc-updown-5m-1776357300
"Bitcoin Up or Down - April 16, 12:15AM-12:20AM ET",Up,BUY,471.66441000000003,0.511391239868061,0xdf96e67bb63b9ee84f9e310d86f2f953ea944af7b934f99d5acd7527aa848ddd,2026-04-16 07:14:30,0x1c065ab68b66a225c9174a3647a0cc3632bb76ff5e39572f0d13a5629e2b248c,btc-updown-5m-1776312900
"Bitcoin Up or Down - April 15, 11:45PM-11:50PM ET",Down,BUY,418.036047,0.5028184600904579,0xd7c9265216a620bee5059af20acde0669b20dace3e2f8b2e227ddfc32bb91047,2026-04-16 06:40:34,0xa4c3a330a3b57cc493a782d3f9f95b58fbcb0d024af1eed8673e4ab82f9eedce,btc-updown-5m-1776311100
"Bitcoin Up or Down - April 15, 11:20PM-11:25PM ET",Down,BUY,318.245346,0.5092416631971042,0x28e4fbc5dc640bd315e9f5ab801597a6dc45544deff16caaa2633c2e4662f53c,2026-04-16 06:16:56,0xeb560bcf32451ce72a240fa9375196b513ba960eb4b0d7c45987644ed493eb4c,btc-updown-5m-1776309600
"Bitcoin Up or Down - April 15, 11:05PM-11:10PM ET",Down,BUY,467.373335,0.5076887532360128,0xce7fa62f5a13bc1d4ef7c9d8d4c278d7c049ae0abe2889bc8070a743c26760c0,2026-04-16 06:01:08,0x459f2f43666eb140ace8c728965f1089e505c8e03614ff75607279c2e86d80c0,btc-updown-5m-1776308700
"Bitcoin Up or Down - April 15, 10:45PM-10:50PM ET",Down,BUY,446.23539400000004,0.5417581248289778,0xddca727239f9d9bdcad98dded56f11a2485bc99a97d29fd5027e94cc26cce461,2026-04-16 05:44:18,0x404f5e6799397d13257b64606de817d4ea2470b19d85d58c456c8284137012e0,btc-updown-5m-1776307500
"Bitcoin Up or Down - April 15, 10:35PM-10:40PM ET",Down,BUY,465.338905,0.518622459910354,0xbf7abd98c4bfcc006a828643510e1b18ebd2efc0e236deee84ad8360281991b6,2026-04-16 05:30:28,0x83613db172cc1e73bb481a07d25cdb6fa1f8f96e9ac220d7868c681c9c5d7832,btc-updown-5m-1776306900
"Bitcoin Up or Down - April 15, 10:20PM-10:25PM ET",Down,BUY,572.2721690000001,0.5055639580379284,0x251d83040c9fa83064144f68c23bbbb8b8a2a06660fc817399f4df1ca1dd9b1d,2026-04-16 05:17:32,0xd91c72ca176e4a5ce3af46ba0decf0a37fcbaed2ead9acf43be8286abc5dccfc,btc-updown-5m-1776306000
"Bitcoin Up or Down - April 15, 7:40PM-7:45PM ET",Up,BUY,364.588679,0.5299999995495,0x7b3e328589ae8d9587f8bda063fdece54b2e06522a945888858ef614c07cb598,2026-04-16 02:37:12,0xb26eae9fbe6682964d0f599718db53ba03d3665978d5e637f566d86415b331ba,btc-updown-5m-1776296400
"Bitcoin Up or Down - April 15, 6:00PM-6:05PM ET",Up,BUY,488.03483100000005,0.5099999999802326,0xcc5e8f2409b3c879410dd0136fabd74c54f17615dfcdfb5df340d3c25e039725,2026-04-16 00:56:00,0xc8d8cc37070689601a3c7af9cdaed2d22d4afe2b2a4faca58407cbe72ec1d07d,btc-updown-5m-1776290400
"Bitcoin Up or Down - April 15, 5:40PM-5:45PM ET",Up,BUY,358.103709,0.539999999298,0xee89bec70aeacfc6b32963bdf1a2e09c995d0950bda575079c90bd6e5d54de7e,2026-04-16 00:39:02,0x37ecf25b68f94b03796367f5f4ac635de4f3b38b50201dc24bf7bd89ecf51e40,btc-updown-5m-1776289200
"Bitcoin Up or Down - April 15, 5:30PM-5:35PM ET",Up,BUY,358.103709,0.539999999298,0xe55474fa2e999371778fdfe187db43f9963529aa95788feacaff0eb8ac1fecdc,2026-04-16 00:29:36,0x189c0fc39bcb24bf6c0740cac74f95609a277d1c85fd26c70df511afd741ae7c,btc-updown-5m-1776288600
"Bitcoin Up or Down - April 15, 9:55AM-10:00AM ET",Up,BUY,416.153728,0.5099999988872728,0x5b5fd5b46de111c9b334379375ffd0892e4d855eb71593bca78f2ada310f83ab,2026-04-15 16:52:02,0x8e012295e759de4623209e7691cca7b425b3d19e9bd5f8a889ad711011dfe046,btc-updown-5m-1776261300
"Bitcoin Up or Down - April 15, 12:55AM-1:00AM ET",Down,BUY,577.2674840000001,0.501019059409728,0xb0087a920c97674a6f21a47d1dc377c76d891edb0edb5df6f4fdd0ca30a7686e,2026-04-15 07:54:10,0x29d67a3f96fdabeec393f4422cf451ccc6f571ceed42b81514d37112d91be811,btc-updown-5m-1776228900
"Bitcoin Up or Down - April 15, 12:45AM-12:50AM ET",Down,BUY,382.95734600000003,0.5035851384430838,0x2cdd26116c66ffcbd5aecede7da4e3c11955d6181b5b21b5da8c221973df5a6d,2026-04-15 07:44:10,0x2ae1ab7c3345b68975f285fb69c919c58ee22cbddc5430481cea14c8f6c61ecf,btc-updown-5m-1776228300
"Bitcoin Up or Down - April 14, 11:55PM-12:00AM ET",Up,BUY,352.756924,0.5199999992336842,0xf0f09b2240284578b27d649d0465e478be763ca1b45e02dae4948e424fd68c18,2026-04-15 06:53:34,0xe5ac267248ad8c0f057d50ae7a5a1cfc36866defd36a7605bb8db7f07454bc4c,btc-updown-5m-1776225300
"Bitcoin Up or Down - April 14, 11:40PM-11:45PM ET",Down,BUY,390.05311,0.4940728549950519,0x9cb638663a9d9df8ae3e981ccc15098f035b00dd5aadf00855810ed8c6ece04f,2026-04-15 06:42:10,0x52507e5035d345892b782e6c348aafdb42fc8b8868da74d5013fe35554a4244e,btc-updown-5m-1776224400
"Bitcoin Up or Down - April 14, 11:35PM-11:40PM ET",Up,BUY,421.82855,0.51,0x4c49cfc1e30f61804ecab71299719cce58e7920cc594754d7475e0f3eaf070f3,2026-04-15 06:32:24,0x4dd493271972b966c7a6434b7afd5e38beed2061862d2b2fe25f5e08d5f7e239,btc-updown-5m-1776224100
"Bitcoin Up or Down - April 14, 11:20PM-11:25PM ET",Up,BUY,471.964398,0.5110532958105192,0xc4072009030b868d2c217c2cbda5ab13e9781cf88dd6d5690a0f90166b9f1d20,2026-04-15 06:17:36,0xe2a33815806364ab503d345ff7d092234f875a4aec1535fc5cde9c214ee570f2,btc-updown-5m-1776223200
"Bitcoin Up or Down - April 14, 11:10PM-11:15PM ET",Up,BUY,396.665141,0.5132943317702159,0x40b0c07a949da64e8347bab8f4e7a50d338d18a8a3640390c5513ec4087a0a59,2026-04-15 06:06:06,0x3db1fb9e3e7ad0259f627955cad850eaa471032a3d65d877e34878478a76e65b,btc-updown-5m-1776222600
"Bitcoin Up or Down - April 14, 10:45PM-10:50PM ET",Down,BUY,457.9526,0.4835604459074881,0xb363f6878c73c5d0deed2c90a1a14d03d35805c9e3de67e02a4bd25a957c5ff7,2026-04-15 05:44:58,0x079458b75bfb397bfb976f26bb0cbea740d31a9ca6ebf77885dc33c1438f9616,btc-updown-5m-1776221100
"Bitcoin Up or Down - April 14, 9:20PM-9:25PM ET",Down,BUY,1483.880278,0.4199999996383708,0x469c081bdbdc836cf993a7915428b3fbcb50d0ce39523040c40437903b37704d,2026-04-15 04:17:04,0xdb2f5ecfd6574ba325921c09a28cceb7538f17ee307de6a08fe1c834c9414a64,btc-updown-5m-1776216000
"Bitcoin Up or Down - April 14, 9:10PM-9:15PM ET",Down,BUY,433.332367,0.5585887810298388,0xc3870952cad5ffa8a537a0b7fcf161ce593c61d0ae6024899e1cd12440b620ca,2026-04-15 04:07:40,0x8cb51196bd68f56d91ab1013cf61321336d2777cc0ba633af1a01758ec18a61c,btc-updown-5m-1776215400
"Bitcoin Up or Down - April 14, 9:00PM-9:05PM ET",Down,BUY,522.488,0.5,0xa58fbafe76f599dd93c8d13f02533ea21584da39da1aef75e1d34edd2c808452,2026-04-15 03:59:08,0xb469ffa912cf1e15cfe773049f9b6df1063f1aace14f64948fc00ef8a8710085,btc-updown-5m-1776214800
"Bitcoin Up or Down - April 14, 6:30PM-6:35PM ET",Up,BUY,359.10746700000004,0.5399999995153585,0xe21a22ded5cd71978d7f3d093eaf78db010edffc79ebf932dcb31d575d6a19dc,2026-04-15 01:27:34,0x83917fbb78b9ca3e58444fe713cddbe316029b692270a2fea6bd8e71d0110a32,btc-updown-5m-1776205800
"Bitcoin Up or Down - April 14, 6:30PM-6:35PM ET",Up,BUY,812.2854,0.521002496136931,0xe21a22ded5cd71978d7f3d093eaf78db010edffc79ebf932dcb31d575d6a19dc,2026-04-15 01:27:34,0x1292a6e7116e926584a31eea6d1d69a81982742bf1be5e4faa9f0cc2780a0277,btc-updown-5m-1776205800
"Bitcoin Up or Down - April 14, 5:55PM-6:00PM ET",Down,BUY,479.3008,0.5,0x923832adc3843126ebec0a154c658365b12e7c724f100b13bf22e687afabfa8f,2026-04-15 00:51:24,0x3c9efd3e074fa56cc3fa755e2a4667185c8fb86e74f0829fc1e888cd0ff94534,btc-updown-5m-1776203700
"Bitcoin Up or Down - April 14, 5:25PM-5:30PM ET",Down,BUY,482.017129,0.49996077050868776,0xc6326fd20c5f289a8b84566327c47c7243703e2ff8065b031106e8b7c44aa23c,2026-04-15 00:24:26,0xe8686241aaacfdc3b8778b173c4e6e967e8203e064e5912c04252519f87cb0e8,btc-updown-5m-1776201900
"Bitcoin Up or Down - April 14, 4:55PM-5:00PM ET",Up,BUY,460.905515,0.5238137585195296,0xb9074269c014cbab7d2c0e6faacbb7409e5c826ee7391126b782dff2fc9701cf,2026-04-14 23:53:02,0x84493d6cb05ad74a592071d2cd8ae484bb4b04188b1507bfa44d45b35a77d73d,btc-updown-5m-1776200100
"Bitcoin Up or Down - April 14, 4:45PM-4:50PM ET",Up,BUY,426.844453,0.4499999992125,0x904dcfb59d5267552d34dd27e5d3ccdc3ab050d3f7e668c772d3b7185b8a014a,2026-04-14 23:44:40,0xbb8db8ad096bb94fcac374d8d63c8bb6a1507586ec47e7a458a688bbf955684e,btc-updown-5m-1776199500
"Bitcoin Up or Down - April 14, 2:30PM-2:35PM ET",Down,BUY,430.52718400000003,0.48999999941826483,0x04d700ebd644125a412b1b3dffcbc8e0ddf97a051fd84ff7a891443d6502243c,2026-04-14 21:29:20,0xad7262ae795648573c1065b7d65b306ce235e46dd585d51430dec71e4b167661,btc-updown-5m-1776191400
"Bitcoin Up or Down - April 14, 12:40PM-12:45PM ET",Down,BUY,518.9916790000001,0.48999999923901516,0x13630b308257209a9bc768136b812f66fa9202e1a75fc35855f9ff95b1eaca83,2026-04-14 19:39:22,0x65e028f3fdeb52c84dd9228f0511290842d329065e4755d029d0a55766c4b513,btc-updown-5m-1776184800
"Bitcoin Up or Down - April 14, 11:50AM-11:55AM ET",Up,BUY,763.75792,0.5,0x51faf9f9a1038f602129db655c17c8ad8777f82d961f497bfba8c13ef3431b00,2026-04-14 18:48:13,0x846ca9ded7d1c5e395681f6e4fa486821ffd19ec615e1f521b6ebd7c3756e0f8,btc-updown-5m-1776181800
"Bitcoin Up or Down - April 14, 11:30AM-11:35AM ET",Down,BUY,396.150418,0.4861815297117519,0x6d9ea76a067e524518198b31921c1ea276364085cb312d513c0b47e8d9f1f66d,2026-04-14 18:29:37,0x3595466f12126e68ef051e5332bb43ba791ff451344680c22ea26aa674a2a08b,btc-updown-5m-1776180600
"Bitcoin Up or Down - April 14, 11:20AM-11:25AM ET",Down,BUY,390.13624999999996,0.4939635188182812,0x971d3e21412f89a09cd68bdd1e08576e31c7f26146bc12edf6f52953e2d3da18,2026-04-14 18:18:03,0x9b9739a132c886da96ffeb9c083265cfdf4f9e7a5116f05ca05871be0b98c83a,btc-updown-5m-1776180000
"Bitcoin Up or Down - April 14, 10:55AM-11:00AM ET",Up,BUY,382.78816,0.5038164093004509,0xa6da82d09d557f870371aa8da8226caa342606e1a74bed3ead2f3d65da3bdd95,2026-04-14 17:53:25,0x2f2a507d1f3191e285aec509edf229973c156a4329023ff1e62c2c7af142ac6f,btc-updown-5m-1776178500
"Bitcoin Up or Down - April 14, 10:10AM-10:15AM ET",Up,BUY,509.47183,0.49165379857397706,0xb9364010a2999b5e20d0313ae635babf590b9adb3001a9696a05b399978fac8a,2026-04-14 17:08:29,0x75bd30fca241ae34551bc466057fb8f804ed519c714156861f13fc731d1838a4,btc-updown-5m-1776175800
"Bitcoin Up or Down - April 14, 10:00AM-10:05AM ET",Up,BUY,273.25698800000004,0.48999999887194245,0x2e8f1accb1bf75193e771324c4dc50641a685464fc780083ee4f681aa3e5a49d,2026-04-14 16:57:11,0x48fca9d8fa028ecf6e955b836839d5289e32d81d2744becaa158b444d0075c7b,btc-updown-5m-1776175200
"Bitcoin Up or Down - April 14, 8:50AM-8:55AM ET",Up,BUY,298.87404,0.5099999993544304,0xcfad8d9ba2e07c0324bc8cc4e96976d0fe73e7f940c3de0cd3990287626d4c31,2026-04-14 15:48:11,0xd3894050af70d11e02ab37c2661e4c3f42612c1d3df0c0bb7854da259c8631e5,btc-updown-5m-1776171000
"Bitcoin Up or Down - April 14, 1:05AM-1:10AM ET",Up,BUY,356.982363,0.5135997358778204,0x8b57ae9c77a66a3fb2126d1fbf3034c0550962c9cc28d7687f84df70096e30c4,2026-04-14 08:03:33,0xb62b83dea5eaffdb62a4151edb6206d9175e63982def5183b4fab2e035cb446c,btc-updown-5m-1776143100
"Bitcoin Up or Down - April 14, 12:20AM-12:25AM ET",Down,BUY,590.9252670000001,0.5226334630783478,0x833596c85d26464dffbf7d396f00ed031e9cdc2ace3d6eef2be25e11af413d92,2026-04-14 07:19:45,0x8e062f3dfd6076bec784c73f02f293b50f599c2ff7a48922af553f2f3243bc2d,btc-updown-5m-1776140400
"Bitcoin Up or Down - April 14, 12:05AM-12:10AM ET",Down,BUY,385.439053,0.3597941979153651,0x53decfe4fcc84b6e1222302ccca3aa53a2a534dcbe7bb74889370e1905d1d45a,2026-04-14 07:07:51,0x5b4ec376140055d449a73107555bf57296fa612fe69dc601ed7fc4b34cefb7e5,btc-updown-5m-1776139500
"Bitcoin Up or Down - April 13, 11:55PM-12:00AM ET",Down,BUY,476.498215,0.5059997944224027,0x2d2783b86d70ccc7fb81ac8944da677343142fabf5add303fcae2e239168f33b,2026-04-14 06:51:45,0x90cb5406c736382d79b723b76b9f20c1c27c8dd061e5f98a53f074eec145de51,btc-updown-5m-1776138900
"Bitcoin Up or Down - April 13, 11:35PM-11:40PM ET",Down,BUY,289.93264,0.5,0xd29c42a7e3899fbc6726d0b998c1cac41c2929af6ceda1b61579d03249cf3c37,2026-04-14 06:33:33,0xd49804624eeffde8b492b712261de08571bab69b9d26813dde60027cd00b0763,btc-updown-5m-1776137700
"Bitcoin Up or Down - April 13, 11:25PM-11:30PM ET",Down,BUY,472.90691999999996,0.5010193056489919,0xaabdb60cb095e738c80e9a27b63ac6cf8949b83cae0c3f3734934f57d51e0661,2026-04-14 06:22:57,0x67e4d67f72766e1d8ee4c90157d4d97ccdc1c7e0e1da5d993db5d575eff5d1cb,btc-updown-5m-1776137100
"Bitcoin Up or Down - April 13, 11:15PM-11:20PM ET",Down,BUY,358.608,0.5,0xa7f310acd16e1d12dd5247df3c40018e47f0b68e39429826b105e7bd71df5f51,2026-04-14 06:11:45,0xfbbb0f324902ea41070c15423b4686c8c31f6fd19dedd114160cec0ad7c3f856,btc-updown-5m-1776136500
"Bitcoin Up or Down - April 13, 10:55PM-11:00PM ET",Up,BUY,382.15567,0.5046829123928751,0x9ae6dcca61d8b5c33d4186255c0aa94047bf90ca281775a499d1c0e6d6405885,2026-04-14 05:53:59,0x0b4d1bca684edf74420a0d2962427d4b38b7b46e2689f83313e96abb2477f216,btc-updown-5m-1776135300
"Bitcoin Up or Down - April 13, 10:40PM-10:45PM ET",Down,BUY,390.70215,0.4932206817296263,0x0fe989d2abb47cd95c9d3cdf7198123f83022bca3bd84494ee9425640c065f97,2026-04-14 05:39:59,0x253e9b5a74478f77282c08c58d078fc344799424c9f4333427d5f4d47ba74333,btc-updown-5m-1776134400
"Bitcoin Up or Down - April 13, 9:55PM-10:00PM ET",Down,BUY,368.52188,0.5241133384617824,0x6640eb68a9de9b777c47a035760e665f6c051d13dfd183d06311922ed6bd6150,2026-04-14 04:54:57,0xdc0485601611cb9d283d4cd80476eff05bb5849298657e446c4ef3e9bca2e519,btc-updown-5m-1776131700
"Bitcoin Up or Down - April 13, 7:35PM-7:40PM ET",Down,BUY,364.588679,0.5299999995495,0x30405a9761850f91ff51dc468a36da107f198203857b3b90e732db207fde1d45,2026-04-14 02:34:19,0xf69706bb3708e1379b10c9b29d18745d24de0a38dc91933aee9c0d404822e017,btc-updown-5m-1776123300
"Bitcoin Up or Down - April 13, 6:25PM-6:30PM ET",Down,BUY,359.589365,0.537675895125187,0xddffe5a338074cfcc3a52cd1a435903657675943f18c3b0db3896fe70a2c7a3b,2026-04-14 01:24:27,0xb513e45014ea9e6c26ce1df89eb354fb9b59fbff4788dc92ee7c9dcad1af8662,btc-updown-5m-1776119100
"Bitcoin Up or Down - April 13, 5:55PM-6:00PM ET",Down,BUY,279.194809,0.5006794202514862,0xb4624e05abd6c0f97666596d7858dcac463e7e68ef07162436cc1747ca6200a5,2026-04-14 00:55:05,0x9cdf5c4ca91d26fd914e90019bad5cd01e6ae23ffee0b9d06496cbd36b897e45,btc-updown-5m-1776117300
"Bitcoin Up or Down - April 13, 5:45PM-5:50PM ET",Down,BUY,384.75097700000003,0.5011462480143677,0x66e1b09bba0ae58302d8a67aac6e7ef85b5fda52155daab00f692caf04496f00,2026-04-14 00:43:33,0xbfc02070d28f14fb61f753d840491404b6c7865a3da0c0b54b101d0e6b73df6d,btc-updown-5m-1776116700
"Bitcoin Up or Down - April 13, 5:10PM-5:15PM ET",Down,BUY,355.418105,0.5018443498815967,0xae010d1c726f4d1c66abd5da045134f2bf8d447e1416bc9e7de9a525167e80fd,2026-04-14 00:07:11,0x6f5351149055f9dc40a50fe1348bed4b3bfc7541295fdb482ab93570b1da2003,btc-updown-5m-1776114600
"Bitcoin Up or Down - April 13, 4:35PM-4:40PM ET",Down,BUY,385.6,0.5,0x7ed2803708a84c15eb54b499a0b026e169c2f016bd3c08c4a982a036f8c0f2d2,2026-04-13 23:33:01,0x63aee9526ce352cff30eed3ceafd2831e3f4e369efeedd6886856acc03abc81b,btc-updown-5m-1776112500
"Bitcoin Up or Down - April 13, 4:25PM-4:30PM ET",Down,BUY,385.6,0.5,0x49fd40aad000b09784d50e58d5a5f7da4361e53b2647e5307b4bde6d03202164,2026-04-13 23:20:55,0xb82bb0a3ff5e5b0c3c213256e1a14a8464a148f201a1fdd27bb120b927a5286a,btc-updown-5m-1776111900
"Bitcoin Up or Down - April 13, 2:00PM-2:05PM ET",Up,BUY,377.250683,0.5115051773160455,0x1f9e4c1edc9994f85f0a8cc1256f3398ad3a89d3cdcb04cd25eea3793fd72ebe,2026-04-13 20:55:25,0x8de79facb3b1ca86dce2e31428163e7e90c0df43443832f19117b23cdcd72fa5,btc-updown-5m-1776103200
"Bitcoin Up or Down - April 13, 8:45AM-8:50AM ET",Up,BUY,305.26142699999997,0.5120480821243707,0xa97dc9011870ebbdb59cca1f13bd74cef4141bda4d7bc53d6e4fbd04b9055965,2026-04-13 15:43:21,0x64aef384f7906f5a04081e98ed20c32ca1ab010aab518749e992027fc65cee1f,btc-updown-5m-1776084300
"Bitcoin Up or Down - April 13, 12:45AM-12:50AM ET",Down,BUY,361.90988000000004,0.5340855367366065,0x4a0f033ec5d33dfd15f454bffa4edb419314b34accb98203cf8a450500457361,2026-04-13 07:43:25,0x028191adf879ffcd4b78b7c69ed5f7d3fa0692485bc26ac50a48cf85441c416e,btc-updown-5m-1776055500
"Bitcoin Up or Down - April 13, 12:35AM-12:40AM ET",Down,BUY,411.98286,0.4668209354251268,0x3b9000eefa1f02e9f6679cc225a8e7f0a448a28481ffb968ba336f5de9cf3725,2026-04-13 07:33:01,0xf61d5a38fbaa43a87b06c0fb584024740610ce50bcb1a8ca57692326965be441,btc-updown-5m-1776054900
"Bitcoin Up or Down - April 12, 11:40PM-11:45PM ET",Up,BUY,49.062631,0.5099999978370666,0x534a7574b77dac317d59053965b172aa0d56be6ebd92d6954027ec34a68e6a3d,2026-04-13 06:39:03,0xcf590914a536058cccc314844ff21316fde239db1c156ecce19f3209a745beaa,btc-updown-5m-1776051600
"Bitcoin Up or Down - April 12, 11:40PM-11:45PM ET",Up,BUY,329.25894,0.51,0x534a7574b77dac317d59053965b172aa0d56be6ebd92d6954027ec34a68e6a3d,2026-04-13 06:39:03,0x5d8dcff975e269409f56efc24add447d0e863f89c4b68a65450ab33f0778f093,btc-updown-5m-1776051600
"Bitcoin Up or Down - April 12, 9:35PM-9:40PM ET",Down,BUY,372.39778,0.5184389797058616,0xf792ec4a650adb06c703e14fa3f4e048f7c621b504650cfa69a5740b69e2dd1b,2026-04-13 04:34:33,0x89885628af1e95ee574e95902654aa057d85c4bf214fcefaf95ec1133bdd991d,btc-updown-5m-1776044100
"Bitcoin Up or Down - April 12, 9:15PM-9:20PM ET",Down,BUY,385.6,0.5,0xc338aca15eab2fd44b27208b4455450aa16303317145296f89596ea91c4f2989,2026-04-13 04:14:09,0xd2619f530bd8d2c29a1de9707170b398806fa323172f459a9ee9abc427232a3f,btc-updown-5m-1776042900
"Bitcoin Up or Down - April 12, 8:40PM-8:45PM ET",Up,BUY,378.321571,0.5099999997195,0x28560036c638e472cb97043c47f27eae9c0f4a65fcf2f1c08591104512f0e152,2026-04-13 03:38:05,0x75428ac3e4aa7188d4f7fa2915aee3523df2565f75ace13106f7748865b66382,btc-updown-5m-1776040800
"Bitcoin Up or Down - April 12, 8:15PM-8:20PM ET",Down,BUY,264.136,0.5,0x2fa1dfb33d7cefe03f8e1526c7513802a318ba8643f0699b56097bd8b3240688,2026-04-13 03:13:57,0x055e599b156771e2de54c33b1621466a1c926ccaa8009860d7d14d09ecd9209e,btc-updown-5m-1776039300
"Bitcoin Up or Down - April 12, 7:50PM-7:55PM ET",Up,BUY,336.70619600000003,0.5099999998280899,0x3dda76e7f6e3f16ff3d710d60730289d2f761a32c8be8d3f0685921d48d350e2,2026-04-13 02:46:27,0x85cc3f8faa41c7404fc3bfb534645ae7ae7a6e5557606626ed13efdd8d8e9a56,btc-updown-5m-1776037800
"Bitcoin Up or Down - April 12, 6:50PM-6:55PM ET",Up,BUY,340.46899,0.51,0x793ca397292c042c40afbda7a562e0389470414c8db67e6b41a3897d39dd82c9,2026-04-13 01:49:21,0x962346daeea2903ec3abb512633f51875e41a4ee5d24813bca122a6865f14671,btc-updown-5m-1776034200
"Bitcoin Up or Down - April 12, 6:50PM-6:55PM ET",Up,BUY,37.833673,0.5099999992350306,0x793ca397292c042c40afbda7a562e0389470414c8db67e6b41a3897d39dd82c9,2026-04-13 01:49:21,0x8a4f2237217ec7cec01e3e6533f2f72ac25cd118c3227d8d5a8c7627b04ada04,btc-updown-5m-1776034200
"Bitcoin Up or Down - April 12, 6:40PM-6:45PM ET",Up,BUY,375.306341,0.5142608480838708,0x156c87f5f20ddbdd3bbfb1dc143e5a36ed0339dce67dfd8bbabe9d762b2f33fb,2026-04-13 01:39:45,0xc4b90c12f33059b61e30fadfcc30ff964c0fe633ac2f7e7405867c9368f7a0cb,btc-updown-5m-1776033600
"Bitcoin Up or Down - April 12, 6:25PM-6:30PM ET",Up,BUY,46.566302,0.5148084878359871,0x98a70e7c7f2df160791176fa40d95d9dc1656539d1d6e56edb531b8206520357,2026-04-13 01:21:21,0xf6bd75d93a3629b83de34bb261e2efa88657a0d1af0ccb10aa1581a4a7d0be52,btc-updown-5m-1776032700
"Bitcoin Up or Down - April 12, 6:25PM-6:30PM ET",Up,BUY,331.33308999999997,0.51,0x98a70e7c7f2df160791176fa40d95d9dc1656539d1d6e56edb531b8206520357,2026-04-13 01:21:21,0xfd9d9b41339330611b7ba35046ce8e547abbadce44cf500356839e613fcef124,btc-updown-5m-1776032700
"Bitcoin Up or Down - April 12, 4:50PM-4:55PM ET",Up,BUY,304.56528000000003,0.5118374200088703,0xb32f1789c8bfc0e451e8d1f45607f8a8a21c1da65f28dc744ade809a763f80f1,2026-04-12 23:46:57,0x5db257efbb6e95340cdef30c25d59878ff571bc97658f24144042b3b0b2033f0,btc-updown-5m-1776027000
"Bitcoin Up or Down - April 12, 4:50PM-4:55PM ET",Up,BUY,71.356043,0.5199999978352162,0xb32f1789c8bfc0e451e8d1f45607f8a8a21c1da65f28dc744ade809a763f80f1,2026-04-12 23:46:57,0x74ac56419f310962c22adfc9d1477d80a089060a42041286e6ca046894180711,btc-updown-5m-1776027000
"Bitcoin Up or Down - April 12, 4:20PM-4:25PM ET",Up,BUY,375.75142600000004,0.5136274242078143,0x383b480f74044469ead2c74d8f609da0150fab986381e4e42f94a01ec5956d1a,2026-04-12 23:18:13,0x86c6f76555b68c68acee1b4573119435bbc8219719e2113ddd0cc52c0aea1f14,btc-updown-5m-1776025200
"Bitcoin Up or Down - April 12, 3:55PM-4:00PM ET",Down,BUY,309.67536,0.5,0x7bf8071ed462d151edcb6e6f5ea3f65f8ed2d5d1f06404ef9115f7905d361685,2026-04-12 22:50:47,0x827dad19a54574f97c4fc5ea7be154a22bb06ee548270ccce0b0a03ddfe2a8c8,btc-updown-5m-1776023700
"Bitcoin Up or Down - April 12, 3:55PM-4:00PM ET",Down,BUY,0.73264,0.5,0x7bf8071ed462d151edcb6e6f5ea3f65f8ed2d5d1f06404ef9115f7905d361685,2026-04-12 22:50:45,0xa3166c15ef08ad97ebe3aa467839d07a56dfe464bf9ffcb01b2c5bfba124940d,btc-updown-5m-1776023700
"Bitcoin Up or Down - April 12, 3:40PM-3:45PM ET",Down,BUY,6.38168,0.5,0xed0eec5717c290546cb39d66e3ac28122edd0300a479e3724337e75c33c04fe4,2026-04-12 22:35:45,0x527e0f2a6f616ae89ae2ddb627ae045924602243130cf4bb1b8ea33c5576024e,btc-updown-5m-1776022800
"Bitcoin Up or Down - April 12, 3:40PM-3:45PM ET",Down,BUY,404.28231999999997,0.5,0xed0eec5717c290546cb39d66e3ac28122edd0300a479e3724337e75c33c04fe4,2026-04-12 22:35:45,0x6f5791b764b90becb583100769751cc1676cdef3788419b75cbc52ffc591d066,btc-updown-5m-1776022800
"Bitcoin Up or Down - April 12, 3:25PM-3:30PM ET",Up,BUY,413.311357,0.46635100221390047,0xf2731115071d7ba754dd7471a92786415043ab210501b5c3d9900255ba83932c,2026-04-12 22:26:39,0x3b83a659135b6a78f6e7328d4eef43d2aff0fe8aa013e71624fe57d817a051bc,btc-updown-5m-1776021900
"Bitcoin Up or Down - April 12, 3:15PM-3:20PM ET",Down,BUY,370.629959,0.5210117650474821,0xfc1cba845fd8c5a720ff71d907bd8bb2f79696e9d1c7ee0c9f999a62bdc2357c,2026-04-12 22:12:37,0x99aaad441865996fb4f814485dc4082dabc22b2aad216c3d02315191b6d34d0b,btc-updown-5m-1776021300
"Bitcoin Up or Down - April 12, 3:00PM-3:05PM ET",Down,BUY,366.32,0.5,0x59e782b4c1bc52af3d1b9d67340bcee528702fffcfa4636642e77f73ea2d5f88,2026-04-12 21:57:19,0x31d30b399ebce0bab273d19ae22bc8eda15ca2832243a42f394d92e82584d7a1,btc-updown-5m-1776020400
"Bitcoin Up or Down - April 12, 2:45PM-2:50PM ET",Up,BUY,390.44871,0.4935530837320214,0x685cecaa23d358c00bcf4b4a07a8cabd4f2f85c0922c24c6fed76fdfd5ae54e0,2026-04-12 21:44:11,0xd0535b69a928a00e90be0bc1944fda3964a120119c3499b2974e0eaa05694677,btc-updown-5m-1776019500
"Bitcoin Up or Down - April 12, 2:35PM-2:40PM ET",Down,BUY,385.6,0.5,0x5da2cbca34378b87bb723206e93e0c4fbc4d9df605b5f898a52aca3e9a8abd84,2026-04-12 21:33:31,0xaf9c76ea111844cb75206a8ec30aa3264508aa1fae7ca7f3da370c860b54bc0d,btc-updown-5m-1776018900
"Bitcoin Up or Down - April 12, 2:05PM-2:10PM ET",Up,BUY,382.32980699999996,0.5044440524970186,0xcc87ef3501883660ed327efa07c7aa3cb45e4132f47c61e507f690a15c86e096,2026-04-12 21:01:03,0x047673f75251fd0248ba722c9567ff352d68bd942648f187a376b150cfe28289,btc-updown-5m-1776017100
"Bitcoin Up or Down - April 12, 1:40PM-1:45PM ET",Up,BUY,440.178782,0.43590712180961644,0xed824dc54a7cc5d3b55d2fd3ae4e16c516c25927cb87947dee33c48f9cec6d49,2026-04-12 20:40:09,0x3c43f3c269edda8507dd4588bfc3a92f918bafd536fe6ba4e4fa9b81f9a2a16a,btc-updown-5m-1776015600
"Bitcoin Up or Down - April 12, 1:30PM-1:35PM ET",Up,BUY,261.041884,0.5099999987434782,0x820489dd67855e91a8b0a50dc6ccf7edec53cce2174be9dcbf35d7289e5e3d6f,2026-04-12 20:27:49,0x9a77d91a7382678236e439d32c2b2407f59ba62a13804c29c0271d4a7bebb183,btc-updown-5m-1776015000
"Bitcoin Up or Down - April 12, 1:15PM-1:20PM ET",Up,BUY,338.015411,0.5079468093279615,0xa58acc103f6f5cdfcbd2121c71925dc6b78f9aac644f61a916212db4ba530433,2026-04-12 20:13:53,0xa18c5bd3ae08171b4e6afca5e8bede8ca294ec181294e74e849baaee8ceb7106,btc-updown-5m-1776014100
"Bitcoin Up or Down - April 12, 1:00PM-1:05PM ET",Up,BUY,378.30265299999996,0.5099999999234962,0x426922030504ee22a76e3603648cb13c506f37e2bdc18809a089637ffc5be83d,2026-04-12 19:56:59,0x27a421914c56739fcba0d2367bb914c942b5673c453ed4725edb9102c9383469,btc-updown-5m-1776013200
"Bitcoin Up or Down - April 12, 12:45PM-12:50PM ET",Up,BUY,374.305018,0.5156916193804523,0xf0a155db50f824cf8d1d70918d227fb911eb584f2ad56c270262d8eba5961916,2026-04-12 19:44:15,0x4cc2042879c13c03ca759b9e3e746e3dd63eb347d30dd29411fcf4ff811189b7,btc-updown-5m-1776012300
"Bitcoin Up or Down - April 12, 12:35PM-12:40PM ET",Up,BUY,374.029417,0.5160868144419165,0x6f28e69d903b830df8b96531f2290400183e448b392184a9d693b86e856bd658,2026-04-12 19:25:51,0x44be9d3052dcf86915ef29bdacc8559a743c3e9195f592d61f0a03bfb1abc952,btc-updown-5m-1776011700
"Bitcoin Up or Down - April 12, 3:05AM-3:10AM ET",Up,BUY,378.287895,0.5100471940295406,0xb47c183339d308e82631cc1e9d0d5a1bd0d01aabf805d2f4320ebf7a1981d7b1,2026-04-12 10:02:11,0xa2b04ab95d9de72298a980d0c2d9e4ef040d603f95dcb212dc458a992ffd010f,btc-updown-5m-1775977500
"Bitcoin Up or Down - April 12, 2:35AM-2:40AM ET",Up,BUY,372.135069,0.5188197036383029,0x137537f5f1dc5a2c2a9f07f734d02a9f7fdb47f3a25b2b4399ca2492bbe65c9a,2026-04-12 09:33:51,0x15a3fc5c03fc2704e0bb10feb4a803dc6f8458b6f675be1f648d88893bcc4bf3,btc-updown-5m-1775975700
"Bitcoin Up or Down - April 12, 1:55AM-2:00AM ET",Up,BUY,286.879098,0.504203341605652,0x494256e48a2d805c3dc2a1f79db09aa0e56d93cee19e9eb7f36f1dbe5b14a106,2026-04-12 08:53:25,0x61332e09fe2a2f894bec1e267117e38ebe0d40c6ef7c9c467e4e9e8f3275cfde,btc-updown-5m-1775973300
"Bitcoin Up or Down - April 12, 1:20AM-1:25AM ET",Up,BUY,295.742165,0.5156168986651739,0xfe8e67940aa823f8c571ac0eb70898c39f7abe832fe57c7f8041a7b12289dcc0,2026-04-12 08:19:11,0xddddd1d64be00d8e371758cd5c400a3f605c2d154fcfc7b6afb8d9a634f5b5f8,btc-updown-5m-1775971200
"Bitcoin Up or Down - April 12, 1:00AM-1:05AM ET",Up,BUY,275.053747,0.5121611274914389,0xbedecd561fa01771ab3ed61f106c242e4a0b510388c46ae47fa149032725ff7c,2026-04-12 07:56:31,0x7001cf8cf55dcbc5db3a8252c27aafc9a6917bc60c9bc613753db5e749887ec9,btc-updown-5m-1775970000
"Bitcoin Up or Down - April 12, 12:40AM-12:45AM ET",Up,BUY,347.472181,0.5166663897686654,0x8aafd82199b7f27a2af1ab8e3a1fbea21fca340913ed2caae51fadb35246d4b3,2026-04-12 07:37:31,0xcf3159a58c490c742953835ee0b80755fc072511c6bc3d7f93aae662f4276ba4,btc-updown-5m-1775968800
"Bitcoin Up or Down - April 12, 12:25AM-12:30AM ET",Up,BUY,197.24043,0.568154443189075,0xe95755a8daa96eadefb1b021e0f4bcd4bb801725a96aa21502ceccb8915d5e37,2026-04-12 07:26:27,0xd6eb9d64b0e94090f3bec90dbafd37b8df133841c4967a7b6a6fa0b4b42838bc,btc-updown-5m-1775967900
"Bitcoin Up or Down - April 12, 12:15AM-12:20AM ET",Up,BUY,375.19257300000004,0.5144230131272034,0xe17213ca459f35647d17b9ec8b151a99475cc18be9021105fcafd1941ca77210,2026-04-12 07:12:57,0x61ef26407f89709b308f7cb895efa388d7314bd570f0ea16de37ae4e42b079eb,btc-updown-5m-1775967300
"Bitcoin Up or Down - April 11, 11:50PM-11:55PM ET",Up,BUY,472.901967,0.5099999994492,0xf1209c23d570238c4cf6f969396ab1cb0781d3770d176352ce2ed292922effcf,2026-04-12 06:46:59,0xd9ce2b977886f0eaac5b23ae79ebce909a806789fc9e07d57b3c8c73e5cb4b15,btc-updown-5m-1775965800
"Bitcoin Up or Down - April 11, 11:35PM-11:40PM ET",Up,BUY,271.298538,0.4239725223688611,0x547593c106a365b3d714350d583a5b795122f9019a144fd11a7f02e28fe26e2b,2026-04-12 06:37:53,0xe0da60bfa7894e89f63048500b91549d8452ae2d7014a7ca54392bf5e2b043d1,btc-updown-5m-1775964900
"Bitcoin Up or Down - April 11, 11:30PM-11:35PM ET",Down,BUY,298.84,0.5,0xdd08a80147b949a65e62d99e44cec5d971a322793d9aca37875204ba29652beb,2026-04-12 06:28:49,0x125744913e1254b77d9f1705cf8e097f60ff749bfd973437e9960eb6f741a930,btc-updown-5m-1775964600
"Bitcoin Up or Down - April 11, 11:20PM-11:25PM ET",Down,BUY,455.25577799999996,0.4434049432003726,0x919e98a548abadf022adb0934c4cfc543565025dc185dc0ba067a4a2e06d9c98,2026-04-12 06:23:45,0x2761fb30cb3f83f94dee42e77830ed46919d0e9400190d09f1ea66a29593fb66,btc-updown-5m-1775964000
"Bitcoin Up or Down - April 11, 11:15PM-11:20PM ET",Up,BUY,414.26212300000003,0.5099999996972603,0x08889d0f8eee733b0965acf998f552315b0a6d16abfea958093f707caa522837,2026-04-12 06:13:15,0x7d0ab0c3e7207b64a33adcc6aab1e7fc3c686bb5f23c15398934a432b6fa8f6f,btc-updown-5m-1775963700
"Bitcoin Up or Down - April 11, 11:00PM-11:05PM ET",Down,BUY,481.312187,0.4599999995606876,0x66fedfbd90e731565c3b1c83ac1c5ff494fee2dc798d219478b89aa45b360e82,2026-04-12 06:00:33,0x0c4f31f0a9a57a270f155e7686871d6a1a8acc00b62eb3e294b87df2019364a3,btc-updown-5m-1775962800
"Bitcoin Up or Down - April 11, 10:45PM-10:50PM ET",Up,BUY,279.957967,0.5099999990695946,0x2adc8d389d09c2f817168894f0051acce73368d08e818e67b1309b4b8070f55e,2026-04-12 05:43:53,0x939f45becc9865cec57406be3cfaff92641836cf75cc12ea41d3a622773cb3e9,btc-updown-5m-1775961900
"Bitcoin Up or Down - April 11, 10:30PM-10:35PM ET",Up,BUY,378.35850000000005,0.5103988806667166,0x2653dd88622cb7e32100d3bb6b722f46ddb0bf95344e4837eda9a6ae5221e6d6,2026-04-12 05:27:07,0x51dfc25dcb81eb75b17a5781c6996149e085f212180119d520b68440e2f92e65,btc-updown-5m-1775961000
"Bitcoin Up or Down - April 11, 10:20PM-10:25PM ET",Up,BUY,315.51638699999995,0.5170029119531463,0xcda34aa83e14a07867316bab43969d14e95112453f99a3079318858367fd0b91,2026-04-12 05:18:35,0x5c6129fea79089082c6abc0a7727af170c74e8ee555fca3d32f4543399036ae7,btc-updown-5m-1775960400
"Bitcoin Up or Down - April 11, 10:10PM-10:15PM ET",Up,BUY,369.171355,0.5237799322230383,0x161c84b2cea00e345498d850d89f8f8dcafb8821d29099bbf4ee9cd043ccce16,2026-04-12 05:08:35,0xd113efde29367cbacc36290f12a77427fea2b366ff3266f4754d8fa76879e1cb,btc-updown-5m-1775959800
"Bitcoin Up or Down - April 11, 10:00PM-10:05PM ET",Up,BUY,338.318485,0.531221703251301,0xd4ed164262d5f1e5146dc55c27ed3d217343c4556f7573dcce617ca063c8e7a1,2026-04-12 04:59:07,0xa9aae26d69db754fb579e25926324cfc88a28974fcf8621221e5a30795df7c77,btc-updown-5m-1775959200
"Bitcoin Up or Down - April 11, 9:50PM-9:55PM ET",Up,BUY,86.52559000000001,0.57,0xe1454073d711eaa2d7acb73c1d58c380b181800effb69f1821900e4093f572a4,2026-04-12 04:50:01,0xde10ca40b37464420791783b8fcaa17c96732af68d109850165a94be9a82d675,btc-updown-5m-1775958600
"Bitcoin Up or Down - April 11, 9:40PM-9:45PM ET",Up,BUY,333.927552,0.4874198746614494,0xac3e30b93e85e4aa11746567861f22d8d69a144ca0b7bdb0b59e9215563fbf23,2026-04-12 04:38:53,0xb08c1bb8238f337de1f4d0e92e3247bdc0b220142ab70f1b831316dba20185d5,btc-updown-5m-1775958000
"Bitcoin Up or Down - April 11, 9:20PM-9:25PM ET",Down,BUY,519.5949549999999,0.4637320934406758,0xee9e1ff1dfa0dc62dc209d722910d1c6113bcaf9a9f2d73e2040271bdfe1c138,2026-04-12 04:22:11,0xbfe183a2d636775d1251e59b2604c559d9f38bdfd486dae9579fa9794bbf1719,btc-updown-5m-1775956800
"Bitcoin Up or Down - April 11, 9:05PM-9:10PM ET",Down,BUY,482,0.5,0xdd41e1787adbd1645ccfb640b34e3fea637e7e239f810c9a8de98921c3c1f1f9,2026-04-12 04:03:13,0xa0df0568f699cab655f07dad1ce01ac429d5ca7feea43fab83e08c2b1d1def4a,btc-updown-5m-1775955900
"Bitcoin Up or Down - April 11, 8:55PM-9:00PM ET",Down,BUY,392.767427,0.4905284847721943,0xce8e9af044c4427862c1a678cacb96956b9cacd466afa9072c8bf7885a9a79ae,2026-04-12 03:52:27,0x01f4341902cdf327c4fc57561ef890412e0e8148a63040559d30c78006d8805c,btc-updown-5m-1775955300
"Bitcoin Up or Down - April 11, 8:15PM-8:20PM ET",Down,BUY,356.68,0.5,0x8734c2aa5b78b9336982cd1fa9683265878462563249ecd5d1b4b08ed9263f69,2026-04-12 03:12:21,0x2831dee8b2e149629d0b897a0e5afc2deeb514a7d433359a8d08d4219be67c79,btc-updown-5m-1775952900
"Bitcoin Up or Down - April 11, 7:30PM-7:35PM ET",Down,BUY,385.257011,0.5004624360513162,0x527837d0527be70c4c3cb75efbd74df4e18ef9f9d6854dc85647c930b58fa6cd,2026-04-12 02:26:39,0xe26847685f71ac90823467777acde9e761a01fdf14354bc2a6c7f6ab47ff4c5b,btc-updown-5m-1775950200
"Bitcoin Up or Down - April 11, 7:15PM-7:20PM ET",Down,BUY,424.400589,0.5115132296225023,0x862120f2866c0ddff7efa2ca1c678e2dd31ec60c53b614287d669482a6d47c1c,2026-04-12 02:12:21,0x115c5331715853f2d250a30f940d3a22a48f0270e1bcfe861406f1fdb4a58a2b,btc-updown-5m-1775949300
"Bitcoin Up or Down - April 11, 6:20PM-6:25PM ET",Down,BUY,425.200069,0.5105133636414455,0xfc093369a40a6ace1474513233509e849c0b6b1f3a57979482746920906d779e,2026-04-12 01:19:33,0xfc8a35a8d2139c7d177534562096ee43e6359b808e054c5e42424bfd5201efd4,btc-updown-5m-1775946000
"Bitcoin Up or Down - April 11, 5:45PM-5:50PM ET",Down,BUY,275.18492599999996,0.526505058067436,0xd73738ae9d44914d4ea397c4f6a024df8c4a60c50ee6061340ca65a361281e7b,2026-04-12 00:43:43,0xc4c58b700b10578c471fa7ab567e572278d091747cd37790e489df7f25dc6a13,btc-updown-5m-1775943900
"Bitcoin Up or Down - April 11, 5:30PM-5:35PM ET",Down,BUY,254.9681,0.510829660783372,0xa59184a65a0c68fa6ceb64a48d6c2f0c96121215066a17de8cbb7697292684c5,2026-04-12 00:29:25,0x6c0400fe5fba01d2a79cdb95033c6ef6f92a90ea69b3ababb7c61de5a5473c70,btc-updown-5m-1775943000
"Bitcoin Up or Down - April 11, 5:15PM-5:20PM ET",Down,BUY,335.472,0.5,0xb10816656d41f733898430fbe7938a70070d9ff37349fda70cfe202cb0b8e8e9,2026-04-12 00:11:19,0xc7517bae7b053a4bc33f864ebe3c41335a7f276627d2d3f46c4659c7ddc822f1,btc-updown-5m-1775942100
"Bitcoin Up or Down - April 11, 4:55PM-5:00PM ET",Down,BUY,94.783451,0.524821738604174,0xf87f8649616947e59a5888e563e0eaf2faa50d2aeb6079765c2ec5aa5a378d7e,2026-04-11 23:52:51,0x2dc141071e246d157a30c7c30517fe715ceea585ad49b4e41b587df3cf55d422,btc-updown-5m-1775940900
"Bitcoin Up or Down - April 11, 4:55PM-5:00PM ET",Down,BUY,378.20673,0.5061670279229886,0xf87f8649616947e59a5888e563e0eaf2faa50d2aeb6079765c2ec5aa5a378d7e,2026-04-11 23:52:51,0xe9cf65ed6700a159dcd6d3e6c2da9684289810129cd9d91ea903eea602196f52,btc-updown-5m-1775940900
"Bitcoin Up or Down - April 11, 4:45PM-4:50PM ET",Down,BUY,306.552,0.5,0x755a12d80becf73bf8bccaf729830f7f71231347bf23e2ecc4ffe5840f81c1cc,2026-04-11 23:41:45,0xa6cd5c3e6660a35065a7125f1e16a4a5345939cefabfbaf4c377319ee688a36a,btc-updown-5m-1775940300
"Bitcoin Up or Down - April 11, 4:15PM-4:20PM ET",Down,BUY,279.139507,0.5151492980293841,0x26c5d7a0c56927d37ee3b68617c43e906800a4afb0d75bf04c3d4ed739ac7dac,2026-04-11 23:11:09,0x6000466e746a2749d4ca67dff292faab8c5183e6166da6f3f247fe3dcdb42aa6,btc-updown-5m-1775938500
"Bitcoin Up or Down - April 11, 4:00PM-4:05PM ET",Down,BUY,479.707891,0.5028372274603171,0x47d7a1ed405eaf8917fd51fe3d117f37a2a99674e75072332553343c570c6714,2026-04-11 22:59:37,0x3543ae7730a509757e2b69cf52a9fd4ec25d33b24f3e8e80fee30053e9d4796d,btc-updown-5m-1775937600
"Bitcoin Up or Down - April 11, 3:50PM-3:55PM ET",Down,BUY,468.807587,0.5146319762664412,0x7cecf4fbceb54bb84b0bcd828f2a882f42c8372408b576b87b4afb4056989d2c,2026-04-11 22:49:07,0x6d9c71c8590d72787d966bf7377a949dbe3ad276b16370af6058055cf64780b9,btc-updown-5m-1775937000
"Bitcoin Up or Down - April 11, 3:40PM-3:45PM ET",Down,BUY,370.42537999999996,0.5077649473242037,0x96c7bd990b96206e78c268084a746e349152a27bed51119c0a8f533bedeba2ce,2026-04-11 22:36:23,0x0aaf7baa8848cae1a8f2b67faf03d17cfb49bbf9a4fe0838d45ab9015721c33b,btc-updown-5m-1775936400
"Bitcoin Up or Down - April 11, 2:50PM-2:55PM ET",Down,BUY,525.11449,0.5425230202578268,0x383b80e0b89018b4a2ee9b59759a984e099672f6529b26b29d470075e5ac4125,2026-04-11 21:48:43,0xaf70488690607c9a9dc2cbef9b98a830145b623e31e71ff7eb4163a915456211,btc-updown-5m-1775933400
"Bitcoin Up or Down - April 11, 2:50PM-2:55PM ET",Down,BUY,170.056626,0.5631654663196349,0x383b80e0b89018b4a2ee9b59759a984e099672f6529b26b29d470075e5ac4125,2026-04-11 21:48:43,0x378522f862710f340946b8c933d674f7fab8e775ca8bc972193862be016a9a3a,btc-updown-5m-1775933400
"Bitcoin Up or Down - April 11, 2:30PM-2:35PM ET",Down,BUY,569.884827,0.5434669912371565,0xa16d41662e20cc0fa84eefe585e227b71c96d757c42be8570c5886ab2dbb9a56,2026-04-11 21:28:49,0x1f3bed59cca4feb19eeafccceea635ffbb2204b5d5412587f5b49f62a819884f,btc-updown-5m-1775932200
"Bitcoin Up or Down - April 11, 2:20PM-2:25PM ET",Down,BUY,443.44,0.5,0xb8b003f9f01d79fae8007b0ac79e232ffccdbb9961f6f6508d869a9c85d023a6,2026-04-11 21:16:59,0x4038e549f94bdebe1475150be5ee2bc1637605d51efc82989a8f22f567330dda,btc-updown-5m-1775931600
"Bitcoin Up or Down - April 11, 2:05PM-2:10PM ET",Down,BUY,305.562318,0.5016824821386521,0x9c8e73a8e91b81109777eb50a9b7e4987a98a0ac51e06b27069287af005fcfa2,2026-04-11 21:03:39,0x6751495024899855f2e5e2ae106496f0230b9ad27b98f7b843900222fe271a67,btc-updown-5m-1775930700
"Bitcoin Up or Down - April 11, 12:55PM-1:00PM ET",Down,BUY,458.515422,0.5266558052262676,0x94c477f2def5f42b8a04b1fba28140ed2dbb85a54c1be0fe6967e54d500949e2,2026-04-11 19:52:21,0xe5d94fed3c74763aa947359801f5cd9e3fede1f5a346644c7716fa9a3e779940,btc-updown-5m-1775926500
"Bitcoin Up or Down - April 11, 12:45PM-12:50PM ET",Down,BUY,379.720508,0.5080470332062439,0x88f706e3a9c06a29f4ef72ccbc4ba6b272ced1a2eb80ced0c1188cfbc6ce0c35,2026-04-11 19:40:47,0x68c505e812b939c4d87eb1731585bcfbb823318f1dd72f62c9c7e737d729a2c1,btc-updown-5m-1775925900
"Bitcoin Up or Down - April 11, 12:15AM-12:20AM ET",Down,BUY,385.6,0.5,0x4cd68d395b56c8cf1a43919be2d68c5341cbe24b090a970c65423b1936915d8c,2026-04-11 07:10:23,0xd6bf106d01260a49774fa2ebd7223125e5e4d0df4e124a40b26db1ab7eb6b385,btc-updown-5m-1775880900
"Bitcoin Up or Down - April 10, 11:50PM-11:55PM ET",Down,BUY,385.359,0.5,0x01bba2c8ae695766a4b621f6a799217f9e787281798ce39452e060388a799ffb,2026-04-11 06:49:51,0xf37ceaba69d11b23df79be8be580b706c2e3bd346a01ec4551aa3e61190b9703,btc-updown-5m-1775879400
"Bitcoin Up or Down - April 10, 11:15PM-11:20PM ET",Down,BUY,368.94308900000004,0.5234906743630197,0xba14805730296f1856bf23de7347f2cbf06dc85275bc3134cfe71a3e86936dc6,2026-04-11 06:14:45,0x8c0a1714139416a15665bd1880b0cdd8ae29bb99c122c4de6ff5235e45ec351a,btc-updown-5m-1775877300
"Bitcoin Up or Down - April 10, 10:45PM-10:50PM ET",Down,BUY,236.36316,0.5,0xdecac661b783873d1b617f6a2dce098d9e77802f7e3dc646d5d53a42dded0d04,2026-04-11 05:42:13,0x3acb46a1eea6c0cc896af6bee1c39e7a03be0e575afe8025f1fd19f1ab35be98,btc-updown-5m-1775875500
"Bitcoin Up or Down - April 10, 10:45PM-10:50PM ET",Down,BUY,339.97526,0.5031503271547798,0xdecac661b783873d1b617f6a2dce098d9e77802f7e3dc646d5d53a42dded0d04,2026-04-11 05:42:13,0x0877b825fdcb3bb9a43708a9c61385a2d86c2e685a54d665782e44264258e2b0,btc-updown-5m-1775875500
"Bitcoin Up or Down - April 10, 10:30PM-10:35PM ET",Down,BUY,346.008492,0.5131378431709741,0x4c12af1812b42471f84a3bef0f5f9891e6f6c7f11d3cacc983dcc13d17f667b5,2026-04-11 05:29:23,0x939e2e5905f810040749b1443dc541062737217de75c1cea2cb399662fdef3b5,btc-updown-5m-1775874600
"Bitcoin Up or Down - April 10, 10:20PM-10:25PM ET",Down,BUY,383.734364,0.5025256739488684,0xa8340c1fce9604b14e689a92be413df6482f037b2c241983e25f5d732d6b48e0,2026-04-11 05:18:05,0x3d98c37b8aed92df8754a107c273fc7cfc9b32c425cf96488c0c982efbc830e0,btc-updown-5m-1775874000
"Bitcoin Up or Down - April 10, 10:10PM-10:15PM ET",Down,BUY,401.06667500000003,0.47999999952,0x5fd8fb3542954677b605f23e9af017a60615566ca66a59fcbbeb03111cbe5c76,2026-04-11 05:07:21,0xf3fbc3b1a6a34dc284547aed5d97c985ee8aed6b16d278ad56d29ab6abf090bf,btc-updown-5m-1775873400
"Bitcoin Up or Down - April 10, 9:00PM-9:05PM ET",Down,BUY,84.51388,0.5,0x474b28382bcbb19ba3ff482ec16ab6f72114fdd735805d2e1915d1475e6a33f8,2026-04-11 03:58:39,0x0fbf9c163f6751654f1bf80916eb61cacd981dd09c59e3ca90d115f36139547c,btc-updown-5m-1775869200
"Bitcoin Up or Down - April 10, 9:00PM-9:05PM ET",Down,BUY,274.09412,0.5,0x474b28382bcbb19ba3ff482ec16ab6f72114fdd735805d2e1915d1475e6a33f8,2026-04-11 03:58:39,0x4caf77e8568a505072869d057929b9dcea69db1b4c46322165d85d557a15ed2e,btc-updown-5m-1775869200
"Bitcoin Up or Down - April 10, 8:40PM-8:45PM ET",Down,BUY,361.90488,0.5,0x936fa31682cfdc92480f897c597c74e6fcd2ef220dc0496b8a0848ffd9243cb4,2026-04-11 03:38:35,0x15cefd22007aaf9fe69d658b149b6cf6394b222f351e3b927e0a55249d42f89f,btc-updown-5m-1775868000
"Bitcoin Up or Down - April 10, 8:40PM-8:45PM ET",Down,BUY,23.69512,0.5,0x936fa31682cfdc92480f897c597c74e6fcd2ef220dc0496b8a0848ffd9243cb4,2026-04-11 03:38:35,0xc32f4a8b8a734812867a064fc071a3efbcaabff50742ffc1e450e0694f369093,btc-updown-5m-1775868000
"Bitcoin Up or Down - April 10, 8:25PM-8:30PM ET",Down,BUY,29.14172,0.5,0x036d0b10adf0c95d529df1c1ccd3999ef2fbfb3ecd6c0e46418916e5f4de713f,2026-04-11 03:22:43,0x86b6b52e4621a7a0172875c1a173cbdc2af48d2ec31d99fc5f07280ae1867398,btc-updown-5m-1775867100
"Bitcoin Up or Down - April 10, 8:25PM-8:30PM ET",Down,BUY,356.45828,0.5,0x036d0b10adf0c95d529df1c1ccd3999ef2fbfb3ecd6c0e46418916e5f4de713f,2026-04-11 03:22:43,0x33e4e31e50b23fe7d3c2c7929b29c45c11fd142f4768e80e905f88bc9606603c,btc-updown-5m-1775867100
"Bitcoin Up or Down - April 10, 5:40PM-5:45PM ET",Up,BUY,272.387895,0.517374852736423,0xddcf6c843492418ae660d2ec4c831a1bfb725f1a87183af1b72477a210313521,2026-04-11 00:36:47,0x5f08923d2be6fd33c2003f1c6cb80e9fe0527e0d83f5b015686c8cb533c20edb,btc-updown-5m-1775857200
"Bitcoin Up or Down - April 10, 5:25PM-5:30PM ET",Down,BUY,295.07387000000006,0.4896686444927294,0x83f7577f1c507438d884a3391dc56445b6654fcf63bddb330d496e13c363aa39,2026-04-11 00:24:33,0xe274384d02ee541d09a3fc996d93c6b5cc00f10b315923b8371686fe1436d16b,btc-updown-5m-1775856300
"Bitcoin Up or Down - April 10, 5:15PM-5:20PM ET",Down,BUY,287.104539,0.5037919395163246,0x600d71b572e385712916f762717ea2f0199b2d27c910b3e62edaeb0b7f2ded1c,2026-04-11 00:14:31,0xe8987879892efd1efe727b5eb2dadb119a279f1e78c9aa86843dbcd41634d357,btc-updown-5m-1775855700
"Bitcoin Up or Down - April 10, 1:25PM-1:30PM ET",Up,BUY,310.223686,0.5099999991914634,0x8db0d7477d92fbfa14c815baf795ea46edc2b5e21f22b51d970f108946c82937,2026-04-10 20:20:41,0xcd70b8e3646c119dbc8eabd846bb75cbdb07d0e7a6728f130b24bccad85bf6c0,btc-updown-5m-1775841900
"Bitcoin Up or Down - April 10, 10:50AM-10:55AM ET",Up,BUY,291.70116,0.49211818234663085,0xd1f4433ed9af5286f0c7ed539689aabc102324317ab01e7220e91d0088f3b97b,2026-04-10 17:46:59,0x485b7a207df18a16cf6227b8d007aa21bf0f6220b01961a4192cef5f947be8df,btc-updown-5m-1775832600
"Bitcoin Up or Down - April 10, 9:50AM-9:55AM ET",Down,BUY,328.36246,0.49904711357020654,0xeaf1e4a3268b4bc816be3533c56b740cbc8b3f89672b226a69ec2bfd3fbec25f,2026-04-10 16:47:03,0x7ca69e2be010daead29d1a79fc8dc7238ceb3a522daacdf409654bcb03689694,btc-updown-5m-1775829000
"Bitcoin Up or Down - April 10, 9:30AM-9:35AM ET",Up,BUY,281.064672,0.507912706909396,0x9fd41852ee2c333b5a4ea37ba8131067212c49d045a67b082667ed3cca34452b,2026-04-10 16:27:49,0xb5cee75e1a30554f86b9a56905e603464374bd14210f77468bf00f155e5d56c9,btc-updown-5m-1775827800
"Bitcoin Up or Down - April 10, 8:45AM-8:50AM ET",Up,BUY,266.709342,0.4799999987007519,0x152ac95cc1de68e9d1767f008234b3dfa4c593641d182b2da84b55f7639fd4ba,2026-04-10 15:44:13,0x0587d541f8ad0d639077e47dd4c54694e4567e065989cc847462730868efb6e7,btc-updown-5m-1775825100
"Bitcoin Up or Down - April 10, 1:25AM-1:30AM ET",Down,BUY,734.9557599999999,0.5254442322567067,0x140c4fcedfe7eded199b0861859b46f8f84c9b7f5ba083612c9b7c41abf0f321,2026-04-10 08:23:29,0x3c573694b531dad14909081ae264a13ac93b93bfcc520cd99004d66a9524c345,btc-updown-5m-1775798700
"Bitcoin Up or Down - April 10, 1:15AM-1:20AM ET",Down,BUY,369.667329,0.4226062052762883,0xb608b00c9ee84bee5af730f06f0df417a200b9a18a125394ed4455ed60586aa3,2026-04-10 08:14:53,0xe7ced0e94489d14c82475c1895313655773811cf37ab770078f57c5d8e4fbe6d,btc-updown-5m-1775798100
"Bitcoin Up or Down - April 10, 1:05AM-1:10AM ET",Up,BUY,325.84924,0.41143970188019424,0x61ff144fceefee8fac2b3eee05e001982e6db01a9ff3dfd0363135b74df03e8b,2026-04-10 08:07:49,0x572e4109009bb42c88e0fdb98d8039bdb921cec9b4d27ffc378f12db518054b3,btc-updown-5m-1775797500
"Bitcoin Up or Down - April 10, 12:30AM-12:35AM ET",Down,BUY,64.59160399999999,0.5099999964154346,0xc5dda370d2daf019a6f379318698b0e792624775522a2f8b4ca02185ba393a38,2026-04-10 07:32:33,0x0d0de00ebeee5f7bd09950ada17c3fb2147eb07d84d1936dda2c357769327e63,btc-updown-5m-1775795400
"Bitcoin Up or Down - April 10, 12:30AM-12:35AM ET",Down,BUY,300.64405,0.4923377663835924,0xc5dda370d2daf019a6f379318698b0e792624775522a2f8b4ca02185ba393a38,2026-04-10 07:32:33,0x51afac33acc88c5a8222c524c93c470484c32177b51d04c0ae8c5e98b2620e37,btc-updown-5m-1775795400
"Bitcoin Up or Down - April 10, 12:30AM-12:35AM ET",Down,BUY,337.6063,0.462030124426981,0xc5dda370d2daf019a6f379318698b0e792624775522a2f8b4ca02185ba393a38,2026-04-10 07:32:31,0x726803e4e63a0a9204549a0a2077a934ba8a15a1bdeec80826c86920121b4357,btc-updown-5m-1775795400
"Bitcoin Up or Down - April 10, 12:20AM-12:25AM ET",Up,BUY,291.72416000000004,0.495507399577167,0x891366b04a282590a87900ef2706f9b23e0d5de8013ac2db0d1cc76a1f4d492e,2026-04-10 07:19:39,0xb8fd8317be8cc4c7e622247f337456a7b8be822fc6289c1c4ff51be62c8b7e67,btc-updown-5m-1775794800
"Bitcoin Up or Down - April 10, 12:10AM-12:15AM ET",Up,BUY,262.933498,0.5099999993395683,0x5ffc5d59498e20480e09511e666ed831d551429475639c4e05cdf0f77a084d0b,2026-04-10 07:08:39,0x16647d91f2baaef690b554abb09d617562971a4b6012c5c351ad3b8b822f59f2,btc-updown-5m-1775794200
"Bitcoin Up or Down - April 9, 11:55PM-12:00AM ET",Up,BUY,275.437695,0.5212076857836867,0x622d1d88c54180f3d3399117de16ea8dd6a088ff34d5c0408967d222a10b881d,2026-04-10 06:52:17,0x0e14f5e6de36840db56025424de341e2af2001177db8a1f688a4087409c36338,btc-updown-5m-1775793300
"Bitcoin Up or Down - April 9, 11:55PM-12:00AM ET",Up,BUY,363.61262000000005,0.51,0x622d1d88c54180f3d3399117de16ea8dd6a088ff34d5c0408967d222a10b881d,2026-04-10 06:52:17,0xe1bbaea9ca87fe9a12f5cf8236ba6e0c8eddcc84468d0995e83dc893e661faf0,btc-updown-5m-1775793300
"Bitcoin Up or Down - April 9, 11:20PM-11:25PM ET",Up,BUY,556.9706160000001,0.521546593736799,0xa27e18582fb03fc8d0020a3b9e841487b313734a7e157e8acd2abb9ab63c2693,2026-04-10 06:18:29,0x82ebc4bedb1a82861af852059367fccd3ff50402d6e6f9aae7a225c0c09fa34a,btc-updown-5m-1775791200
"Bitcoin Up or Down - April 9, 11:05PM-11:10PM ET",Up,BUY,281.867015,0.5135261469970317,0xd29e54c5d1722c20762fb2c5407ddde6cc44ef0772fe851f8827d8242855c5d2,2026-04-10 06:01:55,0x54b33420fe645125675270c49cdd50fa75bdd458f4e46c3f4f1886a78016654b,btc-updown-5m-1775790300
"Bitcoin Up or Down - April 9, 10:55PM-11:00PM ET",Up,BUY,279.62161999999995,0.517815508270791,0x10e97f76a2f2bfbc334b494532ff1658ffb547041ab423a2814e929459a53418,2026-04-10 05:54:03,0xe9797f62b863166e9cb384641f358e6992731794bb80d48ba376a011a896373d,btc-updown-5m-1775789700
"Bitcoin Up or Down - April 9, 10:30PM-10:35PM ET",Up,BUY,289.2,0.5,0x92934b643ab942e8d50fbb17d922a84fccec6e4f463457f21c98665629d5ec33,2026-04-10 05:28:37,0x8a10b3fa393574457a78d195ebaaabb376577574fa35c03a31971ea4ec060440,btc-updown-5m-1775788200
"Bitcoin Up or Down - April 9, 9:45PM-9:50PM ET",Down,BUY,536.64496,0.523023590592554,0xc499ccce14d02e3caa5573c418e389c1c76995cf50c3d9b544dd1c9db4204f5f,2026-04-10 04:46:03,0x14031d285d3ee65f66ab2fb3a9690d6c16283d2b4a51e2f826d26f718b059c4f,btc-updown-5m-1775785500
"Bitcoin Up or Down - April 9, 9:45PM-9:50PM ET",Down,BUY,196.001046,0.5395067134315681,0xc499ccce14d02e3caa5573c418e389c1c76995cf50c3d9b544dd1c9db4204f5f,2026-04-10 04:46:03,0x1d731e7053d40473abbf643c720a8bd3c27fc4d5cd4600d38a76a3fae985125b,btc-updown-5m-1775785500
"Bitcoin Up or Down - April 9, 9:35PM-9:40PM ET",Down,BUY,385.6,0.5,0xfdb2b251c722cfae4d6800d65676d379f09d94c09b5260fac7f7e70a3b888d53,2026-04-10 04:32:37,0xb4a06f06f790d6f0de4a3e64181f7e1e2be6f47d3b4292d5aac316cb0d579618,btc-updown-5m-1775784900
"Bitcoin Up or Down - April 9, 8:55PM-9:00PM ET",Down,BUY,252.568,0.5,0x6ab32e209abd7d9c6d51e5e303746df2ff0a8f8baefc2ddbf7e5e61fbefa3777,2026-04-10 03:51:03,0x9122391dddb5b629592d4d69319cebb30503941564c2c51d9937b9f8a51a0881,btc-updown-5m-1775782500
"Bitcoin Up or Down - April 9, 8:25PM-8:30PM ET",Up,BUY,280.699806,0.5264832283467271,0x335c386c82c5741baac4a14a4b7b8589c5df066e74aa6f413b9e7c6d3e25c92c,2026-04-10 03:23:47,0x561018a3b6fb94ca278c9e85d0ac0d8ec4e26d8489f1860fdba0ff25c6dc4d91,btc-updown-5m-1775780700
"Bitcoin Up or Down - April 9, 8:10PM-8:15PM ET",Down,BUY,603.13164,0.4785323780040213,0x36d9a1e64ff9cb8e65988c6b8df915af78f2c6390e9a49a93e82111a68870c3f,2026-04-10 03:08:53,0x4ad4ef2e90fc122d763128e540cc13b8f9c271d0fa7c3b743273cb4b33b13899,btc-updown-5m-1775779800
"Bitcoin Up or Down - April 9, 7:55PM-8:00PM ET",Up,BUY,330.213264,0.5265194140842786,0x63ab3b3224e91e45f2691a418648478b85cdc4b2a7c175cf9e394af23fdcf103,2026-04-10 02:52:15,0x0920055c3c3e15d56baebf6bf54c09f81799949ad884f9df248cae6cd405168d,btc-updown-5m-1775778900
"Bitcoin Up or Down - April 9, 7:40PM-7:45PM ET",Up,BUY,285.80078299999997,0.4017884467760198,0xa1bbbdc8350c825d7b0e7ef9df26d286abc65ac38c813661a939eecaa2833a52,2026-04-10 02:40:51,0x074850321dedc06c8bb6c5d46995b9ccbc92e4fc179eb02078dea461a3b0c7a3,btc-updown-5m-1775778000
"Bitcoin Up or Down - April 9, 7:30PM-7:35PM ET",Up,BUY,302.65725899999995,0.509999998756875,0x719e3a823a2dc70b4929a638adf52d274f6fd231d18f3187f42cc27b3c713539,2026-04-10 02:27:39,0xa5979cf37b1a0c1fcbe34d64de1d5a75f66a8b461cf4778914c49a09a5ed60de,btc-updown-5m-1775777400
"Bitcoin Up or Down - April 9, 7:20PM-7:25PM ET",Up,BUY,204.646816,0.469999998496,0x2bd06713327d38aeb03a515a6e859bcb088df933cea4facf7f0f854369871642,2026-04-10 02:23:23,0x043570a2951f322a3451711ae2121f12242d501f715e830d00d3d650258ea10a,btc-updown-5m-1775776800
"Bitcoin Up or Down - April 9, 7:15PM-7:20PM ET",Down,BUY,269.92,0.5,0xd09ce5fda7a45deb24da2a340055b354f8e070985c11f4e545f897de0902a626,2026-04-10 02:11:41,0x00e0e8cb08d8919be1d932bb609e3291fdc60318a1ddaab9e878311f8f51d63f,btc-updown-5m-1775776500
"Bitcoin Up or Down - April 9, 6:45PM-6:50PM ET",Up,BUY,258.140592,0.5120740636122029,0x8a1f44a0ae63e93ae7f71d2fbf996fb14374cc9d3f42495c94fa06c1f959d4c1,2026-04-10 01:40:25,0x98dce614d3208fcae050e12cc2acf70b87caaa1d3fc7bbef122dd268ad10b344,btc-updown-5m-1775774700
"Bitcoin Up or Down - April 9, 6:25PM-6:30PM ET",Down,BUY,238.40684,0.5,0x9e869e862d0e861ea8572d0273b70d52f3c15520ba73a805390714c87126b7a9,2026-04-10 01:22:43,0x94f87878351e44716b5bdf11f1ff60f69cb6dbbe28041920683719ccec086f4a,btc-updown-5m-1775773500
"Bitcoin Up or Down - April 9, 6:25PM-6:30PM ET",Down,BUY,48.865159999999996,0.5,0x9e869e862d0e861ea8572d0273b70d52f3c15520ba73a805390714c87126b7a9,2026-04-10 01:22:43,0xdaf7da9e6121c6cc0e131dccb71c8c46d78edd4bcfb39edf74f5b989a3e33fc0,btc-updown-5m-1775773500
"Bitcoin Up or Down - April 9, 5:45PM-5:50PM ET",Up,BUY,287.52439400000003,0.5099999995302632,0x9ad12371aa86aa9a06001488095deb05cd2adec006205f8668a7eb21a314b6ee,2026-04-10 00:40:43,0xa011a8617fdee0d51e8824790c1616dc40af54c46d2b101d4d1746b8a68e18cf,btc-updown-5m-1775771100
"Bitcoin Up or Down - April 9, 3:55PM-4:00PM ET",Down,SELL,302.54,0.999,0x911897f56ef1e3ed8e858df66c1ac8d730d26b5bfccd4a21ee62b64b590aa2a6,2026-04-09 22:59:51,0x8b1e55c35992f9061f6c0e57d2dbdbaa935227ab167c4d9e0d1e22fcb2b8eae5,btc-updown-5m-1775764500
"Bitcoin Up or Down - April 9, 3:55PM-4:00PM ET",Down,BUY,302.5425,0.506886948684327,0x911897f56ef1e3ed8e858df66c1ac8d730d26b5bfccd4a21ee62b64b590aa2a6,2026-04-09 22:50:45,0xd98bce383d5ae49cbde2f74d9de34a26f52d002f9faa92b94dd9b47893748c65,btc-updown-5m-1775764500
"Bitcoin Up or Down - April 9, 3:40PM-3:45PM ET",Up,BUY,289.2,0.5,0x17ed556cad876956098d4f1573bf0aa8439a7b243d373dba2ad5acd0a2b001e6,2026-04-09 22:36:11,0x0b044f7d4b4cba463dbde654168ba70954107c32a94a2bf34febb41d9a147739,btc-updown-5m-1775763600
"Bitcoin Up or Down - April 9, 3:25PM-3:30PM ET",Down,BUY,294.984,0.5,0xcd5bd879dfa53985e1b060cc60342dc4fdaa833e8dfbf17f116b7a82a99ed7c7,2026-04-09 22:20:53,0xae3e1df24ddfe5a63cbb156e8f7d9e8b638223085b4bfdb8fbda8ac02dd9dda6,btc-updown-5m-1775762700
"Bitcoin Up or Down - April 9, 3:05PM-3:10PM ET",Up,BUY,262.933498,0.5099999993395683,0xf640fd44dc05777fb345130fe5f5dbe1f92fb09d49d63ca2df01fec29f510863,2026-04-09 22:01:41,0x827fcab54db299320824bd21aa758e26f588b39a2989208f34fa0ac64d8b2d05,btc-updown-5m-1775761500
"Bitcoin Up or Down - April 9, 2:45PM-2:50PM ET",Up,BUY,309.04992999999996,0.46672267338747314,0x1a574bcfffaafeb61ee716d6fd44059f5140900b278d9df7aaa44b9b65ceb98f,2026-04-09 21:44:59,0x79820e8889ff186598061362ec6597749a46a63c0e38d7788c667f62765bbb5b,btc-updown-5m-1775760300
"Bitcoin Up or Down - April 9, 2:05PM-2:10PM ET",Down,BUY,292.778675,0.47999999934246573,0x90af54384fad929271f906eae79758e2203e3db170225729b9489f040069152b,2026-04-09 21:03:27,0x218e1b77be99e6c561167326c9c0e9ea81ca1c840dc550706059b9dea5760e0e,btc-updown-5m-1775757900
"Bitcoin Up or Down - April 9, 1:20PM-1:25PM ET",Down,BUY,265.656558,0.508340838380698,0xff3ca00ed060b8ab2c57f538ff920c7c750994b5e2b83f1f5dcc78046ced4077,2026-04-09 20:16:45,0x8dc085819811cbccc1c06aa1a7f23c5fdd71e0eac3be172914857beca3193f19,btc-updown-5m-1775755200
"Bitcoin Up or Down - April 9, 12:55PM-1:00PM ET",Down,BUY,264.673586,0.5065152473698776,0xd56e70d638a418d321c69101fd67bb4080d3de7a5669a70d2d70e8782a6df860,2026-04-09 19:54:23,0x2c63305b9b66a668c6584e3ddbd88605415647e694f8fb714effef4e17d73f75,btc-updown-5m-1775753700
"Bitcoin Up or Down - April 9, 12:35PM-12:40PM ET",Down,BUY,248.78646599999996,0.5199999995343284,0x5c78d0b1bc81af68086c06fb137dd9cff88bd1ef541193443e6c9fb61b7ff6d6,2026-04-09 19:32:21,0x737601c575dfd9811266427e1b9b54e6ed2728c46e263d42a76b2a49fb3c6407,btc-updown-5m-1775752500
"Bitcoin Up or Down - April 9, 12:05PM-12:10PM ET",Down,BUY,253.47545699999998,0.509999998211194,0xbcc00d5064f884fac7692a2ba6cd32f97b03042a99e68d0b00e45742f0901618,2026-04-09 19:02:37,0x7c3a94d2acbdf0da4e201eaa56e5e4b21bf231386771aa1e672828165019c447,btc-updown-5m-1775750700
"Bitcoin Up or Down - April 9, 11:25AM-11:30AM ET",Down,BUY,645.347725,0.5231855981686648,0x8a274561bc46ec7526f06a931b25832b0fb499141cc5c1b3802ba52cce56f781,2026-04-09 18:23:03,0xb84bf2e4e2ad4f0f177903fc20b435d8dea6c0e7d0eaa636789ef77a39305904,btc-updown-5m-1775748300
"Bitcoin Up or Down - April 9, 11:10AM-11:15AM ET",Down,BUY,296.982436,0.5099999988305732,0xf85f786aedbaad170baa11c017275f1faa414c15e32494d994ebde0da8098367,2026-04-09 18:07:49,0x1f1fd038715cb919dc939564f56b8f6fb576c94ee150b5af8ab04498f170063b,btc-updown-5m-1775747400
"Bitcoin Up or Down - April 9, 9:40AM-9:45AM ET",Down,BUY,506.63890200000003,0.47646219391093203,0x5b1f735dbb94074a3227058f51e0aa6a0ea7c03239ab1d49b5de8c5327c9cab4,2026-04-09 16:39:55,0xed468be788ee49a3fd17f3a1ae45b70c22d983269a7a6cfcf8006f32d32e252e,btc-updown-5m-1775742000
"Bitcoin Up or Down - April 9, 9:30AM-9:35AM ET",Up,BUY,278.66008,0.5193178589987875,0xe9bb0e724dc8fc8fbfb4fcb2971b358fc7ba3fd96d76be1ed88c7d6e3affa23c,2026-04-09 16:25:43,0xdc89e418be8da3c88e972e91ddc2fa0072110feff7edd724fe79a69665b4615b,btc-updown-5m-1775741400
"Bitcoin Up or Down - April 9, 9:15AM-9:20AM ET",Down,BUY,297.047824,0.48292850009498456,0xaefa1c878e8bbbfffb559408c4c80076d4b1cac6d6e69bdc53bc976710ea5fcb,2026-04-09 16:13:41,0x27574e92a22175522af9e9ed2900ffcd5459fcd3e7290f913bf4a05e0fc23ac6,btc-updown-5m-1775740500
"Bitcoin Up or Down - April 9, 9:05AM-9:10AM ET",Up,BUY,289.52225300000003,0.4994219108106842,0x72bb98b90f4c09aec9288f5e6682d3be2974cbf6e047d61215f47861b7a5a47c,2026-04-09 16:03:25,0x8089743c1b7cdea8d702b98b3c53a0d936d32ce68e371a1acf31e726c2b45d2c,btc-updown-5m-1775739900
"Bitcoin Up or Down - April 9, 8:55AM-9:00AM ET",Down,BUY,283.741176,0.509999998436,0x79d40b42213a2ae4ccb5de9aa84866d2605663a28efc6fd22741d21784feca71,2026-04-09 15:52:07,0x3ed9d860b4af80f45f407433dee5c36a2191cd11cbaff5409dec1bb4d4e51528,btc-updown-5m-1775739300
"Bitcoin Up or Down - April 9, 8:40AM-8:45AM ET",Down,BUY,252.42511000000002,0.5042624849757474,0xc3879e805d58db2a5d5ff266866937a7a249e1ab2af43a1e89966ccf3b3994d5,2026-04-09 15:37:53,0x604e193cd47539cfbc4c5e10e640b6c52ca2dc444824e6c5ce2cf0781ce99d63,btc-updown-5m-1775738400
"Bitcoin Up or Down - April 9, 1:20AM-1:25AM ET",Down,BUY,381.448931,0.5056546564103013,0x062f24d39296718fc83b3dff6500ea921b0f8b33ffdfdf009ddc302190114848,2026-04-09 08:19:31,0x078f02c0ea93dec4214cbddefbea48978cc4328d745dd13050d97026b65a31e3,btc-updown-5m-1775712000
"Bitcoin Up or Down - April 9, 1:10AM-1:15AM ET",Down,BUY,313.724855,0.5072804787141344,0x37d8d8eac819bc36592f5e6b047197edfce53cf29915db9eac3400b7dd6efca3,2026-04-09 08:08:45,0x79a843d8f0eed751eca0ae2635e8f5f88c1877db9b91c9d901aca3868e494225,btc-updown-5m-1775711400
"Bitcoin Up or Down - April 9, 12:45AM-12:50AM ET",Down,BUY,264.589815,0.5066819188860929,0x6625eafad3bb6318cb7ac99430e4e718054eeaae04d88ee44c06301d64c3d7cc,2026-04-09 07:42:23,0xdfaf5ff7b6f8fed8f8e2e1fcb1f120ca3736dcb30a9032b940b92092c44912ba,btc-updown-5m-1775709900
"Bitcoin Up or Down - April 9, 12:30AM-12:35AM ET",Up,BUY,299.150489,0.5128631381904025,0x862e3a7033671d8a41a182e638575dd4ca3e3ca12c846031faab253d29ca3694,2026-04-09 07:28:13,0xa0506e60fd182adefbda2fad91da79560b57b89f721a7120178bb7061622c84e,btc-updown-5m-1775709000
"Bitcoin Up or Down - April 9, 12:20AM-12:25AM ET",Up,BUY,260.327986,0.503751993024398,0xde74ffe0db1d89b7700cfc13d66241b4bdd0697464ea0df619ad980b34682ae2,2026-04-09 07:17:25,0xd2bbaec034565a9afcc6c2dcb6d8e483552630ffe82045966382239b281d37d6,btc-updown-5m-1775708400
"Bitcoin Up or Down - April 9, 12:00AM-12:05AM ET",Down,BUY,317.459846,0.5010801648520954,0xe4730967bb2727de1961ab544023c6c98dd7aa78edad99d469fed3e39665fc9a,2026-04-09 06:57:23,0x5722f7d14d3dd38ab40526938c16896e7ccee043a2072b25b861e3bb9cab6b40,btc-updown-5m-1775707200
"Bitcoin Up or Down - April 8, 11:40PM-11:45PM ET",Down,BUY,323.716216,0.5003013005040542,0xb5673165e3969d40419efdb28530a9468193ac178474fd4a1779cee07157d711,2026-04-09 06:36:59,0xf6ac9355bb2166376db760ced97e179d989f99c5f48345ae31878ca8aecbd3fe,btc-updown-5m-1775706000
"Bitcoin Up or Down - April 8, 11:25PM-11:30PM ET",Down,BUY,269.92,0.5,0x16ed2b2d66fa7bc6a8216b14af810702020c42eec0206ec01f16a2be3af70677,2026-04-09 06:22:13,0xa3dcd5d7d61d9168daef0a2376afaf4e5a8b4b2b4e921378f94391930eeba590,btc-updown-5m-1775705100
"Bitcoin Up or Down - April 8, 11:00PM-11:05PM ET",Down,BUY,280.95376100000004,0.5152621278785046,0x3e6eb586d2d6feffd5501f2284813cf24d67ed929bd6adcec1e3ef349813f4d3,2026-04-09 05:56:21,0x15afb135bf5f436f50cea6b036b1e3a0a13bf382db3aaf17439b06c5d07e965c,btc-updown-5m-1775703600
"Bitcoin Up or Down - April 8, 10:45PM-10:50PM ET",Up,BUY,468.167804,0.5153633781635844,0x78fe00c0e47f20475e2a5041d2b1cb2e26f9994a8b8cfce8bb5f6ee4ff76d917,2026-04-09 05:42:37,0x48746b4ebaede81c924adc5c1cfe31e624127ce2b980e8e3183d0ef37e720d02,btc-updown-5m-1775702700
"Bitcoin Up or Down - April 8, 10:30PM-10:35PM ET",Down,BUY,346.13390899999996,0.41510863549420896,0xf0a28d897c67dc9d786ca472f027097b2215b039f780e7bddaf105a4da0278d2,2026-04-09 05:30:49,0xd41a60c7c71af4d84cfb8c7c838d6c618a2949dfa847bf7652680b7c6fb598bd,btc-updown-5m-1775701800
"Bitcoin Up or Down - April 8, 10:20PM-10:25PM ET",Up,BUY,344.27263400000004,0.509999998767033,0x002caa245a75a779349f5ff2e15ea30b373c90580f2b46c9f95a59f3d4ed84e4,2026-04-09 05:18:11,0x3b8660fd98c99d2a961bd17669383bf8baa297bd3eac716a2fffaa1220d0ca67,btc-updown-5m-1775701200
"Bitcoin Up or Down - April 8, 10:00PM-10:05PM ET",Up,BUY,262.933498,0.5099999993395683,0x4a2722bb0925a2d864217c43a4ff76e462a10d40a055cb7587744937a8259167,2026-04-09 04:58:21,0xc068f52596e67d84cf6f6142ffcc2d18ee3d3b26698211a3d7f0ad1871bdda25,btc-updown-5m-1775700000
"Bitcoin Up or Down - April 8, 9:50PM-9:55PM ET",Up,BUY,306.94407,0.5025995359121507,0xdba0268935b05571dd37474680dfae6af4f0ac7844b9264e410a697e4d46c73a,2026-04-09 04:49:03,0x5f7506f1d46e9f35fd9a810fa9afc14e1e9afa1a424b4052f3d56a2576be454f,btc-updown-5m-1775699400
"Bitcoin Up or Down - April 8, 9:40PM-9:45PM ET",Up,BUY,264.244523,0.5073700704722067,0xa0713d69f016c887e9847ad6573288ba0bb878f13b6a9774d9747e13fd10c01f,2026-04-09 04:38:57,0x153eb5acecbad06ac7c58a35e4a293062c9245569ab70462a4f7179149c7d1d5,btc-updown-5m-1775698800
"Bitcoin Up or Down - April 8, 9:30PM-9:35PM ET",Up,BUY,282.01361999999995,0.5168074299522285,0x428ecb1ad3f3a56ba32dafd1f49630c742e0aec472c0319ba685715d650913d6,2026-04-09 04:27:35,0xd7d98423b5b8a5f66f9c3a7475ca16b7c33b0a20aaee67b7e19ec337667c688b,btc-updown-5m-1775698200
"Bitcoin Up or Down - April 8, 9:20PM-9:25PM ET",Up,BUY,229.98246899999998,0.5161932964964084,0x8fb9bb0c2cf1840a33ea6072260bae7133f8052d57332b0ffe30f9759c0c3da0,2026-04-09 04:17:37,0x8c28c8a435c14316139f5ab5c689ef499aeddf955d5efb3e93b79f6cdd5b30ac,btc-updown-5m-1775697600
"Bitcoin Up or Down - April 8, 8:55PM-9:00PM ET",Up,BUY,271.43523999999996,0.4971011899182198,0xaebd8f491a67a0da4fda95bf194eef9aaf25e4942065e2c32a8d75e23853f257,2026-04-09 03:54:57,0x5b20ac9b3ce57aadb7a9a7f8a583810dd9c52e727e9d1ba6ebf0455a7608e4d3,btc-updown-5m-1775696100
"Bitcoin Up or Down - April 8, 8:40PM-8:45PM ET",Up,BUY,273.776,0.5,0x4fcf73b262285faa383c00178bf21579599bc9d7069b9400329efb365e8dd8b5,2026-04-09 03:38:21,0xbfed499a33937b598f93b4dd6c89a4e63bdbfa2c31afeaa500092996e9ecb933,btc-updown-5m-1775695200
"Bitcoin Up or Down - April 8, 8:25PM-8:30PM ET",Up,BUY,316.192,0.5,0x9917c720868c9cb0a15b0d66c2add2ffa55ab7223f563e6f8e97f17478318033,2026-04-09 03:22:03,0xc74254c3ca2b4344a15d4e55fd50924ee7af0a0b9754382e849a62f9153458c1,btc-updown-5m-1775694300
"Bitcoin Up or Down - April 8, 8:10PM-8:15PM ET",Up,BUY,257.28088099999997,0.4866068518789431,0x453e91ca1ea8766c87dbde3671fcc16d58cca051e0b27154587a8a0f02290a7b,2026-04-09 03:09:41,0x4bcb6557b35dac6ae744f9af3a17b82c1a4a77026d596048fa06e28bf76ab992,btc-updown-5m-1775693400
"Bitcoin Up or Down - April 8, 8:00PM-8:05PM ET",Down,BUY,335.765156,0.5174638621060452,0x5d26c9545b70e45e44660b83eb9e933251c6e7b0ca261156593c805615ee164b,2026-04-09 02:55:37,0x9803c95308815bfe3f7cfc7735a6ed1df59e27dff26e5c5ef72cfff335652ded,btc-updown-5m-1775692800
"Bitcoin Up or Down - April 8, 7:45PM-7:50PM ET",Down,BUY,298.84,0.5,0x2c87e28a10b2ef037f5793e83d1e24bf455ecce1c0dd1745ba5befc056e47a86,2026-04-09 02:44:17,0x94cc7ebff9a47b4ef26c77929ab43d8406b9858497174569f4e2fd3e89aebbeb,btc-updown-5m-1775691900
"Bitcoin Up or Down - April 8, 7:15PM-7:20PM ET",Down,BUY,283.416,0.5,0x1b2ed1682137fb56bf58a0693c644b62bf3aa2283e5d859b13b1f68747394e40,2026-04-09 02:13:39,0x6f4a58efe4a591290659a03983ade7331dc21f00a09a5a8feda8ce00c87e2e9c,btc-updown-5m-1775690100
"Bitcoin Up or Down - April 8, 5:40PM-5:45PM ET",Down,BUY,298.15148300000004,0.5079214968046739,0x26b40a1e15e584cda14cd0605d118f48f21b66776f465c72e0b7140c47faa3d1,2026-04-09 00:37:53,0x8ce4dd0b3c92af1a505394ed5abb8ab03625f90a89f5a6960cb1b87c58c92306,btc-updown-5m-1775684400
"Bitcoin Up or Down - April 8, 4:50PM-4:55PM ET",Down,BUY,355.34692,0.3762885807676701,0xbdea00dbfbb562dfce6daf07f57dc8a0828be3b87c942566811353184925c4b1,2026-04-08 23:50:27,0xb11dc6ab94c18f22cec7093bd7b43e945096be68873ef10666747eb02f53b3e4,btc-updown-5m-1775681400
"Bitcoin Up or Down - April 8, 3:40PM-3:45PM ET",Down,BUY,307.487221,0.5016771805087591,0xaf27a13a3198b3bb725d2152f05ce3cc145312d9adc7f7d4a6fceaeadb160f86,2026-04-08 22:38:31,0x57e7e8041eaddda9063be93bb7edb7fa8555e479ca1fc25bb1a969486790f2e5,btc-updown-5m-1775677200
"Bitcoin Up or Down - April 8, 3:30PM-3:35PM ET",Down,BUY,285.81023999999996,0.49565041472789806,0x5b992d3386b2822c422c8528804d9d383120eb026686ee4c1d66be148c1acc7c,2026-04-08 22:28:35,0x6ba703ae22a8416c936ab47d18ee144e4391e08b724f590cf0017a1d8a5c4c2f,btc-updown-5m-1775676600
"Bitcoin Up or Down - April 8, 2:55PM-3:00PM ET",Down,BUY,288.23943,0.5017311363307198,0xbe349d4b4464726e704ebde0aeac834fe8db391266b388ded1729fc04313bd84,2026-04-08 21:50:05,0x26532e5d22c298295ca05c8c97f6e9e2a98c9e33b27aa739d708988aced52324,btc-updown-5m-1775674500
"Bitcoin Up or Down - April 8, 2:35PM-2:40PM ET",Down,BUY,308.642782,0.48999999881401274,0x0b0baa7d3a5ec27c2ea5dc4e680a5691a63dad13b4ea707abba284a3b60dde5a,2026-04-08 21:32:15,0x2ccfbd3e99f71e5d05a5185293ffe1765863fac928ae1150766af7ff07cab155,btc-updown-5m-1775673300
"Bitcoin Up or Down - April 8, 2:20PM-2:25PM ET",Up,BUY,294.881637,0.489999999902,0x0444db11209c7d15351e5f3ba32fc793cd11885f9924bfb332228e2e84c0a0e0,2026-04-08 21:18:51,0xa064290eb64394777c199e8ae85d65953202b6ec2dd222c86803ee22b9bc851f,btc-updown-5m-1775672400
"Bitcoin Up or Down - April 8, 12:05PM-12:10PM ET",Down,BUY,296.600306,0.5005458582631717,0x99627c008fb77f2f7e9e33c67d84e916c90f9f4e0f189737574af43d4cce79fe,2026-04-08 19:02:45,0x38577a4bde586fcaec557d02b76950301356e4dcd7e575d70713c8ecd5ac47fc,btc-updown-5m-1775664300
"Bitcoin Up or Down - April 8, 10:30AM-10:35AM ET",Down,BUY,864.284996,0.5020620072438648,0xd72306a71aec98e9f68bb778bf38f5f3a942bc056d0c2ecef093986d0f0fcc0a,2026-04-08 17:28:41,0x85cb2503bd4a885a922136d3491d0bfc8a795dfce296a5741935a6bf837d1ae5,btc-updown-5m-1775658600
"Bitcoin Up or Down - April 8, 10:10AM-10:15AM ET",Down,BUY,404.88,0.5,0x603564d9250e7223c4acf36af5c5e2c7f0f2b4f6111539cb5d1438293e677b95,2026-04-08 17:05:15,0x14d2605f794794adbc5071ccf41a7a73b7b33946a5b5fdd691ab86febccb58d4,btc-updown-5m-1775657400
"Bitcoin Up or Down - April 8, 9:55AM-10:00AM ET",Down,BUY,341.47556399999996,0.44999999915625,0x59baf426be699c509d4e0b8f0ace6da9496d8ce2cb0c7707ae2dd8eec27fc7d0,2026-04-08 16:54:23,0xf94040059e7f09e4a5199daba7acc60f2a373c8902f273ec8a0fe7fbd64321d0,btc-updown-5m-1775656500
"Bitcoin Up or Down - April 8, 9:45AM-9:50AM ET",Down,BUY,287.08105,0.4933723645692859,0x604b890ae2b6950f1d68c6454e74d4bcb2318f2b3536e9704ccda9abdabd95e1,2026-04-08 16:42:11,0xaf048a07216db785e494a1b4e41067044bce92d059827565fe3be5c9cc0e0d9d,btc-updown-5m-1775655900
"Bitcoin Up or Down - April 8, 9:10AM-9:15AM ET",Down,BUY,255.21208199999998,0.5299999990157143,0x1c4348ba04ec1dcc53372d5d50123d0754f5f2dc2ef09921117043593e48d0aa,2026-04-08 16:08:03,0x662e5e94af976abb3c67537be6bb8c82ccfe8391bceaf70d04d675e53f31dd6f,btc-updown-5m-1775653800
"Bitcoin Up or Down - April 8, 9:05AM-9:10AM ET",Down,SELL,247.67,0.08,0xaf93ed555ce1b202858893cd47e87b7d14602e350bedc78c9864804949415c62,2026-04-08 16:06:53,0xfed0669ffab4f901851bec231891ebfcc4eaecd8ef479150c2a3e6f7b3c245ff,btc-updown-5m-1775653500
"Bitcoin Up or Down - April 8, 9:05AM-9:10AM ET",Down,BUY,247.67356999999998,0.3859051985289294,0xaf93ed555ce1b202858893cd47e87b7d14602e350bedc78c9864804949415c62,2026-04-08 16:06:11,0xab6db45b830406fd5e7c3e0c0aa3d46066ec9a854f57024c9e5059bb7fb56f00,btc-updown-5m-1775653500
"Bitcoin Up or Down - April 8, 1:30AM-1:35AM ET",Down,BUY,233.54146799999998,0.409999997622,0xad9185580b31928487365e8043cf0565661debfe347343d9e189a71ed2ca14d4,2026-04-08 08:30:33,0x01a7eb5d7d6e42959a382197db422ef4f1486de8e5c1839f5ab56f9d29d27256,btc-updown-5m-1775626200
"Bitcoin Up or Down - April 8, 1:20AM-1:25AM ET",Down,BUY,376.398447,0.5127093877271374,0x482b179b3e7cc5c9f320307a89d6e972ef593c7def002025e526e1e127f82502,2026-04-08 08:19:05,0xb440f2c546241fdd486523ca191b565b6f1f938587f7d0d7522a351c267cf481,btc-updown-5m-1775625600
"Bitcoin Up or Down - April 8, 1:05AM-1:10AM ET",Down,BUY,298.87404,0.5099999993544304,0x21026e76adcf3bb1b02918991e31eed6e07800ad0bd009bcc44f8518cb2ee5d4,2026-04-08 08:01:23,0xc0cd51f12764aed26368ae1fa271447db8f16c87773051588bf4a056b48e023b,btc-updown-5m-1775624700
"Bitcoin Up or Down - April 8, 12:50AM-12:55AM ET",Down,BUY,342.73496700000004,0.5211663707948822,0xf591430d6237c302e59a0a2f9d1e05b122d9ee9ca720ec05e13aa955ac55aeef,2026-04-08 07:47:37,0xbe633681f5b9b89bb134d15aa60a35e6b3e5a5b7373cf21b37685f3fb3585a3f,btc-updown-5m-1775623800
"Bitcoin Up or Down - April 8, 12:35AM-12:40AM ET",Down,BUY,296.90954300000004,0.5304278903568317,0x70b9509e269cd2176e833b1e508ddfabb87f001347a127bf649f1c06b038e637,2026-04-08 07:31:47,0x480033d783b4a014823ea3ee58e2e21c2b6a012a8a8bc89b7bb3aad9cb7cbdca,btc-updown-5m-1775622900
"Bitcoin Up or Down - April 8, 12:20AM-12:25AM ET",Up,BUY,330.267431,0.4899999997375,0x3da750a4bce27d1e4823f954d2c9a955f82a26d46d838049b653af1fd7189f3a,2026-04-08 07:18:45,0xdcdfcaa0697aae13e32f81c757d6f93470f3e5fd4fb2b8800e37086c38915ba8,btc-updown-5m-1775622000
"Bitcoin Up or Down - April 7, 11:55PM-12:00AM ET",Down,BUY,422.804547,0.5111482354830814,0x61f8d689e2a1c10515a22a761f137c928d3d30a4b8442344ffa8f0b3c6de6f5c,2026-04-08 06:50:45,0xc8401553291f4de35112d354f62049eec4edd687fe9147dcc8368e9f7c1791ef,btc-updown-5m-1775620500
"Bitcoin Up or Down - April 7, 11:40PM-11:45PM ET",Down,BUY,244.017415,0.5099999990116278,0x92f3f75fb3d2e40668e1bd1019c75701ae6c6b2245cecd501c5e49482d780d81,2026-04-08 06:39:15,0xc518e8499ef4f585719bb6f62329a1fc4cd7084a1527e4a37b599098bc393930,btc-updown-5m-1775619600
"Bitcoin Up or Down - April 7, 11:15PM-11:20PM ET",Down,BUY,268.300374,0.5031361446453749,0x12939ec7c0d386e93e26aec63f7418b9617dd7716b423e078e4d392ec63214b1,2026-04-08 06:13:51,0xe8ae460adcb83712c73e44e5ab1de3116f832b2db989c746eb31c4fd15c835a7,btc-updown-5m-1775618100
"Bitcoin Up or Down - April 7, 10:55PM-11:00PM ET",Down,BUY,249.876249,0.5136241093830286,0x04170e5e349701e9f72a64c593967e859c164795496b8d54d4e1550ef1accdef,2026-04-08 05:54:17,0x771a0d2c916013183b4d0078b7906749138a259c9bfcc8b5759ca311c1cc30c4,btc-updown-5m-1775616900
"Bitcoin Up or Down - April 7, 10:40PM-10:45PM ET",Down,BUY,269.92,0.5,0xef779ac93894c583e519df9893f8834d53c7a2564f20a64a4559d02e71233931,2026-04-08 05:35:35,0xc2c280e4ecd00a38ccfb733a843c44befef95889127c0bc943f3eade60421575,btc-updown-5m-1775616000
"Bitcoin Up or Down - April 7, 10:25PM-10:30PM ET",Down,BUY,253.47545699999998,0.509999998211194,0x885b2f4f1d4897288b5d284a10d2764fe3a64d1252169f9ceae5cf7d45f61905,2026-04-08 05:22:17,0x7e0926e4c5b44dda67a2a53c2b1a619fa8816894e21446383bd98a6f10e9ff4f,btc-updown-5m-1775615100
"Bitcoin Up or Down - April 7, 10:05PM-10:10PM ET",Down,BUY,266.01694599999996,0.5076250393971422,0xe91c20148310684939438f8976e4d7d5850b378d863759b68e214e4afc97c6a0,2026-04-08 05:01:07,0x0ae5a887ee25651dff280a03e68f2893d2a6f7281e2349aadf3c3c8ba8bd7507,btc-updown-5m-1775613900
"Bitcoin Up or Down - April 7, 9:30PM-9:35PM ET",Up,BUY,230.830862,0.5011907373168191,0xc7e196b5d02b43a6d725e151950bf6adb020ed148749c0c6f25334874664b2f1,2026-04-08 04:27:21,0x8f92f289d774c908b2d178174b52f46cd7c617721f3d91432f6bc9425c63edb7,btc-updown-5m-1775611800
"Bitcoin Up or Down - April 7, 9:15PM-9:20PM ET",Down,BUY,264.70322000000004,0.5102441314088577,0xb1b9c9dcf97cd81ad66b5469bf3e7b099e37fdc2bd229bb36c4d9a8c517404a0,2026-04-08 04:14:29,0xe5eca86d5de1b86af55f8065c05c98c648bad002fc8e97d2c4951433fbf4f886,btc-updown-5m-1775610900
"Bitcoin Up or Down - April 7, 8:45PM-8:50PM ET",Down,BUY,418.748858,0.5162971501056388,0x0aee4562e94197d31f516e4cdd217af4399159bfe2733f01d370b78d00ad7119,2026-04-08 03:43:21,0xaff266496f9fee5f12fba39fcec942f840d3bd4d799240bb77bd03a0970d549e,btc-updown-5m-1775609100
"Bitcoin Up or Down - April 7, 8:35PM-8:40PM ET",Down,BUY,257.224103,0.5256852144420013,0xa790844f6dff142d34ab623b0dfe16bc54ca666dd574f9f9fedad4bc7c54c157,2026-04-08 03:33:11,0xe41a172b8f3acd21351faa6ebf9085b5d5b037348385eadb7cd745394a4dedd8,btc-updown-5m-1775608500
"Bitcoin Up or Down - April 7, 8:20PM-8:25PM ET",Down,BUY,337.547789,0.5146219521789893,0xa1acfc5dbecda10107fa811ab09279080530d09f63414da2c36345b182e520cb,2026-04-08 03:16:11,0x35c708813ae813b4224a71ecb7e0b6ed2ca03c66ef85c87f773cdb873065d7d8,btc-updown-5m-1775607600
"Bitcoin Up or Down - April 7, 7:00PM-7:05PM ET",Down,BUY,576.498855,0.501226579474335,0x0edf71d55701d0edc1d7c2fcf1aac15640ebbda0c3cce081275f570fd0a599c3,2026-04-08 02:01:29,0xa0e5239f9e1bf8fd177c9051fa67d795b5dc6a5dfd7d7db87486d8d4f20735aa,btc-updown-5m-1775602800
"Bitcoin Up or Down - April 7, 6:50PM-6:55PM ET",Down,BUY,428.425842,0.5182270083145378,0x1b1d319d6396145daba76d125828f06a164d690d583e804869fda36b13d34088,2026-04-08 01:49:25,0xc664469ad1cd212c7ad095a753ab64bd84b9726c042df9d0e38b506405d8a9a8,btc-updown-5m-1775602200
"Bitcoin Up or Down - April 7, 6:40PM-6:45PM ET",Down,BUY,529.72748,0.47220294934890583,0xda44abf0e44005344bcd044b8a9bc5287d77b28bb583bb5797c84742cda9595f,2026-04-08 01:40:07,0xf434a1e0a1ad6d9902d0c724d1c12661772951220ca274a94aa938c710394379,btc-updown-5m-1775601600
"Bitcoin Up or Down - April 7, 6:35PM-6:40PM ET",Down,BUY,539.809543,0.5372344146070757,0x240f5e4d3aef5e005d052093121475898e9bcff99a18e3758742cfc22824771f,2026-04-08 01:34:37,0xc4262c74c81218291ac2d25535322a18d8a8da2c81e8312e7f5882ce80ac95cf,btc-updown-5m-1775601300
"Bitcoin Up or Down - April 7, 6:15PM-6:20PM ET",Up,BUY,306.915868,0.5026475230591751,0xf6bfbe32dca06119534045dd6c30d02c2ad4a3b746040d57651f5177331623f0,2026-04-08 01:12:37,0x61a4f28394278d41df3dc66bb093a943becb8a3660980305e828c92e71e22620,btc-updown-5m-1775600100
"Bitcoin Up or Down - April 7, 5:05PM-5:10PM ET",Up,BUY,284.86661699999996,0.4868221321662124,0x42496e5c8e692dcaf794ad8a0b07fe9e72ceaeeaa9e8660005f2f8b0fb2392a7,2026-04-08 00:02:57,0x7c19d4626b0b99cd8db7462aa243def795f5fd7bfcad3b8ca8448c6f79495723,btc-updown-5m-1775595900
"Bitcoin Up or Down - April 7, 3:50PM-3:55PM ET",Up,BUY,362.817786,0.4499999994705882,0xbcdf48f537c559bb94b37b8f7ee1c0ea133515eb1f82babc002179a07f45f9f5,2026-04-07 22:48:09,0x0ffa668175e27910473350dd066afd571bf167d123145f850ba250953123093d,btc-updown-5m-1775591400
"Bitcoin Up or Down - April 7, 3:25PM-3:30PM ET",Up,BUY,589.2467059999999,0.5061788585342956,0x639bea84cc4e6d0e9d039e2c187e54d24854ada62b46a72b97202846e1b22802,2026-04-07 22:22:45,0xe3dbb8fe6d7c975b143ab2fbb146e0d75a0fcfa53a3c073cba31624fbcff1a0c,btc-updown-5m-1775589900
"Bitcoin Up or Down - April 7, 2:20PM-2:25PM ET",Up,BUY,434.62904000000003,0.5,0x3ece9fd78bf974d3bfc31bd1ef58a5d3b64ebab5ac4813c4675e3aa7629d42e6,2026-04-07 21:18:51,0x9fa9cc5b15d87405554705adcee3963f4c8ab3ecfaa8719b9250d6fcbf5f4a23,btc-updown-5m-1775586000
"Bitcoin Up or Down - April 7, 2:05PM-2:10PM ET",Up,BUY,308.48,0.5,0x84d524a439be10a0febb20f39dd70fa3d001c3159e63eda0cc79cb5301ea7d18,2026-04-07 21:00:31,0x93967ebf039a9c89467decaa5678b604ef9616829a8085fb14cbb76bdd974d93,btc-updown-5m-1775585100
"Bitcoin Up or Down - April 7, 1:40PM-1:45PM ET",Up,BUY,232.376542,0.4762233403338993,0xbed66dada1214711dcd8c3aa95f27da4ab2864a95e7964e60b7b28f247b73e48,2026-04-07 20:39:29,0x7332aaecfeb07b583d2f39d4e6cc1099e387fd1da2bb0595e0034e562cf47130,btc-updown-5m-1775583600
"Bitcoin Up or Down - April 7, 1:30PM-1:35PM ET",Down,BUY,228.88455,0.51,0xce7879137c3907a166ca5ec54975c016564f007084a547b502a4f2d1323e946a,2026-04-07 20:27:21,0x7bc6c5171177fe882891570429d90c6eac48519e4ad8776298245535c3602325,btc-updown-5m-1775583000
"Bitcoin Up or Down - April 7, 1:10PM-1:15PM ET",Down,BUY,271.05953,0.5163082182025353,0xa1cf4312b05d62b629b6bc0d7b80b82fe3c72cb9a741af3a7c039676ff76918d,2026-04-07 20:06:17,0x417a8493270bb95c8b532fe82bf5a20f9676534c2c027f31dde7ebd9a356e340,btc-updown-5m-1775581800
"Bitcoin Up or Down - April 7, 12:55PM-1:00PM ET",Down,BUY,295.09083100000004,0.5099999999673077,0x44715a08c5d02efe1e155b9905de319301c86506214096523569f0aa9cfba199,2026-04-07 19:51:09,0x951cc76b599f45b8450bedf12be49b09f939b52ea68edb8315318db395569a5e,btc-updown-5m-1775580900
"Bitcoin Up or Down - April 7, 12:25PM-12:30PM ET",Down,BUY,569.0904509999999,0.5086782156532946,0x70a6183db3f146e4618f4ebc7a2537d1a3cb50efe21aa726f5360a88499489ce,2026-04-07 19:21:31,0xfb688f3892b0ef93797eaee3deb44b3e0b62a82f8a5ba8c3fb8b78b1616d48ed,btc-updown-5m-1775579100
"Bitcoin Up or Down - April 7, 12:10PM-12:15PM ET",Down,BUY,283.741176,0.509999998436,0xb0939f64a80c16f82fc24fe98bb665c8fa885d3312114c8c4e2c9a802c17fe63,2026-04-07 19:07:13,0x632054ae581a7f56733f9b52304cdc53cfa281cb1d92e04e26223255620dbdcd,btc-updown-5m-1775578200
"Bitcoin Up or Down - April 7, 12:00PM-12:05PM ET",Down,BUY,226.992946,0.50999999932,0x0229c251d981b022c7f2b6c2c0456364b880e9cb0ae8f56a24fa6ea3113c4a85,2026-04-07 18:55:45,0x5ff1d0466f6554fd1d70032c6e43916c3c9b60f781d9fef3b003eb5b85342fef,btc-updown-5m-1775577600
"Bitcoin Up or Down - April 7, 11:45AM-11:50AM ET",Down,BUY,250.64,0.5,0xd2afb807aec1896dcc7f6464f134244c1ec1db0d8bb2a22f1c1f9854479c4404,2026-04-07 18:42:17,0xbe8721c6859143470a308d8506cfdbabc27a9833a20629fbc0042878ff208e23,btc-updown-5m-1775576700
"Bitcoin Up or Down - April 7, 10:30AM-10:35AM ET",Down,BUY,290.50588999999997,0.49766561648162355,0xba916d3cc4d5215de02555a664f77498fa3402f811f5e795f5175385a60082cb,2026-04-07 17:28:05,0xf4d769a87304077172afee976b8bece0b882d61966e1184c5b0eb421bf995da3,btc-updown-5m-1775572200
"Bitcoin Up or Down - April 7, 10:05AM-10:10AM ET",Down,BUY,290.949885,0.4899999988412162,0x0082ae8e087b4311a739515b0b1a0a40ebf174a092c11b071e11640eea15d7db,2026-04-07 17:01:51,0x19c6fac4f7b03d661b3063f38509f49c484bf2d59a02f26fa021d6f21f291b88,btc-updown-5m-1775570700
"Bitcoin Up or Down - April 7, 9:25AM-9:30AM ET",Down,BUY,308.48,0.5,0x18bd11c5e405c6a927adc4c69fb208feed291b538fd41b8f461ee23a98494322,2026-04-07 16:23:29,0x110372cf5fdc3ea9c7066a070b22129f53119a59aa18e60a10514711f9a5064a,btc-updown-5m-1775568300
"Bitcoin Up or Down - April 7, 9:10AM-9:15AM ET",Down,BUY,279.56,0.5,0xaed67ca849954c239895235208572928a9fc7fbab44cc0bf1ff0fb6a5a9360d3,2026-04-07 16:09:03,0x42292a8018c942fdae5b3f26d98f9f0543c583e88f57939be146cc35f683d8d7,btc-updown-5m-1775567400
"Bitcoin Up or Down - April 7, 1:15AM-1:20AM ET",Down,BUY,245.909019,0.5099999996469231,0xfec6559e2fdeb57464f3cb69c0cc5d885bcdaeeb5c8631cbc9940fe49891103a,2026-04-07 08:13:25,0x22378dca57e88c1cec1c2fce223a955ca1460f4691c178840af2d8674d4f6f75,btc-updown-5m-1775538900
"Bitcoin Up or Down - April 6, 11:55PM-12:00AM ET",Down,BUY,589.2547599999999,0.5099999996725627,0x5eba918b10220877cb082c262e2be9874952e17a170b986d157c51c6ef621c2e,2026-04-07 06:52:11,0xb689ede132c46cbbe3d68103b6c9386005170344e28ff89643e4c2e6eb8e7eb6,btc-updown-5m-1775534100
"Bitcoin Up or Down - April 6, 11:40PM-11:45PM ET",Down,BUY,279.56,0.5,0x3a6967d5566998af5c1128ffb6a8aef7471f6128ff8772e8bb4fc0ed30b8f69e,2026-04-07 06:38:27,0xf761acfebc27a7e67e5065266001bcb1accbf0ec3ce12b47cb44112b7dff7187,btc-updown-5m-1775533200
"Bitcoin Up or Down - April 6, 11:25PM-11:30PM ET",Down,BUY,250.64,0.5,0xe10a62ace9bac3a1bfec619b8d370b816c271bca89e7a4b7ae457833a66e206e,2026-04-07 06:23:43,0x1ce93f1b40efcbc7fb241862eea86c30567bb5edea5a8e99a4c6f39cbdd085aa,btc-updown-5m-1775532300
"Bitcoin Up or Down - April 6, 11:05PM-11:10PM ET",Down,BUY,385.6,0.5,0x79d979631e7442f721a6af5a8bf85dc4a61b77745dbaedae5044ec25e704467b,2026-04-07 06:04:29,0x8a814e32fa3284dcb6cede75b1fd1b353f1df58d806270329651b9f9070b03c4,btc-updown-5m-1775531100
"Bitcoin Up or Down - April 6, 10:55PM-11:00PM ET",Down,BUY,244.017415,0.5099999990116278,0x8806add01dabd23d5133a61691615ef76b0ec3059145ebd1d2b8556311c7a8b9,2026-04-07 05:53:25,0x246a8e1ca53355d986a22ba9d6a6a06f7c4a3b4cd33c7c07ff8288dfa90bcd7e,btc-updown-5m-1775530500
"Bitcoin Up or Down - April 6, 10:45PM-10:50PM ET",Down,BUY,255.024924,0.514645416079356,0x40c602013b9e4ab6aa87d837dfa66fc3b55a5dd62f3832d14aea851ea4348b22,2026-04-07 05:41:35,0x8a102c583c982d3dfcf9d8ab22d8a03544ad133e75043a6cc66eb207a7fe3d5b,btc-updown-5m-1775529900
"Bitcoin Up or Down - April 6, 10:35PM-10:40PM ET",Down,SELL,372.1,0.05,0x8525103fed2acbd1b18fcbf270a9e1a0258107476c4b0bc6928e795fe1572ace,2026-04-07 05:37:45,0x462bd63334ab3a7b45079d0dbe7008ed59c701cf77ea0e2c32c475c1bacbf369,btc-updown-5m-1775529300
"Bitcoin Up or Down - April 6, 10:35PM-10:40PM ET",Down,BUY,372.10353,0.2543137977950994,0x8525103fed2acbd1b18fcbf270a9e1a0258107476c4b0bc6928e795fe1572ace,2026-04-07 05:36:25,0x6debe271a31ac62d51ac78a963bec2225c09cdd94592b196d55c15e598f56374,btc-updown-5m-1775529300
"Bitcoin Up or Down - April 6, 10:30PM-10:35PM ET",Up,SELL,262.83,0.3107400220674961,0xf104c47af14aad35ad72f782224805869bebabeb0914f4514011d06060c0b7d8,2026-04-07 05:33:45,0xee1fb048c0f6733d1d4ff125d9a348d6872383968c2fa0e004396da82ee564a0,btc-updown-5m-1775529000
"Bitcoin Up or Down - April 6, 10:30PM-10:35PM ET",Up,BUY,262.839923,0.3630105917815788,0xf104c47af14aad35ad72f782224805869bebabeb0914f4514011d06060c0b7d8,2026-04-07 05:32:33,0x1adb43dc8c3874fc96af534137a453de68e20757a73c9897bb16ac515b1ccf87,btc-updown-5m-1775529000
"Bitcoin Up or Down - April 6, 10:20PM-10:25PM ET",Down,BUY,250.64,0.5,0xa15c6c658635f68868d5c1e90852c256f6203a07d219dabad100a08ad7699fd1,2026-04-07 05:15:53,0xbfed9b0649c5d14a783c16ff765aa21897dc3248905c860f6ca0323919324088,btc-updown-5m-1775528400
"Bitcoin Up or Down - April 6, 9:55PM-10:00PM ET",Down,BUY,242.797355,0.5167981894889488,0xa752c41960bc8b083ea74c2714609f4bd4f51d01e8eae7ceb403c375a863ee93,2026-04-07 04:54:11,0x6297c9a7827ad31be15e394f41e6531446fb56e0c9b227535e54ecbdd51baafb,btc-updown-5m-1775526900
"Bitcoin Up or Down - April 6, 9:35PM-9:40PM ET",Down,BUY,243.579347,0.5150727339958312,0x88aa4666f91cb0fbcab89c9b7b83b55c8698f57f9be2c17f78d1d2bce4bc1781,2026-04-07 04:34:23,0x61e5fd2e8e84c758e54f7354d60f98b4c8fd51acfccbc348a48393ed40407537,btc-updown-5m-1775525700
"Bitcoin Up or Down - April 6, 9:25PM-9:30PM ET",Down,SELL,328.85,0.5680030409001064,0xfbcbe6e8a83d25abd0d05a2781de7fdad1bfaa4c71dd449118592ac2473fb124,2026-04-07 04:28:35,0x6bc773ddecb083c04fb72e3f773242b4e93acf945a71ad538d935bf283d2a7ea,btc-updown-5m-1775525100
"Bitcoin Up or Down - April 6, 9:25PM-9:30PM ET",Down,BUY,328.85408,0.2885086985372609,0xfbcbe6e8a83d25abd0d05a2781de7fdad1bfaa4c71dd449118592ac2473fb124,2026-04-07 04:27:51,0xba473e37b0db0bdd82c16e8bfbd4967b8d247dd48081fd29e9340eacd12fc9c5,btc-updown-5m-1775525100
"Bitcoin Up or Down - April 6, 9:20PM-9:25PM ET",Down,SELL,316.53,0.581039395949831,0x37c64e7703fbb38c30d5c256333573f6c39e8406c0a34e9c8aa4cf767de1ee3d,2026-04-07 04:23:45,0xa7d9da86bef9509c9ea9ea9e20e7dea9bccda50d4b5178583b963cb300561411,btc-updown-5m-1775524800
"Bitcoin Up or Down - April 6, 9:20PM-9:25PM ET",Down,BUY,316.533342,0.2999999982,0x37c64e7703fbb38c30d5c256333573f6c39e8406c0a34e9c8aa4cf767de1ee3d,2026-04-07 04:22:55,0x51bfe25426427d3af3de2645e87ad466a60203ead282046f783769046c8f42f5,btc-updown-5m-1775524800
Milwaukee Brewers vs. Boston Red Sox,Milwaukee Brewers,SELL,219.76,0.36,0x5dacbec31ab3832f8478825a8dafe74c7df8d59ee15e1ae63b4785600a6a423d,2026-04-07 04:21:17,0xb395b82127d7f49d7bdcb3911037d4aeb3abb61ddbd5c75fec2f0ff21dfe9ebc,mlb-mil-bos-2026-04-06
"Bitcoin Up or Down - April 6, 9:15PM-9:20PM ET",Down,BUY,255.79356,0.4895437226561588,0x030e7548233dfd0cb25500769f2d9a7950799470fb4fc904aae80c2c72d80b27,2026-04-07 04:13:37,0xa2e79f4db22646b666946c86608fa3aacf86756ce8790fc25005c71de0e22597,btc-updown-5m-1775524500
Knicks vs. Hawks,Knicks,SELL,270.05,0.43,0x886e32ed39f06fefd8c1c8c771a145cc48277b759de2f2e160019511a09e19e9,2026-04-07 04:11:53,0x4575498211e9d174d267873b8c820d009b2af0b4e1e82ee5b0c7ca41dc814dcf,nba-nyk-atl-2026-04-06
"Bitcoin Up or Down - April 6, 8:50PM-8:55PM ET",Down,BUY,229.643747,0.5038828604692879,0x81dad110fe414e07655af6b5aba1bdffa91d8f9cf3e206b06bc8b8f6bf318ffa,2026-04-07 03:49:45,0x08e5ce1b7513f11c0f36f9a97c13c6c4f0debb77d002191474fb7e9956c303aa,btc-updown-5m-1775523000
"Bitcoin Up or Down - April 6, 8:35PM-8:40PM ET",Up,BUY,218.17432499999998,0.531464240018642,0xd98a608725e470f5bcb1088bb078cdac47b59e81e4ab123f55b8c1acea5d7ad6,2026-04-07 03:35:07,0xf122ad9d581b5da8c3ccd4f332a69cb845a48d014f7b16203dd807b9d66c3601,btc-updown-5m-1775522100
Milwaukee Brewers vs. Boston Red Sox,Milwaukee Brewers,BUY,219.76202,0.4474953684229368,0x5dacbec31ab3832f8478825a8dafe74c7df8d59ee15e1ae63b4785600a6a423d,2026-04-07 03:31:45,0xe22acd7a8282597af3a578b35c32d0820f2c53a150ac2c069160e411bebc76dd,mlb-mil-bos-2026-04-06
Knicks vs. Hawks,Knicks,BUY,270.05,0.4,0x886e32ed39f06fefd8c1c8c771a145cc48277b759de2f2e160019511a09e19e9,2026-04-07 03:26:57,0x53b4648817d4ee4a307b38173a83faabd21d2c1b3efb045e2b7511f0b61d5e23,nba-nyk-atl-2026-04-06
Kansas City Royals vs. Cleveland Guardians,Kansas City Royals,SELL,254.3,0.7508537160833662,0x85b1da570e8a31781951d4c62088d07cac141280a23a21e2a134305ee46ca9a3,2026-04-07 03:19:59,0xa6ac36e6a450c3d90ffb4975a6752d1a69b661f23c93a4bd1826c9ffd5a54352,mlb-kc-cle-2026-04-06
"Bitcoin Up or Down - April 6, 7:25PM-7:30PM ET",Down,BUY,283.28939499999996,0.4896354927250451,0x17a2cd35d3d1282ae0e9695c9c230fe49b1191cfa5a77a06bea990062d40d48e,2026-04-07 02:24:51,0x3f92638b1e3fd7c74fb863dba4a887f195a3236bd74996fe47ec99ba38d2aa11,btc-updown-5m-1775517900
"Bitcoin Up or Down - April 6, 6:20PM-6:25PM ET",Down,BUY,554.058939,0.5232018095005839,0xace9f6a1c611129aca02ba320b85606c04557eccb4cba32267d0a643c8439378,2026-04-07 01:18:19,0x573e3414f1ba18eabfe3c822684a9ea2bcc61b943c7c46404de3e715653bff9b,btc-updown-5m-1775514000
"Bitcoin Up or Down - April 6, 6:10PM-6:15PM ET",Down,BUY,428.70516000000003,0.4944955897736514,0xda8ca0b06bc49752a80373afa930738c4690d5df4645c2d6372e860fd2206e61,2026-04-07 01:08:55,0xe4d8d5b31acaefd081f64cd00be81045d3e51b08ea17b52824bde5c751ed7dbb,btc-updown-5m-1775513400
Kansas City Royals vs. Cleveland Guardians,Kansas City Royals,BUY,254.303342,0.4799999986064516,0x85b1da570e8a31781951d4c62088d07cac141280a23a21e2a134305ee46ca9a3,2026-04-07 01:07:49,0xbdec2086d4832e92b299883dbf5da32e4021ee8d16843315013483c79a44e7d0,mlb-kc-cle-2026-04-06
"Bitcoin Up or Down - April 6, 5:30PM-5:35PM ET",Down,BUY,263.980546,0.5078974250060763,0x40c110234dc3a74886bc23acd443adce10d4a0bf7eac389d819685e430ac1393,2026-04-07 00:28:09,0x8062cebc8cc9c606d38f344d237d69ce539bbff3a8a3560836c2455f9cb331dc,btc-updown-5m-1775511000
"Bitcoin Up or Down - April 6, 5:00PM-5:05PM ET",Down,BUY,278.371776,0.53106764876557,0x2adfc2c3aad8d4099c2c99ab53c613458db549114724b40fa29d66e5dcae2f12,2026-04-06 23:58:47,0xe3d7406e6db1dd68c7dc30d41498f665a4155571815dfb1f94860c1108f0bfcf,btc-updown-5m-1775509200
"Bitcoin Up or Down - April 6, 4:40PM-4:45PM ET",Up,BUY,275.222864,0.48999999944,0x3b6bfaa33139e1f79e2f36c816eb6aeb1d4634519edaca7819735b2d276dfe8d,2026-04-06 23:39:39,0x6ef0c2950fececfcfcde7aaab36a0a27ab3cbe7b3cfdeb2027d5210425acde78,btc-updown-5m-1775508000
"Bitcoin Up or Down - April 6, 4:15PM-4:20PM ET",Down,BUY,327.169358,0.500937740722686,0x8b5ffe82d93c15844a97ae7b3e92d9ef9cc753b53967333612ad5b8cd4c44a92,2026-04-06 23:13:55,0x121c2e3af72e478265fc4bbd1ffcbf145ad57af3b7cdf0fe3f4326056e2bddd1,btc-updown-5m-1775506500
"Bitcoin Up or Down - April 6, 4:05PM-4:10PM ET",Down,BUY,252.31133,0.4965603645517015,0x7de9b4ae833bcbee4e1b53619a37a2f829111eb23c3396489b4db9b10ce06855,2026-04-06 23:01:07,0x9cce65053025cafa0ca1af7b17468b67230a1cfc850775137300c4b17076f7c0,btc-updown-5m-1775505900
"Bitcoin Up or Down - April 6, 3:30PM-3:35PM ET",Down,BUY,264.82510199999996,0.5099999999271428,0x309b75860c4964e9150f1286bdc5bca8ef55e4e4255646a374852c8a2e6fccd2,2026-04-06 22:28:31,0x5c5309156150570dd225090a4ff624d2840e5c448052660bb8945040e827ed22,btc-updown-5m-1775503800
"Bitcoin Up or Down - April 6, 2:00PM-2:05PM ET",Down,BUY,408.580814,0.5198339379135956,0x16b6105aea210044872f75bd4e305fa4d8af6dc9b52be7f63fea4173681ac415,2026-04-06 20:59:35,0x6a09e98179a8605992a9f122f226c4abb9ac4643592730f675f4d9c5cdff4a21,btc-updown-5m-1775498400
"Bitcoin Up or Down - April 6, 1:50PM-1:55PM ET",Down,BUY,277.97148300000003,0.5174008415083737,0xede0f5610a7b15a711250e38f36e87df2a8f1d502828fec4d2dfb6d88641fcf9,2026-04-06 20:49:23,0x409c8a0fc873cf2fdbf78ff7c63f51d897b75b47cf1279733865c2e06c832288,btc-updown-5m-1775497800
"Bitcoin Up or Down - April 6, 1:35PM-1:40PM ET",Down,BUY,285.942524,0.5129336628896144,0x64e21841ecf2cc7943ffbb130660891ef49f70378186d518295b18f3bf0d3868,2026-04-06 20:32:09,0x09e1f799daeef95425d46fe1381c392a382c10e1134a1719c4fb5e37e875f7de,btc-updown-5m-1775496900
"Bitcoin Up or Down - April 6, 1:25PM-1:30PM ET",Down,BUY,308.48,0.5,0x3ddbe79126c3a2e7ece5420e400df9ea416fc422537e950bed6d077c2c73fd68,2026-04-06 20:22:33,0xb341154b15c57a28e3e902af0a2d3e58c96bf8c7100385307028baaed842c125,btc-updown-5m-1775496300
"Bitcoin Up or Down - April 6, 12:25PM-12:30PM ET",Up,BUY,232.04802,0.498460173447525,0x2f67e5867794fd71659c1e8233d2479ea865c417aea11706c976683886b3ec5f,2026-04-06 19:25:03,0xcb2a28df9bf8bb2417571870971123a5c34853146a1513e23502fb417368a8f8,btc-updown-5m-1775492700
"Bitcoin Up or Down - April 6, 11:00AM-11:05AM ET",Down,BUY,365.18143100000003,0.5291044163523096,0xe70c732f5fece9cb10cda30bc38056510df453a63e2b500988c84aaad1d04324,2026-04-06 17:58:55,0x0f0fd6d615a22360084670106a7b738be38287d3ba4087862d56925dba4c2819,btc-updown-5m-1775487600
"Bitcoin Up or Down - April 6, 10:50AM-10:55AM ET",Down,BUY,284.929635,0.4726948381875239,0xcbeb684ebd186f6a24990a1cd02c6d9365b9a10b0dd14ba4bd49f46b569df7f1,2026-04-06 17:49:13,0x2527973943538803cc53ea7ca0c9cb89c4f85d20bd1d93f32015306328d8d8eb,btc-updown-5m-1775487000
"Bitcoin Up or Down - April 6, 10:35AM-10:40AM ET",Down,BUY,264.248527,0.526357827111096,0x0509da5348e03dc9c14aee9a1f4383158f292346b5c689f2ec8e7da9e620d9a8,2026-04-06 17:32:23,0x2d2f6442c0811448700fc3adde85908f6346b8c9a828b3c00555d574323a74c8,btc-updown-5m-1775486100
"Bitcoin Up or Down - April 6, 10:20AM-10:25AM ET",Down,BUY,250.99135,0.499272981727377,0x569e022d5a9ac269e82d2657841b66e0c377d193964974a6714b89404fb5479f,2026-04-06 17:17:33,0x443dfd19b02c6416f3e0167e04a06f0746fc11a5fa43d15af988942c2fdefccc,btc-updown-5m-1775485200
"Bitcoin Up or Down - April 6, 10:10AM-10:15AM ET",Down,BUY,269.010404,0.4831648265566746,0x6aae003019d6de6c78db6fb9ac1eddb908bfb4f44d557ecd536ae88061fb3cef,2026-04-06 17:07:27,0x867ffd23cfd44510ea35a580d319b28ecf4ee48371e16729a6d9a40cdb5a0e4b,btc-updown-5m-1775484600
Rolex Monte Carlo Masters: Francisco Cerundolo vs Stefanos Tsitsipas,Stefanos Tsitsipas,SELL,276.86,0.32,0x52ca1dfe70212b7b58a8e2f76b993efd90080969d3df29944437cefdd7da4b18,2026-04-06 16:44:19,0xf832f1a4d21419ed1e359bc99908f660cc2ab4bf183ecf34e8fc68cc8fb4674b,atp-cerundo-tsitsip-2026-04-06
Will Vålerenga Fotball win on 2026-04-06?,Yes,SELL,303.03,0.08,0x4d6b869e89f136bf1b81a523a49c51bddaabd3bdc37d04347a2f44507125aa1c,2026-04-06 16:44:09,0x67cab4b1870ac01e50f1164ec21b80e765785441728018a875e33ae1810caea7,nor-vif-vik-2026-04-06
"Bitcoin Up or Down - April 6, 8:55AM-9:00AM ET",Down,BUY,353.85796700000003,0.48999999964611113,0x950658a9cd2b95d28c3e6b078ed92f9eb9a90440d4bfd6234625d22dc0f76d95,2026-04-06 15:52:35,0xc740d151d6c72cea99448a679833a17a8013509bc9dbacc5e7d8768d746fc81b,btc-updown-5m-1775480100
"Bitcoin Up or Down - April 6, 8:35AM-8:40AM ET",Down,BUY,224.12352,0.49443226277999913,0x3a196d329b1a8114f0c0ce3f5381f9270f3473cb3e6604dfdb2470a3a15484a8,2026-04-06 15:35:11,0x9ca914b0d793bbb9a945165e34b74b3cec0bf65ac6a5f8f0c3d4e19d6c436e78,btc-updown-5m-1775478900
Will Vålerenga Fotball win on 2026-04-06?,Yes,BUY,303.030302,0.329999997822,0x4d6b869e89f136bf1b81a523a49c51bddaabd3bdc37d04347a2f44507125aa1c,2026-04-06 08:13:31,0x11aef7d86eca9d3af99fe54349c687b05e91c9e90e9aa9dba11110b980b5cff2,nor-vif-vik-2026-04-06
Rolex Monte Carlo Masters: Francisco Cerundolo vs Stefanos Tsitsipas,Stefanos Tsitsipas,BUY,276.8625,0.48,0x52ca1dfe70212b7b58a8e2f76b993efd90080969d3df29944437cefdd7da4b18,2026-04-06 08:12:59,0x902e409d1e7aae488ad0727cb0456f817d8d104a56b0d4376da1a565e9a8cdf9,atp-cerundo-tsitsip-2026-04-06
"Bitcoin Up or Down - April 6, 12:40AM-12:45AM ET",Down,BUY,266.064,0.5,0xa0c457a396169cec32a6723c5e7f112a9014b976296da61b0b05bf2a93a4c9b6,2026-04-06 07:35:31,0xc52d90380cbbe22928ed24b355105040c10a5fb7f6a00b2761d9bfc351696475,btc-updown-5m-1775450400
"Bitcoin Up or Down - April 6, 12:20AM-12:25AM ET",Down,BUY,246.623552,0.5084641206710215,0x9b572d3091a3aad9cb6941c1bc6937a23565e9747807fe4ce936e3e2fb3de30c,2026-04-06 07:17:39,0x7542dbc7b842fe43f7da2b5ede4aede2519866680fc7665e8af858e98927e010,btc-updown-5m-1775449200
"Bitcoin Up or Down - April 5, 11:40PM-11:45PM ET",Down,BUY,331.81113000000005,0.5087542063070986,0x2e790449dc25f543f60045761ef5063487b6ec49635ab6dd4500e32891ba3628,2026-04-06 06:38:55,0xf3ac191260199bd68b45a1ca1d85c1c48609f4adb33e323db44199670dccf053,btc-updown-5m-1775446800
"Bitcoin Up or Down - April 5, 11:35PM-11:40PM ET",Down,SELL,277.76,0.4676818116359447,0x1b9a940023369fa508f7cb65db8ad3fec082b67d6f3d3a341bb03be86cf86930,2026-04-06 06:37:53,0xe2fe53d54f512470793960a0e5df46e4a40806ff9f33e6dc7c3ea8c9d8dd18e7,btc-updown-5m-1775446500
"Bitcoin Up or Down - April 5, 11:35PM-11:40PM ET",Down,BUY,277.768476,0.3429815660851263,0x1b9a940023369fa508f7cb65db8ad3fec082b67d6f3d3a341bb03be86cf86930,2026-04-06 06:37:17,0x5aaf6d2a964c7ff1935fe550b829fe9d0e11a92117daa1608691c8bd70c2f395,btc-updown-5m-1775446500
"Bitcoin Up or Down - April 5, 11:25PM-11:30PM ET",Down,BUY,205.093917,0.5079315893461291,0x656202b52d67cc856388387b543d232ecd95d2c4744d740f522ecae2bca24840,2026-04-06 06:22:37,0x0d5ce754b370b3526379c5fad85e52bf112ee809ecc9f128cd57623e9b866e33,btc-updown-5m-1775445900
"Bitcoin Up or Down - April 5, 11:05PM-11:10PM ET",Down,SELL,315.22,0.36315240149736694,0xb1114b170f19b580a54dd773f220a64bf3a8da65e4bb8d4b5bb7a440cd092e52,2026-04-06 06:06:57,0x6ee74d280d1a90f8456b57742d59b7a583e8ce571a05025c8afc9eb689a2ccfa,btc-updown-5m-1775444700
"Bitcoin Up or Down - April 5, 11:05PM-11:10PM ET",Down,BUY,315.223564,0.30127565778765314,0xb1114b170f19b580a54dd773f220a64bf3a8da65e4bb8d4b5bb7a440cd092e52,2026-04-06 06:06:33,0x77b3e79bbabab693e64b1913ec68dbc0c03c7d1a9cda00b169cc18f4417111b5,btc-updown-5m-1775444700
"Bitcoin Up or Down - April 5, 10:50PM-10:55PM ET",Down,BUY,298.92478800000004,0.5199824240772043,0x524ec88013a8307578955ff65356d27c01c0c56ce94e2a60ee5087a65ac538bd,2026-04-06 05:47:51,0x42b4e4429816bb5efe5bd1aaa5f734f83bea15dd97b74a54017631cfe6615114,btc-updown-5m-1775443800
"Bitcoin Up or Down - April 5, 10:35PM-10:40PM ET",Up,BUY,229.15350600000002,0.5050030909135272,0xe1cab737d089024cc30274284f0f56ee928d8fc7a9eea0ce174f36c3f42386ed,2026-04-06 05:33:49,0x25dc97721827ee793bb5b95a0c424fade14ecfe4caf1cf74a5628098c0e967c5,btc-updown-5m-1775442900
"Bitcoin Up or Down - April 5, 10:20PM-10:25PM ET",Down,BUY,189.16079,0.50999999847,0x7f687b7b9bd8a911b3f69ed8d35a7dc7a968f83dd02a6a3d15e5b79d70866f31,2026-04-06 05:20:35,0xcc0846eb0f85da71c94c8a8e88a935946f0300424c8d912c03f580c4ce1f7e11,btc-updown-5m-1775442000
"Bitcoin Up or Down - April 5, 10:10PM-10:15PM ET",Down,BUY,241.248226,0.507771892679283,0x81998b148f4eae5461b319944323d4404244f5110f9c4c4e3f59ace8b339f624,2026-04-06 05:07:13,0x3ab7aca9ceed2d45d52ba3f60c9134f20da2b6c386ff65ea6562b03b466ede83,btc-updown-5m-1775441400
"Bitcoin Up or Down - April 5, 9:40PM-9:45PM ET",Down,BUY,268.287335,0.5068968949239578,0xfb45c0638f29708fe64aba33f242add884cac275990eec7cc4a413c14816a153,2026-04-06 04:37:35,0x48eafc775cd4af716acb1ab191a6535037f6c985c41577ed72fad21424990e3c,btc-updown-5m-1775439600
"Bitcoin Up or Down - April 5, 9:35PM-9:40PM ET",Down,SELL,213.42,0.49,0xd423dd4cdc1d7158df35862ed4e3043985b94e7d38fdc9077fed8920910d970c,2026-04-06 04:36:37,0x612a6a4979f381593526a482c41786d8d2968d4959074f12839c6b41b0a2d56f,btc-updown-5m-1775439300
"Bitcoin Up or Down - April 5, 9:35PM-9:40PM ET",Down,BUY,213.42223099999998,0.449999997975,0xd423dd4cdc1d7158df35862ed4e3043985b94e7d38fdc9077fed8920910d970c,2026-04-06 04:35:39,0x8b61355ce0c189b3b71041eb271b7ae55ab841264876cfa0bf91b8226f3eddeb,btc-updown-5m-1775439300
"Bitcoin Up or Down - April 5, 9:25PM-9:30PM ET",Down,BUY,255.56408100000002,0.4899999989069231,0x0cce9cd6d98a5266d7a4af0893d628c04025490a07b3a760698d145da4a5a4c1,2026-04-06 04:24:47,0x396283a3b9c6190c36f49a03c3bb7fe4ae97a15ee3dd98d9b7b2ab4bc1185532,btc-updown-5m-1775438700
"Bitcoin Up or Down - April 5, 9:15PM-9:20PM ET",Down,BUY,250.64,0.5,0xbe4494ba2a41d67349363ef17e718fe4227ede462e21b7f843c54858044492d0,2026-04-06 04:14:55,0x0dd525c4d2cef3ec035478b7137ee226f36d030ed0a581b49490bf6768dc3f8b,btc-updown-5m-1775438100
"Bitcoin Up or Down - April 5, 9:00PM-9:05PM ET",Down,BUY,258.216512,0.5158036752821181,0x7fb1222317d14e48627d7f8466224a13787be02e2fd97060db1d887930cc05d7,2026-04-06 03:56:03,0x087196ff3dbc868f539f225348b336e5d295cf4d3a869644bd42b9b6fcb2ad65,btc-updown-5m-1775437200
"Bitcoin Up or Down - April 5, 8:35PM-8:40PM ET",Up,BUY,379.340284,0.5085763570977453,0x5b43cfb955b57f2928e5b3a162acf1738de9558d0d78cdc12a33d71d1d32c59d,2026-04-06 03:33:11,0x750b3dd2e504e458ac30a7eee1016c3729a34d4d3f028060e87849bb3a5ae827,btc-updown-5m-1775435700
"Bitcoin Up or Down - April 5, 8:25PM-8:30PM ET",Up,BUY,231.36,0.5,0x10ef2ed87178bacb332da132f24b92ef16f43831249ffc2dfc6ac3fca6c05663,2026-04-06 03:20:31,0x3b7c060717564fb1611152343c6043b84e62a54cb1f352817cf664770390a9c8,btc-updown-5m-1775435100
"Bitcoin Up or Down - April 5, 8:10PM-8:15PM ET",Up,BUY,266.02393,0.47003100396814634,0x7508229eedb8d210aca04de6b46ab1ab10fe82d69d100c49e40d43824110cf38,2026-04-06 03:09:47,0xc1627902bb2f1f8fb910963ad4e681d8c03c23104274bc8e2288d579cb01bf71,btc-updown-5m-1775434200
"Bitcoin Up or Down - April 5, 6:55PM-7:00PM ET",Up,BUY,264.03317000000004,0.47370518607704654,0x72caf93bac20581eb360b7bef68cc81412d3b07e3b1e839db916e8762a61f2c9,2026-04-06 01:53:29,0x8b5a214167adc997be85d70d390a3e83a45279f4a51e1a56307d6b44ec0ecfd3,btc-updown-5m-1775429700
"Bitcoin Up or Down - April 5, 6:15PM-6:20PM ET",Down,BUY,257.38582,0.48640097699248547,0x2afc1a1a2fc5a7d904a5a444363cf4c74a46593564974662c64343840b3e3866,2026-04-06 01:13:27,0x65bb5c5a7a2a8d0d1ba648b9ef81a1a2ca8ccebc577b5f10d690cce25e72cfe2,btc-updown-5m-1775427300
"Bitcoin Up or Down - April 5, 5:20PM-5:25PM ET",Down,BUY,248.67501799999997,0.5242827784352845,0xa17587ea224742ad0a9694fb4e1c83d97fe27caef20daf048f9b62dac1f0848a,2026-04-06 00:18:39,0x206b7298d7005b0b838a55f07d34039b9fc4828b5dc4ac62c66097fe47cf375e,btc-updown-5m-1775424000
"Bitcoin Up or Down - April 5, 5:05PM-5:10PM ET",Up,BUY,222.459796,0.5027747793570695,0x74176141d1dd4f9601ca1934a62f7a56f4fd9916afc86bf2b3477fb67c63f322,2026-04-06 00:02:29,0xac7b6362d3a59140cdfaf56ae5901071a01eace06d0683346917775b73d3dae7,btc-updown-5m-1775423100
"Bitcoin Up or Down - April 5, 4:55PM-5:00PM ET",Up,BUY,202.961222,0.4740469170495915,0x5417a3f566aa4a52912ffa3464af0eb7dc10eb304c1cbd5c1a9255c179f26b89,2026-04-05 23:54:59,0x022738c0141951878cb531a048680695823f6fab23ae365d883148bd65cfb086,btc-updown-5m-1775422500
"Bitcoin Up or Down - April 5, 4:40PM-4:45PM ET",Up,BUY,278.68623099999996,0.4479326171237591,0x468b1a514a3c0234966bdf9c122b3869540ec66ebb3a5b7be6f9ecac88380786,2026-04-05 23:39:05,0x99ffcb8697321187c6022f0982c8328b6aab1beb64ce8007179c72558aee922b,btc-updown-5m-1775421600
"Bitcoin Up or Down - April 5, 2:15PM-2:20PM ET",Down,BUY,253.70092000000002,0.4937363842697107,0x62bea2c039277810571e1e52ac1446af308b7df2e776161c3736544f1ca3508f,2026-04-05 21:11:01,0x9f3ce81937680e84e7fc2c4f22e561bfe2bd63a1e262d31eaf0eca6dd16137f1,btc-updown-5m-1775412900
"Bitcoin Up or Down - April 5, 1:35PM-1:40PM ET",Up,BUY,421.352272,0.5034619600686834,0x7fa525e85e2a08c844ddd094cf8d1db37554444a6db83310c2bdecd700487faa,2026-04-05 20:31:55,0x3a1779a71896244c59a47a54714784ad99c58ed0f8f31c867eb738281ad8c017,btc-updown-5m-1775410500
"Bitcoin Up or Down - April 5, 1:25PM-1:30PM ET",Down,BUY,296.598098,0.41999999883692307,0x23ca3e65cad61d8842d62cccfb2c5630b1bf244eade1a194a654e35b5f7f2eb5,2026-04-05 20:23:03,0x9f038df0c41b400476f7c10115484c16f918b166fc9aaa080d776314fd939e8d,btc-updown-5m-1775409900
"Bitcoin Up or Down - April 5, 1:15PM-1:20PM ET",Up,BUY,261.77486400000004,0.47794332705337855,0x734abac0c8811f6b8f05c80bd3b89e4542c6a3abf31c108980dd70413cb2d809,2026-04-05 20:15:47,0xcf4b018ae129f08d9cb46e6f118524aa10e51e4a10f1cf0dd67f149dd2ac64f2,btc-updown-5m-1775409300
Will FC Metz win on 2026-04-05?,Yes,SELL,278.33,0.54,0x0c4109553b062ba20856b3287f73f131760ffb9081d62d44e289359fed9dc7cc,2026-04-05 19:08:29,0x153cb56eefc233f0005984f9fde15aa471c416176ae35999d95e06617d98f8c1,fl1-met-nan-2026-04-05
"Bitcoin Up or Down - April 5, 11:40AM-11:45AM ET",Up,BUY,253.38781,0.49436988754986483,0x97379c34388937fa4e471bcf10e0165a68625ebfdd8b2f2dbebc08f9a91615f3,2026-04-05 18:37:21,0x34f417e9524931bcfae5eced3661395602c088aff8d8c5946625eccd2eca0523,btc-updown-5m-1775403600
"Bitcoin Up or Down - April 5, 11:35AM-11:40AM ET",Up,SELL,160.2,0.34872159800249686,0x62ddcc6d9da9c04e5223f43155887ff6e395b3dd972d4cce52bc66c8fa8686d4,2026-04-05 18:36:45,0xfa6e2566d9674d2c175f30d5a417036ad9bd8838ff34bc37a1ab554af6971ad6,btc-updown-5m-1775403300
"Bitcoin Up or Down - April 5, 11:35AM-11:40AM ET",Up,BUY,160.200625,0.2962951227481089,0x62ddcc6d9da9c04e5223f43155887ff6e395b3dd972d4cce52bc66c8fa8686d4,2026-04-05 18:36:23,0x21f7747ed1a2485d828e8623ca4996a2de7e9d6c274c159b308c36cd68dc25c6,btc-updown-5m-1775403300
Will FC Metz win on 2026-04-05?,Yes,BUY,278.338887,0.3592742648281122,0x0c4109553b062ba20856b3287f73f131760ffb9081d62d44e289359fed9dc7cc,2026-04-05 18:34:09,0x25c0b98eb6038cde06e7d15ec3139fc4344b9779cf2dcdd541e8f3f7bec68c0b,fl1-met-nan-2026-04-05
Will Paris FC win on 2026-04-05?,Yes,BUY,322.580644,0.309999998016,0xb8e93b456e0ffeddd7e8035ebb4bc0c1ae6f691c1ef1948f8ed691419d062054,2026-04-05 18:33:35,0x15d0fe05f4e6e8f16e8e05b60202822372321a80b4dbffb561c55e58742771dd,fl1-lor-pfc-2026-04-05
"Bitcoin Up or Down - April 5, 10:30AM-10:35AM ET",Down,BUY,276.59404,0.5055718868835545,0x2d3ff0cc2f73ae6dddfd53ba6e9360a65b1f84f281920808cc7e7b017466ed73,2026-04-05 17:25:53,0x1968fdf2d16bfa42c8576b40f015603f0fc710a5825ded6bc695de5c1c1ca49b,btc-updown-5m-1775399400
"Bitcoin Up or Down - April 5, 2:40AM-2:45AM ET",Up,BUY,459.90743499999996,0.5118964859701077,0x2c04164b5f3cb6c389abdc30e5cde7f530e3105169df7f00085d02f6e233290d,2026-04-05 09:39:01,0x316cdd6d84ac56edf847bda71990ad09fbe363cc16b3fa000ff547c357f9a2aa,btc-updown-5m-1775371200
"Bitcoin Up or Down - April 5, 2:35AM-2:40AM ET",Up,SELL,275.88,0.4017674351167174,0xbece15db9cc67754086c1840d32e2da06a63ca1d5a1926e7ebec6b6f33ea0ec4,2026-04-05 09:36:33,0xb5b9c2e806e8c4d756473b9a9a7247e7efb8e9cb414fbd5a03fc4cd00abe6938,btc-updown-5m-1775370900
"Bitcoin Up or Down - April 5, 2:35AM-2:40AM ET",Up,BUY,275.88385,0.3453873519151729,0xbece15db9cc67754086c1840d32e2da06a63ca1d5a1926e7ebec6b6f33ea0ec4,2026-04-05 09:35:41,0x9ce57a00b960b241e89de3ad2c88fc15e325b5614230974b555fb2c872812124,btc-updown-5m-1775370900
"Bitcoin Up or Down - April 5, 2:20AM-2:25AM ET",Down,BUY,245.690835,0.5186402713604502,0xf95b86b17e4c81665599d08de008a4bc1ea4694314d57bd2c698c2d0a09f7ea9,2026-04-05 09:19:29,0xa7d266791b350fec5cb44c0174952cea8e0f57ad175058824b5d09c2d6c63554,btc-updown-5m-1775370000
"Bitcoin Up or Down - April 5, 2:10AM-2:15AM ET",Down,BUY,329.91461499999997,0.5361645026544611,0x2fa1d7cbd923268028c79eb553b8b5d85d2f1306882eec9c9615249bd718a475,2026-04-05 09:07:41,0x224f664e3ad08134db42633b127a7bc250e3a19cb53744d51de9a77df342fae6,btc-updown-5m-1775369400
"Bitcoin Up or Down - April 5, 1:55AM-2:00AM ET",Down,BUY,308.36172799999997,0.5001992199718245,0x557a318493fa0b84ec8bda69af81fac59aa1e521b84c7133f1a99564d5458054,2026-04-05 08:51:51,0x1e85c5c541d3485d2d75da6c6deed5ebec46c03de3f804abb7e87241de0a1b47,btc-updown-5m-1775368500
"Bitcoin Up or Down - April 5, 1:30AM-1:35AM ET",Down,BUY,669.753465,0.3564164200537042,0x0e7f4b352fa7fe6000eb5c36f69a832d6009cf988693341723010d2ff4ac10ec,2026-04-05 08:32:25,0xa69cca82bbdb18928fa2b25795f7afbe213f48ef171b3fa9e977c267b91defa4,btc-updown-5m-1775367000
"Bitcoin Up or Down - April 5, 1:25AM-1:30AM ET",Down,BUY,445.848056,0.542248582907063,0x048f6c10d403e74ba63f9903ed68214c23311a26c2d9da1d7ccc2670432e6168,2026-04-05 08:21:53,0xa334ee68e6e6ece53fddf9ed82b2475d8120a903953e2adc690e5f1a8f4c3fa1,btc-updown-5m-1775366700
"Bitcoin Up or Down - April 5, 1:10AM-1:15AM ET",Up,BUY,315.498088,0.4599999991470199,0x14a3f02cdde264ee5a0a6fa14f304bf8c468f448a56cc984e709cf7c79827c81,2026-04-05 08:08:07,0x3e0c45a14a288917914fc4fa1f508d36a6fa64a19125f6ebe0482e77a6a22415,btc-updown-5m-1775365800
"Bitcoin Up or Down - April 5, 1:00AM-1:05AM ET",Down,BUY,202.17132,0.4759674514418006,0x255fd906834609b78ade74fee151ae31a54095b428cef43569121100e562bc97,2026-04-05 07:59:55,0xcbfe63f885ebb0b3d3cbbfa868aa2bd9d99924f08c61c3a755bd2a5da68ccd32,btc-updown-5m-1775365200
"Bitcoin Up or Down - April 5, 12:50AM-12:55AM ET",Down,BUY,326.536,0.45,0x413415d893306b82bd520b07a86dd3394242e59cf422b32bbd9e53b7645e8f82,2026-04-05 07:47:57,0x50b6633bba852f424b4acce14fd21e2d93a0cb267f5575313017a2aa4b5f5b5b,btc-updown-5m-1775364600
"Bitcoin Up or Down - April 5, 12:40AM-12:45AM ET",Up,SELL,271.62,0.07587143803843605,0x88a02e738c17d04e943810d81feb1db8d199e3f2857677db586be0457a860013,2026-04-05 07:43:21,0xbbb245a7e2249c498d6ff7a20c78b2c9e01a30fc940562f1b62fef39dc270aa8,btc-updown-5m-1775364000
"Bitcoin Up or Down - April 5, 12:40AM-12:45AM ET",Up,BUY,271.620874,0.4599999991507692,0x88a02e738c17d04e943810d81feb1db8d199e3f2857677db586be0457a860013,2026-04-05 07:39:25,0x08ae45e132558c0b6889b020924aecec226dfa342a2d1bb9d0e494dfc39308e4,btc-updown-5m-1775364000
"Bitcoin Up or Down - April 5, 12:30AM-12:35AM ET",Down,BUY,196.587761,0.489999999069,0x7b13eda368553b0b48183ea63ea3d9c5057f36c03afaec09d99d1beb3125f18e,2026-04-05 07:28:57,0x631f135a6ac0c043f2e7a3007ad8c44029dbbf9af5b3c05903a1f629530a7bd4,btc-updown-5m-1775363400
"Bitcoin Up or Down - April 5, 12:15AM-12:20AM ET",Down,BUY,208.346248,0.4852922028498503,0xa7f37d75fd57b3566f01d193bfec14a773683c844369e4f53a8b16b61a057896,2026-04-05 07:15:41,0xc0796e17ef8599fb74b276f65f59f217225eab214044e291a25a0dfaed9d5ccb,btc-updown-5m-1775362500
"Bitcoin Up or Down - April 5, 12:05AM-12:10AM ET",Up,BUY,235.63196,0.49059007356398154,0x9776227b80a2b8a76e4ec8f45f2ae2b71e3a32aefcf4bdf028bff902146052b5,2026-04-05 07:04:25,0x57df016d5e811a16bb26be5dfc83e367c49df94b9a6bf7b36a8f23a51b74a660,btc-updown-5m-1775361900
Flames vs. Ducks,Flames,SELL,227.27,0.8104219650635808,0x2a6f15b1d468dafc56d89f4792c6cb20cdd64e0e2923c5083c02fa610372f4f1,2026-04-05 06:41:23,0x16acd61eab61923b1ee0a35586d2c9995a64c287b938038f2e93738b5520c95c,nhl-cal-ana-2026-04-04
Flames vs. Ducks,Flames,BUY,227.272726,0.439999998064,0x2a6f15b1d468dafc56d89f4792c6cb20cdd64e0e2923c5083c02fa610372f4f1,2026-04-05 05:53:19,0x3870c9cda69c0a71c53e5135b7bcbc16a9e56fafc3a0919b8c354bfa49ba68e0,nhl-cal-ana-2026-04-04
"Bitcoin Up or Down - April 4, 10:40PM-10:45PM ET",Down,BUY,231.23281,0.5002857006588846,0xb188c65552b608e12e62f59f7cc04a01f64cd99dd649609be45acb6409a8a9e6,2026-04-05 05:38:55,0x37349364ccdc8d6983c20f28d9f58605c191c0991dcfb179fb7c10fc3f6a4436,btc-updown-5m-1775356800
"Bitcoin Up or Down - April 4, 9:25PM-9:30PM ET",Down,BUY,256.08263,0.4889701461155647,0xe31090d47fd1ce8388fcc68553a63f5fdb6b618fd055f42f2a73fafbebf4d71a,2026-04-05 04:22:41,0x08995778a8cade3330ebd6e8bfb23b7b7c35317f0ea1aae54416033ee6552713,btc-updown-5m-1775352300
Jets vs. Blue Jackets,Jets,SELL,337.77,0.8,0x055555e34395d6587cf038f349edaed830f14c0d6853aee428e42bdd29d3c990,2026-04-05 04:10:17,0x38c724fa9cc095bd0996d18e35ca2244d83814c0ee5fcfff062aeafeef4f9a26,nhl-wpg-cbj-2026-04-04
Jets vs. Blue Jackets,Jets,BUY,337.777776,0.44407894674515236,0x055555e34395d6587cf038f349edaed830f14c0d6853aee428e42bdd29d3c990,2026-04-05 04:04:55,0xb1a44d89b1716a941dab2af31e0423f619f08e38f66bd8336dc7b545891dc6de,nhl-wpg-cbj-2026-04-04
"Bitcoin Up or Down - April 4, 6:50PM-6:55PM ET",Down,BUY,701.7721859999999,0.5234291025392853,0xccbd329bee8a180e105628720dbaef6a316b73a34c9b2b83c586724f72a8312c,2026-04-05 01:46:59,0x60bdf4adba3e56aa074aaa712d89fbd53b680b74c404285da1caab126c6c202f,btc-updown-5m-1775343000
"Bitcoin Up or Down - April 4, 6:40PM-6:45PM ET",Down,BUY,226.992946,0.50999999932,0xf404646cffa92f1c5b8e469662c78f5367401b382a1d05c7102a849e47b594ac,2026-04-05 01:37:25,0xc0ca65f8371ce19bc4c2602d7f3b9e777c6075bebd3bfdc21a0bfa5d84570cbe,btc-updown-5m-1775342400
"Bitcoin Up or Down - April 4, 6:30PM-6:35PM ET",Up,SELL,237.59,0.4967574392861652,0xaae65db0346c91f674bb1f62ae2cfb6f852d39b784216fe9f6dad41975b92fd2,2026-04-05 01:32:49,0x7dcc0402e0f6362629756e506a21afdef2b1f817f659589abd1fb955808f683f,btc-updown-5m-1775341800
"Bitcoin Up or Down - April 4, 6:30PM-6:35PM ET",Up,BUY,237.59449,0.48638487148495735,0xaae65db0346c91f674bb1f62ae2cfb6f852d39b784216fe9f6dad41975b92fd2,2026-04-05 01:30:19,0x95322bd98c86a6dea43574b5a746e8c972ec128f4838c125c9fc8a4c31666d55,btc-updown-5m-1775341800
"Bitcoin Up or Down - April 4, 6:25PM-6:30PM ET",Up,SELL,241.57,0.3863625450180072,0x9c1c7a1513d813aae4ef40f1982b1e6a963ca41df6e33da97798f99a4b6bbb16,2026-04-05 01:29:19,0x5bd735bdcd1263c2ff857ac95e6691db0d012e523467717ba64ee40825b8bf91,btc-updown-5m-1775341500
"Bitcoin Up or Down - April 4, 6:25PM-6:30PM ET",Up,BUY,241.57383,0.39594865337862983,0x9c1c7a1513d813aae4ef40f1982b1e6a963ca41df6e33da97798f99a4b6bbb16,2026-04-05 01:27:55,0xb35ccbb558f39ae3c6c06ca30e9ff0084b41c7f02eb485c0c52ed7640322cf97,btc-updown-5m-1775341500
"Bitcoin Up or Down - April 4, 6:20PM-6:25PM ET",Down,BUY,264.863345,0.47216603900363885,0xd796b6eec7afd4ed964bc957c9ccb7f3da4836fcc8cdfc0e478091d1ed3580ba,2026-04-05 01:20:29,0x55536a193d6903acb2eddebcfcd34675cb9c67dd899f00456b73fdfbdb1fa6b2,btc-updown-5m-1775341200
"Bitcoin Up or Down - April 4, 6:15PM-6:20PM ET",Down,BUY,477.34616,0.4299103648938569,0xf9f8eafc681681059be725832d9ffeab5d4d1e35079e05c1051dca6ab583aa98,2026-04-05 01:11:11,0x4390a13180b84618f73e307642b8c0ebc4eda3eda7f1077aaa429790576a6f77,btc-updown-5m-1775340900
"Bitcoin Up or Down - April 4, 6:05PM-6:10PM ET",Down,SELL,19.8,0.15,0x83525710f25c861c3b5ff8c0f5aae9b9b781140bb30b69e279fdfce17cc12e02,2026-04-05 01:09:55,0xa3c2b706ef4964260de12178f2d49e0d989db345f935526c94b27bbc46cabf59,btc-updown-5m-1775340300
"Bitcoin Up or Down - April 4, 6:05PM-6:10PM ET",Down,BUY,296.995809,0.4194192650478092,0x83525710f25c861c3b5ff8c0f5aae9b9b781140bb30b69e279fdfce17cc12e02,2026-04-05 01:02:53,0xb36d5f4ef4fcebd739de5984b737b117b3b1de8747a87fb54b874f8f4542981e,btc-updown-5m-1775340300
"Bitcoin Up or Down - April 4, 5:55PM-6:00PM ET",Down,BUY,246.11293700000002,0.5095607332840845,0x72bbb5db38e459f078ad80dfc918043ac33381e9cf1a978360ed0093d9bf3ff9,2026-04-05 00:50:17,0x601c6bf63baa532e1a03171cc00056ee4dd7db0988c60ac7a439d006cb9ad6d9,btc-updown-5m-1775339700
"Bitcoin Up or Down - April 4, 5:45PM-5:50PM ET",Down,BUY,318.26881000000003,0.4215597711532671,0xba04130c34fbbec9cec863a05c1c848480673e841520299d7c75309c5fcbad41,2026-04-05 00:44:33,0x5811411bbb90c5d37c0d49b3c90b059b2227abfe81420204fffa4b7873456882,btc-updown-5m-1775339100
"Bitcoin Up or Down - April 4, 5:30PM-5:35PM ET",Down,BUY,217.662776,0.44093309185955665,0x079da21ba506d95ae4256a64b600bd67c76151b19e92edaff22089e5b29f350a,2026-04-05 00:30:35,0x419c9f049489f5c4c9ad514edc6fd3a8a5f74bfddf9607afca345f984354a25a,btc-updown-5m-1775338200
"Bitcoin Up or Down - April 4, 5:20PM-5:25PM ET",Down,BUY,326.833692,0.3799999983630769,0x11a9809fdb5bf336c32028682a0bbd6fc0f53f33fe4ac91aa422340df5794837,2026-04-05 00:19:27,0xd7ae63217327af4de490c2493da7e9e338fe3a1f6f1cc71c4c6cb1e0c475fab1,btc-updown-5m-1775337600
"Bitcoin Up or Down - April 4, 4:55PM-5:00PM ET",Up,BUY,264.82510199999996,0.5099999999271428,0x5b70b093d29236d1e1686b8551d79f8b1c127ed42f358c93305691913d62740f,2026-04-04 23:53:25,0x09272ae332113182af3f3c4a921a0f23200025f1664cc58a82b0c9382da1c2a7,btc-updown-5m-1775336100
"Bitcoin Up or Down - April 4, 4:50PM-4:55PM ET",Up,SELL,220.15,0.363524415171474,0x56ca3bf02b38b72bb10cfe0045c0825fc31523704600173a9ecc5ed762d3a4f1,2026-04-04 23:53:05,0x91a8b3ead1353c8838b68c961d309b41f2f87d6941d0604c81f95a6433a83733,btc-updown-5m-1775335800
"Bitcoin Up or Down - April 4, 4:50PM-4:55PM ET",Up,BUY,220.15574999999998,0.4356649816977514,0x56ca3bf02b38b72bb10cfe0045c0825fc31523704600173a9ecc5ed762d3a4f1,2026-04-04 23:52:29,0xc1f383be88d5c6ef28e8ce06fcbbb54af6669d9cc46e5c71837c64ca1542b80c,btc-updown-5m-1775335800
