Market Title,Outcome,Side,Size,Price,Condition ID,Timestamp,Transaction Hash,Event Slug
"Bitcoin Up or Down - May 5, 11AM ET",Down,BUY,20,0.45,0x48939a26d8893e2931e92585841062e00177053e1614b795ed571d30e4381c71,2026-05-05 18:10:02,0xc63ffe96ba1ad49baa9d1941ea0844917248f229728e1346c0569affa8df207f,bitcoin-up-or-down-may-5-2026-11am-et
"Bitcoin Up or Down - May 5, 11AM ET",Down,BUY,79,0.44,0x48939a26d8893e2931e92585841062e00177053e1614b795ed571d30e4381c71,2026-05-05 18:10:02,0x7a1dac07681b8a356e9b6d738fa29025664ec70e7530018651740dd120cf29c3,bitcoin-up-or-down-may-5-2026-11am-et
"Bitcoin Up or Down - May 5, 11AM ET",Down,BUY,38,0.46,0x48939a26d8893e2931e92585841062e00177053e1614b795ed571d30e4381c71,2026-05-05 18:08:12,0xc8772a074e88e9e686180628eb1db7cf3709066fea6668ab1c5385dc54ecc42f,bitcoin-up-or-down-may-5-2026-11am-et
"Bitcoin Up or Down - May 5, 11AM ET",Down,BUY,50,0.454268,0x48939a26d8893e2931e92585841062e00177053e1614b795ed571d30e4381c71,2026-05-05 18:08:08,0x93cc23ba6d9b03152d96d531c920de7e59389cb8509bd6578633909f6f0aea34,bitcoin-up-or-down-may-5-2026-11am-et
"Bitcoin Up or Down - May 5, 11AM ET",Down,BUY,45,0.45,0x48939a26d8893e2931e92585841062e00177053e1614b795ed571d30e4381c71,2026-05-05 18:08:08,0xfd7e5110cb57ce0e7b6bcff397b98bd19dd153cc820e44ca0a1fa8fa1e610091,bitcoin-up-or-down-may-5-2026-11am-et
"Bitcoin Up or Down - May 5, 11AM ET",Down,BUY,25,0.44,0x48939a26d8893e2931e92585841062e00177053e1614b795ed571d30e4381c71,2026-05-05 18:08:00,0x4ec452b08ed78b1cecdc289cb56a408ca71130423a15e768e848824bf3162937,bitcoin-up-or-down-may-5-2026-11am-et
"Bitcoin Up or Down - May 5, 11:05AM-11:10AM ET",Up,BUY,100,0.32525,0x8ce214c06ea26c610d2266db4906fbe840cd0f3c076369f6db88b6a24153c144,2026-05-05 18:05:44,0xe4eaa542d8262b85fe93ae3f957680ef7cc2152925a292d60e4aed95ff7c32fa,btc-updown-5m-1777993500
"Bitcoin Up or Down - May 5, 11AM ET",Up,BUY,200,0.5,0x48939a26d8893e2931e92585841062e00177053e1614b795ed571d30e4381c71,2026-05-05 18:05:06,0x208c4d0b9b23a3ee9889762635bd38b16c13a8c340a7c3ae9d4c181cb07e1be4,bitcoin-up-or-down-may-5-2026-11am-et
"Bitcoin Up or Down - May 5, 11AM ET",Up,BUY,200,0.5,0x48939a26d8893e2931e92585841062e00177053e1614b795ed571d30e4381c71,2026-05-05 18:04:58,0xec27054db73e654718a750b0cdd11c88889e241bfd0d0808de0b139216e89991,bitcoin-up-or-down-may-5-2026-11am-et
"Bitcoin Up or Down - May 5, 11AM ET",Up,BUY,200,0.5,0x48939a26d8893e2931e92585841062e00177053e1614b795ed571d30e4381c71,2026-05-05 18:04:48,0x6c2172c411760f0ba23d35e62540772bce142ee98a19ec1d931ba05523a7b673,bitcoin-up-or-down-may-5-2026-11am-et
"Bitcoin Up or Down - May 5, 11AM ET",Up,BUY,200,0.5,0x48939a26d8893e2931e92585841062e00177053e1614b795ed571d30e4381c71,2026-05-05 18:04:42,0x7ca911ab21f5bd298685adb0177e3c0f2bb335c25aad223b96706e3dd7a6fe99,bitcoin-up-or-down-may-5-2026-11am-et
"Bitcoin Up or Down - May 5, 11AM ET",Up,BUY,200,0.5,0x48939a26d8893e2931e92585841062e00177053e1614b795ed571d30e4381c71,2026-05-05 18:04:42,0x4a6bdb61313352e122780eaff07aec8396887f916e916893c81670b5f3122cf6,bitcoin-up-or-down-may-5-2026-11am-et
"Bitcoin Up or Down - May 5, 11AM ET",Up,BUY,200,0.5,0x48939a26d8893e2931e92585841062e00177053e1614b795ed571d30e4381c71,2026-05-05 18:04:38,0xfb3ed11ac5361ed4326a93d411a5d86a2da88c5b0d148429527dd12bc17e2413,bitcoin-up-or-down-may-5-2026-11am-et
"Bitcoin Up or Down - May 5, 11AM ET",Up,BUY,168.96,0.49,0x48939a26d8893e2931e92585841062e00177053e1614b795ed571d30e4381c71,2026-05-05 18:04:32,0x30309c088412f60a81307bbd8d71f51e085c183838c56defa72db58d93b28f42,bitcoin-up-or-down-may-5-2026-11am-et
"Bitcoin Up or Down - May 5, 11:00AM-11:05AM ET",Up,BUY,100,0.27,0x9bdee0ec9f1a17c609c9dd90baf11375cc22bba7c58f044293274bbf88956bdb,2026-05-05 18:00:58,0x421a146abd7e1065ab161bebeac979b949ee56c2396be49d134ebc5b833948de,btc-updown-5m-1777993200
"Bitcoin Up or Down - May 5, 10:45AM-11:00AM ET",Down,BUY,2,0.52,0x69d970452a86190429549c72f01975e7ba326efad7704dc3ba3070bc23393b4c,2026-05-05 17:45:42,0x78b8d2c095035533713aa0040068953af104154c0a8e5e42c421d6d07f5fdc2e,btc-updown-15m-1777992300
"Bitcoin Up or Down - May 5, 10:45AM-10:50AM ET",Down,BUY,15,0.5,0x0db737568ee48fea6f4ff93eadef50c4e149fe6c1cd5d24be752796949a31a2c,2026-05-05 17:45:26,0x083849a25421fd15c9621f81c8f8817c70889360d2e5ff9ebc6855e14d209235,btc-updown-5m-1777992300
"Bitcoin Up or Down - May 5, 10:30AM-10:45AM ET",Down,BUY,23,0.53,0x7b8b123e7d1e4936c28f8b677d71c8e8ed15cb2ef32b40ce9e2045f598e8d544,2026-05-05 17:36:00,0xf88173753f2584e15e696af7ac82de498f675b6872814f10bf873cf98fd14386,btc-updown-15m-1777991400
"Bitcoin Up or Down - May 5, 10AM ET",Down,BUY,5,0.57,0x0818d4963000861ea15916521e2dd536d2806d533b1108c860ee80fb755b614a,2026-05-05 17:34:40,0x349ff447b4eda96f3786c183ccbcf3a191235cc42e0a05b2480dd450485a1895,bitcoin-up-or-down-may-5-2026-10am-et
"Bitcoin Up or Down - May 5, 10:30AM-10:35AM ET",Down,BUY,100,0.31,0x8427d4de48d2c85af7873b3ecbda78209abcfbd9e070d6631ad36fd8b620c532,2026-05-05 17:31:04,0x1610c3a57b2f0dfc667fa0ea87c751febaaaaae28e32a6d8555dbbf067300e7b,btc-updown-5m-1777991400
"Bitcoin Up or Down - May 5, 10:15AM-10:30AM ET",Down,BUY,2.18,0.25,0x45206d950605849e81cf10a103560dd8177b880b4384b0a00ab440bc0b82b593,2026-05-05 17:23:56,0x9031307c56708bed7dfe206b690b80d7fec2e0e9fd457d80b3492d800100096e,btc-updown-15m-1777990500
"Bitcoin Up or Down - May 5, 10AM ET",Up,BUY,36,0.37,0x0818d4963000861ea15916521e2dd536d2806d533b1108c860ee80fb755b614a,2026-05-05 17:14:18,0xed408f9d953f735d6484758336ebba81ca9fd73d18c6f7177ae3d4c9121ce3af,bitcoin-up-or-down-may-5-2026-10am-et
"Bitcoin Up or Down - May 5, 10:10AM-10:15AM ET",Down,BUY,27.92,0.38,0xd8db2af3bb24d23f69f6b84ec6377b56bad56b160173d0acfd7d4d8cf7f2a837,2026-05-05 17:10:56,0xddca1e742332cf8a6529cbcac5d247caa13fc51560eb1c99e0372c7f3395909d,btc-updown-5m-1777990200
"Bitcoin Up or Down - May 5, 9:55AM-10:00AM ET",Down,BUY,73.36,0.92,0x820a1efcdfbe5f664f151e47a1b516d8f39faf91fa3b717b4c2990cb11711aeb,2026-05-05 16:57:14,0x77059e7bbfdcc7bbd9bab4e5b4b70932b65aaec72b3cf8f3c7371d75d3a78f8a,btc-updown-5m-1777989300
"Bitcoin Up or Down - May 5, 9:55AM-10:00AM ET",Up,BUY,15.78,0.08,0x820a1efcdfbe5f664f151e47a1b516d8f39faf91fa3b717b4c2990cb11711aeb,2026-05-05 16:57:00,0xc2d855e29a4d344f8f1a3726d85264b1f2d572bb41f19f0e5743d47d97adb6c2,btc-updown-5m-1777989300
"Bitcoin Up or Down - May 5, 9AM ET",Down,BUY,95,0.25,0x18e2723ebafe1fb2078b51ea645399ec7f99861b2a6e4979b812bbdc7edcbb30,2026-05-05 16:55:50,0xbab81f9d9f0fd9d846a2824dc00e1832106b29b557f4b0bc0fe2d041663b5a6d,bitcoin-up-or-down-may-5-2026-9am-et
"Bitcoin Up or Down - May 5, 9AM ET",Down,BUY,5,0.25,0x18e2723ebafe1fb2078b51ea645399ec7f99861b2a6e4979b812bbdc7edcbb30,2026-05-05 16:55:50,0x851a4dfce04d829441c4dd414d53e5e5a38a5084f0f88db2ad4a017a21d93a55,bitcoin-up-or-down-may-5-2026-9am-et
"Bitcoin Up or Down - May 5, 9AM ET",Down,BUY,12,0.21,0x18e2723ebafe1fb2078b51ea645399ec7f99861b2a6e4979b812bbdc7edcbb30,2026-05-05 16:55:46,0x440a5cc0c95225e728faaff3a6c579f0eef7780db0b05de0bda55d3a4f1e0e8c,bitcoin-up-or-down-may-5-2026-9am-et
"Bitcoin Up or Down - May 5, 9AM ET",Down,BUY,5,0.19,0x18e2723ebafe1fb2078b51ea645399ec7f99861b2a6e4979b812bbdc7edcbb30,2026-05-05 16:55:02,0x220239a371b950137ef3b543c9981ab8ed5b717b1d4c12ce4de98cada7a655b5,bitcoin-up-or-down-may-5-2026-9am-et
"Bitcoin Up or Down - May 5, 9:45AM-10:00AM ET",Down,BUY,5.78,0.18,0x8d1dbf9c32b43196f3dc2ab6896ae71d9ba1f26cd7f80199a976da1dc54d63de,2026-05-05 16:49:12,0x1acbfa0a083c2d5f74935d9063716042ad9e7f73dced71142ca50414c9efdd63,btc-updown-15m-1777988700
"Bitcoin Up or Down - May 5, 9AM ET",Down,BUY,10,0.2,0x18e2723ebafe1fb2078b51ea645399ec7f99861b2a6e4979b812bbdc7edcbb30,2026-05-05 16:46:50,0x97da1066c7cf5cdde2e1c86708631425fdb769a76a146c2dd9044e90664cfa12,bitcoin-up-or-down-may-5-2026-9am-et
"Bitcoin Up or Down - May 5, 9:45AM-9:50AM ET",Down,BUY,20.47,0.21,0x431eeb3121a5d30d85b7cb6bcc2c66f081b67654b840be74ba9e414ab4cf63b9,2026-05-05 16:46:48,0xa110d24fbe12950da6fde108d6881f3f347dbe5cf60e94b37b5875942b52c68c,btc-updown-5m-1777988700
"Bitcoin Up or Down - May 5, 9AM ET",Down,BUY,20.51,0.31,0x18e2723ebafe1fb2078b51ea645399ec7f99861b2a6e4979b812bbdc7edcbb30,2026-05-05 16:45:34,0x6fff8cc3dd630c034519f666053701cfe8b61b9d3be7f8db6ba878ba3141d4d8,bitcoin-up-or-down-may-5-2026-9am-et
"Bitcoin Up or Down - May 5, 9:40AM-9:45AM ET",Down,BUY,1,0.37,0xe6948c124ef8ec6619bd60a83cf5bf10777c1daaa513ffc34757c1ac1f1ce9c9,2026-05-05 16:43:48,0xb4458922dd830a8879ed026eb9f16cd4fe0d77c1e4b0b486fba079f9c71d50a5,btc-updown-5m-1777988400
"Bitcoin Up or Down - May 5, 9:30AM-9:35AM ET",Down,BUY,15.31,0.02,0xe5b1a908f3cf5e8330a9905d75c683b46abbe8f6cc6bd9b0a03d4c107841e2d1,2026-05-05 16:35:02,0x92934d6c89ede71fb1e777260d5f9d6752cbec9c1a090e7c7e6dc5a06858efa6,btc-updown-5m-1777987800
"Bitcoin Up or Down - May 5, 9:30AM-9:35AM ET",Up,BUY,100,0.25,0xe5b1a908f3cf5e8330a9905d75c683b46abbe8f6cc6bd9b0a03d4c107841e2d1,2026-05-05 16:30:54,0x5652012d2da65bc844c7afcc92752f2efdb7a048430cedac1502e2334afdf351,btc-updown-5m-1777987800
"Bitcoin Up or Down - May 5, 9:15AM-9:30AM ET",Down,BUY,5,0.35,0x1ff344dc6889177b25e44365f1a75f4d2f88c29bee133b60956f238a52972087,2026-05-05 16:22:24,0xa368750104344cbc4df52a1405024bd78c79e14c9bd2fdbfbfbfcdd089566f01,btc-updown-15m-1777986900
"Bitcoin Up or Down - May 5, 9AM ET",Up,BUY,109.06,0.7,0x18e2723ebafe1fb2078b51ea645399ec7f99861b2a6e4979b812bbdc7edcbb30,2026-05-05 16:20:54,0x6c9ee50d9abdeebc8e8e012171dc140bb731e6e413137d923ff9215802468331,bitcoin-up-or-down-may-5-2026-9am-et
"Bitcoin Up or Down - May 5, 9AM ET",Up,BUY,6,0.71,0x18e2723ebafe1fb2078b51ea645399ec7f99861b2a6e4979b812bbdc7edcbb30,2026-05-05 16:20:54,0xf321b0fd67283c7268daa76b26929dae0348657faa55c00bf2e81dd75ae3d688,bitcoin-up-or-down-may-5-2026-9am-et
"Bitcoin Up or Down - May 5, 9:20AM-9:25AM ET",Up,BUY,31.84,0.47,0x2b1a2647f47d8db0aa1633c1d8f445fa2250d501e8e97a39fc121405b54b0a5f,2026-05-05 16:20:08,0x5d02f85eae07b73ee49a75ca4086f24f6fc889f125296fda9081191c4833c1b8,btc-updown-5m-1777987200
"Bitcoin Up or Down - May 5, 9:15AM-9:30AM ET",Down,BUY,162,0.8,0x1ff344dc6889177b25e44365f1a75f4d2f88c29bee133b60956f238a52972087,2026-05-05 16:18:12,0xec0c7064897f0201e5d35775cb36a55520fa5469ea08d9eedd63e3da8a9d3e8a,btc-updown-15m-1777986900
"Bitcoin Up or Down - May 5, 9:15AM-9:20AM ET",Up,BUY,100,0.48,0x5156ae4fccf34f42f5f30598aee94d6b9f3657a501b9ab5051b8486a1ce383f8,2026-05-05 16:15:14,0x85fbebd76dbb74f0b075129a997188d0ef84c146292efac9747f08406de88536,btc-updown-5m-1777986900
"Bitcoin Up or Down - May 5, 9:10AM-9:15AM ET",Up,BUY,100,0.48,0x252b37286e1da3577396e31d7bf27f7baeb4bea1a6b51706b6174aea70342d0f,2026-05-05 16:10:12,0xcc3829f5916b9ee523e9d2d42dfff43d6b77e75d21b6b999544b0eb10c00d2e0,btc-updown-5m-1777986600
"Bitcoin Up or Down - May 5, 9:10AM-9:15AM ET",Up,BUY,100,0.48,0x252b37286e1da3577396e31d7bf27f7baeb4bea1a6b51706b6174aea70342d0f,2026-05-05 16:10:12,0x72872b0be7d19c0a33869065f9273015af11533222a7f9d6747d13d1094be6ec,btc-updown-5m-1777986600
"Bitcoin Up or Down - May 5, 9:05AM-9:10AM ET",Down,BUY,7,0.02,0xb39326bdb16a05f2339749bd3ea8a722e520ba8130b1432af0f9c86334c7b9f5,2026-05-05 16:08:26,0xf48ae5096a05da597aeffc25568add31a3b901d89b615f4427b6f7a323a2f746,btc-updown-5m-1777986300
"Bitcoin Up or Down - May 5, 9AM ET",Down,BUY,3.63,0.44,0x18e2723ebafe1fb2078b51ea645399ec7f99861b2a6e4979b812bbdc7edcbb30,2026-05-05 16:03:56,0x3f78b7a6e735efb1892a0e31e078db7e8f55ca31cf2a9a594f4399dfe03db560,bitcoin-up-or-down-may-5-2026-9am-et
"Bitcoin Up or Down - May 5, 9AM ET",Up,BUY,200,0.47,0x18e2723ebafe1fb2078b51ea645399ec7f99861b2a6e4979b812bbdc7edcbb30,2026-05-05 16:00:46,0x7c05c8c6b737e0db54c269ba9dd261695417f5a52a957129ce914a99d27b3483,bitcoin-up-or-down-may-5-2026-9am-et
"Bitcoin Up or Down - May 5, 9:00AM-9:15AM ET",Up,BUY,200,0.51,0xb2cafe53a95ffaa4084194ad98eba51c99ee350a02ac288b69fda3fe1d10fc1d,2026-05-05 16:00:44,0xee48f2e3610c35c21d5766f2e92cfe7f0b4aabe4aaaa2aa878fb1568efac5793,btc-updown-15m-1777986000
"Bitcoin Up or Down - May 5, 9:00AM-9:15AM ET",Up,BUY,200,0.51,0xb2cafe53a95ffaa4084194ad98eba51c99ee350a02ac288b69fda3fe1d10fc1d,2026-05-05 16:00:44,0x7c9f18de9ccb2664cdcfac94477228ad8f3aba86f9ebb949d7241ff3097fd287,btc-updown-15m-1777986000
"Bitcoin Up or Down - May 5, 9:00AM-9:15AM ET",Down,BUY,200,0.5,0xb2cafe53a95ffaa4084194ad98eba51c99ee350a02ac288b69fda3fe1d10fc1d,2026-05-05 16:00:20,0x3605f04a196278c5b3fe7013b73a50b0dbe932f1e0c9080343eeeb599fe5f271,btc-updown-15m-1777986000
"Bitcoin Up or Down - May 5, 8:50AM-8:55AM ET",Down,BUY,15,0.15,0x79b35e7619d979cda5f90387eb6c2e12ff3cb63570e5dd34d6390bd620e0840f,2026-05-05 15:51:24,0x5044d31be15edc73f5710383fdf4df44b70102ff64af403363c7cc3cfd020aa3,btc-updown-5m-1777985400
"Bitcoin Up or Down - May 5, 8:45AM-8:50AM ET",Down,BUY,15,0.78,0x96c6bb76f73d19bf9facff85e5e7c358a04427dcb7031ae914de0428472ae9d1,2026-05-05 15:46:46,0xb32eab0db35a64098d80c96f2530b86a7b9de75194f69a284c488cedde4e8127,btc-updown-5m-1777985100
"Bitcoin Up or Down - May 5, 8:45AM-8:50AM ET",Down,BUY,10,0.78,0x96c6bb76f73d19bf9facff85e5e7c358a04427dcb7031ae914de0428472ae9d1,2026-05-05 15:46:42,0x0aa2aed424c1b593947cb9931039f95e194fc3683d70defa06bd32a860ff2e3a,btc-updown-5m-1777985100
"Bitcoin Up or Down - May 5, 8:45AM-8:50AM ET",Up,BUY,100,0.13,0x96c6bb76f73d19bf9facff85e5e7c358a04427dcb7031ae914de0428472ae9d1,2026-05-05 15:46:10,0xc1ce2f6d18e2aac1411744f793ea613c2020ba9be05de915eedc6ad18a27caae,btc-updown-5m-1777985100
"Bitcoin Up or Down - May 5, 8:40AM-8:45AM ET",Up,BUY,100,0.47,0x5da07f07a932913b68d432650825480e8a51b7300d901f2dd6b2606f3b8c31ba,2026-05-05 15:40:40,0x8d1986d592a683c9be5f1d4b586a186bd3bcd5d1c68f9918d6b62e0d67fa14b3,btc-updown-5m-1777984800
"Bitcoin Up or Down - May 5, 8:40AM-8:45AM ET",Up,BUY,100,0.46,0x5da07f07a932913b68d432650825480e8a51b7300d901f2dd6b2606f3b8c31ba,2026-05-05 15:40:40,0x897f6efa291e116ac6ff10a23184542a4a3307658cf4e5d65f7956f2e5745ea3,btc-updown-5m-1777984800
"Bitcoin Up or Down - May 5, 8:40AM-8:45AM ET",Up,BUY,100,0.47,0x5da07f07a932913b68d432650825480e8a51b7300d901f2dd6b2606f3b8c31ba,2026-05-05 15:40:40,0x646dc0c18d9f0c329cb823c294b7d63c41e5a9748e3e6be73d8736a0cfc7f38d,btc-updown-5m-1777984800
"Bitcoin Up or Down - May 5, 8:30AM-8:35AM ET",Up,BUY,100,0.57,0x174a3878b559229cc84e6c6b8f199f297533bfe0b1ec56455866683333742134,2026-05-05 15:30:42,0xaa8944e7151706e27828a6e3de4d78e493fc22780c01a5d5e82787e0d7344fab,btc-updown-5m-1777984200
"Bitcoin Up or Down - May 5, 2:50AM-2:55AM ET",Up,BUY,101.408448,0.7099999992111111,0x47b5343e8ba04defa63e3d663fcd3fe62de0e1a1a5a97232ff7cb471a85e6736,2026-05-05 09:52:16,0x27bd946efa052f818fb7b239a0aa6a2c19692c523be01b847cbc416189ebe637,btc-updown-5m-1777963800
"Bitcoin Up or Down - May 5, 2:50AM-2:55AM ET",Up,BUY,51.16,0.7,0x47b5343e8ba04defa63e3d663fcd3fe62de0e1a1a5a97232ff7cb471a85e6736,2026-05-05 09:52:16,0x95c93fc73fc43673783aaab3adbd98a0d4f762b0cdc00483a329233b9e7557c3,btc-updown-5m-1777963800
"Bitcoin Up or Down - May 5, 2:50AM-2:55AM ET",Up,BUY,13.59,0.71,0x47b5343e8ba04defa63e3d663fcd3fe62de0e1a1a5a97232ff7cb471a85e6736,2026-05-05 09:52:16,0x729c8e9afacaca16640c8c3b048d90d3d2f282c7f29444b652536676afcef585,btc-updown-5m-1777963800
"Bitcoin Up or Down - May 5, 2:50AM-2:55AM ET",Down,BUY,36.38,0.47,0x47b5343e8ba04defa63e3d663fcd3fe62de0e1a1a5a97232ff7cb471a85e6736,2026-05-05 09:51:46,0x6ee0dff0db794f6217457934354048877a65ffacce55344f02002e6fb4f810cf,btc-updown-5m-1777963800
"Bitcoin Up or Down - May 5, 2:50AM-2:55AM ET",Down,BUY,25,0.49,0x47b5343e8ba04defa63e3d663fcd3fe62de0e1a1a5a97232ff7cb471a85e6736,2026-05-05 09:51:42,0xa6ef6034b69d71426dbe92aeb7f2d535d81424ebbe37246e4cc8f0718232e0f4,btc-updown-5m-1777963800
"Bitcoin Up or Down - May 5, 2:50AM-2:55AM ET",Down,BUY,56.122447,0.4899999994654545,0x47b5343e8ba04defa63e3d663fcd3fe62de0e1a1a5a97232ff7cb471a85e6736,2026-05-05 09:51:42,0x3b8580e1f44197168ddf3dd0ea193dd122641e99e127665ad4ac16a11207d6e6,btc-updown-5m-1777963800
"Bitcoin Up or Down - May 5, 2:50AM-2:55AM ET",Down,BUY,100,0.53,0x47b5343e8ba04defa63e3d663fcd3fe62de0e1a1a5a97232ff7cb471a85e6736,2026-05-05 09:51:38,0x5a7ecee7a0d07c6ea092b9d26253d0a893c14bec8386eb9b18bd2b22219257d5,btc-updown-5m-1777963800
"Bitcoin Up or Down - May 5, 2:50AM-2:55AM ET",Down,BUY,100,0.52,0x47b5343e8ba04defa63e3d663fcd3fe62de0e1a1a5a97232ff7cb471a85e6736,2026-05-05 09:51:30,0x70c7fa56a39240b0e9c33d5ac0685a6a03348815646b8f152ecfcab00e27e563,btc-updown-5m-1777963800
"Bitcoin Up or Down - May 5, 2:50AM-2:55AM ET",Up,BUY,100,0.43,0x47b5343e8ba04defa63e3d663fcd3fe62de0e1a1a5a97232ff7cb471a85e6736,2026-05-05 09:51:28,0x52f3693329ae2410b254f80dd4b43c240590f83ed526f2c153d101828e41030a,btc-updown-5m-1777963800
"Bitcoin Up or Down - May 5, 2:50AM-2:55AM ET",Down,BUY,83.58,0.37,0x47b5343e8ba04defa63e3d663fcd3fe62de0e1a1a5a97232ff7cb471a85e6736,2026-05-05 09:50:26,0x54ba3ffd900c2b4ef2fc7a284a9f35185b7375b65aa5e17b72a2e30abfb0b2aa,btc-updown-5m-1777963800
"Bitcoin Up or Down - May 5, 2:50AM-2:55AM ET",Up,BUY,5,0.64,0x47b5343e8ba04defa63e3d663fcd3fe62de0e1a1a5a97232ff7cb471a85e6736,2026-05-05 09:50:22,0x5547efd7a84d58f4692eda4d1100e8839e97cc3293cfe5349f52553f4dbf08d3,btc-updown-5m-1777963800
"Bitcoin Up or Down - May 5, 2:50AM-2:55AM ET",Down,BUY,40.375,0.39876160990712073,0x47b5343e8ba04defa63e3d663fcd3fe62de0e1a1a5a97232ff7cb471a85e6736,2026-05-05 09:50:08,0xe52d10cc46850be46751f5207ece84aebc50eff2f864bf8f0f39a4b6b19d9a72,btc-updown-5m-1777963800
"Bitcoin Up or Down - May 5, 2:50AM-2:55AM ET",Down,BUY,100,0.4,0x47b5343e8ba04defa63e3d663fcd3fe62de0e1a1a5a97232ff7cb471a85e6736,2026-05-05 09:50:08,0xbd2ea864ee68ddae7c5748627727f46f5e837420ec8cba6d30f630c868eecd87,btc-updown-5m-1777963800
"Bitcoin Up or Down - May 5, 2:50AM-2:55AM ET",Down,BUY,110,0.4,0x47b5343e8ba04defa63e3d663fcd3fe62de0e1a1a5a97232ff7cb471a85e6736,2026-05-05 09:50:08,0x8aba49af7c1eec2d193ca664b6b59bc37104ea6ed89588fa44a58a289c913c58,btc-updown-5m-1777963800
"Bitcoin Up or Down - May 5, 2:50AM-2:55AM ET",Down,BUY,105,0.4,0x47b5343e8ba04defa63e3d663fcd3fe62de0e1a1a5a97232ff7cb471a85e6736,2026-05-05 09:50:08,0x3486a60d958ee82e2df95d9ee40281dfe9b5af0659ae580a94af12cf97ab7df7,btc-updown-5m-1777963800
"Bitcoin Up or Down - May 5, 2:50AM-2:55AM ET",Down,BUY,107.5,0.4,0x47b5343e8ba04defa63e3d663fcd3fe62de0e1a1a5a97232ff7cb471a85e6736,2026-05-05 09:50:08,0x66f53dcbbaf8d1f0d650eef3e8ae4b45b6fce0a925d19d83f56d2a65c6fb134b,btc-updown-5m-1777963800
"Bitcoin Up or Down - May 5, 2:50AM-2:55AM ET",Down,BUY,112.5,0.4,0x47b5343e8ba04defa63e3d663fcd3fe62de0e1a1a5a97232ff7cb471a85e6736,2026-05-05 09:50:08,0xf94faaf521516d6d112ce0ce73d1458dcee9e3aa3e9a27261b0699dea8fd40ec,btc-updown-5m-1777963800
"Bitcoin Up or Down - May 5, 2:50AM-2:55AM ET",Down,BUY,64.575,0.4,0x47b5343e8ba04defa63e3d663fcd3fe62de0e1a1a5a97232ff7cb471a85e6736,2026-05-05 09:50:08,0xdc7f0095841c8060f9ca81861da48a567706253d0318ed821ab1c3084380c6e0,btc-updown-5m-1777963800
"Bitcoin Up or Down - May 5, 2:45AM-2:50AM ET",Down,BUY,58.333332,0.3299999903999998,0x3ae0c33f381d7a1b6e6325b86ac6cb4834491f1c8f4f190f84392e18ea0e9139,2026-05-05 09:45:14,0x44dffc63205e114b5a97c7f1518cb2df8a74a778e0c22ae27799c8fe7f34476c,btc-updown-5m-1777963500
"Bitcoin Up or Down - May 5, 2:45AM-2:50AM ET",Down,BUY,100,0.33,0x3ae0c33f381d7a1b6e6325b86ac6cb4834491f1c8f4f190f84392e18ea0e9139,2026-05-05 09:45:14,0x9f43b3cd36283d81eed901a9813a8080dcc47a69d1cb020ef903cf348969eb92,btc-updown-5m-1777963500
"Bitcoin Up or Down - May 5, 2:45AM-2:50AM ET",Down,BUY,103.030302,0.3299999935941176,0x3ae0c33f381d7a1b6e6325b86ac6cb4834491f1c8f4f190f84392e18ea0e9139,2026-05-05 09:45:14,0x48dba9748c801c513a8f16a4ef2efe0dfa22a682c285dedd7bc9eea46cfb8f4d,btc-updown-5m-1777963500
"Bitcoin Up or Down - May 5, 2:45AM-2:50AM ET",Down,BUY,103.030302,0.3299999935941176,0x3ae0c33f381d7a1b6e6325b86ac6cb4834491f1c8f4f190f84392e18ea0e9139,2026-05-05 09:45:10,0xb31684c2e32df3dabe6ab0a5162f4ddba8d209b86a6f30007207fa2e6dcef962,btc-updown-5m-1777963500
"Bitcoin Up or Down - May 5, 2:45AM-2:50AM ET",Down,BUY,25,0.33,0x3ae0c33f381d7a1b6e6325b86ac6cb4834491f1c8f4f190f84392e18ea0e9139,2026-05-05 09:45:10,0x6154cae290292e182caf22510f57a80f3e6e623c6c9086ba2ad26cc373b59882,btc-updown-5m-1777963500
"Bitcoin Up or Down - May 5, 2:40AM-2:45AM ET",Down,BUY,49.99,0.02,0xb088b700dd82d31098d30286e24b79c7e5cef28000d7ede9bab49d587fa9280c,2026-05-05 09:44:58,0xb2888ca31f207ce19fd96e0ec0cf5ab539ac6b5f95e832b911c5b8a1d34d4f91,btc-updown-5m-1777963200
"Bitcoin Up or Down - May 5, 2:40AM-2:45AM ET",Down,BUY,75,0.02,0xb088b700dd82d31098d30286e24b79c7e5cef28000d7ede9bab49d587fa9280c,2026-05-05 09:44:58,0xc8c55eaf841db8d41af6816a82211b02ba53524dbb1bb6a3a16ff90bd3443fb0,btc-updown-5m-1777963200
"Bitcoin Up or Down - May 5, 2:30AM-2:45AM ET",Down,BUY,200,0.05,0xd6a7f3cbda634f6873ec616380b8a2bf809c14b2d576ee20b72c79d6ad78ef93,2026-05-05 09:44:58,0xa2b421849280a962de619791dbfec5c5003f4b1e17585d9d3042e67681fb951d,btc-updown-15m-1777962600
"Bitcoin Up or Down - May 5, 2:30AM-2:45AM ET",Down,BUY,200,0.11,0xd6a7f3cbda634f6873ec616380b8a2bf809c14b2d576ee20b72c79d6ad78ef93,2026-05-05 09:44:56,0x7777e0b7dc9e1b265bf6abe6d8fedadccedd2fed868febfc1c3ef9edd4f66380,btc-updown-15m-1777962600
"Bitcoin Up or Down - May 5, 2:40AM-2:45AM ET",Down,BUY,2.3,0.04,0xb088b700dd82d31098d30286e24b79c7e5cef28000d7ede9bab49d587fa9280c,2026-05-05 09:44:56,0xcc54fadbe5727f9d3ca5d72dfdd8bd1c9bdab47ea3fa56dac620db400f1cc98d,btc-updown-5m-1777963200
"Bitcoin Up or Down - May 5, 2:40AM-2:45AM ET",Down,BUY,100,0.07,0xb088b700dd82d31098d30286e24b79c7e5cef28000d7ede9bab49d587fa9280c,2026-05-05 09:44:54,0x26e5a686eb470e860002e027c0bb7115093d286016cde9af38f935adb12a8e77,btc-updown-5m-1777963200
"Bitcoin Up or Down - May 5, 2:40AM-2:45AM ET",Down,BUY,45,0.05,0xb088b700dd82d31098d30286e24b79c7e5cef28000d7ede9bab49d587fa9280c,2026-05-05 09:44:54,0xc5ca59a1e856853604814c2445a70cbead7f5544470ccb5eb821fbe49790cf99,btc-updown-5m-1777963200
"Bitcoin Up or Down - May 5, 2:40AM-2:45AM ET",Down,BUY,123.45,0.04860267314702309,0xb088b700dd82d31098d30286e24b79c7e5cef28000d7ede9bab49d587fa9280c,2026-05-05 09:44:54,0x72735bd2001067363a30ca5be6d278d130ba8fb05a3eb7383dc5af5c327f19aa,btc-updown-5m-1777963200
"Bitcoin Up or Down - May 5, 2:40AM-2:45AM ET",Down,BUY,5,0.05,0xb088b700dd82d31098d30286e24b79c7e5cef28000d7ede9bab49d587fa9280c,2026-05-05 09:44:54,0x897cf4e53273cf8318e1c994bb57d5e7b6d36f46a8568d1e3b2dbdc80d05b720,btc-updown-5m-1777963200
"Bitcoin Up or Down - May 5, 2:40AM-2:45AM ET",Down,BUY,36,0.06,0xb088b700dd82d31098d30286e24b79c7e5cef28000d7ede9bab49d587fa9280c,2026-05-05 09:44:54,0x6a89bb6bdfc82d3433d497bc2784f260d964ddc2c354e840c34c01c66ee05453,btc-updown-5m-1777963200
"Bitcoin Up or Down - May 5, 2:40AM-2:45AM ET",Down,BUY,242.857141,0.06999999641764704,0xb088b700dd82d31098d30286e24b79c7e5cef28000d7ede9bab49d587fa9280c,2026-05-05 09:44:54,0x072a60018744c16192a7976f44cbd9eb8fa7beb51f8ca520aece6960526ce710,btc-updown-5m-1777963200
"Bitcoin Up or Down - May 5, 2:40AM-2:45AM ET",Down,BUY,171.42857,0.06999999474999996,0xb088b700dd82d31098d30286e24b79c7e5cef28000d7ede9bab49d587fa9280c,2026-05-05 09:44:54,0x6098a4c166508fc8e3bd6df4f26b4f10e9e39958c0324c932b6570faa6cfb543,btc-updown-5m-1777963200
"Bitcoin Up or Down - May 5, 2:40AM-2:45AM ET",Down,BUY,35.42857,0.06999997459677317,0xb088b700dd82d31098d30286e24b79c7e5cef28000d7ede9bab49d587fa9280c,2026-05-05 09:44:52,0x7298f95996fe9a2cbc8fe2536aad144b3d167d38fd0ff11cba5ce0fe8c6bdba0,btc-updown-5m-1777963200
"Bitcoin Up or Down - May 5, 2:40AM-2:45AM ET",Down,BUY,22.857141,0.06999996193749691,0xb088b700dd82d31098d30286e24b79c7e5cef28000d7ede9bab49d587fa9280c,2026-05-05 09:44:52,0xf3e463e6418550b4876ab334f6b6e7e677186019830b69b328b71430ffa38f4a,btc-updown-5m-1777963200
"Bitcoin Up or Down - May 5, 2:40AM-2:45AM ET",Down,BUY,57.142856,0.06999998389999967,0xb088b700dd82d31098d30286e24b79c7e5cef28000d7ede9bab49d587fa9280c,2026-05-05 09:44:52,0x75a82f89bf6883004c1747e474d9f462e5260884d458173d38fde2930edb5f52,btc-updown-5m-1777963200
"Bitcoin Up or Down - May 5, 2:40AM-2:45AM ET",Down,BUY,186,0.07,0xb088b700dd82d31098d30286e24b79c7e5cef28000d7ede9bab49d587fa9280c,2026-05-05 09:44:52,0x95b61e0ecca638267e63c595018c5af706e544775c2901f6d122c32b97d31eee,btc-updown-5m-1777963200
"Bitcoin Up or Down - May 5, 2:40AM-2:45AM ET",Up,BUY,112.263468,0.48991893783291995,0xb088b700dd82d31098d30286e24b79c7e5cef28000d7ede9bab49d587fa9280c,2026-05-05 09:43:22,0xdcafdb538c847405ae05cfddcf6a02f74a7c67006b7238337b9ebce9793c73ae,btc-updown-5m-1777963200
"Bitcoin Up or Down - May 5, 2:40AM-2:45AM ET",Up,BUY,78.07,0.52,0xb088b700dd82d31098d30286e24b79c7e5cef28000d7ede9bab49d587fa9280c,2026-05-05 09:43:20,0xf970023bee08d42b47f2b5b81d6dcb10ae9032a9d39ac2ab2cc7117f5795ee8c,btc-updown-5m-1777963200
"Bitcoin Up or Down - May 5, 2:40AM-2:45AM ET",Up,BUY,114.285713,0.48999999676249995,0xb088b700dd82d31098d30286e24b79c7e5cef28000d7ede9bab49d587fa9280c,2026-05-05 09:43:20,0x2bf0b3b65fe03d3ed843421d9adde5ad87f983c7cb7ac76cfd63c1861e1de703,btc-updown-5m-1777963200
"Bitcoin Up or Down - May 5, 2:40AM-2:45AM ET",Up,BUY,123.913042,0.4599999974175438,0xb088b700dd82d31098d30286e24b79c7e5cef28000d7ede9bab49d587fa9280c,2026-05-05 09:43:20,0x90435ba5f3c146d1738910136e58fc644354f9f343ba9b7e2ed93b79519f1eea,btc-updown-5m-1777963200
"Bitcoin Up or Down - May 5, 2:40AM-2:45AM ET",Up,BUY,108.930391,0.48654924042272096,0xb088b700dd82d31098d30286e24b79c7e5cef28000d7ede9bab49d587fa9280c,2026-05-05 09:43:18,0x1edf3cdeb7fe7748cd175174e7f675901410ad9c07ea9189634f9fb80646f7d3,btc-updown-5m-1777963200
"Bitcoin Up or Down - May 5, 2:40AM-2:45AM ET",Up,BUY,120.849055,0.5295862594870933,0xb088b700dd82d31098d30286e24b79c7e5cef28000d7ede9bab49d587fa9280c,2026-05-05 09:43:16,0x13eb6966906f2538e53b319e5f27a52eac64561139028d5425c2eaec24e57676,btc-updown-5m-1777963200
"Bitcoin Up or Down - May 5, 2:40AM-2:45AM ET",Up,BUY,136.53846,0.5199999985352113,0xb088b700dd82d31098d30286e24b79c7e5cef28000d7ede9bab49d587fa9280c,2026-05-05 09:43:16,0x12e06abb4ca28280dd7989a6ee29c2959479ef3267a15df90b8bfbadb94e9052,btc-updown-5m-1777963200
"Bitcoin Up or Down - May 5, 2:40AM-2:45AM ET",Up,BUY,124.724148,0.5291677598791855,0xb088b700dd82d31098d30286e24b79c7e5cef28000d7ede9bab49d587fa9280c,2026-05-05 09:43:16,0xe0266a0eb7b10b769bfc90deb72a1c9d7ca81f720abb41d243e203c9e120b752,btc-updown-5m-1777963200
"Bitcoin Up or Down - May 5, 2:40AM-2:45AM ET",Up,BUY,103.49213,0.5990793599474665,0xb088b700dd82d31098d30286e24b79c7e5cef28000d7ede9bab49d587fa9280c,2026-05-05 09:43:16,0x92c11e8fa79e69953ed37a7acdf9c1f72d14b97ad88b529e747117959ebf7353,btc-updown-5m-1777963200
"Bitcoin Up or Down - May 5, 2:40AM-2:45AM ET",Up,BUY,118.867923,0.5299999984015873,0xb088b700dd82d31098d30286e24b79c7e5cef28000d7ede9bab49d587fa9280c,2026-05-05 09:43:16,0x3477d6d087e8d79960e8d5bf909952f10f87eea30b40f80542003c1e28485e10,btc-updown-5m-1777963200
"Bitcoin Up or Down - May 5, 2:40AM-2:45AM ET",Up,BUY,132.608694,0.4599999981901639,0xb088b700dd82d31098d30286e24b79c7e5cef28000d7ede9bab49d587fa9280c,2026-05-05 09:43:16,0x2e79db11dd50b066add7856a3df7f3e84aa5dbe2ef1828d89a50f8061ab034e7,btc-updown-5m-1777963200
"Bitcoin Up or Down - May 5, 2:40AM-2:45AM ET",Up,BUY,128.301885,0.5299999996102941,0xb088b700dd82d31098d30286e24b79c7e5cef28000d7ede9bab49d587fa9280c,2026-05-05 09:43:16,0xf581f57c17dd28315401560139366c4e4eb1a5c97672bffc9934c3807f451a0d,btc-updown-5m-1777963200
"Bitcoin Up or Down - May 5, 2:40AM-2:45AM ET",Up,BUY,136.603772,0.5270718219991758,0xb088b700dd82d31098d30286e24b79c7e5cef28000d7ede9bab49d587fa9280c,2026-05-05 09:43:16,0x29adf92955dba0b90a3392cb21404e93a9fe6f13363189b3c5f88e8a3d580dfe,btc-updown-5m-1777963200
"Bitcoin Up or Down - May 5, 2:30AM-2:45AM ET",Up,BUY,255.509229,0.5087878802217356,0xd6a7f3cbda634f6873ec616380b8a2bf809c14b2d576ee20b72c79d6ad78ef93,2026-05-05 09:43:16,0x9aedec6616a110b6be1a268c132eeef2049e8bd837059d135e36e85c1fbd0956,btc-updown-15m-1777962600
"Bitcoin Up or Down - May 5, 2:40AM-2:45AM ET",Up,BUY,132.16981,0.5296216965129934,0xb088b700dd82d31098d30286e24b79c7e5cef28000d7ede9bab49d587fa9280c,2026-05-05 09:43:16,0xce77fe4dd8c909e73c5c779a1a77ee5ab7e7a94e737e966e5b898dca07bc7f99,btc-updown-5m-1777963200
"Bitcoin Up or Down - May 5, 2:30AM-2:45AM ET",Up,BUY,146.4,0.74,0xd6a7f3cbda634f6873ec616380b8a2bf809c14b2d576ee20b72c79d6ad78ef93,2026-05-05 09:43:04,0x7e54588cabb253652dcc5c64d1f9096a50a9ba99be923a4119ad456bf9b0e592,btc-updown-15m-1777962600
"Bitcoin Up or Down - May 5, 2:05AM-2:10AM ET",Down,BUY,100,0.41,0xaf5f4497b18863dd1a1ac507ab623e16d518a8abb7972a17bf1eb4db9c472e6c,2026-05-05 09:09:28,0x554183434af4e1be84b45d2ad31c171a798cbb157ff3799dfe2fb024aeab01e1,btc-updown-5m-1777961100
"Bitcoin Up or Down - May 5, 2:05AM-2:10AM ET",Down,BUY,100,0.43,0xaf5f4497b18863dd1a1ac507ab623e16d518a8abb7972a17bf1eb4db9c472e6c,2026-05-05 09:09:26,0x1240daca8db821f0bd1532b67e6eb76f2b42271cc24e7b729b8e73dcb4f2fd4a,btc-updown-5m-1777961100
"Bitcoin Up or Down - May 5, 2:05AM-2:10AM ET",Down,BUY,66.511626,0.4299999972937062,0xaf5f4497b18863dd1a1ac507ab623e16d518a8abb7972a17bf1eb4db9c472e6c,2026-05-05 09:09:26,0x1f8e11a1d44c63666c89dffd83fededde875e45776995b7858550719f0c8b7ae,btc-updown-5m-1777961100
"Bitcoin Up or Down - May 5, 2:05AM-2:10AM ET",Down,BUY,10,0.42,0xaf5f4497b18863dd1a1ac507ab623e16d518a8abb7972a17bf1eb4db9c472e6c,2026-05-05 09:09:26,0x0ad5af12a115f183aa336be4438212ec489ce11fbf322f8baffa9ce73cd1e73a,btc-updown-5m-1777961100
"Bitcoin Up or Down - May 5, 1AM ET",Down,BUY,185,0.21,0x20a0da310257b657793f263a1453d120af0bc58a5ccda866c48c537aedb34365,2026-05-05 08:37:42,0x7fac9a108ce17bbc1ea7658791414c5cb2fd2b6ac2b242dcb08f05014bba3f88,bitcoin-up-or-down-may-5-2026-1am-et
"Bitcoin Up or Down - May 5, 1AM ET",Down,BUY,74.38,0.2,0x20a0da310257b657793f263a1453d120af0bc58a5ccda866c48c537aedb34365,2026-05-05 08:37:40,0x071bfecd5d6e12e74b354412c500c340fd47d636875261de8d76617c1ebc499e,bitcoin-up-or-down-may-5-2026-1am-et
"Bitcoin Up or Down - May 5, 1AM ET",Down,BUY,5,0.2,0x20a0da310257b657793f263a1453d120af0bc58a5ccda866c48c537aedb34365,2026-05-05 08:37:36,0x525b9a742c848939d3a3b86b4139a0c45f8b20307eb2ddf681e43778112e46ca,bitcoin-up-or-down-may-5-2026-1am-et
"Bitcoin Up or Down - May 5, 1AM ET",Down,BUY,5.25,0.2,0x20a0da310257b657793f263a1453d120af0bc58a5ccda866c48c537aedb34365,2026-05-05 08:37:36,0x2b9a185c0258ce29a0ea657745acec974ef29b1298e03cab1298d9f7b8c934d7,bitcoin-up-or-down-may-5-2026-1am-et
"Bitcoin Up or Down - May 5, 1AM ET",Down,BUY,220,0.2,0x20a0da310257b657793f263a1453d120af0bc58a5ccda866c48c537aedb34365,2026-05-05 08:37:36,0x7f696d4d8fbeb649e8ecf1273ef1bfbca2a2a76c1f29fe5e8fb9113e3246cf74,bitcoin-up-or-down-may-5-2026-1am-et
"Bitcoin Up or Down - May 4, 3:30PM-3:45PM ET",Down,BUY,208.888887,0.44999999928191486,0xadec9a3705193883fbb778a1a192321eef5f5377be25fa7d7b5bfc178e65911f,2026-05-04 22:30:14,0x62cccfa80bede808f37f8dd6bc3dcba5d6072d07e4be6c35df19ee98f3930d03,btc-updown-15m-1777923000
"Bitcoin Up or Down - May 4, 3:30PM-3:35PM ET",Down,BUY,10,0.46,0x49f72da13fbee23b722e87bf4ee95bb15f67399bd1316927b519fa9758dbb0f7,2026-05-04 22:30:14,0x240a6bcac34b66707d5501e233fde22f4aefeb7c231d1b02dca82a1e3b7e336d,btc-updown-5m-1777923000
"Bitcoin Up or Down - May 4, 3:30PM-3:45PM ET",Down,BUY,204.444443,0.4499999982880435,0xadec9a3705193883fbb778a1a192321eef5f5377be25fa7d7b5bfc178e65911f,2026-05-04 22:30:14,0x52a557e7a511bfbe2e8421c0b463ef1b6735527d11665d7ffad5d3276b365547,btc-updown-15m-1777923000
"Bitcoin Up or Down - May 4, 3:30PM-3:45PM ET",Down,BUY,186.96,0.44,0xadec9a3705193883fbb778a1a192321eef5f5377be25fa7d7b5bfc178e65911f,2026-05-04 22:30:14,0xc7a5fb8f34616a606e599a8c664de462c05b1125fdc08f27acede38265130bce,btc-updown-15m-1777923000
"Bitcoin Up or Down - May 4, 3:30PM-3:35PM ET",Down,BUY,5.108694,0.4599999530212614,0x49f72da13fbee23b722e87bf4ee95bb15f67399bd1316927b519fa9758dbb0f7,2026-05-04 22:30:14,0x45a24489723ad39a7aca9e5c9d0a979e05ad739fab397d84d809f3dcefe158c7,btc-updown-5m-1777923000
"Bitcoin Up or Down - May 4, 3:30PM-3:45PM ET",Down,BUY,200,0.45,0xadec9a3705193883fbb778a1a192321eef5f5377be25fa7d7b5bfc178e65911f,2026-05-04 22:30:14,0x13678a909372d5e1236fa4c7caf518c05d90f06ae84dbc1792fa0535bce4e60d,btc-updown-15m-1777923000
"Bitcoin Up or Down - May 4, 3:30PM-3:35PM ET",Down,BUY,41.699786,0.4604339935941158,0x49f72da13fbee23b722e87bf4ee95bb15f67399bd1316927b519fa9758dbb0f7,2026-05-04 22:30:14,0xe3dc820dd962c64da1617ae381c30bdcffda025975409145214a507d144eb04f,btc-updown-5m-1777923000
"Bitcoin Up or Down - May 4, 3:25PM-3:30PM ET",Down,BUY,49.61,0.37,0x2a6bbe628a66ef1a23e1a28ce275a29fb740ed6277aa9fe4112854355701c8a7,2026-05-04 22:25:12,0x86a01582923f0d17ebdd70944fb84785508dd0ec7375078a568e0866666be66e,btc-updown-5m-1777922700
"Bitcoin Up or Down - May 4, 3:25PM-3:30PM ET",Down,BUY,31,0.38,0x2a6bbe628a66ef1a23e1a28ce275a29fb740ed6277aa9fe4112854355701c8a7,2026-05-04 22:25:12,0x6ed1629aadc468d0b86636bd752018b2ea0bea8c74bdd4b4d3d03b85e44be051,btc-updown-5m-1777922700
"Bitcoin Up or Down - May 4, 3:20PM-3:25PM ET",Down,BUY,14.28,0.49,0xbc334739c26085f8cb200a4dfd637e71085dc457d76fd61b1b10b7fd0e1ada66,2026-05-04 22:20:52,0x0736600666ae015f68df7d41bcc385dd187fe65032f88a014c6f228957d8ef7d,btc-updown-5m-1777922400
"Bitcoin Up or Down - May 4, 3:15PM-3:20PM ET",Down,BUY,39,0.48,0x46af3f3b84eba73c0c71408e17c99e130b8077eb3464bf437ce96bdc096fa142,2026-05-04 22:15:26,0x72724a1f5bf5e53a5005f21e52bb9b9a03ba6485f3a19d558e6a17673363773b,btc-updown-5m-1777922100
"Bitcoin Up or Down - May 4, 3:15PM-3:20PM ET",Down,BUY,106.25,0.48,0x46af3f3b84eba73c0c71408e17c99e130b8077eb3464bf437ce96bdc096fa142,2026-05-04 22:15:26,0x540532648c6d76bf51ffc3567a5b636bd6a60187623fcdd7d4124684e2757ece,btc-updown-5m-1777922100
"Bitcoin Up or Down - May 4, 3:15PM-3:20PM ET",Down,BUY,104.166665,0.47999999808,0x46af3f3b84eba73c0c71408e17c99e130b8077eb3464bf437ce96bdc096fa142,2026-05-04 22:15:26,0x580ad4443c8a57800f70ecfe12a295815bb0fc04cb06b1fa088128a0522a6d1d,btc-updown-5m-1777922100
"Bitcoin Up or Down - May 4, 3:15PM-3:20PM ET",Down,BUY,71.458332,0.47999999496209905,0x46af3f3b84eba73c0c71408e17c99e130b8077eb3464bf437ce96bdc096fa142,2026-05-04 22:15:26,0x27a615e79457d45319a74c77195393e7488ee296281f8a1a21fbe6abad0cec23,btc-updown-5m-1777922100
"Bitcoin Up or Down - May 4, 3:15PM-3:30PM ET",Down,BUY,96,0.48,0xfade9d16e789bf2ec842275399369c255bb0598f24b7e11183598c0220e8adc1,2026-05-04 22:15:26,0x51b0890949ac359aa03e7706571379e5b07637957759a68d948f4d88c3536b22,btc-updown-15m-1777922100
"Bitcoin Up or Down - May 4, 3:05PM-3:10PM ET",Down,BUY,211.99125,0.1509496264586392,0x5c97813ef2820a4df77d8e3cf9b0e2aff828484480507475be91ae0e87608a9c,2026-05-04 22:08:10,0x73e929902741da79a9b737927f99e3997f7c7df641608b9bc26f9fa053295a4a,btc-updown-5m-1777921500
"Bitcoin Up or Down - May 4, 3:05PM-3:10PM ET",Up,BUY,101.136358,0.8799999996044944,0x5c97813ef2820a4df77d8e3cf9b0e2aff828484480507475be91ae0e87608a9c,2026-05-04 22:08:10,0xddef9037237e05895167ba5b9073006a23e42dba8d4f6bee0773f4462c1a87eb,btc-updown-5m-1777921500
"Bitcoin Up or Down - May 4, 3:05PM-3:10PM ET",Up,BUY,19.06,0.88,0x5c97813ef2820a4df77d8e3cf9b0e2aff828484480507475be91ae0e87608a9c,2026-05-04 22:08:10,0x92d309a3ea1037806a8fed1a62a3f348b2e13c915b482cb6ef7e805b185ba073,btc-updown-5m-1777921500
"Bitcoin Up or Down - May 4, 3:05PM-3:10PM ET",Down,BUY,217.925,0.14225077434897326,0x5c97813ef2820a4df77d8e3cf9b0e2aff828484480507475be91ae0e87608a9c,2026-05-04 22:08:10,0x7a6933008982af01d28d01d69feb3af46ecefb1e3c10aac907aa4f8fd125282b,btc-updown-5m-1777921500
"Bitcoin Up or Down - May 4, 3:05PM-3:10PM ET",Down,BUY,25,0.124,0x5c97813ef2820a4df77d8e3cf9b0e2aff828484480507475be91ae0e87608a9c,2026-05-04 22:08:10,0x7fa6b50528761a5bc741baef044e972786a024156e586471f00b6f9d8073266f,btc-updown-5m-1777921500
"Bitcoin Up or Down - May 4, 3:05PM-3:10PM ET",Down,BUY,194.012856,0.12885743509698142,0x5c97813ef2820a4df77d8e3cf9b0e2aff828484480507475be91ae0e87608a9c,2026-05-04 22:08:10,0xad977db6d325bd0b9038498d99efd925168e75842139613c3f9c90349872e3c9,btc-updown-5m-1777921500
"Bitcoin Up or Down - May 4, 3:00PM-3:15PM ET",Down,BUY,21.509431,0.5299999800087691,0x75cc114d819a1ada793b1302bc5f2afbdf3f9ad5972588aad0cb27155695b425,2026-05-04 22:08:10,0x4736dbed6e9ce22fa5a2448df7b6dd06525e2c8351ed15baa6349b0a1cf5294f,btc-updown-15m-1777921200
"Bitcoin Up or Down - May 4, 3:05PM-3:10PM ET",Down,BUY,86,0.13,0x5c97813ef2820a4df77d8e3cf9b0e2aff828484480507475be91ae0e87608a9c,2026-05-04 22:08:10,0x9781aae06c9de1a64f953396cab79677a3eee2d3b0b682ede773f1690de774a4,btc-updown-5m-1777921500
"Bitcoin Up or Down - May 4, 3:05PM-3:10PM ET",Up,BUY,102.8973,0.884376917567322,0x5c97813ef2820a4df77d8e3cf9b0e2aff828484480507475be91ae0e87608a9c,2026-05-04 22:08:10,0xfddde5ae8af949d60fd039e868bfc356c53c963b4d5a7d4812f0e733579456b9,btc-updown-5m-1777921500
"Bitcoin Up or Down - May 4, 3:05PM-3:10PM ET",Up,BUY,101.30033,0.8884472242094374,0x5c97813ef2820a4df77d8e3cf9b0e2aff828484480507475be91ae0e87608a9c,2026-05-04 22:08:10,0xedecaa05996066993a5213ad4b6a5ac372d7c483319ce9d4d26e54be5bcf2c57,btc-updown-5m-1777921500
"Bitcoin Up or Down - May 4, 3:05PM-3:10PM ET",Up,BUY,104.44444,0.9,0x5c97813ef2820a4df77d8e3cf9b0e2aff828484480507475be91ae0e87608a9c,2026-05-04 22:08:10,0x4fda7a844941633171e616b5cbf94e7236174e269ebcb144beb77a6cb671d738,btc-updown-5m-1777921500
"Bitcoin Up or Down - May 4, 3:05PM-3:10PM ET",Up,BUY,103.33333,0.9,0x5c97813ef2820a4df77d8e3cf9b0e2aff828484480507475be91ae0e87608a9c,2026-05-04 22:08:10,0x5ab41e2f481c2de4d7bcfbff170980087f34e1f2cd96e7e6bbccd43286135225,btc-updown-5m-1777921500
"Bitcoin Up or Down - May 4, 3:05PM-3:10PM ET",Down,BUY,236.255625,0.13967921398696856,0x5c97813ef2820a4df77d8e3cf9b0e2aff828484480507475be91ae0e87608a9c,2026-05-04 22:08:10,0xc4e478d7006d237f32abf9c0d26ed7e75e7f66a77affff24aa1ca90d37aaa6ef,btc-updown-5m-1777921500
"Bitcoin Up or Down - May 4, 3:05PM-3:10PM ET",Up,BUY,102.22222,0.9,0x5c97813ef2820a4df77d8e3cf9b0e2aff828484480507475be91ae0e87608a9c,2026-05-04 22:08:10,0xdf9c6867622b6d66b276c6037adbb2a4eafb8689cb1d5a9eabdfe7c145e29196,btc-updown-5m-1777921500
"Bitcoin Up or Down - May 4, 3:05PM-3:10PM ET",Down,BUY,202.92357,0.13305501672378423,0x5c97813ef2820a4df77d8e3cf9b0e2aff828484480507475be91ae0e87608a9c,2026-05-04 22:08:08,0x81e2d9327c1742ce3fd63dd58d7c4f1a7d33fb11fb8c151bd6153706131bf8f5,btc-updown-5m-1777921500
"Bitcoin Up or Down - May 4, 3:05PM-3:10PM ET",Down,BUY,229.542,0.13069503620252504,0x5c97813ef2820a4df77d8e3cf9b0e2aff828484480507475be91ae0e87608a9c,2026-05-04 22:08:08,0xfdcf0ff8946b5abd05556155a36a59fc747c1c8a4fa5681bd0e65ff9c2363ee1,btc-updown-5m-1777921500
"Bitcoin Up or Down - May 4, 3:05PM-3:10PM ET",Down,BUY,201.44857,0.1290651951512984,0x5c97813ef2820a4df77d8e3cf9b0e2aff828484480507475be91ae0e87608a9c,2026-05-04 22:08:08,0x46d18c8a72902ce1418eefec84764b7ba4e323283ec26eadffa5cc966c42e15f,btc-updown-5m-1777921500
"Bitcoin Up or Down - May 4, 3:05PM-3:10PM ET",Down,BUY,209.944284,0.13813188169485957,0x5c97813ef2820a4df77d8e3cf9b0e2aff828484480507475be91ae0e87608a9c,2026-05-04 22:08:08,0xb50ea6c21b346c9883bcf019c7698dda4278388676e85d28a5a4651b9c80522c,btc-updown-5m-1777921500
"Bitcoin Up or Down - May 4, 3:05PM-3:10PM ET",Down,BUY,214.170713,0.1307368248804401,0x5c97813ef2820a4df77d8e3cf9b0e2aff828484480507475be91ae0e87608a9c,2026-05-04 22:08:06,0xcac8171bf149c8e7a25b15df887a5586705ce2da4dccec0f627ea1f9f576498c,btc-updown-5m-1777921500
"Bitcoin Up or Down - May 4, 3:05PM-3:10PM ET",Down,BUY,184.615383,0.1299999957208333,0x5c97813ef2820a4df77d8e3cf9b0e2aff828484480507475be91ae0e87608a9c,2026-05-04 22:08:06,0x7d8b7ad4a5a00a1107f7f8b8e3675986dc85a9d5119734430b37182e0c2fe239,btc-updown-5m-1777921500
"Bitcoin Up or Down - May 4, 3:05PM-3:10PM ET",Down,BUY,162.992665,0.1411106383222828,0x5c97813ef2820a4df77d8e3cf9b0e2aff828484480507475be91ae0e87608a9c,2026-05-04 22:08:06,0x24705f7f15c62f789c4d0a3717bfa8ad8ad20c85475b165296f630a7730dbb56,btc-updown-5m-1777921500
"Bitcoin Up or Down - May 4, 3:05PM-3:10PM ET",Down,BUY,174.955383,0.1257463395681858,0x5c97813ef2820a4df77d8e3cf9b0e2aff828484480507475be91ae0e87608a9c,2026-05-04 22:08:04,0x1fb78d1d328406b9d538026239bb8aa6eeff8529f0080f2309a3eb22439b3187,btc-updown-5m-1777921500
"Bitcoin Up or Down - May 4, 3:05PM-3:10PM ET",Down,BUY,128.8,0.13198757763975155,0x5c97813ef2820a4df77d8e3cf9b0e2aff828484480507475be91ae0e87608a9c,2026-05-04 22:08:04,0xcf0d02274cae0be9bb30040f406ed275d1471c7e06ac63c003b6b133b6b0e8ac,btc-updown-5m-1777921500
"Bitcoin Up or Down - May 4, 3:05PM-3:10PM ET",Down,BUY,149.333332,0.14062499455915173,0x5c97813ef2820a4df77d8e3cf9b0e2aff828484480507475be91ae0e87608a9c,2026-05-04 22:08:04,0x52d52747b7d432c7fb6a41d80771510fb29898ddf905f6a1efa3cc9c123defd8,btc-updown-5m-1777921500
"Bitcoin Up or Down - May 4, 3:05PM-3:10PM ET",Down,BUY,139.973332,0.1428843531423543,0x5c97813ef2820a4df77d8e3cf9b0e2aff828484480507475be91ae0e87608a9c,2026-05-04 22:08:02,0x04021796c891bf1a4fccd3c946198c6000590b0f269b022d1c4730ea1b38efdf,btc-updown-5m-1777921500
"Bitcoin Up or Down - May 4, 3:05PM-3:10PM ET",Down,BUY,115.383332,0.13866820036016989,0x5c97813ef2820a4df77d8e3cf9b0e2aff828484480507475be91ae0e87608a9c,2026-05-04 22:08:02,0xab16f79a5eadbb5e95f696edd29257fc8d3d959df18c3a582220d2f77a2a9f56,btc-updown-5m-1777921500
"Bitcoin Up or Down - May 4, 3:05PM-3:10PM ET",Down,BUY,136.5,0.13186813186813187,0x5c97813ef2820a4df77d8e3cf9b0e2aff828484480507475be91ae0e87608a9c,2026-05-04 22:08:02,0xea260d8c26941e3818c359c66df253ec3fb567b4508eb55206a14d640b4e7579,btc-updown-5m-1777921500
"Bitcoin Up or Down - May 4, 3:05PM-3:10PM ET",Down,BUY,21,0.13238095238095238,0x5c97813ef2820a4df77d8e3cf9b0e2aff828484480507475be91ae0e87608a9c,2026-05-04 22:08:02,0x2c1dc90ab14083b809331d005d67741a2216eac629d2b37956025286f899654b,btc-updown-5m-1777921500
"Bitcoin Up or Down - May 4, 3:05PM-3:10PM ET",Down,BUY,140.45,0.13527945888216447,0x5c97813ef2820a4df77d8e3cf9b0e2aff828484480507475be91ae0e87608a9c,2026-05-04 22:08:00,0xc72a285a06d578e2b3364cb8fde6432dcbdb78b45d2b04869aa262c823e319d2,btc-updown-5m-1777921500
"Bitcoin Up or Down - May 4, 3:05PM-3:10PM ET",Down,BUY,111.721537,0.11636072461122693,0x5c97813ef2820a4df77d8e3cf9b0e2aff828484480507475be91ae0e87608a9c,2026-05-04 22:07:58,0x315aa32731f0606165350cbf951a09145f286f665e66985804563a8464d8176a,btc-updown-5m-1777921500
"Bitcoin Up or Down - May 4, 3:05PM-3:10PM ET",Down,BUY,114.70357,0.13077185827781995,0x5c97813ef2820a4df77d8e3cf9b0e2aff828484480507475be91ae0e87608a9c,2026-05-04 22:07:58,0x2f042a782bb91c32a66f73cd2d89afb1af37f43f4393c5e96f4b7dc4e01def27,btc-updown-5m-1777921500
"Bitcoin Up or Down - May 4, 3:05PM-3:10PM ET",Down,BUY,110.269089,0.09975596152789473,0x5c97813ef2820a4df77d8e3cf9b0e2aff828484480507475be91ae0e87608a9c,2026-05-04 22:07:58,0x163ca70b84206b453ce568a2877b74b5ad029c2cc5069a7f138d8e1e3c989fbd,btc-updown-5m-1777921500
"Bitcoin Up or Down - May 4, 3:05PM-3:10PM ET",Down,BUY,100,0.09,0x5c97813ef2820a4df77d8e3cf9b0e2aff828484480507475be91ae0e87608a9c,2026-05-04 22:07:58,0x7cd23efcbffdc72c2056c1cecd106e8ac60eba1778bf21624e370df4e75e5493,btc-updown-5m-1777921500
"Bitcoin Up or Down - May 4, 3:05PM-3:10PM ET",Down,BUY,111.11111,0.08999999189999992,0x5c97813ef2820a4df77d8e3cf9b0e2aff828484480507475be91ae0e87608a9c,2026-05-04 22:07:56,0xea10988920eb9aad1f408860a0434fabd78101b7f5d703884f2890d26413621c,btc-updown-5m-1777921500
"Bitcoin Up or Down - May 4, 3:00PM-3:15PM ET",Down,BUY,204.347825,0.4599999975531915,0x75cc114d819a1ada793b1302bc5f2afbdf3f9ad5972588aad0cb27155695b425,2026-05-04 22:07:26,0x1b4e7d5c8fcead291dfccb46a2e1b7367e121c3e9ce29fa09beaf9805084746b,btc-updown-15m-1777921200
"Bitcoin Up or Down - May 4, 3:05PM-3:10PM ET",Up,BUY,102.150528,0.9299999996084211,0x5c97813ef2820a4df77d8e3cf9b0e2aff828484480507475be91ae0e87608a9c,2026-05-04 22:07:20,0x7223fa11a60185f83be1d1ac213e9958176ff72f8b0ee5bad6b6fdd991c68df3,btc-updown-5m-1777921500
"Bitcoin Up or Down - May 4, 3:05PM-3:10PM ET",Up,BUY,101.806014,0.9233245591954912,0x5c97813ef2820a4df77d8e3cf9b0e2aff828484480507475be91ae0e87608a9c,2026-05-04 22:07:20,0x07e32c37a976b4eb78c47a8c76e1bcbb99b33482f005f15dfd1c80cf4bb40f5e,btc-updown-5m-1777921500
"Bitcoin Up or Down - May 4, 3:05PM-3:10PM ET",Up,BUY,101.08695,0.92,0x5c97813ef2820a4df77d8e3cf9b0e2aff828484480507475be91ae0e87608a9c,2026-05-04 22:07:18,0x9131163fc4e5657bd0495eff088ef62545001e5fc9ebc6b1c143ff6ae4085619,btc-updown-5m-1777921500
"Bitcoin Up or Down - May 4, 3:05PM-3:10PM ET",Up,BUY,100,0.92,0x5c97813ef2820a4df77d8e3cf9b0e2aff828484480507475be91ae0e87608a9c,2026-05-04 22:07:16,0x813d418071a9833e8725853747340ac9bb18f03d4e2cbf2510f841558a7d6119,btc-updown-5m-1777921500
"Bitcoin Up or Down - May 4, 3PM ET",Down,BUY,75,0.64,0xa02ebddaef14c0ced0891a5a8dc6f0dba5f23f3a3faa66ede2fc77aee837678e,2026-05-04 22:05:52,0x5fc1c6e677890a4f4401139a0e46d2028017486a9f9ed83d3ada406d43a549c6,bitcoin-up-or-down-may-4-2026-3pm-et
"Bitcoin Up or Down - May 4, 3:05PM-3:10PM ET",Down,BUY,100,0.68,0x5c97813ef2820a4df77d8e3cf9b0e2aff828484480507475be91ae0e87608a9c,2026-05-04 22:05:52,0x22b3b5f6e00b6109798efa9adcf9f0b68a127920c2964679f29d117a2be4491b,btc-updown-5m-1777921500
"Bitcoin Up or Down - May 4, 3:05PM-3:10PM ET",Down,BUY,104.411762,0.6799999984676056,0x5c97813ef2820a4df77d8e3cf9b0e2aff828484480507475be91ae0e87608a9c,2026-05-04 22:05:52,0xa0fe5a5e78e5c8c8a1ded3c84e4a0f554693dc56dc8990dc402eca8317d6bdae,btc-updown-5m-1777921500
"Bitcoin Up or Down - May 4, 3:05PM-3:10PM ET",Down,BUY,102.941175,0.68,0x5c97813ef2820a4df77d8e3cf9b0e2aff828484480507475be91ae0e87608a9c,2026-05-04 22:05:52,0x3f1d40b8c64c9e1206613f2795adc458feb0fe675d1e8f3362a83f92e837d3ca,btc-updown-5m-1777921500
"Bitcoin Up or Down - May 4, 3:05PM-3:10PM ET",Down,BUY,107.239703,0.6713931126795456,0x5c97813ef2820a4df77d8e3cf9b0e2aff828484480507475be91ae0e87608a9c,2026-05-04 22:05:52,0x9b4e883989c0d6e112806062a5ca175c0677447210523ca86ae57e06b07d324a,btc-updown-5m-1777921500
"Bitcoin Up or Down - May 4, 3PM ET",Down,BUY,203.125,0.64,0xa02ebddaef14c0ced0891a5a8dc6f0dba5f23f3a3faa66ede2fc77aee837678e,2026-05-04 22:05:52,0x392a282d16e8babedb6c78e2a9c84d2890be0ad75c3974e02a6c4e30ed5f605d,bitcoin-up-or-down-may-4-2026-3pm-et
"Bitcoin Up or Down - May 4, 3PM ET",Down,BUY,36.09375,0.64,0xa02ebddaef14c0ced0891a5a8dc6f0dba5f23f3a3faa66ede2fc77aee837678e,2026-05-04 22:05:52,0x51aef778680ab560fd0f199e7c6a194da174556a8ec108940fd6a746037fa139,bitcoin-up-or-down-may-4-2026-3pm-et
"Bitcoin Up or Down - May 4, 3:05PM-3:10PM ET",Down,BUY,48.31,0.6637528462016146,0x5c97813ef2820a4df77d8e3cf9b0e2aff828484480507475be91ae0e87608a9c,2026-05-04 22:05:50,0x3e808651fd50e624ecc50cea2acad89acd6b587b7cb02ee00397b2754a0a9c58,btc-updown-5m-1777921500
"Bitcoin Up or Down - May 4, 3:00PM-3:15PM ET",Up,BUY,200,0.18,0x75cc114d819a1ada793b1302bc5f2afbdf3f9ad5972588aad0cb27155695b425,2026-05-04 22:05:18,0x212f4ed98dc169adc056086620f62aa170793b868aeba03a64e1712e89e76e10,btc-updown-15m-1777921200
"Bitcoin Up or Down - May 4, 3:05PM-3:10PM ET",Down,BUY,61,0.55,0x5c97813ef2820a4df77d8e3cf9b0e2aff828484480507475be91ae0e87608a9c,2026-05-04 22:05:16,0xe6facbd5495ed9b7691533121d1ba997c5c707f2241ee8c8275ebcc7b8e1cbe0,btc-updown-5m-1777921500
"Bitcoin Up or Down - May 4, 3:00PM-3:15PM ET",Up,BUY,211.11111,0.1799999962105263,0x75cc114d819a1ada793b1302bc5f2afbdf3f9ad5972588aad0cb27155695b425,2026-05-04 22:05:16,0x4e9cf6c522c798e2d8b875166765b9368064f737073795942c3cbee732afd26e,btc-updown-15m-1777921200
"Bitcoin Up or Down - May 4, 3:05PM-3:10PM ET",Down,BUY,107.272726,0.5499999972033898,0x5c97813ef2820a4df77d8e3cf9b0e2aff828484480507475be91ae0e87608a9c,2026-05-04 22:05:16,0xa966f38cd17b063a7143b9f36b55b43de934d01bc6906c44e22d86465a286c70,btc-updown-5m-1777921500
"Bitcoin Up or Down - May 4, 3:05PM-3:10PM ET",Down,BUY,25.471697,0.529999983903703,0x5c97813ef2820a4df77d8e3cf9b0e2aff828484480507475be91ae0e87608a9c,2026-05-04 22:05:12,0x38b16c11ed2eb25f4d7acf06445fe67f5037b3d6cf08a885932a57a622aa2838,btc-updown-5m-1777921500
"Bitcoin Up or Down - May 4, 3:05PM-3:10PM ET",Down,BUY,62.181817,0.549999994371345,0x5c97813ef2820a4df77d8e3cf9b0e2aff828484480507475be91ae0e87608a9c,2026-05-04 22:05:12,0xccb8175d0b99b8ef322f5d2951013f09e33836ef31abac2feec62381ccc77129,btc-updown-5m-1777921500
"Bitcoin Up or Down - May 4, 3:05PM-3:10PM ET",Down,BUY,105.709088,0.5486756067746985,0x5c97813ef2820a4df77d8e3cf9b0e2aff828484480507475be91ae0e87608a9c,2026-05-04 22:05:12,0xace47af5e38b1356feeaf83e096e50cf5f1797a3f30fe158667c629ef14ed659,btc-updown-5m-1777921500
"Bitcoin Up or Down - May 4, 3:05PM-3:10PM ET",Down,BUY,66.370369,0.5399999960825892,0x5c97813ef2820a4df77d8e3cf9b0e2aff828484480507475be91ae0e87608a9c,2026-05-04 22:05:12,0xb8681cd479a62929dfd373a5164b71d5363e4387fc523b45a32d5fe3e907d5b2,btc-updown-5m-1777921500
"Bitcoin Up or Down - May 4, 3:05PM-3:10PM ET",Down,BUY,19.54,0.53,0x5c97813ef2820a4df77d8e3cf9b0e2aff828484480507475be91ae0e87608a9c,2026-05-04 22:05:12,0xa12e8888a2d3987f85de24e02f8d768ebaa379fbe3d81f5b1518afd0a6b8dc93,btc-updown-5m-1777921500
"Bitcoin Up or Down - May 4, 3:00PM-3:15PM ET",Down,BUY,200,0.8,0x75cc114d819a1ada793b1302bc5f2afbdf3f9ad5972588aad0cb27155695b425,2026-05-04 22:05:04,0x723abdb862b2ba0dd72987de996fe92607a5089b367f53b9ff9dd94988ed2bc1,btc-updown-15m-1777921200
"Bitcoin Up or Down - May 4, 3:00PM-3:15PM ET",Down,BUY,10.91,0.79,0x75cc114d819a1ada793b1302bc5f2afbdf3f9ad5972588aad0cb27155695b425,2026-05-04 22:05:02,0x92398f0d66b2296b0e8bd73ca7f0fde03eaf32ebdc2a2a73a2aef167d2782130,btc-updown-15m-1777921200
"Bitcoin Up or Down - May 4, 3:00PM-3:05PM ET",Down,BUY,60,0.77,0x40cd4e055afb4df7c021313f2607e612c0ba7de5369faa102b9a4c163b4046d8,2026-05-04 22:03:48,0x5a456d5262a93fc74945d14b42c0c17bd0f4346651239d793bf7f9945e8d81d6,btc-updown-5m-1777921200
"Bitcoin Up or Down - May 4, 3:00PM-3:05PM ET",Down,BUY,11.97,0.76,0x40cd4e055afb4df7c021313f2607e612c0ba7de5369faa102b9a4c163b4046d8,2026-05-04 22:03:48,0x4cea6a9797655fc0cd6816144a9d023c1ebda4a8c059880187cc5d54e703c71a,btc-updown-5m-1777921200
"Bitcoin Up or Down - May 4, 3:00PM-3:15PM ET",Up,BUY,210.625,0.42729970326409494,0x75cc114d819a1ada793b1302bc5f2afbdf3f9ad5972588aad0cb27155695b425,2026-05-04 22:03:48,0x28b90254de74f107636108e99c1e4c7226fa5fa6950a1c55d23b3adcd85d5fae,btc-updown-15m-1777921200
"Bitcoin Up or Down - May 4, 3:00PM-3:05PM ET",Up,BUY,132.320688,0.2720662924606317,0x40cd4e055afb4df7c021313f2607e612c0ba7de5369faa102b9a4c163b4046d8,2026-05-04 22:03:48,0x793b37a5d3afa89606dd31648ceb15f075374dc759409d5c7c0bcd7956179e17,btc-updown-5m-1777921200
"Bitcoin Up or Down - May 4, 3:00PM-3:05PM ET",Up,BUY,118.262332,0.2959522140997524,0x40cd4e055afb4df7c021313f2607e612c0ba7de5369faa102b9a4c163b4046d8,2026-05-04 22:03:46,0x6d0edcac0197ce7f88ddd857f762b21971de365401fee2201ce2eed83d071fc9,btc-updown-5m-1777921200
"Bitcoin Up or Down - May 4, 3:00PM-3:05PM ET",Up,BUY,108.28,0.30476542297746584,0x40cd4e055afb4df7c021313f2607e612c0ba7de5369faa102b9a4c163b4046d8,2026-05-04 22:03:44,0xbb58617321413e4ea0772e818445c612c87905e226d363b8afb44c6da1489dd0,btc-updown-5m-1777921200
"Bitcoin Up or Down - May 4, 3:00PM-3:05PM ET",Up,BUY,10,0.31,0x40cd4e055afb4df7c021313f2607e612c0ba7de5369faa102b9a4c163b4046d8,2026-05-04 22:03:42,0x2fc4b69c3211246ec788d61329299b23426162822ed79b96ca7480df9886053f,btc-updown-5m-1777921200
"Bitcoin Up or Down - May 4, 3:00PM-3:05PM ET",Up,BUY,109.677418,0.30999999471176465,0x40cd4e055afb4df7c021313f2607e612c0ba7de5369faa102b9a4c163b4046d8,2026-05-04 22:03:42,0x65a62adab61bd7a1046392df0671327d5429d40d721f8af6a03bdbb86cabe56a,btc-updown-5m-1777921200
"Bitcoin Up or Down - May 4, 3:00PM-3:05PM ET",Up,BUY,103.225805,0.30999999467187495,0x40cd4e055afb4df7c021313f2607e612c0ba7de5369faa102b9a4c163b4046d8,2026-05-04 22:03:42,0xd844ba5bdda8d90403faa2d3f21f7266b84f486352c060097fa7f9ea092f0c9f,btc-updown-5m-1777921200
"Bitcoin Up or Down - May 4, 3:00PM-3:05PM ET",Up,BUY,104.066314,0.3747610297795308,0x40cd4e055afb4df7c021313f2607e612c0ba7de5369faa102b9a4c163b4046d8,2026-05-04 22:02:52,0x7b192d1f91be6cc4e7e263dc7d9f59998cd95950f72e42efafc7649e6060d89b,btc-updown-5m-1777921200
"Bitcoin Up or Down - May 4, 3:00PM-3:05PM ET",Up,BUY,14.69,0.38,0x40cd4e055afb4df7c021313f2607e612c0ba7de5369faa102b9a4c163b4046d8,2026-05-04 22:02:46,0x394274b977814f1f53b96a98f0381d64ddf1f9755d33d787aee5b8ae780637b6,btc-updown-5m-1777921200
"Bitcoin Up or Down - May 4, 3:00PM-3:05PM ET",Up,BUY,104.761903,0.20999999398636354,0x40cd4e055afb4df7c021313f2607e612c0ba7de5369faa102b9a4c163b4046d8,2026-05-04 22:02:12,0xeea51c505d0b73ed3ec22dbcd857c2fcadc253e4ae05895a47050a73bd184437,btc-updown-5m-1777921200
"Bitcoin Up or Down - May 4, 3:00PM-3:15PM ET",Down,BUY,51,0.51,0x75cc114d819a1ada793b1302bc5f2afbdf3f9ad5972588aad0cb27155695b425,2026-05-04 22:01:12,0xb5b7ed29947f86d49c029bbca9fd81c056c38f3a4de48736e04735f3d2146193,btc-updown-15m-1777921200
"Bitcoin Up or Down - May 4, 3:00PM-3:15PM ET",Down,BUY,27.490908,0.5499999854497348,0x75cc114d819a1ada793b1302bc5f2afbdf3f9ad5972588aad0cb27155695b425,2026-05-04 22:00:36,0x9ec6b42fd7c702be298a011e67a21d554f2126b19629f92098aa9c10679a102e,btc-updown-15m-1777921200
"Bitcoin Up or Down - May 4, 3:00PM-3:15PM ET",Down,BUY,7,0.55,0x75cc114d819a1ada793b1302bc5f2afbdf3f9ad5972588aad0cb27155695b425,2026-05-04 22:00:36,0x59684f75d481c445a0525d926de2b6c84bf3f835b9728f12a6c8e3fb4268d897,btc-updown-15m-1777921200
"Bitcoin Up or Down - May 4, 3:00PM-3:05PM ET",Down,BUY,27,0.61,0x40cd4e055afb4df7c021313f2607e612c0ba7de5369faa102b9a4c163b4046d8,2026-05-04 22:00:36,0xe7a7d02a9fb6df71ac98c8fdd5c749c70a5b2e2cf825a62cbc071f77b45e081e,btc-updown-5m-1777921200
"Bitcoin Up or Down - May 4, 3:00PM-3:05PM ET",Down,BUY,5.081966,0.6099999488386975,0x40cd4e055afb4df7c021313f2607e612c0ba7de5369faa102b9a4c163b4046d8,2026-05-04 22:00:36,0xe1c2f4d8354cf4afb09010fd0119d00bf8630bd51faab41216cef398dc879917,btc-updown-5m-1777921200
"Bitcoin Up or Down - May 4, 3:00PM-3:15PM ET",Down,BUY,72,0.48,0x75cc114d819a1ada793b1302bc5f2afbdf3f9ad5972588aad0cb27155695b425,2026-05-04 22:00:08,0xcc965c569049458458447941d03c1b6bac4a871ca530aecf6f57648cecf5a93d,btc-updown-15m-1777921200
"Bitcoin Up or Down - May 4, 2:45PM-3:00PM ET",Up,BUY,11.76,0.15,0x906555b6982ac7b2a2b9c70b3d18b6e5378557e959e81466f5f22af9a3151f11,2026-05-04 21:57:50,0xccded145378a5e781fc12d3f1e72462acd28e0e5503c6361fc0bc3d6387a7c78,btc-updown-15m-1777920300
"Bitcoin Up or Down - May 4, 2:55PM-3:00PM ET",Down,BUY,14.9,0.15,0x251da77d8576cdea45f1a7f63db17d286db12cf5221cdbc710d189870daba597,2026-05-04 21:57:08,0x39381c78ab0d99a21a030797db21b9b3486b7936668478aa6975ed3fe28c828d,btc-updown-5m-1777920900
"Bitcoin Up or Down - May 4, 2:55PM-3:00PM ET",Down,BUY,104.265,0.1519205869659042,0x251da77d8576cdea45f1a7f63db17d286db12cf5221cdbc710d189870daba597,2026-05-04 21:57:08,0xa137198c699728b9d7bc1c79cbe89563f6186011e5d9fa72f7b644f85bbc2fd9,btc-updown-5m-1777920900
"Bitcoin Up or Down - May 4, 2:55PM-3:00PM ET",Up,BUY,11.3,0.84,0x251da77d8576cdea45f1a7f63db17d286db12cf5221cdbc710d189870daba597,2026-05-04 21:57:04,0x1a414de4b70b2fb152e13f93f074378fe75e6974b16a5409459cb83ccc1b0ce1,btc-updown-5m-1777920900
"Bitcoin Up or Down - May 4, 2:55PM-3:00PM ET",Up,BUY,25.56,0.82,0x251da77d8576cdea45f1a7f63db17d286db12cf5221cdbc710d189870daba597,2026-05-04 21:56:54,0xa61ff03751cae894040db92d8d6bfb6ce596735dd4bc023bd80bc6d9cab4a6ce,btc-updown-5m-1777920900
"Bitcoin Up or Down - May 4, 2:55PM-3:00PM ET",Up,BUY,71.2,0.8385955056179776,0x251da77d8576cdea45f1a7f63db17d286db12cf5221cdbc710d189870daba597,2026-05-04 21:56:54,0x016870af4c8947b7881c4c91acb97201b68980fde655707abb64d2a606187c18,btc-updown-5m-1777920900
"Bitcoin Up or Down - May 4, 2:55PM-3:00PM ET",Up,BUY,100,0.8,0x251da77d8576cdea45f1a7f63db17d286db12cf5221cdbc710d189870daba597,2026-05-04 21:56:50,0xc97a38cb2a78959ef5efadfd8a90841ed20872c222b14e9955d616325b2e44ea,btc-updown-5m-1777920900
"Bitcoin Up or Down - May 4, 2:55PM-3:00PM ET",Down,BUY,20.71,0.17,0x251da77d8576cdea45f1a7f63db17d286db12cf5221cdbc710d189870daba597,2026-05-04 21:56:46,0x6c98d0ae31bbc451c7cbae0fa543e08fd54cdc9b496aed8d67f9dcd19e872517,btc-updown-5m-1777920900
"Bitcoin Up or Down - May 4, 2:55PM-3:00PM ET",Down,BUY,15,0.17666666666666667,0x251da77d8576cdea45f1a7f63db17d286db12cf5221cdbc710d189870daba597,2026-05-04 21:56:44,0x5414d58ba87f7e82cc6cd68f28f21e9646121b8f1d529ebbb8477597677e0ea3,btc-updown-5m-1777920900
"Bitcoin Up or Down - May 4, 2:55PM-3:00PM ET",Up,BUY,85,0.6942352941176471,0x251da77d8576cdea45f1a7f63db17d286db12cf5221cdbc710d189870daba597,2026-05-04 21:56:28,0x7194dab62ee9128576f2eb021b06e22396c0bbd5b393567551a30e54aa58f59c,btc-updown-5m-1777920900
"Bitcoin Up or Down - May 4, 2:55PM-3:00PM ET",Up,BUY,5,0.65,0x251da77d8576cdea45f1a7f63db17d286db12cf5221cdbc710d189870daba597,2026-05-04 21:56:04,0x7e7fade04a62a043ad3ea5f42d0e537979993551f6136c5d40248abd652a6592,btc-updown-5m-1777920900
"Bitcoin Up or Down - May 4, 2:55PM-3:00PM ET",Down,BUY,7,0.31,0x251da77d8576cdea45f1a7f63db17d286db12cf5221cdbc710d189870daba597,2026-05-04 21:55:56,0x2abb1141248acc3a81496bbb687c0cc74bcb2baf22483624e103d4fbb0914777,btc-updown-5m-1777920900
"Bitcoin Up or Down - May 4, 2:55PM-3:00PM ET",Up,BUY,55.37,0.66,0x251da77d8576cdea45f1a7f63db17d286db12cf5221cdbc710d189870daba597,2026-05-04 21:55:52,0x29f13c37cdf6f980d061875b66dbc5f194858da5ff4b9757ed76c722b4d22070,btc-updown-5m-1777920900
"Bitcoin Up or Down - May 4, 2:45PM-3:00PM ET",Down,BUY,5.29,0.87,0x906555b6982ac7b2a2b9c70b3d18b6e5378557e959e81466f5f22af9a3151f11,2026-05-04 21:53:22,0x45302292fc203d73c402dce559e08370f0c2e8433fbb0f2306fae46401676263,btc-updown-15m-1777920300
"Bitcoin Up or Down - May 4, 2:45PM-3:00PM ET",Down,BUY,4.49,0.86,0x906555b6982ac7b2a2b9c70b3d18b6e5378557e959e81466f5f22af9a3151f11,2026-05-04 21:53:20,0x51144bbcd1cb961639cdeb4833e8dfa5bc61aa78e99f347b35b643d22c8331a9,btc-updown-15m-1777920300
"Bitcoin Up or Down - May 4, 2:50PM-2:55PM ET",Down,BUY,20.07943,0.8765188055637038,0xd499c1b04d611473b2a121e6325fe75cf6a6691c69779c51b1246c40e9e38f9a,2026-05-04 21:52:56,0xdf2cea53393492e17b3065566c624ced8f6a38c6c55c473949f759fc401618b6,btc-updown-5m-1777920600
"Bitcoin Up or Down - May 4, 2:50PM-2:55PM ET",Down,BUY,12.87,0.87,0xd499c1b04d611473b2a121e6325fe75cf6a6691c69779c51b1246c40e9e38f9a,2026-05-04 21:52:56,0xb82d818c91c562183409b5beee8b3cd3e887f12aa0bb394384fca3a49059e6ce,btc-updown-5m-1777920600
"Bitcoin Up or Down - May 4, 2:45PM-3:00PM ET",Down,BUY,203.943135,0.8433723253298033,0x906555b6982ac7b2a2b9c70b3d18b6e5378557e959e81466f5f22af9a3151f11,2026-05-04 21:52:44,0x92576d9fd7dfdc8d53fc57e0c5ba591b1ebaf9b3476c72413a55873b27cc2d3a,btc-updown-15m-1777920300
"Bitcoin Up or Down - May 4, 2:45PM-3:00PM ET",Down,BUY,204.960593,0.8294277232111639,0x906555b6982ac7b2a2b9c70b3d18b6e5378557e959e81466f5f22af9a3151f11,2026-05-04 21:52:44,0xc85944c29707ae3a44c3fed350fb5518b7c2289cea9371d6fb1da5ffece76753,btc-updown-15m-1777920300
"Bitcoin Up or Down - May 4, 2:45PM-3:00PM ET",Up,BUY,201.452379,0.2084859916198855,0x906555b6982ac7b2a2b9c70b3d18b6e5378557e959e81466f5f22af9a3151f11,2026-05-04 21:52:44,0xeebf1ced294affab17d76c2a1c63aabfaf3d38111b8fc552ade659b3ea0bcb6b,btc-updown-15m-1777920300
"Bitcoin Up or Down - May 4, 2:45PM-3:00PM ET",Up,BUY,110.63,0.19444092922353792,0x906555b6982ac7b2a2b9c70b3d18b6e5378557e959e81466f5f22af9a3151f11,2026-05-04 21:52:44,0xadb781a3118d224a706abe595675a10774f5e04a23ba2a81f5a18bc4568b398a,btc-updown-15m-1777920300
"Bitcoin Up or Down - May 4, 2:50PM-2:55PM ET",Up,BUY,107.022856,0.13081316947848973,0xd499c1b04d611473b2a121e6325fe75cf6a6691c69779c51b1246c40e9e38f9a,2026-05-04 21:52:44,0xaaf5e853c09fff1b49c1ad9d3d7f5b0703372ea15ba2d6e02a684ae7c118e3aa,btc-updown-5m-1777920600
"Bitcoin Up or Down - May 4, 2:45PM-3:00PM ET",Up,BUY,200,0.19,0x906555b6982ac7b2a2b9c70b3d18b6e5378557e959e81466f5f22af9a3151f11,2026-05-04 21:52:44,0x65a66ffc623b6fa419bda16c6cbcf0e143d7edffc91c8800ef60d92e6ef1ae87,btc-updown-15m-1777920300
"Bitcoin Up or Down - May 4, 2:50PM-2:55PM ET",Down,BUY,7,0.89,0xd499c1b04d611473b2a121e6325fe75cf6a6691c69779c51b1246c40e9e38f9a,2026-05-04 21:52:44,0x5f951e25d0f026d9282db2909cca5decc0a971116a5f5c2628feda15d7d439b2,btc-updown-5m-1777920600
"Bitcoin Up or Down - May 4, 2:50PM-2:55PM ET",Up,BUY,100,0.22,0xd499c1b04d611473b2a121e6325fe75cf6a6691c69779c51b1246c40e9e38f9a,2026-05-04 21:52:04,0x6eafa8044837863f3c3b53fc329c7c7c184f8a99d7506255db78207c15e3e6d8,btc-updown-5m-1777920600
"Bitcoin Up or Down - May 4, 2:50PM-2:55PM ET",Up,BUY,46.83,0.23,0xd499c1b04d611473b2a121e6325fe75cf6a6691c69779c51b1246c40e9e38f9a,2026-05-04 21:51:46,0x732d0adc67070eff09898bd18a590fccd694e5b0360849ae741941814f45b78c,btc-updown-5m-1777920600
"Bitcoin Up or Down - May 4, 2:50PM-2:55PM ET",Down,BUY,20,0.73,0xd499c1b04d611473b2a121e6325fe75cf6a6691c69779c51b1246c40e9e38f9a,2026-05-04 21:51:38,0x65b89fa84034c88df250e7eb5da5ad88260e4c17d63580bc9bcbc611e73af3ac,btc-updown-5m-1777920600
"Bitcoin Up or Down - May 4, 2:45PM-3:00PM ET",Down,BUY,73.12,0.7,0x906555b6982ac7b2a2b9c70b3d18b6e5378557e959e81466f5f22af9a3151f11,2026-05-04 21:51:38,0xdf6172fdf1b89559922bfc2801ea1f829b81d6d92da29d156bb8774288a15f78,btc-updown-15m-1777920300
"Bitcoin Up or Down - May 4, 2:50PM-2:55PM ET",Down,BUY,100.940692,0.7132901169332185,0xd499c1b04d611473b2a121e6325fe75cf6a6691c69779c51b1246c40e9e38f9a,2026-05-04 21:51:38,0x9166ec747d1ac5e1b9e9829275b5f60fe939bbbd88356794eedc5e38dd861abd,btc-updown-5m-1777920600
"Bitcoin Up or Down - May 4, 2:50PM-2:55PM ET",Up,BUY,101.738436,0.3145320515837299,0xd499c1b04d611473b2a121e6325fe75cf6a6691c69779c51b1246c40e9e38f9a,2026-05-04 21:51:26,0xa160ef80afff42a9fb90022e4df53acc1ab80be5c0089ecb564371a495d1f70b,btc-updown-5m-1777920600
"Bitcoin Up or Down - May 4, 2:50PM-2:55PM ET",Down,BUY,5.289854,0.6899999508493051,0xd499c1b04d611473b2a121e6325fe75cf6a6691c69779c51b1246c40e9e38f9a,2026-05-04 21:51:24,0xdeffcafa75c7b7cf071038006318197c445c605832479231b92e2de05e2dbdb1,btc-updown-5m-1777920600
"Bitcoin Up or Down - May 4, 2:50PM-2:55PM ET",Down,BUY,8.347825,0.6899999700520795,0xd499c1b04d611473b2a121e6325fe75cf6a6691c69779c51b1246c40e9e38f9a,2026-05-04 21:51:24,0x960d694ce5220ed7b47fd5e6d1f5d554fe0c07ccb9b75dcb3c730c36eb19fb9d,btc-updown-5m-1777920600
"Bitcoin Up or Down - May 4, 2:45PM-3:00PM ET",Down,BUY,10.42857,0.7,0x906555b6982ac7b2a2b9c70b3d18b6e5378557e959e81466f5f22af9a3151f11,2026-05-04 21:51:24,0x52e618cb896cf4bbc037fd0d9024a93a4cd60e9faf08269e37fe894717701b02,btc-updown-15m-1777920300
"Bitcoin Up or Down - May 4, 2:50PM-2:55PM ET",Down,BUY,22.028983,0.6899999877434196,0xd499c1b04d611473b2a121e6325fe75cf6a6691c69779c51b1246c40e9e38f9a,2026-05-04 21:51:24,0x117b22e6f30679eec84ded06854e07de46fe8adc41523ca86c54d512eaad9ac0,btc-updown-5m-1777920600
"Bitcoin Up or Down - May 4, 2:50PM-2:55PM ET",Up,BUY,31.57,0.31,0xd499c1b04d611473b2a121e6325fe75cf6a6691c69779c51b1246c40e9e38f9a,2026-05-04 21:51:24,0x74d9a2ed71655f0a36ecb4a80ca3ecc81dd35793e13c250bb1ef69091deed4fe,btc-updown-5m-1777920600
"Bitcoin Up or Down - May 4, 2:45PM-3:00PM ET",Down,BUY,5.071426,0.6999999605633603,0x906555b6982ac7b2a2b9c70b3d18b6e5378557e959e81466f5f22af9a3151f11,2026-05-04 21:51:22,0x17bb77ec6c2714be5c2c954af3afef714e0c0a912e8588624bcb5bd4cfb62423,btc-updown-15m-1777920300
"Bitcoin Up or Down - May 4, 2:50PM-2:55PM ET",Down,BUY,103.984283,0.6827954759278381,0xd499c1b04d611473b2a121e6325fe75cf6a6691c69779c51b1246c40e9e38f9a,2026-05-04 21:51:20,0xe53a9d2832fa8dc8fed8e93288dad559bedbc155761f95f37f2ca13250d8c347,btc-updown-5m-1777920600
"Bitcoin Up or Down - May 4, 2:50PM-2:55PM ET",Down,BUY,10,0.69,0xd499c1b04d611473b2a121e6325fe75cf6a6691c69779c51b1246c40e9e38f9a,2026-05-04 21:51:20,0xefd50948e91d02470a60341e7369826b73c5946603a06d32c879b35516b4914b,btc-updown-5m-1777920600
"Bitcoin Up or Down - May 4, 2:45PM-3:00PM ET",Down,BUY,97.295856,0.6906768876158508,0x906555b6982ac7b2a2b9c70b3d18b6e5378557e959e81466f5f22af9a3151f11,2026-05-04 21:51:20,0x6be21ae2be1f9e9f9f35203f346d05789c915d367cc87a9d1f425bf0c168eda9,btc-updown-15m-1777920300
"Bitcoin Up or Down - May 4, 2:50PM-2:55PM ET",Down,BUY,53.529409,0.6799999977582416,0xd499c1b04d611473b2a121e6325fe75cf6a6691c69779c51b1246c40e9e38f9a,2026-05-04 21:51:20,0x498c61acf444ed1bcd18eb1ac432bf8493e859106dab06967df287b39c397214,btc-updown-5m-1777920600
"Bitcoin Up or Down - May 4, 2:50PM-2:55PM ET",Down,BUY,105.882351,0.6799999935777776,0xd499c1b04d611473b2a121e6325fe75cf6a6691c69779c51b1246c40e9e38f9a,2026-05-04 21:51:18,0xd99ef1701a4fbac264c2dfb7876d32fed0b08d338b52256169600b519471d831,btc-updown-5m-1777920600
"Bitcoin Up or Down - May 4, 2:45PM-3:00PM ET",Down,BUY,70.55714,0.694330835972093,0x906555b6982ac7b2a2b9c70b3d18b6e5378557e959e81466f5f22af9a3151f11,2026-05-04 21:48:58,0x2fcaa08e989184bb123658cc7053b985b7da137cd9371a74b8118a9e08188e82,btc-updown-15m-1777920300
"Bitcoin Up or Down - May 4, 2:45PM-3:00PM ET",Down,BUY,157.68,0.7,0x906555b6982ac7b2a2b9c70b3d18b6e5378557e959e81466f5f22af9a3151f11,2026-05-04 21:48:58,0x8da2d30f035fff7e823fd5ea3f83e8ec5d0d8ade413d13fa29d26f55f3c0f266,btc-updown-15m-1777920300
"Bitcoin Up or Down - May 4, 2:45PM-3:00PM ET",Down,BUY,25,0.69,0x906555b6982ac7b2a2b9c70b3d18b6e5378557e959e81466f5f22af9a3151f11,2026-05-04 21:48:58,0xa6b4b7706125762a68f4c10fed6b9104632c39553508f863ac8fa98f6b5994bf,btc-updown-15m-1777920300
"Bitcoin Up or Down - May 4, 2:45PM-2:50PM ET",Up,BUY,65.96,0.35,0x521a54fdc439f65188aa188f311059c2948de972f56ac92c8d86a62fa4c97aa3,2026-05-04 21:47:52,0x33ccb07d8f15492b22cba887034ccf8ad61a9945ff67d53cc04bee03d7b14340,btc-updown-5m-1777920300
"Bitcoin Up or Down - May 4, 2:45PM-3:00PM ET",Up,BUY,200,0.4,0x906555b6982ac7b2a2b9c70b3d18b6e5378557e959e81466f5f22af9a3151f11,2026-05-04 21:47:44,0xc170876752ba989e9bb458e76b089875c377b4dae1d9c1dcfb51e0b6b0061fd7,btc-updown-15m-1777920300
"Bitcoin Up or Down - May 4, 2:45PM-2:50PM ET",Down,BUY,2,0.7,0x521a54fdc439f65188aa188f311059c2948de972f56ac92c8d86a62fa4c97aa3,2026-05-04 21:47:34,0x71e3842d1cfca0b0bc2ec04e3f19bbb67266b5dac65ff16a7ad8b27c7ede2cd0,btc-updown-5m-1777920300
"Bitcoin Up or Down - May 4, 2:45PM-2:50PM ET",Down,BUY,25.67,0.7158433969614336,0x521a54fdc439f65188aa188f311059c2948de972f56ac92c8d86a62fa4c97aa3,2026-05-04 21:47:34,0xff90fc7ad166fa8ee72e69c355497ebaa6a7d4961716d5c21838ca5e113d65b0,btc-updown-5m-1777920300
"Bitcoin Up or Down - May 4, 2:45PM-2:50PM ET",Down,BUY,38.028168,0.7099999926370368,0x521a54fdc439f65188aa188f311059c2948de972f56ac92c8d86a62fa4c97aa3,2026-05-04 21:47:30,0x17af8fbd8b762e8dfe154155a89809b6b2150cfc1f9e757dbf3814d11024164c,btc-updown-5m-1777920300
"Bitcoin Up or Down - May 4, 2:45PM-2:50PM ET",Up,BUY,61.8,0.4875728155339806,0x521a54fdc439f65188aa188f311059c2948de972f56ac92c8d86a62fa4c97aa3,2026-05-04 21:47:10,0xa8a8c98dfff4813d49764af7c3a25c7a0d4379705f97f8dc1fa147b086e3b1ba,btc-updown-5m-1777920300
"Bitcoin Up or Down - May 4, 2:45PM-2:50PM ET",Up,BUY,5.45,0.48,0x521a54fdc439f65188aa188f311059c2948de972f56ac92c8d86a62fa4c97aa3,2026-05-04 21:47:10,0xc3f332cf247e3252003ed2806fd2aee19dba26e53443fada4d09f3083fe23006,btc-updown-5m-1777920300
"Bitcoin Up or Down - May 4, 2:45PM-2:50PM ET",Up,BUY,17.3,0.47,0x521a54fdc439f65188aa188f311059c2948de972f56ac92c8d86a62fa4c97aa3,2026-05-04 21:47:10,0x1d5ed0ad7f2a17632d2076c578a93f0142417d136fa6906224156bf7fcd706a9,btc-updown-5m-1777920300
"Bitcoin Up or Down - May 4, 2:45PM-2:50PM ET",Up,BUY,100,0.46,0x521a54fdc439f65188aa188f311059c2948de972f56ac92c8d86a62fa4c97aa3,2026-05-04 21:46:54,0x477391bc8bd33fd1f4f2ddd662482ff29460409291eaa0e43f3580d8d5a98db2,btc-updown-5m-1777920300
"Bitcoin Up or Down - May 4, 2:45PM-3:00PM ET",Down,BUY,0.9,0.62,0x906555b6982ac7b2a2b9c70b3d18b6e5378557e959e81466f5f22af9a3151f11,2026-05-04 21:46:16,0xfca0ba846001a72bd6fd623c6a7a1a76dfdbf13f8f06aa7a130118b28f82c1f6,btc-updown-15m-1777920300
"Bitcoin Up or Down - May 4, 2:45PM-2:50PM ET",Down,BUY,108.955221,0.6699999993575342,0x521a54fdc439f65188aa188f311059c2948de972f56ac92c8d86a62fa4c97aa3,2026-05-04 21:46:02,0x2c0f366171790e4e9f4715d68bdb5805801f454c34437edac34bffc3c664ef7d,btc-updown-5m-1777920300
"Bitcoin Up or Down - May 4, 2:45PM-2:50PM ET",Up,BUY,14.37,0.3134794711203897,0x521a54fdc439f65188aa188f311059c2948de972f56ac92c8d86a62fa4c97aa3,2026-05-04 21:45:40,0x237cbad1feecdef041642e27daa7d67b42afa47aa1ed657341a5bfcbc4992402,btc-updown-5m-1777920300
"Bitcoin Up or Down - May 4, 2:45PM-2:50PM ET",Up,BUY,100.161289,0.3095007992558882,0x521a54fdc439f65188aa188f311059c2948de972f56ac92c8d86a62fa4c97aa3,2026-05-04 21:45:36,0x6381638629c66e314ed9c2dd1b17f3a59f558dca4efd7bc13d6ce9bcdef24508,btc-updown-5m-1777920300
"Bitcoin Up or Down - May 4, 2:45PM-2:50PM ET",Up,BUY,116.666665,0.29999999571428565,0x521a54fdc439f65188aa188f311059c2948de972f56ac92c8d86a62fa4c97aa3,2026-05-04 21:45:36,0x4d772e14548ec724aeed8fba9458b47206a79dbfaf41ade8169a6fbacd1c00d3,btc-updown-5m-1777920300
"Bitcoin Up or Down - May 4, 2:45PM-2:50PM ET",Up,BUY,113.333332,0.2999999947058823,0x521a54fdc439f65188aa188f311059c2948de972f56ac92c8d86a62fa4c97aa3,2026-05-04 21:45:36,0x1af019766693f9eb360628bed7c8b1aafeee93a0f1eeb7b21fe6e9acda518c64,btc-updown-5m-1777920300
"Bitcoin Up or Down - May 4, 2:45PM-2:50PM ET",Up,BUY,10.46,0.3,0x521a54fdc439f65188aa188f311059c2948de972f56ac92c8d86a62fa4c97aa3,2026-05-04 21:45:36,0xe2375140d7f112f888c54301896dca95f4de8fd30f22f50462c800ee5c6579a9,btc-updown-5m-1777920300
"Bitcoin Up or Down - May 4, 2:45PM-2:50PM ET",Down,BUY,2.94,0.67,0x521a54fdc439f65188aa188f311059c2948de972f56ac92c8d86a62fa4c97aa3,2026-05-04 21:45:34,0x8fa27808b3bc0310342f1b8024697902bd407fa4daea08e9c5d58fedbe77b96a,btc-updown-5m-1777920300
"Bitcoin Up or Down - May 4, 2:45PM-2:50PM ET",Down,BUY,55.739129,0.6781591258808511,0x521a54fdc439f65188aa188f311059c2948de972f56ac92c8d86a62fa4c97aa3,2026-05-04 21:45:32,0x665e26a7c3e36624608600661657c6a59fdb77ff4c8ea376c748d02c508020fc,btc-updown-5m-1777920300
"Bitcoin Up or Down - May 4, 2:45PM-2:50PM ET",Down,BUY,102.072461,0.6759903437617714,0x521a54fdc439f65188aa188f311059c2948de972f56ac92c8d86a62fa4c97aa3,2026-05-04 21:45:30,0x6ba5cc37c438ebcbc5bc3124ebf58f8ded129f9b0f3a1e4ef43a3fb2fea69686,btc-updown-5m-1777920300
"Bitcoin Up or Down - May 4, 2:45PM-2:50PM ET",Down,BUY,48.526716,0.6330533061417137,0x521a54fdc439f65188aa188f311059c2948de972f56ac92c8d86a62fa4c97aa3,2026-05-04 21:45:28,0x0927d94745043bbc48e9f132053659ecca40f33f2770e1aadb184101ad7b8bb4,btc-updown-5m-1777920300
"Bitcoin Up or Down - May 4, 2:45PM-2:50PM ET",Down,BUY,35,0.63,0x521a54fdc439f65188aa188f311059c2948de972f56ac92c8d86a62fa4c97aa3,2026-05-04 21:45:28,0x69ff53917a0a42071b6110b89b57d81c99582f248cf74722e073ec1eaea19f7f,btc-updown-5m-1777920300
"Bitcoin Up or Down - May 4, 2:45PM-2:50PM ET",Down,BUY,61.969695,0.6583862967213249,0x521a54fdc439f65188aa188f311059c2948de972f56ac92c8d86a62fa4c97aa3,2026-05-04 21:45:28,0x7968f8e79cef897d103f72a6b90c52cad2cd36344e7c26a182e16e2e8734872a,btc-updown-5m-1777920300
"Bitcoin Up or Down - May 4, 2:45PM-3:00PM ET",Down,BUY,34.91,0.5959238040676024,0x906555b6982ac7b2a2b9c70b3d18b6e5378557e959e81466f5f22af9a3151f11,2026-05-04 21:45:28,0x4d99e44fedb598e166cba0027fa37d777e339a2ad4c61623547c5f57af2574eb,btc-updown-15m-1777920300
"Bitcoin Up or Down - May 4, 2:45PM-2:50PM ET",Down,BUY,34.83,0.66,0x521a54fdc439f65188aa188f311059c2948de972f56ac92c8d86a62fa4c97aa3,2026-05-04 21:45:28,0x9481a21ce29c7b28551cfffb489d4135d429ad2a0307c37d1efe6fac4c2cced1,btc-updown-5m-1777920300
"Bitcoin Up or Down - May 4, 2:45PM-2:50PM ET",Down,BUY,30,0.6483333333333333,0x521a54fdc439f65188aa188f311059c2948de972f56ac92c8d86a62fa4c97aa3,2026-05-04 21:45:28,0x765b493313a0ae67dd0c5a1960b5b0bbe973cf646ecf7e4075b82dc811ff50bc,btc-updown-5m-1777920300
"Bitcoin Up or Down - May 4, 2:40PM-2:45PM ET",Up,BUY,199.42,0.07521813258449503,0xfccb58e85924346d017dc1dd2939c0d853fb5432b7f48255448258e1c6f95286,2026-05-04 21:43:52,0x4145661bff5e187f03942cc4b3cf7c81fa610072d2561a1d413625b8a09dd9a6,btc-updown-5m-1777920000
"Bitcoin Up or Down - May 4, 2:40PM-2:45PM ET",Down,BUY,100,0.58,0xfccb58e85924346d017dc1dd2939c0d853fb5432b7f48255448258e1c6f95286,2026-05-04 21:42:38,0x5856a1bed3a7b540fec0f217078d2a1473c68bc7ffdd68f8a6c981fc462f7dd6,btc-updown-5m-1777920000
"Bitcoin Up or Down - May 4, 2:40PM-2:45PM ET",Down,BUY,10,0.64,0xfccb58e85924346d017dc1dd2939c0d853fb5432b7f48255448258e1c6f95286,2026-05-04 21:42:10,0x6b5b4609c3fcd945577a259027cbb975b6d7a4fe93418afdb71e3ec92f42c297,btc-updown-5m-1777920000
"Bitcoin Up or Down - May 4, 2:40PM-2:45PM ET",Down,BUY,102.544375,0.633871921302363,0xfccb58e85924346d017dc1dd2939c0d853fb5432b7f48255448258e1c6f95286,2026-05-04 21:42:10,0x7fc333535505f5efd02c09dcc5eeb53fe07f4c512a7f0fc8e73978edf58d16a7,btc-updown-5m-1777920000
"Bitcoin Up or Down - May 4, 2:40PM-2:45PM ET",Down,BUY,10.04,0.62,0xfccb58e85924346d017dc1dd2939c0d853fb5432b7f48255448258e1c6f95286,2026-05-04 21:42:06,0x85d1f1e9bb7a94cfa14c5bc210bdc8dd60bd6ed31ce5f0c8414bdcb9d3ef2591,btc-updown-5m-1777920000
"Bitcoin Up or Down - May 4, 2:40PM-2:45PM ET",Down,BUY,7.225805,0.6199999861607115,0xfccb58e85924346d017dc1dd2939c0d853fb5432b7f48255448258e1c6f95286,2026-05-04 21:42:04,0x49117f3623556e30d6857c7e836ff9d30f68974d51b7ea9d4aa6ff98f6e18cdb,btc-updown-5m-1777920000
"Bitcoin Up or Down - May 4, 2:40PM-2:45PM ET",Down,BUY,5,0.63,0xfccb58e85924346d017dc1dd2939c0d853fb5432b7f48255448258e1c6f95286,2026-05-04 21:42:04,0xfce1c373906d70020d8b00a0c25837b9db4da7d770793ac930c8b0a58249d41d,btc-updown-5m-1777920000
"Bitcoin Up or Down - May 4, 2:30PM-2:45PM ET",Down,BUY,70.479464,0.744897804557651,0x6e670d82ed42eb8248ffea419e14ce9f1141918adc3fa685f89b1313bd385ddc,2026-05-04 21:41:58,0x7405b4d8b708142c0c33ee5f8530c0f62afa24ee7725116c4476d89a6776434b,btc-updown-15m-1777919400
"Bitcoin Up or Down - May 4, 2:30PM-2:45PM ET",Down,BUY,5,0.74,0x6e670d82ed42eb8248ffea419e14ce9f1141918adc3fa685f89b1313bd385ddc,2026-05-04 21:41:58,0xb592eaef4d9e0e88a85a75a978ea2da045e6c7ccd4f86cfe1227563c5e4af432,btc-updown-15m-1777919400
"Bitcoin Up or Down - May 4, 2:30PM-2:45PM ET",Down,BUY,35.96,0.73,0x6e670d82ed42eb8248ffea419e14ce9f1141918adc3fa685f89b1313bd385ddc,2026-05-04 21:41:58,0x3dfdc990be28c80da5a41ae4aaa66e1e03be50359d9166b17f635991a019ec1c,btc-updown-15m-1777919400
"Bitcoin Up or Down - May 4, 2:40PM-2:45PM ET",Down,BUY,31,0.46,0xfccb58e85924346d017dc1dd2939c0d853fb5432b7f48255448258e1c6f95286,2026-05-04 21:41:40,0x59099a43cc06856fac0843817f5c2ebb71b714b787716049e428c72b025d9459,btc-updown-5m-1777920000
"Bitcoin Up or Down - May 4, 2:40PM-2:45PM ET",Down,BUY,25.86,0.45,0xfccb58e85924346d017dc1dd2939c0d853fb5432b7f48255448258e1c6f95286,2026-05-04 21:41:38,0xcb761ccc504d6b0764142ffd2439fb8508ed2d65c6779709c46d0704686dc528,btc-updown-5m-1777920000
"Bitcoin Up or Down - May 4, 2:40PM-2:45PM ET",Up,BUY,112.068964,0.5799999989292307,0xfccb58e85924346d017dc1dd2939c0d853fb5432b7f48255448258e1c6f95286,2026-05-04 21:41:32,0xda4477c026a6b94378d7d5cf1ce08ea439bea6945853b9562f1cabb53aedef8b,btc-updown-5m-1777920000
"Bitcoin Up or Down - May 4, 2:40PM-2:45PM ET",Up,BUY,101.639343,0.6099999977370968,0xfccb58e85924346d017dc1dd2939c0d853fb5432b7f48255448258e1c6f95286,2026-05-04 21:41:30,0x881c3b656deb73f1d4006b31e2246c332c80b5a18d7d6ac2494974f2776dcba0,btc-updown-5m-1777920000
"Bitcoin Up or Down - May 4, 2:40PM-2:45PM ET",Up,BUY,110.005253,0.581790389591668,0xfccb58e85924346d017dc1dd2939c0d853fb5432b7f48255448258e1c6f95286,2026-05-04 21:41:30,0xd5d5cb60857b8f3837561151d8b87499262ce462a5e9beca38d7faab44ed704c,btc-updown-5m-1777920000
"Bitcoin Up or Down - May 4, 2:30PM-2:45PM ET",Up,BUY,128.55,0.48225593154414625,0x6e670d82ed42eb8248ffea419e14ce9f1141918adc3fa685f89b1313bd385ddc,2026-05-04 21:41:18,0x3318015120b92ed3e281b2c468a852bc394d0c27e69e767a04798098f2f67d4d,btc-updown-15m-1777919400
"Bitcoin Up or Down - May 4, 2:40PM-2:45PM ET",Up,BUY,100.438094,0.6272520364633761,0xfccb58e85924346d017dc1dd2939c0d853fb5432b7f48255448258e1c6f95286,2026-05-04 21:41:18,0x7a779c5274c57e7390147d442bc0457cdd6a9fceed5bd9f5b181018cc3a69b89,btc-updown-5m-1777920000
"Bitcoin Up or Down - May 4, 2:40PM-2:45PM ET",Up,BUY,100,0.56,0xfccb58e85924346d017dc1dd2939c0d853fb5432b7f48255448258e1c6f95286,2026-05-04 21:41:10,0x6f279cbfa140eb769423a83efe6d477da0765a02040fd98cd39540d530e41e96,btc-updown-5m-1777920000
"Bitcoin Up or Down - May 4, 2:40PM-2:45PM ET",Up,BUY,12.64,0.5379113924050632,0xfccb58e85924346d017dc1dd2939c0d853fb5432b7f48255448258e1c6f95286,2026-05-04 21:40:36,0x268748bc8f492b805644d4fb242422555bcc92ffb80d4c784351105d8fb0bdb6,btc-updown-5m-1777920000
"Bitcoin Up or Down - May 4, 2:30PM-2:45PM ET",Up,BUY,10,0.4,0x6e670d82ed42eb8248ffea419e14ce9f1141918adc3fa685f89b1313bd385ddc,2026-05-04 21:40:04,0x098e4f29e75c683c00786b70796a7e974f8e31ee1eb2a4cfce2e8d79243ff276,btc-updown-15m-1777919400
"Bitcoin Up or Down - May 4, 2:30PM-2:45PM ET",Up,BUY,10.41,0.48,0x6e670d82ed42eb8248ffea419e14ce9f1141918adc3fa685f89b1313bd385ddc,2026-05-04 21:39:52,0x65a3a5a300745923fb24a0c2c835619939a6c09afdf40b5ef8da953a6ccaaeef,btc-updown-15m-1777919400
"Bitcoin Up or Down - May 4, 2:30PM-2:45PM ET",Down,BUY,45,0.63,0x6e670d82ed42eb8248ffea419e14ce9f1141918adc3fa685f89b1313bd385ddc,2026-05-04 21:39:24,0xd0db26b95829b535ff0ddeb92e896ba6b10b044a7e8c668789fced0777d9a624,btc-updown-15m-1777919400
"Bitcoin Up or Down - May 4, 2:30PM-2:45PM ET",Down,BUY,16,0.59,0x6e670d82ed42eb8248ffea419e14ce9f1141918adc3fa685f89b1313bd385ddc,2026-05-04 21:37:22,0xfff18e68d3fc2769b68eab30dd592b4884e81750c6c8b15e3ac989058df41237,btc-updown-15m-1777919400
"Bitcoin Up or Down - May 4, 2:30PM-2:45PM ET",Down,BUY,10.16949,0.5899999901666652,0x6e670d82ed42eb8248ffea419e14ce9f1141918adc3fa685f89b1313bd385ddc,2026-05-04 21:37:22,0x49c8e51f34866e5ec9b4af73db9eb82c596f3ed4925b3670107cf236caa58c0b,btc-updown-15m-1777919400
"Bitcoin Up or Down - May 4, 2:30PM-2:45PM ET",Down,BUY,24.89,0.46,0x6e670d82ed42eb8248ffea419e14ce9f1141918adc3fa685f89b1313bd385ddc,2026-05-04 21:36:58,0x8457b9f60108b7a563c67645c68050cda376856d176c1ed67be5d0112542b282,btc-updown-15m-1777919400
"Bitcoin Up or Down - May 4, 2:35PM-2:40PM ET",Up,BUY,135.7425,0.2725749120577564,0x05a9ac592cb04f63087467b5ed9c789870628b1e338c35b561ee68db7c4a8fb5,2026-05-04 21:36:48,0x327a1d456b2fac5dca2b407ad3b1fe2093ca168cdbaa85753165cff9258e4e8f,btc-updown-5m-1777919700
"Bitcoin Up or Down - May 4, 2:30PM-2:45PM ET",Down,BUY,21.153845,0.5199999810909081,0x6e670d82ed42eb8248ffea419e14ce9f1141918adc3fa685f89b1313bd385ddc,2026-05-04 21:36:48,0xec2c1cc537905c2e7466bfa4916a936cff59812cb4e59c93e70024bc8d38089f,btc-updown-15m-1777919400
"Bitcoin Up or Down - May 4, 2:30PM-2:45PM ET",Down,BUY,20.480768,0.5175586677218355,0x6e670d82ed42eb8248ffea419e14ce9f1141918adc3fa685f89b1313bd385ddc,2026-05-04 21:36:48,0x4424ccf54dec125835ebc77f1542715a970fef23e98876d9d2eda049db5d73f1,btc-updown-15m-1777919400
"Bitcoin Up or Down - May 4, 2:30PM-2:45PM ET",Down,BUY,120.958268,0.5158803943852768,0x6e670d82ed42eb8248ffea419e14ce9f1141918adc3fa685f89b1313bd385ddc,2026-05-04 21:36:48,0x9a2c13c9f0609cecd576fa8953ed65defd29e73cf8d3674ec7a90927b8c86083,btc-updown-15m-1777919400
"Bitcoin Up or Down - May 4, 2:35PM-2:40PM ET",Down,BUY,100,0.75,0x05a9ac592cb04f63087467b5ed9c789870628b1e338c35b561ee68db7c4a8fb5,2026-05-04 21:36:48,0x6ce92f1d785d3b5ed59f64ac8b6884804126bdbfb6fb1bc24c580681695ff839,btc-updown-5m-1777919700
"Bitcoin Up or Down - May 4, 2:30PM-2:45PM ET",Down,BUY,10.588234,0.509999967888885,0x6e670d82ed42eb8248ffea419e14ce9f1141918adc3fa685f89b1313bd385ddc,2026-05-04 21:36:48,0x8002597ef422243c9d273cdc9ccf5e148f32d4197db27cadfa4f072b092b2c6e,btc-updown-15m-1777919400
"Bitcoin Up or Down - May 4, 2:30PM-2:45PM ET",Up,BUY,225.4824,0.48784295359637825,0x6e670d82ed42eb8248ffea419e14ce9f1141918adc3fa685f89b1313bd385ddc,2026-05-04 21:36:46,0x82106b2993eb4de7a98321a35550781ce965e460c7faa4fde1ac9a0a06ccf781,btc-updown-15m-1777919400
"Bitcoin Up or Down - May 4, 2:35PM-2:40PM ET",Up,BUY,87.86,0.31354313680855905,0x05a9ac592cb04f63087467b5ed9c789870628b1e338c35b561ee68db7c4a8fb5,2026-05-04 21:36:40,0x2bfcb089d95001f0cc4b4278f36a4dd3949e23e86a4956202426a23c3a349ae3,btc-updown-5m-1777919700
"Bitcoin Up or Down - May 4, 2:35PM-2:40PM ET",Up,BUY,110.696773,0.298111662207172,0x05a9ac592cb04f63087467b5ed9c789870628b1e338c35b561ee68db7c4a8fb5,2026-05-04 21:36:40,0x0cf2fa637dfe7d00a246c82cf315c91434c9f278fbdd3c5412a244ae9a916399,btc-updown-5m-1777919700
"Bitcoin Up or Down - May 4, 2:35PM-2:40PM ET",Up,BUY,120.689654,0.2899999945314285,0x05a9ac592cb04f63087467b5ed9c789870628b1e338c35b561ee68db7c4a8fb5,2026-05-04 21:36:40,0x304285b7e1fe2c1f8c7cfaa867903cc79c5ccb792d079dc6dacbd85b95ccbee5,btc-updown-5m-1777919700
"Bitcoin Up or Down - May 4, 2:35PM-2:40PM ET",Up,BUY,107.021934,0.2990041181651604,0x05a9ac592cb04f63087467b5ed9c789870628b1e338c35b561ee68db7c4a8fb5,2026-05-04 21:36:40,0xfa2a3125fe26a0d30b6fd1638b79768268c5d4f3c8ffc08aba361b8ca0380229,btc-updown-5m-1777919700
"Bitcoin Up or Down - May 4, 2:35PM-2:40PM ET",Up,BUY,89.67,0.28,0x05a9ac592cb04f63087467b5ed9c789870628b1e338c35b561ee68db7c4a8fb5,2026-05-04 21:36:08,0x41a793bd4c609a46dd4e2cfbd0d93ab6e2b03b1dcd27b5b1c4b9d2c0c597bd86,btc-updown-5m-1777919700
"Bitcoin Up or Down - May 4, 2:30PM-2:45PM ET",Up,BUY,41.05,0.62,0x6e670d82ed42eb8248ffea419e14ce9f1141918adc3fa685f89b1313bd385ddc,2026-05-04 21:35:00,0x88bcfbbd082151ddbf5598669741275186cd74796a06c40279d65b1a7cace4d2,btc-updown-15m-1777919400
"Bitcoin Up or Down - May 4, 2:30PM-2:35PM ET",Down,BUY,92.81857,0.4890185121360952,0x3ddd9067dc507a200a4e2d6d970467171b7bcb7307fd43ffd68883eb180656c4,2026-05-04 21:34:10,0x00eb5ae6f01727c283ae0a7abd634512a185b1195356eaeafeff3790f6a307ec,btc-updown-5m-1777919400
"Bitcoin Up or Down - May 4, 2:30PM-2:45PM ET",Down,BUY,20.37,0.48,0x6e670d82ed42eb8248ffea419e14ce9f1141918adc3fa685f89b1313bd385ddc,2026-05-04 21:34:04,0xa0a7e7a9a266acf9e778299cf72397a94eff733d6757b4895933ab3db6d4805b,btc-updown-15m-1777919400
"Bitcoin Up or Down - May 4, 2:30PM-2:35PM ET",Down,BUY,20.97,0.42,0x3ddd9067dc507a200a4e2d6d970467171b7bcb7307fd43ffd68883eb180656c4,2026-05-04 21:34:02,0x859421d618022283904ed4d26a6a01c0bc2fcb92d44e32579a3bc971b438f142,btc-updown-5m-1777919400
"Bitcoin Up or Down - May 4, 2:30PM-2:35PM ET",Down,BUY,102.881189,0.41795783483800913,0x3ddd9067dc507a200a4e2d6d970467171b7bcb7307fd43ffd68883eb180656c4,2026-05-04 21:34:02,0x2d032f16d21caa5834ca1c6ee6e78bf3ec8b330426971748f553c12a9cb37752,btc-updown-5m-1777919400
"Bitcoin Up or Down - May 4, 2:30PM-2:35PM ET",Down,BUY,35,0.41,0x3ddd9067dc507a200a4e2d6d970467171b7bcb7307fd43ffd68883eb180656c4,2026-05-04 21:34:00,0x555ebae0a4831031adf8e6104ce6971607b1a90a26a3df5f05aa2540a6a777bd,btc-updown-5m-1777919400
"Bitcoin Up or Down - May 4, 2:30PM-2:45PM ET",Down,BUY,47.95,0.47,0x6e670d82ed42eb8248ffea419e14ce9f1141918adc3fa685f89b1313bd385ddc,2026-05-04 21:34:00,0xc780cd06769bc2fc93cc6424a97435f5b5614ab3b12ea0c4abe1650f53c235c9,btc-updown-15m-1777919400
"Bitcoin Up or Down - May 4, 2:30PM-2:35PM ET",Down,BUY,103.326085,0.4599999990321902,0x3ddd9067dc507a200a4e2d6d970467171b7bcb7307fd43ffd68883eb180656c4,2026-05-04 21:33:48,0xe9f1327709e81683efad4c0de49a54f6d5f72f2c5ef961111f250c74ec2558c5,btc-updown-5m-1777919400
"Bitcoin Up or Down - May 4, 2:30PM-2:35PM ET",Up,BUY,10,0.535,0x3ddd9067dc507a200a4e2d6d970467171b7bcb7307fd43ffd68883eb180656c4,2026-05-04 21:33:48,0x8edf1d11a1f5a53344c83d20a9bf57b7a95c54d467756892154d00d32fd1ab4d,btc-updown-5m-1777919400
"Bitcoin Up or Down - May 4, 2:30PM-2:35PM ET",Up,BUY,15,0.53,0x3ddd9067dc507a200a4e2d6d970467171b7bcb7307fd43ffd68883eb180656c4,2026-05-04 21:33:46,0x9c8f008da08a2531b93e72fc135490c98952bbaf485344d8ffa60e1d87b93003,btc-updown-5m-1777919400
"Bitcoin Up or Down - May 4, 2:30PM-2:45PM ET",Up,BUY,20.5,0.51,0x6e670d82ed42eb8248ffea419e14ce9f1141918adc3fa685f89b1313bd385ddc,2026-05-04 21:33:46,0xf95792488bae0f3f7f8a1241913d30dcb2970571714b40aad4335d619cfe2c4a,btc-updown-15m-1777919400
"Bitcoin Up or Down - May 4, 2:30PM-2:45PM ET",Up,BUY,5.28,0.49,0x6e670d82ed42eb8248ffea419e14ce9f1141918adc3fa685f89b1313bd385ddc,2026-05-04 21:33:46,0xd647d8d795a58358c0a41e2be8980826f61434c18466718525098876c1c49814,btc-updown-15m-1777919400
"Bitcoin Up or Down - May 4, 2:30PM-2:35PM ET",Up,BUY,35,0.48,0x3ddd9067dc507a200a4e2d6d970467171b7bcb7307fd43ffd68883eb180656c4,2026-05-04 21:33:46,0x2cd97c610209a662fa300a9c39461cad377e484c000464227b2efbb8a8a4948b,btc-updown-5m-1777919400
"Bitcoin Up or Down - May 4, 2:30PM-2:45PM ET",Up,BUY,200.20408,0.48950050868094197,0x6e670d82ed42eb8248ffea419e14ce9f1141918adc3fa685f89b1313bd385ddc,2026-05-04 21:33:42,0xbe119bd375b04348b5ba2ed7f72d81b74d269425697c868e0e32fab5cfbfbdd2,btc-updown-15m-1777919400
"Bitcoin Up or Down - May 4, 2:30PM-2:35PM ET",Up,BUY,104.163264,0.48961598399988693,0x3ddd9067dc507a200a4e2d6d970467171b7bcb7307fd43ffd68883eb180656c4,2026-05-04 21:33:40,0xfb0cbea9a0565313b87b56e2fb377f371179234073edbe1ee515b73e1dba7219,btc-updown-5m-1777919400
"Bitcoin Up or Down - May 4, 2:30PM-2:35PM ET",Up,BUY,31.7,0.49,0x3ddd9067dc507a200a4e2d6d970467171b7bcb7307fd43ffd68883eb180656c4,2026-05-04 21:33:40,0x44a9953048cccec4d273d89fa93981743ccfba0c80d108df09790d2e1a76c285,btc-updown-5m-1777919400
"Bitcoin Up or Down - May 4, 2:30PM-2:35PM ET",Down,BUY,111.042378,0.6213843691279738,0x3ddd9067dc507a200a4e2d6d970467171b7bcb7307fd43ffd68883eb180656c4,2026-05-04 21:33:22,0x73d73a17074cfa41dc641faa9580b93273b690287cf17f5584c0f558bb8bea61,btc-updown-5m-1777919400
"Bitcoin Up or Down - May 4, 2:30PM-2:35PM ET",Down,BUY,108.064515,0.6199999972238806,0x3ddd9067dc507a200a4e2d6d970467171b7bcb7307fd43ffd68883eb180656c4,2026-05-04 21:33:20,0x6e2332d475d87eca4a5ddad7aa958412275f35c0770fab7ce749849cc7eacffc,btc-updown-5m-1777919400
"Bitcoin Up or Down - May 4, 2:30PM-2:35PM ET",Down,BUY,101.5873,0.63,0x3ddd9067dc507a200a4e2d6d970467171b7bcb7307fd43ffd68883eb180656c4,2026-05-04 21:33:20,0x503b08c08bb46d5a4c366534d0794e69d9c87f5256436c7cf3a4fabae14e7cc2,btc-updown-5m-1777919400
"Bitcoin Up or Down - May 4, 2:30PM-2:35PM ET",Down,BUY,104.615382,0.6499999971323529,0x3ddd9067dc507a200a4e2d6d970467171b7bcb7307fd43ffd68883eb180656c4,2026-05-04 21:33:18,0x694e6b1d6a6cba9792bffa01f7c6c67469120ee1520a3aaa79054412bb9620ac,btc-updown-5m-1777919400
"Bitcoin Up or Down - May 4, 2:30PM-2:35PM ET",Down,BUY,101.364694,0.6511142627234686,0x3ddd9067dc507a200a4e2d6d970467171b7bcb7307fd43ffd68883eb180656c4,2026-05-04 21:33:12,0x8a96ff8c4af0c4414cf17fa814a1cdc2f94ac1401e78eb80ae6ce7ead1f66015,btc-updown-5m-1777919400
"Bitcoin Up or Down - May 4, 2:30PM-2:35PM ET",Down,BUY,103.571427,0.5599999988413793,0x3ddd9067dc507a200a4e2d6d970467171b7bcb7307fd43ffd68883eb180656c4,2026-05-04 21:33:04,0xcc8b399cb184be151069641483d30fd045f09b034ed3bc77d658ba9184cbcd9b,btc-updown-5m-1777919400
"Bitcoin Up or Down - May 4, 2:30PM-2:35PM ET",Up,BUY,95.56,0.4456048555881122,0x3ddd9067dc507a200a4e2d6d970467171b7bcb7307fd43ffd68883eb180656c4,2026-05-04 21:33:00,0x8bf30a9e3cfa1c333974347df065fce568b6b4fdf7e576e16e5fd62cca6eddf4,btc-updown-5m-1777919400
"Bitcoin Up or Down - May 4, 2:30PM-2:35PM ET",Up,BUY,29.5,0.44,0x3ddd9067dc507a200a4e2d6d970467171b7bcb7307fd43ffd68883eb180656c4,2026-05-04 21:32:58,0x103eb688860143761d172bab71b2477afb571a3de5243568db70e72a093b726e,btc-updown-5m-1777919400
"Bitcoin Up or Down - May 4, 2:30PM-2:35PM ET",Up,BUY,53.48,0.43,0x3ddd9067dc507a200a4e2d6d970467171b7bcb7307fd43ffd68883eb180656c4,2026-05-04 21:32:58,0x9b920ea433e55fd25b294f65eca5ef917a5ee4ec2ef218a598f00a9b2710ea83,btc-updown-5m-1777919400
"Bitcoin Up or Down - May 4, 2:30PM-2:35PM ET",Up,BUY,106.976743,0.4299999954195652,0x3ddd9067dc507a200a4e2d6d970467171b7bcb7307fd43ffd68883eb180656c4,2026-05-04 21:32:58,0x780e7cb2903159f4fcb593d05bc1f0b295c92eafcc615a9e42b0fc5ac7fdb2d5,btc-updown-5m-1777919400
"Bitcoin Up or Down - May 4, 2:30PM-2:35PM ET",Down,BUY,36,0.58,0x3ddd9067dc507a200a4e2d6d970467171b7bcb7307fd43ffd68883eb180656c4,2026-05-04 21:32:52,0x242a78753e829627834eaaa8829ebb66ac9fb98a88d291521c8d3fd089930f42,btc-updown-5m-1777919400
"Bitcoin Up or Down - May 4, 2:30PM-2:35PM ET",Down,BUY,103.125,0.64,0x3ddd9067dc507a200a4e2d6d970467171b7bcb7307fd43ffd68883eb180656c4,2026-05-04 21:32:46,0x6e2283882649cf196fc92164ac39e617eb808aab3206aace35d8d179b0b93002,btc-updown-5m-1777919400
"Bitcoin Up or Down - May 4, 2:30PM-2:35PM ET",Down,BUY,106.25,0.64,0x3ddd9067dc507a200a4e2d6d970467171b7bcb7307fd43ffd68883eb180656c4,2026-05-04 21:32:46,0x970db396fa3e77d79fd55b385fb2175f49eec2fe98e1d40bcca950cce358c5f1,btc-updown-5m-1777919400
"Bitcoin Up or Down - May 4, 2:30PM-2:35PM ET",Down,BUY,107.8125,0.64,0x3ddd9067dc507a200a4e2d6d970467171b7bcb7307fd43ffd68883eb180656c4,2026-05-04 21:32:46,0x14c8c252a093754df77a40a52f1144da71598a61db5869a391283c2431f90bc0,btc-updown-5m-1777919400
"Bitcoin Up or Down - May 4, 2:30PM-2:45PM ET",Down,BUY,207.272726,0.5499999985526316,0x6e670d82ed42eb8248ffea419e14ce9f1141918adc3fa685f89b1313bd385ddc,2026-05-04 21:32:46,0x436d8a3ebbe702cc4f6efb8b21fb78f919c0f74da40b3d7b30e59f2f74ab7dc7,btc-updown-15m-1777919400
"Bitcoin Up or Down - May 4, 2:30PM-2:45PM ET",Down,BUY,205.836726,0.5441205812805242,0x6e670d82ed42eb8248ffea419e14ce9f1141918adc3fa685f89b1313bd385ddc,2026-05-04 21:32:46,0x11a2d458931c7af9744f1c2277cb4a3897a8b0223f5f6af0b8957d39fa7479c5,btc-updown-15m-1777919400
"Bitcoin Up or Down - May 4, 2:30PM-2:35PM ET",Down,BUY,104.6875,0.64,0x3ddd9067dc507a200a4e2d6d970467171b7bcb7307fd43ffd68883eb180656c4,2026-05-04 21:32:46,0x4ef2cc2697f37f322e0eed8c445f996f53a18a482d907bf9775884255716132c,btc-updown-5m-1777919400
"Bitcoin Up or Down - May 4, 2:30PM-2:45PM ET",Down,BUY,10.71,0.55,0x6e670d82ed42eb8248ffea419e14ce9f1141918adc3fa685f89b1313bd385ddc,2026-05-04 21:32:42,0x7ff997e5a123d740fa72f78fa4b37e3e64892c575b9820426461ee230874babb,btc-updown-15m-1777919400
"Bitcoin Up or Down - May 4, 2:30PM-2:35PM ET",Down,BUY,101.5873,0.63,0x3ddd9067dc507a200a4e2d6d970467171b7bcb7307fd43ffd68883eb180656c4,2026-05-04 21:32:40,0x893ce242b43bd7cb6aa214bb62c89a81e87a8c36ff121749356809ecb40c65b0,btc-updown-5m-1777919400
"Bitcoin Up or Down - May 4, 2:30PM-2:35PM ET",Down,BUY,102.59078,0.6335851915737457,0x3ddd9067dc507a200a4e2d6d970467171b7bcb7307fd43ffd68883eb180656c4,2026-05-04 21:32:40,0x4612ff4e6943d3b16c790e4557efccfa03a7f5c8b7dffec508f4ad803e5644e1,btc-updown-5m-1777919400
"Bitcoin Up or Down - May 4, 2:30PM-2:35PM ET",Down,BUY,31,0.63,0x3ddd9067dc507a200a4e2d6d970467171b7bcb7307fd43ffd68883eb180656c4,2026-05-04 21:32:38,0xe413793da20325bbfa656061e288d833f64b5bc84103a9ea6ed3003af956e4ff,btc-updown-5m-1777919400
"Bitcoin Up or Down - May 4, 2:30PM-2:35PM ET",Up,BUY,121.48936,0.4691768810042295,0x3ddd9067dc507a200a4e2d6d970467171b7bcb7307fd43ffd68883eb180656c4,2026-05-04 21:32:28,0x4597122ae0c2456a41279fedd435db5f1830b6eb299c1a002d241d916ffb8207,btc-updown-5m-1777919400
"Bitcoin Up or Down - May 4, 2:30PM-2:45PM ET",Up,BUY,209.4624,0.48696090563270544,0x6e670d82ed42eb8248ffea419e14ce9f1141918adc3fa685f89b1313bd385ddc,2026-05-04 21:32:26,0x4546aeed9f35197754a85463e1d3a19393126c3a648c8fbe0cd2b24696864df0,btc-updown-15m-1777919400
"Bitcoin Up or Down - May 4, 2:30PM-2:35PM ET",Up,BUY,126.630637,0.4580250117513031,0x3ddd9067dc507a200a4e2d6d970467171b7bcb7307fd43ffd68883eb180656c4,2026-05-04 21:32:26,0x53a5767b6484edfab5bf1eb715d41b85bee7952881523d65d87066ca6000356c,btc-updown-5m-1777919400
"Bitcoin Up or Down - May 4, 2:30PM-2:35PM ET",Up,BUY,123.192172,0.45457432960918975,0x3ddd9067dc507a200a4e2d6d970467171b7bcb7307fd43ffd68883eb180656c4,2026-05-04 21:32:26,0x034994fb598a478c8cbef5c3089c8e6e8b895b12a2e220cf716647cc58fcc17e,btc-updown-5m-1777919400
"Bitcoin Up or Down - May 4, 2:30PM-2:35PM ET",Up,BUY,121.282607,0.4534862859601954,0x3ddd9067dc507a200a4e2d6d970467171b7bcb7307fd43ffd68883eb180656c4,2026-05-04 21:32:26,0x47ae4452a471281487f18d288ed7f68ca450e1222097d94cb7fc7b1c49420270,btc-updown-5m-1777919400
"Bitcoin Up or Down - May 4, 2:30PM-2:35PM ET",Down,BUY,47.103259,0.45899157423481035,0x3ddd9067dc507a200a4e2d6d970467171b7bcb7307fd43ffd68883eb180656c4,2026-05-04 21:32:18,0x2fa82337dc7082ddff0de224afaf7be4365584c7ab564873715fd4dee8707654,btc-updown-5m-1777919400
"Bitcoin Up or Down - May 4, 2:30PM-2:35PM ET",Down,BUY,13.85,0.58,0x3ddd9067dc507a200a4e2d6d970467171b7bcb7307fd43ffd68883eb180656c4,2026-05-04 21:32:00,0xfe7de369aabd8d4a609aef2f28e6e25241f67f60adfd4b6bbfd5024e78dc8822,btc-updown-5m-1777919400
"Bitcoin Up or Down - May 4, 2:30PM-2:35PM ET",Down,BUY,5.43,0.59,0x3ddd9067dc507a200a4e2d6d970467171b7bcb7307fd43ffd68883eb180656c4,2026-05-04 21:32:00,0x3698d5f2afb933e879ab577e6bdcf0cec608a58d8b686b1e2fb2ea88c23c95e2,btc-updown-5m-1777919400
"Bitcoin Up or Down - May 4, 2:30PM-2:35PM ET",Up,BUY,100,0.44,0x3ddd9067dc507a200a4e2d6d970467171b7bcb7307fd43ffd68883eb180656c4,2026-05-04 21:32:00,0x2bf8402bf460c0da0760e1a8314ff84b3f9158e77b43a58c8c387e65554c22bc,btc-updown-5m-1777919400
"Bitcoin Up or Down - May 4, 2:30PM-2:35PM ET",Up,BUY,93.26,0.42926227750375295,0x3ddd9067dc507a200a4e2d6d970467171b7bcb7307fd43ffd68883eb180656c4,2026-05-04 21:31:58,0x088f2c38d60c45353f9d3f2e4366abca6e5c475fdbad15d6613c875f4ff7f0c2,btc-updown-5m-1777919400
"Bitcoin Up or Down - May 4, 2:30PM-2:35PM ET",Down,BUY,100,0.57,0x3ddd9067dc507a200a4e2d6d970467171b7bcb7307fd43ffd68883eb180656c4,2026-05-04 21:31:38,0xebdf68e226c8bea27d17c9071289b9ee71df53c6d4ce2409e1f0d17d69bb0ede,btc-updown-5m-1777919400
"Bitcoin Up or Down - May 4, 2:30PM-2:35PM ET",Down,BUY,24.17,0.63,0x3ddd9067dc507a200a4e2d6d970467171b7bcb7307fd43ffd68883eb180656c4,2026-05-04 21:31:28,0xc71ace00d0e52addc2f72c11f973df4f49e9bfa2c75c6a8355f106ad7b96eed2,btc-updown-5m-1777919400
"Bitcoin Up or Down - May 4, 2:30PM-2:35PM ET",Down,BUY,67.2,0.62,0x3ddd9067dc507a200a4e2d6d970467171b7bcb7307fd43ffd68883eb180656c4,2026-05-04 21:31:26,0x0901ab8d5cc900d910f0ce5094c43985a68c31023303188d2cc29eed80bb1b99,btc-updown-5m-1777919400
"Bitcoin Up or Down - May 4, 2:30PM-2:35PM ET",Down,BUY,46.730156,0.6299999940081519,0x3ddd9067dc507a200a4e2d6d970467171b7bcb7307fd43ffd68883eb180656c4,2026-05-04 21:31:26,0x2b11c6d18739007baa802d90a0f7b55c6ff3cdf384e57c8d8f85a260ebe3a98b,btc-updown-5m-1777919400
"Bitcoin Up or Down - May 4, 2:30PM-2:35PM ET",Up,BUY,121.42857,0.41999999670588234,0x3ddd9067dc507a200a4e2d6d970467171b7bcb7307fd43ffd68883eb180656c4,2026-05-04 21:31:20,0x53e44d5bec4c82c0c7f719deb8fd9c69d4cdf444d45fa3d88b22acc89611f7bd,btc-updown-5m-1777919400
"Bitcoin Up or Down - May 4, 2:30PM-2:35PM ET",Up,BUY,114.963332,0.417524424222499,0x3ddd9067dc507a200a4e2d6d970467171b7bcb7307fd43ffd68883eb180656c4,2026-05-04 21:31:20,0xcb3847d187289a7f2e69ca3ec169207cf5cb75ae4630f1bfaaf815c02f55b515,btc-updown-5m-1777919400
"Bitcoin Up or Down - May 4, 2:30PM-2:35PM ET",Up,BUY,113.036589,0.4334879478714631,0x3ddd9067dc507a200a4e2d6d970467171b7bcb7307fd43ffd68883eb180656c4,2026-05-04 21:31:18,0x0be298e256c6a6621c2816ef854a2adcb9e21b3250e3ee2147580e0a727bb546,btc-updown-5m-1777919400
"Bitcoin Up or Down - May 4, 2:30PM-2:35PM ET",Up,BUY,119.047618,0.41999999529599996,0x3ddd9067dc507a200a4e2d6d970467171b7bcb7307fd43ffd68883eb180656c4,2026-05-04 21:31:18,0xd0f25851c1121b13df0b006e623b60bc47a3c08c74bbad03e0cc63e6a0562634,btc-updown-5m-1777919400
"Bitcoin Up or Down - May 4, 2:30PM-2:35PM ET",Down,BUY,10,0.57,0x3ddd9067dc507a200a4e2d6d970467171b7bcb7307fd43ffd68883eb180656c4,2026-05-04 21:30:46,0xee488addef86fedc7a002d423b95819b24773478a717705060b2e2daa7bef5cc,btc-updown-5m-1777919400
"Bitcoin Up or Down - May 4, 2:30PM-2:35PM ET",Down,BUY,8.23,0.66,0x3ddd9067dc507a200a4e2d6d970467171b7bcb7307fd43ffd68883eb180656c4,2026-05-04 21:30:32,0x923208bc9c4f565eca278130a4939dae2e6b22b4ae65a49458d9dd90b6757a0b,btc-updown-5m-1777919400
"Bitcoin Up or Down - May 4, 2:30PM-2:35PM ET",Up,BUY,124.390242,0.4099999982313725,0x3ddd9067dc507a200a4e2d6d970467171b7bcb7307fd43ffd68883eb180656c4,2026-05-04 21:30:26,0x85f081f5fae93dd0b6d66188ab61872cd615614ef246c9365dc14e8c11e1cad4,btc-updown-5m-1777919400
"Bitcoin Up or Down - May 4, 2:25PM-2:30PM ET",Down,BUY,10,0.18,0xd63b6007513252e86261e31dfc0dfb4de8b933a558d0092c6e52494437401af6,2026-05-04 21:29:28,0x882b2c0d5dec051365231f452ce7f6e254cf5b2c7715f94a795c9b926d03f889,btc-updown-5m-1777919100
"Bitcoin Up or Down - May 4, 2:25PM-2:30PM ET",Down,BUY,9.81818,0.21999993888887756,0xd63b6007513252e86261e31dfc0dfb4de8b933a558d0092c6e52494437401af6,2026-05-04 21:29:26,0x8ab6e4572ba91df0efdf8113ac135af6ec08274ca77b4b8e73287a9f1cab4910,btc-updown-5m-1777919100
"Bitcoin Up or Down - May 4, 2:25PM-2:30PM ET",Down,BUY,15.833332,0.17999995199999597,0xd63b6007513252e86261e31dfc0dfb4de8b933a558d0092c6e52494437401af6,2026-05-04 21:29:26,0x1b933621f271f0ecc0630cf4a831e16367b7edb51e95f183c8681ebf51f46c26,btc-updown-5m-1777919100
"Bitcoin Up or Down - May 4, 2:25PM-2:30PM ET",Down,BUY,101.011903,0.20789628129271062,0xd63b6007513252e86261e31dfc0dfb4de8b933a558d0092c6e52494437401af6,2026-05-04 21:29:26,0xff4a38599bcc2c5061899827b7457d67107af72c636f877d001f58636e912fb7,btc-updown-5m-1777919100
"Bitcoin Up or Down - May 4, 2:25PM-2:30PM ET",Down,BUY,10.526314,0.18999993729998935,0xd63b6007513252e86261e31dfc0dfb4de8b933a558d0092c6e52494437401af6,2026-05-04 21:29:26,0x567bb4af603fccd8ffeaa92450263bc6a1e129c15db63c903bd037fcfe443273,btc-updown-5m-1777919100
"Bitcoin Up or Down - May 4, 2:25PM-2:30PM ET",Down,BUY,20.444443,0.4499999828804336,0xd63b6007513252e86261e31dfc0dfb4de8b933a558d0092c6e52494437401af6,2026-05-04 21:29:20,0x322ac5679cae6373e00c424c0d23bcd26b55f5010bb9b4dee08c8cd934cda0e2,btc-updown-5m-1777919100
"Bitcoin Up or Down - May 4, 2:25PM-2:30PM ET",Down,BUY,10.21739,0.4599999608510588,0xd63b6007513252e86261e31dfc0dfb4de8b933a558d0092c6e52494437401af6,2026-05-04 21:29:20,0x4390d9687249cc6555249b7c27ca1da1e80b474f858ae58ddabe2e857a6e7dea,btc-updown-5m-1777919100
"Bitcoin Up or Down - May 4, 2:25PM-2:30PM ET",Down,BUY,19.48,0.44,0xd63b6007513252e86261e31dfc0dfb4de8b933a558d0092c6e52494437401af6,2026-05-04 21:29:20,0x0f3efa461f002439e0c00391afbd9e3ccb82171b4849684f9be462a83d5899f8,btc-updown-5m-1777919100
"Bitcoin Up or Down - May 4, 2:25PM-2:30PM ET",Down,BUY,10,0.49,0xd63b6007513252e86261e31dfc0dfb4de8b933a558d0092c6e52494437401af6,2026-05-04 21:29:18,0xcdb671146c555c4b1846c05fdb34dc99e8f6ef38a31fc497faf835962ffe41e9,btc-updown-5m-1777919100
"Bitcoin Up or Down - May 4, 2:25PM-2:30PM ET",Up,BUY,71.26,0.11,0xd63b6007513252e86261e31dfc0dfb4de8b933a558d0092c6e52494437401af6,2026-05-04 21:28:34,0xc975e2acad93538edc4be5722a817d84ac94d47484b1da965c212fe7de82ec8d,btc-updown-5m-1777919100
"Bitcoin Up or Down - May 4, 2:25PM-2:30PM ET",Down,BUY,14.34,0.89,0xd63b6007513252e86261e31dfc0dfb4de8b933a558d0092c6e52494437401af6,2026-05-04 21:28:22,0x3ba2428d16624b724ae8a5d4786fe90bbe2a3f71debab43ed8be95d726deafb4,btc-updown-5m-1777919100
"Bitcoin Up or Down - May 4, 2:25PM-2:30PM ET",Down,BUY,101.11111,0.9,0xd63b6007513252e86261e31dfc0dfb4de8b933a558d0092c6e52494437401af6,2026-05-04 21:28:20,0x8429f04f55f9d57f46144c03b9f26d6d723dca743b009ddb2e85ce45f136bd00,btc-updown-5m-1777919100
"Bitcoin Up or Down - May 4, 2:25PM-2:30PM ET",Down,BUY,9,0.9,0xd63b6007513252e86261e31dfc0dfb4de8b933a558d0092c6e52494437401af6,2026-05-04 21:28:20,0xda2acee9247e0a385ef5a17761fd072fb1baa799140835288f28e0ff2f44ebea,btc-updown-5m-1777919100
"Bitcoin Up or Down - May 4, 2:25PM-2:30PM ET",Up,BUY,127.272726,0.10999999324285707,0xd63b6007513252e86261e31dfc0dfb4de8b933a558d0092c6e52494437401af6,2026-05-04 21:28:16,0x3f24111d37ba4a48c0e4f97c7ce52c123fd5e705806a0ad13ace356dd485dba3,btc-updown-5m-1777919100
"Bitcoin Up or Down - May 4, 2:25PM-2:30PM ET",Up,BUY,136.363635,0.10999999376666661,0xd63b6007513252e86261e31dfc0dfb4de8b933a558d0092c6e52494437401af6,2026-05-04 21:28:16,0xd90ab55268d6122166679b3a4f1e3b73f286d2972703668e823225c624d9840b,btc-updown-5m-1777919100
"Bitcoin Up or Down - May 4, 2:25PM-2:30PM ET",Up,BUY,129.713635,0.10022075936735564,0xd63b6007513252e86261e31dfc0dfb4de8b933a558d0092c6e52494437401af6,2026-05-04 21:28:14,0xfbf4ae82adfe229c3f48c6aa9dc8dab7682b59d07fcab2d6845809a1a53ab5f7,btc-updown-5m-1777919100
"Bitcoin Up or Down - May 4, 2:25PM-2:30PM ET",Up,BUY,120,0.1,0xd63b6007513252e86261e31dfc0dfb4de8b933a558d0092c6e52494437401af6,2026-05-04 21:28:14,0xa9e1b6baa189f4c8b7aa19fdf3580688792088898f55ed2c6686e552430b22f5,btc-updown-5m-1777919100
"Bitcoin Up or Down - May 4, 2:25PM-2:30PM ET",Up,BUY,110,0.1,0xd63b6007513252e86261e31dfc0dfb4de8b933a558d0092c6e52494437401af6,2026-05-04 21:28:14,0x6160c880caf151d6e1fde7a73de5eab8347f6546d70871c795764d3bbe5408aa,btc-updown-5m-1777919100
"Bitcoin Up or Down - May 4, 2:25PM-2:30PM ET",Up,BUY,100,0.07,0xd63b6007513252e86261e31dfc0dfb4de8b933a558d0092c6e52494437401af6,2026-05-04 21:27:58,0x669866cd41ec76b8ce1ee64258f8a3b445ba1b5ae1ea08e663298c8baa181f4a,btc-updown-5m-1777919100
"Bitcoin Up or Down - May 4, 2:25PM-2:30PM ET",Down,BUY,50.29,0.91,0xd63b6007513252e86261e31dfc0dfb4de8b933a558d0092c6e52494437401af6,2026-05-04 21:27:50,0x32e3a5fec2fed68726731a2bb7615cffcc4dfb67fc30c8bd6ae7f4e049a004b5,btc-updown-5m-1777919100
"Bitcoin Up or Down - May 4, 2:25PM-2:30PM ET",Down,BUY,8.25,0.87,0xd63b6007513252e86261e31dfc0dfb4de8b933a558d0092c6e52494437401af6,2026-05-04 21:27:44,0x7eeff614cf87eba20e11396148dade3e7d9fba6e2b9da6eda6da44683b709086,btc-updown-5m-1777919100
"Bitcoin Up or Down - May 4, 2:25PM-2:30PM ET",Up,BUY,100,0.14,0xd63b6007513252e86261e31dfc0dfb4de8b933a558d0092c6e52494437401af6,2026-05-04 21:27:38,0x2c48942ed09e5d2ed9c503ea03cfbb1fb55cd03e599f4f1b6cd3590441220404,btc-updown-5m-1777919100
"Bitcoin Up or Down - May 4, 2:25PM-2:30PM ET",Up,BUY,10,0.11,0xd63b6007513252e86261e31dfc0dfb4de8b933a558d0092c6e52494437401af6,2026-05-04 21:27:28,0x36782eff2b770bfa5173e4a324ced75b6c8e280d99e9c09cb1edd6b93801bab7,btc-updown-5m-1777919100
"Bitcoin Up or Down - May 4, 2:25PM-2:30PM ET",Down,BUY,100,0.9,0xd63b6007513252e86261e31dfc0dfb4de8b933a558d0092c6e52494437401af6,2026-05-04 21:27:24,0xb54752941053c15adb0b5946a74b18e3c551ca09274f65daa45a934a1e4edc61,btc-updown-5m-1777919100
"Bitcoin Up or Down - May 4, 2:25PM-2:30PM ET",Up,BUY,104.287221,0.3547893849813104,0xd63b6007513252e86261e31dfc0dfb4de8b933a558d0092c6e52494437401af6,2026-05-04 21:26:18,0x9f9b14d633b289460e0b911386762711f14a046f35f41588750f6f174fd3304f,btc-updown-5m-1777919100
"Bitcoin Up or Down - May 4, 2:25PM-2:30PM ET",Up,BUY,101.722221,0.35390496438334745,0xd63b6007513252e86261e31dfc0dfb4de8b933a558d0092c6e52494437401af6,2026-05-04 21:26:16,0x1317a438b0f70f5c8611d19b94f94bebfa01318506212713e93cf39bbe71bec0,btc-updown-5m-1777919100
"Bitcoin Up or Down - May 4, 2:25PM-2:30PM ET",Up,BUY,100.285713,0.34900284350573446,0xd63b6007513252e86261e31dfc0dfb4de8b933a558d0092c6e52494437401af6,2026-05-04 21:26:16,0x00e8b02ee3df71779928183b2fff67b0d2eb45738a86f7f51b1b76ce5139f67e,btc-updown-5m-1777919100
"Bitcoin Up or Down - May 4, 2:25PM-2:30PM ET",Up,BUY,20,0.34,0xd63b6007513252e86261e31dfc0dfb4de8b933a558d0092c6e52494437401af6,2026-05-04 21:26:16,0xbb8bebbb7bc9c715e28d3e531f87fb16072a960812868a15c9fcd1c0f17a55d3,btc-updown-5m-1777919100
"Bitcoin Up or Down - May 4, 2:25PM-2:30PM ET",Down,BUY,106.00157,0.6981028582878537,0xd63b6007513252e86261e31dfc0dfb4de8b933a558d0092c6e52494437401af6,2026-05-04 21:26:12,0x7928547e38d36d1ce5e815b4c30c7cc72b4a0a7ff48c49226a6c08f7a81e8a1b,btc-updown-5m-1777919100
"Bitcoin Up or Down - May 4, 2:25PM-2:30PM ET",Down,BUY,105.7971,0.69,0xd63b6007513252e86261e31dfc0dfb4de8b933a558d0092c6e52494437401af6,2026-05-04 21:26:12,0x6e3e941c6fb8015b40ea4a695d01ea596f57adb0270b7959924f63f5dd54a6bb,btc-updown-5m-1777919100
"Bitcoin Up or Down - May 4, 2:25PM-2:30PM ET",Down,BUY,101.449274,0.6899999994085714,0xd63b6007513252e86261e31dfc0dfb4de8b933a558d0092c6e52494437401af6,2026-05-04 21:26:12,0xc489b004e14b96f779d6d7a856ba6fe7ec33a42a4cb674180021a5268ebd4230,btc-updown-5m-1777919100
"Bitcoin Up or Down - May 4, 2:25PM-2:30PM ET",Down,BUY,104.347825,0.6899999976041666,0xd63b6007513252e86261e31dfc0dfb4de8b933a558d0092c6e52494437401af6,2026-05-04 21:26:12,0xea8291664e16fdb541103ff20d57aa2acc316f4ae094deaa736df514d2dfafff,btc-updown-5m-1777919100
"Bitcoin Up or Down - May 4, 2:25PM-2:30PM ET",Down,BUY,102.898548,0.6899999988338028,0xd63b6007513252e86261e31dfc0dfb4de8b933a558d0092c6e52494437401af6,2026-05-04 21:26:12,0x1400cde23cd634eaa36d8df80162ddaa9c6de3afdc6db8b2fa543437e2e8b98e,btc-updown-5m-1777919100
"Bitcoin Up or Down - May 4, 2:25PM-2:30PM ET",Down,BUY,100,0.69,0xd63b6007513252e86261e31dfc0dfb4de8b933a558d0092c6e52494437401af6,2026-05-04 21:26:10,0x6077674c8bb2f2a240c422a0a96255a146cb91963bb93b37da562510587aa44e,btc-updown-5m-1777919100
"Bitcoin Up or Down - May 4, 2:25PM-2:30PM ET",Down,BUY,44.6875,0.64,0xd63b6007513252e86261e31dfc0dfb4de8b933a558d0092c6e52494437401af6,2026-05-04 21:25:58,0x633a7aa6518955370394ef17403279b516471100d15ee1f5c3da50c05d731fa9,btc-updown-5m-1777919100
"Bitcoin Up or Down - May 4, 2:25PM-2:30PM ET",Down,BUY,1.36,0.64,0xd63b6007513252e86261e31dfc0dfb4de8b933a558d0092c6e52494437401af6,2026-05-04 21:25:56,0x959d787ab568fc938ed197a9e726c852f574381de51bcf2ad2bee1a64a5bc1d5,btc-updown-5m-1777919100
"Bitcoin Up or Down - May 4, 2:20PM-2:25PM ET",Up,BUY,191.075293,0.1570061651037217,0xf4911e0c5934d32159dbf01e1d9be30c1e4cd7372c594b8854eeef5c846756ed,2026-05-04 21:24:26,0x65ff7ef698e72359dbb4653753a5c73be68c363bef3f9117e9c1ea933251dc94,btc-updown-5m-1777918800
"Bitcoin Up or Down - May 4, 2:20PM-2:25PM ET",Up,BUY,193.73,0.14969287152222166,0xf4911e0c5934d32159dbf01e1d9be30c1e4cd7372c594b8854eeef5c846756ed,2026-05-04 21:24:24,0x12a2ca6e1aff5663bbe923a84db2d883f63eda3bf7816ffecd6e9de9ee9a62b1,btc-updown-5m-1777918800
"Bitcoin Up or Down - May 4, 2:20PM-2:25PM ET",Up,BUY,243.43,0.10680688493612127,0xf4911e0c5934d32159dbf01e1d9be30c1e4cd7372c594b8854eeef5c846756ed,2026-05-04 21:24:24,0xa917cee7dd6c3ea87c7803315361239ccca93d9963850ef82b4f10a95e3fe458,btc-updown-5m-1777918800
"Bitcoin Up or Down - May 4, 2:20PM-2:25PM ET",Down,BUY,40,0.61,0xf4911e0c5934d32159dbf01e1d9be30c1e4cd7372c594b8854eeef5c846756ed,2026-05-04 21:23:52,0xa69d4b067079d05f2074eb5adc2c0f266134b39801904975ddb813c8aaadb7ee,btc-updown-5m-1777918800
"Bitcoin Up or Down - May 4, 2:20PM-2:25PM ET",Up,BUY,29,0.5017241379310344,0xf4911e0c5934d32159dbf01e1d9be30c1e4cd7372c594b8854eeef5c846756ed,2026-05-04 21:23:36,0x1e83c84f9a30ae480b79965354f6e69062212aaffc255fa347adeaee3f1ab0db,btc-updown-5m-1777918800
"Bitcoin Up or Down - May 4, 2:20PM-2:25PM ET",Up,BUY,100.340187,0.5282031116804675,0xf4911e0c5934d32159dbf01e1d9be30c1e4cd7372c594b8854eeef5c846756ed,2026-05-04 21:23:36,0x4dff56d978ccc2e2284bbf2787116f1565cad703ba57284b43d9f5f91dcbf65f,btc-updown-5m-1777918800
"Bitcoin Up or Down - May 4, 2:20PM-2:25PM ET",Down,BUY,71.346152,0.519999999439353,0xf4911e0c5934d32159dbf01e1d9be30c1e4cd7372c594b8854eeef5c846756ed,2026-05-04 21:23:24,0xb840c124c47ea2535850c9a734dcc0737016d0fe0a10f38b6d891f935848046c,btc-updown-5m-1777918800
"Bitcoin Up or Down - May 4, 2:20PM-2:25PM ET",Down,BUY,102.23547,0.5281924071948806,0xf4911e0c5934d32159dbf01e1d9be30c1e4cd7372c594b8854eeef5c846756ed,2026-05-04 21:23:24,0x8fc8ea8b17a1c91c90b218e55cd384beb5ab2b82dcad2cebc832d7a6bcd9f48e,btc-updown-5m-1777918800
"Bitcoin Up or Down - May 4, 2:20PM-2:25PM ET",Down,BUY,55,0.52,0xf4911e0c5934d32159dbf01e1d9be30c1e4cd7372c594b8854eeef5c846756ed,2026-05-04 21:23:22,0x0a3d94ffd1e23e629c90d461e55b77f2319c48c05bd5ec7ae1aaf42d89f64848,btc-updown-5m-1777918800
"Bitcoin Up or Down - May 4, 2:20PM-2:25PM ET",Down,BUY,52.884614,0.5199999947054544,0xf4911e0c5934d32159dbf01e1d9be30c1e4cd7372c594b8854eeef5c846756ed,2026-05-04 21:23:22,0x3732769bd3898f13133a2dabbad92cef5ed1b6e4d459f7eb6b2fb5af1327fc1c,btc-updown-5m-1777918800
"Bitcoin Up or Down - May 4, 2:20PM-2:25PM ET",Up,BUY,101.694914,0.5899999974433333,0xf4911e0c5934d32159dbf01e1d9be30c1e4cd7372c594b8854eeef5c846756ed,2026-05-04 21:23:00,0x4baafbacf9ed09444a2ae711c72e197f8c5ab3a28f34ae1c026f4039a518ab74,btc-updown-5m-1777918800
"Bitcoin Up or Down - May 4, 2:20PM-2:25PM ET",Down,BUY,100.938377,0.3665602727097544,0xf4911e0c5934d32159dbf01e1d9be30c1e4cd7372c594b8854eeef5c846756ed,2026-05-04 21:22:54,0x46df828db93168fda22100627af8981bb33c3b94720c6dcbf5e505ab2ccf19a5,btc-updown-5m-1777918800
"Bitcoin Up or Down - May 4, 2:20PM-2:25PM ET",Down,BUY,25,0.36,0xf4911e0c5934d32159dbf01e1d9be30c1e4cd7372c594b8854eeef5c846756ed,2026-05-04 21:22:52,0x553dc84d2b3c7e9694a21acf86fa63f57a2181f0326201f91c3069523b70b627,btc-updown-5m-1777918800
"Bitcoin Up or Down - May 4, 2:20PM-2:25PM ET",Down,BUY,5.277776,0.3599999317894507,0xf4911e0c5934d32159dbf01e1d9be30c1e4cd7372c594b8854eeef5c846756ed,2026-05-04 21:22:52,0xee359151bbeefbe65e397816ee63fbd69fdbfaa3df15aeeaa3f297e06755bcb4,btc-updown-5m-1777918800
"Bitcoin Up or Down - May 4, 2:20PM-2:25PM ET",Down,BUY,20.583332,0.3599999747368405,0xf4911e0c5934d32159dbf01e1d9be30c1e4cd7372c594b8854eeef5c846756ed,2026-05-04 21:22:52,0xc9ce7d7411dcff49c3d830492bec0c705ee70ef62fb61768e71804ba512cffee,btc-updown-5m-1777918800
"Bitcoin Up or Down - May 4, 2:20PM-2:25PM ET",Up,BUY,100,0.51,0xf4911e0c5934d32159dbf01e1d9be30c1e4cd7372c594b8854eeef5c846756ed,2026-05-04 21:22:42,0x77c4a70218efb7dc05743aef76b621feed7f9451e58c3642c41edfc88a5f7ce6,btc-updown-5m-1777918800
"Bitcoin Up or Down - May 4, 2:20PM-2:25PM ET",Up,BUY,100.360575,0.5181317364911471,0xf4911e0c5934d32159dbf01e1d9be30c1e4cd7372c594b8854eeef5c846756ed,2026-05-04 21:22:42,0x39e579f8fc6db196b82a1af7016a82e3d91b828f5e2937393fdcda5085007923,btc-updown-5m-1777918800
"Bitcoin Up or Down - May 4, 2:20PM-2:25PM ET",Down,BUY,100,0.5,0xf4911e0c5934d32159dbf01e1d9be30c1e4cd7372c594b8854eeef5c846756ed,2026-05-04 21:22:42,0x044dd1571494f8654cdd950990aefafcb0f776879091c63db80c633e725c3f53,btc-updown-5m-1777918800
"Bitcoin Up or Down - May 4, 2:20PM-2:25PM ET",Up,BUY,54.73,0.5,0xf4911e0c5934d32159dbf01e1d9be30c1e4cd7372c594b8854eeef5c846756ed,2026-05-04 21:22:40,0x2aae8ee1543d2a5520404f30b84111583a1ac3923857961923c0a2d5cfd10671,btc-updown-5m-1777918800
"Bitcoin Up or Down - May 4, 2:20PM-2:25PM ET",Up,BUY,89.39,0.49,0xf4911e0c5934d32159dbf01e1d9be30c1e4cd7372c594b8854eeef5c846756ed,2026-05-04 21:22:38,0x32ad58af3935f0a61131d2063e23fc40fcb74bb29159969991fc56da32ce488c,btc-updown-5m-1777918800
"Bitcoin Up or Down - May 4, 2:20PM-2:25PM ET",Down,BUY,98.518517,0.5399999981729323,0xf4911e0c5934d32159dbf01e1d9be30c1e4cd7372c594b8854eeef5c846756ed,2026-05-04 21:22:36,0x3c16f9eb5be1ca84ac3cf21d8e8840e87b1bc99d4927b3a00a83784843913364,btc-updown-5m-1777918800
"Bitcoin Up or Down - May 4, 2:20PM-2:25PM ET",Down,BUY,105.555554,0.5399999984842105,0xf4911e0c5934d32159dbf01e1d9be30c1e4cd7372c594b8854eeef5c846756ed,2026-05-04 21:22:36,0xb187440d1833d43eadc937fe4b62cf717e933af26c6c0db843b83146da168218,btc-updown-5m-1777918800
"Bitcoin Up or Down - May 4, 2:20PM-2:25PM ET",Down,BUY,59.24,0.5383119513841998,0xf4911e0c5934d32159dbf01e1d9be30c1e4cd7372c594b8854eeef5c846756ed,2026-05-04 21:22:34,0x0e5e4f355a404a2df63487d392aa525776c726b58c883c2e8eb222db32b2f8b5,btc-updown-5m-1777918800
"Bitcoin Up or Down - May 4, 2:20PM-2:25PM ET",Down,BUY,101.767271,0.5404487951730571,0xf4911e0c5934d32159dbf01e1d9be30c1e4cd7372c594b8854eeef5c846756ed,2026-05-04 21:22:34,0x428215846a7c4771690053f25fd0dee73a4f97e498a71a590527b28cd7ccd083,btc-updown-5m-1777918800
"Bitcoin Up or Down - May 4, 2:20PM-2:25PM ET",Up,BUY,104.45346,0.516976642037516,0xf4911e0c5934d32159dbf01e1d9be30c1e4cd7372c594b8854eeef5c846756ed,2026-05-04 21:22:28,0xc3cd68fd5dccf85aa5ff83d005b4f998fb8697bfd3d9a827b341e99f50389d1f,btc-updown-5m-1777918800
"Bitcoin Up or Down - May 4, 2:20PM-2:25PM ET",Up,BUY,103.921567,0.5099999983641509,0xf4911e0c5934d32159dbf01e1d9be30c1e4cd7372c594b8854eeef5c846756ed,2026-05-04 21:22:28,0x17d83d5e86e0b65e6cd07cb27cd9f77aaf8f5c2d232b5072e5ba1e7981710eee,btc-updown-5m-1777918800
"Bitcoin Up or Down - May 4, 2:20PM-2:25PM ET",Up,BUY,5,0.49,0xf4911e0c5934d32159dbf01e1d9be30c1e4cd7372c594b8854eeef5c846756ed,2026-05-04 21:22:28,0x46716b89cbbce983a69f12968229336214667fb8f8c03f79bc853be27881ba9d,btc-updown-5m-1777918800
"Bitcoin Up or Down - May 4, 2:20PM-2:25PM ET",Up,BUY,19.42,0.48,0xf4911e0c5934d32159dbf01e1d9be30c1e4cd7372c594b8854eeef5c846756ed,2026-05-04 21:22:26,0x2b7838c752965e7930faeda1c7d082c49e8832ae6cdbed9596f1a6ab4ecb1e0e,btc-updown-5m-1777918800
"Bitcoin Up or Down - May 4, 2:20PM-2:25PM ET",Up,BUY,106.432652,0.4885718623266101,0xf4911e0c5934d32159dbf01e1d9be30c1e4cd7372c594b8854eeef5c846756ed,2026-05-04 21:22:26,0x07395e93a1bffcb9c979b7352d7df5594f259a7bfe1bb0a4a650ca567b59578d,btc-updown-5m-1777918800
"Bitcoin Up or Down - May 4, 2:20PM-2:25PM ET",Up,BUY,105.662082,0.4732066419058447,0xf4911e0c5934d32159dbf01e1d9be30c1e4cd7372c594b8854eeef5c846756ed,2026-05-04 21:22:24,0x5bbb4a12096ab15ebaaad5dac069b5d56c88ddaef53a7ec4d6b01e4eec71a9a5,btc-updown-5m-1777918800
"Bitcoin Up or Down - May 4, 2:20PM-2:25PM ET",Down,BUY,119.607842,0.5099999964885246,0xf4911e0c5934d32159dbf01e1d9be30c1e4cd7372c594b8854eeef5c846756ed,2026-05-04 21:22:16,0xcffcc3bd2d19e40a92816ba337ade3fbece372d10deb4422139aceba5a1c8d58,btc-updown-5m-1777918800
"Bitcoin Up or Down - May 4, 2:20PM-2:25PM ET",Down,BUY,117.647057,0.509999999405,0xf4911e0c5934d32159dbf01e1d9be30c1e4cd7372c594b8854eeef5c846756ed,2026-05-04 21:22:16,0x914ad3bbb0efec0be75776e4fc1a6237b5ae214a1cb1b4dcb5ad799ee7bad5b6,btc-updown-5m-1777918800
"Bitcoin Up or Down - May 4, 2:20PM-2:25PM ET",Down,BUY,107.692306,0.5199999988857142,0xf4911e0c5934d32159dbf01e1d9be30c1e4cd7372c594b8854eeef5c846756ed,2026-05-04 21:22:16,0x38307d189a055f760cb288a856d3a6325d9b22bcdc125431948b43e10f65c244,btc-updown-5m-1777918800
"Bitcoin Up or Down - May 4, 2:20PM-2:25PM ET",Down,BUY,113.835768,0.5182905165624218,0xf4911e0c5934d32159dbf01e1d9be30c1e4cd7372c594b8854eeef5c846756ed,2026-05-04 21:22:16,0x82c29bbc002d67a92e111acb700978a83e2accfccf2c9181b7d32fa28ffda78f,btc-updown-5m-1777918800
"Bitcoin Up or Down - May 4, 2:20PM-2:25PM ET",Down,BUY,21.923075,0.52,0xf4911e0c5934d32159dbf01e1d9be30c1e4cd7372c594b8854eeef5c846756ed,2026-05-04 21:22:16,0x1f19dd75a0c9dae5ec9a43f5c1888d8bfb86a7bc71f2bc0f422ce664b7609be4,btc-updown-5m-1777918800
"Bitcoin Up or Down - May 4, 2:20PM-2:25PM ET",Down,BUY,20.076922,0.51999997808429,0xf4911e0c5934d32159dbf01e1d9be30c1e4cd7372c594b8854eeef5c846756ed,2026-05-04 21:22:14,0xc196f163e2c28dc61504cc7872fbef93486070a1150118b0ffb7973b34064c45,btc-updown-5m-1777918800
"Bitcoin Up or Down - May 4, 2:20PM-2:25PM ET",Down,BUY,105.769229,0.5199999992436364,0xf4911e0c5934d32159dbf01e1d9be30c1e4cd7372c594b8854eeef5c846756ed,2026-05-04 21:22:14,0xfdf223206a21f3ec7bf0227817cc6d09edbbf43302913c32ea9d5157c053e409,btc-updown-5m-1777918800
"Bitcoin Up or Down - May 4, 2:15PM-2:30PM ET",Down,BUY,38.46,0.87,0xfa1bc51ea48170c3c0a5ed3d4a2c2759361569bb5de6181dd3cb1306fd8de2d2,2026-05-04 21:22:02,0xcc513ecb339475b8e0b970f4e793df763c4b38f98536143cb4c62b1d78509448,btc-updown-15m-1777918500
"Bitcoin Up or Down - May 4, 2:20PM-2:25PM ET",Down,BUY,100,0.45,0xf4911e0c5934d32159dbf01e1d9be30c1e4cd7372c594b8854eeef5c846756ed,2026-05-04 21:21:48,0x9f00233e0fa1e1d30e55f5c5a4eda5c18a9aa3a933f7fb6f04a2855632f0df4e,btc-updown-5m-1777918800
"Bitcoin Up or Down - May 4, 2:15PM-2:30PM ET",Down,BUY,107.25,0.85,0xfa1bc51ea48170c3c0a5ed3d4a2c2759361569bb5de6181dd3cb1306fd8de2d2,2026-05-04 21:21:48,0xf882e43632a18b64a7c58312c24e0978a8a7fd35e19b983039171129f54e8b12,btc-updown-15m-1777918500
"Bitcoin Up or Down - May 4, 2:20PM-2:25PM ET",Down,BUY,68.01,0.3877194530216145,0xf4911e0c5934d32159dbf01e1d9be30c1e4cd7372c594b8854eeef5c846756ed,2026-05-04 21:21:40,0xccaf54f9fcd9b7bb07d876069cb2858fbbdded0dcd9d47ed0272ce202c2f15fb,btc-updown-5m-1777918800
"Bitcoin Up or Down - May 4, 2:20PM-2:25PM ET",Down,BUY,42.263413,0.39774352819068354,0xf4911e0c5934d32159dbf01e1d9be30c1e4cd7372c594b8854eeef5c846756ed,2026-05-04 21:21:40,0x23566085bc79ba896ebb1aab812fc6185e24397da8af425d09ad0b0517b167f1,btc-updown-5m-1777918800
"Bitcoin Up or Down - May 4, 2:20PM-2:25PM ET",Down,BUY,101.875,0.39263803680981596,0xf4911e0c5934d32159dbf01e1d9be30c1e4cd7372c594b8854eeef5c846756ed,2026-05-04 21:21:40,0x030c44a18e7aaab7b9231923171474e70d366f7b108442e3dc6bbc1f9ae0a9f9,btc-updown-5m-1777918800
"Bitcoin Up or Down - May 4, 2:15PM-2:30PM ET",Up,BUY,212.3765,0.19776199344089387,0xfa1bc51ea48170c3c0a5ed3d4a2c2759361569bb5de6181dd3cb1306fd8de2d2,2026-05-04 21:21:28,0xc9f261dca423eb2ae92682d3a013056ce997551899363dcdf58fe81920128dd9,btc-updown-15m-1777918500
"Bitcoin Up or Down - May 4, 2:20PM-2:25PM ET",Up,BUY,106.25,0.64,0xf4911e0c5934d32159dbf01e1d9be30c1e4cd7372c594b8854eeef5c846756ed,2026-05-04 21:21:26,0xcec8074ba7eb10073ec255845cd2947b08535bbc6b5bfc834dd45784f8759fb9,btc-updown-5m-1777918800
"Bitcoin Up or Down - May 4, 2:20PM-2:25PM ET",Up,BUY,107.8125,0.64,0xf4911e0c5934d32159dbf01e1d9be30c1e4cd7372c594b8854eeef5c846756ed,2026-05-04 21:21:26,0x94347671af40e2093a02010bdb097a006b68835f7011b748083e3a6b9957af09,btc-updown-5m-1777918800
"Bitcoin Up or Down - May 4, 2:20PM-2:25PM ET",Up,BUY,109.375,0.64,0xf4911e0c5934d32159dbf01e1d9be30c1e4cd7372c594b8854eeef5c846756ed,2026-05-04 21:21:26,0xac5bbcb1590072150d6acc4db2f5a8f88332cf94a3d594af5bf818bcf01a65f0,btc-updown-5m-1777918800
"Bitcoin Up or Down - May 4, 2:15PM-2:30PM ET",Up,BUY,210.526314,0.18999999686499996,0xfa1bc51ea48170c3c0a5ed3d4a2c2759361569bb5de6181dd3cb1306fd8de2d2,2026-05-04 21:21:26,0xd5e909a2127a0defc5b1bb94bffafcd13d4e397564f87ad96eb47b3a2fc6259c,btc-updown-15m-1777918500
"Bitcoin Up or Down - May 4, 2:20PM-2:25PM ET",Up,BUY,101.53846,0.65,0xf4911e0c5934d32159dbf01e1d9be30c1e4cd7372c594b8854eeef5c846756ed,2026-05-04 21:21:24,0xf5fbe88befb4e25bed21b1d8da9c5d79a239fd4bc59fbd5bb65cb6edfd420149,btc-updown-5m-1777918800
"Bitcoin Up or Down - May 4, 2:20PM-2:25PM ET",Up,BUY,104.6875,0.64,0xf4911e0c5934d32159dbf01e1d9be30c1e4cd7372c594b8854eeef5c846756ed,2026-05-04 21:21:24,0xe6afa460b5288bcc1941a93263ec5832882bbc08098463360856099c5d219cad,btc-updown-5m-1777918800
"Bitcoin Up or Down - May 4, 2:20PM-2:25PM ET",Up,BUY,104.615382,0.6499999971323529,0xf4911e0c5934d32159dbf01e1d9be30c1e4cd7372c594b8854eeef5c846756ed,2026-05-04 21:21:20,0xeeac5fe2b16cf97f8b6351c26f75d4be43c395a6e0cffa1f0613376cfb4858b8,btc-updown-5m-1777918800
"Bitcoin Up or Down - May 4, 2:20PM-2:25PM ET",Down,BUY,110.692579,0.30101384664639536,0xf4911e0c5934d32159dbf01e1d9be30c1e4cd7372c594b8854eeef5c846756ed,2026-05-04 21:21:14,0xdd93ed58d6fa1d8f3e1e92619c00f01c0e82966048c816617332355a3ba219b6,btc-updown-5m-1777918800
"Bitcoin Up or Down - May 4, 2:15PM-2:30PM ET",Down,BUY,40,0.89,0xfa1bc51ea48170c3c0a5ed3d4a2c2759361569bb5de6181dd3cb1306fd8de2d2,2026-05-04 21:20:26,0xce258d6d4b73ece376e1e22200e77b70ff5e8d9b205162afed4af5dc000d22cc,btc-updown-15m-1777918500
"Bitcoin Up or Down - May 4, 2:15PM-2:30PM ET",Up,BUY,200,0.17,0xfa1bc51ea48170c3c0a5ed3d4a2c2759361569bb5de6181dd3cb1306fd8de2d2,2026-05-04 21:19:08,0xc4613c6ece3a3db31c9adebea8a7687e5d026d26d54459ee35fbc6c10a684a4f,btc-updown-15m-1777918500
"Bitcoin Up or Down - May 4, 2:15PM-2:20PM ET",Up,BUY,102.570951,0.20473631954528723,0x42769229dee7a2d402d5ca4853c223dafec42228dad18c09ee1a90c90f2aa6a8,2026-05-04 21:16:20,0x357f5808d60403e52cd1dc8328d26098d71d8f430423e1b084b201b95134bbc2,btc-updown-5m-1777918500
"Bitcoin Up or Down - May 4, 2:15PM-2:20PM ET",Up,BUY,30.45,0.2,0x42769229dee7a2d402d5ca4853c223dafec42228dad18c09ee1a90c90f2aa6a8,2026-05-04 21:16:20,0x697f7344c36906f9e5ba7d10868ae583c5ad35a5effc4ba3bcb549822cbdb8b8,btc-updown-5m-1777918500
"Bitcoin Up or Down - May 4, 2:15PM-2:20PM ET",Down,BUY,10.12195,0.82,0x42769229dee7a2d402d5ca4853c223dafec42228dad18c09ee1a90c90f2aa6a8,2026-05-04 21:16:06,0x988109dd8ed69efbed0ea7b28bfe8248edbb775cab070b8c884394eaebbaf22f,btc-updown-5m-1777918500
"Bitcoin Up or Down - May 4, 2:10PM-2:15PM ET",Down,BUY,105.75,0.41576832151300236,0xd90707d3afa969e73ec18c0d4124b1687d841764d7780599b962e96b6ed0ac83,2026-05-04 21:14:18,0x81583961796027c1f4af6455be50bf6cc080a5a6e8ca6c777a8da1c014df0af4,btc-updown-5m-1777918200
"Bitcoin Up or Down - May 4, 2:10PM-2:15PM ET",Down,BUY,21.092681,0.40772431916075536,0xd90707d3afa969e73ec18c0d4124b1687d841764d7780599b962e96b6ed0ac83,2026-05-04 21:14:16,0x5d61c680b938c23b1cc59e8173b10da40c96aa3196bca15ac50b20f587f91ce6,btc-updown-5m-1777918200
"Bitcoin Up or Down - May 4, 2:10PM-2:15PM ET",Down,BUY,12.5,0.4,0xd90707d3afa969e73ec18c0d4124b1687d841764d7780599b962e96b6ed0ac83,2026-05-04 21:14:14,0x98a395df74d1df9d176796b98796fbdcf8aaef5a8b22161380007d2487be607e,btc-updown-5m-1777918200
"Bitcoin Up or Down - May 4, 2:10PM-2:15PM ET",Down,BUY,28.35,0.4,0xd90707d3afa969e73ec18c0d4124b1687d841764d7780599b962e96b6ed0ac83,2026-05-04 21:14:14,0xc82a3acff9fb1a267e7f3ea12557cdf9ac803b95bd38c3b6aef7cf5778f88222,btc-updown-5m-1777918200
"Bitcoin Up or Down - May 4, 2:10PM-2:15PM ET",Down,BUY,23.775,0.39663512092534176,0xd90707d3afa969e73ec18c0d4124b1687d841764d7780599b962e96b6ed0ac83,2026-05-04 21:14:12,0x98be5a2814548e5f2c9d0096c84c9c1c8809a7845f93b822bc81c41d44fd4280,btc-updown-5m-1777918200
"Bitcoin Up or Down - May 4, 2:00PM-2:15PM ET",Up,BUY,246.420415,0.4139267397954833,0xc824647daab2792fb39602716ab3b79fe2b0c92b6aa59c05f36909097ed79692,2026-05-04 21:14:06,0xe2eb3be0a2958e1b6b586d3a6514a6ab10b5259d788a9c69e9fff86f2c51cf44,btc-updown-15m-1777917600
"Bitcoin Up or Down - May 4, 2:00PM-2:15PM ET",Down,BUY,43.526314,0.1877025240409744,0xc824647daab2792fb39602716ab3b79fe2b0c92b6aa59c05f36909097ed79692,2026-05-04 21:12:48,0x17d54e707cc6aea6dbf84c159e00bc3cf2941e0dd9392856a057c201db54e09d,btc-updown-15m-1777917600
"Bitcoin Up or Down - May 4, 2:00PM-2:15PM ET",Down,BUY,10,0.18,0xc824647daab2792fb39602716ab3b79fe2b0c92b6aa59c05f36909097ed79692,2026-05-04 21:12:48,0x382f1ab91b9be671d90ccce1bdde858289b54f72d917469f558e796ec77f3e0c,btc-updown-15m-1777917600
"Bitcoin Up or Down - May 4, 2:00PM-2:15PM ET",Down,BUY,58.65,0.45,0xc824647daab2792fb39602716ab3b79fe2b0c92b6aa59c05f36909097ed79692,2026-05-04 21:10:10,0x484d4c0a811ebb52dc5f98ab9bcaf2b29feaf4407529d7f263ed0924b4f38e9b,btc-updown-15m-1777917600
"Bitcoin Up or Down - May 4, 2:00PM-2:15PM ET",Up,BUY,1.11,0.55,0xc824647daab2792fb39602716ab3b79fe2b0c92b6aa59c05f36909097ed79692,2026-05-04 21:10:08,0x2ee116a8d8b482a01ed2662636985d50bc70c0ce5525f2e70f64ced7bd12161e,btc-updown-15m-1777917600
"Bitcoin Up or Down - May 4, 2:00PM-2:05PM ET",Down,BUY,35.172412,0.2885784176530174,0x9a5cf589c1ef8f8afba542483d6217e82ca0e2c0ed5b1d3d79f97b477080a8ce,2026-05-04 21:04:08,0x538cd4556883a4afe276353060a343145c8af2371ca2e8f9dd1c186e3f986705,btc-updown-5m-1777917600
"Bitcoin Up or Down - May 4, 2:00PM-2:05PM ET",Down,BUY,20,0.25,0x9a5cf589c1ef8f8afba542483d6217e82ca0e2c0ed5b1d3d79f97b477080a8ce,2026-05-04 21:04:08,0x0179c6bafadeb999cb1d2f2a560d378569bad614f8d7bca8036d75dfab1c36ee,btc-updown-5m-1777917600
"Bitcoin Up or Down - May 4, 2:00PM-2:05PM ET",Down,BUY,101.106152,0.257155459738988,0x9a5cf589c1ef8f8afba542483d6217e82ca0e2c0ed5b1d3d79f97b477080a8ce,2026-05-04 21:04:08,0x915fec524bc1ebddc47a915e481f92a43b5e85c57744fa8633c17ff68d057312,btc-updown-5m-1777917600
"Bitcoin Up or Down - May 4, 2:00PM-2:05PM ET",Down,BUY,47.642856,0.2799999857271361,0x9a5cf589c1ef8f8afba542483d6217e82ca0e2c0ed5b1d3d79f97b477080a8ce,2026-05-04 21:04:02,0xe35c4cdc9bd50cc3dece3b0e016c03c9ee989bd86e58874b0f7388fad8587fdb,btc-updown-5m-1777917600
"Bitcoin Up or Down - May 4, 2:00PM-2:05PM ET",Down,BUY,16,0.27,0x9a5cf589c1ef8f8afba542483d6217e82ca0e2c0ed5b1d3d79f97b477080a8ce,2026-05-04 21:04:02,0xa1ec808dfb5fab9d1e05debf37a3dfc4909b2e29cd66c16018a310850521f496,btc-updown-5m-1777917600
"Bitcoin Up or Down - May 4, 2:00PM-2:05PM ET",Down,BUY,20.740739,0.2699999744464264,0x9a5cf589c1ef8f8afba542483d6217e82ca0e2c0ed5b1d3d79f97b477080a8ce,2026-05-04 21:04:02,0x7abcc9f3ea63e2530e3b2ce127aa6109d3484a748a7b37d9256cff8b42ccb285,btc-updown-5m-1777917600
"Bitcoin Up or Down - May 4, 2:00PM-2:05PM ET",Down,BUY,79.8,0.25,0x9a5cf589c1ef8f8afba542483d6217e82ca0e2c0ed5b1d3d79f97b477080a8ce,2026-05-04 21:03:56,0x7d1a0eb19972aa062c30502d119a37c945fb62b6ca303a694b1ea144620e2d5a,btc-updown-5m-1777917600
"Bitcoin Up or Down - May 4, 2:00PM-2:05PM ET",Down,BUY,10.24,0.25,0x9a5cf589c1ef8f8afba542483d6217e82ca0e2c0ed5b1d3d79f97b477080a8ce,2026-05-04 21:03:56,0xff35e7e9f7d38d66841f2bb74f2f429fcba02fa117ccaefbbde0f5a2a1f20c18,btc-updown-5m-1777917600
"Bitcoin Up or Down - May 4, 2:00PM-2:05PM ET",Down,BUY,104,0.25,0x9a5cf589c1ef8f8afba542483d6217e82ca0e2c0ed5b1d3d79f97b477080a8ce,2026-05-04 21:03:56,0x2052d3186afbbebd98badc92ca454261228bd27c17d2ea3cb1bbb9a06279b13c,btc-updown-5m-1777917600
"Bitcoin Up or Down - May 4, 2:00PM-2:05PM ET",Down,BUY,9.24,0.25,0x9a5cf589c1ef8f8afba542483d6217e82ca0e2c0ed5b1d3d79f97b477080a8ce,2026-05-04 21:03:56,0x08a367dbc7e55478cf1dbb4bd3ef7bdc36de4b729948756e8c300dbdd960ea0f,btc-updown-5m-1777917600
"Bitcoin Up or Down - May 4, 2:00PM-2:05PM ET",Down,BUY,8.16,0.25,0x9a5cf589c1ef8f8afba542483d6217e82ca0e2c0ed5b1d3d79f97b477080a8ce,2026-05-04 21:03:56,0x17eb76a81edfba17d817f65e1323eceae38d5f0397fea2be7f48dbe30b49d1b5,btc-updown-5m-1777917600
"Bitcoin Up or Down - May 4, 2:00PM-2:05PM ET",Up,BUY,104.590211,0.46849507742172924,0x9a5cf589c1ef8f8afba542483d6217e82ca0e2c0ed5b1d3d79f97b477080a8ce,2026-05-04 21:03:20,0xe88ad15b3fcbac4e9faaed03f09cb016317770f597872c2abfa1ad69a6e0fe5a,btc-updown-5m-1777917600
"Bitcoin Up or Down - May 4, 2:00PM-2:05PM ET",Up,BUY,87.64,0.46,0x9a5cf589c1ef8f8afba542483d6217e82ca0e2c0ed5b1d3d79f97b477080a8ce,2026-05-04 21:03:12,0x95ffdcb36fef1e7a9acb47d75c02cfcf24af0cbc45ca9d9a1fafb1671090f98e,btc-updown-5m-1777917600
"Bitcoin Up or Down - May 4, 2:00PM-2:05PM ET",Up,BUY,100.97375,0.47537107416531527,0x9a5cf589c1ef8f8afba542483d6217e82ca0e2c0ed5b1d3d79f97b477080a8ce,2026-05-04 21:03:08,0x4cd18ca4a7d3af4592a5f64432548814e265dbdb61ad16f7357056ddf0e7dba0,btc-updown-5m-1777917600
"Bitcoin Up or Down - May 4, 2:00PM-2:05PM ET",Up,BUY,78.08,0.21,0x9a5cf589c1ef8f8afba542483d6217e82ca0e2c0ed5b1d3d79f97b477080a8ce,2026-05-04 21:02:26,0x8fd0c28190725b399c72934834bab8d81142ffb51fcbf79728ccc2176633110a,btc-updown-5m-1777917600
"Bitcoin Up or Down - May 4, 2:00PM-2:05PM ET",Down,BUY,68.358972,0.7799999976594147,0x9a5cf589c1ef8f8afba542483d6217e82ca0e2c0ed5b1d3d79f97b477080a8ce,2026-05-04 21:01:26,0xf590857b02ad9c4eec12d89745d5daddcbf1fda4c8177bc4d0e77be3f4e1b7a6,btc-updown-5m-1777917600
"Bitcoin Up or Down - May 4, 2:00PM-2:05PM ET",Down,BUY,94.615381,0.7799999980975609,0x9a5cf589c1ef8f8afba542483d6217e82ca0e2c0ed5b1d3d79f97b477080a8ce,2026-05-04 21:01:26,0x9c65430a71ca70efe96b98ca46b60b496c88b7f74c96073bdd519f4f31d0abce,btc-updown-5m-1777917600
"Bitcoin Up or Down - May 4, 1:30PM-1:45PM ET",Down,BUY,124.4,0.93,0x3113d4e6b489ec5f300004e15ff103a8541f7d560382268880d22687b1ea9451,2026-05-04 20:39:50,0xecfdb7b5cd5ca165b6074258df50826b6ee1d1784ddbed0396d12893847740aa,btc-updown-15m-1777915800
"Bitcoin Up or Down - May 4, 1:35PM-1:40PM ET",Up,BUY,100.36,0.8256964926265444,0x2e9d037f077dd1cd83c7385f654f118f6e697b274e825eadb701d16842ec898c,2026-05-04 20:39:16,0xf3061e5cc6b6deb7b48433fcb739d9b0db4a416b9ac764cf8ed21eb575f02093,btc-updown-5m-1777916100
"Bitcoin Up or Down - May 4, 1:35PM-1:40PM ET",Down,BUY,11,0.2,0x2e9d037f077dd1cd83c7385f654f118f6e697b274e825eadb701d16842ec898c,2026-05-04 20:39:14,0xee608a4669fe5c5fbfef36db84509996189aed5adf007a51f5bea2990bf8d5a2,btc-updown-5m-1777916100
"Bitcoin Up or Down - May 4, 1:30PM-1:45PM ET",Up,BUY,200,0.15,0x3113d4e6b489ec5f300004e15ff103a8541f7d560382268880d22687b1ea9451,2026-05-04 20:39:14,0x6368fece697cf756987bff30bd09f84f3ec2fdb792942b3bac1c207ab713a77d,btc-updown-15m-1777915800
"Bitcoin Up or Down - May 4, 1:35PM-1:40PM ET",Up,BUY,79.32,0.81,0x2e9d037f077dd1cd83c7385f654f118f6e697b274e825eadb701d16842ec898c,2026-05-04 20:39:14,0x47a93b141571a767bdc0f3d61cd5d238f13007d6df66136d5b6be3fdd14c2eca,btc-updown-5m-1777916100
"Bitcoin Up or Down - May 4, 1:35PM-1:40PM ET",Down,BUY,121.869564,0.22975382926618168,0x2e9d037f077dd1cd83c7385f654f118f6e697b274e825eadb701d16842ec898c,2026-05-04 20:39:10,0x6ed2a96d1ee3bb41909b22492b8394c9ad15908be0fdf0cd3ac4ac739f239e99,btc-updown-5m-1777916100
"Bitcoin Up or Down - May 4, 1:35PM-1:40PM ET",Down,BUY,115.666665,0.23342938953068285,0x2e9d037f077dd1cd83c7385f654f118f6e697b274e825eadb701d16842ec898c,2026-05-04 20:39:10,0x954d66b986c0ad5917d6e0ffb834b7294ccd3de744adde33257aba6005ef25d6,btc-updown-5m-1777916100
"Bitcoin Up or Down - May 4, 1:35PM-1:40PM ET",Down,BUY,126.923075,0.259999996060606,0x2e9d037f077dd1cd83c7385f654f118f6e697b274e825eadb701d16842ec898c,2026-05-04 20:39:08,0xbaa0986ecc2dec45d44a104d1a78d83029c56d1bfa8a9adeea922adb4b27447f,btc-updown-5m-1777916100
"Bitcoin Up or Down - May 4, 1:35PM-1:40PM ET",Down,BUY,120.8,0.24006622516556292,0x2e9d037f077dd1cd83c7385f654f118f6e697b274e825eadb701d16842ec898c,2026-05-04 20:39:08,0x48a244ecde2bf30ef4c3c16906480a2ad9cf0cc38d029f78123fb50cd1ee0d64,btc-updown-5m-1777916100
"Bitcoin Up or Down - May 4, 1:35PM-1:40PM ET",Down,BUY,90.615383,0.25999999359932074,0x2e9d037f077dd1cd83c7385f654f118f6e697b274e825eadb701d16842ec898c,2026-05-04 20:39:08,0xd2affc5a6178550696c46a3c2988686cfcaa0135cd3794186689a0f537445111,btc-updown-5m-1777916100
"Bitcoin Up or Down - May 4, 1:35PM-1:40PM ET",Down,BUY,57.727271,0.2191338475016427,0x2e9d037f077dd1cd83c7385f654f118f6e697b274e825eadb701d16842ec898c,2026-05-04 20:39:08,0xda0be2732e0283e5e301f583deba2ef6d42bcf463863fd155d185a4a99619bb4,btc-updown-5m-1777916100
"Bitcoin Up or Down - May 4, 1:35PM-1:40PM ET",Down,BUY,123.076922,0.25999999414999997,0x2e9d037f077dd1cd83c7385f654f118f6e697b274e825eadb701d16842ec898c,2026-05-04 20:39:04,0x21b432511ad2a72a5edf6e4b949b06c58f268e2ef6634daed9eb0943923e84da,btc-updown-5m-1777916100
"Bitcoin Up or Down - May 4, 1:35PM-1:40PM ET",Down,BUY,100,0.26,0x2e9d037f077dd1cd83c7385f654f118f6e697b274e825eadb701d16842ec898c,2026-05-04 20:39:04,0xe173d309fd369c98ea63cfad576d6f094d18e5829d6cc92a3e97f1cc631985e2,btc-updown-5m-1777916100
"Bitcoin Up or Down - May 4, 1:35PM-1:40PM ET",Down,BUY,115.384614,0.25999999445333327,0x2e9d037f077dd1cd83c7385f654f118f6e697b274e825eadb701d16842ec898c,2026-05-04 20:39:02,0xb0b2469502ecc14f3b0b973385b8ed7b099ec6035c86c8eca0ef247c83b44244,btc-updown-5m-1777916100
"Bitcoin Up or Down - May 4, 1:35PM-1:40PM ET",Down,BUY,31.05,0.25,0x2e9d037f077dd1cd83c7385f654f118f6e697b274e825eadb701d16842ec898c,2026-05-04 20:38:48,0x650a08dac339558c75751671df687bf6488eb5a2bd8e1e220e0ce65321c3a737,btc-updown-5m-1777916100
"Bitcoin Up or Down - May 4, 1:35PM-1:40PM ET",Down,BUY,96.51,0.27,0x2e9d037f077dd1cd83c7385f654f118f6e697b274e825eadb701d16842ec898c,2026-05-04 20:38:16,0x9ab1e3fb9e205646c9d42e5351ac3f8258087c4fcb0d03e2a9f339037f0236e0,btc-updown-5m-1777916100
"Bitcoin Up or Down - May 4, 1:35PM-1:40PM ET",Up,BUY,4.24,0.68,0x2e9d037f077dd1cd83c7385f654f118f6e697b274e825eadb701d16842ec898c,2026-05-04 20:38:02,0xba45b833995bbeab1ef079840ac33445a0242dcbafab53d000fdedd8cd6beb66,btc-updown-5m-1777916100
"Bitcoin Up or Down - May 4, 1:35PM-1:40PM ET",Down,BUY,45.76,0.36,0x2e9d037f077dd1cd83c7385f654f118f6e697b274e825eadb701d16842ec898c,2026-05-04 20:37:52,0x00a14fa013c71e20ecc5390f64d6a72af8ad2fce2b9afbc410250cf191bfc5bd,btc-updown-5m-1777916100
"Bitcoin Up or Down - May 4, 1:35PM-1:40PM ET",Down,BUY,39.74,0.37,0x2e9d037f077dd1cd83c7385f654f118f6e697b274e825eadb701d16842ec898c,2026-05-04 20:37:52,0x6c1b4a0ee9aee56b942df34a801ecd4acc761f3e6fe7273ff4b111239cba2676,btc-updown-5m-1777916100
"Bitcoin Up or Down - May 4, 1:35PM-1:40PM ET",Up,BUY,33.38,0.59,0x2e9d037f077dd1cd83c7385f654f118f6e697b274e825eadb701d16842ec898c,2026-05-04 20:37:46,0x79b16b615c3e0b89b5d369cf6c13f7bd707ec09d94691731b9e91ab3e46d8d5f,btc-updown-5m-1777916100
"Bitcoin Up or Down - May 4, 1:35PM-1:40PM ET",Up,BUY,101.694914,0.5899999974433333,0x2e9d037f077dd1cd83c7385f654f118f6e697b274e825eadb701d16842ec898c,2026-05-04 20:37:44,0xc5c7a21d585dc8483a57a1432e5cdf951a3e5d13a4114ce22065eee6da63e121,btc-updown-5m-1777916100
"Bitcoin Up or Down - May 4, 1:35PM-1:40PM ET",Up,BUY,20,0.59,0x2e9d037f077dd1cd83c7385f654f118f6e697b274e825eadb701d16842ec898c,2026-05-04 20:37:40,0x8146e0970c438d25f3ccbc1c8b72efe51c5a31104fac81e822290cfd6eb8b463,btc-updown-5m-1777916100
"Bitcoin Up or Down - May 4, 1:35PM-1:40PM ET",Down,BUY,104.651161,0.42044444208316045,0x2e9d037f077dd1cd83c7385f654f118f6e697b274e825eadb701d16842ec898c,2026-05-04 20:37:40,0x3d811f0e1f23d5fd40a48f1d6b171878b783dbc1dd96864fa9b41919222214c5,btc-updown-5m-1777916100
"Bitcoin Up or Down - May 4, 1:35PM-1:40PM ET",Down,BUY,107.142856,0.41999999514666664,0x2e9d037f077dd1cd83c7385f654f118f6e697b274e825eadb701d16842ec898c,2026-05-04 20:37:40,0xbe6eab93901b5668d8bb444f3c6418115416445272bf89b9c0096e058eeb7b98,btc-updown-5m-1777916100
"Bitcoin Up or Down - May 4, 1:35PM-1:40PM ET",Down,BUY,101.222789,0.4248055148925011,0x2e9d037f077dd1cd83c7385f654f118f6e697b274e825eadb701d16842ec898c,2026-05-04 20:37:40,0x9ebff928748dfbf285b45e605fd32308fe9f4577771a8ff10a874265f3f9271d,btc-updown-5m-1777916100
"Bitcoin Up or Down - May 4, 1:35PM-1:40PM ET",Up,BUY,103.333332,0.5999999980645161,0x2e9d037f077dd1cd83c7385f654f118f6e697b274e825eadb701d16842ec898c,2026-05-04 20:37:40,0x0b7b02544ac5f7dfb8d5d0bcbac1cac42b4868947c9edb8c21a03e810ef2f9cc,btc-updown-5m-1777916100
"Bitcoin Up or Down - May 4, 1:35PM-1:40PM ET",Up,BUY,101.666665,0.6,0x2e9d037f077dd1cd83c7385f654f118f6e697b274e825eadb701d16842ec898c,2026-05-04 20:37:40,0x2d85bc498db605298a260638a24261a8077a2d2a212a9787d84591a3244b4045,btc-updown-5m-1777916100
"Bitcoin Up or Down - May 4, 1:35PM-1:40PM ET",Up,BUY,99.26,0.6,0x2e9d037f077dd1cd83c7385f654f118f6e697b274e825eadb701d16842ec898c,2026-05-04 20:37:40,0x2ff41548716ee420e5704ad6552e2cf325c45effd266467f18da168e8a3cc008,btc-updown-5m-1777916100
"Bitcoin Up or Down - May 4, 1:35PM-1:40PM ET",Down,BUY,100,0.42,0x2e9d037f077dd1cd83c7385f654f118f6e697b274e825eadb701d16842ec898c,2026-05-04 20:37:38,0x40362632dfde92dc7b9874e1916066d1bfe913d292cc204f1cd18b25703a648f,btc-updown-5m-1777916100
"Bitcoin Up or Down - May 4, 1:35PM-1:40PM ET",Up,BUY,100,0.68,0x2e9d037f077dd1cd83c7385f654f118f6e697b274e825eadb701d16842ec898c,2026-05-04 20:37:26,0x4e790beff2ca5d60f9fcb5f009c747173d34fff0f0a11dde1aa9c917060aa90c,btc-updown-5m-1777916100
"Bitcoin Up or Down - May 4, 1:35PM-1:40PM ET",Up,BUY,101.388885,0.7199999980273972,0x2e9d037f077dd1cd83c7385f654f118f6e697b274e825eadb701d16842ec898c,2026-05-04 20:37:24,0x666bd5b1139046d25292cd562e112f8c3ee87eb5d252d3c926b3bad599d48b65,btc-updown-5m-1777916100
"Bitcoin Up or Down - May 4, 1:35PM-1:40PM ET",Up,BUY,100,0.72,0x2e9d037f077dd1cd83c7385f654f118f6e697b274e825eadb701d16842ec898c,2026-05-04 20:37:24,0x28cd2a3a539998214c92690e9477de94f72f8d6de0c841c08897e3520bdfba38,btc-updown-5m-1777916100
"Bitcoin Up or Down - May 4, 1:35PM-1:40PM ET",Down,BUY,108.427095,0.30435196110344925,0x2e9d037f077dd1cd83c7385f654f118f6e697b274e825eadb701d16842ec898c,2026-05-04 20:37:22,0x5c48c7a005df5bc12ab6f07fc8cacd02141c726a647cdc1d806d7a5614b50c3f,btc-updown-5m-1777916100
"Bitcoin Up or Down - May 4, 1:35PM-1:40PM ET",Down,BUY,103.333332,0.29999999419354834,0x2e9d037f077dd1cd83c7385f654f118f6e697b274e825eadb701d16842ec898c,2026-05-04 20:37:22,0x4078946aa4d2473ff99fe63c77509b7586638a509f586ce0885820b0288f0b6c,btc-updown-5m-1777916100
"Bitcoin Up or Down - May 4, 1:35PM-1:40PM ET",Down,BUY,106.666665,0.29999999531249993,0x2e9d037f077dd1cd83c7385f654f118f6e697b274e825eadb701d16842ec898c,2026-05-04 20:37:22,0xc93754e94795c8470020c1c59ad6476ac1000b80e0b0744ee2ffef7be9defa1e,btc-updown-5m-1777916100
"Bitcoin Up or Down - May 4, 1:35PM-1:40PM ET",Down,BUY,100,0.3,0x2e9d037f077dd1cd83c7385f654f118f6e697b274e825eadb701d16842ec898c,2026-05-04 20:37:22,0xbd807210688a30083f3fa7a4a7da747e9786e94d45ea0a6d712c298a83e831c6,btc-updown-5m-1777916100
"Bitcoin Up or Down - May 4, 1:35PM-1:40PM ET",Down,BUY,113.333332,0.2999999947058823,0x2e9d037f077dd1cd83c7385f654f118f6e697b274e825eadb701d16842ec898c,2026-05-04 20:37:22,0x44a78b0cc42b50c423cc6034706f0e0df6bd740516ab00242cf8fb70db17d1a7,btc-updown-5m-1777916100
"Bitcoin Up or Down - May 4, 1:35PM-1:40PM ET",Up,BUY,102.7027,0.74,0x2e9d037f077dd1cd83c7385f654f118f6e697b274e825eadb701d16842ec898c,2026-05-04 20:37:08,0x729a9187aac2bd4f920ceeafece25764a6b4b7acc3b607353bbb2b7db4479f7d,btc-updown-5m-1777916100
"Bitcoin Up or Down - May 4, 1:35PM-1:40PM ET",Up,BUY,101.35135,0.74,0x2e9d037f077dd1cd83c7385f654f118f6e697b274e825eadb701d16842ec898c,2026-05-04 20:37:08,0xfbb1f453a71d8c1a4067f1a5a0b084c534988b377e89c8f9c5a9e351877ed71f,btc-updown-5m-1777916100
"Bitcoin Up or Down - May 4, 1:30PM-1:45PM ET",Up,BUY,146.77,0.22,0x3113d4e6b489ec5f300004e15ff103a8541f7d560382268880d22687b1ea9451,2026-05-04 20:37:08,0x45ba5c6700c90b214cd9e5e8f714bdb21a2694e220a671c788866556c9304524,btc-updown-15m-1777915800
"Bitcoin Up or Down - May 4, 1:35PM-1:40PM ET",Up,BUY,100,0.74,0x2e9d037f077dd1cd83c7385f654f118f6e697b274e825eadb701d16842ec898c,2026-05-04 20:37:08,0x3bd4de2688d4acc571c7e164ea5d0994e553d6249f54ab7cb934cb22f4ddc8de,btc-updown-5m-1777916100
"Bitcoin Up or Down - May 4, 1:35PM-1:40PM ET",Down,BUY,109.890908,0.4276968846230664,0x2e9d037f077dd1cd83c7385f654f118f6e697b274e825eadb701d16842ec898c,2026-05-04 20:36:54,0x371305c314f7fa5e0f5f04a999583e5505bf2bb77d645025611b0e4febbf09c4,btc-updown-5m-1777916100
"Bitcoin Up or Down - May 4, 1:35PM-1:40PM ET",Down,BUY,102.127658,0.46999999745416665,0x2e9d037f077dd1cd83c7385f654f118f6e697b274e825eadb701d16842ec898c,2026-05-04 20:36:54,0x698b79f884fd257794216294b7cd7c228b175ea3458f85acda2f24293da5576c,btc-updown-5m-1777916100
"Bitcoin Up or Down - May 4, 1:35PM-1:40PM ET",Up,BUY,102.040815,0.48999999656999993,0x2e9d037f077dd1cd83c7385f654f118f6e697b274e825eadb701d16842ec898c,2026-05-04 20:36:38,0x7f2461e516dbc8522903fcd98805bc28be459fbe0291995cef34670aa45512cc,btc-updown-5m-1777916100
"Bitcoin Up or Down - May 4, 1:35PM-1:40PM ET",Up,BUY,100,0.48,0x2e9d037f077dd1cd83c7385f654f118f6e697b274e825eadb701d16842ec898c,2026-05-04 20:36:38,0x5a729b96b7a868caf76404f90c3db7130825dcd9759f5c5e2b5dab7ca7516a4a,btc-updown-5m-1777916100
"Bitcoin Up or Down - May 4, 1:35PM-1:40PM ET",Up,BUY,100,0.49,0x2e9d037f077dd1cd83c7385f654f118f6e697b274e825eadb701d16842ec898c,2026-05-04 20:36:38,0x050a48e66b679d3a487b1253b96bc89e2c3750d42a435ad5fa37cb817e717870,btc-updown-5m-1777916100
"Bitcoin Up or Down - May 4, 1:35PM-1:40PM ET",Down,BUY,76.766665,0.53017802714238,0x2e9d037f077dd1cd83c7385f654f118f6e697b274e825eadb701d16842ec898c,2026-05-04 20:36:34,0xe7f4ee0ea040a0a3e5fc9cf41d2a0809e541b546cf516c29132c3d78dc4eb16d,btc-updown-5m-1777916100
"Bitcoin Up or Down - May 4, 1:35PM-1:40PM ET",Down,BUY,45.849055,0.5299999967283949,0x2e9d037f077dd1cd83c7385f654f118f6e697b274e825eadb701d16842ec898c,2026-05-04 20:36:34,0x88edf6edb3149af6ab3b3f184719ea322c1206964ff6e3d2a9f86fd9fb8db3e2,btc-updown-5m-1777916100
"Bitcoin Up or Down - May 4, 1:35PM-1:40PM ET",Down,BUY,22.5,0.52,0x2e9d037f077dd1cd83c7385f654f118f6e697b274e825eadb701d16842ec898c,2026-05-04 20:36:34,0x24a64ec47281facf790d0cfa9d2e10ad578e740528cfe05a448310c65c9ebd3c,btc-updown-5m-1777916100
"Bitcoin Up or Down - May 4, 1:35PM-1:40PM ET",Down,BUY,101.923075,0.52,0x2e9d037f077dd1cd83c7385f654f118f6e697b274e825eadb701d16842ec898c,2026-05-04 20:36:34,0x986aeaa37935d3518c1c1419b97f4c75f65b70af911d1ef5e68bcea1e12d6444,btc-updown-5m-1777916100
"Bitcoin Up or Down - May 4, 1:35PM-1:40PM ET",Down,BUY,102.222221,0.44999999559782605,0x2e9d037f077dd1cd83c7385f654f118f6e697b274e825eadb701d16842ec898c,2026-05-04 20:36:28,0x15237fd10e03e1527a8f42f35529fb78c4129787f5dc7467ad5e63e0b4680a59,btc-updown-5m-1777916100
"Bitcoin Up or Down - May 4, 1:35PM-1:40PM ET",Down,BUY,100,0.45,0x2e9d037f077dd1cd83c7385f654f118f6e697b274e825eadb701d16842ec898c,2026-05-04 20:36:26,0x76a6a34ca3c0c110103e287fdd70c55b164dd0731adb6626c51ae1d843ee4a59,btc-updown-5m-1777916100
"Bitcoin Up or Down - May 4, 1:35PM-1:40PM ET",Up,BUY,100,0.46,0x2e9d037f077dd1cd83c7385f654f118f6e697b274e825eadb701d16842ec898c,2026-05-04 20:36:12,0x383188926e1fa303a22ba9b0d5857ac0db87123f463923c2ad912ea9b8819d2d,btc-updown-5m-1777916100
"Bitcoin Up or Down - May 4, 1:35PM-1:40PM ET",Up,BUY,102,0.5,0x2e9d037f077dd1cd83c7385f654f118f6e697b274e825eadb701d16842ec898c,2026-05-04 20:36:00,0x4681de45f34fd39e906965d7be38c0c3b2f9263cbb49f4c8242244fe2e835112,btc-updown-5m-1777916100
"Bitcoin Up or Down - May 4, 1:35PM-1:40PM ET",Up,BUY,100,0.5,0x2e9d037f077dd1cd83c7385f654f118f6e697b274e825eadb701d16842ec898c,2026-05-04 20:36:00,0x39fd3471816f6c6b640db8d5f4ab237edccab1447bb397cc14e1f8caa52d5de9,btc-updown-5m-1777916100
"Bitcoin Up or Down - May 4, 1:30PM-1:45PM ET",Down,BUY,7.85,0.86,0x3113d4e6b489ec5f300004e15ff103a8541f7d560382268880d22687b1ea9451,2026-05-04 20:35:20,0xb53161b1257cd93348156a7df964e252f6169cbec6ede23d7f02c21c32bfb8fa,btc-updown-15m-1777915800
"Bitcoin Up or Down - May 4, 1:30PM-1:45PM ET",Down,BUY,29.26,0.82,0x3113d4e6b489ec5f300004e15ff103a8541f7d560382268880d22687b1ea9451,2026-05-04 20:34:32,0x5f0a63af82048cedc4d7208fb6d601138a4777e0fe0ae8b79f0400896381d095,btc-updown-15m-1777915800
"Bitcoin Up or Down - May 4, 1:30PM-1:45PM ET",Down,BUY,7.24,0.74,0x3113d4e6b489ec5f300004e15ff103a8541f7d560382268880d22687b1ea9451,2026-05-04 20:34:26,0xed68da4bd4d4a860c34790c2200395ef395cb94aaacbcaee70b6cf247d8e5be2,btc-updown-15m-1777915800
"Bitcoin Up or Down - May 4, 1:30PM-1:45PM ET",Down,BUY,92,0.7,0x3113d4e6b489ec5f300004e15ff103a8541f7d560382268880d22687b1ea9451,2026-05-04 20:33:52,0x7c9cded17f4e29770945e8c414ec70ef727f6e15afb13a8f3fa9b0164df7b662,btc-updown-15m-1777915800
"Bitcoin Up or Down - May 4, 1:30PM-1:35PM ET",Down,BUY,100,0.95,0x3ea7d0e0a2670c48d411d4198169d043bee63e4bebfccbe3e8f191c155188476,2026-05-04 20:33:50,0xf71606f8f0ebbde4f59a1d22de81c91efe2bb63e2f5710136387d01bfe3770e6,btc-updown-5m-1777915800
"Bitcoin Up or Down - May 4, 1:30PM-1:35PM ET",Down,BUY,100,0.96,0x3ea7d0e0a2670c48d411d4198169d043bee63e4bebfccbe3e8f191c155188476,2026-05-04 20:33:50,0x4708d16fab6d4c6aada3964140187d08057be692f4711693acd50332f4d907f6,btc-updown-5m-1777915800
"Bitcoin Up or Down - May 4, 1:30PM-1:35PM ET",Down,BUY,43.09,0.9388396379670457,0x3ea7d0e0a2670c48d411d4198169d043bee63e4bebfccbe3e8f191c155188476,2026-05-04 20:33:42,0x7c815c09578c6462ebf36ac844906c79d5d22e1db052088c6dd35f497b5a3206,btc-updown-5m-1777915800
"Bitcoin Up or Down - May 4, 1:30PM-1:35PM ET",Down,BUY,100,0.93,0x3ea7d0e0a2670c48d411d4198169d043bee63e4bebfccbe3e8f191c155188476,2026-05-04 20:33:40,0x96136013505f65d68cb564e3004fb6d4c6a3065573d1dbd128207a6755b033aa,btc-updown-5m-1777915800
"Bitcoin Up or Down - May 4, 1:30PM-1:35PM ET",Down,BUY,45.62,0.91,0x3ea7d0e0a2670c48d411d4198169d043bee63e4bebfccbe3e8f191c155188476,2026-05-04 20:33:22,0xf118a5e28e3e2db99cc9e9b99a8e1090c8493caa7e5de6fb0e27d708fcd9173f,btc-updown-5m-1777915800
"Bitcoin Up or Down - May 4, 1:30PM-1:35PM ET",Up,BUY,100,0.1,0x3ea7d0e0a2670c48d411d4198169d043bee63e4bebfccbe3e8f191c155188476,2026-05-04 20:33:20,0x4c4ab01bad7fb3bdba95b3427e2edf919af9772d0b666b211a34de28bf948cf1,btc-updown-5m-1777915800
"Bitcoin Up or Down - May 4, 1:30PM-1:35PM ET",Up,BUY,100,0.19,0x3ea7d0e0a2670c48d411d4198169d043bee63e4bebfccbe3e8f191c155188476,2026-05-04 20:32:24,0x5bdc79e3fef9b4e6447d32336e17df45d4ee071378539b9d85e3d28d27550f14,btc-updown-5m-1777915800
"Bitcoin Up or Down - May 4, 1:30PM-1:35PM ET",Up,BUY,8.98,0.22,0x3ea7d0e0a2670c48d411d4198169d043bee63e4bebfccbe3e8f191c155188476,2026-05-04 20:32:24,0x5b1fc3303dd2a6419f2a62b73cd8f41465bfbe6c1a0bb8981ce5b8375fe46673,btc-updown-5m-1777915800
"Bitcoin Up or Down - May 4, 1:30PM-1:35PM ET",Up,BUY,22.84,0.20875656742556917,0x3ea7d0e0a2670c48d411d4198169d043bee63e4bebfccbe3e8f191c155188476,2026-05-04 20:32:24,0x958d0087675ff9177dcdd062ca2beb820f1a0b9696b42f46b445b5b1ce85bfbb,btc-updown-5m-1777915800
"Bitcoin Up or Down - May 4, 1:30PM-1:35PM ET",Down,BUY,102.654315,0.7987973520645479,0x3ea7d0e0a2670c48d411d4198169d043bee63e4bebfccbe3e8f191c155188476,2026-05-04 20:32:22,0x2399c3fc31ba963364572e3d4f6c86b9bec3f19e55c3a5773d8856d0d7c202f5,btc-updown-5m-1777915800
"Bitcoin Up or Down - May 4, 1:30PM-1:35PM ET",Down,BUY,104.938268,0.809999999237647,0x3ea7d0e0a2670c48d411d4198169d043bee63e4bebfccbe3e8f191c155188476,2026-05-04 20:32:22,0x080b00e8fef48820ec436df8be710dcce98f8865a09e97f7646c313f1e9afb9e,btc-updown-5m-1777915800
"Bitcoin Up or Down - May 4, 1:30PM-1:35PM ET",Down,BUY,36.296294,0.8099999961428569,0x3ea7d0e0a2670c48d411d4198169d043bee63e4bebfccbe3e8f191c155188476,2026-05-04 20:32:22,0x9088f2b983716949ede98f90c285ca611ce4f947b4e2025e263f909c5340ae78,btc-updown-5m-1777915800
"Bitcoin Up or Down - May 4, 1:30PM-1:45PM ET",Down,BUY,68.349205,0.6267812332272189,0x3113d4e6b489ec5f300004e15ff103a8541f7d560382268880d22687b1ea9451,2026-05-04 20:32:22,0xc0a98ed23fa18fa27a9c15765aae007492beda7c9ee22c7000763bfe2ed399e4,btc-updown-15m-1777915800
"Bitcoin Up or Down - May 4, 1:30PM-1:35PM ET",Down,BUY,31.923072,0.779999994987951,0x3ea7d0e0a2670c48d411d4198169d043bee63e4bebfccbe3e8f191c155188476,2026-05-04 20:32:20,0xead224465e80e0865cfe2a259e53ff891d2faf00774aa779d5cdcb3e9c52cbb0,btc-updown-5m-1777915800
"Bitcoin Up or Down - May 4, 1:30PM-1:35PM ET",Down,BUY,97.43,0.78,0x3ea7d0e0a2670c48d411d4198169d043bee63e4bebfccbe3e8f191c155188476,2026-05-04 20:32:20,0xadd1545aa22c2ae666e63024e497533248435c9e5fc1376e2b99007f6128fa60,btc-updown-5m-1777915800
"Bitcoin Up or Down - May 4, 1:30PM-1:35PM ET",Down,BUY,100,0.78,0x3ea7d0e0a2670c48d411d4198169d043bee63e4bebfccbe3e8f191c155188476,2026-05-04 20:32:20,0x1dacfce1d367b7dc5de5c6f2d78c61c35a13abbb71e78fb70a1df93096a46e5e,btc-updown-5m-1777915800
"Bitcoin Up or Down - May 4, 1:30PM-1:35PM ET",Down,BUY,62.30769,0.7799999967901233,0x3ea7d0e0a2670c48d411d4198169d043bee63e4bebfccbe3e8f191c155188476,2026-05-04 20:32:20,0xb19329c36fa4b5d807282bd5abfc03c85e0f9d03797b1ca74bc14e394cb78a0e,btc-updown-5m-1777915800
"Bitcoin Up or Down - May 4, 1:30PM-1:35PM ET",Down,BUY,39.5,0.78,0x3ea7d0e0a2670c48d411d4198169d043bee63e4bebfccbe3e8f191c155188476,2026-05-04 20:32:20,0xe4615f5aa52bb372e81fa35960feb8e5625d679d58317ee4385195a021440a2f,btc-updown-5m-1777915800
"Bitcoin Up or Down - May 4, 1:30PM-1:45PM ET",Down,BUY,10,0.62,0x3113d4e6b489ec5f300004e15ff103a8541f7d560382268880d22687b1ea9451,2026-05-04 20:32:20,0x224d29a52678a133b9c8b057b2ec7c06462ca5e28ee37d2843bffa0df55286ae,btc-updown-15m-1777915800
"Bitcoin Up or Down - May 4, 1:30PM-1:35PM ET",Up,BUY,47.77,0.32,0x3ea7d0e0a2670c48d411d4198169d043bee63e4bebfccbe3e8f191c155188476,2026-05-04 20:32:10,0x975a70c116827ebe4ebc38f521f17a47dbf3e6b77d6bd8601deb3c22a379419d,btc-updown-5m-1777915800
"Bitcoin Up or Down - May 4, 1:30PM-1:35PM ET",Up,BUY,100.705881,0.3376168170357399,0x3ea7d0e0a2670c48d411d4198169d043bee63e4bebfccbe3e8f191c155188476,2026-05-04 20:32:10,0xdcd2333f254837df9e954e8f87fa9a604151c277c52937046aed747d692b685e,btc-updown-5m-1777915800
"Bitcoin Up or Down - May 4, 1:30PM-1:35PM ET",Up,BUY,92.19,0.33,0x3ea7d0e0a2670c48d411d4198169d043bee63e4bebfccbe3e8f191c155188476,2026-05-04 20:32:10,0x84db96804d063719a298693f8ad0908c2e1e909a7d871655994c92f2b5fb0cd9,btc-updown-5m-1777915800
"Bitcoin Up or Down - May 4, 1:30PM-1:35PM ET",Down,BUY,101.031745,0.6235663751031916,0x3ea7d0e0a2670c48d411d4198169d043bee63e4bebfccbe3e8f191c155188476,2026-05-04 20:31:42,0xc8ec844c0afbd91392502ed4093337c83c6a8452db64045f0dc15ef123604f74,btc-updown-5m-1777915800
"Bitcoin Up or Down - May 4, 1:30PM-1:35PM ET",Down,BUY,45.03,0.62,0x3ea7d0e0a2670c48d411d4198169d043bee63e4bebfccbe3e8f191c155188476,2026-05-04 20:31:42,0x7daabfb88e0f7a00986b79d507727c9d3389dee4675390953a0a5d417970e668,btc-updown-5m-1777915800
"Bitcoin Up or Down - May 4, 1:30PM-1:35PM ET",Down,BUY,101.952379,0.6277440372431132,0x3ea7d0e0a2670c48d411d4198169d043bee63e4bebfccbe3e8f191c155188476,2026-05-04 20:31:42,0xdeb2aa578459fabdbc2650cd4d954cdd0db08e3f3612c20924d85f1e1c2fbbe1,btc-updown-5m-1777915800
"Bitcoin Up or Down - May 4, 1:30PM-1:35PM ET",Down,BUY,47.12,0.54,0x3ea7d0e0a2670c48d411d4198169d043bee63e4bebfccbe3e8f191c155188476,2026-05-04 20:31:36,0x6bb559b9087cd8a3c0c8a4401296dcc8e7e6737982e69f62cd97748e7b9e46e5,btc-updown-5m-1777915800
"Bitcoin Up or Down - May 4, 1:30PM-1:35PM ET",Up,BUY,99.44,0.36,0x3ea7d0e0a2670c48d411d4198169d043bee63e4bebfccbe3e8f191c155188476,2026-05-04 20:30:52,0x7da7c3b3f6c0ae937aa2dc51945ad7e542913a8d9fbc030d6fd4a59a06e98f5d,btc-updown-5m-1777915800
"Bitcoin Up or Down - May 4, 1:30PM-1:45PM ET",Up,BUY,169.45,0.41,0x3113d4e6b489ec5f300004e15ff103a8541f7d560382268880d22687b1ea9451,2026-05-04 20:30:18,0x9dbaf51ff9adaee8bd1cacb24bfdddfeb7ed22d759d62c2ef4f0f24f45e38525,btc-updown-15m-1777915800
"Bitcoin Up or Down - May 4, 1:25PM-1:30PM ET",Up,BUY,47.04,0.12,0x07185b706a022a402f1e0ffede2f2a80b2f7f8d9f15697cb3cdb9c833cc17e4b,2026-05-04 20:29:34,0xc6dc8e53b45d6c49aa7faf9c9c0c3baab7fbe1620f8d3077edf87033589846ba,btc-updown-5m-1777915500
"Bitcoin Up or Down - May 4, 1:25PM-1:30PM ET",Up,BUY,86.57,0.12739286126833776,0x07185b706a022a402f1e0ffede2f2a80b2f7f8d9f15697cb3cdb9c833cc17e4b,2026-05-04 20:29:32,0xb77d644978efb982be688a16e51a05f5ee9cf91b8eba04faa8edccb6c10ebe11,btc-updown-5m-1777915500
"Bitcoin Up or Down - May 4, 1:25PM-1:30PM ET",Up,BUY,100,0.2,0x07185b706a022a402f1e0ffede2f2a80b2f7f8d9f15697cb3cdb9c833cc17e4b,2026-05-04 20:29:20,0x88ff14dc41bc9dcb7d3e828ee625fae4cb23e92556eee8bdbd9a875f574ac32b,btc-updown-5m-1777915500
"Bitcoin Up or Down - May 4, 1:25PM-1:30PM ET",Up,BUY,15.02,0.14,0x07185b706a022a402f1e0ffede2f2a80b2f7f8d9f15697cb3cdb9c833cc17e4b,2026-05-04 20:29:10,0x8149ca86081060f36442224ed3d9672e24a389d71eab3513e0104218183da6e3,btc-updown-5m-1777915500
"Bitcoin Up or Down - May 4, 1:25PM-1:30PM ET",Up,BUY,6,0.16,0x07185b706a022a402f1e0ffede2f2a80b2f7f8d9f15697cb3cdb9c833cc17e4b,2026-05-04 20:28:54,0x96b646d5e5b99f0071211e29089848e5da469db8d66b0298377af9be66d06058,btc-updown-5m-1777915500
"Bitcoin Up or Down - May 4, 1:25PM-1:30PM ET",Down,BUY,93.243242,0.739999999142029,0x07185b706a022a402f1e0ffede2f2a80b2f7f8d9f15697cb3cdb9c833cc17e4b,2026-05-04 20:28:36,0xfa62bbb14396e9a32c033f68a937b22fab9e9ed66d1140756c9244ad52180358,btc-updown-5m-1777915500
"Bitcoin Up or Down - May 4, 1:25PM-1:30PM ET",Up,BUY,107.142856,0.2799999936533333,0x07185b706a022a402f1e0ffede2f2a80b2f7f8d9f15697cb3cdb9c833cc17e4b,2026-05-04 20:28:30,0x588530447fca416fd75d2b5ec14fcd874165a21c8184ce82e0afc6249fcd32ac,btc-updown-5m-1777915500
"Bitcoin Up or Down - May 4, 1:25PM-1:30PM ET",Up,BUY,26.95,0.28,0x07185b706a022a402f1e0ffede2f2a80b2f7f8d9f15697cb3cdb9c833cc17e4b,2026-05-04 20:28:30,0x3de037b854fe61e42a79ca206e05dd914305a5deef80823c9ad4acbafb077429,btc-updown-5m-1777915500
"Bitcoin Up or Down - May 4, 1:25PM-1:30PM ET",Up,BUY,110.714284,0.2799999953032257,0x07185b706a022a402f1e0ffede2f2a80b2f7f8d9f15697cb3cdb9c833cc17e4b,2026-05-04 20:28:30,0xd0b648dc5c072a39385511d6ce821a6e8c74f55d0ada6a2765d575af3bb8f903,btc-updown-5m-1777915500
"Bitcoin Up or Down - May 4, 1:25PM-1:30PM ET",Up,BUY,19.52,0.29,0x07185b706a022a402f1e0ffede2f2a80b2f7f8d9f15697cb3cdb9c833cc17e4b,2026-05-04 20:28:30,0x0700d735d37500c73200b2068330f8d39790a1280d50950f2103411803f2e0e4,btc-updown-5m-1777915500
"Bitcoin Up or Down - May 4, 1:25PM-1:30PM ET",Down,BUY,108.538132,0.74628149119058,0x07185b706a022a402f1e0ffede2f2a80b2f7f8d9f15697cb3cdb9c833cc17e4b,2026-05-04 20:28:26,0x51f2b68eaab72e7c266710ceeb301cd3544e498f7baf334ed890b12e55d496c1,btc-updown-5m-1777915500
"Bitcoin Up or Down - May 4, 1:25PM-1:30PM ET",Down,BUY,103.35,0.7543734881470731,0x07185b706a022a402f1e0ffede2f2a80b2f7f8d9f15697cb3cdb9c833cc17e4b,2026-05-04 20:28:26,0x769adf85750c115bb5f526cf7aa69e1e16c600a52d642f446a95c8924ece96b8,btc-updown-5m-1777915500
"Bitcoin Up or Down - May 4, 1:25PM-1:30PM ET",Down,BUY,103.947366,0.7599999984607595,0x07185b706a022a402f1e0ffede2f2a80b2f7f8d9f15697cb3cdb9c833cc17e4b,2026-05-04 20:28:24,0x0654dbab2c5c2783a39a6aceb58c96cf7e9db4ee7dd987f70a764ef9b37f4a36,btc-updown-5m-1777915500
"Bitcoin Up or Down - May 4, 1:25PM-1:30PM ET",Down,BUY,101.315787,0.7599999988155843,0x07185b706a022a402f1e0ffede2f2a80b2f7f8d9f15697cb3cdb9c833cc17e4b,2026-05-04 20:28:24,0xbbfb7adbbc926dfafc9e9a189a56e3cd299992597dfd30c6783b951dafce7ffd,btc-updown-5m-1777915500
"Bitcoin Up or Down - May 4, 1:25PM-1:30PM ET",Down,BUY,37.333332,0.75,0x07185b706a022a402f1e0ffede2f2a80b2f7f8d9f15697cb3cdb9c833cc17e4b,2026-05-04 20:28:24,0x9f41d061a9e809e688747572b272c37ba5b1b761ca6d79ceb3ed022b457ae59c,btc-updown-5m-1777915500
"Bitcoin Up or Down - May 4, 1:25PM-1:30PM ET",Down,BUY,45.85,0.76,0x07185b706a022a402f1e0ffede2f2a80b2f7f8d9f15697cb3cdb9c833cc17e4b,2026-05-04 20:28:24,0xc3114be1b9e35ffc4eb030293169a469ca7aa0da90d39e3cd3d04441bcd565ba,btc-updown-5m-1777915500
"Bitcoin Up or Down - May 4, 1:25PM-1:30PM ET",Up,BUY,114.185347,0.41161147410621785,0x07185b706a022a402f1e0ffede2f2a80b2f7f8d9f15697cb3cdb9c833cc17e4b,2026-05-04 20:28:04,0x018c196819d6fddaa98939bea60f9beef1a222393d50dbb7813f7c0f1ff4d231,btc-updown-5m-1777915500
"Bitcoin Up or Down - May 4, 1:25PM-1:30PM ET",Up,BUY,103.1375,0.4363107502120955,0x07185b706a022a402f1e0ffede2f2a80b2f7f8d9f15697cb3cdb9c833cc17e4b,2026-05-04 20:28:00,0x9de669f89923d6e46775008900e1a05e3c7058b5647b1164a43e81cbd3331562,btc-updown-5m-1777915500
"Bitcoin Up or Down - May 4, 1:25PM-1:30PM ET",Up,BUY,100,0.43,0x07185b706a022a402f1e0ffede2f2a80b2f7f8d9f15697cb3cdb9c833cc17e4b,2026-05-04 20:28:00,0x07a2020a6d2fcaa5ec68fc270755590d7759d7e1c4131228e0e9fc910a6b47af,btc-updown-5m-1777915500
"Bitcoin Up or Down - May 4, 1:25PM-1:30PM ET",Up,BUY,103.244443,0.44554455100309853,0x07185b706a022a402f1e0ffede2f2a80b2f7f8d9f15697cb3cdb9c833cc17e4b,2026-05-04 20:27:58,0x4071f6475aaadb6634fd044d85ec6e688df8d90e905637386fa3af6cc21e7e18,btc-updown-5m-1777915500
"Bitcoin Up or Down - May 4, 1:15PM-1:30PM ET",Up,BUY,99.38,0.96,0xc69f373c62df0ebf023b8910db89e10b7f83cb10705d7e543e7094f874a9dd5b,2026-05-04 20:27:56,0x2c5fbd66a5db7280d74829e14d5352448a08546f3926e60447d99047e8ecc739,btc-updown-15m-1777914900
"Bitcoin Up or Down - May 4, 1:25PM-1:30PM ET",Up,BUY,57.5,0.37,0x07185b706a022a402f1e0ffede2f2a80b2f7f8d9f15697cb3cdb9c833cc17e4b,2026-05-04 20:27:52,0x9014c52d378610fa3e20e6329c69fceea844e60b29e8b1e1464443ed4dc88833,btc-updown-5m-1777915500
"Bitcoin Up or Down - May 4, 1:15PM-1:30PM ET",Down,BUY,186.833332,0.17999999593220337,0xc69f373c62df0ebf023b8910db89e10b7f83cb10705d7e543e7094f874a9dd5b,2026-05-04 20:27:18,0x5ffc4855d8306c21acc92cac8e052d33b651dfe1483145371aee683ab297b605,btc-updown-15m-1777914900
"Bitcoin Up or Down - May 4, 1:15PM-1:30PM ET",Down,BUY,38.543447,0.2859110914496049,0xc69f373c62df0ebf023b8910db89e10b7f83cb10705d7e543e7094f874a9dd5b,2026-05-04 20:27:04,0x15650020fecda9e9e7757d23c81f7466c5669f965347f893750f35c5ff423df5,btc-updown-15m-1777914900
"Bitcoin Up or Down - May 4, 1:15PM-1:30PM ET",Down,BUY,10,0.28,0xc69f373c62df0ebf023b8910db89e10b7f83cb10705d7e543e7094f874a9dd5b,2026-05-04 20:27:02,0x81e522a7c90373252167ebe62cc0dc7690b7f5c452062ed082ca9f77deda611d,btc-updown-15m-1777914900
"Bitcoin Up or Down - May 4, 1:25PM-1:30PM ET",Down,BUY,5.074625,0.669999852205828,0x07185b706a022a402f1e0ffede2f2a80b2f7f8d9f15697cb3cdb9c833cc17e4b,2026-05-04 20:26:50,0xc9310c1d06dd1c25dbd8c631c19783af8cfb3feb0f8bd3148c45f1049c58d545,btc-updown-5m-1777915500
"Bitcoin Up or Down - May 4, 1:25PM-1:30PM ET",Down,BUY,100,0.67,0x07185b706a022a402f1e0ffede2f2a80b2f7f8d9f15697cb3cdb9c833cc17e4b,2026-05-04 20:26:48,0x019e8588dc1393a7db84c3cb635b998454952461a00fba1653133cae336664db,btc-updown-5m-1777915500
"Bitcoin Up or Down - May 4, 1:25PM-1:30PM ET",Up,BUY,105.0225,0.3523054583541622,0x07185b706a022a402f1e0ffede2f2a80b2f7f8d9f15697cb3cdb9c833cc17e4b,2026-05-04 20:26:28,0x74190b457b73efa150d20e0be6c8a6bf73da8a7e33b7f633d35969f25ff8a379,btc-updown-5m-1777915500
"Bitcoin Up or Down - May 4, 1:25PM-1:30PM ET",Up,BUY,108.491943,0.3594736892121104,0x07185b706a022a402f1e0ffede2f2a80b2f7f8d9f15697cb3cdb9c833cc17e4b,2026-05-04 20:26:28,0x077320e5d2145c5e9688c9fa885a4ee6b3aba67402ec35c050584e22e7191730,btc-updown-5m-1777915500
"Bitcoin Up or Down - May 4, 1:25PM-1:30PM ET",Down,BUY,101.208192,0.7114048435921076,0x07185b706a022a402f1e0ffede2f2a80b2f7f8d9f15697cb3cdb9c833cc17e4b,2026-05-04 20:26:16,0xcd52ec509b779e7ba13b7de7a55327aa4e0469d3180847d6759e1991ac4ecf27,btc-updown-5m-1777915500
"Bitcoin Up or Down - May 4, 1:15PM-1:30PM ET",Down,BUY,121.764704,0.16999999441545885,0xc69f373c62df0ebf023b8910db89e10b7f83cb10705d7e543e7094f874a9dd5b,2026-05-04 20:26:16,0xf36ec5550270222039ff66698ec8fc981091063739ebd52ec2e079668abc4f7c,btc-updown-15m-1777914900
"Bitcoin Up or Down - May 4, 1:15PM-1:30PM ET",Down,BUY,32,0.17,0xc69f373c62df0ebf023b8910db89e10b7f83cb10705d7e543e7094f874a9dd5b,2026-05-04 20:26:16,0xab6de36f75b7e3c304a538a069a89beffda56a9bb0aeda9e10979cb9f75f1cc6,btc-updown-15m-1777914900
"Bitcoin Up or Down - May 4, 1:25PM-1:30PM ET",Down,BUY,100,0.71,0x07185b706a022a402f1e0ffede2f2a80b2f7f8d9f15697cb3cdb9c833cc17e4b,2026-05-04 20:26:14,0x75fff298a4950c2a35e9a940befab34d645752c83cdaba316d07b93ff1bd2d5a,btc-updown-5m-1777915500
"Bitcoin Up or Down - May 4, 1:25PM-1:30PM ET",Down,BUY,8.123074,0.6499999876893895,0x07185b706a022a402f1e0ffede2f2a80b2f7f8d9f15697cb3cdb9c833cc17e4b,2026-05-04 20:26:12,0xefa959568ff103ccb837925afbea988d606913d114f1f8c6baedf84217303e6f,btc-updown-5m-1777915500
"Bitcoin Up or Down - May 4, 1:25PM-1:30PM ET",Down,BUY,10.242257,0.6150987033424371,0x07185b706a022a402f1e0ffede2f2a80b2f7f8d9f15697cb3cdb9c833cc17e4b,2026-05-04 20:26:10,0x18a96db2456c9971e26eb45c3fd0c2a6527d80a8e752b52774de248a918d2777,btc-updown-5m-1777915500
"Bitcoin Up or Down - May 4, 1:25PM-1:30PM ET",Down,BUY,6.4,0.6,0x07185b706a022a402f1e0ffede2f2a80b2f7f8d9f15697cb3cdb9c833cc17e4b,2026-05-04 20:26:10,0x009373c6cae08a61f4f825a0e0d51c86118f9b38a2d5b6bf6a0152bb2199520b,btc-updown-5m-1777915500
"Bitcoin Up or Down - May 4, 1:25PM-1:30PM ET",Down,BUY,24.4,0.6,0x07185b706a022a402f1e0ffede2f2a80b2f7f8d9f15697cb3cdb9c833cc17e4b,2026-05-04 20:26:10,0xc5c243ddd49a62e2758a3dc27b5644c947ee00adcb7cee9ec4e89e8848660c22,btc-updown-5m-1777915500
"Bitcoin Up or Down - May 4, 1:25PM-1:30PM ET",Down,BUY,108.333332,0.5999999981538461,0x07185b706a022a402f1e0ffede2f2a80b2f7f8d9f15697cb3cdb9c833cc17e4b,2026-05-04 20:26:10,0x579d708be86efb79f4d8445fe14bed22fa85e26b81731325045611d503050a21,btc-updown-5m-1777915500
"Bitcoin Up or Down - May 4, 1:25PM-1:30PM ET",Down,BUY,50.181832,0.5930432950315564,0x07185b706a022a402f1e0ffede2f2a80b2f7f8d9f15697cb3cdb9c833cc17e4b,2026-05-04 20:26:10,0x2fc71916781f3033f01042989a42c51613e9d34c07d74f1e392cfa8a8f7eeb71,btc-updown-5m-1777915500
"Bitcoin Up or Down - May 4, 1:25PM-1:30PM ET",Down,BUY,5.084743,0.5899999272332938,0x07185b706a022a402f1e0ffede2f2a80b2f7f8d9f15697cb3cdb9c833cc17e4b,2026-05-04 20:26:08,0xbbb9d168922f50036866158059f1b51dfd8f791f03b97a7e78f04081fb7fa42d,btc-updown-5m-1777915500
"Bitcoin Up or Down - May 4, 1:25PM-1:30PM ET",Up,BUY,66.81,0.53,0x07185b706a022a402f1e0ffede2f2a80b2f7f8d9f15697cb3cdb9c833cc17e4b,2026-05-04 20:25:56,0x683b80c511da2c8abdb7801e773e0c1481d2e15323cc0676cd0050314ddec921,btc-updown-5m-1777915500
"Bitcoin Up or Down - May 4, 1:15PM-1:30PM ET",Down,BUY,41.3,0.08,0xc69f373c62df0ebf023b8910db89e10b7f83cb10705d7e543e7094f874a9dd5b,2026-05-04 20:25:24,0x927b9c03607db3d12c1ef90f962066ed73d26a0ec9c1880802c8383bc70eb87c,btc-updown-15m-1777914900
"Bitcoin Up or Down - May 4, 1:15PM-1:30PM ET",Down,BUY,130.16,0.09583666256914566,0xc69f373c62df0ebf023b8910db89e10b7f83cb10705d7e543e7094f874a9dd5b,2026-05-04 20:25:16,0x6cd93018e83d529c716ca3fca047bd55644ce7ebeed4571716900e431a746878,btc-updown-15m-1777914900
"Bitcoin Up or Down - May 4, 1:15PM-1:30PM ET",Down,BUY,32,0.09,0xc69f373c62df0ebf023b8910db89e10b7f83cb10705d7e543e7094f874a9dd5b,2026-05-04 20:25:16,0x9d16f1058b6abb4562d8fb94c108d94ebefaa1b92bdbb347dfce935439e8bac0,btc-updown-15m-1777914900
"Bitcoin Up or Down - May 4, 1:20PM-1:25PM ET",Down,BUY,74.52,0.5,0x29cca10e8d8c3e4ddde53a3f6ad533bfa148e8456fcc10dac02886146bf66131,2026-05-04 20:22:58,0x95abb258d03078a3f7d86e9b7f11ecbc6c59ea7e8e75c4e912dffaf95db007a9,btc-updown-5m-1777915200
"Bitcoin Up or Down - May 4, 1:20PM-1:25PM ET",Down,BUY,47.11,0.51,0x29cca10e8d8c3e4ddde53a3f6ad533bfa148e8456fcc10dac02886146bf66131,2026-05-04 20:22:56,0x5940ba4e5756b29a6c8e42c322810559b0f122ba4a95e212f65492d276437e19,btc-updown-5m-1777915200
"Bitcoin Up or Down - May 4, 1:20PM-1:25PM ET",Down,BUY,102.083332,0.47999999647346936,0x29cca10e8d8c3e4ddde53a3f6ad533bfa148e8456fcc10dac02886146bf66131,2026-05-04 20:22:50,0x4a34a3d81696b87c7bea6ce60aaeb093da5a790bfeca1b432ce2abcdc15e2ccb,btc-updown-5m-1777915200
"Bitcoin Up or Down - May 4, 1:20PM-1:25PM ET",Down,BUY,46.875,0.48,0x29cca10e8d8c3e4ddde53a3f6ad533bfa148e8456fcc10dac02886146bf66131,2026-05-04 20:22:50,0x6f93f5b4d895428d73bfd2720806ece7e64720676d6ee37bd3b9e1a8625b246d,btc-updown-5m-1777915200
"Bitcoin Up or Down - May 4, 1:20PM-1:25PM ET",Down,BUY,16.5625,0.48,0x29cca10e8d8c3e4ddde53a3f6ad533bfa148e8456fcc10dac02886146bf66131,2026-05-04 20:22:50,0x9cbe43666d4bc3558b69f80214101244da9b453b2e93e437c93223be9fa63246,btc-updown-5m-1777915200
"Bitcoin Up or Down - May 4, 1:20PM-1:25PM ET",Down,BUY,21.666665,0.47999999076923006,0x29cca10e8d8c3e4ddde53a3f6ad533bfa148e8456fcc10dac02886146bf66131,2026-05-04 20:22:50,0xdd2241d4ff989cee9b47a29969ffdf8e8bb724ed31f52f698928a29e9707f28b,btc-updown-5m-1777915200
"Bitcoin Up or Down - May 4, 1:20PM-1:25PM ET",Down,BUY,26.5625,0.48,0x29cca10e8d8c3e4ddde53a3f6ad533bfa148e8456fcc10dac02886146bf66131,2026-05-04 20:22:50,0x58c65f926f09f8cb674866ebf3e705a6eb25039507f7fad39e83109e306b8a02,btc-updown-5m-1777915200
"Bitcoin Up or Down - May 4, 1:20PM-1:25PM ET",Down,BUY,20,0.475,0x29cca10e8d8c3e4ddde53a3f6ad533bfa148e8456fcc10dac02886146bf66131,2026-05-04 20:22:50,0x8c3af62670bb4798239d051f0437887f2259b80630b1ed6f610c32a9ece2689e,btc-updown-5m-1777915200
"Bitcoin Up or Down - May 4, 1:20PM-1:25PM ET",Up,BUY,106.45161,0.6199999981212121,0x29cca10e8d8c3e4ddde53a3f6ad533bfa148e8456fcc10dac02886146bf66131,2026-05-04 20:22:24,0x90b97e2340886af0647c19a53b8fb014dfadf82c1d5a08709692e061605856d9,btc-updown-5m-1777915200
"Bitcoin Up or Down - May 4, 1:20PM-1:25PM ET",Down,BUY,15,0.42,0x29cca10e8d8c3e4ddde53a3f6ad533bfa148e8456fcc10dac02886146bf66131,2026-05-04 20:21:56,0x80bfa30437bff2dd155ec831cfd18947dfdb25fed4281f9be21152cf359d37f7,btc-updown-5m-1777915200
"Bitcoin Up or Down - May 4, 1:20PM-1:25PM ET",Down,BUY,67.764882,0.42514644974959154,0x29cca10e8d8c3e4ddde53a3f6ad533bfa148e8456fcc10dac02886146bf66131,2026-05-04 20:21:56,0xf3c7e45ac5ddc46f78e03497eb84e39ae53b29d4cfca9373d4358e54e5e58b1c,btc-updown-5m-1777915200
"Bitcoin Up or Down - May 4, 1:20PM-1:25PM ET",Down,BUY,35.85,0.42,0x29cca10e8d8c3e4ddde53a3f6ad533bfa148e8456fcc10dac02886146bf66131,2026-05-04 20:21:50,0x7458e20c099497e9f0fc9d66b6960bd529ecc784206fdce408c9ca9dbf25cbbc,btc-updown-5m-1777915200
"Bitcoin Up or Down - May 4, 1:20PM-1:25PM ET",Down,BUY,78.260868,0.45999999642222217,0x29cca10e8d8c3e4ddde53a3f6ad533bfa148e8456fcc10dac02886146bf66131,2026-05-04 20:20:48,0xc7ee02a8b01e04d848e7d81829ab3d4fc760f9ec1df046ca90828d472a5c15e1,btc-updown-5m-1777915200
"Bitcoin Up or Down - May 4, 1:20PM-1:25PM ET",Down,BUY,109.851062,0.4642649608612796,0x29cca10e8d8c3e4ddde53a3f6ad533bfa148e8456fcc10dac02886146bf66131,2026-05-04 20:20:48,0x10dfdcc6dddb5795d0d75efd2584374b66da9d0dfe7d2251065697598d739057,btc-updown-5m-1777915200
"Bitcoin Up or Down - May 4, 1:20PM-1:25PM ET",Down,BUY,108.695651,0.45999999576799994,0x29cca10e8d8c3e4ddde53a3f6ad533bfa148e8456fcc10dac02886146bf66131,2026-05-04 20:20:48,0x4f230c7e4133e1d8d9ddbefbaa88df201444b283af6193b2bab60ef65de2e792,btc-updown-5m-1777915200
"Bitcoin Up or Down - May 4, 1:20PM-1:25PM ET",Down,BUY,106.521738,0.4599999954938775,0x29cca10e8d8c3e4ddde53a3f6ad533bfa148e8456fcc10dac02886146bf66131,2026-05-04 20:20:48,0x119d3c598ac0ec178e130e5c4cf9a43e27e05f678bcc3ad50877a2817afcd29f,btc-updown-5m-1777915200
"Bitcoin Up or Down - May 4, 1:20PM-1:25PM ET",Down,BUY,27.173912,0.4599999808639993,0x29cca10e8d8c3e4ddde53a3f6ad533bfa148e8456fcc10dac02886146bf66131,2026-05-04 20:20:48,0x15fac051c07f0b93262bb946b5209c9e7d7d714e08f57b12fa894561540945bb,btc-updown-5m-1777915200
"Bitcoin Up or Down - May 4, 1:20PM-1:25PM ET",Down,BUY,50.42553,0.46603375314052226,0x29cca10e8d8c3e4ddde53a3f6ad533bfa148e8456fcc10dac02886146bf66131,2026-05-04 20:20:46,0x5da42ab80b45e749a42158f55b0fcfa34768302154a9bcfc0ef298d730dc970b,btc-updown-5m-1777915200
"Bitcoin Up or Down - May 4, 1:15PM-1:20PM ET",Up,BUY,67.68,0.65,0xeda49d694203370b315fbd07bbd8e5d6f9ddbaed5a5b5b03cce789ad0b36f7a3,2026-05-04 20:17:00,0xde9030676583bc22a7076f5bd511addf54ebb76cc53815e875eb0c45ac2ce15b,btc-updown-5m-1777914900
"Bitcoin Up or Down - May 4, 1:15PM-1:20PM ET",Up,BUY,102.463845,0.6441296342139025,0xeda49d694203370b315fbd07bbd8e5d6f9ddbaed5a5b5b03cce789ad0b36f7a3,2026-05-04 20:16:58,0xf46e84d2d66f380e5fe529ab642bd19ca26497cc1307b12a9d8460c14dd6ead5,btc-updown-5m-1777914900
"Bitcoin Up or Down - May 4, 1:15PM-1:30PM ET",Up,BUY,33.56,0.52,0xc69f373c62df0ebf023b8910db89e10b7f83cb10705d7e543e7094f874a9dd5b,2026-05-04 20:16:54,0x5e32d674f616f97087b5686f07f1d126c5a56d59b498ca0dee64d6cfe5ba19a3,btc-updown-15m-1777914900
"Bitcoin Up or Down - May 4, 1:15PM-1:20PM ET",Down,BUY,42.580644,0.6199999934242423,0xeda49d694203370b315fbd07bbd8e5d6f9ddbaed5a5b5b03cce789ad0b36f7a3,2026-05-04 20:16:22,0xe40fde0aee92b0bf15b39ebf5ac99da1b5c53e0dca34bd145262443f5b5f3bc1,btc-updown-5m-1777914900
"Bitcoin Up or Down - May 4, 1:15PM-1:20PM ET",Down,BUY,24.5,0.55,0xeda49d694203370b315fbd07bbd8e5d6f9ddbaed5a5b5b03cce789ad0b36f7a3,2026-05-04 20:16:06,0x0f4aef09d61cf20cabdcbdada1bd04bbe270a8cff00d523029408b0f3f15d0d1,btc-updown-5m-1777914900
"Bitcoin Up or Down - May 4, 1:15PM-1:20PM ET",Down,BUY,100,0.52,0xeda49d694203370b315fbd07bbd8e5d6f9ddbaed5a5b5b03cce789ad0b36f7a3,2026-05-04 20:16:00,0xa8939c7723903b8c7d4bd8c2a459e4648cead60c61de85bd3e63c1b9d63fd043,btc-updown-5m-1777914900
"Bitcoin Up or Down - May 4, 1:15PM-1:20PM ET",Down,BUY,100.172411,0.5790017173491012,0xeda49d694203370b315fbd07bbd8e5d6f9ddbaed5a5b5b03cce789ad0b36f7a3,2026-05-04 20:15:50,0xbd6ef3cbcb812734b20461d72afc474a98e3e190d3edae7f7eb47e343198d612,btc-updown-5m-1777914900
"Bitcoin Up or Down - May 4, 1:15PM-1:20PM ET",Up,BUY,104.966362,0.4382356225702097,0xeda49d694203370b315fbd07bbd8e5d6f9ddbaed5a5b5b03cce789ad0b36f7a3,2026-05-04 20:15:48,0xb1ad8dd41fd3569881d2bb8041b4ad9a1ea3512c540954bb2643e9eb71c8eb0b,btc-updown-5m-1777914900
"Bitcoin Up or Down - May 4, 1:15PM-1:20PM ET",Up,BUY,100,0.45,0xeda49d694203370b315fbd07bbd8e5d6f9ddbaed5a5b5b03cce789ad0b36f7a3,2026-05-04 20:15:48,0xae43068d80ecbd555af0f7047885bba5383f58b8605b1a907ee8f621574a399b,btc-updown-5m-1777914900
"Bitcoin Up or Down - May 4, 1:15PM-1:20PM ET",Up,BUY,102.58152,0.45817218344980654,0xeda49d694203370b315fbd07bbd8e5d6f9ddbaed5a5b5b03cce789ad0b36f7a3,2026-05-04 20:15:48,0xb7f6303e531f231a3010031b92aedeb6a5925257c9c495802de7bc46f2f52306,btc-updown-5m-1777914900
"Bitcoin Up or Down - May 4, 1:15PM-1:30PM ET",Up,BUY,202.634679,0.46388900194127186,0xc69f373c62df0ebf023b8910db89e10b7f83cb10705d7e543e7094f874a9dd5b,2026-05-04 20:15:46,0xe35ae3bbbfe4cb6ec6fe2f162eff305b778d6d61d860187f6234426f85bdb985,btc-updown-15m-1777914900
"Bitcoin Up or Down - May 4, 1:15PM-1:30PM ET",Up,BUY,25,0.45,0xc69f373c62df0ebf023b8910db89e10b7f83cb10705d7e543e7094f874a9dd5b,2026-05-04 20:15:44,0xccd88b82f16c208f28d336f7a41183ef7acf9a7378bbb1f553b27722ded3fc5f,btc-updown-15m-1777914900
"Bitcoin Up or Down - May 4, 1:10PM-1:15PM ET",Down,BUY,15,0.09,0x1d9e1a8e278b641689e53037325886b29d6a1d13dd0b595932b0f2e31d8ff2f3,2026-05-04 20:14:10,0xed27da8424cb90dafbc96590f1f54871e004584062c8e12574706e1b7ff44039,btc-updown-5m-1777914600
"Bitcoin Up or Down - May 4, 1:10PM-1:15PM ET",Down,BUY,96.9225,0.07428615646521705,0x1d9e1a8e278b641689e53037325886b29d6a1d13dd0b595932b0f2e31d8ff2f3,2026-05-04 20:14:10,0x5701008c92ee46c864195e31b2a57839a823ce0fdf7fc5b86c75f6d61c4419ed,btc-updown-5m-1777914600
"Bitcoin Up or Down - May 4, 1:10PM-1:15PM ET",Down,BUY,50.87,0.07,0x1d9e1a8e278b641689e53037325886b29d6a1d13dd0b595932b0f2e31d8ff2f3,2026-05-04 20:14:10,0xedcdae3b8e05bc4b6a5a44fe070d826ae313ca528bfb4af8cecb7efddc6600db,btc-updown-5m-1777914600
"Bitcoin Up or Down - May 4, 1:10PM-1:15PM ET",Up,BUY,102.38095,0.84,0x1d9e1a8e278b641689e53037325886b29d6a1d13dd0b595932b0f2e31d8ff2f3,2026-05-04 20:13:52,0x3b367140bf7faa614b7337ba5afa4bb3846100520db55c024cda029b3dce3392,btc-updown-5m-1777914600
"Bitcoin Up or Down - May 4, 1:10PM-1:15PM ET",Up,BUY,49.46,0.8631378892033967,0x1d9e1a8e278b641689e53037325886b29d6a1d13dd0b595932b0f2e31d8ff2f3,2026-05-04 20:13:52,0x52642e09843f5721b082db1fb7029d098be05f11a2a5092eecbe5d3ead57d735,btc-updown-5m-1777914600
"Bitcoin Up or Down - May 4, 1:10PM-1:15PM ET",Up,BUY,101.190475,0.84,0x1d9e1a8e278b641689e53037325886b29d6a1d13dd0b595932b0f2e31d8ff2f3,2026-05-04 20:13:52,0xd120761ad676805ef497371e100cb69c8418f75e55e1ad86a65912bcd029f8a3,btc-updown-5m-1777914600
"Bitcoin Up or Down - May 4, 1:10PM-1:15PM ET",Down,BUY,127.9,0.39874902267396406,0x1d9e1a8e278b641689e53037325886b29d6a1d13dd0b595932b0f2e31d8ff2f3,2026-05-04 20:13:24,0x7a55e21a4c7c209590489400ac9efd92aa44a81aa5df1c1978fbd095e303e8a8,btc-updown-5m-1777914600
"Bitcoin Up or Down - May 4, 1:10PM-1:15PM ET",Down,BUY,126.373332,0.41147921145261884,0x1d9e1a8e278b641689e53037325886b29d6a1d13dd0b595932b0f2e31d8ff2f3,2026-05-04 20:13:20,0x2503f05d6994aafa6ef5f8ab68e4caca4255f3d43557fd78c1c56497c56f3770,btc-updown-5m-1777914600
"Bitcoin Up or Down - May 4, 1:10PM-1:15PM ET",Down,BUY,115.825453,0.4316840358051524,0x1d9e1a8e278b641689e53037325886b29d6a1d13dd0b595932b0f2e31d8ff2f3,2026-05-04 20:13:20,0x96773b34c56a5a2c8313739c08261131a360636e3cfbcbd611e9d72429867e42,btc-updown-5m-1777914600
"Bitcoin Up or Down - May 4, 1:10PM-1:15PM ET",Down,BUY,114.772726,0.4269306890907166,0x1d9e1a8e278b641689e53037325886b29d6a1d13dd0b595932b0f2e31d8ff2f3,2026-05-04 20:13:18,0x874d250701271991d52c3e866a52dd65a39e6cd8abbdcf0b6473f4ccf4ec073c,btc-updown-5m-1777914600
"Bitcoin Up or Down - May 4, 1:10PM-1:15PM ET",Down,BUY,102.127658,0.46999999745416665,0x1d9e1a8e278b641689e53037325886b29d6a1d13dd0b595932b0f2e31d8ff2f3,2026-05-04 20:13:16,0x0c2d3ec8266bf244422b7c732c4f73ee507802e9bd2a2205d02f766c47ce387a,btc-updown-5m-1777914600
"Bitcoin Up or Down - May 4, 1:10PM-1:15PM ET",Down,BUY,2,0.47,0x1d9e1a8e278b641689e53037325886b29d6a1d13dd0b595932b0f2e31d8ff2f3,2026-05-04 20:13:12,0xcfe4b21cbbbe95ce2539fa97ef53d3121fa62e49c9540dcd03d308aa12ffd4e0,btc-updown-5m-1777914600
"Bitcoin Up or Down - May 4, 1:10PM-1:15PM ET",Up,BUY,43.07,0.51,0x1d9e1a8e278b641689e53037325886b29d6a1d13dd0b595932b0f2e31d8ff2f3,2026-05-04 20:13:04,0x3cc877543bbdcd05ef076503e08647a8c8c1064f27f8b0a22fc4d1565eaa9976,btc-updown-5m-1777914600
"Bitcoin Up or Down - May 4, 1:10PM-1:15PM ET",Down,BUY,34.16949,0.5899999970734126,0x1d9e1a8e278b641689e53037325886b29d6a1d13dd0b595932b0f2e31d8ff2f3,2026-05-04 20:12:34,0xb2644ea018f714003ec20fd0d69b22e8fe33f0e68c87e21c0548198253a2ea9b,btc-updown-5m-1777914600
"Bitcoin Up or Down - May 4, 1:10PM-1:15PM ET",Down,BUY,79.610168,0.5899999984926548,0x1d9e1a8e278b641689e53037325886b29d6a1d13dd0b595932b0f2e31d8ff2f3,2026-05-04 20:12:34,0x7dde8dc901a7a050769c768efdd6f6b53f2874e87494fd40d01b6ab989b41eda,btc-updown-5m-1777914600
"Bitcoin Up or Down - May 4, 1:10PM-1:15PM ET",Up,BUY,103.611161,0.4246646652284883,0x1d9e1a8e278b641689e53037325886b29d6a1d13dd0b595932b0f2e31d8ff2f3,2026-05-04 20:12:34,0x2dcf5ebdd283d82adf2dc229fbba88a2efa5aa7afcca2c5a1efc1d0a327c12a6,btc-updown-5m-1777914600
"Bitcoin Up or Down - May 4, 1:10PM-1:15PM ET",Down,BUY,25.166665,0.5960264898030788,0x1d9e1a8e278b641689e53037325886b29d6a1d13dd0b595932b0f2e31d8ff2f3,2026-05-04 20:12:34,0x39dda05cbd42ef08b83cbeb8a2ed89d8e7db5e64b6439d63d4f786c08772858e,btc-updown-5m-1777914600
"Bitcoin Up or Down - May 4, 1:10PM-1:15PM ET",Down,BUY,29.82456,0.5699999932941173,0x1d9e1a8e278b641689e53037325886b29d6a1d13dd0b595932b0f2e31d8ff2f3,2026-05-04 20:12:34,0xdbf3739776362586694aa2c7a4b83cc3a776a35b90d1d52913db3f01135230c0,btc-updown-5m-1777914600
"Bitcoin Up or Down - May 4, 1:10PM-1:15PM ET",Down,BUY,5.789472,0.5699999930909071,0x1d9e1a8e278b641689e53037325886b29d6a1d13dd0b595932b0f2e31d8ff2f3,2026-05-04 20:12:34,0x323e6348cc54367e884f73aae44101b5f6029637e955732a005611e60234536b,btc-updown-5m-1777914600
"Bitcoin Up or Down - May 4, 1:10PM-1:15PM ET",Down,BUY,5.87719,0.569999948955198,0x1d9e1a8e278b641689e53037325886b29d6a1d13dd0b595932b0f2e31d8ff2f3,2026-05-04 20:12:34,0x186ca453a510bfb77968a40f4761c4e0ecaf5c252b51c5bc5e6cc715827e68f7,btc-updown-5m-1777914600
"Bitcoin Up or Down - May 4, 1:10PM-1:15PM ET",Down,BUY,17.355931,0.5899999832910144,0x1d9e1a8e278b641689e53037325886b29d6a1d13dd0b595932b0f2e31d8ff2f3,2026-05-04 20:12:34,0xce945fb8d3d93d5af13723222e8b73e77a9bfd78bd80fcfc29ffe3bdf4fd2da6,btc-updown-5m-1777914600
"Bitcoin Up or Down - May 4, 1:10PM-1:15PM ET",Down,BUY,42.033897,0.5899999945282256,0x1d9e1a8e278b641689e53037325886b29d6a1d13dd0b595932b0f2e31d8ff2f3,2026-05-04 20:12:34,0x74ab792cd379bb680500622e4da1f7600ec0605e0bd1d29bf5486782abf5dfb5,btc-updown-5m-1777914600
"Bitcoin Up or Down - May 4, 1:10PM-1:15PM ET",Down,BUY,112.238786,0.329654305063492,0x1d9e1a8e278b641689e53037325886b29d6a1d13dd0b595932b0f2e31d8ff2f3,2026-05-04 20:12:08,0xcd08f093bd7068ea98411f26d56b03b258e4550ca8d878accf744a890bad3dd8,btc-updown-5m-1777914600
"Bitcoin Up or Down - May 4, 1:10PM-1:15PM ET",Down,BUY,116.363635,0.3265624952331542,0x1d9e1a8e278b641689e53037325886b29d6a1d13dd0b595932b0f2e31d8ff2f3,2026-05-04 20:12:08,0x7c405f8fc7816fdaf10405c2bfca2f23bdfbe86cdffd32af7fe98967a49a4d5e,btc-updown-5m-1777914600
"Bitcoin Up or Down - May 4, 1:10PM-1:15PM ET",Down,BUY,32.625,0.32,0x1d9e1a8e278b641689e53037325886b29d6a1d13dd0b595932b0f2e31d8ff2f3,2026-05-04 20:12:06,0xcda6ecbf32b7c4605cf6565dca15e2bdb6973f33deaf7bc20d7839b470403ef2,btc-updown-5m-1777914600
"Bitcoin Up or Down - May 4, 1:05PM-1:10PM ET",Down,BUY,211.333332,0.05228706184408241,0x8005fd41d04ade0e6a815c6449e24b6a6569b468736901edc607927e71252819,2026-05-04 20:09:16,0xa0fb10c2d24d158b3300b6d61a8a260d0c88eb0a7ea7cc62fe70b2d5e744a7c0,btc-updown-5m-1777914300
"Bitcoin Up or Down - May 4, 1:05PM-1:10PM ET",Down,BUY,284.693332,0.05620082102941561,0x8005fd41d04ade0e6a815c6449e24b6a6569b468736901edc607927e71252819,2026-05-04 20:09:16,0xe9bc27dca55aae31a4f7cd67814cc6bfb3b5d89ce46a1384b01eac85c457375e,btc-updown-5m-1777914300
"Bitcoin Up or Down - May 4, 1:05PM-1:10PM ET",Down,BUY,271.554,0.040507597015694854,0x8005fd41d04ade0e6a815c6449e24b6a6569b468736901edc607927e71252819,2026-05-04 20:09:14,0x1e051c834671d6af99764b18306bb3eac48cbd0e318da2de6ff5cc63f1446171,btc-updown-5m-1777914300
"Bitcoin Up or Down - May 4, 1:05PM-1:10PM ET",Down,BUY,250,0.04,0x8005fd41d04ade0e6a815c6449e24b6a6569b468736901edc607927e71252819,2026-05-04 20:09:14,0x977b3edcf1d1be3eef5b5e56f976d2e43348e0c266ba2e0e25e970bc09adff17,btc-updown-5m-1777914300
"Bitcoin Up or Down - May 4, 1:05PM-1:10PM ET",Down,BUY,190.344,0.04202916824276048,0x8005fd41d04ade0e6a815c6449e24b6a6569b468736901edc607927e71252819,2026-05-04 20:09:14,0x28133e745304ccc600f14ed93c72afb9f8d124d4c7be548e756d7189a479a985,btc-updown-5m-1777914300
"Bitcoin Up or Down - May 4, 1:05PM-1:10PM ET",Down,BUY,180,0.05,0x8005fd41d04ade0e6a815c6449e24b6a6569b468736901edc607927e71252819,2026-05-04 20:09:14,0x0e1c30e35c9df530381fc5e72c5aa67cddad116cd48724c2790fc0786aaf2bb2,btc-updown-5m-1777914300
"Bitcoin Up or Down - May 4, 1:05PM-1:10PM ET",Down,BUY,258.253332,0.058082499396367906,0x8005fd41d04ade0e6a815c6449e24b6a6569b468736901edc607927e71252819,2026-05-04 20:09:14,0x35816908f3397712834fdd62ec6b48965adce8306368aa08d58a8a9f958e298d,btc-updown-5m-1777914300
"Bitcoin Up or Down - May 4, 1:05PM-1:10PM ET",Down,BUY,328.666665,0.0425963460577908,0x8005fd41d04ade0e6a815c6449e24b6a6569b468736901edc607927e71252819,2026-05-04 20:09:14,0x93cf863fe13d184bc308090024f4580aebf35452507441efcae9341e8dfea820,btc-updown-5m-1777914300
"Bitcoin Up or Down - May 4, 1:05PM-1:10PM ET",Down,BUY,284.601665,0.0421641911335972,0x8005fd41d04ade0e6a815c6449e24b6a6569b468736901edc607927e71252819,2026-05-04 20:09:14,0xa1fbe01da9bd4d8b200e37fc31af982c604800d32be2e60361ca478035c3c03d,btc-updown-5m-1777914300
"Bitcoin Up or Down - May 4, 1:05PM-1:10PM ET",Down,BUY,295.558332,0.043984545832394265,0x8005fd41d04ade0e6a815c6449e24b6a6569b468736901edc607927e71252819,2026-05-04 20:09:14,0x3f46aaec9d8baae99740c5f42cd71efe63d1a0e1f7d7f69e437e6e8bfda015a4,btc-updown-5m-1777914300
"Bitcoin Up or Down - May 4, 1:05PM-1:10PM ET",Down,BUY,140,0.05,0x8005fd41d04ade0e6a815c6449e24b6a6569b468736901edc607927e71252819,2026-05-04 20:09:10,0x3c312dcdbf74809e771f09f02fd6edb96c5e033eaf63b3d17ddb4d1631532ee4,btc-updown-5m-1777914300
"Bitcoin Up or Down - May 4, 1:05PM-1:10PM ET",Down,BUY,125,0.04,0x8005fd41d04ade0e6a815c6449e24b6a6569b468736901edc607927e71252819,2026-05-04 20:09:10,0x24137dafdcd90f402cfad3198a9337b4fa0869e003edacb6961ae861a97bda58,btc-updown-5m-1777914300
"Bitcoin Up or Down - May 4, 1:05PM-1:10PM ET",Down,BUY,120,0.05,0x8005fd41d04ade0e6a815c6449e24b6a6569b468736901edc607927e71252819,2026-05-04 20:09:08,0xcea2914b48114c32ff8935850c379684d5a153f3343a9c74a42d1069df10aa33,btc-updown-5m-1777914300
"Bitcoin Up or Down - May 4, 1:00PM-1:15PM ET",Down,BUY,130.31,0.07,0x385374e79245d59863f7af92405a9cce184b8b604631a1a4fd345758911ca27f,2026-05-04 20:07:16,0xbf4068b2c7a4a4bcf5f9c97b71bc29cb155360abc67d8f432736d3932972f161,btc-updown-15m-1777914000
"Bitcoin Up or Down - May 4, 1:05PM-1:10PM ET",Up,BUY,101.915489,0.5004146033190303,0x8005fd41d04ade0e6a815c6449e24b6a6569b468736901edc607927e71252819,2026-05-04 20:05:50,0x341d25620b10130609f66b2478eacdbdd45f11e4e4f0748e512dfe78c07121dd,btc-updown-5m-1777914300
"Bitcoin Up or Down - May 4, 1:00PM-1:05PM ET",Down,BUY,181.972591,0.25828064952924695,0x877a13db815a4fe177a2f33c1b445612d84d2002764971a84c9921a15d4f6713,2026-05-04 20:02:02,0xfc5f3f30a8afa97d302c9ed2d0d4b254c18e20f1c50c5d44481953d6cc03613a,btc-updown-5m-1777914000
"Bitcoin Up or Down - May 4, 1:00PM-1:05PM ET",Down,BUY,173.814073,0.25314405353126956,0x877a13db815a4fe177a2f33c1b445612d84d2002764971a84c9921a15d4f6713,2026-05-04 20:02:02,0x26c2bed18fac9a9ae5379d3601d8212749d0086770ec013c55114c16577dc53a,btc-updown-5m-1777914000
"Bitcoin Up or Down - May 4, 1:00PM-1:05PM ET",Down,BUY,157.692306,0.25999999644878047,0x877a13db815a4fe177a2f33c1b445612d84d2002764971a84c9921a15d4f6713,2026-05-04 20:02:00,0xc68a626bb0e320d91b038252e28b430ff27d2301a61c76bb0ee2754adf22fe5b,btc-updown-5m-1777914000
"Bitcoin Up or Down - May 4, 1:00PM-1:05PM ET",Down,BUY,176.616295,0.26045161348221013,0x877a13db815a4fe177a2f33c1b445612d84d2002764971a84c9921a15d4f6713,2026-05-04 20:02:00,0x23c39fade750103afb16ce6e4a7ab1b1eec023f45de4ba5cc01218f142816d7d,btc-updown-5m-1777914000
"Bitcoin Up or Down - May 4, 1:00PM-1:05PM ET",Down,BUY,161.53846,0.25999999628571424,0x877a13db815a4fe177a2f33c1b445612d84d2002764971a84c9921a15d4f6713,2026-05-04 20:02:00,0x69ee3292438dcb037653e0f935d64be55f8170754ce03be1ac5ab81f1ffa9c0f,btc-updown-5m-1777914000
"Bitcoin Up or Down - May 4, 1:00PM-1:05PM ET",Up,BUY,100,0.63,0x877a13db815a4fe177a2f33c1b445612d84d2002764971a84c9921a15d4f6713,2026-05-04 20:01:28,0xb5fcaed7c2ac74f1b415a8f14a4cd20a396cf62eeb444e3fab9c34521bab80e3,btc-updown-5m-1777914000
"Bitcoin Up or Down - May 4, 12PM ET",Down,BUY,5,0.79,0x49a3e7910297d02c9f5e4e0529794f80e0d7f62b9cc64579348957c88212c7e7,2026-05-04 19:58:56,0x8e38b28e2cd1327875b3f0799ba51ece6df32bcac1a3147447439738fc4c7558,bitcoin-up-or-down-may-4-2026-12pm-et
"Bitcoin Up or Down - May 4, 12:55PM-1:00PM ET",Up,BUY,100,0.04,0x725731776cd89c27cb29f4707a83ac88a6d8b55ecce301ba0fdedeff93fcad8b,2026-05-04 19:58:20,0xaacae46ffe5c9e3d9a4df17c4e267ad9c45d1665e97a1be150bbb1d59adc42e6,btc-updown-5m-1777913700
"Bitcoin Up or Down - May 4, 12PM ET",Down,BUY,35.363133,0.6631199503731754,0x49a3e7910297d02c9f5e4e0529794f80e0d7f62b9cc64579348957c88212c7e7,2026-05-04 19:58:18,0x78c6c93e488c44e7dfe0c946976608cb5285f8123e2403217034348ed4afd925,bitcoin-up-or-down-may-4-2026-12pm-et
"Bitcoin Up or Down - May 4, 12PM ET",Down,BUY,0.89,0.41,0x49a3e7910297d02c9f5e4e0529794f80e0d7f62b9cc64579348957c88212c7e7,2026-05-04 19:57:44,0xcab5bec2133b88ab99269d2d3beb1440b5e5e2aeaf6289989e4d726b71f5311c,bitcoin-up-or-down-may-4-2026-12pm-et
"Bitcoin Up or Down - May 4, 12:55PM-1:00PM ET",Down,BUY,99.225,0.8,0x725731776cd89c27cb29f4707a83ac88a6d8b55ecce301ba0fdedeff93fcad8b,2026-05-04 19:57:10,0x03661277527d125c33ad8c7a93d0cc7fc36e6c5c10d531b2180637d681a54566,btc-updown-5m-1777913700
"Bitcoin Up or Down - May 4, 12:55PM-1:00PM ET",Down,BUY,100,0.8,0x725731776cd89c27cb29f4707a83ac88a6d8b55ecce301ba0fdedeff93fcad8b,2026-05-04 19:57:10,0xfd09af888c3298b1286cf8dbb90d68454ffcc410373c3b40ad2e56bab34adfe1,btc-updown-5m-1777913700
"Bitcoin Up or Down - May 4, 12:55PM-1:00PM ET",Down,BUY,51.25,0.8,0x725731776cd89c27cb29f4707a83ac88a6d8b55ecce301ba0fdedeff93fcad8b,2026-05-04 19:57:10,0x53f7b44ba9122b7020d7c5d8c8aec48a6c67942df557acb86d9e1cc52d750e7c,btc-updown-5m-1777913700
"Bitcoin Up or Down - May 4, 12PM ET",Up,BUY,76.04,0.58,0x49a3e7910297d02c9f5e4e0529794f80e0d7f62b9cc64579348957c88212c7e7,2026-05-04 19:57:08,0xb04de686e19c97c9525db7e118fcb165c22ddd327e007c1ed35bf3865223205a,bitcoin-up-or-down-may-4-2026-12pm-et
"Bitcoin Up or Down - May 4, 12:55PM-1:00PM ET",Down,BUY,57.4,0.8,0x725731776cd89c27cb29f4707a83ac88a6d8b55ecce301ba0fdedeff93fcad8b,2026-05-04 19:57:08,0x9389eb95a751a181d34c55832838ec973886b289d15c7bbe910589bdf383820b,btc-updown-5m-1777913700
"Bitcoin Up or Down - May 4, 12:55PM-1:00PM ET",Down,BUY,25.3125,0.8,0x725731776cd89c27cb29f4707a83ac88a6d8b55ecce301ba0fdedeff93fcad8b,2026-05-04 19:57:08,0xad4a64b73c913871f0d027e041dd00f490bcc6d310b7f5d6e8283181d17f726f,btc-updown-5m-1777913700
"Bitcoin Up or Down - May 4, 12:55PM-1:00PM ET",Down,BUY,100,0.8,0x725731776cd89c27cb29f4707a83ac88a6d8b55ecce301ba0fdedeff93fcad8b,2026-05-04 19:57:08,0xcc4e97d0d6add2809d5ccae8d5a11072c99f34f765c4aa296f4791ae95bfda42,btc-updown-5m-1777913700
"Bitcoin Up or Down - May 4, 12:55PM-1:00PM ET",Up,BUY,109.523808,0.20999999379130427,0x725731776cd89c27cb29f4707a83ac88a6d8b55ecce301ba0fdedeff93fcad8b,2026-05-04 19:56:58,0x92c7c0eda6c68d3934d8f0e699222062cf1c8b571c6386431a4545254cf92dff,btc-updown-5m-1777913700
"Bitcoin Up or Down - May 4, 12:55PM-1:00PM ET",Down,BUY,15,0.73,0x725731776cd89c27cb29f4707a83ac88a6d8b55ecce301ba0fdedeff93fcad8b,2026-05-04 19:56:54,0x83474cea45e63b4dc958add3b03ac6eb09817298c0eccd5853255f96a9f6f72e,btc-updown-5m-1777913700
"Bitcoin Up or Down - May 4, 12:55PM-1:00PM ET",Down,BUY,102.696484,0.7303073589160073,0x725731776cd89c27cb29f4707a83ac88a6d8b55ecce301ba0fdedeff93fcad8b,2026-05-04 19:56:52,0x7a2dd4fd68c3a9817b8f3b6fe2de04d1ca3101d570cc97895da8ebe01a822bf9,btc-updown-5m-1777913700
"Bitcoin Up or Down - May 4, 12PM ET",Up,BUY,5,0.93,0x49a3e7910297d02c9f5e4e0529794f80e0d7f62b9cc64579348957c88212c7e7,2026-05-04 19:52:42,0x27641f2ad78d6f2627fd390b328d09014dfc18436c5a2417183dd9b73330804f,bitcoin-up-or-down-may-4-2026-12pm-et
"Bitcoin Up or Down - May 4, 12:50PM-12:55PM ET",Up,BUY,57.56,0.33,0xd465d379e2932b8bb232ca02857f9cb8c2ea85bb8db3518188009e2c205689bb,2026-05-04 19:52:06,0x4dfb17b0ac39b18cff28c7f55f3028774768494b1b91d43d8ef7cb321242ef17,btc-updown-5m-1777913400
"Bitcoin Up or Down - May 4, 12PM ET",Up,BUY,75,0.92,0x49a3e7910297d02c9f5e4e0529794f80e0d7f62b9cc64579348957c88212c7e7,2026-05-04 19:52:06,0x1d7422135368a5c30a3edc707dc6b9a89f4f165e3e3c2daf93f9c91e90f9d346,bitcoin-up-or-down-may-4-2026-12pm-et
"Bitcoin Up or Down - May 4, 12PM ET",Up,BUY,200,0.93,0x49a3e7910297d02c9f5e4e0529794f80e0d7f62b9cc64579348957c88212c7e7,2026-05-04 19:52:06,0xcf0c526c8e51248c3fd830c9af2cf131e54f6f95cf4d07e348750b50a65b2680,bitcoin-up-or-down-may-4-2026-12pm-et
"Bitcoin Up or Down - May 4, 12PM ET",Up,BUY,5,0.85,0x49a3e7910297d02c9f5e4e0529794f80e0d7f62b9cc64579348957c88212c7e7,2026-05-04 19:51:46,0x3485d0bd50203a315d2fd89d74f8f9f5154dd13a4c88f3964d0293e9320d35fc,bitcoin-up-or-down-may-4-2026-12pm-et
"Bitcoin Up or Down - May 4, 12:50PM-12:55PM ET",Up,BUY,16.02,0.22,0xd465d379e2932b8bb232ca02857f9cb8c2ea85bb8db3518188009e2c205689bb,2026-05-04 19:51:44,0xcfd57c7160319e41e48d7428c26786266fbe9090208959974afdb95bad24dc11,btc-updown-5m-1777913400
"Bitcoin Up or Down - May 4, 12PM ET",Down,BUY,218.181817,0.2199999966083333,0x49a3e7910297d02c9f5e4e0529794f80e0d7f62b9cc64579348957c88212c7e7,2026-05-04 19:51:40,0x6503b56af191a77ac87fde59c68c8c4af749fc3e22d47a2898253b7d1f0dbc50,bitcoin-up-or-down-may-4-2026-12pm-et
"Bitcoin Up or Down - May 4, 12PM ET",Down,BUY,202.727271,0.21704035566088195,0x49a3e7910297d02c9f5e4e0529794f80e0d7f62b9cc64579348957c88212c7e7,2026-05-04 19:51:40,0xba1dc7de85c1f2abe421ca0879aebd9d4d069e4e7c0e2c9129b5cd7a037dad80,bitcoin-up-or-down-may-4-2026-12pm-et
"Bitcoin Up or Down - May 4, 12:45PM-1:00PM ET",Down,BUY,86,0.89,0xcf5e2a1c23c9f7f1f10b5cbd5359e419c1b35df7af45b0da5dc302b75df6dccd,2026-05-04 19:51:40,0x53d5d3830da263ade4fbf95f1c060442ff9fd86b5ca9a188c304140e924f39d4,btc-updown-15m-1777913100
"Bitcoin Up or Down - May 4, 12PM ET",Down,BUY,200,0.21,0x49a3e7910297d02c9f5e4e0529794f80e0d7f62b9cc64579348957c88212c7e7,2026-05-04 19:51:40,0x8d23c8b30b52ca22701d1f96d13fdbb87195e5aade4e274f8b607b018380081f,bitcoin-up-or-down-may-4-2026-12pm-et
"Bitcoin Up or Down - May 4, 12PM ET",Down,BUY,227.272726,0.21999999683199997,0x49a3e7910297d02c9f5e4e0529794f80e0d7f62b9cc64579348957c88212c7e7,2026-05-04 19:51:40,0x871493d23c6dc7a71c293fddc9c62937cadaec4b0de787843f27caf4936d6cca,bitcoin-up-or-down-may-4-2026-12pm-et
"Bitcoin Up or Down - May 4, 12:50PM-12:55PM ET",Up,BUY,103.686875,0.15431075533909186,0xd465d379e2932b8bb232ca02857f9cb8c2ea85bb8db3518188009e2c205689bb,2026-05-04 19:51:40,0x750c0539c073acc1d79a2b80587ba4f8205a8c2e3c31d6a374160a6583983a08,btc-updown-5m-1777913400
"Bitcoin Up or Down - May 4, 12PM ET",Down,BUY,141.75,0.2,0x49a3e7910297d02c9f5e4e0529794f80e0d7f62b9cc64579348957c88212c7e7,2026-05-04 19:51:40,0x836a259cadda02b40e233f6a13d767ba9b69289fed6f717f9bac6ea4516ff0de,bitcoin-up-or-down-may-4-2026-12pm-et
"Bitcoin Up or Down - May 4, 12PM ET",Down,BUY,40,0.2,0x49a3e7910297d02c9f5e4e0529794f80e0d7f62b9cc64579348957c88212c7e7,2026-05-04 19:51:40,0x6e30e0d6137628df11ea8f367255e4240b84b3142d2704b74f147b25e079b13f,bitcoin-up-or-down-may-4-2026-12pm-et
"Bitcoin Up or Down - May 4, 12PM ET",Down,BUY,209.090908,0.21999999636521736,0x49a3e7910297d02c9f5e4e0529794f80e0d7f62b9cc64579348957c88212c7e7,2026-05-04 19:51:38,0x573bf5b28d7facd993b0e8ebe4258f4a829c9ae22fd987b21375b22e807e99cd,bitcoin-up-or-down-may-4-2026-12pm-et
"Bitcoin Up or Down - May 4, 12:50PM-12:55PM ET",Down,BUY,108.991227,0.5688531151227428,0xd465d379e2932b8bb232ca02857f9cb8c2ea85bb8db3518188009e2c205689bb,2026-05-04 19:51:02,0xe86e3613a3e56e7b7cebead1c9b15dbb32e8d45c6b91d6c59354b5417cb53337,btc-updown-5m-1777913400
"Bitcoin Up or Down - May 4, 12:50PM-12:55PM ET",Down,BUY,107.776139,0.5659879780996794,0xd465d379e2932b8bb232ca02857f9cb8c2ea85bb8db3518188009e2c205689bb,2026-05-04 19:51:02,0x561000c9a2771468dc48532cc49e181ee13a45c82ac74ff2e31fbd0b1faed073,btc-updown-5m-1777913400
"Bitcoin Up or Down - May 4, 12:50PM-12:55PM ET",Down,BUY,103.571427,0.5599999988413793,0xd465d379e2932b8bb232ca02857f9cb8c2ea85bb8db3518188009e2c205689bb,2026-05-04 19:51:02,0x424a1c179e4d1757fed8cb24163bec665955b239d4f4b07159fea1f11a8d8054,btc-updown-5m-1777913400
"Bitcoin Up or Down - May 4, 12:50PM-12:55PM ET",Down,BUY,105.357141,0.5599999908881355,0xd465d379e2932b8bb232ca02857f9cb8c2ea85bb8db3518188009e2c205689bb,2026-05-04 19:51:02,0x9a81ed1bdbe163b4e3009db7dc7d6553582f5341f4cd4f69eb32a060d3f19f1e,btc-updown-5m-1777913400
"Bitcoin Up or Down - May 4, 12:45PM-1:00PM ET",Down,BUY,138.14,0.72,0xcf5e2a1c23c9f7f1f10b5cbd5359e419c1b35df7af45b0da5dc302b75df6dccd,2026-05-04 19:51:02,0xc1b8eaf3d0c94e9bca5f228208bf45ca6e03fd878e5a8f9e42c381e539e5995b,btc-updown-15m-1777913100
"Bitcoin Up or Down - May 4, 12:45PM-1:00PM ET",Up,BUY,221,0.2986425339366516,0xcf5e2a1c23c9f7f1f10b5cbd5359e419c1b35df7af45b0da5dc302b75df6dccd,2026-05-04 19:51:00,0x89b002251fd1f76615f764b615ec791acf4982e816b18a9fc933493b804c771b,btc-updown-15m-1777913100
"Bitcoin Up or Down - May 4, 12:50PM-12:55PM ET",Up,BUY,116.279068,0.42999999793599997,0xd465d379e2932b8bb232ca02857f9cb8c2ea85bb8db3518188009e2c205689bb,2026-05-04 19:51:00,0x627c90ce054b69a96cc7d421d5041717bf82ba5e141e51b57df64c540a28c3da,btc-updown-5m-1777913400
"Bitcoin Up or Down - May 4, 12:45PM-1:00PM ET",Up,BUY,219.354837,0.30999999785735294,0xcf5e2a1c23c9f7f1f10b5cbd5359e419c1b35df7af45b0da5dc302b75df6dccd,2026-05-04 19:51:00,0x30157716f403411242ac3c3a22d4b9efadfcfeba99a4b78fac97512c7c391088,btc-updown-15m-1777913100
"Bitcoin Up or Down - May 4, 12:50PM-12:55PM ET",Up,BUY,106.976743,0.4299999954195652,0xd465d379e2932b8bb232ca02857f9cb8c2ea85bb8db3518188009e2c205689bb,2026-05-04 19:51:00,0x2001bd0b2a94ce2a5fcac9539f3dff7e4314673ba19e9c832217f2710cbf33cc,btc-updown-5m-1777913400
"Bitcoin Up or Down - May 4, 12:45PM-1:00PM ET",Up,BUY,221.605861,0.28880102137731817,0xcf5e2a1c23c9f7f1f10b5cbd5359e419c1b35df7af45b0da5dc302b75df6dccd,2026-05-04 19:51:00,0xa748008f3039963d10100f18f75e0f54f4fd615b014a8d6b4efc389949e5eb91,btc-updown-15m-1777913100
"Bitcoin Up or Down - May 4, 12:50PM-12:55PM ET",Down,BUY,105.263155,0.5699999966749999,0xd465d379e2932b8bb232ca02857f9cb8c2ea85bb8db3518188009e2c205689bb,2026-05-04 19:51:00,0x762e58c3faec20db702ca75d987233c090d904292044c5cce26c4cfac876a99a,btc-updown-5m-1777913400
"Bitcoin Up or Down - May 4, 12:50PM-12:55PM ET",Down,BUY,100,0.57,0xd465d379e2932b8bb232ca02857f9cb8c2ea85bb8db3518188009e2c205689bb,2026-05-04 19:51:00,0x859c93032f8aeffb03b5a210f079c099cb1a8a12f500773a0ccca0de7c02c88c,btc-updown-5m-1777913400
"Bitcoin Up or Down - May 4, 12:50PM-12:55PM ET",Up,BUY,111.627905,0.42999999865625,0xd465d379e2932b8bb232ca02857f9cb8c2ea85bb8db3518188009e2c205689bb,2026-05-04 19:50:58,0x03bf87768c2105a163e29d3b1c903ae870b58ff63490537e9d8386926b9d7ddf,btc-updown-5m-1777913400
"Bitcoin Up or Down - May 4, 12:45PM-1:00PM ET",Up,BUY,223.230713,0.2777395554884959,0xcf5e2a1c23c9f7f1f10b5cbd5359e419c1b35df7af45b0da5dc302b75df6dccd,2026-05-04 19:50:58,0x06eb13081cbc88670375d869bb060d5eb5eccd772b561c614ed6206bd2fa255b,btc-updown-15m-1777913100
"Bitcoin Up or Down - May 4, 12:50PM-12:55PM ET",Up,BUY,118.60465,0.4299999957843137,0xd465d379e2932b8bb232ca02857f9cb8c2ea85bb8db3518188009e2c205689bb,2026-05-04 19:50:58,0x5ef4a91d8647b3b218c93798b63e0609c59f7c1eb83e71cddbf9ac21558489a2,btc-updown-5m-1777913400
"Bitcoin Up or Down - May 4, 12:50PM-12:55PM ET",Up,BUY,104.651161,0.4299999978022222,0xd465d379e2932b8bb232ca02857f9cb8c2ea85bb8db3518188009e2c205689bb,2026-05-04 19:50:58,0x2890c26f59f10c0acb646ba455836e19fd820f18c47c922bf214c02394d77b6a,btc-updown-5m-1777913400
"Bitcoin Up or Down - May 4, 12:50PM-12:55PM ET",Up,BUY,113.953487,0.4299999964020408,0xd465d379e2932b8bb232ca02857f9cb8c2ea85bb8db3518188009e2c205689bb,2026-05-04 19:50:58,0xb5a05e5e3727fc02c192d72feeff03f64ff398397b79d9f680c17dd01b5fde15,btc-updown-5m-1777913400
"Bitcoin Up or Down - May 4, 12:50PM-12:55PM ET",Up,BUY,109.302324,0.4299999970723404,0xd465d379e2932b8bb232ca02857f9cb8c2ea85bb8db3518188009e2c205689bb,2026-05-04 19:50:58,0x617b5e90803a5b597bcbfd3aa2b9d515d7dfdfefa71983cc56ae123830c43b63,btc-updown-5m-1777913400
"Bitcoin Up or Down - May 4, 12:45PM-12:50PM ET",Down,BUY,95.8,0.5483068893528183,0xae76aad78ac45adc1b89a80aec367c2c333b56ed1f7289fe86255dc45baa7855,2026-05-04 19:47:52,0x78df384e24f3f6dc5ab9adfa4d1152aa26770de8eac08ccf568f3e2c821987bb,btc-updown-5m-1777913100
"Bitcoin Up or Down - May 4, 12:45PM-12:50PM ET",Up,BUY,7.24,0.4,0xae76aad78ac45adc1b89a80aec367c2c333b56ed1f7289fe86255dc45baa7855,2026-05-04 19:46:06,0x140af46c2b6df5dd16f0f5b9ccadee96bbb6303206d311251cb6564c72c61493,btc-updown-5m-1777913100
"Bitcoin Up or Down - May 4, 12:45PM-12:50PM ET",Down,BUY,100,0.54,0xae76aad78ac45adc1b89a80aec367c2c333b56ed1f7289fe86255dc45baa7855,2026-05-04 19:45:50,0x3ac928de644b04f403ececc94a3bd46629beed37ac82f72d776cdec6faeedc05,btc-updown-5m-1777913100
"Bitcoin Up or Down - May 4, 12:45PM-12:50PM ET",Down,BUY,102.289073,0.53769183146278,0xae76aad78ac45adc1b89a80aec367c2c333b56ed1f7289fe86255dc45baa7855,2026-05-04 19:45:50,0x45a2795c703b2cf7c2ec6ec9abf18345f7528ae1f461d0c3a089491a7fe179fa,btc-updown-5m-1777913100
"Bitcoin Up or Down - May 4, 12PM ET",Down,BUY,24.39,0.122050020500205,0x49a3e7910297d02c9f5e4e0529794f80e0d7f62b9cc64579348957c88212c7e7,2026-05-04 19:45:10,0x01af17df4f48a210a4568d887e4e38d9336e945356e184c2e18c9395ff958316,bitcoin-up-or-down-may-4-2026-12pm-et
"Bitcoin Up or Down - May 4, 12PM ET",Down,BUY,19,0.12,0x49a3e7910297d02c9f5e4e0529794f80e0d7f62b9cc64579348957c88212c7e7,2026-05-04 19:45:10,0x3536a0d36c640222a6f59eebd10350272d9217fe33dc4838b5aae81bfe850d20,bitcoin-up-or-down-may-4-2026-12pm-et
"Bitcoin Up or Down - May 4, 12PM ET",Up,BUY,200,0.9,0x49a3e7910297d02c9f5e4e0529794f80e0d7f62b9cc64579348957c88212c7e7,2026-05-04 19:44:26,0xa1d611aca819c7e9aace0a8c994244c50441dca0e56e770cb7e910c23b6008fa,bitcoin-up-or-down-may-4-2026-12pm-et
"Bitcoin Up or Down - May 4, 12:40PM-12:45PM ET",Down,BUY,36.76,0.26,0xb9a63e5c35b18bcd55d86bda87160df4781dba2f53488769f61bd27bd5b3a374,2026-05-04 19:44:12,0xf83cf7c86bb98be0a6e96c2e3154a56d75754fa28e17dd5f31637f6c72ead903,btc-updown-5m-1777912800
"Bitcoin Up or Down - May 4, 12:40PM-12:45PM ET",Down,BUY,148.153845,0.25649013024265416,0xb9a63e5c35b18bcd55d86bda87160df4781dba2f53488769f61bd27bd5b3a374,2026-05-04 19:44:08,0x7eb41b523e64f27f4d6bd36bab37b7bd25d545781ed466fb53d090dbc18463b0,btc-updown-5m-1777912800
"Bitcoin Up or Down - May 4, 12:40PM-12:45PM ET",Down,BUY,69.205881,0.33812153912179804,0xb9a63e5c35b18bcd55d86bda87160df4781dba2f53488769f61bd27bd5b3a374,2026-05-04 19:44:08,0x3520f49ec5b5f777a2b521c414d2ff80138cf94996acb765fc60c5339b3513d4,btc-updown-5m-1777912800
"Bitcoin Up or Down - May 4, 12:40PM-12:45PM ET",Down,BUY,126.35625,0.29282287184053024,0xb9a63e5c35b18bcd55d86bda87160df4781dba2f53488769f61bd27bd5b3a374,2026-05-04 19:44:08,0xe3d04b3edbd0a42706febea405318015c6ad78aecc6ca5dc5807e164a9ccc009,btc-updown-5m-1777912800
"Bitcoin Up or Down - May 4, 12:40PM-12:45PM ET",Down,BUY,100,0.35,0xb9a63e5c35b18bcd55d86bda87160df4781dba2f53488769f61bd27bd5b3a374,2026-05-04 19:44:06,0xfa05a0bd7d3799358f2a7170f78f105014290af3744e0772e6ae0d5c22fcf3a5,btc-updown-5m-1777912800
"Bitcoin Up or Down - May 4, 12:40PM-12:45PM ET",Down,BUY,36.89189,0.36999999186813143,0xb9a63e5c35b18bcd55d86bda87160df4781dba2f53488769f61bd27bd5b3a374,2026-05-04 19:44:00,0xde4be49624bcb91597db434e30131551461da7e04024053716934a164dcc48e9,btc-updown-5m-1777912800
"Bitcoin Up or Down - May 4, 12:40PM-12:45PM ET",Up,BUY,5,0.65,0xb9a63e5c35b18bcd55d86bda87160df4781dba2f53488769f61bd27bd5b3a374,2026-05-04 19:44:00,0x14e03f94073e389bdbba6b60a839417ca5b9c89a0c71c65df3c0baf4a73c5dbe,btc-updown-5m-1777912800
"Bitcoin Up or Down - May 4, 12:40PM-12:45PM ET",Down,BUY,109.001314,0.3761422454044912,0xb9a63e5c35b18bcd55d86bda87160df4781dba2f53488769f61bd27bd5b3a374,2026-05-04 19:44:00,0x569b42daf07a059db7bf8353c8090de55ccbdbeae469e0efa121121ac54705ab,btc-updown-5m-1777912800
"Bitcoin Up or Down - May 4, 12:40PM-12:45PM ET",Down,BUY,10.810809,0.36999996947499486,0xb9a63e5c35b18bcd55d86bda87160df4781dba2f53488769f61bd27bd5b3a374,2026-05-04 19:44:00,0x2564380c95f548f211af00f5546dd210f3b3c711f53cf2faa741e02a2ab2204a,btc-updown-5m-1777912800
"Bitcoin Up or Down - May 4, 12:40PM-12:45PM ET",Down,BUY,100.56,0.37788385043754974,0xb9a63e5c35b18bcd55d86bda87160df4781dba2f53488769f61bd27bd5b3a374,2026-05-04 19:44:00,0xdac283eb3e52d405df46491d5a1c4b10b1c9fc66d18e287d15d74d4833f2ece4,btc-updown-5m-1777912800
"Bitcoin Up or Down - May 4, 12:40PM-12:45PM ET",Down,BUY,113.945525,0.368597178344652,0xb9a63e5c35b18bcd55d86bda87160df4781dba2f53488769f61bd27bd5b3a374,2026-05-04 19:44:00,0xa33a663e2f686ba9c34f6ab40bade9c86c11bcdb13cd5911fc674017a375fb12,btc-updown-5m-1777912800
"Bitcoin Up or Down - May 4, 12:40PM-12:45PM ET",Up,BUY,106.21953,0.6213546510702881,0xb9a63e5c35b18bcd55d86bda87160df4781dba2f53488769f61bd27bd5b3a374,2026-05-04 19:43:56,0x893d1079e5fd3065d1749890929fc99672c83b3fd7304cb76e879f06c54787d7,btc-updown-5m-1777912800
"Bitcoin Up or Down - May 4, 12:40PM-12:45PM ET",Up,BUY,102.809676,0.6127827793173865,0xb9a63e5c35b18bcd55d86bda87160df4781dba2f53488769f61bd27bd5b3a374,2026-05-04 19:43:56,0xbe511e9d8d30034904181c5e6ce61cab52439d09466e818ca4ab78a8983538e2,btc-updown-5m-1777912800
"Bitcoin Up or Down - May 4, 12:40PM-12:45PM ET",Up,BUY,101.083332,0.5935696599316691,0xb9a63e5c35b18bcd55d86bda87160df4781dba2f53488769f61bd27bd5b3a374,2026-05-04 19:43:56,0x098f85d090d8b49efb27df456ff5fce140e22f8ecb4004266939f967516bc07a,btc-updown-5m-1777912800
"Bitcoin Up or Down - May 4, 12:40PM-12:45PM ET",Up,BUY,91.93,0.6295442184270641,0xb9a63e5c35b18bcd55d86bda87160df4781dba2f53488769f61bd27bd5b3a374,2026-05-04 19:43:56,0xe7e41fd03fedb7e222bbf8d710522cf4afd9ab07dbec01be7ec6483f3b21add1,btc-updown-5m-1777912800
"Bitcoin Up or Down - May 4, 12PM ET",Up,BUY,200,0.9,0x49a3e7910297d02c9f5e4e0529794f80e0d7f62b9cc64579348957c88212c7e7,2026-05-04 19:43:54,0xb2d698b0bc88b18c57b7d6c758a8fced453732294bb293f682b49850ff1bcb1f,bitcoin-up-or-down-may-4-2026-12pm-et
"Bitcoin Up or Down - May 4, 12:40PM-12:45PM ET",Up,BUY,5,0.58,0xb9a63e5c35b18bcd55d86bda87160df4781dba2f53488769f61bd27bd5b3a374,2026-05-04 19:43:54,0xb78555bc6510df8822bbdc1e7e9aa55ea0987d53305dce8b107b4572fe0ef476,btc-updown-5m-1777912800
"Bitcoin Up or Down - May 4, 12:40PM-12:45PM ET",Up,BUY,18.89,0.57,0xb9a63e5c35b18bcd55d86bda87160df4781dba2f53488769f61bd27bd5b3a374,2026-05-04 19:43:54,0xf04cb53583e2aeac0fbafb90b4cd6a03c2f9b25826976eb2f883f06126fee185,btc-updown-5m-1777912800
"Bitcoin Up or Down - May 4, 12:40PM-12:45PM ET",Up,BUY,100.15306,0.489251142201746,0xb9a63e5c35b18bcd55d86bda87160df4781dba2f53488769f61bd27bd5b3a374,2026-05-04 19:43:28,0xd08d121f5b128510cd67c94ab11fb902d4e745d76afe7fc1bda846d5e95844b4,btc-updown-5m-1777912800
"Bitcoin Up or Down - May 4, 12:40PM-12:45PM ET",Up,BUY,102.040815,0.48999999656999993,0xb9a63e5c35b18bcd55d86bda87160df4781dba2f53488769f61bd27bd5b3a374,2026-05-04 19:43:24,0x685ed7b5d10c2ea78c84e5c8e60736460388d3d4bc5055412bbec7fd371a6372,btc-updown-5m-1777912800
"Bitcoin Up or Down - May 4, 12:40PM-12:45PM ET",Up,BUY,104.081631,0.4899999981745098,0xb9a63e5c35b18bcd55d86bda87160df4781dba2f53488769f61bd27bd5b3a374,2026-05-04 19:43:24,0x1b3e673a216a9e37ee60453412f63404c3750ae9133f14ebab1c0fac0fcf4a2c,btc-updown-5m-1777912800
"Bitcoin Up or Down - May 4, 12:30PM-12:45PM ET",Down,BUY,232.609676,0.2751390230215531,0x549fe5c7d1a1e09e8cca0abcedbca21c8824115ce6c0aa0a9b616c4a8304a71e,2026-05-04 19:43:18,0x8200d04fd0cfd45f4809b61ad4d4b8d5f58f45d56bef46b4fc5e602099a3b424,btc-updown-15m-1777912200
"Bitcoin Up or Down - May 4, 12:40PM-12:45PM ET",Down,BUY,68.75,0.52,0xb9a63e5c35b18bcd55d86bda87160df4781dba2f53488769f61bd27bd5b3a374,2026-05-04 19:43:18,0xfe340c77a9d922203e589618445f32090346a3a78a39dd19570e79af1e950342,btc-updown-5m-1777912800
"Bitcoin Up or Down - May 4, 12:40PM-12:45PM ET",Down,BUY,100,0.52,0xb9a63e5c35b18bcd55d86bda87160df4781dba2f53488769f61bd27bd5b3a374,2026-05-04 19:43:16,0xd420e89c5d74956756de72a51897059f91fbf0255b5ece27f69bf93826525618,btc-updown-5m-1777912800
"Bitcoin Up or Down - May 4, 12:30PM-12:45PM ET",Down,BUY,202.064443,0.2546712238728711,0x549fe5c7d1a1e09e8cca0abcedbca21c8824115ce6c0aa0a9b616c4a8304a71e,2026-05-04 19:43:16,0x218aaad41d510197221dbd249fc22443010a26c4d43b04ba48b397fcab726ba6,btc-updown-15m-1777912200
"Bitcoin Up or Down - May 4, 12:40PM-12:45PM ET",Down,BUY,101.886791,0.5299999977425925,0xb9a63e5c35b18bcd55d86bda87160df4781dba2f53488769f61bd27bd5b3a374,2026-05-04 19:43:16,0x7153e25603a02c25d71cc97398bbf7052000c104441643b0ae5015174e160595,btc-updown-5m-1777912800
"Bitcoin Up or Down - May 4, 12:30PM-12:45PM ET",Down,BUY,162.8,0.25061425061425063,0x549fe5c7d1a1e09e8cca0abcedbca21c8824115ce6c0aa0a9b616c4a8304a71e,2026-05-04 19:43:14,0x03a38debba293e27acc4199d13b000135ff8e858c23c762eb3ec13c72df89d76,btc-updown-15m-1777912200
"Bitcoin Up or Down - May 4, 12:40PM-12:45PM ET",Down,BUY,107.803147,0.5380176795766454,0xb9a63e5c35b18bcd55d86bda87160df4781dba2f53488769f61bd27bd5b3a374,2026-05-04 19:43:12,0xffcae7ec4cb48ec6b7d1b168de097b60506cf0697678f91664c6d9ad6cf79158,btc-updown-5m-1777912800
"Bitcoin Up or Down - May 4, 12:30PM-12:45PM ET",Down,BUY,136.5,0.27402930402930403,0x549fe5c7d1a1e09e8cca0abcedbca21c8824115ce6c0aa0a9b616c4a8304a71e,2026-05-04 19:43:08,0x639786f69629167233ca8088c8b31134225d93b61252adae812772e4d22ed82f,btc-updown-15m-1777912200
"Bitcoin Up or Down - May 4, 12:40PM-12:45PM ET",Down,BUY,63.37,0.54,0xb9a63e5c35b18bcd55d86bda87160df4781dba2f53488769f61bd27bd5b3a374,2026-05-04 19:43:08,0xd35e601f824560c973aaeaf8bde594d41d73db2332ae69b7045517eb32bffdd0,btc-updown-5m-1777912800
"Bitcoin Up or Down - May 4, 12:30PM-12:45PM ET",Down,BUY,68.764826,0.2879378913865062,0x549fe5c7d1a1e09e8cca0abcedbca21c8824115ce6c0aa0a9b616c4a8304a71e,2026-05-04 19:43:08,0x2dfa657caf26e9688b57a54f84230e99639397d3c2bf072967a928f0b00b7f3a,btc-updown-15m-1777912200
"Bitcoin Up or Down - May 4, 12:30PM-12:45PM ET",Down,BUY,10,0.28,0x549fe5c7d1a1e09e8cca0abcedbca21c8824115ce6c0aa0a9b616c4a8304a71e,2026-05-04 19:43:04,0x86eb221e92f869e58e4c0417f301e4a37b84a929d7c8888a8b160c2baff68156,btc-updown-15m-1777912200
"Bitcoin Up or Down - May 4, 12:30PM-12:45PM ET",Down,BUY,72.5,0.28,0x549fe5c7d1a1e09e8cca0abcedbca21c8824115ce6c0aa0a9b616c4a8304a71e,2026-05-04 19:42:38,0xf75e3270aa844956cc0c4519498dcc13e37b4791ba370cae149f8af1c80b7995,btc-updown-15m-1777912200
"Bitcoin Up or Down - May 4, 12:30PM-12:45PM ET",Down,BUY,5,0.27,0x549fe5c7d1a1e09e8cca0abcedbca21c8824115ce6c0aa0a9b616c4a8304a71e,2026-05-04 19:42:36,0x36d6c23b13180315d4e348b6ec3eaeeeb816547b9927a7d3be9e3334fac21602,btc-updown-15m-1777912200
"Bitcoin Up or Down - May 4, 12:30PM-12:45PM ET",Down,BUY,32.61,0.27153327200245325,0x549fe5c7d1a1e09e8cca0abcedbca21c8824115ce6c0aa0a9b616c4a8304a71e,2026-05-04 19:42:36,0x3518bb87d0f235e45149946da86fac558bf5e0e7274f8f91015bba7ec7506fc5,btc-updown-15m-1777912200
"Bitcoin Up or Down - May 4, 12:30PM-12:45PM ET",Down,BUY,31.48,0.26,0x549fe5c7d1a1e09e8cca0abcedbca21c8824115ce6c0aa0a9b616c4a8304a71e,2026-05-04 19:42:36,0x158c949dcb0ce46c0827797c1fbb899c05b5dc12a7b6f5d1894780cf5e6ecab4,btc-updown-15m-1777912200
"Bitcoin Up or Down - May 4, 12:30PM-12:45PM ET",Down,BUY,5,0.34,0x549fe5c7d1a1e09e8cca0abcedbca21c8824115ce6c0aa0a9b616c4a8304a71e,2026-05-04 19:42:12,0xeca74989d99562fd580f1ff74cc35b796258be809f36b036cec00bef37bdb163,btc-updown-15m-1777912200
"Bitcoin Up or Down - May 4, 12:30PM-12:45PM ET",Up,BUY,60,0.6,0x549fe5c7d1a1e09e8cca0abcedbca21c8824115ce6c0aa0a9b616c4a8304a71e,2026-05-04 19:39:24,0x4b5132817bf34c15e8128b1f79a84c66de339bdec80a56df8a38ec6696a3ba61,btc-updown-15m-1777912200
"Bitcoin Up or Down - May 4, 12:35PM-12:40PM ET",Down,BUY,109.302324,0.4299999970723404,0xd9a198fe19cc58a4d72c1f4e28dd53b3d9fc12519ab33f6952c8eaa9343857b4,2026-05-04 19:39:22,0xcdeb7006dc94ed09b63a1f642c16ee3cdb1e92bed93abbd44b5d40006faa75c7,btc-updown-5m-1777912500
"Bitcoin Up or Down - May 4, 12:35PM-12:40PM ET",Down,BUY,140,0.3,0xd9a198fe19cc58a4d72c1f4e28dd53b3d9fc12519ab33f6952c8eaa9343857b4,2026-05-04 19:37:52,0x19978847232949e858ad2e436d7e54dfcbb1513b0e77376e946212b0be13d8da,btc-updown-5m-1777912500
"Bitcoin Up or Down - May 4, 12:35PM-12:40PM ET",Down,BUY,102.272726,0.4399999956977777,0xd9a198fe19cc58a4d72c1f4e28dd53b3d9fc12519ab33f6952c8eaa9343857b4,2026-05-04 19:37:44,0xb80be4839d57744fa77c39b3c37d5bc048a0f6ef8d28bddc07bab9fee6641eb5,btc-updown-5m-1777912500
"Bitcoin Up or Down - May 4, 12PM ET",Down,BUY,5,0.14,0x49a3e7910297d02c9f5e4e0529794f80e0d7f62b9cc64579348957c88212c7e7,2026-05-04 19:36:56,0xc221c42a33abc3111aa0edeafcab276d384b7ac1393e8292f208d2c8213b1816,bitcoin-up-or-down-may-4-2026-12pm-et
"Bitcoin Up or Down - May 4, 12PM ET",Up,BUY,118.23,0.83,0x49a3e7910297d02c9f5e4e0529794f80e0d7f62b9cc64579348957c88212c7e7,2026-05-04 19:36:26,0x5540d57c0796065504a39ea1b1d8f4e098bb1859288ad3a69ff8bed9c14bfa7b,bitcoin-up-or-down-may-4-2026-12pm-et
"Bitcoin Up or Down - May 4, 12:30PM-12:45PM ET",Up,BUY,133.08,0.57,0x549fe5c7d1a1e09e8cca0abcedbca21c8824115ce6c0aa0a9b616c4a8304a71e,2026-05-04 19:35:06,0x2111555736da51f19bc6a16f4254e73be298cc0a7f6adc5e2c4371dd8bb3ce0c,btc-updown-15m-1777912200
"Bitcoin Up or Down - May 4, 12:30PM-12:35PM ET",Down,BUY,102.857141,0.34999999659722214,0x622e762e7c44f72499a95ecf116bfa4d23aaad1e369c65505002614618995133,2026-05-04 19:34:34,0xbd870eda0f0d55739089d0ee2ad9fcab0dfd28744492f6b24e8a6cbed4750101,btc-updown-5m-1777912200
"Bitcoin Up or Down - May 4, 12:30PM-12:35PM ET",Down,BUY,17,0.42,0x622e762e7c44f72499a95ecf116bfa4d23aaad1e369c65505002614618995133,2026-05-04 19:34:32,0x340045f2f823cd0a0927a31ff35cc4c7ca3e041256894d64e3085cdd7f0ad6cf,btc-updown-5m-1777912200
"Bitcoin Up or Down - May 4, 12:30PM-12:35PM ET",Down,BUY,29.690475,0.4199999831595823,0x622e762e7c44f72499a95ecf116bfa4d23aaad1e369c65505002614618995133,2026-05-04 19:34:32,0x1a9cb451cba282e783fde92486070ae3964fb9341a9c5295238dfa7bf7483104,btc-updown-5m-1777912200
"Bitcoin Up or Down - May 4, 12:30PM-12:35PM ET",Down,BUY,15,0.49,0x622e762e7c44f72499a95ecf116bfa4d23aaad1e369c65505002614618995133,2026-05-04 19:34:26,0xb28aa844c90cb4a22f60d6f5508dadcf305c0205a47d38a70bd460cfd09d1968,btc-updown-5m-1777912200
"Bitcoin Up or Down - May 4, 12:30PM-12:35PM ET",Down,BUY,26.646189,0.41281696981133026,0x622e762e7c44f72499a95ecf116bfa4d23aaad1e369c65505002614618995133,2026-05-04 19:34:24,0x520a2179901c7c07f2c7cc8ca3c2b39100a6d584c9e03416e540eec951108493,btc-updown-5m-1777912200
"Bitcoin Up or Down - May 4, 12:30PM-12:35PM ET",Down,BUY,5.340908,0.42127649455860317,0x622e762e7c44f72499a95ecf116bfa4d23aaad1e369c65505002614618995133,2026-05-04 19:34:24,0x16f9c3fa6de40f3c66e852cafd94e93cf545eccd39fe016d6cdc113c426699a9,btc-updown-5m-1777912200
"Bitcoin Up or Down - May 4, 12:30PM-12:35PM ET",Down,BUY,4.097559,0.40999995363093,0x622e762e7c44f72499a95ecf116bfa4d23aaad1e369c65505002614618995133,2026-05-04 19:34:20,0x8474ba2406f749eb209a435f7a8404506a4831367d8a566a2fc61d328a58c62f,btc-updown-5m-1777912200
"Bitcoin Up or Down - May 4, 12:30PM-12:35PM ET",Down,BUY,103.846152,0.5199999996148148,0x622e762e7c44f72499a95ecf116bfa4d23aaad1e369c65505002614618995133,2026-05-04 19:34:08,0xf5ce08843799cdb2094847955b5a84374678413c30f5db19ae4a5388b16dd845,btc-updown-5m-1777912200
"Bitcoin Up or Down - May 4, 12:30PM-12:35PM ET",Down,BUY,124.13854,0.4511088901158335,0x622e762e7c44f72499a95ecf116bfa4d23aaad1e369c65505002614618995133,2026-05-04 19:34:06,0xde4d844f60d455a9a2bad627731e41ab7db3e19ee00e5e5384005dbad8ff0e99,btc-updown-5m-1777912200
"Bitcoin Up or Down - May 4, 12:30PM-12:35PM ET",Up,BUY,100.975608,0.4060386445011552,0x622e762e7c44f72499a95ecf116bfa4d23aaad1e369c65505002614618995133,2026-05-04 19:34:00,0xce47f5c9303cbfeb3f44a242e2d1422ae753a694e7a02e584ba5e6ecf4c8b3aa,btc-updown-5m-1777912200
"Bitcoin Up or Down - May 4, 12:30PM-12:35PM ET",Up,BUY,108.3415,0.3968931572850662,0x622e762e7c44f72499a95ecf116bfa4d23aaad1e369c65505002614618995133,2026-05-04 19:34:00,0x443d75d637470568b6c391fcc8c71a6783fadc4ee4b2f6063d75504c1eca5152,btc-updown-5m-1777912200
"Bitcoin Up or Down - May 4, 12:30PM-12:35PM ET",Down,BUY,50.819671,0.6099999938999998,0x622e762e7c44f72499a95ecf116bfa4d23aaad1e369c65505002614618995133,2026-05-04 19:34:00,0x74248951fb54497158133a765c7f0bd839b7e1d3d1124b067a58d7bc1ece5c41,btc-updown-5m-1777912200
"Bitcoin Up or Down - May 4, 12:30PM-12:35PM ET",Down,BUY,84,0.61,0x622e762e7c44f72499a95ecf116bfa4d23aaad1e369c65505002614618995133,2026-05-04 19:34:00,0xd4a228ea1dde9d12c42561db2b80c6003d0ebf1b0869553121ab9832e2afade6,btc-updown-5m-1777912200
"Bitcoin Up or Down - May 4, 12:30PM-12:35PM ET",Up,BUY,105.67487,0.37851950042616567,0x622e762e7c44f72499a95ecf116bfa4d23aaad1e369c65505002614618995133,2026-05-04 19:33:58,0x2c59e65f6552e73be73c831e4758a8cd92f6f024a8f9d59d4c754ed94db860a3,btc-updown-5m-1777912200
"Bitcoin Up or Down - May 4, 12:30PM-12:35PM ET",Up,BUY,110.873887,0.3427317290679996,0x622e762e7c44f72499a95ecf116bfa4d23aaad1e369c65505002614618995133,2026-05-04 19:33:56,0xb5f7ccdea0289772814a8ea9af1bf9ea196bcdfc848266b02643ef041970911f,btc-updown-5m-1777912200
"Bitcoin Up or Down - May 4, 12:30PM-12:35PM ET",Up,BUY,108.333332,0.3599999951999999,0x622e762e7c44f72499a95ecf116bfa4d23aaad1e369c65505002614618995133,2026-05-04 19:33:56,0x4b9f6c32dc445a2bdf4f24982bd3ef6cbc9c44a93039bb77764e60b76e0f3a30,btc-updown-5m-1777912200
"Bitcoin Up or Down - May 4, 12:30PM-12:35PM ET",Up,BUY,102.684593,0.36032668503638127,0x622e762e7c44f72499a95ecf116bfa4d23aaad1e369c65505002614618995133,2026-05-04 19:33:56,0xcd30813796f2cbd368bca26458a79ad10e98e00584c5c17ea06be340d65704d3,btc-updown-5m-1777912200
"Bitcoin Up or Down - May 4, 12:30PM-12:35PM ET",Up,BUY,105.882351,0.3399999967888888,0x622e762e7c44f72499a95ecf116bfa4d23aaad1e369c65505002614618995133,2026-05-04 19:33:54,0x555a52a77d37197e3ba3f367959abae10cfb96adf2c0824ca3fe0327bb1c2cfe,btc-updown-5m-1777912200
"Bitcoin Up or Down - May 4, 12:30PM-12:35PM ET",Up,BUY,102.941175,0.33999999514285706,0x622e762e7c44f72499a95ecf116bfa4d23aaad1e369c65505002614618995133,2026-05-04 19:33:54,0x70239d2c019486df200aa608ea4ef1769a1dea3b8c3f0cd1f08fe73f549479aa,btc-updown-5m-1777912200
"Bitcoin Up or Down - May 4, 12:30PM-12:35PM ET",Up,BUY,100.238094,0.41900237049599126,0x622e762e7c44f72499a95ecf116bfa4d23aaad1e369c65505002614618995133,2026-05-04 19:33:54,0xeafd0259f561ac65c697d9773052466cbfae7073c0ad8caf584dfcf7ea869478,btc-updown-5m-1777912200
"Bitcoin Up or Down - May 4, 12:30PM-12:35PM ET",Up,BUY,34.07,0.5,0x622e762e7c44f72499a95ecf116bfa4d23aaad1e369c65505002614618995133,2026-05-04 19:32:46,0x9e1c253948d2541b9f365bcfaeeff93a71541fdeae9496b8555a2fdc3a17a672,btc-updown-5m-1777912200
"Bitcoin Up or Down - May 4, 12:30PM-12:35PM ET",Down,BUY,111.474544,0.4305915707535884,0x622e762e7c44f72499a95ecf116bfa4d23aaad1e369c65505002614618995133,2026-05-04 19:32:22,0x52bbba41f3b2477609db23c5bdf67345f0116aaba0025bc275c874d2e1838bb2,btc-updown-5m-1777912200
"Bitcoin Up or Down - May 4, 12:30PM-12:35PM ET",Down,BUY,106.81818,0.43999999812765955,0x622e762e7c44f72499a95ecf116bfa4d23aaad1e369c65505002614618995133,2026-05-04 19:32:20,0x8e56f78316833426217ac03984cea60d8a588ad51aca7c1a0117b70d0599740a,btc-updown-5m-1777912200
"Bitcoin Up or Down - May 4, 12:30PM-12:35PM ET",Down,BUY,103.724443,0.4434827285599403,0x622e762e7c44f72499a95ecf116bfa4d23aaad1e369c65505002614618995133,2026-05-04 19:32:20,0x027c1e2a9258d35f4290dd04b64c9b13c7a002bf9253a17bfb6fba248938aac7,btc-updown-5m-1777912200
"Bitcoin Up or Down - May 4, 12:30PM-12:35PM ET",Down,BUY,75,0.54,0x622e762e7c44f72499a95ecf116bfa4d23aaad1e369c65505002614618995133,2026-05-04 19:31:54,0xa221b9e550ae9121b182a0a4b0ec436fb73b6789070998333c10e96f94e7fe62,btc-updown-5m-1777912200
"Bitcoin Up or Down - May 4, 12:30PM-12:35PM ET",Down,BUY,49.33,0.5216582201500102,0x622e762e7c44f72499a95ecf116bfa4d23aaad1e369c65505002614618995133,2026-05-04 19:31:54,0x161f1381196fd6a90eac186fb6fd827bf536685d1ae10a5f01c7b65c058bbdae,btc-updown-5m-1777912200
"Bitcoin Up or Down - May 4, 12:30PM-12:35PM ET",Up,BUY,116.326529,0.48999999819473683,0x622e762e7c44f72499a95ecf116bfa4d23aaad1e369c65505002614618995133,2026-05-04 19:31:40,0xbf36efa726c9d2310dbfe93a647f2d3bb935ddd340bac0f20817c65c9d7c8166,btc-updown-5m-1777912200
"Bitcoin Up or Down - May 4, 12:30PM-12:35PM ET",Up,BUY,114.285713,0.48999999676249995,0x622e762e7c44f72499a95ecf116bfa4d23aaad1e369c65505002614618995133,2026-05-04 19:31:38,0x504080df2b2fb98ce7e033740f6b888d8902992aae95278f17eed4ef5c106071,btc-updown-5m-1777912200
"Bitcoin Up or Down - May 4, 12:30PM-12:45PM ET",Up,BUY,170.15,0.48,0x549fe5c7d1a1e09e8cca0abcedbca21c8824115ce6c0aa0a9b616c4a8304a71e,2026-05-04 19:31:22,0x3af53a60d2fda7f9cd240403a1b05b8090d43e99db43cf912ff7947f4385778e,btc-updown-15m-1777912200
"Bitcoin Up or Down - May 4, 12PM ET",Up,BUY,80,0.74,0x49a3e7910297d02c9f5e4e0529794f80e0d7f62b9cc64579348957c88212c7e7,2026-05-04 19:29:08,0xb2cc720044cf0ed31f51798e626140e5d1f7149922534bf5f6b85e6d527283f7,bitcoin-up-or-down-may-4-2026-12pm-et
"Bitcoin Up or Down - May 4, 12PM ET",Down,BUY,200,0.25,0x49a3e7910297d02c9f5e4e0529794f80e0d7f62b9cc64579348957c88212c7e7,2026-05-04 19:23:50,0x1b7b336d8ca47f65772fd8b35a7936d73115de66376767a6c951869d3500f097,bitcoin-up-or-down-may-4-2026-12pm-et
"Bitcoin Up or Down - May 4, 12PM ET",Up,BUY,200,0.75,0x49a3e7910297d02c9f5e4e0529794f80e0d7f62b9cc64579348957c88212c7e7,2026-05-04 19:23:08,0x7f143fbd1affa84153004e02c080aec471cb9293aa8bc9aad4c1b241a69b3d68,bitcoin-up-or-down-may-4-2026-12pm-et
"Bitcoin Up or Down - May 4, 12PM ET",Up,BUY,200,0.55,0x49a3e7910297d02c9f5e4e0529794f80e0d7f62b9cc64579348957c88212c7e7,2026-05-04 19:19:52,0xcb90ec1a306fc339589deee59894ef4168d3f3c9e9d2727e6b66e95636635c94,bitcoin-up-or-down-may-4-2026-12pm-et
"Bitcoin Up or Down - May 4, 12PM ET",Down,BUY,14.203845,0.5125372038345954,0x49a3e7910297d02c9f5e4e0529794f80e0d7f62b9cc64579348957c88212c7e7,2026-05-04 19:19:12,0x1c1a4e96f701bfe32f312999a45a25fc4054bade7822564d250cb965213cb580,bitcoin-up-or-down-may-4-2026-12pm-et
"Bitcoin Up or Down - May 4, 12PM ET",Down,BUY,54,0.51,0x49a3e7910297d02c9f5e4e0529794f80e0d7f62b9cc64579348957c88212c7e7,2026-05-04 19:19:12,0x219e156516cf67bd660aa341f85491ac3529a0ea3dccd5a8a7efbbd29803240d,bitcoin-up-or-down-may-4-2026-12pm-et
"Bitcoin Up or Down - May 4, 12PM ET",Down,BUY,144,0.79,0x49a3e7910297d02c9f5e4e0529794f80e0d7f62b9cc64579348957c88212c7e7,2026-05-04 19:16:20,0xc2594f9e7c51b4942399200a42ce7262996ec60fbe9f0c991637497e8b3a3c62,bitcoin-up-or-down-may-4-2026-12pm-et
"Bitcoin Up or Down - May 4, 12PM ET",Down,BUY,43.16,0.72,0x49a3e7910297d02c9f5e4e0529794f80e0d7f62b9cc64579348957c88212c7e7,2026-05-04 19:13:32,0xd27d43d481002580630e0e10655e29933f1882a342b1265d8e8642556348d7ee,bitcoin-up-or-down-may-4-2026-12pm-et
"Bitcoin Up or Down - May 4, 12:00PM-12:15PM ET",Up,BUY,300,0.02,0x5548d64ff9d31382d827cb6bb287d12154e05bfb0049e7835c2a4d4fa71d53de,2026-05-04 19:11:58,0x9028e2864895b9d746379319dc7164ce9ec4012f28b68ef0c668839157de5c49,btc-updown-15m-1777910400
"Bitcoin Up or Down - May 4, 12:00PM-12:15PM ET",Up,BUY,200,0.02,0x5548d64ff9d31382d827cb6bb287d12154e05bfb0049e7835c2a4d4fa71d53de,2026-05-04 19:11:58,0xd8c003823123eaf7f4ffdabd5137f39adab407b063a04dee2ddb6c2cdb87fb99,btc-updown-15m-1777910400
"Bitcoin Up or Down - May 4, 12:00PM-12:15PM ET",Up,BUY,20,0.02,0x5548d64ff9d31382d827cb6bb287d12154e05bfb0049e7835c2a4d4fa71d53de,2026-05-04 19:11:50,0xc0ec7b1d01c4a71da5662d8a9120bec9dbc0e3699a7ef21ba1a1e8f42864c0a2,btc-updown-15m-1777910400
"Bitcoin Up or Down - May 4, 12:00PM-12:15PM ET",Up,BUY,140,0.02,0x5548d64ff9d31382d827cb6bb287d12154e05bfb0049e7835c2a4d4fa71d53de,2026-05-04 19:11:44,0x753c875e45ccb17894c82f937597ac8f2a0a4b9794a50451d9b44968a34b4f03,btc-updown-15m-1777910400
"Bitcoin Up or Down - May 4, 12:00PM-12:15PM ET",Up,BUY,200,0.02,0x5548d64ff9d31382d827cb6bb287d12154e05bfb0049e7835c2a4d4fa71d53de,2026-05-04 19:11:40,0x7a8e3451c7d45c68e618f23559963211d373ccf022b47fca871f4f8b4b246dcd,btc-updown-15m-1777910400
"Bitcoin Up or Down - May 4, 12:00PM-12:15PM ET",Up,BUY,60.67,0.02,0x5548d64ff9d31382d827cb6bb287d12154e05bfb0049e7835c2a4d4fa71d53de,2026-05-04 19:11:30,0x078e7f145a3fb98129a0a39cee77ece356c0e737b6b7c60826b5495db1edd001,btc-updown-15m-1777910400
"Bitcoin Up or Down - May 4, 12:00PM-12:15PM ET",Up,BUY,200,0.02,0x5548d64ff9d31382d827cb6bb287d12154e05bfb0049e7835c2a4d4fa71d53de,2026-05-04 19:10:44,0x16c99fe8069fa42e73498efc8068629b5d12bf10d817af69243b22b54996f5b7,btc-updown-15m-1777910400
"Bitcoin Up or Down - May 4, 12:00PM-12:15PM ET",Up,BUY,41.08,0.03,0x5548d64ff9d31382d827cb6bb287d12154e05bfb0049e7835c2a4d4fa71d53de,2026-05-04 19:10:42,0x4313c32674a27b1118ff3013867dd742d1ed5531aa2eec9866be2ea497d0eae9,btc-updown-15m-1777910400
"Bitcoin Up or Down - May 4, 12:00PM-12:15PM ET",Up,BUY,200,0.02,0x5548d64ff9d31382d827cb6bb287d12154e05bfb0049e7835c2a4d4fa71d53de,2026-05-04 19:10:34,0xa9026452447e8c2da2ea29a06c1f5d2ce97de7f633d6cfb6a708e3ed0ee6b0ba,btc-updown-15m-1777910400
"Bitcoin Up or Down - May 4, 12:00PM-12:15PM ET",Up,BUY,8,0.1,0x5548d64ff9d31382d827cb6bb287d12154e05bfb0049e7835c2a4d4fa71d53de,2026-05-04 19:09:56,0xca8ec689a1372c8d5b50ffa05729c52f8ece1bc2711448d664b04f2fa413ca2b,btc-updown-15m-1777910400
"Bitcoin Up or Down - May 4, 12:00PM-12:15PM ET",Up,BUY,18.31,0.06,0x5548d64ff9d31382d827cb6bb287d12154e05bfb0049e7835c2a4d4fa71d53de,2026-05-04 19:09:32,0x22d2031b9ee51e854cbb317baf0ee7b1b9f266a13950f44fdf38c2e5d97a9e25,btc-updown-15m-1777910400
"Bitcoin Up or Down - May 4, 12:00PM-12:15PM ET",Up,BUY,10,0.05,0x5548d64ff9d31382d827cb6bb287d12154e05bfb0049e7835c2a4d4fa71d53de,2026-05-04 19:09:28,0xf24f7a2e8fe633c0fc1395f527e57416c3dee7377383bf947c4063d730969223,btc-updown-15m-1777910400
"Bitcoin Up or Down - May 4, 12:00PM-12:15PM ET",Down,BUY,200.206166,0.9690010296685867,0x5548d64ff9d31382d827cb6bb287d12154e05bfb0049e7835c2a4d4fa71d53de,2026-05-04 19:09:14,0x62f452e6f5e4eabaa6e5261fea8aa5f32d8ba444adf4ef6b619a95065ad3002d,btc-updown-15m-1777910400
"Bitcoin Up or Down - May 4, 12:00PM-12:15PM ET",Down,BUY,28,0.96,0x5548d64ff9d31382d827cb6bb287d12154e05bfb0049e7835c2a4d4fa71d53de,2026-05-04 19:09:14,0x0579fcd501c6e3bc5250b17f36630ce5e2792d27642e1740fcc5da047485cdc6,btc-updown-15m-1777910400
"Bitcoin Up or Down - May 4, 12:00PM-12:15PM ET",Down,BUY,60,0.94,0x5548d64ff9d31382d827cb6bb287d12154e05bfb0049e7835c2a4d4fa71d53de,2026-05-04 19:09:12,0xf944e4d4954f7e8cfe98945d29550eaeed214cb22ba5ab83c25f62720aa9dc90,btc-updown-15m-1777910400
"Bitcoin Up or Down - May 4, 12:00PM-12:15PM ET",Down,BUY,84.31,0.95,0x5548d64ff9d31382d827cb6bb287d12154e05bfb0049e7835c2a4d4fa71d53de,2026-05-04 19:09:12,0x609d2d54d8c50bc916a03c5bad0ef59eafe2473b1a38454263923be9c638829a,btc-updown-15m-1777910400
"Bitcoin Up or Down - May 4, 12:00PM-12:15PM ET",Down,BUY,173.5368,0.930638296891495,0x5548d64ff9d31382d827cb6bb287d12154e05bfb0049e7835c2a4d4fa71d53de,2026-05-04 19:09:08,0x33900814f033122733501558cf742b94415d3821a9934d78b055248db2f906df,btc-updown-15m-1777910400
"Bitcoin Up or Down - May 4, 12:00PM-12:15PM ET",Down,BUY,200,0.93,0x5548d64ff9d31382d827cb6bb287d12154e05bfb0049e7835c2a4d4fa71d53de,2026-05-04 19:09:08,0x18a9801ec1a634b002a88eeba1c8f04de3b053c0d4131aba45aa7f19f6c940cd,btc-updown-15m-1777910400
"Bitcoin Up or Down - May 4, 12:00PM-12:15PM ET",Down,BUY,27.870957,0.9299999996412036,0x5548d64ff9d31382d827cb6bb287d12154e05bfb0049e7835c2a4d4fa71d53de,2026-05-04 19:09:08,0x0db96c707295d4feb58b098fdd1595286f55637d71b3ab57c1aea026b264b6a8,btc-updown-15m-1777910400
"Bitcoin Up or Down - May 4, 12:00PM-12:15PM ET",Down,BUY,200,0.93,0x5548d64ff9d31382d827cb6bb287d12154e05bfb0049e7835c2a4d4fa71d53de,2026-05-04 19:09:08,0x47e8f22dbf5a3a8b2d52a12c6f32f82a0920d4cd253b1bcfa67b8715b07f06b1,btc-updown-15m-1777910400
"Bitcoin Up or Down - May 4, 12:00PM-12:15PM ET",Down,BUY,85.913971,0.9299999996508135,0x5548d64ff9d31382d827cb6bb287d12154e05bfb0049e7835c2a4d4fa71d53de,2026-05-04 19:09:08,0x30e0d2e332c5c69e8e07c6110e55db136782925b80d7a473d675f761ccbbc84e,btc-updown-15m-1777910400
"Bitcoin Up or Down - May 4, 12:00PM-12:15PM ET",Down,BUY,15.454544,0.6599999974117645,0x5548d64ff9d31382d827cb6bb287d12154e05bfb0049e7835c2a4d4fa71d53de,2026-05-04 19:07:50,0xed3e4d537df79fdae17c3e1a7daf63dbe2954a9851087c14a1f43b839a4fa401,btc-updown-15m-1777910400
"Bitcoin Up or Down - May 4, 12:00PM-12:15PM ET",Down,BUY,20,0.64,0x5548d64ff9d31382d827cb6bb287d12154e05bfb0049e7835c2a4d4fa71d53de,2026-05-04 19:07:50,0xc62263106b911d47652b8540e467acbe552f7d8a2cf29f07da46513469260769,btc-updown-15m-1777910400
"Bitcoin Up or Down - May 4, 12:00PM-12:15PM ET",Down,BUY,10.15625,0.64,0x5548d64ff9d31382d827cb6bb287d12154e05bfb0049e7835c2a4d4fa71d53de,2026-05-04 19:07:50,0x91898779722826a680f65ebd7cac2916f616c0f651ce91d7dd78176a3a291dfa,btc-updown-15m-1777910400
"Bitcoin Up or Down - May 4, 12:05PM-12:10PM ET",Down,BUY,21.11111,0.7199999905263152,0x1e2f749c7245b8f2335159f2226ec6f6c0e9b1e72d0d03883d7028cc3726d2d3,2026-05-04 19:07:48,0xe14389dacc69f9314f032c7f5ce109953deee86468b30e9c932139954619ff08,btc-updown-5m-1777910700
"Bitcoin Up or Down - May 4, 12:00PM-12:15PM ET",Down,BUY,45.687713,0.6894632480290708,0x5548d64ff9d31382d827cb6bb287d12154e05bfb0049e7835c2a4d4fa71d53de,2026-05-04 19:07:48,0xbf26e3742b8fe03986db167b76f8a7afad0da492098549de363b43fc30ffc0c7,btc-updown-15m-1777910400
"Bitcoin Up or Down - May 4, 12:05PM-12:10PM ET",Down,BUY,21.944442,0.7199999890632899,0x1e2f749c7245b8f2335159f2226ec6f6c0e9b1e72d0d03883d7028cc3726d2d3,2026-05-04 19:07:48,0xf8cb914beef3d7f2af1f768c11d7d9ab1ac0a2c5dbcc4d9fd81b39f1abf77bac,btc-updown-5m-1777910700
"Bitcoin Up or Down - May 4, 12:05PM-12:10PM ET",Down,BUY,102.150681,0.7244200065587424,0x1e2f749c7245b8f2335159f2226ec6f6c0e9b1e72d0d03883d7028cc3726d2d3,2026-05-04 19:07:48,0xe02fbe2a050c8a3938815fda4a15d994792a3950f7ebb0ffc8937f332fceac0a,btc-updown-5m-1777910700
"Bitcoin Up or Down - May 4, 12:05PM-12:10PM ET",Down,BUY,20.547944,0.7299999941599996,0x1e2f749c7245b8f2335159f2226ec6f6c0e9b1e72d0d03883d7028cc3726d2d3,2026-05-04 19:07:48,0xa1feddb6dbf7348afa15c738f83d4d09a52dfa403e30dd287c4cbd47ade83a21,btc-updown-5m-1777910700
"Bitcoin Up or Down - May 4, 12:00PM-12:15PM ET",Down,BUY,10.441175,0.68,0x5548d64ff9d31382d827cb6bb287d12154e05bfb0049e7835c2a4d4fa71d53de,2026-05-04 19:07:48,0xe0ca7f14397066e4507bb633fa96c3aac79e71742d00e3a0aafd03b3dd02ab37,btc-updown-15m-1777910400
"Bitcoin Up or Down - May 4, 12:00PM-12:15PM ET",Down,BUY,11.470587,0.6799999860512805,0x5548d64ff9d31382d827cb6bb287d12154e05bfb0049e7835c2a4d4fa71d53de,2026-05-04 19:07:48,0x6937cd227dabd567dab22f612061f1fcc18786952132112f4e2e8eeeea67e8b6,btc-updown-15m-1777910400
"Bitcoin Up or Down - May 4, 12:05PM-12:10PM ET",Down,BUY,26.973683,0.7599999970341462,0x1e2f749c7245b8f2335159f2226ec6f6c0e9b1e72d0d03883d7028cc3726d2d3,2026-05-04 19:07:48,0x4501c3a0a127f81b034e5fd660311a106fadb12478c02d97f65f6a9b87093d79,btc-updown-5m-1777910700
"Bitcoin Up or Down - May 4, 12:00PM-12:15PM ET",Down,BUY,20.833332,0.7199999980799999,0x5548d64ff9d31382d827cb6bb287d12154e05bfb0049e7835c2a4d4fa71d53de,2026-05-04 19:07:46,0x71e6e9d2cc384949b65093c19c31ce99fec1bdbea204daf62fbd529d506a1a01,btc-updown-15m-1777910400
"Bitcoin Up or Down - May 4, 12:05PM-12:10PM ET",Down,BUY,5.263154,0.7599999923999944,0x1e2f749c7245b8f2335159f2226ec6f6c0e9b1e72d0d03883d7028cc3726d2d3,2026-05-04 19:07:46,0xfc8fad52aaf1292431bdcca55abd9f3c5f1cacf9d7ea974448cf36e5bb8996d6,btc-updown-5m-1777910700
"Bitcoin Up or Down - May 4, 12:00PM-12:15PM ET",Down,BUY,109.722221,0.7199999989063292,0x5548d64ff9d31382d827cb6bb287d12154e05bfb0049e7835c2a4d4fa71d53de,2026-05-04 19:07:46,0x7fd81777b1c4c49721a798b83c42efbba5a5c48ad80166ca91d19e20afd3f8a2,btc-updown-15m-1777910400
"Bitcoin Up or Down - May 4, 12:00PM-12:15PM ET",Down,BUY,47.136985,0.7278785225656669,0x5548d64ff9d31382d827cb6bb287d12154e05bfb0049e7835c2a4d4fa71d53de,2026-05-04 19:07:44,0x4c1c8776f7c5fb503210b4d1594eccbb1b821a74b797d9a4d5b17d0e7d63980f,btc-updown-15m-1777910400
"Bitcoin Up or Down - May 4, 12:00PM-12:15PM ET",Down,BUY,176.296848,0.7206595037932839,0x5548d64ff9d31382d827cb6bb287d12154e05bfb0049e7835c2a4d4fa71d53de,2026-05-04 19:07:44,0x9ec17a7f48548821754aca5cc7667d9d431eaa97234b68ca3c8e9ff366035b66,btc-updown-15m-1777910400
"Bitcoin Up or Down - May 4, 12:00PM-12:15PM ET",Down,BUY,130.758192,0.7090951364638018,0x5548d64ff9d31382d827cb6bb287d12154e05bfb0049e7835c2a4d4fa71d53de,2026-05-04 19:07:44,0xf8b55a3feec1c1501958b6cd6b66b398e258afac9d97dfa2df89ef7e61f4a64f,btc-updown-15m-1777910400
"Bitcoin Up or Down - May 4, 12:00PM-12:15PM ET",Down,BUY,74.659151,0.7039993931889207,0x5548d64ff9d31382d827cb6bb287d12154e05bfb0049e7835c2a4d4fa71d53de,2026-05-04 19:07:44,0x5a9aac0e182379f7059bfbe5cffbee5a05a0be55596dc909e5c82a0ddaf33f0b,btc-updown-15m-1777910400
"Bitcoin Up or Down - May 4, 12:05PM-12:10PM ET",Down,BUY,102.7027,0.74,0x1e2f749c7245b8f2335159f2226ec6f6c0e9b1e72d0d03883d7028cc3726d2d3,2026-05-04 19:07:42,0x4ab7b439930d57c98bcadb6410bb39dc028de68a438634cb6eafeb43847f67ea,btc-updown-5m-1777910700
"Bitcoin Up or Down - May 4, 12:00PM-12:15PM ET",Down,BUY,57.641283,0.6932530977841004,0x5548d64ff9d31382d827cb6bb287d12154e05bfb0049e7835c2a4d4fa71d53de,2026-05-04 19:07:42,0x596bd2a3097a42cebe6832a1478cfdda7bf809fd3ef00671d6b7e2e779924dde,btc-updown-15m-1777910400
"Bitcoin Up or Down - May 4, 12:05PM-12:10PM ET",Down,BUY,7.28,0.75,0x1e2f749c7245b8f2335159f2226ec6f6c0e9b1e72d0d03883d7028cc3726d2d3,2026-05-04 19:07:42,0xc8344dc683469c5b23edb60d349b99c59d20cf82aa240a3310d020d483eb09ca,btc-updown-5m-1777910700
"Bitcoin Up or Down - May 4, 12:05PM-12:10PM ET",Down,BUY,91.373332,0.75,0x1e2f749c7245b8f2335159f2226ec6f6c0e9b1e72d0d03883d7028cc3726d2d3,2026-05-04 19:07:42,0x1a2217fb667bb43c17591853ef2f6bcfd04b196fcd6f88970ea0a2f8f277e83b,btc-updown-5m-1777910700
"Bitcoin Up or Down - May 4, 12:00PM-12:15PM ET",Down,BUY,20.289854,0.6899999871857136,0x5548d64ff9d31382d827cb6bb287d12154e05bfb0049e7835c2a4d4fa71d53de,2026-05-04 19:07:42,0x0a83de31c95539295369d75612b9b863ef9fa50845cc510d1ad985e2d88c2653,btc-updown-15m-1777910400
"Bitcoin Up or Down - May 4, 12:00PM-12:15PM ET",Down,BUY,11.159419,0.689999990142856,0x5548d64ff9d31382d827cb6bb287d12154e05bfb0049e7835c2a4d4fa71d53de,2026-05-04 19:07:42,0x576fe20d361a80f73761671237ef3faf9541708f7daf390a90aa39ebf4341159,btc-updown-15m-1777910400
"Bitcoin Up or Down - May 4, 12:00PM-12:15PM ET",Down,BUY,13.739129,0.6899999992721518,0x5548d64ff9d31382d827cb6bb287d12154e05bfb0049e7835c2a4d4fa71d53de,2026-05-04 19:07:42,0x85ddfae4e3f7c858c8fd20f84c2564bd852bf52d077c0df0faea66f731ddc29a,btc-updown-15m-1777910400
"Bitcoin Up or Down - May 4, 12:05PM-12:10PM ET",Down,BUY,72.68,0.75,0x1e2f749c7245b8f2335159f2226ec6f6c0e9b1e72d0d03883d7028cc3726d2d3,2026-05-04 19:07:42,0x00da9d380c057deb55c69001555d679ee36dc7c8dd7cc132b52f0082ff7921d8,btc-updown-5m-1777910700
"Bitcoin Up or Down - May 4, 12:00PM-12:15PM ET",Down,BUY,5.7971,0.69,0x5548d64ff9d31382d827cb6bb287d12154e05bfb0049e7835c2a4d4fa71d53de,2026-05-04 19:07:42,0xaf34bdbc8b1e6657babe988e6f44e6d5e1d6ea8ac596e0f3c991b2f4e9f8fae2,btc-updown-15m-1777910400
"Bitcoin Up or Down - May 4, 12:00PM-12:15PM ET",Down,BUY,10.869564,0.6899999852799984,0x5548d64ff9d31382d827cb6bb287d12154e05bfb0049e7835c2a4d4fa71d53de,2026-05-04 19:07:42,0xb8fc5756432578692a64c88096755b9b3892ca95e34ab66b89cc23d03fe6d7c0,btc-updown-15m-1777910400
"Bitcoin Up or Down - May 4, 12:00PM-12:15PM ET",Down,BUY,32.782606,0.6899999957294426,0x5548d64ff9d31382d827cb6bb287d12154e05bfb0049e7835c2a4d4fa71d53de,2026-05-04 19:07:42,0x910c3f0602630cf621dc8954819862f6453152334c1f9e9f9ee09d1bd5144922,btc-updown-15m-1777910400
"Bitcoin Up or Down - May 4, 12:00PM-12:15PM ET",Down,BUY,23.5942,0.69,0x5548d64ff9d31382d827cb6bb287d12154e05bfb0049e7835c2a4d4fa71d53de,2026-05-04 19:07:42,0xf3bbad20e44d584aed3b6f8f6ba6e97c494ba32ded2756cb8aa3f69963ebc6a5,btc-updown-15m-1777910400
"Bitcoin Up or Down - May 4, 12:00PM-12:15PM ET",Down,BUY,5.144925,0.6899999514084267,0x5548d64ff9d31382d827cb6bb287d12154e05bfb0049e7835c2a4d4fa71d53de,2026-05-04 19:07:42,0x98ab453be449eb6fa12d0733a09c7e05fb296682012d32b9aa209bfabbb7e7fc,btc-updown-15m-1777910400
"Bitcoin Up or Down - May 4, 12:00PM-12:15PM ET",Down,BUY,8.811593,0.6899999807072342,0x5548d64ff9d31382d827cb6bb287d12154e05bfb0049e7835c2a4d4fa71d53de,2026-05-04 19:07:42,0xb7680d0bbb4ed56ff75c268c2a725d89019d6b962aa8d1612a98564b3a10e6ff,btc-updown-15m-1777910400
"Bitcoin Up or Down - May 4, 12:00PM-12:15PM ET",Down,BUY,10.579709,0.6899999801506828,0x5548d64ff9d31382d827cb6bb287d12154e05bfb0049e7835c2a4d4fa71d53de,2026-05-04 19:07:42,0x461ab90870e9598bffa62f4fb1d3f25a067f137a79fa76e438b4ba1bc762af8d,btc-updown-15m-1777910400
"Bitcoin Up or Down - May 4, 12:00PM-12:15PM ET",Down,BUY,7.304345,0.6899999931547592,0x5548d64ff9d31382d827cb6bb287d12154e05bfb0049e7835c2a4d4fa71d53de,2026-05-04 19:07:42,0xa98368458c5b4da0c543efd8190a909edd05a0b0dcaaab2bb1010e173ff586c2,btc-updown-15m-1777910400
"Bitcoin Up or Down - May 4, 12:05PM-12:10PM ET",Down,BUY,57.229726,0.7399999958063752,0x1e2f749c7245b8f2335159f2226ec6f6c0e9b1e72d0d03883d7028cc3726d2d3,2026-05-04 19:07:42,0xe13bda04bd7d6a92ca0e65ef868865f4d1e46daa558d0194a4c3c8f8566005a8,btc-updown-5m-1777910700
"Bitcoin Up or Down - May 4, 12:05PM-12:10PM ET",Down,BUY,96.972969,0.7399999993812709,0x1e2f749c7245b8f2335159f2226ec6f6c0e9b1e72d0d03883d7028cc3726d2d3,2026-05-04 19:07:42,0x2510fc8fb7fd7dc14d3adc9b8e1beccb06dcad376c9c89da9e474077355fd774,btc-updown-5m-1777910700
"Bitcoin Up or Down - May 4, 12:05PM-12:10PM ET",Up,BUY,136.363635,0.2199999948666666,0x1e2f749c7245b8f2335159f2226ec6f6c0e9b1e72d0d03883d7028cc3726d2d3,2026-05-04 19:07:36,0x1f47f63f1eed4732248b0c912f6fd9b62dc6d3d2094ab80e35997bd8b67c36de,btc-updown-5m-1777910700
"Bitcoin Up or Down - May 4, 12:05PM-12:10PM ET",Up,BUY,127.272726,0.21999999434285708,0x1e2f749c7245b8f2335159f2226ec6f6c0e9b1e72d0d03883d7028cc3726d2d3,2026-05-04 19:07:36,0x42819357bc0e6d3d94349fcd6d7763d3ddff28fe1ac0d575da95a7908d9fc4e9,btc-updown-5m-1777910700
"Bitcoin Up or Down - May 4, 12:05PM-12:10PM ET",Up,BUY,117.391303,0.22999999412222216,0x1e2f749c7245b8f2335159f2226ec6f6c0e9b1e72d0d03883d7028cc3726d2d3,2026-05-04 19:07:36,0xbfd0c53b8bdd09d8158da965c0af73e86c2775436b4f08b361bdf4205042e04d,btc-updown-5m-1777910700
"Bitcoin Up or Down - May 4, 12:00PM-12:15PM ET",Down,BUY,8.125,0.64,0x5548d64ff9d31382d827cb6bb287d12154e05bfb0049e7835c2a4d4fa71d53de,2026-05-04 19:07:26,0x10d7e102ae85233ba25bcd2eb4c837fb3a8fb053bd710034a6deb4d603024258,btc-updown-15m-1777910400
"Bitcoin Up or Down - May 4, 12:00PM-12:15PM ET",Down,BUY,10,0.66,0x5548d64ff9d31382d827cb6bb287d12154e05bfb0049e7835c2a4d4fa71d53de,2026-05-04 19:07:26,0x5def99b6ac8a9c43f28ebf61ade96939db8a28691a82021f9671b2bdd4045e9c,btc-updown-15m-1777910400
"Bitcoin Up or Down - May 4, 12:00PM-12:15PM ET",Down,BUY,10,0.64,0x5548d64ff9d31382d827cb6bb287d12154e05bfb0049e7835c2a4d4fa71d53de,2026-05-04 19:07:26,0x10de0bec9e079223adf32773a70b1e413a38ce8f17f2e4d9593398fcebb872a6,btc-updown-15m-1777910400
"Bitcoin Up or Down - May 4, 12:05PM-12:10PM ET",Up,BUY,104.149284,0.27844645576248034,0x1e2f749c7245b8f2335159f2226ec6f6c0e9b1e72d0d03883d7028cc3726d2d3,2026-05-04 19:07:24,0x1858e109570b5b3c415dc0c62f90631320d68d371dcf7eec753c949cae064176,btc-updown-5m-1777910700
"Bitcoin Up or Down - May 4, 12:00PM-12:15PM ET",Down,BUY,59.99,0.67,0x5548d64ff9d31382d827cb6bb287d12154e05bfb0049e7835c2a4d4fa71d53de,2026-05-04 19:07:10,0x115d605b6c47ec3e4e001672f9acd62c3bfaf73369c800c96841b1b390b4e1fd,btc-updown-15m-1777910400
"Bitcoin Up or Down - May 4, 11AM ET",Down,BUY,200,0.93,0xa9516451a7fdca26da523732358d94cc916143918074a1f9dd263358eaddffcf,2026-05-04 18:55:30,0x613f4b907a0c0977a916997ebf105ca8a958e88d250fd5c1471824fe8a5c8353,bitcoin-up-or-down-may-4-2026-11am-et
"Bitcoin Up or Down - May 4, 11AM ET",Down,BUY,10.217136,0.8710850085581713,0xa9516451a7fdca26da523732358d94cc916143918074a1f9dd263358eaddffcf,2026-05-04 18:55:16,0xa84cd5b70927158afc8e6662dd56fa41d15d8ff4f62e1474e98569197ea3f34e,bitcoin-up-or-down-may-4-2026-11am-et
"Bitcoin Up or Down - May 4, 11AM ET",Down,BUY,15.437319,0.9036537367660796,0xa9516451a7fdca26da523732358d94cc916143918074a1f9dd263358eaddffcf,2026-05-04 18:55:16,0xd11611445598b92c213386192d292d3bd24c8e1fa733abda62ee250ca8b10bb0,bitcoin-up-or-down-may-4-2026-11am-et
"Bitcoin Up or Down - May 4, 11AM ET",Down,BUY,10.100207,0.9207723168445954,0xa9516451a7fdca26da523732358d94cc916143918074a1f9dd263358eaddffcf,2026-05-04 18:55:16,0x924c8e9e1ab6d19975cde0334e634f17ed45588d0f28b76a9dc132293c38f5dc,bitcoin-up-or-down-may-4-2026-11am-et
"Bitcoin Up or Down - May 4, 11AM ET",Down,BUY,24.53333,0.9,0xa9516451a7fdca26da523732358d94cc916143918074a1f9dd263358eaddffcf,2026-05-04 18:55:16,0xc20b5fb26bb9e7c10e29c871c7c23e57f8c314b903ab784237ddc16d187ef684,bitcoin-up-or-down-may-4-2026-11am-et
"Bitcoin Up or Down - May 4, 11AM ET",Down,BUY,24.107134,0.8959999973451842,0xa9516451a7fdca26da523732358d94cc916143918074a1f9dd263358eaddffcf,2026-05-04 18:55:16,0x6a2f5b164e6ca7087fbec648d7049ea2deeab6e25914395c5eb7802eef47a095,bitcoin-up-or-down-may-4-2026-11am-et
"Bitcoin Up or Down - May 4, 11AM ET",Down,BUY,8.23,0.88,0xa9516451a7fdca26da523732358d94cc916143918074a1f9dd263358eaddffcf,2026-05-04 18:55:16,0xaa5e8ee2413d9fa2c30a5a9bcdeeaa9c838c5f2cfd441bc25561c30607bbe7c3,bitcoin-up-or-down-may-4-2026-11am-et
"Bitcoin Up or Down - May 4, 11AM ET",Down,BUY,2.95,0.88,0xa9516451a7fdca26da523732358d94cc916143918074a1f9dd263358eaddffcf,2026-05-04 18:55:16,0x4d7532326a4bff42dd6185031311fa593a749156fb83978ba916b26f3cc8f72d,bitcoin-up-or-down-may-4-2026-11am-et
"Bitcoin Up or Down - May 4, 11AM ET",Down,BUY,10.04545,0.8760180977457456,0xa9516451a7fdca26da523732358d94cc916143918074a1f9dd263358eaddffcf,2026-05-04 18:55:16,0xd3c8365e4842f17ce4f0ced626fe5d0c7328c094dcc73a0f5d8105f74f8e9069,bitcoin-up-or-down-may-4-2026-11am-et
"Bitcoin Up or Down - May 4, 11AM ET",Down,BUY,10.049403,0.8756736096661663,0xa9516451a7fdca26da523732358d94cc916143918074a1f9dd263358eaddffcf,2026-05-04 18:55:14,0x6ff696664d0b802956a5cff2e8556b21e650fd6e8ef4a5282df814813d80e9fc,bitcoin-up-or-down-may-4-2026-11am-et
"Bitcoin Up or Down - May 4, 11AM ET",Down,BUY,52.012182,0.8940212314107491,0xa9516451a7fdca26da523732358d94cc916143918074a1f9dd263358eaddffcf,2026-05-04 18:55:14,0x3af59fce436f969d591b6cb3bce9e5526b9121e179fde86bb044c9f4158bdfc7,bitcoin-up-or-down-may-4-2026-11am-et
"Bitcoin Up or Down - May 4, 11AM ET",Down,BUY,10,0.872,0xa9516451a7fdca26da523732358d94cc916143918074a1f9dd263358eaddffcf,2026-05-04 18:55:14,0x24df1460f87622f26fb4096ccdac6f8447cb6e21f8fd9e7ff845a909394acfed,bitcoin-up-or-down-may-4-2026-11am-et
"Bitcoin Up or Down - May 4, 11AM ET",Down,BUY,5.142856,0.875,0xa9516451a7fdca26da523732358d94cc916143918074a1f9dd263358eaddffcf,2026-05-04 18:55:14,0x5c1f1e3654565806b9028b7bb2f17b4239c14d9e1bff50d22ce14378f07fc651,bitcoin-up-or-down-may-4-2026-11am-et
"Bitcoin Up or Down - May 4, 11AM ET",Down,BUY,10.19428,0.8730381154922172,0xa9516451a7fdca26da523732358d94cc916143918074a1f9dd263358eaddffcf,2026-05-04 18:55:14,0x2d2161a97fcff9151b8aef8b8ad9bdffabe7b7188acba2af9244ac0b40041c24,bitcoin-up-or-down-may-4-2026-11am-et
"Bitcoin Up or Down - May 4, 11AM ET",Down,BUY,29.138914,0.8709999967740734,0xa9516451a7fdca26da523732358d94cc916143918074a1f9dd263358eaddffcf,2026-05-04 18:55:14,0x4057502f323477823f258f89f1921e6d8dd7e9e3e9a0fe1edff0b274ae55bbb1,bitcoin-up-or-down-may-4-2026-11am-et
"Bitcoin Up or Down - May 4, 11AM ET",Down,BUY,15.816322,0.8819999997470968,0xa9516451a7fdca26da523732358d94cc916143918074a1f9dd263358eaddffcf,2026-05-04 18:55:14,0x88d6a61547a19aeb8f209572bf0e0aa08c3cb7ff1458e0b46a2f4726f25af266,bitcoin-up-or-down-may-4-2026-11am-et
"Bitcoin Up or Down - May 4, 11AM ET",Down,BUY,41.423866,0.9076892533400914,0xa9516451a7fdca26da523732358d94cc916143918074a1f9dd263358eaddffcf,2026-05-04 18:55:14,0x5fc47a5af31651482916a6f36e10b1aae9f142ddc1fce69c49889839566647e3,bitcoin-up-or-down-may-4-2026-11am-et
"Bitcoin Up or Down - May 4, 11AM ET",Down,BUY,25.124711,0.8788158797130045,0xa9516451a7fdca26da523732358d94cc916143918074a1f9dd263358eaddffcf,2026-05-04 18:55:12,0x3f431e90ac1c227c698e4b671fe14bb1246e38badb2812b8210d21ad322d4af1,bitcoin-up-or-down-may-4-2026-11am-et
"Bitcoin Up or Down - May 4, 11AM ET",Down,BUY,10.344821,0.8989999923633285,0xa9516451a7fdca26da523732358d94cc916143918074a1f9dd263358eaddffcf,2026-05-04 18:55:12,0xdaf54046600d58c47dd1ecb0b768512734a0b29832225f9e4a82abd8f33c58f4,bitcoin-up-or-down-may-4-2026-11am-et
"Bitcoin Up or Down - May 4, 11AM ET",Down,BUY,27.23722,0.8973014867156046,0xa9516451a7fdca26da523732358d94cc916143918074a1f9dd263358eaddffcf,2026-05-04 18:55:12,0xccc4ccd8dd4cd0b5099eea985fcd773b282f40744a02460d7036123a13daf7de,bitcoin-up-or-down-may-4-2026-11am-et
"Bitcoin Up or Down - May 4, 11AM ET",Down,BUY,15.708504,0.8785047258478592,0xa9516451a7fdca26da523732358d94cc916143918074a1f9dd263358eaddffcf,2026-05-04 18:55:12,0x965d26525384824d2ef8ca464604bf1354ffcbd890544db64a516e3bcbba6a48,bitcoin-up-or-down-may-4-2026-11am-et
"Bitcoin Up or Down - May 4, 11AM ET",Down,BUY,35.74644,0.8940749344550115,0xa9516451a7fdca26da523732358d94cc916143918074a1f9dd263358eaddffcf,2026-05-04 18:55:12,0xf3ceefb47caeb09acceed8fc11415a43ccaaaa2385b5da909cf78dc3afc99699,bitcoin-up-or-down-may-4-2026-11am-et
"Bitcoin Up or Down - May 4, 11AM ET",Down,BUY,27.289784,0.8955730833193842,0xa9516451a7fdca26da523732358d94cc916143918074a1f9dd263358eaddffcf,2026-05-04 18:55:12,0xf862ff739c8a4500ac5df81eb2e91ded36c12a8937a9e798486d66d74f8a33b9,bitcoin-up-or-down-may-4-2026-11am-et
"Bitcoin Up or Down - May 4, 11AM ET",Down,BUY,40.625273,0.8927938527330019,0xa9516451a7fdca26da523732358d94cc916143918074a1f9dd263358eaddffcf,2026-05-04 18:55:12,0x916b941b9ebb1bde60e978b9626e06ce25fcc5f39b830129f4b98f439e3d8d12,bitcoin-up-or-down-may-4-2026-11am-et
"Bitcoin Up or Down - May 4, 11AM ET",Down,BUY,27.441205,0.8906312969856827,0xa9516451a7fdca26da523732358d94cc916143918074a1f9dd263358eaddffcf,2026-05-04 18:55:12,0x08b7b41b744b87fa188f7090ae6811bf75d5b51ac068eb9d4330871ff318885a,bitcoin-up-or-down-may-4-2026-11am-et
"Bitcoin Up or Down - May 4, 11AM ET",Down,BUY,106.630428,0.881549429774398,0xa9516451a7fdca26da523732358d94cc916143918074a1f9dd263358eaddffcf,2026-05-04 18:55:12,0xfbd996b136108bf3c89069b6688024e5c5ed1597069c34776fd5935ef45989b9,bitcoin-up-or-down-may-4-2026-11am-et
"Bitcoin Up or Down - May 4, 11AM ET",Down,BUY,10.352669,0.8789999950737342,0xa9516451a7fdca26da523732358d94cc916143918074a1f9dd263358eaddffcf,2026-05-04 18:55:12,0x37b42f2b87bf8b653038e7f7e654b657f26d6ec21f9238c9bd1130877f9ef642,bitcoin-up-or-down-may-4-2026-11am-et
"Bitcoin Up or Down - May 4, 11AM ET",Down,BUY,10.36294,0.8974280464810179,0xa9516451a7fdca26da523732358d94cc916143918074a1f9dd263358eaddffcf,2026-05-04 18:55:12,0x1670f5cdd8d5f91effd98e687f623391faf99027ce47ec35d9d36385dbf58352,bitcoin-up-or-down-may-4-2026-11am-et
"Bitcoin Up or Down - May 4, 11AM ET",Down,BUY,24.783046,0.8909315263345756,0xa9516451a7fdca26da523732358d94cc916143918074a1f9dd263358eaddffcf,2026-05-04 18:55:12,0x23c8a385889504742ade796c52cd35e63bdd18896907d748d0355321d171c0f7,bitcoin-up-or-down-may-4-2026-11am-et
"Bitcoin Up or Down - May 4, 11AM ET",Down,BUY,15.671635,0.8709999945761882,0xa9516451a7fdca26da523732358d94cc916143918074a1f9dd263358eaddffcf,2026-05-04 18:55:12,0x4df38b2a8b729d1987f0602090e1f49c8b9c090a67c52132bf4b043a3e8cbe22,bitcoin-up-or-down-may-4-2026-11am-et
"Bitcoin Up or Down - May 4, 11AM ET",Down,BUY,25.034008,0.8819999977630429,0xa9516451a7fdca26da523732358d94cc916143918074a1f9dd263358eaddffcf,2026-05-04 18:55:12,0x54ebd1524e2ba20dbb9c6b724d02c3dd592df4e9ed850452eeede07d7f224cde,bitcoin-up-or-down-may-4-2026-11am-et
"Bitcoin Up or Down - May 4, 11AM ET",Down,BUY,36.058813,0.876900551329851,0xa9516451a7fdca26da523732358d94cc916143918074a1f9dd263358eaddffcf,2026-05-04 18:55:12,0x0346a06e4d0910defe3b7a3079eaf38f8b4460f459efa1db35ba99d36c7df9d8,bitcoin-up-or-down-may-4-2026-11am-et
"Bitcoin Up or Down - May 4, 11AM ET",Down,BUY,10.675826,0.8711265994781107,0xa9516451a7fdca26da523732358d94cc916143918074a1f9dd263358eaddffcf,2026-05-04 18:55:12,0xa26fd56cda4a6b6e94708d9b74252e732744b367b2a1d833ab0dc82caaf806de,bitcoin-up-or-down-may-4-2026-11am-et
"Bitcoin Up or Down - May 4, 11AM ET",Up,BUY,125.31,0.10724124172053308,0xa9516451a7fdca26da523732358d94cc916143918074a1f9dd263358eaddffcf,2026-05-04 18:55:12,0x4cd0f57538416f04cf0fb943b8fd0169c00f93662b486f538b108ec40c8cb795,bitcoin-up-or-down-may-4-2026-11am-et
"Bitcoin Up or Down - May 4, 11AM ET",Up,BUY,211.393665,0.11353225272857632,0xa9516451a7fdca26da523732358d94cc916143918074a1f9dd263358eaddffcf,2026-05-04 18:55:12,0xc2c96289e9bdf0520a40391427538e1dec5dade7a1580a51d446d27da79cae08,bitcoin-up-or-down-may-4-2026-11am-et
"Bitcoin Up or Down - May 4, 11AM ET",Up,BUY,204.606887,0.08797357344085881,0xa9516451a7fdca26da523732358d94cc916143918074a1f9dd263358eaddffcf,2026-05-04 18:55:12,0x2ec12decf4984b220d6e4504c72e457297ac5e2cd48d33b64f65742c331d3b89,bitcoin-up-or-down-may-4-2026-11am-et
"Bitcoin Up or Down - May 4, 11AM ET",Up,BUY,233.75,0.11978609625668449,0xa9516451a7fdca26da523732358d94cc916143918074a1f9dd263358eaddffcf,2026-05-04 18:55:12,0x79ff9d0581e6e6c3bb7b644c2fb333851e35aef41cb8e92510dc1f69d2c0c926,bitcoin-up-or-down-may-4-2026-11am-et
"Bitcoin Up or Down - May 4, 11AM ET",Up,BUY,15,0.1,0xa9516451a7fdca26da523732358d94cc916143918074a1f9dd263358eaddffcf,2026-05-04 18:55:12,0x02f4e81efb18d8b8ebf23cf1de5262e37cc8aed4f8a72022bc10f465908e16da,bitcoin-up-or-down-may-4-2026-11am-et
"Bitcoin Up or Down - May 4, 11AM ET",Up,BUY,111.77,0.07,0xa9516451a7fdca26da523732358d94cc916143918074a1f9dd263358eaddffcf,2026-05-04 18:55:10,0x4832108c7dd25f8cd410e429df0ab44ac0a1d14e47c122d88068752138b86ad2,bitcoin-up-or-down-may-4-2026-11am-et
"Bitcoin Up or Down - May 4, 11AM ET",Up,BUY,229.285713,0.06978192749410426,0xa9516451a7fdca26da523732358d94cc916143918074a1f9dd263358eaddffcf,2026-05-04 18:55:10,0xdbf02ba9ef6f5d479ba8488342f0e19eab3e9f0b0fb448071baacb2d2cdff4b3,bitcoin-up-or-down-may-4-2026-11am-et
"Bitcoin Up or Down - May 4, 11AM ET",Up,BUY,259.23,0.03,0xa9516451a7fdca26da523732358d94cc916143918074a1f9dd263358eaddffcf,2026-05-04 18:55:10,0x13f196984aa0a26d51934dc356f1fcbb39f1e6c15d635180d18f96b2cb0d4279,bitcoin-up-or-down-may-4-2026-11am-et
"Bitcoin Up or Down - May 4, 11AM ET",Up,BUY,204.155713,0.06857510276971775,0xa9516451a7fdca26da523732358d94cc916143918074a1f9dd263358eaddffcf,2026-05-04 18:55:10,0x142b94a66a844290bf2837d4855120fc12531302450b28a884bfe24ae11740b8,bitcoin-up-or-down-may-4-2026-11am-et
"Bitcoin Up or Down - May 4, 11AM ET",Up,BUY,228.571427,0.06999999610624998,0xa9516451a7fdca26da523732358d94cc916143918074a1f9dd263358eaddffcf,2026-05-04 18:55:10,0xa903e82ba28ab264de6eef9da6105d420690da10e8276ba641a75e6f63c7cde9,bitcoin-up-or-down-may-4-2026-11am-et
"Bitcoin Up or Down - May 4, 11AM ET",Up,BUY,189.49,0.06,0xa9516451a7fdca26da523732358d94cc916143918074a1f9dd263358eaddffcf,2026-05-04 18:55:10,0x5f38df2ed9b9f74591dbc28e7332d63c9fc1e8f84f4f76f868b69e0e7f6aa549,bitcoin-up-or-down-may-4-2026-11am-et
"Bitcoin Up or Down - May 4, 11AM ET",Up,BUY,200,0.03,0xa9516451a7fdca26da523732358d94cc916143918074a1f9dd263358eaddffcf,2026-05-04 18:55:10,0xe6b0bc89194d5f641f741365826524fcb2a42d0fbba029e179b3689994dea49a,bitcoin-up-or-down-may-4-2026-11am-et
"Bitcoin Up or Down - May 4, 11AM ET",Up,BUY,222.222221,0.06299999584649997,0xa9516451a7fdca26da523732358d94cc916143918074a1f9dd263358eaddffcf,2026-05-04 18:45:22,0x187eff62055b2ba4a6e80c527b3a7a2c66e731cfcc145bdc61c3e6b50c7d16dc,bitcoin-up-or-down-may-4-2026-11am-et
"Bitcoin Up or Down - May 4, 11AM ET",Up,BUY,131.18,0.08,0xa9516451a7fdca26da523732358d94cc916143918074a1f9dd263358eaddffcf,2026-05-04 18:45:22,0x89b8a8a0be3a061ac6cffd3fb69db3ee16b6b992c9bf61b927c427c91496f0a1,bitcoin-up-or-down-may-4-2026-11am-et
"Bitcoin Up or Down - May 4, 11AM ET",Up,BUY,201.875,0.07925696594427245,0xa9516451a7fdca26da523732358d94cc916143918074a1f9dd263358eaddffcf,2026-05-04 18:45:22,0x50b3613449d527f1df3ad39cfc4d3753899cd18cf60ef8bd08a619ae17410c11,bitcoin-up-or-down-may-4-2026-11am-et
"Bitcoin Up or Down - May 4, 11:30AM-11:45AM ET",Down,BUY,77,0.12,0xaaea0e1f787a9ee4772a0dcf52a4f8f76d52b9209a2750f628fea3554c9130a4,2026-05-04 18:43:28,0xdf4ddb5a53600c0afca03b75ed2b0ac541db55b1e379635e6d0f9546ea5feb91,btc-updown-15m-1777908600
"Bitcoin Up or Down - May 4, 11:30AM-11:45AM ET",Down,BUY,29.88,0.11,0xaaea0e1f787a9ee4772a0dcf52a4f8f76d52b9209a2750f628fea3554c9130a4,2026-05-04 18:43:28,0x560277b5c9b1e38f85bf991fa10d5050aa56f530dcf5d237465899f0e3314aed,btc-updown-15m-1777908600
"Bitcoin Up or Down - May 4, 11:30AM-11:45AM ET",Down,BUY,36.84,0.1,0xaaea0e1f787a9ee4772a0dcf52a4f8f76d52b9209a2750f628fea3554c9130a4,2026-05-04 18:43:28,0x4621e36623e25d6ad19795f545776284b30ed08a55bcf56a7bc6c619a046f4e0,btc-updown-15m-1777908600
"Bitcoin Up or Down - May 4, 11:30AM-11:45AM ET",Down,BUY,37.182,0.09144209563767414,0xaaea0e1f787a9ee4772a0dcf52a4f8f76d52b9209a2750f628fea3554c9130a4,2026-05-04 18:43:12,0xf4dcda0caa90239f0e2f3ee1afd9c8d542f85c83dd2f23a0fafd469d827c557d,btc-updown-15m-1777908600
"Bitcoin Up or Down - May 4, 11:30AM-11:45AM ET",Down,BUY,153.81,0.22,0xaaea0e1f787a9ee4772a0dcf52a4f8f76d52b9209a2750f628fea3554c9130a4,2026-05-04 18:42:28,0x45df796e82908f61fe3b2ed855649106d5a5b1368f8b1f125715acbbb9862f1f,btc-updown-15m-1777908600
"Bitcoin Up or Down - May 4, 11:30AM-11:45AM ET",Down,BUY,29.99,0.21,0xaaea0e1f787a9ee4772a0dcf52a4f8f76d52b9209a2750f628fea3554c9130a4,2026-05-04 18:42:28,0x256b4b7797f90f7fd3704d62b851e313d31eb170c37afe1d688a3726383c387c,btc-updown-15m-1777908600
"Bitcoin Up or Down - May 4, 11AM ET",Up,BUY,20,0.05,0xa9516451a7fdca26da523732358d94cc916143918074a1f9dd263358eaddffcf,2026-05-04 18:38:44,0xf0b863270d402148d4140dfd64fbf76a8cc650b87dfee69866151ad1279fe552,bitcoin-up-or-down-may-4-2026-11am-et
"Bitcoin Up or Down - May 4, 11AM ET",Up,BUY,200,0.05,0xa9516451a7fdca26da523732358d94cc916143918074a1f9dd263358eaddffcf,2026-05-04 18:38:42,0x7c7894bd8141d0197bfb20c873970b7727143c9a3fd536c49df1c4adb9053518,bitcoin-up-or-down-may-4-2026-11am-et
"Bitcoin Up or Down - May 4, 11AM ET",Up,BUY,15.11,0.05,0xa9516451a7fdca26da523732358d94cc916143918074a1f9dd263358eaddffcf,2026-05-04 18:38:10,0xc3eb07b6603260e0550234ea23ca5a2b42fd4b093e3b14bcfb61425d8e348b91,bitcoin-up-or-down-may-4-2026-11am-et
"Bitcoin Up or Down - May 4, 11AM ET",Up,BUY,43.32,0.05,0xa9516451a7fdca26da523732358d94cc916143918074a1f9dd263358eaddffcf,2026-05-04 18:38:10,0x9113d6cb1917c8b24ae53c07be18e1f3adfb9d5ac985f9e302fe9e8480008c52,bitcoin-up-or-down-may-4-2026-11am-et
"Bitcoin Up or Down - May 4, 11AM ET",Up,BUY,53.73,0.04,0xa9516451a7fdca26da523732358d94cc916143918074a1f9dd263358eaddffcf,2026-05-04 18:38:10,0xfa872d7acf1deb600fc5839c41ccd1287dae990c828689ae0d103cf72cd0559a,bitcoin-up-or-down-may-4-2026-11am-et
"Bitcoin Up or Down - May 4, 11:30AM-11:35AM ET",Up,BUY,111.288887,0.08087059941573502,0x4e39c294259a3c498bd78a9209a62c32ac8717ecd6aaeeed0270715b001b7aee,2026-05-04 18:33:46,0x971dfcbf520de15e433729d3ed7a37dac85d9940002b40401175c1c70621bb18,btc-updown-5m-1777908600
"Bitcoin Up or Down - May 4, 11:30AM-11:35AM ET",Up,BUY,17,0.07,0x4e39c294259a3c498bd78a9209a62c32ac8717ecd6aaeeed0270715b001b7aee,2026-05-04 18:33:46,0x1339b80f2e2532786edfe0c54034012cb895152584e067d3b970a0fb5d5360c6,btc-updown-5m-1777908600
"Bitcoin Up or Down - May 4, 11:30AM-11:35AM ET",Up,BUY,27.91,0.08,0x4e39c294259a3c498bd78a9209a62c32ac8717ecd6aaeeed0270715b001b7aee,2026-05-04 18:33:46,0xd38af1144bd1017097a2650e560c175cb3ca61a34d23a326583184d77e9d7e76,btc-updown-5m-1777908600
"Bitcoin Up or Down - May 4, 11:30AM-11:35AM ET",Up,BUY,136.714,0.08045993826528373,0x4e39c294259a3c498bd78a9209a62c32ac8717ecd6aaeeed0270715b001b7aee,2026-05-04 18:33:46,0xd970ef4306db8fdba484e75a3e1e21183a90f0c5e908422a189005424d0914e3,btc-updown-5m-1777908600
"Bitcoin Up or Down - May 4, 11:30AM-11:35AM ET",Up,BUY,200,0.05,0x4e39c294259a3c498bd78a9209a62c32ac8717ecd6aaeeed0270715b001b7aee,2026-05-04 18:33:46,0xb8036de6c0f3af0f4c20a6292d3e75cae7048442f270273d03eb6e4f15aff1de,btc-updown-5m-1777908600
"Bitcoin Up or Down - May 4, 11:30AM-11:35AM ET",Up,BUY,66,0.08757575757575757,0x4e39c294259a3c498bd78a9209a62c32ac8717ecd6aaeeed0270715b001b7aee,2026-05-04 18:33:40,0x800ace8192aba783295a39e09cd21bc04d247bed05d1c5cee72c089790b93e5f,btc-updown-5m-1777908600
"Bitcoin Up or Down - May 4, 11:30AM-11:35AM ET",Up,BUY,70.18,0.08,0x4e39c294259a3c498bd78a9209a62c32ac8717ecd6aaeeed0270715b001b7aee,2026-05-04 18:33:40,0xd43fba78bd3f2d2a16abab8c4699aff226069e5598bc9c5c96d5e9b2ca076d47,btc-updown-5m-1777908600
"Bitcoin Up or Down - May 4, 11:30AM-11:35AM ET",Up,BUY,8.11,0.05,0x4e39c294259a3c498bd78a9209a62c32ac8717ecd6aaeeed0270715b001b7aee,2026-05-04 18:33:30,0x563ed10db8127d2c44ed670364a7078e21e05d409247ca914729872ae13bacde,btc-updown-5m-1777908600
"Bitcoin Up or Down - May 4, 11:30AM-11:35AM ET",Up,BUY,21.81,0.06,0x4e39c294259a3c498bd78a9209a62c32ac8717ecd6aaeeed0270715b001b7aee,2026-05-04 18:33:24,0xb668b6876301f2edbbb937ff3eaf22aea2c609dddd35d5d5990ad66b4a27dd9a,btc-updown-5m-1777908600
"Bitcoin Up or Down - May 4, 11:30AM-11:35AM ET",Up,BUY,5,0.05,0x4e39c294259a3c498bd78a9209a62c32ac8717ecd6aaeeed0270715b001b7aee,2026-05-04 18:33:22,0x98f35eb5a321000c0febc452644109bfdbbc82545a67a0de2e7f66d22da7e355,btc-updown-5m-1777908600
"Bitcoin Up or Down - May 4, 11:30AM-11:35AM ET",Up,BUY,120,0.05,0x4e39c294259a3c498bd78a9209a62c32ac8717ecd6aaeeed0270715b001b7aee,2026-05-04 18:33:20,0xde99977ab533862cf55f4f00667b2aa0c4743a7eb9571262fcb6bcc7804303ec,btc-updown-5m-1777908600
"Bitcoin Up or Down - May 4, 11:30AM-11:45AM ET",Down,BUY,61.813332,0.75,0xaaea0e1f787a9ee4772a0dcf52a4f8f76d52b9209a2750f628fea3554c9130a4,2026-05-04 18:33:16,0xed8c5e18ef69a1a438ece8bf1b88c8ec36fe7b989839c0a91829f9b1313ecd59,btc-updown-15m-1777908600
"Bitcoin Up or Down - May 4, 11:30AM-11:35AM ET",Down,BUY,24.22,0.95,0x4e39c294259a3c498bd78a9209a62c32ac8717ecd6aaeeed0270715b001b7aee,2026-05-04 18:33:16,0x67ccc27e7ae4a23f9ef30eb3edf463985ca7437fb40dab2ed18198809fa7a747,btc-updown-5m-1777908600
"Bitcoin Up or Down - May 4, 11AM ET",Down,BUY,200,0.96,0xa9516451a7fdca26da523732358d94cc916143918074a1f9dd263358eaddffcf,2026-05-04 18:33:14,0xa15dd4273004d28a27be21e697cb2698ac1bac4f9ad21a3c5d846fb8057b98cb,bitcoin-up-or-down-may-4-2026-11am-et
"Bitcoin Up or Down - May 4, 11:30AM-11:35AM ET",Down,BUY,101.05263,0.9499999950520832,0x4e39c294259a3c498bd78a9209a62c32ac8717ecd6aaeeed0270715b001b7aee,2026-05-04 18:33:10,0x4e8150f47c5e8115239b0570494b96788bcd88f54a7f644e21710f18cd2e70f5,btc-updown-5m-1777908600
"Bitcoin Up or Down - May 4, 11:30AM-11:35AM ET",Down,BUY,100,0.95,0x4e39c294259a3c498bd78a9209a62c32ac8717ecd6aaeeed0270715b001b7aee,2026-05-04 18:33:08,0xeec7ef663c11028da809913ca2bd1e762eecadb1d23856264fd0a8d0ac4e2d8c,btc-updown-5m-1777908600
"Bitcoin Up or Down - May 4, 11:30AM-11:35AM ET",Up,BUY,20,0.07,0x4e39c294259a3c498bd78a9209a62c32ac8717ecd6aaeeed0270715b001b7aee,2026-05-04 18:32:52,0x1a71495f3d8dd8531ec31e30acf1a0b67c4a7454b6d71fc89f14f1d3af0d172a,btc-updown-5m-1777908600
"Bitcoin Up or Down - May 4, 11:30AM-11:35AM ET",Up,BUY,5,0.08,0x4e39c294259a3c498bd78a9209a62c32ac8717ecd6aaeeed0270715b001b7aee,2026-05-04 18:32:42,0x273843aaa105110167d771d8609f1e4d923aae5e6e69b591e4249ad792db9f33,btc-updown-5m-1777908600
"Bitcoin Up or Down - May 4, 11:30AM-11:35AM ET",Up,BUY,15,0.07,0x4e39c294259a3c498bd78a9209a62c32ac8717ecd6aaeeed0270715b001b7aee,2026-05-04 18:32:42,0xd3a2d21623237d7d1619f370f656108943e76abe142814ea9f86d49775e0f0a2,btc-updown-5m-1777908600
"Bitcoin Up or Down - May 4, 11:30AM-11:35AM ET",Down,BUY,102.12765,0.94,0x4e39c294259a3c498bd78a9209a62c32ac8717ecd6aaeeed0270715b001b7aee,2026-05-04 18:32:28,0x02e566052a7c725827d84f870f78cbd5123f532b8d1f37d45068f1b5a3bbd4bf,btc-updown-5m-1777908600
"Bitcoin Up or Down - May 4, 11:30AM-11:35AM ET",Down,BUY,100,0.94,0x4e39c294259a3c498bd78a9209a62c32ac8717ecd6aaeeed0270715b001b7aee,2026-05-04 18:32:28,0xb84bd697f78c18325ce51aabf01d60430930b3fc4b21b4805eaa475c7a191ab9,btc-updown-5m-1777908600
"Bitcoin Up or Down - May 4, 11:30AM-11:35AM ET",Down,BUY,101.063816,0.9399999996042104,0x4e39c294259a3c498bd78a9209a62c32ac8717ecd6aaeeed0270715b001b7aee,2026-05-04 18:32:28,0x08459e8e7acd6212f205c373073cbf1b25bdeca85734c3a966799bdba1e46368,btc-updown-5m-1777908600
"Bitcoin Up or Down - May 4, 11AM ET",Down,BUY,202.10526,0.95,0xa9516451a7fdca26da523732358d94cc916143918074a1f9dd263358eaddffcf,2026-05-04 18:32:24,0x497064b7e9fd13b2f6716502427d047658520b7def4d96bcf682007f28c31063,bitcoin-up-or-down-may-4-2026-11am-et
"Bitcoin Up or Down - May 4, 11AM ET",Down,BUY,200,0.95,0xa9516451a7fdca26da523732358d94cc916143918074a1f9dd263358eaddffcf,2026-05-04 18:32:24,0x038621eb866127733f5ac6565897236db2d260ba282fd0e3d6a0862b8218ad4d,bitcoin-up-or-down-may-4-2026-11am-et
"Bitcoin Up or Down - May 4, 11:30AM-11:35AM ET",Up,BUY,100,0.28,0x4e39c294259a3c498bd78a9209a62c32ac8717ecd6aaeeed0270715b001b7aee,2026-05-04 18:32:08,0x034822ea9ed5dcdb6a2f3ab6d22ec96438a967730ef1ac70f744c4b2e8c5df28,btc-updown-5m-1777908600
"Bitcoin Up or Down - May 4, 11:30AM-11:35AM ET",Down,BUY,8.3,0.61,0x4e39c294259a3c498bd78a9209a62c32ac8717ecd6aaeeed0270715b001b7aee,2026-05-04 18:31:28,0x570816b4aa8983a77633350ade8001fde6301a2b11b739e1dcfcd255522a92ac,btc-updown-5m-1777908600
"Bitcoin Up or Down - May 4, 11:30AM-11:35AM ET",Up,BUY,103.125,0.32,0x4e39c294259a3c498bd78a9209a62c32ac8717ecd6aaeeed0270715b001b7aee,2026-05-04 18:31:14,0x315913d27a945e69515c686a0d22592c86f2006f0d898c9c70d9aa2005b9489a,btc-updown-5m-1777908600
"Bitcoin Up or Down - May 4, 11:30AM-11:35AM ET",Down,BUY,17,0.56,0x4e39c294259a3c498bd78a9209a62c32ac8717ecd6aaeeed0270715b001b7aee,2026-05-04 18:30:42,0x064f65a750665521a1d8b6482c73f862b41c72919d3cdbc15eb7ee13486f420c,btc-updown-5m-1777908600
"Bitcoin Up or Down - May 4, 11:30AM-11:35AM ET",Up,BUY,101.694914,0.5899999974433333,0x4e39c294259a3c498bd78a9209a62c32ac8717ecd6aaeeed0270715b001b7aee,2026-05-04 18:30:20,0xe562a96f5ec0ee1a5b234f5878891f7b6e17dfea50973ed19a8fdfb38e9d3e37,btc-updown-5m-1777908600
"Bitcoin Up or Down - May 4, 11:30AM-11:35AM ET",Up,BUY,100,0.59,0x4e39c294259a3c498bd78a9209a62c32ac8717ecd6aaeeed0270715b001b7aee,2026-05-04 18:30:20,0x2b3542a4607951c52a72a19ee6cfaaec3150b8e6f8fb0837e2a8d98bf9a65020,btc-updown-5m-1777908600
"Bitcoin Up or Down - May 4, 11:30AM-11:35AM ET",Up,BUY,103.389829,0.5899999989360656,0x4e39c294259a3c498bd78a9209a62c32ac8717ecd6aaeeed0270715b001b7aee,2026-05-04 18:30:20,0xb344ec00c338fd9f9f0b0ca9ef419b1b8af1dfe66d7926ecb741378ea5a192c2,btc-updown-5m-1777908600
"Bitcoin Up or Down - May 4, 11:25AM-11:30AM ET",Up,BUY,105.338687,0.9113460090878103,0x55a61a8a413c08315ec0cfac3b6012c1e2bfa356c903cc541f374975df77b573,2026-05-04 18:28:12,0x7f626f7907bbeee1d54b91ab8d9801d42e2de90f3593c5fcc3f54efd7d554e0e,btc-updown-5m-1777908300
"Bitcoin Up or Down - May 4, 11:25AM-11:30AM ET",Up,BUY,100,0.95,0x55a61a8a413c08315ec0cfac3b6012c1e2bfa356c903cc541f374975df77b573,2026-05-04 18:28:00,0x4269842045486e149a02d45feb4bf1335e703aaa6e288b0b8e8acbc78bb5199a,btc-updown-5m-1777908300
"Bitcoin Up or Down - May 4, 11:25AM-11:30AM ET",Down,BUY,100,0.1,0x55a61a8a413c08315ec0cfac3b6012c1e2bfa356c903cc541f374975df77b573,2026-05-04 18:27:44,0x9485c3f4280b8e6335a4cda9324bc3338ebd908b52d09390740f0ac7749943f1,btc-updown-5m-1777908300
"Bitcoin Up or Down - May 4, 11:25AM-11:30AM ET",Down,BUY,100,0.1,0x55a61a8a413c08315ec0cfac3b6012c1e2bfa356c903cc541f374975df77b573,2026-05-04 18:27:30,0x0c2b76d7a39b859100b8f1d2566dc5dcf19cdca7d5094a85c5af262437e582f6,btc-updown-5m-1777908300
"Bitcoin Up or Down - May 4, 11:25AM-11:30AM ET",Down,BUY,62,0.09,0x55a61a8a413c08315ec0cfac3b6012c1e2bfa356c903cc541f374975df77b573,2026-05-04 18:27:28,0xd4683a827af93da18afb09f4706d77a004eb8e11833006b737ff173453b5931d,btc-updown-5m-1777908300
"Bitcoin Up or Down - May 4, 11:25AM-11:30AM ET",Down,BUY,100,0.1,0x55a61a8a413c08315ec0cfac3b6012c1e2bfa356c903cc541f374975df77b573,2026-05-04 18:27:26,0x3909f179f1cbbeb9d49715752f7f5f6d3f8bc25c7ea6b2b38cad451ea48d90dc,btc-updown-5m-1777908300
"Bitcoin Up or Down - May 4, 11:25AM-11:30AM ET",Down,BUY,85.64,0.34,0x55a61a8a413c08315ec0cfac3b6012c1e2bfa356c903cc541f374975df77b573,2026-05-04 18:26:44,0xa55107f2222b5bec9199217ea95698f452f7c81057478d99cbef64627315c1c0,btc-updown-5m-1777908300
"Bitcoin Up or Down - May 4, 11:25AM-11:30AM ET",Up,BUY,100,0.66,0x55a61a8a413c08315ec0cfac3b6012c1e2bfa356c903cc541f374975df77b573,2026-05-04 18:26:34,0xc4a0cd9714be3a6e9387c503c8eb69086e317bd7febab199b9244195b840a7f9,btc-updown-5m-1777908300
"Bitcoin Up or Down - May 4, 11:25AM-11:30AM ET",Up,BUY,101.51515,0.66,0x55a61a8a413c08315ec0cfac3b6012c1e2bfa356c903cc541f374975df77b573,2026-05-04 18:26:32,0xa679fd3ccd6d2935e874408ad5f81a5bb59b72b3f846cd9ed654149c5625ed0d,btc-updown-5m-1777908300
"Bitcoin Up or Down - May 4, 11:25AM-11:30AM ET",Up,BUY,37.25,0.55,0x55a61a8a413c08315ec0cfac3b6012c1e2bfa356c903cc541f374975df77b573,2026-05-04 18:26:26,0x9820bced523cedc731a190d45a2f819dde6168c827b58cdce46c3aa97e36fda2,btc-updown-5m-1777908300
"Bitcoin Up or Down - May 4, 11:25AM-11:30AM ET",Up,BUY,100,0.54,0x55a61a8a413c08315ec0cfac3b6012c1e2bfa356c903cc541f374975df77b573,2026-05-04 18:26:20,0xacca13385bdae9d7035c5ec37de07fb4984b96ebdfd114a36ae3d9e8bafcf2ed,btc-updown-5m-1777908300
"Bitcoin Up or Down - May 4, 11:25AM-11:30AM ET",Up,BUY,69.38,0.57,0x55a61a8a413c08315ec0cfac3b6012c1e2bfa356c903cc541f374975df77b573,2026-05-04 18:26:12,0x46d7bacd447c591234f2f79c5885bee5ba4f8335e3a2b91f7776bada15f702f5,btc-updown-5m-1777908300
"Bitcoin Up or Down - May 4, 11:20AM-11:25AM ET",Up,BUY,103.874284,0.41396192921050606,0xe259bd7ba8440202507be836ed36e2936a2b3aa2fccc6dde5ae8f2505771c1cb,2026-05-04 18:24:36,0xa400d7289c5670b6d1b0a3064f90fdc268c51cddf8f148fbde291b2e5fa7638b,btc-updown-5m-1777908000
"Bitcoin Up or Down - May 4, 11:20AM-11:25AM ET",Up,BUY,102.5,0.4,0xe259bd7ba8440202507be836ed36e2936a2b3aa2fccc6dde5ae8f2505771c1cb,2026-05-04 18:24:36,0xa03ccd18ac7ede462a0aaa681abac654d35aaa1c4066e05adc175844f557970c,btc-updown-5m-1777908000
"Bitcoin Up or Down - May 4, 11:20AM-11:25AM ET",Up,BUY,102.55068,0.43880741697665976,0xe259bd7ba8440202507be836ed36e2936a2b3aa2fccc6dde5ae8f2505771c1cb,2026-05-04 18:24:36,0x666325247520841ecde71dd5bfa8a8bbf6ba9b1d738b8a1fc2366f9cfcf4a6e9,btc-updown-5m-1777908000
"Bitcoin Up or Down - May 4, 11:20AM-11:25AM ET",Up,BUY,110.09175,0.39966664168750154,0xe259bd7ba8440202507be836ed36e2936a2b3aa2fccc6dde5ae8f2505771c1cb,2026-05-04 18:24:36,0x055337bb5d7732e5b1c7a13acb4265118010d933e99cb74df02e7a1750f5de87,btc-updown-5m-1777908000
"Bitcoin Up or Down - May 4, 11:20AM-11:25AM ET",Up,BUY,54.79,0.3856305895236357,0xe259bd7ba8440202507be836ed36e2936a2b3aa2fccc6dde5ae8f2505771c1cb,2026-05-04 18:24:36,0xe8a452004af5afab7b8e848c810d2337b3717a7cd399551d4d27c89f344d5e3a,btc-updown-5m-1777908000
"Bitcoin Up or Down - May 4, 11:20AM-11:25AM ET",Up,BUY,36.12,0.37,0xe259bd7ba8440202507be836ed36e2936a2b3aa2fccc6dde5ae8f2505771c1cb,2026-05-04 18:24:36,0x291cd2b5c140851bbe4432b25deb4babba24cebcc6fe070b22ce94ea3d565687,btc-updown-5m-1777908000
"Bitcoin Up or Down - May 4, 11:20AM-11:25AM ET",Up,BUY,35.37,0.36,0xe259bd7ba8440202507be836ed36e2936a2b3aa2fccc6dde5ae8f2505771c1cb,2026-05-04 18:24:20,0x2f90f56c483284e031e6a96708b12cd01f09f2a954814ecf20d2ed99a1331c1e,btc-updown-5m-1777908000
"Bitcoin Up or Down - May 4, 11:20AM-11:25AM ET",Up,BUY,105.555554,0.3599999958315789,0xe259bd7ba8440202507be836ed36e2936a2b3aa2fccc6dde5ae8f2505771c1cb,2026-05-04 18:24:18,0x9e540b1fe719595dc282d1f9f441db671d823313d3ade3577c4a08053d8b2cf9,btc-updown-5m-1777908000
"Bitcoin Up or Down - May 4, 11:20AM-11:25AM ET",Up,BUY,10,0.34,0xe259bd7ba8440202507be836ed36e2936a2b3aa2fccc6dde5ae8f2505771c1cb,2026-05-04 18:24:18,0xc81a1b062bff6065b2d584101fcf0ff3512c1b4d5000a22af02bdf175d5819f3,btc-updown-5m-1777908000
"Bitcoin Up or Down - May 4, 11:20AM-11:25AM ET",Up,BUY,116.43263,0.35213495563915376,0xe259bd7ba8440202507be836ed36e2936a2b3aa2fccc6dde5ae8f2505771c1cb,2026-05-04 18:24:18,0xa6888b44a16553259b901f6eb314838eefb35dafd258cbbbdd24ccaaf66ab689,btc-updown-5m-1777908000
"Bitcoin Up or Down - May 4, 11:20AM-11:25AM ET",Up,BUY,37.8,0.37,0xe259bd7ba8440202507be836ed36e2936a2b3aa2fccc6dde5ae8f2505771c1cb,2026-05-04 18:24:18,0x9aabedf42f4ee2ffc131d1b062206faeccfba7472117594ef261df2addbd7b9a,btc-updown-5m-1777908000
"Bitcoin Up or Down - May 4, 11:20AM-11:25AM ET",Up,BUY,110.023683,0.3635580804907249,0xe259bd7ba8440202507be836ed36e2936a2b3aa2fccc6dde5ae8f2505771c1cb,2026-05-04 18:24:18,0xeaaa0616174099119648485688bcdccab4e02f723a81d7f024e0355529297318,btc-updown-5m-1777908000
"Bitcoin Up or Down - May 4, 11:20AM-11:25AM ET",Up,BUY,41.84,0.37,0xe259bd7ba8440202507be836ed36e2936a2b3aa2fccc6dde5ae8f2505771c1cb,2026-05-04 18:24:18,0x99888446f170d5a0257b231910d5e7c5594dac467dd77a98b7ffd4be9f8bc290,btc-updown-5m-1777908000
"Bitcoin Up or Down - May 4, 11:20AM-11:25AM ET",Up,BUY,24.91,0.36,0xe259bd7ba8440202507be836ed36e2936a2b3aa2fccc6dde5ae8f2505771c1cb,2026-05-04 18:24:08,0x84a32e02d412b80bea5d1a639afb05186368f9d3f1634c358ab1296b3b39033c,btc-updown-5m-1777908000
"Bitcoin Up or Down - May 4, 11:20AM-11:25AM ET",Up,BUY,104.395,0.35442310455481585,0xe259bd7ba8440202507be836ed36e2936a2b3aa2fccc6dde5ae8f2505771c1cb,2026-05-04 18:24:04,0x20c22ca9236be6004cd3aab0a405f0a7de2a2c3d7bbff17d9cf769ae353e7e9a,btc-updown-5m-1777908000
"Bitcoin Up or Down - May 4, 11:20AM-11:25AM ET",Up,BUY,36.84,0.34,0xe259bd7ba8440202507be836ed36e2936a2b3aa2fccc6dde5ae8f2505771c1cb,2026-05-04 18:24:02,0x8ed60225a8564d6570c79e99c0f0550ac0511ea56963caa6338c821a649fd525,btc-updown-5m-1777908000
"Bitcoin Up or Down - May 4, 11AM ET",Down,BUY,200,0.86,0xa9516451a7fdca26da523732358d94cc916143918074a1f9dd263358eaddffcf,2026-05-04 18:23:38,0x53d90030b0103460060a7843247144fb9f631c3d9608a71cf3033dc46dc52139,bitcoin-up-or-down-may-4-2026-11am-et
"Bitcoin Up or Down - May 4, 11:20AM-11:25AM ET",Up,BUY,52.13,0.35,0xe259bd7ba8440202507be836ed36e2936a2b3aa2fccc6dde5ae8f2505771c1cb,2026-05-04 18:23:24,0x4719cb5aa4bf96d3b9bb062d8e2fdafd74e0b233035308ee709725e34f004697,btc-updown-5m-1777908000
"Bitcoin Up or Down - May 4, 11:15AM-11:30AM ET",Up,BUY,194,0.06,0xc4c1e41063443e13fafbdb9e166b966d6dd13b36fea165370c1b6782de171efe,2026-05-04 18:22:38,0x5ffd61804ac118d512c7fe9bf53ed1cde0d0b61d3506a16f61846aa66512f213,btc-updown-15m-1777907700
"Bitcoin Up or Down - May 4, 11:15AM-11:30AM ET",Up,BUY,68.18,0.05,0xc4c1e41063443e13fafbdb9e166b966d6dd13b36fea165370c1b6782de171efe,2026-05-04 18:22:38,0x70669938bd2a6ae254f46fa697cb5578822571a604526373b64ea819043d4d80,btc-updown-15m-1777907700
"Bitcoin Up or Down - May 4, 11:20AM-11:25AM ET",Down,BUY,8.685184,0.539999958550101,0xe259bd7ba8440202507be836ed36e2936a2b3aa2fccc6dde5ae8f2505771c1cb,2026-05-04 18:22:38,0x8d763cd2943698fa413ad886b9c64a39269d0429fc0bf07ff6e09daa28d11d49,btc-updown-5m-1777908000
"Bitcoin Up or Down - May 4, 11:20AM-11:25AM ET",Down,BUY,5.81818,0.55,0xe259bd7ba8440202507be836ed36e2936a2b3aa2fccc6dde5ae8f2505771c1cb,2026-05-04 18:22:36,0x2380d59cac640bf465147b2050b9481b4cf63a4bf243bc8ff44efbc5b5affbae,btc-updown-5m-1777908000
"Bitcoin Up or Down - May 4, 11:20AM-11:25AM ET",Down,BUY,39.194544,0.5434429598160397,0xe259bd7ba8440202507be836ed36e2936a2b3aa2fccc6dde5ae8f2505771c1cb,2026-05-04 18:22:36,0x40fdc678c4c0260c25badcae54f75807a02d67a5d8627c750731214ee39398d4,btc-updown-5m-1777908000
"Bitcoin Up or Down - May 4, 11:20AM-11:25AM ET",Down,BUY,88.819671,0.6099999965097822,0xe259bd7ba8440202507be836ed36e2936a2b3aa2fccc6dde5ae8f2505771c1cb,2026-05-04 18:22:32,0x7c6e1d1f7c60a0e4b9f1c17a4404e149ea84d0d9261c0edb494377053ed2f4db,btc-updown-5m-1777908000
"Bitcoin Up or Down - May 4, 11:20AM-11:25AM ET",Down,BUY,143.409835,0.6066529467801145,0xe259bd7ba8440202507be836ed36e2936a2b3aa2fccc6dde5ae8f2505771c1cb,2026-05-04 18:22:32,0x1b500eef6899fb8a4be9d6bd3b1fe5336cbb1b2d55b2e4abd45420e3088f9e62,btc-updown-5m-1777908000
"Bitcoin Up or Down - May 4, 11:20AM-11:25AM ET",Down,BUY,139.67213,0.6085680729577189,0xe259bd7ba8440202507be836ed36e2936a2b3aa2fccc6dde5ae8f2505771c1cb,2026-05-04 18:22:32,0x865885cdbedf6cf55e25b93a368e6d7010f780386e2f8ea2e57f5e035889a37d,btc-updown-5m-1777908000
"Bitcoin Up or Down - May 4, 11:20AM-11:25AM ET",Down,BUY,137.704917,0.6099999973130952,0xe259bd7ba8440202507be836ed36e2936a2b3aa2fccc6dde5ae8f2505771c1cb,2026-05-04 18:22:32,0x3d9772cbc84ddc22434f762d4a9a055b3bac45b856865478d66b52d029ef4788,btc-updown-5m-1777908000
"Bitcoin Up or Down - May 4, 11:20AM-11:25AM ET",Down,BUY,136.065571,0.6099999977216867,0xe259bd7ba8440202507be836ed36e2936a2b3aa2fccc6dde5ae8f2505771c1cb,2026-05-04 18:22:30,0xc5c8de780dfed3abe2d3c655584664e5fef1f94bfc22158b9a4c9cbaf18f3514,btc-updown-5m-1777908000
"Bitcoin Up or Down - May 4, 11:20AM-11:25AM ET",Down,BUY,38.852458,0.609999990219409,0xe259bd7ba8440202507be836ed36e2936a2b3aa2fccc6dde5ae8f2505771c1cb,2026-05-04 18:22:30,0x637b4906b414cd0953d6fb991c0161bcd456269185f8346e8ee23766f1e3ac2d,btc-updown-5m-1777908000
"Bitcoin Up or Down - May 4, 11:20AM-11:25AM ET",Down,BUY,10.754097,0.6099999841920711,0xe259bd7ba8440202507be836ed36e2936a2b3aa2fccc6dde5ae8f2505771c1cb,2026-05-04 18:22:30,0x6a88eef3733e3851e073b9d394356e02d87dec03aa2dc3d3504787f46c65b106,btc-updown-5m-1777908000
"Bitcoin Up or Down - May 4, 11:20AM-11:25AM ET",Down,BUY,23.116664,0.6229271663073876,0xe259bd7ba8440202507be836ed36e2936a2b3aa2fccc6dde5ae8f2505771c1cb,2026-05-04 18:22:26,0x1eab4907605419ef68287f6bf1cfe5c29771770bf3ff7bff58ae6e8e0fb42cf7,btc-updown-5m-1777908000
"Bitcoin Up or Down - May 4, 11:20AM-11:25AM ET",Down,BUY,64.491074,0.6405537299626922,0xe259bd7ba8440202507be836ed36e2936a2b3aa2fccc6dde5ae8f2505771c1cb,2026-05-04 18:22:26,0x15c0f7ff9726ac0f57970b90ef1623c9a21dc9ebdfee1b950855d6e6992d0156,btc-updown-5m-1777908000
"Bitcoin Up or Down - May 4, 11:20AM-11:25AM ET",Up,BUY,109.090908,0.21999999303333326,0xe259bd7ba8440202507be836ed36e2936a2b3aa2fccc6dde5ae8f2505771c1cb,2026-05-04 18:22:12,0x38174b8061677d479a1fb94983a945356c041fb95689ff8e5ae7a350ce0de67f,btc-updown-5m-1777908000
"Bitcoin Up or Down - May 4, 11:20AM-11:25AM ET",Up,BUY,105.880951,0.20778051946284465,0xe259bd7ba8440202507be836ed36e2936a2b3aa2fccc6dde5ae8f2505771c1cb,2026-05-04 18:22:08,0x6b5bfb68012362b0adaa51b5f673b7246c2d8b403679e707f27a4f68c8a0ec33,btc-updown-5m-1777908000
"Bitcoin Up or Down - May 4, 11:20AM-11:25AM ET",Up,BUY,58.96,0.19915196743554953,0xe259bd7ba8440202507be836ed36e2936a2b3aa2fccc6dde5ae8f2505771c1cb,2026-05-04 18:22:08,0xc8ee6f3fd77b5aa2709dc176dcc16a2868ae517f5f29f9baaeada283908284b2,btc-updown-5m-1777908000
"Bitcoin Up or Down - May 4, 11:20AM-11:25AM ET",Up,BUY,138.888887,0.17999999524799992,0xe259bd7ba8440202507be836ed36e2936a2b3aa2fccc6dde5ae8f2505771c1cb,2026-05-04 18:22:02,0xcc76e1f913854b26396d1b733f423525e30b4da0d9b0a824fa8985b9bd05aa5a,btc-updown-5m-1777908000
"Bitcoin Up or Down - May 4, 11:20AM-11:25AM ET",Up,BUY,128.894735,0.17844017445708701,0xe259bd7ba8440202507be836ed36e2936a2b3aa2fccc6dde5ae8f2505771c1cb,2026-05-04 18:22:02,0x1b0bd4aa2223acc6bee88335ead7926c8fde578623fde8a5c37e9e8f95d4c8e1,btc-updown-5m-1777908000
"Bitcoin Up or Down - May 4, 11:20AM-11:25AM ET",Up,BUY,131.687,0.1974378640260618,0xe259bd7ba8440202507be836ed36e2936a2b3aa2fccc6dde5ae8f2505771c1cb,2026-05-04 18:22:02,0x8ee31a202e6a76c81ef0003b86cab6eb81a4d408a54b4462d06887ea10a66d9b,btc-updown-5m-1777908000
"Bitcoin Up or Down - May 4, 11:20AM-11:25AM ET",Up,BUY,122.834284,0.19538518252770537,0xe259bd7ba8440202507be836ed36e2936a2b3aa2fccc6dde5ae8f2505771c1cb,2026-05-04 18:22:02,0x769cde535bdfa3d75f02e6427e7f01024268b8c86384097e8df903b5aa153397,btc-updown-5m-1777908000
"Bitcoin Up or Down - May 4, 11:20AM-11:25AM ET",Up,BUY,31.47,0.22090562440419448,0xe259bd7ba8440202507be836ed36e2936a2b3aa2fccc6dde5ae8f2505771c1cb,2026-05-04 18:22:00,0x9f002c184f309efbb052a1b9f08707454976b7bbb7c9e5c062d6bf7bba9d7351,btc-updown-5m-1777908000
"Bitcoin Up or Down - May 4, 11:15AM-11:30AM ET",Up,BUY,200,0.07,0xc4c1e41063443e13fafbdb9e166b966d6dd13b36fea165370c1b6782de171efe,2026-05-04 18:21:36,0x17069be9361564eef0a6244dad003b4a5f19cee1c9a66d23a542065545df6a2c,btc-updown-15m-1777907700
"Bitcoin Up or Down - May 4, 11:20AM-11:25AM ET",Up,BUY,5,0.44,0xe259bd7ba8440202507be836ed36e2936a2b3aa2fccc6dde5ae8f2505771c1cb,2026-05-04 18:21:36,0x307a5b701f9b737fab6cf3bac32307cd13ac2566d108d1921055c06068f8fa2c,btc-updown-5m-1777908000
"Bitcoin Up or Down - May 4, 11:15AM-11:30AM ET",Up,BUY,200,0.07,0xc4c1e41063443e13fafbdb9e166b966d6dd13b36fea165370c1b6782de171efe,2026-05-04 18:21:36,0x69bfb23035b8be91667a248c6d9017457aefc405e72514253acaf594396857ba,btc-updown-15m-1777907700
"Bitcoin Up or Down - May 4, 11:20AM-11:25AM ET",Up,BUY,100,0.45,0xe259bd7ba8440202507be836ed36e2936a2b3aa2fccc6dde5ae8f2505771c1cb,2026-05-04 18:21:36,0xe7ddd3e81307087b5c3090050b469e9198100a126b4655cc82a3ceea281c9dcb,btc-updown-5m-1777908000
"Bitcoin Up or Down - May 4, 11:20AM-11:25AM ET",Down,BUY,15.16057,0.6925860307363114,0xe259bd7ba8440202507be836ed36e2936a2b3aa2fccc6dde5ae8f2505771c1cb,2026-05-04 18:20:38,0x47e341153a1fe60c86516759aa3c4df0d1c91a7026eff555e382a21e40d1f529,btc-updown-5m-1777908000
"Bitcoin Up or Down - May 4, 11AM ET",Up,BUY,209,0.07655502392344497,0xa9516451a7fdca26da523732358d94cc916143918074a1f9dd263358eaddffcf,2026-05-04 18:20:08,0xf0344fa0347911693147222b2e4a4708096a9856f5bd32ee04e808c8c78e0941,bitcoin-up-or-down-may-4-2026-11am-et
"Bitcoin Up or Down - May 4, 11AM ET",Up,BUY,20,0.06,0xa9516451a7fdca26da523732358d94cc916143918074a1f9dd263358eaddffcf,2026-05-04 18:20:08,0x96d9aa648a4431edb28323efb750fd59e120989a8b0fd9dfd5ec7f0e2e06b483,bitcoin-up-or-down-may-4-2026-11am-et
"Bitcoin Up or Down - May 4, 11AM ET",Up,BUY,238.257141,0.05876003943151488,0xa9516451a7fdca26da523732358d94cc916143918074a1f9dd263358eaddffcf,2026-05-04 18:20:08,0x68b6a6253dc4e5d59262f1ac849f40f258ba1ce3688ae71ef4d6604581fe72e7,bitcoin-up-or-down-may-4-2026-11am-et
"Bitcoin Up or Down - May 4, 11AM ET",Up,BUY,227.5,0.07912087912087912,0xa9516451a7fdca26da523732358d94cc916143918074a1f9dd263358eaddffcf,2026-05-04 18:20:08,0x481d7d1d150a12a573b7269f953131231d5115c0eadce9b6c11a6c308fa752b7,bitcoin-up-or-down-may-4-2026-11am-et
"Bitcoin Up or Down - May 4, 11:15AM-11:30AM ET",Up,BUY,254,0.03937007874015748,0xc4c1e41063443e13fafbdb9e166b966d6dd13b36fea165370c1b6782de171efe,2026-05-04 18:20:08,0x080a6b7951a32144c8980bbbc854debddd7c7d8df2f66b089b98eb0ff4799991,btc-updown-15m-1777907700
"Bitcoin Up or Down - May 4, 11:15AM-11:30AM ET",Up,BUY,72.26,0.03,0xc4c1e41063443e13fafbdb9e166b966d6dd13b36fea165370c1b6782de171efe,2026-05-04 18:20:08,0xb8f3a60a87381488ea081883269f7f23f2707846cfc6aeb39cc4375f60579e66,btc-updown-15m-1777907700
"Bitcoin Up or Down - May 4, 11AM ET",Up,BUY,5,0.05,0xa9516451a7fdca26da523732358d94cc916143918074a1f9dd263358eaddffcf,2026-05-04 18:20:08,0x56f97ace9d2452c7947a9946469828f00745560667a49db71754c932826260d9,bitcoin-up-or-down-may-4-2026-11am-et
"Bitcoin Up or Down - May 4, 11:15AM-11:30AM ET",Up,BUY,302.526665,0.0264439466848319,0xc4c1e41063443e13fafbdb9e166b966d6dd13b36fea165370c1b6782de171efe,2026-05-04 18:20:06,0x85bb0196a143ed8531354150c973a451e94197c0b4dc2e59ffee866bd8f0f0bc,btc-updown-15m-1777907700
"Bitcoin Up or Down - May 4, 11:15AM-11:30AM ET",Down,BUY,13.2,0.94,0xc4c1e41063443e13fafbdb9e166b966d6dd13b36fea165370c1b6782de171efe,2026-05-04 18:20:02,0x3c1edee007b594bb84d537420384bb0b4bc9e2b7ee69136412e127194fa4cf47,btc-updown-15m-1777907700
"Bitcoin Up or Down - May 4, 11:15AM-11:30AM ET",Down,BUY,119.18,0.93,0xc4c1e41063443e13fafbdb9e166b966d6dd13b36fea165370c1b6782de171efe,2026-05-04 18:20:02,0x4beada19e85fb52554c112bd46648c51e35f23aec433fc16448bd5c8668c2a3d,btc-updown-15m-1777907700
"Bitcoin Up or Down - May 4, 11:15AM-11:20AM ET",Down,BUY,26,0.84,0x6f76214ef86890bebdf9165d46cbfc39178e6d0c53aaa62da7640f89ff7c17cd,2026-05-04 18:18:52,0xa4cd2af04068c82a678049acfe6918cd2214aa044c2ccfaf6aee121a260c761c,btc-updown-5m-1777907700
"Bitcoin Up or Down - May 4, 11:15AM-11:20AM ET",Down,BUY,102.469131,0.809999998926506,0x6f76214ef86890bebdf9165d46cbfc39178e6d0c53aaa62da7640f89ff7c17cd,2026-05-04 18:18:52,0x2749225eca7381521c657780fd2f6e4ad88b8a5df143829fbd87e46a5acef9c6,btc-updown-5m-1777907700
"Bitcoin Up or Down - May 4, 11:15AM-11:20AM ET",Down,BUY,10,0.81,0x6f76214ef86890bebdf9165d46cbfc39178e6d0c53aaa62da7640f89ff7c17cd,2026-05-04 18:18:50,0x9f591e7c7e80829d8c1a3f44022a5998a7319dff37c17d48efa48c6e46d8deaa,btc-updown-5m-1777907700
"Bitcoin Up or Down - May 4, 11:15AM-11:20AM ET",Up,BUY,105.555554,0.17999999317894727,0x6f76214ef86890bebdf9165d46cbfc39178e6d0c53aaa62da7640f89ff7c17cd,2026-05-04 18:18:46,0xce769efc254e7f0f67a2174a41de6f3d13af9e986c65b78e4a03c84af4fabfde,btc-updown-5m-1777907700
"Bitcoin Up or Down - May 4, 11:15AM-11:30AM ET",Up,BUY,200,0.38,0xc4c1e41063443e13fafbdb9e166b966d6dd13b36fea165370c1b6782de171efe,2026-05-04 18:18:46,0xc715b3e77f97ee35c32b20141184cdb13294bf7b7ff010544d1bbb31f97a7b2d,btc-updown-15m-1777907700
"Bitcoin Up or Down - May 4, 11:15AM-11:20AM ET",Up,BUY,52.17,0.18,0x6f76214ef86890bebdf9165d46cbfc39178e6d0c53aaa62da7640f89ff7c17cd,2026-05-04 18:18:46,0x68b7f08e531c9ae470c91246700877879a7e149f044d55066f91942b536b0584,btc-updown-5m-1777907700
"Bitcoin Up or Down - May 4, 11:15AM-11:20AM ET",Up,BUY,15.52,0.17,0x6f76214ef86890bebdf9165d46cbfc39178e6d0c53aaa62da7640f89ff7c17cd,2026-05-04 18:18:46,0xac4e383cc3c30c3cd2988926616b15c3a0552493d9ceb9216256f4985ab63b83,btc-updown-5m-1777907700
"Bitcoin Up or Down - May 4, 11:15AM-11:20AM ET",Up,BUY,112.53111,0.1777286210008948,0x6f76214ef86890bebdf9165d46cbfc39178e6d0c53aaa62da7640f89ff7c17cd,2026-05-04 18:18:46,0xa4fa4b88fefc1ec7cf94553a57834774a4fa5f0ae01501ffeb18e1e3dcf66374,btc-updown-5m-1777907700
"Bitcoin Up or Down - May 4, 11:15AM-11:20AM ET",Down,BUY,21,0.86,0x6f76214ef86890bebdf9165d46cbfc39178e6d0c53aaa62da7640f89ff7c17cd,2026-05-04 18:18:20,0xc5b190b0ff9ed4ae2e6b739c3f31ff3259c89cbe6d98db91b4bba8adb9d4673d,btc-updown-5m-1777907700
"Bitcoin Up or Down - May 4, 11:15AM-11:20AM ET",Up,BUY,135.758517,0.2651767255236001,0x6f76214ef86890bebdf9165d46cbfc39178e6d0c53aaa62da7640f89ff7c17cd,2026-05-04 18:18:06,0x3bac8b84b04e3e94a964c89e31d6e9af4101a8392e59cdd3fb3fe5e29d2a89cb,btc-updown-5m-1777907700
"Bitcoin Up or Down - May 4, 11:15AM-11:20AM ET",Up,BUY,121.083869,0.30557331299018864,0x6f76214ef86890bebdf9165d46cbfc39178e6d0c53aaa62da7640f89ff7c17cd,2026-05-04 18:18:04,0x7b0143a411b79c4adadcf8e9e7aa8fd2d34ae305fb7c8b7f209ee62b7f4cf845,btc-updown-5m-1777907700
"Bitcoin Up or Down - May 4, 11:15AM-11:20AM ET",Up,BUY,113.53125,0.30828516377649323,0x6f76214ef86890bebdf9165d46cbfc39178e6d0c53aaa62da7640f89ff7c17cd,2026-05-04 18:18:02,0xe471e843b14a7f3c4145d67d8606401bb68d11f686d80d9459327d607574aa07,btc-updown-5m-1777907700
"Bitcoin Up or Down - May 4, 11:15AM-11:20AM ET",Up,BUY,35,0.34,0x6f76214ef86890bebdf9165d46cbfc39178e6d0c53aaa62da7640f89ff7c17cd,2026-05-04 18:17:50,0x182554027929bbe086a3a503027d4641fff1038648eae561c8a225bb58de0365,btc-updown-5m-1777907700
"Bitcoin Up or Down - May 4, 11:15AM-11:20AM ET",Up,BUY,100,0.54,0x6f76214ef86890bebdf9165d46cbfc39178e6d0c53aaa62da7640f89ff7c17cd,2026-05-04 18:17:26,0x3c4022d484c9910006b6ae654997ba0df2d7ffdb93113c3a0687b94d52dafca6,btc-updown-5m-1777907700
"Bitcoin Up or Down - May 4, 11:15AM-11:20AM ET",Up,BUY,100,0.59,0x6f76214ef86890bebdf9165d46cbfc39178e6d0c53aaa62da7640f89ff7c17cd,2026-05-04 18:17:14,0x58ea9583900a8e64cdd306a866efd3c672de02465c46ecbb97a65d4591fb1f33,btc-updown-5m-1777907700
"Bitcoin Up or Down - May 4, 11:15AM-11:20AM ET",Down,BUY,49.82,0.2,0x6f76214ef86890bebdf9165d46cbfc39178e6d0c53aaa62da7640f89ff7c17cd,2026-05-04 18:17:06,0x8b20aa48d65dff3f0e6bd8eb583d0e5ad74c00537b39ad8a379584491a8f03eb,btc-updown-5m-1777907700
"Bitcoin Up or Down - May 4, 11AM ET",Down,BUY,5,0.56,0xa9516451a7fdca26da523732358d94cc916143918074a1f9dd263358eaddffcf,2026-05-04 18:17:06,0x58c281194870e32d7bbffa123889c54f900de8d2636352a32f6bf8486a55abf6,bitcoin-up-or-down-may-4-2026-11am-et
"Bitcoin Up or Down - May 4, 11:15AM-11:20AM ET",Up,BUY,100,0.8,0x6f76214ef86890bebdf9165d46cbfc39178e6d0c53aaa62da7640f89ff7c17cd,2026-05-04 18:16:30,0xb3ff8f814abfcd3c2320049decad4b8969fb4373927e65d4ae928a0e0171af4f,btc-updown-5m-1777907700
"Bitcoin Up or Down - May 4, 11AM ET",Down,BUY,5,0.54,0xa9516451a7fdca26da523732358d94cc916143918074a1f9dd263358eaddffcf,2026-05-04 18:16:16,0x060291c3cc1f19b246a8d2a3d7e04d57d0278d933512a91ce687269ea4c9a0d9,bitcoin-up-or-down-may-4-2026-11am-et
"Bitcoin Up or Down - May 4, 11:15AM-11:20AM ET",Up,BUY,100,0.78,0x6f76214ef86890bebdf9165d46cbfc39178e6d0c53aaa62da7640f89ff7c17cd,2026-05-04 18:16:06,0xbd201edbd959970fdab4204614507fe3235404625f7b67f3296957341750b980,btc-updown-5m-1777907700
"Bitcoin Up or Down - May 4, 11:15AM-11:20AM ET",Up,BUY,100,0.78,0x6f76214ef86890bebdf9165d46cbfc39178e6d0c53aaa62da7640f89ff7c17cd,2026-05-04 18:15:54,0x2d43d789b7d6d154a32442fa0454709ea4d01ad7662a3757788cb863f2864c37,btc-updown-5m-1777907700
"Bitcoin Up or Down - May 4, 11:15AM-11:20AM ET",Down,BUY,59.8675,0.3918653693573308,0x6f76214ef86890bebdf9165d46cbfc39178e6d0c53aaa62da7640f89ff7c17cd,2026-05-04 18:15:24,0xf43f12b3da1f8e110dedb66139e889b24dc1d09663737236f4d60ae4c476502b,btc-updown-5m-1777907700
"Bitcoin Up or Down - May 4, 11:15AM-11:30AM ET",Up,BUY,200,0.46,0xc4c1e41063443e13fafbdb9e166b966d6dd13b36fea165370c1b6782de171efe,2026-05-04 18:15:10,0x30c5d665e25234a469f1f50745dbac190cc0a1e18467246b6781729c43a340fe,btc-updown-15m-1777907700
"Bitcoin Up or Down - May 4, 11:15AM-11:20AM ET",Up,BUY,80.47,0.46,0x6f76214ef86890bebdf9165d46cbfc39178e6d0c53aaa62da7640f89ff7c17cd,2026-05-04 18:15:10,0x071e567d91b79adb0a41da6f1a5f39b63b4149577e47afc7ebbd37ec0f010274,btc-updown-5m-1777907700
"Bitcoin Up or Down - May 4, 11:15AM-11:30AM ET",Up,BUY,5.45,0.45,0xc4c1e41063443e13fafbdb9e166b966d6dd13b36fea165370c1b6782de171efe,2026-05-04 18:15:10,0xd05e9aa5f18510ee64893c12a6319426c7b2cf9e6a4b7c89b5160ca442c00d36,btc-updown-15m-1777907700
"Bitcoin Up or Down - May 4, 11:10AM-11:15AM ET",Up,BUY,100,0.17,0x568b72dcdc4920f22bc550b78052735b6ba9154f9f7a936c2c2ad5737333a7e5,2026-05-04 18:13:00,0x0daa146f0972f88078b12a984196935edd54507c729dad1a3f4a43361aa424d3,btc-updown-5m-1777907400
"Bitcoin Up or Down - May 4, 11:00AM-11:15AM ET",Up,BUY,200,0.03,0x55b9695a060910add6186d7cafee68ef74b31ac39e1f5e3fd91c769ae9436665,2026-05-04 18:12:46,0x0b1eddf262bd4320f16a86a269a291465fea8a6d2f799e9fa709d908f9928989,btc-updown-15m-1777906800
"Bitcoin Up or Down - May 4, 11:10AM-11:15AM ET",Up,BUY,18.88,0.18,0x568b72dcdc4920f22bc550b78052735b6ba9154f9f7a936c2c2ad5737333a7e5,2026-05-04 18:12:38,0x15c892442ffd4848bc95c7ddef17b196d086f4fb27a9bd7629aa4fa6d600e060,btc-updown-5m-1777907400
"Bitcoin Up or Down - May 4, 11:00AM-11:15AM ET",Up,BUY,200,0.03,0x55b9695a060910add6186d7cafee68ef74b31ac39e1f5e3fd91c769ae9436665,2026-05-04 18:12:38,0x934a5e0e75e844b0d343702b83d2cc82cd90cb8f612f8616487bb1351c8a9667,btc-updown-15m-1777906800
"Bitcoin Up or Down - May 4, 11:10AM-11:15AM ET",Up,BUY,120,0.1,0x568b72dcdc4920f22bc550b78052735b6ba9154f9f7a936c2c2ad5737333a7e5,2026-05-04 18:11:48,0xea36eb478484bb2a841b42d4993617964a20fdd31509c3b868688c2f418c141f,btc-updown-5m-1777907400
"Bitcoin Up or Down - May 4, 11:00AM-11:15AM ET",Up,BUY,200,0.1,0x55b9695a060910add6186d7cafee68ef74b31ac39e1f5e3fd91c769ae9436665,2026-05-04 18:10:44,0xb17ffcefab57dd5acf87058f19476393460829b75595c855301de8126e97e68c,btc-updown-15m-1777906800
"Bitcoin Up or Down - May 4, 11:00AM-11:15AM ET",Up,BUY,20,0.11,0x55b9695a060910add6186d7cafee68ef74b31ac39e1f5e3fd91c769ae9436665,2026-05-04 18:10:42,0x40d3186dce6da517fd9c94f1872414077d3e81c2a624ea9d4fec8c73d69eb3ba,btc-updown-15m-1777906800
"Bitcoin Up or Down - May 4, 11:00AM-11:15AM ET",Up,BUY,18.31,0.21,0x55b9695a060910add6186d7cafee68ef74b31ac39e1f5e3fd91c769ae9436665,2026-05-04 18:10:16,0x9a5af31f45fc9d1f9b33e0dcb20728236b7e95032806b5fe1e3eeb1e2158cbd3,btc-updown-15m-1777906800
"Bitcoin Up or Down - May 4, 11:00AM-11:15AM ET",Down,BUY,20,0.8,0x55b9695a060910add6186d7cafee68ef74b31ac39e1f5e3fd91c769ae9436665,2026-05-04 18:10:04,0x44a1ef8e5e1da5571b13e89c3bb5ac5b17fa7992e39d612ad94a0b84d64041d9,btc-updown-15m-1777906800
"Bitcoin Up or Down - May 4, 11:00AM-11:15AM ET",Down,BUY,205,0.8,0x55b9695a060910add6186d7cafee68ef74b31ac39e1f5e3fd91c769ae9436665,2026-05-04 18:10:02,0x21a1220bd1983ff946767422eb77ec9bd20ee24a7e0ecaec9298de30964f1251,btc-updown-15m-1777906800
"Bitcoin Up or Down - May 4, 11:00AM-11:15AM ET",Down,BUY,7,0.46,0x55b9695a060910add6186d7cafee68ef74b31ac39e1f5e3fd91c769ae9436665,2026-05-04 18:09:50,0x9865715ff6dd3b566f3cdbd98a460e5d0d51362ad4a951e32a46f8ac90513eb4,btc-updown-15m-1777906800
"Bitcoin Up or Down - May 4, 11:00AM-11:15AM ET",Down,BUY,7,0.45,0x55b9695a060910add6186d7cafee68ef74b31ac39e1f5e3fd91c769ae9436665,2026-05-04 18:09:50,0x8282c16d028b51990eac3ad43c29ab21ebc6a10ed258de47f639003ec970b1b3,btc-updown-15m-1777906800
"Bitcoin Up or Down - May 4, 11:00AM-11:15AM ET",Up,BUY,28,0.49,0x55b9695a060910add6186d7cafee68ef74b31ac39e1f5e3fd91c769ae9436665,2026-05-04 18:09:44,0xea6bae2c4e86fd037ea5249da78ed8eb770af7af7fc7f7f164d5d54032c97c60,btc-updown-15m-1777906800
"Bitcoin Up or Down - May 4, 11:00AM-11:15AM ET",Up,BUY,2,0.48,0x55b9695a060910add6186d7cafee68ef74b31ac39e1f5e3fd91c769ae9436665,2026-05-04 18:09:44,0xd955f244ae53019a051b7998f4857284b278886c5d9f039ba929896faa994012,btc-updown-15m-1777906800
"Bitcoin Up or Down - May 4, 11:05AM-11:10AM ET",Down,BUY,100,0.05,0x3a79453a0d6b5ce737c6c025c84c87f8e8cbbf06d15319567bbf88b6050cedc9,2026-05-04 18:09:28,0x12a58f5590b18c49694a7a644bc7e94594dddff1669ae2a7675865c5747c3ae1,btc-updown-5m-1777907100
"Bitcoin Up or Down - May 4, 11:00AM-11:15AM ET",Down,BUY,200,0.7,0x55b9695a060910add6186d7cafee68ef74b31ac39e1f5e3fd91c769ae9436665,2026-05-04 18:08:10,0xc55e09a8cb868e41c1db3eba4ed1d18b18d1b29d2031a093b42fbf30cfb84fde,btc-updown-15m-1777906800
"Bitcoin Up or Down - May 4, 11:05AM-11:10AM ET",Up,BUY,100,0.57,0x3a79453a0d6b5ce737c6c025c84c87f8e8cbbf06d15319567bbf88b6050cedc9,2026-05-04 18:07:38,0x383ba106ad3d2632ca74f51f3d83aff3978caa25d9705b5046e7e2388e003efe,btc-updown-5m-1777907100
"Bitcoin Up or Down - May 4, 11:05AM-11:10AM ET",Down,BUY,39.847825,0.4599999874522637,0x3a79453a0d6b5ce737c6c025c84c87f8e8cbbf06d15319567bbf88b6050cedc9,2026-05-04 18:06:34,0x8244c1f0a0552cd0abc4fe3dae40053a99ff60978686efb2845aa51c58d58724,btc-updown-5m-1777907100
"Bitcoin Up or Down - May 4, 11:05AM-11:10AM ET",Up,BUY,77.11,0.54,0x3a79453a0d6b5ce737c6c025c84c87f8e8cbbf06d15319567bbf88b6050cedc9,2026-05-04 18:06:34,0xbcda1106dbe78ae2d6a5c903fc1e7aec037baf4a37b2b2d4ce787ab737f0a901,btc-updown-5m-1777907100
"Bitcoin Up or Down - May 4, 11:05AM-11:10AM ET",Up,BUY,110.909088,0.5499999963934425,0x3a79453a0d6b5ce737c6c025c84c87f8e8cbbf06d15319567bbf88b6050cedc9,2026-05-04 18:06:32,0xd8fd8ac497081f2efb3e855f43b6e3aa01a87f7b60f5282aea0f216b1a027fcd,btc-updown-5m-1777907100
"Bitcoin Up or Down - May 4, 11:05AM-11:10AM ET",Up,BUY,112.727271,0.5499999995564516,0x3a79453a0d6b5ce737c6c025c84c87f8e8cbbf06d15319567bbf88b6050cedc9,2026-05-04 18:06:32,0xe3eadf8512673df77889c9862fd38dcc9a6eed0c52953a33ab393082ee9a73dd,btc-updown-5m-1777907100
"Bitcoin Up or Down - May 4, 11:05AM-11:10AM ET",Up,BUY,109.090908,0.5499999963333333,0x3a79453a0d6b5ce737c6c025c84c87f8e8cbbf06d15319567bbf88b6050cedc9,2026-05-04 18:06:32,0xf42d6033ea62b9396426a3734b3810d34084dadc6aaba33b8ebd0f4ff6a80240,btc-updown-5m-1777907100
"Bitcoin Up or Down - May 4, 11:05AM-11:10AM ET",Up,BUY,114.545453,0.5499999986904762,0x3a79453a0d6b5ce737c6c025c84c87f8e8cbbf06d15319567bbf88b6050cedc9,2026-05-04 18:06:32,0x52e8afdcf6059181219ca9dc9ad5bf50df9487be71ede1224a84b58f729a6345,btc-updown-5m-1777907100
"Bitcoin Up or Down - May 4, 11:00AM-11:15AM ET",Down,BUY,31.08,0.63,0x55b9695a060910add6186d7cafee68ef74b31ac39e1f5e3fd91c769ae9436665,2026-05-04 18:06:10,0xadb390b8ecf9f1e44be3d0de629799cf47e1b3e0318ef58476282d2c307793da,btc-updown-15m-1777906800
"Bitcoin Up or Down - May 4, 11:00AM-11:15AM ET",Up,BUY,2.79,0.23,0x55b9695a060910add6186d7cafee68ef74b31ac39e1f5e3fd91c769ae9436665,2026-05-04 18:05:36,0xceb1dd0cb5a15ce1444f647b27a9d45b6124d0fe6887495ddd51fad1734d3d2e,btc-updown-15m-1777906800
"Bitcoin Up or Down - May 4, 11:00AM-11:05AM ET",Up,BUY,5,0.32,0x89bc8ca02a7797d57ed15d1a9366156e10d2602474cfa7a9ef25af5ac822c949,2026-05-04 18:04:34,0xb280a99b9d8d29e8521215fb34797ca7aab4393567bcf52d4914f08173998250,btc-updown-5m-1777906800
"Bitcoin Up or Down - May 4, 11:00AM-11:05AM ET",Up,BUY,5,0.31,0x89bc8ca02a7797d57ed15d1a9366156e10d2602474cfa7a9ef25af5ac822c949,2026-05-04 18:04:34,0xb6f58326cde9d63e453c07c27095a2e173b9f0b11db0dadb80a8cb35a57eced0,btc-updown-5m-1777906800
"Bitcoin Up or Down - May 4, 11:00AM-11:05AM ET",Up,BUY,108.874284,0.3214716801260434,0x89bc8ca02a7797d57ed15d1a9366156e10d2602474cfa7a9ef25af5ac822c949,2026-05-04 18:04:32,0xa38c6f5bc20366064a1e149da574c6c34c3a8a8ea7eda35a445e02b0b31dcafc,btc-updown-5m-1777906800
"Bitcoin Up or Down - May 4, 11:00AM-11:05AM ET",Up,BUY,26.18,0.32723834988540873,0x89bc8ca02a7797d57ed15d1a9366156e10d2602474cfa7a9ef25af5ac822c949,2026-05-04 18:04:32,0x82f0210fd4ad88fca94eee7c687076400654a851917fea2341428b46011a5e17,btc-updown-5m-1777906800
"Bitcoin Up or Down - May 4, 11:00AM-11:05AM ET",Down,BUY,15,0.44,0x89bc8ca02a7797d57ed15d1a9366156e10d2602474cfa7a9ef25af5ac822c949,2026-05-04 18:04:22,0xf2355f24d9df03b5dc14dab5f9e4a7a1638010bd55e992b4faacfcd8e664eb32,btc-updown-5m-1777906800
"Bitcoin Up or Down - May 4, 11:00AM-11:05AM ET",Down,BUY,104.32,0.1709585889570552,0x89bc8ca02a7797d57ed15d1a9366156e10d2602474cfa7a9ef25af5ac822c949,2026-05-04 18:04:12,0x24b95c5272629050dd9dfc960c59760be66930f004ae3499cd2b6e80544ec2e8,btc-updown-5m-1777906800
"Bitcoin Up or Down - May 4, 11:00AM-11:05AM ET",Down,BUY,117.647057,0.16999999413499992,0x89bc8ca02a7797d57ed15d1a9366156e10d2602474cfa7a9ef25af5ac822c949,2026-05-04 18:04:12,0x79a3210a9705a86dce636ae3fdbde98ec6e3d29d475de076fce7babb8c91dee0,btc-updown-5m-1777906800
"Bitcoin Up or Down - May 4, 11:00AM-11:05AM ET",Down,BUY,54.907776,0.17993806560294848,0x89bc8ca02a7797d57ed15d1a9366156e10d2602474cfa7a9ef25af5ac822c949,2026-05-04 18:04:12,0xde2e2fc7b232263732b8d8a48369029bb65b633d0b79d537d159c58337fb5aa1,btc-updown-5m-1777906800
"Bitcoin Up or Down - May 4, 11:00AM-11:05AM ET",Down,BUY,97.294116,0.16773880755543327,0x89bc8ca02a7797d57ed15d1a9366156e10d2602474cfa7a9ef25af5ac822c949,2026-05-04 18:04:12,0xebdb51458516837e67b325d28d7210eae9087ac2ced97c272066cb7c904c6574,btc-updown-5m-1777906800
"Bitcoin Up or Down - May 4, 11:00AM-11:05AM ET",Down,BUY,61.411763,0.169999988438697,0x89bc8ca02a7797d57ed15d1a9366156e10d2602474cfa7a9ef25af5ac822c949,2026-05-04 18:04:12,0x76aa3bea3c738ea6cabd821020aba48ad0207eb80b703d5bf702cf0dbf61d7f0,btc-updown-5m-1777906800
"Bitcoin Up or Down - May 4, 11:00AM-11:05AM ET",Up,BUY,107.761215,0.7331023411345167,0x89bc8ca02a7797d57ed15d1a9366156e10d2602474cfa7a9ef25af5ac822c949,2026-05-04 18:03:54,0xd16aacbc8d87316bf2836d2ce745498feba78e5853eef2ab874fd41af81fb601,btc-updown-5m-1777906800
"Bitcoin Up or Down - May 4, 11:00AM-11:05AM ET",Up,BUY,109.459458,0.7399999915950616,0x89bc8ca02a7797d57ed15d1a9366156e10d2602474cfa7a9ef25af5ac822c949,2026-05-04 18:03:54,0x5a904ee4f31094808531ea0a506e0a2180819876c502bcb7910e880ad805cf5a,btc-updown-5m-1777906800
"Bitcoin Up or Down - May 4, 11:00AM-11:05AM ET",Up,BUY,111.11111,0.7199999981999999,0x89bc8ca02a7797d57ed15d1a9366156e10d2602474cfa7a9ef25af5ac822c949,2026-05-04 18:03:54,0x4fcc08a793a4c1e0be148671147109377d52352ef06256df3983dcc876ec665d,btc-updown-5m-1777906800
"Bitcoin Up or Down - May 4, 11:00AM-11:05AM ET",Down,BUY,6,0.2,0x89bc8ca02a7797d57ed15d1a9366156e10d2602474cfa7a9ef25af5ac822c949,2026-05-04 18:03:52,0x628455da36c692edbb0876d752bcafbee587bcf97ba7f22e040624bedbf2d4a3,btc-updown-5m-1777906800
"Bitcoin Up or Down - May 4, 11:00AM-11:05AM ET",Down,BUY,63.90476,0.20514902176301109,0x89bc8ca02a7797d57ed15d1a9366156e10d2602474cfa7a9ef25af5ac822c949,2026-05-04 18:03:50,0xa9b9bc5ff226e72b3198b189f0e76dd090299268fba6ad0ba6ed9d6073ec53d0,btc-updown-5m-1777906800
"Bitcoin Up or Down - May 4, 11:00AM-11:05AM ET",Down,BUY,10,0.2,0x89bc8ca02a7797d57ed15d1a9366156e10d2602474cfa7a9ef25af5ac822c949,2026-05-04 18:03:50,0x35d706de98f0abf12c536756c124bb804a3390e64f2887eb2192d28baa67dc10,btc-updown-5m-1777906800
"Bitcoin Up or Down - May 4, 11:00AM-11:05AM ET",Down,BUY,11,0.19090909090909092,0x89bc8ca02a7797d57ed15d1a9366156e10d2602474cfa7a9ef25af5ac822c949,2026-05-04 18:03:50,0x16ad7e8b563934e10e609ab4c17023cc1ce03dfdaad02d6f74a992a73c8f3b0d,btc-updown-5m-1777906800
"Bitcoin Up or Down - May 4, 11:00AM-11:05AM ET",Down,BUY,18.857141,0.20999996765151197,0x89bc8ca02a7797d57ed15d1a9366156e10d2602474cfa7a9ef25af5ac822c949,2026-05-04 18:03:50,0x8e6bad8285c2777de70670ea79326cdd63f1bc6f39154aac0e82d9676a1df5a0,btc-updown-5m-1777906800
"Bitcoin Up or Down - May 4, 11:00AM-11:15AM ET",Down,BUY,128.62,0.44,0x55b9695a060910add6186d7cafee68ef74b31ac39e1f5e3fd91c769ae9436665,2026-05-04 18:03:50,0x2f26a13073c170548bae48b0610c1a12bfa82af6f80d69f2ca2b2862afac11bb,btc-updown-15m-1777906800
"Bitcoin Up or Down - May 4, 11:00AM-11:05AM ET",Down,BUY,54,0.20277777777777778,0x89bc8ca02a7797d57ed15d1a9366156e10d2602474cfa7a9ef25af5ac822c949,2026-05-04 18:03:50,0x0a0400e3bdf03ef79b084fe18391050ee65bcbdf72c3d6825ac917a69f2effeb,btc-updown-5m-1777906800
"Bitcoin Up or Down - May 4, 11:00AM-11:05AM ET",Down,BUY,121.10318,0.19817810729660443,0x89bc8ca02a7797d57ed15d1a9366156e10d2602474cfa7a9ef25af5ac822c949,2026-05-04 18:03:50,0x2d32ce4500d8e231ce124d69212f5c1c54e0adc0fc7b1fb6dea01314b901c2f1,btc-updown-5m-1777906800
"Bitcoin Up or Down - May 4, 11:00AM-11:05AM ET",Down,BUY,105.263156,0.1899999939199999,0x89bc8ca02a7797d57ed15d1a9366156e10d2602474cfa7a9ef25af5ac822c949,2026-05-04 18:03:50,0x397e5f9a399adf60a498e59c285c72bd008eabf83ae563c8928c91c36e17861d,btc-updown-5m-1777906800
"Bitcoin Up or Down - May 4, 11:00AM-11:05AM ET",Down,BUY,102.695651,0.22396273626036997,0x89bc8ca02a7797d57ed15d1a9366156e10d2602474cfa7a9ef25af5ac822c949,2026-05-04 18:03:50,0xe5bd7568ff64adf2194d7021bed0218bc26b64581f47d8cac2a089381b407f3b,btc-updown-5m-1777906800
"Bitcoin Up or Down - May 4, 11:00AM-11:05AM ET",Down,BUY,44,0.2065909090909091,0x89bc8ca02a7797d57ed15d1a9366156e10d2602474cfa7a9ef25af5ac822c949,2026-05-04 18:03:50,0x59c1304661c51c0a33122146a5cf1f9e5d68961a1ead47d958ab0a44db334d1e,btc-updown-5m-1777906800
"Bitcoin Up or Down - May 4, 11:00AM-11:05AM ET",Down,BUY,109.406922,0.12796264389925896,0x89bc8ca02a7797d57ed15d1a9366156e10d2602474cfa7a9ef25af5ac822c949,2026-05-04 18:03:18,0x62a84e9c003f15b2ef275315bf67a5fb53e306a7f4f67f53456c6932b1194bb6,btc-updown-5m-1777906800
"Bitcoin Up or Down - May 4, 11:00AM-11:05AM ET",Down,BUY,100,0.13,0x89bc8ca02a7797d57ed15d1a9366156e10d2602474cfa7a9ef25af5ac822c949,2026-05-04 18:03:16,0xdc541dfcd4985d1bc648694c79a0f55854f20f702b54398c989c96c8714ffa1d,btc-updown-5m-1777906800
"Bitcoin Up or Down - May 4, 10:55AM-11:00AM ET",Up,BUY,150,0.02,0xe3fd355c18e204d0820118adfb61fa24cf9baf68651b00e8eabab792efc6f3dd,2026-05-04 17:57:48,0x83748614e38c562154394ca8cb700a147c085a4b34f368dcf0a768da7acea2a8,btc-updown-5m-1777906500
"Bitcoin Up or Down - May 4, 10:55AM-11:00AM ET",Up,BUY,100,0.02,0xe3fd355c18e204d0820118adfb61fa24cf9baf68651b00e8eabab792efc6f3dd,2026-05-04 17:57:48,0xa176f2956d728e509835084dcafbdf093d5a7335ecbf7d52522fc8b52744d0a4,btc-updown-5m-1777906500
"Bitcoin Up or Down - May 4, 10:55AM-11:00AM ET",Down,BUY,100,0.96,0xe3fd355c18e204d0820118adfb61fa24cf9baf68651b00e8eabab792efc6f3dd,2026-05-04 17:57:08,0x58a03f0f5bc38b1a0d4a4bc1f9c758be641e8d96bbd8eb79340fd2822b693baa,btc-updown-5m-1777906500
"Bitcoin Up or Down - May 4, 10:55AM-11:00AM ET",Up,BUY,100,0.03,0xe3fd355c18e204d0820118adfb61fa24cf9baf68651b00e8eabab792efc6f3dd,2026-05-04 17:57:06,0x198c9334169b7415cb3e7dc913c1f8dd58bb503cd13729f53c3139812f9c022a,btc-updown-5m-1777906500
"Bitcoin Up or Down - May 4, 10:55AM-11:00AM ET",Up,BUY,117.961665,0.059341303804079065,0xe3fd355c18e204d0820118adfb61fa24cf9baf68651b00e8eabab792efc6f3dd,2026-05-04 17:56:54,0x1fd5f1661d857fb18231f5caf3ba95c9685764961407988f8bad323157c08a3e,btc-updown-5m-1777906500
"Bitcoin Up or Down - May 4, 10:55AM-11:00AM ET",Up,BUY,147.441665,0.04069405347531853,0xe3fd355c18e204d0820118adfb61fa24cf9baf68651b00e8eabab792efc6f3dd,2026-05-04 17:56:54,0xf6d1fded1ec270895c2c1d6a839844212986bba0e1e9b5fb1fae8ffaf4840b38,btc-updown-5m-1777906500
"Bitcoin Up or Down - May 4, 10:55AM-11:00AM ET",Down,BUY,97.25,0.95,0xe3fd355c18e204d0820118adfb61fa24cf9baf68651b00e8eabab792efc6f3dd,2026-05-04 17:56:54,0x07a4e3cb97bb338c244c66c5cedf7f410cee56334edcc7a16bb17ae3a3a6c282,btc-updown-5m-1777906500
"Bitcoin Up or Down - May 4, 10:55AM-11:00AM ET",Down,BUY,10,0.94,0xe3fd355c18e204d0820118adfb61fa24cf9baf68651b00e8eabab792efc6f3dd,2026-05-04 17:56:54,0xff4c3027134ed0dae0ed0c44661bf0c7d0d7491b25e2a4dc491fa2a896d6faec,btc-updown-5m-1777906500
"Bitcoin Up or Down - May 4, 10:55AM-11:00AM ET",Up,BUY,52.01,0.31,0xe3fd355c18e204d0820118adfb61fa24cf9baf68651b00e8eabab792efc6f3dd,2026-05-04 17:56:16,0x09749b5753f3f5185cab6e9206f9582f9cef003f891a5d4412a57c340a085ad8,btc-updown-5m-1777906500
"Bitcoin Up or Down - May 4, 10:55AM-11:00AM ET",Up,BUY,102.798125,0.3112897243991561,0xe3fd355c18e204d0820118adfb61fa24cf9baf68651b00e8eabab792efc6f3dd,2026-05-04 17:56:16,0x70f7a7e9fb5a62abf519fc9089298cb1e0f20b062e4bfd9cbc4d3483e1cebb7b,btc-updown-5m-1777906500
"Bitcoin Up or Down - May 4, 10:55AM-11:00AM ET",Down,BUY,104.851664,0.6580725128024673,0xe3fd355c18e204d0820118adfb61fa24cf9baf68651b00e8eabab792efc6f3dd,2026-05-04 17:55:58,0x7caf5324ce4c21f8b96590f691d86218ce9cf432cf4bb630b4b81c34b327540d,btc-updown-5m-1777906500
"Bitcoin Up or Down - May 4, 10:55AM-11:00AM ET",Down,BUY,104.615382,0.6499999971323529,0xe3fd355c18e204d0820118adfb61fa24cf9baf68651b00e8eabab792efc6f3dd,2026-05-04 17:55:58,0x29d7260b03abda2b7dea6d7d393d4e2371991fe1202d7e130d8329552c09ed57,btc-updown-5m-1777906500
"Bitcoin Up or Down - May 4, 10:55AM-11:00AM ET",Down,BUY,32.984614,0.6499999969682835,0xe3fd355c18e204d0820118adfb61fa24cf9baf68651b00e8eabab792efc6f3dd,2026-05-04 17:55:56,0xe9d2f8622ca4e23d15bb2f60173d581f07da5a865463d344ca56fd6488e89bfe,btc-updown-5m-1777906500
"Bitcoin Up or Down - May 4, 10:55AM-11:00AM ET",Down,BUY,55,0.65,0xe3fd355c18e204d0820118adfb61fa24cf9baf68651b00e8eabab792efc6f3dd,2026-05-04 17:55:56,0xbd0bed6b7256d9163f68e91c81d5abc1b3173654f5e7e69bc0416862ed9f17bb,btc-updown-5m-1777906500
"Bitcoin Up or Down - May 4, 10:55AM-11:00AM ET",Down,BUY,10.153845,0.6499999753787851,0xe3fd355c18e204d0820118adfb61fa24cf9baf68651b00e8eabab792efc6f3dd,2026-05-04 17:55:56,0x85c2783b8bd329160536d5939f49f59be21e93247bc42e0d4025dcb4977f7069,btc-updown-5m-1777906500
"Bitcoin Up or Down - May 4, 10:50AM-10:55AM ET",Down,BUY,11,0.09,0x38b89fed5a6f0a5b686aae2a347edc259eca9aa9b6e2f688022af360c912564e,2026-05-04 17:51:46,0xcbf95ad9fe753b833fd933f0aabad721acfc6511adeea99337ec889c356a67fd,btc-updown-5m-1777906200
"Bitcoin Up or Down - May 4, 10:50AM-10:55AM ET",Up,BUY,100,0.9,0x38b89fed5a6f0a5b686aae2a347edc259eca9aa9b6e2f688022af360c912564e,2026-05-04 17:51:16,0xbb1258ee939561d70abb10e6c9e2e3bb719ba168a158452902ed895238ceb80b,btc-updown-5m-1777906200
"Bitcoin Up or Down - May 4, 10:50AM-10:55AM ET",Down,BUY,60.166665,0.17999998836565065,0x38b89fed5a6f0a5b686aae2a347edc259eca9aa9b6e2f688022af360c912564e,2026-05-04 17:51:04,0x39d477391a0c8670379a61e2e137d994d601d039d036402844ef9c3488b42d85,btc-updown-5m-1777906200
"Bitcoin Up or Down - May 4, 10:50AM-10:55AM ET",Down,BUY,100,0.18,0x38b89fed5a6f0a5b686aae2a347edc259eca9aa9b6e2f688022af360c912564e,2026-05-04 17:51:04,0x230aa60f1fe10dfae6bc0e66c78527178706a415a930d91be6811f3634046ef6,btc-updown-5m-1777906200
"Bitcoin Up or Down - May 4, 10:50AM-10:55AM ET",Down,BUY,38.387095,0.3099999882773104,0x38b89fed5a6f0a5b686aae2a347edc259eca9aa9b6e2f688022af360c912564e,2026-05-04 17:50:28,0x7ba22e566f3edc2d6472f3d9efe6a261dbf24557dee2eb1fa108f2a1e20e0136,btc-updown-5m-1777906200
"Bitcoin Up or Down - May 4, 10:50AM-10:55AM ET",Down,BUY,101.81818,0.32410713882334174,0x38b89fed5a6f0a5b686aae2a347edc259eca9aa9b6e2f688022af360c912564e,2026-05-04 17:50:28,0xb141750fe77dfafe83ed54beaf1eb25a2eca4e8bc825383f2d4cf91540a8e513,btc-updown-5m-1777906200
"Bitcoin Up or Down - May 4, 10:50AM-10:55AM ET",Up,BUY,100,0.5,0x38b89fed5a6f0a5b686aae2a347edc259eca9aa9b6e2f688022af360c912564e,2026-05-04 17:50:10,0x521e289c6559b081809f4db266fc4ee14ab871be2da6f2462b36c1b594f7c1c4,btc-updown-5m-1777906200
"Bitcoin Up or Down - May 4, 10:50AM-10:55AM ET",Up,BUY,110,0.5,0x38b89fed5a6f0a5b686aae2a347edc259eca9aa9b6e2f688022af360c912564e,2026-05-04 17:50:10,0x256462dfa3a25f140b19427f87a99629bb77900044a773637727343d5b7f9d32,btc-updown-5m-1777906200
"Bitcoin Up or Down - May 4, 10:50AM-10:55AM ET",Up,BUY,108,0.5,0x38b89fed5a6f0a5b686aae2a347edc259eca9aa9b6e2f688022af360c912564e,2026-05-04 17:50:10,0xeef901465bdb8224b4e8713f26a5ec2174e138da3ef60a69310bd55d89e4ce5f,btc-updown-5m-1777906200
"Bitcoin Up or Down - May 4, 10:50AM-10:55AM ET",Up,BUY,106,0.5,0x38b89fed5a6f0a5b686aae2a347edc259eca9aa9b6e2f688022af360c912564e,2026-05-04 17:50:10,0x4d97f03ce876a4cd6970952920101552a88a531c2ea8c30c8afcef2eeff55609,btc-updown-5m-1777906200
"Bitcoin Up or Down - May 4, 10:50AM-10:55AM ET",Up,BUY,23.87,0.5520946795140343,0x38b89fed5a6f0a5b686aae2a347edc259eca9aa9b6e2f688022af360c912564e,2026-05-04 17:50:10,0x356be014028fe4529246106751a99b6920b50680872621068a2b7b0472af93c2,btc-updown-5m-1777906200
"Bitcoin Up or Down - May 4, 10:45AM-11:00AM ET",Down,BUY,200,0.07,0x464e5f695f64623f85b067c4a7f7c960ca10cd4bacb830dc3237f308bc891c8b,2026-05-04 17:48:32,0xf28a6807bbcc2d816387ca585e4c9ea26036d3554338b0e8402968f4987dbb15,btc-updown-15m-1777905900
"Bitcoin Up or Down - May 4, 10:45AM-11:00AM ET",Down,BUY,228.571427,0.06999999610624998,0x464e5f695f64623f85b067c4a7f7c960ca10cd4bacb830dc3237f308bc891c8b,2026-05-04 17:48:32,0x804ada7ed6a51b20a01758570adc5a1f911d971fb7e3885f2536de2af721dd32,btc-updown-15m-1777905900
"Bitcoin Up or Down - May 4, 10:45AM-11:00AM ET",Down,BUY,257.75,0.06207565470417071,0x464e5f695f64623f85b067c4a7f7c960ca10cd4bacb830dc3237f308bc891c8b,2026-05-04 17:48:28,0x2405a2c88ba5c1d1b037f39943b0bcd5650501ba0f5ae947722c7230e35076e2,btc-updown-15m-1777905900
"Bitcoin Up or Down - May 4, 10:45AM-11:00AM ET",Down,BUY,211.277141,0.06626367118438052,0x464e5f695f64623f85b067c4a7f7c960ca10cd4bacb830dc3237f308bc891c8b,2026-05-04 17:48:28,0xaddc6f189fb8a90bd6592e69ef3c6fbb8438c812708e379fa8e1f4c763a69d90,btc-updown-15m-1777905900
"Bitcoin Up or Down - May 4, 10:45AM-11:00AM ET",Down,BUY,5,0.06,0x464e5f695f64623f85b067c4a7f7c960ca10cd4bacb830dc3237f308bc891c8b,2026-05-04 17:48:26,0x4a37d0227e0bdcfd9c9900f57d2d8ed3dd2d91071d411dc484126bcc8956d2ec,btc-updown-15m-1777905900
"Bitcoin Up or Down - May 4, 10:45AM-10:50AM ET",Down,BUY,100,0.11,0x5ed00eebf054028f64d8cb50757ef0aae082d26bce1ea0387d3dfaa51ace795b,2026-05-04 17:46:56,0xe65892b2d9aa836a0f9bccc00a40e3416f17a7fc1ca03dd412500d5f85fd7de3,btc-updown-5m-1777905900
"Bitcoin Up or Down - May 4, 10:45AM-11:00AM ET",Down,BUY,33.8,0.27,0x464e5f695f64623f85b067c4a7f7c960ca10cd4bacb830dc3237f308bc891c8b,2026-05-04 17:46:30,0x32b3df251e7daf402a6998c6e2c7919aa5a060d9798a83f929d26549b7c49aa6,btc-updown-15m-1777905900
"Bitcoin Up or Down - May 4, 10:45AM-11:00AM ET",Down,BUY,200,0.27,0x464e5f695f64623f85b067c4a7f7c960ca10cd4bacb830dc3237f308bc891c8b,2026-05-04 17:46:16,0x36739fd58f601bc1c66eb8b19665490fb783c00c45edbdc6e75eba98b6bf0272,btc-updown-15m-1777905900
"Bitcoin Up or Down - May 4, 10:45AM-11:00AM ET",Down,BUY,207.407406,0.26999999701071425,0x464e5f695f64623f85b067c4a7f7c960ca10cd4bacb830dc3237f308bc891c8b,2026-05-04 17:46:16,0xb772b828e1cef61fe7d66323b072104904945853575e9bfde70bab4a75d8647d,btc-updown-15m-1777905900
"Bitcoin Up or Down - May 4, 10:45AM-11:00AM ET",Down,BUY,214.814813,0.2699999976258621,0x464e5f695f64623f85b067c4a7f7c960ca10cd4bacb830dc3237f308bc891c8b,2026-05-04 17:46:14,0xca150e87b093e4285a15b41bddb29bd513b4b707e5cdf838e7f719ec2f8efd27,btc-updown-15m-1777905900
"Bitcoin Up or Down - May 4, 10:45AM-11:00AM ET",Down,BUY,10,0.27,0x464e5f695f64623f85b067c4a7f7c960ca10cd4bacb830dc3237f308bc891c8b,2026-05-04 17:46:12,0x9a3a9460a4b0236594746ea29f6a1af62a0b17090ea6a2fbd0bbae813a4fd39b,btc-updown-15m-1777905900
"Bitcoin Up or Down - May 4, 10:45AM-11:00AM ET",Down,BUY,10,0.28,0x464e5f695f64623f85b067c4a7f7c960ca10cd4bacb830dc3237f308bc891c8b,2026-05-04 17:46:12,0x17366fe19c1ee5c8bd8ec4564b6674d8465526207cc425b30b1a59f825777322,btc-updown-15m-1777905900
"Bitcoin Up or Down - May 4, 10:45AM-11:00AM ET",Down,BUY,43.42857,0.27999998618421007,0x464e5f695f64623f85b067c4a7f7c960ca10cd4bacb830dc3237f308bc891c8b,2026-05-04 17:46:10,0x213a7ca31dfa5846c9becadfad1d086d15ad298b6372f33eefabe407f3c5fcf5,btc-updown-15m-1777905900
"Bitcoin Up or Down - May 4, 10:45AM-10:50AM ET",Up,BUY,16.07,0.85,0x5ed00eebf054028f64d8cb50757ef0aae082d26bce1ea0387d3dfaa51ace795b,2026-05-04 17:46:10,0x4ca6e4c13789037c32dd20005d6085cb12726c78394ed119f077a7aa955ae7ae,btc-updown-5m-1777905900
"Bitcoin Up or Down - May 4, 10:45AM-11:00AM ET",Down,BUY,133.136895,0.28174007663315265,0x464e5f695f64623f85b067c4a7f7c960ca10cd4bacb830dc3237f308bc891c8b,2026-05-04 17:46:10,0xb6e9a1cde5e082bde27cf84fb7ff5e81be32e35ff049d2c68ff81c66e29d563f,btc-updown-15m-1777905900
"Bitcoin Up or Down - May 4, 10:45AM-11:00AM ET",Down,BUY,58,0.28,0x464e5f695f64623f85b067c4a7f7c960ca10cd4bacb830dc3237f308bc891c8b,2026-05-04 17:46:10,0xe79d266613b3552b243c378a598090d7120f55a284ad0e7960ef1e1702f8d771,btc-updown-15m-1777905900
"Bitcoin Up or Down - May 4, 10:45AM-11:00AM ET",Down,BUY,9.642856,0.2799999294814731,0x464e5f695f64623f85b067c4a7f7c960ca10cd4bacb830dc3237f308bc891c8b,2026-05-04 17:46:10,0x5734a531c1f5f3dd496d89b198ab622f6793088a1acbfb735016d762daf1db84,btc-updown-15m-1777905900
"Bitcoin Up or Down - May 4, 10:45AM-10:50AM ET",Down,BUY,43.411763,0.1699999836449858,0x5ed00eebf054028f64d8cb50757ef0aae082d26bce1ea0387d3dfaa51ace795b,2026-05-04 17:46:06,0xf69fbc4a3a2d8f26dd8a82d7dcc0ce66ec90bd229106f911462fe69c56f6ca91,btc-updown-5m-1777905900
"Bitcoin Up or Down - May 4, 10:45AM-10:50AM ET",Up,BUY,100,0.86,0x5ed00eebf054028f64d8cb50757ef0aae082d26bce1ea0387d3dfaa51ace795b,2026-05-04 17:46:06,0xbbca8c43c43ee81924cc62c89c8a563b2ad5fb9d6a8c804b899d9958894da608,btc-updown-5m-1777905900
"Bitcoin Up or Down - May 4, 10:45AM-10:50AM ET",Up,BUY,102.35294,0.85,0x5ed00eebf054028f64d8cb50757ef0aae082d26bce1ea0387d3dfaa51ace795b,2026-05-04 17:46:06,0x889a49f8e5afcff0a4bb1e8d342c1bdd8e34ed808741846afce1013764ebf170,btc-updown-5m-1777905900
"Bitcoin Up or Down - May 4, 10:45AM-10:50AM ET",Down,BUY,60.823528,0.1699999875048353,0x5ed00eebf054028f64d8cb50757ef0aae082d26bce1ea0387d3dfaa51ace795b,2026-05-04 17:46:04,0xd21936dedebbd4a001b9357916296274a85025f9f3dca8ed4211ea37146bf5c2,btc-updown-5m-1777905900
"Bitcoin Up or Down - May 4, 10:45AM-10:50AM ET",Down,BUY,16.764704,0.16999995943859195,0x5ed00eebf054028f64d8cb50757ef0aae082d26bce1ea0387d3dfaa51ace795b,2026-05-04 17:46:04,0x841b4a4986fffaeeca59f89b81f92b8e38532fb7de9063bda65f332703d493d3,btc-updown-5m-1777905900
"Bitcoin Up or Down - May 4, 10:45AM-10:50AM ET",Down,BUY,74.269472,0.1827130129590796,0x5ed00eebf054028f64d8cb50757ef0aae082d26bce1ea0387d3dfaa51ace795b,2026-05-04 17:46:04,0xa9ad775a417815498a1aa6c56e8cdaa780aa93921b6e169bd5ccefd51f843b90,btc-updown-5m-1777905900
"Bitcoin Up or Down - May 4, 10:45AM-10:50AM ET",Down,BUY,122.129472,0.18013669133032853,0x5ed00eebf054028f64d8cb50757ef0aae082d26bce1ea0387d3dfaa51ace795b,2026-05-04 17:46:04,0x6d701450ebebd28705350e1d811ce9a4bba27992c1f88ab7d5be7306138b31cb,btc-updown-5m-1777905900
"Bitcoin Up or Down - May 4, 10:45AM-10:50AM ET",Down,BUY,36.166665,0.1799999806451604,0x5ed00eebf054028f64d8cb50757ef0aae082d26bce1ea0387d3dfaa51ace795b,2026-05-04 17:46:04,0x13d75d7663d4fb35592d6545ba69bc8dd8b86edd67c8e652c25220d7a7d7c045,btc-updown-5m-1777905900
"Bitcoin Up or Down - May 4, 10:45AM-10:50AM ET",Down,BUY,125.722221,0.17896596815609866,0x5ed00eebf054028f64d8cb50757ef0aae082d26bce1ea0387d3dfaa51ace795b,2026-05-04 17:46:04,0x69ccde21bf77b0d157e2088bcbc2faaad8714d173032106b59dd3402561c2231,btc-updown-5m-1777905900
"Bitcoin Up or Down - May 4, 10:45AM-10:50AM ET",Down,BUY,46.666665,0.17999998499999947,0x5ed00eebf054028f64d8cb50757ef0aae082d26bce1ea0387d3dfaa51ace795b,2026-05-04 17:46:04,0x5577053d4e87cfa5d1151fca41a95d5ccc7c5f0e37ed1a787180a5dfcb79f003,btc-updown-5m-1777905900
"Bitcoin Up or Down - May 4, 10:45AM-10:50AM ET",Down,BUY,42.578946,0.18295424691818346,0x5ed00eebf054028f64d8cb50757ef0aae082d26bce1ea0387d3dfaa51ace795b,2026-05-04 17:46:04,0x9678b211e1b79afddc73654a761198e55ac8eb29850b2e7ff7354737a8f3d4f8,btc-updown-5m-1777905900
"Bitcoin Up or Down - May 4, 10:45AM-10:50AM ET",Down,BUY,76.19111,0.17088606531654416,0x5ed00eebf054028f64d8cb50757ef0aae082d26bce1ea0387d3dfaa51ace795b,2026-05-04 17:46:04,0x617df66383b3b0a0f6bb9f90d934085ad200d8ba66e5355b84bbd922b9e447ae,btc-updown-5m-1777905900
"Bitcoin Up or Down - May 4, 10:45AM-10:50AM ET",Down,BUY,114.497221,0.17214390731806495,0x5ed00eebf054028f64d8cb50757ef0aae082d26bce1ea0387d3dfaa51ace795b,2026-05-04 17:46:04,0xefc7a81e4db661e36a72652de2fda7c65863d4416fb1e85f52ee6e0f409a091b,btc-updown-5m-1777905900
"Bitcoin Up or Down - May 4, 10:45AM-10:50AM ET",Down,BUY,33.647057,0.16999997949300588,0x5ed00eebf054028f64d8cb50757ef0aae082d26bce1ea0387d3dfaa51ace795b,2026-05-04 17:46:04,0xccf8d8e001638a654ec8a440ac69b6d0364fe11d0e4dd3d56984052abf638d2f,btc-updown-5m-1777905900
"Bitcoin Up or Down - May 4, 10:45AM-10:50AM ET",Down,BUY,23.52941,0.16999997024999777,0x5ed00eebf054028f64d8cb50757ef0aae082d26bce1ea0387d3dfaa51ace795b,2026-05-04 17:46:04,0xafccea76c99128273b66374c78dbdb339f9fa207fc753d103a3161409faf957c,btc-updown-5m-1777905900
"Bitcoin Up or Down - May 4, 10:45AM-10:50AM ET",Down,BUY,6.895,0.17403915881073242,0x5ed00eebf054028f64d8cb50757ef0aae082d26bce1ea0387d3dfaa51ace795b,2026-05-04 17:46:04,0xaa5f2514b85a744708c4487cfca34433b3fd449e8e96d16ba2bcc3938b08483d,btc-updown-5m-1777905900
"Bitcoin Up or Down - May 4, 10:45AM-10:50AM ET",Down,BUY,108.235293,0.16999999251630427,0x5ed00eebf054028f64d8cb50757ef0aae082d26bce1ea0387d3dfaa51ace795b,2026-05-04 17:46:04,0x4d9e9be3cd7a544a6092690f1a85780c6a2fcb3c396c1ab2440443d208449807,btc-updown-5m-1777905900
"Bitcoin Up or Down - May 4, 10:45AM-10:50AM ET",Down,BUY,80,0.17,0x5ed00eebf054028f64d8cb50757ef0aae082d26bce1ea0387d3dfaa51ace795b,2026-05-04 17:46:02,0x68dc5862d0687999212a8164fea9e1f5420824bfd00169f342642edbf7c91a8d,btc-updown-5m-1777905900
"Bitcoin Up or Down - May 4, 10:45AM-10:50AM ET",Down,BUY,91.058822,0.16999999187338488,0x5ed00eebf054028f64d8cb50757ef0aae082d26bce1ea0387d3dfaa51ace795b,2026-05-04 17:46:02,0x53fb635b8d1c302f8a6fb255c1780340ecd0241047bc9cc04d818ec323fbf3e1,btc-updown-5m-1777905900
"Bitcoin Up or Down - May 4, 10:45AM-10:50AM ET",Up,BUY,100,0.81,0x5ed00eebf054028f64d8cb50757ef0aae082d26bce1ea0387d3dfaa51ace795b,2026-05-04 17:45:54,0x92e33a119fab8dbfa6dab3e3e4d1005fd28e4607495f089d7263b2dbc869355b,btc-updown-5m-1777905900
"Bitcoin Up or Down - May 4, 10:45AM-10:50AM ET",Up,BUY,5.33,0.75,0x5ed00eebf054028f64d8cb50757ef0aae082d26bce1ea0387d3dfaa51ace795b,2026-05-04 17:45:38,0x111ff27c85c54850d218159fda1c82c0504f5ff185267919c48a673e394e26ac,btc-updown-5m-1777905900
"Bitcoin Up or Down - May 4, 10:45AM-11:00AM ET",Down,BUY,200,0.46,0x464e5f695f64623f85b067c4a7f7c960ca10cd4bacb830dc3237f308bc891c8b,2026-05-04 17:45:24,0x62d897256c1906ccde1900b4fc05e0125a9ef67e61a0de5dd7f703bf150d497e,btc-updown-15m-1777905900
"Bitcoin Up or Down - May 4, 10:45AM-11:00AM ET",Up,BUY,200,0.46,0x464e5f695f64623f85b067c4a7f7c960ca10cd4bacb830dc3237f308bc891c8b,2026-05-04 17:45:12,0x9a6c9b275b3b399404a23f06196541f261d105f67a487fd21cc695e191bf4456,btc-updown-15m-1777905900
"Bitcoin Up or Down - May 4, 10:45AM-10:50AM ET",Down,BUY,100,0.4,0x5ed00eebf054028f64d8cb50757ef0aae082d26bce1ea0387d3dfaa51ace795b,2026-05-04 17:45:12,0x1df8ce16bfa1e165baf3d2d84740fa364eca3bb906a4fada854f2fb6f391f165,btc-updown-5m-1777905900
"Bitcoin Up or Down - May 4, 10:45AM-11:00AM ET",Up,BUY,204.347825,0.4599999975531915,0x464e5f695f64623f85b067c4a7f7c960ca10cd4bacb830dc3237f308bc891c8b,2026-05-04 17:45:10,0xe405ab496b1eae598a5d4c364de8f7c7d87e0a9f4155e65ffed1e7f0ab328f22,btc-updown-15m-1777905900
"Bitcoin Up or Down - May 4, 10:45AM-10:50AM ET",Up,BUY,101.886791,0.5299999977425925,0x5ed00eebf054028f64d8cb50757ef0aae082d26bce1ea0387d3dfaa51ace795b,2026-05-04 17:45:08,0xc616e44fb8afe477e1a8dd021d7c71034f4be2731f9227c76fc8e78f4b49b3a7,btc-updown-5m-1777905900
"Bitcoin Up or Down - May 4, 10:45AM-11:00AM ET",Up,BUY,217.391303,0.459999998252,0x464e5f695f64623f85b067c4a7f7c960ca10cd4bacb830dc3237f308bc891c8b,2026-05-04 17:45:08,0x4712637c0649b451778e7a8826a5f6439a53e81e7fd74e3e2a6274a4081bc7c2,btc-updown-15m-1777905900
"Bitcoin Up or Down - May 4, 10:45AM-10:50AM ET",Up,BUY,100.619422,0.5167988243860117,0x5ed00eebf054028f64d8cb50757ef0aae082d26bce1ea0387d3dfaa51ace795b,2026-05-04 17:45:08,0xc6464df5787cb5f58e5fff6e1eb372adefdbe9465244146c0e1a515904f05e9f,btc-updown-5m-1777905900
"Bitcoin Up or Down - May 4, 10:45AM-10:50AM ET",Up,BUY,100.660391,0.5066540919754623,0x5ed00eebf054028f64d8cb50757ef0aae082d26bce1ea0387d3dfaa51ace795b,2026-05-04 17:45:08,0x4bfc0bc11a0713c590eddcfcbc9c3c1094984a20a24055d2f23dc3ebf0bba5cc,btc-updown-5m-1777905900
"Bitcoin Up or Down - May 4, 10:45AM-11:00AM ET",Up,BUY,213.333332,0.44999999812499997,0x464e5f695f64623f85b067c4a7f7c960ca10cd4bacb830dc3237f308bc891c8b,2026-05-04 17:45:08,0xc95eff81a6df956ee0bfe8846a439e071da4301e3f49b2a50dd4614f533c1243,btc-updown-15m-1777905900
"Bitcoin Up or Down - May 4, 10:45AM-11:00AM ET",Up,BUY,200,0.45,0x464e5f695f64623f85b067c4a7f7c960ca10cd4bacb830dc3237f308bc891c8b,2026-05-04 17:45:08,0x84409f119984424694419543d9683b9b5fb743042519d4023a869915c0c56e88,btc-updown-15m-1777905900
"Bitcoin Up or Down - May 4, 10:45AM-11:00AM ET",Up,BUY,217.777776,0.44999999908163263,0x464e5f695f64623f85b067c4a7f7c960ca10cd4bacb830dc3237f308bc891c8b,2026-05-04 17:45:08,0x86444a31091c5564d96f7e531c4a9427d34fcea6537e7e8ad57c630bfb546196,btc-updown-15m-1777905900
"Bitcoin Up or Down - May 4, 10:45AM-11:00AM ET",Up,BUY,202.23239,0.45492217641298704,0x464e5f695f64623f85b067c4a7f7c960ca10cd4bacb830dc3237f308bc891c8b,2026-05-04 17:45:08,0xafb191b28aa7c2056b7093960da4bf3070fdc53b16935711e98280035d6ecb06,btc-updown-15m-1777905900
"Bitcoin Up or Down - May 4, 10:45AM-11:00AM ET",Up,BUY,208.888887,0.44999999928191486,0x464e5f695f64623f85b067c4a7f7c960ca10cd4bacb830dc3237f308bc891c8b,2026-05-04 17:45:06,0x2ed02991cab21732042f75e29f00a3ebeee0cd02bfdf603bd91528f75ed5a702,btc-updown-15m-1777905900
"Bitcoin Up or Down - May 4, 10:45AM-10:50AM ET",Up,BUY,100,0.5,0x5ed00eebf054028f64d8cb50757ef0aae082d26bce1ea0387d3dfaa51ace795b,2026-05-04 17:45:06,0x534107dcfa360f50a674fb61b6e18e0d5a11b2ac98c2e8db38628c921c2b632d,btc-updown-5m-1777905900
"Bitcoin Up or Down - May 4, 10:45AM-10:50AM ET",Up,BUY,106,0.5,0x5ed00eebf054028f64d8cb50757ef0aae082d26bce1ea0387d3dfaa51ace795b,2026-05-04 17:45:06,0x082b0c7bd9aa4c65c532dfa3a89bec8a8cc961752ef3b19eb428c62549e93ebf,btc-updown-5m-1777905900
"Bitcoin Up or Down - May 4, 10:40AM-10:45AM ET",Down,BUY,21.87,0.24,0xb348e728c386050201ae42d1602fad973ba4f3f77004bcca9750b337336115d5,2026-05-04 17:44:08,0xe36b1d40bfc32536e075b2f5f816153072529a9236d95cdbf6b48b1cd1f9cd57,btc-updown-5m-1777905600
"Bitcoin Up or Down - May 4, 10:40AM-10:45AM ET",Down,BUY,27,0.25,0xb348e728c386050201ae42d1602fad973ba4f3f77004bcca9750b337336115d5,2026-05-04 17:44:08,0x9e53a6c0596c2e85ea5be12ca0d7bba1a327764400a6422269bacb3611381e8d,btc-updown-5m-1777905600
"Bitcoin Up or Down - May 4, 10:40AM-10:45AM ET",Down,BUY,62.857141,0.20999999029545427,0xb348e728c386050201ae42d1602fad973ba4f3f77004bcca9750b337336115d5,2026-05-04 17:44:08,0x474c74f7ad133b7ee0d173c4a5b4e6cd4f7e55c88a3bc6f0637624bd97cfaa50,btc-updown-5m-1777905600
"Bitcoin Up or Down - May 4, 10:40AM-10:45AM ET",Up,BUY,103.623447,0.5693691988455084,0xb348e728c386050201ae42d1602fad973ba4f3f77004bcca9750b337336115d5,2026-05-04 17:43:28,0x0bd9bc16ce489c17e901fcd148083aa1fdec8d9e4efdefaa6e7e31f864b121b8,btc-updown-5m-1777905600
"Bitcoin Up or Down - May 4, 10:40AM-10:45AM ET",Up,BUY,30,0.55,0xb348e728c386050201ae42d1602fad973ba4f3f77004bcca9750b337336115d5,2026-05-04 17:43:22,0xca0b0d5af5d1eaec8d8b3efa10d72634fdf31e040a0446b65e5616f4bd47bb22,btc-updown-5m-1777905600
"Bitcoin Up or Down - May 4, 10:40AM-10:45AM ET",Up,BUY,52.22,0.56,0xb348e728c386050201ae42d1602fad973ba4f3f77004bcca9750b337336115d5,2026-05-04 17:43:22,0x134810f7226227055b6ae5eee32aefee2fb5b1d25855ddac49e64e5acc9ac7fe,btc-updown-5m-1777905600
"Bitcoin Up or Down - May 4, 10:40AM-10:45AM ET",Down,BUY,83.5,0.33,0xb348e728c386050201ae42d1602fad973ba4f3f77004bcca9750b337336115d5,2026-05-04 17:43:06,0x84ab086de4bc56e7d64e51adcda05c5925acc32c0b44e0c50c543c504ddee04c,btc-updown-5m-1777905600
"Bitcoin Up or Down - May 4, 10:40AM-10:45AM ET",Down,BUY,63,0.3136507936507936,0xb348e728c386050201ae42d1602fad973ba4f3f77004bcca9750b337336115d5,2026-05-04 17:43:06,0xb3048dc8dad8d74132adea83bf7a2e89cbdda32e7a17a6108a18cacf7aeef5b2,btc-updown-5m-1777905600
"Bitcoin Up or Down - May 4, 10:40AM-10:45AM ET",Down,BUY,62.76,0.31,0xb348e728c386050201ae42d1602fad973ba4f3f77004bcca9750b337336115d5,2026-05-04 17:43:06,0xda28b9879db6a3dc39a61edc78b7c717ddf3d6a20d87ac858767a69f24cc7e04,btc-updown-5m-1777905600
"Bitcoin Up or Down - May 4, 10:40AM-10:45AM ET",Down,BUY,101.339704,0.33550521323804144,0xb348e728c386050201ae42d1602fad973ba4f3f77004bcca9750b337336115d5,2026-05-04 17:42:34,0x21201f0acee4c59510ea8fee819a1efb09282ce3412a4b2332d97ec489829029,btc-updown-5m-1777905600
"Bitcoin Up or Down - May 4, 10:40AM-10:45AM ET",Up,BUY,24.58,0.65,0xb348e728c386050201ae42d1602fad973ba4f3f77004bcca9750b337336115d5,2026-05-04 17:42:20,0x4d5a3f467b7e688a059fe2eb30c738bc2e9f1fc842196dbe414628baf899d645,btc-updown-5m-1777905600
"Bitcoin Up or Down - May 4, 10:40AM-10:45AM ET",Down,BUY,22.65,0.33,0xb348e728c386050201ae42d1602fad973ba4f3f77004bcca9750b337336115d5,2026-05-04 17:42:14,0x77f9959cc7e0609c77e401f273c75da564391bbe3450f664a7cf094b833c0f00,btc-updown-5m-1777905600
"Bitcoin Up or Down - May 4, 10:40AM-10:45AM ET",Down,BUY,90.17,0.32,0xb348e728c386050201ae42d1602fad973ba4f3f77004bcca9750b337336115d5,2026-05-04 17:42:14,0x11e9e73a3e7a0296a10a21535a296282d412871b976e654db8a7a98b0f5570ab,btc-updown-5m-1777905600
"Bitcoin Up or Down - May 4, 10:40AM-10:45AM ET",Down,BUY,56.19,0.34,0xb348e728c386050201ae42d1602fad973ba4f3f77004bcca9750b337336115d5,2026-05-04 17:42:10,0x38c510c8dd30c0f6c67691ef27e45258255877f0513f5102566f7e6d036210b4,btc-updown-5m-1777905600
"Bitcoin Up or Down - May 4, 10:40AM-10:45AM ET",Down,BUY,5,0.29,0xb348e728c386050201ae42d1602fad973ba4f3f77004bcca9750b337336115d5,2026-05-04 17:42:08,0xd12f5899548fb4e4f833d0d6f3c5213841c0d13745570a1b471ad4c050499ee1,btc-updown-5m-1777905600
"Bitcoin Up or Down - May 4, 10:40AM-10:45AM ET",Down,BUY,106.892856,0.2712996928438323,0xb348e728c386050201ae42d1602fad973ba4f3f77004bcca9750b337336115d5,2026-05-04 17:42:08,0x26b7f43dd5d14bbb41c41a57201cd3c36ad62ff4e7a846d6f2c98ff9e165be76,btc-updown-5m-1777905600
"Bitcoin Up or Down - May 4, 10:40AM-10:45AM ET",Down,BUY,15,0.33,0xb348e728c386050201ae42d1602fad973ba4f3f77004bcca9750b337336115d5,2026-05-04 17:42:08,0xf05e6c7ca6125d70178ec6785b1ddad688d47081ff2ba8be7c2b18abe652a364,btc-updown-5m-1777905600
"Bitcoin Up or Down - May 4, 10:40AM-10:45AM ET",Down,BUY,100,0.31,0xb348e728c386050201ae42d1602fad973ba4f3f77004bcca9750b337336115d5,2026-05-04 17:42:04,0xb89fb796df1ad0a95ae13e9424be640046aaa3248da81b2ad2078cd0a69f02bd,btc-updown-5m-1777905600
"Bitcoin Up or Down - May 4, 10:40AM-10:45AM ET",Up,BUY,102.985072,0.6699999976695652,0xb348e728c386050201ae42d1602fad973ba4f3f77004bcca9750b337336115d5,2026-05-04 17:42:02,0xffa01358cce2e1981225d829e1993030559e319505d025dccf4c8bee20dac062,btc-updown-5m-1777905600
"Bitcoin Up or Down - May 4, 10:40AM-10:45AM ET",Up,BUY,104.477609,0.6699999997128572,0xb348e728c386050201ae42d1602fad973ba4f3f77004bcca9750b337336115d5,2026-05-04 17:42:02,0xc3da2bd3dbd7a2157d795369725be7aa6fc054e41a4e0250dc1ab99234f3917e,btc-updown-5m-1777905600
"Bitcoin Up or Down - May 4, 10:40AM-10:45AM ET",Up,BUY,101.492536,0.669999998817647,0xb348e728c386050201ae42d1602fad973ba4f3f77004bcca9750b337336115d5,2026-05-04 17:42:02,0xe6acfde8f3c4beae0e390404d4a8506ccef294d15af66326b099a765b73db93c,btc-updown-5m-1777905600
"Bitcoin Up or Down - May 4, 10:40AM-10:45AM ET",Up,BUY,100,0.67,0xb348e728c386050201ae42d1602fad973ba4f3f77004bcca9750b337336115d5,2026-05-04 17:42:02,0xbfe64785aaab83964c960ef6ab9b4ae9e58c74fdad06b3fe73bc301ab12169b4,btc-updown-5m-1777905600
"Bitcoin Up or Down - May 4, 10:40AM-10:45AM ET",Up,BUY,102.040815,0.48999999656999993,0xb348e728c386050201ae42d1602fad973ba4f3f77004bcca9750b337336115d5,2026-05-04 17:40:10,0x1a439e65aa72545e60746d5398afc7658046b6da24ea12dfbe614977db34db1b,btc-updown-5m-1777905600
"Bitcoin Up or Down - May 4, 10:30AM-10:45AM ET",Up,BUY,200,0.9,0x7811238603b25b1d051780864a2b6ffeb2a6dd9ffa14a3d305e3ab478f16db11,2026-05-04 17:36:56,0xda9ced600a1032669bb7607cb54bed92c9c0169797eeabafad40ed1a957af115,btc-updown-15m-1777905000
"Bitcoin Up or Down - May 4, 10:35AM-10:40AM ET",Up,BUY,100,0.79,0xaab0dca8d92e6d52dc3a3ddddb35d0dc9ed5ea7175806eb77ba29df307e1ebeb,2026-05-04 17:35:46,0x3c372c2f241551b5e7aff93c8c1a25c038618d9fb15dfb06d304e4cae1097262,btc-updown-5m-1777905300
"Bitcoin Up or Down - May 4, 10:35AM-10:40AM ET",Up,BUY,45.27,0.75,0xaab0dca8d92e6d52dc3a3ddddb35d0dc9ed5ea7175806eb77ba29df307e1ebeb,2026-05-04 17:35:42,0x9d37a08d1fa3f51a5a7da635d960f7a39fd0fab49241b3d620fc4f7bf75e285c,btc-updown-5m-1777905300
"Bitcoin Up or Down - May 4, 10:30AM-10:35AM ET",Up,BUY,59.99,0.78,0x3d2eedebb39e1b5bafc66b48d0a613137f71867b64865523e7cfd15e6f1f65e6,2026-05-04 17:32:18,0x630330f71cd2777bcf4442b8c519d417896bc260596b2ffe1da1f82192da26d2,btc-updown-5m-1777905000
"Bitcoin Up or Down - May 4, 10:30AM-10:35AM ET",Down,BUY,45,0.21,0x3d2eedebb39e1b5bafc66b48d0a613137f71867b64865523e7cfd15e6f1f65e6,2026-05-04 17:32:08,0x308731874ea6276ddcf359d978d3892f782fb57359564b376df9d84001df7530,btc-updown-5m-1777905000
"Bitcoin Up or Down - May 4, 10:30AM-10:45AM ET",Down,BUY,200,0.5,0x7811238603b25b1d051780864a2b6ffeb2a6dd9ffa14a3d305e3ab478f16db11,2026-05-04 17:30:56,0x8049d7b5dae1ab660d6ceb7a298185d391634c24c50d3c741acac96472ce5d6d,btc-updown-15m-1777905000
"Bitcoin Up or Down - May 4, 10:30AM-10:35AM ET",Down,BUY,15,0.47,0x3d2eedebb39e1b5bafc66b48d0a613137f71867b64865523e7cfd15e6f1f65e6,2026-05-04 17:30:16,0xe4e8c010671380b27b11e3d9e254c7134b2496bd4b674a7657470c5b2389ee9d,btc-updown-5m-1777905000
"Bitcoin Up or Down - May 4, 10:30AM-10:45AM ET",Up,BUY,203.571223,0.4814039899932222,0x7811238603b25b1d051780864a2b6ffeb2a6dd9ffa14a3d305e3ab478f16db11,2026-05-04 17:30:16,0x70203a42ad9d71f295cd989bc2cde9eeae705b47599cd8e34c8c05c59fd53ef0,btc-updown-15m-1777905000
"Bitcoin Up or Down - May 4, 10:30AM-10:35AM ET",Up,BUY,104.347825,0.4599999952083333,0x3d2eedebb39e1b5bafc66b48d0a613137f71867b64865523e7cfd15e6f1f65e6,2026-05-04 17:30:08,0xf13e9cd33d9cf428150efc4e8389fae69b28a3c5aeb5a248c9b6d0114700d3ba,btc-updown-5m-1777905000
"Bitcoin Up or Down - May 4, 10:30AM-10:35AM ET",Up,BUY,89.06,0.45,0x3d2eedebb39e1b5bafc66b48d0a613137f71867b64865523e7cfd15e6f1f65e6,2026-05-04 17:30:08,0xb7b0fb3b3fa9d57f653e66be58f465dd2afd21fd6a41a5c835ba1fa3378b8f35,btc-updown-5m-1777905000
"Bitcoin Up or Down - May 4, 10:30AM-10:35AM ET",Up,BUY,21.22,0.44,0x3d2eedebb39e1b5bafc66b48d0a613137f71867b64865523e7cfd15e6f1f65e6,2026-05-04 17:30:08,0xb3f616c8aaed7dc2a0f883170b62c5535369518a8b46efcbe95cfdc6aa0a43e0,btc-updown-5m-1777905000
"Bitcoin Up or Down - May 4, 10:30AM-10:35AM ET",Up,BUY,102.173912,0.45999999491063825,0x3d2eedebb39e1b5bafc66b48d0a613137f71867b64865523e7cfd15e6f1f65e6,2026-05-04 17:30:08,0x6adde99d353a9a1d935d336698b56e14eacee374ad129a06a873607b0f81dbfc,btc-updown-5m-1777905000
"Bitcoin Up or Down - May 4, 10:30AM-10:45AM ET",Up,BUY,200,0.47,0x7811238603b25b1d051780864a2b6ffeb2a6dd9ffa14a3d305e3ab478f16db11,2026-05-04 17:30:08,0xf918acd69aa8b93b2999ba7daa4ff04fa5041b0258225a1c00ad960b6288823f,btc-updown-15m-1777905000
"Bitcoin Up or Down - May 4, 10:30AM-10:35AM ET",Up,BUY,100,0.46,0x3d2eedebb39e1b5bafc66b48d0a613137f71867b64865523e7cfd15e6f1f65e6,2026-05-04 17:30:08,0x3b54946c6128f624ca629b79dce5dfd7cd17e9c1e6b21261f9276180dbd1fae4,btc-updown-5m-1777905000
"Bitcoin Up or Down - May 4, 10:30AM-10:45AM ET",Up,BUY,43.99,0.46,0x7811238603b25b1d051780864a2b6ffeb2a6dd9ffa14a3d305e3ab478f16db11,2026-05-04 17:30:08,0x9f53cffe88469ea929b3fb7522d052eedba12adb264f48859a36576a91aa057c,btc-updown-15m-1777905000
"Bitcoin Up or Down - May 4, 10:25AM-10:30AM ET",Down,BUY,98.49,0.19,0xadd9665ae55e74f48bc4aa0b8521cd99db6c6e41245973b5eb46fd403b8b3489,2026-05-04 17:29:20,0x7b5910ed3a201b13be059655f5f1bcc7166bd1fbc07961585972bb026c07a6a6,btc-updown-5m-1777904700
"Bitcoin Up or Down - May 4, 10:25AM-10:30AM ET",Down,BUY,7.59,0.21,0xadd9665ae55e74f48bc4aa0b8521cd99db6c6e41245973b5eb46fd403b8b3489,2026-05-04 17:29:14,0x741060a8eac056391e48a21d4d352b560841811dfe3717279b7660111a271ebd,btc-updown-5m-1777904700
"Bitcoin Up or Down - May 4, 10:25AM-10:30AM ET",Down,BUY,22,0.24,0xadd9665ae55e74f48bc4aa0b8521cd99db6c6e41245973b5eb46fd403b8b3489,2026-05-04 17:29:10,0xf9896596c63fe08c0f7f9328038b180a4e7bccc6af03cea4af4358d2b618ed6b,btc-updown-5m-1777904700
"Bitcoin Up or Down - May 4, 10:25AM-10:30AM ET",Down,BUY,9.04,0.21,0xadd9665ae55e74f48bc4aa0b8521cd99db6c6e41245973b5eb46fd403b8b3489,2026-05-04 17:29:08,0x56532fb22fb08da5acc638f3f68b0fd64ff85f64c1ed68df9016108b829723d0,btc-updown-5m-1777904700
"Bitcoin Up or Down - May 4, 10:25AM-10:30AM ET",Down,BUY,42.86,0.41,0xadd9665ae55e74f48bc4aa0b8521cd99db6c6e41245973b5eb46fd403b8b3489,2026-05-04 17:29:00,0xc5581fe28653f6478de12f783852f0defe44515e71c9f2237e9863d9a3f1ab7a,btc-updown-5m-1777904700
"Bitcoin Up or Down - May 4, 10:25AM-10:30AM ET",Up,BUY,100,0.52,0xadd9665ae55e74f48bc4aa0b8521cd99db6c6e41245973b5eb46fd403b8b3489,2026-05-04 17:28:54,0x42ffd3e23646dab17d82a9e101881b0c6ddfd9c89bfc6069a642ae008be1f2d6,btc-updown-5m-1777904700
"Bitcoin Up or Down - May 4, 10:25AM-10:30AM ET",Up,BUY,30.57,0.92,0xadd9665ae55e74f48bc4aa0b8521cd99db6c6e41245973b5eb46fd403b8b3489,2026-05-04 17:28:34,0x30dc94f519a2c73696d315d6386b40d4084f29efa0c37281bd71e76a7a3eb5ca,btc-updown-5m-1777904700
"Bitcoin Up or Down - May 4, 10:25AM-10:30AM ET",Up,BUY,101.149423,0.8699999999011364,0xadd9665ae55e74f48bc4aa0b8521cd99db6c6e41245973b5eb46fd403b8b3489,2026-05-04 17:28:20,0x6dfe59d7f744094a0271b0e0ecec753f055205716a39ffa1af11a7306b18c7cb,btc-updown-5m-1777904700
"Bitcoin Up or Down - May 4, 10:25AM-10:30AM ET",Up,BUY,100,0.87,0xadd9665ae55e74f48bc4aa0b8521cd99db6c6e41245973b5eb46fd403b8b3489,2026-05-04 17:28:20,0xc9a2873aa85d10f0878a30e8c123d0d9fb81804d08d7c22d48abe4cfef5e363e,btc-updown-5m-1777904700
"Bitcoin Up or Down - May 4, 10:25AM-10:30AM ET",Down,BUY,42.923075,0.12999998252688094,0xadd9665ae55e74f48bc4aa0b8521cd99db6c6e41245973b5eb46fd403b8b3489,2026-05-04 17:28:18,0xf7ce5a6f97d9fc6ebb4bb24466bfc002c009af6868f178db4b0194f585d005e4,btc-updown-5m-1777904700
"Bitcoin Up or Down - May 4, 10:25AM-10:30AM ET",Down,BUY,102.153845,0.12999999167921678,0xadd9665ae55e74f48bc4aa0b8521cd99db6c6e41245973b5eb46fd403b8b3489,2026-05-04 17:28:18,0x8aedd46472e4a50634d3a6cd43e3171fa2225883445363b64a8034d2916fdab9,btc-updown-5m-1777904700
"Bitcoin Up or Down - May 4, 10:25AM-10:30AM ET",Down,BUY,7.846152,0.12999990313723211,0xadd9665ae55e74f48bc4aa0b8521cd99db6c6e41245973b5eb46fd403b8b3489,2026-05-04 17:28:18,0xca89b7de051b38a5b11ff8e59f79a208cd495b757198297671a54a229ad18e9c,btc-updown-5m-1777904700
"Bitcoin Up or Down - May 4, 10:25AM-10:30AM ET",Down,BUY,110.769229,0.129999993048611,0xadd9665ae55e74f48bc4aa0b8521cd99db6c6e41245973b5eb46fd403b8b3489,2026-05-04 17:28:18,0xcc15a0813a84af047f178bfb6040fa51ba69061232ef97ba2fb019e98819fb79,btc-updown-5m-1777904700
"Bitcoin Up or Down - May 4, 10:25AM-10:30AM ET",Down,BUY,12.923075,0.12999994196427708,0xadd9665ae55e74f48bc4aa0b8521cd99db6c6e41245973b5eb46fd403b8b3489,2026-05-04 17:28:16,0x86a8841f2c8e1a73d1938bd2e6cda8fd326912b9149024456417fea4620543d0,btc-updown-5m-1777904700
"Bitcoin Up or Down - May 4, 10:25AM-10:30AM ET",Down,BUY,142.857141,0.13999999481999995,0xadd9665ae55e74f48bc4aa0b8521cd99db6c6e41245973b5eb46fd403b8b3489,2026-05-04 17:28:16,0x45613a596c60b44bafd116ffbaaa775e506010d4607a6b332cf1450cc98c7162,btc-updown-5m-1777904700
"Bitcoin Up or Down - May 4, 10:25AM-10:30AM ET",Down,BUY,46.866665,0.14999998399715447,0xadd9665ae55e74f48bc4aa0b8521cd99db6c6e41245973b5eb46fd403b8b3489,2026-05-04 17:28:16,0x6a75e093ce1552468f21b1ee95dcb411936931e2a27094511e14a4586b7fa105,btc-updown-5m-1777904700
"Bitcoin Up or Down - May 4, 10:25AM-10:30AM ET",Down,BUY,60.5625,0.16,0xadd9665ae55e74f48bc4aa0b8521cd99db6c6e41245973b5eb46fd403b8b3489,2026-05-04 17:28:16,0xfca6f5236a48af6d8657a3c354e05ec01f5c570531f994c683148cb0b5d059c0,btc-updown-5m-1777904700
"Bitcoin Up or Down - May 4, 10:25AM-10:30AM ET",Down,BUY,30.375,0.16,0xadd9665ae55e74f48bc4aa0b8521cd99db6c6e41245973b5eb46fd403b8b3489,2026-05-04 17:28:16,0xb38d768aa2d424d044267e914d20469b2ca6c5411c8b47296ee6fcbc9ed76acb,btc-updown-5m-1777904700
"Bitcoin Up or Down - May 4, 10:25AM-10:30AM ET",Down,BUY,3.24,0.16,0xadd9665ae55e74f48bc4aa0b8521cd99db6c6e41245973b5eb46fd403b8b3489,2026-05-04 17:28:16,0x3381c110936003e25bef740e326ca425b67abfcf26832ea337e75e2f364918fd,btc-updown-5m-1777904700
"Bitcoin Up or Down - May 4, 10:25AM-10:30AM ET",Down,BUY,8.98,0.14,0xadd9665ae55e74f48bc4aa0b8521cd99db6c6e41245973b5eb46fd403b8b3489,2026-05-04 17:28:16,0x34f23439a2b5b08f9821d4b4ca11238cb57df8ade0bb9e0bc7e4a72afeb01f72,btc-updown-5m-1777904700
"Bitcoin Up or Down - May 4, 10:25AM-10:30AM ET",Down,BUY,36.94,0.08,0xadd9665ae55e74f48bc4aa0b8521cd99db6c6e41245973b5eb46fd403b8b3489,2026-05-04 17:28:04,0x9fab08fcc82c3f85cca2b49e44d81662ef3765c350270b7c95785d71fb91f86a,btc-updown-5m-1777904700
"Bitcoin Up or Down - May 4, 10:25AM-10:30AM ET",Down,BUY,111.11111,0.17999999279999992,0xadd9665ae55e74f48bc4aa0b8521cd99db6c6e41245973b5eb46fd403b8b3489,2026-05-04 17:26:54,0x7caa6ccb5d44b4cbe2fe26faeeffee1592a42c48eeeb3198a2e64351a8a70302,btc-updown-5m-1777904700
"Bitcoin Up or Down - May 4, 10:25AM-10:30AM ET",Down,BUY,105.555554,0.17999999317894727,0xadd9665ae55e74f48bc4aa0b8521cd99db6c6e41245973b5eb46fd403b8b3489,2026-05-04 17:26:52,0xad56fa1afb8e97149f362f9c6cde485a7f1cbbc09d9307dd29f0f2e43aa0bdab,btc-updown-5m-1777904700
"Bitcoin Up or Down - May 4, 10:25AM-10:30AM ET",Down,BUY,100,0.18,0xadd9665ae55e74f48bc4aa0b8521cd99db6c6e41245973b5eb46fd403b8b3489,2026-05-04 17:26:52,0x17e448b4b80b54504ffd32a4786f4d3c2d22611d367c97c6b1a3d3e13bd71db3,btc-updown-5m-1777904700
"Bitcoin Up or Down - May 4, 10:25AM-10:30AM ET",Down,BUY,100,0.37,0xadd9665ae55e74f48bc4aa0b8521cd99db6c6e41245973b5eb46fd403b8b3489,2026-05-04 17:26:18,0x1ee419e7387abcdf68e131f7c0a6433aea2ed906861ada36f323a30735d55fa5,btc-updown-5m-1777904700
"Bitcoin Up or Down - May 4, 10:25AM-10:30AM ET",Down,BUY,81.568626,0.5099999968125,0xadd9665ae55e74f48bc4aa0b8521cd99db6c6e41245973b5eb46fd403b8b3489,2026-05-04 17:25:46,0x1bc412de6fc9de18d9064677248ab627484833c11f64fc7ff7c548f02b71d499,btc-updown-5m-1777904700
"Bitcoin Up or Down - May 4, 10:25AM-10:30AM ET",Down,BUY,55,0.51,0xadd9665ae55e74f48bc4aa0b8521cd99db6c6e41245973b5eb46fd403b8b3489,2026-05-04 17:25:46,0xf6e2f344d4b9ae9bd5f7e98f74dc82241aff2be70cc70af9ffac01da320917f1,btc-updown-5m-1777904700
"Bitcoin Up or Down - May 4, 10:25AM-10:30AM ET",Up,BUY,105.405404,0.3699999954461538,0xadd9665ae55e74f48bc4aa0b8521cd99db6c6e41245973b5eb46fd403b8b3489,2026-05-04 17:25:20,0xee619acdf892a3b7a4c47064a39041b67caf12f69cedd622b399ae264c415876,btc-updown-5m-1777904700
"Bitcoin Up or Down - May 4, 10:25AM-10:30AM ET",Up,BUY,81.21,0.46,0xadd9665ae55e74f48bc4aa0b8521cd99db6c6e41245973b5eb46fd403b8b3489,2026-05-04 17:25:06,0x02f840bc9934a7c931d6463a1bc288912d9ce5ddadaafc6e20612518904584fd,btc-updown-5m-1777904700
"Bitcoin Up or Down - May 4, 10:15AM-10:30AM ET",Down,BUY,200,0.03,0xf227383e72c7bc937fbd11f6074fdcc171f0e5bccd865c3212f5c45f25d7175b,2026-05-04 17:24:16,0x10645c2893be66a613d9d7835eefbb60015d39fd61e4aaae62f20308e04f4e48,btc-updown-15m-1777904100
"Bitcoin Up or Down - May 4, 10:15AM-10:30AM ET",Down,BUY,200,0.04,0xf227383e72c7bc937fbd11f6074fdcc171f0e5bccd865c3212f5c45f25d7175b,2026-05-04 17:24:14,0xbc60275062ae1cca31c8f7011e62f7074bb1cc9fe53ef9f4456943e5cab49662,btc-updown-15m-1777904100
"Bitcoin Up or Down - May 4, 10:15AM-10:30AM ET",Up,BUY,200,0.95,0xf227383e72c7bc937fbd11f6074fdcc171f0e5bccd865c3212f5c45f25d7175b,2026-05-04 17:24:08,0x655c6b44d4639d9a48954f06ef3a6a9cee878f43978d9071e5d3f88a1b8f0f2f,btc-updown-15m-1777904100
"Bitcoin Up or Down - May 4, 10:20AM-10:25AM ET",Up,BUY,100,0.93,0xebb32aef2eee5d5332235e53b8d770ea3aacd0dd94092358167905fadacb08f8,2026-05-04 17:22:28,0x12e9ef5d704b1988dd442b8fcb46f651c4e82471563cc1423622ccd45a96daee,btc-updown-5m-1777904400
"Bitcoin Up or Down - May 4, 10:20AM-10:25AM ET",Up,BUY,6,0.92,0xebb32aef2eee5d5332235e53b8d770ea3aacd0dd94092358167905fadacb08f8,2026-05-04 17:22:28,0xc1606c07e0801ffb3e6935f3901fed579f0743c1b2a9c23f366211b08560dd54,btc-updown-5m-1777904400
"Bitcoin Up or Down - May 4, 10:20AM-10:25AM ET",Down,BUY,100,0.13,0xebb32aef2eee5d5332235e53b8d770ea3aacd0dd94092358167905fadacb08f8,2026-05-04 17:22:26,0x5a922d7b0d675e842de3b3117c1db5ec51ebffadd2223997f277894d85449eb7,btc-updown-5m-1777904400
"Bitcoin Up or Down - May 4, 10:20AM-10:25AM ET",Down,BUY,79.51,0.12,0xebb32aef2eee5d5332235e53b8d770ea3aacd0dd94092358167905fadacb08f8,2026-05-04 17:22:26,0xcfcfce63cf8f9cb015289b4755d13816d30626bc8eadb05e38a059036d6aa678,btc-updown-5m-1777904400
"Bitcoin Up or Down - May 4, 10AM ET",Down,BUY,10,0.13,0x9762fb896e2c005b1965268bd586cfa7a1e527ae15d77bc19af7c5fc11f81566,2026-05-04 17:22:24,0x35e29b6f763b1518b27950c42a7729ef761df0988f3c00a32677ad663b638a57,bitcoin-up-or-down-may-4-2026-10am-et
"Bitcoin Up or Down - May 4, 10:20AM-10:25AM ET",Up,BUY,5,0.63,0xebb32aef2eee5d5332235e53b8d770ea3aacd0dd94092358167905fadacb08f8,2026-05-04 17:22:04,0x549ff63c2de89e13903b7ab8f38908876c7c4069acccd98e5062dac2c4415fc2,btc-updown-5m-1777904400
"Bitcoin Up or Down - May 4, 10:20AM-10:25AM ET",Up,BUY,100,0.61,0xebb32aef2eee5d5332235e53b8d770ea3aacd0dd94092358167905fadacb08f8,2026-05-04 17:22:02,0xbfad65980cc8ec58888cf8a872567f6677c1ddb53bd5b506d1f77a9b90fb73b3,btc-updown-5m-1777904400
"Bitcoin Up or Down - May 4, 10:20AM-10:25AM ET",Up,BUY,101.639343,0.6099999977370968,0xebb32aef2eee5d5332235e53b8d770ea3aacd0dd94092358167905fadacb08f8,2026-05-04 17:22:02,0xea1acfce86ba48c7c975ebf5155ff7cfa9e98212e9a0c45bc3d31307a148a1df,btc-updown-5m-1777904400
"Bitcoin Up or Down - May 4, 10:20AM-10:25AM ET",Down,BUY,100,0.48,0xebb32aef2eee5d5332235e53b8d770ea3aacd0dd94092358167905fadacb08f8,2026-05-04 17:21:50,0xd730728dfb605d7fd4db08a3a86acd43a2adf3c7dce6a22f4c26a23a84ca3f5f,btc-updown-5m-1777904400
"Bitcoin Up or Down - May 4, 10:20AM-10:25AM ET",Up,BUY,101.53846,0.65,0xebb32aef2eee5d5332235e53b8d770ea3aacd0dd94092358167905fadacb08f8,2026-05-04 17:21:10,0x63e9df159071e52f0e239b3d56341cd98282b4b5b960c2497ad12b5500aa0990,btc-updown-5m-1777904400
"Bitcoin Up or Down - May 4, 10:20AM-10:25AM ET",Up,BUY,100,0.65,0xebb32aef2eee5d5332235e53b8d770ea3aacd0dd94092358167905fadacb08f8,2026-05-04 17:21:10,0x8b182ee1fc54e9035d04eb689724f01645618c42d8546a5cbc536e46cf534d85,btc-updown-5m-1777904400
"Bitcoin Up or Down - May 4, 10:20AM-10:25AM ET",Down,BUY,20,0.32,0xebb32aef2eee5d5332235e53b8d770ea3aacd0dd94092358167905fadacb08f8,2026-05-04 17:20:50,0x0355c6b41ed0f7d054ca212a3f5cff3bcd138232c16f010cb01f3d4844bf9802,btc-updown-5m-1777904400
"Bitcoin Up or Down - May 4, 10:20AM-10:25AM ET",Down,BUY,112.5,0.32,0xebb32aef2eee5d5332235e53b8d770ea3aacd0dd94092358167905fadacb08f8,2026-05-04 17:20:50,0x625fcc1ae8df0bbeb62168503f89e8735c13dcb6e67b03895fcce9c210b5dbce,btc-updown-5m-1777904400
"Bitcoin Up or Down - May 4, 10:15AM-10:30AM ET",Down,BUY,27,0.2,0xf227383e72c7bc937fbd11f6074fdcc171f0e5bccd865c3212f5c45f25d7175b,2026-05-04 17:20:50,0x063670085886ecced20e4acc9d1aacfa83aac4c613ebe6534ecf10f7aaee0e66,btc-updown-15m-1777904100
"Bitcoin Up or Down - May 4, 10:15AM-10:30AM ET",Down,BUY,127.171903,0.20145958655663115,0xf227383e72c7bc937fbd11f6074fdcc171f0e5bccd865c3212f5c45f25d7175b,2026-05-04 17:20:50,0x496d459db25d5e26775918b7fdd4000301790c0c3f5e86a3baf8906d13946d51,btc-updown-15m-1777904100
"Bitcoin Up or Down - May 4, 10:20AM-10:25AM ET",Down,BUY,104.181561,0.31675469903930503,0xebb32aef2eee5d5332235e53b8d770ea3aacd0dd94092358167905fadacb08f8,2026-05-04 17:20:48,0xd8201a7903afb3c7d727f14cacec07d1460b5c5ab1a8009d2f0994768ac0612c,btc-updown-5m-1777904400
"Bitcoin Up or Down - May 4, 10:20AM-10:25AM ET",Down,BUY,11.6875,0.32,0xebb32aef2eee5d5332235e53b8d770ea3aacd0dd94092358167905fadacb08f8,2026-05-04 17:20:48,0x3be8fff86b6caef6eda1d530615dd26abe9e78edbd8ba462ad5c4bd43843f673,btc-updown-5m-1777904400
"Bitcoin Up or Down - May 4, 10:20AM-10:25AM ET",Down,BUY,10.9375,0.32,0xebb32aef2eee5d5332235e53b8d770ea3aacd0dd94092358167905fadacb08f8,2026-05-04 17:20:48,0xfb2de2858d52bc5910e5be0e638e2984d596514d011bf084405eea0640338873,btc-updown-5m-1777904400
"Bitcoin Up or Down - May 4, 10:20AM-10:25AM ET",Up,BUY,109.466083,0.6851436988021212,0xebb32aef2eee5d5332235e53b8d770ea3aacd0dd94092358167905fadacb08f8,2026-05-04 17:20:38,0x33b4bd8d0622afeeb0c20f99d7f6ad1c675024c41bab002b338bc02d59d35a89,btc-updown-5m-1777904400
"Bitcoin Up or Down - May 4, 10:20AM-10:25AM ET",Up,BUY,108.550722,0.6817089434006712,0xebb32aef2eee5d5332235e53b8d770ea3aacd0dd94092358167905fadacb08f8,2026-05-04 17:20:34,0x9f01895372939b52ce5d59c8d276bdcd7847f90e9fe4830819328acf13389511,btc-updown-5m-1777904400
"Bitcoin Up or Down - May 4, 10:20AM-10:25AM ET",Down,BUY,107.5,0.4,0xebb32aef2eee5d5332235e53b8d770ea3aacd0dd94092358167905fadacb08f8,2026-05-04 17:20:18,0x276cfedfba76aac95ee138740e323e6adab2c469d4588c13f76f97a966f0312c,btc-updown-5m-1777904400
"Bitcoin Up or Down - May 4, 10:20AM-10:25AM ET",Down,BUY,47.384614,0.3899999902922075,0xebb32aef2eee5d5332235e53b8d770ea3aacd0dd94092358167905fadacb08f8,2026-05-04 17:20:16,0x16fdcd2b5f1978e20c9cded00013313966a00c890b760096302153525a008240,btc-updown-5m-1777904400
"Bitcoin Up or Down - May 4, 10:15AM-10:30AM ET",Down,BUY,0.22,0.35,0xf227383e72c7bc937fbd11f6074fdcc171f0e5bccd865c3212f5c45f25d7175b,2026-05-04 17:19:56,0x6fa2b8463188a38d6c94b62ec6f3d39be23b1e796d1f25e153735d29e75c19b3,btc-updown-15m-1777904100
"Bitcoin Up or Down - May 4, 10:15AM-10:20AM ET",Down,BUY,5.5,0.2,0x57774721dc710339c8c448d980c1cfcde531ed2d05ba48541190df2afa2e04e2,2026-05-04 17:18:44,0xf979e7487209822371e60af27b29e478a4114e16ed912f5befc8907f5ada86a5,btc-updown-5m-1777904100
"Bitcoin Up or Down - May 4, 10:15AM-10:20AM ET",Down,BUY,5.25,0.2,0x57774721dc710339c8c448d980c1cfcde531ed2d05ba48541190df2afa2e04e2,2026-05-04 17:18:42,0xe8b37553f643eac642cfe988ab99bb21140ba417e72d365862f5e84ccab4a8b0,btc-updown-5m-1777904100
"Bitcoin Up or Down - May 4, 10:15AM-10:20AM ET",Down,BUY,100,0.19,0x57774721dc710339c8c448d980c1cfcde531ed2d05ba48541190df2afa2e04e2,2026-05-04 17:18:42,0x0cde9f9562cb2b1b1b025aece451b69da5d5eb9340416b8cf21d4dd5f72e5cca,btc-updown-5m-1777904100
"Bitcoin Up or Down - May 4, 10:15AM-10:30AM ET",Down,BUY,200,0.4,0xf227383e72c7bc937fbd11f6074fdcc171f0e5bccd865c3212f5c45f25d7175b,2026-05-04 17:18:42,0xb324ddf710c7a23b11b827dbbf9545eb90505dcdbe7fcaf20b58391af255676c,btc-updown-15m-1777904100
"Bitcoin Up or Down - May 4, 10AM ET",Down,BUY,5,0.23,0x9762fb896e2c005b1965268bd586cfa7a1e527ae15d77bc19af7c5fc11f81566,2026-05-04 17:18:36,0xeba87ea7d59d0429ba6641b2997d694cf9f35f6a9c8c3f8d4deb5377d72e4687,bitcoin-up-or-down-may-4-2026-10am-et
"Bitcoin Up or Down - May 4, 10AM ET",Down,BUY,100,0.2,0x9762fb896e2c005b1965268bd586cfa7a1e527ae15d77bc19af7c5fc11f81566,2026-05-04 17:18:24,0xbb9f0a8786bb99a994253d7fedbd9c6a592abe737edd661c452f88c3d9e4f5d9,bitcoin-up-or-down-may-4-2026-10am-et
"Bitcoin Up or Down - May 4, 10:15AM-10:20AM ET",Up,BUY,100,0.95,0x57774721dc710339c8c448d980c1cfcde531ed2d05ba48541190df2afa2e04e2,2026-05-04 17:18:20,0x0cd485b9c4f72507e7f719ba7ea48dae3450fbc40d63ba89888b90e1be9699b2,btc-updown-5m-1777904100
"Bitcoin Up or Down - May 4, 10:15AM-10:30AM ET",Down,BUY,7.26,0.38,0xf227383e72c7bc937fbd11f6074fdcc171f0e5bccd865c3212f5c45f25d7175b,2026-05-04 17:18:16,0x5134ab7eb25807dd547bb7f2b3e63f5eb6013afa3adf81fdded9d0ee866c2742,btc-updown-15m-1777904100
"Bitcoin Up or Down - May 4, 10:15AM-10:20AM ET",Down,BUY,109.006875,0.15595346623779463,0x57774721dc710339c8c448d980c1cfcde531ed2d05ba48541190df2afa2e04e2,2026-05-04 17:18:14,0x55e77399731d27c9578321fde3bf7aa41d910de8a01e628f5b935251ae8a7f99,btc-updown-5m-1777904100
"Bitcoin Up or Down - May 4, 10:15AM-10:20AM ET",Down,BUY,21,0.15,0x57774721dc710339c8c448d980c1cfcde531ed2d05ba48541190df2afa2e04e2,2026-05-04 17:18:14,0x2841bc5371b17ae955df84db2569f668795ccb53ace524ecbf5269dd6ea4597c,btc-updown-5m-1777904100
"Bitcoin Up or Down - May 4, 10:15AM-10:20AM ET",Down,BUY,18.133332,0.14999995588234968,0x57774721dc710339c8c448d980c1cfcde531ed2d05ba48541190df2afa2e04e2,2026-05-04 17:18:14,0xcba0891d34c2bfa7050d564668df3fa0c31458b9797d1f6660045f7ad1acaf3d,btc-updown-5m-1777904100
"Bitcoin Up or Down - May 4, 10AM ET",Up,BUY,202.727269,0.7695067258070744,0x9762fb896e2c005b1965268bd586cfa7a1e527ae15d77bc19af7c5fc11f81566,2026-05-04 17:18:12,0x7e90f3b0b2283fb61093781d5b661a71805a76a6b8ffd5ecccee6dc00f069162,bitcoin-up-or-down-may-4-2026-10am-et
"Bitcoin Up or Down - May 4, 10:15AM-10:20AM ET",Down,BUY,125.296875,0.15163985534355906,0x57774721dc710339c8c448d980c1cfcde531ed2d05ba48541190df2afa2e04e2,2026-05-04 17:18:10,0xc673912cea71abdb2250ddb73fd8138655d155b48cba29c246d4afa2785e7cdc,btc-updown-5m-1777904100
"Bitcoin Up or Down - May 4, 10AM ET",Up,BUY,91.77,0.77,0x9762fb896e2c005b1965268bd586cfa7a1e527ae15d77bc19af7c5fc11f81566,2026-05-04 17:18:10,0x9dfc57e6679409373f47f44fcfa6dd36e2385633634815992508b89d35b6996a,bitcoin-up-or-down-may-4-2026-10am-et
"Bitcoin Up or Down - May 4, 10:15AM-10:20AM ET",Down,BUY,133.333332,0.14999999399999994,0x57774721dc710339c8c448d980c1cfcde531ed2d05ba48541190df2afa2e04e2,2026-05-04 17:18:10,0x2da0c65896725d8780aa948cda122fb7ecae74c1bb7887080f623a4f45ab4bd5,btc-updown-5m-1777904100
"Bitcoin Up or Down - May 4, 10:15AM-10:20AM ET",Up,BUY,73.4,0.67,0x57774721dc710339c8c448d980c1cfcde531ed2d05ba48541190df2afa2e04e2,2026-05-04 17:17:54,0x98a4e7194dad70f53ede595004e5c8bc4acb3cad87100cf6548ce47de0dfba78,btc-updown-5m-1777904100
"Bitcoin Up or Down - May 4, 10:15AM-10:20AM ET",Up,BUY,96.87,0.54,0x57774721dc710339c8c448d980c1cfcde531ed2d05ba48541190df2afa2e04e2,2026-05-04 17:17:26,0x76f51d5f57bca85eeacfb883f87ba3e7d81c6728ab341dad19236bba84a2a433,btc-updown-5m-1777904100
"Bitcoin Up or Down - May 4, 10:15AM-10:20AM ET",Down,BUY,5,0.43,0x57774721dc710339c8c448d980c1cfcde531ed2d05ba48541190df2afa2e04e2,2026-05-04 17:17:10,0xd79d0ff42eff9c3920a18b4313173c629c899b651bb37ebc6a9cf4474bd76240,btc-updown-5m-1777904100
"Bitcoin Up or Down - May 4, 10:15AM-10:20AM ET",Down,BUY,42,0.42,0x57774721dc710339c8c448d980c1cfcde531ed2d05ba48541190df2afa2e04e2,2026-05-04 17:17:00,0xb429dc42409219d2113be8ad57a210b963ddc0d7ef46dc537d17bddcc2d13796,btc-updown-5m-1777904100
"Bitcoin Up or Down - May 4, 10:15AM-10:20AM ET",Down,BUY,100,0.43,0x57774721dc710339c8c448d980c1cfcde531ed2d05ba48541190df2afa2e04e2,2026-05-04 17:17:00,0xbe7484f2ffac311826d4d47635c976f46570b1dcab5a0337288cee44cf89f5b6,btc-updown-5m-1777904100
"Bitcoin Up or Down - May 4, 10:15AM-10:30AM ET",Down,BUY,5.1,0.5,0xf227383e72c7bc937fbd11f6074fdcc171f0e5bccd865c3212f5c45f25d7175b,2026-05-04 17:16:46,0xc9e0420727b0b4db5f6f82d856bfb64da33e5518680f8697f79281e248014654,btc-updown-15m-1777904100
"Bitcoin Up or Down - May 4, 10:15AM-10:30AM ET",Down,BUY,200,0.5,0xf227383e72c7bc937fbd11f6074fdcc171f0e5bccd865c3212f5c45f25d7175b,2026-05-04 17:16:46,0xf241ce45924d94156b636dd2b0fc6448699532ba3b67f4ed152b37f72ca1aaba,btc-updown-15m-1777904100
"Bitcoin Up or Down - May 4, 10:15AM-10:20AM ET",Up,BUY,100,0.52,0x57774721dc710339c8c448d980c1cfcde531ed2d05ba48541190df2afa2e04e2,2026-05-04 17:16:32,0x5fa666221954d8fcff8678354ef275a736ac8cacac366667a3070a41cd7340ad,btc-updown-5m-1777904100
"Bitcoin Up or Down - May 4, 10:15AM-10:20AM ET",Down,BUY,100,0.42,0x57774721dc710339c8c448d980c1cfcde531ed2d05ba48541190df2afa2e04e2,2026-05-04 17:16:30,0x1f9096fcf30747ff9eb71f8f8554259387918576e36212b0a04c7055bee42a93,btc-updown-5m-1777904100
"Bitcoin Up or Down - May 4, 10:15AM-10:20AM ET",Up,BUY,80.03,0.51,0x57774721dc710339c8c448d980c1cfcde531ed2d05ba48541190df2afa2e04e2,2026-05-04 17:15:52,0x6168b551f301a5a8e05791113a635518ddd26d12c12774e5499f082ce8eb6c35,btc-updown-5m-1777904100
"Bitcoin Up or Down - May 4, 10:15AM-10:20AM ET",Up,BUY,100,0.61,0x57774721dc710339c8c448d980c1cfcde531ed2d05ba48541190df2afa2e04e2,2026-05-04 17:15:40,0x9ae1ae1cd6947d3f01fadf30c98ee6b35518e4ab6ebde776f0e569aa9771de9f,btc-updown-5m-1777904100
"Bitcoin Up or Down - May 4, 10:15AM-10:20AM ET",Up,BUY,71.43,0.6,0x57774721dc710339c8c448d980c1cfcde531ed2d05ba48541190df2afa2e04e2,2026-05-04 17:15:36,0x5cf37d00029a225a122b946059a09580bdc241127ad3e475dae8ea620e149231,btc-updown-5m-1777904100
"Bitcoin Up or Down - May 4, 10:15AM-10:20AM ET",Down,BUY,100,0.48,0x57774721dc710339c8c448d980c1cfcde531ed2d05ba48541190df2afa2e04e2,2026-05-04 17:15:16,0x0499b4dbedd923a73f756dc640e3ed3425a0a8fe24d3697fac4271f4e7664aba,btc-updown-5m-1777904100
"Bitcoin Up or Down - May 4, 10:15AM-10:20AM ET",Down,BUY,58.06,0.55,0x57774721dc710339c8c448d980c1cfcde531ed2d05ba48541190df2afa2e04e2,2026-05-04 17:15:12,0x7e8b333a8bdb596a076f5c4d241c797467f4af737361cf7297c6d72cf50c88f4,btc-updown-5m-1777904100
"Bitcoin Up or Down - May 4, 10:15AM-10:20AM ET",Down,BUY,15,0.54,0x57774721dc710339c8c448d980c1cfcde531ed2d05ba48541190df2afa2e04e2,2026-05-04 17:15:12,0x07ca777a50098dc6459210f2f5d4eebc909f1b93c972d16f8e9098fa20dc199d,btc-updown-5m-1777904100
"Bitcoin Up or Down - May 4, 10:15AM-10:20AM ET",Up,BUY,11.61,0.42,0x57774721dc710339c8c448d980c1cfcde531ed2d05ba48541190df2afa2e04e2,2026-05-04 17:15:10,0x6c0990a475659c36955f4b8244b35e014fcf5597dda88e5d534905ed8d7e1132,btc-updown-5m-1777904100
"Bitcoin Up or Down - May 4, 10:00AM-10:15AM ET",Down,BUY,176,0.09,0x2ac1a076bc58f301ead2aa2269646d1fe9b0f15bd0a295070fa963e086b01990,2026-05-04 17:13:02,0xa7485e6562d93024a5d428eb6a32dce94f4ae082d8988c9391994aaa0799fdfa,btc-updown-15m-1777903200
"Bitcoin Up or Down - May 4, 10:00AM-10:15AM ET",Down,BUY,200,0.1,0x2ac1a076bc58f301ead2aa2269646d1fe9b0f15bd0a295070fa963e086b01990,2026-05-04 17:13:00,0x1d270731da9b892dcc187e79db9d7c86774204c1111cfbe7823f4ab48c728c90,btc-updown-15m-1777903200
"Bitcoin Up or Down - May 4, 10:00AM-10:15AM ET",Down,BUY,15,0.11,0x2ac1a076bc58f301ead2aa2269646d1fe9b0f15bd0a295070fa963e086b01990,2026-05-04 17:12:58,0xe09e034a0e0e4f9dccfe62b0941aea97f7174c90906a95ae9637cdb89ea24eb9,btc-updown-15m-1777903200
"Bitcoin Up or Down - May 4, 10:00AM-10:15AM ET",Down,BUY,39,0.12,0x2ac1a076bc58f301ead2aa2269646d1fe9b0f15bd0a295070fa963e086b01990,2026-05-04 17:12:58,0xd70947a284ffdcb41c50cfd827a31d0015d53af440b2f037a74db803eeb6f97f,btc-updown-15m-1777903200
"Bitcoin Up or Down - May 4, 10:00AM-10:15AM ET",Down,BUY,5,0.29,0x2ac1a076bc58f301ead2aa2269646d1fe9b0f15bd0a295070fa963e086b01990,2026-05-04 17:12:42,0x961c55d21f242fb4b200e8e68083c9b4289303c2bd48ef5db54d905bd7f28906,btc-updown-15m-1777903200
"Bitcoin Up or Down - May 4, 10:00AM-10:15AM ET",Down,BUY,67.63,0.3,0x2ac1a076bc58f301ead2aa2269646d1fe9b0f15bd0a295070fa963e086b01990,2026-05-04 17:12:38,0xbb45f7cc111b8be15c1b46e285eef4207543702165ad70babd6babb69a2944a5,btc-updown-15m-1777903200
"Bitcoin Up or Down - May 4, 10:00AM-10:15AM ET",Down,BUY,26.51724,0.28434328006987153,0x2ac1a076bc58f301ead2aa2269646d1fe9b0f15bd0a295070fa963e086b01990,2026-05-04 17:12:38,0x6d61ec0c47ae10937adae85fae7e0644cef3617190e9ab4f833dc3e3034fdebf,btc-updown-15m-1777903200
"Bitcoin Up or Down - May 4, 10:00AM-10:15AM ET",Down,BUY,20,0.37,0x2ac1a076bc58f301ead2aa2269646d1fe9b0f15bd0a295070fa963e086b01990,2026-05-04 17:12:32,0x3c491ac976795bc03d577d85a113cc7066e2f49e42b9da8b78472423a64a1f4f,btc-updown-15m-1777903200
"Bitcoin Up or Down - May 4, 10:00AM-10:15AM ET",Down,BUY,80.736841,0.37653193540232766,0x2ac1a076bc58f301ead2aa2269646d1fe9b0f15bd0a295070fa963e086b01990,2026-05-04 17:12:32,0x8b81cf227d1ee3d225f994b654d9980721a6974de241012c98a90e9087bc9b6d,btc-updown-15m-1777903200
"Bitcoin Up or Down - May 4, 10:00AM-10:15AM ET",Down,BUY,223.289472,0.3672362976432673,0x2ac1a076bc58f301ead2aa2269646d1fe9b0f15bd0a295070fa963e086b01990,2026-05-04 17:12:32,0xdab10d591aa80bf0ec92b84db514db5f20a417881c210b37ab3e2bbf812809a3,btc-updown-15m-1777903200
"Bitcoin Up or Down - May 4, 10:00AM-10:15AM ET",Down,BUY,35,0.36,0x2ac1a076bc58f301ead2aa2269646d1fe9b0f15bd0a295070fa963e086b01990,2026-05-04 17:12:32,0xaff8bb1a38990ccd6bac6ee13f840f0806f04e5bfbbeb6923106b11820bdec57,btc-updown-15m-1777903200
"Bitcoin Up or Down - May 4, 10:00AM-10:15AM ET",Down,BUY,65.473683,0.37144693693189673,0x2ac1a076bc58f301ead2aa2269646d1fe9b0f15bd0a295070fa963e086b01990,2026-05-04 17:12:32,0x2faef82e439e8c6cdf949536e870e927f816e4862f1e9bcc417086c74b0e6d40,btc-updown-15m-1777903200
"Bitcoin Up or Down - May 4, 10:00AM-10:15AM ET",Down,BUY,37,0.39,0x2ac1a076bc58f301ead2aa2269646d1fe9b0f15bd0a295070fa963e086b01990,2026-05-04 17:12:30,0xd9a9638b5a5b9e1e636ea1d48049353d4e90dbeddfbab420408287f76fe0ecb7,btc-updown-15m-1777903200
"Bitcoin Up or Down - May 4, 10:00AM-10:15AM ET",Up,BUY,159.36,0.6,0x2ac1a076bc58f301ead2aa2269646d1fe9b0f15bd0a295070fa963e086b01990,2026-05-04 17:12:30,0xf9d4f8595d0c742917c67bfeca7892f16be920e4eaa8edb045850494afdc5c16,btc-updown-15m-1777903200
"Bitcoin Up or Down - May 4, 10:00AM-10:15AM ET",Up,BUY,8.92,0.44,0x2ac1a076bc58f301ead2aa2269646d1fe9b0f15bd0a295070fa963e086b01990,2026-05-04 17:12:08,0x351607cffa90a1f3462e425f80ffb5f57c62f2ac37d3ae22162cc66a23ef5be4,btc-updown-15m-1777903200
"Bitcoin Up or Down - May 4, 10:10AM-10:15AM ET",Up,BUY,100,0.95,0x9d1f1a47d884c2a2baabcfb6af4ff5145655f12cc945ee0f14c9624879660d20,2026-05-04 17:11:40,0x4ce9e051081adca60126c3c23c31a46732ffe17f01511551f1ee1a9d16e1f108,btc-updown-5m-1777903800
"Bitcoin Up or Down - May 4, 10:00AM-10:15AM ET",Up,BUY,200,0.2,0x2ac1a076bc58f301ead2aa2269646d1fe9b0f15bd0a295070fa963e086b01990,2026-05-04 17:11:38,0x95c2fb5541b35da8849ba124bd78593b212ce641a3ddf750b30fa071979d5b0f,btc-updown-15m-1777903200
"Bitcoin Up or Down - May 4, 10:10AM-10:15AM ET",Down,BUY,100,0.1,0x9d1f1a47d884c2a2baabcfb6af4ff5145655f12cc945ee0f14c9624879660d20,2026-05-04 17:11:30,0x8c18b885b6b439ec336b0081b24553989afc7fe88f3137f13bd5333c49ce9f91,btc-updown-5m-1777903800
"Bitcoin Up or Down - May 4, 10:00AM-10:15AM ET",Up,BUY,200,0.2,0x2ac1a076bc58f301ead2aa2269646d1fe9b0f15bd0a295070fa963e086b01990,2026-05-04 17:11:14,0x1ab81bca1ae8f364ff0b87f007a0cc9df234b0d456ef16335f16209be5725ee7,btc-updown-15m-1777903200
"Bitcoin Up or Down - May 4, 10:00AM-10:15AM ET",Up,BUY,60.56,0.16,0x2ac1a076bc58f301ead2aa2269646d1fe9b0f15bd0a295070fa963e086b01990,2026-05-04 17:11:06,0x7ca262292d4976d25e7198fe0f12b13a866fa9553f846e474e9429890efe2d76,btc-updown-15m-1777903200
"Bitcoin Up or Down - May 4, 10AM ET",Up,BUY,42,0.36,0x9762fb896e2c005b1965268bd586cfa7a1e527ae15d77bc19af7c5fc11f81566,2026-05-04 17:10:54,0xdae49640e58fef6fc50870fd0fd611e9139e463fd2e788fd90cb1eff0fb0d262,bitcoin-up-or-down-may-4-2026-10am-et
"Bitcoin Up or Down - May 4, 10:00AM-10:15AM ET",Up,BUY,16.69,0.13,0x2ac1a076bc58f301ead2aa2269646d1fe9b0f15bd0a295070fa963e086b01990,2026-05-04 17:10:50,0xb7cf7421f77bc88e2a259de7a907ccd9bf193626817e8646d10461d27e9e8d36,btc-updown-15m-1777903200
"Bitcoin Up or Down - May 4, 10:00AM-10:15AM ET",Up,BUY,156,0.15,0x2ac1a076bc58f301ead2aa2269646d1fe9b0f15bd0a295070fa963e086b01990,2026-05-04 17:10:48,0x0a86716797b1044292762dfa224d23bd7253b288ecb02814467fae6183050756,btc-updown-15m-1777903200
"Bitcoin Up or Down - May 4, 10:00AM-10:15AM ET",Up,BUY,55,0.14,0x2ac1a076bc58f301ead2aa2269646d1fe9b0f15bd0a295070fa963e086b01990,2026-05-04 17:10:48,0x91d573a7c00d2bc8d7cddb332efc54a036d9c9c42b8681c712eac8bf93408207,btc-updown-15m-1777903200
"Bitcoin Up or Down - May 4, 10:00AM-10:15AM ET",Up,BUY,82.33,0.05,0x2ac1a076bc58f301ead2aa2269646d1fe9b0f15bd0a295070fa963e086b01990,2026-05-04 17:10:28,0xd191fb02eacb6b096576d0d0b49fc056adb616a433b872243f731dc215208d68,btc-updown-15m-1777903200
"Bitcoin Up or Down - May 4, 10AM ET",Up,BUY,50.99,0.3,0x9762fb896e2c005b1965268bd586cfa7a1e527ae15d77bc19af7c5fc11f81566,2026-05-04 17:10:28,0xbc4d1ba266b9ab5193ebbdee1e5be0e3341e60279ea56baad1af07793014d682,bitcoin-up-or-down-may-4-2026-10am-et
"Bitcoin Up or Down - May 4, 10:10AM-10:15AM ET",Up,BUY,64.45,0.61,0x9d1f1a47d884c2a2baabcfb6af4ff5145655f12cc945ee0f14c9624879660d20,2026-05-04 17:10:20,0xecdb4d6c3e6ba7db9b8cb5f15c2c4430e6ad8d159938dcf4626a7ff084f48bc3,btc-updown-5m-1777903800
"Bitcoin Up or Down - May 4, 10:00AM-10:15AM ET",Up,BUY,200,0.04,0x2ac1a076bc58f301ead2aa2269646d1fe9b0f15bd0a295070fa963e086b01990,2026-05-04 17:10:14,0xce36c2db251789590253a480b54b0ea14c38e1a3f1870d69490305e02f78319b,btc-updown-15m-1777903200
"Bitcoin Up or Down - May 4, 10:10AM-10:15AM ET",Up,BUY,48.48,0.6079331683168316,0x9d1f1a47d884c2a2baabcfb6af4ff5145655f12cc945ee0f14c9624879660d20,2026-05-04 17:10:12,0x53f6fb35424ad6fe8fe6b86ccb5143cd4610fa90cebe37126be8b5b660ec263e,btc-updown-5m-1777903800
"Bitcoin Up or Down - May 4, 10:10AM-10:15AM ET",Up,BUY,47.5,0.6,0x9d1f1a47d884c2a2baabcfb6af4ff5145655f12cc945ee0f14c9624879660d20,2026-05-04 17:10:12,0xf2421551424404131736257e55bd53fd993a5302cacf103e4e3cecf71bcb6467,btc-updown-5m-1777903800
"Bitcoin Up or Down - May 4, 10:10AM-10:15AM ET",Up,BUY,33.96,0.59,0x9d1f1a47d884c2a2baabcfb6af4ff5145655f12cc945ee0f14c9624879660d20,2026-05-04 17:10:10,0x89c625ba85d98f1071b782c817adc8461f7a2f30196cc009d2657f7af618d5a2,btc-updown-5m-1777903800
"Bitcoin Up or Down - May 4, 10:10AM-10:15AM ET",Down,BUY,123.578047,0.40460259903605694,0x9d1f1a47d884c2a2baabcfb6af4ff5145655f12cc945ee0f14c9624879660d20,2026-05-04 17:10:10,0xd528fd13d10d48f2ff73d85d279f8433cf4bfad23d58357c685313de6eabcca3,btc-updown-5m-1777903800
"Bitcoin Up or Down - May 4, 10:10AM-10:15AM ET",Down,BUY,50.35,0.4,0x9d1f1a47d884c2a2baabcfb6af4ff5145655f12cc945ee0f14c9624879660d20,2026-05-04 17:10:10,0xfec5981d2d42d15413c8b10b45679695e9efe05ba409e2efc5610a40c5e6731f,btc-updown-5m-1777903800
"Bitcoin Up or Down - May 4, 10:10AM-10:15AM ET",Down,BUY,6.585364,0.4099999635555453,0x9d1f1a47d884c2a2baabcfb6af4ff5145655f12cc945ee0f14c9624879660d20,2026-05-04 17:10:10,0x07c63a6c3bb07bb6465d02b730241a476a04990a51d4ce243fe81debbc92fdf8,btc-updown-5m-1777903800
"Bitcoin Up or Down - May 4, 10:10AM-10:15AM ET",Down,BUY,38.06634,0.40981084601251394,0x9d1f1a47d884c2a2baabcfb6af4ff5145655f12cc945ee0f14c9624879660d20,2026-05-04 17:10:10,0x4000c94be433d6b18117327c3935f3d0c6b47826804d040587cc4a7aa6ab4ac3,btc-updown-5m-1777903800
"Bitcoin Up or Down - May 4, 10:10AM-10:15AM ET",Down,BUY,127.5,0.4,0x9d1f1a47d884c2a2baabcfb6af4ff5145655f12cc945ee0f14c9624879660d20,2026-05-04 17:10:10,0xefe269db0bf8657f2a39057d6d83f012564e176d47a95d1263a53498d3266cbe,btc-updown-5m-1777903800
"Bitcoin Up or Down - May 4, 10:00AM-10:15AM ET",Up,BUY,347.892,0.04024237407011371,0x2ac1a076bc58f301ead2aa2269646d1fe9b0f15bd0a295070fa963e086b01990,2026-05-04 17:09:58,0x39da07cc0fec0ad36b350301821868f0ba41abe6e77c5d628fbd8a0b27e35681,btc-updown-15m-1777903200
"Bitcoin Up or Down - May 4, 10:00AM-10:15AM ET",Up,BUY,253.4,0.0473559589581689,0x2ac1a076bc58f301ead2aa2269646d1fe9b0f15bd0a295070fa963e086b01990,2026-05-04 17:09:58,0x970e8a07bee4fae8e79ea20c07bfb61c7e261eead7ff68d1996a8b0e903d3263,btc-updown-15m-1777903200
"Bitcoin Up or Down - May 4, 10:00AM-10:15AM ET",Up,BUY,144.56,0.04197565024903154,0x2ac1a076bc58f301ead2aa2269646d1fe9b0f15bd0a295070fa963e086b01990,2026-05-04 17:09:58,0x7d7a8bd7e01e9a387ec6b5182b7dedef26b750f88d965535718eea81fbba2186,btc-updown-15m-1777903200
"Bitcoin Up or Down - May 4, 10:00AM-10:15AM ET",Up,BUY,200,0.02,0x2ac1a076bc58f301ead2aa2269646d1fe9b0f15bd0a295070fa963e086b01990,2026-05-04 17:09:48,0x8067ec300194bfc8accc85f9eacdd21e5530842ecbd3db1e0aedf622ef2b52e3,btc-updown-15m-1777903200
"Bitcoin Up or Down - May 4, 10:05AM-10:10AM ET",Up,BUY,100.6,0.2485089463220676,0x944a594dabe66fd91c0817fecb5b93ce16986b528f2dfeb36e2121ddbbbddacd,2026-05-04 17:09:28,0x06092ba31bc28a63f510ca7d20736bee02fec8c5f5c1ffdc2e43667c2cb91f32,btc-updown-5m-1777903500
"Bitcoin Up or Down - May 4, 10:05AM-10:10AM ET",Up,BUY,5,0.24,0x944a594dabe66fd91c0817fecb5b93ce16986b528f2dfeb36e2121ddbbbddacd,2026-05-04 17:09:28,0x24e36d6e7c47cb692702ff63cd230092faec882579947d187f0ca21ae63452f0,btc-updown-5m-1777903500
"Bitcoin Up or Down - May 4, 10:05AM-10:10AM ET",Up,BUY,100,0.5,0x944a594dabe66fd91c0817fecb5b93ce16986b528f2dfeb36e2121ddbbbddacd,2026-05-04 17:08:58,0xea5307c584e2ff0eca6487be5716585209ca1122b5d7d87ff174d2eeb34f0b01,btc-updown-5m-1777903500
"Bitcoin Up or Down - May 4, 10:05AM-10:10AM ET",Up,BUY,17,0.6,0x944a594dabe66fd91c0817fecb5b93ce16986b528f2dfeb36e2121ddbbbddacd,2026-05-04 17:08:58,0x2fbe121cc6f711f0818b872bd2dda0a396de1db4927b28aa6cad3ea42bb527ef,btc-updown-5m-1777903500
"Bitcoin Up or Down - May 4, 10:05AM-10:10AM ET",Down,BUY,102.986036,0.5243429215976426,0x944a594dabe66fd91c0817fecb5b93ce16986b528f2dfeb36e2121ddbbbddacd,2026-05-04 17:08:54,0x16fb7614c33ed6f1de62950e4377c92c0ebd1b11b7805454ee0c9492b9b6b97d,btc-updown-5m-1777903500
"Bitcoin Up or Down - May 4, 10:05AM-10:10AM ET",Up,BUY,44.93,0.51,0x944a594dabe66fd91c0817fecb5b93ce16986b528f2dfeb36e2121ddbbbddacd,2026-05-04 17:08:54,0x56cae706fc14bc8b6f20c64d877ff8109e899f1cb2e019873fcb5b5de7fccf7d,btc-updown-5m-1777903500
"Bitcoin Up or Down - May 4, 10:05AM-10:10AM ET",Down,BUY,11.634614,0.5199999759338815,0x944a594dabe66fd91c0817fecb5b93ce16986b528f2dfeb36e2121ddbbbddacd,2026-05-04 17:08:52,0x96e427dbce7cb37cacf60d45277161e0cedc52351ac4ff0fc89b425746337efb,btc-updown-5m-1777903500
"Bitcoin Up or Down - May 4, 10:05AM-10:10AM ET",Down,BUY,100,0.43,0x944a594dabe66fd91c0817fecb5b93ce16986b528f2dfeb36e2121ddbbbddacd,2026-05-04 17:08:48,0xa41f0da9ee89572fb324913e2d3ccd10df44ecb5745c4067b5c65033b3503a01,btc-updown-5m-1777903500
"Bitcoin Up or Down - May 4, 10:05AM-10:10AM ET",Up,BUY,108.816606,0.5513864216643551,0x944a594dabe66fd91c0817fecb5b93ce16986b528f2dfeb36e2121ddbbbddacd,2026-05-04 17:08:42,0xa4031bc1687468b452abefd6e350ae74dc4e59e7e2b0ede8905ea3ed6972352f,btc-updown-5m-1777903500
"Bitcoin Up or Down - May 4, 10:05AM-10:10AM ET",Up,BUY,110.909088,0.5499999963934425,0x944a594dabe66fd91c0817fecb5b93ce16986b528f2dfeb36e2121ddbbbddacd,2026-05-04 17:08:42,0xabc72fcd53d2aab2b6f1c47a953ccf52208961609818d59d4c56391386bb9691,btc-updown-5m-1777903500
"Bitcoin Up or Down - May 4, 10AM ET",Up,BUY,44.5,0.32,0x9762fb896e2c005b1965268bd586cfa7a1e527ae15d77bc19af7c5fc11f81566,2026-05-04 17:08:42,0x822118d3b89b4b6f24d3ac9b5f10d16fa409b09f804e8198de302bfe0b960746,bitcoin-up-or-down-may-4-2026-10am-et
"Bitcoin Up or Down - May 4, 10:05AM-10:10AM ET",Down,BUY,70.355554,0.4380606398181443,0x944a594dabe66fd91c0817fecb5b93ce16986b528f2dfeb36e2121ddbbbddacd,2026-05-04 17:08:40,0x2aef0f73ebf9749fe3aad083a6778a505a0d5a94d352ca11587fa6a44c5c4f0f,btc-updown-5m-1777903500
"Bitcoin Up or Down - May 4, 10:05AM-10:10AM ET",Down,BUY,69.562044,0.4391762697484852,0x944a594dabe66fd91c0817fecb5b93ce16986b528f2dfeb36e2121ddbbbddacd,2026-05-04 17:08:40,0x842a79d6e08edf535098f5028d23c24d79f44e8d75c9ffb160dceefc47bda26a,btc-updown-5m-1777903500
"Bitcoin Up or Down - May 4, 10:05AM-10:10AM ET",Down,BUY,116.279068,0.42999999793599997,0x944a594dabe66fd91c0817fecb5b93ce16986b528f2dfeb36e2121ddbbbddacd,2026-05-04 17:08:40,0x9c26c6a8f335f5f5cdf2949c36ee01eb97715410a23c8b24e37a5c1d7011add8,btc-updown-5m-1777903500
"Bitcoin Up or Down - May 4, 10AM ET",Up,BUY,99.5,0.33,0x9762fb896e2c005b1965268bd586cfa7a1e527ae15d77bc19af7c5fc11f81566,2026-05-04 17:08:40,0xd5acce4a6432cd786e874209006365487f2bef6117cce433680bc5cb799b43fc,bitcoin-up-or-down-may-4-2026-10am-et
"Bitcoin Up or Down - May 4, 10AM ET",Up,BUY,201.60294,0.3372966634315948,0x9762fb896e2c005b1965268bd586cfa7a1e527ae15d77bc19af7c5fc11f81566,2026-05-04 17:08:40,0x0123b4b0e758d378ebf667b3f801b465058e5354c471c2c16d29e2db082a9f59,bitcoin-up-or-down-may-4-2026-10am-et
"Bitcoin Up or Down - May 4, 10:05AM-10:10AM ET",Up,BUY,69.37,0.5821623180049013,0x944a594dabe66fd91c0817fecb5b93ce16986b528f2dfeb36e2121ddbbbddacd,2026-05-04 17:08:40,0xb5616ad8812545e718438b7aa9f5aa38ca62a88040d6b2cc064108be85775f75,btc-updown-5m-1777903500
"Bitcoin Up or Down - May 4, 10AM ET",Down,BUY,181,0.69,0x9762fb896e2c005b1965268bd586cfa7a1e527ae15d77bc19af7c5fc11f81566,2026-05-04 17:08:40,0x3dda484458f1df413d6ec0881b21e1773be242bc7391cf53ce2d99ded2eacc53,bitcoin-up-or-down-may-4-2026-10am-et
"Bitcoin Up or Down - May 4, 10:00AM-10:15AM ET",Up,BUY,10,0.12,0x2ac1a076bc58f301ead2aa2269646d1fe9b0f15bd0a295070fa963e086b01990,2026-05-04 17:08:40,0xf68c5786120301b9f6266b3833119bbd7d7882e9b9e1db561a5daef5c48b1616,btc-updown-15m-1777903200
"Bitcoin Up or Down - May 4, 10AM ET",Down,BUY,205.7971,0.69,0x9762fb896e2c005b1965268bd586cfa7a1e527ae15d77bc19af7c5fc11f81566,2026-05-04 17:08:40,0xed67e37a94af176c70dc906d2de6add2271a6620182834a044beda5537e62e29,bitcoin-up-or-down-may-4-2026-10am-et
"Bitcoin Up or Down - May 4, 10AM ET",Down,BUY,202.898548,0.6899999994085714,0x9762fb896e2c005b1965268bd586cfa7a1e527ae15d77bc19af7c5fc11f81566,2026-05-04 17:08:40,0x5eeb2ad66ff4078dc130562832ad56259935869b3aa541f9e397904770fa1771,bitcoin-up-or-down-may-4-2026-10am-et
"Bitcoin Up or Down - May 4, 10:05AM-10:10AM ET",Down,BUY,48,0.42,0x944a594dabe66fd91c0817fecb5b93ce16986b528f2dfeb36e2121ddbbbddacd,2026-05-04 17:08:40,0x02d9cf4f436aa8ce0084586dfdb8ea622f35cf7b1ee4edf0b52d136a17e662a8,btc-updown-5m-1777903500
"Bitcoin Up or Down - May 4, 10:00AM-10:15AM ET",Down,BUY,19.42222,0.9,0x2ac1a076bc58f301ead2aa2269646d1fe9b0f15bd0a295070fa963e086b01990,2026-05-04 17:08:40,0x83783817c45441f018447eab2da9dc2abeac8bf65f8b3c717170e3299ab21d28,btc-updown-15m-1777903200
"Bitcoin Up or Down - May 4, 10:05AM-10:10AM ET",Down,BUY,112.452726,0.4357386498571853,0x944a594dabe66fd91c0817fecb5b93ce16986b528f2dfeb36e2121ddbbbddacd,2026-05-04 17:08:40,0xa196107801c5f0fdf6799660dd871907821ea4068429b267d0ecd15830c950d2,btc-updown-5m-1777903500
"Bitcoin Up or Down - May 4, 10:05AM-10:10AM ET",Down,BUY,57.857141,0.41999999619753076,0x944a594dabe66fd91c0817fecb5b93ce16986b528f2dfeb36e2121ddbbbddacd,2026-05-04 17:08:40,0xb6880453be533c379bbcfacefb9bf2bec9744776d73f405a2ec17a5f9cc217ce,btc-updown-5m-1777903500
"Bitcoin Up or Down - May 4, 10:00AM-10:15AM ET",Down,BUY,22.24444,0.9,0x2ac1a076bc58f301ead2aa2269646d1fe9b0f15bd0a295070fa963e086b01990,2026-05-04 17:08:38,0x1c83cee721a4820dd22e0e235897c7ef6d6abfb6da5510c172801579ecb3b85e,btc-updown-15m-1777903200
"Bitcoin Up or Down - May 4, 10:05AM-10:10AM ET",Down,BUY,20.476189,0.4199999814418591,0x944a594dabe66fd91c0817fecb5b93ce16986b528f2dfeb36e2121ddbbbddacd,2026-05-04 17:08:38,0xa92ab16c1fb80bbd8b9ca954d88d4d1ccb440d693546516527bab6584990f105,btc-updown-5m-1777903500
"Bitcoin Up or Down - May 4, 10:05AM-10:10AM ET",Down,BUY,45.714284,0.41999999387499976,0x944a594dabe66fd91c0817fecb5b93ce16986b528f2dfeb36e2121ddbbbddacd,2026-05-04 17:08:38,0x80c2beab485c6d0a0ca010eaf1baec3c794f2e111cd7f31e520038ee5ae41677,btc-updown-5m-1777903500
"Bitcoin Up or Down - May 4, 10:05AM-10:10AM ET",Down,BUY,34.46,0.41,0x944a594dabe66fd91c0817fecb5b93ce16986b528f2dfeb36e2121ddbbbddacd,2026-05-04 17:08:38,0x3f3bfef31002c11d06df2f3780f93d75b037bbe8d190cbd2c50a4185e619adb1,btc-updown-5m-1777903500
"Bitcoin Up or Down - May 4, 10:05AM-10:10AM ET",Down,BUY,36.666665,0.41999999181818143,0x944a594dabe66fd91c0817fecb5b93ce16986b528f2dfeb36e2121ddbbbddacd,2026-05-04 17:08:38,0xbdd6b4659904726019282b1fae32cdf7499f48a02e97c3ec108523ce89b2f842,btc-updown-5m-1777903500
"Bitcoin Up or Down - May 4, 10:05AM-10:10AM ET",Up,BUY,110.389608,0.7699999985505882,0x944a594dabe66fd91c0817fecb5b93ce16986b528f2dfeb36e2121ddbbbddacd,2026-05-04 17:08:26,0x0a9968be090e627981c94064e99fe0ea59137c6426f18824cf77e2908e8bd916,btc-updown-5m-1777903500
"Bitcoin Up or Down - May 4, 10:05AM-10:10AM ET",Up,BUY,103.223129,0.813771078379149,0x944a594dabe66fd91c0817fecb5b93ce16986b528f2dfeb36e2121ddbbbddacd,2026-05-04 17:08:24,0x8ea8d96385d68a954241f99ed81c9707f97753a581534f1b0ccc83b21bf10915,btc-updown-5m-1777903500
"Bitcoin Up or Down - May 4, 10:05AM-10:10AM ET",Up,BUY,45.27,0.82,0x944a594dabe66fd91c0817fecb5b93ce16986b528f2dfeb36e2121ddbbbddacd,2026-05-04 17:08:18,0x97aedc7092ee014edfcf82ade4dd24ae34a73fb2c2d0198c232fc0fb3b0c98a9,btc-updown-5m-1777903500
"Bitcoin Up or Down - May 4, 10:05AM-10:10AM ET",Down,BUY,65,0.19,0x944a594dabe66fd91c0817fecb5b93ce16986b528f2dfeb36e2121ddbbbddacd,2026-05-04 17:08:18,0xfc4517e1c06591643faa9df4b8109f672f7b71fff503fc0363d98847900c00de,btc-updown-5m-1777903500
"Bitcoin Up or Down - May 4, 10:05AM-10:10AM ET",Down,BUY,5.263156,0.18999987839995622,0x944a594dabe66fd91c0817fecb5b93ce16986b528f2dfeb36e2121ddbbbddacd,2026-05-04 17:08:18,0x6812c57c8849dafe5233c50c7c7d50efc515b334c414ddf7747f91fb849d370e,btc-updown-5m-1777903500
"Bitcoin Up or Down - May 4, 10AM ET",Up,BUY,200,0.35,0x9762fb896e2c005b1965268bd586cfa7a1e527ae15d77bc19af7c5fc11f81566,2026-05-04 17:08:16,0x251a98f7e22854c40dfbc4c2ac9b653b2e9d8b92551323882b1a94bc4b043995,bitcoin-up-or-down-may-4-2026-10am-et
"Bitcoin Up or Down - May 4, 10:05AM-10:10AM ET",Down,BUY,6.11111,0.17999986909088528,0x944a594dabe66fd91c0817fecb5b93ce16986b528f2dfeb36e2121ddbbbddacd,2026-05-04 17:08:12,0xabeb26e97f4ec47cd24f1206e873d298fcf7f4dec9cc241751bb34da1fc6d382,btc-updown-5m-1777903500
"Bitcoin Up or Down - May 4, 10:00AM-10:15AM ET",Up,BUY,202.840625,0.15775932459289158,0x2ac1a076bc58f301ead2aa2269646d1fe9b0f15bd0a295070fa963e086b01990,2026-05-04 17:08:00,0x55dc3bb5ecac052916d1cf2610ef0918ea66f25ef03ea8d866b93a186cca7019,btc-updown-15m-1777903200
"Bitcoin Up or Down - May 4, 10:05AM-10:10AM ET",Up,BUY,83.94,0.79,0x944a594dabe66fd91c0817fecb5b93ce16986b528f2dfeb36e2121ddbbbddacd,2026-05-04 17:07:58,0xcdda81163ca290d23d2001c10c841b80e64d63dd09505497add3b07b81056184,btc-updown-5m-1777903500
"Bitcoin Up or Down - May 4, 10:05AM-10:10AM ET",Up,BUY,101.595188,0.78743884995813,0x944a594dabe66fd91c0817fecb5b93ce16986b528f2dfeb36e2121ddbbbddacd,2026-05-04 17:07:58,0x5bfc35c150539b4d7e2b15cc097f91a5970f0756b3058cf35918c76cc6df7c1c,btc-updown-5m-1777903500
"Bitcoin Up or Down - May 4, 10:00AM-10:15AM ET",Up,BUY,86.41,0.15,0x2ac1a076bc58f301ead2aa2269646d1fe9b0f15bd0a295070fa963e086b01990,2026-05-04 17:07:58,0xa6beafa217e6756dfc8c7ec904b568ccaaccbaaed384bb4e79cb7c144261b91d,btc-updown-15m-1777903200
"Bitcoin Up or Down - May 4, 10:05AM-10:10AM ET",Up,BUY,100,0.78,0x944a594dabe66fd91c0817fecb5b93ce16986b528f2dfeb36e2121ddbbbddacd,2026-05-04 17:07:58,0xbdb8c0cd665a4bb4cc06f3ef984dd86f82b90045248718265dd1e3a24146f578,btc-updown-5m-1777903500
"Bitcoin Up or Down - May 4, 10:05AM-10:10AM ET",Up,BUY,100,0.77,0x944a594dabe66fd91c0817fecb5b93ce16986b528f2dfeb36e2121ddbbbddacd,2026-05-04 17:07:58,0x32d232236ed6be040197dd655489331c110c7a0f1aae4fbe38efec10d9676a6f,btc-updown-5m-1777903500
"Bitcoin Up or Down - May 4, 10:05AM-10:10AM ET",Up,BUY,101.333332,0.75,0x944a594dabe66fd91c0817fecb5b93ce16986b528f2dfeb36e2121ddbbbddacd,2026-05-04 17:07:54,0xdbab5f51e6f268555b2706ded11e812faa89ecaf389b8f9aae721de804639895,btc-updown-5m-1777903500
"Bitcoin Up or Down - May 4, 10:05AM-10:10AM ET",Up,BUY,100.588,0.745615779218197,0x944a594dabe66fd91c0817fecb5b93ce16986b528f2dfeb36e2121ddbbbddacd,2026-05-04 17:07:52,0x148c41432e4a08cd58900e09b1e037ef7816acce99e1be354d31494dd6b24f1e,btc-updown-5m-1777903500
"Bitcoin Up or Down - May 4, 10:05AM-10:10AM ET",Up,BUY,53.74,0.74,0x944a594dabe66fd91c0817fecb5b93ce16986b528f2dfeb36e2121ddbbbddacd,2026-05-04 17:07:52,0x6fcc0bef9ec137a01e0488426a4fb022c33d91cc324c132d2e0e36fd1312afae,btc-updown-5m-1777903500
"Bitcoin Up or Down - May 4, 10:00AM-10:15AM ET",Up,BUY,57.56,0.14,0x2ac1a076bc58f301ead2aa2269646d1fe9b0f15bd0a295070fa963e086b01990,2026-05-04 17:07:48,0xd41f9080058f017128b43bce687521ca98edeec9476b71def6f8d58f01b6243b,btc-updown-15m-1777903200
"Bitcoin Up or Down - May 4, 10:05AM-10:10AM ET",Down,BUY,143.75,0.32,0x944a594dabe66fd91c0817fecb5b93ce16986b528f2dfeb36e2121ddbbbddacd,2026-05-04 17:07:46,0xf019bc034e099c08cc87a8f7cb68da0b8332246973abee47d265b5681dc57052,btc-updown-5m-1777903500
"Bitcoin Up or Down - May 4, 10:00AM-10:15AM ET",Down,BUY,204.54545,0.88,0x2ac1a076bc58f301ead2aa2269646d1fe9b0f15bd0a295070fa963e086b01990,2026-05-04 17:07:46,0xf103dd1c076b988b74e22bf25cc8743297f949c64d9c02a8aad01f0d001bcf5b,btc-updown-15m-1777903200
"Bitcoin Up or Down - May 4, 10:05AM-10:10AM ET",Down,BUY,124.375,0.35376884422110555,0x944a594dabe66fd91c0817fecb5b93ce16986b528f2dfeb36e2121ddbbbddacd,2026-05-04 17:07:46,0xe5e6b567b27438a4abaf29b2bad1fd261adab06a57894f88899b9b418acb9b20,btc-updown-5m-1777903500
"Bitcoin Up or Down - May 4, 10:05AM-10:10AM ET",Down,BUY,52.5,0.32,0x944a594dabe66fd91c0817fecb5b93ce16986b528f2dfeb36e2121ddbbbddacd,2026-05-04 17:07:46,0x185d584061bc2a3552d0128127c8b66941c053a29db162c6174918866a6d70a8,btc-updown-5m-1777903500
"Bitcoin Up or Down - May 4, 10:05AM-10:10AM ET",Down,BUY,64.625,0.32,0x944a594dabe66fd91c0817fecb5b93ce16986b528f2dfeb36e2121ddbbbddacd,2026-05-04 17:07:46,0x59c1c49f9032bd44b538ecd6ed24b9f78c6075bf6f69ff91dcbdd7b3432bcd47,btc-updown-5m-1777903500
"Bitcoin Up or Down - May 4, 10:05AM-10:10AM ET",Down,BUY,56.25,0.36,0x944a594dabe66fd91c0817fecb5b93ce16986b528f2dfeb36e2121ddbbbddacd,2026-05-04 17:07:44,0x24b378b57cd7fdb2a0ed448133db66f6f1a240260a895e26459c6878781dd41c,btc-updown-5m-1777903500
"Bitcoin Up or Down - May 4, 10:05AM-10:10AM ET",Down,BUY,57.08108,0.36789771672154764,0x944a594dabe66fd91c0817fecb5b93ce16986b528f2dfeb36e2121ddbbbddacd,2026-05-04 17:07:44,0xcde4acf2ddf097d6de3c0981dd2bdbd02b596c04fe87c8077f4c905c907ff7ba,btc-updown-5m-1777903500
"Bitcoin Up or Down - May 4, 10:05AM-10:10AM ET",Down,BUY,35,0.41,0x944a594dabe66fd91c0817fecb5b93ce16986b528f2dfeb36e2121ddbbbddacd,2026-05-04 17:07:44,0x58734891a3f13dd7e8de6663884f802f88c7e41e47fec46901f3e901028cbb15,btc-updown-5m-1777903500
"Bitcoin Up or Down - May 4, 10:05AM-10:10AM ET",Down,BUY,32.25,0.4,0x944a594dabe66fd91c0817fecb5b93ce16986b528f2dfeb36e2121ddbbbddacd,2026-05-04 17:07:44,0x31868d4b0f0f0ff0541d8f20c2980736f784fe42ab54d61f4e845ac382427550,btc-updown-5m-1777903500
"Bitcoin Up or Down - May 4, 10:05AM-10:10AM ET",Up,BUY,18.36,0.61,0x944a594dabe66fd91c0817fecb5b93ce16986b528f2dfeb36e2121ddbbbddacd,2026-05-04 17:07:34,0x8453ac7ed925a2928ec979f619ead21e34bbe595d767233b4579bfb234b61d39,btc-updown-5m-1777903500
"Bitcoin Up or Down - May 4, 10:05AM-10:10AM ET",Down,BUY,34,0.55,0x944a594dabe66fd91c0817fecb5b93ce16986b528f2dfeb36e2121ddbbbddacd,2026-05-04 17:07:02,0xe2df183008b99a135b01049e75b106132e7c93b55f9fc6ac6116b30b932e3652,btc-updown-5m-1777903500
"Bitcoin Up or Down - May 4, 10:05AM-10:10AM ET",Down,BUY,70,0.54,0x944a594dabe66fd91c0817fecb5b93ce16986b528f2dfeb36e2121ddbbbddacd,2026-05-04 17:07:02,0x29ce2d3f96115decf0b5484d08300f300c8b5f9ac833a33b6858df1184bce454,btc-updown-5m-1777903500
"Bitcoin Up or Down - May 4, 10:00AM-10:15AM ET",Up,BUY,116.5,0.08,0x2ac1a076bc58f301ead2aa2269646d1fe9b0f15bd0a295070fa963e086b01990,2026-05-04 17:06:58,0xf930dc74540c7c83f0b0d7731e70e69e438f34b06d696444982923eea4bfbd30,btc-updown-15m-1777903200
"Bitcoin Up or Down - May 4, 10:05AM-10:10AM ET",Down,BUY,13.5,0.59,0x944a594dabe66fd91c0817fecb5b93ce16986b528f2dfeb36e2121ddbbbddacd,2026-05-04 17:06:36,0x9549901a8b6dcd2efa13f138f00ab02938e4daae8387807a7fe05bd1c870864c,btc-updown-5m-1777903500
"Bitcoin Up or Down - May 4, 10:00AM-10:15AM ET",Down,BUY,200,0.9,0x2ac1a076bc58f301ead2aa2269646d1fe9b0f15bd0a295070fa963e086b01990,2026-05-04 17:06:34,0xb23c1ae3cb0352dd2a0946528ffb41380e1cb8111f2d8867546369b346f4cf13,btc-updown-15m-1777903200
"Bitcoin Up or Down - May 4, 10:05AM-10:10AM ET",Down,BUY,21.44,0.38,0x944a594dabe66fd91c0817fecb5b93ce16986b528f2dfeb36e2121ddbbbddacd,2026-05-04 17:06:20,0x5629780a9d3c31a1a07dacfd3fe16723f5cdf86421060f373b37e726c9537bbc,btc-updown-5m-1777903500
"Bitcoin Up or Down - May 4, 10:05AM-10:10AM ET",Up,BUY,10,0.62,0x944a594dabe66fd91c0817fecb5b93ce16986b528f2dfeb36e2121ddbbbddacd,2026-05-04 17:06:18,0xaa945dbcfe04efef5c1352aa69cda6e9edb92a9a962a97a07c545d9e2867967d,btc-updown-5m-1777903500
"Bitcoin Up or Down - May 4, 10:05AM-10:10AM ET",Up,BUY,7.5,0.61,0x944a594dabe66fd91c0817fecb5b93ce16986b528f2dfeb36e2121ddbbbddacd,2026-05-04 17:06:18,0xb346758161a70eecc0a412fda75079da52ca5446453b86b3134e373c570d924e,btc-updown-5m-1777903500
"Bitcoin Up or Down - May 4, 10:05AM-10:10AM ET",Up,BUY,100,0.55,0x944a594dabe66fd91c0817fecb5b93ce16986b528f2dfeb36e2121ddbbbddacd,2026-05-04 17:06:16,0x2f6144417acc2d77475b84578569f54221630b215c4ca05b68d0c7087aa11350,btc-updown-5m-1777903500
"Bitcoin Up or Down - May 4, 10:05AM-10:10AM ET",Up,BUY,101.81818,0.55,0x944a594dabe66fd91c0817fecb5b93ce16986b528f2dfeb36e2121ddbbbddacd,2026-05-04 17:06:16,0x1094724d1b9508652989a6db5fb8e6876bdf0c7d1137a8dbee2ad6268c061945,btc-updown-5m-1777903500
"Bitcoin Up or Down - May 4, 10:05AM-10:10AM ET",Down,BUY,107.692306,0.3899999968428571,0x944a594dabe66fd91c0817fecb5b93ce16986b528f2dfeb36e2121ddbbbddacd,2026-05-04 17:05:52,0xc586d7f3968f10fda0f6447f09bfac19e1bfa880a2afcd1aff3670997c07b495,btc-updown-5m-1777903500
"Bitcoin Up or Down - May 4, 10:05AM-10:10AM ET",Down,BUY,106.833332,0.3837753464433741,0x944a594dabe66fd91c0817fecb5b93ce16986b528f2dfeb36e2121ddbbbddacd,2026-05-04 17:05:52,0x4c1f48b3d4cd522ccb70c06852ab050dee55b5217e551b6b48a26b35915b8a72,btc-updown-5m-1777903500
"Bitcoin Up or Down - May 4, 10:05AM-10:10AM ET",Down,BUY,102.631577,0.37999999746666663,0x944a594dabe66fd91c0817fecb5b93ce16986b528f2dfeb36e2121ddbbbddacd,2026-05-04 17:05:52,0x00acc5b3addc90ddbfc02213966cb0aea03ec916a6aa19dffcb8e9c0197f5dea,btc-updown-5m-1777903500
"Bitcoin Up or Down - May 4, 10:05AM-10:10AM ET",Down,BUY,104.646152,0.382240514682279,0x944a594dabe66fd91c0817fecb5b93ce16986b528f2dfeb36e2121ddbbbddacd,2026-05-04 17:05:52,0xd301af63f41c77fdc21abc8f39eb4ff6f1a46fcb96f3cb1ec3198bf7393d44f3,btc-updown-5m-1777903500
"Bitcoin Up or Down - May 4, 10:05AM-10:10AM ET",Down,BUY,110.256409,0.38999999537441854,0x944a594dabe66fd91c0817fecb5b93ce16986b528f2dfeb36e2121ddbbbddacd,2026-05-04 17:05:52,0x38a840c7daeca15e85c223fba6fceff16d194254d63d977ea13381cf6332d46a,btc-updown-5m-1777903500
"Bitcoin Up or Down - May 4, 10:05AM-10:10AM ET",Down,BUY,7.59,0.38,0x944a594dabe66fd91c0817fecb5b93ce16986b528f2dfeb36e2121ddbbbddacd,2026-05-04 17:05:52,0x572e863600a2b72e2c51306bf57de77a800ea42da235605f1ce4ba704f891faa,btc-updown-5m-1777903500
"Bitcoin Up or Down - May 4, 10:05AM-10:10AM ET",Down,BUY,100,0.38,0x944a594dabe66fd91c0817fecb5b93ce16986b528f2dfeb36e2121ddbbbddacd,2026-05-04 17:05:52,0xf03310bcdcd910b544d929bab0d2b84f5c3332c193064101e56a62453c054659,btc-updown-5m-1777903500
"Bitcoin Up or Down - May 4, 10:00AM-10:15AM ET",Up,BUY,200,0.16,0x2ac1a076bc58f301ead2aa2269646d1fe9b0f15bd0a295070fa963e086b01990,2026-05-04 17:05:52,0x3b8ce9662adb754b80ddbd43234fed643d325b827265ecebf9010c64ae17d9fe,btc-updown-15m-1777903200
"Bitcoin Up or Down - May 4, 10:05AM-10:10AM ET",Up,BUY,104.142341,0.6337479776837358,0x944a594dabe66fd91c0817fecb5b93ce16986b528f2dfeb36e2121ddbbbddacd,2026-05-04 17:05:52,0x4626bf3163a9b7d1905a1b632a3079cb1b8ba87c9d619224190ed36cb407b733,btc-updown-5m-1777903500
"Bitcoin Up or Down - May 4, 10:05AM-10:10AM ET",Up,BUY,106.920951,0.6266311548239035,0x944a594dabe66fd91c0817fecb5b93ce16986b528f2dfeb36e2121ddbbbddacd,2026-05-04 17:05:52,0x88a5e02f3a2ba7751f5a23e1c2380eae7de50db41d601099bf6066f7a8d8606b,btc-updown-5m-1777903500
"Bitcoin Up or Down - May 4, 10:05AM-10:10AM ET",Up,BUY,108.253967,0.6281524907073383,0x944a594dabe66fd91c0817fecb5b93ce16986b528f2dfeb36e2121ddbbbddacd,2026-05-04 17:05:52,0xeb3fbf446985742ff020f59f376e4e7126b6bd2a3990ee3c4cb943df68a714eb,btc-updown-5m-1777903500
"Bitcoin Up or Down - May 4, 10:05AM-10:10AM ET",Up,BUY,103.174602,0.62999999748,0x944a594dabe66fd91c0817fecb5b93ce16986b528f2dfeb36e2121ddbbbddacd,2026-05-04 17:05:52,0xa1ae50a9786000e3c1563f9767705daf4be26d662d02be8c0c33a57b1fd70b3a,btc-updown-5m-1777903500
"Bitcoin Up or Down - May 4, 10:05AM-10:10AM ET",Up,BUY,100,0.64,0x944a594dabe66fd91c0817fecb5b93ce16986b528f2dfeb36e2121ddbbbddacd,2026-05-04 17:05:52,0x8ff828a83689044147c50e1cbd28ca4d4e8fbbefe0676dee2661db7b6f4e01a5,btc-updown-5m-1777903500
"Bitcoin Up or Down - May 4, 10:05AM-10:10AM ET",Up,BUY,108.984686,0.6331164637204166,0x944a594dabe66fd91c0817fecb5b93ce16986b528f2dfeb36e2121ddbbbddacd,2026-05-04 17:05:52,0x93939535289cb82f65e2f0fafa0b979b20ea7a631f779f3c1c46d626d3c72ddd,btc-updown-5m-1777903500
"Bitcoin Up or Down - May 4, 10:05AM-10:10AM ET",Up,BUY,100,0.63,0x944a594dabe66fd91c0817fecb5b93ce16986b528f2dfeb36e2121ddbbbddacd,2026-05-04 17:05:52,0x94d1eb4bc81e6faf62a9d466b19025345993689471d9bc8b09d6c7562c67d4ba,btc-updown-5m-1777903500
"Bitcoin Up or Down - May 4, 10:05AM-10:10AM ET",Down,BUY,61,0.48,0x944a594dabe66fd91c0817fecb5b93ce16986b528f2dfeb36e2121ddbbbddacd,2026-05-04 17:05:28,0xe28d5a7e6146d24a32fd8bbd2ec4a756305d9d9088063d62c10ec4e16ce50a5c,btc-updown-5m-1777903500
"Bitcoin Up or Down - May 4, 10:05AM-10:10AM ET",Down,BUY,100,0.39,0x944a594dabe66fd91c0817fecb5b93ce16986b528f2dfeb36e2121ddbbbddacd,2026-05-04 17:05:18,0x6782494d75b26ed6463bd930fdee3ab517255138860503de0779b7943fc88099,btc-updown-5m-1777903500
"Bitcoin Up or Down - May 4, 10:05AM-10:10AM ET",Up,BUY,101.731606,0.5504680521803618,0x944a594dabe66fd91c0817fecb5b93ce16986b528f2dfeb36e2121ddbbbddacd,2026-05-04 17:05:12,0xcf47be91239bb7f6d8b92949bd297560572abd17cacc105a9b50353595c8daa4,btc-updown-5m-1777903500
"Bitcoin Up or Down - May 4, 10:05AM-10:10AM ET",Up,BUY,57,0.5717543859649122,0x944a594dabe66fd91c0817fecb5b93ce16986b528f2dfeb36e2121ddbbbddacd,2026-05-04 17:05:10,0xfacd6469d56e8e9b79992684b403bdd022c6c5b076c9ec4aa0c3d3915f7baf7a,btc-updown-5m-1777903500
"Bitcoin Up or Down - May 4, 10:05AM-10:10AM ET",Up,BUY,100,0.55,0x944a594dabe66fd91c0817fecb5b93ce16986b528f2dfeb36e2121ddbbbddacd,2026-05-04 17:05:10,0x36bbad77d3b0d1e0cc4eb334db3e8ee21ee40c06e9002c59f6b4ee3ff204637a,btc-updown-5m-1777903500
"Bitcoin Up or Down - May 4, 10:00AM-10:05AM ET",Down,BUY,100,0.87,0xd600739c8473c932129fd9733a325372dab6f9922a76493c32b1ec020d3c7a19,2026-05-04 17:03:18,0x5559abf5664aefc877d3f11c05eea323bcb2d2a0b0df042e88fa2c9985730aeb,btc-updown-5m-1777903200
"Bitcoin Up or Down - May 4, 10:00AM-10:05AM ET",Up,BUY,10.02,0.12,0xd600739c8473c932129fd9733a325372dab6f9922a76493c32b1ec020d3c7a19,2026-05-04 17:03:00,0x95777cdf6dbe7a8f328ad93f13a7d31851a87227e978c24aabc150cbcc8a561f,btc-updown-5m-1777903200
"Bitcoin Up or Down - May 4, 10:00AM-10:15AM ET",Up,BUY,29.85,0.34,0x2ac1a076bc58f301ead2aa2269646d1fe9b0f15bd0a295070fa963e086b01990,2026-05-04 17:02:56,0x36cad46c6e889a90f09034703e01470af3a3b5cef37bd3da190d2f609b4b902e,btc-updown-15m-1777903200
"Bitcoin Up or Down - May 4, 10:00AM-10:05AM ET",Up,BUY,99.94,0.10940764458675205,0xd600739c8473c932129fd9733a325372dab6f9922a76493c32b1ec020d3c7a19,2026-05-04 17:02:54,0xa0ac361599bc2472b3bdf4cafdfaea268c234a1cd55d453f12531b76afe53feb,btc-updown-5m-1777903200
"Bitcoin Up or Down - May 4, 10:00AM-10:15AM ET",Down,BUY,200,0.65,0x2ac1a076bc58f301ead2aa2269646d1fe9b0f15bd0a295070fa963e086b01990,2026-05-04 17:02:50,0x7a2b74b46ed91e67f27551359c9824f4e8b1da392141f95a394705207c656180,btc-updown-15m-1777903200
"Bitcoin Up or Down - May 4, 10AM ET",Down,BUY,55.54,0.55,0x9762fb896e2c005b1965268bd586cfa7a1e527ae15d77bc19af7c5fc11f81566,2026-05-04 17:02:46,0x654ecc73c2bacc29ef02d5dcb97ed8fb9b84880f26022fee792f0731995f56f9,bitcoin-up-or-down-may-4-2026-10am-et
"Bitcoin Up or Down - May 4, 10AM ET",Down,BUY,45,0.53,0x9762fb896e2c005b1965268bd586cfa7a1e527ae15d77bc19af7c5fc11f81566,2026-05-04 17:02:44,0xf1ea75403d7cb55359dd88987fae865dea0bdb0bbdf55325960a1cbce9dc6f3c,bitcoin-up-or-down-may-4-2026-10am-et
"Bitcoin Up or Down - May 4, 10:00AM-10:05AM ET",Up,BUY,40,0.26,0xd600739c8473c932129fd9733a325372dab6f9922a76493c32b1ec020d3c7a19,2026-05-04 17:02:34,0x1e5a18840b358516b0767e6002317f99d29d85a7fa1efba53f36999801dd96d1,btc-updown-5m-1777903200
"Bitcoin Up or Down - May 4, 10:00AM-10:05AM ET",Up,BUY,10,0.27,0xd600739c8473c932129fd9733a325372dab6f9922a76493c32b1ec020d3c7a19,2026-05-04 17:02:34,0xcfe4aeb8570619540588c7b57d96a76fa2ea1a7ad9462b8e904578dba2353f59,btc-updown-5m-1777903200
"Bitcoin Up or Down - May 4, 10:00AM-10:05AM ET",Down,BUY,36.64,0.7,0xd600739c8473c932129fd9733a325372dab6f9922a76493c32b1ec020d3c7a19,2026-05-04 17:02:28,0x757803473dfd22c1a4580f03c3a50737215570ca21c87178eb6140f0028a85e2,btc-updown-5m-1777903200
"Bitcoin Up or Down - May 4, 10:00AM-10:05AM ET",Down,BUY,0.38,0.6,0xd600739c8473c932129fd9733a325372dab6f9922a76493c32b1ec020d3c7a19,2026-05-04 17:02:24,0xbb3ccd4c345ac5834e27fa182b92a3c8c5095ed0803bfab47ae4475cdbd54745,btc-updown-5m-1777903200
"Bitcoin Up or Down - May 4, 10:00AM-10:05AM ET",Down,BUY,45,0.67,0xd600739c8473c932129fd9733a325372dab6f9922a76493c32b1ec020d3c7a19,2026-05-04 17:02:18,0x09d17178ef1d7821f48dce7bf64dceca3e2bb991f9dc18f4a91c95115cad43e6,btc-updown-5m-1777903200
"Bitcoin Up or Down - May 4, 10:00AM-10:05AM ET",Up,BUY,95.11,0.3,0xd600739c8473c932129fd9733a325372dab6f9922a76493c32b1ec020d3c7a19,2026-05-04 17:02:14,0x68b63ff5e9987ddb547d6493523a4bb2178a07eaabc58b06c9f7a2c16898a347,btc-updown-5m-1777903200
"Bitcoin Up or Down - May 4, 10:00AM-10:15AM ET",Down,BUY,149,0.58,0x2ac1a076bc58f301ead2aa2269646d1fe9b0f15bd0a295070fa963e086b01990,2026-05-04 17:02:06,0x9bb01cc7cfc7de6adfa2eedf6684050fe4e96da507fb021074fda6529558cbb5,btc-updown-15m-1777903200
"Bitcoin Up or Down - May 4, 10:00AM-10:15AM ET",Down,BUY,0.91,0.57,0x2ac1a076bc58f301ead2aa2269646d1fe9b0f15bd0a295070fa963e086b01990,2026-05-04 17:02:06,0x4734cbedbba99c45a90d31490d0cef36fb71f609a612955e84ca128d1bf589c8,btc-updown-15m-1777903200
"Bitcoin Up or Down - May 4, 10AM ET",Down,BUY,10.42,0.52,0x9762fb896e2c005b1965268bd586cfa7a1e527ae15d77bc19af7c5fc11f81566,2026-05-04 17:02:06,0x26966f691e1f60e3f37532e0554227294ddd8bca7b0527f3b42ae0080b466352,bitcoin-up-or-down-may-4-2026-10am-et
"Bitcoin Up or Down - May 4, 10:00AM-10:15AM ET",Down,BUY,22.2,0.5,0x2ac1a076bc58f301ead2aa2269646d1fe9b0f15bd0a295070fa963e086b01990,2026-05-04 17:01:52,0xb4f1463775d680313d47da2abf9bc4b0cf71a7a993ac7619f69052e64bbdb07f,btc-updown-15m-1777903200
"Bitcoin Up or Down - May 4, 10:00AM-10:05AM ET",Down,BUY,14.8,0.46,0xd600739c8473c932129fd9733a325372dab6f9922a76493c32b1ec020d3c7a19,2026-05-04 17:01:44,0xa50ffc17b6aca545b64288529a4dbcf7028d2396480a509d3b9050113c0ee5f1,btc-updown-5m-1777903200
"Bitcoin Up or Down - May 4, 10:00AM-10:05AM ET",Down,BUY,44.95652,0.4599999955512571,0xd600739c8473c932129fd9733a325372dab6f9922a76493c32b1ec020d3c7a19,2026-05-04 17:01:44,0x649f3722033ff2d88a4d156011fca6d927a94caa85a34f5bd0e18c1062af012d,btc-updown-5m-1777903200
"Bitcoin Up or Down - May 4, 10:00AM-10:05AM ET",Up,BUY,68.61,0.55,0xd600739c8473c932129fd9733a325372dab6f9922a76493c32b1ec020d3c7a19,2026-05-04 17:01:36,0x1f6e9de08b60e59c5b9cec8c4ec1fc2cdf37d8171e00eb31a71883dcec99a85b,btc-updown-5m-1777903200
"Bitcoin Up or Down - May 4, 10:00AM-10:05AM ET",Down,BUY,100.435453,0.4380923039198121,0xd600739c8473c932129fd9733a325372dab6f9922a76493c32b1ec020d3c7a19,2026-05-04 17:01:34,0xf1dca07bc3d6dc5a1279f87a65c4805d0586f979d7b4573f9259ab351022a023,btc-updown-5m-1777903200
"Bitcoin Up or Down - May 4, 10:00AM-10:05AM ET",Down,BUY,32.142856,0.41999998382222165,0xd600739c8473c932129fd9733a325372dab6f9922a76493c32b1ec020d3c7a19,2026-05-04 17:01:34,0x0670d25f67d6fd110c860542ee061741a13b39d830515a8ead205ae677ec7f38,btc-updown-5m-1777903200
"Bitcoin Up or Down - May 4, 10:00AM-10:15AM ET",Down,BUY,20.2,0.46,0x2ac1a076bc58f301ead2aa2269646d1fe9b0f15bd0a295070fa963e086b01990,2026-05-04 17:01:34,0x2ccbc5a15558f7bcc27096987f8fde15b9e411a5573937b6af27197a45925da3,btc-updown-15m-1777903200
"Bitcoin Up or Down - May 4, 10:00AM-10:05AM ET",Down,BUY,100,0.47,0xd600739c8473c932129fd9733a325372dab6f9922a76493c32b1ec020d3c7a19,2026-05-04 17:01:30,0x26545f3e8c80156bbf502ebf6de097b176a60bd8728367210df74914b3d38565,btc-updown-5m-1777903200
"Bitcoin Up or Down - May 4, 10:00AM-10:05AM ET",Up,BUY,101.81818,0.55,0xd600739c8473c932129fd9733a325372dab6f9922a76493c32b1ec020d3c7a19,2026-05-04 17:01:28,0x3fc7d427cb1ccdb095a616014a5bc30c826d7df5517adb52f0b1051c7e0b2646,btc-updown-5m-1777903200
"Bitcoin Up or Down - May 4, 10:00AM-10:05AM ET",Up,BUY,101.923075,0.52,0xd600739c8473c932129fd9733a325372dab6f9922a76493c32b1ec020d3c7a19,2026-05-04 17:01:26,0x264870d0fbda3e95d24ab4a487d24fba891441a81f3f4d84cb310f040d5514ca,btc-updown-5m-1777903200
"Bitcoin Up or Down - May 4, 10:00AM-10:05AM ET",Up,BUY,100,0.52,0xd600739c8473c932129fd9733a325372dab6f9922a76493c32b1ec020d3c7a19,2026-05-04 17:01:26,0x1b3a5395548c9073062acfa7e7aaf6e7acc40a1618553fab32ed147a9d6a6f3b,btc-updown-5m-1777903200
"Bitcoin Up or Down - May 4, 10:00AM-10:05AM ET",Down,BUY,102.222221,0.44999999559782605,0xd600739c8473c932129fd9733a325372dab6f9922a76493c32b1ec020d3c7a19,2026-05-04 17:01:20,0xebe739c1d5b3a1946fc5e8dbc6ac0d895619cdcd660b6d6d12fe87e0298ed011,btc-updown-5m-1777903200
"Bitcoin Up or Down - May 4, 10:00AM-10:05AM ET",Up,BUY,100,0.47,0xd600739c8473c932129fd9733a325372dab6f9922a76493c32b1ec020d3c7a19,2026-05-04 17:01:02,0x5b839089974e9e246fdc4e0de74961c5992f3d746898dc3015aa90e6e6bd7bf7,btc-updown-5m-1777903200
"Bitcoin Up or Down - May 4, 10:00AM-10:15AM ET",Down,BUY,0.69,0.46,0x2ac1a076bc58f301ead2aa2269646d1fe9b0f15bd0a295070fa963e086b01990,2026-05-04 17:00:52,0x2dcaeb2c5068a86e229746d38f64d0089e9f50ae7a26227d1af76b30e8c5c252,btc-updown-15m-1777903200
"Bitcoin Up or Down - May 4, 10:00AM-10:15AM ET",Up,BUY,203.636362,0.5499999995089285,0x2ac1a076bc58f301ead2aa2269646d1fe9b0f15bd0a295070fa963e086b01990,2026-05-04 17:00:44,0xe142d8ed21390347caa2a5d490f99043501ca513631b56fdc6a3f0181727d49b,btc-updown-15m-1777903200
"Bitcoin Up or Down - May 4, 10:00AM-10:15AM ET",Up,BUY,200,0.55,0x2ac1a076bc58f301ead2aa2269646d1fe9b0f15bd0a295070fa963e086b01990,2026-05-04 17:00:44,0x87a15daa3641921b8b0bbf607cad3c0991e0b5ac772f18ddaa005573fa33ff11,btc-updown-15m-1777903200
"Bitcoin Up or Down - May 4, 10:00AM-10:05AM ET",Up,BUY,100,0.52,0xd600739c8473c932129fd9733a325372dab6f9922a76493c32b1ec020d3c7a19,2026-05-04 17:00:28,0x973a86710593d367e22353f3f951ab594c1dfceb08824aa8258976dc1d552d1f,btc-updown-5m-1777903200
"Bitcoin Up or Down - May 4, 9AM ET",Up,BUY,200,0.22,0x5959f49b56f501e8c8e843202469dd328b40e8a6d53246baff8f430b79fe3ff5,2026-05-04 16:58:48,0x1d9a3f5eeabb547611ae0ae5b0b305afbdc423193ef1a5e88d9848164534adfd,bitcoin-up-or-down-may-4-2026-9am-et
"Bitcoin Up or Down - May 4, 9AM ET",Up,BUY,5,0.23,0x5959f49b56f501e8c8e843202469dd328b40e8a6d53246baff8f430b79fe3ff5,2026-05-04 16:58:32,0xee75380558f6a515895565853a1a94ce46873105cb6bbd7f1ab3c0143034b13c,bitcoin-up-or-down-may-4-2026-9am-et
"Bitcoin Up or Down - May 4, 9:45AM-10:00AM ET",Up,BUY,34.15,0.19,0xe6ff8a47e7ec687ec8c10b45814db9a2aab1f654581ac76365f6cd8c4cb02ced,2026-05-04 16:58:30,0xb690de452e666b0f428dbf0617583af14dd1c178214d64200b1ef293118cba9e,btc-updown-15m-1777902300
"Bitcoin Up or Down - May 4, 9:55AM-10:00AM ET",Down,BUY,100,0.15,0x3c212622fbfc31b41561abf3164fa76e227e562ed5543e39cf9451645ffb2630,2026-05-04 16:58:20,0x166fbc06b5c354666504ac93ea891dbb034d8e9760c546bb4225f385e1d9cc21,btc-updown-5m-1777902900
"Bitcoin Up or Down - May 4, 9:55AM-10:00AM ET",Up,BUY,88.3,0.78,0x3c212622fbfc31b41561abf3164fa76e227e562ed5543e39cf9451645ffb2630,2026-05-04 16:58:02,0xb740b2b623f079821b7fa8529a16960f948129bd857854cd9b14d1a9760b3fef,btc-updown-5m-1777902900
"Bitcoin Up or Down - May 4, 9:55AM-10:00AM ET",Up,BUY,65.21,0.77,0x3c212622fbfc31b41561abf3164fa76e227e562ed5543e39cf9451645ffb2630,2026-05-04 16:58:02,0x1a8b41b74ab7a8cfbcafefb1dc56876deff7dd98ef99443ea3eb6e9ecf54b240,btc-updown-5m-1777902900
"Bitcoin Up or Down - May 4, 9:55AM-10:00AM ET",Up,BUY,52.92,0.79,0x3c212622fbfc31b41561abf3164fa76e227e562ed5543e39cf9451645ffb2630,2026-05-04 16:58:02,0xa612a60fcba94cf393cd75cf20c76dccd5f8521505b519641d35db4070e63a7c,btc-updown-5m-1777902900
"Bitcoin Up or Down - May 4, 9:45AM-10:00AM ET",Down,BUY,24.47,0.84,0xe6ff8a47e7ec687ec8c10b45814db9a2aab1f654581ac76365f6cd8c4cb02ced,2026-05-04 16:57:58,0xf8e7501fdb51288d94b79b3936e5261e186200bf87af6cca3f7525e702c58053,btc-updown-15m-1777902300
"Bitcoin Up or Down - May 4, 9:55AM-10:00AM ET",Down,BUY,103.846152,0.2599999949925925,0x3c212622fbfc31b41561abf3164fa76e227e562ed5543e39cf9451645ffb2630,2026-05-04 16:57:58,0x7c0deff1eb4c09c0551be04317fc29b3b965f58a314ccbf9dea9888327ca620a,btc-updown-5m-1777902900
"Bitcoin Up or Down - May 4, 9:55AM-10:00AM ET",Up,BUY,100.513154,0.7561199104348074,0x3c212622fbfc31b41561abf3164fa76e227e562ed5543e39cf9451645ffb2630,2026-05-04 16:57:58,0xb0743debe2b47356ea040fa5c00330943f973055fd37eca4abbdb2ad4031d725,btc-updown-5m-1777902900
"Bitcoin Up or Down - May 4, 9:55AM-10:00AM ET",Up,BUY,101.315787,0.7599999988155843,0x3c212622fbfc31b41561abf3164fa76e227e562ed5543e39cf9451645ffb2630,2026-05-04 16:57:58,0x6bc3273778b8bbee38d7a4f1c8a66d0d2af1824451ea32b8ffa9236c49f7c85e,btc-updown-5m-1777902900
"Bitcoin Up or Down - May 4, 9:55AM-10:00AM ET",Down,BUY,130.510739,0.2681771574368298,0x3c212622fbfc31b41561abf3164fa76e227e562ed5543e39cf9451645ffb2630,2026-05-04 16:57:58,0x0e048887e56f3cb0797a2c1348514c36afc548592c7a3e41755462ef242bac6c,btc-updown-5m-1777902900
"Bitcoin Up or Down - May 4, 9:55AM-10:00AM ET",Down,BUY,127.044813,0.26762209489024946,0x3c212622fbfc31b41561abf3164fa76e227e562ed5543e39cf9451645ffb2630,2026-05-04 16:57:58,0xdda2b0e3395403588a40cb0477ab20bddb6ae1f1a057f8702bb790f100890db1,btc-updown-5m-1777902900
"Bitcoin Up or Down - May 4, 9:55AM-10:00AM ET",Down,BUY,61.153845,0.2599999885534589,0x3c212622fbfc31b41561abf3164fa76e227e562ed5543e39cf9451645ffb2630,2026-05-04 16:57:58,0x36b827ce6b6a5c62f70123b27453e0c259c87dce535b397654cd3e2ae8c5e6ad,btc-updown-5m-1777902900
"Bitcoin Up or Down - May 4, 9:55AM-10:00AM ET",Down,BUY,123.076922,0.25999999414999997,0x3c212622fbfc31b41561abf3164fa76e227e562ed5543e39cf9451645ffb2630,2026-05-04 16:57:58,0x4f19f7d574bd703872840b259cdced49d227678912341251d2e3f0bfde26cb8c,btc-updown-5m-1777902900
"Bitcoin Up or Down - May 4, 9:45AM-10:00AM ET",Down,BUY,12.141173,0.8499999958817818,0xe6ff8a47e7ec687ec8c10b45814db9a2aab1f654581ac76365f6cd8c4cb02ced,2026-05-04 16:57:58,0x722cef9f722fea7afe37ee42ae97713c8f08d5dc7fa52b9972026045a0d20759,btc-updown-15m-1777902300
"Bitcoin Up or Down - May 4, 9:45AM-10:00AM ET",Down,BUY,12,0.85,0xe6ff8a47e7ec687ec8c10b45814db9a2aab1f654581ac76365f6cd8c4cb02ced,2026-05-04 16:57:58,0xe6771ef359980844c7664a3f62e9420dbd50308e8ebced588bd1e082c249af54,btc-updown-15m-1777902300
"Bitcoin Up or Down - May 4, 9:55AM-10:00AM ET",Down,BUY,107.692306,0.2599999947999999,0x3c212622fbfc31b41561abf3164fa76e227e562ed5543e39cf9451645ffb2630,2026-05-04 16:57:58,0xaa3416b7701cbb989d47c000912c5930ddd324364680b7badfa3617f6d54af9a,btc-updown-5m-1777902900
"Bitcoin Up or Down - May 4, 9:55AM-10:00AM ET",Down,BUY,126.923075,0.259999996060606,0x3c212622fbfc31b41561abf3164fa76e227e562ed5543e39cf9451645ffb2630,2026-05-04 16:57:58,0x14d80acd09bf39c57fa01f804872860b17a64984a236df265b2599e6deb24b96,btc-updown-5m-1777902900
"Bitcoin Up or Down - May 4, 9:55AM-10:00AM ET",Down,BUY,53.653845,0.25999998695340476,0x3c212622fbfc31b41561abf3164fa76e227e562ed5543e39cf9451645ffb2630,2026-05-04 16:57:58,0xa9649d0fd64f5ad7255c9eb2c32517b1b6c5b78cd4dfd55efc432f3217cfb6a4,btc-updown-5m-1777902900
"Bitcoin Up or Down - May 4, 9:55AM-10:00AM ET",Down,BUY,100,0.26,0x3c212622fbfc31b41561abf3164fa76e227e562ed5543e39cf9451645ffb2630,2026-05-04 16:57:58,0xa69ff844c88e7aaf07b1f0b5eae387e5843251f4404eb3991cf3196ef463e537,btc-updown-5m-1777902900
"Bitcoin Up or Down - May 4, 9:45AM-10:00AM ET",Down,BUY,63.45882,0.85,0xe6ff8a47e7ec687ec8c10b45814db9a2aab1f654581ac76365f6cd8c4cb02ced,2026-05-04 16:57:58,0xe98c5651b782d011269051afc1c15afa8f5c0022634eb503381f1f78d7d37510,btc-updown-15m-1777902300
"Bitcoin Up or Down - May 4, 9:55AM-10:00AM ET",Down,BUY,47.961537,0.2599999870729747,0x3c212622fbfc31b41561abf3164fa76e227e562ed5543e39cf9451645ffb2630,2026-05-04 16:57:58,0x4daa73e48e7da2476deda5421806d4443f46dce3f560cbd7e9220625567166c5,btc-updown-5m-1777902900
"Bitcoin Up or Down - May 4, 9:55AM-10:00AM ET",Down,BUY,26.82,0.13,0x3c212622fbfc31b41561abf3164fa76e227e562ed5543e39cf9451645ffb2630,2026-05-04 16:57:50,0xd42e3581087f9e034f2d7d553cbcce0bb53cb6293cb7904c05b4bbf088069dc2,btc-updown-5m-1777902900
"Bitcoin Up or Down - May 4, 9:55AM-10:00AM ET",Down,BUY,7.74,0.11,0x3c212622fbfc31b41561abf3164fa76e227e562ed5543e39cf9451645ffb2630,2026-05-04 16:57:40,0xbd4ce3342090af568b843e8ff96c1277917ed12007218b6e6a421f041a198006,btc-updown-5m-1777902900
"Bitcoin Up or Down - May 4, 9:45AM-10:00AM ET",Down,BUY,200,0.6,0xe6ff8a47e7ec687ec8c10b45814db9a2aab1f654581ac76365f6cd8c4cb02ced,2026-05-04 16:57:34,0x7af32654a8b8b3c1cf2873b49885c59816f9640f0f42d0b190a3b7124922ae8d,btc-updown-15m-1777902300
"Bitcoin Up or Down - May 4, 9:55AM-10:00AM ET",Up,BUY,100,0.88,0x3c212622fbfc31b41561abf3164fa76e227e562ed5543e39cf9451645ffb2630,2026-05-04 16:57:32,0x59ca48c308800457a8a0465698fb25c83941fd4a1ff0eb1a2118ae8ea7b6d718,btc-updown-5m-1777902900
"Bitcoin Up or Down - May 4, 9AM ET",Up,BUY,13,0.43,0x5959f49b56f501e8c8e843202469dd328b40e8a6d53246baff8f430b79fe3ff5,2026-05-04 16:57:32,0x64a1df9c4ac169fcf818c8d051cdecd9d0c2e5e9571aee21d48c95102bc7303c,bitcoin-up-or-down-may-4-2026-9am-et
"Bitcoin Up or Down - May 4, 9:55AM-10:00AM ET",Up,BUY,2.11,0.82,0x3c212622fbfc31b41561abf3164fa76e227e562ed5543e39cf9451645ffb2630,2026-05-04 16:57:24,0x3b110b20e1264c7663ffe6f2c69b4da7084334f3f2f17ee8dea9ec197e8c31d0,btc-updown-5m-1777902900
"Bitcoin Up or Down - May 4, 9AM ET",Up,BUY,5,0.32,0x5959f49b56f501e8c8e843202469dd328b40e8a6d53246baff8f430b79fe3ff5,2026-05-04 16:57:12,0x57b7e15eff0733762131dfa32ef0f86360f3dbc0b42bb4b1471ea66b0387a976,bitcoin-up-or-down-may-4-2026-9am-et
"Bitcoin Up or Down - May 4, 9:55AM-10:00AM ET",Down,BUY,105.165453,0.21870298984971803,0x3c212622fbfc31b41561abf3164fa76e227e562ed5543e39cf9451645ffb2630,2026-05-04 16:57:10,0xc7dc63894ca6215331e1824a35e26b065f88b5d43b01bc44cf99b5c0145f0882,btc-updown-5m-1777902900
"Bitcoin Up or Down - May 4, 9:55AM-10:00AM ET",Down,BUY,104.761903,0.20999999398636354,0x3c212622fbfc31b41561abf3164fa76e227e562ed5543e39cf9451645ffb2630,2026-05-04 16:57:10,0x509e2fe409f982dfd231d79f0fe6f7a6a03aba5ee53430d61c71add10b3d32ae,btc-updown-5m-1777902900
"Bitcoin Up or Down - May 4, 9:55AM-10:00AM ET",Down,BUY,100,0.21,0x3c212622fbfc31b41561abf3164fa76e227e562ed5543e39cf9451645ffb2630,2026-05-04 16:57:10,0x1eef2c6d2d576ef02d3d40946eb3fb47aaf8eafcab0ce2efdd4aa5bbce0728ba,btc-updown-5m-1777902900
"Bitcoin Up or Down - May 4, 9AM ET",Up,BUY,200,0.3,0x5959f49b56f501e8c8e843202469dd328b40e8a6d53246baff8f430b79fe3ff5,2026-05-04 16:57:10,0x97b289bac4d006a867dbd3702ebbf8424d675a34ae66c44673d6b925cbd989e6,bitcoin-up-or-down-may-4-2026-9am-et
"Bitcoin Up or Down - May 4, 9:55AM-10:00AM ET",Up,BUY,100,0.74,0x3c212622fbfc31b41561abf3164fa76e227e562ed5543e39cf9451645ffb2630,2026-05-04 16:57:08,0x0375fcc7886e404f0abca3e10d792b3055f9ea1854f0c7538e80edb88bf7a1ad,btc-updown-5m-1777902900
"Bitcoin Up or Down - May 4, 9AM ET",Up,BUY,5,0.27,0x5959f49b56f501e8c8e843202469dd328b40e8a6d53246baff8f430b79fe3ff5,2026-05-04 16:57:06,0x6f25490dcdc5516a5e1eb095e73e9e21bd5d93ecfb0433233b5727cc4b921918,bitcoin-up-or-down-may-4-2026-9am-et
"Bitcoin Up or Down - May 4, 9:55AM-10:00AM ET",Up,BUY,5,0.76,0x3c212622fbfc31b41561abf3164fa76e227e562ed5543e39cf9451645ffb2630,2026-05-04 16:56:32,0x94be8325c5a560ca718b38e091d326a55423e65c5c14e4f24b308bd59f025e55,btc-updown-5m-1777902900
"Bitcoin Up or Down - May 4, 9:55AM-10:00AM ET",Up,BUY,14.1,0.75,0x3c212622fbfc31b41561abf3164fa76e227e562ed5543e39cf9451645ffb2630,2026-05-04 16:56:32,0x52d03515346bd9093cf0995eeb7a5754d83ee24fcd8c942dcca61909827f1f2f,btc-updown-5m-1777902900
"Bitcoin Up or Down - May 4, 9AM ET",Up,BUY,5,0.29,0x5959f49b56f501e8c8e843202469dd328b40e8a6d53246baff8f430b79fe3ff5,2026-05-04 16:56:30,0x3c5050f8077430c69f726b9b71ee587a2a42d0399b04cfb097603315d3dd5e3b,bitcoin-up-or-down-may-4-2026-9am-et
"Bitcoin Up or Down - May 4, 9:55AM-10:00AM ET",Up,BUY,100,0.75,0x3c212622fbfc31b41561abf3164fa76e227e562ed5543e39cf9451645ffb2630,2026-05-04 16:56:24,0x48d3fa8c01b076a63981614436c750c794d2bb2a3f11fa46d1ef16bd36753250,btc-updown-5m-1777902900
"Bitcoin Up or Down - May 4, 9:45AM-10:00AM ET",Up,BUY,7.93,0.16,0xe6ff8a47e7ec687ec8c10b45814db9a2aab1f654581ac76365f6cd8c4cb02ced,2026-05-04 16:56:08,0xceda91e14fa6dd11e9f9219d44cff1fb5149a22a396e3ceff603c1f2bfffdca8,btc-updown-15m-1777902300
"Bitcoin Up or Down - May 4, 9AM ET",Up,BUY,13,0.15,0x5959f49b56f501e8c8e843202469dd328b40e8a6d53246baff8f430b79fe3ff5,2026-05-04 16:56:02,0xbbbe2ff4da0604f03e594696315b803eb9fa09187d0e078fc7b6f9ccb78738eb,bitcoin-up-or-down-may-4-2026-9am-et
"Bitcoin Up or Down - May 4, 9:55AM-10:00AM ET",Up,BUY,33.68,0.54,0x3c212622fbfc31b41561abf3164fa76e227e562ed5543e39cf9451645ffb2630,2026-05-04 16:56:00,0x2cfda3c604b7c6e56380758d0c74ce05f60dda57d5c06ee17f400351bee6305c,btc-updown-5m-1777902900
"Bitcoin Up or Down - May 4, 9:55AM-10:00AM ET",Up,BUY,15.6,0.53,0x3c212622fbfc31b41561abf3164fa76e227e562ed5543e39cf9451645ffb2630,2026-05-04 16:56:00,0xa1f23bb7ec39eaf2f8228f6b373950ca9d72eca01aa428953187f20d3652cafb,btc-updown-5m-1777902900
"Bitcoin Up or Down - May 4, 9AM ET",Up,BUY,5,0.1,0x5959f49b56f501e8c8e843202469dd328b40e8a6d53246baff8f430b79fe3ff5,2026-05-04 16:55:52,0x59974bf92ab65d9b2ce2df62d98e6b9a5bcda23de032a95a9d50965329507a3d,bitcoin-up-or-down-may-4-2026-9am-et
"Bitcoin Up or Down - May 4, 9:45AM-10:00AM ET",Up,BUY,5,0.09,0xe6ff8a47e7ec687ec8c10b45814db9a2aab1f654581ac76365f6cd8c4cb02ced,2026-05-04 16:55:52,0xb8c3d17e76b7b14341117d2f2b01311518557fb16cdd819ad40f5643e4e41502,btc-updown-15m-1777902300
"Bitcoin Up or Down - May 4, 9:55AM-10:00AM ET",Up,BUY,100,0.44,0x3c212622fbfc31b41561abf3164fa76e227e562ed5543e39cf9451645ffb2630,2026-05-04 16:55:38,0x39b7888de78f0e701cb11452e56700e19c260bbc3020a15494bfed6698cd7850,btc-updown-5m-1777902900
"Bitcoin Up or Down - May 4, 9AM ET",Up,BUY,10,0.1,0x5959f49b56f501e8c8e843202469dd328b40e8a6d53246baff8f430b79fe3ff5,2026-05-04 16:55:36,0x1b3d2e11e0692e125882e8e54006179321b75c47068ba080772497024493399c,bitcoin-up-or-down-may-4-2026-9am-et
"Bitcoin Up or Down - May 4, 9:55AM-10:00AM ET",Up,BUY,25.74,0.38,0x3c212622fbfc31b41561abf3164fa76e227e562ed5543e39cf9451645ffb2630,2026-05-04 16:55:30,0x34e61295ab44acbcb2eae90ba3fc2dacbab101ac81fbc802d3fbd36c9f3730b5,btc-updown-5m-1777902900
"Bitcoin Up or Down - May 4, 9:55AM-10:00AM ET",Down,BUY,100,0.6,0x3c212622fbfc31b41561abf3164fa76e227e562ed5543e39cf9451645ffb2630,2026-05-04 16:55:30,0xbb09f78baaa80b4e7486c70a2f8921bdb2de95c2fb4ff6be46e91e2d14612831,btc-updown-5m-1777902900
"Bitcoin Up or Down - May 4, 9:55AM-10:00AM ET",Up,BUY,100.73744,0.4268522110547975,0x3c212622fbfc31b41561abf3164fa76e227e562ed5543e39cf9451645ffb2630,2026-05-04 16:55:20,0x1e9f7fa11c8ab085be926d792390b928b4f6f4cf4267b0f14eb2ac3eea6b3502,btc-updown-5m-1777902900
"Bitcoin Up or Down - May 4, 9:55AM-10:00AM ET",Up,BUY,100,0.4,0x3c212622fbfc31b41561abf3164fa76e227e562ed5543e39cf9451645ffb2630,2026-05-04 16:55:16,0x3586a1a1bbe960c7e7942b43e4848d7c4a3a0a3e65258ac6168c44a817e81b44,btc-updown-5m-1777902900
"Bitcoin Up or Down - May 4, 9:55AM-10:00AM ET",Down,BUY,100,0.58,0x3c212622fbfc31b41561abf3164fa76e227e562ed5543e39cf9451645ffb2630,2026-05-04 16:55:08,0xef4fed5796ecf658db8ef3b3a1f88c5fb9d267c64483dbd05eef5355f0203fba,btc-updown-5m-1777902900
"Bitcoin Up or Down - May 4, 9:55AM-10:00AM ET",Down,BUY,100.263726,0.5884480893917706,0x3c212622fbfc31b41561abf3164fa76e227e562ed5543e39cf9451645ffb2630,2026-05-04 16:55:08,0x42204d22f6d5d0129c6e535e828f7656c3d18146113c28e9446c8094477450d5,btc-updown-5m-1777902900
"Bitcoin Up or Down - May 4, 9:55AM-10:00AM ET",Down,BUY,103.825848,0.5104701769447624,0x3c212622fbfc31b41561abf3164fa76e227e562ed5543e39cf9451645ffb2630,2026-05-04 16:55:08,0x7521d3f0296573f44b61934a77edce2e20f529388963db884ce70425a1eafa73,btc-updown-5m-1777902900
"Bitcoin Up or Down - May 4, 9:55AM-10:00AM ET",Down,BUY,49.84,0.5540128410914927,0x3c212622fbfc31b41561abf3164fa76e227e562ed5543e39cf9451645ffb2630,2026-05-04 16:55:08,0x50026d08260982a3e7a1fdfb299765d80db6fcf5f54bbf5d0d3a3d5c7cd92de5,btc-updown-5m-1777902900
"Bitcoin Up or Down - May 4, 9:55AM-10:00AM ET",Down,BUY,103.21648,0.5328606342708063,0x3c212622fbfc31b41561abf3164fa76e227e562ed5543e39cf9451645ffb2630,2026-05-04 16:55:08,0xa9be3b2f62637c13189b47af304cbe39cd64600a0590c19f74e8d94a1ef480dd,btc-updown-5m-1777902900
"Bitcoin Up or Down - May 4, 9:50AM-9:55AM ET",Up,BUY,100,0.1,0x4a05f039ac5accf9183e69688927cd4d0154233ac4f589efdf9a3f820764c3e0,2026-05-04 16:54:08,0x7ea149781c2dc68b18957c40d17c10ef7bdbb54199be393f3c118e9c28a58ef6,btc-updown-5m-1777902600
"Bitcoin Up or Down - May 4, 9:45AM-10:00AM ET",Up,BUY,200,0.21,0xe6ff8a47e7ec687ec8c10b45814db9a2aab1f654581ac76365f6cd8c4cb02ced,2026-05-04 16:53:50,0x289eab4a7649466dbf48453fff6ef2dac78a6c980a45514328d0ccfbb3cf91f7,btc-updown-15m-1777902300
"Bitcoin Up or Down - May 4, 9:50AM-9:55AM ET",Down,BUY,24.84,0.52,0x4a05f039ac5accf9183e69688927cd4d0154233ac4f589efdf9a3f820764c3e0,2026-05-04 16:52:54,0x9d18a6b52d82c68293aa8f6b8cc2c57d407362f11c3997e397d775c061f92e2a,btc-updown-5m-1777902600
"Bitcoin Up or Down - May 4, 9:50AM-9:55AM ET",Up,BUY,4.01,0.47,0x4a05f039ac5accf9183e69688927cd4d0154233ac4f589efdf9a3f820764c3e0,2026-05-04 16:52:44,0x30ca06a14f4b1b53624d2c4ab5d94b8493552f1bf45da525028abfc0af9b85d3,btc-updown-5m-1777902600
"Bitcoin Up or Down - May 4, 9:50AM-9:55AM ET",Up,BUY,20.2,0.49306930693069306,0x4a05f039ac5accf9183e69688927cd4d0154233ac4f589efdf9a3f820764c3e0,2026-05-04 16:52:04,0x5662cc670cf85fe59ddf4bc5eafe6212bda7558e66266d94bdf8c002f1cf978a,btc-updown-5m-1777902600
"Bitcoin Up or Down - May 4, 9:50AM-9:55AM ET",Up,BUY,8,0.55,0x4a05f039ac5accf9183e69688927cd4d0154233ac4f589efdf9a3f820764c3e0,2026-05-04 16:51:40,0x783202cd2d7b6a1f4e489b4be4b82940e6da26192775e06377ddeddaa7c5e3e5,btc-updown-5m-1777902600
"Bitcoin Up or Down - May 4, 9:50AM-9:55AM ET",Up,BUY,10,0.61,0x4a05f039ac5accf9183e69688927cd4d0154233ac4f589efdf9a3f820764c3e0,2026-05-04 16:51:30,0x55aa1c68fa220810a55befc9386330ae8cb4d76bc25b024269abf4ad250d9e6f,btc-updown-5m-1777902600
"Bitcoin Up or Down - May 4, 9:50AM-9:55AM ET",Down,BUY,18.35,0.44,0x4a05f039ac5accf9183e69688927cd4d0154233ac4f589efdf9a3f820764c3e0,2026-05-04 16:51:08,0xa1bece4d108a1b6474b63dca57573ee10f88df02fa79866bb5ffb36697207b99,btc-updown-5m-1777902600
"Bitcoin Up or Down - May 4, 9:50AM-9:55AM ET",Up,BUY,102.380951,0.41999999589767434,0x4a05f039ac5accf9183e69688927cd4d0154233ac4f589efdf9a3f820764c3e0,2026-05-04 16:50:12,0xbb7af5e4e8c47f2edb5b3037b56638b7353038e6c0e76a3922d4e983f1717eb3,btc-updown-5m-1777902600
"Bitcoin Up or Down - May 4, 9:50AM-9:55AM ET",Up,BUY,100,0.42,0x4a05f039ac5accf9183e69688927cd4d0154233ac4f589efdf9a3f820764c3e0,2026-05-04 16:50:12,0x63778f2360babb09c42d77a8ebd0e8d2c74d52ebce1367075b2bf9da90608f16,btc-updown-5m-1777902600
"Bitcoin Up or Down - May 4, 9:45AM-9:50AM ET",Down,BUY,7.5,0.2,0xc27d25ef8b034df7701a4dd3399fd9b197aacc441bd28ea758d2dfe52610e915,2026-05-04 16:49:02,0x37730fe40b503e304a8f499d96353fa66f083adba3c12a56ec69a02b1f9d0ba7,btc-updown-5m-1777902300
"Bitcoin Up or Down - May 4, 9:45AM-9:50AM ET",Down,BUY,20.36,0.14,0xc27d25ef8b034df7701a4dd3399fd9b197aacc441bd28ea758d2dfe52610e915,2026-05-04 16:49:02,0xf406ed59a5dfd364c87bfca64322aa3ea37fb72f11946d06d294562fa4dd4851,btc-updown-5m-1777902300
"Bitcoin Up or Down - May 4, 9:45AM-9:50AM ET",Down,BUY,12,0.13,0xc27d25ef8b034df7701a4dd3399fd9b197aacc441bd28ea758d2dfe52610e915,2026-05-04 16:49:02,0x947444c1e1a62938841efccda0c87c35a633c6849f201ad0f13f14c0edb34731,btc-updown-5m-1777902300
"Bitcoin Up or Down - May 4, 9:45AM-9:50AM ET",Down,BUY,9.24,0.11,0xc27d25ef8b034df7701a4dd3399fd9b197aacc441bd28ea758d2dfe52610e915,2026-05-04 16:48:54,0x81f1140b4d307086e9f1e8a861b1301372d27e8f701c076464bed3d182e76e75,btc-updown-5m-1777902300
"Bitcoin Up or Down - May 4, 9:45AM-9:50AM ET",Down,BUY,66,0.31,0xc27d25ef8b034df7701a4dd3399fd9b197aacc441bd28ea758d2dfe52610e915,2026-05-04 16:48:12,0x1282a25226b391e50cb5267d62ea76020c74ebfdba4de5801f75a497dcb3df1c,btc-updown-5m-1777902300
"Bitcoin Up or Down - May 4, 9:45AM-9:50AM ET",Down,BUY,5,0.21,0xc27d25ef8b034df7701a4dd3399fd9b197aacc441bd28ea758d2dfe52610e915,2026-05-04 16:47:34,0x316cd712e0cd45dcd8f654836125131afb01bc22ffd1fe5131b8c402005d9f47,btc-updown-5m-1777902300
"Bitcoin Up or Down - May 4, 9:45AM-9:50AM ET",Up,BUY,45,0.5388888888888889,0xc27d25ef8b034df7701a4dd3399fd9b197aacc441bd28ea758d2dfe52610e915,2026-05-04 16:47:10,0xce44ca5fce20ab0ce830f70e21de38527858a9aee08ef6523409fa359228b415,btc-updown-5m-1777902300
"Bitcoin Up or Down - May 4, 9:45AM-9:50AM ET",Up,BUY,9.33,0.5246409431939979,0xc27d25ef8b034df7701a4dd3399fd9b197aacc441bd28ea758d2dfe52610e915,2026-05-04 16:47:10,0xb424a9d0573f3fc201c70cfc4ad748eb0c32d3d23899ae1392f421395ed8979d,btc-updown-5m-1777902300
"Bitcoin Up or Down - May 4, 9:45AM-9:50AM ET",Up,BUY,101.7996,0.49116106546587607,0xc27d25ef8b034df7701a4dd3399fd9b197aacc441bd28ea758d2dfe52610e915,2026-05-04 16:46:38,0x410261eb195112615c203b340d60e78d62cb4b9bff059b55bbffe373e3671d73,btc-updown-5m-1777902300
"Bitcoin Up or Down - May 4, 9:45AM-9:50AM ET",Up,BUY,100,0.22,0xc27d25ef8b034df7701a4dd3399fd9b197aacc441bd28ea758d2dfe52610e915,2026-05-04 16:45:16,0x81016e92a2814140ddb8212b4fe7eac6e43e20cb9ff84f5e507c640d0124ac52,btc-updown-5m-1777902300
"Bitcoin Up or Down - May 4, 9:45AM-9:50AM ET",Up,BUY,104.545453,0.21999999368695644,0xc27d25ef8b034df7701a4dd3399fd9b197aacc441bd28ea758d2dfe52610e915,2026-05-04 16:45:16,0xf29751ed59dfc02d8ef7de977c4000d0d42a4fca8805a20bbb098407222528d4,btc-updown-5m-1777902300
"Bitcoin Up or Down - May 4, 9:45AM-10:00AM ET",Down,BUY,200,0.6,0xe6ff8a47e7ec687ec8c10b45814db9a2aab1f654581ac76365f6cd8c4cb02ced,2026-05-04 16:45:14,0xb4fc57bb46b71af6357ff9ffd0c42084ba4e83c921041449cbe43002b5529613,btc-updown-15m-1777902300
"Bitcoin Up or Down - May 4, 9:45AM-9:50AM ET",Up,BUY,100,0.26,0xc27d25ef8b034df7701a4dd3399fd9b197aacc441bd28ea758d2dfe52610e915,2026-05-04 16:45:12,0xf235a8b60b83743d65757f42be53e31ed0e1bd331c4aefc138166bba1321dced,btc-updown-5m-1777902300
"Bitcoin Up or Down - May 4, 9:45AM-9:50AM ET",Down,BUY,100,0.7,0xc27d25ef8b034df7701a4dd3399fd9b197aacc441bd28ea758d2dfe52610e915,2026-05-04 16:45:08,0x1d4b88e738ef0097846c1ce4dbadfe82de44df2e0ebeb880d6ab2139ce250366,btc-updown-5m-1777902300
"Bitcoin Up or Down - May 4, 9:45AM-10:00AM ET",Down,BUY,200,0.6,0xe6ff8a47e7ec687ec8c10b45814db9a2aab1f654581ac76365f6cd8c4cb02ced,2026-05-04 16:45:08,0x3036f5ac8f1e1bc69d7b2f6173c313b828213c0ce40071cbc08e1cc3565e2aa6,btc-updown-15m-1777902300
"Bitcoin Up or Down - May 4, 9:40AM-9:45AM ET",Up,BUY,125,0.04,0x9346cc54e4ade386e07f698452b580653161fe6428cd727c9717cd0cbd9e7bb2,2026-05-04 16:44:22,0xaf8dd557a0c7e72937f4560e52bafa972b2f14ab5c4f5c0db2f697579e89adaa,btc-updown-5m-1777902000
"Bitcoin Up or Down - May 4, 9:40AM-9:45AM ET",Up,BUY,100,0.04,0x9346cc54e4ade386e07f698452b580653161fe6428cd727c9717cd0cbd9e7bb2,2026-05-04 16:44:22,0x51f94318e759423b0c57f299d7fa96652dcb74138b4382e7d9554eb9d95e4c95,btc-updown-5m-1777902000
"Bitcoin Up or Down - May 4, 9:40AM-9:45AM ET",Up,BUY,100,0.1,0x9346cc54e4ade386e07f698452b580653161fe6428cd727c9717cd0cbd9e7bb2,2026-05-04 16:43:38,0x2e7ef86adf8f24435b281c5a2736385312423c6d215ceff2f980cee6e387d183,btc-updown-5m-1777902000
"Bitcoin Up or Down - May 4, 9:40AM-9:45AM ET",Up,BUY,100,0.26,0x9346cc54e4ade386e07f698452b580653161fe6428cd727c9717cd0cbd9e7bb2,2026-05-04 16:43:18,0xf0c3c88087ad6ef818851250b81492d205bb4721757b41c4b18bb0312931c1b3,btc-updown-5m-1777902000
"Bitcoin Up or Down - May 4, 9:40AM-9:45AM ET",Up,BUY,6.66,0.25,0x9346cc54e4ade386e07f698452b580653161fe6428cd727c9717cd0cbd9e7bb2,2026-05-04 16:43:18,0x751f7abd4e44223f71992a7da1a5a7e9a64a4111cc89ba583264d7e20c9afdd0,btc-updown-5m-1777902000
"Bitcoin Up or Down - May 4, 9:40AM-9:45AM ET",Down,BUY,105.263156,0.7599999946799999,0x9346cc54e4ade386e07f698452b580653161fe6428cd727c9717cd0cbd9e7bb2,2026-05-04 16:43:18,0x5bdcc39b70f89f490b7a05b465d4f44c6655788e5d8bae27f0a9cb8692bc5bd2,btc-updown-5m-1777902000
"Bitcoin Up or Down - May 4, 9:30AM-9:45AM ET",Down,BUY,2.24,0.75,0x774c8b2b11ef1f7640cd70c4573ad99ef5f95a8df1db9e137452639f49103d67,2026-05-04 16:43:18,0x9bd03fe3c872a915fdd10a876298c70f54a13b50a0fd56acb59bd08951b1177a,btc-updown-15m-1777901400
"Bitcoin Up or Down - May 4, 9:40AM-9:45AM ET",Down,BUY,100.815787,0.7538501683273077,0x9346cc54e4ade386e07f698452b580653161fe6428cd727c9717cd0cbd9e7bb2,2026-05-04 16:43:18,0x1f924bfe457f658693e5496bcfe31dbc573a9a561c55dabb6a7fb0c27eec8334,btc-updown-5m-1777902000
"Bitcoin Up or Down - May 4, 9:40AM-9:45AM ET",Down,BUY,16,0.74,0x9346cc54e4ade386e07f698452b580653161fe6428cd727c9717cd0cbd9e7bb2,2026-05-04 16:43:18,0x775dc5fd381f8ae867d57914b5c3d2c68f77e0ea24577dd316152226dab0bc3e,btc-updown-5m-1777902000
"Bitcoin Up or Down - May 4, 9:40AM-9:45AM ET",Down,BUY,103.947366,0.7599999984607595,0x9346cc54e4ade386e07f698452b580653161fe6428cd727c9717cd0cbd9e7bb2,2026-05-04 16:43:16,0xb6beb8af7bf39ca3c901c9eaa813d37e2785c236141d4ae32f3bf9b28e89ce31,btc-updown-5m-1777902000
"Bitcoin Up or Down - May 4, 9:40AM-9:45AM ET",Down,BUY,101.315787,0.7599999988155843,0x9346cc54e4ade386e07f698452b580653161fe6428cd727c9717cd0cbd9e7bb2,2026-05-04 16:43:16,0xd13f3070e1e1245136ca410b8cb45fce0ef1697c53af2cc8d18fd09da946a7a3,btc-updown-5m-1777902000
"Bitcoin Up or Down - May 4, 9:40AM-9:45AM ET",Down,BUY,102.631575,0.76,0x9346cc54e4ade386e07f698452b580653161fe6428cd727c9717cd0cbd9e7bb2,2026-05-04 16:43:16,0x1a51fc292fd3b19e0afa644a8c84f7c789e2e3d032a2f1ef1e0506bfcd51b372,btc-updown-5m-1777902000
"Bitcoin Up or Down - May 4, 9:30AM-9:45AM ET",Up,BUY,200.227271,0.21975028066980945,0x774c8b2b11ef1f7640cd70c4573ad99ef5f95a8df1db9e137452639f49103d67,2026-05-04 16:43:16,0xb240a4ea6b851205796f9d4fe4f5f5a3b5e01d6fd7dfa3ef92f6aa9bfda8ea0b,btc-updown-15m-1777901400
"Bitcoin Up or Down - May 4, 9:30AM-9:45AM ET",Up,BUY,151.09,0.20172082864517837,0x774c8b2b11ef1f7640cd70c4573ad99ef5f95a8df1db9e137452639f49103d67,2026-05-04 16:43:16,0x8e9d7c4ffe561278d75c6a3a80c84c7b88846c889269f60aecb78c6d643fca9d,btc-updown-15m-1777901400
"Bitcoin Up or Down - May 4, 9:30AM-9:45AM ET",Up,BUY,10,0.2,0x774c8b2b11ef1f7640cd70c4573ad99ef5f95a8df1db9e137452639f49103d67,2026-05-04 16:43:16,0xa4aca40b3f8a7158ce770367bf1ae10d2aad62303f0cd00e7cfaa690af4ea87a,btc-updown-15m-1777901400
"Bitcoin Up or Down - May 4, 9:40AM-9:45AM ET",Up,BUY,76.84,0.13618427902134306,0x9346cc54e4ade386e07f698452b580653161fe6428cd727c9717cd0cbd9e7bb2,2026-05-04 16:43:16,0xb3d780e3019f72813700487684c1629c8bed88049cb6aa8c5e6c63a4dccc4541,btc-updown-5m-1777902000
"Bitcoin Up or Down - May 4, 9:40AM-9:45AM ET",Up,BUY,47.84,0.21,0x9346cc54e4ade386e07f698452b580653161fe6428cd727c9717cd0cbd9e7bb2,2026-05-04 16:43:16,0x90131af5d650510f285ad777ad4a1d8987f05dd578e2f97c4543c3e69e8fe9dd,btc-updown-5m-1777902000
"Bitcoin Up or Down - May 4, 9:40AM-9:45AM ET",Up,BUY,104.761903,0.20999999398636354,0x9346cc54e4ade386e07f698452b580653161fe6428cd727c9717cd0cbd9e7bb2,2026-05-04 16:43:16,0xb0979de435b776ac3425fb2c1c4da15c4ea44920d19de9d457734796c011884e,btc-updown-5m-1777902000
"Bitcoin Up or Down - May 4, 9:40AM-9:45AM ET",Up,BUY,100,0.37,0x9346cc54e4ade386e07f698452b580653161fe6428cd727c9717cd0cbd9e7bb2,2026-05-04 16:41:52,0xedf12567fb20104989edea9103695d8eb710a2cc230aae8801b0082bef79db11,btc-updown-5m-1777902000
"Bitcoin Up or Down - May 4, 9:40AM-9:45AM ET",Up,BUY,100,0.41,0x9346cc54e4ade386e07f698452b580653161fe6428cd727c9717cd0cbd9e7bb2,2026-05-04 16:41:40,0x1847de7e1cd4fae1e94b96751040b2c238b193e870801e82e7061b5581f5254e,btc-updown-5m-1777902000
"Bitcoin Up or Down - May 4, 9:40AM-9:45AM ET",Down,BUY,5.88,0.55,0x9346cc54e4ade386e07f698452b580653161fe6428cd727c9717cd0cbd9e7bb2,2026-05-04 16:41:06,0x7767b119f6e87654080d1d7e62de89482d5ff578fc52cfb213ea097caf34a119,btc-updown-5m-1777902000
"Bitcoin Up or Down - May 4, 9:40AM-9:45AM ET",Down,BUY,100,0.56,0x9346cc54e4ade386e07f698452b580653161fe6428cd727c9717cd0cbd9e7bb2,2026-05-04 16:41:06,0x37e5d3c8bc2dd37ac3ced06aae44d9d12e69d335c08957605c802c507507d2de,btc-updown-5m-1777902000
"Bitcoin Up or Down - May 4, 9:35AM-9:40AM ET",Up,BUY,100,0.15,0x87b7ec02dc6a6c29c693caf0e43268aaa3ed50b4a3e1159afb78377358d506a5,2026-05-04 16:39:22,0x5f542276b53409b5c204bc5a84c0ffb757ed6124956cd081ece831fcc17d4410,btc-updown-5m-1777901700
"Bitcoin Up or Down - May 4, 9:35AM-9:40AM ET",Up,BUY,24.57,0.15407000407000407,0x87b7ec02dc6a6c29c693caf0e43268aaa3ed50b4a3e1159afb78377358d506a5,2026-05-04 16:39:22,0x2cf314f9c99a7c663ef163b5e2e78dda289971c14464a16deed0df1a8648a37f,btc-updown-5m-1777901700
"Bitcoin Up or Down - May 4, 9:35AM-9:40AM ET",Up,BUY,100,0.07,0x87b7ec02dc6a6c29c693caf0e43268aaa3ed50b4a3e1159afb78377358d506a5,2026-05-04 16:39:10,0xd9375c7f990d7125f957d2d9ca31110cdfcf7b77468c033e559f1268b5d0c6f7,btc-updown-5m-1777901700
"Bitcoin Up or Down - May 4, 9:35AM-9:40AM ET",Up,BUY,100,0.05,0x87b7ec02dc6a6c29c693caf0e43268aaa3ed50b4a3e1159afb78377358d506a5,2026-05-04 16:39:08,0x411d537b08831080b107d7e89644f69330867c602e3b83b34b1059e442842649,btc-updown-5m-1777901700
"Bitcoin Up or Down - May 4, 9:35AM-9:40AM ET",Up,BUY,13.48,0.06,0x87b7ec02dc6a6c29c693caf0e43268aaa3ed50b4a3e1159afb78377358d506a5,2026-05-04 16:39:08,0x7d7cfe51fe65e7d38ac38ae1b3b4000bcf0736b28b743710f183744ef4e1a8b9,btc-updown-5m-1777901700
"Bitcoin Up or Down - May 4, 9:35AM-9:40AM ET",Up,BUY,87.06,0.04,0x87b7ec02dc6a6c29c693caf0e43268aaa3ed50b4a3e1159afb78377358d506a5,2026-05-04 16:39:06,0x74956a1ac4722dcdf59ae50219fd106442b742456206fad5b1eaa5e33479bb1d,btc-updown-5m-1777901700
"Bitcoin Up or Down - May 4, 9:30AM-9:45AM ET",Down,BUY,200,0.65,0x774c8b2b11ef1f7640cd70c4573ad99ef5f95a8df1db9e137452639f49103d67,2026-05-04 16:38:32,0x8d7de25ee952922954bda5e88bad276b4a3e271f6bfd53e53ddc203a4fd2f6c3,btc-updown-15m-1777901400
"Bitcoin Up or Down - May 4, 9:35AM-9:40AM ET",Up,BUY,7.01,0.31,0x87b7ec02dc6a6c29c693caf0e43268aaa3ed50b4a3e1159afb78377358d506a5,2026-05-04 16:37:44,0x18a41bd85afcefd955920a8001edba6e3f060b3d669fedcb5bddbf7f48c4ca49,btc-updown-5m-1777901700
"Bitcoin Up or Down - May 4, 9:35AM-9:40AM ET",Up,BUY,34.44,0.39,0x87b7ec02dc6a6c29c693caf0e43268aaa3ed50b4a3e1159afb78377358d506a5,2026-05-04 16:37:34,0xb477c7c5fdf7829e225a1e36aca977a2cef6b1e150f38281fdeed0616baf7774,btc-updown-5m-1777901700
"Bitcoin Up or Down - May 4, 9:35AM-9:40AM ET",Up,BUY,24.69,0.8,0x87b7ec02dc6a6c29c693caf0e43268aaa3ed50b4a3e1159afb78377358d506a5,2026-05-04 16:37:00,0xf3b53a0045205769e0147ca6a594c440b6fd771d7165f1a181a98bde4a17531a,btc-updown-5m-1777901700
"Bitcoin Up or Down - May 4, 9:35AM-9:40AM ET",Up,BUY,100,0.72,0x87b7ec02dc6a6c29c693caf0e43268aaa3ed50b4a3e1159afb78377358d506a5,2026-05-04 16:36:08,0x40c0e22a7a2089c0d1dee5287a47337f87ef2980fb131d71b230ef9a875d3bd4,btc-updown-5m-1777901700
"Bitcoin Up or Down - May 4, 9:35AM-9:40AM ET",Down,BUY,1.84,0.17,0x87b7ec02dc6a6c29c693caf0e43268aaa3ed50b4a3e1159afb78377358d506a5,2026-05-04 16:35:44,0x32febe91e5cdff617130649a6102f30a2a3f3581d189b994d289344c4a6eaa7f,btc-updown-5m-1777901700
"Bitcoin Up or Down - May 4, 9:35AM-9:40AM ET",Down,BUY,17.36,0.37135944700460827,0x87b7ec02dc6a6c29c693caf0e43268aaa3ed50b4a3e1159afb78377358d506a5,2026-05-04 16:35:08,0xcf12e513a345dde4c0f8797837cca5e87243e9069b50a2d904106ac8d93f4da1,btc-updown-5m-1777901700
"Bitcoin Up or Down - May 4, 9:30AM-9:35AM ET",Down,BUY,44,0.22,0xb5ae19da6695a555aca6366fb461d8363ca3ba7df5e80e6671d92b9936ca7d8c,2026-05-04 16:34:00,0xb8047caae066bca4ec50f759b048cb6c31ca96a2c8d4c9b2eed80bed8b43196b,btc-updown-5m-1777901400
"Bitcoin Up or Down - May 4, 9:30AM-9:35AM ET",Down,BUY,17.81,0.21,0xb5ae19da6695a555aca6366fb461d8363ca3ba7df5e80e6671d92b9936ca7d8c,2026-05-04 16:34:00,0x2871809fb65e2e387a9b2762bb558d00d0d59ba61c2fa24d7a25a480c7470669,btc-updown-5m-1777901400
"Bitcoin Up or Down - May 4, 9:30AM-9:35AM ET",Down,BUY,10,0.19,0xb5ae19da6695a555aca6366fb461d8363ca3ba7df5e80e6671d92b9936ca7d8c,2026-05-04 16:34:00,0xf244d3566ca8a274f2fa3a42f5b719981de8d3155a1d23a0e531174edd12d890,btc-updown-5m-1777901400
"Bitcoin Up or Down - May 4, 9:30AM-9:35AM ET",Down,BUY,3.65,0.16,0xb5ae19da6695a555aca6366fb461d8363ca3ba7df5e80e6671d92b9936ca7d8c,2026-05-04 16:34:00,0x307280aaba53f5547f44149b65178e5c9ca8a038292d6eb26bd169e787556e79,btc-updown-5m-1777901400
"Bitcoin Up or Down - May 4, 9:30AM-9:35AM ET",Down,BUY,39.375,0.16,0xb5ae19da6695a555aca6366fb461d8363ca3ba7df5e80e6671d92b9936ca7d8c,2026-05-04 16:34:00,0x036abde0e62100fbd70a5cd870206b3d0a719df1e087475b398ce5a1dbe6071d,btc-updown-5m-1777901400
"Bitcoin Up or Down - May 4, 9:30AM-9:35AM ET",Down,BUY,40.375,0.16,0xb5ae19da6695a555aca6366fb461d8363ca3ba7df5e80e6671d92b9936ca7d8c,2026-05-04 16:34:00,0x365caecee8d6e5538d5bf32f32b5abd65625bd35c17bced99a03465db9753e36,btc-updown-5m-1777901400
"Bitcoin Up or Down - May 4, 9AM ET",Up,BUY,137.22,0.68,0x5959f49b56f501e8c8e843202469dd328b40e8a6d53246baff8f430b79fe3ff5,2026-05-04 16:33:50,0xa2e986c4f2c6a126eb50235b54329480577c61207d4913f17bd4faf763d82f67,bitcoin-up-or-down-may-4-2026-9am-et
"Bitcoin Up or Down - May 4, 9AM ET",Up,BUY,200,0.68,0x5959f49b56f501e8c8e843202469dd328b40e8a6d53246baff8f430b79fe3ff5,2026-05-04 16:33:28,0x70234c35eb13c0c3390447f841796e76a997713597389d8160144323c6665b1f,bitcoin-up-or-down-may-4-2026-9am-et
"Bitcoin Up or Down - May 4, 9:30AM-9:35AM ET",Up,BUY,100,0.68,0xb5ae19da6695a555aca6366fb461d8363ca3ba7df5e80e6671d92b9936ca7d8c,2026-05-04 16:33:06,0x0c15568f5758084387a56ba604c793b1a6dc94640f2bf1fd26880443d8122f6e,btc-updown-5m-1777901400
"Bitcoin Up or Down - May 4, 9:30AM-9:35AM ET",Down,BUY,99.64,0.21,0xb5ae19da6695a555aca6366fb461d8363ca3ba7df5e80e6671d92b9936ca7d8c,2026-05-04 16:33:02,0x71e7821d7d902ce181de60d40a17df89cf46173c0afb2f593fd40fcddcdc590c,btc-updown-5m-1777901400
"Bitcoin Up or Down - May 4, 9:30AM-9:35AM ET",Down,BUY,100,0.4,0xb5ae19da6695a555aca6366fb461d8363ca3ba7df5e80e6671d92b9936ca7d8c,2026-05-04 16:32:52,0xb9205e5cecc3edfd2a00efc56de2348e6402e6f33e7191b7e9d2d3f1147da20b,btc-updown-5m-1777901400
"Bitcoin Up or Down - May 4, 9:30AM-9:35AM ET",Up,BUY,58.5,0.47,0xb5ae19da6695a555aca6366fb461d8363ca3ba7df5e80e6671d92b9936ca7d8c,2026-05-04 16:32:44,0x477f1f5988bd7148e327f5d5bd6de63ebb77b7c91188dfcc73f1176530c4ecd7,btc-updown-5m-1777901400
"Bitcoin Up or Down - May 4, 9:30AM-9:35AM ET",Up,BUY,37,0.49,0xb5ae19da6695a555aca6366fb461d8363ca3ba7df5e80e6671d92b9936ca7d8c,2026-05-04 16:32:28,0x3e293b9dfa4ebb6d5089b74c6961b712a797da5a20a6264de8b445899e0e69f1,btc-updown-5m-1777901400
"Bitcoin Up or Down - May 4, 9:30AM-9:35AM ET",Up,BUY,69.91,0.48,0xb5ae19da6695a555aca6366fb461d8363ca3ba7df5e80e6671d92b9936ca7d8c,2026-05-04 16:32:28,0xd635c84ece8000f1212bc8e64a9e6842bc398d1541987f48f8b860d65b0669cc,btc-updown-5m-1777901400
"Bitcoin Up or Down - May 4, 9:30AM-9:35AM ET",Up,BUY,100,0.51,0xb5ae19da6695a555aca6366fb461d8363ca3ba7df5e80e6671d92b9936ca7d8c,2026-05-04 16:32:26,0x53ded6e2b393cd5dd0ee09ecac72bbe1e4b7c013aaaa86889f5862338d212fcf,btc-updown-5m-1777901400
"Bitcoin Up or Down - May 4, 9:30AM-9:35AM ET",Up,BUY,18.22,0.52,0xb5ae19da6695a555aca6366fb461d8363ca3ba7df5e80e6671d92b9936ca7d8c,2026-05-04 16:32:26,0x2dc9e25cc90fbf2dbc338f371cea09626115d8e488b3a92c036232dbff5b66a5,btc-updown-5m-1777901400
"Bitcoin Up or Down - May 4, 9:30AM-9:35AM ET",Up,BUY,100.086205,0.5795004216615067,0xb5ae19da6695a555aca6366fb461d8363ca3ba7df5e80e6671d92b9936ca7d8c,2026-05-04 16:32:14,0x3c7671fa4f08b8f3885f99f740f3c6eb3e47a65c095fca5c132e0b84c2c6c2f4,btc-updown-5m-1777901400
"Bitcoin Up or Down - May 4, 9:30AM-9:35AM ET",Up,BUY,104.199297,0.566222620484666,0xb5ae19da6695a555aca6366fb461d8363ca3ba7df5e80e6671d92b9936ca7d8c,2026-05-04 16:32:12,0x421320f0b96cca87ec7150d2579af5549ccf202025e3f6e8799a14abb6e6cc37,btc-updown-5m-1777901400
"Bitcoin Up or Down - May 4, 9:30AM-9:35AM ET",Up,BUY,105.263155,0.5699999966749999,0xb5ae19da6695a555aca6366fb461d8363ca3ba7df5e80e6671d92b9936ca7d8c,2026-05-04 16:32:10,0xabed9f78b6cc95a0004a81f42f4690413020649f621ec212a4224f4402ee339a,btc-updown-5m-1777901400
"Bitcoin Up or Down - May 4, 9:30AM-9:35AM ET",Up,BUY,100,0.67,0xb5ae19da6695a555aca6366fb461d8363ca3ba7df5e80e6671d92b9936ca7d8c,2026-05-04 16:32:06,0x58a5f99ea1bfc4637497d07a29766a82602da9967e045b784522ecf7eec1903b,btc-updown-5m-1777901400
"Bitcoin Up or Down - May 4, 9:30AM-9:35AM ET",Up,BUY,101.492536,0.669999998817647,0xb5ae19da6695a555aca6366fb461d8363ca3ba7df5e80e6671d92b9936ca7d8c,2026-05-04 16:32:06,0xfcfc26c902c930c85e25f6cc1bee916e64e1d2e3dea9f0321131d7ab7cb07d89,btc-updown-5m-1777901400
"Bitcoin Up or Down - May 4, 9:30AM-9:35AM ET",Down,BUY,99.497905,0.42784819439163063,0xb5ae19da6695a555aca6366fb461d8363ca3ba7df5e80e6671d92b9936ca7d8c,2026-05-04 16:31:44,0xfd66347a12fc72ff6c25b7629fe025fad2468d4c9a2d64906b8edade2b12d51b,btc-updown-5m-1777901400
"Bitcoin Up or Down - May 4, 9:30AM-9:35AM ET",Down,BUY,100,0.42,0xb5ae19da6695a555aca6366fb461d8363ca3ba7df5e80e6671d92b9936ca7d8c,2026-05-04 16:31:44,0x474c1e3bad7f916507d4a588951f360bbf641e75be44dfb0638c9427411bf37a,btc-updown-5m-1777901400
"Bitcoin Up or Down - May 4, 9:30AM-9:35AM ET",Up,BUY,37.5,0.46,0xb5ae19da6695a555aca6366fb461d8363ca3ba7df5e80e6671d92b9936ca7d8c,2026-05-04 16:31:24,0x4fd7afefcb7ba702823022e3479a5b3f885bae6a0e8dd0458919f8c63aaba707,btc-updown-5m-1777901400
"Bitcoin Up or Down - May 4, 9:30AM-9:35AM ET",Up,BUY,102.19,0.45992758586945887,0xb5ae19da6695a555aca6366fb461d8363ca3ba7df5e80e6671d92b9936ca7d8c,2026-05-04 16:31:24,0x02c7df3c5a90a4e74d60c09511ce47a545b06677af372239a3496d59a87a9c4a,btc-updown-5m-1777901400
"Bitcoin Up or Down - May 4, 9:30AM-9:35AM ET",Up,BUY,104.175743,0.4607598431047427,0xb5ae19da6695a555aca6366fb461d8363ca3ba7df5e80e6671d92b9936ca7d8c,2026-05-04 16:31:24,0xb6a09a18748f99514a277988b3a362a96ee56797d4598954025aec47d8bfd42b,btc-updown-5m-1777901400
"Bitcoin Up or Down - May 4, 9:30AM-9:35AM ET",Up,BUY,102.42857,0.48814504585976354,0xb5ae19da6695a555aca6366fb461d8363ca3ba7df5e80e6671d92b9936ca7d8c,2026-05-04 16:31:24,0xa3169f3ba4f61cc0122b0ab6ff0ff31e46a906fa788ee018e614c24586d6d1f0,btc-updown-5m-1777901400
"Bitcoin Up or Down - May 4, 9:30AM-9:35AM ET",Up,BUY,100,0.51,0xb5ae19da6695a555aca6366fb461d8363ca3ba7df5e80e6671d92b9936ca7d8c,2026-05-04 16:31:22,0x5abee2aac65dff3b39eb12425717972542b4c834d680fac91a6f71e60bd11f99,btc-updown-5m-1777901400
"Bitcoin Up or Down - May 4, 9:30AM-9:35AM ET",Up,BUY,101.639229,0.5116134735732795,0xb5ae19da6695a555aca6366fb461d8363ca3ba7df5e80e6671d92b9936ca7d8c,2026-05-04 16:31:22,0x66c9ca352348112adc8988033ba40db7529844420cdbeff58635cc6761619cb3,btc-updown-5m-1777901400
"Bitcoin Up or Down - May 4, 9:30AM-9:35AM ET",Up,BUY,100,0.53,0xb5ae19da6695a555aca6366fb461d8363ca3ba7df5e80e6671d92b9936ca7d8c,2026-05-04 16:31:20,0xd25fd05d5215388395294b8404e9bbdaad0ffcd875fadac8c43704ab4fa3a302,btc-updown-5m-1777901400
"Bitcoin Up or Down - May 4, 9:30AM-9:35AM ET",Up,BUY,107.054544,0.541779889324455,0xb5ae19da6695a555aca6366fb461d8363ca3ba7df5e80e6671d92b9936ca7d8c,2026-05-04 16:31:20,0xe0ff778bf662e0ad73ca310f5e67d83fba45df8393c6b6e4a193e152b2e767af,btc-updown-5m-1777901400
"Bitcoin Up or Down - May 4, 9:30AM-9:35AM ET",Up,BUY,104.845453,0.543657329612568,0xb5ae19da6695a555aca6366fb461d8363ca3ba7df5e80e6671d92b9936ca7d8c,2026-05-04 16:31:20,0x49d5b2721d975b807a898a96f39f69594ab202d1db2b5d03b7d09d38ad79359a,btc-updown-5m-1777901400
"Bitcoin Up or Down - May 4, 9:30AM-9:35AM ET",Up,BUY,103.75,0.5397590361445783,0xb5ae19da6695a555aca6366fb461d8363ca3ba7df5e80e6671d92b9936ca7d8c,2026-05-04 16:31:20,0x42bf8aceeffa17722199a46617ac916f56fa490c8e7894e492e919c3d602c50e,btc-updown-5m-1777901400
"Bitcoin Up or Down - May 4, 9:30AM-9:35AM ET",Up,BUY,27.5,0.5463636363636364,0xb5ae19da6695a555aca6366fb461d8363ca3ba7df5e80e6671d92b9936ca7d8c,2026-05-04 16:31:20,0xea64c7419f924f1c742fcf1ba4d48b6bd3eccb5e0f4ae6f68f8682aedabfad06,btc-updown-5m-1777901400
"Bitcoin Up or Down - May 4, 9:30AM-9:35AM ET",Up,BUY,100,0.54,0xb5ae19da6695a555aca6366fb461d8363ca3ba7df5e80e6671d92b9936ca7d8c,2026-05-04 16:31:18,0x3cb6fc3e79a31ff24eeb03e509cfb092db12285c1c1741ac3a417202b9f1b75e,btc-updown-5m-1777901400
"Bitcoin Up or Down - May 4, 9:30AM-9:35AM ET",Down,BUY,46.866665,0.29999998933143635,0xb5ae19da6695a555aca6366fb461d8363ca3ba7df5e80e6671d92b9936ca7d8c,2026-05-04 16:31:14,0x0aa4a029a991deaf9a9278713c9a04c6b0ddae32e35375ac7e7a89335180a902,btc-updown-5m-1777901400
"Bitcoin Up or Down - May 4, 9:30AM-9:35AM ET",Up,BUY,100,0.43,0xb5ae19da6695a555aca6366fb461d8363ca3ba7df5e80e6671d92b9936ca7d8c,2026-05-04 16:30:20,0x0d355bb4d6c14939923d20864b4e054e9a7ee411f084d345074784f52e65fccd,btc-updown-5m-1777901400
"Bitcoin Up or Down - May 4, 9:30AM-9:35AM ET",Up,BUY,48.48,0.42,0xb5ae19da6695a555aca6366fb461d8363ca3ba7df5e80e6671d92b9936ca7d8c,2026-05-04 16:30:20,0x4fdcb8ffd6722323df70abb65e000f547faf04ae53512dc9f8463d298328c2db,btc-updown-5m-1777901400
"Bitcoin Up or Down - May 4, 9:30AM-9:35AM ET",Up,BUY,102.32558,0.42999999609090905,0xb5ae19da6695a555aca6366fb461d8363ca3ba7df5e80e6671d92b9936ca7d8c,2026-05-04 16:30:18,0xa797aad46ea62628dde4409f111e35643b73c8699d7ca7d08c48c23240cd5ab2,btc-updown-5m-1777901400
"Bitcoin Up or Down - May 4, 9:25AM-9:30AM ET",Down,BUY,6.34,0.46,0xbf9a1d7526e0b82905569fc5428b1543d53397954f5b971dcea1da43a1031e15,2026-05-04 16:29:32,0x086235ef04e9ecec7e9359c8fb02fe3ef47df0fc9136caaafb9be6c75e9b6344,btc-updown-5m-1777901100
"Bitcoin Up or Down - May 4, 9:25AM-9:30AM ET",Down,BUY,10,0.46,0xbf9a1d7526e0b82905569fc5428b1543d53397954f5b971dcea1da43a1031e15,2026-05-04 16:29:32,0x1db377b30a96d87f8d2b37c682c0d0db277813b928326ed7be95183b2bdb72c3,btc-updown-5m-1777901100
"Bitcoin Up or Down - May 4, 9:25AM-9:30AM ET",Up,BUY,106.113901,0.38637726644315906,0xbf9a1d7526e0b82905569fc5428b1543d53397954f5b971dcea1da43a1031e15,2026-05-04 16:29:04,0x7b798c36af7f8a144c84e6c0a437ec9def4408dc1d1b6b728c04792b415daaf4,btc-updown-5m-1777901100
"Bitcoin Up or Down - May 4, 9:25AM-9:30AM ET",Up,BUY,108.87075,0.38577854933487643,0xbf9a1d7526e0b82905569fc5428b1543d53397954f5b971dcea1da43a1031e15,2026-05-04 16:29:04,0xdb3f9c18e23e332383e2c1ce4356b5c98639f3143bf43be30a0aca4eb2e4d26d,btc-updown-5m-1777901100
"Bitcoin Up or Down - May 4, 9:25AM-9:30AM ET",Up,BUY,49.98,0.3553941576630652,0xbf9a1d7526e0b82905569fc5428b1543d53397954f5b971dcea1da43a1031e15,2026-05-04 16:29:04,0x6c7cdaa1c0078bbcbd5cca4454add1d1df24b1ed129b5ed275c98162f545fb2a,btc-updown-5m-1777901100
"Bitcoin Up or Down - May 4, 9:25AM-9:30AM ET",Up,BUY,40,0.4,0xbf9a1d7526e0b82905569fc5428b1543d53397954f5b971dcea1da43a1031e15,2026-05-04 16:29:04,0x555ccd1f8facbbc63a5684bb3dca1fa07d8f1e96fedf63c40035665884d28521,btc-updown-5m-1777901100
"Bitcoin Up or Down - May 4, 9:15AM-9:30AM ET",Down,BUY,200,0.2,0x2f928576a503f59fae1bce3cc6770b1054e9193ab7b37b3bd1ec82feaf0fedf3,2026-05-04 16:28:18,0xb6285f4a32eabad0b33a68cb9e0edb85325b60c66e5aa25d929d14a1da50516f,btc-updown-15m-1777900500
"Bitcoin Up or Down - May 4, 9:25AM-9:30AM ET",Down,BUY,24.47,0.48,0xbf9a1d7526e0b82905569fc5428b1543d53397954f5b971dcea1da43a1031e15,2026-05-04 16:28:04,0x569c776188be00787f2770643fda9a94c2c5fbdfa7f90cd462b0cb3517198289,btc-updown-5m-1777901100
"Bitcoin Up or Down - May 4, 9:20AM-9:25AM ET",Down,BUY,84.56,0.09,0xb465e88e1292a76fbcfd0c2e553cf61e8f070ce62f04aac20e030f478911dc79,2026-05-04 16:24:12,0xbdd8d3519d10a2ad1abf6b2ded355855ef2bd13b77325eb06d89f9856b5b254f,btc-updown-5m-1777900800
"Bitcoin Up or Down - May 4, 9:20AM-9:25AM ET",Down,BUY,102.0025,0.11764417538785814,0xb465e88e1292a76fbcfd0c2e553cf61e8f070ce62f04aac20e030f478911dc79,2026-05-04 16:24:06,0x20585608daef8ed38290795f61f7206f13dfd88cb5a8df429a1fcd1f75bfd373,btc-updown-5m-1777900800
"Bitcoin Up or Down - May 4, 9:20AM-9:25AM ET",Down,BUY,62,0.11,0xb465e88e1292a76fbcfd0c2e553cf61e8f070ce62f04aac20e030f478911dc79,2026-05-04 16:24:06,0xcfdb987330d66570ebb21bd35df6353a407157c3df8b1946b5f519e47b8b851d,btc-updown-5m-1777900800
"Bitcoin Up or Down - May 4, 9:20AM-9:25AM ET",Down,BUY,100,0.09,0xb465e88e1292a76fbcfd0c2e553cf61e8f070ce62f04aac20e030f478911dc79,2026-05-04 16:23:38,0xdb06da9e8b0f38588c30f905839a158eaf8a20bfdd31f137e08c06eae04c83e8,btc-updown-5m-1777900800
"Bitcoin Up or Down - May 4, 9:20AM-9:25AM ET",Down,BUY,45,0.1,0xb465e88e1292a76fbcfd0c2e553cf61e8f070ce62f04aac20e030f478911dc79,2026-05-04 16:23:34,0x45fc98faa0bef20278f3c12db0247d120a3b6c375254188c7078f220e48331c9,btc-updown-5m-1777900800
"Bitcoin Up or Down - May 4, 9:20AM-9:25AM ET",Down,BUY,100,0.04,0xb465e88e1292a76fbcfd0c2e553cf61e8f070ce62f04aac20e030f478911dc79,2026-05-04 16:22:52,0x982dd637046112f272694556ec18611abcbb0060339235fdcbfc09b6838ea4be,btc-updown-5m-1777900800
"Bitcoin Up or Down - May 4, 9:20AM-9:25AM ET",Down,BUY,26,0.14,0xb465e88e1292a76fbcfd0c2e553cf61e8f070ce62f04aac20e030f478911dc79,2026-05-04 16:22:40,0x29090a281707d65fb39e2468f7c2c9010110a8a668c83aa7de434d5dfd87c8e0,btc-updown-5m-1777900800
"Bitcoin Up or Down - May 4, 9:20AM-9:25AM ET",Down,BUY,13.26,0.15,0xb465e88e1292a76fbcfd0c2e553cf61e8f070ce62f04aac20e030f478911dc79,2026-05-04 16:22:40,0x70f72372e701392f16d9140497577fc1bef8d0601139774b90fee023a08e6f6d,btc-updown-5m-1777900800
"Bitcoin Up or Down - May 4, 9:20AM-9:25AM ET",Down,BUY,100,0.13,0xb465e88e1292a76fbcfd0c2e553cf61e8f070ce62f04aac20e030f478911dc79,2026-05-04 16:22:38,0x5a10ef9ac6291a2a3d7636a106c66a1ceb8c743cfe30624df5f3b3b993366f32,btc-updown-5m-1777900800
"Bitcoin Up or Down - May 4, 9:20AM-9:25AM ET",Down,BUY,6,0.1,0xb465e88e1292a76fbcfd0c2e553cf61e8f070ce62f04aac20e030f478911dc79,2026-05-04 16:22:38,0x2cd9afab9c9681230ee6aa50484397e0f0f1065852655e8856f776f552c33e46,btc-updown-5m-1777900800
"Bitcoin Up or Down - May 4, 9:15AM-9:30AM ET",Down,BUY,76.49,0.19,0x2f928576a503f59fae1bce3cc6770b1054e9193ab7b37b3bd1ec82feaf0fedf3,2026-05-04 16:22:28,0xd7b02045aaa18a6e4ed7697b6b360651f05a5ae8662dce883fd1b551cc38cd91,btc-updown-15m-1777900500
"Bitcoin Up or Down - May 4, 9:20AM-9:25AM ET",Down,BUY,8.4,0.2,0xb465e88e1292a76fbcfd0c2e553cf61e8f070ce62f04aac20e030f478911dc79,2026-05-04 16:22:20,0xa8be17f9010aa930b6854538fdf7f22066a717d1184ccb6c7d385aee75b292c0,btc-updown-5m-1777900800
"Bitcoin Up or Down - May 4, 9:20AM-9:25AM ET",Down,BUY,27,0.2,0xb465e88e1292a76fbcfd0c2e553cf61e8f070ce62f04aac20e030f478911dc79,2026-05-04 16:22:20,0xf8546de172a99686c2c28a42fa110ff4df9736e3785e2a4733883142f3706784,btc-updown-5m-1777900800
"Bitcoin Up or Down - May 4, 9:20AM-9:25AM ET",Down,BUY,63,0.2,0xb465e88e1292a76fbcfd0c2e553cf61e8f070ce62f04aac20e030f478911dc79,2026-05-04 16:22:20,0x5d324f966b4b64c5c7dab11a6d0919a13b3bb33d872e31972c2d6320ea434b44,btc-updown-5m-1777900800
"Bitcoin Up or Down - May 4, 9:20AM-9:25AM ET",Down,BUY,5.75,0.2,0xb465e88e1292a76fbcfd0c2e553cf61e8f070ce62f04aac20e030f478911dc79,2026-05-04 16:22:20,0x459e1038a570e8096faf7b376cdd71c884f5b01cc86236f4e4eb8db4cdcd33cb,btc-updown-5m-1777900800
"Bitcoin Up or Down - May 4, 9:20AM-9:25AM ET",Down,BUY,16.5,0.2,0xb465e88e1292a76fbcfd0c2e553cf61e8f070ce62f04aac20e030f478911dc79,2026-05-04 16:22:20,0x45c0ab076f71c1830e8a064b7cd7b7024d90070fec20540af049e19cb430ba18,btc-updown-5m-1777900800
"Bitcoin Up or Down - May 4, 9:20AM-9:25AM ET",Down,BUY,7.5,0.2,0xb465e88e1292a76fbcfd0c2e553cf61e8f070ce62f04aac20e030f478911dc79,2026-05-04 16:22:20,0xcf4c7badb8fc830ab7f291f8c6334d3fb194e68bdbb90a01ec1994932aafcefe,btc-updown-5m-1777900800
"Bitcoin Up or Down - May 4, 9:15AM-9:30AM ET",Down,BUY,50,0.41,0x2f928576a503f59fae1bce3cc6770b1054e9193ab7b37b3bd1ec82feaf0fedf3,2026-05-04 16:22:12,0x552e27402369858bb6a7a50f129d1dc1931373555b94903d349f84725d6c2aa1,btc-updown-15m-1777900500
"Bitcoin Up or Down - May 4, 9:20AM-9:25AM ET",Down,BUY,50,0.31,0xb465e88e1292a76fbcfd0c2e553cf61e8f070ce62f04aac20e030f478911dc79,2026-05-04 16:21:08,0x1b1a34a32e6ebf048b8b41f36e51e89b4c413ec503decad4cbf44c698ab3947c,btc-updown-5m-1777900800
"Bitcoin Up or Down - May 4, 9:20AM-9:25AM ET",Up,BUY,100,0.7,0xb465e88e1292a76fbcfd0c2e553cf61e8f070ce62f04aac20e030f478911dc79,2026-05-04 16:21:08,0xfe68a66943a146f9c0594337004a87caa1e71c798e55c93097d92c2009e302e3,btc-updown-5m-1777900800
"Bitcoin Up or Down - May 4, 9:20AM-9:25AM ET",Down,BUY,100,0.36,0xb465e88e1292a76fbcfd0c2e553cf61e8f070ce62f04aac20e030f478911dc79,2026-05-04 16:20:38,0xfa9f6724f27b5eca712e90e9fa384085fce5d9f883ccf35ac8e33556ef92b564,btc-updown-5m-1777900800
"Bitcoin Up or Down - May 4, 9:20AM-9:25AM ET",Up,BUY,100,0.51,0xb465e88e1292a76fbcfd0c2e553cf61e8f070ce62f04aac20e030f478911dc79,2026-05-04 16:20:08,0x28a316c6f4cbbb5f9389dc2a12351ba2860e7bbeee69b7a9c0c23d49f2143957,btc-updown-5m-1777900800
"Bitcoin Up or Down - May 4, 9:20AM-9:25AM ET",Up,BUY,100,0.52,0xb465e88e1292a76fbcfd0c2e553cf61e8f070ce62f04aac20e030f478911dc79,2026-05-04 16:20:08,0x043c7d7cefaf880ceaa19749a7e01fe8b08626e506943e9c617427b4ea15829d,btc-updown-5m-1777900800
"Bitcoin Up or Down - May 4, 9:15AM-9:20AM ET",Down,BUY,104.268,0.09590670196033299,0x441ff3cbb6c6a1201f35c4408e2cecb29462790d7af2ac072844b37828dff3d9,2026-05-04 16:19:24,0xbc1d73b84c3d0904742ddb9ed91d647daed97acb9c87f14f9261e4a5a841e6d0,btc-updown-5m-1777900500
"Bitcoin Up or Down - May 4, 9:15AM-9:20AM ET",Down,BUY,105.2825,0.07598603756559733,0x441ff3cbb6c6a1201f35c4408e2cecb29462790d7af2ac072844b37828dff3d9,2026-05-04 16:19:24,0xae7f254913c20eb0e467f01caa65fd1ca14e8234d2470cad5f75332a791aed9e,btc-updown-5m-1777900500
"Bitcoin Up or Down - May 4, 9:15AM-9:20AM ET",Down,BUY,100,0.02,0x441ff3cbb6c6a1201f35c4408e2cecb29462790d7af2ac072844b37828dff3d9,2026-05-04 16:19:24,0x17a2e7b023b9eb5912708870143ffe3ccfcfe133a32e2bf6806be72d07c43a0d,btc-updown-5m-1777900500
"Bitcoin Up or Down - May 4, 9:15AM-9:20AM ET",Down,BUY,0.7,0.07,0x441ff3cbb6c6a1201f35c4408e2cecb29462790d7af2ac072844b37828dff3d9,2026-05-04 16:19:16,0xcf7dd27dabd9265e228f0685c227aeec34ac6b05e5bfebea472620ac2446d444,btc-updown-5m-1777900500
"Bitcoin Up or Down - May 4, 9:15AM-9:20AM ET",Down,BUY,37,0.07,0x441ff3cbb6c6a1201f35c4408e2cecb29462790d7af2ac072844b37828dff3d9,2026-05-04 16:19:16,0xbb588c243aed7b95bf26102bf4c12bf666788cc8a785cfe123dfd028e12f654b,btc-updown-5m-1777900500
"Bitcoin Up or Down - May 4, 9:15AM-9:20AM ET",Down,BUY,100,0.08,0x441ff3cbb6c6a1201f35c4408e2cecb29462790d7af2ac072844b37828dff3d9,2026-05-04 16:19:02,0xc791925f8f838176c694a9d193c39a7bb6d74d064b3d19bcb9d57f942236006f,btc-updown-5m-1777900500
"Bitcoin Up or Down - May 4, 9:15AM-9:20AM ET",Down,BUY,62,0.32,0x441ff3cbb6c6a1201f35c4408e2cecb29462790d7af2ac072844b37828dff3d9,2026-05-04 16:18:40,0xb8b855148b52e08c37a27fa64dda09bf8547898dbd0909b628475036ac59cc5e,btc-updown-5m-1777900500
"Bitcoin Up or Down - May 4, 9:15AM-9:20AM ET",Down,BUY,100,0.26,0x441ff3cbb6c6a1201f35c4408e2cecb29462790d7af2ac072844b37828dff3d9,2026-05-04 16:18:02,0xba792d5c18c4cc2b88793a1a2983b3876fe66c3f81a3d7c548e728911b0ba627,btc-updown-5m-1777900500
"Bitcoin Up or Down - May 4, 9:15AM-9:20AM ET",Down,BUY,83.01,0.43,0x441ff3cbb6c6a1201f35c4408e2cecb29462790d7af2ac072844b37828dff3d9,2026-05-04 16:17:52,0x3f062f1de8ca5d2fe9b48a45bcb8ae1396647d899b88a30086e87bfe3c323f5a,btc-updown-5m-1777900500
"Bitcoin Up or Down - May 4, 9:15AM-9:20AM ET",Down,BUY,104.651161,0.4299999978022222,0x441ff3cbb6c6a1201f35c4408e2cecb29462790d7af2ac072844b37828dff3d9,2026-05-04 16:17:52,0x8b642509581a387b417321404efadfe85f6744f71598c914678ec1c876059f46,btc-updown-5m-1777900500
"Bitcoin Up or Down - May 4, 9:15AM-9:20AM ET",Up,BUY,100,0.44,0x441ff3cbb6c6a1201f35c4408e2cecb29462790d7af2ac072844b37828dff3d9,2026-05-04 16:17:50,0x4db486596a897b8b7ecb95a9d14015bf0dc1573d73a0cc3a2659e0d9062153f9,btc-updown-5m-1777900500
"Bitcoin Up or Down - May 4, 9:15AM-9:20AM ET",Down,BUY,102.702701,0.36999999639736836,0x441ff3cbb6c6a1201f35c4408e2cecb29462790d7af2ac072844b37828dff3d9,2026-05-04 16:17:32,0x14ef13c12d007e5244a4bbd4f806d6a25a0bff4933ada9cd9b70d4c4f54295bf,btc-updown-5m-1777900500
"Bitcoin Up or Down - May 4, 9:15AM-9:20AM ET",Down,BUY,100,0.37,0x441ff3cbb6c6a1201f35c4408e2cecb29462790d7af2ac072844b37828dff3d9,2026-05-04 16:17:32,0xa76a4dda5eb4af5fbb33504ca9ea38a08f739817fecf0e1f0ff941eb64559bbc,btc-updown-5m-1777900500
"Bitcoin Up or Down - May 4, 9:15AM-9:20AM ET",Up,BUY,50,0.4,0x441ff3cbb6c6a1201f35c4408e2cecb29462790d7af2ac072844b37828dff3d9,2026-05-04 16:17:10,0x95fe33fba18b4e438e055e5064e1c1b274749196fb15d71fae5b7e08c51ee6eb,btc-updown-5m-1777900500
"Bitcoin Up or Down - May 4, 9:15AM-9:20AM ET",Up,BUY,100,0.41,0x441ff3cbb6c6a1201f35c4408e2cecb29462790d7af2ac072844b37828dff3d9,2026-05-04 16:17:10,0x7671a9866032390ae116846a68a829f488c77fd64771a3d88cdbdb239243e8f5,btc-updown-5m-1777900500
"Bitcoin Up or Down - May 4, 9:15AM-9:20AM ET",Down,BUY,0.59,0.66,0x441ff3cbb6c6a1201f35c4408e2cecb29462790d7af2ac072844b37828dff3d9,2026-05-04 16:16:40,0xd44cff98625ff3c08811001af99b8f9ce9c939276758fb35a96448e7d43b5a9c,btc-updown-5m-1777900500
"Bitcoin Up or Down - May 4, 9:15AM-9:20AM ET",Up,BUY,27.67,0.4936140224069389,0x441ff3cbb6c6a1201f35c4408e2cecb29462790d7af2ac072844b37828dff3d9,2026-05-04 16:15:54,0xc8251a225eaf3c1c448caeec28a8b837d7d0a3fcce6ae16244dea0def41facf3,btc-updown-5m-1777900500
"Bitcoin Up or Down - May 4, 9:15AM-9:30AM ET",Down,BUY,39,0.51,0x2f928576a503f59fae1bce3cc6770b1054e9193ab7b37b3bd1ec82feaf0fedf3,2026-05-04 16:15:08,0xd408e28c59cc43a4d5cc73a19ae2d2e6f2b9046fac6438a2ec86854c27a2cbf9,btc-updown-15m-1777900500
"Bitcoin Up or Down - May 4, 9:10AM-9:15AM ET",Up,BUY,55.21,0.78,0x652158e35c5f50667ff149bf5471d5038f5e040d614a767932d36a91c79ff93d,2026-05-04 16:12:56,0x0792321a0f4c18904b0cd8d0867b35aa52bcd49a0fd6ae6ef55352c0d67fa8ea,btc-updown-5m-1777900200
"Bitcoin Up or Down - May 4, 9:10AM-9:15AM ET",Up,BUY,101.265819,0.78999999990125,0x652158e35c5f50667ff149bf5471d5038f5e040d614a767932d36a91c79ff93d,2026-05-04 16:12:56,0x3d8398b2ef566e32d3933c3b58a702f4b256af928af4f63de0208128ef108140,btc-updown-5m-1777900200
"Bitcoin Up or Down - May 4, 9:00AM-9:15AM ET",Down,BUY,12.454544,0.21197074738344496,0x9d00507ac006dd8ff20fea47f46f9a2f1050b1934adb1d8e4e962421dce882da,2026-05-04 16:12:52,0xbd364b96e2dbe8a954f22c5c566739c86422f379c2c911255e8934956caeb5d8,btc-updown-15m-1777899600
"Bitcoin Up or Down - May 4, 9:00AM-9:15AM ET",Down,BUY,5.161289,0.3099998856874707,0x9d00507ac006dd8ff20fea47f46f9a2f1050b1934adb1d8e4e962421dce882da,2026-05-04 16:12:06,0xdd91c14690acb03280f087c03070c2e8c35aa6207829af44c8a45522ebbedd5d,btc-updown-15m-1777899600
"Bitcoin Up or Down - May 4, 9:10AM-9:15AM ET",Down,BUY,4,0.21,0x652158e35c5f50667ff149bf5471d5038f5e040d614a767932d36a91c79ff93d,2026-05-04 16:12:06,0x8548afa65e284cab1cf6a436c6fbd8e109fc1e4b360d5ca4047675d84788aad1,btc-updown-5m-1777900200
"Bitcoin Up or Down - May 4, 9:00AM-9:15AM ET",Down,BUY,40.35,0.29,0x9d00507ac006dd8ff20fea47f46f9a2f1050b1934adb1d8e4e962421dce882da,2026-05-04 16:12:04,0x4ef2c96e0f64d6454d775bf694aac6a6ef97d7c926a205077da63802a641f7a5,btc-updown-15m-1777899600
"Bitcoin Up or Down - May 4, 9:00AM-9:15AM ET",Down,BUY,25,0.27,0x9d00507ac006dd8ff20fea47f46f9a2f1050b1934adb1d8e4e962421dce882da,2026-05-04 16:12:02,0x7db3746bbe64ea7e1bc6f67d574078b6ac5efe7ee7bc12271e5463f74d2b588c,btc-updown-15m-1777899600
"Bitcoin Up or Down - May 4, 9:00AM-9:15AM ET",Down,BUY,10,0.29,0x9d00507ac006dd8ff20fea47f46f9a2f1050b1934adb1d8e4e962421dce882da,2026-05-04 16:11:56,0x36a79f0396db72da0bbae1289abab6c9ce2c7f947195d9aa1fde7deb8ce92fd4,btc-updown-15m-1777899600
"Bitcoin Up or Down - May 4, 9:00AM-9:15AM ET",Down,BUY,112.892856,0.27999999397658965,0x9d00507ac006dd8ff20fea47f46f9a2f1050b1934adb1d8e4e962421dce882da,2026-05-04 16:11:38,0xab819f3145ccdb3deafbae2c0eb46c444dc3d2b586b7c04a8f712e1e7bed7d5c,btc-updown-15m-1777899600
"Bitcoin Up or Down - May 4, 9:00AM-9:15AM ET",Down,BUY,1.1,0.28,0x9d00507ac006dd8ff20fea47f46f9a2f1050b1934adb1d8e4e962421dce882da,2026-05-04 16:11:38,0x14fb4a2429cc97b4c7de7757898238a3bd5f84343ff39c5a5ac88b98fe024130,btc-updown-15m-1777899600
"Bitcoin Up or Down - May 4, 9:10AM-9:15AM ET",Up,BUY,100,0.69,0x652158e35c5f50667ff149bf5471d5038f5e040d614a767932d36a91c79ff93d,2026-05-04 16:11:16,0x3065b6527800ca4b088b2938f57ca7fd99a4060b28771b58fb860934cef0e978,btc-updown-5m-1777900200
"Bitcoin Up or Down - May 4, 9:00AM-9:15AM ET",Up,BUY,201.93203,0.633876651465347,0x9d00507ac006dd8ff20fea47f46f9a2f1050b1934adb1d8e4e962421dce882da,2026-05-04 16:11:16,0x7e0ec815504881bad1f26334bc602225abff3ddd3e47ac00271dc37a28df60ec,btc-updown-15m-1777899600
"Bitcoin Up or Down - May 4, 9:00AM-9:15AM ET",Up,BUY,128.23,0.6494767215160259,0x9d00507ac006dd8ff20fea47f46f9a2f1050b1934adb1d8e4e962421dce882da,2026-05-04 16:11:16,0x28c688602111b7cf5192176d1d5dedf98276a74a6f44abf87e055d23dc4e2ee6,btc-updown-15m-1777899600
"Bitcoin Up or Down - May 4, 9:00AM-9:15AM ET",Up,BUY,206.230614,0.6400601561512104,0x9d00507ac006dd8ff20fea47f46f9a2f1050b1934adb1d8e4e962421dce882da,2026-05-04 16:11:16,0xcc87a8915c912462d22078a973929f944674ee6434ec1b20bd39bd331f9b2b0a,btc-updown-15m-1777899600
"Bitcoin Up or Down - May 4, 9:00AM-9:15AM ET",Down,BUY,200,0.32,0x9d00507ac006dd8ff20fea47f46f9a2f1050b1934adb1d8e4e962421dce882da,2026-05-04 16:11:12,0x3adaaef3e69b3e6852703436c952b3fb579a48d1101937ab33662a3382837f66,btc-updown-15m-1777899600
"Bitcoin Up or Down - May 4, 9:00AM-9:15AM ET",Down,BUY,212.121211,0.32999999703,0x9d00507ac006dd8ff20fea47f46f9a2f1050b1934adb1d8e4e962421dce882da,2026-05-04 16:11:12,0xbaab8380cd82a00ac161d690373077b1b9a62c58596e3249b7c8028a63fee8ee,btc-updown-15m-1777899600
"Bitcoin Up or Down - May 4, 9:00AM-9:15AM ET",Down,BUY,10,0.33,0x9d00507ac006dd8ff20fea47f46f9a2f1050b1934adb1d8e4e962421dce882da,2026-05-04 16:11:12,0xafa23fa3ddb4b3500de0d2794ab43d3003e682cb18b29601fe2aca7e21c717b6,btc-updown-15m-1777899600
"Bitcoin Up or Down - May 4, 9:00AM-9:15AM ET",Down,BUY,34,0.33,0x9d00507ac006dd8ff20fea47f46f9a2f1050b1934adb1d8e4e962421dce882da,2026-05-04 16:11:12,0x67c5e36fcdc717aa5265441d6439249804c386fb6ebedcef44468e8d621cd266,btc-updown-15m-1777899600
"Bitcoin Up or Down - May 4, 9:10AM-9:15AM ET",Down,BUY,5,0.28,0x652158e35c5f50667ff149bf5471d5038f5e040d614a767932d36a91c79ff93d,2026-05-04 16:11:12,0x781408ef52999b48416cf6c92f6143b89075b743244d8d083f047c33fdd5255d,btc-updown-5m-1777900200
"Bitcoin Up or Down - May 4, 9:10AM-9:15AM ET",Up,BUY,100,0.62,0x652158e35c5f50667ff149bf5471d5038f5e040d614a767932d36a91c79ff93d,2026-05-04 16:10:52,0x796a745fb6922d847abca886b39bf9dd1bec5d501eff56bac252414e33cf05fb,btc-updown-5m-1777900200
"Bitcoin Up or Down - May 4, 9:10AM-9:15AM ET",Up,BUY,14.5,0.66,0x652158e35c5f50667ff149bf5471d5038f5e040d614a767932d36a91c79ff93d,2026-05-04 16:10:48,0xf684b62b4496990f462b7c77486c4a7333024e424783d26c048cfc0f9e673641,btc-updown-5m-1777900200
"Bitcoin Up or Down - May 4, 9:00AM-9:15AM ET",Down,BUY,200,0.37,0x9d00507ac006dd8ff20fea47f46f9a2f1050b1934adb1d8e4e962421dce882da,2026-05-04 16:10:46,0x738457127f79202d89d721049af69450d9ffded8c26928047f5cc459776b612b,btc-updown-15m-1777899600
"Bitcoin Up or Down - May 4, 9:10AM-9:15AM ET",Down,BUY,25,0.32,0x652158e35c5f50667ff149bf5471d5038f5e040d614a767932d36a91c79ff93d,2026-05-04 16:10:46,0xca60cd1634bc3cd7cf673c6c8235f5c20b7fd4336aafc1af87542f2a10e265c2,btc-updown-5m-1777900200
"Bitcoin Up or Down - May 4, 9:00AM-9:15AM ET",Up,BUY,14.12,0.46,0x9d00507ac006dd8ff20fea47f46f9a2f1050b1934adb1d8e4e962421dce882da,2026-05-04 16:10:36,0x2b10bc531ea3466b496ded1171c1d67ad8c6dd196587891517fbca0a574b25f9,btc-updown-15m-1777899600
"Bitcoin Up or Down - May 4, 9:00AM-9:15AM ET",Up,BUY,26,0.46,0x9d00507ac006dd8ff20fea47f46f9a2f1050b1934adb1d8e4e962421dce882da,2026-05-04 16:10:28,0xcf925ff4bd3241626cdb549a9bc277058e71a929c9a417189c2eb0099401dad0,btc-updown-15m-1777899600
"Bitcoin Up or Down - May 4, 9:00AM-9:15AM ET",Down,BUY,10.260369,0.2631483331642361,0x9d00507ac006dd8ff20fea47f46f9a2f1050b1934adb1d8e4e962421dce882da,2026-05-04 16:10:20,0x09f5734467e8f2e675a8423ae8b11ad47104b9aad503fdc0ae9cacb95ebc756a,btc-updown-15m-1777899600
"Bitcoin Up or Down - May 4, 9:00AM-9:15AM ET",Down,BUY,42.68,0.25,0x9d00507ac006dd8ff20fea47f46f9a2f1050b1934adb1d8e4e962421dce882da,2026-05-04 16:10:16,0x74311da68cc9e5332e1cf5c65187834ca07f09a3b02d05a4e9844308ee7198b1,btc-updown-15m-1777899600
"Bitcoin Up or Down - May 4, 9:00AM-9:15AM ET",Up,BUY,87.72,0.6568399452804378,0x9d00507ac006dd8ff20fea47f46f9a2f1050b1934adb1d8e4e962421dce882da,2026-05-04 16:10:14,0x488b0b90b63d0f982987e7ad8ad1094cf46de43a985b8ac272e82b5d0bbbc8c7,btc-updown-15m-1777899600
"Bitcoin Up or Down - May 4, 9:00AM-9:15AM ET",Down,BUY,56.451611,0.3099999927371426,0x9d00507ac006dd8ff20fea47f46f9a2f1050b1934adb1d8e4e962421dce882da,2026-05-04 16:10:14,0xa4d886bb4949ff253a248b1f233b59666d77ac48debb6767495d2fec2209462d,btc-updown-15m-1777899600
"Bitcoin Up or Down - May 4, 9:00AM-9:15AM ET",Down,BUY,58.064515,0.30999998880555535,0x9d00507ac006dd8ff20fea47f46f9a2f1050b1934adb1d8e4e962421dce882da,2026-05-04 16:10:14,0x51a300d9b76cf598638618153bc85d2432733a589baabaf1ebc066cb5d74e278,btc-updown-15m-1777899600
"Bitcoin Up or Down - May 4, 9:00AM-9:15AM ET",Down,BUY,200,0.41,0x9d00507ac006dd8ff20fea47f46f9a2f1050b1934adb1d8e4e962421dce882da,2026-05-04 16:10:14,0x215e93a03e04418226a857077ea60700b41661b98405ec0b8802b53b8a64e4c0,btc-updown-15m-1777899600
"Bitcoin Up or Down - May 4, 9:00AM-9:15AM ET",Down,BUY,126,0.4,0x9d00507ac006dd8ff20fea47f46f9a2f1050b1934adb1d8e4e962421dce882da,2026-05-04 16:10:14,0x04e8f939a33ce08673a08fecb0787f2ca085d25422e879620935bbc9240537b7,btc-updown-15m-1777899600
"Bitcoin Up or Down - May 4, 9:00AM-9:15AM ET",Down,BUY,65.07,0.38,0x9d00507ac006dd8ff20fea47f46f9a2f1050b1934adb1d8e4e962421dce882da,2026-05-04 16:10:14,0x7391ae153a05265a86bdef2adc6cca47de0a26697c4551be63f2782a3b76e980,btc-updown-15m-1777899600
"Bitcoin Up or Down - May 4, 9:00AM-9:15AM ET",Down,BUY,28,0.32,0x9d00507ac006dd8ff20fea47f46f9a2f1050b1934adb1d8e4e962421dce882da,2026-05-04 16:10:12,0xc1a81c72ac8b7a841cab95b4257b84ed5d171c944eb299e5b8e5862b99373913,btc-updown-15m-1777899600
"Bitcoin Up or Down - May 4, 9:00AM-9:15AM ET",Up,BUY,25.09,0.6,0x9d00507ac006dd8ff20fea47f46f9a2f1050b1934adb1d8e4e962421dce882da,2026-05-04 16:10:12,0x5ddd31dd39098749b10e978223058d808cffb9884eed7b6111a1d0b9d98703b1,btc-updown-15m-1777899600
"Bitcoin Up or Down - May 4, 9:00AM-9:15AM ET",Down,BUY,6,0.3,0x9d00507ac006dd8ff20fea47f46f9a2f1050b1934adb1d8e4e962421dce882da,2026-05-04 16:10:12,0xbc9c72ffa90fbda3a6a14bbb1e95b340eab8ed8cabeaff73ba287bec14ad53f3,btc-updown-15m-1777899600
"Bitcoin Up or Down - May 4, 9:00AM-9:15AM ET",Down,BUY,54.766665,0.29999999087035883,0x9d00507ac006dd8ff20fea47f46f9a2f1050b1934adb1d8e4e962421dce882da,2026-05-04 16:10:12,0x2e53aac64bf86c4cd38d3f04402118bcf610a829370a8673f6c7fef74042b05e,btc-updown-15m-1777899600
"Bitcoin Up or Down - May 4, 9:00AM-9:15AM ET",Down,BUY,29.75,0.32,0x9d00507ac006dd8ff20fea47f46f9a2f1050b1934adb1d8e4e962421dce882da,2026-05-04 16:10:12,0x541f023d6b9e5e8ad663ab3cfda2b256836cb1c1065b2d30beba0755924066f1,btc-updown-15m-1777899600
"Bitcoin Up or Down - May 4, 9:00AM-9:15AM ET",Down,BUY,28.875,0.32,0x9d00507ac006dd8ff20fea47f46f9a2f1050b1934adb1d8e4e962421dce882da,2026-05-04 16:10:12,0x80893a2baa7117a6bd9c358df17cdf3fb136826bff1ca2f4732a91386253dd73,btc-updown-15m-1777899600
"Bitcoin Up or Down - May 4, 9:00AM-9:15AM ET",Down,BUY,16.592591,0.26999996564731815,0x9d00507ac006dd8ff20fea47f46f9a2f1050b1934adb1d8e4e962421dce882da,2026-05-04 16:10:08,0x7797a004d9012a4f985778e9fe0bf4b66b5f5238edcaea0409733d0f8a9aef6a,btc-updown-15m-1777899600
"Bitcoin Up or Down - May 4, 9:00AM-9:15AM ET",Down,BUY,16.27,0.53,0x9d00507ac006dd8ff20fea47f46f9a2f1050b1934adb1d8e4e962421dce882da,2026-05-04 16:10:04,0x63fe03143460fa2eac9757a5e1fa62c28ee211f3b93c8183f99562d21bcb3030,btc-updown-15m-1777899600
"Bitcoin Up or Down - May 4, 9:00AM-9:15AM ET",Down,BUY,5,0.54,0x9d00507ac006dd8ff20fea47f46f9a2f1050b1934adb1d8e4e962421dce882da,2026-05-04 16:10:04,0x212ac86b9368ef9a6ba33cc8327f44982c6c808caccb4deb1be3d1ed98125e5f,btc-updown-15m-1777899600
"Bitcoin Up or Down - May 4, 9:00AM-9:15AM ET",Up,BUY,19.86,0.38,0x9d00507ac006dd8ff20fea47f46f9a2f1050b1934adb1d8e4e962421dce882da,2026-05-04 16:09:56,0xd56d261276bd758db6ffc257dd50fd3a1947149a96887ddb6b1165d6e81444f6,btc-updown-15m-1777899600
"Bitcoin Up or Down - May 4, 9:00AM-9:15AM ET",Down,BUY,200,0.54,0x9d00507ac006dd8ff20fea47f46f9a2f1050b1934adb1d8e4e962421dce882da,2026-05-04 16:09:38,0x6a9d2c876debee8c92383b2206f9f8807341173f45d8ab77ab0eb4002d27a8af,btc-updown-15m-1777899600
"Bitcoin Up or Down - May 4, 9:00AM-9:15AM ET",Down,BUY,112.5,0.5,0x9d00507ac006dd8ff20fea47f46f9a2f1050b1934adb1d8e4e962421dce882da,2026-05-04 16:09:34,0x07f041f1046d47d6774813d19a89895c04d3092d504ac2cce4a959ed1c8db252,btc-updown-15m-1777899600
"Bitcoin Up or Down - May 4, 9:00AM-9:15AM ET",Down,BUY,31,0.52,0x9d00507ac006dd8ff20fea47f46f9a2f1050b1934adb1d8e4e962421dce882da,2026-05-04 16:09:28,0x2c9af3e110d036447eadebd4ade8ea4951d37227c674670efe53ab5a877a3683,btc-updown-15m-1777899600
"Bitcoin Up or Down - May 4, 9:00AM-9:15AM ET",Down,BUY,122.071817,0.5451708726511378,0x9d00507ac006dd8ff20fea47f46f9a2f1050b1934adb1d8e4e962421dce882da,2026-05-04 16:09:26,0x48ee3b2b3aba6ffb6064041898cec50d0e153146b299d19ee7f03e1f3ead4f48,btc-updown-15m-1777899600
"Bitcoin Up or Down - May 4, 9:00AM-9:15AM ET",Down,BUY,16,0.54,0x9d00507ac006dd8ff20fea47f46f9a2f1050b1934adb1d8e4e962421dce882da,2026-05-04 16:09:26,0x0a9612856840c81dbc84010a34199f6a503865b28eef08c30501435e52bd3a49,btc-updown-15m-1777899600
"Bitcoin Up or Down - May 4, 9:00AM-9:15AM ET",Down,BUY,55,0.53,0x9d00507ac006dd8ff20fea47f46f9a2f1050b1934adb1d8e4e962421dce882da,2026-05-04 16:09:26,0x0d2bec372e05ee2d30b899bb5ae16f681f424e3688aaec2e43efe769807f4079,btc-updown-15m-1777899600
"Bitcoin Up or Down - May 4, 9:00AM-9:15AM ET",Up,BUY,10,0.44,0x9d00507ac006dd8ff20fea47f46f9a2f1050b1934adb1d8e4e962421dce882da,2026-05-04 16:09:24,0x4ddcedc41cb93f2dec931f0b2dd5821db5f498b6dc21352f933cbc1f0e651f57,btc-updown-15m-1777899600
"Bitcoin Up or Down - May 4, 9:00AM-9:15AM ET",Up,BUY,104.34,0.43,0x9d00507ac006dd8ff20fea47f46f9a2f1050b1934adb1d8e4e962421dce882da,2026-05-04 16:08:56,0x7349fa169abdde43b1483e4ae6e24ae973e9aa11842ad86ed6d9979348667022,btc-updown-15m-1777899600
"Bitcoin Up or Down - May 4, 9:00AM-9:15AM ET",Up,BUY,179.9,0.28,0x9d00507ac006dd8ff20fea47f46f9a2f1050b1934adb1d8e4e962421dce882da,2026-05-04 16:08:16,0x3dbe15d176740341e302b85d839a97a09f6f641e2d96d34d66f0f317d04770e6,btc-updown-15m-1777899600
"Bitcoin Up or Down - May 4, 9:05AM-9:10AM ET",Down,BUY,100,0.11,0xcc969a296754bb8547f810ca22cd49badaac457af9a2fb4f9bd4c1d44d1a8cc4,2026-05-04 16:08:14,0xed4d4d9ee0b46446a2a5f8a83fd93cf879704aa22e05383f7353f2624e8f5fe6,btc-updown-5m-1777899900
"Bitcoin Up or Down - May 4, 9:05AM-9:10AM ET",Down,BUY,100,0.09,0xcc969a296754bb8547f810ca22cd49badaac457af9a2fb4f9bd4c1d44d1a8cc4,2026-05-04 16:08:14,0x685a61e19b151189e10281ce40a2bd868299a39282aa1f47cbd383ab33e00bf0,btc-updown-5m-1777899900
"Bitcoin Up or Down - May 4, 9:05AM-9:10AM ET",Down,BUY,24.444443,0.0899999644090888,0xcc969a296754bb8547f810ca22cd49badaac457af9a2fb4f9bd4c1d44d1a8cc4,2026-05-04 16:08:14,0x79e5e20e9aa0a6bac94506902726eb8c03601a4dfe25d449573da6cf93231ec6,btc-updown-5m-1777899900
"Bitcoin Up or Down - May 4, 9:05AM-9:10AM ET",Up,BUY,100,0.73,0xcc969a296754bb8547f810ca22cd49badaac457af9a2fb4f9bd4c1d44d1a8cc4,2026-05-04 16:07:30,0x7e2ea8451b2d97635f130ac39d0e54eb110e6fa50dafec8d3b62fc763dabc36d,btc-updown-5m-1777899900
"Bitcoin Up or Down - May 4, 9:05AM-9:10AM ET",Up,BUY,10,0.72,0xcc969a296754bb8547f810ca22cd49badaac457af9a2fb4f9bd4c1d44d1a8cc4,2026-05-04 16:07:22,0xe811f681af034e860c01419f4589e8a6a663a0595a7bfb1e6b76d463c085c01b,btc-updown-5m-1777899900
"Bitcoin Up or Down - May 4, 9:05AM-9:10AM ET",Up,BUY,100.390673,0.7371202502049169,0xcc969a296754bb8547f810ca22cd49badaac457af9a2fb4f9bd4c1d44d1a8cc4,2026-05-04 16:07:22,0xd1750b7f66ac23252b260e21468bf9be32a92f845b5e6971f400c93741b5301c,btc-updown-5m-1777899900
"Bitcoin Up or Down - May 4, 9:05AM-9:10AM ET",Up,BUY,42,0.73,0xcc969a296754bb8547f810ca22cd49badaac457af9a2fb4f9bd4c1d44d1a8cc4,2026-05-04 16:07:22,0xe26035414903bdaa9f633ace48ea2ea571e5efec3d91b2eed1b8685f7968f4a8,btc-updown-5m-1777899900
"Bitcoin Up or Down - May 4, 9:05AM-9:10AM ET",Down,BUY,18,0.21,0xcc969a296754bb8547f810ca22cd49badaac457af9a2fb4f9bd4c1d44d1a8cc4,2026-05-04 16:06:38,0x444550480a7c890c96b00c1dc235035e66ab8f81b407477295b194824981cd2a,btc-updown-5m-1777899900
"Bitcoin Up or Down - May 4, 9:05AM-9:10AM ET",Up,BUY,100,0.77,0xcc969a296754bb8547f810ca22cd49badaac457af9a2fb4f9bd4c1d44d1a8cc4,2026-05-04 16:06:32,0x8e5ca1aad67126d6f600266e36c10ce7e73c108366e2dfab85cbf7dbb12875f2,btc-updown-5m-1777899900
"Bitcoin Up or Down - May 4, 9:05AM-9:10AM ET",Down,BUY,19.96,0.26,0xcc969a296754bb8547f810ca22cd49badaac457af9a2fb4f9bd4c1d44d1a8cc4,2026-05-04 16:06:30,0x45365ff03691ebd2d83dd112bc51047f155e01b0685cd98c54ea95f196bb70c5,btc-updown-5m-1777899900
"Bitcoin Up or Down - May 4, 9:00AM-9:15AM ET",Up,BUY,86.87,0.28,0x9d00507ac006dd8ff20fea47f46f9a2f1050b1934adb1d8e4e962421dce882da,2026-05-04 16:06:28,0x557ea720aec65f596377f2eba75027b1018441953ba00968d872c1887804ef3d,btc-updown-15m-1777899600
"Bitcoin Up or Down - May 4, 9:05AM-9:10AM ET",Down,BUY,102.083332,0.47999999647346936,0xcc969a296754bb8547f810ca22cd49badaac457af9a2fb4f9bd4c1d44d1a8cc4,2026-05-04 16:06:10,0x07de3f01b93bbc70781be3b55fab0bf440cb5abdb2a052d28832a7fdb214c184,btc-updown-5m-1777899900
"Bitcoin Up or Down - May 4, 9:05AM-9:10AM ET",Down,BUY,100,0.48,0xcc969a296754bb8547f810ca22cd49badaac457af9a2fb4f9bd4c1d44d1a8cc4,2026-05-04 16:06:10,0x301ca182a6f27e64dd802ba4f5132e933d21d870ebd414168eac336302c0adb5,btc-updown-5m-1777899900
"Bitcoin Up or Down - May 4, 9:00AM-9:15AM ET",Up,BUY,7.81,0.18,0x9d00507ac006dd8ff20fea47f46f9a2f1050b1934adb1d8e4e962421dce882da,2026-05-04 16:06:06,0x44406c81b02d70d2dda221e73f1cfb79e2d205e9d1e279a9ead6af285e2b13e9,btc-updown-15m-1777899600
"Bitcoin Up or Down - May 4, 9:00AM-9:15AM ET",Up,BUY,26,0.19,0x9d00507ac006dd8ff20fea47f46f9a2f1050b1934adb1d8e4e962421dce882da,2026-05-04 16:04:44,0x3a6bfa4d4bafe5051bbff29bd212c7bbb0380f63e1aa6a7f1dda330ec89b746f,btc-updown-15m-1777899600
"Bitcoin Up or Down - May 4, 9:00AM-9:15AM ET",Up,BUY,24.18,0.18,0x9d00507ac006dd8ff20fea47f46f9a2f1050b1934adb1d8e4e962421dce882da,2026-05-04 16:04:42,0xcb12b8f4c63d83ad0c0d228511b47a71055c8f92becf7d092f1dc639bdaf9e18,btc-updown-15m-1777899600
"Bitcoin Up or Down - May 4, 9:00AM-9:15AM ET",Up,BUY,176.9,0.1658168456755229,0x9d00507ac006dd8ff20fea47f46f9a2f1050b1934adb1d8e4e962421dce882da,2026-05-04 16:04:40,0x6f53f1b49bd09e5eee4cc50321d7cb2c102c71cca3edd4fe761a49ad133212bb,btc-updown-15m-1777899600
"Bitcoin Up or Down - May 4, 9:00AM-9:15AM ET",Up,BUY,30,0.09,0x9d00507ac006dd8ff20fea47f46f9a2f1050b1934adb1d8e4e962421dce882da,2026-05-04 16:04:28,0x4811cfcb757a3fde2a8599bb7bbc1b5a0985726ef3fd767a1716bdde738f0805,btc-updown-15m-1777899600
"Bitcoin Up or Down - May 4, 9:00AM-9:15AM ET",Down,BUY,200,0.92,0x9d00507ac006dd8ff20fea47f46f9a2f1050b1934adb1d8e4e962421dce882da,2026-05-04 16:04:26,0x0d68409a2d92f1524debf3ff54d0ec71d8af2c0d6231e9c8c3c8495714219e6d,btc-updown-15m-1777899600
"Bitcoin Up or Down - May 4, 9:00AM-9:05AM ET",Up,BUY,100,0.02,0x6f6ffefcba1fafc6f14b06d38bc4992fed2d25cb74364b8c14de36cfcb53d6a0,2026-05-04 16:02:36,0x8a4359773e7e390946172089cad65c0b24e4f6c752403e21322d6c256e268ad0,btc-updown-5m-1777899600
"Bitcoin Up or Down - May 4, 9:00AM-9:05AM ET",Up,BUY,100,0.02,0x6f6ffefcba1fafc6f14b06d38bc4992fed2d25cb74364b8c14de36cfcb53d6a0,2026-05-04 16:02:30,0x2f8c2c8b0361ba875bb816cfb700e49f94f4914d684638f00bb3771f6b67c6df,btc-updown-5m-1777899600
"Bitcoin Up or Down - May 4, 9:00AM-9:05AM ET",Up,BUY,150,0.02,0x6f6ffefcba1fafc6f14b06d38bc4992fed2d25cb74364b8c14de36cfcb53d6a0,2026-05-04 16:01:56,0x1f8be29de7937d7ed7ab2a2313a08b1e5b27053740d1cb5d048fe8bacaa3cfdc,btc-updown-5m-1777899600
"Bitcoin Up or Down - May 4, 9:00AM-9:05AM ET",Up,BUY,100,0.02,0x6f6ffefcba1fafc6f14b06d38bc4992fed2d25cb74364b8c14de36cfcb53d6a0,2026-05-04 16:01:56,0x872c168f416dff99b80c378f26bae0e7c3a6fe18e30659f991e6d73c6e7cf198,btc-updown-5m-1777899600
"Bitcoin Up or Down - May 4, 9:00AM-9:15AM ET",Up,BUY,200,0.15,0x9d00507ac006dd8ff20fea47f46f9a2f1050b1934adb1d8e4e962421dce882da,2026-05-04 16:01:56,0x78edd67c3a9f644e103e96f8f62b5b86f914d9fd320a31d0b830d47e1e080016,btc-updown-15m-1777899600
"Bitcoin Up or Down - May 4, 9:00AM-9:05AM ET",Up,BUY,100,0.05,0x6f6ffefcba1fafc6f14b06d38bc4992fed2d25cb74364b8c14de36cfcb53d6a0,2026-05-04 16:01:02,0xe7e0359fb10970d0b8974ceba4e0cd9953b8e5df0a84f6851b9d2280e0cdf93a,btc-updown-5m-1777899600
"Bitcoin Up or Down - May 4, 9:00AM-9:05AM ET",Down,BUY,100,0.97,0x6f6ffefcba1fafc6f14b06d38bc4992fed2d25cb74364b8c14de36cfcb53d6a0,2026-05-04 16:00:46,0x3bb7ec93b8e1968aa3987c100269363a114a13f3cd72b9ac63bf95fde85350f3,btc-updown-5m-1777899600
"Bitcoin Up or Down - May 4, 9:00AM-9:15AM ET",Up,BUY,4.99,0.15,0x9d00507ac006dd8ff20fea47f46f9a2f1050b1934adb1d8e4e962421dce882da,2026-05-04 16:00:46,0x5bcdf43617f46e759368e57e07848e4107688469343a7d14b003410246af116c,btc-updown-15m-1777899600
"Bitcoin Up or Down - May 4, 9:00AM-9:15AM ET",Up,BUY,200,0.14,0x9d00507ac006dd8ff20fea47f46f9a2f1050b1934adb1d8e4e962421dce882da,2026-05-04 16:00:46,0x54d5a5a221771a3b46288fe6fb69c08e4686834ba4227543e5f58115e097f111,btc-updown-15m-1777899600
"Bitcoin Up or Down - May 4, 9:00AM-9:05AM ET",Up,BUY,100,0.04,0x6f6ffefcba1fafc6f14b06d38bc4992fed2d25cb74364b8c14de36cfcb53d6a0,2026-05-04 16:00:44,0x950433f27d27cd6627ba340e85cd848dbf127be292e759f547599bb68d9ea38f,btc-updown-5m-1777899600
"Bitcoin Up or Down - May 4, 9:00AM-9:05AM ET",Up,BUY,197.302,0.04054697874324639,0x6f6ffefcba1fafc6f14b06d38bc4992fed2d25cb74364b8c14de36cfcb53d6a0,2026-05-04 16:00:42,0xb7d598e5d0e3656256adcbaaf3b361c991419a2830f452b326c4ce02cf7912c3,btc-updown-5m-1777899600
"Bitcoin Up or Down - May 4, 9:00AM-9:05AM ET",Up,BUY,175,0.04,0x6f6ffefcba1fafc6f14b06d38bc4992fed2d25cb74364b8c14de36cfcb53d6a0,2026-05-04 16:00:42,0x8cbb17c56b2afb3438d69b0f06622a36d2bb9b02754c360ecb6a3e32cb167082,btc-updown-5m-1777899600
"Bitcoin Up or Down - May 4, 9:00AM-9:05AM ET",Up,BUY,120,0.05,0x6f6ffefcba1fafc6f14b06d38bc4992fed2d25cb74364b8c14de36cfcb53d6a0,2026-05-04 16:00:42,0xd7518b131ac095a08029bd16cc035ee74897d0ccebaffd17d1fa8871b62938c8,btc-updown-5m-1777899600
"Bitcoin Up or Down - May 4, 9:00AM-9:15AM ET",Up,BUY,133.58,0.34,0x9d00507ac006dd8ff20fea47f46f9a2f1050b1934adb1d8e4e962421dce882da,2026-05-04 16:00:34,0x536ab3f89fd718f0f506e264617a6139a97c478e40113675a6afe826ebaa30d6,btc-updown-15m-1777899600
"Bitcoin Up or Down - May 4, 9:00AM-9:05AM ET",Down,BUY,5,0.84,0x6f6ffefcba1fafc6f14b06d38bc4992fed2d25cb74364b8c14de36cfcb53d6a0,2026-05-04 16:00:30,0x073b5e3c555b4fd48927c0b71f11c60cefa2b172af5c8e46c88c029faf3b7d99,btc-updown-5m-1777899600
"Bitcoin Up or Down - May 4, 9:00AM-9:05AM ET",Down,BUY,100.283714,0.8575669026378501,0x6f6ffefcba1fafc6f14b06d38bc4992fed2d25cb74364b8c14de36cfcb53d6a0,2026-05-04 16:00:30,0x785b1f2a9dc5448e89b5cc58d6b3d0c9f87c278d2ea44db6e28e2c012f27cdd3,btc-updown-5m-1777899600
"Bitcoin Up or Down - May 4, 9:00AM-9:05AM ET",Up,BUY,104.286427,0.1342456482855626,0x6f6ffefcba1fafc6f14b06d38bc4992fed2d25cb74364b8c14de36cfcb53d6a0,2026-05-04 16:00:28,0xaab03761f800e7660d26d8ee44544819ec3026658df833c0d3b93ee2edf1244c,btc-updown-5m-1777899600
"Bitcoin Up or Down - May 4, 9:00AM-9:15AM ET",Up,BUY,11,0.34,0x9d00507ac006dd8ff20fea47f46f9a2f1050b1934adb1d8e4e962421dce882da,2026-05-04 16:00:28,0x8fde952b6387da65ac9611d9d13e97a3d433589b1b308db23e883e58e6edc608,btc-updown-15m-1777899600
"Bitcoin Up or Down - May 4, 9:00AM-9:05AM ET",Down,BUY,53.63095,0.84,0x6f6ffefcba1fafc6f14b06d38bc4992fed2d25cb74364b8c14de36cfcb53d6a0,2026-05-04 16:00:28,0xa2a8fb4ff0187474bbf0cfbf50774ce1eccc7248916e9dcbd60862bde5e8a876,btc-updown-5m-1777899600
"Bitcoin Up or Down - May 4, 9:00AM-9:15AM ET",Up,BUY,1.69,0.35,0x9d00507ac006dd8ff20fea47f46f9a2f1050b1934adb1d8e4e962421dce882da,2026-05-04 16:00:28,0x0b84a282353de111d0e5f4b417a269112adf13ef8719e35068dc15af0ad0f43e,btc-updown-15m-1777899600
"Bitcoin Up or Down - May 4, 9:00AM-9:05AM ET",Up,BUY,105.286,0.1424690842087267,0x6f6ffefcba1fafc6f14b06d38bc4992fed2d25cb74364b8c14de36cfcb53d6a0,2026-05-04 16:00:28,0x75bc64c5820dbbb59d83bde9dc34685e0f7aaf22346687ac4ac3c41dca8b96cf,btc-updown-5m-1777899600
"Bitcoin Up or Down - May 4, 9:00AM-9:05AM ET",Down,BUY,102.61111,0.8965890633090315,0x6f6ffefcba1fafc6f14b06d38bc4992fed2d25cb74364b8c14de36cfcb53d6a0,2026-05-04 16:00:26,0x747744249798492c73af10cfd3aba5c917c4f35f40546c69da73614b9e32f361,btc-updown-5m-1777899600
"Bitcoin Up or Down - May 4, 9:00AM-9:05AM ET",Down,BUY,101.02466,0.8908715357220702,0x6f6ffefcba1fafc6f14b06d38bc4992fed2d25cb74364b8c14de36cfcb53d6a0,2026-05-04 16:00:26,0x4dd6126bb7c8970c2d5059cb992f30a12ea033daf6411da1b5045f82450fb7e7,btc-updown-5m-1777899600
"Bitcoin Up or Down - May 4, 9:00AM-9:05AM ET",Up,BUY,29.09,0.13,0x6f6ffefcba1fafc6f14b06d38bc4992fed2d25cb74364b8c14de36cfcb53d6a0,2026-05-04 16:00:26,0x7ad089fc7b65988fd262da974313b5aafb8ef5f7b0cb36782bd116eeea3f4175,btc-updown-5m-1777899600
"Bitcoin Up or Down - May 4, 9:00AM-9:15AM ET",Down,BUY,121.9,0.5,0x9d00507ac006dd8ff20fea47f46f9a2f1050b1934adb1d8e4e962421dce882da,2026-05-04 16:00:26,0xed8c5488d117be70f5171bd0ae9b6d8f080b592f8cd42cec32b530e4da34b56d,btc-updown-15m-1777899600
"Bitcoin Up or Down - May 4, 9:00AM-9:15AM ET",Down,BUY,6.3,0.5,0x9d00507ac006dd8ff20fea47f46f9a2f1050b1934adb1d8e4e962421dce882da,2026-05-04 16:00:26,0x533772e68e8da81c85e2d4e61bd46ff2d6a09c25b15067fa981b3f0e040a54f3,btc-updown-15m-1777899600
"Bitcoin Up or Down - May 4, 9:00AM-9:15AM ET",Down,BUY,5.7,0.5,0x9d00507ac006dd8ff20fea47f46f9a2f1050b1934adb1d8e4e962421dce882da,2026-05-04 16:00:24,0xf9a4e8f4be0c7968d46323bc06f1214a3d0d286ddb37871a7d21cd450bb8dbdb,btc-updown-15m-1777899600
"Bitcoin Up or Down - May 4, 9:00AM-9:15AM ET",Down,BUY,15.6,0.5,0x9d00507ac006dd8ff20fea47f46f9a2f1050b1934adb1d8e4e962421dce882da,2026-05-04 16:00:24,0x864036ddba6698ffdb1dd7a6dcf024d9044a1daabd8233107ce0db3e8a352aee,btc-updown-15m-1777899600
"Bitcoin Up or Down - May 4, 9:00AM-9:15AM ET",Down,BUY,60.5,0.5,0x9d00507ac006dd8ff20fea47f46f9a2f1050b1934adb1d8e4e962421dce882da,2026-05-04 16:00:24,0xbfbf056a8f06a5f08cd1edb454daaa0f5dbfdcd6ce647d641fc4bee884f1322e,btc-updown-15m-1777899600
"Bitcoin Up or Down - May 4, 9:00AM-9:05AM ET",Down,BUY,102.24719,0.889999999021978,0x6f6ffefcba1fafc6f14b06d38bc4992fed2d25cb74364b8c14de36cfcb53d6a0,2026-05-04 16:00:24,0x891f66bb39f5b1b1b988338b32d5c3576e3e04ebde665f90668dc3a757cb11f4,btc-updown-5m-1777899600
"Bitcoin Up or Down - May 4, 9:00AM-9:15AM ET",Down,BUY,150.56,0.6166046758767268,0x9d00507ac006dd8ff20fea47f46f9a2f1050b1934adb1d8e4e962421dce882da,2026-05-04 16:00:24,0x492f19c1e774d8329cca3fb2a85554d5ed87d83de54a344a822db44aef506ba7,btc-updown-15m-1777899600
"Bitcoin Up or Down - May 4, 9:00AM-9:15AM ET",Down,BUY,208.955221,0.669999999665,0x9d00507ac006dd8ff20fea47f46f9a2f1050b1934adb1d8e4e962421dce882da,2026-05-04 16:00:24,0x93e014ec52de0da07a6d2afd676a6ef0bc9465bbe20f7f4856ed5e2f9b88207a,btc-updown-15m-1777899600
"Bitcoin Up or Down - May 4, 9:00AM-9:15AM ET",Down,BUY,224.960832,0.5956592434722148,0x9d00507ac006dd8ff20fea47f46f9a2f1050b1934adb1d8e4e962421dce882da,2026-05-04 16:00:24,0xae819174b9cf2c64fdb629039afb9c7132e78ed00ce6b776a126d06d36f5b211,btc-updown-15m-1777899600
"Bitcoin Up or Down - May 4, 9:00AM-9:05AM ET",Down,BUY,100,0.89,0x6f6ffefcba1fafc6f14b06d38bc4992fed2d25cb74364b8c14de36cfcb53d6a0,2026-05-04 16:00:24,0xd1871613918b799693c6c9fb9b6b06228a25d508808b28ba8250f20ac61daee4,btc-updown-5m-1777899600
"Bitcoin Up or Down - May 4, 9:00AM-9:15AM ET",Down,BUY,205.970148,0.6699999992231884,0x9d00507ac006dd8ff20fea47f46f9a2f1050b1934adb1d8e4e962421dce882da,2026-05-04 16:00:24,0x5a71e1420e224a978fb5dce41ad4a2284320a654b4db918f4ad10c1e469220a5,btc-updown-15m-1777899600
"Bitcoin Up or Down - May 4, 9:00AM-9:05AM ET",Up,BUY,105,0.2,0x6f6ffefcba1fafc6f14b06d38bc4992fed2d25cb74364b8c14de36cfcb53d6a0,2026-05-04 16:00:24,0xa6455692e6629ea2a6b4050395961478970ccfa2f1e65a3e8cb4bb070e048a3d,btc-updown-5m-1777899600
"Bitcoin Up or Down - May 4, 9:00AM-9:15AM ET",Down,BUY,23.2,0.5,0x9d00507ac006dd8ff20fea47f46f9a2f1050b1934adb1d8e4e962421dce882da,2026-05-04 16:00:24,0x7ff6641784ed39a1c387920c7f4e5f18b904291975a70f22b724c605352833cc,btc-updown-15m-1777899600
"Bitcoin Up or Down - May 4, 9:00AM-9:15AM ET",Down,BUY,204,0.5,0x9d00507ac006dd8ff20fea47f46f9a2f1050b1934adb1d8e4e962421dce882da,2026-05-04 16:00:24,0x3cf81175861af2c019a01a09c3b9818f80deb3a8ee8ffaf6d41a3c47e849dffe,btc-updown-15m-1777899600
"Bitcoin Up or Down - May 4, 9:00AM-9:15AM ET",Down,BUY,5.4,0.5,0x9d00507ac006dd8ff20fea47f46f9a2f1050b1934adb1d8e4e962421dce882da,2026-05-04 16:00:24,0x58782fa4a04f33105d95a64b9197695bd94f77a42872fcffbac980168505f244,btc-updown-15m-1777899600
"Bitcoin Up or Down - May 4, 9:00AM-9:15AM ET",Down,BUY,240,0.5,0x9d00507ac006dd8ff20fea47f46f9a2f1050b1934adb1d8e4e962421dce882da,2026-05-04 16:00:24,0x58eac8698272abc4fe8c9e6e3466079480dad23c13d0d730d4282f07c16c7cac,btc-updown-15m-1777899600
"Bitcoin Up or Down - May 4, 9:00AM-9:15AM ET",Down,BUY,31,0.5,0x9d00507ac006dd8ff20fea47f46f9a2f1050b1934adb1d8e4e962421dce882da,2026-05-04 16:00:24,0xe86664628cc09f4dc6414c39d83c60114a1b9a47643a983d08946f685df6d1a5,btc-updown-15m-1777899600
"Bitcoin Up or Down - May 4, 9:00AM-9:05AM ET",Down,BUY,100,0.86,0x6f6ffefcba1fafc6f14b06d38bc4992fed2d25cb74364b8c14de36cfcb53d6a0,2026-05-04 16:00:22,0x88e32c5e062caf6d3abdebbdc9a558b3ff9c4699cf1e1bc8cdff555121fd1e89,btc-updown-5m-1777899600
"Bitcoin Up or Down - May 4, 9:00AM-9:15AM ET",Down,BUY,30,0.55,0x9d00507ac006dd8ff20fea47f46f9a2f1050b1934adb1d8e4e962421dce882da,2026-05-04 16:00:22,0x17cf1cb54257fbe76f2280b0d60e5ae2e1096aef03698ca02d53fe1b6df98227,btc-updown-15m-1777899600
"Bitcoin Up or Down - May 4, 9:00AM-9:05AM ET",Up,BUY,104.166665,0.2399999942399999,0x6f6ffefcba1fafc6f14b06d38bc4992fed2d25cb74364b8c14de36cfcb53d6a0,2026-05-04 16:00:22,0x08545b7209d617d99e124dbfa7e948714efb6eeb82c2076155483e55f6ecef71,btc-updown-5m-1777899600
"Bitcoin Up or Down - May 4, 9:00AM-9:05AM ET",Up,BUY,117.608694,0.22957485609014586,0x6f6ffefcba1fafc6f14b06d38bc4992fed2d25cb74364b8c14de36cfcb53d6a0,2026-05-04 16:00:22,0xc871ee11799c90fc275c55317538e5cd78a51768dfa673cfac051321d8bf6bc8,btc-updown-5m-1777899600
"Bitcoin Up or Down - May 4, 9:00AM-9:05AM ET",Up,BUY,108.333332,0.23999999372307684,0x6f6ffefcba1fafc6f14b06d38bc4992fed2d25cb74364b8c14de36cfcb53d6a0,2026-05-04 16:00:22,0x934179c3ca6a05b4d7bf4592dc639eec96b8658bfb14ff3d237fd2835ea42ef0,btc-updown-5m-1777899600
"Bitcoin Up or Down - May 4, 9:00AM-9:05AM ET",Up,BUY,100,0.24,0x6f6ffefcba1fafc6f14b06d38bc4992fed2d25cb74364b8c14de36cfcb53d6a0,2026-05-04 16:00:22,0x70f4f1dfc4d47372a55d865c0137d8544ec07de7e45bfab1d591d343115da676,btc-updown-5m-1777899600
"Bitcoin Up or Down - May 4, 9:00AM-9:05AM ET",Up,BUY,59.5,0.23,0x6f6ffefcba1fafc6f14b06d38bc4992fed2d25cb74364b8c14de36cfcb53d6a0,2026-05-04 16:00:22,0x91f276b57776567587a69a5df0fe166cc6a3d894009fb01888478aa331255eec,btc-updown-5m-1777899600
"Bitcoin Up or Down - May 4, 9:00AM-9:15AM ET",Up,BUY,200,0.39,0x9d00507ac006dd8ff20fea47f46f9a2f1050b1934adb1d8e4e962421dce882da,2026-05-04 16:00:22,0x51c621a1eae50af584a691631823247d4392a716eb1422214e21d6244239e3f0,btc-updown-15m-1777899600
"Bitcoin Up or Down - May 4, 9:00AM-9:05AM ET",Up,BUY,100,0.2,0x6f6ffefcba1fafc6f14b06d38bc4992fed2d25cb74364b8c14de36cfcb53d6a0,2026-05-04 16:00:22,0xda62a14e87650e018319a6115f2d8e29761db6fe400de8e8a7ebe4392081138a,btc-updown-5m-1777899600
"Bitcoin Up or Down - May 4, 9:00AM-9:15AM ET",Down,BUY,195.2,0.5,0x9d00507ac006dd8ff20fea47f46f9a2f1050b1934adb1d8e4e962421dce882da,2026-05-04 16:00:20,0xf973dbf7a520b75de8aa7202b8a46a1e8702e76aef0f3623e77a42cde1e3c271,btc-updown-15m-1777899600
"Bitcoin Up or Down - May 4, 9:00AM-9:15AM ET",Down,BUY,200,0.5,0x9d00507ac006dd8ff20fea47f46f9a2f1050b1934adb1d8e4e962421dce882da,2026-05-04 16:00:20,0x958b1c2aef0d3cb579a2d6884ecd2b5c5150219d4872acdb9521e3a339c3c78b,btc-updown-15m-1777899600
"Bitcoin Up or Down - May 4, 9:00AM-9:15AM ET",Down,BUY,253.5,0.5,0x9d00507ac006dd8ff20fea47f46f9a2f1050b1934adb1d8e4e962421dce882da,2026-05-04 16:00:20,0x2f9bcddf99b54be2833c415fa9b49fbf7b73ff618090dd18b796a00d819db5dd,btc-updown-15m-1777899600
"Bitcoin Up or Down - May 4, 9:00AM-9:15AM ET",Down,BUY,19.2,0.5,0x9d00507ac006dd8ff20fea47f46f9a2f1050b1934adb1d8e4e962421dce882da,2026-05-04 16:00:20,0x26a1376a77db48b90f0831306a02c197ad31c9313648706f1d2ea7e54002dad6,btc-updown-15m-1777899600
"Bitcoin Up or Down - May 4, 9:00AM-9:15AM ET",Down,BUY,11.8,0.5,0x9d00507ac006dd8ff20fea47f46f9a2f1050b1934adb1d8e4e962421dce882da,2026-05-04 16:00:20,0xc114a4e8cc3ced2668109f3a9aaad962da8e75d5e550ecbbf3c9f0506829e7eb,btc-updown-15m-1777899600
"Bitcoin Up or Down - May 4, 9:00AM-9:05AM ET",Up,BUY,56,0.18,0x6f6ffefcba1fafc6f14b06d38bc4992fed2d25cb74364b8c14de36cfcb53d6a0,2026-05-04 16:00:20,0x8aab118eeb77ff3a9b67dc8ab460ec62d9b5fd850de3c9b30e60f1fe9d387f02,btc-updown-5m-1777899600
"Bitcoin Up or Down - May 4, 9:00AM-9:05AM ET",Up,BUY,100,0.16,0x6f6ffefcba1fafc6f14b06d38bc4992fed2d25cb74364b8c14de36cfcb53d6a0,2026-05-04 16:00:20,0x48be779a56245ac7c7131a56ef6014ad83c9fdaf2a9ed60e2c841e8c1b121b38,btc-updown-5m-1777899600
"Bitcoin Up or Down - May 4, 9:00AM-9:15AM ET",Down,BUY,5.6,0.5,0x9d00507ac006dd8ff20fea47f46f9a2f1050b1934adb1d8e4e962421dce882da,2026-05-04 16:00:12,0x013571779b80dedc5fed33c04bed9a27ae2f2f4f7881ffed68a345cf73b0d618,btc-updown-15m-1777899600
"Bitcoin Up or Down - May 4, 9:00AM-9:05AM ET",Down,BUY,104.225351,0.7099999979851351,0x6f6ffefcba1fafc6f14b06d38bc4992fed2d25cb74364b8c14de36cfcb53d6a0,2026-05-04 16:00:12,0xe04c9f01bb341e139ea3e6f54758e2510fd48c1d8dc9dd641aede8ff6417845e,btc-updown-5m-1777899600
"Bitcoin Up or Down - May 4, 9:00AM-9:05AM ET",Down,BUY,43.2,0.7,0x6f6ffefcba1fafc6f14b06d38bc4992fed2d25cb74364b8c14de36cfcb53d6a0,2026-05-04 16:00:12,0xfbe2dbda21591ef2d22d56d2dd022fe5ed58129e9fcd98a1b64ef892f2c70b10,btc-updown-5m-1777899600
"Bitcoin Up or Down - May 4, 9:00AM-9:05AM ET",Down,BUY,104.285713,0.6999999990410959,0x6f6ffefcba1fafc6f14b06d38bc4992fed2d25cb74364b8c14de36cfcb53d6a0,2026-05-04 16:00:12,0x135881caf7eb72406c06d55604fbdd69685e921715c554d2c0f66bda46aeb0cc,btc-updown-5m-1777899600
"Bitcoin Up or Down - May 4, 9:00AM-9:05AM ET",Down,BUY,35.5,0.7,0x6f6ffefcba1fafc6f14b06d38bc4992fed2d25cb74364b8c14de36cfcb53d6a0,2026-05-04 16:00:12,0x88f3a7282bc52167b51db53d8693e28958c2e8ba5c41ca0774f67ab485d7daff,btc-updown-5m-1777899600
"Bitcoin Up or Down - May 4, 9:00AM-9:05AM ET",Down,BUY,100,0.7,0x6f6ffefcba1fafc6f14b06d38bc4992fed2d25cb74364b8c14de36cfcb53d6a0,2026-05-04 16:00:12,0x2eb08fe280e949def4c8cec8e4a373488b7eab2dc6cd08e28f1702a1db7cd444,btc-updown-5m-1777899600
"Bitcoin Up or Down - May 4, 8:55AM-9:00AM ET",Up,BUY,102.702701,0.36999999639736836,0x859c501dd0ef05213b5a1586a4f0643643439a68b0c29058a40b10af0acc43b0,2026-05-04 15:58:58,0x0706e68550de21b870449ef48799ed1569a68448339206ebda0344bd87d0fe02,btc-updown-5m-1777899300
"Bitcoin Up or Down - May 4, 8:55AM-9:00AM ET",Up,BUY,108.428377,0.36890710814568406,0x859c501dd0ef05213b5a1586a4f0643643439a68b0c29058a40b10af0acc43b0,2026-05-04 15:58:58,0x8aeb20ae93a601c19de139278f0464c7500052b730f4bc97e1d8f056dae5ca45,btc-updown-5m-1777899300
"Bitcoin Up or Down - May 4, 8:55AM-9:00AM ET",Up,BUY,43.05,0.36,0x859c501dd0ef05213b5a1586a4f0643643439a68b0c29058a40b10af0acc43b0,2026-05-04 15:58:58,0xb8408c17cc4baf935405ab4a4f0872cfb9c6f70ca19661a4422280fe38da7fdc,btc-updown-5m-1777899300
"Bitcoin Up or Down - May 4, 8:55AM-9:00AM ET",Up,BUY,102.777776,0.35999999649729725,0x859c501dd0ef05213b5a1586a4f0643643439a68b0c29058a40b10af0acc43b0,2026-05-04 15:58:58,0xd8b3c2d099a4ab168f899839f93693ba9506600bb854857fb8fe7d52cac42997,btc-updown-5m-1777899300
"Bitcoin Up or Down - May 4, 8:55AM-9:00AM ET",Down,BUY,100.147026,0.7389135948979653,0x859c501dd0ef05213b5a1586a4f0643643439a68b0c29058a40b10af0acc43b0,2026-05-04 15:58:58,0xfe16b3324c8b63818b1dff9f794b28c50e468df330c7496f6a884e538fb05638,btc-updown-5m-1777899300
"Bitcoin Up or Down - May 4, 8:55AM-9:00AM ET",Down,BUY,108.956532,0.7434157228866278,0x859c501dd0ef05213b5a1586a4f0643643439a68b0c29058a40b10af0acc43b0,2026-05-04 15:58:58,0x633810abd67695240389f416bb294fb043697a45d9e4982b3c7ebf149e7fc109,btc-updown-5m-1777899300
"Bitcoin Up or Down - May 4, 8:55AM-9:00AM ET",Down,BUY,18.148646,0.7399999977959788,0x859c501dd0ef05213b5a1586a4f0643643439a68b0c29058a40b10af0acc43b0,2026-05-04 15:58:58,0xd73bbf12cc3ff20475b91ee491395926cc5f115f0e6340e5e5eece892900364f,btc-updown-5m-1777899300
"Bitcoin Up or Down - May 4, 8:55AM-9:00AM ET",Down,BUY,81.549732,0.746047810433025,0x859c501dd0ef05213b5a1586a4f0643643439a68b0c29058a40b10af0acc43b0,2026-05-04 15:58:58,0x3a175a411d1fba6652fd302ad50e6296146de6c92dfa63841cec45719da17984,btc-updown-5m-1777899300
"Bitcoin Up or Down - May 4, 8:55AM-9:00AM ET",Up,BUY,105.405404,0.3699999954461538,0x859c501dd0ef05213b5a1586a4f0643643439a68b0c29058a40b10af0acc43b0,2026-05-04 15:58:58,0x751593cc3d219c2e78651b77c092cac2c3db1d10125b9ab0f323e84cb2a0bc37,btc-updown-5m-1777899300
"Bitcoin Up or Down - May 4, 8:55AM-9:00AM ET",Down,BUY,104.054053,0.7399999978857142,0x859c501dd0ef05213b5a1586a4f0643643439a68b0c29058a40b10af0acc43b0,2026-05-04 15:58:58,0x2e4b3566da09681a5900e5e823c853859feb31c061d7ce6dd2d218fe0437fddd,btc-updown-5m-1777899300
"Bitcoin Up or Down - May 4, 8:55AM-9:00AM ET",Down,BUY,10.154457,0.7385917336594168,0x859c501dd0ef05213b5a1586a4f0643643439a68b0c29058a40b10af0acc43b0,2026-05-04 15:58:58,0xfdb10c5061fd16cb96a203039c9e212be48247ab219ff0afa56e0fe2c570ddd3,btc-updown-5m-1777899300
"Bitcoin Up or Down - May 4, 8:55AM-9:00AM ET",Down,BUY,102.7027,0.74,0x859c501dd0ef05213b5a1586a4f0643643439a68b0c29058a40b10af0acc43b0,2026-05-04 15:58:58,0x07ce582a249c10a1e879d43b00e8a62d01d8871f8b9f6995883a3e0ae235f975,btc-updown-5m-1777899300
"Bitcoin Up or Down - May 4, 8:55AM-9:00AM ET",Down,BUY,32.46,0.66,0x859c501dd0ef05213b5a1586a4f0643643439a68b0c29058a40b10af0acc43b0,2026-05-04 15:58:58,0x98eb4b67ad3daccdd9ceb8f45b884ebb7a1fa186e399971c2fd0a1a134531ea2,btc-updown-5m-1777899300
"Bitcoin Up or Down - May 4, 8:55AM-9:00AM ET",Up,BUY,118.130809,0.364003255069556,0x859c501dd0ef05213b5a1586a4f0643643439a68b0c29058a40b10af0acc43b0,2026-05-04 15:58:58,0x54322325238b15dba914306a6fc93f112ed2653c4fa05a9375b6c2389d1bd433,btc-updown-5m-1777899300
"Bitcoin Up or Down - May 4, 8:55AM-9:00AM ET",Up,BUY,113.513512,0.36999999612380946,0x859c501dd0ef05213b5a1586a4f0643643439a68b0c29058a40b10af0acc43b0,2026-05-04 15:58:58,0xde8089e29a38416cb7f5e43cc9a00123437a6c850804e3e40ccc08ca273f23cc,btc-updown-5m-1777899300
"Bitcoin Up or Down - May 4, 8:55AM-9:00AM ET",Up,BUY,110.810809,0.3699999970219512,0x859c501dd0ef05213b5a1586a4f0643643439a68b0c29058a40b10af0acc43b0,2026-05-04 15:58:58,0x904c665ad0c1b87bd4ad989a7279703ed6e5fb0b8ff402f94a2bb02d5bf0526f,btc-updown-5m-1777899300
"Bitcoin Up or Down - May 4, 8:55AM-9:00AM ET",Down,BUY,17.5,0.61,0x859c501dd0ef05213b5a1586a4f0643643439a68b0c29058a40b10af0acc43b0,2026-05-04 15:58:30,0x78ab18db5deb9beaae03ed98bf1adf58c77b469cdcc30a8deece24c75b427a8a,btc-updown-5m-1777899300
"Bitcoin Up or Down - May 4, 8:55AM-9:00AM ET",Down,BUY,10,0.57,0x859c501dd0ef05213b5a1586a4f0643643439a68b0c29058a40b10af0acc43b0,2026-05-04 15:58:30,0xe50cb3298cd1cde6168bf38bd53170f611586460a47fbcda534d6fe148926c01,btc-updown-5m-1777899300
"Bitcoin Up or Down - May 4, 8:45AM-9:00AM ET",Down,BUY,25,0.65,0x2b17c7469821ba8b726cb7008bbbbf65421c5989beaa5ae5923e55c1086e7ea6,2026-05-04 15:58:28,0xcb3af0b150ab570cb9f76602d3cede2cc4f2dae06eeab22504843941f9910937,btc-updown-15m-1777898700
"Bitcoin Up or Down - May 4, 8:55AM-9:00AM ET",Down,BUY,53.6,0.43,0x859c501dd0ef05213b5a1586a4f0643643439a68b0c29058a40b10af0acc43b0,2026-05-04 15:58:26,0x4177fb515dd5f183ef0cd74401ec1769dc0b9d22e14c23d92e68a64edf01827d,btc-updown-5m-1777899300
"Bitcoin Up or Down - May 4, 8:55AM-9:00AM ET",Up,BUY,38.11,0.5265599580162686,0x859c501dd0ef05213b5a1586a4f0643643439a68b0c29058a40b10af0acc43b0,2026-05-04 15:58:24,0x4f8169acaee77450d91ce9bc989d2d942fc78cd11ae552f51688be6943b1a5f6,btc-updown-5m-1777899300
"Bitcoin Up or Down - May 4, 8:45AM-9:00AM ET",Up,BUY,29,0.3,0x2b17c7469821ba8b726cb7008bbbbf65421c5989beaa5ae5923e55c1086e7ea6,2026-05-04 15:58:24,0x7c77a3b702ce6b8358fad92fc1b64d1307b1f4d99aaeaf7822bba135758978ff,btc-updown-15m-1777898700
"Bitcoin Up or Down - May 4, 8:55AM-9:00AM ET",Down,BUY,65.77,0.5,0x859c501dd0ef05213b5a1586a4f0643643439a68b0c29058a40b10af0acc43b0,2026-05-04 15:58:18,0x7d707a370105496312052198c3905ca401a9c184dc420c7fcff9eed947c3ea47,btc-updown-5m-1777899300
"Bitcoin Up or Down - May 4, 8:55AM-9:00AM ET",Down,BUY,10,0.49,0x859c501dd0ef05213b5a1586a4f0643643439a68b0c29058a40b10af0acc43b0,2026-05-04 15:58:18,0x083de253d7cd935cba3cd71b517ff74ffebc757ee4a3a45ad6c2304d6be7cf52,btc-updown-5m-1777899300
"Bitcoin Up or Down - May 4, 8:45AM-9:00AM ET",Down,BUY,29,0.58,0x2b17c7469821ba8b726cb7008bbbbf65421c5989beaa5ae5923e55c1086e7ea6,2026-05-04 15:58:14,0xd1a24d2ccb125292b629ed47e68a026d7d7f7f718a8ca5d40987fc468f5681aa,btc-updown-15m-1777898700
"Bitcoin Up or Down - May 4, 8:55AM-9:00AM ET",Up,BUY,100.846,0.6445471312694604,0x859c501dd0ef05213b5a1586a4f0643643439a68b0c29058a40b10af0acc43b0,2026-05-04 15:58:12,0x489aeb158cf75c91d5ec88d442c25bea38bfd84df5c8c00fcaf2a2af01a35121,btc-updown-5m-1777899300
"Bitcoin Up or Down - May 4, 8:55AM-9:00AM ET",Up,BUY,104.6875,0.64,0x859c501dd0ef05213b5a1586a4f0643643439a68b0c29058a40b10af0acc43b0,2026-05-04 15:58:12,0x60bd80a5aae48ddc6a284580001f36b9f35714de1c56782c9e525ad78b5ff451,btc-updown-5m-1777899300
"Bitcoin Up or Down - May 4, 8:55AM-9:00AM ET",Up,BUY,101.53846,0.65,0x859c501dd0ef05213b5a1586a4f0643643439a68b0c29058a40b10af0acc43b0,2026-05-04 15:58:12,0xf7925f6e6bac52cdc1bc65b1f556490dc8e3e17d96db5de924d31afb2e410bd4,btc-updown-5m-1777899300
"Bitcoin Up or Down - May 4, 8:45AM-9:00AM ET",Up,BUY,204.545453,0.43999999843555554,0x2b17c7469821ba8b726cb7008bbbbf65421c5989beaa5ae5923e55c1086e7ea6,2026-05-04 15:58:12,0x852fa34aea74b149522d353fbcb4c7341b72cdb13f835a187900ed067ca0bc2e,btc-updown-15m-1777898700
"Bitcoin Up or Down - May 4, 8:45AM-9:00AM ET",Up,BUY,200,0.44,0x2b17c7469821ba8b726cb7008bbbbf65421c5989beaa5ae5923e55c1086e7ea6,2026-05-04 15:58:12,0x27f3af2c98308f0374476f994f6467c4a8084fcefb685eed3587e17ebfd1398d,btc-updown-15m-1777898700
"Bitcoin Up or Down - May 4, 8:45AM-9:00AM ET",Up,BUY,209.090908,0.4399999975130435,0x2b17c7469821ba8b726cb7008bbbbf65421c5989beaa5ae5923e55c1086e7ea6,2026-05-04 15:58:12,0xd6d65438d32b4235d1314a5988eae315e0e3cd29400cf439143ec64f2ccb6174,btc-updown-15m-1777898700
"Bitcoin Up or Down - May 4, 8:55AM-9:00AM ET",Down,BUY,100,0.35,0x859c501dd0ef05213b5a1586a4f0643643439a68b0c29058a40b10af0acc43b0,2026-05-04 15:58:06,0x06c731e84caf6fe30517c9f15d242499e5ba5bfa5fcf4861ae0a854c0f25b4ff,btc-updown-5m-1777899300
"Bitcoin Up or Down - May 4, 8:45AM-9:00AM ET",Up,BUY,200,0.44,0x2b17c7469821ba8b726cb7008bbbbf65421c5989beaa5ae5923e55c1086e7ea6,2026-05-04 15:58:04,0x81e9f8f9fb2b77405e0767ad5fdf92db574a709781958740df5e9821c1bda04b,btc-updown-15m-1777898700
"Bitcoin Up or Down - May 4, 8:55AM-9:00AM ET",Up,BUY,1.64,0.55,0x859c501dd0ef05213b5a1586a4f0643643439a68b0c29058a40b10af0acc43b0,2026-05-04 15:58:04,0x70d1ad20773cb6d782dd589d562030cf3d2ae688d28263adbcba2d8e11e607b4,btc-updown-5m-1777899300
"Bitcoin Up or Down - May 4, 8:45AM-9:00AM ET",Up,BUY,19.4,0.34,0x2b17c7469821ba8b726cb7008bbbbf65421c5989beaa5ae5923e55c1086e7ea6,2026-05-04 15:58:04,0x65f96cd8356a6f4ba4e7cad5e9be4a67076b91a1dc3deb6f09967ecaeb846d8b,btc-updown-15m-1777898700
"Bitcoin Up or Down - May 4, 8:45AM-9:00AM ET",Up,BUY,5,0.33,0x2b17c7469821ba8b726cb7008bbbbf65421c5989beaa5ae5923e55c1086e7ea6,2026-05-04 15:58:02,0x1ac206d8a8d6f90466cdfc6f3afdbdc3b056a36c398ffac474e443ad43b7144e,btc-updown-15m-1777898700
"Bitcoin Up or Down - May 4, 8:55AM-9:00AM ET",Up,BUY,43.58,0.53,0x859c501dd0ef05213b5a1586a4f0643643439a68b0c29058a40b10af0acc43b0,2026-05-04 15:58:00,0x64dd3c287a48cface43721106e997d3fd770f043b6eebc60ebecc08f026635ba,btc-updown-5m-1777899300
"Bitcoin Up or Down - May 4, 8:45AM-9:00AM ET",Up,BUY,170,0.34,0x2b17c7469821ba8b726cb7008bbbbf65421c5989beaa5ae5923e55c1086e7ea6,2026-05-04 15:58:00,0x045856833dfae836bed86fbae6faba74e275d3dc1c6d957bb240455a52eb4287,btc-updown-15m-1777898700
"Bitcoin Up or Down - May 4, 8:55AM-9:00AM ET",Up,BUY,103.773582,0.5299999955672726,0x859c501dd0ef05213b5a1586a4f0643643439a68b0c29058a40b10af0acc43b0,2026-05-04 15:58:00,0xfbf1fe28f062696e29be29c3af98626f786350d9c17b6d6d05231ecdeeed8a76,btc-updown-5m-1777899300
"Bitcoin Up or Down - May 4, 8:55AM-9:00AM ET",Up,BUY,101.886791,0.5299999977425925,0x859c501dd0ef05213b5a1586a4f0643643439a68b0c29058a40b10af0acc43b0,2026-05-04 15:58:00,0x6d35888896e0cddcaf9583f62128554af1a4bf8fe8bcc2d8ce1a3e2d862af711,btc-updown-5m-1777899300
"Bitcoin Up or Down - May 4, 8:45AM-9:00AM ET",Up,BUY,4.55,0.32,0x2b17c7469821ba8b726cb7008bbbbf65421c5989beaa5ae5923e55c1086e7ea6,2026-05-04 15:58:00,0x84c7f60e195a7b661de59696bc1a04b3529b48e32315cf7183b29944a9ac8e32,btc-updown-15m-1777898700
"Bitcoin Up or Down - May 4, 8:45AM-9:00AM ET",Up,BUY,200,0.3,0x2b17c7469821ba8b726cb7008bbbbf65421c5989beaa5ae5923e55c1086e7ea6,2026-05-04 15:58:00,0xa89e418666e2a3aafd594529a9aae4e457fe80b3fee9dab9782da173e9a88a1d,btc-updown-15m-1777898700
"Bitcoin Up or Down - May 4, 8:55AM-9:00AM ET",Down,BUY,100,0.53,0x859c501dd0ef05213b5a1586a4f0643643439a68b0c29058a40b10af0acc43b0,2026-05-04 15:58:00,0xdaecd0d123feb304758290dc2bd1eedf1354a872a259f4a4b4cb18e82034dcef,btc-updown-5m-1777899300
"Bitcoin Up or Down - May 4, 8:55AM-9:00AM ET",Up,BUY,102.395651,0.45900385945102296,0x859c501dd0ef05213b5a1586a4f0643643439a68b0c29058a40b10af0acc43b0,2026-05-04 15:57:58,0x4d7217fd73f4d928afa289d3c09589d22dd117444ac2b9a2652283b57ef4d14b,btc-updown-5m-1777899300
"Bitcoin Up or Down - May 4, 8:55AM-9:00AM ET",Up,BUY,102.996584,0.3980714447772365,0x859c501dd0ef05213b5a1586a4f0643643439a68b0c29058a40b10af0acc43b0,2026-05-04 15:57:58,0x09157818badc89af504668e3eb683f06b57fb7755ba9b138d1ed8a30fa4663f4,btc-updown-5m-1777899300
"Bitcoin Up or Down - May 4, 8:55AM-9:00AM ET",Up,BUY,100,0.46,0x859c501dd0ef05213b5a1586a4f0643643439a68b0c29058a40b10af0acc43b0,2026-05-04 15:57:56,0x4e3be1b1564d3fd2e6262971e4f200aa17fe88930663e17b35bc897b8e26b52c,btc-updown-5m-1777899300
"Bitcoin Up or Down - May 4, 8:55AM-9:00AM ET",Up,BUY,1.28,0.45,0x859c501dd0ef05213b5a1586a4f0643643439a68b0c29058a40b10af0acc43b0,2026-05-04 15:57:56,0x5c93101ee289b86c45e03b5ba76ffb8b53b0da5dfd4ce0777ab3d85171431f7e,btc-updown-5m-1777899300
"Bitcoin Up or Down - May 4, 8:55AM-9:00AM ET",Up,BUY,5,0.38,0x859c501dd0ef05213b5a1586a4f0643643439a68b0c29058a40b10af0acc43b0,2026-05-04 15:57:44,0xaf61f6c463876ce78fb910672ff8bf854c190fb9ac813c1cd524adc617c3a8bc,btc-updown-5m-1777899300
"Bitcoin Up or Down - May 4, 8:55AM-9:00AM ET",Up,BUY,102.5895,0.3899034501581546,0x859c501dd0ef05213b5a1586a4f0643643439a68b0c29058a40b10af0acc43b0,2026-05-04 15:57:44,0xf9c47ae1b07fc401b57d393e695eb208a40a11aee249bba26bacff28f09083d6,btc-updown-5m-1777899300
"Bitcoin Up or Down - May 4, 8:55AM-9:00AM ET",Up,BUY,100,0.37,0x859c501dd0ef05213b5a1586a4f0643643439a68b0c29058a40b10af0acc43b0,2026-05-04 15:57:42,0x1112f296ffdb90d323df86b4b930c5f36bb0fddde761d6c6f0d29d777c58bc45,btc-updown-5m-1777899300
"Bitcoin Up or Down - May 4, 8:45AM-9:00AM ET",Up,BUY,200,0.25,0x2b17c7469821ba8b726cb7008bbbbf65421c5989beaa5ae5923e55c1086e7ea6,2026-05-04 15:57:42,0x7e753756f547a478e4ba1f7411ff03b4be30fa27fda93c5d6fde1b64fb881b2c,btc-updown-15m-1777898700
"Bitcoin Up or Down - May 4, 8:55AM-9:00AM ET",Down,BUY,43.85212,0.6569807571446945,0x859c501dd0ef05213b5a1586a4f0643643439a68b0c29058a40b10af0acc43b0,2026-05-04 15:57:40,0xc08103183019f04073406b24787009a945115a6d04a38e3e89e67d742b59383f,btc-updown-5m-1777899300
"Bitcoin Up or Down - May 4, 8:55AM-9:00AM ET",Down,BUY,43.59,0.66,0x859c501dd0ef05213b5a1586a4f0643643439a68b0c29058a40b10af0acc43b0,2026-05-04 15:57:40,0xf4124944281c329a427ec0aea1a033fa902b1c0f9ff8b8e4a4e130c75f250504,btc-updown-5m-1777899300
"Bitcoin Up or Down - May 4, 8:55AM-9:00AM ET",Down,BUY,6.818179,0.6599999794666582,0x859c501dd0ef05213b5a1586a4f0643643439a68b0c29058a40b10af0acc43b0,2026-05-04 15:57:38,0xd8e2f6af009ef81ea5ebf92c8449c86d24ceccedf0fc8d9c0b73a4dc160be693,btc-updown-5m-1777899300
"Bitcoin Up or Down - May 4, 8:55AM-9:00AM ET",Down,BUY,106.84357,0.6832418553591948,0x859c501dd0ef05213b5a1586a4f0643643439a68b0c29058a40b10af0acc43b0,2026-05-04 15:57:38,0x27a213bc5f35376cf756500c34c047a57a66ee4ae136851a0aba9cdef5540426,btc-updown-5m-1777899300
"Bitcoin Up or Down - May 4, 8:55AM-9:00AM ET",Down,BUY,88.863635,0.6599999988746803,0x859c501dd0ef05213b5a1586a4f0643643439a68b0c29058a40b10af0acc43b0,2026-05-04 15:57:38,0x7af5826efafd88577199692ec13628b2028ad9df9d3ff40ce38879200b3e9e0f,btc-updown-5m-1777899300
"Bitcoin Up or Down - May 4, 8:55AM-9:00AM ET",Down,BUY,58.979409,0.6714207326153437,0x859c501dd0ef05213b5a1586a4f0643643439a68b0c29058a40b10af0acc43b0,2026-05-04 15:57:38,0x17348a65e2984e54f6a1fc70ea64b986feb4730ecc0c5b3e1e769ce9738f95f2,btc-updown-5m-1777899300
"Bitcoin Up or Down - May 4, 8:55AM-9:00AM ET",Down,BUY,5.378785,0.6599999814084407,0x859c501dd0ef05213b5a1586a4f0643643439a68b0c29058a40b10af0acc43b0,2026-05-04 15:57:38,0xafed5e7e754626459b2522394fa65e7c5980154da78ac4aad7401c776bfc881a,btc-updown-5m-1777899300
"Bitcoin Up or Down - May 4, 8:55AM-9:00AM ET",Down,BUY,109.952606,0.6730172270769098,0x859c501dd0ef05213b5a1586a4f0643643439a68b0c29058a40b10af0acc43b0,2026-05-04 15:57:38,0xba0f466629838d1512254207fc5f92275f4dc52989374bbc37b0dd8a0e5f0ea3,btc-updown-5m-1777899300
"Bitcoin Up or Down - May 4, 8:55AM-9:00AM ET",Down,BUY,106.060605,0.6599999971714285,0x859c501dd0ef05213b5a1586a4f0643643439a68b0c29058a40b10af0acc43b0,2026-05-04 15:57:38,0x43e87c135815a1e0681641766905762bc00c6f5ff3c27a93007993091f4a9cd4,btc-updown-5m-1777899300
"Bitcoin Up or Down - May 4, 8:55AM-9:00AM ET",Down,BUY,37.23446,0.6459070173167544,0x859c501dd0ef05213b5a1586a4f0643643439a68b0c29058a40b10af0acc43b0,2026-05-04 15:57:38,0xbc3a4930ead1e1fc8d3721dc9b434c8db23c25d4a02eae0ed1d7539f269bc6d6,btc-updown-5m-1777899300
"Bitcoin Up or Down - May 4, 8:55AM-9:00AM ET",Down,BUY,104.615382,0.6499999971323529,0x859c501dd0ef05213b5a1586a4f0643643439a68b0c29058a40b10af0acc43b0,2026-05-04 15:57:36,0x7ab4f8a2c13d1d219c00225272910e48da0d10e5ea9ae00ca03cb15ee4caf7b0,btc-updown-5m-1777899300
"Bitcoin Up or Down - May 4, 8:55AM-9:00AM ET",Down,BUY,5.075755,0.6599999408954924,0x859c501dd0ef05213b5a1586a4f0643643439a68b0c29058a40b10af0acc43b0,2026-05-04 15:57:36,0xdc052789168c1841fdc51ccd3e7602245351b055598f8c3fb3ee7fa10ab892e0,btc-updown-5m-1777899300
"Bitcoin Up or Down - May 4, 8:55AM-9:00AM ET",Down,BUY,101.78375,0.6386088152578383,0x859c501dd0ef05213b5a1586a4f0643643439a68b0c29058a40b10af0acc43b0,2026-05-04 15:57:36,0x9a6516a0cd067ef943c7a7419eeaf9bf10ff5d9b08f2a3286a8eebb914accc6f,btc-updown-5m-1777899300
"Bitcoin Up or Down - May 4, 8:55AM-9:00AM ET",Down,BUY,68,0.63,0x859c501dd0ef05213b5a1586a4f0643643439a68b0c29058a40b10af0acc43b0,2026-05-04 15:57:36,0x01a30bc9cb0e0d3fa51007f2e28c84a84c8bc08384274035a1acd5f9f97018d9,btc-updown-5m-1777899300
"Bitcoin Up or Down - May 4, 8:55AM-9:00AM ET",Down,BUY,100,0.64,0x859c501dd0ef05213b5a1586a4f0643643439a68b0c29058a40b10af0acc43b0,2026-05-04 15:57:36,0xd70e7d957dff93db36899d8d5ce72aba82025c742b9e291b51e84cba160741d6,btc-updown-5m-1777899300
"Bitcoin Up or Down - May 4, 8:55AM-9:00AM ET",Down,BUY,87.566817,0.6557278312400004,0x859c501dd0ef05213b5a1586a4f0643643439a68b0c29058a40b10af0acc43b0,2026-05-04 15:57:36,0xbe252d054f8aec48fd2eca6ba7b68ed485f872352f8425e2095bb37b1d166f41,btc-updown-5m-1777899300
"Bitcoin Up or Down - May 4, 8:45AM-9:00AM ET",Down,BUY,33.891888,0.7399999964593298,0x2b17c7469821ba8b726cb7008bbbbf65421c5989beaa5ae5923e55c1086e7ea6,2026-05-04 15:57:30,0xe35626f15babeb065f4c54862adaef50dec5ec3e739548330bae2d0e291ac57d,btc-updown-15m-1777898700
"Bitcoin Up or Down - May 4, 8:45AM-9:00AM ET",Down,BUY,200,0.74,0x2b17c7469821ba8b726cb7008bbbbf65421c5989beaa5ae5923e55c1086e7ea6,2026-05-04 15:57:30,0xc95aa79aeaeaa7bf4d8c5b80b277a916b473829dda29accaf22cdc664fa15333,btc-updown-15m-1777898700
"Bitcoin Up or Down - May 4, 8:55AM-9:00AM ET",Down,BUY,100,0.62,0x859c501dd0ef05213b5a1586a4f0643643439a68b0c29058a40b10af0acc43b0,2026-05-04 15:57:30,0xb4f2616cb0bf2d69f536ce04002218efbcaae0d65027ec7d3bf45f47ed48d496,btc-updown-5m-1777899300
"Bitcoin Up or Down - May 4, 8:45AM-9:00AM ET",Down,BUY,66.891888,0.7399999982060605,0x2b17c7469821ba8b726cb7008bbbbf65421c5989beaa5ae5923e55c1086e7ea6,2026-05-04 15:57:28,0x846ca0c25cdfba9760d00184d9b753e0cd1706d099a9dd9eea59a2bb46423392,btc-updown-15m-1777898700
"Bitcoin Up or Down - May 4, 8:55AM-9:00AM ET",Down,BUY,21.67,0.62,0x859c501dd0ef05213b5a1586a4f0643643439a68b0c29058a40b10af0acc43b0,2026-05-04 15:57:18,0x16d2b0beb82fefce2d90e9088b695f18cccb4f67cb74d51f822e8ffc7fbd73ba,btc-updown-5m-1777899300
"Bitcoin Up or Down - May 4, 8:45AM-9:00AM ET",Down,BUY,21.28378,0.7399999906031729,0x2b17c7469821ba8b726cb7008bbbbf65421c5989beaa5ae5923e55c1086e7ea6,2026-05-04 15:57:18,0x976730d94421dd287310037ac87a01f74d258130616c9c593b026cfc585c2e7d,btc-updown-15m-1777898700
"Bitcoin Up or Down - May 4, 8:45AM-9:00AM ET",Down,BUY,56,0.74,0x2b17c7469821ba8b726cb7008bbbbf65421c5989beaa5ae5923e55c1086e7ea6,2026-05-04 15:57:18,0x17b627c6d8fae0856a54c7e0cfbf512ff29d19e2bdd20a7792a6be87ad6fa13e,btc-updown-15m-1777898700
"Bitcoin Up or Down - May 4, 8:55AM-9:00AM ET",Down,BUY,5,0.59,0x859c501dd0ef05213b5a1586a4f0643643439a68b0c29058a40b10af0acc43b0,2026-05-04 15:57:18,0x0ba05cae394fce18cf3f3f2210e91ff2949ce357f3f42b48c835c71e00cbe50a,btc-updown-5m-1777899300
"Bitcoin Up or Down - May 4, 8:45AM-9:00AM ET",Down,BUY,113,0.69,0x2b17c7469821ba8b726cb7008bbbbf65421c5989beaa5ae5923e55c1086e7ea6,2026-05-04 15:57:16,0x0cad4f03b914f33778dbaa83a1ff90ba67290a5b4fd28e16bb5684c213a2da77,btc-updown-15m-1777898700
"Bitcoin Up or Down - May 4, 8:45AM-9:00AM ET",Up,BUY,200,0.32,0x2b17c7469821ba8b726cb7008bbbbf65421c5989beaa5ae5923e55c1086e7ea6,2026-05-04 15:57:12,0x40b990762f245cf8ed34abc5c5d142e13f5fb53732e87b78bf4a6c36ff038494,btc-updown-15m-1777898700
"Bitcoin Up or Down - May 4, 8:55AM-9:00AM ET",Up,BUY,101.045554,0.4453436813261472,0x859c501dd0ef05213b5a1586a4f0643643439a68b0c29058a40b10af0acc43b0,2026-05-04 15:57:10,0xcfa7a0dbd7df18050a70ab31d9a1ca2d1802e835263e5035e7e5f968f5d920f0,btc-updown-5m-1777899300
"Bitcoin Up or Down - May 4, 8:55AM-9:00AM ET",Up,BUY,100,0.44,0x859c501dd0ef05213b5a1586a4f0643643439a68b0c29058a40b10af0acc43b0,2026-05-04 15:57:10,0x80abefe9a01646685cbd04ca8933d2106fc452f4bbf90604d454ea9d8d767a27,btc-updown-5m-1777899300
"Bitcoin Up or Down - May 4, 8:45AM-9:00AM ET",Up,BUY,206.25,0.32,0x2b17c7469821ba8b726cb7008bbbbf65421c5989beaa5ae5923e55c1086e7ea6,2026-05-04 15:57:10,0x04f545275ea572205847dd6cff51ddc9467cfddf3b0ccfcd1e50aa06ebd54cab,btc-updown-15m-1777898700
"Bitcoin Up or Down - May 4, 8:45AM-9:00AM ET",Up,BUY,22.1,0.31,0x2b17c7469821ba8b726cb7008bbbbf65421c5989beaa5ae5923e55c1086e7ea6,2026-05-04 15:57:10,0xe75340faac3d14f75941813bc08cb8e44300d21485dd5fda10aaf74b350cdd63,btc-updown-15m-1777898700
"Bitcoin Up or Down - May 4, 8:45AM-9:00AM ET",Up,BUY,200,0.3,0x2b17c7469821ba8b726cb7008bbbbf65421c5989beaa5ae5923e55c1086e7ea6,2026-05-04 15:57:10,0x78bd912cb4b72c3164bf9d3d539fea3b7ae9778f7570ff4e350c83d0b69109ad,btc-updown-15m-1777898700
"Bitcoin Up or Down - May 4, 8:55AM-9:00AM ET",Up,BUY,100,0.44,0x859c501dd0ef05213b5a1586a4f0643643439a68b0c29058a40b10af0acc43b0,2026-05-04 15:57:08,0xf6092f70c0b069c79e6c1324b5b4bf09b4ffd02d7f0fedbe34784bd90b3ed07b,btc-updown-5m-1777899300
"Bitcoin Up or Down - May 4, 8:55AM-9:00AM ET",Up,BUY,102.272726,0.4399999956977777,0x859c501dd0ef05213b5a1586a4f0643643439a68b0c29058a40b10af0acc43b0,2026-05-04 15:57:06,0xd58479164d5ccd91a5502bddf82e9690955eb02da81147a2f39a31fa6b577e92,btc-updown-5m-1777899300
"Bitcoin Up or Down - May 4, 8:55AM-9:00AM ET",Up,BUY,104.545453,0.4399999969391304,0x859c501dd0ef05213b5a1586a4f0643643439a68b0c29058a40b10af0acc43b0,2026-05-04 15:57:06,0x90de2e963541ea28d7256341a6e6e6f9e79bc2514317993587deef3f1d9a5eda,btc-updown-5m-1777899300
"Bitcoin Up or Down - May 4, 8:55AM-9:00AM ET",Down,BUY,50.6825,0.5919202880678736,0x859c501dd0ef05213b5a1586a4f0643643439a68b0c29058a40b10af0acc43b0,2026-05-04 15:57:04,0xf3eaa7ee69fceb953e6343aadcbc1fdec3a72263c05ec7f5f36299a414677b3e,btc-updown-5m-1777899300
"Bitcoin Up or Down - May 4, 8:55AM-9:00AM ET",Down,BUY,100,0.59,0x859c501dd0ef05213b5a1586a4f0643643439a68b0c29058a40b10af0acc43b0,2026-05-04 15:57:04,0x15989bd3b793df456685801e03b382563c7fd9691ce9f086f40483b5858930f0,btc-updown-5m-1777899300
"Bitcoin Up or Down - May 4, 8:45AM-9:00AM ET",Down,BUY,91,0.69,0x2b17c7469821ba8b726cb7008bbbbf65421c5989beaa5ae5923e55c1086e7ea6,2026-05-04 15:57:02,0x9c34a5a9386aa2f2ba445e68e6ef40a202d7ca1d2f983b856f1e182f94cfa579,btc-updown-15m-1777898700
"Bitcoin Up or Down - May 4, 8:55AM-9:00AM ET",Up,BUY,75.36,0.42,0x859c501dd0ef05213b5a1586a4f0643643439a68b0c29058a40b10af0acc43b0,2026-05-04 15:56:50,0xdd444ba7cee6be9fd9e4d87fb361623fffa8b7dbb39e1bc19956e3558abdd568,btc-updown-5m-1777899300
"Bitcoin Up or Down - May 4, 8:55AM-9:00AM ET",Up,BUY,71.28,0.42,0x859c501dd0ef05213b5a1586a4f0643643439a68b0c29058a40b10af0acc43b0,2026-05-04 15:56:36,0x2239c255a3fabe66cce24ebbfad8ef12ac5cecf77191eaa570934db37b3b4db1,btc-updown-5m-1777899300
"Bitcoin Up or Down - May 4, 8:55AM-9:00AM ET",Up,BUY,100,0.41,0x859c501dd0ef05213b5a1586a4f0643643439a68b0c29058a40b10af0acc43b0,2026-05-04 15:56:36,0xfa7b60529a2e1d350bcac768a8b5ac992c694b6fccd3185f5570bb6cdb0d2987,btc-updown-5m-1777899300
"Bitcoin Up or Down - May 4, 8:45AM-9:00AM ET",Down,BUY,202.898548,0.6899999994085714,0x2b17c7469821ba8b726cb7008bbbbf65421c5989beaa5ae5923e55c1086e7ea6,2026-05-04 15:56:32,0xdae6ac69dbdab317061460be00fd2bd31816c2bd589cf955555ca4d334447f30,btc-updown-15m-1777898700
"Bitcoin Up or Down - May 4, 8:45AM-9:00AM ET",Down,BUY,200,0.69,0x2b17c7469821ba8b726cb7008bbbbf65421c5989beaa5ae5923e55c1086e7ea6,2026-05-04 15:56:30,0x3a99542d527a4918c15f276e52aeb866f0c680759992984c33dd00400e96395b,btc-updown-15m-1777898700
"Bitcoin Up or Down - May 4, 8:55AM-9:00AM ET",Down,BUY,75.233332,0.5999999973416038,0x859c501dd0ef05213b5a1586a4f0643643439a68b0c29058a40b10af0acc43b0,2026-05-04 15:56:26,0x52a759b37b8862d00353b04c825080e914f8a29b52086f0742c9e9a3c105bb00,btc-updown-5m-1777899300
"Bitcoin Up or Down - May 4, 8:45AM-9:00AM ET",Down,BUY,17.242856,0.6999999884009934,0x2b17c7469821ba8b726cb7008bbbbf65421c5989beaa5ae5923e55c1086e7ea6,2026-05-04 15:56:26,0xc61093abe8d31893dcf27269f419e01ff935223c6308e2130c0079db68db6e03,btc-updown-15m-1777898700
"Bitcoin Up or Down - May 4, 8:55AM-9:00AM ET",Down,BUY,100,0.6,0x859c501dd0ef05213b5a1586a4f0643643439a68b0c29058a40b10af0acc43b0,2026-05-04 15:56:26,0xcf27c7abe70d181fe2ba2aba4f6d94a4f552e2726cc0c57f16f2fbb69953811b,btc-updown-5m-1777899300
"Bitcoin Up or Down - May 4, 8:45AM-9:00AM ET",Down,BUY,16.685713,0.6999999940068489,0x2b17c7469821ba8b726cb7008bbbbf65421c5989beaa5ae5923e55c1086e7ea6,2026-05-04 15:56:26,0xf70faa062078177edc740bd05b6564a628c92ff106eec87824031e0b5dffdab3,btc-updown-15m-1777898700
"Bitcoin Up or Down - May 4, 8:45AM-9:00AM ET",Down,BUY,200,0.7,0x2b17c7469821ba8b726cb7008bbbbf65421c5989beaa5ae5923e55c1086e7ea6,2026-05-04 15:56:26,0x1f7cc2f2dafcc83359dcedd7ea91866aa92ea98d93f9d254f490227d2da7e3ba,btc-updown-15m-1777898700
"Bitcoin Up or Down - May 4, 8:55AM-9:00AM ET",Down,BUY,23,0.57,0x859c501dd0ef05213b5a1586a4f0643643439a68b0c29058a40b10af0acc43b0,2026-05-04 15:56:26,0x675a7867dff3bd0d972273cbeaca4040b5aa02af8553214e72418dba191ca021,btc-updown-5m-1777899300
"Bitcoin Up or Down - May 4, 8:45AM-9:00AM ET",Up,BUY,200,0.3,0x2b17c7469821ba8b726cb7008bbbbf65421c5989beaa5ae5923e55c1086e7ea6,2026-05-04 15:56:08,0x2ddbb6df565b41b3cfa6e744d798fec19b4dd7c4a6224b37816d6a3d581b6634,btc-updown-15m-1777898700
"Bitcoin Up or Down - May 4, 8:55AM-9:00AM ET",Up,BUY,100,0.44,0x859c501dd0ef05213b5a1586a4f0643643439a68b0c29058a40b10af0acc43b0,2026-05-04 15:56:08,0x25c477042288833e48e6295f2f0d03bb23b30f1ff0d32b5ed2b9647c43da317b,btc-updown-5m-1777899300
"Bitcoin Up or Down - May 4, 8:55AM-9:00AM ET",Down,BUY,26,0.56,0x859c501dd0ef05213b5a1586a4f0643643439a68b0c29058a40b10af0acc43b0,2026-05-04 15:56:06,0x7fa9865f12dfc59c3f6344d471de2b5a272f762a58a4a4e3613e2e08c4aea0dd,btc-updown-5m-1777899300
"Bitcoin Up or Down - May 4, 8:45AM-9:00AM ET",Down,BUY,31.75,0.69,0x2b17c7469821ba8b726cb7008bbbbf65421c5989beaa5ae5923e55c1086e7ea6,2026-05-04 15:56:04,0xc88d6521086531b56e6fb68b7a679ee495cc901f12de55e2be5989d53fb29fb9,btc-updown-15m-1777898700
"Bitcoin Up or Down - May 4, 8:55AM-9:00AM ET",Down,BUY,102.040815,0.48999999656999993,0x859c501dd0ef05213b5a1586a4f0643643439a68b0c29058a40b10af0acc43b0,2026-05-04 15:56:04,0xbcf9dfadbe96219eea9881dc19d1276926562e203b073ff522d0417889e33eb1,btc-updown-5m-1777899300
"Bitcoin Up or Down - May 4, 8:55AM-9:00AM ET",Down,BUY,104.761903,0.4199999975181818,0x859c501dd0ef05213b5a1586a4f0643643439a68b0c29058a40b10af0acc43b0,2026-05-04 15:55:56,0xcf645f48201bd78ef28ba08e69573e3bcd4ccdfb361c46650b3e95119ae7e42b,btc-updown-5m-1777899300
"Bitcoin Up or Down - May 4, 8:55AM-9:00AM ET",Down,BUY,100,0.42,0x859c501dd0ef05213b5a1586a4f0643643439a68b0c29058a40b10af0acc43b0,2026-05-04 15:55:56,0xd7785742a550743fbb770fa1d256913178b7bd2e520fb6577f051e680bd7436d,btc-updown-5m-1777899300
"Bitcoin Up or Down - May 4, 8:55AM-9:00AM ET",Down,BUY,62.511189,0.41960486465870933,0x859c501dd0ef05213b5a1586a4f0643643439a68b0c29058a40b10af0acc43b0,2026-05-04 15:55:56,0x9386af0837d5271eefa775757a3ceafac57915596930fe7bf9983ec5f9708f59,btc-updown-5m-1777899300
"Bitcoin Up or Down - May 4, 8:55AM-9:00AM ET",Down,BUY,103.536584,0.40565370594030803,0x859c501dd0ef05213b5a1586a4f0643643439a68b0c29058a40b10af0acc43b0,2026-05-04 15:55:54,0x275c85eb037abf019da871dac08ea0ad0141beeedd7cb6992fd0498f5f1e2808,btc-updown-5m-1777899300
"Bitcoin Up or Down - May 4, 8:55AM-9:00AM ET",Down,BUY,26.87,0.4,0x859c501dd0ef05213b5a1586a4f0643643439a68b0c29058a40b10af0acc43b0,2026-05-04 15:55:54,0x869c157f502b969e507d3ab076d5d0ef515a24e61983d07f233506c414d8a72d,btc-updown-5m-1777899300
"Bitcoin Up or Down - May 4, 8:55AM-9:00AM ET",Down,BUY,102.5,0.4,0x859c501dd0ef05213b5a1586a4f0643643439a68b0c29058a40b10af0acc43b0,2026-05-04 15:55:52,0x8eb52ecb1cf227e3dae005497afa73c05abae4ffa815ac1870ad68ab04d9802b,btc-updown-5m-1777899300
"Bitcoin Up or Down - May 4, 8:55AM-9:00AM ET",Down,BUY,5.243901,0.409999921813932,0x859c501dd0ef05213b5a1586a4f0643643439a68b0c29058a40b10af0acc43b0,2026-05-04 15:55:50,0x8277aabe8cf8009ed9f77f1144a2c4078135d9e8ace2204f6280fb733ffa3d9a,btc-updown-5m-1777899300
"Bitcoin Up or Down - May 4, 8:55AM-9:00AM ET",Down,BUY,38.926828,0.4099999876691725,0x859c501dd0ef05213b5a1586a4f0643643439a68b0c29058a40b10af0acc43b0,2026-05-04 15:55:50,0xb3bbb0da33a8d39ccad2ac44f9cc977e0c8021e6bacd46bd1bceaa4b8a0cea44,btc-updown-5m-1777899300
"Bitcoin Up or Down - May 4, 8:55AM-9:00AM ET",Down,BUY,10,0.4,0x859c501dd0ef05213b5a1586a4f0643643439a68b0c29058a40b10af0acc43b0,2026-05-04 15:55:50,0x87508b5f445fe01c93c69b0425c5358902deb65d2627851ff9ef8d9c83b831fd,btc-updown-5m-1777899300
"Bitcoin Up or Down - May 4, 8:55AM-9:00AM ET",Down,BUY,109.756096,0.4099999967199999,0x859c501dd0ef05213b5a1586a4f0643643439a68b0c29058a40b10af0acc43b0,2026-05-04 15:55:50,0x79d73e353a5811f8f564a057640d4baf69385b75911c2ea5750d3f36c8291202,btc-updown-5m-1777899300
"Bitcoin Up or Down - May 4, 8:55AM-9:00AM ET",Down,BUY,106.75976,0.4121402951823796,0x859c501dd0ef05213b5a1586a4f0643643439a68b0c29058a40b10af0acc43b0,2026-05-04 15:55:50,0x6df9e0efe22d50852b4f00c10207add97cee82e1cdb138c6a1522447107189d0,btc-updown-5m-1777899300
"Bitcoin Up or Down - May 4, 8:55AM-9:00AM ET",Down,BUY,52.413657,0.40676419506465655,0x859c501dd0ef05213b5a1586a4f0643643439a68b0c29058a40b10af0acc43b0,2026-05-04 15:55:48,0xd5ab498868afd71aa6009c8164497762f5a890887b7aaf19690b1732aeadf5b8,btc-updown-5m-1777899300
"Bitcoin Up or Down - May 4, 8:45AM-9:00AM ET",Down,BUY,47,0.53,0x2b17c7469821ba8b726cb7008bbbbf65421c5989beaa5ae5923e55c1086e7ea6,2026-05-04 15:55:48,0x0164f1a6989b06c9e54d205dcb7b2102ca5cc93889daf623821fcab98fc5daf2,btc-updown-15m-1777898700
"Bitcoin Up or Down - May 4, 8:45AM-9:00AM ET",Up,BUY,40,0.47,0x2b17c7469821ba8b726cb7008bbbbf65421c5989beaa5ae5923e55c1086e7ea6,2026-05-04 15:55:46,0xf367ef1671f9b68eaa0b4b7ab5347aba46f8bdd102debf93a9592d087bf201b2,btc-updown-15m-1777898700
"Bitcoin Up or Down - May 4, 8:45AM-9:00AM ET",Up,BUY,25.48,0.44,0x2b17c7469821ba8b726cb7008bbbbf65421c5989beaa5ae5923e55c1086e7ea6,2026-05-04 15:55:46,0x57aa6c1e62d8a8b3ef580acae86feb55d71f3c1d77fb3852e85c0093e78ccc9c,btc-updown-15m-1777898700
"Bitcoin Up or Down - May 4, 8:55AM-9:00AM ET",Up,BUY,1.54,0.47,0x859c501dd0ef05213b5a1586a4f0643643439a68b0c29058a40b10af0acc43b0,2026-05-04 15:55:30,0x0fb0b4a0af1cdb6ca8b8ac1a6c796d9c0c9af2e95b8d4d9b9e957994ccba1b37,btc-updown-5m-1777899300
"Bitcoin Up or Down - May 4, 8:55AM-9:00AM ET",Up,BUY,53.93,0.4819135916929353,0x859c501dd0ef05213b5a1586a4f0643643439a68b0c29058a40b10af0acc43b0,2026-05-04 15:55:30,0x6c3685a5f15bdf35cbd625b40d604ea2e1d6ecbea5685e58e416db4337d7fab9,btc-updown-5m-1777899300
"Bitcoin Up or Down - May 4, 8:55AM-9:00AM ET",Up,BUY,100,0.5,0x859c501dd0ef05213b5a1586a4f0643643439a68b0c29058a40b10af0acc43b0,2026-05-04 15:55:30,0x0ae6612cb1f5ced3038d404e7d8fda86674430ee27430b6e2b95d14d5344c93a,btc-updown-5m-1777899300
"Bitcoin Up or Down - May 4, 8:55AM-9:00AM ET",Down,BUY,85,0.51,0x859c501dd0ef05213b5a1586a4f0643643439a68b0c29058a40b10af0acc43b0,2026-05-04 15:55:30,0xcd68989bc539820d04672964d5a64e13d932fe5cb1e0821f0a0427432785674d,btc-updown-5m-1777899300
"Bitcoin Up or Down - May 4, 8:55AM-9:00AM ET",Up,BUY,59.91,0.51,0x859c501dd0ef05213b5a1586a4f0643643439a68b0c29058a40b10af0acc43b0,2026-05-04 15:55:30,0x802f63355f78353179add961833909bdfbb125d695e8e60c14081dba7e35ee7f,btc-updown-5m-1777899300
"Bitcoin Up or Down - May 4, 8:55AM-9:00AM ET",Up,BUY,102.222221,0.44999999559782605,0x859c501dd0ef05213b5a1586a4f0643643439a68b0c29058a40b10af0acc43b0,2026-05-04 15:55:24,0x4b9770ac7b859bfa32277e3e44d951fcf7dadbbfd75ef2b4aa4caef491f42b12,btc-updown-5m-1777899300
"Bitcoin Up or Down - May 4, 8:55AM-9:00AM ET",Down,BUY,77.3125,0.5577364591754244,0x859c501dd0ef05213b5a1586a4f0643643439a68b0c29058a40b10af0acc43b0,2026-05-04 15:55:24,0xe46762b04ef2c723a439b08c34b7011616acb1795963a051da90fab487a16898,btc-updown-5m-1777899300
"Bitcoin Up or Down - May 4, 8:45AM-9:00AM ET",Up,BUY,23.1,0.31,0x2b17c7469821ba8b726cb7008bbbbf65421c5989beaa5ae5923e55c1086e7ea6,2026-05-04 15:55:24,0x62b0c151701aec7b1710eec046021456e2cf7f1739ec57054092b8ad51569046,btc-updown-15m-1777898700
"Bitcoin Up or Down - May 4, 8:55AM-9:00AM ET",Up,BUY,100,0.45,0x859c501dd0ef05213b5a1586a4f0643643439a68b0c29058a40b10af0acc43b0,2026-05-04 15:55:24,0x7d9db472e6a3c367cfbb4eb0f4a7cac4d1dca22f5189fab6e611517a205bc2a3,btc-updown-5m-1777899300
"Bitcoin Up or Down - May 4, 8:45AM-9:00AM ET",Down,BUY,202.941175,0.68,0x2b17c7469821ba8b726cb7008bbbbf65421c5989beaa5ae5923e55c1086e7ea6,2026-05-04 15:55:22,0x5134eecdd20f5e9d3f1b4c28d8f35ae47cc55356697be201dcdc5001fd083cae,btc-updown-15m-1777898700
"Bitcoin Up or Down - May 4, 8:45AM-9:00AM ET",Down,BUY,62.33,0.68,0x2b17c7469821ba8b726cb7008bbbbf65421c5989beaa5ae5923e55c1086e7ea6,2026-05-04 15:55:22,0x0fe74d8a41ebea1236cc8a429ab5f4350d0bfbd799b602d208a2feac71469025,btc-updown-15m-1777898700
"Bitcoin Up or Down - May 4, 8:45AM-9:00AM ET",Down,BUY,99.52,0.6990434083601286,0x2b17c7469821ba8b726cb7008bbbbf65421c5989beaa5ae5923e55c1086e7ea6,2026-05-04 15:55:22,0x7b6654af80487871d74582ae4834ae087fe78a831266105ec9e19a0de8bcfdd0,btc-updown-15m-1777898700
"Bitcoin Up or Down - May 4, 8:55AM-9:00AM ET",Down,BUY,10.363635,0.5499999758771899,0x859c501dd0ef05213b5a1586a4f0643643439a68b0c29058a40b10af0acc43b0,2026-05-04 15:55:22,0x1ba724690ae4788eb5124ce2f593658ca606e0e1b2e73cf27760f85da4bf1996,btc-updown-5m-1777899300
"Bitcoin Up or Down - May 4, 8:45AM-9:00AM ET",Down,BUY,6.086954,0.6899999572856966,0x2b17c7469821ba8b726cb7008bbbbf65421c5989beaa5ae5923e55c1086e7ea6,2026-05-04 15:55:22,0xdff099c4f9f3c4fb33207b26f1f11eecf7944ad34277eee4ba228d01468ad315,btc-updown-15m-1777898700
"Bitcoin Up or Down - May 4, 8:55AM-9:00AM ET",Down,BUY,100.345453,0.5481065395160456,0x859c501dd0ef05213b5a1586a4f0643643439a68b0c29058a40b10af0acc43b0,2026-05-04 15:55:22,0x7b4ff0b68971da73798a2dbda805bb6a76b66f91584f55651eac1f9b638835ce,btc-updown-5m-1777899300
"Bitcoin Up or Down - May 4, 8:55AM-9:00AM ET",Down,BUY,100,0.54,0x859c501dd0ef05213b5a1586a4f0643643439a68b0c29058a40b10af0acc43b0,2026-05-04 15:55:22,0x3b59ec9c44d374f45cbdb2b638f4b08179c2bfde44358aac99f0f0cd1142ebcb,btc-updown-5m-1777899300
"Bitcoin Up or Down - May 4, 8:55AM-9:00AM ET",Down,BUY,44.59,0.53,0x859c501dd0ef05213b5a1586a4f0643643439a68b0c29058a40b10af0acc43b0,2026-05-04 15:55:22,0x222928cb94470e080181042a19de3baa59a8693f58dc90fb39ca13eb41a4a40a,btc-updown-5m-1777899300
"Bitcoin Up or Down - May 4, 8:45AM-9:00AM ET",Down,BUY,20.322578,0.619999982285712,0x2b17c7469821ba8b726cb7008bbbbf65421c5989beaa5ae5923e55c1086e7ea6,2026-05-04 15:55:08,0x78961cfe891cd6b19616a6605231bdd6b76798595fe6692b080b81ee7626fa90,btc-updown-15m-1777898700
"Bitcoin Up or Down - May 4, 8:55AM-9:00AM ET",Down,BUY,100.2822,0.49859297063686275,0x859c501dd0ef05213b5a1586a4f0643643439a68b0c29058a40b10af0acc43b0,2026-05-04 15:55:08,0xea6d4113d1e4617b653634fd4c952ccb67ea3d3aa4c4496d64c9f2344a9eb023,btc-updown-5m-1777899300
"Bitcoin Up or Down - May 4, 8:45AM-9:00AM ET",Down,BUY,200,0.62,0x2b17c7469821ba8b726cb7008bbbbf65421c5989beaa5ae5923e55c1086e7ea6,2026-05-04 15:55:06,0xb991108ca61a7d31ad156c9bc4ae0fc3e5e36519c2bcad4982bb6e00208b606f,btc-updown-15m-1777898700
"Bitcoin Up or Down - May 4, 8:45AM-9:00AM ET",Down,BUY,5.161289,0.6199999651249911,0x2b17c7469821ba8b726cb7008bbbbf65421c5989beaa5ae5923e55c1086e7ea6,2026-05-04 15:55:06,0xd2249b1dbed04efd1e2fcd02cc9b6fac3cd86801b4953a181e88e67f4847429f,btc-updown-15m-1777898700
"Bitcoin Up or Down - May 4, 8:45AM-9:00AM ET",Up,BUY,12,0.4,0x2b17c7469821ba8b726cb7008bbbbf65421c5989beaa5ae5923e55c1086e7ea6,2026-05-04 15:53:38,0xc828b73ace64e18317d49d76e2abf325929119231dd4f37dd9477151ad62ee84,btc-updown-15m-1777898700
"Bitcoin Up or Down - May 4, 8:50AM-8:55AM ET",Up,BUY,24.52,0.22,0x69a796a75fc3e61d5e57717cafdac9907c6ca3a85087833eceff92674e80e837,2026-05-04 15:53:02,0xe815bed5a2c04e1d2a066f7dfe804757b240fe7755c7b61690ad60d255a7c0b7,btc-updown-5m-1777899000
"Bitcoin Up or Down - May 4, 8:50AM-8:55AM ET",Down,BUY,100,0.64,0x69a796a75fc3e61d5e57717cafdac9907c6ca3a85087833eceff92674e80e837,2026-05-04 15:52:50,0xd242c64ab6aa411d201583ae3214e5cada7679ebf317ba47c6457875351a3abe,btc-updown-5m-1777899000
"Bitcoin Up or Down - May 4, 8:50AM-8:55AM ET",Down,BUY,100.076922,0.6495003813166835,0x69a796a75fc3e61d5e57717cafdac9907c6ca3a85087833eceff92674e80e837,2026-05-04 15:52:50,0xbd788d904e16bab34a7350139cd9e515b31041150002aa75dfb6cbdd9a486f55,btc-updown-5m-1777899000
"Bitcoin Up or Down - May 4, 8:50AM-8:55AM ET",Up,BUY,100,0.38,0x69a796a75fc3e61d5e57717cafdac9907c6ca3a85087833eceff92674e80e837,2026-05-04 15:52:46,0x98a1930bd239f17e4980a532f3ecce5056b1d0909364de9c16f8b6a7a5cd1a33,btc-updown-5m-1777899000
"Bitcoin Up or Down - May 4, 8:50AM-8:55AM ET",Up,BUY,84.31,0.36078875578223224,0x69a796a75fc3e61d5e57717cafdac9907c6ca3a85087833eceff92674e80e837,2026-05-04 15:52:46,0x01a17852d04248624343c9e56c4aa1be038d3ccffe32a046b301185b335c98d6,btc-updown-5m-1777899000
"Bitcoin Up or Down - May 4, 8:50AM-8:55AM ET",Down,BUY,102.631575,0.76,0x69a796a75fc3e61d5e57717cafdac9907c6ca3a85087833eceff92674e80e837,2026-05-04 15:52:24,0x3709416fc3b70e4db1a1ef3ed108b35d20cd72568ba83a6906ee42c483697f6a,btc-updown-5m-1777899000
"Bitcoin Up or Down - May 4, 8:50AM-8:55AM ET",Down,BUY,101.315787,0.7599999988155843,0x69a796a75fc3e61d5e57717cafdac9907c6ca3a85087833eceff92674e80e837,2026-05-04 15:52:22,0xe80b6fd4783968b994041b367a527debe1fd6d8262d3ac13e00883ef0f961e7a,btc-updown-5m-1777899000
"Bitcoin Up or Down - May 4, 8:50AM-8:55AM ET",Up,BUY,7.44,0.21,0x69a796a75fc3e61d5e57717cafdac9907c6ca3a85087833eceff92674e80e837,2026-05-04 15:52:22,0x462b0d44e1708dd026be44d2c274da546faac8457c6e1d7b2ac6407f56c45e2c,btc-updown-5m-1777899000
"Bitcoin Up or Down - May 4, 8:50AM-8:55AM ET",Up,BUY,29.47,0.22,0x69a796a75fc3e61d5e57717cafdac9907c6ca3a85087833eceff92674e80e837,2026-05-04 15:52:22,0xc465b2ee9eab2eee6c6eabac00f698de67c7397ffab4cadabf3cff48dc62385a,btc-updown-5m-1777899000
"Bitcoin Up or Down - May 4, 8:50AM-8:55AM ET",Up,BUY,20,0.22,0x69a796a75fc3e61d5e57717cafdac9907c6ca3a85087833eceff92674e80e837,2026-05-04 15:52:22,0xef02bd614944283796acb0c8a626965b393b266ea415b1249098262d9136e3dc,btc-updown-5m-1777899000
"Bitcoin Up or Down - May 4, 8:50AM-8:55AM ET",Up,BUY,1.04,0.19,0x69a796a75fc3e61d5e57717cafdac9907c6ca3a85087833eceff92674e80e837,2026-05-04 15:52:22,0x6ef0284f48ce07b939a4c0a5aaf9fbe7fa20a44832897d7c9eb3f4de4b3b1a63,btc-updown-5m-1777899000
"Bitcoin Up or Down - May 4, 8:45AM-9:00AM ET",Down,BUY,8.85,0.69,0x2b17c7469821ba8b726cb7008bbbbf65421c5989beaa5ae5923e55c1086e7ea6,2026-05-04 15:52:12,0x115105fbe22f8b488be1e5faa241b5138c2a5c7d644d55efef2897e7de5a2376,btc-updown-15m-1777898700
"Bitcoin Up or Down - May 4, 8:50AM-8:55AM ET",Down,BUY,100,0.82,0x69a796a75fc3e61d5e57717cafdac9907c6ca3a85087833eceff92674e80e837,2026-05-04 15:52:06,0x4549022d26d136a61c60db6ddbeddf45312d8a75a3dc689af071ce0abe09701a,btc-updown-5m-1777899000
"Bitcoin Up or Down - May 4, 8:45AM-9:00AM ET",Up,BUY,200.053547,0.3099170193668198,0x2b17c7469821ba8b726cb7008bbbbf65421c5989beaa5ae5923e55c1086e7ea6,2026-05-04 15:52:02,0xf716fed42fcca8e83865d5b6ca80b3eb12d0032cabef505363916fea040be33f,btc-updown-15m-1777898700
"Bitcoin Up or Down - May 4, 8:50AM-8:55AM ET",Down,BUY,85.52,0.8,0x69a796a75fc3e61d5e57717cafdac9907c6ca3a85087833eceff92674e80e837,2026-05-04 15:51:46,0xb6209d56777847cb848fc2a285ecc8cdf4ccaa41df0552e7dc0230ed4884d890,btc-updown-5m-1777899000
"Bitcoin Up or Down - May 4, 8:45AM-9:00AM ET",Down,BUY,31.42,0.65,0x2b17c7469821ba8b726cb7008bbbbf65421c5989beaa5ae5923e55c1086e7ea6,2026-05-04 15:51:46,0xe094e705052a4a03c7d4cdbf942f479bbf8ef5447a90009794cb78f03e0f6459,btc-updown-15m-1777898700
"Bitcoin Up or Down - May 4, 8:45AM-9:00AM ET",Down,BUY,16,0.64,0x2b17c7469821ba8b726cb7008bbbbf65421c5989beaa5ae5923e55c1086e7ea6,2026-05-04 15:51:46,0xbd87238ef001d6a0a1a9782234de09f2e864ceb3eabdbf021b7040529d1d1432,btc-updown-15m-1777898700
"Bitcoin Up or Down - May 4, 8:50AM-8:55AM ET",Down,BUY,54.71,0.88,0x69a796a75fc3e61d5e57717cafdac9907c6ca3a85087833eceff92674e80e837,2026-05-04 15:51:36,0xd19a389194ddbca16904ac15ab02488c2d415a0912963a5d3206bf141741ca3c,btc-updown-5m-1777899000
"Bitcoin Up or Down - May 4, 8:50AM-8:55AM ET",Down,BUY,11,0.8,0x69a796a75fc3e61d5e57717cafdac9907c6ca3a85087833eceff92674e80e837,2026-05-04 15:51:18,0x878def45af8af92c096965c37a5c5507a48f22bdbb0c78579c423165610c7212,btc-updown-5m-1777899000
"Bitcoin Up or Down - May 1, 3:30PM-3:45PM ET",Up,BUY,23.67,0.22,0x920502d5691425cd24d0e7d1f4aefcb85709faa5cf99b9250b16e8195a45ffcd,2026-05-01 22:33:52,0x6697bd22ccd9a41b17b77734d04cbc2325eba514c1b833087111567853eab5af,btc-updown-15m-1777663800
"Bitcoin Up or Down - May 1, 3:30PM-3:35PM ET",Up,BUY,5,0.04,0x5c44fdfd9a078d417d6dd7bc9707bfab83be6dfa973d1a736888c4bd00d603df,2026-05-01 22:33:52,0x97925b88e66cf0b9b60a33d69b80a11ac7570cf50dcd9b8e9a0c400facf1703f,btc-updown-5m-1777663800
"Bitcoin Up or Down - May 1, 3PM ET",Up,BUY,18.07,0.28,0x2df4aaf61f6677ee16d4f05d745c22682ed7c81f6aca26f1cbcf94eff5234c0e,2026-05-01 22:33:40,0xd02f70ecd873d5b887b7b73bdcdd5c86bde8b0c3ca5e9b8faa68f964ce5e015e,bitcoin-up-or-down-may-1-2026-3pm-et
"Bitcoin Up or Down - May 1, 3:30PM-3:45PM ET",Up,BUY,10.27,0.15,0x920502d5691425cd24d0e7d1f4aefcb85709faa5cf99b9250b16e8195a45ffcd,2026-05-01 22:33:36,0xb16977c6cdc8c9786eb005a0f45abf56878406c3b746eb564c36993f968879ef,btc-updown-15m-1777663800
"Bitcoin Up or Down - May 1, 3:30PM-3:35PM ET",Down,BUY,100,0.91,0x5c44fdfd9a078d417d6dd7bc9707bfab83be6dfa973d1a736888c4bd00d603df,2026-05-01 22:33:20,0x76b77b434247087f10b50574aa486103cd752ca42c2a216a5bd588b65fc95636,btc-updown-5m-1777663800
"Bitcoin Up or Down - May 1, 3:30PM-3:35PM ET",Up,BUY,7.31,0.13,0x5c44fdfd9a078d417d6dd7bc9707bfab83be6dfa973d1a736888c4bd00d603df,2026-05-01 22:33:08,0xab7a7027196d7362f649d55954fe8701a3218451fc58825cd12f49d6b83ed862,btc-updown-5m-1777663800
"Bitcoin Up or Down - May 1, 3:30PM-3:35PM ET",Up,BUY,100,0.1,0x5c44fdfd9a078d417d6dd7bc9707bfab83be6dfa973d1a736888c4bd00d603df,2026-05-01 22:32:54,0xd2ce174a83b3f932465430b11a3eec9cfb956b735692c4c208dd58b462dbb20c,btc-updown-5m-1777663800
"Bitcoin Up or Down - May 1, 3:30PM-3:35PM ET",Down,BUY,100,0.91,0x5c44fdfd9a078d417d6dd7bc9707bfab83be6dfa973d1a736888c4bd00d603df,2026-05-01 22:32:40,0x3f248b5d2f3559f5d8a44bc8db0a8f0943a9cdbf17f3ebe72f7ef2799219de17,btc-updown-5m-1777663800
"Bitcoin Up or Down - May 1, 3:30PM-3:35PM ET",Up,BUY,100,0.16,0x5c44fdfd9a078d417d6dd7bc9707bfab83be6dfa973d1a736888c4bd00d603df,2026-05-01 22:32:02,0xacc74d90b3b601ff5cefe2b2a7b5057eb8029006d46df50238d93fc2278bf46e,btc-updown-5m-1777663800
"Bitcoin Up or Down - May 1, 3:30PM-3:35PM ET",Up,BUY,5,0.2,0x5c44fdfd9a078d417d6dd7bc9707bfab83be6dfa973d1a736888c4bd00d603df,2026-05-01 22:31:48,0x047faa13aa1fc571fdef6e0832fb49a25f5d2aee386f2adf0c1dbb46a9d1c6d3,btc-updown-5m-1777663800
"Bitcoin Up or Down - May 1, 3PM ET",Up,BUY,20,0.35,0x2df4aaf61f6677ee16d4f05d745c22682ed7c81f6aca26f1cbcf94eff5234c0e,2026-05-01 22:31:48,0x65ebdc1ee2de8a9d510e9bea58d2391ca3c02f7750d0e544e6518bdccb020be6,bitcoin-up-or-down-may-1-2026-3pm-et
"Bitcoin Up or Down - May 1, 3PM ET",Up,BUY,20,0.34,0x2df4aaf61f6677ee16d4f05d745c22682ed7c81f6aca26f1cbcf94eff5234c0e,2026-05-01 22:31:48,0xc1673ab60edb9a711f36cca316b09768a2c87f8c2d86d04fb77dd324dedbae3f,bitcoin-up-or-down-may-1-2026-3pm-et
"Bitcoin Up or Down - May 1, 3PM ET",Up,BUY,20,0.33,0x2df4aaf61f6677ee16d4f05d745c22682ed7c81f6aca26f1cbcf94eff5234c0e,2026-05-01 22:31:48,0xdddd0029b70ab73c0c7698655b5b5733e0943e0935b16fc9d330a5b173215767,bitcoin-up-or-down-may-1-2026-3pm-et
"Bitcoin Up or Down - May 1, 3PM ET",Up,BUY,200,0.36,0x2df4aaf61f6677ee16d4f05d745c22682ed7c81f6aca26f1cbcf94eff5234c0e,2026-05-01 22:31:40,0xb0126a16fd3f2e4fd1af07f4f4e423111f5ab4415406e742b58609d346f17ab1,bitcoin-up-or-down-may-1-2026-3pm-et
"Bitcoin Up or Down - May 1, 3:30PM-3:35PM ET",Down,BUY,99.166662,0.8399999991932773,0x5c44fdfd9a078d417d6dd7bc9707bfab83be6dfa973d1a736888c4bd00d603df,2026-05-01 22:31:40,0x6fb384af34ac63d53613ac61aaee55ae17363bb7880e73fdbe9b21d0cf22ee4d,btc-updown-5m-1777663800
"Bitcoin Up or Down - May 1, 3:30PM-3:45PM ET",Up,BUY,208.901784,0.27764243028197405,0x920502d5691425cd24d0e7d1f4aefcb85709faa5cf99b9250b16e8195a45ffcd,2026-05-01 22:31:40,0x45da8d6e5592435a332ae5757c4ed1d55b356fba320747740b7d051c90fe5bef,btc-updown-15m-1777663800
"Bitcoin Up or Down - May 1, 3:30PM-3:45PM ET",Up,BUY,206.260356,0.27150151432881264,0x920502d5691425cd24d0e7d1f4aefcb85709faa5cf99b9250b16e8195a45ffcd,2026-05-01 22:31:40,0x06f12dfbc9df55c06cf72f1c8d196dc89e5d31bc3ecdab879204a88e1fb112f8,btc-updown-15m-1777663800
"Bitcoin Up or Down - May 1, 3:30PM-3:45PM ET",Up,BUY,200,0.27,0x920502d5691425cd24d0e7d1f4aefcb85709faa5cf99b9250b16e8195a45ffcd,2026-05-01 22:31:40,0x7142b504cca160e02c513afac957b123892c03f671ca19e3f1235c8efe5d6263,btc-updown-15m-1777663800
"Bitcoin Up or Down - May 1, 3:30PM-3:35PM ET",Up,BUY,100,0.16,0x5c44fdfd9a078d417d6dd7bc9707bfab83be6dfa973d1a736888c4bd00d603df,2026-05-01 22:31:40,0x139caef59c5768771a2aae59a5279556dcd035846f767a7bde6a586e9099d61e,btc-updown-5m-1777663800
"Bitcoin Up or Down - May 1, 3PM ET",Up,BUY,204.732431,0.3614473712765126,0x2df4aaf61f6677ee16d4f05d745c22682ed7c81f6aca26f1cbcf94eff5234c0e,2026-05-01 22:31:40,0xaf3eb5f4b511be2956723ed52bdc46c4f66d7476a52851b1e0f9f00e50aceb35,bitcoin-up-or-down-may-1-2026-3pm-et
"Bitcoin Up or Down - May 1, 3:30PM-3:35PM ET",Down,BUY,85,0.46,0x5c44fdfd9a078d417d6dd7bc9707bfab83be6dfa973d1a736888c4bd00d603df,2026-05-01 22:31:26,0x90b03232d47a0354aa1a6587dc71faf4030aeeaf9bd466e72f83f80cac53d339,btc-updown-5m-1777663800
"Bitcoin Up or Down - May 1, 3:30PM-3:35PM ET",Down,BUY,35,0.47,0x5c44fdfd9a078d417d6dd7bc9707bfab83be6dfa973d1a736888c4bd00d603df,2026-05-01 22:31:26,0xc19cbd638c938cf6cabea476aaed262064cc5bab94980dfcfc4a9e1e7904c645,btc-updown-5m-1777663800
"Bitcoin Up or Down - May 1, 3:30PM-3:45PM ET",Down,BUY,200,0.61,0x920502d5691425cd24d0e7d1f4aefcb85709faa5cf99b9250b16e8195a45ffcd,2026-05-01 22:31:00,0xc079815969bd144ba8330c21816d1c4b1d66863387d35d68b60109e8c5efb776,btc-updown-15m-1777663800
"Bitcoin Up or Down - May 1, 3:30PM-3:35PM ET",Down,BUY,5.142856,0.6999999611111025,0x5c44fdfd9a078d417d6dd7bc9707bfab83be6dfa973d1a736888c4bd00d603df,2026-05-01 22:31:00,0x737a3c38dc43a92f1d6f267c7509496aa23fc6f999b96b814821dd2798ea1df6,btc-updown-5m-1777663800
"Bitcoin Up or Down - May 1, 3PM ET",Down,BUY,126.51,0.58,0x2df4aaf61f6677ee16d4f05d745c22682ed7c81f6aca26f1cbcf94eff5234c0e,2026-05-01 22:31:00,0x74709162e9d640464d8ce091e397afc2275b5234c503ba447e458a1d162fcdf4,bitcoin-up-or-down-may-1-2026-3pm-et
"Bitcoin Up or Down - May 1, 3PM ET",Down,BUY,203.448273,0.5799999983288135,0x2df4aaf61f6677ee16d4f05d745c22682ed7c81f6aca26f1cbcf94eff5234c0e,2026-05-01 22:31:00,0x62c34f4e465a0421be11c851874fbbe6efd9eb71e78c3cb9d7a7b56e4925d39f,bitcoin-up-or-down-may-1-2026-3pm-et
"Bitcoin Up or Down - May 1, 3:30PM-3:35PM ET",Up,BUY,100,0.31,0x5c44fdfd9a078d417d6dd7bc9707bfab83be6dfa973d1a736888c4bd00d603df,2026-05-01 22:31:00,0x1209971e96037daae9fbe9908edff5ba9706958d6b28d42c678b56817aa0b457,btc-updown-5m-1777663800
"Bitcoin Up or Down - May 1, 3:30PM-3:35PM ET",Down,BUY,17,0.7,0x5c44fdfd9a078d417d6dd7bc9707bfab83be6dfa973d1a736888c4bd00d603df,2026-05-01 22:31:00,0x19db203369d6a8bc79a9b67071a1fa9a509bf99c0c7e4a6319cb91380443a3b5,btc-updown-5m-1777663800
"Bitcoin Up or Down - May 1, 3:30PM-3:35PM ET",Down,BUY,50.714283,0.6999999980281689,0x5c44fdfd9a078d417d6dd7bc9707bfab83be6dfa973d1a736888c4bd00d603df,2026-05-01 22:31:00,0x4b864724e0229bfa183cf361439a14a15ebf6ff8d8e50192efbd3d7c81b3284c,btc-updown-5m-1777663800
"Bitcoin Up or Down - May 1, 3PM ET",Up,BUY,30,0.42,0x2df4aaf61f6677ee16d4f05d745c22682ed7c81f6aca26f1cbcf94eff5234c0e,2026-05-01 22:31:00,0x20729e083f043391880f6106c2739ff7bc4158f644ef914bd1e3927560a62035,bitcoin-up-or-down-may-1-2026-3pm-et
"Bitcoin Up or Down - May 1, 3:30PM-3:35PM ET",Up,BUY,100,0.49,0x5c44fdfd9a078d417d6dd7bc9707bfab83be6dfa973d1a736888c4bd00d603df,2026-05-01 22:30:32,0x676b556629789af2b985b1d6bb6f5d3256901824fa5396368401f541dc253604,btc-updown-5m-1777663800
"Bitcoin Up or Down - May 1, 3:30PM-3:35PM ET",Up,BUY,104.166665,0.47999999808,0x5c44fdfd9a078d417d6dd7bc9707bfab83be6dfa973d1a736888c4bd00d603df,2026-05-01 22:30:32,0xaf7be15601692f1d677bd4fcc85ba9e24988541d8e33aa5516cb2e96c764753f,btc-updown-5m-1777663800
"Bitcoin Up or Down - May 1, 3:30PM-3:45PM ET",Up,BUY,10,0.47,0x920502d5691425cd24d0e7d1f4aefcb85709faa5cf99b9250b16e8195a45ffcd,2026-05-01 22:30:30,0x04727bbd299d07f74b8cebcb3babde7bf1486df760bbb646f04ebe4429ac234f,btc-updown-15m-1777663800
"Bitcoin Up or Down - May 1, 3:15PM-3:30PM ET",Down,BUY,4.57,0.94,0x9849e8e651dc71c31bc30d5b0e4160981fd1f2ffa38f5ca5f36c77885e0d4f3d,2026-05-01 22:27:16,0x97ba69e8cbf9bdb0ef374e7e569133686109920c59083a3ce7cbb4fbcba40258,btc-updown-15m-1777662900
"Bitcoin Up or Down - May 1, 3:15PM-3:30PM ET",Down,BUY,32,0.95,0x9849e8e651dc71c31bc30d5b0e4160981fd1f2ffa38f5ca5f36c77885e0d4f3d,2026-05-01 22:27:16,0x3030dac3a439dfc860b5cd59fc5df0abdb30f11e044fb45bca5ce56c19313ea7,btc-updown-15m-1777662900
"Bitcoin Up or Down - May 1, 3:15PM-3:30PM ET",Down,BUY,5,0.93,0x9849e8e651dc71c31bc30d5b0e4160981fd1f2ffa38f5ca5f36c77885e0d4f3d,2026-05-01 22:27:16,0x049b1b776b1d818b226f90e4a199367e47e112247dd4db5d4a5fe6c59609a77a,btc-updown-15m-1777662900
"Bitcoin Up or Down - May 1, 3:15PM-3:30PM ET",Down,BUY,201.520825,0.9527550911921882,0x9849e8e651dc71c31bc30d5b0e4160981fd1f2ffa38f5ca5f36c77885e0d4f3d,2026-05-01 22:27:16,0x10bc79f8a6939e6dbe64bf1b676fc34fbfff70bcd9d7edf6577e6fa1fb0397db,btc-updown-15m-1777662900
"Bitcoin Up or Down - May 1, 3:15PM-3:30PM ET",Down,BUY,80.75,0.91,0x9849e8e651dc71c31bc30d5b0e4160981fd1f2ffa38f5ca5f36c77885e0d4f3d,2026-05-01 22:27:16,0x4f64181af4fd59dcac9426aa26faa45fe5d06aa1f7e127e9d47c20eb92a0b4d6,btc-updown-15m-1777662900
"Bitcoin Up or Down - May 1, 3:15PM-3:30PM ET",Down,BUY,26.285711,0.9099999996195651,0x9849e8e651dc71c31bc30d5b0e4160981fd1f2ffa38f5ca5f36c77885e0d4f3d,2026-05-01 22:27:16,0xe67ca0646c24a3b082d49fbc7ba9588936de3ff4cd1286317f41f3d873c87f01,btc-updown-15m-1777662900
"Bitcoin Up or Down - May 1, 3:15PM-3:30PM ET",Down,BUY,38,0.83,0x9849e8e651dc71c31bc30d5b0e4160981fd1f2ffa38f5ca5f36c77885e0d4f3d,2026-05-01 22:25:46,0xaa9c7d55a98a4b2ca9a763d9e21619f71a4fdaed61973653880406b0fb1ef30c,btc-updown-15m-1777662900
"Bitcoin Up or Down - May 1, 3:15PM-3:30PM ET",Up,BUY,131.99,0.22,0x9849e8e651dc71c31bc30d5b0e4160981fd1f2ffa38f5ca5f36c77885e0d4f3d,2026-05-01 22:25:38,0xccf8e14633521ebed62fa3c2c7571e53f2f297d6fdbb1dac1980a2c034dfcbf4,btc-updown-15m-1777662900
"Bitcoin Up or Down - May 1, 3:15PM-3:30PM ET",Up,BUY,200,0.24,0x9849e8e651dc71c31bc30d5b0e4160981fd1f2ffa38f5ca5f36c77885e0d4f3d,2026-05-01 22:25:38,0x2cd34532e43594b42cd0482122d09773ba2940b89ce03f630d4715b83a8874f5,btc-updown-15m-1777662900
"Bitcoin Up or Down - May 1, 3:15PM-3:30PM ET",Up,BUY,35,0.23,0x9849e8e651dc71c31bc30d5b0e4160981fd1f2ffa38f5ca5f36c77885e0d4f3d,2026-05-01 22:25:38,0x769d8b3b8de0762e80178db011a9b13363bd2c29da9791b40f34db9e989af46e,btc-updown-15m-1777662900
"Bitcoin Up or Down - May 1, 3:15PM-3:30PM ET",Up,BUY,45.99,0.25,0x9849e8e651dc71c31bc30d5b0e4160981fd1f2ffa38f5ca5f36c77885e0d4f3d,2026-05-01 22:25:34,0x8fc89658792bf9dd85c462ee33dbbda13fb44d9f90608cce6bb58bf1384933f1,btc-updown-15m-1777662900
"Bitcoin Up or Down - May 1, 3:15PM-3:30PM ET",Down,BUY,200,0.94,0x9849e8e651dc71c31bc30d5b0e4160981fd1f2ffa38f5ca5f36c77885e0d4f3d,2026-05-01 22:24:36,0x2d05b4e559d86728eb2e5dd5bcb16b8118880636c40ca04bc001bfade6f6ccda,btc-updown-15m-1777662900
"Bitcoin Up or Down - May 1, 3:15PM-3:30PM ET",Down,BUY,33,0.92,0x9849e8e651dc71c31bc30d5b0e4160981fd1f2ffa38f5ca5f36c77885e0d4f3d,2026-05-01 22:24:30,0xfce0472b83aa79ea21d147f28597eb782a4bed24190e8070139f528ac228cb22,btc-updown-15m-1777662900
"Bitcoin Up or Down - May 1, 3:15PM-3:30PM ET",Down,BUY,10,0.91,0x9849e8e651dc71c31bc30d5b0e4160981fd1f2ffa38f5ca5f36c77885e0d4f3d,2026-05-01 22:24:12,0x3443f67f4f677b19c86145d44c1b183f24937cef5a1dfac352800d53de5baf64,btc-updown-15m-1777662900
"Bitcoin Up or Down - May 1, 3PM ET",Up,BUY,28.51,0.53,0x2df4aaf61f6677ee16d4f05d745c22682ed7c81f6aca26f1cbcf94eff5234c0e,2026-05-01 22:23:48,0x35d7d27eee0682b20534259710691f68033319eabe185fa7e007b995f4737d04,bitcoin-up-or-down-may-1-2026-3pm-et
"Bitcoin Up or Down - May 1, 3:15PM-3:30PM ET",Up,BUY,151.8,0.14,0x9849e8e651dc71c31bc30d5b0e4160981fd1f2ffa38f5ca5f36c77885e0d4f3d,2026-05-01 22:23:48,0x14706f15f2c0cef41a6944ee6233c5e5bf84c0f4434ed67aaad92665d57a87e2,btc-updown-15m-1777662900
"Bitcoin Up or Down - May 1, 3:15PM-3:30PM ET",Up,BUY,214.285713,0.1399999961733333,0x9849e8e651dc71c31bc30d5b0e4160981fd1f2ffa38f5ca5f36c77885e0d4f3d,2026-05-01 22:23:48,0x117116a630eced268176f67ccdb34721fd8386d991a9fb242b18903bfd193854,btc-updown-15m-1777662900
"Bitcoin Up or Down - May 1, 3:15PM-3:30PM ET",Up,BUY,132.87,0.1,0x9849e8e651dc71c31bc30d5b0e4160981fd1f2ffa38f5ca5f36c77885e0d4f3d,2026-05-01 22:23:22,0x5182dc064fae4aaa10ae44dc6b649cb13bce51536e3b40550b77b816242c286b,btc-updown-15m-1777662900
"Bitcoin Up or Down - May 1, 3:20PM-3:25PM ET",Down,BUY,30.7,0.4,0xa84a6ef95b6802b0f36bbb229c875e35ece92ba390974c528a4db67380c4f434,2026-05-01 22:23:00,0x292f44fba0d9f8015461e1d70a9da2386340b0d8b06a2a4a9afcfa417936d999,btc-updown-5m-1777663200
"Bitcoin Up or Down - May 1, 3:20PM-3:25PM ET",Up,BUY,39.39,0.52,0xa84a6ef95b6802b0f36bbb229c875e35ece92ba390974c528a4db67380c4f434,2026-05-01 22:22:50,0x3b10b06cfba5c5bb4c21122682a6a1e799c3bb375baa3fd20ca2287d3783daa6,btc-updown-5m-1777663200
"Bitcoin Up or Down - May 1, 3:20PM-3:25PM ET",Up,BUY,10,0.5,0xa84a6ef95b6802b0f36bbb229c875e35ece92ba390974c528a4db67380c4f434,2026-05-01 22:22:50,0x9ad656c5d25be795c5738b24d7de38d8209cf896f3297dbd170812606e4f2b04,btc-updown-5m-1777663200
"Bitcoin Up or Down - May 1, 3:20PM-3:25PM ET",Up,BUY,100,0.64,0xa84a6ef95b6802b0f36bbb229c875e35ece92ba390974c528a4db67380c4f434,2026-05-01 22:21:42,0xa02bfb0b59dac7026225d8727d7a6a6606392efce68703c4d2de67ee745cbf3b,btc-updown-5m-1777663200
"Bitcoin Up or Down - May 1, 3PM ET",Up,BUY,128.06,0.48,0x2df4aaf61f6677ee16d4f05d745c22682ed7c81f6aca26f1cbcf94eff5234c0e,2026-05-01 22:21:10,0x1ac6f6caf71922e3e01df8531fcfbdfb0928d71f0ee2b91a5806e83b84832c62,bitcoin-up-or-down-may-1-2026-3pm-et
"Bitcoin Up or Down - May 1, 3:20PM-3:25PM ET",Down,BUY,101.785713,0.5599999972491227,0xa84a6ef95b6802b0f36bbb229c875e35ece92ba390974c528a4db67380c4f434,2026-05-01 22:20:56,0xfafc969a8a4d564f4a3a7994c1164a544626ba0d9ea64007fd22039a250f89b9,btc-updown-5m-1777663200
"Bitcoin Up or Down - May 1, 3:20PM-3:25PM ET",Down,BUY,39,0.56,0xa84a6ef95b6802b0f36bbb229c875e35ece92ba390974c528a4db67380c4f434,2026-05-01 22:20:54,0x8c69effe263c8b4d5587c7fa1185adbf1dd1e8f8f2fcfa3de1fef398b0d7413f,btc-updown-5m-1777663200
"Bitcoin Up or Down - May 1, 3:20PM-3:25PM ET",Down,BUY,35.31,0.5,0xa84a6ef95b6802b0f36bbb229c875e35ece92ba390974c528a4db67380c4f434,2026-05-01 22:20:28,0xcb8c31a2ab21672f17f7ea796e5cb0833451e5c261368be97eab018f1fa1a35d,btc-updown-5m-1777663200
"Bitcoin Up or Down - May 1, 3:15PM-3:30PM ET",Up,BUY,200,0.09,0x9849e8e651dc71c31bc30d5b0e4160981fd1f2ffa38f5ca5f36c77885e0d4f3d,2026-05-01 22:19:22,0x6b1c77744ff677fdea68e6282054f62a95de5207ff5d1aedbf24f65e586399f1,btc-updown-15m-1777662900
"Bitcoin Up or Down - May 1, 3:15PM-3:30PM ET",Down,BUY,200,0.93,0x9849e8e651dc71c31bc30d5b0e4160981fd1f2ffa38f5ca5f36c77885e0d4f3d,2026-05-01 22:19:06,0x1c544f67880354bd7460aef1482f280332b93e070a9c6c887e3b8c3590a6be23,btc-updown-15m-1777662900
"Bitcoin Up or Down - May 1, 3PM ET",Down,BUY,200,0.56,0x2df4aaf61f6677ee16d4f05d745c22682ed7c81f6aca26f1cbcf94eff5234c0e,2026-05-01 22:19:06,0x09f31c8c5afb2cfd2f062c2a561b8e800b8a4a455873acc46ffc306c088d2146,bitcoin-up-or-down-may-1-2026-3pm-et
"Bitcoin Up or Down - May 1, 3:15PM-3:30PM ET",Down,BUY,45.41,0.79,0x9849e8e651dc71c31bc30d5b0e4160981fd1f2ffa38f5ca5f36c77885e0d4f3d,2026-05-01 22:17:26,0x7b07016c3f58e31ecc71d76f2fce2864e4b8e7ecc2e395fea0ba02364a2f88cb,btc-updown-15m-1777662900
"Bitcoin Up or Down - May 1, 3PM ET",Down,BUY,200,0.34,0x2df4aaf61f6677ee16d4f05d745c22682ed7c81f6aca26f1cbcf94eff5234c0e,2026-05-01 22:16:44,0x46534bbe2ff4e057c4377e5a0a8b339e91e0add74f8339fba48314452e04d22f,bitcoin-up-or-down-may-1-2026-3pm-et
"Bitcoin Up or Down - May 1, 3:15PM-3:20PM ET",Up,BUY,100,0.46,0x9704031ee3a41490b0a98013d9563ff154c75d4e9221770f7886186d7b65fca7,2026-05-01 22:16:00,0x4ab2effa03c2121c96501a9bd69f3990ee5004582bcd951d34acecbc41a66f22,btc-updown-5m-1777662900
"Bitcoin Up or Down - May 1, 3:15PM-3:20PM ET",Down,BUY,100.318332,0.5980960588539291,0x9704031ee3a41490b0a98013d9563ff154c75d4e9221770f7886186d7b65fca7,2026-05-01 22:15:48,0x90fbe34d779e31ead83774c99f84f0f785b98fa2706768973291acd7a6cf16e1,btc-updown-5m-1777662900
"Bitcoin Up or Down - May 1, 3:15PM-3:20PM ET",Down,BUY,100,0.59,0x9704031ee3a41490b0a98013d9563ff154c75d4e9221770f7886186d7b65fca7,2026-05-01 22:15:46,0x0aceddb0b6dceb8df44eafbd7aad8cae87a4ad52141956f962843b2460f9bad3,btc-updown-5m-1777662900
"Bitcoin Up or Down - May 1, 3:15PM-3:20PM ET",Down,BUY,100.4612,0.49770458644730503,0x9704031ee3a41490b0a98013d9563ff154c75d4e9221770f7886186d7b65fca7,2026-05-01 22:15:38,0x4eed4ccd29036d072e358544e6fe07959c64b09a271edcdc9f484e51ee6912cd,btc-updown-5m-1777662900
"Bitcoin Up or Down - May 1, 3:15PM-3:20PM ET",Down,BUY,100,0.49,0x9704031ee3a41490b0a98013d9563ff154c75d4e9221770f7886186d7b65fca7,2026-05-01 22:15:38,0x15d1acda2456973a3c9134b84e5da09c30f3b561d1cbbd3cc928b96cba63a218,btc-updown-5m-1777662900
"Bitcoin Up or Down - May 1, 3:15PM-3:20PM ET",Down,BUY,102,0.5,0x9704031ee3a41490b0a98013d9563ff154c75d4e9221770f7886186d7b65fca7,2026-05-01 22:15:32,0xab0fd423799f58c108a5216fb54275f7a49f8081908251fdfbff234733ad8c5d,btc-updown-5m-1777662900
"Bitcoin Up or Down - May 1, 3:15PM-3:20PM ET",Down,BUY,64,0.5,0x9704031ee3a41490b0a98013d9563ff154c75d4e9221770f7886186d7b65fca7,2026-05-01 22:15:32,0xdc982e6ea99faa54edfc1fe9aa9e80bf5c371928b987552d4a1c5c3e46b841cc,btc-updown-5m-1777662900
"Bitcoin Up or Down - May 1, 3:15PM-3:20PM ET",Up,BUY,103.571427,0.5599999988413793,0x9704031ee3a41490b0a98013d9563ff154c75d4e9221770f7886186d7b65fca7,2026-05-01 22:15:30,0x4733d3e04be5d275f3ffc3915ad92a62f17358b275d7670278262d95f58c235f,btc-updown-5m-1777662900
"Bitcoin Up or Down - May 1, 3:15PM-3:30PM ET",Up,BUY,216,0.5,0x9849e8e651dc71c31bc30d5b0e4160981fd1f2ffa38f5ca5f36c77885e0d4f3d,2026-05-01 22:15:30,0x69ae459564aee6799e907cd818bd3334b1aedf8518ada9d83ae720bcfb8d97bc,btc-updown-15m-1777662900
"Bitcoin Up or Down - May 1, 3:15PM-3:30PM ET",Up,BUY,207.843136,0.5099999982679245,0x9849e8e651dc71c31bc30d5b0e4160981fd1f2ffa38f5ca5f36c77885e0d4f3d,2026-05-01 22:15:30,0x800c8a75c1b24b459fa13a70a39ed8edb3dffdab39ea3c40df7fcb03f84f8e51,btc-updown-15m-1777662900
"Bitcoin Up or Down - May 1, 3:15PM-3:20PM ET",Up,BUY,106.98214,0.5514939035618469,0x9704031ee3a41490b0a98013d9563ff154c75d4e9221770f7886186d7b65fca7,2026-05-01 22:15:30,0xcd321dfcae4c6ad14846bf063a604354ea20ca8e0ae960fc6adda6d99db18aeb,btc-updown-5m-1777662900
"Bitcoin Up or Down - May 1, 3:15PM-3:20PM ET",Up,BUY,100,0.56,0x9704031ee3a41490b0a98013d9563ff154c75d4e9221770f7886186d7b65fca7,2026-05-01 22:15:30,0xd81ae7ca360c2a5d0cfffedcadda2b876ea7085e2f1440d40c8885d22cb90777,btc-updown-5m-1777662900
"Bitcoin Up or Down - May 1, 3:15PM-3:20PM ET",Up,BUY,101.890534,0.5594238911339889,0x9704031ee3a41490b0a98013d9563ff154c75d4e9221770f7886186d7b65fca7,2026-05-01 22:15:30,0x91d387a59a4d3f84544bc49166e950d4a89f927d4f68229a8ced46096c2a36b0,btc-updown-5m-1777662900
"Bitcoin Up or Down - May 1, 3:15PM-3:30PM ET",Up,BUY,159.95,0.5,0x9849e8e651dc71c31bc30d5b0e4160981fd1f2ffa38f5ca5f36c77885e0d4f3d,2026-05-01 22:15:26,0x9df08eac941392099a001e7a9dfbbdc78277e07f792e8c99bb23b3e3e0570e08,btc-updown-15m-1777662900
"Bitcoin Up or Down - May 1, 3:15PM-3:30PM ET",Up,BUY,19,0.51,0x9849e8e651dc71c31bc30d5b0e4160981fd1f2ffa38f5ca5f36c77885e0d4f3d,2026-05-01 22:15:26,0xaad2821064445c06288f71fc2e5d3ef1aaaa5cb7fd08c82d18a950254353d20e,btc-updown-15m-1777662900
"Bitcoin Up or Down - May 1, 3:15PM-3:20PM ET",Up,BUY,100,0.51,0x9704031ee3a41490b0a98013d9563ff154c75d4e9221770f7886186d7b65fca7,2026-05-01 22:15:24,0x86063ca9efecb3a0b67e7fdaae84df19f36e6c09e5d68e9f541c983cc07b189c,btc-updown-5m-1777662900
"Bitcoin Up or Down - May 1, 3:15PM-3:20PM ET",Up,BUY,100,0.51,0x9704031ee3a41490b0a98013d9563ff154c75d4e9221770f7886186d7b65fca7,2026-05-01 22:15:24,0xfe0cedab38ca19439874a304d9f8b081073dea9ab7ae8a0d716769a37cd461e6,btc-updown-5m-1777662900
"Bitcoin Up or Down - May 1, 3:10PM-3:15PM ET",Up,BUY,100,0.32,0x8da9f4eccd3eb4d07bc704fab47361af09f5aa4d9707ac1f3a3efb0251693cd4,2026-05-01 22:14:18,0xf9ceec488b29a9f871716fec3a2ca03ee7405f828df29cd3d28f7927ee23df25,btc-updown-5m-1777662600
"Bitcoin Up or Down - May 1, 3:10PM-3:15PM ET",Up,BUY,5,0.31,0x8da9f4eccd3eb4d07bc704fab47361af09f5aa4d9707ac1f3a3efb0251693cd4,2026-05-01 22:14:18,0x7059bae2e146de5eba0785febe4a2d978b872f6aed094c3ed61bf195a3367eef,btc-updown-5m-1777662600
"Bitcoin Up or Down - May 1, 3:10PM-3:15PM ET",Up,BUY,10,0.33,0x8da9f4eccd3eb4d07bc704fab47361af09f5aa4d9707ac1f3a3efb0251693cd4,2026-05-01 22:14:04,0x73f0223f2f5e95acec70f3395e2642f4f914286550dc4fd07e00c59c018f4097,btc-updown-5m-1777662600
"Bitcoin Up or Down - May 1, 3:10PM-3:15PM ET",Up,BUY,46.39,0.32,0x8da9f4eccd3eb4d07bc704fab47361af09f5aa4d9707ac1f3a3efb0251693cd4,2026-05-01 22:14:04,0xcf0372b82c6f97e4a7d708ce94d3866980c22e670c17a87626ad136c37be0e22,btc-updown-5m-1777662600
"Bitcoin Up or Down - May 1, 3:10PM-3:15PM ET",Up,BUY,100,0.37,0x8da9f4eccd3eb4d07bc704fab47361af09f5aa4d9707ac1f3a3efb0251693cd4,2026-05-01 22:13:58,0xf9532ed1b69e732e8570fec6d95f277d8c25c6f5ae9ff010bd336d4b64b9ecf4,btc-updown-5m-1777662600
"Bitcoin Up or Down - May 1, 3:10PM-3:15PM ET",Down,BUY,37.92,0.82,0x8da9f4eccd3eb4d07bc704fab47361af09f5aa4d9707ac1f3a3efb0251693cd4,2026-05-01 22:12:30,0x9f8f955eba4840c7c6b22d7d922aa3b039c016ccb88a9bbd50b2301da08dbe4e,btc-updown-5m-1777662600
"Bitcoin Up or Down - May 1, 3:10PM-3:15PM ET",Down,BUY,28.54,0.81,0x8da9f4eccd3eb4d07bc704fab47361af09f5aa4d9707ac1f3a3efb0251693cd4,2026-05-01 22:12:28,0x4c11f8189bd63df67c4625b1c63f861c5e22d4d7e3c93cfee984fcba275930a7,btc-updown-5m-1777662600
"Bitcoin Up or Down - May 1, 3:00PM-3:15PM ET",Down,BUY,105.85,0.11,0xc9bf8331eb932857d3905e3cd0df41fd6035e0cc4b4fc7a538cdbb1018f74c2d,2026-05-01 22:11:58,0x99bb5aa10a182c728b7a4ad9c994ae07c78583648cea018173cb56e62947e441,btc-updown-15m-1777662000
"Bitcoin Up or Down - May 1, 3:10PM-3:15PM ET",Down,BUY,5,0.72,0x8da9f4eccd3eb4d07bc704fab47361af09f5aa4d9707ac1f3a3efb0251693cd4,2026-05-01 22:11:58,0x7478e67a4d66234ba9b40f16fe3b7cc7e7cadc410a7cf6dc22d214372bc3a74d,btc-updown-5m-1777662600
"Bitcoin Up or Down - May 1, 3:00PM-3:15PM ET",Down,BUY,8,0.07,0xc9bf8331eb932857d3905e3cd0df41fd6035e0cc4b4fc7a538cdbb1018f74c2d,2026-05-01 22:11:00,0x40a177caa79661d259d3a9b70b5beb1c9307c291223b61cfa79314223670afe0,btc-updown-15m-1777662000
"Bitcoin Up or Down - May 1, 3PM ET",Up,BUY,130.66,0.74,0x2df4aaf61f6677ee16d4f05d745c22682ed7c81f6aca26f1cbcf94eff5234c0e,2026-05-01 22:10:52,0x8dfb1ef554bc9a0577c92c4f053a2093a565d35337248c1f43847f2489625649,bitcoin-up-or-down-may-1-2026-3pm-et
"Bitcoin Up or Down - May 1, 3PM ET",Up,BUY,20,0.73,0x2df4aaf61f6677ee16d4f05d745c22682ed7c81f6aca26f1cbcf94eff5234c0e,2026-05-01 22:10:52,0xfb3c505f1387325dcb046d9825de44fa44e500f87501e6ec6de54f247bdcb886,bitcoin-up-or-down-may-1-2026-3pm-et
"Bitcoin Up or Down - May 1, 3:10PM-3:15PM ET",Up,BUY,119.230768,0.5199999969806451,0x8da9f4eccd3eb4d07bc704fab47361af09f5aa4d9707ac1f3a3efb0251693cd4,2026-05-01 22:10:52,0xd2dab992e51072aac1f8ef2cc7ca78b1fc059e2d71085f74e04f20f89e289c93,btc-updown-5m-1777662600
"Bitcoin Up or Down - May 1, 3:10PM-3:15PM ET",Up,BUY,100,0.52,0x8da9f4eccd3eb4d07bc704fab47361af09f5aa4d9707ac1f3a3efb0251693cd4,2026-05-01 22:10:52,0xd79529444b8f09d95856540c17fc454c3cd01180e8abd82629ce60735e39840a,btc-updown-5m-1777662600
"Bitcoin Up or Down - May 1, 3:00PM-3:15PM ET",Down,BUY,200,0.08,0xc9bf8331eb932857d3905e3cd0df41fd6035e0cc4b4fc7a538cdbb1018f74c2d,2026-05-01 22:10:52,0x2b11ef1c06fd08234f53c13e8998a8a69d30e6b36dc4472f0a60d3102f7cc1ed,btc-updown-15m-1777662000
"Bitcoin Up or Down - May 1, 3:10PM-3:15PM ET",Up,BUY,101.668112,0.5213040545102283,0x8da9f4eccd3eb4d07bc704fab47361af09f5aa4d9707ac1f3a3efb0251693cd4,2026-05-01 22:10:52,0x2daec5f44f0ff445fd9186f32b0d7ddb405cc478f6edd1e36b87214513f9f262,btc-updown-5m-1777662600
"Bitcoin Up or Down - May 1, 3:00PM-3:15PM ET",Down,BUY,80,0.15,0xc9bf8331eb932857d3905e3cd0df41fd6035e0cc4b4fc7a538cdbb1018f74c2d,2026-05-01 22:10:42,0xf548d397219ee0a9e0bf6f2757acdb51e6262b8c0a5631b1a7f963d891b48cb9,btc-updown-15m-1777662000
"Bitcoin Up or Down - May 1, 3:00PM-3:15PM ET",Up,BUY,200,0.9,0xc9bf8331eb932857d3905e3cd0df41fd6035e0cc4b4fc7a538cdbb1018f74c2d,2026-05-01 22:09:32,0x85df3e2183f4c4150d96d47a65d1c252ef4e67c4727d14ce40d00b19d762df42,btc-updown-15m-1777662000
"Bitcoin Up or Down - May 1, 3PM ET",Up,BUY,80.12,0.74,0x2df4aaf61f6677ee16d4f05d745c22682ed7c81f6aca26f1cbcf94eff5234c0e,2026-05-01 22:06:18,0x0dc7cdce8c0571a211e38ea654ef391107600157c33119869f05f32fd2aa82b6,bitcoin-up-or-down-may-1-2026-3pm-et
"Bitcoin Up or Down - May 1, 3PM ET",Up,BUY,83.25,0.68,0x2df4aaf61f6677ee16d4f05d745c22682ed7c81f6aca26f1cbcf94eff5234c0e,2026-05-01 22:06:02,0x2915990893e79101a1bc1cc3ecf5f1316df0f036561137cb9b8bd9d457ac7b5a,bitcoin-up-or-down-may-1-2026-3pm-et
"Bitcoin Up or Down - May 1, 3PM ET",Up,BUY,200,0.66,0x2df4aaf61f6677ee16d4f05d745c22682ed7c81f6aca26f1cbcf94eff5234c0e,2026-05-01 22:05:52,0x3b5c48cc2f7ef186f899139b7f8d6ab221153b05c4783b34367064c95e96df94,bitcoin-up-or-down-may-1-2026-3pm-et
"Bitcoin Up or Down - May 1, 3PM ET",Up,BUY,90,0.6438888888888888,0x2df4aaf61f6677ee16d4f05d745c22682ed7c81f6aca26f1cbcf94eff5234c0e,2026-05-01 22:05:44,0x1f5d0b31b7288c09e92437596f78733f2c105dadb9b4fb06392a05ef61514fc3,bitcoin-up-or-down-may-1-2026-3pm-et
"Bitcoin Up or Down - May 1, 3PM ET",Down,BUY,10.405404,0.3651947584159154,0x2df4aaf61f6677ee16d4f05d745c22682ed7c81f6aca26f1cbcf94eff5234c0e,2026-05-01 22:05:42,0xb2ff093b69a1dff7419a536e8838ae3a5e567c051d801ced8bfe8a86cd71db1f,bitcoin-up-or-down-may-1-2026-3pm-et
"Bitcoin Up or Down - May 1, 3PM ET",Up,BUY,200,0.64,0x2df4aaf61f6677ee16d4f05d745c22682ed7c81f6aca26f1cbcf94eff5234c0e,2026-05-01 22:05:42,0x0a94ec0afb4aefb57e2acd85aee8e2c94e6487741e791c92454a48d226be34ac,bitcoin-up-or-down-may-1-2026-3pm-et
"Bitcoin Up or Down - May 1, 3:00PM-3:05PM ET",Down,BUY,109.252726,0.1006839774414416,0x292c21fe09fa4e89d2e75e0f30c1a3cfa95cae2d8a7615d131ba0d6567e56616,2026-05-01 22:02:52,0x95716b1b94fd17ce7826d477687721dbaaf3445e1eec5f0465d99a67ec622af6,btc-updown-5m-1777662000
"Bitcoin Up or Down - May 1, 3:00PM-3:05PM ET",Down,BUY,100,0.1,0x292c21fe09fa4e89d2e75e0f30c1a3cfa95cae2d8a7615d131ba0d6567e56616,2026-05-01 22:02:50,0xa08013e5c89d13e469186754c6d7841ce6af71f4dd702cda534937080e545d68,btc-updown-5m-1777662000
"Bitcoin Up or Down - May 1, 3:00PM-3:15PM ET",Up,BUY,202.7027,0.74,0xc9bf8331eb932857d3905e3cd0df41fd6035e0cc4b4fc7a538cdbb1018f74c2d,2026-05-01 22:02:48,0x9adb1056d769111aca8619ef260ac38bf6a07e05e97be84bcbc3fa1c6885654c,btc-updown-15m-1777662000
"Bitcoin Up or Down - May 1, 3:00PM-3:15PM ET",Up,BUY,200,0.74,0xc9bf8331eb932857d3905e3cd0df41fd6035e0cc4b4fc7a538cdbb1018f74c2d,2026-05-01 22:02:48,0xe045f7b9a8a6b4d8618c9ee588a64852cacebc60ce31bc43410f719532f3dd25,btc-updown-15m-1777662000
"Bitcoin Up or Down - May 1, 3PM ET",Up,BUY,30,0.54,0x2df4aaf61f6677ee16d4f05d745c22682ed7c81f6aca26f1cbcf94eff5234c0e,2026-05-01 22:02:38,0x7f2aa7e2263a707058192cdad0553b3ae029cdc4aa720f38730c9948d86305c3,bitcoin-up-or-down-may-1-2026-3pm-et
"Bitcoin Up or Down - May 1, 3PM ET",Up,BUY,160.41,0.53,0x2df4aaf61f6677ee16d4f05d745c22682ed7c81f6aca26f1cbcf94eff5234c0e,2026-05-01 22:02:38,0xdb4e18614d10f0405239544d0264672c28cc9bc8b70958a44607f6ebadc5cf3f,bitcoin-up-or-down-may-1-2026-3pm-et
"Bitcoin Up or Down - May 1, 3PM ET",Up,BUY,79.8,0.52,0x2df4aaf61f6677ee16d4f05d745c22682ed7c81f6aca26f1cbcf94eff5234c0e,2026-05-01 22:02:38,0xf9b681d6c615ba96875dc290b63e21103b4a7680ff46eab6de58f1e1f0cf6e18,bitcoin-up-or-down-may-1-2026-3pm-et
"Bitcoin Up or Down - May 1, 3:00PM-3:05PM ET",Up,BUY,101.0284,0.4949103420424356,0x292c21fe09fa4e89d2e75e0f30c1a3cfa95cae2d8a7615d131ba0d6567e56616,2026-05-01 22:01:04,0xd69e13e195f8639ed0a3557a9d8ceb483613cbbbfaf16e0c567242ed41813ff2,btc-updown-5m-1777662000
"Bitcoin Up or Down - May 1, 3:00PM-3:05PM ET",Down,BUY,63.48,0.48,0x292c21fe09fa4e89d2e75e0f30c1a3cfa95cae2d8a7615d131ba0d6567e56616,2026-05-01 22:00:42,0xacf36cc3be5c65a7c334427a43053f46503ebf4601c544af77dbcc7b605809e3,btc-updown-5m-1777662000
"Bitcoin Up or Down - May 1, 3:00PM-3:05PM ET",Down,BUY,14.22,0.56,0x292c21fe09fa4e89d2e75e0f30c1a3cfa95cae2d8a7615d131ba0d6567e56616,2026-05-01 22:00:32,0xd1434b2eb92e0827d808105118fcf40e3b5f9ffd8f64f3e8e66584e18e11aa56,btc-updown-5m-1777662000
"Bitcoin Up or Down - May 1, 3:00PM-3:05PM ET",Down,BUY,100,0.5,0x292c21fe09fa4e89d2e75e0f30c1a3cfa95cae2d8a7615d131ba0d6567e56616,2026-05-01 22:00:30,0x26c0d71481058d92b6defebeb55283c38fbf883bd494af9484fdb99b771bdc22,btc-updown-5m-1777662000
"Bitcoin Up or Down - May 1, 3PM ET",Up,BUY,38,0.5,0x2df4aaf61f6677ee16d4f05d745c22682ed7c81f6aca26f1cbcf94eff5234c0e,2026-05-01 22:00:24,0xca5fa06fea5404da46b38bb29e1fde2d479259e9ae1c3da205e2ca6cf0676c5d,bitcoin-up-or-down-may-1-2026-3pm-et
"Bitcoin Up or Down - May 1, 2:55PM-3:00PM ET",Down,BUY,100,0.49,0x0cf39d5c319a59a2e030bd67f26c952f16d876fecd77686f1fad282afadeb0fd,2026-05-01 21:59:30,0xf4f80b13de30e17e8169b1e4303bb7160c73735691d28c38818ecb03e8917de7,btc-updown-5m-1777661700
"Bitcoin Up or Down - May 1, 2:55PM-3:00PM ET",Down,BUY,25.5,0.46,0x0cf39d5c319a59a2e030bd67f26c952f16d876fecd77686f1fad282afadeb0fd,2026-05-01 21:59:30,0xed84030f0579a376a9d66fe8ec879fcba78eab47bb7e9cd3d6b677ce2529a075,btc-updown-5m-1777661700
"Bitcoin Up or Down - May 1, 2:55PM-3:00PM ET",Down,BUY,100,0.81,0x0cf39d5c319a59a2e030bd67f26c952f16d876fecd77686f1fad282afadeb0fd,2026-05-01 21:58:26,0x4abdcc9cbf262839195c74ac809b7eff3622ef43cd507d07d94fd185ad90a1fe,btc-updown-5m-1777661700
"Bitcoin Up or Down - May 1, 2:55PM-3:00PM ET",Up,BUY,4.44,0.18,0x0cf39d5c319a59a2e030bd67f26c952f16d876fecd77686f1fad282afadeb0fd,2026-05-01 21:58:24,0x888d9c45288c63f4f34e5e78e76734e5fa7c4610f2d8de63b6d61022fbb6fee6,btc-updown-5m-1777661700
"Bitcoin Up or Down - May 1, 2:55PM-3:00PM ET",Up,BUY,100,0.12,0x0cf39d5c319a59a2e030bd67f26c952f16d876fecd77686f1fad282afadeb0fd,2026-05-01 21:57:06,0xb30c6bb46a984902bbc58a6eef6acb415282c4b2acd1a156c3989d6496fcce2c,btc-updown-5m-1777661700
"Bitcoin Up or Down - May 1, 2:55PM-3:00PM ET",Down,BUY,55.255807,0.8599999996380471,0x0cf39d5c319a59a2e030bd67f26c952f16d876fecd77686f1fad282afadeb0fd,2026-05-01 21:56:58,0x8f7bfe564a624704b624fa35a799afa1f6df23d50a734eea73533e53b21c27ba,btc-updown-5m-1777661700
"Bitcoin Up or Down - May 1, 2:55PM-3:00PM ET",Down,BUY,41.476742,0.8599999971068123,0x0cf39d5c319a59a2e030bd67f26c952f16d876fecd77686f1fad282afadeb0fd,2026-05-01 21:56:58,0xbca86ecbc22876303d61237d9167e8af24745ce6422bdae4ab57cf97117c29d7,btc-updown-5m-1777661700
"Bitcoin Up or Down - May 1, 2:55PM-3:00PM ET",Down,BUY,2,0.86,0x0cf39d5c319a59a2e030bd67f26c952f16d876fecd77686f1fad282afadeb0fd,2026-05-01 21:56:58,0xdcc9331bc76f0bd481fa0096463df18d251eef2d8ffbaf61695ec0b2c11ddb1d,btc-updown-5m-1777661700
"Bitcoin Up or Down - May 1, 2:55PM-3:00PM ET",Down,BUY,103.488371,0.8599999994202248,0x0cf39d5c319a59a2e030bd67f26c952f16d876fecd77686f1fad282afadeb0fd,2026-05-01 21:56:58,0x051f56aaf83b43c1ffb380c64908c4948d0827950af60d63bd36d94572087c24,btc-updown-5m-1777661700
"Bitcoin Up or Down - May 1, 2:55PM-3:00PM ET",Down,BUY,102,0.5,0x0cf39d5c319a59a2e030bd67f26c952f16d876fecd77686f1fad282afadeb0fd,2026-05-01 21:56:32,0x6da0bdad156f1235b1d79cadd6e014ffaabe2105c340edd81ee84fc235c6a9cc,btc-updown-5m-1777661700
"Bitcoin Up or Down - May 1, 2:55PM-3:00PM ET",Down,BUY,16.64,0.5,0x0cf39d5c319a59a2e030bd67f26c952f16d876fecd77686f1fad282afadeb0fd,2026-05-01 21:56:32,0xf696ddbb153b69f0ff78af545d531d830f7ba839459838e6f837de0754314238,btc-updown-5m-1777661700
"Bitcoin Up or Down - May 1, 2:55PM-3:00PM ET",Down,BUY,100,0.5,0x0cf39d5c319a59a2e030bd67f26c952f16d876fecd77686f1fad282afadeb0fd,2026-05-01 21:56:32,0xae826a6a592729f94625e5bb12d812c5e8d28de1d07554c791fea8a251b48c4a,btc-updown-5m-1777661700
"Bitcoin Up or Down - May 1, 2:55PM-3:00PM ET",Down,BUY,36.58,0.4554674685620558,0x0cf39d5c319a59a2e030bd67f26c952f16d876fecd77686f1fad282afadeb0fd,2026-05-01 21:56:30,0xcf22ba235bf439ef1965922216ad7b6e25c74d1279acf38755161b9a3ca347eb,btc-updown-5m-1777661700
"Bitcoin Up or Down - May 1, 2:55PM-3:00PM ET",Up,BUY,13.92,0.64,0x0cf39d5c319a59a2e030bd67f26c952f16d876fecd77686f1fad282afadeb0fd,2026-05-01 21:56:02,0x2f7e4a8d42b010102ac639d0766ad8a209b3ca999b94e443e5dc5bed2fbc6aac,btc-updown-5m-1777661700
"Bitcoin Up or Down - May 1, 2:55PM-3:00PM ET",Down,BUY,100,0.46,0x0cf39d5c319a59a2e030bd67f26c952f16d876fecd77686f1fad282afadeb0fd,2026-05-01 21:55:20,0x7f87627e64db878671dfb6310b009797d0a700bb76f49f67d3ec7be9de22e4f9,btc-updown-5m-1777661700
"Bitcoin Up or Down - May 1, 1:50PM-1:55PM ET",Down,BUY,103.6695,0.19292077226185136,0x260c197acfc578227209e5115ca7dbcdfdc9c7a22faa6415da9ed75a40f49dc9,2026-05-01 20:54:08,0xf5a0bc806d8e6abedbd094a52d05ccd19b1f4d95b23e96376a646765e5f2f4d8,btc-updown-5m-1777657800
"Bitcoin Up or Down - May 1, 1:50PM-1:55PM ET",Down,BUY,65.1,0.2,0x260c197acfc578227209e5115ca7dbcdfdc9c7a22faa6415da9ed75a40f49dc9,2026-05-01 20:54:06,0xe75c6fbbdcd83242a39ae8665b8472cfdac2ca0ab62aa3d76b60202c3fde1367,btc-updown-5m-1777657800
"Bitcoin Up or Down - May 1, 1:50PM-1:55PM ET",Down,BUY,94,0.19,0x260c197acfc578227209e5115ca7dbcdfdc9c7a22faa6415da9ed75a40f49dc9,2026-05-01 20:54:06,0x68d625e367e157b3d71cdc8192e33d467733f0e7a8243c270bad765f5b190ace,btc-updown-5m-1777657800
"Bitcoin Up or Down - May 1, 1:50PM-1:55PM ET",Up,BUY,100,0.96,0x260c197acfc578227209e5115ca7dbcdfdc9c7a22faa6415da9ed75a40f49dc9,2026-05-01 20:53:50,0xd985b3bbf8c020c9fb7a255954deeea0387250df420d6cf6b528f41fcaf7c14a,btc-updown-5m-1777657800
"Bitcoin Up or Down - May 1, 1:45PM-2:00PM ET",Down,BUY,108.96,0.13164647577092511,0x15b20198fd168462853b83dc21da3b0641e0988b003527c11cd8e0d269beace5,2026-05-01 20:53:48,0x4bed2a14460e61c591e7086d94e9ec76da961b1107f7c667fa6843690151fd90,btc-updown-15m-1777657500
"Bitcoin Up or Down - May 1, 1:45PM-2:00PM ET",Down,BUY,48.49,0.12,0x15b20198fd168462853b83dc21da3b0641e0988b003527c11cd8e0d269beace5,2026-05-01 20:53:48,0x2b78d7eeee409eb65d71453eb6a3d7784f8d86372d7b4bc3c71cd6d1e37a81c3,btc-updown-15m-1777657500
"Bitcoin Up or Down - May 1, 1:50PM-1:55PM ET",Down,BUY,618.64125,0.07274005734341188,0x260c197acfc578227209e5115ca7dbcdfdc9c7a22faa6415da9ed75a40f49dc9,2026-05-01 20:53:38,0x0b8ed7db93c73eeb7129e999def079bb3171c7e20d6941349c7296575535a728,btc-updown-5m-1777657800
"Bitcoin Up or Down - May 1, 1:50PM-1:55PM ET",Down,BUY,484.133332,0.08262186541619902,0x260c197acfc578227209e5115ca7dbcdfdc9c7a22faa6415da9ed75a40f49dc9,2026-05-01 20:53:38,0x671a760143f9c7f67436a3db84b4af9b31ec539313c8ed766ae057dc91ee5d30,btc-updown-5m-1777657800
"Bitcoin Up or Down - May 1, 1:50PM-1:55PM ET",Up,BUY,101.05262,0.95,0x260c197acfc578227209e5115ca7dbcdfdc9c7a22faa6415da9ed75a40f49dc9,2026-05-01 20:53:38,0x8c546251f23f95b946362d33a816d1968437dbd84637b962201cb2fa702d7cb1,btc-updown-5m-1777657800
"Bitcoin Up or Down - May 1, 1:50PM-1:55PM ET",Up,BUY,22.79,0.95,0x260c197acfc578227209e5115ca7dbcdfdc9c7a22faa6415da9ed75a40f49dc9,2026-05-01 20:53:38,0x88bd817a25636b6c4be82355de7fb4960172b31b5b11484fb609b2204b3c6296,btc-updown-5m-1777657800
"Bitcoin Up or Down - May 1, 1:45PM-2:00PM ET",Up,BUY,120.66,0.87,0x15b20198fd168462853b83dc21da3b0641e0988b003527c11cd8e0d269beace5,2026-05-01 20:53:38,0xaab6dbbc16f9ac89c2733ff102ca266921a6b0bb855f84382f798f74b3bb1028,btc-updown-15m-1777657500
"Bitcoin Up or Down - May 1, 1:45PM-2:00PM ET",Down,BUY,512.5,0.16,0x15b20198fd168462853b83dc21da3b0641e0988b003527c11cd8e0d269beace5,2026-05-01 20:53:38,0xcae8ee0a6b7885e9c8b32313ddaefc9583bdf2c2bed316050b1264cfadc14e44,btc-updown-15m-1777657500
"Bitcoin Up or Down - May 1, 1:50PM-1:55PM ET",Down,BUY,412.44818,0.07942815749605199,0x260c197acfc578227209e5115ca7dbcdfdc9c7a22faa6415da9ed75a40f49dc9,2026-05-01 20:53:38,0x5dc072ee18e5d9d998bf4903382ead4630fef137ddaa059e1ecb0db8463d6cb7,btc-updown-5m-1777657800
"Bitcoin Up or Down - May 1, 1:50PM-1:55PM ET",Down,BUY,596.832726,0.08377556528292653,0x260c197acfc578227209e5115ca7dbcdfdc9c7a22faa6415da9ed75a40f49dc9,2026-05-01 20:53:38,0xd672eaac4614d04fd1106b5cfb02b3d745c6488ea50c1027c0f0e3a4984ea26c,btc-updown-5m-1777657800
"Bitcoin Up or Down - May 1, 1:50PM-1:55PM ET",Down,BUY,620.07,0.0822428112954989,0x260c197acfc578227209e5115ca7dbcdfdc9c7a22faa6415da9ed75a40f49dc9,2026-05-01 20:53:38,0xf6997800aebb019456ce86955722807c117098e430fcdd0ea0b757968f6dcbee,btc-updown-5m-1777657800
"Bitcoin Up or Down - May 1, 1:50PM-1:55PM ET",Down,BUY,584.03,0.07876307723918292,0x260c197acfc578227209e5115ca7dbcdfdc9c7a22faa6415da9ed75a40f49dc9,2026-05-01 20:53:38,0x529debd77eefff727a9a8943a7e4c5912bd88caa682744894523e6079f05d97a,btc-updown-5m-1777657800
"Bitcoin Up or Down - May 1, 1:50PM-1:55PM ET",Down,BUY,528.174544,0.08141247905351531,0x260c197acfc578227209e5115ca7dbcdfdc9c7a22faa6415da9ed75a40f49dc9,2026-05-01 20:53:36,0x0eff75448daebf3b916f0eb5546fd7c13968043154654eb42a816511073aa14f,btc-updown-5m-1777657800
"Bitcoin Up or Down - May 1, 1:50PM-1:55PM ET",Down,BUY,616.53,0.07623311112192432,0x260c197acfc578227209e5115ca7dbcdfdc9c7a22faa6415da9ed75a40f49dc9,2026-05-01 20:53:36,0xb1e04970315f4c726c0a0e16d75f07347303e83d103deb422ea0db6513f99df1,btc-updown-5m-1777657800
"Bitcoin Up or Down - May 1, 1:50PM-1:55PM ET",Down,BUY,603.028887,0.07959817520317232,0x260c197acfc578227209e5115ca7dbcdfdc9c7a22faa6415da9ed75a40f49dc9,2026-05-01 20:53:36,0xc926c97e8b98bad35bf367c72263980f02a7eff3e60f1773270d96415ff74a4b,btc-updown-5m-1777657800
"Bitcoin Up or Down - May 1, 1:50PM-1:55PM ET",Down,BUY,456.957,0.08972397840497028,0x260c197acfc578227209e5115ca7dbcdfdc9c7a22faa6415da9ed75a40f49dc9,2026-05-01 20:53:34,0xb93358548ec361fc9402a960304de55a95f42981cd192e71dc18e4ecc554ed7f,btc-updown-5m-1777657800
"Bitcoin Up or Down - May 1, 1:50PM-1:55PM ET",Down,BUY,615.2,0.07152145643693109,0x260c197acfc578227209e5115ca7dbcdfdc9c7a22faa6415da9ed75a40f49dc9,2026-05-01 20:53:30,0xd387181022633986e16cb8f4cab7373e5c35820158ffdb324e8be771ba8421fc,btc-updown-5m-1777657800
"Bitcoin Up or Down - May 1, 1:50PM-1:55PM ET",Down,BUY,204.986922,0.2390396349285151,0x260c197acfc578227209e5115ca7dbcdfdc9c7a22faa6415da9ed75a40f49dc9,2026-05-01 20:53:22,0x3c49f89c00983abcdf9055d1af4610490409871eaaea2df1603229246dec7332,btc-updown-5m-1777657800
"Bitcoin Up or Down - May 1, 1:45PM-2:00PM ET",Down,BUY,290.378887,0.2686145670087922,0x15b20198fd168462853b83dc21da3b0641e0988b003527c11cd8e0d269beace5,2026-05-01 20:53:22,0xbbbe445d14deee8f2ceab0c01ed522e1a300537af9acba1e74ab82e7963b11bd,btc-updown-15m-1777657500
"Bitcoin Up or Down - May 1, 1:45PM-2:00PM ET",Down,BUY,245.161289,0.30999999759342106,0x15b20198fd168462853b83dc21da3b0641e0988b003527c11cd8e0d269beace5,2026-05-01 20:53:20,0x84c1cf24b8a0a79ed69a31b98a46ac26ada1ac8f13fbf33fa86598e8db8db43c,btc-updown-15m-1777657500
"Bitcoin Up or Down - May 1, 1:45PM-2:00PM ET",Down,BUY,259.903224,0.30780687430025877,0x15b20198fd168462853b83dc21da3b0641e0988b003527c11cd8e0d269beace5,2026-05-01 20:53:20,0x1a91b1ce54212560d7e8a7aef647a0c2af6dd184fc5e498393b3d8a6ae8f5fa7,btc-updown-15m-1777657500
"Bitcoin Up or Down - May 1, 1:50PM-1:55PM ET",Down,BUY,161.53846,0.25999999628571424,0x260c197acfc578227209e5115ca7dbcdfdc9c7a22faa6415da9ed75a40f49dc9,2026-05-01 20:53:20,0x81c3616edaaaba7f2dac3c07aad7e7c27d78e2a108c9b26a5ba6e544c822d466,btc-updown-5m-1777657800
"Bitcoin Up or Down - May 1, 1:50PM-1:55PM ET",Down,BUY,100,0.21,0x260c197acfc578227209e5115ca7dbcdfdc9c7a22faa6415da9ed75a40f49dc9,2026-05-01 20:52:30,0xa5e5da0344c56dea7027ccbe910df918c5063f3e8eaaed1015ddccb6208e4c3b,btc-updown-5m-1777657800
"Bitcoin Up or Down - May 1, 1:50PM-1:55PM ET",Up,BUY,33.57,0.81,0x260c197acfc578227209e5115ca7dbcdfdc9c7a22faa6415da9ed75a40f49dc9,2026-05-01 20:52:10,0xeceeca593d07ca836c777e34916af065befa23d61cb191883fbb5fac6c36b07d,btc-updown-5m-1777657800
"Bitcoin Up or Down - May 1, 1:50PM-1:55PM ET",Up,BUY,100.06125,0.799510299941286,0x260c197acfc578227209e5115ca7dbcdfdc9c7a22faa6415da9ed75a40f49dc9,2026-05-01 20:52:08,0x7f3bfad55687b85ed391277b576a758e448536be0ec9d3309e82c26fc8916009,btc-updown-5m-1777657800
"Bitcoin Up or Down - May 1, 1:45PM-2:00PM ET",Up,BUY,201.152614,0.646275464260186,0x15b20198fd168462853b83dc21da3b0641e0988b003527c11cd8e0d269beace5,2026-05-01 20:51:28,0x7d19fddf2b80d6db6f7eaf1183f9cfb707549d3cf0d2bdd1b3a7daa6ba02abfb,btc-updown-15m-1777657500
"Bitcoin Up or Down - May 1, 1:50PM-1:55PM ET",Up,BUY,100,0.74,0x260c197acfc578227209e5115ca7dbcdfdc9c7a22faa6415da9ed75a40f49dc9,2026-05-01 20:51:28,0xd0408e80052cda5c4041baab8b753b6fb6204ae1e58c6e4421d642312854edb2,btc-updown-5m-1777657800
"Bitcoin Up or Down - May 1, 1:50PM-1:55PM ET",Up,BUY,104.838707,0.619999996756923,0x260c197acfc578227209e5115ca7dbcdfdc9c7a22faa6415da9ed75a40f49dc9,2026-05-01 20:51:16,0x54c22c8bd963532ed1ac4d4d248a2a9183911db9588600381ad0a3747fb2f866,btc-updown-5m-1777657800
"Bitcoin Up or Down - May 1, 1:50PM-1:55PM ET",Up,BUY,101.612902,0.6199999976380952,0x260c197acfc578227209e5115ca7dbcdfdc9c7a22faa6415da9ed75a40f49dc9,2026-05-01 20:51:16,0xde78c5dab6e09d79f391c85908676fe41726274de6b8d1f1f7160c27b4d192c9,btc-updown-5m-1777657800
"Bitcoin Up or Down - May 1, 1:50PM-1:55PM ET",Up,BUY,106.45161,0.6199999981212121,0x260c197acfc578227209e5115ca7dbcdfdc9c7a22faa6415da9ed75a40f49dc9,2026-05-01 20:51:16,0x5cfe8bcbb8e1a52e0701072f5e9394ff22e914883f062da0e4b203ee7c6f6641,btc-updown-5m-1777657800
"Bitcoin Up or Down - May 1, 1:50PM-1:55PM ET",Up,BUY,108.064515,0.6199999972238806,0x260c197acfc578227209e5115ca7dbcdfdc9c7a22faa6415da9ed75a40f49dc9,2026-05-01 20:51:16,0x68c846258062fdf06df1d7262a60bfb45b2c3e12c19fc484ba2a1451225a6ba2,btc-updown-5m-1777657800
"Bitcoin Up or Down - May 1, 1:50PM-1:55PM ET",Up,BUY,100,0.62,0x260c197acfc578227209e5115ca7dbcdfdc9c7a22faa6415da9ed75a40f49dc9,2026-05-01 20:51:16,0xca276ace27f3ee7d9c17d1f59f5bc91b3f181c5681abd13ddfe65e7320a3c0ad,btc-updown-5m-1777657800
"Bitcoin Up or Down - May 1, 1:50PM-1:55PM ET",Up,BUY,109.907811,0.6368973994032144,0x260c197acfc578227209e5115ca7dbcdfdc9c7a22faa6415da9ed75a40f49dc9,2026-05-01 20:51:16,0x12c223a9c913803eff3e24cf7a7d56245efecfa617b8e8d1fe1cc378cfb3e2da,btc-updown-5m-1777657800
"Bitcoin Up or Down - May 1, 1:50PM-1:55PM ET",Up,BUY,109.523808,0.6299999996347826,0x260c197acfc578227209e5115ca7dbcdfdc9c7a22faa6415da9ed75a40f49dc9,2026-05-01 20:51:16,0xc10cbc88b95ce8986c3335c7f22dfc4569645dc76b2da1208d078bdab53c1e42,btc-updown-5m-1777657800
"Bitcoin Up or Down - May 1, 1:50PM-1:55PM ET",Up,BUY,108.786029,0.6250802481263472,0x260c197acfc578227209e5115ca7dbcdfdc9c7a22faa6415da9ed75a40f49dc9,2026-05-01 20:51:16,0xfb8d21aa6111f0eee5a55970daa0a3437f1e139422518caba64894eb726c9937,btc-updown-5m-1777657800
"Bitcoin Up or Down - May 1, 1:50PM-1:55PM ET",Up,BUY,103.225805,0.61999999903125,0x260c197acfc578227209e5115ca7dbcdfdc9c7a22faa6415da9ed75a40f49dc9,2026-05-01 20:51:16,0x0132c330d5ee944762fdf03c1e6296a65b77f6c452d336ca3f24caf06373e5ee,btc-updown-5m-1777657800
"Bitcoin Up or Down - May 1, 1:50PM-1:55PM ET",Down,BUY,101.532579,0.6106414178645063,0x260c197acfc578227209e5115ca7dbcdfdc9c7a22faa6415da9ed75a40f49dc9,2026-05-01 20:51:08,0x3dd904223d438351f2686ea2deaf3f802f430a7e833b8a0d5e190265935bc243,btc-updown-5m-1777657800
"Bitcoin Up or Down - May 1, 1:50PM-1:55PM ET",Up,BUY,100.11111,0.4495005499389628,0x260c197acfc578227209e5115ca7dbcdfdc9c7a22faa6415da9ed75a40f49dc9,2026-05-01 20:51:08,0xdf6a83eccffdfc2039ad036e5cf0d9521bec83db2dc4164e9941fca9cb6c6530,btc-updown-5m-1777657800
"Bitcoin Up or Down - May 1, 1:50PM-1:55PM ET",Up,BUY,50.04,0.44,0x260c197acfc578227209e5115ca7dbcdfdc9c7a22faa6415da9ed75a40f49dc9,2026-05-01 20:51:08,0xeb3da0b2f5a4bb27bcbcfc9dda592e7849659aab061e8bfa4c2f3a6aa05df69c,btc-updown-5m-1777657800
"Bitcoin Up or Down - May 1, 1:50PM-1:55PM ET",Down,BUY,102.983048,0.5826201415207676,0x260c197acfc578227209e5115ca7dbcdfdc9c7a22faa6415da9ed75a40f49dc9,2026-05-01 20:51:08,0xce3f15a5c316c00a6599113912ee4cd45a98e4770b0cb45f4b5a7d4f5b4ece82,btc-updown-5m-1777657800
"Bitcoin Up or Down - May 1, 1:45PM-2:00PM ET",Down,BUY,185.64,0.5,0x15b20198fd168462853b83dc21da3b0641e0988b003527c11cd8e0d269beace5,2026-05-01 20:51:08,0x0ece8efef50f0300267290f7d6853fbf504d2d2efef57b4e40e864f073405153,btc-updown-15m-1777657500
"Bitcoin Up or Down - May 1, 1:50PM-1:55PM ET",Down,BUY,101.666665,0.6,0x260c197acfc578227209e5115ca7dbcdfdc9c7a22faa6415da9ed75a40f49dc9,2026-05-01 20:51:08,0x9d710491053443c34e230597030d58ee44dde8914e6c771af8c1478b0d8f4596,btc-updown-5m-1777657800
"Bitcoin Up or Down - May 1, 1:50PM-1:55PM ET",Down,BUY,61.7,0.56,0x260c197acfc578227209e5115ca7dbcdfdc9c7a22faa6415da9ed75a40f49dc9,2026-05-01 20:50:16,0xc0f39ae1f884077897ff4167d513797123931558ed529c257a00d5d82be25076,btc-updown-5m-1777657800
"Bitcoin Up or Down - May 1, 1:45PM-1:50PM ET",Up,BUY,38.53,0.49,0x2a12b5af7afd37a25f71d0c04b444166d5e766e8eae6031a5bf674c29fa1442e,2026-05-01 20:47:40,0x2e422cb9ed2decded89a21530dcb6609a9011d69d2e5078b45684b64d32d2eea,btc-updown-5m-1777657500
"Bitcoin Up or Down - May 1, 1:45PM-1:50PM ET",Up,BUY,100.625,0.6360248447204969,0x2a12b5af7afd37a25f71d0c04b444166d5e766e8eae6031a5bf674c29fa1442e,2026-05-01 20:46:58,0xb4c8138c39cc2efee640412b2f7195466537812a7fdea653b31124dc96c5ae73,btc-updown-5m-1777657500
"Bitcoin Up or Down - May 1, 1:45PM-1:50PM ET",Up,BUY,102.735936,0.6326899966142324,0x2a12b5af7afd37a25f71d0c04b444166d5e766e8eae6031a5bf674c29fa1442e,2026-05-01 20:46:58,0xd9c6267fc66bdb4de39d8c3f8058feb1c360734480c2647a9bbc7b2483c3d7f2,btc-updown-5m-1777657500
"Bitcoin Up or Down - May 1, 1:45PM-1:50PM ET",Up,BUY,20.21,0.63,0x2a12b5af7afd37a25f71d0c04b444166d5e766e8eae6031a5bf674c29fa1442e,2026-05-01 20:46:58,0x64d046b276c7ee7efbd0ea679b381fe8c2e13fdceb22da1e1abb88f3178c42f5,btc-updown-5m-1777657500
"Bitcoin Up or Down - May 1, 1:45PM-1:50PM ET",Up,BUY,100,0.57,0x2a12b5af7afd37a25f71d0c04b444166d5e766e8eae6031a5bf674c29fa1442e,2026-05-01 20:46:40,0x184202f39ed25475b7cfc8c783508818d94e45387781ea18012a503dcd8ead1a,btc-updown-5m-1777657500
"Bitcoin Up or Down - May 1, 1:45PM-1:50PM ET",Up,BUY,56.96,0.56,0x2a12b5af7afd37a25f71d0c04b444166d5e766e8eae6031a5bf674c29fa1442e,2026-05-01 20:46:38,0xa144294800d382d0678e5f9d73154d92d254bed49fa7a57df9c0945673cc29eb,btc-updown-5m-1777657500
"Bitcoin Up or Down - May 1, 1:45PM-1:50PM ET",Up,BUY,10.91,0.56,0x2a12b5af7afd37a25f71d0c04b444166d5e766e8eae6031a5bf674c29fa1442e,2026-05-01 20:46:28,0x04d5c8ec7271da3fc1c4ff407b9790a4c07305112481de06c27f77b18b6ad874,btc-updown-5m-1777657500
"Bitcoin Up or Down - May 1, 1:45PM-1:50PM ET",Up,BUY,94.38,0.564240305149396,0x2a12b5af7afd37a25f71d0c04b444166d5e766e8eae6031a5bf674c29fa1442e,2026-05-01 20:46:28,0xbbe2fd171befa8799fa4e9ff901bd07a810b5e08c86f0cf4c636969961052e11,btc-updown-5m-1777657500
"Bitcoin Up or Down - May 1, 1:45PM-1:50PM ET",Down,BUY,100,0.64,0x2a12b5af7afd37a25f71d0c04b444166d5e766e8eae6031a5bf674c29fa1442e,2026-05-01 20:46:10,0xdac9149f0279647c32d05a9aea791f703c6e07596854b81585b19f9d5f7b724c,btc-updown-5m-1777657500
"Bitcoin Up or Down - May 1, 1:45PM-1:50PM ET",Down,BUY,100,0.63,0x2a12b5af7afd37a25f71d0c04b444166d5e766e8eae6031a5bf674c29fa1442e,2026-05-01 20:46:06,0xe532b164344e738c8ceaacdae4f417fe8d5de046258ae8702c54a94eae03d14a,btc-updown-5m-1777657500
"Bitcoin Up or Down - May 1, 1:45PM-1:50PM ET",Down,BUY,103.011745,0.6212883686224323,0x2a12b5af7afd37a25f71d0c04b444166d5e766e8eae6031a5bf674c29fa1442e,2026-05-01 20:46:06,0xf9a81a03b37a55f185960980488cce889542d876594c556b834b26b4d0087085,btc-updown-5m-1777657500
"Bitcoin Up or Down - May 1, 1:45PM-1:50PM ET",Down,BUY,103.174602,0.62999999748,0x2a12b5af7afd37a25f71d0c04b444166d5e766e8eae6031a5bf674c29fa1442e,2026-05-01 20:46:06,0xa1b21b78e9474482c95391ba0766b345261b21f0bab4f8ba0dce333254c2b38a,btc-updown-5m-1777657500
"Bitcoin Up or Down - May 1, 1:45PM-1:50PM ET",Down,BUY,100,0.48,0x2a12b5af7afd37a25f71d0c04b444166d5e766e8eae6031a5bf674c29fa1442e,2026-05-01 20:45:38,0xabdb493df4a992ffc0f2224449f96a4dd3d8dbc1ae8f22c040099e61e28b9131,btc-updown-5m-1777657500
"Bitcoin Up or Down - May 1, 1:45PM-1:50PM ET",Down,BUY,102.127658,0.46999999745416665,0x2a12b5af7afd37a25f71d0c04b444166d5e766e8eae6031a5bf674c29fa1442e,2026-05-01 20:45:32,0x92c7693815693669ff557a108300863507ec8986ec37aa8ae80ce88d7991d9a4,btc-updown-5m-1777657500
"Bitcoin Up or Down - May 1, 1:45PM-1:50PM ET",Down,BUY,100,0.47,0x2a12b5af7afd37a25f71d0c04b444166d5e766e8eae6031a5bf674c29fa1442e,2026-05-01 20:45:32,0x47b080b842186f6b5b002e2cd7e7b8007ae9e80ba82e087011ff35f2e461993d,btc-updown-5m-1777657500
"Bitcoin Up or Down - May 1, 1:45PM-1:50PM ET",Down,BUY,43.13,0.52,0x2a12b5af7afd37a25f71d0c04b444166d5e766e8eae6031a5bf674c29fa1442e,2026-05-01 20:45:28,0xceb9d20542c4860df2787f03f2334451a43cd086eadaea1adf6aace8c8b6e2e1,btc-updown-5m-1777657500
"Bitcoin Up or Down - May 1, 1:45PM-1:50PM ET",Down,BUY,18.1,0.51,0x2a12b5af7afd37a25f71d0c04b444166d5e766e8eae6031a5bf674c29fa1442e,2026-05-01 20:45:28,0x269ec990178df9599d10718fb810cd9222bfe3abe98e884d44414c6c52b9f91b,btc-updown-5m-1777657500
"Bitcoin Up or Down - May 1, 1:40PM-1:45PM ET",Up,BUY,58.96,0.32,0xabd7e1fdb6f404f585290ad27dd1f9d8ef5f1a4e8d3d13e65ba4a40de11adffc,2026-05-01 20:42:00,0x4e90e3accccc4e19de3a11268621415799b1b0055348b962a406409915c824ca,btc-updown-5m-1777657200
"Bitcoin Up or Down - May 1, 1:40PM-1:45PM ET",Down,BUY,63,0.76,0xabd7e1fdb6f404f585290ad27dd1f9d8ef5f1a4e8d3d13e65ba4a40de11adffc,2026-05-01 20:41:52,0xf98ea987ae7b090f8a8ff6d99866fd9c2f22768d0e83dfd428fd1dfb2f3fc7a5,btc-updown-5m-1777657200
"Bitcoin Up or Down - May 1, 1:40PM-1:45PM ET",Up,BUY,102.439023,0.4099999958023809,0xabd7e1fdb6f404f585290ad27dd1f9d8ef5f1a4e8d3d13e65ba4a40de11adffc,2026-05-01 20:40:48,0x28ef54b621f90f93693cb4030f9cfeda17cd5a3450754502ab435e95a861dc6d,btc-updown-5m-1777657200
"Bitcoin Up or Down - May 1, 1:40PM-1:45PM ET",Up,BUY,107.142856,0.41999999514666664,0xabd7e1fdb6f404f585290ad27dd1f9d8ef5f1a4e8d3d13e65ba4a40de11adffc,2026-05-01 20:40:48,0x5101dd182a2da7385ce90296d4644519121eecd3bfc2d913bd73db50669b1349,btc-updown-5m-1777657200
"Bitcoin Up or Down - May 1, 1:40PM-1:45PM ET",Down,BUY,100,0.57,0xabd7e1fdb6f404f585290ad27dd1f9d8ef5f1a4e8d3d13e65ba4a40de11adffc,2026-05-01 20:40:48,0xf7d1ba478609e6e9ddb505221cd25cb297bbf21cdf35b71340c2d0564b1d0574,btc-updown-5m-1777657200
"Bitcoin Up or Down - May 1, 1:40PM-1:45PM ET",Up,BUY,100,0.42,0xabd7e1fdb6f404f585290ad27dd1f9d8ef5f1a4e8d3d13e65ba4a40de11adffc,2026-05-01 20:40:46,0x205a28e7bdc9abda15b7441a47a3a75fea8042715bfe67de8836e9c6c0cea60a,btc-updown-5m-1777657200
"Bitcoin Up or Down - May 1, 1:40PM-1:45PM ET",Up,BUY,104.330237,0.41215279708412816,0xabd7e1fdb6f404f585290ad27dd1f9d8ef5f1a4e8d3d13e65ba4a40de11adffc,2026-05-01 20:40:28,0x130dbc19c9b62550510edf73330f3ea7289dceef397bf00928c25d98d6c4c148,btc-updown-5m-1777657200
"Bitcoin Up or Down - May 1, 1:40PM-1:45PM ET",Up,BUY,107.317072,0.4099999951545454,0xabd7e1fdb6f404f585290ad27dd1f9d8ef5f1a4e8d3d13e65ba4a40de11adffc,2026-05-01 20:40:28,0xb110bd74872949df98809e373dd3fdccd7ec00133a5237103f57ddb794323177,btc-updown-5m-1777657200
"Bitcoin Up or Down - May 1, 1:40PM-1:45PM ET",Up,BUY,100,0.41,0xabd7e1fdb6f404f585290ad27dd1f9d8ef5f1a4e8d3d13e65ba4a40de11adffc,2026-05-01 20:40:16,0x92cf36b6f5133775aa23654e392169487ba643094de39e8930848e249b9f5f73,btc-updown-5m-1777657200
"Bitcoin Up or Down - May 1, 1:30PM-1:45PM ET",Down,BUY,200,0.02,0xb3734e4274d41196abea45ba7dd37c4fd3b89e9944cc212d63eb8d3f38e441a1,2026-05-01 20:38:46,0xbd1a14084163f5993bddfae080a70c77121e97e22b1ad39c1d295b583a506bd6,btc-updown-15m-1777656600
"Bitcoin Up or Down - May 1, 1:30PM-1:45PM ET",Up,BUY,4,0.94,0xb3734e4274d41196abea45ba7dd37c4fd3b89e9944cc212d63eb8d3f38e441a1,2026-05-01 20:37:42,0x891280a9c98cc9073d05e0c426df09c703b4fd560eb20adfc84fbd855043911a,btc-updown-15m-1777656600
"Bitcoin Up or Down - May 1, 1:30PM-1:45PM ET",Up,BUY,6.7,0.86,0xb3734e4274d41196abea45ba7dd37c4fd3b89e9944cc212d63eb8d3f38e441a1,2026-05-01 20:37:18,0xa4909b43663ab7752af810d6839bd8ed6a57422c9aed39dd79ea6efa4ddc963b,btc-updown-15m-1777656600
"Bitcoin Up or Down - May 1, 1:35PM-1:40PM ET",Down,BUY,100,0.1,0x871f9faa693f56ac062af996100fbf89c467ff4c19dd7a922f5ca8685f324025,2026-05-01 20:36:46,0x04482dcf9542b3f6475888d5652fe3c8901de0a46f6b823f725676a771e7c92f,btc-updown-5m-1777656900
"Bitcoin Up or Down - May 1, 1:35PM-1:40PM ET",Up,BUY,100,0.92,0x871f9faa693f56ac062af996100fbf89c467ff4c19dd7a922f5ca8685f324025,2026-05-01 20:36:46,0x6c8d0f8d9bf3e4e4ecfd4b3ff7415d96401ed0bcafd6f991499af8fd21697e3b,btc-updown-5m-1777656900
"Bitcoin Up or Down - May 1, 1:35PM-1:40PM ET",Up,BUY,101.25,0.8,0x871f9faa693f56ac062af996100fbf89c467ff4c19dd7a922f5ca8685f324025,2026-05-01 20:36:28,0x43cb1e22e8ab47c9903ff8a0142d5bd0fce8650258d4e9893b8aa263e09f33bd,btc-updown-5m-1777656900
"Bitcoin Up or Down - May 1, 1:35PM-1:40PM ET",Up,BUY,100,0.8,0x871f9faa693f56ac062af996100fbf89c467ff4c19dd7a922f5ca8685f324025,2026-05-01 20:36:28,0xd8e6183517533a9f0339768fd1b74cdca8113e0ef89ff3fc9374900b876a50c9,btc-updown-5m-1777656900
"Bitcoin Up or Down - May 1, 1:35PM-1:40PM ET",Up,BUY,25.18,0.83,0x871f9faa693f56ac062af996100fbf89c467ff4c19dd7a922f5ca8685f324025,2026-05-01 20:36:08,0x0e505d4c5fc03aac0e08634e2885dabe47ae54ed4760b32fe84cb9e06f0760d2,btc-updown-5m-1777656900
"Bitcoin Up or Down - May 1, 1:35PM-1:40PM ET",Up,BUY,46.83,0.82,0x871f9faa693f56ac062af996100fbf89c467ff4c19dd7a922f5ca8685f324025,2026-05-01 20:36:08,0x9f70f83e21b9c6867e37ee106737b53e58fbabd5ca2a2aa87f9147d03459bd4a,btc-updown-5m-1777656900
"Bitcoin Up or Down - May 1, 1:35PM-1:40PM ET",Up,BUY,23.04,0.81,0x871f9faa693f56ac062af996100fbf89c467ff4c19dd7a922f5ca8685f324025,2026-05-01 20:36:08,0x3e66879e2a104b896193d0895dabe693b8166eda5b703efe4b928b6657c32b0d,btc-updown-5m-1777656900
"Bitcoin Up or Down - May 1, 1PM ET",Up,BUY,4.39,0.57,0xd3342ddb4022ca32d58d3aa460fed5f46e81d011ebdeb82703717811f0722fdb,2026-05-01 20:36:06,0x715ca1e7fe5cf2ef3f13a36884a4107bb1311b1565957585ecfd8514e1db4ed1,bitcoin-up-or-down-may-1-2026-1pm-et
"Bitcoin Up or Down - May 1, 1:35PM-1:40PM ET",Up,BUY,101.248218,0.7210003340503237,0x871f9faa693f56ac062af996100fbf89c467ff4c19dd7a922f5ca8685f324025,2026-05-01 20:36:00,0x784896943b923fc221f26ff451aee3127b675727c3d0a411ab60c9a24feb61d8,btc-updown-5m-1777656900
"Bitcoin Up or Down - May 1, 1:35PM-1:40PM ET",Down,BUY,101.617646,0.3345875479146604,0x871f9faa693f56ac062af996100fbf89c467ff4c19dd7a922f5ca8685f324025,2026-05-01 20:35:50,0xc2b3e39e910030e1d44785ce1ed6653859a0d8e95b51b12602e3d4cb90f15007,btc-updown-5m-1777656900
"Bitcoin Up or Down - May 1, 1:35PM-1:40PM ET",Down,BUY,10,0.32,0x871f9faa693f56ac062af996100fbf89c467ff4c19dd7a922f5ca8685f324025,2026-05-01 20:35:48,0xc2be031e440983bfa489d3d93a2337fd75cf9dd19b2a1a3e75025ea9feb0535c,btc-updown-5m-1777656900
"Bitcoin Up or Down - May 1, 1:35PM-1:40PM ET",Down,BUY,103.125,0.32,0x871f9faa693f56ac062af996100fbf89c467ff4c19dd7a922f5ca8685f324025,2026-05-01 20:35:48,0xe9b016854d42d9181555d5cf7e92d330d985452b7f31dfeefb2f5743f03c1bbc,btc-updown-5m-1777656900
"Bitcoin Up or Down - May 1, 1:35PM-1:40PM ET",Down,BUY,100,0.44,0x871f9faa693f56ac062af996100fbf89c467ff4c19dd7a922f5ca8685f324025,2026-05-01 20:35:22,0x3166bb7c616906f5f2b7e0d67d40d73975612c47751beb1bcfb6f1bdf302b1b2,btc-updown-5m-1777656900
"Bitcoin Up or Down - May 1, 1:35PM-1:40PM ET",Down,BUY,56.25,0.44,0x871f9faa693f56ac062af996100fbf89c467ff4c19dd7a922f5ca8685f324025,2026-05-01 20:35:22,0xd3a8e10ce2e35ecd3223e9a185f0623d70806c48e281ccfa477cf363b6ab329c,btc-updown-5m-1777656900
"Bitcoin Up or Down - May 1, 1:35PM-1:40PM ET",Down,BUY,96.352789,0.4234438818371931,0x871f9faa693f56ac062af996100fbf89c467ff4c19dd7a922f5ca8685f324025,2026-05-01 20:35:22,0xee67e86874ebd3d57737ddf6510c01212e992ef5769c2fa815d3546f4634e1f4,btc-updown-5m-1777656900
"Bitcoin Up or Down - May 1, 1:35PM-1:40PM ET",Down,BUY,74.541135,0.43385439462385433,0x871f9faa693f56ac062af996100fbf89c467ff4c19dd7a922f5ca8685f324025,2026-05-01 20:35:22,0x7f07490ba01e477124e4133e0d234d2fe38eaddcdae7af1e87189e74c470977a,btc-updown-5m-1777656900
"Bitcoin Up or Down - May 1, 1:35PM-1:40PM ET",Down,BUY,104.761903,0.4199999975181818,0x871f9faa693f56ac062af996100fbf89c467ff4c19dd7a922f5ca8685f324025,2026-05-01 20:35:16,0xbd393046aeafdfb2d87c06e8b5a03bf79708ac1a6c80dd97bc8e9d0f7ddcc7dd,btc-updown-5m-1777656900
"Bitcoin Up or Down - May 1, 1:35PM-1:40PM ET",Down,BUY,104.545453,0.4399999969391304,0x871f9faa693f56ac062af996100fbf89c467ff4c19dd7a922f5ca8685f324025,2026-05-01 20:35:16,0x51fb1ba513bad7a9b81d53122c724d1e1043247f73955a1f1c63b051c4aa853b,btc-updown-5m-1777656900
"Bitcoin Up or Down - May 1, 1:35PM-1:40PM ET",Down,BUY,51.136362,0.43999999452444427,0x871f9faa693f56ac062af996100fbf89c467ff4c19dd7a922f5ca8685f324025,2026-05-01 20:35:16,0x38cc25e9659d80da223e490e6cf3c9e938e8b558db846f7345193f6fa0afec25,btc-updown-5m-1777656900
"Bitcoin Up or Down - May 1, 1:35PM-1:40PM ET",Down,BUY,96.136362,0.4399999970874704,0x871f9faa693f56ac062af996100fbf89c467ff4c19dd7a922f5ca8685f324025,2026-05-01 20:35:16,0x7f39357b90b71ecf832de1dcab01fd492b9f53075c1c5bba701c1842825651e9,btc-updown-5m-1777656900
"Bitcoin Up or Down - May 1, 1:30PM-1:45PM ET",Down,BUY,28.85,0.55,0xb3734e4274d41196abea45ba7dd37c4fd3b89e9944cc212d63eb8d3f38e441a1,2026-05-01 20:34:46,0x88686b34769244fa8cd684192a6f4b9db717fa2ae75abc6023767776a4dbe255,btc-updown-15m-1777656600
"Bitcoin Up or Down - May 1, 1:30PM-1:45PM ET",Down,BUY,5.3,0.56,0xb3734e4274d41196abea45ba7dd37c4fd3b89e9944cc212d63eb8d3f38e441a1,2026-05-01 20:34:46,0x8a41cf2c5570f4705a3c0ddecc342a0985fbcc4c75bf66cf250072fb4ceb3ddb,btc-updown-15m-1777656600
"Bitcoin Up or Down - May 1, 1:30PM-1:45PM ET",Down,BUY,200,0.55,0xb3734e4274d41196abea45ba7dd37c4fd3b89e9944cc212d63eb8d3f38e441a1,2026-05-01 20:34:40,0x207d09fdc25201f390cb85431a147e6c61265d2e7968e5083d6e8e8a377cec37,btc-updown-15m-1777656600
"Bitcoin Up or Down - May 1, 1PM ET",Down,BUY,200,0.5,0xd3342ddb4022ca32d58d3aa460fed5f46e81d011ebdeb82703717811f0722fdb,2026-05-01 20:29:26,0xb2e1185f4f23bb8b41f11483c479bdfdb961f29f5b6035db7d16f13896199795,bitcoin-up-or-down-may-1-2026-1pm-et
"Bitcoin Up or Down - May 1, 1:25PM-1:30PM ET",Up,BUY,70.35,0.36,0xc9a4641b017c8bb8dd04b1dae0e8bc1dcd5de0ce7ce8435a326e0326ba23c628,2026-05-01 20:28:18,0xabe85c3594749d833109c2550f1d1b6e19b1147ea05d28e607c1c8d4f67fb76a,btc-updown-5m-1777656300
"Bitcoin Up or Down - May 1, 1:25PM-1:30PM ET",Up,BUY,90.96,0.35,0xc9a4641b017c8bb8dd04b1dae0e8bc1dcd5de0ce7ce8435a326e0326ba23c628,2026-05-01 20:27:50,0x6db6bfb42a70a352c0d25fa18cec3a625b04e2df213b6b0a43c0b468ee39cda6,btc-updown-5m-1777656300
"Bitcoin Up or Down - May 1, 1:25PM-1:30PM ET",Up,BUY,105.370369,0.2657293437019282,0xc9a4641b017c8bb8dd04b1dae0e8bc1dcd5de0ce7ce8435a326e0326ba23c628,2026-05-01 20:27:04,0xef6bf470a92189529fc39cfe65510e9126a4451d60b47664a46b5781d92f8218,btc-updown-5m-1777656300
"Bitcoin Up or Down - May 1, 1:25PM-1:30PM ET",Up,BUY,12.6,0.27,0xc9a4641b017c8bb8dd04b1dae0e8bc1dcd5de0ce7ce8435a326e0326ba23c628,2026-05-01 20:27:04,0xac0a38daf29bec03375e00ac22dc45cfa796785cfa504a7a4ac77d4d6a111f27,btc-updown-5m-1777656300
"Bitcoin Up or Down - May 1, 1:25PM-1:30PM ET",Up,BUY,102.778964,0.2821588958612192,0xc9a4641b017c8bb8dd04b1dae0e8bc1dcd5de0ce7ce8435a326e0326ba23c628,2026-05-01 20:27:04,0xc8566c28a0d193ad38113cd449e466b53f1d57acc88169f1abcc5095500c0aab,btc-updown-5m-1777656300
"Bitcoin Up or Down - May 1, 1:25PM-1:30PM ET",Up,BUY,100,0.26,0xc9a4641b017c8bb8dd04b1dae0e8bc1dcd5de0ce7ce8435a326e0326ba23c628,2026-05-01 20:27:02,0x963079d1704b29c359bfc2311a584730d69ac52cc03c4d0a2af1832815ff89d8,btc-updown-5m-1777656300
"Bitcoin Up or Down - May 1, 1:25PM-1:30PM ET",Up,BUY,10.05,0.36,0xc9a4641b017c8bb8dd04b1dae0e8bc1dcd5de0ce7ce8435a326e0326ba23c628,2026-05-01 20:25:44,0xd2d3f2be8f3d04bdc44b6be9c111592150e4955b203236928595c0126882cc85,btc-updown-5m-1777656300
"Bitcoin Up or Down - May 1, 1:25PM-1:30PM ET",Down,BUY,106,0.5,0xc9a4641b017c8bb8dd04b1dae0e8bc1dcd5de0ce7ce8435a326e0326ba23c628,2026-05-01 20:25:40,0x73cbc1f7e1016d52e21f30d2807f746a63502a13ec378582d69d52dee3a920f2,btc-updown-5m-1777656300
"Bitcoin Up or Down - May 1, 1:25PM-1:30PM ET",Down,BUY,104,0.5,0xc9a4641b017c8bb8dd04b1dae0e8bc1dcd5de0ce7ce8435a326e0326ba23c628,2026-05-01 20:25:40,0x671763d2cc88151f93d2a2b572ceceef4011a93469e090131e0767e17cf50a2e,btc-updown-5m-1777656300
"Bitcoin Up or Down - May 1, 1:25PM-1:30PM ET",Down,BUY,102,0.5,0xc9a4641b017c8bb8dd04b1dae0e8bc1dcd5de0ce7ce8435a326e0326ba23c628,2026-05-01 20:25:40,0x06f52888d130e55bd3d138ade54ab0049703fe2968f247b73b4864f1f97833d0,btc-updown-5m-1777656300
"Bitcoin Up or Down - May 1, 1:25PM-1:30PM ET",Down,BUY,100,0.5,0xc9a4641b017c8bb8dd04b1dae0e8bc1dcd5de0ce7ce8435a326e0326ba23c628,2026-05-01 20:25:32,0xb1e79ba674e549b46bd431b55aeaf3eb43a694796dc7f4d2777ab202d50d42ed,btc-updown-5m-1777656300
"Bitcoin Up or Down - May 1, 1:15PM-1:30PM ET",Down,BUY,136.44933,0.8970362624719374,0x491115ca104f3967c4b9b04dd33209bcdb5500eed6ea13b966b25ccd0b685a09,2026-05-01 20:25:32,0x22acebd5aca40f54ba3a121723f86570f2bd480f0e08f0042d63bd5e2ed32552,btc-updown-15m-1777655700
"Bitcoin Up or Down - May 1, 1:15PM-1:30PM ET",Down,BUY,126,0.89,0x491115ca104f3967c4b9b04dd33209bcdb5500eed6ea13b966b25ccd0b685a09,2026-05-01 20:25:14,0x8f23568354b6ffe7f136f6bd880b56c2701fdce5b5b1162b0a62f9ec3dd60c89,btc-updown-15m-1777655700
"Bitcoin Up or Down - May 1, 1:20PM-1:25PM ET",Down,BUY,72.48,0.74,0xb87910836e479eb33271867b244805aac20891fb76f25f212995c7207539c950,2026-05-01 20:21:04,0x6451a4ac6c98df66efc4684d55798023d1a22ca9c914008c0f555588094abead,btc-updown-5m-1777656000
"Bitcoin Up or Down - May 1, 1:15PM-1:30PM ET",Up,BUY,200,0.41,0x491115ca104f3967c4b9b04dd33209bcdb5500eed6ea13b966b25ccd0b685a09,2026-05-01 20:20:32,0x62431afecdb1b4af2c6ee78231a5f002bf7fd5b1b0e5d493feddf5a01a12223f,btc-updown-15m-1777655700
"Bitcoin Up or Down - May 1, 1:20PM-1:25PM ET",Up,BUY,103.030302,0.3299999935941176,0xb87910836e479eb33271867b244805aac20891fb76f25f212995c7207539c950,2026-05-01 20:20:32,0xce89bbef8b4bb75fcd9ef11a3293eaa92254e08828dd74e61cc44d24e31e4699,btc-updown-5m-1777656000
"Bitcoin Up or Down - May 1, 1:15PM-1:30PM ET",Up,BUY,202.340237,0.4151423377051792,0x491115ca104f3967c4b9b04dd33209bcdb5500eed6ea13b966b25ccd0b685a09,2026-05-01 20:20:32,0x0bfa2d68752bca694365339cbb0aa672a0b2bc8e91365d10a167c12bf5235573,btc-updown-15m-1777655700
"Bitcoin Up or Down - May 1, 1:15PM-1:20PM ET",Down,BUY,4.63,0.44,0x10d8564c89eb6e6769f7d722e379e6e0145f3089fa08a8166822f95f9684a73b,2026-05-01 20:19:30,0xe9e38e8d20c63725012bb3c704dd522a2c047f5161aa6d683026ff29f16130ef,btc-updown-5m-1777655700
"Bitcoin Up or Down - May 1, 1:15PM-1:20PM ET",Down,BUY,25,0.49,0x10d8564c89eb6e6769f7d722e379e6e0145f3089fa08a8166822f95f9684a73b,2026-05-01 20:19:18,0x31c67e5d26a9c2343fdd5de069fc9db321f971c16263f1f4ca90d9fdfb9af923,btc-updown-5m-1777655700
"Bitcoin Up or Down - May 1, 1:15PM-1:20PM ET",Up,BUY,100,0.59,0x10d8564c89eb6e6769f7d722e379e6e0145f3089fa08a8166822f95f9684a73b,2026-05-01 20:18:52,0x78ab5a6657df47a5651d931dfda1ec2f9f8e4001ec4466eda4543174b185c757,btc-updown-5m-1777655700
"Bitcoin Up or Down - May 1, 1:15PM-1:20PM ET",Up,BUY,75.02,0.58,0x10d8564c89eb6e6769f7d722e379e6e0145f3089fa08a8166822f95f9684a73b,2026-05-01 20:18:52,0xfaf8ca1ff99ec4d130f41968f0553d483527f95524d4e6937c64831910774d2c,btc-updown-5m-1777655700
"Bitcoin Up or Down - May 1, 1:15PM-1:20PM ET",Up,BUY,100,0.6,0x10d8564c89eb6e6769f7d722e379e6e0145f3089fa08a8166822f95f9684a73b,2026-05-01 20:18:46,0x732477f46206a982e9d1aabd0891a183f223159359feb7ee557c6d7f0e210453,btc-updown-5m-1777655700
"Bitcoin Up or Down - May 1, 1:15PM-1:20PM ET",Up,BUY,101.666665,0.6,0x10d8564c89eb6e6769f7d722e379e6e0145f3089fa08a8166822f95f9684a73b,2026-05-01 20:18:46,0xb09a055b34a80b37c6280ab69c167c5b908559f2ad303ee5007ff87aea40de49,btc-updown-5m-1777655700
"Bitcoin Up or Down - May 1, 1:15PM-1:20PM ET",Down,BUY,81.92,0.33,0x10d8564c89eb6e6769f7d722e379e6e0145f3089fa08a8166822f95f9684a73b,2026-05-01 20:18:34,0xf6b97e3e1b65dfc9463396d0fedaaf799cb3e93358a687976ce96743ce235361,btc-updown-5m-1777655700
"Bitcoin Up or Down - May 1, 1:15PM-1:20PM ET",Down,BUY,102.857141,0.34999999659722214,0x10d8564c89eb6e6769f7d722e379e6e0145f3089fa08a8166822f95f9684a73b,2026-05-01 20:18:22,0xa2ca73a054b0d9d5e0f69d59610e4c975868140376947660ed230845d8468876,btc-updown-5m-1777655700
"Bitcoin Up or Down - May 1, 1:15PM-1:20PM ET",Down,BUY,49.685713,0.3499999889304195,0x10d8564c89eb6e6769f7d722e379e6e0145f3089fa08a8166822f95f9684a73b,2026-05-01 20:18:22,0x02d0db7a47069317e61d0fa12a07bd0bedf0c5d0ebe49501cc1a7dd59cc4d7b3,btc-updown-5m-1777655700
"Bitcoin Up or Down - May 1, 1:15PM-1:20PM ET",Down,BUY,10,0.35,0x10d8564c89eb6e6769f7d722e379e6e0145f3089fa08a8166822f95f9684a73b,2026-05-01 20:18:22,0x7efc2de007c519b184c20e89e72680ffaae916bf1259978f1feed4e3b24849d0,btc-updown-5m-1777655700
"Bitcoin Up or Down - May 1, 1:15PM-1:20PM ET",Down,BUY,105.555554,0.3599999958315789,0x10d8564c89eb6e6769f7d722e379e6e0145f3089fa08a8166822f95f9684a73b,2026-05-01 20:18:22,0x496b0d27411663c5ad9f3919833090d1a3d2ec51f7b6799a5d6b33354b18bfca,btc-updown-5m-1777655700
"Bitcoin Up or Down - May 1, 1:15PM-1:20PM ET",Down,BUY,100,0.5,0x10d8564c89eb6e6769f7d722e379e6e0145f3089fa08a8166822f95f9684a73b,2026-05-01 20:17:20,0xb60210c4c01ec62ef7bae261a4a1bc3abe7ea58a62adaa687dad12c966f51fab,btc-updown-5m-1777655700
"Bitcoin Up or Down - May 1, 1:15PM-1:20PM ET",Down,BUY,100,0.52,0x10d8564c89eb6e6769f7d722e379e6e0145f3089fa08a8166822f95f9684a73b,2026-05-01 20:17:10,0x24bfa2b915bb09408be785534beca3889320c03832ed397fb11d4757e5c1492e,btc-updown-5m-1777655700
"Bitcoin Up or Down - May 1, 1:15PM-1:20PM ET",Up,BUY,101.920369,0.2649126888463286,0x10d8564c89eb6e6769f7d722e379e6e0145f3089fa08a8166822f95f9684a73b,2026-05-01 20:17:06,0xb1853f081679aa2657366c8a50754f70310a5b9958c9d7d7496e0c64230209ba,btc-updown-5m-1777655700
"Bitcoin Up or Down - May 1, 1:15PM-1:20PM ET",Up,BUY,29.36,0.53,0x10d8564c89eb6e6769f7d722e379e6e0145f3089fa08a8166822f95f9684a73b,2026-05-01 20:16:02,0x7db16ca77cc0b59acd911bfb67ccfcb8fd33e2033f03115d8fc1ce47743e6976,btc-updown-5m-1777655700
"Bitcoin Up or Down - May 1, 1:15PM-1:20PM ET",Down,BUY,17.872339,0.4699999815357128,0x10d8564c89eb6e6769f7d722e379e6e0145f3089fa08a8166822f95f9684a73b,2026-05-01 20:15:58,0x2278b9a6f264c9b4aa5fe9f3dc06cbaa221bb44775d7d9fc1692122417655045,btc-updown-5m-1777655700
"Bitcoin Up or Down - May 1, 1:15PM-1:20PM ET",Down,BUY,36.612243,0.48999999808807126,0x10d8564c89eb6e6769f7d722e379e6e0145f3089fa08a8166822f95f9684a73b,2026-05-01 20:15:58,0x835fd6396fd176a5e5120f6c68de1386d1c9189a86fa3b25dd9b59c75338f2a7,btc-updown-5m-1777655700
"Bitcoin Up or Down - May 1, 1:15PM-1:30PM ET",Down,BUY,200,0.5,0x491115ca104f3967c4b9b04dd33209bcdb5500eed6ea13b966b25ccd0b685a09,2026-05-01 20:15:52,0x7e038278e66656af594a99d81b5564d9f556a754ae0d091c17132f4699391e2e,btc-updown-15m-1777655700
"Bitcoin Up or Down - May 1, 1:15PM-1:30PM ET",Down,BUY,134.16,0.5,0x491115ca104f3967c4b9b04dd33209bcdb5500eed6ea13b966b25ccd0b685a09,2026-05-01 20:15:50,0x908e27822ef5e4b4d55fc633f00e0a972344cb31f450747b33ce55ee6201a557,btc-updown-15m-1777655700
"Bitcoin Up or Down - May 1, 1:15PM-1:30PM ET",Down,BUY,123.008865,0.5213445226081876,0x491115ca104f3967c4b9b04dd33209bcdb5500eed6ea13b966b25ccd0b685a09,2026-05-01 20:15:50,0x1373000bddd325ed4d2db5b42b7b8fb06c88f3c7e422b80f2e9c68ee1bc9bb40,btc-updown-15m-1777655700
"Bitcoin Up or Down - May 1, 1:15PM-1:30PM ET",Down,BUY,14.04,0.5,0x491115ca104f3967c4b9b04dd33209bcdb5500eed6ea13b966b25ccd0b685a09,2026-05-01 20:15:50,0x1dd0640bcd1f0caa2b4fe5f0aee61467e73ff297f8752a6bafcb4298414ff108,btc-updown-15m-1777655700
"Bitcoin Up or Down - May 1, 1:15PM-1:30PM ET",Down,BUY,119.78,0.5,0x491115ca104f3967c4b9b04dd33209bcdb5500eed6ea13b966b25ccd0b685a09,2026-05-01 20:15:50,0x13e207069113d71c217223b841a5da07b92fbb9e62b819ebfff79de226ca8adc,btc-updown-15m-1777655700
"Bitcoin Up or Down - May 1, 1:15PM-1:30PM ET",Down,BUY,113.22,0.5,0x491115ca104f3967c4b9b04dd33209bcdb5500eed6ea13b966b25ccd0b685a09,2026-05-01 20:15:48,0xe4baab14a89275e3c1d14f43fb681a680689b74d374823012613e7a79c4160a0,btc-updown-15m-1777655700
"Bitcoin Up or Down - May 1, 1:15PM-1:30PM ET",Down,BUY,228,0.5,0x491115ca104f3967c4b9b04dd33209bcdb5500eed6ea13b966b25ccd0b685a09,2026-05-01 20:15:48,0x61b707d8eebbe9ff758f638c1458bfae5f7a5581225295127e4150ed49fbd38a,btc-updown-15m-1777655700
"Bitcoin Up or Down - May 1, 1:15PM-1:30PM ET",Down,BUY,38.5,0.5,0x491115ca104f3967c4b9b04dd33209bcdb5500eed6ea13b966b25ccd0b685a09,2026-05-01 20:15:48,0xa2c2947d81a99e81db7d0d74294bd421f0560c635c1afc7af9bf163ca98a3085,btc-updown-15m-1777655700
"Bitcoin Up or Down - May 1, 1:15PM-1:30PM ET",Down,BUY,8.150942,0.5299999681018464,0x491115ca104f3967c4b9b04dd33209bcdb5500eed6ea13b966b25ccd0b685a09,2026-05-01 20:15:48,0x96494e4c6f5409d43cf3b92482368255de0c0ad0bf95f8e3dd682b5fab4a73e7,btc-updown-15m-1777655700
"Bitcoin Up or Down - May 1, 1:15PM-1:30PM ET",Down,BUY,36.320753,0.5299999975220778,0x491115ca104f3967c4b9b04dd33209bcdb5500eed6ea13b966b25ccd0b685a09,2026-05-01 20:15:48,0xb030f2d78ef63ebff89d7df3ec16b46425e56c6d577bf3d4d5913d3ff3f91ac8,btc-updown-15m-1777655700
"Bitcoin Up or Down - May 1, 1:15PM-1:30PM ET",Down,BUY,122.72,0.5,0x491115ca104f3967c4b9b04dd33209bcdb5500eed6ea13b966b25ccd0b685a09,2026-05-01 20:15:46,0xb4ed6260c05a1b6b9ccc2f29653fdc7524a2e4d5482172a71eb3145429fb103c,btc-updown-15m-1777655700
"Bitcoin Up or Down - May 1, 1:15PM-1:30PM ET",Down,BUY,8.96,0.5,0x491115ca104f3967c4b9b04dd33209bcdb5500eed6ea13b966b25ccd0b685a09,2026-05-01 20:15:46,0x6c6171b7b1ad650814c4c922d041eaac9b8a41c320ea353d266bd1c0ef75f7a7,btc-updown-15m-1777655700
"Bitcoin Up or Down - May 1, 1:15PM-1:20PM ET",Down,BUY,20,0.43,0x10d8564c89eb6e6769f7d722e379e6e0145f3089fa08a8166822f95f9684a73b,2026-05-01 20:15:44,0xf5aa80ba9a9995a58933ff2592c16aedd958fa2f70a9b156e86e509680b7cb41,btc-updown-5m-1777655700
"Bitcoin Up or Down - May 1, 1:15PM-1:30PM ET",Down,BUY,96.9,0.5,0x491115ca104f3967c4b9b04dd33209bcdb5500eed6ea13b966b25ccd0b685a09,2026-05-01 20:15:16,0x6879681f73855c7de4a0a6bef490a0948cb124f3ff569f91eb12432c5f402d48,btc-updown-15m-1777655700
"Bitcoin Up or Down - May 1, 1:15PM-1:30PM ET",Down,BUY,200,0.5,0x491115ca104f3967c4b9b04dd33209bcdb5500eed6ea13b966b25ccd0b685a09,2026-05-01 20:15:14,0x97966b67d2e8108cc504f90d117d958fbeb323bfdcff5fe177cf311850c3b430,btc-updown-15m-1777655700
"Bitcoin Up or Down - May 1, 1:00PM-1:15PM ET",Down,BUY,70.09,0.18,0xd5e6f3719096f4946537b36064679df3e093ee51421a6986d6be8718828bcd01,2026-05-01 20:12:22,0xfad379198de12098b0617e8f14343dbe89b8439c6e6966ef66e11fdcab450aca,btc-updown-15m-1777654800
"Bitcoin Up or Down - May 1, 1:00PM-1:15PM ET",Down,BUY,34.833332,0.17999997818181734,0xd5e6f3719096f4946537b36064679df3e093ee51421a6986d6be8718828bcd01,2026-05-01 20:12:22,0x6cdeb21cdbfe886103df66f116c5fd8d4f5f115dd9db78fb83f152a4d8278288,btc-updown-15m-1777654800
"Bitcoin Up or Down - May 1, 1:10PM-1:15PM ET",Up,BUY,100,0.82,0x28db2431bb1be58300763e28107fb45343d9a0138ab86976937b88617e8f186c,2026-05-01 20:12:06,0xf3bb0f8f13f47a076753fdac0bdd493ff8f542e6e820040edb0a8cb32286b8b7,btc-updown-5m-1777655400
"Bitcoin Up or Down - May 1, 1:00PM-1:15PM ET",Down,BUY,208.695651,0.2299999965020833,0xd5e6f3719096f4946537b36064679df3e093ee51421a6986d6be8718828bcd01,2026-05-01 20:12:04,0x11e534ae201cee52528ed3f5dc4a65d57f5c4a2ab81f05106a9826c6f2432814,btc-updown-15m-1777654800
"Bitcoin Up or Down - May 1, 1:10PM-1:15PM ET",Down,BUY,83.32,0.18,0x28db2431bb1be58300763e28107fb45343d9a0138ab86976937b88617e8f186c,2026-05-01 20:12:04,0x6822623aca110b0d074221987b5802b32be8f5693d103d3b9abbc50bf2ce39f7,btc-updown-5m-1777655400
"Bitcoin Up or Down - May 1, 1:00PM-1:15PM ET",Down,BUY,162,0.23,0xd5e6f3719096f4946537b36064679df3e093ee51421a6986d6be8718828bcd01,2026-05-01 20:12:04,0xe21aeccc7072cdbe616dcfeb128a97954170dafa8170a70da17f2b1e5296e54d,btc-updown-15m-1777654800
"Bitcoin Up or Down - May 1, 1:00PM-1:15PM ET",Down,BUY,20.1,0.2874577114427861,0xd5e6f3719096f4946537b36064679df3e093ee51421a6986d6be8718828bcd01,2026-05-01 20:11:46,0x2af10d8113c226a3eeeb19b554ed6fad36cc55bf6512e1e2fcbec25219f8fd01,btc-updown-15m-1777654800
"Bitcoin Up or Down - May 1, 1:00PM-1:15PM ET",Down,BUY,8.189284,0.2735280642361408,0xd5e6f3719096f4946537b36064679df3e093ee51421a6986d6be8718828bcd01,2026-05-01 20:11:46,0x892792e6b2fa966065abea591212cfd726353ecd7b3a93863a81c956c6cb47c6,btc-updown-15m-1777654800
"Bitcoin Up or Down - May 1, 1:10PM-1:15PM ET",Down,BUY,100,0.28,0x28db2431bb1be58300763e28107fb45343d9a0138ab86976937b88617e8f186c,2026-05-01 20:11:46,0x4feedb7769dfc3867da82e192e8a98bd65ea232a4fa5188ca2a4d63a6e7ac1b9,btc-updown-5m-1777655400
"Bitcoin Up or Down - May 1, 1:10PM-1:15PM ET",Down,BUY,104.761903,0.20999999398636354,0x28db2431bb1be58300763e28107fb45343d9a0138ab86976937b88617e8f186c,2026-05-01 20:11:44,0x8e2929f9bb65ccc18a8f46f513f95213e1bf3cfec61a9d19c455af876463a301,btc-updown-5m-1777655400
"Bitcoin Up or Down - May 1, 1:10PM-1:15PM ET",Down,BUY,100,0.21,0x28db2431bb1be58300763e28107fb45343d9a0138ab86976937b88617e8f186c,2026-05-01 20:11:44,0x55de36267f251fe0150d42371011290963073101184793bb3d83259b51fd9899,btc-updown-5m-1777655400
"Bitcoin Up or Down - May 1, 1:10PM-1:15PM ET",Down,BUY,100,0.2,0x28db2431bb1be58300763e28107fb45343d9a0138ab86976937b88617e8f186c,2026-05-01 20:11:44,0x0dfeee027af93d1b73743ffefab07203ec41356af924fe153f1a29017889a3e0,btc-updown-5m-1777655400
"Bitcoin Up or Down - May 1, 1:10PM-1:15PM ET",Up,BUY,100,0.8,0x28db2431bb1be58300763e28107fb45343d9a0138ab86976937b88617e8f186c,2026-05-01 20:11:42,0x8b7cd94d77c14f969764c229c8a3d9743c9612934da546dbaf365e3eccb620b8,btc-updown-5m-1777655400
"Bitcoin Up or Down - May 1, 1:10PM-1:15PM ET",Up,BUY,101.234563,0.8099999997036585,0x28db2431bb1be58300763e28107fb45343d9a0138ab86976937b88617e8f186c,2026-05-01 20:11:42,0x182a9239b721dd574423e1056615cfdcb9e71f5f8066819f6fcf7a50a15fdc2a,btc-updown-5m-1777655400
"Bitcoin Up or Down - May 1, 1:10PM-1:15PM ET",Up,BUY,100,0.81,0x28db2431bb1be58300763e28107fb45343d9a0138ab86976937b88617e8f186c,2026-05-01 20:11:42,0x4ad33d44744569515480c163fdeca5d89b8c99b1274a3c28148d2e61f7f86114,btc-updown-5m-1777655400
"Bitcoin Up or Down - May 1, 1:00PM-1:15PM ET",Down,BUY,10,0.21,0xd5e6f3719096f4946537b36064679df3e093ee51421a6986d6be8718828bcd01,2026-05-01 20:11:40,0x0ad1218b0626fd18ff98f3f7d27e46426008f34a48685927e27c5bde8a0c75cc,btc-updown-15m-1777654800
"Bitcoin Up or Down - May 1, 1:10PM-1:15PM ET",Up,BUY,100,0.67,0x28db2431bb1be58300763e28107fb45343d9a0138ab86976937b88617e8f186c,2026-05-01 20:11:14,0xb8cba2810031ccb7645d3d47b791e5736ec41529a70e64773ca04e585c884584,btc-updown-5m-1777655400
"Bitcoin Up or Down - May 1, 1:00PM-1:15PM ET",Down,BUY,10.270269,0.36999994839473044,0xd5e6f3719096f4946537b36064679df3e093ee51421a6986d6be8718828bcd01,2026-05-01 20:11:02,0x6239ab85c4036752bad7d50c03305903d104bdcc040424c4b24ea1ad7909c577,btc-updown-15m-1777654800
"Bitcoin Up or Down - May 1, 1:10PM-1:15PM ET",Down,BUY,36,0.37,0x28db2431bb1be58300763e28107fb45343d9a0138ab86976937b88617e8f186c,2026-05-01 20:11:02,0xd5953e14b0172212f12b463768119c68ad98928372bb175dd723915ae93675c8,btc-updown-5m-1777655400
"Bitcoin Up or Down - May 1, 1:00PM-1:15PM ET",Up,BUY,6.27,0.62,0xd5e6f3719096f4946537b36064679df3e093ee51421a6986d6be8718828bcd01,2026-05-01 20:11:00,0x2e156f17777745bc3aec560b6a2ceffb267880db236d4fd3cf8ae5f087f67e0e,btc-updown-15m-1777654800
"Bitcoin Up or Down - May 1, 1:10PM-1:15PM ET",Up,BUY,103.125,0.64,0x28db2431bb1be58300763e28107fb45343d9a0138ab86976937b88617e8f186c,2026-05-01 20:11:00,0x1f59f4b01654b9bbf552623631dadfbf0e887fb4d9c741737c02386433209ff9,btc-updown-5m-1777655400
"Bitcoin Up or Down - May 1, 1:10PM-1:15PM ET",Up,BUY,100,0.64,0x28db2431bb1be58300763e28107fb45343d9a0138ab86976937b88617e8f186c,2026-05-01 20:11:00,0xc8401bad886003457b6238cd53e93a055aacd3cef616aabdd8b334af7c8b53a4,btc-updown-5m-1777655400
"Bitcoin Up or Down - May 1, 1:00PM-1:15PM ET",Up,BUY,206.557376,0.6099999982571428,0xd5e6f3719096f4946537b36064679df3e093ee51421a6986d6be8718828bcd01,2026-05-01 20:11:00,0x10d34a6fe2309dc8cf647d950240c97215cace3b1707130a3d3836f7e167c14d,btc-updown-15m-1777654800
"Bitcoin Up or Down - May 1, 1:00PM-1:15PM ET",Up,BUY,200,0.61,0xd5e6f3719096f4946537b36064679df3e093ee51421a6986d6be8718828bcd01,2026-05-01 20:11:00,0xaecfa55e064c410c8980da359f8fb90d3d863f75569d5d10fc8d25116709f3e4,btc-updown-15m-1777654800
"Bitcoin Up or Down - May 1, 1:00PM-1:15PM ET",Down,BUY,79.054053,0.36999999228376057,0xd5e6f3719096f4946537b36064679df3e093ee51421a6986d6be8718828bcd01,2026-05-01 20:11:00,0xd20bf94af5c063cf5d82201578f4f06f78455a985801ab7c1898de0c53b2c9cc,btc-updown-15m-1777654800
"Bitcoin Up or Down - May 1, 1:10PM-1:15PM ET",Down,BUY,105.706485,0.3594859766645348,0x28db2431bb1be58300763e28107fb45343d9a0138ab86976937b88617e8f186c,2026-05-01 20:11:00,0x79a087669770b3837fdefe117fb6e24358a8992a6ab226104544b0fd7b167f54,btc-updown-5m-1777655400
"Bitcoin Up or Down - May 1, 1:10PM-1:15PM ET",Up,BUY,101.5625,0.64,0x28db2431bb1be58300763e28107fb45343d9a0138ab86976937b88617e8f186c,2026-05-01 20:11:00,0x658c6aaae8e19672ce3829ab146f3a3ec3474a30352268a03d81603e0b70ad92,btc-updown-5m-1777655400
"Bitcoin Up or Down - May 1, 1:00PM-1:15PM ET",Up,BUY,200,0.52,0xd5e6f3719096f4946537b36064679df3e093ee51421a6986d6be8718828bcd01,2026-05-01 20:10:32,0x06e0ac574d8061bd7cd6a4d2f76c5edc6cdfc42141defffc54b040cc606db0c0,btc-updown-15m-1777654800
"Bitcoin Up or Down - May 1, 1:00PM-1:15PM ET",Up,BUY,0.33,0.5,0xd5e6f3719096f4946537b36064679df3e093ee51421a6986d6be8718828bcd01,2026-05-01 20:10:32,0x3fdebd693047e4d23066f0d2e18f0b38589ce184fe48ea1fa5041be16a3486d4,btc-updown-15m-1777654800
"Bitcoin Up or Down - May 1, 1:00PM-1:15PM ET",Up,BUY,131.14,0.5196393167607137,0xd5e6f3719096f4946537b36064679df3e093ee51421a6986d6be8718828bcd01,2026-05-01 20:10:32,0xaa35f8dd10abfb1781e46ba7c915a3f48f17b8e41de19ccd835f5c41c90f7e25,btc-updown-15m-1777654800
"Bitcoin Up or Down - May 1, 1:10PM-1:15PM ET",Down,BUY,100,0.5,0x28db2431bb1be58300763e28107fb45343d9a0138ab86976937b88617e8f186c,2026-05-01 20:10:30,0x150896d285f0c8f7285ea21e360f331e99b932cdc64d9b9d54329385f8a7f05d,btc-updown-5m-1777655400
"Bitcoin Up or Down - May 1, 1:00PM-1:15PM ET",Up,BUY,14.27,0.4,0xd5e6f3719096f4946537b36064679df3e093ee51421a6986d6be8718828bcd01,2026-05-01 20:09:26,0x829509f2a6d0d56f52d1a3d821fc6941ece17f5a4042eac38724d42d6bdf7d4b,btc-updown-15m-1777654800
"Bitcoin Up or Down - May 1, 1:00PM-1:15PM ET",Up,BUY,144.08,0.33830649639089394,0xd5e6f3719096f4946537b36064679df3e093ee51421a6986d6be8718828bcd01,2026-05-01 20:09:12,0x276872b8b11289ac59caba54fa6719b4b1b724a44ff672b005dbd19da2e39dd3,btc-updown-15m-1777654800
"Bitcoin Up or Down - May 1, 1:00PM-1:15PM ET",Up,BUY,200,0.39,0xd5e6f3719096f4946537b36064679df3e093ee51421a6986d6be8718828bcd01,2026-05-01 20:09:12,0xd9c57c9ff50973b380c04da4cd795ad5a304bb4f8bc57dda3fd25884cfdeaf35,btc-updown-15m-1777654800
"Bitcoin Up or Down - May 1, 1:00PM-1:15PM ET",Up,BUY,45.8,0.36,0xd5e6f3719096f4946537b36064679df3e093ee51421a6986d6be8718828bcd01,2026-05-01 20:09:12,0x90e05d5b9eecf6ed05afb80fdf3766433136b8a3c469a690819245e30d6bccef,btc-updown-15m-1777654800
"Bitcoin Up or Down - May 1, 1:00PM-1:15PM ET",Up,BUY,206.333332,0.35864297000738593,0xd5e6f3719096f4946537b36064679df3e093ee51421a6986d6be8718828bcd01,2026-05-01 20:09:12,0x4b51dba251034b4cae4cd2507672359f66fc288ed4e1aec8b2da9a7a9ecc165a,btc-updown-15m-1777654800
"Bitcoin Up or Down - May 1, 1:00PM-1:15PM ET",Up,BUY,206.42516,0.3003509795026924,0xd5e6f3719096f4946537b36064679df3e093ee51421a6986d6be8718828bcd01,2026-05-01 20:09:10,0xdb0a51cf11bccec60b834830ffa1418723dedb68db09349fb057c0f490afb438,btc-updown-15m-1777654800
"Bitcoin Up or Down - May 1, 1:00PM-1:15PM ET",Up,BUY,97.5,0.3112102564102564,0xd5e6f3719096f4946537b36064679df3e093ee51421a6986d6be8718828bcd01,2026-05-01 20:09:10,0x585928b14f2c95ff3464a53c5e6be548d2bdc663839c08d35eefb5900d272bfd,btc-updown-15m-1777654800
"Bitcoin Up or Down - May 1, 1:00PM-1:15PM ET",Up,BUY,200.983713,0.3482869231299354,0xd5e6f3719096f4946537b36064679df3e093ee51421a6986d6be8718828bcd01,2026-05-01 20:09:00,0xf03afc50abdaf143cb17a10b12bcde1599e9c5ccaf3815c90f99ecf3d337470a,btc-updown-15m-1777654800
"Bitcoin Up or Down - May 1, 1:00PM-1:15PM ET",Up,BUY,200,0.34,0xd5e6f3719096f4946537b36064679df3e093ee51421a6986d6be8718828bcd01,2026-05-01 20:08:56,0x330ce46bc8bcaca2b3b27c70ac089ddc0fcacbc57d72de3edf54e16c0a322684,btc-updown-15m-1777654800
"Bitcoin Up or Down - May 1, 1:05PM-1:10PM ET",Up,BUY,100,0.6,0x4f50c56c170e125804da590c331fca215e24c620657dfc9fa23292f1aa6a0fbd,2026-05-01 20:08:36,0x5f1c5fc5df824a0e9829f9432d85ce02e87f65046fd8ce5d218036924aec166e,btc-updown-5m-1777655100
"Bitcoin Up or Down - May 1, 1:05PM-1:10PM ET",Up,BUY,57.6,0.5878125,0x4f50c56c170e125804da590c331fca215e24c620657dfc9fa23292f1aa6a0fbd,2026-05-01 20:08:36,0x0624aef93378c8060aba5a93b5c1b2d5770e7cfd538b94e399a240f2636e5f42,btc-updown-5m-1777655100
"Bitcoin Up or Down - May 1, 1:05PM-1:10PM ET",Down,BUY,5,0.37,0x4f50c56c170e125804da590c331fca215e24c620657dfc9fa23292f1aa6a0fbd,2026-05-01 20:07:34,0xcc4b0e85f2797c2efe869f6ccbfbeb39b63767434ba61c022f6ab966f3064d51,btc-updown-5m-1777655100
"Bitcoin Up or Down - May 1, 1:05PM-1:10PM ET",Down,BUY,56.833332,0.29999998944281503,0x4f50c56c170e125804da590c331fca215e24c620657dfc9fa23292f1aa6a0fbd,2026-05-01 20:06:30,0xe40c3ec95df0d80d9306f0d7b162d16eb8b97352c9d3f71d5d75b25d5ed2c830,btc-updown-5m-1777655100
"Bitcoin Up or Down - May 1, 1:05PM-1:10PM ET",Down,BUY,105.6,0.3,0x4f50c56c170e125804da590c331fca215e24c620657dfc9fa23292f1aa6a0fbd,2026-05-01 20:06:28,0xc3e356a0cfbdcd204ffa5fd5794b469a83d4896a237c9d280df24ee5da2ccb54,btc-updown-5m-1777655100
"Bitcoin Up or Down - May 1, 1:05PM-1:10PM ET",Down,BUY,100,0.3,0x4f50c56c170e125804da590c331fca215e24c620657dfc9fa23292f1aa6a0fbd,2026-05-01 20:06:28,0x9c4f1ab852091ef4ac95dbace469d350af3695a86b23ebf610019072d3679922,btc-updown-5m-1777655100
"Bitcoin Up or Down - May 1, 1:05PM-1:10PM ET",Down,BUY,100,0.3,0x4f50c56c170e125804da590c331fca215e24c620657dfc9fa23292f1aa6a0fbd,2026-05-01 20:06:24,0x0ce0dbe8a0d0d6f3296934fd675a3a98ec12e1f21443abf7e0ea7f111ca6094a,btc-updown-5m-1777655100
"Bitcoin Up or Down - May 1, 1:05PM-1:10PM ET",Down,BUY,103.333332,0.29999999419354834,0x4f50c56c170e125804da590c331fca215e24c620657dfc9fa23292f1aa6a0fbd,2026-05-01 20:06:24,0x585d329a9d7613e7d435b3640df8bfc5265dc9645af246e8ef352b5994b24661,btc-updown-5m-1777655100
"Bitcoin Up or Down - May 1, 1:05PM-1:10PM ET",Down,BUY,106.666665,0.29999999531249993,0x4f50c56c170e125804da590c331fca215e24c620657dfc9fa23292f1aa6a0fbd,2026-05-01 20:06:24,0xe2845cc769a94c3f1274e289aa98bf05acef9ae0016f1d04520e377cb7c8a3f5,btc-updown-5m-1777655100
"Bitcoin Up or Down - May 1, 1:05PM-1:10PM ET",Down,BUY,20,0.54,0x4f50c56c170e125804da590c331fca215e24c620657dfc9fa23292f1aa6a0fbd,2026-05-01 20:05:38,0x267722f7cd15fc763a07a94d9bacf40c924485cf216220c34e6862921a25baba,btc-updown-5m-1777655100
"Bitcoin Up or Down - May 1, 1:05PM-1:10PM ET",Down,BUY,29,0.6,0x4f50c56c170e125804da590c331fca215e24c620657dfc9fa23292f1aa6a0fbd,2026-05-01 20:05:30,0x4c291919f8af12cebebd9faf8f223b5f0e9db559760a6a53c89ea3915734651b,btc-updown-5m-1777655100
"Bitcoin Up or Down - May 1, 1:05PM-1:10PM ET",Down,BUY,7.9,0.55,0x4f50c56c170e125804da590c331fca215e24c620657dfc9fa23292f1aa6a0fbd,2026-05-01 20:05:28,0x08dc25545386503e84041f2fdc32e6be2cb00ba54d5f3da510f6cb62fb912862,btc-updown-5m-1777655100
"Bitcoin Up or Down - May 1, 1:05PM-1:10PM ET",Down,BUY,17.61,0.57,0x4f50c56c170e125804da590c331fca215e24c620657dfc9fa23292f1aa6a0fbd,2026-05-01 20:05:28,0x60f4264a9b847b48792bced06d79b50242721fc4639c88faacd64a151e935907,btc-updown-5m-1777655100
"Bitcoin Up or Down - May 1, 1:00PM-1:15PM ET",Down,BUY,71,0.7,0xd5e6f3719096f4946537b36064679df3e093ee51421a6986d6be8718828bcd01,2026-05-01 20:05:22,0xa55fe5951456b99e152e092b7a51a6de42a97322c32ed667e3ead69e2e1dd16b,btc-updown-15m-1777654800
"Bitcoin Up or Down - May 1, 1:05PM-1:10PM ET",Down,BUY,100,0.63,0x4f50c56c170e125804da590c331fca215e24c620657dfc9fa23292f1aa6a0fbd,2026-05-01 20:05:18,0x23cdc3de3163be3d53532dad56b9933fd4bb9aa4b9b00c4efff797d9f975cb8b,btc-updown-5m-1777655100
"Bitcoin Up or Down - May 1, 1:00PM-1:15PM ET",Down,BUY,16,0.7,0xd5e6f3719096f4946537b36064679df3e093ee51421a6986d6be8718828bcd01,2026-05-01 20:05:18,0x8b1a4743187e6dafa9501e9e5a222e13beba79f0bc1b47e034d729e3933fea8f,btc-updown-15m-1777654800
"Bitcoin Up or Down - May 1, 1:05PM-1:10PM ET",Up,BUY,115.640511,0.3891369781304408,0x4f50c56c170e125804da590c331fca215e24c620657dfc9fa23292f1aa6a0fbd,2026-05-01 20:05:18,0x47caddea3b46b720e858a604ee2d4b0fa64a2f581efbab74c23ada2f3e5b27ee,btc-updown-5m-1777655100
"Bitcoin Up or Down - May 1, 1:00PM-1:15PM ET",Up,BUY,161.05,0.31,0xd5e6f3719096f4946537b36064679df3e093ee51421a6986d6be8718828bcd01,2026-05-01 20:05:18,0x6bcb9f0a07b54cd301b6502f8c655da0367f6790a4cc4cdfbc8aca3dc22836d0,btc-updown-15m-1777654800
"Bitcoin Up or Down - May 1, 1:05PM-1:10PM ET",Up,BUY,113.589742,0.38735891309621956,0x4f50c56c170e125804da590c331fca215e24c620657dfc9fa23292f1aa6a0fbd,2026-05-01 20:05:18,0x333f5ce831af77546b494fedec17bd6f526b2ffa2cf727f8687b1a348a1253a6,btc-updown-5m-1777655100
"Bitcoin Up or Down - May 1, 1:05PM-1:10PM ET",Up,BUY,113.157893,0.3799999969953488,0x4f50c56c170e125804da590c331fca215e24c620657dfc9fa23292f1aa6a0fbd,2026-05-01 20:05:18,0xeb7dfd86db6cf26a324f5441d15f7a9c48e5c5804bcc60a45a5fc013fafe9a91,btc-updown-5m-1777655100
"Bitcoin Up or Down - May 1, 1:00PM-1:15PM ET",Down,BUY,200,0.64,0xd5e6f3719096f4946537b36064679df3e093ee51421a6986d6be8718828bcd01,2026-05-01 20:05:10,0x77538044be25997a3523286c2ad911f450861a40331a158be35abec98fbe1353,btc-updown-15m-1777654800
"Bitcoin Up or Down - May 1, 1:00PM-1:15PM ET",Down,BUY,13.61,0.51,0xd5e6f3719096f4946537b36064679df3e093ee51421a6986d6be8718828bcd01,2026-05-01 20:04:34,0xaebb3ba295ae48c93c84adc8a9ac755dc438f11f158570f621060b18f2fff7f4,btc-updown-15m-1777654800
"Bitcoin Up or Down - May 1, 1:00PM-1:05PM ET",Down,BUY,12,0.33,0xb802d1d2b62baa7af98d21d5c90beaebd3b95da0fa2e0264d0c367025f83d1aa,2026-05-01 20:04:30,0x8f1a0574d5b73e64272ffe657f6af4f41883e47bba32a91b496f8e6cbfb7d092,btc-updown-5m-1777654800
"Bitcoin Up or Down - May 1, 1:00PM-1:05PM ET",Down,BUY,15,0.34,0xb802d1d2b62baa7af98d21d5c90beaebd3b95da0fa2e0264d0c367025f83d1aa,2026-05-01 20:04:30,0x44ae0fa4ff934ff1ca98dcf379e49d230b558294a51696569cf9d4fe8bfd53d9,btc-updown-5m-1777654800
"Bitcoin Up or Down - May 1, 1:00PM-1:05PM ET",Down,BUY,20,0.35,0xb802d1d2b62baa7af98d21d5c90beaebd3b95da0fa2e0264d0c367025f83d1aa,2026-05-01 20:04:30,0xc4c224ef7df61c9fd09f02dbbcdb2db7e9b87da4c8b5056a17635ae3f8d7f8c6,btc-updown-5m-1777654800
"Bitcoin Up or Down - May 1, 1:00PM-1:05PM ET",Down,BUY,35.02,0.41,0xb802d1d2b62baa7af98d21d5c90beaebd3b95da0fa2e0264d0c367025f83d1aa,2026-05-01 20:04:20,0x29c45153ec70d91556696ffe1df456d0f6e1b47112c83433969525a06fa5154c,btc-updown-5m-1777654800
"Bitcoin Up or Down - May 1, 1:00PM-1:05PM ET",Down,BUY,100,0.4,0xb802d1d2b62baa7af98d21d5c90beaebd3b95da0fa2e0264d0c367025f83d1aa,2026-05-01 20:04:20,0x240cb95827c77e65cc4601aae94599103a121ff14929940e9e5f1e1d81195e20,btc-updown-5m-1777654800
"Bitcoin Up or Down - May 1, 1:00PM-1:05PM ET",Down,BUY,5.11111,0.4499999021738918,0xb802d1d2b62baa7af98d21d5c90beaebd3b95da0fa2e0264d0c367025f83d1aa,2026-05-01 20:04:18,0xa2e2be4e1614b0ddb705c62c2e1245908e9d8313f29b867f394ee7e9b8f230a6,btc-updown-5m-1777654800
"Bitcoin Up or Down - May 1, 1:00PM-1:05PM ET",Down,BUY,5,0.45,0xb802d1d2b62baa7af98d21d5c90beaebd3b95da0fa2e0264d0c367025f83d1aa,2026-05-01 20:04:18,0x687062ea80755d465a5ab2d08c539dd0890dee73086d78984779f7496e91355c,btc-updown-5m-1777654800
"Bitcoin Up or Down - May 1, 1:00PM-1:05PM ET",Down,BUY,130,0.1,0xb802d1d2b62baa7af98d21d5c90beaebd3b95da0fa2e0264d0c367025f83d1aa,2026-05-01 20:04:06,0xf7fdd908b07c69757d2803b65af3a0451a2ef3adadba019501bb5b948da2a54c,btc-updown-5m-1777654800
"Bitcoin Up or Down - May 1, 1:00PM-1:05PM ET",Down,BUY,138.361817,0.10118397765765103,0xb802d1d2b62baa7af98d21d5c90beaebd3b95da0fa2e0264d0c367025f83d1aa,2026-05-01 20:04:06,0xb28a8bba0f818af075a5df7cdcadf0cf52ddd0a83507ea9373e1197ca2d47589,btc-updown-5m-1777654800
"Bitcoin Up or Down - May 1, 1:00PM-1:05PM ET",Down,BUY,78.2,0.15,0xb802d1d2b62baa7af98d21d5c90beaebd3b95da0fa2e0264d0c367025f83d1aa,2026-05-01 20:04:06,0x85cf69c9baaa883b7d5383bdcabed8e47d4f5c59e2908ab853a8e3362d174f02,btc-updown-5m-1777654800
"Bitcoin Up or Down - May 1, 1:00PM-1:05PM ET",Down,BUY,79.266665,0.14936920835511372,0xb802d1d2b62baa7af98d21d5c90beaebd3b95da0fa2e0264d0c367025f83d1aa,2026-05-01 20:04:04,0xe940a293984fb3544f94a8abab63d1d24d20060440595726321d3510663afb56,btc-updown-5m-1777654800
"Bitcoin Up or Down - May 1, 1:00PM-1:05PM ET",Down,BUY,150,0.1,0xb802d1d2b62baa7af98d21d5c90beaebd3b95da0fa2e0264d0c367025f83d1aa,2026-05-01 20:04:04,0xe8efa890af36141a4cc0f3d81972c311ed0b69789f0e5cf9638247172b2892fd,btc-updown-5m-1777654800
"Bitcoin Up or Down - May 1, 1:00PM-1:05PM ET",Down,BUY,120,0.1,0xb802d1d2b62baa7af98d21d5c90beaebd3b95da0fa2e0264d0c367025f83d1aa,2026-05-01 20:04:04,0x37e82c506f9a324922402f1af3a0cd128637416ec38fd539dba7195d0b52cbea,btc-updown-5m-1777654800
"Bitcoin Up or Down - May 1, 1:00PM-1:05PM ET",Down,BUY,100,0.1,0xb802d1d2b62baa7af98d21d5c90beaebd3b95da0fa2e0264d0c367025f83d1aa,2026-05-01 20:04:04,0xe76d4d309ab42f7c755a5d07902d85bb8c23eb763ef555a5b88c90f71bc93fc9,btc-updown-5m-1777654800
"Bitcoin Up or Down - May 1, 1:00PM-1:05PM ET",Down,BUY,110,0.1,0xb802d1d2b62baa7af98d21d5c90beaebd3b95da0fa2e0264d0c367025f83d1aa,2026-05-01 20:04:04,0x1d8145c77927a91bad72525978852b597f85aa96c991f33a2a52d7d85a440c23,btc-updown-5m-1777654800
"Bitcoin Up or Down - May 1, 1:00PM-1:15PM ET",Down,BUY,62.36,0.3,0xd5e6f3719096f4946537b36064679df3e093ee51421a6986d6be8718828bcd01,2026-05-01 20:03:42,0xbf5475e3ca9802123de565674d6aeb1f81c56bacdfe61f61ba4e1130f660ed09,btc-updown-15m-1777654800
"Bitcoin Up or Down - May 1, 1:00PM-1:05PM ET",Up,BUY,100,0.96,0xb802d1d2b62baa7af98d21d5c90beaebd3b95da0fa2e0264d0c367025f83d1aa,2026-05-01 20:02:56,0x7a1a58363c4c028dadcb861b8d4a9a549c827db11eb73872e78c8e94cb8e90f2,btc-updown-5m-1777654800
"Bitcoin Up or Down - May 1, 1:00PM-1:05PM ET",Up,BUY,12.88,0.94,0xb802d1d2b62baa7af98d21d5c90beaebd3b95da0fa2e0264d0c367025f83d1aa,2026-05-01 20:02:08,0x33be766c41abe49c3030cef26f72c4a4953f8781107a898056bc62a5e1bc25d0,btc-updown-5m-1777654800
"Bitcoin Up or Down - May 1, 1:00PM-1:15PM ET",Down,BUY,143.11111,0.44999999650621114,0xd5e6f3719096f4946537b36064679df3e093ee51421a6986d6be8718828bcd01,2026-05-01 20:00:46,0xc8d63f48d982ade7cb3ab9740fc74bee50994b426edb56d2d767b55b6e6a5f7f,btc-updown-15m-1777654800
"Bitcoin Up or Down - May 1, 1:00PM-1:15PM ET",Down,BUY,69.977776,0.44999999714194977,0xd5e6f3719096f4946537b36064679df3e093ee51421a6986d6be8718828bcd01,2026-05-01 20:00:44,0xb34f8c3c4817f8e635a127d00066bd2cadd02f3ac2caf66ef7214df88d33d815,btc-updown-15m-1777654800
"Bitcoin Up or Down - May 1, 1:00PM-1:15PM ET",Down,BUY,220,0.45,0xd5e6f3719096f4946537b36064679df3e093ee51421a6986d6be8718828bcd01,2026-05-01 20:00:44,0xabf43735e4035a306f3b41f4f3810c7a5c933fb341568c71d34c528017a8add4,btc-updown-15m-1777654800
"Bitcoin Up or Down - May 1, 1:00PM-1:15PM ET",Down,BUY,77.093022,0.4299999940331824,0xd5e6f3719096f4946537b36064679df3e093ee51421a6986d6be8718828bcd01,2026-05-01 20:00:44,0xffc9cc5a5ca650a9ecd32f3759aee529e65f2e4be1aba218ab9d3bbe034b04f0,btc-updown-15m-1777654800
"Bitcoin Up or Down - May 1, 1:00PM-1:15PM ET",Down,BUY,200,0.45,0xd5e6f3719096f4946537b36064679df3e093ee51421a6986d6be8718828bcd01,2026-05-01 20:00:44,0x228108fb01a6359d4ff567460feb72283ea81ae41a0bdbd862566b247ddf2c1d,btc-updown-15m-1777654800
"Bitcoin Up or Down - May 1, 1:00PM-1:15PM ET",Down,BUY,5.444443,0.44999993571426866,0xd5e6f3719096f4946537b36064679df3e093ee51421a6986d6be8718828bcd01,2026-05-01 20:00:44,0xa558ec74fcb6db4929f5427b5fa6c18ac1e10b6c4089e7ce5f9b11cb35413027,btc-updown-15m-1777654800
"Bitcoin Up or Down - May 1, 1:00PM-1:15PM ET",Down,BUY,209.266665,0.44956992553018416,0xd5e6f3719096f4946537b36064679df3e093ee51421a6986d6be8718828bcd01,2026-05-01 20:00:44,0xe711c0434fbfa9dbd22a52b8716d161f8e94b64100b487ffd7b186f31b054833,btc-updown-15m-1777654800
"Bitcoin Up or Down - May 1, 1:00PM-1:15PM ET",Down,BUY,38.883719,0.42999999562799024,0xd5e6f3719096f4946537b36064679df3e093ee51421a6986d6be8718828bcd01,2026-05-01 20:00:42,0xf19b197641fc574fb5c24722a7c51e7f1bf21ef20f5f22b55b2b3cd3290c1b0a,btc-updown-15m-1777654800
"Bitcoin Up or Down - May 1, 12:45PM-1:00PM ET",Down,BUY,5,0.42,0x060cb4930e0631f1a481b34315d8b9c4255b9c1bf95a53f98ea6b7c5aedd252a,2026-05-01 19:59:10,0xa85cf4e15a20a1fec4696946a41ec56b9960d139acb92fe45159b42d3578dd56,btc-updown-15m-1777653900
"Bitcoin Up or Down - May 1, 12:45PM-1:00PM ET",Down,BUY,23.83,0.4,0x060cb4930e0631f1a481b34315d8b9c4255b9c1bf95a53f98ea6b7c5aedd252a,2026-05-01 19:59:10,0xfa3ae1439e916c751a50b8fd0a0ad117f5677721f6a65cbc32501007689ee54d,btc-updown-15m-1777653900
"Bitcoin Up or Down - May 1, 12:45PM-1:00PM ET",Down,BUY,200,0.51,0x060cb4930e0631f1a481b34315d8b9c4255b9c1bf95a53f98ea6b7c5aedd252a,2026-05-01 19:58:32,0x0e9a9ba2cede02ed262f2554d4ae57e61f0627bd77caef23b3f13a84b1e10548,btc-updown-15m-1777653900
"Bitcoin Up or Down - May 1, 12:45PM-1:00PM ET",Down,BUY,157,0.53,0x060cb4930e0631f1a481b34315d8b9c4255b9c1bf95a53f98ea6b7c5aedd252a,2026-05-01 19:58:26,0xe0280c1924c4934b12426469348db876c0eed5b3027ce545d5af6dae69555b5d,btc-updown-15m-1777653900
"Bitcoin Up or Down - May 1, 12:45PM-1:00PM ET",Up,BUY,206.25,0.32,0x060cb4930e0631f1a481b34315d8b9c4255b9c1bf95a53f98ea6b7c5aedd252a,2026-05-01 19:57:56,0xf7b07c06ae5fb9c32852942285125bb8efcc8898d3088822f3cd19a3eacfb7b5,btc-updown-15m-1777653900
"Bitcoin Up or Down - May 1, 12:55PM-1:00PM ET",Up,BUY,9.69,0.39,0xa7c1fa0c1baf050edbbc2e9a1b0250d4c74fdc418f7b8fbfc04a12c92c306586,2026-05-01 19:57:34,0x63c7b09e76cb9d7b54eef77a8f58cb7cca537a801c0b732066e2a321ff88ec4f,btc-updown-5m-1777654500
"Bitcoin Up or Down - May 1, 12:55PM-1:00PM ET",Down,BUY,100,0.7,0xa7c1fa0c1baf050edbbc2e9a1b0250d4c74fdc418f7b8fbfc04a12c92c306586,2026-05-01 19:57:20,0xe3e492bff782657e9f8a0bdeaebdc745d4290a55563f3d0bb6448f7e02780e2a,btc-updown-5m-1777654500
"Bitcoin Up or Down - May 1, 12:45PM-1:00PM ET",Down,BUY,200,0.27,0x060cb4930e0631f1a481b34315d8b9c4255b9c1bf95a53f98ea6b7c5aedd252a,2026-05-01 19:56:40,0x6a46aaec86b79d794f5e86de5d538f2f1e81bbbb6c806d02eee7f8fe2437812d,btc-updown-15m-1777653900
"Bitcoin Up or Down - May 1, 12:45PM-1:00PM ET",Up,BUY,30.04,0.78,0x060cb4930e0631f1a481b34315d8b9c4255b9c1bf95a53f98ea6b7c5aedd252a,2026-05-01 19:56:04,0xbe7ccbefb156503113e0dd7aabb664ba5e9fdc6632f87a6e038d483252cc44f7,btc-updown-15m-1777653900
"Bitcoin Up or Down - May 1, 12:45PM-1:00PM ET",Up,BUY,22.19,0.75,0x060cb4930e0631f1a481b34315d8b9c4255b9c1bf95a53f98ea6b7c5aedd252a,2026-05-01 19:55:56,0x72c2e57a4b070a78bb4e2ea82fa39700d2aed245f02ef3c07b85c153c65a44c6,btc-updown-15m-1777653900
"Bitcoin Up or Down - May 1, 12:55PM-1:00PM ET",Down,BUY,100,0.31,0xa7c1fa0c1baf050edbbc2e9a1b0250d4c74fdc418f7b8fbfc04a12c92c306586,2026-05-01 19:55:42,0x3d82bf78d436ffce0b7cf846d93705344a08664596137c106cc49b63a341cab4,btc-updown-5m-1777654500
"Bitcoin Up or Down - May 1, 12:45PM-1:00PM ET",Down,BUY,200,0.23,0x060cb4930e0631f1a481b34315d8b9c4255b9c1bf95a53f98ea6b7c5aedd252a,2026-05-01 19:55:38,0x485c0172e23dbc6041c64aac9b7df91ddb1acee4b6c0ffb171abae7c86838945,btc-updown-15m-1777653900
"Bitcoin Up or Down - May 1, 12:45PM-1:00PM ET",Down,BUY,200,0.36,0x060cb4930e0631f1a481b34315d8b9c4255b9c1bf95a53f98ea6b7c5aedd252a,2026-05-01 19:55:16,0xf164f0538ff8ffa3510670f5a1065f60eeef24a943ec2a22b37024e4e8e186ea,btc-updown-15m-1777653900
"Bitcoin Up or Down - May 1, 12:45PM-1:00PM ET",Up,BUY,26,0.35,0x060cb4930e0631f1a481b34315d8b9c4255b9c1bf95a53f98ea6b7c5aedd252a,2026-05-01 19:54:18,0x0f14f02c1772f0572dcdbcbab7415d3c1a7a91a865ccf56c0f395583b450b2cc,btc-updown-15m-1777653900
"Bitcoin Up or Down - May 1, 12:45PM-1:00PM ET",Up,BUY,0.71,0.34,0x060cb4930e0631f1a481b34315d8b9c4255b9c1bf95a53f98ea6b7c5aedd252a,2026-05-01 19:54:18,0x672ba223303bd1dcd588500eff9da960ad31dcfbbb5c66133cdd2ed62f8d8994,btc-updown-15m-1777653900
"Bitcoin Up or Down - May 1, 12:50PM-12:55PM ET",Down,BUY,31.14,0.43,0x462ace99bfc2850c31ee4d952a2bb38f818e9ec08c4764c6a446d51f581405f5,2026-05-01 19:52:40,0x8d9894b18e995130f2abd4806663c0a6f359668c0ae0e695b807077e9187d309,btc-updown-5m-1777654200
"Bitcoin Up or Down - May 1, 12:45PM-1:00PM ET",Up,BUY,86.61,0.42,0x060cb4930e0631f1a481b34315d8b9c4255b9c1bf95a53f98ea6b7c5aedd252a,2026-05-01 19:51:50,0xb3eb18d67ac1cce3e87300392797fce544a4d335134421f048daa581d61651f4,btc-updown-15m-1777653900
"Bitcoin Up or Down - May 1, 12:50PM-12:55PM ET",Up,BUY,100,0.67,0x462ace99bfc2850c31ee4d952a2bb38f818e9ec08c4764c6a446d51f581405f5,2026-05-01 19:51:36,0xdc84e581b6209c3b28be9d572639120227515e38ab705e3d5ef9184056e875c9,btc-updown-5m-1777654200
"Bitcoin Up or Down - May 1, 12:50PM-12:55PM ET",Up,BUY,100,0.41,0x462ace99bfc2850c31ee4d952a2bb38f818e9ec08c4764c6a446d51f581405f5,2026-05-01 19:50:48,0xf72e51b6a4dff91faf2ec1b3d21fd0855e08e67f1f6d499e15505da2de2d12cd,btc-updown-5m-1777654200
"Bitcoin Up or Down - May 1, 12:50PM-12:55PM ET",Up,BUY,7.06,0.43,0x462ace99bfc2850c31ee4d952a2bb38f818e9ec08c4764c6a446d51f581405f5,2026-05-01 19:50:30,0xefe532d8553969ef9ac0e750b9bb531ded5554b2ef0161071a81d038fa358242,btc-updown-5m-1777654200
"Bitcoin Up or Down - May 1, 12:50PM-12:55PM ET",Down,BUY,10,0.58,0x462ace99bfc2850c31ee4d952a2bb38f818e9ec08c4764c6a446d51f581405f5,2026-05-01 19:50:26,0xeb70d5026c0ec754f6e2d19fd0bd7f5c61151cb45d0942bc8ee0d702beacee15,btc-updown-5m-1777654200
"Bitcoin Up or Down - May 1, 12:50PM-12:55PM ET",Down,BUY,100.799665,0.5952400635458461,0x462ace99bfc2850c31ee4d952a2bb38f818e9ec08c4764c6a446d51f581405f5,2026-05-01 19:50:26,0x63363aa53cd45bd45d60043f1f6d2bc728ac3e64e5efcd6cc9507d7c14190480,btc-updown-5m-1777654200
"Bitcoin Up or Down - May 1, 12:50PM-12:55PM ET",Down,BUY,5.083332,0.5999999606557274,0x462ace99bfc2850c31ee4d952a2bb38f818e9ec08c4764c6a446d51f581405f5,2026-05-01 19:50:26,0xfebfaaea598b9e92054bfe63a778586853c0e587742a0697995252d1736ed924,btc-updown-5m-1777654200
"Bitcoin Up or Down - May 1, 12:45PM-12:50PM ET",Up,BUY,100,0.19,0x3b47827b1407b642bff2c9f07b69d7970dde5e89debc5cdc5bc491ba26c00eb7,2026-05-01 19:47:30,0xbe5879a34c4b32f52b95bce92c3a4c105c0580dac70462f1c361b88260178576,btc-updown-5m-1777653900
"Bitcoin Up or Down - May 1, 12:45PM-12:50PM ET",Down,BUY,100,0.77,0x3b47827b1407b642bff2c9f07b69d7970dde5e89debc5cdc5bc491ba26c00eb7,2026-05-01 19:47:12,0xa4e27720ff95725fd4cd4a61c38a1af0107b20dcaee1a3947a4cd2c51f2b6136,btc-updown-5m-1777653900
"Bitcoin Up or Down - May 1, 12:45PM-1:00PM ET",Up,BUY,29.68,0.36,0x060cb4930e0631f1a481b34315d8b9c4255b9c1bf95a53f98ea6b7c5aedd252a,2026-05-01 19:47:10,0x8df73662171ed4b0d7747cce192066e037e0f2e0b2869137c53261a02d1d8802,btc-updown-15m-1777653900
"Bitcoin Up or Down - May 1, 12:45PM-12:50PM ET",Down,BUY,61.15,0.75,0x3b47827b1407b642bff2c9f07b69d7970dde5e89debc5cdc5bc491ba26c00eb7,2026-05-01 19:46:56,0xe08470a9a3fa9ac592f9b7bc8bee610bbd2fea74c05cc4d76871af4c4c77dc3f,btc-updown-5m-1777653900
"Bitcoin Up or Down - May 1, 12:45PM-12:50PM ET",Down,BUY,89.63,0.609737811000781,0x3b47827b1407b642bff2c9f07b69d7970dde5e89debc5cdc5bc491ba26c00eb7,2026-05-01 19:46:36,0x11c340b9def38983c793964f439253ad6539250ed8c62a0417c59311c475aac4,btc-updown-5m-1777653900
"Bitcoin Up or Down - May 1, 12:45PM-1:00PM ET",Down,BUY,75.218268,0.5184910532638162,0x060cb4930e0631f1a481b34315d8b9c4255b9c1bf95a53f98ea6b7c5aedd252a,2026-05-01 19:45:20,0x23a7588db673ff9553859b16e68316083b45de1813645b58d109dc4efbd83446,btc-updown-15m-1777653900
"Bitcoin Up or Down - May 1, 12PM ET",Down,BUY,9,0.9,0x23139b8339aba42cb743660d420e6b044d970a8259cf613c552197af83cc0d0d,2026-05-01 19:45:20,0x87b8291e135b53b3a75615c72433f085115d0c89338b806f400a0e6e8373566a,bitcoin-up-or-down-may-1-2026-12pm-et
"Bitcoin Up or Down - May 1, 12PM ET",Down,BUY,110.89,0.89,0x23139b8339aba42cb743660d420e6b044d970a8259cf613c552197af83cc0d0d,2026-05-01 19:45:18,0x97a513fde16557e68026d359629c3ecf9f1330135ba90c8cdbdfe71f3d006a95,bitcoin-up-or-down-may-1-2026-12pm-et
"Bitcoin Up or Down - May 1, 12:45PM-1:00PM ET",Down,BUY,62.530587,0.5056725119180474,0x060cb4930e0631f1a481b34315d8b9c4255b9c1bf95a53f98ea6b7c5aedd252a,2026-05-01 19:45:18,0x076c1b8db8a2480861f6dfac3105abfe9a97f938f2f7ba1cc0b9831ac4ea42cd,btc-updown-15m-1777653900
"Bitcoin Up or Down - May 1, 12:45PM-1:00PM ET",Down,BUY,5.196077,0.5099999480377215,0x060cb4930e0631f1a481b34315d8b9c4255b9c1bf95a53f98ea6b7c5aedd252a,2026-05-01 19:45:18,0xd11b74488655e2db11d0e60f7e2ec2e406e285f62e4be53e43f1bb19f77a0ab4,btc-updown-15m-1777653900
"Bitcoin Up or Down - May 1, 12:45PM-1:00PM ET",Down,BUY,186.1,0.46,0x060cb4930e0631f1a481b34315d8b9c4255b9c1bf95a53f98ea6b7c5aedd252a,2026-05-01 19:45:18,0xfecd7b092883de81487b548666695428525270956c9040517ed4d292777347f9,btc-updown-15m-1777653900
"Bitcoin Up or Down - May 1, 12:45PM-1:00PM ET",Down,BUY,5,0.48,0x060cb4930e0631f1a481b34315d8b9c4255b9c1bf95a53f98ea6b7c5aedd252a,2026-05-01 19:45:18,0x00308a6c0be87a930e759948314ad19646108c902d61c740889c2e8c26bee396,btc-updown-15m-1777653900
"Bitcoin Up or Down - May 1, 12:45PM-1:00PM ET",Down,BUY,74.468084,0.4699999935542856,0x060cb4930e0631f1a481b34315d8b9c4255b9c1bf95a53f98ea6b7c5aedd252a,2026-05-01 19:45:18,0x924d38868e4a9e2f4cf23604c79d58f05bb4e992ada1b2f569eddc927d12b840,btc-updown-15m-1777653900
"Bitcoin Up or Down - May 1, 12:45PM-1:00PM ET",Down,BUY,14.12,0.47,0x060cb4930e0631f1a481b34315d8b9c4255b9c1bf95a53f98ea6b7c5aedd252a,2026-05-01 19:45:18,0x58c11ed8cf67e95bf948cf89f00c67bcac0a3c84d7e29eff38646423deb0dff6,btc-updown-15m-1777653900
"Bitcoin Up or Down - May 1, 12PM ET",Down,BUY,200,0.88,0x23139b8339aba42cb743660d420e6b044d970a8259cf613c552197af83cc0d0d,2026-05-01 19:45:06,0x2bb0d70d826f1f877afcc83dcd20e99f318f32294bbc180dc6f21b0c7fa61f9f,bitcoin-up-or-down-may-1-2026-12pm-et
"Bitcoin Up or Down - May 1, 12:30PM-12:45PM ET",Up,BUY,107.79,0.36,0x9feacbd959f4f8f509b763cc8d7bce97f08aab3b40e57a9cbbcab6f9a6994392,2026-05-01 19:41:10,0x60554d02f8e181fb23f3d3d262ee702ca31ad8bf0f40c6631f12b0ec2c9e0b20,btc-updown-15m-1777653000
"Bitcoin Up or Down - May 1, 12:30PM-12:45PM ET",Up,BUY,10,0.29,0x9feacbd959f4f8f509b763cc8d7bce97f08aab3b40e57a9cbbcab6f9a6994392,2026-05-01 19:41:08,0x880a000d00d4c9f5cca6b7d38bf648b3cb02688f46c94a32d0c0b99f11a8c0ac,btc-updown-15m-1777653000
"Bitcoin Up or Down - May 1, 12:30PM-12:45PM ET",Down,BUY,129.96,0.7007725453985841,0x9feacbd959f4f8f509b763cc8d7bce97f08aab3b40e57a9cbbcab6f9a6994392,2026-05-01 19:41:04,0x8787cd7614fbacc44af7b5498aa7a9f53c3e1f02b423a79987bcff882653f3b4,btc-updown-15m-1777653000
"Bitcoin Up or Down - May 1, 12:30PM-12:45PM ET",Down,BUY,140.86,0.6912870935680818,0x9feacbd959f4f8f509b763cc8d7bce97f08aab3b40e57a9cbbcab6f9a6994392,2026-05-01 19:41:04,0x9855abce0d490272da12cf895c5d61d284ec693af0d7b86f8e284fc5b9543a5c,btc-updown-15m-1777653000
"Bitcoin Up or Down - May 1, 12:30PM-12:45PM ET",Down,BUY,75.39,0.7240310385992837,0x9feacbd959f4f8f509b763cc8d7bce97f08aab3b40e57a9cbbcab6f9a6994392,2026-05-01 19:41:04,0x9e0be0c4b2ecc985406778f0b7d3d6fb3a29b47d380dce847e77c008fb2b67b1,btc-updown-15m-1777653000
"Bitcoin Up or Down - May 1, 12:30PM-12:45PM ET",Up,BUY,200,0.3,0x9feacbd959f4f8f509b763cc8d7bce97f08aab3b40e57a9cbbcab6f9a6994392,2026-05-01 19:41:04,0x98c367903ae7c5a411833e39b371d9254546a4e853f78b878da93708fb9d4df4,btc-updown-15m-1777653000
"Bitcoin Up or Down - May 1, 12:30PM-12:45PM ET",Up,BUY,115.61,0.2822904593028285,0x9feacbd959f4f8f509b763cc8d7bce97f08aab3b40e57a9cbbcab6f9a6994392,2026-05-01 19:41:04,0x74529886b5c7e4d1c465ca9805e0c8e35425967d3765666e6247efeaf2cae498,btc-updown-15m-1777653000
"Bitcoin Up or Down - May 1, 12:30PM-12:45PM ET",Down,BUY,202.941175,0.68,0x9feacbd959f4f8f509b763cc8d7bce97f08aab3b40e57a9cbbcab6f9a6994392,2026-05-01 19:41:02,0x557ce57b858a46ecaa5a814797959c9edb6c496dc01e4045a6440870a895b8e9,btc-updown-15m-1777653000
"Bitcoin Up or Down - May 1, 12:30PM-12:45PM ET",Down,BUY,15.94,0.71,0x9feacbd959f4f8f509b763cc8d7bce97f08aab3b40e57a9cbbcab6f9a6994392,2026-05-01 19:41:02,0x99ca396705acecb0076c8755fd9fd10656b832a5feb5b097e52f88293f0d0963,btc-updown-15m-1777653000
"Bitcoin Up or Down - May 1, 12:30PM-12:45PM ET",Down,BUY,48,0.68,0x9feacbd959f4f8f509b763cc8d7bce97f08aab3b40e57a9cbbcab6f9a6994392,2026-05-01 19:41:02,0xdca57956138459344f0a96fa2dff7ed13f216e5e939c8f41333a42e8c3450a26,btc-updown-15m-1777653000
"Bitcoin Up or Down - May 1, 12:30PM-12:45PM ET",Down,BUY,85.7,0.37,0x9feacbd959f4f8f509b763cc8d7bce97f08aab3b40e57a9cbbcab6f9a6994392,2026-05-01 19:40:18,0x42e1747fe8999936cb268589726a49d83c94b4272088842811dc8cd788be4bff,btc-updown-15m-1777653000
"Bitcoin Up or Down - May 1, 12:40PM-12:45PM ET",Down,BUY,100,0.48,0x92cc95f9147850d590b3fe125c2af9d275ea230e6f3e8624533678f70eb4a90b,2026-05-01 19:40:18,0x833e6bac67d0052976a938fb3ec4ec0c03abbb3a7636a13bc371a5cf86915a45,btc-updown-5m-1777653600
"Bitcoin Up or Down - May 1, 12:30PM-12:45PM ET",Up,BUY,53.22,0.27,0x9feacbd959f4f8f509b763cc8d7bce97f08aab3b40e57a9cbbcab6f9a6994392,2026-05-01 19:38:56,0xe3716f9a2c5df7e15fcdee8a67b9c73c9007d7bd5433318723a7918677883280,btc-updown-15m-1777653000
"Bitcoin Up or Down - May 1, 12:30PM-12:45PM ET",Up,BUY,30.76,0.28,0x9feacbd959f4f8f509b763cc8d7bce97f08aab3b40e57a9cbbcab6f9a6994392,2026-05-01 19:36:50,0x49cd33b5c25d32e8af3e8faab556cc69b17e12da6a2f6a2aa2c45434888dd32a,btc-updown-15m-1777653000
"Bitcoin Up or Down - May 1, 12:35PM-12:40PM ET",Down,BUY,28,0.59,0x77f6b08b92a737121be86f8eac05a5e9f15965f7a0cb7f3508d33939cd7e8cd1,2026-05-01 19:36:18,0xf75b424b997cac4164c8485f26edd773145d0954a651601d1424328c33c8235e,btc-updown-5m-1777653300
"Bitcoin Up or Down - May 1, 12:35PM-12:40PM ET",Down,BUY,100,0.47,0x77f6b08b92a737121be86f8eac05a5e9f15965f7a0cb7f3508d33939cd7e8cd1,2026-05-01 19:35:08,0xdd438f38fe65bb22b3b46ec5db784d970e511badab8aca49746a8b8e3642a46f,btc-updown-5m-1777653300
"Bitcoin Up or Down - May 1, 12:35PM-12:40PM ET",Down,BUY,102.127658,0.46999999745416665,0x77f6b08b92a737121be86f8eac05a5e9f15965f7a0cb7f3508d33939cd7e8cd1,2026-05-01 19:35:08,0xfa8a9946923d596e9cf948879cecf949cf6da0af48d3d34273ce0cc3740d1c11,btc-updown-5m-1777653300
"Bitcoin Up or Down - May 1, 12PM ET",Down,BUY,10.65,0.87,0x23139b8339aba42cb743660d420e6b044d970a8259cf613c552197af83cc0d0d,2026-05-01 19:33:44,0xe0627bd4a9a45e306d2a6bc12129053b60b41026a60022bc6aaacf7b3ea9d88d,bitcoin-up-or-down-may-1-2026-12pm-et
"Bitcoin Up or Down - May 1, 12PM ET",Down,BUY,18,0.86,0x23139b8339aba42cb743660d420e6b044d970a8259cf613c552197af83cc0d0d,2026-05-01 19:33:42,0x46e9ede656673e1926f7b01e06a7e71c1048097db9e74d76a171419a40af08b3,bitcoin-up-or-down-may-1-2026-12pm-et
"Bitcoin Up or Down - May 1, 12PM ET",Down,BUY,25,0.84,0x23139b8339aba42cb743660d420e6b044d970a8259cf613c552197af83cc0d0d,2026-05-01 19:33:20,0xb71d329a7c345cd714731af6956daf06ab78a2c764d0eb5d261fa0641eb6b949,bitcoin-up-or-down-may-1-2026-12pm-et
"Bitcoin Up or Down - May 1, 12:30PM-12:35PM ET",Down,BUY,3.79,0.81,0xd9ae7fa4bbdd0bee1f048b04a75991efd419bbc10afb930760a2207e00c978e6,2026-05-01 19:33:10,0xcf0f877c9358f398b8c61c59fb63cc333ea0da1e6ea0e2192c14680c7f0ee742,btc-updown-5m-1777653000
"Bitcoin Up or Down - May 1, 12:30PM-12:35PM ET",Up,BUY,45,0.25,0xd9ae7fa4bbdd0bee1f048b04a75991efd419bbc10afb930760a2207e00c978e6,2026-05-01 19:32:48,0x3d933df30336e0fbdcd792919f66b9543b94e2a92bd4d2c1bf1566556a235449,btc-updown-5m-1777653000
"Bitcoin Up or Down - May 1, 12:30PM-12:35PM ET",Up,BUY,64.46,0.19,0xd9ae7fa4bbdd0bee1f048b04a75991efd419bbc10afb930760a2207e00c978e6,2026-05-01 19:31:54,0x66e9879cd3846952edbc1b36e151d28282588bc83c99e92aa3e83208277250a0,btc-updown-5m-1777653000
"Bitcoin Up or Down - May 1, 12:30PM-12:35PM ET",Up,BUY,105.516665,0.1705891576463301,0xd9ae7fa4bbdd0bee1f048b04a75991efd419bbc10afb930760a2207e00c978e6,2026-05-01 19:31:52,0xe65d02f68f8bd30765a3609f00308320dd28750d5f633a61663db7743d547ce9,btc-updown-5m-1777653000
"Bitcoin Up or Down - May 1, 12:30PM-12:35PM ET",Up,BUY,100,0.17,0xd9ae7fa4bbdd0bee1f048b04a75991efd419bbc10afb930760a2207e00c978e6,2026-05-01 19:31:52,0x424c40cc926d3555bc57d1f989cee38064a330189c2fcc2199e483404fa5f9be,btc-updown-5m-1777653000
"Bitcoin Up or Down - May 1, 12:30PM-12:35PM ET",Down,BUY,10.02,0.77,0xd9ae7fa4bbdd0bee1f048b04a75991efd419bbc10afb930760a2207e00c978e6,2026-05-01 19:31:36,0x8ba14ce34b1b3ba5dbd5929b0070dcbb2efff88bf893d50da8147fb4cbaca993,btc-updown-5m-1777653000
"Bitcoin Up or Down - May 1, 12:30PM-12:35PM ET",Down,BUY,100.483373,0.7662959025071739,0xd9ae7fa4bbdd0bee1f048b04a75991efd419bbc10afb930760a2207e00c978e6,2026-05-01 19:31:34,0xc98670e0e41ca9fae689d7e1d900a674d91cd46914f4e651ae6ec3fa1afb9ef6,btc-updown-5m-1777653000
"Bitcoin Up or Down - May 1, 12:30PM-12:35PM ET",Down,BUY,29.45,0.76,0xd9ae7fa4bbdd0bee1f048b04a75991efd419bbc10afb930760a2207e00c978e6,2026-05-01 19:31:32,0x212ff723485c44e59ee5b6cf3e0d4a822f5f115fdd94e25f053d152361866b00,btc-updown-5m-1777653000
"Bitcoin Up or Down - May 1, 12:30PM-12:35PM ET",Up,BUY,118.057691,0.2541130420719477,0xd9ae7fa4bbdd0bee1f048b04a75991efd419bbc10afb930760a2207e00c978e6,2026-05-01 19:31:32,0xb47241fbba52aee84881e1c9cc132b79d07e974825a94e5df8375d7776954144,btc-updown-5m-1777653000
"Bitcoin Up or Down - May 1, 12:30PM-12:35PM ET",Up,BUY,111.751152,0.25055669224779,0xd9ae7fa4bbdd0bee1f048b04a75991efd419bbc10afb930760a2207e00c978e6,2026-05-01 19:31:32,0xdb963da9d08dbae74afb9690d1d6c46d4736ca0ac18b0e205c6e75eb8b49b555,btc-updown-5m-1777653000
"Bitcoin Up or Down - May 1, 12:30PM-12:35PM ET",Up,BUY,117.8684,0.24603710578916826,0xd9ae7fa4bbdd0bee1f048b04a75991efd419bbc10afb930760a2207e00c978e6,2026-05-01 19:31:32,0x0a34a21e1d71e6bea42f865491c9b37fc13233595fe644c63f2db1fd4946f01a,btc-updown-5m-1777653000
"Bitcoin Up or Down - May 1, 12:30PM-12:45PM ET",Up,BUY,204.831841,0.3710360587932225,0x9feacbd959f4f8f509b763cc8d7bce97f08aab3b40e57a9cbbcab6f9a6994392,2026-05-01 19:31:32,0x0f103857f615f8d4c4691650d66178d09d93143c5ed2e12ec42cffb6e29ed78d,btc-updown-15m-1777653000
"Bitcoin Up or Down - May 1, 12:30PM-12:35PM ET",Up,BUY,108.333332,0.23999999372307684,0xd9ae7fa4bbdd0bee1f048b04a75991efd419bbc10afb930760a2207e00c978e6,2026-05-01 19:31:32,0x8fb7f464aef2a48c7f3aac48bba21c51c4b5bc60344eb227d34b5ac5a1ec2a4e,btc-updown-5m-1777653000
"Bitcoin Up or Down - May 1, 12PM ET",Down,BUY,100,0.78,0x23139b8339aba42cb743660d420e6b044d970a8259cf613c552197af83cc0d0d,2026-05-01 19:31:24,0x2a2ae2fb68f2a73bea04cb5f7c77a5867d3f962699f144e4234d1eae3a627e5a,bitcoin-up-or-down-may-1-2026-12pm-et
"Bitcoin Up or Down - May 1, 12:30PM-12:35PM ET",Down,BUY,31.85,0.67,0xd9ae7fa4bbdd0bee1f048b04a75991efd419bbc10afb930760a2207e00c978e6,2026-05-01 19:31:22,0xdb5db9b664d10162eb35faa4b5eba26e9fad43f83f64fbe05373b15dc2b3f8f5,btc-updown-5m-1777653000
"Bitcoin Up or Down - May 1, 12:30PM-12:35PM ET",Down,BUY,102.056468,0.6662977793822925,0xd9ae7fa4bbdd0bee1f048b04a75991efd419bbc10afb930760a2207e00c978e6,2026-05-01 19:31:20,0x4040168090c027552240633bc4c9601510ab8a4f79bd084856e0a61636be113a,btc-updown-5m-1777653000
"Bitcoin Up or Down - May 1, 12:30PM-12:45PM ET",Down,BUY,200,0.5,0x9feacbd959f4f8f509b763cc8d7bce97f08aab3b40e57a9cbbcab6f9a6994392,2026-05-01 19:30:50,0x47e6c61fc7977e2b33e376d28fb15b277969bb4201005f6d8210556f998d62f8,btc-updown-15m-1777653000
"Bitcoin Up or Down - May 1, 12PM ET",Down,BUY,86.62,0.72,0x23139b8339aba42cb743660d420e6b044d970a8259cf613c552197af83cc0d0d,2026-05-01 19:30:48,0x8df8d28750fb2dacf193a022a07c2fcd5f572c5ceed43b0969a47d0f108705fe,bitcoin-up-or-down-may-1-2026-12pm-et
"Bitcoin Up or Down - May 1, 12PM ET",Down,BUY,20,0.66,0x23139b8339aba42cb743660d420e6b044d970a8259cf613c552197af83cc0d0d,2026-05-01 19:29:30,0xb8e02fef793d0e04ca5a24383fbb6cfd0737ba828d735cd78575cb883b8e2267,bitcoin-up-or-down-may-1-2026-12pm-et
"Bitcoin Up or Down - May 1, 12:25PM-12:30PM ET",Down,BUY,33.08,0.11,0x3101b1f2ff406f2b4afde1e79cb4158643dcc7c461f08851d87ea12550739680,2026-05-01 19:28:46,0xce7af00d1ed8b2b1c0e9bdcde6186e3c92d18bbca92959231e1294b902c73923,btc-updown-5m-1777652700
"Bitcoin Up or Down - May 1, 12:25PM-12:30PM ET",Down,BUY,100,0.09,0x3101b1f2ff406f2b4afde1e79cb4158643dcc7c461f08851d87ea12550739680,2026-05-01 19:28:36,0x0ed4537197486c2f0ca4eb9fb55b6051098d749575a01d8b8dfde80a82c4aa55,btc-updown-5m-1777652700
"Bitcoin Up or Down - May 1, 12:25PM-12:30PM ET",Down,BUY,15.306121,0.48999998105333153,0x3101b1f2ff406f2b4afde1e79cb4158643dcc7c461f08851d87ea12550739680,2026-05-01 19:26:52,0x11580b35b61fc51b1d2d6a254d2c0a5c27ce9ba338603fdf68b13587fc3cb91c,btc-updown-5m-1777652700
"Bitcoin Up or Down - May 1, 12:25PM-12:30PM ET",Down,BUY,100,0.51,0x3101b1f2ff406f2b4afde1e79cb4158643dcc7c461f08851d87ea12550739680,2026-05-01 19:26:52,0xe5cc5b7a70fada973fd9243f2dd24ad6e78256181544ccd3c1df5c78469fc676,btc-updown-5m-1777652700
"Bitcoin Up or Down - May 1, 12:25PM-12:30PM ET",Down,BUY,5,0.49,0x3101b1f2ff406f2b4afde1e79cb4158643dcc7c461f08851d87ea12550739680,2026-05-01 19:26:52,0xe8cd6bc4f8bef98db54162686237d6eacce0f344a3849abc7ab491b0538d6d39,btc-updown-5m-1777652700
"Bitcoin Up or Down - May 1, 12:25PM-12:30PM ET",Down,BUY,13,0.58,0x3101b1f2ff406f2b4afde1e79cb4158643dcc7c461f08851d87ea12550739680,2026-05-01 19:26:00,0xc213de31130dc99bdc23b44356f9cbb88a7a20643b5879e6b6367b300af9a65a,btc-updown-5m-1777652700
"Bitcoin Up or Down - May 1, 12:25PM-12:30PM ET",Down,BUY,6.82,0.57,0x3101b1f2ff406f2b4afde1e79cb4158643dcc7c461f08851d87ea12550739680,2026-05-01 19:26:00,0x0ca69e2148f35d738cdcfe558176f8aa43c87552880c94b98479ee6cbaa778b6,btc-updown-5m-1777652700
"Bitcoin Up or Down - May 1, 12:25PM-12:30PM ET",Down,BUY,100,0.6,0x3101b1f2ff406f2b4afde1e79cb4158643dcc7c461f08851d87ea12550739680,2026-05-01 19:26:00,0x2847863709f1a23241d045e32986ad56f2a392bf1b28fe7b809c18c7bb9d807a,btc-updown-5m-1777652700
"Bitcoin Up or Down - May 1, 12:25PM-12:30PM ET",Down,BUY,103.389829,0.5899999989360656,0x3101b1f2ff406f2b4afde1e79cb4158643dcc7c461f08851d87ea12550739680,2026-05-01 19:26:00,0x0f5c21eda9422400214fcf1900e0083c479452342cfab9c249a24bfbae72926e,btc-updown-5m-1777652700
"Bitcoin Up or Down - May 1, 12:25PM-12:30PM ET",Down,BUY,30.54,0.59,0x3101b1f2ff406f2b4afde1e79cb4158643dcc7c461f08851d87ea12550739680,2026-05-01 19:26:00,0x3ec0ad2003d17c963097124d656e4a8095c4d18d6124ad2393e3917e643031b7,btc-updown-5m-1777652700
"Bitcoin Up or Down - May 1, 12:25PM-12:30PM ET",Down,BUY,15,0.6,0x3101b1f2ff406f2b4afde1e79cb4158643dcc7c461f08851d87ea12550739680,2026-05-01 19:25:56,0xe266d901ba9b65a02d0d9cad6594b68fd80b2a42c9579b28cd4d4b2e1efe10c2,btc-updown-5m-1777652700
"Bitcoin Up or Down - May 1, 12:25PM-12:30PM ET",Up,BUY,102.941175,0.33999999514285706,0x3101b1f2ff406f2b4afde1e79cb4158643dcc7c461f08851d87ea12550739680,2026-05-01 19:25:54,0xb7ca8a542483ad779e18ad02a1cf009fdb31dcc906db7490f0996005d41fd9e6,btc-updown-5m-1777652700
"Bitcoin Up or Down - May 1, 12:25PM-12:30PM ET",Up,BUY,100,0.34,0x3101b1f2ff406f2b4afde1e79cb4158643dcc7c461f08851d87ea12550739680,2026-05-01 19:25:54,0x237a31f6b29c1f476d4afad29e386c494e35322c70f18da37b1a26955e1a49b6,btc-updown-5m-1777652700
"Bitcoin Up or Down - May 1, 12:15PM-12:30PM ET",Up,BUY,101.28,0.06,0xee98e9506833ecfd6c345ad6826a90ae02065a6139fd5d2be43c5ac0bcb87329,2026-05-01 19:25:54,0xb5643ec00c2431359a6d4526908e797668a840ff1c913b495836497e5b4998b9,btc-updown-15m-1777652100
"Bitcoin Up or Down - May 1, 12:25PM-12:30PM ET",Up,BUY,105.882351,0.3399999967888888,0x3101b1f2ff406f2b4afde1e79cb4158643dcc7c461f08851d87ea12550739680,2026-05-01 19:25:54,0xbe56ed28946897e970085df72b385f0ed1dda9c2a9520d3c5dcf0a2fa0ef5ead,btc-updown-5m-1777652700
"Bitcoin Up or Down - May 1, 12:15PM-12:30PM ET",Up,BUY,200,0.05,0xee98e9506833ecfd6c345ad6826a90ae02065a6139fd5d2be43c5ac0bcb87329,2026-05-01 19:25:50,0xba3ebb3d54a67bdc4fbff6d9d0ab746003a5595e5919674a404738d848e53d4f,btc-updown-15m-1777652100
"Bitcoin Up or Down - May 1, 12:25PM-12:30PM ET",Up,BUY,100,0.34,0x3101b1f2ff406f2b4afde1e79cb4158643dcc7c461f08851d87ea12550739680,2026-05-01 19:25:50,0xee119b11ff4115ffa57fad88cdc206a7c76b2c488cb10ff36d343bd8e8695f46,btc-updown-5m-1777652700
"Bitcoin Up or Down - May 1, 12:25PM-12:30PM ET",Up,BUY,108.823528,0.33999999522162155,0x3101b1f2ff406f2b4afde1e79cb4158643dcc7c461f08851d87ea12550739680,2026-05-01 19:25:50,0xebf411a3f62519764e9d6f4db46cfb125fe482144d3e7c81f6d19da6cdc406a9,btc-updown-5m-1777652700
"Bitcoin Up or Down - May 1, 12:25PM-12:30PM ET",Up,BUY,102.941175,0.33999999514285706,0x3101b1f2ff406f2b4afde1e79cb4158643dcc7c461f08851d87ea12550739680,2026-05-01 19:25:50,0x53dffec06126e8b5439dd30f28ecd3d52f23a12ff34d321d1916ad56b409d221,btc-updown-5m-1777652700
"Bitcoin Up or Down - May 1, 12:25PM-12:30PM ET",Up,BUY,105.882351,0.3399999967888888,0x3101b1f2ff406f2b4afde1e79cb4158643dcc7c461f08851d87ea12550739680,2026-05-01 19:25:50,0x4caaca7c527658005ef3274ff91e899974fc41578bbcadcd2844dcf954acc69e,btc-updown-5m-1777652700
"Bitcoin Up or Down - May 1, 12:25PM-12:30PM ET",Up,BUY,4.26,0.32,0x3101b1f2ff406f2b4afde1e79cb4158643dcc7c461f08851d87ea12550739680,2026-05-01 19:25:44,0x112359fab842fbee065fe5f5a66ae11f6db6386416d07348733c474767488c7b,btc-updown-5m-1777652700
"Bitcoin Up or Down - May 1, 12:15PM-12:30PM ET",Up,BUY,200,0.03,0xee98e9506833ecfd6c345ad6826a90ae02065a6139fd5d2be43c5ac0bcb87329,2026-05-01 19:25:22,0x67e395f73e9605eb0d44fa8741ff59e017017a71fc7c4c0f857944ea66acc6ae,btc-updown-15m-1777652100
"Bitcoin Up or Down - May 1, 12PM ET",Down,BUY,24,0.73,0x23139b8339aba42cb743660d420e6b044d970a8259cf613c552197af83cc0d0d,2026-05-01 19:25:14,0xe1fbe4aba419ebac20b61ff719a61722d5cbd5d9b6a9f6d6d233f2238f8918c4,bitcoin-up-or-down-may-1-2026-12pm-et
"Bitcoin Up or Down - May 1, 12:25PM-12:30PM ET",Down,BUY,100,0.55,0x3101b1f2ff406f2b4afde1e79cb4158643dcc7c461f08851d87ea12550739680,2026-05-01 19:25:08,0xe6ffa23b38c1cc0024ff2619da18146fd8331f1020e8f68813e14e0a324a4f75,btc-updown-5m-1777652700
"Bitcoin Up or Down - May 1, 12:15PM-12:30PM ET",Down,BUY,139.78,0.76,0xee98e9506833ecfd6c345ad6826a90ae02065a6139fd5d2be43c5ac0bcb87329,2026-05-01 19:24:52,0x1f695fa9418c0dfdbd67967075e224a279f7f9dff1d095ebecc0909e399252eb,btc-updown-15m-1777652100
"Bitcoin Up or Down - May 1, 12:15PM-12:30PM ET",Up,BUY,89.5,0.15,0xee98e9506833ecfd6c345ad6826a90ae02065a6139fd5d2be43c5ac0bcb87329,2026-05-01 19:24:32,0x0cc63c9e09eab0b55465a4d4da54ce7da53a2806794fa0cd120ac680a1cb1122,btc-updown-15m-1777652100
"Bitcoin Up or Down - May 1, 12:15PM-12:30PM ET",Up,BUY,89.33,0.16,0xee98e9506833ecfd6c345ad6826a90ae02065a6139fd5d2be43c5ac0bcb87329,2026-05-01 19:24:32,0x124e8edbe9d957119994e9f41ece14f370314b405b2b45ceab8baeec4d5b4643,btc-updown-15m-1777652100
"Bitcoin Up or Down - May 1, 12:15PM-12:30PM ET",Up,BUY,210,0.2,0xee98e9506833ecfd6c345ad6826a90ae02065a6139fd5d2be43c5ac0bcb87329,2026-05-01 19:24:12,0xcbe66780ee97dd937c9b1b79137436e6be0b78145c147b4ccea4cb66fdf6a6ea,btc-updown-15m-1777652100
"Bitcoin Up or Down - May 1, 12:15PM-12:30PM ET",Up,BUY,226.72,0.2117148906139732,0xee98e9506833ecfd6c345ad6826a90ae02065a6139fd5d2be43c5ac0bcb87329,2026-05-01 19:24:12,0x97e355125c9756fe63138ee9170bbab090659a73e774a2d2a6e271bf63a9d8f5,btc-updown-15m-1777652100
"Bitcoin Up or Down - May 1, 12:15PM-12:30PM ET",Down,BUY,157.64,0.8701040345090079,0xee98e9506833ecfd6c345ad6826a90ae02065a6139fd5d2be43c5ac0bcb87329,2026-05-01 19:24:10,0x78930b9ee6257090f66240a1f2fb0ef49df918a100f3dcb1d7b46f1025f9f60e,btc-updown-15m-1777652100
"Bitcoin Up or Down - May 1, 12:15PM-12:30PM ET",Down,BUY,195.38,0.87,0xee98e9506833ecfd6c345ad6826a90ae02065a6139fd5d2be43c5ac0bcb87329,2026-05-01 19:24:10,0x388a064df76d083296ad7d7c8a7185223ec6792e0e3c1802370679f358053bf3,btc-updown-15m-1777652100
"Bitcoin Up or Down - May 1, 12:15PM-12:30PM ET",Down,BUY,167.067409,0.8789864814387587,0xee98e9506833ecfd6c345ad6826a90ae02065a6139fd5d2be43c5ac0bcb87329,2026-05-01 19:24:10,0x2f4962ad09f30f880057f40c3cc266c544f6d6328754a67b1c88172c1c6c639b,btc-updown-15m-1777652100
"Bitcoin Up or Down - May 1, 12:15PM-12:30PM ET",Down,BUY,197.07,0.854465418379256,0xee98e9506833ecfd6c345ad6826a90ae02065a6139fd5d2be43c5ac0bcb87329,2026-05-01 19:24:10,0x55e8302eb41c0140f0a9f111bbf161e96fb5ad218e8214ee25944596d4cf7b30,btc-updown-15m-1777652100
"Bitcoin Up or Down - May 1, 12:15PM-12:30PM ET",Down,BUY,42.823528,0.8499999813186807,0xee98e9506833ecfd6c345ad6826a90ae02065a6139fd5d2be43c5ac0bcb87329,2026-05-01 19:24:10,0xf8a82793d12f97f8b7902b5f9cb5d7cb87c2dc7df243b81960a98be0760a7852,btc-updown-15m-1777652100
"Bitcoin Up or Down - May 1, 12:15PM-12:30PM ET",Down,BUY,200,0.85,0xee98e9506833ecfd6c345ad6826a90ae02065a6139fd5d2be43c5ac0bcb87329,2026-05-01 19:24:08,0x876eed6c8477e67badb30080f77464731a441a047488096e97d734c07ffd2057,btc-updown-15m-1777652100
"Bitcoin Up or Down - May 1, 12:15PM-12:30PM ET",Up,BUY,142.72,0.16701583520179372,0xee98e9506833ecfd6c345ad6826a90ae02065a6139fd5d2be43c5ac0bcb87329,2026-05-01 19:24:08,0xa478406f45c5064c3c9226dd19a2efdd791ddf190c37970b0b58bea84998bf8f,btc-updown-15m-1777652100
"Bitcoin Up or Down - May 1, 12:20PM-12:25PM ET",Up,BUY,153.66,0.24079135754262657,0xe059a19ef5b37657e7a10c31165245efe751aeecfb651323ffeffe04a4962718,2026-05-01 19:24:06,0x37de4bf846134f8a87058242100f1885f8e41675e6949d4f61d6f4ee72283a5a,btc-updown-5m-1777652400
"Bitcoin Up or Down - May 1, 12PM ET",Up,BUY,45,0.25,0x23139b8339aba42cb743660d420e6b044d970a8259cf613c552197af83cc0d0d,2026-05-01 19:24:06,0xa39ba6bf28eae93489d1d1bed54608862fd77ae2a24204d6d26607611ebc7f61,bitcoin-up-or-down-may-1-2026-12pm-et
"Bitcoin Up or Down - May 1, 12:15PM-12:30PM ET",Up,BUY,218.792172,0.2102451773274594,0xee98e9506833ecfd6c345ad6826a90ae02065a6139fd5d2be43c5ac0bcb87329,2026-05-01 19:24:06,0x8259f46b40f99edfd9ef408d488b0c3ac01f0541bed7676253c502da60a16110,btc-updown-15m-1777652100
"Bitcoin Up or Down - May 1, 12:15PM-12:30PM ET",Up,BUY,221.502607,0.22573097299933811,0xee98e9506833ecfd6c345ad6826a90ae02065a6139fd5d2be43c5ac0bcb87329,2026-05-01 19:24:06,0xc2b5661ac42d7d746aac8169d0a1e21b72fe6ce9b831d6e20a9e7232204812a5,btc-updown-15m-1777652100
"Bitcoin Up or Down - May 1, 12:15PM-12:30PM ET",Up,BUY,230.1025,0.19121913060483914,0xee98e9506833ecfd6c345ad6826a90ae02065a6139fd5d2be43c5ac0bcb87329,2026-05-01 19:24:02,0x4c803f4134b177408a5780cce0c0374535d270de7b25a24e48ff78dadd15160a,btc-updown-15m-1777652100
"Bitcoin Up or Down - May 1, 12:15PM-12:30PM ET",Up,BUY,221.161577,0.18086323828302237,0xee98e9506833ecfd6c345ad6826a90ae02065a6139fd5d2be43c5ac0bcb87329,2026-05-01 19:24:02,0xc926c5ab9a5c60923dbfd4321416caae243f089b6d864da16dca966121e6876b,btc-updown-15m-1777652100
"Bitcoin Up or Down - May 1, 12:15PM-12:30PM ET",Up,BUY,206.959472,0.1836108230890732,0xee98e9506833ecfd6c345ad6826a90ae02065a6139fd5d2be43c5ac0bcb87329,2026-05-01 19:24:02,0x8d150ac59d7e15bb25907b574f568fea7f5601dd2f26c448fe5d95cefbccebba,btc-updown-15m-1777652100
"Bitcoin Up or Down - May 1, 12:15PM-12:30PM ET",Up,BUY,200,0.18,0xee98e9506833ecfd6c345ad6826a90ae02065a6139fd5d2be43c5ac0bcb87329,2026-05-01 19:24:02,0xbe304a75f97c3743cbb816001e51e1082a4c4afbf7df767e5332763531496374,btc-updown-15m-1777652100
"Bitcoin Up or Down - May 1, 12:15PM-12:30PM ET",Up,BUY,425.672726,0.2114300341619726,0xee98e9506833ecfd6c345ad6826a90ae02065a6139fd5d2be43c5ac0bcb87329,2026-05-01 19:24:02,0x8cdb04c566e547c3920854542fe171b8e5d0c875b8dc23189bf6dad9f5e3d818,btc-updown-15m-1777652100
"Bitcoin Up or Down - May 1, 12:20PM-12:25PM ET",Up,BUY,293.063702,0.2661537354086928,0xe059a19ef5b37657e7a10c31165245efe751aeecfb651323ffeffe04a4962718,2026-05-01 19:24:02,0x9f249587738275347cecb1bb79eada4d87d1ae487f9bbbc64523d32f9c024f9a,btc-updown-5m-1777652400
"Bitcoin Up or Down - May 1, 12:20PM-12:25PM ET",Up,BUY,309.749309,0.27118704242210273,0xe059a19ef5b37657e7a10c31165245efe751aeecfb651323ffeffe04a4962718,2026-05-01 19:24:02,0x2cc11203d940d96fcdcf55cf316cde92c6631772334684268cb5f45687208fb3,btc-updown-5m-1777652400
"Bitcoin Up or Down - May 1, 12:15PM-12:30PM ET",Up,BUY,480.330433,0.1915348116199833,0xee98e9506833ecfd6c345ad6826a90ae02065a6139fd5d2be43c5ac0bcb87329,2026-05-01 19:24:02,0xe2eea8171c5146c7b60ab6cb551c832c7db916cc847c6e4ccec3bb27a06f0026,btc-updown-15m-1777652100
"Bitcoin Up or Down - May 1, 12:20PM-12:25PM ET",Up,BUY,352,0.25,0xe059a19ef5b37657e7a10c31165245efe751aeecfb651323ffeffe04a4962718,2026-05-01 19:24:02,0xf51d8ea248b37795a953f78b116f90311dd122a0eb9654c4965c053722ec026b,btc-updown-5m-1777652400
"Bitcoin Up or Down - May 1, 12PM ET",Up,BUY,245.365383,0.2526843772415932,0x23139b8339aba42cb743660d420e6b044d970a8259cf613c552197af83cc0d0d,2026-05-01 19:24:02,0xa0f21df76d35d531601f7844605c72d6da169f5ebeee8dc961ad87e374506ad6,bitcoin-up-or-down-may-1-2026-12pm-et
"Bitcoin Up or Down - May 1, 12:20PM-12:25PM ET",Up,BUY,322.48148,0.26358102487001733,0xe059a19ef5b37657e7a10c31165245efe751aeecfb651323ffeffe04a4962718,2026-05-01 19:24:02,0xa60de3b0ebc12713f4dba616d94fe3a40c16601f9a802d64775ce153df80c8dd,btc-updown-5m-1777652400
"Bitcoin Up or Down - May 1, 12PM ET",Up,BUY,230.030739,0.2608347008788247,0x23139b8339aba42cb743660d420e6b044d970a8259cf613c552197af83cc0d0d,2026-05-01 19:24:00,0xf9b0863b42a868e0657486b4c527008f19c673f652d345f3e22128e6e756eb73,bitcoin-up-or-down-may-1-2026-12pm-et
"Bitcoin Up or Down - May 1, 12:20PM-12:25PM ET",Up,BUY,334.615383,0.25999999826666664,0xe059a19ef5b37657e7a10c31165245efe751aeecfb651323ffeffe04a4962718,2026-05-01 19:24:00,0x8d5b882321db090949e544bd0479add081e56579f0f857548ea5bf7e83605448,btc-updown-5m-1777652400
"Bitcoin Up or Down - May 1, 12PM ET",Up,BUY,232,0.25,0x23139b8339aba42cb743660d420e6b044d970a8259cf613c552197af83cc0d0d,2026-05-01 19:24:00,0xe12313331ab658b2539b26959fc431ba4b8a16ac69d1a7b6392b270ac0c6679e,bitcoin-up-or-down-may-1-2026-12pm-et
"Bitcoin Up or Down - May 1, 12:15PM-12:30PM ET",Up,BUY,200,0.75,0xee98e9506833ecfd6c345ad6826a90ae02065a6139fd5d2be43c5ac0bcb87329,2026-05-01 19:23:40,0xd01916b60b0cb34755b624b90603fc63ce6f36570ac73c6183cf3e96d08afcb4,btc-updown-15m-1777652100
"Bitcoin Up or Down - May 1, 12PM ET",Down,BUY,23.91,0.54,0x23139b8339aba42cb743660d420e6b044d970a8259cf613c552197af83cc0d0d,2026-05-01 19:23:18,0xf804d97766bd6666983d26c1726674d7ef765924322eeb36032b3c9986a18c22,bitcoin-up-or-down-may-1-2026-12pm-et
"Bitcoin Up or Down - May 1, 12PM ET",Down,BUY,5,0.53,0x23139b8339aba42cb743660d420e6b044d970a8259cf613c552197af83cc0d0d,2026-05-01 19:23:18,0x92bb45d7c4e106b4afc935d52c5bfdf5a7f524046da2fe37ba96175d5e3792be,bitcoin-up-or-down-may-1-2026-12pm-et
"Bitcoin Up or Down - May 1, 12:15PM-12:30PM ET",Down,BUY,160.24,0.26,0xee98e9506833ecfd6c345ad6826a90ae02065a6139fd5d2be43c5ac0bcb87329,2026-05-01 19:23:06,0xfbc5f22a2daee82557c0bea362aabbb3a727575f8551c69f882ea4434abc21a6,btc-updown-15m-1777652100
"Bitcoin Up or Down - May 1, 12:15PM-12:30PM ET",Down,BUY,201.954209,0.3763229267482115,0xee98e9506833ecfd6c345ad6826a90ae02065a6139fd5d2be43c5ac0bcb87329,2026-05-01 19:23:00,0xbb77e5353451198489cd0c9b6a3b70c61d051ce6b14f0c180c51fcb9e2b0027e,btc-updown-15m-1777652100
"Bitcoin Up or Down - May 1, 12:15PM-12:30PM ET",Down,BUY,200,0.36,0xee98e9506833ecfd6c345ad6826a90ae02065a6139fd5d2be43c5ac0bcb87329,2026-05-01 19:23:00,0xfcaeca4f701a6601acb64745c39448084707e31254f6a67a2af510b6b8a2d8bb,btc-updown-15m-1777652100
"Bitcoin Up or Down - May 1, 12:15PM-12:30PM ET",Down,BUY,94.036485,0.36198714786074787,0xee98e9506833ecfd6c345ad6826a90ae02065a6139fd5d2be43c5ac0bcb87329,2026-05-01 19:23:00,0xa510adb9ee5e24917e37a5b92dae72f00a1a3e9fb97cd063eaaf046e2aff1b0a,btc-updown-15m-1777652100
"Bitcoin Up or Down - May 1, 12:15PM-12:30PM ET",Down,BUY,199.521024,0.381162834248485,0xee98e9506833ecfd6c345ad6826a90ae02065a6139fd5d2be43c5ac0bcb87329,2026-05-01 19:23:00,0xce1121cb89dde2d35078013981bbbd9e519934d277873458a58086aef4833c68,btc-updown-15m-1777652100
"Bitcoin Up or Down - May 1, 12:15PM-12:30PM ET",Down,BUY,16.666665,0.3599999759999976,0xee98e9506833ecfd6c345ad6826a90ae02065a6139fd5d2be43c5ac0bcb87329,2026-05-01 19:22:56,0x589966bfea510304d97dcfbe69f705710c3b0584fad62e5e4cfb21592bc306fa,btc-updown-15m-1777652100
"Bitcoin Up or Down - May 1, 12:15PM-12:30PM ET",Down,BUY,77.73,0.36,0xee98e9506833ecfd6c345ad6826a90ae02065a6139fd5d2be43c5ac0bcb87329,2026-05-01 19:22:56,0x0e269c7c1c7e44dacf8637b779dd61f9856d19246a825be7554b128db294765e,btc-updown-15m-1777652100
"Bitcoin Up or Down - May 1, 12:15PM-12:30PM ET",Down,BUY,205.405404,0.3699999976631579,0xee98e9506833ecfd6c345ad6826a90ae02065a6139fd5d2be43c5ac0bcb87329,2026-05-01 19:22:56,0xb66a3f1f74a4328c28fc931f36841a1f62edac7fa91e21aecdd8cb3c17208f2a,btc-updown-15m-1777652100
"Bitcoin Up or Down - May 1, 12:15PM-12:30PM ET",Down,BUY,212.513512,0.3670354805486439,0xee98e9506833ecfd6c345ad6826a90ae02065a6139fd5d2be43c5ac0bcb87329,2026-05-01 19:22:56,0xde5d4f5cb0b6fb7c44b308b75459f224574cc7823e2966ee7f6970b86bcaab6d,btc-updown-15m-1777652100
"Bitcoin Up or Down - May 1, 12:15PM-12:30PM ET",Down,BUY,205.555554,0.35999999785945946,0xee98e9506833ecfd6c345ad6826a90ae02065a6139fd5d2be43c5ac0bcb87329,2026-05-01 19:22:56,0x44c483fdb713f4eea265689dccfa64590f6b1cd12939f15d11aba52564c20ef0,btc-updown-15m-1777652100
"Bitcoin Up or Down - May 1, 12:15PM-12:30PM ET",Up,BUY,174,0.64,0xee98e9506833ecfd6c345ad6826a90ae02065a6139fd5d2be43c5ac0bcb87329,2026-05-01 19:22:54,0xb121dee768c13b96526b8c54edebac3621d8b16de28e39d4e0f5d3be3d45a7ed,btc-updown-15m-1777652100
"Bitcoin Up or Down - May 1, 12PM ET",Up,BUY,16.54,0.34,0x23139b8339aba42cb743660d420e6b044d970a8259cf613c552197af83cc0d0d,2026-05-01 19:22:44,0x13674ccc7bf96d970fdb6ba05fbb1217df552e1a6e9e664d79474d466cbec589,bitcoin-up-or-down-may-1-2026-12pm-et
"Bitcoin Up or Down - May 1, 12:20PM-12:25PM ET",Down,BUY,60.02,0.12,0xe059a19ef5b37657e7a10c31165245efe751aeecfb651323ffeffe04a4962718,2026-05-01 19:22:36,0x55e2fb31625f0164c87dfbda59de1b768fc2c601608d25972145da97a2aa3414,btc-updown-5m-1777652400
"Bitcoin Up or Down - May 1, 12PM ET",Up,BUY,163.75,0.32,0x23139b8339aba42cb743660d420e6b044d970a8259cf613c552197af83cc0d0d,2026-05-01 19:21:54,0x1d421b423928f9c041d96f51b697b0a2109371ea08cf076596cb249b9b9a7598,bitcoin-up-or-down-may-1-2026-12pm-et
"Bitcoin Up or Down - May 1, 12PM ET",Up,BUY,200,0.3,0x23139b8339aba42cb743660d420e6b044d970a8259cf613c552197af83cc0d0d,2026-05-01 19:21:32,0xddb9eb70039271922b489dc8d1d480d3cf6ea2de716951b601093a21055d09a8,bitcoin-up-or-down-may-1-2026-12pm-et
"Bitcoin Up or Down - May 1, 12:20PM-12:25PM ET",Down,BUY,100,0.41,0xe059a19ef5b37657e7a10c31165245efe751aeecfb651323ffeffe04a4962718,2026-05-01 19:21:02,0x5ff37f8153c4479e093c88f5b2f0e084fdfd89768e62f4ef12160f4c042ffe99,btc-updown-5m-1777652400
"Bitcoin Up or Down - May 1, 12PM ET",Up,BUY,27.5,0.24,0x23139b8339aba42cb743660d420e6b044d970a8259cf613c552197af83cc0d0d,2026-05-01 19:20:30,0xf2899518e1fa69dd7f12f2dd1f6aef409f28bbbafc9863deec34793a25b9c46f,bitcoin-up-or-down-may-1-2026-12pm-et
"Bitcoin Up or Down - May 1, 12:20PM-12:25PM ET",Up,BUY,56.97,0.4,0xe059a19ef5b37657e7a10c31165245efe751aeecfb651323ffeffe04a4962718,2026-05-01 19:20:24,0x025700b2e41565357ef51ecd8414af1869d86342248c8942c497dbf008804f40,btc-updown-5m-1777652400
"Bitcoin Up or Down - May 1, 12:20PM-12:25PM ET",Down,BUY,48.95,0.41,0xe059a19ef5b37657e7a10c31165245efe751aeecfb651323ffeffe04a4962718,2026-05-01 19:20:16,0x8625fa91045aa54b09db1319130090b59d6ba12656aa079b0e69868babad7126,btc-updown-5m-1777652400
"Bitcoin Up or Down - May 1, 12:20PM-12:25PM ET",Down,BUY,42.27,0.42,0xe059a19ef5b37657e7a10c31165245efe751aeecfb651323ffeffe04a4962718,2026-05-01 19:20:16,0x9d56aa7666d98ec7b26281a76f4ad1d8a4c6927ca46367ed539cc940b97d77e4,btc-updown-5m-1777652400
"Bitcoin Up or Down - May 1, 12:15PM-12:30PM ET",Up,BUY,20,0.44,0xee98e9506833ecfd6c345ad6826a90ae02065a6139fd5d2be43c5ac0bcb87329,2026-05-01 19:19:42,0x4d642a071c2706af33825a7bcd8158924979e6d522c91a894c0cb56f6b5ffb84,btc-updown-15m-1777652100
"Bitcoin Up or Down - May 1, 12:15PM-12:20PM ET",Up,BUY,24,0.08,0xfc89b6863dfb94a01ab2039a0aba2ba5cb3635a261e0e31cb7718c6c13c49c19,2026-05-01 19:19:22,0xa2e6d554d052aaef5d57ed46538921951f9c231cc85838e8a0a33f47a02177f9,btc-updown-5m-1777652100
"Bitcoin Up or Down - May 1, 12:15PM-12:20PM ET",Up,BUY,102.380951,0.41999999589767434,0xfc89b6863dfb94a01ab2039a0aba2ba5cb3635a261e0e31cb7718c6c13c49c19,2026-05-01 19:18:04,0x4d7611ad064993bf2dd13bfe37e42599fd37b36f09b3b289c3db7fca5f151878,btc-updown-5m-1777652100
"Bitcoin Up or Down - May 1, 12:15PM-12:20PM ET",Up,BUY,100,0.42,0xfc89b6863dfb94a01ab2039a0aba2ba5cb3635a261e0e31cb7718c6c13c49c19,2026-05-01 19:18:04,0xb5ee2ba5f78b16f756fb49d1a7bc633bc315b2339e4b0af4cbc5238c2b0bc3f1,btc-updown-5m-1777652100
"Bitcoin Up or Down - May 1, 12:15PM-12:20PM ET",Up,BUY,109.523808,0.41999999671304344,0xfc89b6863dfb94a01ab2039a0aba2ba5cb3635a261e0e31cb7718c6c13c49c19,2026-05-01 19:18:04,0xd1e72d3975233e29eebe536dc8ddb36ce30a47542ac8c79859dedce09650d200,btc-updown-5m-1777652100
"Bitcoin Up or Down - May 1, 12:15PM-12:20PM ET",Up,BUY,104.651161,0.4299999978022222,0xfc89b6863dfb94a01ab2039a0aba2ba5cb3635a261e0e31cb7718c6c13c49c19,2026-05-01 19:18:04,0x8b90814fe32d200f2a1cb1fdc9c8aba6bcf06c6a62e0dbc15a7e4fc83cbb5149,btc-updown-5m-1777652100
"Bitcoin Up or Down - May 1, 12:15PM-12:30PM ET",Up,BUY,143.95,0.51,0xee98e9506833ecfd6c345ad6826a90ae02065a6139fd5d2be43c5ac0bcb87329,2026-05-01 19:18:04,0xf8a726a334a192eca852559e6945c7cc908d8e8457b231e5493ec18b08ecba41,btc-updown-15m-1777652100
"Bitcoin Up or Down - May 1, 12:15PM-12:20PM ET",Up,BUY,104.761903,0.4199999975181818,0xfc89b6863dfb94a01ab2039a0aba2ba5cb3635a261e0e31cb7718c6c13c49c19,2026-05-01 19:18:04,0xc9e3d933f809266a519e09942001dbacf697a763fc389faa3113ab265803bcb6,btc-updown-5m-1777652100
"Bitcoin Up or Down - May 1, 12:15PM-12:30PM ET",Up,BUY,202.224229,0.514280605812076,0xee98e9506833ecfd6c345ad6826a90ae02065a6139fd5d2be43c5ac0bcb87329,2026-05-01 19:18:04,0x23f80a5e6d350ccc834e9aa98ba390b70abc1e9f7c8d921f89f0869338849ca0,btc-updown-15m-1777652100
"Bitcoin Up or Down - May 1, 12:15PM-12:20PM ET",Down,BUY,42,0.7,0xfc89b6863dfb94a01ab2039a0aba2ba5cb3635a261e0e31cb7718c6c13c49c19,2026-05-01 19:17:58,0xbef2b7811965f6d2fb380f02855d130e7d62b696c6de4bfc72a3d38c1e74fe11,btc-updown-5m-1777652100
"Bitcoin Up or Down - May 1, 12:15PM-12:20PM ET",Up,BUY,85.54,0.33479307926116436,0xfc89b6863dfb94a01ab2039a0aba2ba5cb3635a261e0e31cb7718c6c13c49c19,2026-05-01 19:16:58,0x43706bcee21dd15c3c3122d0267751372059d770f3b85254f1c6a8734532ead1,btc-updown-5m-1777652100
"Bitcoin Up or Down - May 1, 12:15PM-12:20PM ET",Up,BUY,100,0.33,0xfc89b6863dfb94a01ab2039a0aba2ba5cb3635a261e0e31cb7718c6c13c49c19,2026-05-01 19:16:56,0x0abad46ebf448cacf643ed8e1f02fb0a0108ea6f64ecb42e7e138b14c47cc8ef,btc-updown-5m-1777652100
"Bitcoin Up or Down - May 1, 12:15PM-12:20PM ET",Down,BUY,15.71,0.56,0xfc89b6863dfb94a01ab2039a0aba2ba5cb3635a261e0e31cb7718c6c13c49c19,2026-05-01 19:15:24,0x0381726650ca34f40ab59908851de667ca1bbdc368f5a069fa16c4e63a722f72,btc-updown-5m-1777652100
"Bitcoin Up or Down - May 1, 12:15PM-12:30PM ET",Down,BUY,68.93,0.52,0xee98e9506833ecfd6c345ad6826a90ae02065a6139fd5d2be43c5ac0bcb87329,2026-05-01 19:15:12,0xf3282cd4182452410664a7cb6146161aacca182015f8367cc8dde884c9630a6a,btc-updown-15m-1777652100
"Bitcoin Up or Down - May 1, 12:15PM-12:30PM ET",Down,BUY,47.8,0.51,0xee98e9506833ecfd6c345ad6826a90ae02065a6139fd5d2be43c5ac0bcb87329,2026-05-01 19:15:08,0x50483a41ff6da503d444ead72b758cc74e71577c9d72a7553edc0e143546964a,btc-updown-15m-1777652100
"Bitcoin Up or Down - May 1, 12:15PM-12:20PM ET",Down,BUY,9,0.55,0xfc89b6863dfb94a01ab2039a0aba2ba5cb3635a261e0e31cb7718c6c13c49c19,2026-05-01 19:15:08,0xee069740a09898bc02353bbe7e5183cf6cdc3c80538830dccf11805f61d2a29b,btc-updown-5m-1777652100
"Bitcoin Up or Down - May 1, 12:00PM-12:15PM ET",Up,BUY,37.28,0.1970815450643777,0x273200d190fd7a069d54d930ebf8a9b745a59eaa8aca40fc71dd049a54f66b82,2026-05-01 19:13:44,0x90196ea283ab7edc7052f670dd43b30e0c044ec69e6db82e6a8c383bc307fcfe,btc-updown-15m-1777651200
"Bitcoin Up or Down - May 1, 12:00PM-12:15PM ET",Up,BUY,79.17,0.19,0x273200d190fd7a069d54d930ebf8a9b745a59eaa8aca40fc71dd049a54f66b82,2026-05-01 19:13:44,0xca7a84c9ca70b6fbea6e0fd1cba6d02886c7be2493864b10b59d1bb2296ea107,btc-updown-15m-1777651200
"Bitcoin Up or Down - May 1, 12PM ET",Down,BUY,200,0.54,0x23139b8339aba42cb743660d420e6b044d970a8259cf613c552197af83cc0d0d,2026-05-01 19:13:28,0x49b18db12e1db1fe3c3c9dc6bc27176becae4a2116ea2d796cef82d24c1ff0dc,bitcoin-up-or-down-may-1-2026-12pm-et
"Bitcoin Up or Down - May 1, 12PM ET",Down,BUY,27,0.52,0x23139b8339aba42cb743660d420e6b044d970a8259cf613c552197af83cc0d0d,2026-05-01 19:13:26,0xae6e35825e1b43c5f268a8004fdeb32fb6440fc3b233697bd4b3eb01da794ff8,bitcoin-up-or-down-may-1-2026-12pm-et
"Bitcoin Up or Down - May 1, 12PM ET",Up,BUY,17.11,0.53,0x23139b8339aba42cb743660d420e6b044d970a8259cf613c552197af83cc0d0d,2026-05-01 19:11:08,0x9dd9c07104d7be4e8e009f9db4dcc6c8480cc88ac36f8b80d9ee6a82d7c5125e,bitcoin-up-or-down-may-1-2026-12pm-et
"Bitcoin Up or Down - May 1, 12PM ET",Up,BUY,15.27,0.56,0x23139b8339aba42cb743660d420e6b044d970a8259cf613c552197af83cc0d0d,2026-05-01 19:10:26,0xaba3f4dce4807483d86aacbf7ec15fe685f27256a0f56fd0cd63eba1dcf0a6d6,bitcoin-up-or-down-may-1-2026-12pm-et
"Bitcoin Up or Down - May 1, 12:00PM-12:15PM ET",Down,BUY,52,0.25,0x273200d190fd7a069d54d930ebf8a9b745a59eaa8aca40fc71dd049a54f66b82,2026-05-01 19:09:50,0x97b8d89a1ae5d1199035e914c272f02b5d5ccbec754a1ea28ad3ffcd2610b99f,btc-updown-15m-1777651200
"Bitcoin Up or Down - May 1, 12:00PM-12:15PM ET",Down,BUY,13,0.26,0x273200d190fd7a069d54d930ebf8a9b745a59eaa8aca40fc71dd049a54f66b82,2026-05-01 19:09:50,0x0df515ce75dcb2cfaaecd9ed13e28a29a69cf5c34efc9f01b557945297c0749e,btc-updown-15m-1777651200
"Bitcoin Up or Down - May 1, 12:00PM-12:15PM ET",Up,BUY,200,0.83,0x273200d190fd7a069d54d930ebf8a9b745a59eaa8aca40fc71dd049a54f66b82,2026-05-01 19:09:40,0x933f676baaffef7bd082954a41207590b1f040f0f2a40e760a77f39be1e7f518,btc-updown-15m-1777651200
"Bitcoin Up or Down - May 1, 12:00PM-12:15PM ET",Up,BUY,200,0.79,0x273200d190fd7a069d54d930ebf8a9b745a59eaa8aca40fc71dd049a54f66b82,2026-05-01 19:09:12,0x17c422137949bba46646968a89c733d9a533b7d67a6e7d07168f5f7aede4682d,btc-updown-15m-1777651200
"Bitcoin Up or Down - May 1, 12:00PM-12:15PM ET",Down,BUY,7,0.17,0x273200d190fd7a069d54d930ebf8a9b745a59eaa8aca40fc71dd049a54f66b82,2026-05-01 19:08:10,0x6a99559284ad19d44fe233ff4b3cf950c1e5bdaf6c700340f2b532df10014199,btc-updown-15m-1777651200
"Bitcoin Up or Down - May 1, 12:00PM-12:15PM ET",Down,BUY,39,0.12,0x273200d190fd7a069d54d930ebf8a9b745a59eaa8aca40fc71dd049a54f66b82,2026-05-01 19:07:54,0x199cb7903593517d4bcce57493d6cea4fc1ecb01ae435a20e41b1dd5a49bfc00,btc-updown-15m-1777651200
"Bitcoin Up or Down - May 1, 12:05PM-12:10PM ET",Down,BUY,97,0.76,0x1a9e45b8befbe5adb777c2234d866e7bb7cc92a4a8f8262258bdf13510cc5377,2026-05-01 19:07:50,0x9c605f3ede49feb92858e5fcb00be00ae3a7a21be77ccee18dc0577486aba115,btc-updown-5m-1777651500
"Bitcoin Up or Down - May 1, 12:00PM-12:15PM ET",Down,BUY,50.2,0.09,0x273200d190fd7a069d54d930ebf8a9b745a59eaa8aca40fc71dd049a54f66b82,2026-05-01 19:07:48,0xd4903e993f4cce0a8f32d9fc70c2c15b765bcad574881e31fcfd997789f541b4,btc-updown-15m-1777651200
"Bitcoin Up or Down - May 1, 12:05PM-12:10PM ET",Down,BUY,101.960783,0.5099999967634615,0x1a9e45b8befbe5adb777c2234d866e7bb7cc92a4a8f8262258bdf13510cc5377,2026-05-01 19:06:10,0x351fac531c9f67bef461d35a4392740e192a7bc3d58c2d3638dd6b71ce4b4152,btc-updown-5m-1777651500
"Bitcoin Up or Down - May 1, 12:05PM-12:10PM ET",Up,BUY,56.09,0.5,0x1a9e45b8befbe5adb777c2234d866e7bb7cc92a4a8f8262258bdf13510cc5377,2026-05-01 19:06:10,0xf58814723364fe0add81bebb26b7a9226868589174cf07b9747992c53ba9ded9,btc-updown-5m-1777651500
"Bitcoin Up or Down - May 1, 12:05PM-12:10PM ET",Down,BUY,103.921567,0.5099999983641509,0x1a9e45b8befbe5adb777c2234d866e7bb7cc92a4a8f8262258bdf13510cc5377,2026-05-01 19:06:10,0xea057f19aed3a50066ceec7076913951ed167ab668b5c76f081a1a2becfe55cb,btc-updown-5m-1777651500
"Bitcoin Up or Down - May 1, 12:05PM-12:10PM ET",Down,BUY,100,0.51,0x1a9e45b8befbe5adb777c2234d866e7bb7cc92a4a8f8262258bdf13510cc5377,2026-05-01 19:06:10,0xb5e7a0339f84a3e9ab00243f5a7339413bccdcd7dce99be0351506901723c689,btc-updown-5m-1777651500
"Bitcoin Up or Down - May 1, 12:00PM-12:15PM ET",Down,BUY,10,0.23,0x273200d190fd7a069d54d930ebf8a9b745a59eaa8aca40fc71dd049a54f66b82,2026-05-01 19:04:10,0xccaed4a50d34de1230bfd57f8d392fcd5113a625fdc3f1263d53e559408a5698,btc-updown-15m-1777651200
"Bitcoin Up or Down - May 1, 12:00PM-12:15PM ET",Down,BUY,50,0.22,0x273200d190fd7a069d54d930ebf8a9b745a59eaa8aca40fc71dd049a54f66b82,2026-05-01 19:02:08,0x861709d6b79b9868da837e042c26badfa8c58725a4f7d0d15199bc7d869d9485,btc-updown-15m-1777651200
"Bitcoin Up or Down - May 1, 12:00PM-12:15PM ET",Down,BUY,30,0.23,0x273200d190fd7a069d54d930ebf8a9b745a59eaa8aca40fc71dd049a54f66b82,2026-05-01 19:02:02,0xad5baf7e5361e429d4596bf0e225e9640dd48da7044df0db7d1d49e4ec77e579,btc-updown-15m-1777651200
"Bitcoin Up or Down - May 1, 12:00PM-12:15PM ET",Down,BUY,8,0.23,0x273200d190fd7a069d54d930ebf8a9b745a59eaa8aca40fc71dd049a54f66b82,2026-05-01 19:01:58,0x8c32ba1c5a89be261f35101f4b2d96e961da543dd53256e22fe1c74ae8a4cf25,btc-updown-15m-1777651200
"Bitcoin Up or Down - May 1, 12:00PM-12:15PM ET",Down,BUY,5,0.23,0x273200d190fd7a069d54d930ebf8a9b745a59eaa8aca40fc71dd049a54f66b82,2026-05-01 19:01:54,0x78c21715b1254db1d94ca818caf766a22a4c6ed584ceab4beb557d398db771c8,btc-updown-15m-1777651200
"Bitcoin Up or Down - May 1, 12:00PM-12:15PM ET",Down,BUY,10,0.24,0x273200d190fd7a069d54d930ebf8a9b745a59eaa8aca40fc71dd049a54f66b82,2026-05-01 19:01:54,0xb06d1eab506b4e36f928879ad3b1d73c8cc69ab7fbaca30350e2f2d7e9745284,btc-updown-15m-1777651200
"Bitcoin Up or Down - May 1, 12:00PM-12:15PM ET",Down,BUY,81,0.23,0x273200d190fd7a069d54d930ebf8a9b745a59eaa8aca40fc71dd049a54f66b82,2026-05-01 19:01:48,0x9f2d1c0b1e528d1878c2bdae88a17a90f95b1c2dc84d5ee79704e0723326043a,btc-updown-15m-1777651200
"Bitcoin Up or Down - May 1, 12:00PM-12:15PM ET",Down,BUY,127,0.24,0x273200d190fd7a069d54d930ebf8a9b745a59eaa8aca40fc71dd049a54f66b82,2026-05-01 19:01:46,0xed0f48fea6be511412e95feba15713715bad7c7e3a73e6c5247b10dc93daad4c,btc-updown-15m-1777651200
"Bitcoin Up or Down - May 1, 12:00PM-12:15PM ET",Down,BUY,5,0.23,0x273200d190fd7a069d54d930ebf8a9b745a59eaa8aca40fc71dd049a54f66b82,2026-05-01 19:01:44,0x14fe90b86191f874dade47a98c616efbf1470a57d3c06498b02934145bfccf5d,btc-updown-15m-1777651200
"Bitcoin Up or Down - May 1, 12:00PM-12:15PM ET",Down,BUY,15,0.24,0x273200d190fd7a069d54d930ebf8a9b745a59eaa8aca40fc71dd049a54f66b82,2026-05-01 19:01:42,0x1ff9b7af376662d98ee03a41520f6999227edec2eacca57dff25d919e1303a29,btc-updown-15m-1777651200
"Bitcoin Up or Down - May 1, 12:00PM-12:15PM ET",Down,BUY,60,0.25,0x273200d190fd7a069d54d930ebf8a9b745a59eaa8aca40fc71dd049a54f66b82,2026-05-01 19:01:42,0x2d96573d7e1274b408956c4ad14806e64154b13b57748bc27dca4eaf0df28b9a,btc-updown-15m-1777651200
"Bitcoin Up or Down - May 1, 12:00PM-12:15PM ET",Down,BUY,10,0.26,0x273200d190fd7a069d54d930ebf8a9b745a59eaa8aca40fc71dd049a54f66b82,2026-05-01 19:01:40,0xe40d2ad9cb2fb4b2eebd069ac6ea88e539f97d3953acba05b3a3826d1e778e48,btc-updown-15m-1777651200
"Bitcoin Up or Down - May 1, 12:00PM-12:15PM ET",Down,BUY,25.576922,0.2541353099485544,0x273200d190fd7a069d54d930ebf8a9b745a59eaa8aca40fc71dd049a54f66b82,2026-05-01 19:01:28,0x377da79f1f43d84038c36e260d642f05088de47b5224df6ac3244ce4892fcc59,btc-updown-15m-1777651200
"Bitcoin Up or Down - May 1, 12:00PM-12:15PM ET",Down,BUY,10,0.25,0x273200d190fd7a069d54d930ebf8a9b745a59eaa8aca40fc71dd049a54f66b82,2026-05-01 19:01:26,0xe0edfadf4e17e7636f27e1d08948143fadb4fa35ac283d263a3db8a4cbe7034a,btc-updown-15m-1777651200
"Bitcoin Up or Down - May 1, 12:00PM-12:15PM ET",Down,BUY,10,0.24,0x273200d190fd7a069d54d930ebf8a9b745a59eaa8aca40fc71dd049a54f66b82,2026-05-01 19:01:26,0xae38428c7dd3c4197f01b999870a313f78ae48af5104e1fa9ebce8a8af151bf5,btc-updown-15m-1777651200
"Bitcoin Up or Down - May 1, 12:00PM-12:15PM ET",Down,BUY,1.46,0.26,0x273200d190fd7a069d54d930ebf8a9b745a59eaa8aca40fc71dd049a54f66b82,2026-05-01 19:01:22,0xee9cc4514c922c6710187f1e4d80656f15f798f37c903366c2d60cadaf057f24,btc-updown-15m-1777651200
"Bitcoin Up or Down - May 1, 12:00PM-12:15PM ET",Down,BUY,75.41,0.24,0x273200d190fd7a069d54d930ebf8a9b745a59eaa8aca40fc71dd049a54f66b82,2026-05-01 19:01:18,0x47e530da76398ad1cb41772762f21b9ee83ced6a3de84b8650478bcdad93eeca,btc-updown-15m-1777651200
"Bitcoin Up or Down - May 1, 12:00PM-12:15PM ET",Down,BUY,5.208332,0.23999986943996657,0x273200d190fd7a069d54d930ebf8a9b745a59eaa8aca40fc71dd049a54f66b82,2026-05-01 19:01:18,0xefc2764b39ca933550e711e2359a808684f3f975991af7db77c500d50b3e2254,btc-updown-15m-1777651200
"Bitcoin Up or Down - May 1, 12PM ET",Up,BUY,24.44,0.61,0x23139b8339aba42cb743660d420e6b044d970a8259cf613c552197af83cc0d0d,2026-05-01 19:01:10,0xf6456b47a69a9bac4e20ba4a4a18bfd1eaea40085bfa7edb5285eff6e02ba653,bitcoin-up-or-down-may-1-2026-12pm-et
"Bitcoin Up or Down - May 1, 12:00PM-12:15PM ET",Down,BUY,207.692306,0.25999999730370366,0x273200d190fd7a069d54d930ebf8a9b745a59eaa8aca40fc71dd049a54f66b82,2026-05-01 19:01:08,0xda2c71b584fca4d10ee834e6954ad82f22326173317f0efeac50c2ac500f83bf,btc-updown-15m-1777651200
"Bitcoin Up or Down - May 1, 12:00PM-12:15PM ET",Down,BUY,55.3,0.26,0x273200d190fd7a069d54d930ebf8a9b745a59eaa8aca40fc71dd049a54f66b82,2026-05-01 19:01:08,0x9eebee54c6b677d7502a849bb32f5018234f5819f7e14e723b695bca11354d49,btc-updown-15m-1777651200
"Bitcoin Up or Down - May 1, 12:00PM-12:05PM ET",Up,BUY,100,0.75,0xe35471ddacf890d682d8079fa953589fd931b989178dabeaa029d0ac8acdae36,2026-05-01 19:01:04,0x85e705d654f1b02a924fc37166a2a1b44965e59d5ce01e0867da93cd8c5891eb,btc-updown-5m-1777651200
"Bitcoin Up or Down - May 1, 12:00PM-12:15PM ET",Down,BUY,45,0.37,0x273200d190fd7a069d54d930ebf8a9b745a59eaa8aca40fc71dd049a54f66b82,2026-05-01 19:01:00,0xaf9bca841caa22662bdec3a02d036545e19d4d436a92c88d6e1b93333b82a7c8,btc-updown-15m-1777651200
"Bitcoin Up or Down - May 1, 12:00PM-12:15PM ET",Down,BUY,15,0.38,0x273200d190fd7a069d54d930ebf8a9b745a59eaa8aca40fc71dd049a54f66b82,2026-05-01 19:00:54,0x5f14ce846cc9f488aee2ec65be914ca0b19274e4c9e419bd502c11d05dc9409c,btc-updown-15m-1777651200
"Bitcoin Up or Down - May 1, 12:00PM-12:05PM ET",Down,BUY,26.43,0.28,0xe35471ddacf890d682d8079fa953589fd931b989178dabeaa029d0ac8acdae36,2026-05-01 19:00:38,0xdfcd6321f542a8245cd5d0bec2f1b2b3a56fb748095356f032dcc8fd9122c2d7,btc-updown-5m-1777651200
"Bitcoin Up or Down - May 1, 12:00PM-12:05PM ET",Down,BUY,15.535713,0.2799999588045943,0xe35471ddacf890d682d8079fa953589fd931b989178dabeaa029d0ac8acdae36,2026-05-01 19:00:34,0xedd03d241ef332516bad58fc10ec47184d2313a7fc5e4d4a9d8c85cca2404db1,btc-updown-5m-1777651200
"Bitcoin Up or Down - May 1, 12:00PM-12:05PM ET",Down,BUY,30,0.28,0xe35471ddacf890d682d8079fa953589fd931b989178dabeaa029d0ac8acdae36,2026-05-01 19:00:34,0x91eb670e6f31657ff2736518a326a40c7976322120d4419e4a16db94f877193c,btc-updown-5m-1777651200
"Bitcoin Up or Down - May 1, 12:00PM-12:05PM ET",Down,BUY,6,0.31,0xe35471ddacf890d682d8079fa953589fd931b989178dabeaa029d0ac8acdae36,2026-05-01 19:00:30,0x34d531089ba00fff319860d99f4aa282ccb81c0c6a9bd9d156c3aef9d601827b,btc-updown-5m-1777651200
"Bitcoin Up or Down - May 1, 12:00PM-12:05PM ET",Down,BUY,32.64,0.35,0xe35471ddacf890d682d8079fa953589fd931b989178dabeaa029d0ac8acdae36,2026-05-01 19:00:26,0xf133bfbce45ac6a241e79e24d87e31e4e6b093d919d0c770e0b4191ddf69c917,btc-updown-5m-1777651200
"Bitcoin Up or Down - May 1, 12:00PM-12:05PM ET",Up,BUY,28.58,0.58,0xe35471ddacf890d682d8079fa953589fd931b989178dabeaa029d0ac8acdae36,2026-05-01 19:00:24,0xc09b39b04d37990456d37ec41b22f23a41143fb1376cf68adf4a40037fbf5b7c,btc-updown-5m-1777651200
"Bitcoin Up or Down - May 1, 12:00PM-12:05PM ET",Down,BUY,62.742856,0.3499999904371583,0xe35471ddacf890d682d8079fa953589fd931b989178dabeaa029d0ac8acdae36,2026-05-01 19:00:22,0xe63319895f4dc8cbfb2d4aaccdfebb736a62e78476a2d2ec5c0933e5bfb6c52b,btc-updown-5m-1777651200
"Bitcoin Up or Down - May 1, 12:00PM-12:05PM ET",Down,BUY,10,0.35,0xe35471ddacf890d682d8079fa953589fd931b989178dabeaa029d0ac8acdae36,2026-05-01 19:00:22,0x9fb740a0524c6402e3d34691307d6dd8fb568b274ba65a7fb007cfc2099e5b68,btc-updown-5m-1777651200
"Bitcoin Up or Down - May 1, 12:00PM-12:05PM ET",Down,BUY,107.396943,0.35382756658166703,0xe35471ddacf890d682d8079fa953589fd931b989178dabeaa029d0ac8acdae36,2026-05-01 19:00:20,0x450a8b211277766e9a5840fee2d01095182013efd6c1de6e1432ea9b4668bed3,btc-updown-5m-1777651200
"Bitcoin Up or Down - May 1, 12:00PM-12:15PM ET",Up,BUY,200,0.53,0x273200d190fd7a069d54d930ebf8a9b745a59eaa8aca40fc71dd049a54f66b82,2026-05-01 19:00:20,0x595c4a0ea953aa7079b99a8da34d5004c33741d0eeb742e274cf660a142eb665,btc-updown-15m-1777651200
"Bitcoin Up or Down - May 1, 12:00PM-12:05PM ET",Down,BUY,33,0.31,0xe35471ddacf890d682d8079fa953589fd931b989178dabeaa029d0ac8acdae36,2026-05-01 19:00:16,0xbc9382caa4ed96ce4b17f612a9b789350e9a78574bdb2c8ab280fb3a09c5d010,btc-updown-5m-1777651200
"Bitcoin Up or Down - May 1, 11:55AM-12:00PM ET",Down,BUY,5.71,0.42,0x6d2def65f6dbb505b77184a11fc404d0dfe38e59b9230976dd2dd110f5876d29,2026-05-01 18:55:18,0x94399237437bc56bfb4a3c8745c7811dc09fda58009da5b2d2bd882d80d6e5f1,btc-updown-5m-1777650900
"Bitcoin Up or Down - May 1, 11AM ET",Down,BUY,28.622221,0.4499999842779496,0x846424ebfeb17f285c90f1c3ce15062a951210c61f0293c00792ff5e9532df2d,2026-05-01 18:54:34,0x7a907147120c0ccf1ea4344c7bd784b184b4a010510e687041bdbd39a17801e4,bitcoin-up-or-down-may-1-2026-11am-et
"Bitcoin Up or Down - May 1, 11AM ET",Down,BUY,23.30711,0.444070457469845,0x846424ebfeb17f285c90f1c3ce15062a951210c61f0293c00792ff5e9532df2d,2026-05-01 18:54:34,0xa21590ab3a3fbc98dab82e0ac6c170f7c7f42db3d62b1a64cac9be723d92925b,bitcoin-up-or-down-may-1-2026-11am-et
"Bitcoin Up or Down - May 1, 11AM ET",Down,BUY,5.581394,0.4210415892517174,0x846424ebfeb17f285c90f1c3ce15062a951210c61f0293c00792ff5e9532df2d,2026-05-01 18:54:34,0x6629993a07ca9266eac14ee3cabb8403c024efc49cfd887d5f38e8f34d3b01ab,bitcoin-up-or-down-may-1-2026-11am-et
"Bitcoin Up or Down - May 1, 11AM ET",Down,BUY,13,0.49,0x846424ebfeb17f285c90f1c3ce15062a951210c61f0293c00792ff5e9532df2d,2026-05-01 18:54:28,0xc50c31808070c51f895dc37de14ce28c079eb41b2e5d9cd1cf24b47773b70196,bitcoin-up-or-down-may-1-2026-11am-et
"Bitcoin Up or Down - May 1, 11AM ET",Down,BUY,5,0.49,0x846424ebfeb17f285c90f1c3ce15062a951210c61f0293c00792ff5e9532df2d,2026-05-01 18:54:24,0x2e4c27fa968895eec619f52bba1e6bb29bac0b3b9dc7335d70ec3bcb46aea50d,bitcoin-up-or-down-may-1-2026-11am-et
"Bitcoin Up or Down - May 1, 11AM ET",Down,BUY,35,0.51,0x846424ebfeb17f285c90f1c3ce15062a951210c61f0293c00792ff5e9532df2d,2026-05-01 18:54:14,0x644ed7479421a61e6c9d3d859286abdd2ee03358a21a0dcf762c0ab2b7a927d2,bitcoin-up-or-down-may-1-2026-11am-et
"Bitcoin Up or Down - May 1, 11AM ET",Down,BUY,49.66,0.5189931534434152,0x846424ebfeb17f285c90f1c3ce15062a951210c61f0293c00792ff5e9532df2d,2026-05-01 18:54:10,0x2cf52303caa157963e2fa77e2aae9c4b6a3f8a862e3121517e80255fc4b8d02d,bitcoin-up-or-down-may-1-2026-11am-et
"Bitcoin Up or Down - May 1, 11AM ET",Down,BUY,5,0.51,0x846424ebfeb17f285c90f1c3ce15062a951210c61f0293c00792ff5e9532df2d,2026-05-01 18:54:10,0x797a3cc91e688d238be92a3de07892f02100d9dad5c97b78642dc075d84ea0e5,bitcoin-up-or-down-may-1-2026-11am-et
"Bitcoin Up or Down - May 1, 11AM ET",Down,BUY,23,0.52,0x846424ebfeb17f285c90f1c3ce15062a951210c61f0293c00792ff5e9532df2d,2026-05-01 18:54:10,0xcea9355600f648883613d5437f61ffe8673db8b398d23b4090df7db9e537d3f8,bitcoin-up-or-down-may-1-2026-11am-et
"Bitcoin Up or Down - May 1, 11AM ET",Down,BUY,15,0.53,0x846424ebfeb17f285c90f1c3ce15062a951210c61f0293c00792ff5e9532df2d,2026-05-01 18:54:08,0x27b60ba0c42e40f673288083e7d4ddd9fbdc72ad1706700f24fd41bc3c0d4694,bitcoin-up-or-down-may-1-2026-11am-et
"Bitcoin Up or Down - May 1, 11AM ET",Down,BUY,7,0.54,0x846424ebfeb17f285c90f1c3ce15062a951210c61f0293c00792ff5e9532df2d,2026-05-01 18:54:08,0x57c4e15f45ed5da7879d8461d2a6d21cda9c9d715eae4b98a63c1bfa6496bf75,bitcoin-up-or-down-may-1-2026-11am-et
"Bitcoin Up or Down - May 1, 11AM ET",Down,BUY,150,0.55,0x846424ebfeb17f285c90f1c3ce15062a951210c61f0293c00792ff5e9532df2d,2026-05-01 18:54:06,0xcf1923e9a1b8c8a70007b86c40de9f664f94c914a4515186655031f73b66f6d9,bitcoin-up-or-down-may-1-2026-11am-et
"Bitcoin Up or Down - May 1, 11AM ET",Down,BUY,5,0.54,0x846424ebfeb17f285c90f1c3ce15062a951210c61f0293c00792ff5e9532df2d,2026-05-01 18:54:04,0x0ebe6230d8d928dba8e8cd4af35944fd8c97b60b383a124a943a1d00a669cdc4,bitcoin-up-or-down-may-1-2026-11am-et
"Bitcoin Up or Down - May 1, 11AM ET",Down,BUY,8.145453,0.5499999815848179,0x846424ebfeb17f285c90f1c3ce15062a951210c61f0293c00792ff5e9532df2d,2026-05-01 18:54:04,0xada05548571c4efcc4990a18cf13f66807cfba1607df33bcf0e6e793c5a91ff0,bitcoin-up-or-down-may-1-2026-11am-et
"Bitcoin Up or Down - May 1, 11AM ET",Down,BUY,12.222221,0.5399999721818154,0x846424ebfeb17f285c90f1c3ce15062a951210c61f0293c00792ff5e9532df2d,2026-05-01 18:54:04,0xd9fe97f9f7b7649477d122ece2346a0e7bd809b646b7231a2593b29c284d9188,bitcoin-up-or-down-may-1-2026-11am-et
"Bitcoin Up or Down - May 1, 11AM ET",Down,BUY,9.98,0.55,0x846424ebfeb17f285c90f1c3ce15062a951210c61f0293c00792ff5e9532df2d,2026-05-01 18:54:00,0x2cffdd46ad056ffa1c2f8c3e7138b68362ed776108702dea610e792ee301e908,bitcoin-up-or-down-may-1-2026-11am-et
"Bitcoin Up or Down - May 1, 11AM ET",Down,BUY,10.01818,0.5490018147008738,0x846424ebfeb17f285c90f1c3ce15062a951210c61f0293c00792ff5e9532df2d,2026-05-01 18:54:00,0xa43ba093cb7f1402cd57f2c3484250b2713680966259f69ff5768dc793eee285,bitcoin-up-or-down-may-1-2026-11am-et
"Bitcoin Up or Down - May 1, 11AM ET",Up,BUY,201.058494,0.3581047364256095,0x846424ebfeb17f285c90f1c3ce15062a951210c61f0293c00792ff5e9532df2d,2026-05-01 18:53:22,0x827ed56ac79c30dbde3204aa42243fa879027e67de7ec9fcd0c2d85f2e386bfc,bitcoin-up-or-down-may-1-2026-11am-et
"Bitcoin Up or Down - May 1, 11AM ET",Up,BUY,200.557102,0.3589999969185833,0x846424ebfeb17f285c90f1c3ce15062a951210c61f0293c00792ff5e9532df2d,2026-05-01 18:53:22,0x303fb25f8d11b874342e1281c7dea777b66423a84dbb8be3576eadd8c784530a,bitcoin-up-or-down-may-1-2026-11am-et
"Bitcoin Up or Down - May 1, 11AM ET",Up,BUY,200.557102,0.3589999969185833,0x846424ebfeb17f285c90f1c3ce15062a951210c61f0293c00792ff5e9532df2d,2026-05-01 18:53:22,0x763ea8da04357278afdcb41b7a0045b1e0040c320301c79e4260d2c93fc46f09,bitcoin-up-or-down-may-1-2026-11am-et
"Bitcoin Up or Down - May 1, 11AM ET",Up,BUY,200.557102,0.3589999969185833,0x846424ebfeb17f285c90f1c3ce15062a951210c61f0293c00792ff5e9532df2d,2026-05-01 18:53:22,0x0b6ac4c4c9efc270e2cf0dd84d4d98a6b45fafa182ae89d356b24fcfd20ad6bc,bitcoin-up-or-down-may-1-2026-11am-et
"Bitcoin Up or Down - May 1, 11AM ET",Up,BUY,200.557102,0.3589999969185833,0x846424ebfeb17f285c90f1c3ce15062a951210c61f0293c00792ff5e9532df2d,2026-05-01 18:53:22,0x4e202c2ac69438e8308feaf4db71e8f7db11ce2f8a2684af2e7b92b5c5a60e80,bitcoin-up-or-down-may-1-2026-11am-et
"Bitcoin Up or Down - May 1, 11AM ET",Up,BUY,40.85,0.3957160342717258,0x846424ebfeb17f285c90f1c3ce15062a951210c61f0293c00792ff5e9532df2d,2026-05-01 18:53:12,0x6c839af36f79493900a28e5480e43ec4e363a9083dda09731342bd1b97f742a3,bitcoin-up-or-down-may-1-2026-11am-et
"Bitcoin Up or Down - May 1, 11AM ET",Up,BUY,25,0.3994,0x846424ebfeb17f285c90f1c3ce15062a951210c61f0293c00792ff5e9532df2d,2026-05-01 18:53:10,0xcc940abb624741d59ba8aa1b610c869eb9a63d634f49546220212de48276edce,bitcoin-up-or-down-may-1-2026-11am-et
"Bitcoin Up or Down - May 1, 11AM ET",Up,BUY,5,0.39,0x846424ebfeb17f285c90f1c3ce15062a951210c61f0293c00792ff5e9532df2d,2026-05-01 18:53:10,0x2f9e56f51c50a1a3111fb046245893d754a7eb93595438f03ea44448076d9933,bitcoin-up-or-down-may-1-2026-11am-et
"Bitcoin Up or Down - May 1, 11AM ET",Up,BUY,30,0.4075,0x846424ebfeb17f285c90f1c3ce15062a951210c61f0293c00792ff5e9532df2d,2026-05-01 18:53:08,0xf362f13d408a03f06eabce513f42cda9c4d60cd9e0ce47341bb4761b87ea00a6,bitcoin-up-or-down-may-1-2026-11am-et
"Bitcoin Up or Down - May 1, 11AM ET",Up,BUY,5.85,0.4,0x846424ebfeb17f285c90f1c3ce15062a951210c61f0293c00792ff5e9532df2d,2026-05-01 18:53:06,0x51d53aaaee426abdf1205b9495070da6c2da1a49956f7b0e08deb858ecb2f91a,bitcoin-up-or-down-may-1-2026-11am-et
"Bitcoin Up or Down - May 1, 11AM ET",Up,BUY,5,0.4,0x846424ebfeb17f285c90f1c3ce15062a951210c61f0293c00792ff5e9532df2d,2026-05-01 18:53:06,0xd17e85abd5fb01aa9479fe5063c5b70ddaff5cc4574ba5a937173e8718dfb80d,bitcoin-up-or-down-may-1-2026-11am-et
"Bitcoin Up or Down - May 1, 11AM ET",Up,BUY,55,0.3987272727272727,0x846424ebfeb17f285c90f1c3ce15062a951210c61f0293c00792ff5e9532df2d,2026-05-01 18:53:06,0x449ae5e7bccdf548e6c36bbbfa901d71f32445ffbf27a3026df5b31edadd9c9a,bitcoin-up-or-down-may-1-2026-11am-et
"Bitcoin Up or Down - May 1, 11AM ET",Up,BUY,5,0.4,0x846424ebfeb17f285c90f1c3ce15062a951210c61f0293c00792ff5e9532df2d,2026-05-01 18:53:06,0xd3e1766cd27e03ea2730a1f7b0bb400db5c9b2cb1079c61dc41398aced230a66,bitcoin-up-or-down-may-1-2026-11am-et
"Bitcoin Up or Down - May 1, 11AM ET",Up,BUY,50,0.4272,0x846424ebfeb17f285c90f1c3ce15062a951210c61f0293c00792ff5e9532df2d,2026-05-01 18:53:00,0xd28d1e0d1b1417a0268b268f6f31d29374f255959844e6f67df0272c7fd584c5,bitcoin-up-or-down-may-1-2026-11am-et
"Bitcoin Up or Down - May 1, 11AM ET",Up,BUY,10,0.43,0x846424ebfeb17f285c90f1c3ce15062a951210c61f0293c00792ff5e9532df2d,2026-05-01 18:53:00,0x3fcf25ad555e6fdb5e6f2b7a01d024671a893d4a5a4833590327a0c88f40c2a2,bitcoin-up-or-down-may-1-2026-11am-et
"Bitcoin Up or Down - May 1, 11:45AM-12:00PM ET",Down,BUY,126.96,0.97,0x4b9858b4a7fc394196cb3280bb1a00870aab5193a06bdad8d7fd2ed8009e62d1,2026-05-01 18:52:50,0x6d6c0df588f4b90dbc0ab970f40b28f51b36cc7d764f4d7ed717426ec6dd0f4b,btc-updown-15m-1777650300
"Bitcoin Up or Down - May 1, 11AM ET",Down,BUY,5.16605,0.27099989353568005,0x846424ebfeb17f285c90f1c3ce15062a951210c61f0293c00792ff5e9532df2d,2026-05-01 18:52:48,0xccdc3cc898517b0136e2d3178b639ad61ccfd04b187e542f0f73b44fd50619de,bitcoin-up-or-down-may-1-2026-11am-et
"Bitcoin Up or Down - May 1, 11AM ET",Down,BUY,5.157588,0.2714445201904456,0x846424ebfeb17f285c90f1c3ce15062a951210c61f0293c00792ff5e9532df2d,2026-05-01 18:52:48,0x02740d57bc78a12e62238ddd30fa9b30026fbac88920f08e91440ca4147485df,bitcoin-up-or-down-may-1-2026-11am-et
"Bitcoin Up or Down - May 1, 11AM ET",Down,BUY,5,0.27,0x846424ebfeb17f285c90f1c3ce15062a951210c61f0293c00792ff5e9532df2d,2026-05-01 18:52:48,0xa862a06c41c9b332d1d175dedb3f8e95044359df1c95ec6bc06ba01c6445a729,bitcoin-up-or-down-may-1-2026-11am-et
"Bitcoin Up or Down - May 1, 11AM ET",Down,BUY,5.17857,0.27999988413789906,0x846424ebfeb17f285c90f1c3ce15062a951210c61f0293c00792ff5e9532df2d,2026-05-01 18:52:46,0x3f4b59769e87ec4339a2ba63ddc4288c146c50670b47dbdfb758db9f0c0701e1,bitcoin-up-or-down-may-1-2026-11am-et
"Bitcoin Up or Down - May 1, 11AM ET",Down,BUY,8,0.28,0x846424ebfeb17f285c90f1c3ce15062a951210c61f0293c00792ff5e9532df2d,2026-05-01 18:52:46,0xeade9e30fb0099a2f319d6b6e2d32746159bf460feb2dca281441708e6f089dd,bitcoin-up-or-down-may-1-2026-11am-et
"Bitcoin Up or Down - May 1, 11AM ET",Down,BUY,10,0.28,0x846424ebfeb17f285c90f1c3ce15062a951210c61f0293c00792ff5e9532df2d,2026-05-01 18:52:46,0x9f2a1b3927d76ccb6bf8be5a4671449181d738fd81fe6fa78957f3aa75c70258,bitcoin-up-or-down-may-1-2026-11am-et
"Bitcoin Up or Down - May 1, 11AM ET",Down,BUY,10,0.28,0x846424ebfeb17f285c90f1c3ce15062a951210c61f0293c00792ff5e9532df2d,2026-05-01 18:52:46,0x5acbe29b40d5cf5c99cab108597145a58fb77fb989f3532e04d4599a1e09daf0,bitcoin-up-or-down-may-1-2026-11am-et
"Bitcoin Up or Down - May 1, 11AM ET",Down,BUY,5.197131,0.2789998943647947,0x846424ebfeb17f285c90f1c3ce15062a951210c61f0293c00792ff5e9532df2d,2026-05-01 18:52:46,0x100032c86a659c80bf389ea211fd46eaf69bfe5b48b20c08edc7d0fd3e407cc2,bitcoin-up-or-down-may-1-2026-11am-et
"Bitcoin Up or Down - May 1, 11AM ET",Down,BUY,42.72,0.27824906367041197,0x846424ebfeb17f285c90f1c3ce15062a951210c61f0293c00792ff5e9532df2d,2026-05-01 18:52:46,0xa1043feb93fcdf9de9255220bac3da2aba2c288844ef58311047b68f7591cdd7,bitcoin-up-or-down-may-1-2026-11am-et
"Bitcoin Up or Down - May 1, 11AM ET",Down,BUY,5.160141,0.2809998796544513,0x846424ebfeb17f285c90f1c3ce15062a951210c61f0293c00792ff5e9532df2d,2026-05-01 18:52:46,0x6fcb4ce2e726e0258bf659dd6230c4760c4348a70acd2b369ffa999da85716f7,bitcoin-up-or-down-may-1-2026-11am-et
"Bitcoin Up or Down - May 1, 11AM ET",Down,BUY,4,0.28,0x846424ebfeb17f285c90f1c3ce15062a951210c61f0293c00792ff5e9532df2d,2026-05-01 18:52:46,0x83e6df0f3ee77e1ddf3aa67db0db71d7d2aaa223873b4e7fa1bcff58020a1bd7,bitcoin-up-or-down-may-1-2026-11am-et
"Bitcoin Up or Down - May 1, 11AM ET",Down,BUY,10,0.28,0x846424ebfeb17f285c90f1c3ce15062a951210c61f0293c00792ff5e9532df2d,2026-05-01 18:52:46,0x68b9ebb0c461e018093149a50325b327f0baa63157f058b77a57a455bad01cdd,bitcoin-up-or-down-may-1-2026-11am-et
"Bitcoin Up or Down - May 1, 11AM ET",Down,BUY,5,0.28,0x846424ebfeb17f285c90f1c3ce15062a951210c61f0293c00792ff5e9532df2d,2026-05-01 18:52:46,0x6e26ef338815c8dce0366beca77f2549cb3702129898e1b0b42ce0716aad2e1e,bitcoin-up-or-down-may-1-2026-11am-et
"Bitcoin Up or Down - May 1, 11AM ET",Down,BUY,5,0.28,0x846424ebfeb17f285c90f1c3ce15062a951210c61f0293c00792ff5e9532df2d,2026-05-01 18:52:46,0x8306ef47a4d86746c57d59537d7e0b6ce592368e193578dd670f3c519db30998,bitcoin-up-or-down-may-1-2026-11am-et
"Bitcoin Up or Down - May 1, 11AM ET",Down,BUY,5.160141,0.2809998796544513,0x846424ebfeb17f285c90f1c3ce15062a951210c61f0293c00792ff5e9532df2d,2026-05-01 18:52:46,0x16892e99dc3c86dc0418feacadd58c4082a491d333cfa1d2856949609f537354,bitcoin-up-or-down-may-1-2026-11am-et
"Bitcoin Up or Down - May 1, 11AM ET",Down,BUY,5.160141,0.2809998796544513,0x846424ebfeb17f285c90f1c3ce15062a951210c61f0293c00792ff5e9532df2d,2026-05-01 18:52:46,0x373fbfaf73ecc0f72b4f06540c68ef5173d59e417f89902f7e35f0631b3847e3,bitcoin-up-or-down-may-1-2026-11am-et
"Bitcoin Up or Down - May 1, 11AM ET",Down,BUY,5.516013,0.28099988161739287,0x846424ebfeb17f285c90f1c3ce15062a951210c61f0293c00792ff5e9532df2d,2026-05-01 18:52:46,0x33e0a3bc4a72ad80577d26d3b216cc66404f0f1286e735c12b6763e2fc23817f,bitcoin-up-or-down-may-1-2026-11am-et
"Bitcoin Up or Down - May 1, 11AM ET",Down,BUY,5.272726,0.2749998767241082,0x846424ebfeb17f285c90f1c3ce15062a951210c61f0293c00792ff5e9532df2d,2026-05-01 18:52:46,0xda5a820710db218d9537626c9fe032a6b170d7f6f7606e7de534a600a106aa8d,bitcoin-up-or-down-may-1-2026-11am-et
"Bitcoin Up or Down - May 1, 11AM ET",Down,BUY,5.338077,0.2809998806686378,0x846424ebfeb17f285c90f1c3ce15062a951210c61f0293c00792ff5e9532df2d,2026-05-01 18:52:46,0x9d4de93f192c92497026a50e77d75485e938c3314b0997ed216392236a863da1,bitcoin-up-or-down-may-1-2026-11am-et
"Bitcoin Up or Down - May 1, 11AM ET",Down,BUY,5.160141,0.2809998796544513,0x846424ebfeb17f285c90f1c3ce15062a951210c61f0293c00792ff5e9532df2d,2026-05-01 18:52:46,0xca392864cf9d037758e9df75fffb8345f73e1fa236a8de8b49bea7d802ab076d,bitcoin-up-or-down-may-1-2026-11am-et
"Bitcoin Up or Down - May 1, 11AM ET",Down,BUY,5.160141,0.2809998796544513,0x846424ebfeb17f285c90f1c3ce15062a951210c61f0293c00792ff5e9532df2d,2026-05-01 18:52:46,0x9c4747ff4d651b34bfe90aba2785e030cf1f43ed2e9d1a73d44eb75ac8262c49,bitcoin-up-or-down-may-1-2026-11am-et
"Bitcoin Up or Down - May 1, 11AM ET",Down,BUY,10.320283,0.28099994932309513,0x846424ebfeb17f285c90f1c3ce15062a951210c61f0293c00792ff5e9532df2d,2026-05-01 18:52:46,0x08e39aa9378ceaa66e18637dba3ba33b5a9b94222a0b3ad90b036000793bcae1,bitcoin-up-or-down-may-1-2026-11am-et
"Bitcoin Up or Down - May 1, 11:45AM-12:00PM ET",Up,BUY,131.02,0.08,0x4b9858b4a7fc394196cb3280bb1a00870aab5193a06bdad8d7fd2ed8009e62d1,2026-05-01 18:52:46,0xc762a4aba3b6a152f0c2d13f1191e96710f3f86872e8c68c4244ded9403e6a0e,btc-updown-15m-1777650300
"Bitcoin Up or Down - May 1, 11AM ET",Down,BUY,10.408946,0.37467760904898534,0x846424ebfeb17f285c90f1c3ce15062a951210c61f0293c00792ff5e9532df2d,2026-05-01 18:52:44,0x4d26133e9c129cb8a6859669945fad3acb5bf65a48bac4d1ab05b718669dd135,bitcoin-up-or-down-may-1-2026-11am-et
"Bitcoin Up or Down - May 1, 11AM ET",Down,BUY,10.263156,0.37999997271794367,0x846424ebfeb17f285c90f1c3ce15062a951210c61f0293c00792ff5e9532df2d,2026-05-01 18:52:44,0x6d899f34d9cf44eb8048fd0a21d7bc3832cc1ab672423e42da67b15adda550df,bitcoin-up-or-down-may-1-2026-11am-et
"Bitcoin Up or Down - May 1, 11AM ET",Down,BUY,5.157592,0.3489998821155299,0x846424ebfeb17f285c90f1c3ce15062a951210c61f0293c00792ff5e9532df2d,2026-05-01 18:52:44,0x1fcc904c1c68aff351272545ef50f85433b905699f0144f111e260cce21faef6,bitcoin-up-or-down-may-1-2026-11am-et
"Bitcoin Up or Down - May 1, 11AM ET",Down,BUY,5.142856,0.3499998833333074,0x846424ebfeb17f285c90f1c3ce15062a951210c61f0293c00792ff5e9532df2d,2026-05-01 18:52:44,0xc2ffd8ce2e72cbacc53bd6c60ef5517f8fc11bac000904dbb8ab70a442990329,bitcoin-up-or-down-may-1-2026-11am-et
"Bitcoin Up or Down - May 1, 11AM ET",Down,BUY,5.300858,0.34899991661727214,0x846424ebfeb17f285c90f1c3ce15062a951210c61f0293c00792ff5e9532df2d,2026-05-01 18:52:44,0x816127860248b07444e4a646b49a7fb4c5fa4a307885f7f84e13d171906aa72f,bitcoin-up-or-down-may-1-2026-11am-et
"Bitcoin Up or Down - May 1, 11AM ET",Down,BUY,5.300858,0.34899991661727214,0x846424ebfeb17f285c90f1c3ce15062a951210c61f0293c00792ff5e9532df2d,2026-05-01 18:52:44,0x6045cc79027be654be5aaa62130884d16b7025552d10d65058884d30a732585c,bitcoin-up-or-down-may-1-2026-11am-et
"Bitcoin Up or Down - May 1, 11AM ET",Down,BUY,5.300858,0.34899991661727214,0x846424ebfeb17f285c90f1c3ce15062a951210c61f0293c00792ff5e9532df2d,2026-05-01 18:52:44,0xb94e38d64cc171371323fd9551ab48cd621c4e3d2542a30a9585ed0c7b525ceb,bitcoin-up-or-down-may-1-2026-11am-et
"Bitcoin Up or Down - May 1, 11AM ET",Down,BUY,5.300858,0.34899991661727214,0x846424ebfeb17f285c90f1c3ce15062a951210c61f0293c00792ff5e9532df2d,2026-05-01 18:52:44,0x922cece1c667b87ee7c1126c3d7fdc497b617bd03151c75f3083671cf6409284,bitcoin-up-or-down-may-1-2026-11am-et
"Bitcoin Up or Down - May 1, 11AM ET",Down,BUY,5.300858,0.34899991661727214,0x846424ebfeb17f285c90f1c3ce15062a951210c61f0293c00792ff5e9532df2d,2026-05-01 18:52:44,0x29467900b25546e22d84309db4c51a17265878bfbbcc2858da03333b2a36e329,bitcoin-up-or-down-may-1-2026-11am-et
"Bitcoin Up or Down - May 1, 11AM ET",Down,BUY,5.156256,0.3490903089373375,0x846424ebfeb17f285c90f1c3ce15062a951210c61f0293c00792ff5e9532df2d,2026-05-01 18:52:44,0x49230ab3ffdc952cd836fdaaa62b55f65b75bbd2fa82b5b63d7783248888db13,bitcoin-up-or-down-may-1-2026-11am-et
"Bitcoin Up or Down - May 1, 11AM ET",Down,BUY,5.128204,0.3509998822199741,0x846424ebfeb17f285c90f1c3ce15062a951210c61f0293c00792ff5e9532df2d,2026-05-01 18:52:44,0xa6acc8558fb25b8e87cf921fa2fd01961520a31e6f6973eb5c6a1a07799f5198,bitcoin-up-or-down-may-1-2026-11am-et
"Bitcoin Up or Down - May 1, 11:45AM-12:00PM ET",Up,BUY,14.87,0.07,0x4b9858b4a7fc394196cb3280bb1a00870aab5193a06bdad8d7fd2ed8009e62d1,2026-05-01 18:52:44,0x6e8cc8952b16af9a9f7eef97a66e4e3ac12a04c1dc49ce0e22193c82a7cd471b,btc-updown-15m-1777650300
"Bitcoin Up or Down - May 1, 11:50AM-11:55AM ET",Up,BUY,100,0.02,0xbbb97e538055fcc9e2f2656edee2c16ce9d1918c99601d49ed60134cac420322,2026-05-01 18:52:44,0x0e87f72c75db15edfaab64d9a1272c7c01b57d76a9bbbe964477129ea3ca3fb5,btc-updown-5m-1777650600
"Bitcoin Up or Down - May 1, 11:50AM-11:55AM ET",Up,BUY,150,0.02,0xbbb97e538055fcc9e2f2656edee2c16ce9d1918c99601d49ed60134cac420322,2026-05-01 18:52:44,0x0bd6ac13be6f4fcd3176c2f0349c99a435b3c3483a9570eb833fa491465394bf,btc-updown-5m-1777650600
"Bitcoin Up or Down - May 1, 11AM ET",Down,BUY,10.263156,0.37999997271794367,0x846424ebfeb17f285c90f1c3ce15062a951210c61f0293c00792ff5e9532df2d,2026-05-01 18:52:44,0x1b631652c620c274cdf5ab85e4d25735927c6bca00f882ad684d5895eb800f71,bitcoin-up-or-down-may-1-2026-11am-et
"Bitcoin Up or Down - May 1, 11AM ET",Down,BUY,10.263156,0.37999997271794367,0x846424ebfeb17f285c90f1c3ce15062a951210c61f0293c00792ff5e9532df2d,2026-05-01 18:52:44,0x2c4433bfbb199e77da4ef9bcb695e5c3d696b32f2ba32aa211ecb2d702299b3c,bitcoin-up-or-down-may-1-2026-11am-et
"Bitcoin Up or Down - May 1, 11AM ET",Down,BUY,10.263156,0.37999997271794367,0x846424ebfeb17f285c90f1c3ce15062a951210c61f0293c00792ff5e9532df2d,2026-05-01 18:52:44,0x37493bddfabcd82838da674cca35157e37643a3dc2c02f15170ed7ceecc02131,bitcoin-up-or-down-may-1-2026-11am-et
"Bitcoin Up or Down - May 1, 11:45AM-12:00PM ET",Up,BUY,180.93,0.05,0x4b9858b4a7fc394196cb3280bb1a00870aab5193a06bdad8d7fd2ed8009e62d1,2026-05-01 18:52:44,0x70e0c1fc1c528af957bea647881d028b890e56a84f3c9680b7c9136346a481e5,btc-updown-15m-1777650300
"Bitcoin Up or Down - May 1, 11AM ET",Down,BUY,200,0.38,0x846424ebfeb17f285c90f1c3ce15062a951210c61f0293c00792ff5e9532df2d,2026-05-01 18:52:44,0x1ea7b0cdfc08151af16b3ba5d2128a6eb59a0d55bd3e5e3a88667ccbd7ca6689,bitcoin-up-or-down-may-1-2026-11am-et
"Bitcoin Up or Down - May 1, 11AM ET",Down,BUY,20.526314,0.37999998441025507,0x846424ebfeb17f285c90f1c3ce15062a951210c61f0293c00792ff5e9532df2d,2026-05-01 18:52:44,0x02d8f4a61a5f82a12078c6f20b5d8acc7c883a8b8066ea972f01dd17f5fcf5d0,bitcoin-up-or-down-may-1-2026-11am-et
"Bitcoin Up or Down - May 1, 11AM ET",Down,BUY,5.128204,0.3509998822199741,0x846424ebfeb17f285c90f1c3ce15062a951210c61f0293c00792ff5e9532df2d,2026-05-01 18:52:42,0xfcde517e28267d75cbcb7b4c40e8029e1bb7ba092b8dccd6591399055127ab3c,bitcoin-up-or-down-may-1-2026-11am-et
"Bitcoin Up or Down - May 1, 11AM ET",Down,BUY,5.128204,0.3509998822199741,0x846424ebfeb17f285c90f1c3ce15062a951210c61f0293c00792ff5e9532df2d,2026-05-01 18:52:42,0xf6229be53529bf730f563e5ebf5f756f0381ec9e784cba6dd51bfe63b8882d52,bitcoin-up-or-down-may-1-2026-11am-et
"Bitcoin Up or Down - May 1, 11AM ET",Down,BUY,5.128204,0.3509998822199741,0x846424ebfeb17f285c90f1c3ce15062a951210c61f0293c00792ff5e9532df2d,2026-05-01 18:52:42,0x34cec1bbbdab56c9b477144681bcee1d57007655ac30bd0f91d96ad1965b47e8,bitcoin-up-or-down-may-1-2026-11am-et
"Bitcoin Up or Down - May 1, 11AM ET",Down,BUY,5.097767,0.3530955808690354,0x846424ebfeb17f285c90f1c3ce15062a951210c61f0293c00792ff5e9532df2d,2026-05-01 18:52:42,0x41306336a4b5654d0a05b3eeadd8644ccc5441b4a83921dda0fa646085daaede,bitcoin-up-or-down-may-1-2026-11am-et
"Bitcoin Up or Down - May 1, 11AM ET",Down,BUY,5.128204,0.3509998822199741,0x846424ebfeb17f285c90f1c3ce15062a951210c61f0293c00792ff5e9532df2d,2026-05-01 18:52:42,0xedd84af7419bcef93aef4fa9a1804ded6f952bf446ea646a268bd424c7931dcd,bitcoin-up-or-down-may-1-2026-11am-et
"Bitcoin Up or Down - May 1, 11AM ET",Down,BUY,5.112548,0.35207473846700316,0x846424ebfeb17f285c90f1c3ce15062a951210c61f0293c00792ff5e9532df2d,2026-05-01 18:52:42,0x1404c2aeb75a551f571b942285bc31cd946ee7949eba47618dfa4b48044373dc,bitcoin-up-or-down-may-1-2026-11am-et
"Bitcoin Up or Down - May 1, 11AM ET",Down,BUY,5.269885,0.3510511140186171,0x846424ebfeb17f285c90f1c3ce15062a951210c61f0293c00792ff5e9532df2d,2026-05-01 18:52:42,0xba315baa919dcbb04cf667e60fb29ca4db1e4ac9505ffb053472c8ed26ffabd6,bitcoin-up-or-down-may-1-2026-11am-et
"Bitcoin Up or Down - May 1, 11AM ET",Down,BUY,5.023922,0.4179999211771202,0x846424ebfeb17f285c90f1c3ce15062a951210c61f0293c00792ff5e9532df2d,2026-05-01 18:52:40,0x0ae3c698150ad797af5ffc8ae45fa238e9b34e6ecb55cb499150d45021c54f61,bitcoin-up-or-down-may-1-2026-11am-et
"Bitcoin Up or Down - May 1, 11AM ET",Down,BUY,5.071941,0.414042474074521,0x846424ebfeb17f285c90f1c3ce15062a951210c61f0293c00792ff5e9532df2d,2026-05-01 18:52:40,0xa5d182ae8f222557af54b1f5ca15143d575cbd7688079b9e3ff3053fd973c024,bitcoin-up-or-down-may-1-2026-11am-et
"Bitcoin Up or Down - May 1, 11:45AM-12:00PM ET",Up,BUY,204,0.049019607843137254,0x4b9858b4a7fc394196cb3280bb1a00870aab5193a06bdad8d7fd2ed8009e62d1,2026-05-01 18:52:40,0xa117f58856257bc419005b8f19ac34704f4d7b7e5683213e22d9cc5d849c07e0,btc-updown-15m-1777650300
"Bitcoin Up or Down - May 1, 11:45AM-12:00PM ET",Up,BUY,200,0.04,0x4b9858b4a7fc394196cb3280bb1a00870aab5193a06bdad8d7fd2ed8009e62d1,2026-05-01 18:52:40,0x41864ee6439fe5d4c3d45705757e3ff61860261fd7b30961effb017c792d9bb3,btc-updown-15m-1777650300
"Bitcoin Up or Down - May 1, 11AM ET",Down,BUY,10.10712,0.4056545286886868,0x846424ebfeb17f285c90f1c3ce15062a951210c61f0293c00792ff5e9532df2d,2026-05-01 18:52:40,0x06f02c25ca50eb7503b579aa42a935b920e289030442e71bf925f33b0b87dfda,bitcoin-up-or-down-may-1-2026-11am-et
"Bitcoin Up or Down - May 1, 11AM ET",Down,BUY,13,0.41,0x846424ebfeb17f285c90f1c3ce15062a951210c61f0293c00792ff5e9532df2d,2026-05-01 18:52:40,0xe5e2294bbead435d54cf57eff844170a23702fa103eb22cb1a2fb120f4335585,bitcoin-up-or-down-may-1-2026-11am-et
"Bitcoin Up or Down - May 1, 11AM ET",Down,BUY,10,0.41,0x846424ebfeb17f285c90f1c3ce15062a951210c61f0293c00792ff5e9532df2d,2026-05-01 18:52:40,0xd89f596b1bc078f67e985555fea9d36cdc7d9bfc2eefbe9562f296f4853eeae2,bitcoin-up-or-down-may-1-2026-11am-et
"Bitcoin Up or Down - May 1, 11AM ET",Down,BUY,5.112218,0.40099991823509873,0x846424ebfeb17f285c90f1c3ce15062a951210c61f0293c00792ff5e9532df2d,2026-05-01 18:52:40,0x82af0387117a5b9209bffd53be1632c2fac80e376200e4d639d1187d18df1f52,bitcoin-up-or-down-may-1-2026-11am-et
"Bitcoin Up or Down - May 1, 11AM ET",Down,BUY,5.048075,0.4159999603809373,0x846424ebfeb17f285c90f1c3ce15062a951210c61f0293c00792ff5e9532df2d,2026-05-01 18:52:40,0xace733ea06463c6a632b60c6a496cd7059773017029bdf622b208be1b3b386b1,bitcoin-up-or-down-may-1-2026-11am-et
"Bitcoin Up or Down - May 1, 11AM ET",Down,BUY,5,0.41,0x846424ebfeb17f285c90f1c3ce15062a951210c61f0293c00792ff5e9532df2d,2026-05-01 18:52:40,0x3fd7842b93cd5c21395a147609506c62d0b293a4e08d672d1b00302085fc9414,bitcoin-up-or-down-may-1-2026-11am-et
"Bitcoin Up or Down - May 1, 11AM ET",Down,BUY,15.535538,0.4151770604918864,0x846424ebfeb17f285c90f1c3ce15062a951210c61f0293c00792ff5e9532df2d,2026-05-01 18:52:40,0x67886449f4f6cb09f80d449ae70d180b65e14822097c68e1e2a4f62b14c98035,bitcoin-up-or-down-may-1-2026-11am-et
"Bitcoin Up or Down - May 1, 11AM ET",Down,BUY,5.217601,0.41206658002403784,0x846424ebfeb17f285c90f1c3ce15062a951210c61f0293c00792ff5e9532df2d,2026-05-01 18:52:40,0x1d83f72f91bbd80368eac6742d3557abe60218276f63c713c14f8f199ecc5281,bitcoin-up-or-down-may-1-2026-11am-et
"Bitcoin Up or Down - May 1, 11AM ET",Down,BUY,15.107912,0.416999979878093,0x846424ebfeb17f285c90f1c3ce15062a951210c61f0293c00792ff5e9532df2d,2026-05-01 18:52:40,0x255cdf1000e79767b18f58bdf478efec78afb8e4d63fe6a442289d3e07dd708e,bitcoin-up-or-down-may-1-2026-11am-et
"Bitcoin Up or Down - May 1, 11AM ET",Down,BUY,5.072114,0.4140283518864126,0x846424ebfeb17f285c90f1c3ce15062a951210c61f0293c00792ff5e9532df2d,2026-05-01 18:52:40,0x48590f75b165a6fe334795538bded10589e60fa5333da163ae22f0a6501df388,bitcoin-up-or-down-may-1-2026-11am-et
"Bitcoin Up or Down - May 1, 11AM ET",Down,BUY,15.143883,0.41600948713087654,0x846424ebfeb17f285c90f1c3ce15062a951210c61f0293c00792ff5e9532df2d,2026-05-01 18:52:40,0x1290ec05fe4d6052b07c73374c49147ea075157bd6848d9aff05952a1a8e516b,bitcoin-up-or-down-may-1-2026-11am-et
"Bitcoin Up or Down - May 1, 11AM ET",Down,BUY,5.059902,0.4150276033014078,0x846424ebfeb17f285c90f1c3ce15062a951210c61f0293c00792ff5e9532df2d,2026-05-01 18:52:40,0x9b82efb7693d28a4087caacd7413f6b8cce74c9ef34efa7b98aab65e08c885fc,bitcoin-up-or-down-may-1-2026-11am-et
"Bitcoin Up or Down - May 1, 11AM ET",Down,BUY,5.072288,0.41401414903885586,0x846424ebfeb17f285c90f1c3ce15062a951210c61f0293c00792ff5e9532df2d,2026-05-01 18:52:40,0x6127815d79c8ed2e54c48b84b8099a784008668fdc435bc17ffc2f491d2c7619,bitcoin-up-or-down-may-1-2026-11am-et
"Bitcoin Up or Down - May 1, 11AM ET",Down,BUY,15.834931,0.5209999967792723,0x846424ebfeb17f285c90f1c3ce15062a951210c61f0293c00792ff5e9532df2d,2026-05-01 18:52:38,0x44edb42ad68e4f1cda8fbc2af65474e767c74b56241084ab913dd25e80fdea70,bitcoin-up-or-down-may-1-2026-11am-et
"Bitcoin Up or Down - May 1, 11AM ET",Down,BUY,10.29641,0.41762119029836614,0x846424ebfeb17f285c90f1c3ce15062a951210c61f0293c00792ff5e9532df2d,2026-05-01 18:52:38,0x9bd8165dc77fa355dda88ff71656323365fac21b90c9d420a1b4c6942f88c94d,bitcoin-up-or-down-may-1-2026-11am-et
"Bitcoin Up or Down - May 1, 11AM ET",Down,BUY,5.204467,0.41310647180585447,0x846424ebfeb17f285c90f1c3ce15062a951210c61f0293c00792ff5e9532df2d,2026-05-01 18:52:38,0x530a48af0e9bd385458574eb6336c26d25cdabf4554b97dfb571ad16894dc46a,bitcoin-up-or-down-may-1-2026-11am-et
"Bitcoin Up or Down - May 1, 11AM ET",Down,BUY,5.121358,0.410047296049212,0x846424ebfeb17f285c90f1c3ce15062a951210c61f0293c00792ff5e9532df2d,2026-05-01 18:52:38,0x188a2c55c14f87e9dad2de8178cd2a57061389a8992075cbffa070c4e0a34f61,bitcoin-up-or-down-may-1-2026-11am-et
"Bitcoin Up or Down - May 1, 11AM ET",Down,BUY,3.03,0.43,0x846424ebfeb17f285c90f1c3ce15062a951210c61f0293c00792ff5e9532df2d,2026-05-01 18:52:38,0x3ace1e8384366532bb484ed47fab87420badf91301394bd38f95af4d58e55c76,bitcoin-up-or-down-may-1-2026-11am-et
"Bitcoin Up or Down - May 1, 11AM ET",Down,BUY,109.01,0.4244194110632052,0x846424ebfeb17f285c90f1c3ce15062a951210c61f0293c00792ff5e9532df2d,2026-05-01 18:52:38,0x16d881d5487b766dcea05d5a661a7206a24097dedc2298d8b43549cc274768b0,bitcoin-up-or-down-may-1-2026-11am-et
"Bitcoin Up or Down - May 1, 11AM ET",Down,BUY,10.360407,0.4150415133305091,0x846424ebfeb17f285c90f1c3ce15062a951210c61f0293c00792ff5e9532df2d,2026-05-01 18:52:38,0xae171f62769f7dd01f85091978049f21d1b41143c7f30a0d320d97ac4a4203ae,bitcoin-up-or-down-may-1-2026-11am-et
"Bitcoin Up or Down - May 1, 11AM ET",Down,BUY,10.476189,0.4199999637272676,0x846424ebfeb17f285c90f1c3ce15062a951210c61f0293c00792ff5e9532df2d,2026-05-01 18:52:38,0x99017867915a9f0d190c590905f950e80f9ba690a45a45b6a88bc1feaa184edf,bitcoin-up-or-down-may-1-2026-11am-et
"Bitcoin Up or Down - May 1, 11AM ET",Down,BUY,10,0.43,0x846424ebfeb17f285c90f1c3ce15062a951210c61f0293c00792ff5e9532df2d,2026-05-01 18:52:38,0xa88fc7e7d22159e32d45f68431adf9f301adecff74677804a9449a3840ad723b,bitcoin-up-or-down-may-1-2026-11am-et
"Bitcoin Up or Down - May 1, 11AM ET",Down,BUY,5,0.425,0x846424ebfeb17f285c90f1c3ce15062a951210c61f0293c00792ff5e9532df2d,2026-05-01 18:52:38,0xbef099ecf3c944587787a7f323bfe3f03607c167842b7789762ac5a7ff7d89d2,bitcoin-up-or-down-may-1-2026-11am-et
"Bitcoin Up or Down - May 1, 11AM ET",Down,BUY,5.060239,0.414999963440462,0x846424ebfeb17f285c90f1c3ce15062a951210c61f0293c00792ff5e9532df2d,2026-05-01 18:52:38,0x597a85fd6f332f413a4b5ba703c352c0aec2f0e70e46a87fba473a31f2f3d06f,bitcoin-up-or-down-may-1-2026-11am-et
"Bitcoin Up or Down - May 1, 11AM ET",Down,BUY,10.507379,0.4187532399849668,0x846424ebfeb17f285c90f1c3ce15062a951210c61f0293c00792ff5e9532df2d,2026-05-01 18:52:38,0x22562140ccdc788583df129ea359f44895677c1f4f8497f631eea0186dadc291,bitcoin-up-or-down-may-1-2026-11am-et
"Bitcoin Up or Down - May 1, 11AM ET",Down,BUY,10.511903,0.41857302145957775,0x846424ebfeb17f285c90f1c3ce15062a951210c61f0293c00792ff5e9532df2d,2026-05-01 18:52:38,0x0c8373db33dd5328e1460813b1b62c2b5d5243fc462cfc308b74478aa94cee1a,bitcoin-up-or-down-may-1-2026-11am-et
"Bitcoin Up or Down - May 1, 11AM ET",Down,BUY,10.560381,0.41665153937154353,0x846424ebfeb17f285c90f1c3ce15062a951210c61f0293c00792ff5e9532df2d,2026-05-01 18:52:38,0xa8df47ddf0a62472343f3b07aa20ee2fbf9b0d46dd5eb7539bc57e35aedfeea7,bitcoin-up-or-down-may-1-2026-11am-et
"Bitcoin Up or Down - May 1, 11AM ET",Down,BUY,10.476189,0.4199999637272676,0x846424ebfeb17f285c90f1c3ce15062a951210c61f0293c00792ff5e9532df2d,2026-05-01 18:52:38,0x848a69a6798e39456a2421ebaf6d796e115b49ab958d1844f8d3b61ef8a371f0,bitcoin-up-or-down-may-1-2026-11am-et
"Bitcoin Up or Down - May 1, 11AM ET",Down,BUY,5.172412,0.43499995746665193,0x846424ebfeb17f285c90f1c3ce15062a951210c61f0293c00792ff5e9532df2d,2026-05-01 18:52:38,0xef08e746a30f419ad4e171d3983a076683d87426f9902239d9c0c9e8df3d25f5,bitcoin-up-or-down-may-1-2026-11am-et
"Bitcoin Up or Down - May 1, 11AM ET",Down,BUY,10.372595,0.41455383151467884,0x846424ebfeb17f285c90f1c3ce15062a951210c61f0293c00792ff5e9532df2d,2026-05-01 18:52:38,0xd349ed6517c276c5d9a1fbaf9cd9c0af041f9e211a1509d8d9f36ab6522453f9,bitcoin-up-or-down-may-1-2026-11am-et
"Bitcoin Up or Down - May 1, 11AM ET",Down,BUY,5.340908,0.439999902638278,0x846424ebfeb17f285c90f1c3ce15062a951210c61f0293c00792ff5e9532df2d,2026-05-01 18:52:38,0x3fe72a26ed27d1a6b85a0c6099b1af3cfef14a3885d93331da6ab35afd0eacc8,bitcoin-up-or-down-may-1-2026-11am-et
"Bitcoin Up or Down - May 1, 11AM ET",Down,BUY,5.227271,0.43999995408694137,0x846424ebfeb17f285c90f1c3ce15062a951210c61f0293c00792ff5e9532df2d,2026-05-01 18:52:38,0x301a8fd55bc4b15096c613e4ea6aa7b5c278d6a5a5814e74155605fc86ba3f23,bitcoin-up-or-down-may-1-2026-11am-et
"Bitcoin Up or Down - May 1, 11AM ET",Down,BUY,5.113635,0.43999992177775693,0x846424ebfeb17f285c90f1c3ce15062a951210c61f0293c00792ff5e9532df2d,2026-05-01 18:52:38,0x3d7d3807f3d2fbdba110faaa629780afbe5cc50e9d9527a697bbc4838d6349ec,bitcoin-up-or-down-may-1-2026-11am-et
"Bitcoin Up or Down - May 1, 11AM ET",Down,BUY,5.344826,0.42096767977105337,0x846424ebfeb17f285c90f1c3ce15062a951210c61f0293c00792ff5e9532df2d,2026-05-01 18:52:38,0x36ab6a486c0bc96eadc39f35d14491f78990d56ec9a3e3390b113236c7f2d34e,bitcoin-up-or-down-may-1-2026-11am-et
"Bitcoin Up or Down - May 1, 11AM ET",Down,BUY,5.172412,0.43499995746665193,0x846424ebfeb17f285c90f1c3ce15062a951210c61f0293c00792ff5e9532df2d,2026-05-01 18:52:38,0x2b68ecc5345b208ebfe1a693352fd1506b638ba60ef89dba24a2aa90cbe05c04,bitcoin-up-or-down-may-1-2026-11am-et
"Bitcoin Up or Down - May 1, 11AM ET",Down,BUY,5.05747,0.434999911022705,0x846424ebfeb17f285c90f1c3ce15062a951210c61f0293c00792ff5e9532df2d,2026-05-01 18:52:38,0xc8f87422763c40f8f8992c742d59364e85393705c4e820baab3804d757fbba12,bitcoin-up-or-down-may-1-2026-11am-et
"Bitcoin Up or Down - May 1, 11AM ET",Down,BUY,5.069123,0.433999924641797,0x846424ebfeb17f285c90f1c3ce15062a951210c61f0293c00792ff5e9532df2d,2026-05-01 18:52:38,0xc77c8de0a3cee6ee3eee4e292fc81776adb7a9df348e1db5bded3ba364209531,bitcoin-up-or-down-may-1-2026-11am-et
"Bitcoin Up or Down - May 1, 11AM ET",Down,BUY,5.05747,0.434999911022705,0x846424ebfeb17f285c90f1c3ce15062a951210c61f0293c00792ff5e9532df2d,2026-05-01 18:52:38,0xed417a68e3bb1851ee293b56354f7ba31df863591111d0370c0ec15db6cc9d38,bitcoin-up-or-down-may-1-2026-11am-et
"Bitcoin Up or Down - May 1, 11AM ET",Down,BUY,5.05747,0.434999911022705,0x846424ebfeb17f285c90f1c3ce15062a951210c61f0293c00792ff5e9532df2d,2026-05-01 18:52:38,0xf36b8167ea41f28bdf589c12300d8ce1c24c1d706e16c0e3155a4bc459941d57,bitcoin-up-or-down-may-1-2026-11am-et
"Bitcoin Up or Down - May 1, 11AM ET",Down,BUY,5.18433,0.4339999575644297,0x846424ebfeb17f285c90f1c3ce15062a951210c61f0293c00792ff5e9532df2d,2026-05-01 18:52:38,0xd34b69f03175223b9c9cda0bf669fe80659b5c65f1c1078a76ba44e2a1f9e7b0,bitcoin-up-or-down-may-1-2026-11am-et
"Bitcoin Up or Down - May 1, 11AM ET",Down,BUY,5.172412,0.43499995746665193,0x846424ebfeb17f285c90f1c3ce15062a951210c61f0293c00792ff5e9532df2d,2026-05-01 18:52:38,0x5186a104f67ac4fde2802e70c4e7b09c49c5918834366b3bb06aeaf8d1b37acd,bitcoin-up-or-down-may-1-2026-11am-et
"Bitcoin Up or Down - May 1, 11AM ET",Down,BUY,5,0.44,0x846424ebfeb17f285c90f1c3ce15062a951210c61f0293c00792ff5e9532df2d,2026-05-01 18:52:38,0x41210946cf1b13a21107a9271b55274aca0f08f94ee98d2a8014dc060bced0e2,bitcoin-up-or-down-may-1-2026-11am-et
"Bitcoin Up or Down - May 1, 11AM ET",Down,BUY,5.315274,0.5267835675075264,0x846424ebfeb17f285c90f1c3ce15062a951210c61f0293c00792ff5e9532df2d,2026-05-01 18:52:38,0x7c2714fe8feec95d79c6aab3dc7623e5a5a25a7dbe534991a09cc51a29e4479d,bitcoin-up-or-down-may-1-2026-11am-et
"Bitcoin Up or Down - May 1, 11AM ET",Down,BUY,21.781101,0.5233894742051837,0x846424ebfeb17f285c90f1c3ce15062a951210c61f0293c00792ff5e9532df2d,2026-05-01 18:52:38,0x81c67d6119d7a739b708114f46b8ca105c44b535a7a4ccda4cbbe175daf03459,bitcoin-up-or-down-may-1-2026-11am-et
"Bitcoin Up or Down - May 1, 11:50AM-11:55AM ET",Up,BUY,100,0.02,0xbbb97e538055fcc9e2f2656edee2c16ce9d1918c99601d49ed60134cac420322,2026-05-01 18:52:38,0x3fa4c38bcb3c526b55a4ce1a8d73cf65093d594e16d113943ac5012f57b1bb81,btc-updown-5m-1777650600
"Bitcoin Up or Down - May 1, 11AM ET",Down,BUY,166.083961,0.5298524822634739,0x846424ebfeb17f285c90f1c3ce15062a951210c61f0293c00792ff5e9532df2d,2026-05-01 18:52:38,0x96313964223223325f0d498d4fd012eec3c5dc66bfd93b657ecaaecb16bdd410,bitcoin-up-or-down-may-1-2026-11am-et
"Bitcoin Up or Down - May 1, 11AM ET",Down,BUY,5.500981,0.5089999401924856,0x846424ebfeb17f285c90f1c3ce15062a951210c61f0293c00792ff5e9532df2d,2026-05-01 18:52:38,0xa9fc0e23c5ec9e766ede49714824d79c90d34b0de1f8263444f85c95324e6eb4,bitcoin-up-or-down-may-1-2026-11am-et
"Bitcoin Up or Down - May 1, 11AM ET",Down,BUY,5.58648,0.5012098852944967,0x846424ebfeb17f285c90f1c3ce15062a951210c61f0293c00792ff5e9532df2d,2026-05-01 18:52:38,0x3078434e853fe2e8df95768bf94af9318b76ad5ebacd85171a1bb5fb04fbc49f,bitcoin-up-or-down-may-1-2026-11am-et
"Bitcoin Up or Down - May 1, 11AM ET",Down,BUY,10.018212,0.5489999612705341,0x846424ebfeb17f285c90f1c3ce15062a951210c61f0293c00792ff5e9532df2d,2026-05-01 18:52:38,0xb448a773757c0f3c037d7f051927210687700fa95b89774ead4293c4d25b5e41,bitcoin-up-or-down-may-1-2026-11am-et
"Bitcoin Up or Down - May 1, 11AM ET",Down,BUY,5.671935,0.5024738471086146,0x846424ebfeb17f285c90f1c3ce15062a951210c61f0293c00792ff5e9532df2d,2026-05-01 18:52:38,0xfc1c7f5ec7bc45a619a0545acea47a35b81fdac231d6e871c8ac253ca26debd2,bitcoin-up-or-down-may-1-2026-11am-et
"Bitcoin Up or Down - May 1, 11AM ET",Down,BUY,5.072167,0.5520319027350638,0x846424ebfeb17f285c90f1c3ce15062a951210c61f0293c00792ff5e9532df2d,2026-05-01 18:52:36,0x64f5cca0c5ee588dbe049d808c852b78bec55770d265ac044d81374aca149add,bitcoin-up-or-down-may-1-2026-11am-et
"Bitcoin Up or Down - May 1, 11AM ET",Down,BUY,15.566036,0.5299999948606055,0x846424ebfeb17f285c90f1c3ce15062a951210c61f0293c00792ff5e9532df2d,2026-05-01 18:52:36,0x9a111c623e57f6f761b1c79e65322e50926ab52453571454d64bfef0e16e2c01,bitcoin-up-or-down-may-1-2026-11am-et
"Bitcoin Up or Down - May 1, 11AM ET",Down,BUY,10.715647,0.5226001752390687,0x846424ebfeb17f285c90f1c3ce15062a951210c61f0293c00792ff5e9532df2d,2026-05-01 18:52:36,0x52bb861653944dfd8ea8d969043741d95a6695d5b494c1f45e2591d12456fdd4,bitcoin-up-or-down-may-1-2026-11am-et
"Bitcoin Up or Down - May 1, 11AM ET",Down,BUY,15.566036,0.5299999948606055,0x846424ebfeb17f285c90f1c3ce15062a951210c61f0293c00792ff5e9532df2d,2026-05-01 18:52:36,0xfb614ea13a5eff68f0ace2f7d57d2e7e3b31418b30cacb0b3fee18ba70f2b3f9,bitcoin-up-or-down-may-1-2026-11am-et
"Bitcoin Up or Down - May 1, 11AM ET",Down,BUY,15.027321,0.5489999847610895,0x846424ebfeb17f285c90f1c3ce15062a951210c61f0293c00792ff5e9532df2d,2026-05-01 18:52:36,0x81922adba410d54bb21e2579fb8adc723f9ed4313f2a70bb752488ee57c0ab5d,bitcoin-up-or-down-may-1-2026-11am-et
"Bitcoin Up or Down - May 1, 11AM ET",Down,BUY,10.027321,0.5485013394903784,0x846424ebfeb17f285c90f1c3ce15062a951210c61f0293c00792ff5e9532df2d,2026-05-01 18:52:36,0xe2f4fe1b1b7adb6dbfeb0b9efa7b90c33e76d84739fdeed355cd22874120ff20,bitcoin-up-or-down-may-1-2026-11am-et
"Bitcoin Up or Down - May 1, 11AM ET",Down,BUY,10.053857,0.5569999652869541,0x846424ebfeb17f285c90f1c3ce15062a951210c61f0293c00792ff5e9532df2d,2026-05-01 18:52:36,0xced5caef36830dbedfdd3fbbf7844b6475a4e8039d2e227cb4b4a34f601dcf6b,bitcoin-up-or-down-may-1-2026-11am-et
"Bitcoin Up or Down - May 1, 11AM ET",Down,BUY,5,0.56,0x846424ebfeb17f285c90f1c3ce15062a951210c61f0293c00792ff5e9532df2d,2026-05-01 18:52:36,0x4ddf41f2edf10df0c4a99e972b8243c50d9fee5c1c7a0169b8ea19693af944ad,bitcoin-up-or-down-may-1-2026-11am-et
"Bitcoin Up or Down - May 1, 11AM ET",Down,BUY,5.08152,0.5510160345723327,0x846424ebfeb17f285c90f1c3ce15062a951210c61f0293c00792ff5e9532df2d,2026-05-01 18:52:36,0x0865acf1d2145e4d49e99946fa6c16e7161633562e0b0c77a303f047a2c85787,bitcoin-up-or-down-may-1-2026-11am-et
"Bitcoin Up or Down - May 1, 11AM ET",Down,BUY,0.99,0.55,0x846424ebfeb17f285c90f1c3ce15062a951210c61f0293c00792ff5e9532df2d,2026-05-01 18:52:34,0x902cceb6bd6e94191951c2bb811b9b40e07052a63f59e55ad4b29045150ab605,bitcoin-up-or-down-may-1-2026-11am-et
"Bitcoin Up or Down - May 1, 11AM ET",Down,BUY,5,0.56,0x846424ebfeb17f285c90f1c3ce15062a951210c61f0293c00792ff5e9532df2d,2026-05-01 18:52:34,0x75126cebe518bbab698c5b0440ad8e0d83a117f3a602c5b55f61d05d4d757d29,bitcoin-up-or-down-may-1-2026-11am-et
"Bitcoin Up or Down - May 1, 11AM ET",Down,BUY,4,0.55,0x846424ebfeb17f285c90f1c3ce15062a951210c61f0293c00792ff5e9532df2d,2026-05-01 18:52:34,0x5da0965f415debc18c4606e4058f07e8f4f8552944e59384d77724d66b60fada,bitcoin-up-or-down-may-1-2026-11am-et
"Bitcoin Up or Down - May 1, 11:45AM-12:00PM ET",Up,BUY,200,0.02,0x4b9858b4a7fc394196cb3280bb1a00870aab5193a06bdad8d7fd2ed8009e62d1,2026-05-01 18:52:34,0xaa3ffcd4f2a163583c91e7d964b4b0a994d4c7df4f36003874830da735877e56,btc-updown-15m-1777650300
"Bitcoin Up or Down - May 1, 11AM ET",Up,BUY,10,0.19,0x846424ebfeb17f285c90f1c3ce15062a951210c61f0293c00792ff5e9532df2d,2026-05-01 18:52:20,0x465e9cb0ef1f96debe33350d38ddba29d76c8e040b53f81fb3492c3f117f76ba,bitcoin-up-or-down-may-1-2026-11am-et
"Bitcoin Up or Down - May 1, 11AM ET",Up,BUY,87.38,0.14839780270084688,0x846424ebfeb17f285c90f1c3ce15062a951210c61f0293c00792ff5e9532df2d,2026-05-01 18:52:16,0x9b8a9cb65001f762252a6d63a3d0accef6a04b6411ca086cf6e06941b48a2d80,bitcoin-up-or-down-may-1-2026-11am-et
"Bitcoin Up or Down - May 1, 11AM ET",Down,BUY,3,0.44,0x846424ebfeb17f285c90f1c3ce15062a951210c61f0293c00792ff5e9532df2d,2026-05-01 18:51:48,0xcd163bc1c2a54f881238e838cee2f4b901f75d18d6a63ffd4e75fc93107bd24d,bitcoin-up-or-down-may-1-2026-11am-et
"Bitcoin Up or Down - May 1, 11AM ET",Down,BUY,10.192306,0.41207544200497903,0x846424ebfeb17f285c90f1c3ce15062a951210c61f0293c00792ff5e9532df2d,2026-05-01 18:51:44,0x7bd22f66be659d777b260a7b5b2819d51e096818328c55d310c4ceb61d78cdc0,bitcoin-up-or-down-may-1-2026-11am-et
"Bitcoin Up or Down - May 1, 11AM ET",Down,BUY,5.180119,0.41504818711693686,0x846424ebfeb17f285c90f1c3ce15062a951210c61f0293c00792ff5e9532df2d,2026-05-01 18:51:44,0x88117600cd33c12cfffbdbd606dad31c19ebaedbc32f90af8e372fdd5e8407cc,bitcoin-up-or-down-may-1-2026-11am-et
"Bitcoin Up or Down - May 1, 11AM ET",Down,BUY,5.060239,0.414999963440462,0x846424ebfeb17f285c90f1c3ce15062a951210c61f0293c00792ff5e9532df2d,2026-05-01 18:51:44,0xcd36b49f7a2a4bd6e795cbb3b344ac5b33f2f85b55372c77ae716f630963b444,bitcoin-up-or-down-may-1-2026-11am-et
"Bitcoin Up or Down - May 1, 11AM ET",Down,BUY,5.046478,0.4458553074044908,0x846424ebfeb17f285c90f1c3ce15062a951210c61f0293c00792ff5e9532df2d,2026-05-01 18:51:42,0x08e1aaf62fb68761986c44618d8b73bba547de04b91f981054dd815da2bf4321,bitcoin-up-or-down-may-1-2026-11am-et
"Bitcoin Up or Down - May 1, 11:50AM-11:55AM ET",Up,BUY,30,0.02,0xbbb97e538055fcc9e2f2656edee2c16ce9d1918c99601d49ed60134cac420322,2026-05-01 18:51:30,0xd20c409951434e2e157abb3991621f7d6c10f730a722a01b5c873ea4294f1825,btc-updown-5m-1777650600
"Bitcoin Up or Down - May 1, 11AM ET",Up,BUY,200,0.45,0x846424ebfeb17f285c90f1c3ce15062a951210c61f0293c00792ff5e9532df2d,2026-05-01 18:51:26,0x81f77b7fa4a90b4e42e8038c4e614ecb1c571f6b03ace49e7c95bfd61ddea2cc,bitcoin-up-or-down-may-1-2026-11am-et
"Bitcoin Up or Down - May 1, 11AM ET",Up,BUY,201.592221,0.4464457931638146,0x846424ebfeb17f285c90f1c3ce15062a951210c61f0293c00792ff5e9532df2d,2026-05-01 18:51:26,0x1eee7d2d84f8786a2fe6e556bec020a0bc14d1f3584c5c49c456aeb63cd243dc,bitcoin-up-or-down-may-1-2026-11am-et
"Bitcoin Up or Down - May 1, 11AM ET",Up,BUY,113,0.43794690265486724,0x846424ebfeb17f285c90f1c3ce15062a951210c61f0293c00792ff5e9532df2d,2026-05-01 18:51:26,0xb0384e6a848edc72276bf81d2a39f52c406b8b817b6e099f7b68b2eea680992a,bitcoin-up-or-down-may-1-2026-11am-et
"Bitcoin Up or Down - May 1, 11AM ET",Up,BUY,22.63,0.44359257622624837,0x846424ebfeb17f285c90f1c3ce15062a951210c61f0293c00792ff5e9532df2d,2026-05-01 18:51:26,0xa489d8b5aa9ab721d7347cac8fc583e8b6c8ef6a99a88607ce0cb45cce97433b,bitcoin-up-or-down-may-1-2026-11am-et
"Bitcoin Up or Down - May 1, 11AM ET",Up,BUY,15,0.439,0x846424ebfeb17f285c90f1c3ce15062a951210c61f0293c00792ff5e9532df2d,2026-05-01 18:51:24,0xf832973c165494f18cf9aa267ce079fdfec85bc012dad182bc84c19606416637,bitcoin-up-or-down-may-1-2026-11am-et
"Bitcoin Up or Down - May 1, 11AM ET",Up,BUY,200.383332,0.4491391479606697,0x846424ebfeb17f285c90f1c3ce15062a951210c61f0293c00792ff5e9532df2d,2026-05-01 18:51:24,0x3f95c889846fb9d6ff32f419c68d2d39a0789152e7dce49508cbefebc3d55e08,bitcoin-up-or-down-may-1-2026-11am-et
"Bitcoin Up or Down - May 1, 11AM ET",Up,BUY,63.65,0.443827965435978,0x846424ebfeb17f285c90f1c3ce15062a951210c61f0293c00792ff5e9532df2d,2026-05-01 18:51:24,0x214b64e0e225246db73263810bf15bf0f378532a5713c1155fb8bed6b154cf1d,bitcoin-up-or-down-may-1-2026-11am-et
"Bitcoin Up or Down - May 1, 11AM ET",Up,BUY,15,0.438,0x846424ebfeb17f285c90f1c3ce15062a951210c61f0293c00792ff5e9532df2d,2026-05-01 18:51:24,0x35e3dd60257dc80bc6b88d5a4500adc62d2a752e7aecde385479809203755f5a,bitcoin-up-or-down-may-1-2026-11am-et
"Bitcoin Up or Down - May 1, 11AM ET",Up,BUY,7.59,0.44,0x846424ebfeb17f285c90f1c3ce15062a951210c61f0293c00792ff5e9532df2d,2026-05-01 18:51:24,0xf8a3ba3f2cb54c08927fdffae868ece83b59a234b07431ca795c2da7aa01353e,bitcoin-up-or-down-may-1-2026-11am-et
"Bitcoin Up or Down - May 1, 11AM ET",Up,BUY,5,0.46,0x846424ebfeb17f285c90f1c3ce15062a951210c61f0293c00792ff5e9532df2d,2026-05-01 18:51:20,0xcc6eeb55c947e5b632d8a10a23de7f1bb8ecf9f640047f08f58bc716d373606d,bitcoin-up-or-down-may-1-2026-11am-et
"Bitcoin Up or Down - May 1, 11AM ET",Up,BUY,93.3,0.4490032154340836,0x846424ebfeb17f285c90f1c3ce15062a951210c61f0293c00792ff5e9532df2d,2026-05-01 18:51:18,0xe7c77c76f498d465e10131255b66173ca099cead5d8e02a5726eeccc5e0d74ae,bitcoin-up-or-down-may-1-2026-11am-et
"Bitcoin Up or Down - May 1, 11:50AM-11:55AM ET",Up,BUY,70.19,0.02,0xbbb97e538055fcc9e2f2656edee2c16ce9d1918c99601d49ed60134cac420322,2026-05-01 18:51:16,0x83d6fd008abadfd2cb31a7716ea90742e40dada67e9ede33f38af6660e2a4436,btc-updown-5m-1777650600
"Bitcoin Up or Down - May 1, 11:50AM-11:55AM ET",Up,BUY,30,0.03,0xbbb97e538055fcc9e2f2656edee2c16ce9d1918c99601d49ed60134cac420322,2026-05-01 18:51:14,0xe2885ada3bb8e3dcf4d1d0cac05ddbebc140e062ae48ad59b08be17b7dcbb0f2,btc-updown-5m-1777650600
"Bitcoin Up or Down - May 1, 11:45AM-12:00PM ET",Down,BUY,128,0.94,0x4b9858b4a7fc394196cb3280bb1a00870aab5193a06bdad8d7fd2ed8009e62d1,2026-05-01 18:51:06,0xe4cf4c8f6a74ff4c01eaaa0714473366c573112a90aa94666881185b86673df5,btc-updown-15m-1777650300
"Bitcoin Up or Down - May 1, 11:45AM-12:00PM ET",Down,BUY,197.77,0.97,0x4b9858b4a7fc394196cb3280bb1a00870aab5193a06bdad8d7fd2ed8009e62d1,2026-05-01 18:51:06,0x4f332ccac92475a72cf3d11942ba16942aae7803f9b5362f4a4a305f366a2f8a,btc-updown-15m-1777650300
"Bitcoin Up or Down - May 1, 11AM ET",Down,BUY,200,0.27,0x846424ebfeb17f285c90f1c3ce15062a951210c61f0293c00792ff5e9532df2d,2026-05-01 18:51:06,0x30bc1badf4acb7cd3ff8eb09ff78a0921af50fe29e0a071fc62ad36b4a3d084c,bitcoin-up-or-down-may-1-2026-11am-et
"Bitcoin Up or Down - May 1, 11:45AM-12:00PM ET",Down,BUY,145.94,0.96,0x4b9858b4a7fc394196cb3280bb1a00870aab5193a06bdad8d7fd2ed8009e62d1,2026-05-01 18:51:06,0xc2178c7364434cf55753d7861f1c290ce30d5681fcc40251098269ccefc09c6a,btc-updown-15m-1777650300
"Bitcoin Up or Down - May 1, 11AM ET",Down,BUY,200,0.24,0x846424ebfeb17f285c90f1c3ce15062a951210c61f0293c00792ff5e9532df2d,2026-05-01 18:51:04,0x5ad749b3eb38a88b02d75209dc2d17924a8027c3a38b66f4d3c8dcc9c742760c,bitcoin-up-or-down-may-1-2026-11am-et
"Bitcoin Up or Down - May 1, 11AM ET",Down,BUY,5.241934,0.24799987943381202,0x846424ebfeb17f285c90f1c3ce15062a951210c61f0293c00792ff5e9532df2d,2026-05-01 18:51:00,0x4950f3ee263d436f8ba645e7209b0bfa8fe76da69f3de1f5210d5adece88d74b,bitcoin-up-or-down-may-1-2026-11am-et
"Bitcoin Up or Down - May 1, 11AM ET",Down,BUY,10.294386,0.25256474742641283,0x846424ebfeb17f285c90f1c3ce15062a951210c61f0293c00792ff5e9532df2d,2026-05-01 18:50:58,0x623fcb7c9d506fe2bcd099aee7abb33ebdc9f4cf4f5b61f8c916c2ee94f0788c,bitcoin-up-or-down-may-1-2026-11am-et
"Bitcoin Up or Down - May 1, 11AM ET",Down,BUY,10.336586,0.25153363015603025,0x846424ebfeb17f285c90f1c3ce15062a951210c61f0293c00792ff5e9532df2d,2026-05-01 18:50:58,0xc659890afedaca3be5c6cf1d1a89eafeec5672c7b83786994ffe4c6dce5f32fe,bitcoin-up-or-down-may-1-2026-11am-et
"Bitcoin Up or Down - May 1, 11AM ET",Down,BUY,10.384614,0.25999993837036217,0x846424ebfeb17f285c90f1c3ce15062a951210c61f0293c00792ff5e9532df2d,2026-05-01 18:50:56,0x81beffcf329bee432c407c993448d956c322571d889c72e46dcde0cb51da39fe,bitcoin-up-or-down-may-1-2026-11am-et
"Bitcoin Up or Down - May 1, 11AM ET",Down,BUY,24,0.26,0x846424ebfeb17f285c90f1c3ce15062a951210c61f0293c00792ff5e9532df2d,2026-05-01 18:50:56,0x79b0242aff8a50f124d7f76dc927ef84c95fe3a478f1309b9d1d7d743416ada7,bitcoin-up-or-down-may-1-2026-11am-et
"Bitcoin Up or Down - May 1, 11AM ET",Down,BUY,5,0.26,0x846424ebfeb17f285c90f1c3ce15062a951210c61f0293c00792ff5e9532df2d,2026-05-01 18:50:56,0x8ba0b819db1ff1d7f683ec3b667b2d6aaac950226cefabb48c3da84e2112e27e,bitcoin-up-or-down-may-1-2026-11am-et
"Bitcoin Up or Down - May 1, 11AM ET",Down,BUY,5.179281,0.25099989747611684,0x846424ebfeb17f285c90f1c3ce15062a951210c61f0293c00792ff5e9532df2d,2026-05-01 18:50:56,0x5fec2bdebdc9191f584be19fb90ceda6e90315b4914af8860c81484002128bb0,bitcoin-up-or-down-may-1-2026-11am-et
"Bitcoin Up or Down - May 1, 11AM ET",Down,BUY,5.05415,0.27699989117853646,0x846424ebfeb17f285c90f1c3ce15062a951210c61f0293c00792ff5e9532df2d,2026-05-01 18:50:56,0x689ec2cd5d5190ccb64fa04527296737c0390f1019c353480407c5e0df1dd2f0,bitcoin-up-or-down-may-1-2026-11am-et
"Bitcoin Up or Down - May 1, 11AM ET",Down,BUY,10.384614,0.25999993837036217,0x846424ebfeb17f285c90f1c3ce15062a951210c61f0293c00792ff5e9532df2d,2026-05-01 18:50:56,0xa29f87fbbff480eb8642466041cda7518894d44eac6128b5166535bc57ad23bf,bitcoin-up-or-down-may-1-2026-11am-et
"Bitcoin Up or Down - May 1, 11AM ET",Down,BUY,33.188887,0.2684633262935271,0x846424ebfeb17f285c90f1c3ce15062a951210c61f0293c00792ff5e9532df2d,2026-05-01 18:50:56,0x7c8e24ead40d6f77d1e3467b079fa88f657785e568e0f90cd83d26babcf6e632,bitcoin-up-or-down-may-1-2026-11am-et
"Bitcoin Up or Down - May 1, 11AM ET",Down,BUY,24,0.26,0x846424ebfeb17f285c90f1c3ce15062a951210c61f0293c00792ff5e9532df2d,2026-05-01 18:50:56,0x691730102ce703fb1e024e6b3e80df861a4ebc3be54779d1ea5110a30491b09b,bitcoin-up-or-down-may-1-2026-11am-et
"Bitcoin Up or Down - May 1, 11AM ET",Down,BUY,5.370369,0.2699998826896252,0x846424ebfeb17f285c90f1c3ce15062a951210c61f0293c00792ff5e9532df2d,2026-05-01 18:50:56,0x0635f9b0715272b33acd8216f6f2a5890be1dd3714ecf05d4e43d300d2d805e3,bitcoin-up-or-down-may-1-2026-11am-et
"Bitcoin Up or Down - May 1, 11:45AM-12:00PM ET",Down,BUY,20,0.92,0x4b9858b4a7fc394196cb3280bb1a00870aab5193a06bdad8d7fd2ed8009e62d1,2026-05-01 18:50:54,0x70f1cce40e7ea738ce5cdf21a5c4270d6f88f1f43b0ec09c173313e324f356a3,btc-updown-15m-1777650300
"Bitcoin Up or Down - May 1, 11:45AM-12:00PM ET",Down,BUY,10.329669,0.9099999235212668,0x4b9858b4a7fc394196cb3280bb1a00870aab5193a06bdad8d7fd2ed8009e62d1,2026-05-01 18:50:54,0x84ddbfdb62b83967bbefa6a480254b076837e6ceaccee96a3c9b3b6809d17551,btc-updown-15m-1777650300
"Bitcoin Up or Down - May 1, 11AM ET",Down,BUY,39.547837,0.271316962290504,0x846424ebfeb17f285c90f1c3ce15062a951210c61f0293c00792ff5e9532df2d,2026-05-01 18:50:54,0xb1273cc86521a5d6eaf6160585f203c379d85b196910bd4a6686ff87195b03ba,bitcoin-up-or-down-may-1-2026-11am-et
"Bitcoin Up or Down - May 1, 11:45AM-12:00PM ET",Down,BUY,23.36,0.95,0x4b9858b4a7fc394196cb3280bb1a00870aab5193a06bdad8d7fd2ed8009e62d1,2026-05-01 18:50:54,0x1b5033d9fe0257fcd5a3449d0acdd94bb736235461b65769ede2a79f5abfae45,btc-updown-15m-1777650300
"Bitcoin Up or Down - May 1, 11AM ET",Down,BUY,25.16981,0.5299999880809589,0x846424ebfeb17f285c90f1c3ce15062a951210c61f0293c00792ff5e9532df2d,2026-05-01 18:50:52,0xcfdb68dbeb6e592ed069cad23889a1599d6e57aadc2a9b8c56a4767e0c286996,bitcoin-up-or-down-may-1-2026-11am-et
"Bitcoin Up or Down - May 1, 11AM ET",Down,BUY,24.769229,0.5199999967701862,0x846424ebfeb17f285c90f1c3ce15062a951210c61f0293c00792ff5e9532df2d,2026-05-01 18:50:52,0xbb8405ebb3c8776bede8ec0aeb395cc960f17fb762310e3c5dc13c33cabc3c86,bitcoin-up-or-down-may-1-2026-11am-et
"Bitcoin Up or Down - May 1, 11:50AM-11:55AM ET",Down,BUY,94.79,0.97,0xbbb97e538055fcc9e2f2656edee2c16ce9d1918c99601d49ed60134cac420322,2026-05-01 18:50:52,0xcc2a5e318e7086e9d286171f9e82eb23099cd4efd4dd0034da76c8664def5068,btc-updown-5m-1777650600
"Bitcoin Up or Down - May 1, 11AM ET",Down,BUY,45.480768,0.5199999920845664,0x846424ebfeb17f285c90f1c3ce15062a951210c61f0293c00792ff5e9532df2d,2026-05-01 18:50:52,0x8b4628d006bb2e08338de3f872a3f4f12002314d9ce0d2fea76bf558743a39b4,bitcoin-up-or-down-may-1-2026-11am-et
"Bitcoin Up or Down - May 1, 11AM ET",Down,BUY,207.692306,0.5199999994222222,0x846424ebfeb17f285c90f1c3ce15062a951210c61f0293c00792ff5e9532df2d,2026-05-01 18:50:52,0xef6311de9f6e992458ad5f7e3c33024d6868f211ac5a78976b6b11b706ef9f14,bitcoin-up-or-down-may-1-2026-11am-et
"Bitcoin Up or Down - May 1, 11:45AM-12:00PM ET",Down,BUY,202.762375,0.9567849064699504,0x4b9858b4a7fc394196cb3280bb1a00870aab5193a06bdad8d7fd2ed8009e62d1,2026-05-01 18:50:52,0xa5c5be1ba43281381c913f9c57d63c0240d4df6985f8324abdf7f336892a3c4d,btc-updown-15m-1777650300
"Bitcoin Up or Down - May 1, 11AM ET",Down,BUY,158,0.4375,0x846424ebfeb17f285c90f1c3ce15062a951210c61f0293c00792ff5e9532df2d,2026-05-01 18:50:52,0xf25bbef6cdff7db26c72025153770c796b5838e34ebc666d70a115e2cb541075,bitcoin-up-or-down-may-1-2026-11am-et
"Bitcoin Up or Down - May 1, 11AM ET",Down,BUY,15.152172,0.44350070735733466,0x846424ebfeb17f285c90f1c3ce15062a951210c61f0293c00792ff5e9532df2d,2026-05-01 18:50:52,0xdadc59449d99299638cf0875c0bf5ff34f235b93a3a5a5888676d7946092642e,bitcoin-up-or-down-may-1-2026-11am-et
"Bitcoin Up or Down - May 1, 11AM ET",Down,BUY,99.34,0.4409794644654721,0x846424ebfeb17f285c90f1c3ce15062a951210c61f0293c00792ff5e9532df2d,2026-05-01 18:50:52,0x2757cd4ecb2d235b9e136ec1f0de3af872f6c3fe3fe8f52a5a625743e2ebbb12,bitcoin-up-or-down-may-1-2026-11am-et
"Bitcoin Up or Down - May 1, 11AM ET",Down,BUY,49.5,0.43833333333333335,0x846424ebfeb17f285c90f1c3ce15062a951210c61f0293c00792ff5e9532df2d,2026-05-01 18:50:52,0x0a2dc5546eb54fc76fedab55c21bcb1c9abd2e0e4dc3ae735e327b3a8c602e0a,bitcoin-up-or-down-may-1-2026-11am-et
"Bitcoin Up or Down - May 1, 11AM ET",Down,BUY,48.323808,0.5249999958612533,0x846424ebfeb17f285c90f1c3ce15062a951210c61f0293c00792ff5e9532df2d,2026-05-01 18:50:52,0x38873675f7a72f15905fdc3a94152b53789d719120de4f17dd25162fee632e04,bitcoin-up-or-down-may-1-2026-11am-et
"Bitcoin Up or Down - May 1, 11AM ET",Down,BUY,50.961537,0.519999995290566,0x846424ebfeb17f285c90f1c3ce15062a951210c61f0293c00792ff5e9532df2d,2026-05-01 18:50:52,0x0831e7cbac7730b076d816269f71c6b07c28033322caf937119e771a786552db,bitcoin-up-or-down-may-1-2026-11am-et
"Bitcoin Up or Down - May 1, 11AM ET",Down,BUY,27.42857,0.5249999908854162,0x846424ebfeb17f285c90f1c3ce15062a951210c61f0293c00792ff5e9532df2d,2026-05-01 18:50:52,0x7888ba1e7f2da9fc532e621c6b44740116ab9bd372663d457872cce3b5a6f641,bitcoin-up-or-down-may-1-2026-11am-et
"Bitcoin Up or Down - May 1, 11:50AM-11:55AM ET",Down,BUY,100,0.97,0xbbb97e538055fcc9e2f2656edee2c16ce9d1918c99601d49ed60134cac420322,2026-05-01 18:50:52,0xeb466f379fd16e657a65e40d5f4f9c62ff80515d639dd84feca006d8c1c37736,btc-updown-5m-1777650600
"Bitcoin Up or Down - May 1, 11AM ET",Down,BUY,46.679244,0.5250727496786366,0x846424ebfeb17f285c90f1c3ce15062a951210c61f0293c00792ff5e9532df2d,2026-05-01 18:50:52,0xac32adf1dde7251893c3402d7bbd944592641a99a5ff18cd8bfe922df0102743,bitcoin-up-or-down-may-1-2026-11am-et
"Bitcoin Up or Down - May 1, 11AM ET",Down,BUY,23.884614,0.5199999882769719,0x846424ebfeb17f285c90f1c3ce15062a951210c61f0293c00792ff5e9532df2d,2026-05-01 18:50:50,0xcb4e8939ee82ed39ba546124dfd6f7b1753fda22e1b7657dbef015d17fdaefff,bitcoin-up-or-down-may-1-2026-11am-et
"Bitcoin Up or Down - May 1, 11AM ET",Down,BUY,23,0.52,0x846424ebfeb17f285c90f1c3ce15062a951210c61f0293c00792ff5e9532df2d,2026-05-01 18:50:50,0x46ac30aed50fb07af2f2e99ad7afdb2167edc7750c91b0342f072ae5a98d409c,bitcoin-up-or-down-may-1-2026-11am-et
"Bitcoin Up or Down - May 1, 11AM ET",Down,BUY,20,0.49,0x846424ebfeb17f285c90f1c3ce15062a951210c61f0293c00792ff5e9532df2d,2026-05-01 18:50:50,0xbb3ee32cd5f63bde78bc1486154bf1c9fa526ef521f3e4a049413480ce4943b6,bitcoin-up-or-down-may-1-2026-11am-et
"Bitcoin Up or Down - May 1, 11AM ET",Down,BUY,25,0.51,0x846424ebfeb17f285c90f1c3ce15062a951210c61f0293c00792ff5e9532df2d,2026-05-01 18:50:50,0xb618a37f72b9ea33a2b168ee1b88b00217fda005c9ba332446760fcfe1b238dc,bitcoin-up-or-down-may-1-2026-11am-et
"Bitcoin Up or Down - May 1, 11AM ET",Down,BUY,19.78,0.4925278058645096,0x846424ebfeb17f285c90f1c3ce15062a951210c61f0293c00792ff5e9532df2d,2026-05-01 18:50:50,0xd2364672643dcb033ffad7e21f2cb9e0803bc2b4ba597f3076986ef199b61c2b,bitcoin-up-or-down-may-1-2026-11am-et
"Bitcoin Up or Down - May 1, 11:45AM-12:00PM ET",Down,BUY,6.42,0.96,0x4b9858b4a7fc394196cb3280bb1a00870aab5193a06bdad8d7fd2ed8009e62d1,2026-05-01 18:50:50,0xb23d0b5ade7c231430c6a25e3d8ef372f133d01570d113a1b91025b77c39f678,btc-updown-15m-1777650300
"Bitcoin Up or Down - May 1, 11:45AM-12:00PM ET",Up,BUY,337.275,0.0533689126084056,0x4b9858b4a7fc394196cb3280bb1a00870aab5193a06bdad8d7fd2ed8009e62d1,2026-05-01 18:50:50,0x3fbe6a3bdc4a9853b2ca68baafd877ed1294bc78505f408bc6252cacbf4cd587,btc-updown-15m-1777650300
"Bitcoin Up or Down - May 1, 11:50AM-11:55AM ET",Down,BUY,48.18,0.7,0xbbb97e538055fcc9e2f2656edee2c16ce9d1918c99601d49ed60134cac420322,2026-05-01 18:50:26,0x8a217687206508b2dc506cc42e69e47af76d7594c68a77ddf7606f2e37cd2d24,btc-updown-5m-1777650600
"Bitcoin Up or Down - May 1, 11:45AM-12:00PM ET",Down,BUY,11,0.68,0x4b9858b4a7fc394196cb3280bb1a00870aab5193a06bdad8d7fd2ed8009e62d1,2026-05-01 18:50:26,0x979e1c30f74368e7d2c1edbee6a5a06f765b0c4130ac19497bdaa5116288a685,btc-updown-15m-1777650300
"Bitcoin Up or Down - May 1, 11:50AM-11:55AM ET",Down,BUY,22.51,0.69,0xbbb97e538055fcc9e2f2656edee2c16ce9d1918c99601d49ed60134cac420322,2026-05-01 18:50:26,0x8e246d2e3424805ed3f4dafc0f1c4ab057d26c4f50e7f34b32c1c31aec3a4e1b,btc-updown-5m-1777650600
"Bitcoin Up or Down - May 1, 11:45AM-12:00PM ET",Down,BUY,10.294115,0.6799999805714235,0x4b9858b4a7fc394196cb3280bb1a00870aab5193a06bdad8d7fd2ed8009e62d1,2026-05-01 18:50:26,0x054b734eac9a3ce0956f57262987f63bd6f0a7598721c643fb8fa253623b93c3,btc-updown-15m-1777650300
"Bitcoin Up or Down - May 1, 11:45AM-12:00PM ET",Down,BUY,6.088234,0.6799999802898509,0x4b9858b4a7fc394196cb3280bb1a00870aab5193a06bdad8d7fd2ed8009e62d1,2026-05-01 18:50:26,0xd9b1efea23a3ddaf28829ab9fc3552cf6dee194a63d600e74b2ce753a29e1d68,btc-updown-15m-1777650300
"Bitcoin Up or Down - May 1, 11:50AM-11:55AM ET",Up,BUY,100,0.49,0xbbb97e538055fcc9e2f2656edee2c16ce9d1918c99601d49ed60134cac420322,2026-05-01 18:50:08,0x7a54548dd2cc92112f3700fa37a95a97fafbef0f63ddc7a870c7e5a1ce786ea0,btc-updown-5m-1777650600
"Bitcoin Up or Down - May 1, 11:45AM-12:00PM ET",Down,BUY,15.52,0.6,0x4b9858b4a7fc394196cb3280bb1a00870aab5193a06bdad8d7fd2ed8009e62d1,2026-05-01 18:48:12,0xc7cadf04f8619dfc9788abdf3306aad81827821de8dc2d7c033ff27633255742,btc-updown-15m-1777650300
"Bitcoin Up or Down - May 1, 11:45AM-12:00PM ET",Down,BUY,35,0.61,0x4b9858b4a7fc394196cb3280bb1a00870aab5193a06bdad8d7fd2ed8009e62d1,2026-05-01 18:48:12,0x063f54f594bc2c013d89a1c0d81c8fd5f35830bb09fe808b64c94c4175876726,btc-updown-15m-1777650300
"Bitcoin Up or Down - May 1, 11:45AM-12:00PM ET",Up,BUY,20,0.41,0x4b9858b4a7fc394196cb3280bb1a00870aab5193a06bdad8d7fd2ed8009e62d1,2026-05-01 18:46:56,0x5ff891cf157df8ba715b0c96c82811b8650a622a9187ce528e1e89d5e9659cad,btc-updown-15m-1777650300
"Bitcoin Up or Down - May 1, 11:45AM-11:50AM ET",Down,BUY,100,0.7,0x4f33f0c12be4089dccfc50cfd2580df21ceb5d8c52fa9411b5d49dcbca2da4f0,2026-05-01 18:46:32,0x685887bd81534e82ce72e73b22d69bb3ed0daa4db778f31c399a29fb99aa2b8c,btc-updown-5m-1777650300
"Bitcoin Up or Down - May 1, 11:45AM-11:50AM ET",Down,BUY,26,0.64,0x4f33f0c12be4089dccfc50cfd2580df21ceb5d8c52fa9411b5d49dcbca2da4f0,2026-05-01 18:46:02,0xf691f1ff8a95edf83d2d49fe0b36d126e99baaf0b499dcd8a5e5cf224d1f3cd4,btc-updown-5m-1777650300
"Bitcoin Up or Down - May 1, 11:45AM-12:00PM ET",Down,BUY,195,0.58,0x4b9858b4a7fc394196cb3280bb1a00870aab5193a06bdad8d7fd2ed8009e62d1,2026-05-01 18:45:34,0x30c7cb27e388feca80c3b8e02b2dd04464647b940645f0bd9133d8a8ed7a405f,btc-updown-15m-1777650300
"Bitcoin Up or Down - May 1, 11:45AM-12:00PM ET",Down,BUY,63,0.59,0x4b9858b4a7fc394196cb3280bb1a00870aab5193a06bdad8d7fd2ed8009e62d1,2026-05-01 18:45:28,0x736b12bbae6c372b8bb8e9b812b53cd045accb36ae207f2fea2e4cc84cfce316,btc-updown-15m-1777650300
"Bitcoin Up or Down - May 1, 11:45AM-12:00PM ET",Down,BUY,10,0.58,0x4b9858b4a7fc394196cb3280bb1a00870aab5193a06bdad8d7fd2ed8009e62d1,2026-05-01 18:45:28,0xfc3617bc48b4f33b702a0a4152b7a9ed84c7e6fb2bb419f1013ce57766080d96,btc-updown-15m-1777650300
"Bitcoin Up or Down - May 1, 11:45AM-12:00PM ET",Up,BUY,213.57125,0.4775923725688734,0x4b9858b4a7fc394196cb3280bb1a00870aab5193a06bdad8d7fd2ed8009e62d1,2026-05-01 18:45:10,0xd70e897345916e157a40f15283a0848e0932d7326f572c615be7d78567af9358,btc-updown-15m-1777650300
"Bitcoin Up or Down - May 1, 11:45AM-12:00PM ET",Up,BUY,216.666665,0.4799999990769231,0x4b9858b4a7fc394196cb3280bb1a00870aab5193a06bdad8d7fd2ed8009e62d1,2026-05-01 18:45:10,0x0a17cde5d40e84f6716ac647d23982dcf4f23b7749ed329b38eeea1e083bcd4b,btc-updown-15m-1777650300
"Bitcoin Up or Down - May 1, 11:45AM-12:00PM ET",Up,BUY,79.89,0.48,0x4b9858b4a7fc394196cb3280bb1a00870aab5193a06bdad8d7fd2ed8009e62d1,2026-05-01 18:45:10,0xe1f367539d6d5140d7ea0c9f95d230d31e656d5d04a5f256444cb14fb5a7c1c0,btc-updown-15m-1777650300
"Bitcoin Up or Down - May 1, 11:45AM-12:00PM ET",Up,BUY,216.414892,0.4620754056056364,0x4b9858b4a7fc394196cb3280bb1a00870aab5193a06bdad8d7fd2ed8009e62d1,2026-05-01 18:45:10,0xf41fd32aaad16a08cae7586e561c7aa37713b9c4b1b95e34be2ff2823fd27466,btc-updown-15m-1777650300
"Bitcoin Up or Down - May 1, 11:45AM-12:00PM ET",Up,BUY,204.255318,0.4699999977479167,0x4b9858b4a7fc394196cb3280bb1a00870aab5193a06bdad8d7fd2ed8009e62d1,2026-05-01 18:45:10,0xae3a1ac3fdc3894c778281eba9821f9dce55b0cdb95f6a7eb5dc49390fb47eb9,btc-updown-15m-1777650300
"Bitcoin Up or Down - May 1, 11:45AM-12:00PM ET",Up,BUY,202.615433,0.4540621493526606,0x4b9858b4a7fc394196cb3280bb1a00870aab5193a06bdad8d7fd2ed8009e62d1,2026-05-01 18:45:10,0xb9488c36b592575beadf2a24ffb973a5928cb3b0fafb52dbb0487a3c9b534f9f,btc-updown-15m-1777650300
"Bitcoin Up or Down - May 1, 11:40AM-11:45AM ET",Up,BUY,17.79,0.32,0xd5c53e9ac20b9b6d7ab156e04541db9238bd7642f4b128f1fd5499e89b3eee76,2026-05-01 18:44:24,0xb9cf0ff63221af78b45fe0d02fd3f187db9c1e73fa0267865ccdd39dba59a52c,btc-updown-5m-1777650000
"Bitcoin Up or Down - May 1, 11:40AM-11:45AM ET",Up,BUY,16.9,0.25,0xd5c53e9ac20b9b6d7ab156e04541db9238bd7642f4b128f1fd5499e89b3eee76,2026-05-01 18:43:12,0x970380fb7ed22ad8c7a846abaac138982171d4ba98f50df54dad6154febb4f2e,btc-updown-5m-1777650000
"Bitcoin Up or Down - May 1, 11:40AM-11:45AM ET",Up,BUY,100,0.23,0xd5c53e9ac20b9b6d7ab156e04541db9238bd7642f4b128f1fd5499e89b3eee76,2026-05-01 18:43:08,0x4242595f6e6875e331c1c1e836f00cace3a788915661d3c588491001c874e1bb,btc-updown-5m-1777650000
"Bitcoin Up or Down - May 1, 11:40AM-11:45AM ET",Down,BUY,100,0.79,0xd5c53e9ac20b9b6d7ab156e04541db9238bd7642f4b128f1fd5499e89b3eee76,2026-05-01 18:43:08,0xad5502eed086e48c2557a2d658dcb86d48f85892e18d6a94995ab117b582913f,btc-updown-5m-1777650000
"Bitcoin Up or Down - May 1, 11:40AM-11:45AM ET",Down,BUY,102.531642,0.7899999982444443,0xd5c53e9ac20b9b6d7ab156e04541db9238bd7642f4b128f1fd5499e89b3eee76,2026-05-01 18:43:08,0xcb1567eef66c7d005442104e2af6a4bf0e99606a45a6b7ca8087c6fc06c7c8f3,btc-updown-5m-1777650000
"Bitcoin Up or Down - May 1, 11:40AM-11:45AM ET",Down,BUY,101.265819,0.78999999990125,0xd5c53e9ac20b9b6d7ab156e04541db9238bd7642f4b128f1fd5499e89b3eee76,2026-05-01 18:43:08,0xefb5624ddad15cc420e873677323bdc62d3d71b6fbf9c3e1395a0f413fe38545,btc-updown-5m-1777650000
"Bitcoin Up or Down - May 1, 11:40AM-11:45AM ET",Down,BUY,79.7,0.42,0xd5c53e9ac20b9b6d7ab156e04541db9238bd7642f4b128f1fd5499e89b3eee76,2026-05-01 18:40:16,0x16ac9dfb67e0ab5a1d11f336366c3009b93582f79362901a9d39520a67819762,btc-updown-5m-1777650000
"Bitcoin Up or Down - May 1, 11:40AM-11:45AM ET",Up,BUY,109.80392,0.5099999981785714,0xd5c53e9ac20b9b6d7ab156e04541db9238bd7642f4b128f1fd5499e89b3eee76,2026-05-01 18:40:16,0xb45d87878a5be75a8f66af93d4a07e0c581e42f2de1858391e9243658a7e882a,btc-updown-5m-1777650000
"Bitcoin Up or Down - May 1, 11:40AM-11:45AM ET",Up,BUY,106.12843,0.5088174676662983,0xd5c53e9ac20b9b6d7ab156e04541db9238bd7642f4b128f1fd5499e89b3eee76,2026-05-01 18:40:16,0x015c59f40cba744ad5208c5d2bee80964e2a95f0d50f34ab2dc327f4ddf608c8,btc-updown-5m-1777650000
"Bitcoin Up or Down - May 1, 11:40AM-11:45AM ET",Up,BUY,104,0.5,0xd5c53e9ac20b9b6d7ab156e04541db9238bd7642f4b128f1fd5499e89b3eee76,2026-05-01 18:40:16,0x3f44b1947c70f897eddf425a6f2d2c11b695aaa626e81c725a519a97f0e92dcd,btc-updown-5m-1777650000
"Bitcoin Up or Down - May 1, 11:40AM-11:45AM ET",Up,BUY,106,0.5,0xd5c53e9ac20b9b6d7ab156e04541db9238bd7642f4b128f1fd5499e89b3eee76,2026-05-01 18:40:16,0x34b4618b2dbf92e3eb0e323453dc4509b9062d5c931f72c38e889ea2444cfdc2,btc-updown-5m-1777650000
"Bitcoin Up or Down - May 1, 11:40AM-11:45AM ET",Up,BUY,102,0.5,0xd5c53e9ac20b9b6d7ab156e04541db9238bd7642f4b128f1fd5499e89b3eee76,2026-05-01 18:40:16,0x000dbc3d121752b2ba8a81f8a75f5fce836c5a57b0e8bd3e21289c1d8aa69f9c,btc-updown-5m-1777650000
"Bitcoin Up or Down - May 1, 11:40AM-11:45AM ET",Up,BUY,110,0.5,0xd5c53e9ac20b9b6d7ab156e04541db9238bd7642f4b128f1fd5499e89b3eee76,2026-05-01 18:40:16,0xa28d54916355901e690ed7b406ea2a34ece69c73b20d9f483b4f4667ca0ca702,btc-updown-5m-1777650000
"Bitcoin Up or Down - May 1, 11:40AM-11:45AM ET",Up,BUY,100,0.5,0xd5c53e9ac20b9b6d7ab156e04541db9238bd7642f4b128f1fd5499e89b3eee76,2026-05-01 18:40:16,0x156b8f046c2063efe3466c3a0198d94bd5a151aba4e733729933abfffdcb2b45,btc-updown-5m-1777650000
"Bitcoin Up or Down - May 1, 11:35AM-11:40AM ET",Down,BUY,100,0.03,0xc11698bc88bc739c0e6bc466d06f3727ed5e07eabdafada529e9bf5831b812f7,2026-05-01 18:38:46,0x3b4c846a993eb92925d27834c30cf331f19d79601a52302332b742ba5aad790f,btc-updown-5m-1777649700
"Bitcoin Up or Down - May 1, 11:35AM-11:40AM ET",Down,BUY,99.94,0.04,0xc11698bc88bc739c0e6bc466d06f3727ed5e07eabdafada529e9bf5831b812f7,2026-05-01 18:37:48,0xc10134717aa7bd2044b450d08e5f88c9e38a2832cd4caf4f33ac9ccb460c9447,btc-updown-5m-1777649700
"Bitcoin Up or Down - May 1, 11:35AM-11:40AM ET",Down,BUY,111.03,0.06304602359722597,0xc11698bc88bc739c0e6bc466d06f3727ed5e07eabdafada529e9bf5831b812f7,2026-05-01 18:37:48,0xdc720278c5c31d1629cf9b4af6d1fdf5312666cb45e07b5dfa3d8fdf99c74372,btc-updown-5m-1777649700
"Bitcoin Up or Down - May 1, 11:35AM-11:40AM ET",Down,BUY,59,0.06,0xc11698bc88bc739c0e6bc466d06f3727ed5e07eabdafada529e9bf5831b812f7,2026-05-01 18:37:48,0xc16ef6abb91ba7abeca85e6fbdc80daa45c754267be33a7a17584c107d5171ce,btc-updown-5m-1777649700
"Bitcoin Up or Down - May 1, 11:30AM-11:45AM ET",Down,BUY,10,0.14,0x147bf038b867d2a4af2233f216e4a6a520d726812fe44c3ac9703e93d7c320c6,2026-05-01 18:37:48,0x84ad73c87f8e1015d6812fecf5a0fb3e31818231a3c0fc99c506b5a72916d706,btc-updown-15m-1777649400
"Bitcoin Up or Down - May 1, 11:35AM-11:40AM ET",Up,BUY,100,0.94,0xc11698bc88bc739c0e6bc466d06f3727ed5e07eabdafada529e9bf5831b812f7,2026-05-01 18:37:46,0x414b923a55f9cfa9a34b6fb0562dbc253c3290e52408dbb080fed5b292ea18be,btc-updown-5m-1777649700
"Bitcoin Up or Down - May 1, 11:35AM-11:40AM ET",Up,BUY,31.96,0.42,0xc11698bc88bc739c0e6bc466d06f3727ed5e07eabdafada529e9bf5831b812f7,2026-05-01 18:37:02,0x91c32980ecd8fc1ee65c276261bce099dec7443fc7abc2a257a03f8287585b3a,btc-updown-5m-1777649700
"Bitcoin Up or Down - May 1, 11:35AM-11:40AM ET",Up,BUY,102.380951,0.41999999589767434,0xc11698bc88bc739c0e6bc466d06f3727ed5e07eabdafada529e9bf5831b812f7,2026-05-01 18:37:02,0x12c689107f715164be5fa29a0e4d0a738b7cf3d99e32566dd8194771ed3453d7,btc-updown-5m-1777649700
"Bitcoin Up or Down - May 1, 11:35AM-11:40AM ET",Up,BUY,100,0.21,0xc11698bc88bc739c0e6bc466d06f3727ed5e07eabdafada529e9bf5831b812f7,2026-05-01 18:36:06,0x0215caec6418f2d3cbaf43676882d7635fbcd124dad44f7d7079f7ea8365d5c1,btc-updown-5m-1777649700
"Bitcoin Up or Down - May 1, 11:35AM-11:40AM ET",Up,BUY,102.083332,0.47999999647346936,0xc11698bc88bc739c0e6bc466d06f3727ed5e07eabdafada529e9bf5831b812f7,2026-05-01 18:35:12,0xd561e9ad461cfd499289b3902f17d642c97760e6317faf59bf7bc057518c3170,btc-updown-5m-1777649700
"Bitcoin Up or Down - May 1, 11:30AM-11:35AM ET",Down,BUY,100,0.34,0xbac47393f059ef42ba5ecaf4b35e5ef09307b09e58ed387bb7e419cc9a8b722e,2026-05-01 18:34:06,0xedcf39a28084992b36e2ba860978dd0d89bfd7dd0abcf05508216b61a1591e05,btc-updown-5m-1777649400
"Bitcoin Up or Down - May 1, 11:30AM-11:35AM ET",Up,BUY,100,0.44,0xbac47393f059ef42ba5ecaf4b35e5ef09307b09e58ed387bb7e419cc9a8b722e,2026-05-01 18:32:40,0xba27cdce3a8a14ae81baca058d95a3d19c7f3f0e6445e622c39138d0af5f8ec6,btc-updown-5m-1777649400
"Bitcoin Up or Down - May 1, 11:30AM-11:35AM ET",Down,BUY,99.99,0.51,0xbac47393f059ef42ba5ecaf4b35e5ef09307b09e58ed387bb7e419cc9a8b722e,2026-05-01 18:32:32,0x81eb11c60edceaf13709a6c128079a6b45e06942bd14d8e96e935d30afe74add,btc-updown-5m-1777649400
"Bitcoin Up or Down - May 1, 11:30AM-11:35AM ET",Down,BUY,100,0.52,0xbac47393f059ef42ba5ecaf4b35e5ef09307b09e58ed387bb7e419cc9a8b722e,2026-05-01 18:32:32,0xb85a89d55f681a2b3ed186ff5cfc267310ce674d3a42f186680ce0563931a400,btc-updown-5m-1777649400
"Bitcoin Up or Down - May 1, 11:30AM-11:35AM ET",Down,BUY,101.51724,0.5713315196512435,0xbac47393f059ef42ba5ecaf4b35e5ef09307b09e58ed387bb7e419cc9a8b722e,2026-05-01 18:32:14,0x4f3fb5785ee939ffa139fca21112dcc592d79fd05a06282325aa246b87d3ace9,btc-updown-5m-1777649400
"Bitcoin Up or Down - May 1, 11:30AM-11:35AM ET",Down,BUY,100,0.57,0xbac47393f059ef42ba5ecaf4b35e5ef09307b09e58ed387bb7e419cc9a8b722e,2026-05-01 18:32:14,0xb2ea74c6bcb9ab0b60a5bc1ba15b03de79b52051b52de0e48212d560793906f1,btc-updown-5m-1777649400
"Bitcoin Up or Down - May 1, 11:30AM-11:35AM ET",Down,BUY,63,0.56,0xbac47393f059ef42ba5ecaf4b35e5ef09307b09e58ed387bb7e419cc9a8b722e,2026-05-01 18:32:12,0x91f165289207356d08161bd1f7d0551cf9aeb9870d851e294794b67c5e900cd8,btc-updown-5m-1777649400
"Bitcoin Up or Down - May 1, 11:30AM-11:45AM ET",Down,BUY,10,0.56,0x147bf038b867d2a4af2233f216e4a6a520d726812fe44c3ac9703e93d7c320c6,2026-05-01 18:31:56,0x56f92b01817eb28b6cc4e817690135777bf0820db2e0a2d1b6e9bd81154b98cf,btc-updown-15m-1777649400
"Bitcoin Up or Down - May 1, 11:30AM-11:45AM ET",Down,BUY,10.91,0.57,0x147bf038b867d2a4af2233f216e4a6a520d726812fe44c3ac9703e93d7c320c6,2026-05-01 18:31:54,0x3a5338922ac6fa706fb78430ad403fcc8b4cf174897800756052d8f7beef295c,btc-updown-15m-1777649400
"Bitcoin Up or Down - May 1, 11:30AM-11:45AM ET",Down,BUY,38.200171,0.5769607418773073,0x147bf038b867d2a4af2233f216e4a6a520d726812fe44c3ac9703e93d7c320c6,2026-05-01 18:31:54,0x2ac0ca1b54ff261ea67b5fb5c019e8d41acb0d96d246bfd696178caf317901e4,btc-updown-15m-1777649400
"Bitcoin Up or Down - May 1, 11:30AM-11:45AM ET",Down,BUY,25.775861,0.5722407876113237,0x147bf038b867d2a4af2233f216e4a6a520d726812fe44c3ac9703e93d7c320c6,2026-05-01 18:31:54,0xdb1d3148df962951eb8f66c5ef0101c1a67c9c3a5402408e9d57cfc60ce4b085,btc-updown-15m-1777649400
"Bitcoin Up or Down - May 1, 11:30AM-11:45AM ET",Down,BUY,184.217,0.49555687042998203,0x147bf038b867d2a4af2233f216e4a6a520d726812fe44c3ac9703e93d7c320c6,2026-05-01 18:31:50,0x8f94c9f1ba3b0bda635a14966eca440dd1b1721561bc5262eaab57bc58fec09a,btc-updown-15m-1777649400
"Bitcoin Up or Down - May 1, 11:30AM-11:45AM ET",Down,BUY,43.2,0.5,0x147bf038b867d2a4af2233f216e4a6a520d726812fe44c3ac9703e93d7c320c6,2026-05-01 18:31:50,0x4d225adea3ce953c778633b4286c3ea3ecacfe21030cfdc5138340147ccbea02,btc-updown-15m-1777649400
"Bitcoin Up or Down - May 1, 11:30AM-11:45AM ET",Down,BUY,40.643264,0.4822447084958531,0x147bf038b867d2a4af2233f216e4a6a520d726812fe44c3ac9703e93d7c320c6,2026-05-01 18:31:50,0x9ed04b2de56204ae1481122004c918dac26388886501c24a3706b8944364bad5,btc-updown-15m-1777649400
"Bitcoin Up or Down - May 1, 11:30AM-11:45AM ET",Down,BUY,38.723403,0.4699999894120876,0x147bf038b867d2a4af2233f216e4a6a520d726812fe44c3ac9703e93d7c320c6,2026-05-01 18:31:50,0xd4873bd3e132aa82468b84d11c660702ad94b18e96f2366e3e3ad191df462511,btc-updown-15m-1777649400
"Bitcoin Up or Down - May 1, 11:30AM-11:45AM ET",Down,BUY,46.572,0.4960061839732028,0x147bf038b867d2a4af2233f216e4a6a520d726812fe44c3ac9703e93d7c320c6,2026-05-01 18:31:50,0xe92dd2807de6593b935f89a441adf2ed22dc573e6a772231a8f93acbaae06655,btc-updown-15m-1777649400
"Bitcoin Up or Down - May 1, 11:30AM-11:45AM ET",Down,BUY,40.714284,0.48999999607017525,0x147bf038b867d2a4af2233f216e4a6a520d726812fe44c3ac9703e93d7c320c6,2026-05-01 18:31:50,0x3de2dd031214cc2ff87a25d171c117c4e8aaf0f2d6996a3efd4e516229d64850,btc-updown-15m-1777649400
"Bitcoin Up or Down - May 1, 11:30AM-11:45AM ET",Down,BUY,30.61,0.5,0x147bf038b867d2a4af2233f216e4a6a520d726812fe44c3ac9703e93d7c320c6,2026-05-01 18:31:50,0x9c4b70d4d6c0e66fc6b8f324e3834528a19bd898a3552d6b9c6a203ba2f19678,btc-updown-15m-1777649400
"Bitcoin Up or Down - May 1, 11:30AM-11:45AM ET",Down,BUY,26.5,0.5,0x147bf038b867d2a4af2233f216e4a6a520d726812fe44c3ac9703e93d7c320c6,2026-05-01 18:31:50,0xbbc591dc51bd160b3b0d6f40d974d60a8fa7c4158f4d30e3b8f7fcdedd133e5a,btc-updown-15m-1777649400
"Bitcoin Up or Down - May 1, 11:30AM-11:45AM ET",Down,BUY,30,0.49,0x147bf038b867d2a4af2233f216e4a6a520d726812fe44c3ac9703e93d7c320c6,2026-05-01 18:31:48,0xb61344ae33c58e8b53fc8a8f83221583e7368658a2253e65778765049300d96d,btc-updown-15m-1777649400
"Bitcoin Up or Down - May 1, 11:30AM-11:45AM ET",Down,BUY,18.510637,0.469999978931033,0x147bf038b867d2a4af2233f216e4a6a520d726812fe44c3ac9703e93d7c320c6,2026-05-01 18:31:48,0x7374e1a0d5b5c4e687c4caf95123fdd3792668d636960397abc16b05596c423b,btc-updown-15m-1777649400
"Bitcoin Up or Down - May 1, 11:30AM-11:45AM ET",Down,BUY,19.404254,0.46999998041666535,0x147bf038b867d2a4af2233f216e4a6a520d726812fe44c3ac9703e93d7c320c6,2026-05-01 18:31:48,0x615c670c29e53bc9a09a9226d087f8c661560ea132e3276862b6c1b34a0bdc98,btc-updown-15m-1777649400
"Bitcoin Up or Down - May 1, 11:30AM-11:35AM ET",Up,BUY,100,0.71,0xbac47393f059ef42ba5ecaf4b35e5ef09307b09e58ed387bb7e419cc9a8b722e,2026-05-01 18:31:26,0xec4cb9dd24c5c57259639d6eacf559e3765aa95d4bb95ecac649052924af2952,btc-updown-5m-1777649400
"Bitcoin Up or Down - May 1, 11:30AM-11:35AM ET",Up,BUY,101.408448,0.7099999992111111,0xbac47393f059ef42ba5ecaf4b35e5ef09307b09e58ed387bb7e419cc9a8b722e,2026-05-01 18:31:26,0xd5d33d21b8476fd0af41c0868d9576d62b2bb92729c55c1576ab2495a50e65b4,btc-updown-5m-1777649400
"Bitcoin Up or Down - May 1, 11:30AM-11:45AM ET",Down,BUY,5,0.49,0x147bf038b867d2a4af2233f216e4a6a520d726812fe44c3ac9703e93d7c320c6,2026-05-01 18:30:58,0x3d0944c3207758f5fb5e6b44f1d3e8ae1cd133259c0ccea4c9c39cf162b088b9,btc-updown-15m-1777649400
"Bitcoin Up or Down - May 1, 11:30AM-11:45AM ET",Down,BUY,5.102039,0.4899999784399923,0x147bf038b867d2a4af2233f216e4a6a520d726812fe44c3ac9703e93d7c320c6,2026-05-01 18:30:58,0xee206ed542e81993e501d17d5dd1936db36f7b108e61dfa97513a96e60ff0aac,btc-updown-15m-1777649400
"Bitcoin Up or Down - May 1, 11:30AM-11:45AM ET",Down,BUY,176.64,0.45,0x147bf038b867d2a4af2233f216e4a6a520d726812fe44c3ac9703e93d7c320c6,2026-05-01 18:30:50,0x178e2882737bdb5c7b45c633b611a28691f96e305a7626c129c9cef3c68eea14,btc-updown-15m-1777649400
"Bitcoin Up or Down - May 1, 11:30AM-11:45AM ET",Down,BUY,85,0.45,0x147bf038b867d2a4af2233f216e4a6a520d726812fe44c3ac9703e93d7c320c6,2026-05-01 18:30:46,0x5539b69374237ee1e923153c75cb8c962db86b77236238757b01384c06d2ffb4,btc-updown-15m-1777649400
"Bitcoin Up or Down - May 1, 11:30AM-11:45AM ET",Down,BUY,77.61702,0.46999999484649113,0x147bf038b867d2a4af2233f216e4a6a520d726812fe44c3ac9703e93d7c320c6,2026-05-01 18:30:46,0x72249ae1d31a28e2d318cb56589041031005164120422714d10103b0d516c23f,btc-updown-15m-1777649400
"Bitcoin Up or Down - May 1, 11:30AM-11:45AM ET",Down,BUY,53,0.46,0x147bf038b867d2a4af2233f216e4a6a520d726812fe44c3ac9703e93d7c320c6,2026-05-01 18:30:46,0xee1357a6f510df58c58ce0b5bc8bad2ca63e326904d6e74860bfac38a27fb3ce,btc-updown-15m-1777649400
"Bitcoin Up or Down - May 1, 11:30AM-11:45AM ET",Down,BUY,87.869564,0.4599999949925779,0x147bf038b867d2a4af2233f216e4a6a520d726812fe44c3ac9703e93d7c320c6,2026-05-01 18:30:46,0xb6efdbed2851dd593272a0b6b804925b6f47ed850e85a3914b8e5b4f79be7ce0,btc-updown-15m-1777649400
"Bitcoin Up or Down - May 1, 11:30AM-11:45AM ET",Up,BUY,49.08,0.5120374898125509,0x147bf038b867d2a4af2233f216e4a6a520d726812fe44c3ac9703e93d7c320c6,2026-05-01 18:30:44,0x96e8144a8f3abb0413a1343c2cbfac34d0b4287a429a4b6e019f95afedea33a6,btc-updown-15m-1777649400
"Bitcoin Up or Down - May 1, 11:30AM-11:45AM ET",Up,BUY,20,0.51,0x147bf038b867d2a4af2233f216e4a6a520d726812fe44c3ac9703e93d7c320c6,2026-05-01 18:30:44,0xa41cda0784e127126de294b6f902fb0cd8a0a75286bc738a31573087a21e0853,btc-updown-15m-1777649400
"Bitcoin Up or Down - May 1, 11:30AM-11:45AM ET",Down,BUY,9.705881,0.5099999680606017,0x147bf038b867d2a4af2233f216e4a6a520d726812fe44c3ac9703e93d7c320c6,2026-05-01 18:30:44,0xe1c6c546137ad69b48e4ce7cae5dea675ad6a08d603c81c344d0d35df5a82b59,btc-updown-15m-1777649400
"Bitcoin Up or Down - May 1, 11:30AM-11:45AM ET",Down,BUY,215.639614,0.4915608826864251,0x147bf038b867d2a4af2233f216e4a6a520d726812fe44c3ac9703e93d7c320c6,2026-05-01 18:30:44,0x168c0b7e195f01fd40429e504b241b3f39451797776fce3bd2489df1c57884be,btc-updown-15m-1777649400
"Bitcoin Up or Down - May 1, 11:30AM-11:45AM ET",Down,BUY,5.490195,0.5099999180356982,0x147bf038b867d2a4af2233f216e4a6a520d726812fe44c3ac9703e93d7c320c6,2026-05-01 18:30:44,0xa631eb1583ff315a9b55e425f000decc1095c05bafa76723362c05511d97efb8,btc-updown-15m-1777649400
"Bitcoin Up or Down - May 1, 11:30AM-11:45AM ET",Down,BUY,202.673672,0.4835359128441705,0x147bf038b867d2a4af2233f216e4a6a520d726812fe44c3ac9703e93d7c320c6,2026-05-01 18:30:44,0xfd3e0f019cad9acafefd314f2a2b7bd1dee5db05ee558c4c696c5a7534672109,btc-updown-15m-1777649400
"Bitcoin Up or Down - May 1, 11:30AM-11:45AM ET",Down,BUY,36.173912,0.4599999856249996,0x147bf038b867d2a4af2233f216e4a6a520d726812fe44c3ac9703e93d7c320c6,2026-05-01 18:30:44,0x4faa2fa66bb277d963516fcb33c10f2fa920f8146cf04e36860af5af37d8001e,btc-updown-15m-1777649400
"Bitcoin Up or Down - May 1, 11:30AM-11:45AM ET",Down,BUY,5,0.51,0x147bf038b867d2a4af2233f216e4a6a520d726812fe44c3ac9703e93d7c320c6,2026-05-01 18:30:44,0xbf3734ec705990acaa3f48a8462cf389052e8484b0fe23e8f9afd10a730606bd,btc-updown-15m-1777649400
"Bitcoin Up or Down - May 1, 11:30AM-11:45AM ET",Down,BUY,58.695651,0.4599999921629628,0x147bf038b867d2a4af2233f216e4a6a520d726812fe44c3ac9703e93d7c320c6,2026-05-01 18:30:44,0xb25dd43306a13f2d56d9684174e7ed8d5822df9398d467cfc3bdb27fa434c547,btc-updown-15m-1777649400
"Bitcoin Up or Down - May 1, 11:30AM-11:45AM ET",Down,BUY,114.285713,0.48999999676249995,0x147bf038b867d2a4af2233f216e4a6a520d726812fe44c3ac9703e93d7c320c6,2026-05-01 18:30:44,0xf43440797b383e5a73a411948ce9df5e351f74a0c5771e47fdaf280fe9856ce8,btc-updown-15m-1777649400
"Bitcoin Up or Down - May 1, 11:30AM-11:45AM ET",Down,BUY,127,0.52,0x147bf038b867d2a4af2233f216e4a6a520d726812fe44c3ac9703e93d7c320c6,2026-05-01 18:30:32,0x7af3c2d55b5b23d52958d8890351a9d8fda0959679b314e4456c8fa8d0bdaea3,btc-updown-15m-1777649400
"Bitcoin Up or Down - May 1, 11:30AM-11:45AM ET",Down,BUY,203.491817,0.5405622723394327,0x147bf038b867d2a4af2233f216e4a6a520d726812fe44c3ac9703e93d7c320c6,2026-05-01 18:30:30,0xa8885ea4fef13fc925d3db55d7f2718b6591b8431b2bf201496eab89d8c20e9b,btc-updown-15m-1777649400
"Bitcoin Up or Down - May 1, 11:30AM-11:45AM ET",Down,BUY,147.735848,0.5299999970217113,0x147bf038b867d2a4af2233f216e4a6a520d726812fe44c3ac9703e93d7c320c6,2026-05-01 18:30:30,0xb41f77ff9e571042d89c81571ee52c08a8d44a77919d66e26ac96d979d5488da,btc-updown-15m-1777649400
"Bitcoin Up or Down - May 1, 11:30AM-11:45AM ET",Down,BUY,10,0.53,0x147bf038b867d2a4af2233f216e4a6a520d726812fe44c3ac9703e93d7c320c6,2026-05-01 18:30:30,0x7d3c03ce16f88a859827dfc9088ef12542e948253ffad3cad3525fe6bb51b2e5,btc-updown-15m-1777649400
"Bitcoin Up or Down - May 1, 11:30AM-11:45AM ET",Down,BUY,216.328489,0.5269763567756441,0x147bf038b867d2a4af2233f216e4a6a520d726812fe44c3ac9703e93d7c320c6,2026-05-01 18:30:28,0xd8585189dedf77a58dbcf1158832af16f7a07832813205c5ab07d0e727f10b5e,btc-updown-15m-1777649400
"Bitcoin Up or Down - May 1, 11:30AM-11:45AM ET",Down,BUY,56.862744,0.5099999922620688,0x147bf038b867d2a4af2233f216e4a6a520d726812fe44c3ac9703e93d7c320c6,2026-05-01 18:30:28,0x4d30c30dc2d489c6eac4f560e90b69881c79803a1ab020e428fd873d43b89dd6,btc-updown-15m-1777649400
"Bitcoin Up or Down - May 1, 11:30AM-11:45AM ET",Down,BUY,5.490195,0.5099999180356982,0x147bf038b867d2a4af2233f216e4a6a520d726812fe44c3ac9703e93d7c320c6,2026-05-01 18:30:28,0xd506bd464a6aa6d3cb76a866d73ff14ef721ac8477891657c26301fe37d57dcb,btc-updown-15m-1777649400
"Bitcoin Up or Down - May 1, 11:30AM-11:45AM ET",Down,BUY,121,0.49,0x147bf038b867d2a4af2233f216e4a6a520d726812fe44c3ac9703e93d7c320c6,2026-05-01 18:30:26,0x33614f4638a8b87aa7b38b2d2a8984be04a0751c791bb838ed4a441798eb1351,btc-updown-15m-1777649400
"Bitcoin Up or Down - May 1, 11:30AM-11:45AM ET",Down,BUY,204.390195,0.5088306657763109,0x147bf038b867d2a4af2233f216e4a6a520d726812fe44c3ac9703e93d7c320c6,2026-05-01 18:30:26,0x54187634c82b2f74802d118db152d7deed5ee6b52df06f87ff9e82141965c5d4,btc-updown-15m-1777649400
"Bitcoin Up or Down - May 1, 11:30AM-11:45AM ET",Down,BUY,62.519229,0.5190402939869908,0x147bf038b867d2a4af2233f216e4a6a520d726812fe44c3ac9703e93d7c320c6,2026-05-01 18:30:26,0xcf983885684396b7e526ebce7e23f390a51a708dfe2fe7498c69dd5421621313,btc-updown-15m-1777649400
"Bitcoin Up or Down - May 1, 11:30AM-11:45AM ET",Down,BUY,5.196077,0.5099999480377215,0x147bf038b867d2a4af2233f216e4a6a520d726812fe44c3ac9703e93d7c320c6,2026-05-01 18:30:26,0x1c221717d43d65b93a93c3f51e46ac9c9cae27c39d5ad0ba5d9b352dad424182,btc-updown-15m-1777649400
"Bitcoin Up or Down - May 1, 11:30AM-11:45AM ET",Down,BUY,27.52941,0.5099999963675211,0x147bf038b867d2a4af2233f216e4a6a520d726812fe44c3ac9703e93d7c320c6,2026-05-01 18:30:26,0x4b02d4ed05046025562373b73ee94b4abe0512228cddf53b2abfad910d13b79e,btc-updown-15m-1777649400
"Bitcoin Up or Down - May 1, 11:30AM-11:45AM ET",Down,BUY,54.2914,0.49786890741443396,0x147bf038b867d2a4af2233f216e4a6a520d726812fe44c3ac9703e93d7c320c6,2026-05-01 18:30:26,0x26dc42917e40214cacfb4abff29713dbb257786df1e46096cce6841c8dd95981,btc-updown-15m-1777649400
"Bitcoin Up or Down - May 1, 11:30AM-11:45AM ET",Down,BUY,12.1,0.5,0x147bf038b867d2a4af2233f216e4a6a520d726812fe44c3ac9703e93d7c320c6,2026-05-01 18:30:26,0x996a0ce999f972442b195e3d6a0e0214767b1dec0fca9c9a2c042dedc86c4a92,btc-updown-15m-1777649400
"Bitcoin Up or Down - May 1, 11:30AM-11:45AM ET",Down,BUY,6.122447,0.4899999950999984,0x147bf038b867d2a4af2233f216e4a6a520d726812fe44c3ac9703e93d7c320c6,2026-05-01 18:30:26,0xf89954cdde1a3ca4c93fac7237b30153787cd43a6a4bd66f668fe3e81f536e5d,btc-updown-15m-1777649400
"Bitcoin Up or Down - May 1, 11:30AM-11:45AM ET",Up,BUY,200,0.52,0x147bf038b867d2a4af2233f216e4a6a520d726812fe44c3ac9703e93d7c320c6,2026-05-01 18:30:22,0x64812373fce4d23777e2a958ef280e8248a7d457a4e90b08061054231a305afb,btc-updown-15m-1777649400
"Bitcoin Up or Down - May 1, 11:30AM-11:45AM ET",Up,BUY,100.18,0.4901357556398483,0x147bf038b867d2a4af2233f216e4a6a520d726812fe44c3ac9703e93d7c320c6,2026-05-01 18:30:20,0x4ddcbbed60178feaaaf5c25883b3fd369531bf85fc2325691273b6aff8f6175a,btc-updown-15m-1777649400
"Bitcoin Up or Down - May 1, 11:30AM-11:35AM ET",Up,BUY,108.163264,0.4899999966716981,0xbac47393f059ef42ba5ecaf4b35e5ef09307b09e58ed387bb7e419cc9a8b722e,2026-05-01 18:30:20,0x1a5b22b8c796f701045409ecaca6e6470027848074d4e2b16dffbcbba46c4ca4,btc-updown-5m-1777649400
"Bitcoin Up or Down - May 1, 11:30AM-11:45AM ET",Up,BUY,17,0.51,0x147bf038b867d2a4af2233f216e4a6a520d726812fe44c3ac9703e93d7c320c6,2026-05-01 18:30:18,0x6750281f6e05c45487a114eadb7747d02e874b8328cf84332cdb8fda5d219813,btc-updown-15m-1777649400
"Bitcoin Up or Down - May 1, 11:30AM-11:35AM ET",Up,BUY,102,0.5,0xbac47393f059ef42ba5ecaf4b35e5ef09307b09e58ed387bb7e419cc9a8b722e,2026-05-01 18:30:06,0x66cda27c6866fe5e853c0d99b0b4e69d0372c61f3c81d24954d2f2d4945b7928,btc-updown-5m-1777649400
"Bitcoin Up or Down - May 1, 11:30AM-11:35AM ET",Up,BUY,104,0.5,0xbac47393f059ef42ba5ecaf4b35e5ef09307b09e58ed387bb7e419cc9a8b722e,2026-05-01 18:30:06,0x79bb6d0a084fac60908ae5117e46496c5235ecef6ee3174e874a73e5b5468f3b,btc-updown-5m-1777649400
"Bitcoin Up or Down - May 1, 11:30AM-11:35AM ET",Up,BUY,110,0.5,0xbac47393f059ef42ba5ecaf4b35e5ef09307b09e58ed387bb7e419cc9a8b722e,2026-05-01 18:30:06,0x3205b9c8f8bb24ef7153cbebe01924a89046caea0ba2c13652ef896a478c1b37,btc-updown-5m-1777649400
"Bitcoin Up or Down - May 1, 11:30AM-11:35AM ET",Up,BUY,100,0.5,0xbac47393f059ef42ba5ecaf4b35e5ef09307b09e58ed387bb7e419cc9a8b722e,2026-05-01 18:30:06,0xd5a2727c83a2865b7016f22aa38721d6df767d1b21fb8438ab10d474d44a1828,btc-updown-5m-1777649400
"Bitcoin Up or Down - May 1, 11:25AM-11:30AM ET",Down,BUY,43.57,0.17,0xe08b657642a4f8185f69feb2504e8aa3bd732ab956ab97fe4850c390b52dc3c4,2026-05-01 18:27:36,0xe0be874a39037b1f817f27f17e1aabe9c7a493d39e74a18a8deb75999261d6fe,btc-updown-5m-1777649100
"Bitcoin Up or Down - May 1, 11:15AM-11:30AM ET",Down,BUY,200,0.19,0xc249d6843739060c551122d81551ed2be3111f9bd3c788670262151dcf5015cc,2026-05-01 18:24:08,0x16426752d8137887a0b0adee4b3e20c1c141f73e3052a927369c9469b72e55ce,btc-updown-15m-1777648500
"Bitcoin Up or Down - May 1, 11AM ET",Down,BUY,20,0.2,0x846424ebfeb17f285c90f1c3ce15062a951210c61f0293c00792ff5e9532df2d,2026-05-01 18:24:08,0x11f84ea886986c402ebe34b0ee291688222bd0a14af41cafd95d99ad65fc506b,bitcoin-up-or-down-may-1-2026-11am-et
"Bitcoin Up or Down - May 1, 11:15AM-11:30AM ET",Down,BUY,87,0.18,0xc249d6843739060c551122d81551ed2be3111f9bd3c788670262151dcf5015cc,2026-05-01 18:24:06,0x9322cf97184022a3fd3b56a72d909679b8a86204013071b80987979db8a3eee8,btc-updown-15m-1777648500
"Bitcoin Up or Down - May 1, 11:20AM-11:25AM ET",Down,BUY,16.81375,0.07612816890937477,0x1c07e0cc3e80e7c1dc965bde4a0749fee91f818042a93f11aa65bee31cc3b8d9,2026-05-01 18:24:06,0x3047b18f9f9b428897a61714d5f23468c29d6ab4188e7dc9b0a929461b8955f5,btc-updown-5m-1777648800
"Bitcoin Up or Down - May 1, 11:20AM-11:25AM ET",Down,BUY,129.272221,0.06962051808485599,0x1c07e0cc3e80e7c1dc965bde4a0749fee91f818042a93f11aa65bee31cc3b8d9,2026-05-01 18:24:06,0xe11dca3b73cd3ed27a46b607c9d2c36b8f187450924916b694d8fb55c34ce021,btc-updown-5m-1777648800
"Bitcoin Up or Down - May 1, 11:20AM-11:25AM ET",Down,BUY,117.29,0.09341035041350498,0x1c07e0cc3e80e7c1dc965bde4a0749fee91f818042a93f11aa65bee31cc3b8d9,2026-05-01 18:24:06,0x13a55ddc096f4f7eed8673f7687e3a875d41cfb40c017d99df307670efd9e707,btc-updown-5m-1777648800
"Bitcoin Up or Down - May 1, 11:20AM-11:25AM ET",Down,BUY,167.255713,0.1016407672723263,0x1c07e0cc3e80e7c1dc965bde4a0749fee91f818042a93f11aa65bee31cc3b8d9,2026-05-01 18:24:06,0x67f57d68bfab4e4fc2f26e166468d377bfe4b358ac521f2d5cb09a14184ec4ee,btc-updown-5m-1777648800
"Bitcoin Up or Down - May 1, 11:20AM-11:25AM ET",Down,BUY,94.92,0.1262315634218289,0x1c07e0cc3e80e7c1dc965bde4a0749fee91f818042a93f11aa65bee31cc3b8d9,2026-05-01 18:24:06,0x11f3e32c489cc244b99b04d52e3a24499c8b426f4008a5e8a1a8edc914c435c2,btc-updown-5m-1777648800
"Bitcoin Up or Down - May 1, 11:20AM-11:25AM ET",Down,BUY,46,0.13,0x1c07e0cc3e80e7c1dc965bde4a0749fee91f818042a93f11aa65bee31cc3b8d9,2026-05-01 18:24:04,0xd62675f26dd1759ceb2a133cd29bd20aa2302e77099c01819c165a49dccd0427,btc-updown-5m-1777648800
"Bitcoin Up or Down - May 1, 11:20AM-11:25AM ET",Down,BUY,30.434614,0.11828633673487694,0x1c07e0cc3e80e7c1dc965bde4a0749fee91f818042a93f11aa65bee31cc3b8d9,2026-05-01 18:24:04,0xf804a92fbb29be8b7e6e9e797dd0a83f596f1ddb82aed21df672b75e6b3ef245,btc-updown-5m-1777648800
"Bitcoin Up or Down - May 1, 11:15AM-11:30AM ET",Down,BUY,40,0.16,0xc249d6843739060c551122d81551ed2be3111f9bd3c788670262151dcf5015cc,2026-05-01 18:24:04,0x9ea692533f7f07e391a84d410cff15e28253bc9c983ab3b14da63f60c82496bd,btc-updown-15m-1777648500
"Bitcoin Up or Down - May 1, 11AM ET",Up,BUY,210.389608,0.7699999992395061,0x846424ebfeb17f285c90f1c3ce15062a951210c61f0293c00792ff5e9532df2d,2026-05-01 18:24:04,0x2ec621ad2856949a681dfdc94b5088f1c555df576c360a9620c839b227e00bfe,bitcoin-up-or-down-may-1-2026-11am-et
"Bitcoin Up or Down - May 1, 11AM ET",Up,BUY,200,0.8,0x846424ebfeb17f285c90f1c3ce15062a951210c61f0293c00792ff5e9532df2d,2026-05-01 18:24:04,0xb0e9d2eec8af72a8af88a34732432572b24190e34982009acc1417d9d86b3a72,bitcoin-up-or-down-may-1-2026-11am-et
"Bitcoin Up or Down - May 1, 11AM ET",Up,BUY,207.5,0.8,0x846424ebfeb17f285c90f1c3ce15062a951210c61f0293c00792ff5e9532df2d,2026-05-01 18:24:04,0xe14fc0d9faa7f56f7c3e81f141882d2a1c2a42e888b7c4cca9a8a2ea60cc1013,bitcoin-up-or-down-may-1-2026-11am-et
"Bitcoin Up or Down - May 1, 11AM ET",Up,BUY,205,0.8,0x846424ebfeb17f285c90f1c3ce15062a951210c61f0293c00792ff5e9532df2d,2026-05-01 18:24:02,0xe0e30a241129b7731c3b33518809babfc5a9c68b72437762e05dce340bf74e95,bitcoin-up-or-down-may-1-2026-11am-et
"Bitcoin Up or Down - May 1, 11AM ET",Up,BUY,200,0.77,0x846424ebfeb17f285c90f1c3ce15062a951210c61f0293c00792ff5e9532df2d,2026-05-01 18:24:00,0x819137df3a30433b82757fe96459b80f75f356838cb388c5321fdcb360959f04,bitcoin-up-or-down-may-1-2026-11am-et
"Bitcoin Up or Down - May 1, 11:20AM-11:25AM ET",Up,BUY,5.02,0.55,0x1c07e0cc3e80e7c1dc965bde4a0749fee91f818042a93f11aa65bee31cc3b8d9,2026-05-01 18:23:38,0xf8d2d017a6c7efebbfabe8cd61da9a9e7eb0814b30480a8e488d92cea7529e0b,btc-updown-5m-1777648800
"Bitcoin Up or Down - May 1, 11:20AM-11:25AM ET",Up,BUY,103.211963,0.5522615532464972,0x1c07e0cc3e80e7c1dc965bde4a0749fee91f818042a93f11aa65bee31cc3b8d9,2026-05-01 18:23:38,0xdc3b52f66a541b125e5bf1649e307e52bc826bdbaf46975d5d15554deea1cb2e,btc-updown-5m-1777648800
"Bitcoin Up or Down - May 1, 11:20AM-11:25AM ET",Up,BUY,8.18,0.5316625916870416,0x1c07e0cc3e80e7c1dc965bde4a0749fee91f818042a93f11aa65bee31cc3b8d9,2026-05-01 18:23:38,0x23d5129d47f7eab53ecc5a95a6f4478cd9e8d9beaa5f7eaa48e903ff984bbcb0,btc-updown-5m-1777648800
"Bitcoin Up or Down - May 1, 11:20AM-11:25AM ET",Up,BUY,100,0.64,0x1c07e0cc3e80e7c1dc965bde4a0749fee91f818042a93f11aa65bee31cc3b8d9,2026-05-01 18:23:36,0x77ae2fee793d13397575d595513f7ef5c1b8ea4cc885036c0ab808013b95699c,btc-updown-5m-1777648800
"Bitcoin Up or Down - May 1, 11AM ET",Up,BUY,19.6,0.74,0x846424ebfeb17f285c90f1c3ce15062a951210c61f0293c00792ff5e9532df2d,2026-05-01 18:23:28,0xb66e2893e65867d50fa09462e945b68da9195afc1706f19c2060e42db9e0e0c8,bitcoin-up-or-down-may-1-2026-11am-et
"Bitcoin Up or Down - May 1, 11:20AM-11:25AM ET",Up,BUY,5,0.46,0x1c07e0cc3e80e7c1dc965bde4a0749fee91f818042a93f11aa65bee31cc3b8d9,2026-05-01 18:23:10,0xf38216617315fde7cff2166a0321adc9aaaaa2af2ef9b9b357c9ba664f7ff313,btc-updown-5m-1777648800
"Bitcoin Up or Down - May 1, 11:20AM-11:25AM ET",Up,BUY,101.060424,0.46506829419199747,0x1c07e0cc3e80e7c1dc965bde4a0749fee91f818042a93f11aa65bee31cc3b8d9,2026-05-01 18:23:10,0x576c60e718b029a0607b1ba8166a48dce485658bddc82437d504ce02b25cf632,btc-updown-5m-1777648800
"Bitcoin Up or Down - May 1, 11:15AM-11:30AM ET",Down,BUY,51,0.42,0xc249d6843739060c551122d81551ed2be3111f9bd3c788670262151dcf5015cc,2026-05-01 18:23:06,0xebca65a35a023abbcc52441bdb1a8d1f35009c26849b2bf8d89599661d1f0147,btc-updown-15m-1777648500
"Bitcoin Up or Down - May 1, 11:15AM-11:30AM ET",Down,BUY,5.232557,0.4299999025333121,0xc249d6843739060c551122d81551ed2be3111f9bd3c788670262151dcf5015cc,2026-05-01 18:23:06,0x1c53bbc5b9983063d214b65fb364d08c8f3dee52d9c3687f1a091dc33ea234ad,btc-updown-15m-1777648500
"Bitcoin Up or Down - May 1, 11:15AM-11:30AM ET",Down,BUY,13.309522,0.4199999819677972,0xc249d6843739060c551122d81551ed2be3111f9bd3c788670262151dcf5015cc,2026-05-01 18:23:06,0x9fdb42d0d4a2c1ecd13563304b412647b32dad882d529a93dae91f39012eacad,btc-updown-15m-1777648500
"Bitcoin Up or Down - May 1, 11:15AM-11:30AM ET",Down,BUY,8.186045,0.4299999572443103,0xc249d6843739060c551122d81551ed2be3111f9bd3c788670262151dcf5015cc,2026-05-01 18:23:06,0xe8372705d6a4a660aeacaea5da6f37ac2ff0505da87e72b18ca986ae20c28151,btc-updown-15m-1777648500
"Bitcoin Up or Down - May 1, 11:20AM-11:25AM ET",Up,BUY,26,0.46,0x1c07e0cc3e80e7c1dc965bde4a0749fee91f818042a93f11aa65bee31cc3b8d9,2026-05-01 18:22:52,0xbbbef3740c1a63026bed7d6ec82a12bcab781d10f4d5a6504013d8f97ac5436f,btc-updown-5m-1777648800
"Bitcoin Up or Down - May 1, 11:20AM-11:25AM ET",Up,BUY,58.79,0.41,0x1c07e0cc3e80e7c1dc965bde4a0749fee91f818042a93f11aa65bee31cc3b8d9,2026-05-01 18:22:00,0xd09007b09e8881d8ceec76ed5513c067d375088126c69edde99e9a5ebffb28ba,btc-updown-5m-1777648800
"Bitcoin Up or Down - May 1, 11:20AM-11:25AM ET",Up,BUY,100,0.42,0x1c07e0cc3e80e7c1dc965bde4a0749fee91f818042a93f11aa65bee31cc3b8d9,2026-05-01 18:21:56,0x0b1ae1e7c316775e99682d813ed4a37fb8fa15f6a9ff9096dbad0cb47425f0aa,btc-updown-5m-1777648800
"Bitcoin Up or Down - May 1, 11:20AM-11:25AM ET",Up,BUY,102.380951,0.41999999589767434,0x1c07e0cc3e80e7c1dc965bde4a0749fee91f818042a93f11aa65bee31cc3b8d9,2026-05-01 18:21:56,0xc901c975d80818a90acefa5c4d4de501a94a09081731db0054a2ba7174eb46f4,btc-updown-5m-1777648800
"Bitcoin Up or Down - May 1, 11:20AM-11:25AM ET",Up,BUY,11.14,0.46,0x1c07e0cc3e80e7c1dc965bde4a0749fee91f818042a93f11aa65bee31cc3b8d9,2026-05-01 18:21:50,0x91353303407afe55125d5336ee82351545315d820ba8ea0db87828384d5d520e,btc-updown-5m-1777648800
"Bitcoin Up or Down - May 1, 11:20AM-11:25AM ET",Up,BUY,100,0.44,0x1c07e0cc3e80e7c1dc965bde4a0749fee91f818042a93f11aa65bee31cc3b8d9,2026-05-01 18:21:50,0xcc4a67c0dcc3a9ab9593baa0845dc301d05923db9e13064812f74cee95155b91,btc-updown-5m-1777648800
"Bitcoin Up or Down - May 1, 11:15AM-11:30AM ET",Down,BUY,13,0.49,0xc249d6843739060c551122d81551ed2be3111f9bd3c788670262151dcf5015cc,2026-05-01 18:21:26,0x2483a9e04d50e273b6c01c288d5a8dd37092658a410227e31c3fe96b8d0dbd34,btc-updown-15m-1777648500
"Bitcoin Up or Down - May 1, 11:20AM-11:25AM ET",Down,BUY,100,0.51,0x1c07e0cc3e80e7c1dc965bde4a0749fee91f818042a93f11aa65bee31cc3b8d9,2026-05-01 18:21:26,0xdb0eedbc97b81b89ed4c25e0b437f8725a49bbc1954d2c5d3d97300be56c35c4,btc-updown-5m-1777648800
"Bitcoin Up or Down - May 1, 11:15AM-11:30AM ET",Down,BUY,10,0.61,0xc249d6843739060c551122d81551ed2be3111f9bd3c788670262151dcf5015cc,2026-05-01 18:20:20,0x851c709dd2a9dd9bbbecdab1e427678aeed514f832f5a6222084ec72a379599a,btc-updown-15m-1777648500
"Bitcoin Up or Down - May 1, 11:15AM-11:30AM ET",Down,BUY,9.98,0.6,0xc249d6843739060c551122d81551ed2be3111f9bd3c788670262151dcf5015cc,2026-05-01 18:20:20,0x8d8bf798813d2327ec44c82ede09ec624b3c81286d40713861358d5164cdbe16,btc-updown-15m-1777648500
"Bitcoin Up or Down - May 1, 11:15AM-11:30AM ET",Down,BUY,90,0.54,0xc249d6843739060c551122d81551ed2be3111f9bd3c788670262151dcf5015cc,2026-05-01 18:20:16,0x529fbb06cc396a99bbcc28b5049c3c205e9ccf16abf5777e6447fa05e77f8e85,btc-updown-15m-1777648500
"Bitcoin Up or Down - May 1, 11:15AM-11:30AM ET",Down,BUY,35,0.56,0xc249d6843739060c551122d81551ed2be3111f9bd3c788670262151dcf5015cc,2026-05-01 18:20:02,0xb6ae8360f63d3cd4516989537e7842a3c25d22370416d46b87325bce9610c650,btc-updown-15m-1777648500
"Bitcoin Up or Down - May 1, 11:15AM-11:30AM ET",Down,BUY,28.62,0.55,0xc249d6843739060c551122d81551ed2be3111f9bd3c788670262151dcf5015cc,2026-05-01 18:20:00,0x01fdb4393d6ccca1fa3557a9ccd9469acdf0ef1147d662cfa9dbf32ad3e96576,btc-updown-15m-1777648500
"Bitcoin Up or Down - May 1, 11:15AM-11:30AM ET",Down,BUY,15,0.55,0xc249d6843739060c551122d81551ed2be3111f9bd3c788670262151dcf5015cc,2026-05-01 18:19:52,0x987098b26908239017819e8fea7af6ba566a802a40920dd61590a5ab802093e6,btc-updown-15m-1777648500
"Bitcoin Up or Down - May 1, 11:15AM-11:30AM ET",Down,BUY,84.978595,0.5634359923225373,0xc249d6843739060c551122d81551ed2be3111f9bd3c788670262151dcf5015cc,2026-05-01 18:19:48,0x7d4038916f4dd4095423a2d88f190383909dd8408748928226933e032e1361dd,btc-updown-15m-1777648500
"Bitcoin Up or Down - May 1, 11:15AM-11:30AM ET",Down,BUY,115.851784,0.555710035505366,0xc249d6843739060c551122d81551ed2be3111f9bd3c788670262151dcf5015cc,2026-05-01 18:19:48,0x82dd699dfb3b94d6d759ab854faef401ee554fda309711e1ba77c19679ab2492,btc-updown-15m-1777648500
"Bitcoin Up or Down - May 1, 11:15AM-11:30AM ET",Down,BUY,37.04,0.5405669546436285,0xc249d6843739060c551122d81551ed2be3111f9bd3c788670262151dcf5015cc,2026-05-01 18:19:48,0x3676cfcf3dd6c0b893e813a8dbc3e7b299ad23eb6ecb77336fa199c31557a3cf,btc-updown-15m-1777648500
"Bitcoin Up or Down - May 1, 11:15AM-11:30AM ET",Down,BUY,157.81818,0.55,0xc249d6843739060c551122d81551ed2be3111f9bd3c788670262151dcf5015cc,2026-05-01 18:19:48,0x64168315cbed5f37db37a831a404c0f2aa9b1b10d49e683407c7d7615bb05998,btc-updown-15m-1777648500
"Bitcoin Up or Down - May 1, 11:15AM-11:30AM ET",Down,BUY,99.86,0.53,0xc249d6843739060c551122d81551ed2be3111f9bd3c788670262151dcf5015cc,2026-05-01 18:19:48,0x87a4b89daae440683efb9c841d5ac75b51d888c3407d48cfc175991f02ebfeca,btc-updown-15m-1777648500
"Bitcoin Up or Down - May 1, 11:15AM-11:30AM ET",Up,BUY,5,0.46,0xc249d6843739060c551122d81551ed2be3111f9bd3c788670262151dcf5015cc,2026-05-01 18:19:44,0x28e42e6fa140e01a6524bb315deba0bce3e7d65fdbb693d57478dc2ac66445cd,btc-updown-15m-1777648500
"Bitcoin Up or Down - May 1, 11:15AM-11:20AM ET",Up,BUY,64.79,0.34154344806297265,0x0e8b243cde5b9a380b1dce2240227f5b64ac024f6570aeb5f1a26964f741e3bf,2026-05-01 18:19:08,0xd4a6200e30152f5290481bde3b90d0b051f5bcb82e0cdc96594fdb5856c53b4f,btc-updown-5m-1777648500
"Bitcoin Up or Down - May 1, 11:15AM-11:20AM ET",Up,BUY,102.069332,0.29391785379765195,0x0e8b243cde5b9a380b1dce2240227f5b64ac024f6570aeb5f1a26964f741e3bf,2026-05-01 18:19:06,0x66d11de6879fd1db22f0793d7ecefea2cb831fe37b7c5917d34aaab477f815f7,btc-updown-5m-1777648500
"Bitcoin Up or Down - May 1, 11:15AM-11:20AM ET",Up,BUY,100,0.24,0x0e8b243cde5b9a380b1dce2240227f5b64ac024f6570aeb5f1a26964f741e3bf,2026-05-01 18:18:14,0x0ee864ad912057f195badcb9f8371a6a1339b9c8457c8301f6449c2638c9e1c6,btc-updown-5m-1777648500
"Bitcoin Up or Down - May 1, 11AM ET",Down,BUY,200,0.35,0x846424ebfeb17f285c90f1c3ce15062a951210c61f0293c00792ff5e9532df2d,2026-05-01 18:17:56,0x1f1eb3a1b183523db1ea8d572446f83bf225a1a35f7008a3808f421b9f203869,bitcoin-up-or-down-may-1-2026-11am-et
"Bitcoin Up or Down - May 1, 11:15AM-11:30AM ET",Down,BUY,40,0.69,0xc249d6843739060c551122d81551ed2be3111f9bd3c788670262151dcf5015cc,2026-05-01 18:17:56,0x9df9193ae0b1c54c03d55d8a1d6af4ae33eacadf0e2536a7362b7d3b6ea18ed4,btc-updown-15m-1777648500
"Bitcoin Up or Down - May 1, 11AM ET",Down,BUY,200,0.35,0x846424ebfeb17f285c90f1c3ce15062a951210c61f0293c00792ff5e9532df2d,2026-05-01 18:17:52,0xd2d3ffa4773c0e51ae72f333ebcb5e370bda5a332c56db3dc931d126dbe41f9e,bitcoin-up-or-down-may-1-2026-11am-et
"Bitcoin Up or Down - May 1, 11:15AM-11:30AM ET",Down,BUY,160.144508,0.5030456554901027,0xc249d6843739060c551122d81551ed2be3111f9bd3c788670262151dcf5015cc,2026-05-01 18:17:10,0xdb80dc7bf4c89c537451a77a178e6b527dc1e8e526f71ce931195eb7b4ac5e60,btc-updown-15m-1777648500
"Bitcoin Up or Down - May 1, 11:15AM-11:30AM ET",Down,BUY,106.08,0.5,0xc249d6843739060c551122d81551ed2be3111f9bd3c788670262151dcf5015cc,2026-05-01 18:17:10,0xb9a61d781ebfdc7719a17893f2a33eace67c19002322ed14887c2cfe7b8ecdb0,btc-updown-15m-1777648500
"Bitcoin Up or Down - May 1, 11:15AM-11:30AM ET",Down,BUY,63,0.51,0xc249d6843739060c551122d81551ed2be3111f9bd3c788670262151dcf5015cc,2026-05-01 18:17:10,0xe71acdea2ca4f1a85d2c0df803861d340ce6dae8b91f794e420101006b0dcd9d,btc-updown-15m-1777648500
"Bitcoin Up or Down - May 1, 11:15AM-11:30AM ET",Down,BUY,92,0.53,0xc249d6843739060c551122d81551ed2be3111f9bd3c788670262151dcf5015cc,2026-05-01 18:17:06,0xaf26205adf837efc172e95bd939dc0ec38fc8f35fa7a6c354ed86f7f23a6daf2,btc-updown-15m-1777648500
"Bitcoin Up or Down - May 1, 11:15AM-11:30AM ET",Down,BUY,120.05,0.54,0xc249d6843739060c551122d81551ed2be3111f9bd3c788670262151dcf5015cc,2026-05-01 18:17:04,0xf9dfedf6ac82a43f6291faa8bd1467335a2909f95c074fbf69db02074dcd3f65,btc-updown-15m-1777648500
"Bitcoin Up or Down - May 1, 11:15AM-11:30AM ET",Down,BUY,16,0.52,0xc249d6843739060c551122d81551ed2be3111f9bd3c788670262151dcf5015cc,2026-05-01 18:17:00,0x445ca025c13f080f3e2daeae3687c725094c2abc44ca305e1501a458735f5f96,btc-updown-15m-1777648500
"Bitcoin Up or Down - May 1, 11:15AM-11:30AM ET",Down,BUY,11.27,0.51,0xc249d6843739060c551122d81551ed2be3111f9bd3c788670262151dcf5015cc,2026-05-01 18:16:54,0xd9f8da94b4c7a623aa3ca981c0a84ffaad376f60bbaed86ee14b2fd0c38c40d9,btc-updown-15m-1777648500
"Bitcoin Up or Down - May 1, 11:15AM-11:20AM ET",Down,BUY,100,0.53,0x0e8b243cde5b9a380b1dce2240227f5b64ac024f6570aeb5f1a26964f741e3bf,2026-05-01 18:16:44,0x23c50d1cccc1a73650955cb0d73dc95bd96730c7bfda22ae3c38fc55744dc14d,btc-updown-5m-1777648500
"Bitcoin Up or Down - May 1, 11:15AM-11:30AM ET",Down,BUY,104.79,0.56,0xc249d6843739060c551122d81551ed2be3111f9bd3c788670262151dcf5015cc,2026-05-01 18:16:40,0xab11c97f67d2010685608958ded7b93770c5b067531fdff372f39072471f2ad0,btc-updown-15m-1777648500
"Bitcoin Up or Down - May 1, 11:15AM-11:30AM ET",Down,BUY,50.8,0.55,0xc249d6843739060c551122d81551ed2be3111f9bd3c788670262151dcf5015cc,2026-05-01 18:16:38,0x0bfd1736d9ba111c103b8a25e336d22368847d9dbf7b9e0335fbd07792278bd1,btc-updown-15m-1777648500
"Bitcoin Up or Down - May 1, 11:15AM-11:30AM ET",Down,BUY,142.545453,0.549999998947704,0xc249d6843739060c551122d81551ed2be3111f9bd3c788670262151dcf5015cc,2026-05-01 18:16:36,0x4694977c9a734f3551745b71b6a638104190dec066e9d8a29973bb6c3b0b0611,btc-updown-15m-1777648500
"Bitcoin Up or Down - May 1, 11:15AM-11:30AM ET",Down,BUY,100,0.55,0xc249d6843739060c551122d81551ed2be3111f9bd3c788670262151dcf5015cc,2026-05-01 18:16:36,0xc6068d0d26d9158e8c1a096233f8b17ff2fbd700aaa7bde56930fc3c0adbf9cc,btc-updown-15m-1777648500
"Bitcoin Up or Down - May 1, 11:15AM-11:30AM ET",Down,BUY,216.837893,0.5441853237339841,0xc249d6843739060c551122d81551ed2be3111f9bd3c788670262151dcf5015cc,2026-05-01 18:16:36,0x861ba4a9a23c780ac9cdf545477bc321c9714dacddd3004160c0179429a932b8,btc-updown-15m-1777648500
"Bitcoin Up or Down - May 1, 11:15AM-11:30AM ET",Down,BUY,214.534034,0.5407067439938225,0xc249d6843739060c551122d81551ed2be3111f9bd3c788670262151dcf5015cc,2026-05-01 18:16:34,0xa8f7467a71f3f8030418ab1baaffa45b902876379fb5646682590be2fb61374b,btc-updown-15m-1777648500
"Bitcoin Up or Down - May 1, 11:15AM-11:30AM ET",Down,BUY,10.961537,0.5199999781052602,0xc249d6843739060c551122d81551ed2be3111f9bd3c788670262151dcf5015cc,2026-05-01 18:16:34,0x2f2d9e897adb48f19ba8b6dd5f331a7662734dad1bdf4078f8bae270266afc15,btc-updown-15m-1777648500
"Bitcoin Up or Down - May 1, 11:15AM-11:30AM ET",Down,BUY,225.0148,0.4977450372153298,0xc249d6843739060c551122d81551ed2be3111f9bd3c788670262151dcf5015cc,2026-05-01 18:16:32,0x3481140ea44aaee0fd0e534cdc38a84052c80e0b4d2611e557a70ca7c4a568f3,btc-updown-15m-1777648500
"Bitcoin Up or Down - May 1, 11:15AM-11:30AM ET",Down,BUY,5.851062,0.4699999760727198,0xc249d6843739060c551122d81551ed2be3111f9bd3c788670262151dcf5015cc,2026-05-01 18:16:32,0x5a1aac614f7dd69df8527a04ed34abed6641293f305ab5a4a92f2b3e2d6436cd,btc-updown-15m-1777648500
"Bitcoin Up or Down - May 1, 11:15AM-11:30AM ET",Down,BUY,5.42553,0.46999998156862094,0xc249d6843739060c551122d81551ed2be3111f9bd3c788670262151dcf5015cc,2026-05-01 18:16:32,0x76a52bcd2e7f80bd6ab68ae3d2b5a820bff000d9326e83bcd4a09fcc5bdb9cd8,btc-updown-15m-1777648500
"Bitcoin Up or Down - May 1, 11:15AM-11:30AM ET",Down,BUY,5.638296,0.4699999787169741,0xc249d6843739060c551122d81551ed2be3111f9bd3c788670262151dcf5015cc,2026-05-01 18:16:32,0x8ad1d30436c35730a07ed6b008f60137165c74417aba1b4d7738b839b8670bac,btc-updown-15m-1777648500
"Bitcoin Up or Down - May 1, 11:15AM-11:30AM ET",Down,BUY,11.48936,0.46999998259259,0xc249d6843739060c551122d81551ed2be3111f9bd3c788670262151dcf5015cc,2026-05-01 18:16:32,0x7e7cf6abff3754bc167f1b3f5dd80eaaf3d14c91104ab9f31164217e0aeede4b,btc-updown-15m-1777648500
"Bitcoin Up or Down - May 1, 11:15AM-11:30AM ET",Down,BUY,6,0.47,0xc249d6843739060c551122d81551ed2be3111f9bd3c788670262151dcf5015cc,2026-05-01 18:16:32,0x169c3958f3e8e7ff164362b3ae4c3ef0a69dca73a7f46ac63f5987237d269481,btc-updown-15m-1777648500
"Bitcoin Up or Down - May 1, 11:15AM-11:30AM ET",Down,BUY,58.510637,0.4699999933345453,0xc249d6843739060c551122d81551ed2be3111f9bd3c788670262151dcf5015cc,2026-05-01 18:16:32,0xb8c2c2dd232954cef274498af81fd63faa4636decd8d8fcd770097f2eb26dae3,btc-updown-15m-1777648500
"Bitcoin Up or Down - May 1, 11:15AM-11:30AM ET",Down,BUY,5.531913,0.4699999801153778,0xc249d6843739060c551122d81551ed2be3111f9bd3c788670262151dcf5015cc,2026-05-01 18:16:32,0x4bf62d03794d5916a2068650d191844ace20e8bfea56024d2037683ab31e3e60,btc-updown-15m-1777648500
"Bitcoin Up or Down - May 1, 11:15AM-11:30AM ET",Down,BUY,25.531913,0.46999999569166634,0xc249d6843739060c551122d81551ed2be3111f9bd3c788670262151dcf5015cc,2026-05-01 18:16:32,0xb0a19b79bfe6a33d51e93b6b7e70142c7e848a066daf6e5c968aa4bc2c21d6a6,btc-updown-15m-1777648500
"Bitcoin Up or Down - May 1, 11:15AM-11:30AM ET",Down,BUY,10.42553,0.4699999904081615,0xc249d6843739060c551122d81551ed2be3111f9bd3c788670262151dcf5015cc,2026-05-01 18:16:32,0x7bfe87adcbc2c8be60a5250f91d9c8af6bf35dd6fa2b35b60428cc6116de4e6d,btc-updown-15m-1777648500
"Bitcoin Up or Down - May 1, 11:15AM-11:20AM ET",Down,BUY,28.86,0.21,0x0e8b243cde5b9a380b1dce2240227f5b64ac024f6570aeb5f1a26964f741e3bf,2026-05-01 18:16:24,0xd330b8e95c8d910ff97cc1a7855e23642255bf66ea93aa22ece51505b53f98fc,btc-updown-5m-1777648500
"Bitcoin Up or Down - May 1, 11:15AM-11:30AM ET",Down,BUY,186.014,0.39996989473910566,0xc249d6843739060c551122d81551ed2be3111f9bd3c788670262151dcf5015cc,2026-05-01 18:16:16,0xf5d440c7c209b5f7f83b4459bf27def432bb5bbcef651102d63d9a4a1705b999,btc-updown-15m-1777648500
"Bitcoin Up or Down - May 1, 11:15AM-11:30AM ET",Down,BUY,161,0.39,0xc249d6843739060c551122d81551ed2be3111f9bd3c788670262151dcf5015cc,2026-05-01 18:16:16,0x9d33858c913f8082ad902ff6834c148fd38bcf2e20afd3b47286146a7a02b4dd,btc-updown-15m-1777648500
"Bitcoin Up or Down - May 1, 11:15AM-11:30AM ET",Down,BUY,203.179771,0.43311397865489276,0xc249d6843739060c551122d81551ed2be3111f9bd3c788670262151dcf5015cc,2026-05-01 18:15:38,0x46fd8799f03e7efee38d2739b9efbcc931c48c111b817ef3f7f6269cc5bc2146,btc-updown-15m-1777648500
"Bitcoin Up or Down - May 1, 11:15AM-11:30AM ET",Down,BUY,126.627905,0.429999998815427,0xc249d6843739060c551122d81551ed2be3111f9bd3c788670262151dcf5015cc,2026-05-01 18:15:38,0xaca9e79fcadbd0dd52a6c93112cd7924db705870725b74a7c958958f31bf162b,btc-updown-15m-1777648500
"Bitcoin Up or Down - May 1, 11:15AM-11:30AM ET",Down,BUY,200,0.43,0xc249d6843739060c551122d81551ed2be3111f9bd3c788670262151dcf5015cc,2026-05-01 18:15:38,0x9c1fb1457cae8039eec849ab7b99208aa3bf11f3d5ab06e34b4a46e2c026b0fb,btc-updown-15m-1777648500
"Bitcoin Up or Down - May 1, 11:15AM-11:30AM ET",Down,BUY,218.60465,0.4299999977127659,0xc249d6843739060c551122d81551ed2be3111f9bd3c788670262151dcf5015cc,2026-05-01 18:15:36,0x9f6bc1dc659e72f2f0bc7a1558e57b8536f67fc9e3e61b1a69be90a43d6baf3a,btc-updown-15m-1777648500
