Market Title,Outcome,Side,Size,Price,Condition ID,Timestamp,Transaction Hash,Event Slug
"Solana Up or Down - May 4, 11:35AM-11:40AM ET",Down,BUY,2.62,0.23,0xf605355b75c237a45d792d6c4650d5ba8c843a4f579c3a57312061fe1bc9aa8b,2026-05-04 18:40:02,0x855df10d10a34604bbc6674634eacb510008a38b75d4afb30cffbe343ed6feae,sol-updown-5m-1777908900
"XRP Up or Down - May 4, 9:30AM-9:45AM ET",Down,BUY,58.38,0.5,0x24bc2137435f4d3ef1f900f335786a8406eee2fac349e55485b22cb22149ac75,2026-05-04 16:45:00,0xfcb6657b715943629e6a318b58dc561d3ef876cf0bd4e928efc4aaab1937d6aa,xrp-updown-15m-1777901400
"Bitcoin Up or Down - May 4, 9:25AM-9:30AM ET",Down,BUY,60.24,0.21084661354581674,0xbf9a1d7526e0b82905569fc5428b1543d53397954f5b971dcea1da43a1031e15,2026-05-04 16:30:00,0xa58173a31be965f2683c95c8d5e910e09b6914688297c15ff2f5b8b697d09cbb,btc-updown-5m-1777901100
"Bitcoin Up or Down - May 4, 8:25AM-8:30AM ET",Up,BUY,51.72,0.58,0xfdf3bebc9e1b832f24c6c7daeed7dca1dc45352aef21326c673e44878d7f727b,2026-05-04 15:30:12,0xf3b476b24516b33c8bdefbdf945a09b6e1cb9c52ce557096d64c837a5706c785,btc-updown-5m-1777897500
"Ethereum Up or Down - May 4, 8:00AM-8:05AM ET",Down,BUY,26.1,0.42,0x90376984b444483c58ecf8cbf51dc3c37a887b1d5c0b28b13a05b844667fb106,2026-05-04 15:05:12,0x66044dad8909dd875b6032a5644f2d2d37a13302ca03cc4123a9a3de0b32a5bb,eth-updown-5m-1777896000
"Bitcoin Up or Down - May 4, 5:15AM-5:30AM ET",Down,BUY,10.58,0.44,0xbdba03a4bd23932f1a73ecb1e64bc67de0e230cece58ab50d9f00c650216f81e,2026-05-04 12:30:24,0xff62199d66c73ce2a1e7b40984e1efaedb668586b56aa62217503585ff6b43fc,btc-updown-15m-1777886100
"Bitcoin Up or Down - May 4, 1:50AM-1:55AM ET",Down,BUY,41.15,0.01,0xe7c53f4897ab690b29579bcaa143e15e355985d885e1ffe5a4b2c4f85c4e9c67,2026-05-04 08:55:12,0x5121fe2e7ae6ed95ab93c817f8fae8bd2a4024446f13af85734d12e5855c2a64,btc-updown-5m-1777873800
"Solana Up or Down - May 3, 8:25PM-8:30PM ET",Down,BUY,12.38,0.41,0x3021ced3824ef512abd0ebd33ced8a46190d4d168e47e0f9748f6afcbfb5f3fe,2026-05-04 03:30:02,0x269e55371c0a9202cc1461744263f6415aba44492a27a34047d4539747d5fa45,sol-updown-5m-1777854300
"Bitcoin Up or Down - May 3, 5:30PM-5:35PM ET",Down,BUY,16.32,0.42,0xbde65e198495a55aae2a483fe0fda916661d6736b5a9e859f1d358e195b97b2d,2026-05-04 00:35:02,0x475e17da6c8e73b7c5537629fd682e77ac4895167fe71b16c141dbcc508370eb,btc-updown-5m-1777843800
"Solana Up or Down - May 3, 4:00PM-4:15PM ET",Down,BUY,5,0.65,0xaf0cdc2026b6b38aad20f80711235772848689a36c29ce01c29dccd8e81a6141,2026-05-03 23:15:14,0x4c1d43424232ba17f55260b8cc77a002126b6883459a5d2ffb321567776c55e4,sol-updown-15m-1777838400
"BNB Up or Down - May 3, 4:05PM-4:10PM ET",Up,BUY,48.52,0.57,0x31cb7d200a51054192badd0cce64dcd7d08ab2546130bd924ead315beea25b15,2026-05-03 23:10:04,0xab578310d10e99f57cdb71bcf0b5c61a8158e8a96fa5f3d0c6844a5d0ccc1bba,bnb-updown-5m-1777838700
"BNB Up or Down - May 3, 4:05PM-4:10PM ET",Down,BUY,44.43,0.37,0x31cb7d200a51054192badd0cce64dcd7d08ab2546130bd924ead315beea25b15,2026-05-03 23:10:02,0x73b90bfe8868fec522ffcaada2bb5601595e0603f379ffbfbcece96738692cfb,bnb-updown-5m-1777838700
"Solana Up or Down - May 3, 4:00PM-4:05PM ET",Up,BUY,54.35,0.32,0x95d0701f156b92c4ad24de89cb47027c22a60805f94c32f486e3921c6d43530b,2026-05-03 23:05:14,0xf2502a6048dcf600382f25dadf85d5549a7ac88adafd278e79211d53d48267c1,sol-updown-5m-1777838400
"Solana Up or Down - May 3, 4:00PM-4:05PM ET",Down,BUY,52.38,0.5404505536464299,0x95d0701f156b92c4ad24de89cb47027c22a60805f94c32f486e3921c6d43530b,2026-05-03 23:05:12,0x721c2f4366f27101a2d3765355c4b27b530f9a5c12b90efdc37dedde689960d9,sol-updown-5m-1777838400
"Ethereum Up or Down - May 3, 3:55PM-4:00PM ET",Up,BUY,33.27,0.7,0xfa4e596f9b53f39573f605fde2e1896ce7785e04dd1c5017fc8dc0a3478476cd,2026-05-03 23:00:14,0x6807e7c423704b26cb4838d093018bb5c23bc58a5307056d622733dfc43399aa,eth-updown-5m-1777838100
"Bitcoin Up or Down - May 3, 3:05PM-3:10PM ET",Up,BUY,41.15,0.7,0x06adad326ae2b824b3a1779af4e9657424a078c4de891d16ad32136274819709,2026-05-03 22:10:22,0x24b35a4fca1bf1dd6cf241d509eae81bf683d1661bccf6f3cd8a3185da1c6a66,btc-updown-5m-1777835100
"Ethereum Up or Down - May 3, 2:50PM-2:55PM ET",Up,BUY,41.15,0.6878493317132442,0x0ef5454d21adb4568d05290b11dcdf4e15256d18c45edd1766b49379ca900141,2026-05-03 21:55:10,0x128d4bffd08e09b0cd3af2770f983b324c2d65e4e85e903db694398c83b61ec8,eth-updown-5m-1777834200
"Bitcoin Up or Down - May 3, 2:35PM-2:40PM ET",Up,BUY,41.15,0.69,0xfe70292e34a186a0f34f20bc0731b05a567cba5cd1ab43d6758e7a5a1747833d,2026-05-03 21:40:06,0x0120d7b4248ee7dca7a6812ebce939ee4d6af8003311779224d6ef00b99a9784,btc-updown-5m-1777833300
"Bitcoin Up or Down - May 3, 2:20PM-2:25PM ET",Down,BUY,54.37,0.3757715652013978,0xcfb4e4ec634bb8ce6b24d95e042d80b9185eca463980f6b7ac9f589e2903b240,2026-05-03 21:25:08,0x5b94b386bb43a2ff10862499e0f7337f6b5ce9f07531402028e7a8a8493fb7ef,btc-updown-5m-1777832400
"Hyperliquid Up or Down - May 3, 1:45PM-1:50PM ET",Down,BUY,40,0.5,0x5317235aa0f73d505c3c844814184031c2f07eec1180c0143d2ff71b8e87e4cb,2026-05-03 20:50:12,0x67b76bf11a75e36560d3b0a62ce4eb0be857fa3eaa9c5d2be51662985c5422aa,hype-updown-5m-1777830300
"Ethereum Up or Down - May 3, 1:40PM-1:45PM ET",Down,BUY,41.15,0.13,0xece9f124c7f69a46815a4ef4c2d45061f2b9a649005d9c60fe7effc59b92ecb9,2026-05-03 20:45:12,0xfd4e67988b647d985a2a402bbb47d9fea29904e7216d7c2d6e41814eb5cf4046,eth-updown-5m-1777830000
"Ethereum Up or Down - May 3, 12:40PM-12:45PM ET",Down,BUY,5,0.53,0xf7c607fe253bc4f512f35b316e177c0f0db78d63c2fe94147ddffbc7f082c2c6,2026-05-03 19:45:00,0xc15a49ab7a5eaef0a853c0f400f222082fd2c92adf85e7deb1e4658b0462e5dd,eth-updown-5m-1777826400
"Solana Up or Down - May 3, 11:00AM-11:05AM ET",Down,BUY,200,0.032,0x3c3e99f7b574c6a90e45bb8a1a2250fab87ffc2058896a10ccc8bf691b6f253c,2026-05-03 18:05:12,0x84e4c70b9ae833ba1db06c9fd358c4a192ede5d94827c98c0008d652ae887f78,sol-updown-5m-1777820400
"Bitcoin Up or Down - May 3, 8:45AM-8:50AM ET",Down,BUY,41.88,0.5,0xea0e94afa83b97d21092195575b5943dc92b4a96d79a19ca72529048eac45e3d,2026-05-03 15:50:14,0xf8fe2846463d8ac526b4a57f5455cc9f41cf3b7277f6cbebbc67646b1d799f42,btc-updown-5m-1777812300
"Solana Up or Down - May 3, 5:45AM-5:50AM ET",Up,BUY,23.15,0.4,0x88f38c6670b45b4559d2887a1471b3049a707b769827264e7f68db77efb2ca06,2026-05-03 12:50:14,0x235b96ad51aea27bae76353ffca2ad1a7978d7e4658f0eb74f4fdf061c6f1d80,sol-updown-5m-1777801500
"Solana Up or Down - May 3, 5:00AM-5:05AM ET",Down,BUY,83.03,0.6,0xc794dd157f12e18b583d598b8614aa74c4cac32a3ca1bc16a51a1db4484f8cfa,2026-05-03 12:05:10,0x4ce80c350348987ef4c1bf2611b0f82bb59a72968ef3387aeb40edc2ca776d90,sol-updown-5m-1777798800
"Solana Up or Down - May 3, 5:00AM-5:05AM ET",Up,BUY,51.11,0.42652122872236353,0xc794dd157f12e18b583d598b8614aa74c4cac32a3ca1bc16a51a1db4484f8cfa,2026-05-03 12:05:08,0x282a38f69f79ba464eb2ebad309036ab18365f96a3c320b8e62e1a32548763ec,sol-updown-5m-1777798800
"Dogecoin Up or Down - May 3, 3:45AM-4:00AM ET",Down,BUY,41.15,0.5170959902794654,0x23925448116fed8bda6d1eec5e8b07f10ee76cafc9ab375d4f889457b0af8a7e,2026-05-03 11:00:06,0x83d5161c6eb03e50b54f8d6a3235b9f35e29c931546ec50c11e8a8b689b70548,doge-updown-15m-1777794300
"Solana Up or Down - May 3, 3:55AM-4:00AM ET",Down,BUY,41.15,0.01,0xb31a308c91346bea9ddb047c8c06257a2917428ebdcb9ac7d5668fbfb3420f76,2026-05-03 11:00:04,0x6612f0f360aeaf02c9580226c60c6a79736a833b9398aa2affe3bb6f64080c63,sol-updown-5m-1777794900
"Hyperliquid Up or Down - May 3, 3:30AM-3:45AM ET",Down,BUY,10.35,0.4,0xb780b72ed2f8d9791df7146c1ff898163efc60928f13c61a2759a36e4e7302ed,2026-05-03 10:45:02,0xf81900597a9effbb7dac80f9096329e0c60a3ca47f6079e4909f1d376856e31a,hype-updown-15m-1777793400
"XRP Up or Down - May 3, 3:40AM-3:45AM ET",Down,BUY,100,0.6,0x60445a29e64d2f8e3e168bcb949b79f1953117f574bc07c0ab6e54a89dc2ff7c,2026-05-03 10:45:02,0xcbf936f224bf87a6e274330d104e06e4e3cccd0c737c89e1e10feeed325c677e,xrp-updown-5m-1777794000
"XRP Up or Down - May 3, 3:40AM-3:45AM ET",Up,BUY,5.01,0.22,0x60445a29e64d2f8e3e168bcb949b79f1953117f574bc07c0ab6e54a89dc2ff7c,2026-05-03 10:45:02,0x9cd5efe8c300b7a789963d27c989a40aa92af1e267321967b98a827fd3484ec0,xrp-updown-5m-1777794000
"XRP Up or Down - May 3, 2:40AM-2:45AM ET",Up,BUY,41.15,0.4385905224787363,0x9867145fab902cddce3e1ae04805a78ff130e8d90f08c5c162b0ff4d28fd5ccb,2026-05-03 09:45:12,0x5b178e0ffd671fd144b561efe1f332c5d0da7c8ad2d005f1b98ab07a07f0585b,xrp-updown-5m-1777790400
"XRP Up or Down - May 3, 1:15AM-1:30AM ET",Up,BUY,13,0.6,0x5547a304149354a5c22a9c4129b4efd1228317dcbac9b1d50a57c3df5f4ca4e1,2026-05-03 08:30:22,0x588bfef5acaa79506e316ebac01e5d39fe743ca5e1d8c8d368761415244c19af,xrp-updown-15m-1777785300
"Bitcoin Up or Down - May 3, 1:10AM-1:15AM ET",Down,BUY,6.31,0.42,0x968e1fda58a1ea3bf7c8a4c9d80491499e0c618ef9ab1bd129cbc9ecbe23fe67,2026-05-03 08:15:12,0xce8d21ccff96916841400f1d884b6c22af8d52ba5da451411e0d3163bbdbd9ad,btc-updown-5m-1777785000
"Dogecoin Up or Down - May 3, 12:30AM-12:45AM ET",Up,BUY,58.82,0.35899693981638897,0x942ed9b89af86ce51f0c31b7e4ffedab46f4eb227804f4ee8430528791a50c36,2026-05-03 07:45:12,0x174e6138b2f4e65bae8b4ab0e70db81e16e9ab6933be624b67639616e1e64cb4,doge-updown-15m-1777782600
"XRP Up or Down - May 3, 12:30AM-12:45AM ET",Down,BUY,14,0.65,0x73bd11e3579f6a2e855792977678670039efe554dced27aff8982399d3f282b0,2026-05-03 07:45:12,0xc308b0a355c60dc846fcd823d5d20b25bde2b1d876b46e4be7429014ac661e4d,xrp-updown-15m-1777782600
"Dogecoin Up or Down - May 2, 9:45PM-10:00PM ET",Down,BUY,28.69,0.68,0x661a1a82c89c0807806c8ad81c5d7fd22127ed5c04c0401ef3481dc1e174b7d1,2026-05-03 05:00:24,0x0c7f745d30fa5b81c602684688906bf1ebd00531d060efad79accfd60a7e0fb7,doge-updown-15m-1777772700
"Ethereum Up or Down - May 2, 9:45PM-10:00PM ET",Down,BUY,11,0.68,0xdc7c0cab10f06d4fdb7df2f17060245ce28d9c7c9c036ff7254084b6b9754bc8,2026-05-03 05:00:24,0x91b2fcbcf159026c5669eee5e09be1bb2d9fe0d6c0bf1a440bd12b4854606874,eth-updown-15m-1777772700
"BNB Up or Down - May 2, 9:55PM-10:00PM ET",Down,BUY,41.15,0.35662211421628187,0x932de4fcd7aefd53e12f521721c917ddf00192c1f0e41fb7e9cb526a07d4055b,2026-05-03 05:00:12,0xdbbb560699dbd5f97301408c9b5bf35ebfda580d0f3c4db5c16f9bbbd971b53c,bnb-updown-5m-1777773300
"Hyperliquid Up or Down - May 2, 9:45PM-10:00PM ET",Up,BUY,41.15,0.6169987849331713,0x5ec5a81d7724ae5ca2c006745a776fd408617c3aea789f5708f1be4fdd911aa9,2026-05-03 05:00:12,0x670b8415eb9a433ab542ad967db234547c3cec8281a90cb5c2a0d11a1634e442,hype-updown-15m-1777772700
"Solana Up or Down - May 2, 9:25PM-9:30PM ET",Down,BUY,41.68,0.55,0x5d4cc45e4d1705700068df27733ea2f45330506ca408719b6e16bc1e8e848357,2026-05-03 04:30:22,0xa01c747f40705e95c954aa1eaa8044d453ce806339bccacca4868c7f04c74956,sol-updown-5m-1777771500
"Hyperliquid Up or Down - May 2, 9:15PM-9:30PM ET",Up,BUY,42.25,0.5529349112426035,0xc6ca41a0e29d72f586fe8e5ae4f0ee2dd9f0e096507491be7585f837d4f0230c,2026-05-03 04:30:22,0xd426ccd7ff5c8dd79c8405a38ccba31ca97ff1965a46dcc331f07661b1a39fa3,hype-updown-15m-1777770900
"Bitcoin Up or Down - May 2, 9:10PM-9:15PM ET",Down,BUY,41.15,0.02,0x700a9c5819c46e9a2059328729527871cac4816539af00c4fef3fd16df8013df,2026-05-03 04:15:12,0x5af494281852dfdfcec4a28e909c68f91924115953bf72ad998c5de7fed9aa1a,btc-updown-5m-1777770600
"BNB Up or Down - May 2, 8:45PM-9:00PM ET",Down,BUY,34.52,0.39,0x2b851207bf2106a7edaa0476dd5736e6b21d336f6b55a3006b8a908d24757185,2026-05-03 04:00:00,0xceef8e13463420c5ad82145d997ade4b43ec4cbe08b6b4d2a03c8d5f05363a2d,bnb-updown-15m-1777769100
"Solana Up or Down - May 2, 8:35PM-8:40PM ET",Down,BUY,18.88,0.45,0x68e32672d2a478458bc1ac817ee56a57620e8d78b596b60e5a54aaa79620a97d,2026-05-03 03:40:06,0x4908296667624e0c211b6a75b9dfa003125f85bf0ca16e773bd18b47f4b2b48f,sol-updown-5m-1777768500
"Hyperliquid Up or Down - May 2, 7:45PM-8:00PM ET",Down,BUY,43.47,0.44081665516448126,0x609f28ea159093a0cf6f0b5a63fc426910095203cf819570e854909b0782f900,2026-05-03 03:00:26,0x7387af8712b536e65069bb1e396e5bb10f9992ff6f96b04002714c26efb41145,hype-updown-15m-1777765500
"BNB Up or Down - May 2, 7:45PM-8:00PM ET",Down,BUY,1.3,0.69,0x8e012e08aaad35bea8ed9b0487fb8b794a543b2a160c7dcb4eab47e2b6333bde,2026-05-03 03:00:24,0x8d175f911061680091cf372462620acc9ce829f892bbec5d8e399a60900d36f5,bnb-updown-15m-1777765500
"Hyperliquid Up or Down - May 2, 7:30PM-7:45PM ET",Up,BUY,36.99,0.558499594484996,0xdf7a30b6f8554e18273e1b6c4b3b1232e77773c7047cf9ef125ca32077be0b6d,2026-05-03 02:45:12,0x545ee9d6dbb069f809fa15a3aecd1ebb855689250fd235ef69ceea2e705045e9,hype-updown-15m-1777764600
"Hyperliquid Up or Down - May 2, 7:15PM-7:30PM ET",Down,BUY,40.01,0.6649812546863284,0xafbbba7b168b875bc69e04817d22a9e9a7af9720428a29187b904cea3e006304,2026-05-03 02:30:34,0xdf67bc09138d0ef447da2bfeb5b7f032d0166805c0ea79878626d523cd14ece3,hype-updown-15m-1777763700
"Hyperliquid Up or Down - May 2, 6:45PM-7:00PM ET",Up,BUY,13.94,0.71,0xc8af728e265632f8371f7c89da31e065c6bc0f72a2e31fa70a9eeb68745b8767,2026-05-03 02:00:12,0x3591f68a94e8e75f4c9a5b0985111a4a834e389b7dadeaf1ccb4ed32126b34bf,hype-updown-15m-1777761900
"Dogecoin Up or Down - May 2, 6:45PM-7:00PM ET",Up,BUY,5.84,0.71,0x7f03ba08f9924e6b0e33573ce4bed53fb5ef4ee4b791b2ac0685a8b35bd5dd2e,2026-05-03 02:00:12,0x5f57d4d887fa043b12328d7b3d8233e078a027f7924e3b219bc41d407abc2fe0,doge-updown-15m-1777761900
"BNB Up or Down - May 2, 6:00PM-6:15PM ET",Down,BUY,30,0.69,0x3754744b24b90487fbe03242078b477b56276462204b9f70faeb01153a5cfb67,2026-05-03 01:15:36,0x36af5d297293c8f64f611ec71ca4fe1eb87987c6937230bea2920cc919fc08f5,bnb-updown-15m-1777759200
"Hyperliquid Up or Down - May 2, 6:00PM-6:15PM ET",Up,BUY,30,0.71,0x2b2a7cf5cb88f9a6ca0fefdd1d3ae26f627e03be05a4ee5488b4b61c98e52d17,2026-05-03 01:15:28,0x50420ec8e9b3817cd086c3fc89a9e98f32396b91a98bd1e3cf922b3b4e0d6370,hype-updown-15m-1777759200
"Dogecoin Up or Down - May 2, 6:00PM-6:15PM ET",Down,BUY,50.84,0.530991345397325,0x6d906e1da9413a342e663683ff26b8630a12c7a389003b6995108c4616366edd,2026-05-03 01:15:26,0x686a45e178ae63ad97485d89cf9f968782cd90649017977ca196b138f4362712,doge-updown-15m-1777759200
"BNB Up or Down - May 2, 5:45PM-6:00PM ET",Down,BUY,41.15,0.5170959902794654,0x86185fe720cd4b904cabad3c60a52dc4742b17d7744fa26c2256c09c1b88d0a2,2026-05-03 01:00:24,0x007c265e3bb383bd7a3bcfdbda61c8b64fcdf8d3c43658011a66cf70f5cfcf3f,bnb-updown-15m-1777758300
"Dogecoin Up or Down - May 2, 5:15PM-5:30PM ET",Up,BUY,0.69,0.71,0x6dc099434ee9cf09f033859d20bbb21cb4e53fc1d8d329a66ec2a8103e9c69f5,2026-05-03 00:30:00,0x37be70d3a902be44b4f470c9316e676e9e3f2115880479b42c0b1e37c2eaf0ac,doge-updown-15m-1777756500
"BNB Up or Down - May 2, 4:45PM-5:00PM ET",Up,BUY,30,0.61,0x4f7095a1851ac0b4283941e9e80ae5ce6be18d6dbec883e6a3ef948fa871c7f4,2026-05-03 00:00:12,0xc2c6c2328a9809ca981575270e7b3af8ab0d21215615198d49faff86c5018325,bnb-updown-15m-1777754700
"Bitcoin Up or Down - May 2, 3:45PM-3:50PM ET",Down,BUY,22.75,0.5709538461538461,0xc7e311ee987cfe12c12ee6b3d59bab2928091d10e8d02375ef618ab80aca1964,2026-05-02 22:50:12,0xdd1b9f8fe4a760a017066683b44e3d82c1bc27e4029b37084bf2a4a28ce5f1db,btc-updown-5m-1777751100
"Ethereum Up or Down - May 2, 3:45PM-3:50PM ET",Up,BUY,41.15,0.7280558930741191,0xd1c3f01b108bcbb8d1b1dfb5340021c922676efe7a5e571cf6b6b7cf1985f35f,2026-05-02 22:50:12,0x8580a812c31b14e303afc3844a0fb02cfd0f3d4c5e0814c9f5ddeeeccb4c18b1,eth-updown-5m-1777751100
"Hyperliquid Up or Down - May 2, 3:30PM-3:45PM ET",Down,BUY,41.15,0.6212272174969623,0xba3c7f39dfebce6b193f6e889be8efa046f65008e1a69b6d0c80dd83a7057521,2026-05-02 22:45:12,0x6e24f9141fde260239806c94ec8b044db32668086c1c9abeeed410d82644bf76,hype-updown-15m-1777750200
"Solana Up or Down - May 2, 3:35PM-3:40PM ET",Down,BUY,21.8,0.61,0x425ad938344e7d8ff8fb894b0ba90ad63a46017fb949efad815bd509c5e72e24,2026-05-02 22:40:14,0x2fdee60bc34edded757f379803b2dd78f3f2a332d7b6b044e074c73a11c03758,sol-updown-5m-1777750500
"XRP Up or Down - May 2, 3:30PM-3:35PM ET",Up,BUY,11.53,0.61,0xb540155ec5edacf9974bdbd0bf0db2db5f64a40e2fa839cca68b93345e9b295a,2026-05-02 22:35:12,0xb34735f2227b43b77076772523ae8ba4b2793cf816b18c6156aea1f69d94e7cc,xrp-updown-5m-1777750200
"Dogecoin Up or Down - May 2, 3:15PM-3:30PM ET",Down,BUY,43.47,0.539597423510467,0x1033425937ccec6817a12e1eca99d0dff8d92c2892daf642cfb8b779c97f45bb,2026-05-02 22:30:12,0x265ee353c957478aa4ac7ea07b370b2e1ce0be3c16eb5a09bb5ef25092363406,doge-updown-15m-1777749300
"Hyperliquid Up or Down - May 2, 3:00PM-3:15PM ET",Up,BUY,30,0.71,0xe3655d53e51e177800bb001643579fd10d98a332eef635cd6b0af51a649fae81,2026-05-02 22:15:22,0xb4f3bbff5fb20fdb55609d1f1759d8960082ff6e09be2b6509c423aed98aa487,hype-updown-15m-1777748400
"BNB Up or Down - May 2, 3:00PM-3:15PM ET",Up,BUY,41.15,0.61,0xbcf7add758e1418c93a4a205e751749608adc853dcff754c891f775203926c17,2026-05-02 22:15:22,0x5723d104c8d9396f77850765689b80cf85615d845a9feb048ff62edf4edf9860,bnb-updown-15m-1777748400
"Ethereum Up or Down - May 2, 3:05PM-3:10PM ET",Down,BUY,41.15,0.71,0x7231cdf00f049017ae60d97ca8451fc50e9030956f59fee79019b9a81ecbf786,2026-05-02 22:10:24,0x97cdfe596f3ff899165a14d36b6297dcbc31fe3e77c503c9727c2f355b61b479,eth-updown-5m-1777748700
"Hyperliquid Up or Down - May 2, 2:30PM-2:45PM ET",Down,BUY,27.1,0.69,0x4d10b84e2fcdea00c66178a265e89bb0cd23c918d9d619f1359d583185310169,2026-05-02 21:45:12,0x5d70bad3372cef84609b4516deb36e5eacf24b4d0bce0ef07465daf9201a2e6e,hype-updown-15m-1777746600
"Solana Up or Down - May 2, 2:10PM-2:15PM ET",Up,BUY,24.7,0.4,0x1c5e3e6bf8282a6aae3623dab615bd27794eb369075161808e4422aa4257950c,2026-05-02 21:15:12,0x3ee5306903fab0d82cb956be942cb9157ac1c83d8e65fd35326f4c417f6246a0,sol-updown-5m-1777745400
"Solana Up or Down - May 2, 2:05PM-2:10PM ET",Down,BUY,11.14,0.4,0x2035112c4b34e920e8591d697711c5d12c8f5eb5ca58b7608e91c2c57c43fe2d,2026-05-02 21:10:12,0xb6755c4cdf9a4b5dab9c703408f63f6dfbedc55eb5d0c8aabf2263b3fc3e4ccc,sol-updown-5m-1777745100
"Dogecoin Up or Down - May 2, 1:45PM-2:00PM ET",Down,BUY,3.68,0.69,0x96e04d97f12ec2d210de58ec35b17797b32f417de724b8055c258c7092dcb200,2026-05-02 21:00:10,0xfc2ac85264db7defb077abf016847c203e4c8c55f2d0be3b70e1dcc9f96e88f6,doge-updown-15m-1777743900
"Ethereum Up or Down - May 2, 1:50PM-1:55PM ET",Down,BUY,1.37,0.49,0x07ed9aeb2ac6040296a5e5147d8796fdd1231b228fbfc2b4500bb839053a5071,2026-05-02 20:55:12,0x8d00cb1c3e81eb7975fc01c18e5fe6a304447ef79358012fbc0890366b8280dc,eth-updown-5m-1777744200
"Solana Up or Down - May 2, 1:30PM-1:45PM ET",Down,BUY,7.4,0.32,0x5e41b933d1aabddcf84c474fa59f793fbadbdf1485c5df1c495c21fae23c5392,2026-05-02 20:45:38,0xd25d11d24f06bd4f8fba96e9e6f4e8722cebc07420bc06ea1eeb41b578073d58,sol-updown-15m-1777743000
"Dogecoin Up or Down - May 2, 1:30PM-1:45PM ET",Down,BUY,41.15,0.41709599027946537,0xbc30bf909d8829deb17b2684174a7f41357937a5eadd3e51e91b4364e46d03e7,2026-05-02 20:45:38,0x740c47c17afec132c410895498fc4a8634798bf81c604786c68a5fee11474c91,doge-updown-15m-1777743000
"Ethereum Up or Down - May 2, 1:25PM-1:30PM ET",Down,BUY,0.96,0.25,0xa1d49a1336043ec2060033a53ba6fbb621bdbe16179417481bf7cf53e72d50ef,2026-05-02 20:30:34,0x4a0d6c14da1503a275625af5443280fa1369e8e6f04a6017aef5afb23f78980f,eth-updown-5m-1777742700
"XRP Up or Down - May 2, 1:25PM-1:30PM ET",Up,BUY,41.15,0.2432102065613609,0xd4de2ad0682b7069c7abdba3b093739d856da4aef2bf8122c8357228f3772645,2026-05-02 20:30:24,0xa2a8bd2ecdaa0f49a51ebdace4017c4de9cc12ebb4b39dfca34d45fd2329cc93,xrp-updown-5m-1777742700
"Bitcoin Up or Down - May 2, 1:25PM-1:30PM ET",Up,BUY,13.74,0.28560407569141194,0x8cccbe9b7cb3db4d681412e4c29969be5a7d58fcd437df8599c30ae691d11d5d,2026-05-02 20:30:24,0xa12fc8c6bb56e6ca81304acb7fc3c59ffefb873592c35bd98e163c071b23b454,btc-updown-5m-1777742700
"BNB Up or Down - May 2, 1:00PM-1:15PM ET",Down,BUY,22.75,0.69,0x308d380f8e15a96f2ed3d12439f939eea3a6d78b6872d1bc2856a9a819d9a571,2026-05-02 20:15:26,0xc6c168d9f225717daa41e74201cd1a3f27799736b9a5bba0f9942b4e2208884b,bnb-updown-15m-1777741200
"Dogecoin Up or Down - May 2, 1:00PM-1:15PM ET",Down,BUY,43.47,0.5768645042558086,0xd2f778f6e394cb154bc6dd452e10293d5661820d48aa42a79ba22eef740856c6,2026-05-02 20:15:26,0xb62ec78edae8c64c93b1360bd8eaf92c4ace72007c2e34308cf271dcd03965c3,doge-updown-15m-1777741200
"Bitcoin Up or Down - May 2, 11:35AM-11:40AM ET",Down,BUY,41.48,0.5378037608486017,0x114f2f47ec9bdcd741efba46d23a5cb53bed9707228c6314df8b98f6a92a9edf,2026-05-02 18:40:12,0x5638f6ddb4f0fc25109c54d8477dc7794b8d60eecb8ec17e793976f637968319,btc-updown-5m-1777736100
"Dogecoin Up or Down - May 2, 10:00AM-10:05AM ET",Up,BUY,42.25,0.71,0x4195dd07f4c934952066935ddd9d0de16a3294a14170a38c00712880df1b7dd5,2026-05-02 17:05:14,0xa56b51d136ca5a1584ae4b64f582a5462b47bcc165e0abd9091be947025e5165,doge-updown-5m-1777730400
"XRP Up or Down - May 2, 9:45AM-9:50AM ET",Down,BUY,62.49,0.07,0xc39c94afd3f7e546de646799d0c48db8c61899ad1a0978c47e6872d9182c33cc,2026-05-02 16:50:00,0x6a9dfdfa06c267b1141d44e4adcedf2c676d97d7b2e9e4f87b12e7476f55e9f2,xrp-updown-5m-1777729500
"Dogecoin Up or Down - May 2, 9:35AM-9:40AM ET",Down,BUY,15.38,0.69,0x38849dfe7fd1233f50f504954855f38f77a1e66aa9e674a87c3f7deb8f827d95,2026-05-02 16:40:12,0xfa18a301befe274db7af6d7d243ec1a363e35153138552d8bdd0965d3fda39b6,doge-updown-5m-1777728900
"Dogecoin Up or Down - May 2, 9:20AM-9:25AM ET",Down,BUY,43.47,0.69,0x4b969fffbe83e8de5fda14d4c1e07b3c8888df1d9c9566a52a7d244f519ae390,2026-05-02 16:25:16,0x80d14a1c6f1344854169c7ec8ed26f131a2c0858dfcc235c8bc8b3761c7c9a12,doge-updown-5m-1777728000
"Dogecoin Up or Down - May 2, 8:55AM-9:00AM ET",Up,BUY,49.18,0.41,0x87cb026b7e5fa0b1d3a52c92cc218a0445b31159b5efea84ba272e91766ca36d,2026-05-02 16:00:16,0x015276a4c204b384cbe15a690d6f821346e38a6449ded1a7b420f98852da0113,doge-updown-5m-1777726500
"Dogecoin Up or Down - May 2, 8:45AM-8:50AM ET",Down,BUY,41.15,0.69,0xf4b81320bed255fe4d6f4e15fe9735b4f0c01031a706924811e14832d8c18cd9,2026-05-02 15:50:00,0xddb123dde4ee78a5f0a725280be005a12902f88486ae57d634be156d9cfa3529,doge-updown-5m-1777725900
"XRP Up or Down - May 2, 8:40AM-8:45AM ET",Up,BUY,52.63,0.5423427702831085,0x34ea5a769e5e7aa48e7b268e210becb62076601e5cfb804b6aac3877ce614276,2026-05-02 15:45:24,0x8b6ef599aa5141c32f89cb8e252b445c1bf5d5cde9b39bd4a99c20f2b28a8e05,xrp-updown-5m-1777725600
"Dogecoin Up or Down - May 2, 8:40AM-8:45AM ET",Up,BUY,41.15,0.61,0x2ee2f4c88b9250228b4636d99eeb2b2dc06fc622ea7feaafce52869fc432a49b,2026-05-02 15:45:22,0x4befc9f8d4770ab15788ac11c8fa74cc13e2e8ad2066b8b7be8315cc5437b684,doge-updown-5m-1777725600
"Dogecoin Up or Down - May 2, 8:30AM-8:35AM ET",Down,BUY,24.77,0.69,0xc6b46d69929178d028e87466d06b5cd5c1263e0144265f6fe58599a53a80e4b0,2026-05-02 15:35:16,0x45fda86e2b48a55044afd392bba3eeb13cbe33d12dfd6dfe25cccdc554f9534d,doge-updown-5m-1777725000
"Dogecoin Up or Down - May 2, 8:25AM-8:30AM ET",Up,BUY,41.15,0.61,0x3ea0ed8fc8d0dd427debb23d440f736dd93d4752d6a984499a2fbb76b8564ed1,2026-05-02 15:30:02,0x44c5a237f356e7779d25f63815f1d999b67c1aca7a946f2f739673786c98dc26,doge-updown-5m-1777724700
"XRP Up or Down - May 2, 8:15AM-8:20AM ET",Up,BUY,41.15,0.67,0xfa000867b1457a42ec539fd9cb821bb615a1e486398bd869a1c2753a04bab947,2026-05-02 15:20:12,0x6e274fc6c8bc18a461a0b9df8ff7e18775df4b3170e3fc1bfcba54276724cea2,xrp-updown-5m-1777724100
"Dogecoin Up or Down - May 2, 8:10AM-8:15AM ET",Down,BUY,41.15,0.69,0x12628af02812630c2936a8a1cb26312c6179146293b99759df628a835ea03c76,2026-05-02 15:15:12,0x020a874f195641c5e5d8b0bebce3631c89699db5b89bee70304ee93627b1469a,doge-updown-5m-1777723800
"Bitcoin Up or Down - May 2, 8:00AM-8:15AM ET",Down,BUY,41.15,0.27311057108140946,0xa9f049a4d736d43cacd721d882b6b4b11219e9c7745006c55be497c5269a6f57,2026-05-02 15:15:12,0x7e73517c76049c92ecadb22ea2e2002f2d21ef0fe14b158dd042964bee5680b9,btc-updown-15m-1777723200
"Ethereum Up or Down - May 2, 8:00AM-8:15AM ET",Up,BUY,11.11,0.55,0xf765bd406f2954021d6c221edb7d7249ffd8b46b21b5b7f40b635b63c57a7bf7,2026-05-02 15:15:12,0xce028523048f170b4eb1002d326c4691d60887d803aa9575d50c1ca98f1f383a,eth-updown-15m-1777723200
"Bitcoin Up or Down - May 2, 7:50AM-7:55AM ET",Down,BUY,70.54,0.3586305642188829,0x35d11d475ad64a1d9527c435d6b593f517a7ab353c82a620fbcd40ced4f20366,2026-05-02 14:55:14,0xc2e820b81f61bff8234faebdf6b07b8663b978aa3a7fe3ef214bd0b3e88d2d5a,btc-updown-5m-1777722600
"Hyperliquid Up or Down - May 2, 7:15AM-7:30AM ET",Up,BUY,41.47,0.6455678803954666,0xc44b29ac20be116504a4771ff78fbc6b027f6fc879cc7f6a66352c19534e0b41,2026-05-02 14:30:12,0xc435ca728873294a30bad85c813d74ef5df81c06c9f4cbd9340758ad7480e514,hype-updown-15m-1777720500
"Hyperliquid Up or Down - May 2, 7:15AM-7:20AM ET",Down,BUY,41.15,0.69,0xc9210789290287186405c09d4838c61f1bfda584ed5f1c4d226f015b66844e88,2026-05-02 14:20:12,0xa9bb5ec67e28b50ad7388a030bfd48fa2010efeb23119c58e6d3790613bbfc4d,hype-updown-5m-1777720500
"Bitcoin Up or Down - May 2, 7:05AM-7:10AM ET",Down,BUY,41.15,0.3,0x6f13d794ebc0f3f7c269817d4c9be4b8f4cc8204d7e7ad03a95efeaab2cec4b2,2026-05-02 14:10:02,0x8c123fcd4ae57a97cc783010907b8784b3c54ada7e793d4fab1b2fa681994775,btc-updown-5m-1777719900
"Dogecoin Up or Down - May 2, 7:05AM-7:10AM ET",Down,BUY,43.32,0.69,0x51283c40f8636f203974f8c7cc35aa3e3161bf6099d2697a042df2fee24e32f5,2026-05-02 14:10:00,0x14c1a628cdeafc5fc8d850d1ec0afde4647a872a17a9481a6138f2d6b19caddd,doge-updown-5m-1777719900
"BNB Up or Down - May 2, 6:55AM-7:00AM ET",Down,BUY,9.66,0.6,0xb28cf73d7a3ee9a15aa90bdd9b8c430192bb85abd5f22fd0067df3536d4f6a02,2026-05-02 14:00:14,0xa46e55f8eb8f110bc389dd8eeb8baa0ee4d67dd44e2b7516f7d93b9cb3b535bd,bnb-updown-5m-1777719300
"Solana Up or Down - May 2, 6:55AM-7:00AM ET",Down,BUY,66.66,0.13448844884488448,0x63d2b6bc48b224e5a8f23fdfab864c777a1d5f9ce3957d97f167857ee2700b35,2026-05-02 14:00:12,0xdc29bea09a718e1b30fa1ccb2371e04133676a05cf0de42116a8ccbf363102cd,sol-updown-5m-1777719300
"Solana Up or Down - May 2, 6:45AM-6:50AM ET",Down,BUY,41.15,0.6,0x68f9067fa553f047ff60c2b27c06759f424eb16e8df5997557f42bcfd264f7c6,2026-05-02 13:50:12,0x7011e40199f2086752fa4d75b6dce3ec24f34cc741c50c1c72a2b72fc4f83d13,sol-updown-5m-1777718700
"Bitcoin Up or Down - May 2, 6:30AM-6:45AM ET",Up,BUY,93.02,0.6,0x392f9311937c446c7dd518f9aadbf67e4ef112d8ba884c7149234c523cbb6ec7,2026-05-02 13:45:18,0xb87cd841f26464db4aff5c6601fda65fd8dddd283a5c3694411e4b10712c0486,btc-updown-15m-1777717800
"Bitcoin Up or Down - May 2, 6:30AM-6:45AM ET",Down,BUY,41.15,0.6,0x392f9311937c446c7dd518f9aadbf67e4ef112d8ba884c7149234c523cbb6ec7,2026-05-02 13:45:16,0x53ab7f26b32d83813a133c49546a5585d0e5bd23cf4c5a7116e9c782a1b138ca,btc-updown-15m-1777717800
"Hyperliquid Up or Down - May 2, 6:40AM-6:45AM ET",Down,BUY,50.84,0.42808025177025966,0x175f3b243003119324fa3b1f95cc34fe200863e0d49211b4ef699e065c8f8d9a,2026-05-02 13:45:16,0x6179c949e4a2b3f0211339f9af87118b9832cff04fbd0a4c36b117f4ab213fac,hype-updown-5m-1777718400
"Dogecoin Up or Down - May 2, 6:35AM-6:40AM ET",Down,BUY,43.47,0.59,0x5670c86dd07927e0bf0902222827c8b06af5b0e4f6b219c1effcd862257e45f4,2026-05-02 13:40:12,0x6602e6ba2599e720b89007215e4011acd1dd12a427d9a08d5a8134471f925f10,doge-updown-5m-1777718100
"BNB Up or Down - May 2, 6:30AM-6:35AM ET",Up,BUY,42.25,0.51,0x05aca342514b4cd4a7ecdfcc889d762faff0c3ea19044ba950f56d1667422156,2026-05-02 13:35:18,0x4b7fe167a10522801ae2b1fe163a7bc936387aa9116a404ddab92ebfcba185cf,bnb-updown-5m-1777717800
"BNB Up or Down - May 2, 6:25AM-6:30AM ET",Up,BUY,45.09,0.573107119095143,0x5db7dbb8d7a991900ba6e397af0812f94e62b450d629af64a88f4d80c9b8f816,2026-05-02 13:30:12,0x30e85ea8e6965756b54bcc20e8d052770c632f7f550eae6e1f15ff2877ba3496,bnb-updown-5m-1777717500
"Hyperliquid Up or Down - May 2, 6:25AM-6:30AM ET",Down,BUY,41.15,0.6886877278250304,0x42ac3a7f2e5a30139b667f830f8a1d41a42b50e785cc44adc031e9dac6fb711f,2026-05-02 13:30:12,0xfd991455837eaa44b4b4fec7baa6c9f60b8bcfb7bef284dbedad33a49a1be79c,hype-updown-5m-1777717500
"Dogecoin Up or Down - May 2, 6:20AM-6:25AM ET",Up,BUY,42.61,0.6038746773057968,0xa2015df9fe8780805b16b6b63006dd01b047ee5605159ee234cacf00c28ea397,2026-05-02 13:25:24,0x51daab5542692ec9f2768c183193f49691e0295e0bf2f2b045e2f4f3c7541263,doge-updown-5m-1777717200
"BNB Up or Down - May 2, 6:15AM-6:20AM ET",Up,BUY,10,0.5,0x7d66199dde21d1de52e43a15398b057cd85b7e5069563cf7304f9209fefef72d,2026-05-02 13:20:12,0x5af00d7f3b0cd6035fae72413b920523e4b4c7cc171f2c4b313a80d21bf71a89,bnb-updown-5m-1777716900
"BNB Up or Down - May 2, 6:15AM-6:20AM ET",Down,BUY,23.79,0.655031525851198,0x7d66199dde21d1de52e43a15398b057cd85b7e5069563cf7304f9209fefef72d,2026-05-02 13:20:12,0xfd6952553ade2aaf95d86a503fc519dd94f8bf5711695083d6f5ba505c213a20,bnb-updown-5m-1777716900
"Bitcoin Up or Down - May 2, 6:00AM-6:15AM ET",Up,BUY,79.82,0.26,0x39c333527adab4554470b0130aa8885ee7b13c31fd2313823993c643874f92f0,2026-05-02 13:15:24,0xb30ed34a3002cd105e5021663a8c9ba8cdd326b834dfa2ec25a62fecdb60ef6b,btc-updown-15m-1777716000
"XRP Up or Down - May 2, 6:00AM-6:05AM ET",Up,BUY,10.2,0.51,0xa3dc646b5b1a49a20064d81fbc390043ccbcd7162def92bc6f96d6b73132e2e5,2026-05-02 13:05:12,0x114cf540965afb6ceff51bc9a9a5da8fc20d9bc934ec5969c156831909ebcec2,xrp-updown-5m-1777716000
"Ethereum Up or Down - May 2, 5:55AM-6:00AM ET",Up,BUY,15.71,0.35,0x144b0951786f9f8ff20aea4ccd749e4c6e8718e04c075c47c9f7bda74e4437c3,2026-05-02 13:00:14,0x09dea6f0c00ca881864958cb3db15635093c77794e42c6eb311b1b15ba248cbb,eth-updown-5m-1777715700
"Bitcoin Up or Down - May 2, 5:50AM-5:55AM ET",Up,BUY,2.5,0.35,0xb2f3b806422caaf9867af5b327a0f2c6cbf2af818bda83b2b83f1cce60c25d49,2026-05-02 12:55:24,0x1c4b4f30c0b71a5dcb82c650732d4ddda28b0aa4b32a13ac968f2658c711cfef,btc-updown-5m-1777715400
"Bitcoin Up or Down - May 2, 5:30AM-5:45AM ET",Down,BUY,82.68,0.7,0x35d378c038a567a632a68cb611b651781a25d89b8639278a064ee15d72ad840a,2026-05-02 12:45:16,0xf62329eb54b4a5a85711e60016af699b5980a0d9cd472bf6e47cb97c457d9223,btc-updown-15m-1777714200
"BNB Up or Down - May 2, 5:40AM-5:45AM ET",Down,BUY,41.15,0.6560753341433779,0xd9a5abbe67e6ecea1da3e7f1ec1b9ce128b8243031a4404928376282a8fba871,2026-05-02 12:45:12,0xf13d3292db9be2ed0e7c4c224140f01f6babc3ef3884c65ffc4ff7af452a021f,bnb-updown-5m-1777714800
"BNB Up or Down - May 2, 5:30AM-5:35AM ET",Up,BUY,41.15,0.71,0x175f2a2cc1d595f38346fc13772a3e738b9bcdc095f160721163ee7a7d039cb7,2026-05-02 12:35:00,0x16a1f3006dea6e67320a5fca6794eaf5d70cd6710ece8bcb21e8f68fd9d7b34e,bnb-updown-5m-1777714200
"Hyperliquid Up or Down - May 2, 5:30AM-5:35AM ET",Down,BUY,41.15,0.69,0xe8432b5e37c094f2e0dde3a7f2bc5356a735035f200c3ffde00757e90112629d,2026-05-02 12:35:00,0x21b606a00a078bbcb81cb80dfb66d45dcd45985c2bc5294135c94ea9b13bdeae,hype-updown-5m-1777714200
"Bitcoin Up or Down - May 2, 5:15AM-5:30AM ET",Up,BUY,18.17,0.5,0xd75d03699df4665aaf9e243aeed26e9cd8d052493331bb2d70a13fabd88d422c,2026-05-02 12:30:00,0xa181bbdd60a4f4867c41a95d80ad60e4f20195cdd2a6578236ef27f6e48cc16e,btc-updown-15m-1777713300
"BNB Up or Down - May 2, 5:25AM-5:30AM ET",Down,BUY,41.15,0.69,0xeb50634f444a3ee4406bcff7ebec5d9128b48c63eb8d24fb589379cc86c325c5,2026-05-02 12:30:00,0x5ad3c851dc57bc9c2a4b01bbba901c91ca990c5d0f446d493cb7426acae0f226,bnb-updown-5m-1777713900
"BNB Up or Down - May 2, 5:20AM-5:25AM ET",Up,BUY,49.18,0.41,0x08712e1e60b91bc1a1715bf701b3ee741ee28b197b2bb9c78ab9c79758558334,2026-05-02 12:25:00,0x45eb60ed3d650a11057a19b80c7d0689ddf026347249e49f4baac93bb69cf28b,bnb-updown-5m-1777713600
"Bitcoin Up or Down - May 2, 5:10AM-5:15AM ET",Down,BUY,41.15,0.69,0x1c2a5486aa9b8579d3e4aa69fec09662f2b38ab400f83ae41b6a4aeb98174045,2026-05-02 12:15:14,0x13c665f95bf5ddbc68164b24d5a14dfd71fe743dc90c75cea2bcc2981a6b792b,btc-updown-5m-1777713000
"BNB Up or Down - May 2, 5:00AM-5:05AM ET",Up,BUY,41.15,0.61,0x69b1388cf2bf1d790fb0f582b715aa973f0cbdd76e9d6649d37e41071e140de1,2026-05-02 12:05:02,0xc6a60845fff6e00e2dc7a0bbb3fc28d9ffe75477ed2eeccd28efe762002e84af,bnb-updown-5m-1777712400
"Dogecoin Up or Down - May 2, 4:50AM-4:55AM ET",Up,BUY,41.15,0.5184811664641555,0x14d929dbf70960ee7ac5af7c4231d84230ef7b8739b711e15a85e7bb64c75be9,2026-05-02 11:55:04,0xd44aef1a1b5780fdbf7e0698ed2b659d285e7ea2877eac4717c2ba76f1c9e036,doge-updown-5m-1777711800
"Bitcoin Up or Down - May 2, 4:50AM-4:55AM ET",Up,BUY,78.94,0.33,0xacaa96e2d93274f3f22fac725b083ac1fb7d2fad30909a8b212ffc3e18f011e8,2026-05-02 11:55:02,0x7b4e3199dc2166c784bb8793c32fdb22db75e077200b15fe5bdc17a464ded387,btc-updown-5m-1777711800
"BNB Up or Down - May 2, 4:30AM-4:45AM ET",Down,BUY,43.47,0.49471589602024385,0x580814f8e99f27f83e4baa47853d1fd48c47bbc0626863c4fca46ebe83e9561e,2026-05-02 11:45:00,0xbee2ecd287e9eccf8640e5d0e78ac865d0a25d2428fac10be0d8a29e3bf76803,bnb-updown-15m-1777710600
"BNB Up or Down - May 2, 4:30AM-4:35AM ET",Down,BUY,48.38,0.5184208350558082,0x0d0393febe03f7e4bbc08ccdf42fb78888c24c52e777b61d2d527665bf52e919,2026-05-02 11:35:02,0x4623fd7df7dbdbcdaaffd6d17dcb355d71f64c4eb3540ee1a08a59ef311010a8,bnb-updown-5m-1777710600
"BNB Up or Down - May 2, 4:30AM-4:35AM ET",Up,BUY,50,0.71,0x0d0393febe03f7e4bbc08ccdf42fb78888c24c52e777b61d2d527665bf52e919,2026-05-02 11:35:02,0x7fc0239fa1d21cf5b27891da1326f60002d4d1964b759147439fdb25b2f06923,bnb-updown-5m-1777710600
"BNB Up or Down - May 2, 4:00AM-4:15AM ET",Down,BUY,27.1,0.69,0xe5940f34795c31ed6d8e18ba2e7021c3bfb1e55a97f177f3e509bc13175e8257,2026-05-02 11:15:00,0x17e7b8678b66adf6dfc2a546eed8c068a22afa9fdf385062a1291927d50f9db9,bnb-updown-15m-1777708800
"Solana Up or Down - May 2, 4:05AM-4:10AM ET",Down,BUY,41.15,0.01,0xef713f41c6b3b38a1188836def5ece5a78d399ec18191b229163955d3432f99b,2026-05-02 11:10:08,0xf78b83b97c15bbba9523e53c9160dd63386e6b9c5cca0118f116f03fc44a2ea1,sol-updown-5m-1777709100
"BNB Up or Down - May 2, 4:05AM-4:10AM ET",Up,BUY,20.52,0.71,0xfbfc1024d5de541d3e0457dcf13e7b3ab539f7630c6e58194bc2ddd6e8cfa4db,2026-05-02 11:10:08,0xb11bf2e23867b49cf24721473b4d3bffb7527628b2dd673ad0869b0b00a7c824,bnb-updown-5m-1777709100
"BNB Up or Down - May 2, 3:55AM-4:00AM ET",Up,BUY,42.25,0.51,0x934e59d6f1e7779d2d33097391355ef23fc6c645310112fe47f0fa919a38202b,2026-05-02 11:00:00,0x598e1e8aab5d6ca90a921b37e558f971566ed3e1adf81fd115660dccf3d4c844,bnb-updown-5m-1777708500
"Bitcoin Up or Down - May 2, 3:55AM-4:00AM ET",Down,BUY,41.15,0.54,0xdedf82c050c0c1d47500891a0d99dfae13a07c57e397d0b8cbe97179df515daa,2026-05-02 11:00:00,0x27e806def4b5848e3ec5abc78a551d93089f410ed5229b66a8ac420a8abca18f,btc-updown-5m-1777708500
"XRP Up or Down - May 2, 3:30AM-3:45AM ET",Up,BUY,71.42,0.42,0xd65f4f339c8f61e0120cdbecbe6a037aa80a09777a6aa20b1d024b6c3ff490f6,2026-05-02 10:45:02,0x43489a223e4ee6d30816a2b371dfbadd159a2fa5e63cb8a4adffc3b92c4a7019,xrp-updown-15m-1777707000
"BNB Up or Down - May 2, 3:20AM-3:25AM ET",Down,BUY,41.15,0.59,0x7a466810c2fbee2f99f6a48e7a6f3a333a5d124ad774fe4e2660275de109daaa,2026-05-02 10:25:00,0xb37e9670ea9eca4f58fc3bfa61c68e12ee533d87de9594bdc95ae44528fed636,bnb-updown-5m-1777706400
"Bitcoin Up or Down - May 2, 3:00AM-3:15AM ET",Down,BUY,27.4,0.5878248175182482,0x1d355a79b2ff9fb2e4881eddbac90d02dc60b94f438d29cd24981815465ebe68,2026-05-02 10:15:00,0xafd308291e30653f2a94f9db72d300a8630a2dc52348993c9422eb19335a73fc,btc-updown-15m-1777705200
"Hyperliquid Up or Down - May 2, 2:35AM-2:40AM ET",Down,BUY,43.47,0.49,0x1e2977e9940d2bd8cb5459da82eb5c4339ecfca01455f81bc31b24e7623007f6,2026-05-02 09:40:00,0x15c6f251992097209c0d501691be6a7c24dc87d7f5347d0175c5957e30181b84,hype-updown-5m-1777703700
"BNB Up or Down - May 2, 2:15AM-2:20AM ET",Down,BUY,41.74,0.69,0xd336c4b3a6745a4a601b85c80f67c4161f443773978330793b0d3f6f31681e49,2026-05-02 09:20:02,0xdd1372bcc0282af149cdae1cdb6295243aca8bc5308ff9ec444c250324e86166,bnb-updown-5m-1777702500
"Bitcoin Up or Down - May 2, 2:00AM-2:15AM ET",Up,BUY,30.26,0.11609385327164573,0x7d896f3bf5efa0fb5d7e385491c89e8dcf533d7bfc39dc4c2d3e578dda5f9c1f,2026-05-02 09:15:02,0x15b0864f5ea3c662e0e7cc717e59911c66ce31a4b7f70a9f4d01c2658b58920d,btc-updown-15m-1777701600
"Solana Up or Down - May 2, 1:45AM-1:50AM ET",Down,BUY,5,0.39,0x36f191ffe5f40999fa78a9f1cc39a2f6b3ef8fcaa50d3c9a3c3eceb01fd8d45f,2026-05-02 08:50:08,0xcf7496a16c33c87056e69b84ed9c91b78cea242a42df1098fc2b0ce0f4604651,sol-updown-5m-1777700700
"Bitcoin Up or Down - May 2, 1:15AM-1:20AM ET",Down,BUY,26.82,0.6,0x60057fa4514fce61900afead18700b4bfa7a823924586e5e683b1c96c2022c9b,2026-05-02 08:20:14,0x33acc4c5b963ca818d59111dd5fe6232f9974058a66d69bf812abda1058f6e8d,btc-updown-5m-1777698900
"Solana Up or Down - May 2, 1:15AM-1:20AM ET",Down,BUY,10.3,0.505242718446602,0x24c596385fd154efdca91380ccbc356b1d671fee8af5f79f40899006469f3168,2026-05-02 08:20:14,0xead4a7b35e95091ecd0572a1821cffc9beecb76f8b3e03e103050b5dd42f8718,sol-updown-5m-1777698900
"Ethereum Up or Down - May 2, 1:05AM-1:10AM ET",Up,BUY,41.15,0.61,0x54e5e53ffa7e8d21e7ab09de11fe9989b17ef61e5270913b402e53bb2709914d,2026-05-02 08:10:00,0xd473719a2e8a42b4f2dd4b57fb9365e2497179841e442e18eb65eb0203b326c7,eth-updown-5m-1777698300
"Bitcoin Up or Down - May 2, 1:05AM-1:10AM ET",Up,BUY,15.88,0.7,0x873993586985dba94dbadfa48378b104c9e0ff935ef2aaf25e3bd8e3c1c44524,2026-05-02 08:10:00,0x7befca4b275d9f1a95b69e5a226cc66e7d17f35b72022f2c8883085892ed3e96,btc-updown-5m-1777698300
"Solana Up or Down - May 2, 12:55AM-1:00AM ET",Down,BUY,89.59,0.3,0x833256bbf51a6732d84013d7714069b99087fa019ead3b4f489201096600aa95,2026-05-02 08:00:12,0xb9b365e7d22e4f118a946ab0a549ce483911ed45ad37809e44bd188b47c0f410,sol-updown-5m-1777697700
"Hyperliquid Up or Down - May 2, 12:45AM-1:00AM ET",Up,BUY,41.69,0.13804029743343726,0x8acb9364831095131c714f8e8a1185a337f6c9b63d8ac5046c8daa25f79f21d0,2026-05-02 08:00:02,0xdab1b10decdd5a5c122d929a070545f50487c9d4b1fc7e7bc82597ef7619c5c1,hype-updown-15m-1777697100
"BNB Up or Down - May 2, 12:35AM-12:40AM ET",Down,BUY,46.23,0.5463054293748648,0xfa9c3b57ea42fd5f067039ddfeb41a56acf3a3200eb1a9e675f58d9fdb288dee,2026-05-02 07:40:00,0xc886735595159a78a8e1fd9f49aa4e97e124e33a0bb1ca6df6e269805c6a6955,bnb-updown-5m-1777696500
"BNB Up or Down - May 2, 12:30AM-12:35AM ET",Down,BUY,41.15,0.59,0x57aeecb681be8ed1676af340e16946fcb3be73eeffd4627e27995287dc5355ab,2026-05-02 07:35:00,0x82bf62a65b97ceb6d6d5deeed75f35aef8c5deab05be67ee92167071d0bbf8e2,bnb-updown-5m-1777696200
"Hyperliquid Up or Down - May 2, 12:15AM-12:30AM ET",Down,BUY,10.45,0.4,0x2c15948d3ff1d2defc71454b444d1965fe4de933d58a671c7296a5a9a24be3b7,2026-05-02 07:30:14,0x4a6c697e662dc62f0ccf91eecbe47601f617732528f760b4f271b107fdf49d18,hype-updown-15m-1777695300
"Solana Up or Down - May 2, 12:15AM-12:20AM ET",Up,BUY,16,0.65,0x3be47bc87cf2c3cb7f7c4805e79c2bdd41a61ec2280f4c70c965b84b1cfbb958,2026-05-02 07:20:02,0x2a2b4fda983c1c1d09c414a98e366cfbd478cb31ddd0853b697c97cc2d9ee0cb,sol-updown-5m-1777695300
"Solana Up or Down - May 1, 11:45PM-12:00AM ET",Up,BUY,56.01,0.3,0xb22a9e9cb3eb078025315f03482ccc75c5dfdda5303ced7835903dff2b29e321,2026-05-02 07:00:12,0x8c4850706d7f9126583246d6130b73b3cf90d55da4d82c29e758be5642e92a35,sol-updown-15m-1777693500
"Bitcoin Up or Down - May 1, 11:55PM-12:00AM ET",Up,BUY,42.85,0.6,0x49184e58eba9f90a27187b1297b35c22fdac08572970547248cc20ba64153889,2026-05-02 07:00:12,0xbe91e1a36668836d7300f87c404b1e98f321ba5a3f98e10ec43f95e6267169ae,btc-updown-5m-1777694100
"BNB Up or Down - May 1, 11:50PM-11:55PM ET",Down,BUY,43.47,0.47,0x7bfbd9788f5f0fabedd43490d78234287926b63880a1b6470b68815883b06b31,2026-05-02 06:55:00,0x02b86f8fd953cf589495446d76fde58d8399db306f975be6149590f401a8bf26,bnb-updown-5m-1777693800
"Dogecoin Up or Down - May 1, 11:10PM-11:15PM ET",Up,BUY,37.47,0.71,0x1ef515eea129b50af12baa5431ca60c53d237e1d918f83ae9f198acd9b663b46,2026-05-02 06:15:02,0x1a7945d90f90a461bd66a4bc82e35dce1f69bc16900a62612fdc0c4de6039453,doge-updown-5m-1777691400
"BNB Up or Down - May 1, 11:10PM-11:15PM ET",Down,BUY,41.15,0.5028383961117862,0xb91b3e3922043c077270bd9fb1e5dd48727c361fb708efca38a1aab632980bba,2026-05-02 06:15:00,0x1709c248248f602f0149ac404e22e70a4f0f37ba92a20ba6a0a5e06a7090bd87,bnb-updown-5m-1777691400
"Hyperliquid Up or Down - May 1, 10:10PM-10:15PM ET",Up,BUY,51.4,0.51,0x4e0de9fbcdf619281190825bb543cdd262efe15706325b55d30e6f4a35b05f1c,2026-05-02 05:15:14,0x3a838fbef40cd99a62b60a8b374e196855d9f4986217e7ade6930cfb366befd6,hype-updown-5m-1777687800
"Hyperliquid Up or Down - May 1, 10:05PM-10:10PM ET",Up,BUY,42.83,0.62,0x6b454a306a109b9834c5d67e3035a0fd6b132f209b40bb09accf7936a827e08a,2026-05-02 05:10:16,0x06e93cec5433263f926d7555832d84ad09d843f4e05394359486422e164f8b8a,hype-updown-5m-1777687500
"Hyperliquid Up or Down - May 1, 9:55PM-10:00PM ET",Up,BUY,42.25,0.5176923076923077,0xdd17e144e59302d22e3c2df6d2ef055d682df3732ff26f1da5c754e104a05921,2026-05-02 05:00:12,0xfcc3d2959b5979308c02e43a88849722ae522e1918b02457edde100baba0789f,hype-updown-5m-1777686900
"BNB Up or Down - May 1, 9:50PM-9:55PM ET",Up,BUY,41.85,0.7094719235364396,0xdbf7a3060d05a9fbf633ebd1de2504a1ac45675b406f97d69e2fd9b95b645ed8,2026-05-02 04:55:22,0xa751b44a28ecf1245bb8e4b398a028ac351c91aeb0b1804c91a32ea746c45bb9,bnb-updown-5m-1777686600
"Ethereum Up or Down - May 1, 9:45PM-9:50PM ET",Down,BUY,191.35,0.06329239613274106,0xed80eea324ef0807f0979b30dbdb793a01129da446259010ac36c93fbf33a1ca,2026-05-02 04:50:02,0x8274c4efa29c53639397399459420fa828ad48e4e935e099796bcb79e78257ca,eth-updown-5m-1777686300
"Hyperliquid Up or Down - May 1, 9:40PM-9:45PM ET",Down,BUY,35.95,0.59,0xc608be848a5010732deb1b5e4692f33792e3e3a33ba090af7852be0ac886d93e,2026-05-02 04:45:12,0xb01f6759d69d097e0230108b5f147d6d5caa4bfc2553b30f70c4f4a08ead8da8,hype-updown-5m-1777686000
"Hyperliquid Up or Down - May 1, 9:00PM-9:15PM ET",Up,BUY,42.25,0.5822366863905325,0x19f312614fdc3fbf14af10555578d8d290df3eca827e3cf60e8a64734633ceef,2026-05-02 04:15:14,0xbe059ff46a58910a114673c7513ebab3f685b07532fda8bfc5e9e465191fdce6,hype-updown-15m-1777683600
"XRP Up or Down - May 1, 9:10PM-9:15PM ET",Down,BUY,92.32,0.3,0x012828570bba16573aab7cff624eb3916c857617e303de74c92c786852c9b55b,2026-05-02 04:15:14,0x377dfbabd968d626c500007598134110e6ca94d3d7810db3b3f18dc9fada8a7e,xrp-updown-5m-1777684200
"Hyperliquid Up or Down - May 1, 9:05PM-9:10PM ET",Up,BUY,42.01,0.71,0x16b80ea970a1659fc7c767c20b02a732903787cc968071c89458e342041a507c,2026-05-02 04:10:22,0xbc6c31c68817b07b0cd9d44fc6772ada699015e2bf8bf84223fc5aaa2f617245,hype-updown-5m-1777683900
"BNB Up or Down - May 1, 8:00PM-8:15PM ET",Up,BUY,35,0.71,0x04bb2174602a83cab60178bd21b63a468e00a4cc223d850d323b7706db15b4a8,2026-05-02 03:15:14,0x03b7ebd61731dd8c678c6fad51b23453fe405d10625a214a1b72891a081a8abb,bnb-updown-15m-1777680000
"XRP Up or Down - May 1, 7:10PM-7:15PM ET",Up,BUY,11.95,0.38,0xac3223da644dc4d6ae913440981ac02fb5ca654ec5a2615ce279713cd9758e32,2026-05-02 02:15:12,0xc5258b84669c80f802a43d02bd9daaf007fcaf3774133a8709c64c89b7b75441,xrp-updown-5m-1777677000
"BNB Up or Down - May 1, 7:05PM-7:10PM ET",Down,BUY,43.47,0.5292224522659306,0x27e7a9e5e7e1163dcbb16e64ab3c4d422b8be18567a33fa2000a0f502a112103,2026-05-02 02:10:04,0xb1457fc57f3c5b1ee4d6debadbf073a6a71115e36adbfd71d324f7b36f682bcc,bnb-updown-5m-1777676700
"XRP Up or Down - May 1, 6:15PM-6:30PM ET",Up,BUY,120,0.01,0x9b1fb2794bc7b4d12bd37d6c3622361081daaf5bd39fbf6626472dd0132c9367,2026-05-02 01:30:34,0xc002e47978bcaaf91fc604ca5ad3bcbb985ec38525895a4cccee6699554a91c9,xrp-updown-15m-1777673700
"Solana Up or Down - May 1, 6:00PM-6:15PM ET",Up,BUY,41.15,0.7123086269744836,0x66ba0da14bbdcf3a270d4af3ab9e91585136ffcdc27d9aa2bf464f49576dc44b,2026-05-02 01:15:16,0x499ab35b2ce9262a2147d0a8de103b5cbb92d2f7a2c306275419872d3aeccecc,sol-updown-15m-1777672800
"XRP Up or Down - May 1, 6:00PM-6:15PM ET",Up,BUY,41.15,0.72,0x005dcbe08b68faa53f4b4ec67ebfade477d4f5e033183d086ac943cce510f3f6,2026-05-02 01:15:16,0x135009b7d1e88a532b680478cd61930dd6687b359d77da0cc6e8daa48e494269,xrp-updown-15m-1777672800
"Ethereum Up or Down - May 1, 5:50PM-5:55PM ET",Down,BUY,85.71,0.15,0x18ec2b46abd97cea2433a9ae8d73f9f93196c62d280fbf99a174151d1499a1cc,2026-05-02 00:55:12,0xedbce9f77e05dda1bc5fbbcd0fd4883153695f6694bf5d4e344542d7bd33652d,eth-updown-5m-1777672200
"Dogecoin Up or Down - May 1, 4:55PM-5:00PM ET",Down,BUY,41.48,0.69,0x2e7f8a6087324102d7ab181a5e2cba3eb0529857061de8982e1e62ec7816d4b6,2026-05-02 00:00:00,0xf2e94664922fcc942a6a5d044fc97c25e299d51eaa1659dbba0f712ce88d540e,doge-updown-5m-1777668900
"Hyperliquid Up or Down - May 1, 3:25PM-3:30PM ET",Down,BUY,19.08,0.69,0x408017ca751d81e3fbcc2b4c0d39c94cfb3d1e51ace3fb7452d89a75105e42d0,2026-05-01 22:30:22,0x7943399f11ea44608757219bf771995b7d0e517208ab55d0d21266b89ae8af74,hype-updown-5m-1777663500
"BNB Up or Down - May 1, 3:00PM-3:05PM ET",Up,BUY,44.8,0.5121428571428571,0x073f5f4255e0d614c7f20399b2011a120eb9480bc27b34bc3dcc3e5744a1ebb0,2026-05-01 22:05:14,0x1043c9a7bb8098bc8a2b523e5b78799fb5ae9ebb9913bb941ce8aca7dd29d0b1,bnb-updown-5m-1777662000
"Bitcoin Up or Down - May 1, 2:50PM-2:55PM ET",Down,BUY,15,0.52,0x26c8b6654cab4e13fa933a6daf79f278628afbb1367fbf57d4332c8d31ef10eb,2026-05-01 21:55:14,0xe439b4ff52f2d27030e2697df8d962a78d158d79f67914349e70ed8200f36e98,btc-updown-5m-1777661400
"Ethereum Up or Down - May 1, 2:15PM-2:30PM ET",Up,BUY,67.31,0.62,0x16ca8eb475215c25749bce6030eae149c58e411074da6a963267dd5babfbdc59,2026-05-01 21:30:02,0xd6f945dcc2a123c1832ddc0dfdf332e4cc72ee0e68a999d84dbe895d230c4857,eth-updown-15m-1777659300
"BNB Up or Down - May 1, 2:15PM-2:30PM ET",Up,BUY,49.06,0.5488503872808805,0xc7912f84bf55ff772d87c9ee258b5d1c59a982793893afc5efded6a7157dd830,2026-05-01 21:30:02,0xfa2e7ea8e7e2cbdceb6668be96fba7cec5e910ffd43594eb86ae69a18c6fbe70,bnb-updown-15m-1777659300
"BNB Up or Down - May 1, 2:25PM-2:30PM ET",Up,BUY,31.8,0.35509433962264153,0x7e0d0e8483185fa9c7715cde1951bfb0b569c74f46249f52dab48768abc8d59b,2026-05-01 21:30:02,0x673a18dde1fd6d9a9263f2a6e7f21b0e0016f88f029a58fe76b75338ab12e646,bnb-updown-5m-1777659900
"Ethereum Up or Down - May 1, 2:15PM-2:30PM ET",Down,BUY,45.11,0.48,0x16ca8eb475215c25749bce6030eae149c58e411074da6a963267dd5babfbdc59,2026-05-01 21:30:00,0xbac3632507eb6f410fa755affe421e53710c52d11f498b6696bc29dbe26e1b0b,eth-updown-15m-1777659300
"Dogecoin Up or Down - May 1, 2:10PM-2:15PM ET",Up,BUY,59.91,0.4334618594558504,0x50ea56f095d03561a63cdf9aaa01f619d8f6319cd48667b156eae9f6290ba7cb,2026-05-01 21:15:14,0xc4cfa109b8922be5801db29a1661b0526c865cfd885cb3d89b055c746fb7e8b4,doge-updown-5m-1777659000
"Dogecoin Up or Down - May 1, 2:10PM-2:15PM ET",Down,BUY,45.79,0.5553417776807164,0x50ea56f095d03561a63cdf9aaa01f619d8f6319cd48667b156eae9f6290ba7cb,2026-05-01 21:15:12,0x29c0cb453d20ce379791c77b5fddac9f952b1568dea7efc33f777cfae91555eb,doge-updown-5m-1777659000
"BNB Up or Down - May 1, 2:05PM-2:10PM ET",Up,BUY,30.78,0.71,0x13f8fc2972ee2c7ab409150757c15c1e1b5058440313674ebb222c2ce1c742e0,2026-05-01 21:10:12,0x996d2ebe8b857b2672ac56c0dcb4ff3440b96d1ac46709c53fa2f1a72344db83,bnb-updown-5m-1777658700
"BNB Up or Down - May 1, 1:45PM-1:50PM ET",Up,BUY,41.15,0.6150303766707169,0xa0b9bef59097a0d3b47363ae29d68b534a473beaf29ec6d83d09adb02b63bfec,2026-05-01 20:50:12,0x23846bd3909e8b834cc7f8e5ed19ef81a2975be735c48e4c78ff26dc37dda1de,bnb-updown-5m-1777657500
"Dogecoin Up or Down - May 1, 1:05PM-1:10PM ET",Down,BUY,61.22,0.39720352825873895,0x3603302fd7cc7e5485e9e968769a6175879073fb2c23d7dcbda7a9aff391ca6e,2026-05-01 20:10:26,0x2a9358d4142d3f6b541059832e0044be8b72cf89694172f01a31e09ed05c094a,doge-updown-5m-1777655100
"Dogecoin Up or Down - May 1, 1:00PM-1:05PM ET",Up,BUY,65.24,0.41,0x2e999f6b898d64d671478043a6c463deef7208c9159c8b28e0fc266c4cee3dbc,2026-05-01 20:05:12,0x2bdc4857eaa403fb450bb707220d40b6ed116fcb705f41cf6f3a5e85f029183b,doge-updown-5m-1777654800
"Hyperliquid Up or Down - May 1, 12:35PM-12:40PM ET",Down,BUY,43.47,0.6332712215320911,0x75db6a22724a9e8d74193f03992598ec0f64ff07710b0552e72efc082f9290b0,2026-05-01 19:40:02,0xd4b5bbaa6cea2044fda166db16d0e301ba3b66b88b19c472e455b46f689e040b,hype-updown-5m-1777653300
"Solana Up or Down - May 1, 11:45AM-11:50AM ET",Down,BUY,19.79,0.38,0x74aca339cfe7946f2813836e0e8926b44748cc2977c410d31a95e229351848a9,2026-05-01 18:50:04,0x752b690d47d75cb523c8c14668c214f0fba72bfb9068a3db2b1c83daa0a9aeb4,sol-updown-5m-1777650300
"BNB Up or Down - May 1, 11:15AM-11:30AM ET",Up,BUY,41.15,0.6410814094775212,0xbd35abad67296509d379efacb447716e2b4f0e307823e3a4b7df202865cce810,2026-05-01 18:30:14,0x60966ba070d00639296b3214e686809af95237f0c9393a9e2d9bfc8f726be3ee,bnb-updown-15m-1777648500
"BNB Up or Down - May 1, 11:20AM-11:25AM ET",Down,BUY,42.48,0.69,0x26f270302eef8e4f373e6092b1c427add4b657b9652ffa0876afb6b09f904cd5,2026-05-01 18:25:02,0x00e15cec6f40f92b0e67caa33ff4c31a27231b3d1dc5e764324f740d5363950b,bnb-updown-5m-1777648800
"BNB Up or Down - May 1, 10:55AM-11:00AM ET",Up,BUY,41.15,0.6116038882138518,0x0d24469fab119644dc38525af41846a964fe8877a2bc8d682a95ab981f1f941e,2026-05-01 18:00:02,0xce1365679e46640dd7f207c44c63a364d2099289b13b13063a370c4830733758,bnb-updown-5m-1777647300
"Hyperliquid Up or Down - May 1, 9:15AM-9:20AM ET",Down,BUY,41.15,0.55,0x101f04a63e92373519d85487fb8a631230c63d956465323e3cf6188aa1d93472,2026-05-01 16:20:14,0x3a02dff1f284f9f2e7d10486afa4eda38e991da3464af014be8d203a0c14c72c,hype-updown-5m-1777641300
"Hyperliquid Up or Down - May 1, 8:05AM-8:10AM ET",Up,BUY,25.64,0.71,0x43f64a5952d00762dccd28c80f3bd154bbb25e56cdd294f82fc8f69cfbf894e4,2026-05-01 15:10:12,0xf5bba0f062b8493d3ad2a1989278930dd543b05a7d9ac35a3b5e182a7930d94a,hype-updown-5m-1777637100
"Dogecoin Up or Down - May 1, 7:55AM-8:00AM ET",Up,BUY,36.63,0.71,0x46ff41c7ef457b17ce694ad1b2b54c044101928e3ae0f267c8555c978c037435,2026-05-01 15:00:22,0x891dc40b5fea2f8fa11717061c6a945d69c91226bcbd36c1135695822adf8f47,doge-updown-5m-1777636500
"BNB Up or Down - May 1, 7:20AM-7:25AM ET",Up,BUY,41.15,0.71,0xd4f979bd9d21e0551c62a07367aced914b94b4ee596e07d3c1dc2a3d36bf2b1e,2026-05-01 14:25:22,0x395106a50acc50422f1934010bd3e22c663dcedec9eea2444f3ff86da9f8bd36,bnb-updown-5m-1777634400
"Solana Up or Down - May 1, 7:05AM-7:10AM ET",Up,BUY,120,0.1,0xbdb896e4800c8bd78efc1b06d6552d3622a7008ddd4fc4ac4bf1269823a4979c,2026-05-01 14:10:12,0x991db4ed56e977a9e25d9bddbf70d304316f77be34c93e0b72dd485cfb3e71fc,sol-updown-5m-1777633500
"BNB Up or Down - May 1, 7:05AM-7:10AM ET",Down,BUY,100.26,0.58,0x9dd80e76919380e71bce5036e29fff82c581c972d22dc913adaab96eac246de9,2026-05-01 14:10:12,0x1917627fec4162415bedc1590a79a67d0137ae1d59ad172879a18c9807d4a922,bnb-updown-5m-1777633500
"BNB Up or Down - May 1, 7:05AM-7:10AM ET",Up,BUY,41.66,0.707561209793567,0x9dd80e76919380e71bce5036e29fff82c581c972d22dc913adaab96eac246de9,2026-05-01 14:10:10,0xc9c51bce6bb419bd0ed25038952bd80461c19457a4699dd3755f0fe9b758af2a,bnb-updown-5m-1777633500
"Bitcoin Up or Down - May 1, 6:50AM-6:55AM ET",Down,BUY,22.72,0.55,0xfc7ac2e79418a4220e4719b970c109c8f18d63e34181945367583268b0c05cb6,2026-05-01 13:55:12,0x154e00c5be7a250067d3ffcae882d2f0bcadc931c629221ef8c34dc9e87482b0,btc-updown-5m-1777632600
"Hyperliquid Up or Down - May 1, 6:20AM-6:25AM ET",Up,BUY,74.43,0.31,0x052987fda9677c88e8679b53e2fdc95a7ec0ba5bd9db9b04e68a548de7b71f0c,2026-05-01 13:25:00,0x46b9ccc2b122f06bed1fbd3a55ba81da8d70565d3d6720ffd91045cdf147813f,hype-updown-5m-1777630800
"Bitcoin Up or Down - May 1, 5:15AM-5:20AM ET",Down,BUY,14,0.5,0x21d4dbe08536af782b9b73f3588ef98818b9dfcfe2a85ddd3a38982a3f4de092,2026-05-01 12:20:12,0x3da68ac7b7ccfbf793552249f9ca1cc9fcc1840a015a884b292d9d504f13c6c2,btc-updown-5m-1777626900
"Solana Up or Down - May 1, 4:15AM-4:30AM ET",Up,BUY,39.45,0.36197718631178705,0x278702dfd15b80650f31e6f5b27f07e518ff3e5a50cef5228f136011a62c7691,2026-05-01 11:30:14,0xd325fb61b3fa22ad3b893adbc528fba0b3e309831850a7a76f3fff0666183dee,sol-updown-15m-1777623300
"Bitcoin Up or Down - May 1, 3:30AM-3:45AM ET",Up,BUY,41.63,0.01,0x528512d995f893228598b6fd9809cc09e10500651912143814e81d8d92e7e58e,2026-05-01 10:45:12,0x6b9409815115def58f816514f09f0e172032db26f37ede3ef2389dd353670603,btc-updown-15m-1777620600
"Bitcoin Up or Down - May 1, 3:35AM-3:40AM ET",Down,BUY,45.29,0.51,0xdca9529de488b04ac9da33ab3a1185a957a6a3b6047531c3ec0f7568ce3053fe,2026-05-01 10:40:18,0x5bfee680a4d809cff4baada897f72ee4eaa0947cdf69a579f39800821597d3d5,btc-updown-5m-1777620900
"Hyperliquid Up or Down - May 1, 3:15AM-3:20AM ET",Down,BUY,22.89,0.69,0xe7fe361c386f8194e8a5566734067beef752f0ec80996000dc513282854c4c13,2026-05-01 10:20:18,0x4d9aff6fe4251a43955bea860e8fdc0b00c277c6ef121a9c5956f678856c33c5,hype-updown-5m-1777619700
"BNB Up or Down - May 1, 2:40AM-2:45AM ET",Down,BUY,41.15,0.59,0xc6e605d76a0f70541b73651c9c8886b670c5226491000cced1bece6c37f40c06,2026-05-01 09:45:22,0x92627c19d30aee66151a460b23ba5ac847d335d722de9b4c8bd180461331f576,bnb-updown-5m-1777617600
"Dogecoin Up or Down - May 1, 2:25AM-2:30AM ET",Down,BUY,43.47,0.5301656314699793,0xba01e4c9454735e3214ec324fd7503270084a533bc547ba0c498371ec03b514e,2026-05-01 09:30:10,0xb4e526962841487b7acc921fe4ca8209b4010500c4d44793dd850d84571222c8,doge-updown-5m-1777616700
"BNB Up or Down - May 1, 1:40AM-1:45AM ET",Up,BUY,42.18,0.71,0xa5d43ee858a2b66346177c4abbcc326a8dc83c05d946fd89dc9cc5288c3378cb,2026-05-01 08:45:12,0x87e769d54036f94750ef2dd56198fa0f993d5cb3d5ddc1cbee656e7f75b0e092,bnb-updown-5m-1777614000
"Hyperliquid Up or Down - May 1, 1:20AM-1:25AM ET",Down,BUY,43.47,0.5125672877846791,0x45238544341a023536c78e5f56d42a006c1619d988c8d7f2d85aea5f3b9f495f,2026-05-01 08:25:00,0xf9a31250fd31bff91fc358b55767d86cbc1705bdeddb05a30eb24b03122a9480,hype-updown-5m-1777612800
"Hyperliquid Up or Down - May 1, 12:50AM-12:55AM ET",Up,BUY,57.87,0.32025747364783136,0x7625ed3e41bdf9c2f3206b5a528765245792677e9a429a4721f819ac6bd64a4f,2026-05-01 07:55:24,0xf82d46a0440143634099f5913cfd3da35dd7c080beaec244ea9e03dc3e06fa7d,hype-updown-5m-1777611000
"BNB Up or Down - May 1, 12:45AM-12:50AM ET",Up,BUY,49.18,0.5394997966653111,0xd95a68fd5e4c3a0e8ef57e7ad3356cd8a0998da673b8826180f6bd5f7254b06a,2026-05-01 07:50:12,0x2d51ea644763041e7e0623d9281842fb920c531b97f954721789f2d0eb4e7a9e,bnb-updown-5m-1777610700
"BNB Up or Down - May 1, 12:40AM-12:45AM ET",Down,BUY,5,0.67,0x606913dc65d690ad0132ff896254f5b7b69e6edbcf41929f30d4cd19c1f51ad0,2026-05-01 07:45:16,0x81c95f2a9fbbee9ac8500de42b41039309d4dcedeb96d4403ef7f4f191744873,bnb-updown-5m-1777610400
"XRP Up or Down - May 1, 12:30AM-12:35AM ET",Down,BUY,60,0.15,0x0e21e9b3561f2e9262398bcfa4d35611a61a157fd8aae12ea1c1486c795d1806,2026-05-01 07:35:16,0x28286760f9494cffb6fd1ef3ca74dc08182049c21896be656ca8f1337a1bb9e6,xrp-updown-5m-1777609800
"BNB Up or Down - May 1, 12:15AM-12:20AM ET",Up,BUY,49.18,0.48,0x3c4907f1069733543eefd81998aca3a04f1645d4e59accdd1b88370de0602627,2026-05-01 07:20:00,0xadf7933e091f8b212774341111142862f04741c61ffb91234facd9d29a53ee2f,bnb-updown-5m-1777608900
"Ethereum Up or Down - April 30, 11:45PM-11:50PM ET",Down,BUY,60,0.15,0xc77123420566b7ecad71a72dcb328cb8992ac3538c91f1a085d527c1eccbe720,2026-05-01 06:50:12,0xf2d7f86f78bd8fcd038eb2d1acf026de5106a54647f7dcdd8ed9a9354b0e018f,eth-updown-5m-1777607100
"Solana Up or Down - April 30, 11:45PM-11:50PM ET",Down,BUY,60,0.15,0xd4e0d0828e8a5eda391abb43dae663925f84419757cd42822170c6b238f1f6a6,2026-05-01 06:50:12,0x3dc086ddc124ebe93fb091b8f6f3ca8b31e719f48333bc1284cb641e8f969d8d,sol-updown-5m-1777607100
"Bitcoin Up or Down - April 30, 10:45PM-11:00PM ET",Down,BUY,299.99,0.01,0xc0b443713f0cd042ef6a57886d8942f0a534e95183890d357d104f29420cdb05,2026-05-01 06:00:10,0xb69bfcedb72e01856d018afdbda2d993316d0f1e9389ba6354827e2272a98dc4,btc-updown-15m-1777603500
"Dogecoin Up or Down - April 30, 10:40PM-10:45PM ET",Up,BUY,18.77,0.71,0x5af7da6dba3c754a963b2b89035f2c049ddf00868264166d40af7208b4bbac9e,2026-05-01 05:45:12,0x5da7fad77d70f43e75d19c3247860f97b7c6ad0119c371d73be1234c093389ba,doge-updown-5m-1777603200
"BNB Up or Down - April 30, 10:35PM-10:40PM ET",Down,BUY,37.53,0.49,0xc73b7e9c45c9313381708b154afb53798af723fe7e682c7d3718846ea5d58fd1,2026-05-01 05:40:00,0xea13ebc56fa233952bcb2a2c43276b8c303ff21550b50df0fa07a5164b66c31e,bnb-updown-5m-1777602900
"BNB Up or Down - April 30, 8:55PM-9:00PM ET",Down,BUY,46.17,0.47,0xd48539a04e38b96e880c29afd221ae460891681b7b0a12dab950d6cd226df99a,2026-05-01 04:00:12,0x2c576813539fdbab4ee2ac6f0cc04722d61d88c931d1ec8912a9ca6cd9cdc035,bnb-updown-5m-1777596900
"Bitcoin Up or Down - April 30, 8:55PM-9:00PM ET",Down,BUY,42.85,0.51,0xc258a6ecc832a280af6c7a536ffa711cf33abcb9f068999f38f0e9115d2acb87,2026-05-01 04:00:12,0x70564a1563d879c4cdef0e28bb894bec3ced287dfc6d8b9bc0978773736b9a84,btc-updown-5m-1777596900
"BNB Up or Down - April 30, 8:30PM-8:45PM ET",Down,BUY,39.54,0.69,0x2e1bd71a162656e0103db3610e3ce13f3daf8df44bc8d71ed01e2ee61a47179c,2026-05-01 03:45:36,0x5f692afbb989e5b82d483a21940f1f55edf431a74791cb2c14ed8a0e72aed3c6,bnb-updown-15m-1777595400
"BNB Up or Down - April 30, 8:30PM-8:45PM ET",Up,BUY,41.13,0.6,0x2e1bd71a162656e0103db3610e3ce13f3daf8df44bc8d71ed01e2ee61a47179c,2026-05-01 03:45:14,0x8ce502d326b5714094e3010444f43934523d11ae387b31e61a9e0bcb4cdb08ec,bnb-updown-15m-1777595400
"BNB Up or Down - April 30, 7:55PM-8:00PM ET",Up,BUY,41.15,0.61,0x485c4b8a52470f64f101742ee0b60772d52bcebd9282064d93121e806dedcf1e,2026-05-01 03:00:12,0x42dcc02f5600847deaeeae4b952fecca2e7b6430009c7e095f7b10e3c40b6a98,bnb-updown-5m-1777593300
"BNB Up or Down - April 30, 7:25PM-7:30PM ET",Up,BUY,43.83,0.609,0x65d67dda94134b4fe68cfe0390345c3fd15b2d76c57c389efceeaf81204d3a2b,2026-05-01 02:30:16,0x26e583e250000456353568e90fcd292571449f4ef55dea4540c4bd30bc1cf450,bnb-updown-5m-1777591500
"Hyperliquid Up or Down - April 30, 7:05PM-7:10PM ET",Up,BUY,5,0.42,0x178802660d266350c0f19a260c9dcfb54a058f5fbe2c16d0df4bf79844371151,2026-05-01 02:10:24,0xc3cfe3019c79cf881d1de626cc947edb7275b971d85217db93df813caba351f9,hype-updown-5m-1777590300
"Ethereum Up or Down - April 30, 5:25PM-5:30PM ET",Down,BUY,5,0.65,0x5e1d9935a34082e33537c78f91ae393144ff8685c289a0ae01f0c67ba2d44fba,2026-05-01 00:30:16,0x11917708510f38e7677b37ebab7968120cb996bd29deb4f09da69bd8a4feaee7,eth-updown-5m-1777584300
"Dogecoin Up or Down - April 30, 5:20PM-5:25PM ET",Down,BUY,43.71,0.69,0xf98942cb881abdde9efa34683bf4c8be29d0aa9081bc75e39458d362054f6f11,2026-05-01 00:25:12,0x8cc1644e0a350da6639a7a722e31a7eb656a1a0a7f2fa7e1e5b6b2700a2a9b3d,doge-updown-5m-1777584000
"Dogecoin Up or Down - April 30, 4:50PM-4:55PM ET",Down,BUY,16.07,0.69,0x21bbca3bb323697588338387ec5a905bae7f86fd84ddb6f22476a94783e35b30,2026-04-30 23:55:12,0x329db3710cac4310aa5917e2b792235a0db9a72c2d6660a19dc2cfe18a10b446,doge-updown-5m-1777582200
"BNB Up or Down - April 30, 4:30PM-4:45PM ET",Down,BUY,17.82,0.69,0x783ee9090258493024179ce304df99b9e5efa60a5509a0637bda38f586e12f47,2026-04-30 23:45:12,0xad59b4d79db21b98c77e494fa72dcdc0954dc24de4d5fd19e7dd7708a84a6b60,bnb-updown-15m-1777581000
"Bitcoin Up or Down - April 30, 4:40PM-4:45PM ET",Down,BUY,75,0.3993333333333333,0xd86b9244fdf0f7edade16e09c76e5c76f9ae568126d7c158499950992d8282b6,2026-04-30 23:45:12,0x2f42df0ec213075334d919a125f663db4489b46c4ff9e5387e44a89c2087b572,btc-updown-5m-1777581600
"BNB Up or Down - April 30, 4:20PM-4:25PM ET",Down,BUY,103.44,0.5597853828306264,0xc61de54a0281fa4a554f0a62267d0c4218eed8a1510f0b91c695b3944d0dfa94,2026-04-30 23:25:14,0x43c313f2d740c26da0cce8306dc12de4c8a1132c36a99a0b9cd2e4e3b3ffae97,bnb-updown-5m-1777580400
"BNB Up or Down - April 30, 4:20PM-4:25PM ET",Up,BUY,41.15,0.43,0xc61de54a0281fa4a554f0a62267d0c4218eed8a1510f0b91c695b3944d0dfa94,2026-04-30 23:25:12,0xfdc0a211c9f4a8833c8478c130c19802d8945e19bef08ac72a52020f9a1b18a8,bnb-updown-5m-1777580400
"BNB Up or Down - April 30, 4:15PM-4:20PM ET",Up,BUY,42.25,0.51,0xa762998ab5251220546cc86fcd9d0134762910944a42800ac58971c6eb4d30a6,2026-04-30 23:20:12,0x856816d68c254f43d8c4c3ed8dc01c855644ea6ef6774a966d0617d81b8f7c5d,bnb-updown-5m-1777580100
"Dogecoin Up or Down - April 30, 3:10PM-3:15PM ET",Up,BUY,41.15,0.71,0xbfca369f5b7803fcbb814d6f73e5c49f4a515fd67bc46a85e3bbc7b8b23085de,2026-04-30 22:15:06,0x85432e57e061c7528a47a2514d66468f825ff25c493e5957a9e20242b6047318,doge-updown-5m-1777576200
"BNB Up or Down - April 30, 2:35PM-2:40PM ET",Up,BUY,41.15,0.6271567436208991,0xdf754ed7b088dd99ae6fedc3670943fcf362f73f18ae1003141c0e6e952a5d4c,2026-04-30 21:40:04,0x69165000a355a1cbbd6d8eeba7583e96e018bc3ef5b75ff3bc86d0f5f0ba686a,bnb-updown-5m-1777574100
"Ethereum Up or Down - April 30, 1:15PM-1:30PM ET",Up,BUY,139.53,0.18374256432308464,0x1b407aed398bdc2f4f073202b32c6ef4f9959de2d0d34fe6aa04a213d6da2283,2026-04-30 20:30:26,0x79c13b8608e1bc01306dc90305485d01083459bc08cacfd2eff6cc400a087f4b,eth-updown-15m-1777569300
"Bitcoin Up or Down - April 30, 1:25PM-1:30PM ET",Down,BUY,50,0.5,0xa0b75a811e300d82ea2dc3ebf54cafcd263071565103e5c3e9c199decd1ef67e,2026-04-30 20:30:26,0xeb3f3ad8dba48b1c1622b266e907bd18382eb681a95817426f856f1745e2ad31,btc-updown-5m-1777569900
"BNB Up or Down - April 30, 1:00PM-1:15PM ET",Down,BUY,1,0.59,0x7a63992901c478bf57a5b247816da5508f045f4e2ec2a6e6e21c1ec0e15c46ea,2026-04-30 20:15:26,0x60e8e9d81cc7faaa98f9c02eeb7ca3be6033ecd0908d44cddc76b332a7343185,bnb-updown-15m-1777568400
"Bitcoin Up or Down - April 30, 1:00PM-1:05PM ET",Up,BUY,0.09,0.68,0x5296a81d1668d4945a678d36b5430803f22d3d6dc108e2c2a498f95cd470bfaa,2026-04-30 20:05:16,0xf22f6782a38eb6cbb6c2febad53bdc16e8daf14f6fd40db603291df3a7b83658,btc-updown-5m-1777568400
"Bitcoin Up or Down - April 30, 1:00PM-1:05PM ET",Down,BUY,57.69,0.5,0x5296a81d1668d4945a678d36b5430803f22d3d6dc108e2c2a498f95cd470bfaa,2026-04-30 20:05:12,0x7e068bdc650a0713dec957743df469b7a59b0900e6e0d1b743bafe8167efd252,btc-updown-5m-1777568400
"BNB Up or Down - April 30, 1:00PM-1:05PM ET",Up,BUY,46.87,0.6105056539364199,0xf493905fff605dab8b8e9ea49cea64867b997cb7ef28de825189df9a57b2b5ee,2026-04-30 20:05:12,0xf82ec0c72d334f5ad6733a7f345de9c4d81f6cd834c3d42a643dd529472043bb,bnb-updown-5m-1777568400
"Hyperliquid Up or Down - April 30, 12:45PM-12:50PM ET",Up,BUY,35.77,0.55,0x2e8f5b08741efe82789bd2573c2bf9e975b7ef199fc3259d1321cbfd890c233e,2026-04-30 19:50:04,0x2bcec704493b0d302059be854491746e439b16bdc54a37fd6a88d7ab97826f35,hype-updown-5m-1777567500
"Dogecoin Up or Down - April 30, 11:45AM-11:50AM ET",Up,BUY,2,0.1,0x38ec290be512f93d8ae41d29805224e1d52b4a035da932363967d0a289ef00e0,2026-04-30 18:50:14,0x3412c8818dc8940d5c280d6400606603c3364ff8f3d65ee429a6f4a2b448365d,doge-updown-5m-1777563900
"Bitcoin Up or Down - April 30, 11:40AM-11:45AM ET",Up,BUY,69.76,0.3,0x5278c24f4593f64757899b0f8ed9b4f26c8b3cc004879ef8091d43fda4f62a02,2026-04-30 18:45:28,0x35957b105c48795f880fd0b74912db507d09d5c1e4b4733c6e1d67c7a60fe646,btc-updown-5m-1777563600
"BNB Up or Down - April 30, 11:15AM-11:20AM ET",Down,BUY,49.67,0.5901852224682907,0x772f963e0edf1c51dfeb52d8cb558acca07e073f5d099892cc10987778eeb783,2026-04-30 18:20:24,0x048aae658aaf95bbbf029217abb2aaf6959c7cbb9d176666caf17ab9e8a85911,bnb-updown-5m-1777562100
"Ethereum Up or Down - April 30, 11:10AM-11:15AM ET",Down,BUY,34.47,0.6889324049898462,0xa25466f20591784735bb8b353c73d40c3b5308be62a6ebe7b856ec1a4e4b0951,2026-04-30 18:15:12,0x91f2869b77ffe6df8176aefb467e7c9189b49d4ead26f7837e7da18b96791fc0,eth-updown-5m-1777561800
"Bitcoin Up or Down - April 30, 10:20AM-10:25AM ET",Up,BUY,27.95,0.47,0x4e4b6956ad86335caed03661efca1201f06d817266519efb0214754505a66e3a,2026-04-30 17:25:14,0x082b802d5b47e6f6d4a1aa7b5b1fc9faac32fe2d0facbd5c49a0919ff24ca747,btc-updown-5m-1777558800
"BNB Up or Down - April 30, 9:20AM-9:25AM ET",Down,BUY,41.15,0.6627582017010936,0xc1235df7767f1a6d1bf5d7ba68a255c4bb6683b886025515fc27289d92920d33,2026-04-30 16:25:12,0xbab680a2b97ba462cce5f9a0e89a37041dca937ab0a611eeeb22294044230dcb,bnb-updown-5m-1777555200
"BNB Up or Down - April 30, 9:15AM-9:20AM ET",Up,BUY,49.32,0.5109367396593674,0xa05929efd1a9830f5d6fa49517473242ad3c42e8294495df62f151337b0ab715,2026-04-30 16:20:18,0x482ef9166aedba075830e5485b623e74e7bc0afd91cef6fcb5cfd3510be24803,bnb-updown-5m-1777554900
"BNB Up or Down - April 30, 8:45AM-8:50AM ET",Up,BUY,49.18,0.4981252541683611,0xf596bf52fe04b647c3e6447cf5ac460a983aa11aa5cc57a499b3064742bb5495,2026-04-30 15:50:12,0x8cd953900a6e9a3bbd7eead1e979210abdfec364bab37f699af08e790ef652b9,bnb-updown-5m-1777553100
"Hyperliquid Up or Down - April 30, 8:30AM-8:35AM ET",Up,BUY,43.44,0.61,0x4bb82e899bb006f824f1a6fb7dc6bb15465a944c18641585ce54f1b9281d5d16,2026-04-30 15:35:12,0x09ff9e530c3ee1977085a9c2a3d52ab13f05a9b2067df1b9c24be63809268250,hype-updown-5m-1777552200
"Ethereum Up or Down - April 30, 7:45AM-8:00AM ET",Down,BUY,48.38,0.58,0xe3c15aa584aa96c6ad0ae2b7a2360489675cc504c9d1c3f1be2256d5ec72d092,2026-04-30 15:00:12,0xe6657244822f6f2efdd1bca819b95f7626bfb635411730553886b14c2cb4355a,eth-updown-15m-1777549500
"BNB Up or Down - April 30, 7:35AM-7:40AM ET",Up,BUY,58.82,0.42499489969398163,0x3af7bd640ce0885ad12e7df289481eef57db8ffb5dee653cf1334d72739e16eb,2026-04-30 14:40:12,0x74dff35f171e1b25bc45a6f33a1c22067a2c667b2199eb9177473eebe1829fdb,bnb-updown-5m-1777548900
"Hyperliquid Up or Down - April 30, 7:15AM-7:20AM ET",Down,BUY,50,0.49,0xab20071f4975bb1a9940b3674008a42b181d73b43b00789ab3c8b409af3c3240,2026-04-30 14:20:12,0x9e14b51b515d9e7b3869680089e00d7a5f758c80a5afd601b7106d78379cbc28,hype-updown-5m-1777547700
"Dogecoin Up or Down - April 30, 7:00AM-7:15AM ET",Up,BUY,20,0.61,0x008c90de7175d87ac402dd51eb2a3bce03270d403765a41ced19d933cde639dd,2026-04-30 14:15:12,0x9cc2b8b693a74bce54b8f0c9f4c8256403c618f1a9c80ba00709fc4fde1645ef,doge-updown-15m-1777546800
"Solana Up or Down - April 30, 6:55AM-7:00AM ET",Up,BUY,1.8,0.4,0xcd6507f4cad5e2976b030198e68a3a5c7b8da8d187275554128aab3b8a1baa27,2026-04-30 14:00:28,0x724083efcbc12aeca0a11de41b4984da425a0467fb6ba68db4a014769ba98d05,sol-updown-5m-1777546500
"Hyperliquid Up or Down - April 30, 6:45AM-6:50AM ET",Down,BUY,38.3,0.68,0xdeb015336ff1768e71d686efd80f7c84898ba6a32e138307053c74cbf9fd311a,2026-04-30 13:50:12,0xa98a07d6e626267e7cc8f1b1b5957db34746340305b6c9e3318125f072c33599,hype-updown-5m-1777545900
"Bitcoin Up or Down - April 30, 6:05AM-6:10AM ET",Down,BUY,28.31,0.68,0x4e8b6c8cb34a59e0f98ae10a0319c89c701bf99253079401651cba69b3d28c1b,2026-04-30 13:10:14,0xe1e05ab2568cf49e2dd053cd66636e43121d991085f0b64d7c8447f3a03557e5,btc-updown-5m-1777543500
"BNB Up or Down - April 30, 5:50AM-5:55AM ET",Up,BUY,49.18,0.51,0xcd196856ae08e67745e1a8f0b3a2207f146e29c25aaa7ca18b11fcbd4bd77356,2026-04-30 12:55:02,0xd74187ef07dabc464111089e49c1844ebe3979db251aacd9ff1a5e7658822568,bnb-updown-5m-1777542600
"Solana Up or Down - April 30, 5:50AM-5:55AM ET",Down,BUY,35.63,0.5698231827111985,0x6623c39d301c53db64681a6cb774d782c0d3b9b2d287b65a244c87924cce526b,2026-04-30 12:55:02,0x77165ff21bfb4e66b818f1d134210d4759f200dfb0b55c7d7b59136fe680ee87,sol-updown-5m-1777542600
"XRP Up or Down - April 30, 5:30AM-5:35AM ET",Down,BUY,38.32,0.5478288100208768,0x69fbb15e900ea3d0c66aae9235b54c8e94dab22b96133dcd1dba36b403390e61,2026-04-30 12:35:02,0xe6fc36de1e33cb8f9d50e4a2d830134eba8c5478f2eb18e8273e34be1c161a79,xrp-updown-5m-1777541400
"XRP Up or Down - April 30, 5:30AM-5:35AM ET",Up,BUY,21.84,0.54,0x69fbb15e900ea3d0c66aae9235b54c8e94dab22b96133dcd1dba36b403390e61,2026-04-30 12:35:00,0x22556ef412ef3c4c28c192d5435dd6e39cb668508499552ab94b4513c71151fc,xrp-updown-5m-1777541400
"Ethereum Up or Down - April 30, 5:20AM-5:25AM ET",Down,BUY,41.15,0.72,0x5c413ccc0a7f3af67db32678f635f5bac0263a3b1befd8fe327d2b88cd0908ff,2026-04-30 12:25:02,0x66e887d4db8540f3696a94a3ba27a2c6f1dadf3bce92355a9850c1b6b8abe517,eth-updown-5m-1777540800
"BNB Up or Down - April 30, 5:20AM-5:25AM ET",Down,BUY,43.47,0.5999930986887508,0xb354544ae137a6e8e33992704c0d7fee895c5caa582c531866409314ebac828f,2026-04-30 12:25:00,0xdde0867215710eafc41674ac46f22a96de3448b4788a2c039a217365b96de3d0,bnb-updown-5m-1777540800
"BNB Up or Down - April 30, 5:15AM-5:20AM ET",Up,BUY,42.25,0.51,0x26e398b7012b3f9015276e6f8be538930dc63954d97ba47ec7c291d79f2f4532,2026-04-30 12:20:00,0x2eff6d594b1fedaf61e3803b7cb2bbd2fb7a5b9f6bb4fb4700c046b1887040e8,bnb-updown-5m-1777540500
"BNB Up or Down - April 30, 5:10AM-5:15AM ET",Down,BUY,43.47,0.6276811594202899,0xca35648823f3041f69b282868045fe74e07ca014ccb59f3f4619e6a06e6877ff,2026-04-30 12:15:00,0x6a5ce3b89823fc7f2d497e08c227bfcc77bea64c34ea57b30425517176b4e64f,bnb-updown-5m-1777540200
"Ethereum Up or Down - April 30, 5:10AM-5:15AM ET",Up,BUY,9.51,0.62,0xd6bc86c54c2c7499d5bd26b7116dead0bd92cd6ccbb7d11f3334f2b3f4ee1fc0,2026-04-30 12:15:00,0x86167b4e82679a03b373d2ca4bbc21016a6a43ba4618c0c042ec367e5fb3d2ce,eth-updown-5m-1777540200
"BNB Up or Down - April 30, 4:50AM-4:55AM ET",Down,BUY,100.83,0.2404115838540117,0xd1ec1d22af32226c5494341603cc15a98bcc8e66fa4569064a252f80b28a23df,2026-04-30 11:55:12,0x8a67fe144e85ccbe68d64d8b96b63e97c34d1732a7d76c1e5d2f46b92eab3dbc,bnb-updown-5m-1777539000
"Ethereum Up or Down - April 30, 4:45AM-4:50AM ET",Up,BUY,85.71,0.3429063119822658,0x5e5bb960e8b24094798b83130fa6a1412d9d9e3377201655094bbcd103f3340f,2026-04-30 11:50:12,0xbb7cfdb922bac7a00a3d88416bd5d2cc427e329039def6846e8b6b0b87cad53e,eth-updown-5m-1777538700
"BNB Up or Down - April 30, 4:30AM-4:45AM ET",Down,BUY,16.49,0.69,0x82b6c958be150dfbfdaddc197645a8cd635612806b294b38ce778a20bb9a19e5,2026-04-30 11:45:12,0x77d0dcbef517acf44dab4e98c2a342e716a2a938046c5e89ea527cbc98962b78,bnb-updown-15m-1777537800
"Hyperliquid Up or Down - April 30, 4:10AM-4:15AM ET",Down,BUY,43.47,0.5292224522659306,0xb6a1ed4bfc34dd20c652013ca090751dfc43d06e8e6b1a0570400b2f2b78d193,2026-04-30 11:15:00,0x70f47c13da5dc92656d09db4046a355dc88340cedaebd1778eee031d258e296f,hype-updown-5m-1777536600
"Hyperliquid Up or Down - April 30, 4:00AM-4:15AM ET",Down,BUY,21.85,0.69,0x8c2ad06c371cbc0ba8b3470e39b3bb1eb3c0d892deb14e19b46b6a36fb81c999,2026-04-30 11:15:00,0x0b83262f831021364092b73282925ffcbfc2656ab61ef77097ff1d3f71546948,hype-updown-15m-1777536000
"Hyperliquid Up or Down - April 30, 4:05AM-4:10AM ET",Up,BUY,27.5,0.4781818181818182,0x518ccb1d4559f4026144f732e9ae59a9e5e671c70f6d8ee458d6349525f3c83d,2026-04-30 11:10:02,0xa9c782eafa604974550fb9857ca3005f4fc028a694dbf24dbe67ed5ef9a1c77f,hype-updown-5m-1777536300
"XRP Up or Down - April 30, 3:50AM-3:55AM ET",Down,BUY,41.15,0.71,0x014adbf3615397b8c8ab8590a68b0f336535990f0a5b6631c2bac200fd85f1be,2026-04-30 10:55:02,0x6a901c71fcda0d8745eef9ca8a13103e5b2a7959a641235cdbd81f7d7aae9c18,xrp-updown-5m-1777535400
"Hyperliquid Up or Down - April 30, 3:45AM-3:50AM ET",Up,BUY,42.25,0.58,0x7cea8bb0563a8f3fe3f79b1ac21c568349c07b639297bfc4e0b97dd8eacb1f4e,2026-04-30 10:50:00,0xd781e6d85bd8c6438bb2a77af161d735ba17997670c1669a18a5cff3aa7bb041,hype-updown-5m-1777535100
"Solana Up or Down - April 30, 3:40AM-3:45AM ET",Down,BUY,54.19,0.1957206126591622,0x968d7551905f8a8ca148549e24d693519cc81eb9b4bae1a2ab55eecd56aa2ae0,2026-04-30 10:45:02,0x5c489a8b5d1b10eb151207dd020dbbd235ed12c7b54a560595146d0b212c04dc,sol-updown-5m-1777534800
"BNB Up or Down - April 30, 3:40AM-3:45AM ET",Down,BUY,42.85,0.59,0x536d20f4d1f18425368e3329bd4506f027b4f52d4e48116bab246fed55c88b98,2026-04-30 10:45:00,0xb96314d35a7274d67300572c0372dfb9a17b97add7d90c489228596ade2d6bd1,bnb-updown-5m-1777534800
"XRP Up or Down - April 30, 3:35AM-3:40AM ET",Up,BUY,49.57,0.6,0x6be65705cc0bb835670fa8207e64ed526099b1cf93c5064b39e511667cf9cc50,2026-04-30 10:40:00,0x2d94cc5615940622b59415d0f6efe90afaab8ef6210321c4de1d9f7be3e7eee9,xrp-updown-5m-1777534500
"Hyperliquid Up or Down - April 30, 3:15AM-3:30AM ET",Up,BUY,30,0.61,0x25bfd4d073b3d7faf1713f085a8de823d76b2570e1e903b82c5adc7c1d45b705,2026-04-30 10:30:00,0x349fd925e3d357b35ee2228c4dcceb3d06acb140f420b7828c0e9b29cc925e53,hype-updown-15m-1777533300
"Hyperliquid Up or Down - April 30, 3:05AM-3:10AM ET",Down,BUY,41.65,0.49,0x9b2edbae56dd4cead2ec52f8aa6ae26ff763fd050b7b38e1b2bc57957eba99cb,2026-04-30 10:10:00,0xa23001eedbe9cd0c7da1f5b8de811593824d242a2165269b73b46c47d5b1fa30,hype-updown-5m-1777532700
"BNB Up or Down - April 30, 2:30AM-2:45AM ET",Up,BUY,41.15,0.33709599027946535,0x5fde0be8498688e70ce03b4e3f1bd431d843bec64c7804303fc9300b7ef1f4f7,2026-04-30 09:45:00,0x5569128f23ae8ad236b05ff864c0bed47f4827c94705f327a920cf7ffba1a510,bnb-updown-15m-1777530600
"Hyperliquid Up or Down - April 30, 2:15AM-2:30AM ET",Down,BUY,43.47,0.6328502415458938,0x87378e08f1b2cdd916ad83feaccd0ff9e1d8ea368c66b874a5ab88778d7dd360,2026-04-30 09:30:00,0x43d8ab485f59a0cfc67db911561f2e2e41b03af69c147f3c63ff68a36d4d5153,hype-updown-15m-1777529700
"BNB Up or Down - April 30, 1:45AM-2:00AM ET",Up,BUY,82.95,0.6240325497287522,0xfa79b22a1cd2fba6e2825123234acd7d2c9d859f058098bef1fe9339607cd35d,2026-04-30 09:00:02,0x39681184c7fd9c6f738f3e3c427875e500711cae01cf7ba849b51e5b9c9a6bc0,bnb-updown-15m-1777527900
"BNB Up or Down - April 30, 1:45AM-2:00AM ET",Down,BUY,50.84,0.5386231313926042,0xfa79b22a1cd2fba6e2825123234acd7d2c9d859f058098bef1fe9339607cd35d,2026-04-30 09:00:00,0x27cffd353e356023aa8928e3dedd661eb6223b57d5aff1370a622e0c4c184d8e,bnb-updown-15m-1777527900
"BNB Up or Down - April 30, 1:55AM-2:00AM ET",Down,BUY,76.92,0.32511440457618307,0xe5f3dc66b28f8fe74fa2962ea979ed6a7df083d07173a50c9612b36e3d4470cc,2026-04-30 09:00:00,0x58113d2d0423c4a3157803f788ce349788481a99bd851a088640b4762fc2d524,bnb-updown-5m-1777528500
"Solana Up or Down - April 30, 1:50AM-1:55AM ET",Down,BUY,56.87,0.48055037805521367,0x1da4b291bd907d55dd893207237a06a1eb5c86a3a74aa9b49737a0e3328de287,2026-04-30 08:55:00,0x55e85fd4e7edd40157b96f4c5487c147fd3d3d1ecff959c83a6e6105b450d88f,sol-updown-5m-1777528200
"XRP Up or Down - April 30, 1:45AM-1:50AM ET",Down,BUY,30,0.71,0xff76cc0d4b58c7160aba8ccea1980d9f8e47c2b6f57e087ec0e179b22e097999,2026-04-30 08:50:02,0x0fb8792c9368787c493959eacd4232315d8e5fdaeee8654a3c4ead2ed7ceb0cb,xrp-updown-5m-1777527900
"Bitcoin Up or Down - April 30, 1:10AM-1:15AM ET",Down,BUY,200,0.132829,0xb31ee5e07b03da1f65db6aaf382f3d809280730eb3dcfd795342b3192ff7c102,2026-04-30 08:15:04,0xf12a5e409f3f8352526931a09b70bc7098a25447c101c2e43863a1f530c8a0fa,btc-updown-5m-1777525800
"Solana Up or Down - April 30, 12:40AM-12:45AM ET",Down,BUY,5,0.01,0x19f88b8634d5b0bfb764e2387da4547a921a82f207d5a961348694ee93503d5e,2026-04-30 07:45:14,0x294880e11e2a5f8520886d7afc534c05c604ba8c12bf98f0bb048d7944590f32,sol-updown-5m-1777524000
"Hyperliquid Up or Down - April 30, 12:40AM-12:45AM ET",Up,BUY,4.87,0.71,0x3928c71517233ab613e6232d104295d0ecd626e3b2c400c730b456a9e5a35a3a,2026-04-30 07:45:12,0x04dc464202787c3417e6129dae5eea88d8801fa58c0de870786f7867073c04e6,hype-updown-5m-1777524000
"XRP Up or Down - April 30, 12:20AM-12:25AM ET",Down,BUY,53,0.04433962264150943,0x9277269ddbca1715571a51f5a1d56e6d8857597d9081b36dbabe54200c0140d3,2026-04-30 07:25:14,0xca5dcc8de723493734cdcf2c5b25aa8fa9874d94f1222b88e934f312443d02ad,xrp-updown-5m-1777522800
"Dogecoin Up or Down - April 30, 12:10AM-12:15AM ET",Up,BUY,20.54,0.62,0xb4054b49ba82ca5916a95f019f1bd9bff15fa66cc6638fd94704f76d7ee121c3,2026-04-30 07:15:06,0x80fceea38e6ed6879083be952415e4767b594e620265d9ae8ec198c181cd4b10,doge-updown-5m-1777522200
"BNB Up or Down - April 30, 12:10AM-12:15AM ET",Down,BUY,100.54,0.21639745374975133,0xa43df8437ee449ad6b7d248e9b8c80bae5841b3a0fd97147a86d8ae0c3a227b1,2026-04-30 07:15:04,0x53e081be2f54d0546f0f3cb353de40db9195f878b02a56c3279fc59fd50ae5cd,bnb-updown-5m-1777522200
"Ethereum Up or Down - April 30, 12:10AM-12:15AM ET",Down,BUY,45.3,0.07,0xa4e2eec138132b79676cd61bdbeb604008d4bef8fec4e099afbd3abb4d7bc8d3,2026-04-30 07:15:04,0xcd8afd88751ad2e15bccc4cefcddf80a87a2b8bf09fbeda057314df22308414e,eth-updown-5m-1777522200
"Hyperliquid Up or Down - April 29, 11:15PM-11:20PM ET",Up,BUY,24.3,0.61,0xb6cb342c753aa3c91f9b80e58ff441ba58c282a4fa8a8ec796a42a51d139f4da,2026-04-30 06:20:14,0xb33d41af2ac48a312361fd3ea7724bcae89b1240ae73348f54dfe6b76905d75b,hype-updown-5m-1777518900
"XRP Up or Down - April 29, 11:15PM-11:20PM ET",Up,BUY,15,0.3,0xed5134eb6224ee5abfd81ecc1264373ef22888cadc8b0b8164cf0c374b197569,2026-04-30 06:20:12,0x0182840501584eaf409de7f0ac0ef93086ff6ac52923cfb239365f5521e3ff6e,xrp-updown-5m-1777518900
"Hyperliquid Up or Down - April 29, 10:45PM-11:00PM ET",Up,BUY,5,0.71,0x8090379ff207fa35e79f492873458d4388de4c6e246ea123300faa3cfa8fcccc,2026-04-30 06:00:12,0xc57887159b7b1524540ab062db035aa0a0b0538c2d5b920a96b7383b092a00e0,hype-updown-15m-1777517100
"BNB Up or Down - April 29, 10:25PM-10:30PM ET",Up,BUY,3.91,0.36,0xa7de8ec0761190540607f539d197becf9d7405d9a9c47ebb9174fc8733b01744,2026-04-30 05:30:12,0x3dc06e7af0da71a9caefa6f601d7aec3a360adb0503943f6a8c647e510275cbe,bnb-updown-5m-1777515900
"BNB Up or Down - April 29, 10:15PM-10:20PM ET",Up,BUY,16.19,0.71,0x384ac4c2a5bed2cc6fd7e271038b047725d8ee477d6e4c22e13bdcd8f75f11bb,2026-04-30 05:20:12,0x388ab2d4fe8c17687219af1ab9e0c42905246fe3048d4c1c42dc1a1d8103cc92,bnb-updown-5m-1777515300
"Hyperliquid Up or Down - April 29, 9:50PM-9:55PM ET",Up,BUY,82.3,0.5629696233292831,0x91893b582480f31cea6237428216d98b026c03d0f98de56b4e15fe282bbd02dd,2026-04-30 04:55:14,0x5a399af56a253a8f995a8fd09ff8436204fd527ffdbfbaf5365e5a5900df6d95,hype-updown-5m-1777513800
"Hyperliquid Up or Down - April 29, 9:50PM-9:55PM ET",Down,BUY,17.47,0.71,0x91893b582480f31cea6237428216d98b026c03d0f98de56b4e15fe282bbd02dd,2026-04-30 04:55:14,0xa2c80e4acb5745f9c39a84e37f024920ad2b675db91d2e599be0dcecd74dc238,hype-updown-5m-1777513800
"Bitcoin Up or Down - April 29, 9:50PM-9:55PM ET",Up,BUY,57.49,0.12478170116542008,0xa024e4a3a978646b71c9ccae1aad8f3f36f987091329390bc63a09d419609655,2026-04-30 04:55:12,0x8e2f4fafc5349ce51c57485e661a3c381ccfeeab53468e460547f17c9ca567e8,btc-updown-5m-1777513800
"Bitcoin Up or Down - April 29, 9:30PM-9:45PM ET",Down,BUY,5,0.67,0xaaf2751c0036d07a0ff3d42c55d5f9167a095ee77ee8ea244809daf8ae584f8f,2026-04-30 04:45:04,0xc685bb01dbba9ba5a317146c56cfd9bbf4568993c0cc79483bb73bc5b6a60038,btc-updown-15m-1777512600
"BNB Up or Down - April 29, 9:15PM-9:20PM ET",Down,BUY,43.47,0.49098918794570967,0x38c4b6cdb1bc233dcc69ec433bde349b079c2f767e2cd1b14370c9a2ac67efe4,2026-04-30 04:20:02,0x4be1f012ff435ab47c7f6cd262b40cf20f8b2b4b7487d1c8aa7ed7e74de643f7,bnb-updown-5m-1777511700
"Dogecoin Up or Down - April 29, 9:10PM-9:15PM ET",Down,BUY,43.47,0.5083114791810444,0x27b6c71a1f1d65846a82b220cd3a0faa6f589b7e59bc99f4f287be30d9c574e3,2026-04-30 04:15:04,0x121c2de4a3f500a4fc436bb03e3922bf8e98555c78d4c67b07ab704ca8fef713,doge-updown-5m-1777511400
"Solana Up or Down - April 29, 9:00PM-9:05PM ET",Up,BUY,8.05,0.6086956521739131,0xb5014b4163be6c41e768da2dcd4866a0d0314cc6caef4da5626be45fd1609a3c,2026-04-30 04:05:04,0xf469fb174225469a3a588944cff4143b9f635a251985bd0b96105d2a730329a9,sol-updown-5m-1777510800
"Ethereum Up or Down - April 29, 8:05PM-8:10PM ET",Up,BUY,53.5,0.602803738317757,0xc2371e7dc4d6249239990172b405187848aaecdda1d40b9191a51640b01772d2,2026-04-30 03:10:12,0xcb4683daa27bbfcb9ba5b2a052bd8b5c3587443fdf6e6d95bd2b2abeb97d5f18,eth-updown-5m-1777507500
"BNB Up or Down - April 29, 7:55PM-8:00PM ET",Down,BUY,43.47,0.49,0xc54e07963f58578f5f4999be2089c5ef6d06a9a638534e235a90d467b1985db7,2026-04-30 03:00:16,0x084fa739fc296e9422a795fb1068e61c3a8a69193f2d2690c92f3b6e781b75b9,bnb-updown-5m-1777506900
"BNB Up or Down - April 29, 7:00PM-7:15PM ET",Up,BUY,54.44,0.4548934606906686,0x7f4d78a96eb4e725ec4471f79e74c48e1700076cf8d05b0aea7a94a33a068259,2026-04-30 02:15:16,0x10b330e8020b4ef7e636520baec252ca83b455231bc6e5e9be11f0deafe3acd3,bnb-updown-15m-1777503600
"Hyperliquid Up or Down - April 29, 6:30PM-6:45PM ET",Down,BUY,41.42,0.5952148720424916,0x779b2be753722b6852ff939b43e59de1901ec9af33c354ffff80313a37179cb8,2026-04-30 01:45:12,0xc014b27b85d9eff277ed19aae2017a2ff105d87bf39e8463bf2c060e6977044f,hype-updown-15m-1777501800
"Dogecoin Up or Down - April 29, 6:15PM-6:30PM ET",Down,BUY,22.56,0.6944326241134752,0xea54c7a69ead4e9bc0eb30773a031f78f90613ab34d414f2a02b38fabb0c94f3,2026-04-30 01:30:22,0xf7990fc80bfcc5337cc79e5ff67c73472a9ff93ead62b8058e60149bccac2378,doge-updown-15m-1777500900
"Ethereum Up or Down - April 29, 6:00PM-6:15PM ET",Up,BUY,4.12,0.55,0x9a2352c532fb895e4d7605645f126f2f8f5340839ec9b4f2389e2edf08d473ea,2026-04-30 01:15:14,0xe8061f714d67ceb936600d74a3bc97b531bf8372488455c6ebd6590207ac6840,eth-updown-15m-1777500000
"BNB Up or Down - April 29, 6:00PM-6:15PM ET",Up,BUY,1.18,0.71,0x30f63a9090180d13a75e255feb8c1250f872b93c41c37600452e2b734083924c,2026-04-30 01:15:14,0x5b1a17c50691393df050caa8d258b203e4f34cb5f91361cfa4e25441de5e9fe3,bnb-updown-15m-1777500000
"BNB Up or Down - April 29, 5:45PM-6:00PM ET",Down,BUY,27.55,0.69,0x89894f76dea3c51f67f1e8017e644ca16d2076fac2bd805e6f74ae5955440864,2026-04-30 01:00:00,0xca0ba23633c8009c478e0665cef931f5f7d4ebd04c0099cb0e6e3ea49898329f,bnb-updown-15m-1777499100
"BNB Up or Down - April 29, 5:35PM-5:40PM ET",Up,BUY,36.03,0.71,0x97627b9bdef27ea6cf4011e9c24c6355f01cca6ad69fc9d4e315564b0c06efc1,2026-04-30 00:40:12,0xaa107a80ff6395cfc9b5764b9fb886358d8d0b362252abed0fb82d439532cd12,bnb-updown-5m-1777498500
"Bitcoin Up or Down - April 29, 5:00PM-5:05PM ET",Down,BUY,50,0.573916,0xadf20b53fe363b05753b937d1b0f4423792efb805246ad32654dec407e6d282e,2026-04-30 00:05:12,0x2fa8c16b8805a4fd0d4c4ccdc1604232d44d183a872dbdffe63a0fcc5c73fe77,btc-updown-5m-1777496400
"BNB Up or Down - April 29, 4:50PM-4:55PM ET",Up,BUY,41.15,0.71,0x9f3fddaebf5b8b2409537da11dbf670cf2c4edb4e67f1429bc8c0c6ce4bb13e9,2026-04-29 23:55:14,0x0cdd697f835c0c9f0f0528dfb48a0b4139268b29a00111226904763660014ad2,bnb-updown-5m-1777495800
"Hyperliquid Up or Down - April 29, 4:30PM-4:35PM ET",Down,BUY,61.22,0.35868670369160405,0x3cb0b1de1937d594bc3d07f1af2cd69f9e30d3f01350c8f02f70029142fb0582,2026-04-29 23:35:02,0x73007d26bb7a5e9e03ee0bfd63be617a1df51c6ab2490fb69161153f13005263,hype-updown-5m-1777494600
"Bitcoin Up or Down - April 29, 4:05PM-4:10PM ET",Up,BUY,70.53,0.18311924003969943,0x852801546bc91bb950fdd6cc26e3626efe0123c8a1d24180724d2f4537153f8e,2026-04-29 23:10:14,0x9cbaa674a9ee2ec44cf5359d2da1c23f9a352f35f1d30b5f32773886849f2b9c,btc-updown-5m-1777493100
"BNB Up or Down - April 29, 3:50PM-3:55PM ET",Down,BUY,50.84,0.4916522423288749,0x14b25699cc2162db3f2b6d1e61604c155d300346025176e8fce2888818566ab0,2026-04-29 22:55:04,0x9ad3a72e96ab2ad2b89eca942776c8728b637940c77e6c3c87b9aa4fc687fe93,bnb-updown-5m-1777492200
"BNB Up or Down - April 29, 3:20PM-3:25PM ET",Down,BUY,66.73,0.62,0x0a0df3dcc652b706a589cd86b990d969de07f92f779ca59d7b01d87d4b2dc199,2026-04-29 22:25:14,0xacd323ed1c90a7043747ca11489a4153a192dfabd71473c99e4cedf69029b195,bnb-updown-5m-1777490400
"BNB Up or Down - April 29, 3:20PM-3:25PM ET",Up,BUY,58.94,0.42516796742449947,0x0a0df3dcc652b706a589cd86b990d969de07f92f779ca59d7b01d87d4b2dc199,2026-04-29 22:25:14,0xbcd003853e53e84447fd0b7bbc61adce331dacc6e8d6786fba204b751f523582,bnb-updown-5m-1777490400
"BNB Up or Down - April 29, 3:15PM-3:20PM ET",Down,BUY,25.5,0.69,0x5a5a34213f53ecba51d92bdb491297b01310e44c31ae2b6402fb5ea37d335199,2026-04-29 22:20:14,0xa410fb3f052a2b4eab249b782c67eb6d0044261d69024632457b4c4ca96e8dac,bnb-updown-5m-1777490100
"XRP Up or Down - April 29, 3:00PM-3:15PM ET",Up,BUY,1,0.71,0x76931053e91b2f914a7db2456302553d8b2acab3b90c98ccf6379e8d0085cc14,2026-04-29 22:15:14,0x18e2e1b93904f6be1abbf5db0b577cfdc6f5b8b37d4b28e77ad06fc142242a6e,xrp-updown-15m-1777489200
"BNB Up or Down - April 29, 3:00PM-3:05PM ET",Down,BUY,61.22,0.4083273440052271,0x30c9e42514fc2c28f6f2a6b5ca7abf91cb2b3c717df41fe85d422cf27fdb2645,2026-04-29 22:05:18,0x8491a17a9acda268257f8ee9e208f893398183812c067c380f057a93bf311f95,bnb-updown-5m-1777489200
"Bitcoin Up or Down - April 29, 2:30PM-2:35PM ET",Down,BUY,43.37,0.59,0x1caf1e86377b926519ddc6f5905d526541c7ead55f88cee9107ee11f2b9bccca,2026-04-29 21:35:18,0xf7e3ef4849ef30bf196f00e142b9c43c1bfff7ebcb1ac523e452edaae53172cf,btc-updown-5m-1777487400
"Hyperliquid Up or Down - April 29, 1:40PM-1:45PM ET",Up,BUY,14.64,0.61,0xd4a15bb2dbac2a2c8aee98939259274f37a45894e335fe12aadfdc6e701cdce2,2026-04-29 20:45:00,0xb1a52520c54d65835e578bdf25a17c43ae18ef4a4959daab8958e1a65627946c,hype-updown-5m-1777484400
"Dogecoin Up or Down - April 29, 1:00PM-1:15PM ET",Up,BUY,11.13,0.51,0xde45dc5f24fd48b3acb5236c324d583a0f4caeb3268d7feebd38db6d52244464,2026-04-29 20:15:12,0x44a5341ea12a593ac26d3399259cbb37ed329dd57c3ee2e37d47a7f886935941,doge-updown-15m-1777482000
"Bitcoin Up or Down - April 29, 1:10PM-1:15PM ET",Down,BUY,60,0.47,0x243fb602f7f5e29dd31fee85442d0782682d6c657f898f170963cb93590b3073,2026-04-29 20:15:12,0x09fd9b9fa5281ea269d28edbc2c5d9462440a839d744be9c27ee480a34332b0b,btc-updown-5m-1777482600
"Dogecoin Up or Down - April 29, 11:45AM-12:00PM ET",Down,BUY,40.22,0.5645897563401293,0xaa77c941bb0648d9fe412f3138e043736a71cc7283176eea42161ea50ddd43e8,2026-04-29 19:00:00,0x0800475f3d104ac0f551250bf1bd034796e3e2873165376f4e05bd07059163df,doge-updown-15m-1777477500
"Bitcoin Up or Down - April 29, 11:20AM-11:25AM ET",Up,BUY,13.51,0.44039230199851964,0x2b433e19508af7db6960b0603ed4af4e361e9db272df762ae94206ae0722e5ef,2026-04-29 18:25:12,0xa7ce4a387a7772d986073d85f433245c77a28cf493bcc6cb4fea6a2fecd3139b,btc-updown-5m-1777476000
"Hyperliquid Up or Down - April 29, 10:30AM-10:45AM ET",Down,BUY,30,0.49,0x0cc2f023ef5bf58fc973cad12e4535e34a510b86c1afe6cbcde07394c861f598,2026-04-29 17:45:00,0x0fe8dfbfcb42d3b677b714e24a7410f1de5e8158c19af2c3e821a31375f3ec50,hype-updown-15m-1777473000
"BNB Up or Down - April 29, 10:35AM-10:40AM ET",Up,BUY,23.23,0.71,0xfb72cdd92484897f0365d979e0b9ec71d3a28e9c75782466bf858eb5af4ba3f2,2026-04-29 17:40:12,0x819e1663d2799986ac4b0dd55dd89db9885ec9e1a312aded7cc6cd2d5d8b02e3,bnb-updown-5m-1777473300
"BNB Up or Down - April 29, 10:25AM-10:30AM ET",Up,BUY,4.91,0.34,0x84ae746dda194f55ac6bcd7166238a88e8b6a7e20cd11878d4df1186d1de5937,2026-04-29 17:30:16,0x20ce5ba7d850014b2b43f51b17be826a1cc56f9298c17ac63bc327b5ce8e6f77,bnb-updown-5m-1777472700
"Dogecoin Up or Down - April 29, 10:05AM-10:10AM ET",Down,BUY,25.58,0.35,0x5ad50921df35010bd6b61d07040d10cf28660a87010c2a0987224fa82d7ce1ba,2026-04-29 17:10:12,0x211ee909f83b54ba6ac419b584ba1ad6eea4a1a1aa1953d2c0216971aaa69857,doge-updown-5m-1777471500
"Bitcoin Up or Down - April 29, 9:55AM-10:00AM ET",Up,BUY,49.99,0.59,0x249c211aa1f7fe9258c90708e3f5eb81e8fb174d7d4edfb263cc8196170d3c31,2026-04-29 17:00:14,0x3dfb6356b70ff8886a9fd11cf29152017e41a21c08e152bfadba157fdd5a48e8,btc-updown-5m-1777470900
"Dogecoin Up or Down - April 29, 9:45AM-9:50AM ET",Up,BUY,72.19,0.24734589278293392,0xea961a98f7855707c8afc2dfd1d71c80534f80992c2bb9ee04f27977a1fe0f23,2026-04-29 16:50:12,0x9cc3849c3c3a087933e5e32b09e09ae81dd3a86ea359edbd9991c75145cb73c7,doge-updown-5m-1777470300
"BNB Up or Down - April 29, 9:35AM-9:40AM ET",Down,BUY,34.85,0.69,0xcb9b491331f05c748b24bc179bddd93fc98001752c18c0668a0f51a12512c058,2026-04-29 16:40:14,0x133468cf2f292e1b0323b8ec44c77417ec10804787c6a67d4c025a5d7d4f49e1,bnb-updown-5m-1777469700
"BNB Up or Down - April 29, 9:25AM-9:30AM ET",Down,BUY,41.2,0.69,0xf905a2a91914706221cfd1aea36cf7accb83fe63626e8e1e95dd543adaabe473,2026-04-29 16:30:00,0xb365fd0ba80173efc18e75cbc4d2a83868a8079d1f1e146b2b3f7548eaae0379,bnb-updown-5m-1777469100
"Bitcoin Up or Down - April 29, 8:50AM-8:55AM ET",Up,BUY,30,0.54,0x5f025a018ec1f1d961061fcd3db7a81f5e413be17644b3567840c5f39de19971,2026-04-29 15:55:14,0xf6d2064a7929be411d10bbbe9b6cc14c614a397667b0c9f1a20f01227b754819,btc-updown-5m-1777467000
"BNB Up or Down - April 29, 7:55AM-8:00AM ET",Down,BUY,52.84,0.4070325510976533,0x847b2415a5397bb74c053c71410b0e824bb53b47e9e6c55be334e8b2a8c2982d,2026-04-29 15:00:12,0x4ecabec6b53bf4b2ab5b6dae93d8da983e5162d797c03809e4e85080324d31cd,bnb-updown-5m-1777463700
"Dogecoin Up or Down - April 29, 7:45AM-7:50AM ET",Down,BUY,22.23,0.5399685110211426,0xccd1eec2e539ce198c9d6e4e393be12e50e8b30c98b6da6e3232f7ce6d938625,2026-04-29 14:50:14,0x630e2947977b31482dc061b8a8f3c904f7ec47e43c215c461763d5e7eb584d06,doge-updown-5m-1777463100
"Ethereum Up or Down - April 29, 7:00AM-7:15AM ET",Up,BUY,45,0.46,0xc042efa3354d276a2d3e3d13632a69015e155a4cbb97e7055624968701c1af32,2026-04-29 14:15:14,0x32fcb2ee01c261c840722f54e82a127d001418a4c9060611c96ec3b54437e175,eth-updown-15m-1777460400
"Ethereum Up or Down - April 29, 4:45AM-5:00AM ET",Down,BUY,45.13,0.35,0xa1bc38755a654b0e00f6870f606a5a61bdd32b291b78176ae13809bc1962c020,2026-04-29 12:00:06,0xc56d5f71c3536a3102bd2c51f5962f9b6581786225ba3b3148b323730d5a7a06,eth-updown-15m-1777452300
"Dogecoin Up or Down - April 29, 4:30AM-4:45AM ET",Down,BUY,41.15,0.6253584447144593,0x5637c07af0a6625d07d4eb2450c1191bacb94d99fbbf70d7c65fcf096110cb61,2026-04-29 11:45:00,0x3109d98044762aa1facc8f6bedf43deaf1cf7761a4ff6a1a908985a1ef04f3b0,doge-updown-15m-1777451400
"Bitcoin Up or Down - April 29, 3:35AM-3:40AM ET",Up,BUY,33.63,0.4271691941718704,0x5525c37bc8613d7ab630b55d34d7899d8d3a5300e40136fbee30647de1dff43b,2026-04-29 10:40:12,0x43b975722b8dd6a4e16ecad48c36c53686885ae4e249ffafc151a43cf943f59f,btc-updown-5m-1777448100
"BNB Up or Down - April 29, 3:20AM-3:25AM ET",Down,BUY,41.15,0.59,0x6785eb662b9db698691b014d6e66a5ec9f9934922c8c84b8f7791d07d7cc9cd0,2026-04-29 10:25:12,0xeaf904cf6db3620a798769e788e6c0bf983ce89e3bbe94665aba9954a0ff235f,bnb-updown-5m-1777447200
"Dogecoin Up or Down - April 29, 3:15AM-3:20AM ET",Down,BUY,41.15,0.69,0xbcef46a53b2e9510a2fed07c8e52a8cafc4645aa4b1c751226c41cb7a01291cc,2026-04-29 10:20:02,0xa12b27820608792d3fc499fe321609521ed1641a4aae2ec65d0fa9069ca86bed,doge-updown-5m-1777446900
"BNB Up or Down - April 29, 3:05AM-3:10AM ET",Up,BUY,42.25,0.61,0x1af6717a0cd921ffc3486c1a8af47852412750c33914b4bb0994b476ddf4e74a,2026-04-29 10:10:12,0x74587b446ff9b49790f322c08ed8dd2c08c5ba87ffb85c51882cab1bdb7d3968,bnb-updown-5m-1777446300
"Solana Up or Down - April 29, 2:40AM-2:45AM ET",Up,BUY,1.84,0.35,0x1a538120da805ac28639a7d94d7b6e3edc5124ac48e9ba2a76fd7eac2d60065d,2026-04-29 09:45:14,0x6960a0f13cc22db35a18497a86fd9958aa0a3420d9441489d015501476005c3e,sol-updown-5m-1777444800
"Hyperliquid Up or Down - April 29, 2:40AM-2:45AM ET",Down,BUY,103.44,0.22329466357308583,0x345e13069a5013d786a40c6b52c1ea012108e96e4285e5d31d783cd6b5ffe0b0,2026-04-29 09:45:12,0x39c0ead24ad5522141efc05c29685d9c8287e2c2296a08de677cb4ebafc61593,hype-updown-5m-1777444800
"Hyperliquid Up or Down - April 29, 2:35AM-2:40AM ET",Up,BUY,22.39,0.51,0xbd38eec32552ae6d9319ef62b4ad931939451bee1fb23f2d5ba124e767099de4,2026-04-29 09:40:12,0xcbf4d9589e1cafc8bf6f12993101279997b0470d94ef12a5670570d1daec1ca7,hype-updown-5m-1777444500
"BNB Up or Down - April 29, 2:15AM-2:20AM ET",Up,BUY,42.25,0.5249822485207101,0xe7197b67d5f7b75d15b66ea8b2cc490833baa413152c242a5aa5572b394e23f5,2026-04-29 09:20:02,0xc6d80cefa17c91673301bcb7c33563e4a59d12b9359884cc658260d542ba0207,bnb-updown-5m-1777443300
"XRP Up or Down - April 29, 1:35AM-1:40AM ET",Down,BUY,39.64,0.41,0x64127a63956897364eb34de5ce2b98ccbd09e2c477c51a8897e678ecca4b4f52,2026-04-29 08:40:12,0x5ff5a8a0c46b0737ba4ecd102be7e4847330994e3fc50a5880cab3617cb66608,xrp-updown-5m-1777440900
"Dogecoin Up or Down - April 29, 12:00AM-12:15AM ET",Up,BUY,58.82,0.35899693981638897,0x3cfd2b20a21a3924abdb4901f671a3dae4c7b87c689360c9a4a5bb0cd089bd08,2026-04-29 07:15:06,0x16d38a13754f658a5e5d356a0f7e56adb9c83da60cee758cc533bce69a131ea8,doge-updown-15m-1777435200
"Hyperliquid Up or Down - April 29, 12:05AM-12:10AM ET",Up,BUY,13,0.27692307692307694,0x9699c4216ac7d72d0d82bf2ba9b0cf152cb9f8f23bcc47715269fcca3e90d6e1,2026-04-29 07:10:14,0xde14a13a703bfeeb7c0d1185fb7199157b9e0fd91e2345fb3d405f5cbb2c2000,hype-updown-5m-1777435500
"Hyperliquid Up or Down - April 28, 11:45PM-11:50PM ET",Up,BUY,49.71,0.51,0x9e3ecebc354a428999b08a391a920ad9d85d76dcfeeeb884e87a75df4839c069,2026-04-29 06:50:02,0xe47f07f5df62297249e5dfd716cd3b4a89e094bdaf41f042a4e4cacf1aed6ab8,hype-updown-5m-1777434300
"Hyperliquid Up or Down - April 28, 11:45PM-11:50PM ET",Down,BUY,13.1,0.4,0x9e3ecebc354a428999b08a391a920ad9d85d76dcfeeeb884e87a75df4839c069,2026-04-29 06:50:02,0xb79f6b44f5588f36d2134cbc32d91622332f81ebb0533f0edb41d4dc06ec66bb,hype-updown-5m-1777434300
"BNB Up or Down - April 28, 10:00PM-10:15PM ET",Up,BUY,42.25,0.5290059171597633,0x4946e8bb58044e5101ac0723040aa65c6932d3484b49f8c552800b7abea9a869,2026-04-29 05:15:00,0xe1439e7557a1f995dddd5d5a7695275c075d0ec0fabf4e681e44f0e86582fcb8,bnb-updown-15m-1777428000
"BNB Up or Down - April 28, 8:15PM-8:20PM ET",Up,BUY,42.88,0.49717350746268657,0x861626a11d4b22c923fae5e78c3fbb5f14e031debdc26844737114b8db6e1120,2026-04-29 03:20:12,0x354d47253e06578a9ffbdada6bda8102d609cc4e9eb7e29d4eb515c3b09c114d,bnb-updown-5m-1777421700
"Solana Up or Down - April 28, 8:10PM-8:15PM ET",Down,BUY,44.38,0.6,0x32ea76de2e2bf14c00218b33cc5c8e7e86af80390548b9b431205e8bd2b650a3,2026-04-29 03:15:12,0x3a89d239c58416ed33d1840a9f460ad75c3fd1d3fd692d60de80800680b27df5,sol-updown-5m-1777421400
"Bitcoin Up or Down - April 28, 8:10PM-8:15PM ET",Down,BUY,36.16,0.73,0x155f7f3a93a48d32e378cf637e72ae7e723c3d9b3e1c0feca953d4b14cd08efe,2026-04-29 03:15:10,0x8928b09d4dfbf38762b80b9fa415eeb47ca91986c44f39ead9b8067cfb71eb48,btc-updown-5m-1777421400
"Hyperliquid Up or Down - April 28, 7:30PM-7:45PM ET",Up,BUY,41.15,0.6450668286755772,0x46816cb537353e5721a1961cd3878487c09decac061a022d2cb422c4e48ae2a7,2026-04-29 02:45:00,0x261e20a49a3b052499129bac7bfa2060368cfa2bff4747c3de9b2eeaad46acdf,hype-updown-15m-1777419000
"Hyperliquid Up or Down - April 28, 7:20PM-7:25PM ET",Up,BUY,37.41,0.61,0x885702b05fb5dc4a721589299b60bf56d4e872feadeef007d0e703c5e19725ab,2026-04-29 02:25:00,0x50687135d96446f91cbd142bd8b7bce2e9c36f7173a494b9128ecacdc11f2563,hype-updown-5m-1777418400
"XRP Up or Down - April 28, 7:10PM-7:15PM ET",Up,BUY,23.55,0.7166029723991507,0x60b165070d725407ede5de347efc0aff93efe0dbde46b833623165c92be53108,2026-04-29 02:15:00,0x44a6545769aed306d1fec62faaaa54dce65912865a0497bb5af6e27a78bdc961,xrp-updown-5m-1777417800
"Hyperliquid Up or Down - April 28, 6:30PM-6:35PM ET",Down,BUY,41.15,0.69,0x745ec08fd8fa8fc6f403294019169ba19c0d258dbce694818d554c69d5a36401,2026-04-29 01:35:02,0x5738d99c2c85252d22b7e8a584814347aa5b39fb12b2e57ddd2153c2b1bf859c,hype-updown-5m-1777415400
"Solana Up or Down - April 28, 6:30PM-6:35PM ET",Down,BUY,41.15,0.35,0x45d9ad5ec93cdfaa6d7f25bf4fe049d9e50808cbaad67b2d8cbdb40ad378443f,2026-04-29 01:35:00,0x386ffdf9a2b80596faac8407ecbe2599a4044d52091d39df8617a8c49340140c,sol-updown-5m-1777415400
"XRP Up or Down - April 28, 6:15PM-6:30PM ET",Up,BUY,10,0.615,0xb62b35ea38a0d22f72c8aa0eeb8b8ed1b77835b4eead182982d07d29b1a65d4e,2026-04-29 01:30:08,0x48fe95d01e66867c1eb8decf5b31de311985b0682e2f79ff346a2119a9e553a6,xrp-updown-15m-1777414500
"BNB Up or Down - April 28, 6:15PM-6:20PM ET",Up,BUY,42.25,0.61,0x77d43f03eb06bcb03281738134d3b4e513c8c070ec1e25036e115eedad3263ef,2026-04-29 01:20:02,0x1e28475cf879eb23d7c71be41541846396bcfffd7e359a5178cf97f8f45eb532,bnb-updown-5m-1777414500
"Bitcoin Up or Down - April 28, 6:00PM-6:15PM ET",Up,BUY,40.56,0.614930966469428,0x1607a8e8eba534c17e38c0254cd06bec002ea0c38e0fc972f422faebb3478ba7,2026-04-29 01:15:12,0x05f819a7fd26a01005fdc4d3fd4e232ac3a87dc69aca1f1c2f966394399b897f,btc-updown-15m-1777413600
"BNB Up or Down - April 28, 6:00PM-6:15PM ET",Down,BUY,46.43,0.5395153995261684,0x5e77a01751d6e3c83fa1e00dea49b5ee2b15577333282cd5e9dc5df73f9a20e5,2026-04-29 01:15:12,0xe0a8c2070f385b0624daefb4b50f460043a1c2848e96b1146c90b7b2516d4680,bnb-updown-15m-1777413600
"BNB Up or Down - April 28, 5:45PM-5:50PM ET",Down,BUY,60.67,0.27241305422778966,0x39ef9fc93ec21c35a5009abe80a0a759b0035386e32dbb1392394ee0bddd1b3c,2026-04-29 00:50:02,0x4cd8977a2c3769b4505e1bd96e082d59748edc297083de3fb20b5a9e6b5a07c0,bnb-updown-5m-1777412700
"BNB Up or Down - April 28, 5:35PM-5:40PM ET",Down,BUY,43.47,0.5075753393144697,0x9ee6fe40f5a65eef053b338c2b9012d9de260bae4d60f20e69868eb2543e44ca,2026-04-29 00:40:00,0x0cb0091fe726938ac8e5123ba9cd028ac4080e6a8914c46d0182b3a480dad39b,bnb-updown-5m-1777412100
"BNB Up or Down - April 28, 4:30PM-4:45PM ET",Up,BUY,61.63,0.65,0x273d0f5b5243f3be7ca1ea5de14e8bf25c34af622d273aa420c1ff7ab2e96eb8,2026-04-28 23:45:02,0xc79e6ba30e38977c154b7d1f751fbc5705881d9c287012d120bb79b8137d4f3e,bnb-updown-15m-1777408200
"BNB Up or Down - April 28, 4:30PM-4:45PM ET",Down,BUY,61.22,0.34298921920940867,0x273d0f5b5243f3be7ca1ea5de14e8bf25c34af622d273aa420c1ff7ab2e96eb8,2026-04-28 23:45:02,0x238502274a03566f08b79c9aabc2603f06b8cd4b477985296a77df56ed9b2995,bnb-updown-15m-1777408200
"Bitcoin Up or Down - April 28, 4:25PM-4:30PM ET",Down,BUY,41.38,0.63,0x8591d82e856d07e51d20279322213368d61ed7450ac2d3b7c9952ae1a0dff99f,2026-04-28 23:30:10,0x884615b10fe9db57ab2a05058cc485a01fd10178980e4b3edffc5bb945810b63,btc-updown-5m-1777407900
"Dogecoin Up or Down - April 28, 3:45PM-3:50PM ET",Up,BUY,26.82,0.5245712155108129,0xc94578b72d453d9ac9a3ff3e2902e1ec6cd1a6c9e1bedb39401919124e48179e,2026-04-28 22:50:04,0xd5794b00a697b8a70f889fb72975800f2a96e51ba499c9fcef676a20e2905351,doge-updown-5m-1777405500
"Hyperliquid Up or Down - April 28, 3:45PM-3:50PM ET",Up,BUY,73.17,0.3610455104551045,0xa8c681d34c7335c5136324f8d542a1bb23a105837aa2d07de0c004883bdb3896,2026-04-28 22:50:02,0xd06b5a842744f8961e97584969da32876037d696d2ab790c96ab47030ec8c8a8,hype-updown-5m-1777405500
"Bitcoin Up or Down - April 28, 3:20PM-3:25PM ET",Down,BUY,162.16,0.3,0xc0ccbce613768c4e0e60b7285d718928858b13a0dfdae311f9d41507fa507059,2026-04-28 22:25:10,0xf8d9143053e7524e40a1ad9e7996727a4d24f2cfea8c8f184ceae7fcf31150cb,btc-updown-5m-1777404000
"Solana Up or Down - April 28, 2:50PM-2:55PM ET",Up,BUY,41.15,0.6645735115431348,0x78d74acb56ddf1095e76aa380bb7a8a90623b6cfb8bf6015f2d1aea3c0c4fc9d,2026-04-28 21:55:08,0x424141909da4ead618199bebb308e0361f28fc0d392619404c4d2b3f979b5270,sol-updown-5m-1777402200
"BNB Up or Down - April 28, 2:10PM-2:15PM ET",Down,BUY,5,0.5,0x816ae4065111d89a5f3ec96ec369c9dc797060511afd3a269e85e6bd71efb27a,2026-04-28 21:15:02,0x1e6661af013be2a5f39865b7ed632657fa09f36864f978cc18e806aabd6b886d,bnb-updown-5m-1777399800
"Solana Up or Down - April 28, 2:10PM-2:15PM ET",Up,BUY,10,0.505,0xea1a1443cb6fc7b268c3fc986d59be3e2d9fba4f6b6dc533f13ba6b71c2a4c62,2026-04-28 21:15:02,0xff80b7bfb09d9fa4b501a9bca02ee8b40201c85285a9eca5531760cd8a0b71e5,sol-updown-5m-1777399800
"Hyperliquid Up or Down - April 28, 2:10PM-2:15PM ET",Down,BUY,42.32,0.59,0x0c3de1b260ff72c29cca04e5ee5a73b2f4718885481aa1be3688b94c2c791e50,2026-04-28 21:15:00,0x6018d0e4bc282b77d4f5f720045829d2637890d77b2e58edfdc8fb056579bf0a,hype-updown-5m-1777399800
"Dogecoin Up or Down - April 28, 2:10PM-2:15PM ET",Up,BUY,41.15,0.61,0xfbfcc591d7439d77deb33f7c1d4407c8a11bf11f5e4da00dc6aa5d52009911e5,2026-04-28 21:15:00,0x0334712eca8b5f9ab347fa1613971852ab80b79883caa8507c3d667d666a426b,doge-updown-5m-1777399800
"Ethereum Up or Down - April 28, 1:45PM-1:50PM ET",Up,BUY,41.15,0.66,0x678fcf2091075ec1794ec3ff4c39c7004c7951ae3bc3611cdb4cae672f8238b8,2026-04-28 20:50:00,0x7be51c69c43b669843f688ecd0f936883882be446c5e7ec30ff8bf772378f4b9,eth-updown-5m-1777398300
"BNB Up or Down - April 28, 1:15PM-1:30PM ET",Down,BUY,24.02,0.72,0xac3da658181ee7c49e88240678cd263c545c189b84a43df7bfab39804f25ee33,2026-04-28 20:30:00,0x6ba4371a7e81e9e114158378310e47f66bae85bcf967f6696b277d063ce6ecca,bnb-updown-15m-1777396500
"Bitcoin Up or Down - April 28, 6:55AM-7:00AM ET",Down,BUY,57.538039999999995,0.27,0xe122bd7dd26b620fcd7b898329728c7cfd82291936c239bd2f515427d9d69854,2026-04-28 14:00:16,0x4cd17acbae933a4f692dead7e7d5d65c27b1ae92d29bbefd77aed287063ed36e,btc-updown-5m-1777373700
"Solana Up or Down - April 28, 5:15AM-5:30AM ET",Up,BUY,6.72784,0.46,0x98860f6421e4007deda88d1702841696893b70f2c054c0bc9019983e2ded67e8,2026-04-28 12:30:02,0x4de7e263706e403315167a3b0279a8c3f0281da8b0601dcd3aa39dd71c72a969,sol-updown-15m-1777367700
"Ethereum Up or Down - April 28, 5:00AM-5:15AM ET",Up,BUY,6.78962,0.66,0x185dc124388b76da1498515ab3587e149f1aa93f994bdfbc8dfdd65b4b784567,2026-04-28 12:15:12,0x2ab0f421dba543a25526e089630246a0454b2067ff3d5a43c5823f40600fdb4f,eth-updown-15m-1777366800
"Solana Up or Down - April 28, 4:45AM-4:50AM ET",Up,BUY,24.172,0.54,0x8568bba9cfd289f9f9349d3c84c9f57e19488d93ef8cdc7348c6f7b943d4f1f0,2026-04-28 11:50:14,0x7e9f2915a8ba257c65f95a331e112c5108414e4478bd888e18fc5c287857759b,sol-updown-5m-1777365900
"Solana Up or Down - April 28, 3:55AM-4:00AM ET",Up,BUY,4.7912,0.42,0xe2774cf115000263a03521673505a572ee99e3715627f768cc37c3e7b24d9cfa,2026-04-28 11:00:08,0x4c85bd16c6d0394d12b75e042169ee3b27f85f53d2373dd3d07b9aedab9f2f5a,sol-updown-5m-1777362900
"BNB Up or Down - April 28, 3:30AM-3:35AM ET",Up,BUY,42.65374,0.4207706133453157,0x90e33462c5b1f02b27f2b38f5305d85327dce478f89e4b5f08fa11a77413385b,2026-04-28 10:35:10,0x7d1ba83d29b36ec637a8d82296e3f18d1b76ca2852bfa731cca8a5b827375f86,bnb-updown-5m-1777361400
"Bitcoin Up or Down - April 28, 3:25AM-3:30AM ET",Down,BUY,48.73079,0.17706563706563708,0x3725573f1c3186e5f26bcc7c0da13728db6dad36db02da603fd5cb891966836a,2026-04-28 10:30:12,0x77126172e36b0a3efc66849538dcd16148f13ec563fda17a6072f9104d8184fd,btc-updown-5m-1777361100
"Ethereum Up or Down - April 28, 3:00AM-3:05AM ET",Down,BUY,50.81332,0.3025233644859813,0xc4e63a9e79cdce8716d4c38c09f93d681bd0eb00bee9b557bb935db53c4bbfd0,2026-04-28 10:05:06,0xe3ed0630500733de046b87085e90a8bcad1a90d737b57fab19eff613834bcf23,eth-updown-5m-1777359600
"Hyperliquid Up or Down - April 28, 12:30AM-12:35AM ET",Down,BUY,9.7912,0.71,0x693041e27be0582a86368e3e3daf6f12296520e5354a176b6afff347e13d6a05,2026-04-28 07:35:18,0x842f3d7c11e1ec2863602758bf5996c892c1a802a3b1c4bd63c2b88734268b8a,hype-updown-5m-1777350600
"Bitcoin Up or Down - April 28, 12:30AM-12:35AM ET",Down,BUY,40.40536,0.4981679389312977,0xa304cfb7e22e3c8cffccf84d1fbd793a3e697591b76b304832d627a45ecbd539,2026-04-28 07:35:12,0x0bc1cda4a423795c7d1534d34b681d0e52a20449df23cae77ed6d3b310ec7ece,btc-updown-5m-1777350600
"Hyperliquid Up or Down - April 28, 12:00AM-12:05AM ET",Up,BUY,38.48348,0.1,0x1b6e86519f88a362542ebf4a44f372fad53e64e92f290748196c0e04f797ef0b,2026-04-28 07:05:08,0x8a7dd681cc439d47fd5e0a254a03dcb64f8f8ed4d2353ddaa4df54c31b3086b3,hype-updown-5m-1777348800
"Bitcoin Up or Down - April 27, 10:45PM-10:50PM ET",Up,BUY,33.645179999999996,0.18959137979289112,0x4c49b5a7cc99e7d0844b5e688db2dc3ab0dab6f5c36b785f3f722ab2f1d6ec13,2026-04-28 05:50:12,0x23c781e995afdfad220f50a0cc67fa126df041f37945555645cca8e4924cd84b,btc-updown-5m-1777344300
"Bitcoin Up or Down - April 27, 10:40PM-10:45PM ET",Up,BUY,35.021930000000005,0.3505117038649973,0x04c5b5067652d6a77bb8ec06941c9c5088e418e6227ed2d891a2103538648a03,2026-04-28 05:45:12,0x85f0573856f335adefdf6a37292606ab145f9a29ce2b3fe7d4b9d06f6923a64d,btc-updown-5m-1777344000
"Dogecoin Up or Down - April 27, 9:25PM-9:30PM ET",Up,BUY,9.568,0.4,0xa74cba884397b4a6ece69d21bff0de423a684079fa7d360de74ee10c4b1007ff,2026-04-28 04:30:14,0x25cb85f065ef831f503c3fc4d88587cea98499cda10193c0e87b2b34f00ad2a1,doge-updown-5m-1777339500
"Bitcoin Up or Down - April 27, 8:45PM-8:50PM ET",Down,BUY,80.75822,0.5729680748919828,0x675f372d006b46563233e64fcb1c09aadbbaa7f4dea99c8901664dd2d8ae9368,2026-04-28 03:50:14,0x1ff799c5408cf7255df8b9d6918ab7e072e7eb1be4df47e3e842cfeecf9a5d20,btc-updown-5m-1777337100
"Bitcoin Up or Down - April 27, 8:45PM-8:50PM ET",Up,BUY,123.03877,0.21294180786628844,0x675f372d006b46563233e64fcb1c09aadbbaa7f4dea99c8901664dd2d8ae9368,2026-04-28 03:50:12,0xa724b94423184bc80010bfbb9284b6476c3ec7f77a68ee514a303702e79168d6,btc-updown-5m-1777337100
"Hyperliquid Up or Down - April 27, 8:00PM-8:05PM ET",Up,BUY,39.56474,0.4649453219927096,0xa72027aa05cc7c2cb49bc904c8dbf18fc18625275657af0a878fea33afb91159,2026-04-28 03:05:18,0x3c1a2a1dfdf45c2a46fbdfca6351302422e04f6599faac2081323055ad566466,hype-updown-5m-1777334400
"Ethereum Up or Down - April 27, 5:15PM-5:20PM ET",Down,BUY,17.72305,0.5327808069792802,0xad692afd609c2885442615b09f2abf067b4afe1e0faec7d1d70f3810689a7ec3,2026-04-28 00:20:12,0x8bc888d5a6cad69cba8de1fbd4dff6bff3b6b93f371ed372cb958a358e3c9085,eth-updown-5m-1777324500
"Bitcoin Up or Down - April 27, 5:05PM-5:10PM ET",Down,BUY,30.79526,0.02901842343702809,0x5cc3738c5bff7088c1318823c8bf96e4ebd467c87c8e24b0fe7eceb0abc4858b,2026-04-28 00:10:12,0x7524681ab0e5acf119d8fc48039ed991a783b508043a2f679ae0213cc4ca5eee,btc-updown-5m-1777323900
"Bitcoin Up or Down - April 27, 4:55PM-5:00PM ET",Up,BUY,40.287980000000005,0.5651911517191632,0x2cce0ad86b1bc430a4c4dac1bf3a2653391d986c6ada68cd15f240cfbe2c9f84,2026-04-28 00:00:12,0x4c23581d5cc85519b1382a8af8d230fc383065c56224745dee308431b9333fc0,btc-updown-5m-1777323300
"Hyperliquid Up or Down - April 27, 4:30PM-4:45PM ET",Up,BUY,33.863879999999995,0.6966551126516465,0xe5716c0c58cdb8cb6cb1b3eb7a10c9af4e40fc2c2095f2cb700c1320a5cff074,2026-04-27 23:45:00,0x0da244fc203d7de24a22fefd0e1ec16ac4ce9e1484c5b562b5712825f5631b04,hype-updown-15m-1777321800
"BNB Up or Down - April 27, 2:15PM-2:30PM ET",Down,BUY,21.12767,0.69,0x68d4e473afe091df34234c459561542afe4d7e98429be5b10deec0db35160b9a,2026-04-27 21:30:00,0x9498817b316ccd7407f1b3eb157e14ef352d6c5b82a420d3ea7cc0e11340f61b,bnb-updown-15m-1777313700
"Dogecoin Up or Down - April 27, 1:15PM-1:20PM ET",Up,BUY,40.11302,0.65,0x11428ce3231ca8c5fafd4fb7c4f8d50d0f4ea17589859114c0cf8c50f61e1581,2026-04-27 20:20:04,0xd087917dfa7e3b9f6284736df2797b41b0427462782314a40a5d7ed0490c194c,doge-updown-5m-1777310100
"Hyperliquid Up or Down - April 27, 12:50PM-12:55PM ET",Down,BUY,42.19017,0.5910858063031976,0x14314d7d03ee82976da21bbe57a49bea4d5d6aec53260a8f243bf11a2180fc1e,2026-04-27 19:55:00,0x0be83cbc82b958cb097fd7345c3d053263ecc2fc3c95dd800c850c0253f7b67c,hype-updown-5m-1777308600
"Solana Up or Down - April 27, 12:30PM-12:35PM ET",Up,BUY,47.160019999999996,0.44580618892508145,0xe6de8b8119e2f2885fcb3850aaae2f05100ef7d29d75c915db5bedecfa19cb3b,2026-04-27 19:35:02,0x7a2b877a7d364991a9417e54978bbbdf5319aa30579424b68e85e517b23a9d6f,sol-updown-5m-1777307400
"Hyperliquid Up or Down - April 27, 10:30AM-10:35AM ET",Up,BUY,40.29079,0.71,0x07da532d6e7027dce805c3452ce7cb90cbe641cd783dc3c869252a871ee88462,2026-04-27 17:35:02,0x5108e303504533a4bbcede858979bdad65be66cc36955fa2b4d99c17ceca279f,hype-updown-5m-1777300200
"Ethereum Up or Down - April 27, 10:15AM-10:20AM ET",Down,BUY,14.30076,0.668901023890785,0x8d081ff2606cdb0c868532fce05902910744d38549154afb9477a5d349fe2fba,2026-04-27 17:20:12,0xe16fb82041983e962c97cd155fbabab3a9d009b01e8c99219b77eed38913179a,eth-updown-5m-1777299300
"BNB Up or Down - April 27, 10:05AM-10:10AM ET",Up,BUY,2.22987,0.29,0xd49765753456b8afca65645fb1947c5e5dc32374a1451855e853d88853ea242e,2026-04-27 17:10:02,0x5716bba83968587927eed02372095ca8846c7404c821642e92ba16e435b044e7,bnb-updown-5m-1777298700
"Dogecoin Up or Down - April 27, 10:00AM-10:05AM ET",Down,BUY,58.666869999999996,0.42077425677883046,0x57a9aaef1efdd6f600d04c6ca0d11d20046ebe1740f8b3afaf754b2fbef17617,2026-04-27 17:05:04,0x8b71d36eb91a8e787c0b965b5c5557775b105bb6eacacbcb1c71a1dac7b25407,doge-updown-5m-1777298400
"Hyperliquid Up or Down - April 27, 9:45AM-10:00AM ET",Down,BUY,33.56044,0.6689121582315299,0x22bd108de4db3b0a800d0592b0ca23263358a99500b7d873ff0c637a05067180,2026-04-27 17:00:12,0xf108077ef5b19978f686dc330bc109cb2916ec3a60118d20722d963f2ca626d9,hype-updown-15m-1777297500
"XRP Up or Down - April 27, 9:30AM-9:35AM ET",Down,BUY,28.5204,0.315,0xb1d3c9edca745567d31b516113459e33c0ed533df848f04d23500ed7d3c0ce7a,2026-04-27 16:35:12,0xbe23069ef8d7e218b5ce05c073747880b87ddb45d378af4cf7391ff69c84edd9,xrp-updown-5m-1777296600
"XRP Up or Down - April 27, 9:05AM-9:10AM ET",Up,BUY,24.478,0.71,0x1c3fbab831186e077ed128e364a59f4cfa9802d49ba862902a5cb69a9f12736f,2026-04-27 16:10:02,0xc64292424bd562c888ddeed77f4624c7f822501d02b9b3759cb50fa9c750f926,xrp-updown-5m-1777295100
"BNB Up or Down - April 27, 9:00AM-9:05AM ET",Up,BUY,19.5896,0.715,0x23aa9fa299e3e39ffc8e7efcee859d75aacd437c76bee9db54127c423e67eb8d,2026-04-27 16:05:12,0x5b33e42605fdfb39a52dc67eb6373cef94c7875e05a79dde19b5bb74afe0887b,bnb-updown-5m-1777294800
"Solana Up or Down - April 27, 9:00AM-9:05AM ET",Down,BUY,4.7516,0.31,0x1c6e0b5ae9f0f877fed46b6cf26469d2da40d78da6605540c5fa2d252a4ad04e,2026-04-27 16:05:12,0x0595207a468cd8201acca5c77bb33a6b8182310386ce449d8ff41739df377a9b,sol-updown-5m-1777294800
"BNB Up or Down - April 27, 8:45AM-8:50AM ET",Down,BUY,13.9524,0.03,0x0e24d96b423eb6477a31342872684a08cc131226e440545d2d2ebcae55d6fa5d,2026-04-27 15:50:12,0xd6c4683f3a549da440f36189927c6b0284fd1c24e5414886b2c7230d2d8562c8,bnb-updown-5m-1777293900
"Hyperliquid Up or Down - April 27, 8:15AM-8:20AM ET",Down,BUY,41.87379,0.49,0x5c58dd3dc81fb1750c0b08aff7f7213b095deb54f03643c0b9f8afeba6434cd7,2026-04-27 15:20:12,0x3f615772a68729979eca13852e628942d876f9f4e81a64d9efa87f24f563dd31,hype-updown-5m-1777292100
"Solana Up or Down - April 27, 8:10AM-8:15AM ET",Down,BUY,9.6652,0.535,0x83504774543e665a6f636e93556e76e86459067a7dc207d184c096360e787c8f,2026-04-27 15:15:12,0x17e2de415f203ddaa38708b20d095c61ad9715d90b092a0d47909c5dcb466391,sol-updown-5m-1777291800
"BNB Up or Down - April 27, 7:45AM-7:50AM ET",Down,BUY,10.26888,0.36605947955390333,0x831130385146366431480b4b754073e4d87b55436180b6ca078f0cf1a90eb542,2026-04-27 14:50:12,0x335b290b2851d90db33669d01ab69bdd8bc0805e38f2a7f8fe52afe5d365ca2f,bnb-updown-5m-1777290300
"Hyperliquid Up or Down - April 27, 7:35AM-7:40AM ET",Up,BUY,39.21753,0.3477521263669502,0x9b27de8ba838326a03720e39e7351581163b5112d132f04b9c83431dc9125e13,2026-04-27 14:40:12,0x11c58252ffcaa658cded7ac4d86d987e79b2d1e9ccbb855b49009748b56539ec,hype-updown-5m-1777289700
"Solana Up or Down - April 27, 7:30AM-7:35AM ET",Up,BUY,4.8668,0.63,0x48a2f3e93a2c38f09a16483ca8bdf574a14bbb31989e55bca20686604930b246,2026-04-27 14:35:12,0x9fa9303e307ddd2831c83c2f9f5c162331a4182628d4a32387b08f1262a4dbd5,sol-updown-5m-1777289400
"Dogecoin Up or Down - April 27, 7:05AM-7:10AM ET",Down,BUY,39.99349,0.59,0xe59aea0394d4e768f9635a9b2aec41b6e16d4ef076df72ed6de3451df2dcbb2f,2026-04-27 14:10:12,0x5e11a9f0c45f84079ee91e16e9e2320465f7c1ea7d14a8d3158c2d5d580812ca,doge-updown-5m-1777287900
"BNB Up or Down - April 27, 6:45AM-6:50AM ET",Down,BUY,19.0172,0.3175,0x31af98dedd86dbfd1ec591db1b6b6bf7ba8036d892cfb3e27858aa82ae343c1e,2026-04-27 13:50:04,0x5289e19c1a7f41c0fe2ff891236d352f3c1c6a510aeaaa01aa9ec373df5cbc7d,bnb-updown-5m-1777286700
"Dogecoin Up or Down - April 27, 6:00AM-6:15AM ET",Down,BUY,40.12332,0.6534750911300121,0x93c79723a2022ea327e67f0f126ab34aee04a7468b85e34261f1b5a9e677c31f,2026-04-27 13:15:04,0x6daddd5111b636ee6aa1b18bc1dcd7d9e6a7ab652cbac92f8796e0704cef90e7,doge-updown-15m-1777284000
"BNB Up or Down - April 27, 4:40AM-4:45AM ET",Up,BUY,9.3988,0.165,0x1bfa4752552d8f1412d6d2de3a0e79b9730746a3c658d2d8800884c46aafc5be,2026-04-27 11:45:04,0x9b41c13dc4111b4594b9533282e2167744ffdfd5362cda49146a17e6a63b4836,bnb-updown-5m-1777279200
"Ethereum Up or Down - April 27, 4:00AM-4:15AM ET",Down,BUY,61.93467999999999,0.302398405152584,0x25f35cd293f16a8683fa3aacbc1539c635fe8342a71bc3219baaa229b55daebd,2026-04-27 11:15:00,0x4a4c72030fe63627b0611143db797145f252b3d46aa644d44e1e298647b584d2,eth-updown-15m-1777276800
"Dogecoin Up or Down - April 27, 4:00AM-4:05AM ET",Down,BUY,56.89681,0.2816666666666667,0x35f5e28dc057c7ca4e7d70210cee7b56f9a00d9364221bcd1a5918f7721c37f8,2026-04-27 11:05:00,0x7e40d9bcae701832e88ca695f086e5c351c64655140400d97c9225eac931bbf5,doge-updown-5m-1777276800
"Ethereum Up or Down - April 27, 3:50AM-3:55AM ET",Up,BUY,48.550290000000004,0.6,0x79a36c4bc1cc97bb627d08badd792fe4a8a146c87f86aeb100ac2e37669b6acd,2026-04-27 10:55:12,0x6bf3229365c2656f5e269052e639ec0c0a402f9b753e7b013f54a3615bbf664f,eth-updown-5m-1777276200
"Dogecoin Up or Down - April 27, 2:55AM-3:00AM ET",Down,BUY,40.231539999999995,0.69,0x8d1592aaf55701e83e2e239b6d82c1d25c0347fb1be747da637894af6e44880d,2026-04-27 10:00:02,0xbde2b3774c6016933866eaf9fc8a46f7b661f156cf30659f1a097f52cd743625,doge-updown-5m-1777272900
"Ethereum Up or Down - April 27, 12:50AM-12:55AM ET",Up,BUY,79.63347999999999,0.55,0x09a55d167a285266ecc1152de4ab9381abca2d29ec4f97532188882a0447d7ab,2026-04-27 07:55:14,0x48628ae4aa27f64e2ce0f9dca25aa3480466a9c64e26a6a43324536ab83471de,eth-updown-5m-1777265400
"Bitcoin Up or Down - April 27, 12:50AM-12:55AM ET",Down,BUY,12.4395,0.18,0xa54575313c6bd9022fa6cb4e8124c324906a0c0fad8205821572df9da7fc920f,2026-04-27 07:55:08,0x818b9d741c7acd92394e3947b740eb1b815374a348cfa9067710cd77a5fa32c1,btc-updown-5m-1777265400
"Ethereum Up or Down - April 27, 12:50AM-12:55AM ET",Down,BUY,50.62164,0.47,0x09a55d167a285266ecc1152de4ab9381abca2d29ec4f97532188882a0447d7ab,2026-04-27 07:55:06,0xb1942e2c0e93975062254d8ebc6ff2af4fb52f5e6c6eec58b8bf78f8a7bca6d7,eth-updown-5m-1777265400
"Solana Up or Down - April 27, 12:50AM-12:55AM ET",Down,BUY,4.8092,0.47,0x72cbd1ffd95294d8eb96ff45c8cafc02b57ea5a62072d616ba61dab69fb34c9b,2026-04-27 07:55:06,0x0669ae0f6ff67e32c693c9aadbf4fad81b688a8b04ce62e20a6e1a5755d78c80,sol-updown-5m-1777265400
"BNB Up or Down - April 27, 12:50AM-12:55AM ET",Down,BUY,13.553840000000001,0.5,0xf55221562037931aa1b5b336c1cdcbce79e32ebeb522bea42a4f18c1e989dd3e,2026-04-27 07:55:04,0x7af98917fd8aa10916d4a1503474789721e83840dee1bd26be98e2ce2ae1e729,bnb-updown-5m-1777265400
"BNB Up or Down - April 27, 12:15AM-12:20AM ET",Down,BUY,58.768969999999996,0.44393662201894807,0xe2d18a057d0d052a0fa92a9696eed75d7d9c29773c061de4f8ec8c78ea5c0591,2026-04-27 07:20:02,0x1596abafb825a2e7f1634b7da4ec9448f8a5b78120eb568c7c8d5cd95cbc89b4,bnb-updown-5m-1777263300
"XRP Up or Down - April 27, 12:00AM-12:05AM ET",Down,BUY,29.469440000000002,0.4,0xcf88389e2e74552e9cc6e93d756e22a14dced49e89d4d68e0a21cbb942cc4205,2026-04-27 07:05:10,0xa0073c8bc02f5bd5a35a0797117c67c5bea081ddf4cd2ef52ee49b2c50c99609,xrp-updown-5m-1777262400
"Solana Up or Down - April 27, 12:00AM-12:05AM ET",Down,BUY,54.38556,0.07635084105732921,0x7b47c9d1d57c3bd33eb84df055cd3d5acdc126acab66c4d19828a0f945a23254,2026-04-27 07:05:06,0x5831b0efc9d4add8f22192ad8060cf259050d42c4c680feb18b8df25245d641e,sol-updown-5m-1777262400
"Dogecoin Up or Down - April 27, 12:00AM-12:05AM ET",Down,BUY,49.14034,0.5356726986624705,0x47eed3571084c7b88cce51651101523e7811e729a4ef7cd8e36e078bbe5c398a,2026-04-27 07:05:04,0x921c7102bd26a443d88d32f677f8b7f2e945f29b5d7311841a52f29a3f7d6040,doge-updown-5m-1777262400
"XRP Up or Down - April 26, 11:35PM-11:40PM ET",Up,BUY,5.83584,0.62,0x87980fefcca809a377b6d54717b34785e3838bffaed904143870b91519fd73d0,2026-04-27 06:40:00,0x01566e101558699d76f805518ba2a270b5486db8d794616f0715f065687e294d,xrp-updown-5m-1777260900
"Bitcoin Up or Down - April 26, 10:40PM-10:45PM ET",Down,BUY,23.290680000000002,0.7142052144659378,0x336b42fce471f0bd65c46c9c1da3de01875933ff53d68f232b7578582e6e4e4a,2026-04-27 05:45:04,0xc39e899c94cfdb5d865f8804d9b209f41164de5577790a29edb375c5aa20f760,btc-updown-5m-1777257600
"Dogecoin Up or Down - April 26, 10:35PM-10:40PM ET",Up,BUY,37.05386,0.3749484536082474,0xf93710cafff98639000cea2c339cc9df7fac7a5caf5ba70f586f387ec370d842,2026-04-27 05:40:00,0x852962c4d16a264ac5b3808552fa7bcb94342fe3232fbe895c2b70fb2f2c5a6a,doge-updown-5m-1777257300
"Hyperliquid Up or Down - April 26, 10:25PM-10:30PM ET",Up,BUY,8.6439,0.51,0xef9fc429450890d17cb24d9dccb8cc0979b456de5834a52fe1c2d9baa983643b,2026-04-27 05:30:02,0x45084c4e77a0f944ae1fb20597bbf5c7edd93dc050460d9621189427aa35b062,hype-updown-5m-1777256700
"Ethereum Up or Down - April 26, 9:20PM-9:25PM ET",Down,BUY,3.85312,0.49,0x283391cf986a10a40ec5e64573c5a0e4d0036376fb0a1c00b3d26389500a49bd,2026-04-27 04:25:02,0x26b878ad76e60799cb30db976308bdab2f30e7b8ed1eebf0be8dc729fd70e435,eth-updown-5m-1777252800
"Bitcoin Up or Down - April 26, 8:45PM-8:50PM ET",Up,BUY,38.9712,0.23272727272727273,0x488d53d5c51df89673f4da7eed03eab937b322ce1c12661f9a57aa211fc460b1,2026-04-27 03:50:00,0x858b98d85cdcfb1b8bbeea0c082cd4a7345d6ac0a327763c5416526bafc02a94,btc-updown-5m-1777250700
"Solana Up or Down - April 26, 8:15PM-8:20PM ET",Down,BUY,4.8344,0.54,0x67810d4bbed79fa8aa2bdda52f548bec31526d075c0f6dd36a6c2dc6d4934bee,2026-04-27 03:20:02,0xbe53819f1d826a6b2160f1b36d0750a6c5f747e0464a0c857cad84268efc7bb4,sol-updown-5m-1777248900
"XRP Up or Down - April 26, 6:45PM-7:00PM ET",Up,BUY,66.74637,0.4,0xef7e1195df848645cffc8e2dee6673259e8b4757d5ab347505578417534c18ce,2026-04-27 02:00:02,0x3f982fb445ede1c7a251b3460ed156560b499bb41dc95bf127384a9a37809bf1,xrp-updown-15m-1777243500
"Dogecoin Up or Down - April 26, 5:35PM-5:40PM ET",Up,BUY,36.81633,0.61,0xd7a58c100216ffd26dcdca8cf99af40379da32625085d530dc89d74655fd0590,2026-04-27 00:40:00,0x0a804e6678264d119cdb8a87f2e5ea15ad9d2a660d1d5d81af56fccb7c77acd5,doge-updown-5m-1777239300
"XRP Up or Down - April 26, 5:05PM-5:10PM ET",Up,BUY,14.746,0.14774029280712922,0x9b764551da8fbacb0bc54db9726e6b6fcaa7b28cad5d30e2bd63b322b3e7862c,2026-04-27 00:10:10,0x7a847f35b83268d78e5482145c535d3abe30cad0d51abf57d19ead57473e2cb9,xrp-updown-5m-1777237500
"BNB Up or Down - April 26, 4:30PM-4:45PM ET",Up,BUY,16.968149999999998,0.71,0xe5b9d4c784b8ec6eda90c5c5844dd81bed6e7394e224d43f87a0f1b0fe8d125f,2026-04-26 23:45:00,0x2ce97c4140d11c4aa7d851589912a05f2725d706d44988b5a152423357e702c9,bnb-updown-15m-1777235400
"Dogecoin Up or Down - April 26, 3:50PM-3:55PM ET",Up,BUY,56.39708,0.4278850731043863,0xc549c82cad5aa8cf718551850a610703763c3d5cb1877329742a8b7c6fc0e54a,2026-04-26 22:55:02,0x063d12bcebc58752027f2f7acc37bd0426813d76960798aaa53a81333bba0183,doge-updown-5m-1777233000
"Dogecoin Up or Down - April 26, 3:45PM-3:50PM ET",Up,BUY,3.1527700000000003,0.71,0x9b5e5fb98a367a53fb1603c4e6f712774abadbb641ffaaf6a5bccf4dc68a3e48,2026-04-26 22:50:12,0x746c24e854e29fde596b707c1aa1c882efd647b6f3f3134d98d526d0297464c9,doge-updown-5m-1777232700
"Solana Up or Down - April 26, 3:30PM-3:35PM ET",Down,BUY,53.470209999999994,0.48,0xb3b91ce9e7aaa0490f24056cdd8487203d04d00c3c0cb25b8d2e6f98fafbf143,2026-04-26 22:35:00,0x9e7a96e3c762836d7eb42175d0f121313bd967b0bab75d95dc90f030bb2869f7,sol-updown-5m-1777231800
"Bitcoin Up or Down - April 26, 3:15PM-3:20PM ET",Down,BUY,62.25207999999999,0.37,0xa2c7179400f5fe2ccaf7812682e9061a237c2b9fcf78ce7621cc09998330b83d,2026-04-26 22:20:02,0x549f6f606773b08c6b6508ce9e669476a0597e9f4e718a3af6efe9fb4e12ab40,btc-updown-5m-1777230900
"Solana Up or Down - April 26, 2:50PM-2:55PM ET",Down,BUY,9.802,0.725,0x60aafcef364c9dd2b7c214db0fba2cc98fbfcb234e23ebc8e436bde7fa847bab,2026-04-26 21:55:12,0x57c391f657ce8ccf41bfc7cdea42ac0488631b1ee427cc3b5f6cdececd9a4e48,sol-updown-5m-1777229400
"BNB Up or Down - April 26, 2:15PM-2:20PM ET",Up,BUY,8.865779999999999,0.51,0x84fb9e415e23db5c03916e5377700b512013df6d47de319750318fd2c5782021,2026-04-26 21:20:00,0x9b253e2f542e45f8b2f273b25114829d518fe39264de8aaec2156669b8277a79,bnb-updown-5m-1777227300
"BNB Up or Down - April 26, 1:35PM-1:40PM ET",Down,BUY,2.03253,0.49,0xca2fc729caf3f730eac97d7e62edb17cf4bb01b91fe30c81ff38a85258c82bd1,2026-04-26 20:40:12,0x1bc4051d9b8df2e7c6d4a08af361b2fe69d01ec775f5177845cfcab8c656ffb9,bnb-updown-5m-1777224900
"Hyperliquid Up or Down - April 26, 1:25PM-1:30PM ET",Up,BUY,41.06362,0.61,0xa94afb7fc609d856df08f12090ec62e7211930448c9fbcb8d608308a45353b3b,2026-04-26 20:30:12,0x372a3e4dbc6bb8021cc88ab1f726a91e7f3599e7c5328f22b13bcd80d95fd80e,hype-updown-5m-1777224300
"BNB Up or Down - April 26, 12:50PM-12:55PM ET",Down,BUY,47.444,0.29,0x27cba60b210873be780b812d1ded331ea030a21d70d38c9808d585f8d49af2d7,2026-04-26 19:55:12,0xd59c5c75dcdecb786004b9e23646fed1b4a048120e67ee918982d8c2bc6a5541,bnb-updown-5m-1777222200
"Bitcoin Up or Down - April 26, 12:50PM-12:55PM ET",Up,BUY,40.20191,0.68,0x6a9ceafb8388ec596b9cfe348fc6c800e1d7507ca1c287a9361989b54dddf88c,2026-04-26 19:55:12,0x4b858bd75a450c72c83732eca23078ed0434c5b8f355b5c58ec05c0be288a9c0,btc-updown-5m-1777222200
"Hyperliquid Up or Down - April 26, 12:25PM-12:30PM ET",Up,BUY,13.203840000000001,0.4,0x776a30dda91cfad45bfacd1545d2afa6ec4911e792143b217fd9d58b9921bbe5,2026-04-26 19:30:12,0x7eb70c56e185116be19889c35c9df31695942fe317160500f7e91f971116eb87,hype-updown-5m-1777220700
"Bitcoin Up or Down - April 26, 12:00PM-12:05PM ET",Up,BUY,30.26264,0.5097226649665285,0x1a98ddbf5438f0130650bb88ddb1822b2e34489198336d4a34c19b820d89df97,2026-04-26 19:05:12,0xe6f1184145088df0ebd91ce61a50951709f7080d6dcf8e2f1d43514192fd89b7,btc-updown-5m-1777219200
"Solana Up or Down - April 26, 12:00PM-12:05PM ET",Up,BUY,11.208739999999999,0.613009540329575,0xb3d5eb15b7d010e0a414465a8fa6ddd8b2944358f5250f396207df20e4a6cbb8,2026-04-26 19:05:12,0xc21bd406bfe5603a9fc3aba10e0e901170eef77b8403ba6e932d8d4fc7f5a5cc,sol-updown-5m-1777219200
"Bitcoin Up or Down - April 26, 11:55AM-12:00PM ET",Down,BUY,49.33921,0.59,0xdfe2606dd333bcc4d06df7c4094ff5f55fe993fc7ed4eec4ab2e5db11fc17655,2026-04-26 19:00:12,0x60118e1d022acb03222032bb14ced0e4b4c8ca36bd04a82747572a645e21e8fb,btc-updown-5m-1777218900
"Hyperliquid Up or Down - April 26, 11:30AM-11:35AM ET",Down,BUY,39.97759,0.6042891859052247,0xded512a076e48510b2ff0ca2481465b8163245d917c8fc8ae4fd8ed7317d79d5,2026-04-26 18:35:00,0x028f946a9fdcebba1b212a0eef5d928373b95a6c15346ad80714c955679d703e,hype-updown-5m-1777217400
"Ethereum Up or Down - April 26, 11:00AM-11:15AM ET",Up,BUY,3.99025,0.53,0xc968f99de99e4434f7aca7ab3fc234f1db3283d655637908f6d7b714ea665b76,2026-04-26 18:15:10,0xf74edd4f6b0f8e032a5ba5b4683526986adacf848a8957852810aa6aec4c4076,eth-updown-15m-1777215600
"Bitcoin Up or Down - April 26, 11:00AM-11:15AM ET",Down,BUY,40.50477,0.68,0xe2c1d439d73b46e701da2be12de2fe3133f19af0bd2a27c3de0bf8074e081603,2026-04-26 18:15:10,0xa74a09524768fdffb5b4f625a2fd63f90099423b99ec3de1370e714f2b1e2b67,btc-updown-15m-1777215600
"Hyperliquid Up or Down - April 26, 10:45AM-10:50AM ET",Down,BUY,48.940760000000004,0.48114870180959873,0x5d36884915fb118cc6b6e099ed70e06f7effbc24d8c16aa3c9092cebc3a76db4,2026-04-26 17:50:12,0x74f77292fda038fc62e491277ce844a01e4f671b0d582b6dac44736939a38c16,hype-updown-5m-1777214700
"BNB Up or Down - April 26, 9:45AM-10:00AM ET",Down,BUY,39.18489,0.3303109059995142,0x8cedda54a8bdd7de7226e7b37dda9b782de14b43bfecb252fb5ae499e14e7d96,2026-04-26 17:00:12,0x99790170ef058843ce6b261bcacc2d3d7a4f1f5264c6c799e4c56438093d4fcd,bnb-updown-15m-1777211100
"BNB Up or Down - April 26, 9:45AM-9:50AM ET",Up,BUY,56.28533,0.40149948996939816,0x113b43753acd554fd95d0021e56f398f14c33a98c824fc3083add88dbe08ae94,2026-04-26 16:50:00,0x45ac6f5ea18808cb5d8aac942aaeb39dd4071a68832a2da1b06af34dfc2bc136,bnb-updown-5m-1777211100
"XRP Up or Down - April 26, 9:30AM-9:45AM ET",Down,BUY,39.57972,0.47,0xb8be555624463bdf0bd71f44d24c984248eb410a54bfbfff51c81584e65760bf,2026-04-26 16:45:12,0x7da65ae9ff713f511200665ff894fe17100e7e16b9253b56c7ad1f64cf6f856e,xrp-updown-15m-1777210200
"BNB Up or Down - April 26, 8:20AM-8:25AM ET",Up,BUY,40.27635,0.5193959731543624,0x921d446edb6612eaa2d29f17377faff39be92e68c3b2abd03e6b6e57392f6b97,2026-04-26 15:25:10,0xb217fae7325007fb3e5873f9bb57c1eb3962da05485c542a4ee71ac0009bcc23,bnb-updown-5m-1777206000
"Dogecoin Up or Down - April 26, 8:10AM-8:15AM ET",Up,BUY,60.019580000000005,0.16679248238057948,0x170592fec5df620dbb05fdb9450a1c92137b4f0b3b24e2f19e8f40a338e20000,2026-04-26 15:15:02,0x4e884d4dbbe240b4d97ac29a6b64e4567cd33b3c758caf18f4e1b9cadb6f801c,doge-updown-5m-1777205400
"BNB Up or Down - April 26, 6:30AM-6:45AM ET",Up,BUY,36.85369,0.5527258403361345,0xffe9f9a3ab715db61561b59b4e20556cfdb3c31b53d5c3663a16d2ad2579b64a,2026-04-26 13:45:14,0xe47ce1e8b1a9b71532598a5b649aecb4a88a2b39605ab1d69bacaf369d8e3eb4,bnb-updown-15m-1777199400
"Solana Up or Down - April 26, 6:15AM-6:20AM ET",Down,BUY,14.4384,0.48,0x42a56da4c91e6939daccaaf662b1d1993931ef27ba2687a12486cf15343ce385,2026-04-26 13:20:12,0xf36b8a9f0c0f50cdf55809e7e978598618317fc8d070691644c88f18cc3a88c5,sol-updown-5m-1777198500
"BNB Up or Down - April 26, 5:35AM-5:40AM ET",Down,BUY,42.15077,0.5784978145847711,0xf7dc70d106b7be9c6ea638725170a6f3d274c7b3cc0c75063d7b47b46040866f,2026-04-26 12:40:00,0x1c6023403b62e7f926058e617ec66f924c59632357ec4408a27a7fae3b649407,bnb-updown-5m-1777196100
"Bitcoin Up or Down - April 26, 5:15AM-5:30AM ET",Up,BUY,17.6112,0.7,0x22d0f2a8eeae4c3c0f96f760ad728b825460db1ec7da86cf431c295f8733a558,2026-04-26 12:30:12,0x688614bb768991a8fed98e50f327c4765bb0c4b07bf5d2537280bb7f73ca18bb,btc-updown-15m-1777194900
"Dogecoin Up or Down - April 26, 5:00AM-5:05AM ET",Up,BUY,0.49941,0.45,0x9129533626bbcd2f2ce150feb8a8c84e992797055a31fa4f7d497bbe7c4de9a1,2026-04-26 12:05:12,0x45e7fc8710e9ee04b48d00d3b6a68e5a5722aa3f370f6cff0ab2ebc328e0b19c,doge-updown-5m-1777194000
"Solana Up or Down - April 26, 4:15AM-4:30AM ET",Up,BUY,44.402879999999996,0.4424254215304799,0x02b1105867abd0169edef08e19ff3c3a92aa65265243655ceb4bd19fa17fa40b,2026-04-26 11:30:04,0x05d4b0c99a51c48f55363810ebd9cda4cd9102a1ff61da62c4a5d9e7886be2d4,sol-updown-15m-1777191300
"Bitcoin Up or Down - April 26, 4:20AM-4:25AM ET",Up,BUY,43.04567,0.6648719111312628,0x5aff992e1f3f81048323188f344b23f0e326a8caf55f304e7ef438ac44398957,2026-04-26 11:25:12,0x76c85c04dfdab367a15954363194e99bd9ab9150e6cd0c77320c4f07887cd4f2,btc-updown-5m-1777191600
"Hyperliquid Up or Down - April 26, 3:20AM-3:25AM ET",Up,BUY,15.35261,0.71,0x06944243f3c47006684a0de34a769dfb9acabde09de86708599da5c18dbd878a,2026-04-26 10:25:04,0xfc1957845902405c96b853662c237cb566584866b2bf1593b3f49fca30da0322,hype-updown-5m-1777188000
"Dogecoin Up or Down - April 26, 1:15AM-1:30AM ET",Up,BUY,37.42864,0.61,0xfb1dbd4633814a703491683118ce5d25abe2fd043c1d4e8603b81473a29aa4fa,2026-04-26 08:30:10,0xd99242aa6bd9043ba0c675daff267828e636c0127db86d5de33ccc37c7d18fae,doge-updown-15m-1777180500
"Hyperliquid Up or Down - April 26, 12:50AM-12:55AM ET",Up,BUY,42.51522,0.51,0x8f586e3e81051bbbef202beed7caeaa6d7586d54972f1cfc2f5645e0c2f0f316,2026-04-26 07:55:12,0x4ba29f82827143643c4981cf30b4841f8c941dc9f23877fe029d36cf965ddb8a,hype-updown-5m-1777179000
"Solana Up or Down - April 26, 12:25AM-12:30AM ET",Down,BUY,46.75157,0.5325093013642,0x14bcd1302e12aa1ad1a7d1b871eec34c260e41dfb1cdf8e7e5eb220641cbc272,2026-04-26 07:30:08,0xc47ca1747726f3cfe79cbd7bc36bb25cf32d87df98b4defd5cd8b0f59011de7c,sol-updown-5m-1777177500
"Dogecoin Up or Down - April 26, 12:10AM-12:15AM ET",Down,BUY,13.29558,0.59,0x6a601c438334c739afe41f08c191b0ca4ebd54b7b12358c69f5da1dbf25067a2,2026-04-26 07:15:12,0x8535e3e8f829edee8dd15febe1946c25a161f41dd560c5eb3cbe8fb0f494be39,doge-updown-5m-1777176600
"Hyperliquid Up or Down - April 25, 11:45PM-12:00AM ET",Up,BUY,36.59951,0.71,0x3a3cdbd93cd6ee0f92402c4053704df40f973cee0cad0f36b206e8d9e7b2eee4,2026-04-26 07:00:12,0x8c0ee72e80f922895060f21508df8882e18dc0cc0b1e56f0cefbbc4aee6c51bc,hype-updown-15m-1777175100
"Bitcoin Up or Down - April 25, 11:45PM-12:00AM ET",Up,BUY,56.57543,0.47,0x8e419ad648cc5a34b51ff743b8943a86c3d0f03ddde76ce6e690eceddbc682f5,2026-04-26 07:00:12,0x1d49b4d07195cfae72656c53f599a0c8e675c85f47ee2325023a86831481f017,btc-updown-15m-1777175100
"Bitcoin Up or Down - April 25, 11:00PM-11:15PM ET",Up,BUY,3.7695700000000003,0.57,0x75db159f8fed0123777f758d24384dc0adfc0f54de787db1339bf0c7e092493a,2026-04-26 06:15:12,0x52994a7749b7075c6b5a8c6eb82ed0ee89820dde521bfce31ab158702bab18ce,btc-updown-15m-1777172400
"BNB Up or Down - April 25, 11:10PM-11:15PM ET",Up,BUY,42.53122,0.61,0xcabfe4cf12d9823969d455e9ee28ee8b97ee03df0246cbcacef4b55a015aa2da,2026-04-26 06:15:12,0x249a99be7d1ef151c33e1855cdb53df101595736086d3eaa3e290e325532f64f,bnb-updown-5m-1777173000
"Bitcoin Up or Down - April 25, 10:55PM-11:00PM ET",Down,BUY,30.738169999999997,0.087370820668693,0xbb5e38cee1e97789f1abd23c7f822b42147e0386c89c3b6eaf4a62a2d77a98f5,2026-04-26 06:00:12,0x9cff45a4b9037614ac14c6681bbb0248212313c15729954a583c192c4fbf9c62,btc-updown-5m-1777172100
"BNB Up or Down - April 25, 10:30PM-10:45PM ET",Up,BUY,47.54703,0.5388328588857259,0x7f662e276d2e487643b754ad55a89a4785ca47564f2111e931b4ca10a7750fe2,2026-04-26 05:45:12,0x8ec4c82c413e0c0264159e82df559ccb5b6813776816f7f48b93b26f1be4062b,bnb-updown-15m-1777170600
"Bitcoin Up or Down - April 25, 10:30PM-10:35PM ET",Up,BUY,39.79918,0.5440704738760632,0x3cd83d35e7970075a3fc2fe3106769b322c21578d7c4e080dbacf73bfb589e78,2026-04-26 05:35:12,0xe2bf627cb21bf907ad3a9511eccdeba8d83dd36eab969564eb0d7f1c0c0697eb,btc-updown-5m-1777170600
"BNB Up or Down - April 25, 10:00PM-10:15PM ET",Down,BUY,49.12321,0.530991345397325,0x216c44399770007b12fe5437da0b2eb747eacb67cfa7d23e664b708d35770092,2026-04-26 05:15:00,0xf01d0bc1234c1f9273cbe1d59d19a13a8ce362889cf66a5b9c2ae4a01f981b3a,bnb-updown-15m-1777168800
"Bitcoin Up or Down - April 25, 9:15PM-9:30PM ET",Up,BUY,81.41275,0.13798387096774192,0xc7c0ec6ff2d760ec0332757ed11b98e0f5ae44b50badd1713af1e64f2df64b58,2026-04-26 04:30:12,0xf6a63f07611237e2576e7698b576cebea424b8150aae32b87ed7cbea8e8a6e0b,btc-updown-15m-1777166100
"Ethereum Up or Down - April 25, 9:00PM-9:15PM ET",Up,BUY,11.49399,0.47,0x19b2df5facbd896dd1ad7abdf369f63cf5585a7c2efaed7d4c3159435ea31917,2026-04-26 04:15:12,0x92e4bb0f42a09380089db12942de67d94c702641da0be060a0cfd9c0aaf2b061,eth-updown-15m-1777165200
"Hyperliquid Up or Down - April 25, 9:00PM-9:15PM ET",Up,BUY,43.369209999999995,0.5234936539746159,0x8a307aad4f98996ac911dc3f687184afad215a67142981bbc5a90b928defdf4b,2026-04-26 04:15:10,0x60b9f0ad780736a8bcd626603ad6eb7eebb58f80dabb9151c32b36bbb710bd34,hype-updown-15m-1777165200
"Solana Up or Down - April 25, 9:05PM-9:10PM ET",Down,BUY,84.42065000000001,0.01,0xbac50974d703326331ac84385b1203b9fbd3b430265ef7f99a40c97ae6f0bca6,2026-04-26 04:10:10,0xdc240d3d270363d0b6e247be49340546c0fb8898fb933bcf4f216e1b0e14a833,sol-updown-5m-1777165500
"BNB Up or Down - April 25, 8:25PM-8:30PM ET",Up,BUY,47.54847,0.5392395282635217,0x92181d053698da5c351a0960e7b40add982824394f46ef4b4b699d7a457ec8e5,2026-04-26 03:30:12,0x914e7a616853a816c21fab86004d58905b6479fd101d3a2f87ec38ae70f479ed,bnb-updown-5m-1777163100
"Hyperliquid Up or Down - April 25, 8:05PM-8:10PM ET",Up,BUY,41.06362,0.61,0xafaf9271042a0c2765dcd64aa8ba7923120ea4ee8447438fbef638ea67ffca64,2026-04-26 03:10:00,0xc2817674053b3c4fc17f366cb6e5eb6e5264ca32e6b6cb3b0fd734ed9ddb1e4d,hype-updown-5m-1777161900
"Ethereum Up or Down - April 25, 8:00PM-8:05PM ET",Down,BUY,5.155060000000001,0.37,0x0bd06ac404d5c28318490efd1197bfe0854b9fad2219439d0a193392622c0a44,2026-04-26 03:05:12,0x2569d0aabbb034e19658959bc85834b8fc8338405011050e08b9006a1f956dff,eth-updown-5m-1777161600
"Bitcoin Up or Down - April 25, 8:00PM-8:05PM ET",Down,BUY,50.419940000000004,0.22,0xde4179300f7ed2cff5c8acddca42b0d5e8b634c3c9a4bf1da23aebb3de4954db,2026-04-26 03:05:12,0x20ce4dca2b37d6a41a75b135a3dc183d762d45b3568ebbbd9a36221854166478,btc-updown-5m-1777161600
"Ethereum Up or Down - April 25, 7:45PM-7:50PM ET",Up,BUY,39.93526,0.59,0xce01d719e789cac3705ea15dc01b674023fa6f99fd9a9f78067396591b112ba0,2026-04-26 02:50:12,0x4ece650fa041df3ea3c4b0f05da1d217ca452332f9c612dde4015f33a32b928c,eth-updown-5m-1777160700
"Hyperliquid Up or Down - April 25, 7:30PM-7:45PM ET",Up,BUY,47.2933,0.4671777145180968,0x0e0519cd1258e7bf150a98f682f4aa5dd98056fe18d22c5238f6ce191653b3ab,2026-04-26 02:45:12,0x4b007efd701b84a90f00fb3472601567562c0be51801d81403328953692f6f45,hype-updown-15m-1777159800
"Hyperliquid Up or Down - April 25, 7:35PM-7:40PM ET",Down,BUY,52.9768,0.4890909090909091,0xa0e1282d4bdb546edca27c7e912abe19e37f78d87f6046378e1d5aa973b50aa8,2026-04-26 02:40:12,0xab1de60c850e7d299fd9c054b38bb8a96c9eec6d8dce995b397ab0d8c9e48c78,hype-updown-5m-1777160100
"Dogecoin Up or Down - April 25, 7:15PM-7:20PM ET",Up,BUY,9.64,0.5,0x8959c26bd3659875c751957f41f8194db92b3f100345c4d6995abb63a41dff78,2026-04-26 02:20:12,0xa9a8ff89049bfa52e1582f9c5aaa5a663013b7ff88670df51b1988e210710f51,doge-updown-5m-1777158900
"Hyperliquid Up or Down - April 25, 6:55PM-7:00PM ET",Down,BUY,48.91628,0.47446105428796226,0xcaa7ed221a8588892947a757b1f2f7f2b6beb28aa94b1f35ce2ba2fdce3b4ded,2026-04-26 02:00:12,0x258d10c0d3d8743db29a19a1d696700560018d88e1740b88d6cd28b5d4b68238,hype-updown-5m-1777157700
"BNB Up or Down - April 25, 6:30PM-6:45PM ET",Down,BUY,46.922670000000004,0.601148830469882,0xa7548ac96e4d3f61f3ef703b43e484b9a3e2a868e874a9bf0be1104b834c35b0,2026-04-26 01:45:12,0xf5dfdc0b3e284d3719159b84088d2538859e2e0abd3f031c87d70f84ffef91fa,bnb-updown-15m-1777156200
"BNB Up or Down - April 25, 6:30PM-6:45PM ET",Up,BUY,38.56797,0.6860263558033451,0xa7548ac96e4d3f61f3ef703b43e484b9a3e2a868e874a9bf0be1104b834c35b0,2026-04-26 01:45:12,0x27c250120bcbe400a1b5f36ab790bc6f33da16a374542c4cb2732df87866922f,bnb-updown-15m-1777156200
"Hyperliquid Up or Down - April 25, 6:15PM-6:30PM ET",Down,BUY,39.49133,0.6641289844329132,0xafc184822a9a4041c9367912cf370f5db9ffc84ae66ad6447cb9f40a137c321b,2026-04-26 01:30:10,0x7766440d4df5878a9340e91dcefadc392c6c008a98161ef3895306c9e4f01b69,hype-updown-15m-1777155300
"BNB Up or Down - April 25, 6:05PM-6:10PM ET",Up,BUY,19.208,0.45,0x73c6d696820b0ce1f770c06c24402c291547dc1ade7e717a8f8899dceb1726b5,2026-04-26 01:10:02,0x8abc754e5a0cc216919bb328649903057c721b1c789e78606616e3bb25646f80,bnb-updown-5m-1777154700
"Dogecoin Up or Down - April 25, 5:55PM-6:00PM ET",Up,BUY,5.5016,0.4,0x2fbc92d1339f0007b546635672a1bf159fcf5d7225f7786ccc917eea281d009b,2026-04-26 01:00:14,0x64a3189830949e47b8486f1e8ceeabd0e70a3274aa49dfad11cdfcf0f5fdac75,doge-updown-5m-1777154100
"Ethereum Up or Down - April 25, 5:55PM-6:00PM ET",Up,BUY,20.36856,0.5823809523809523,0x246f2071a445ab89a357a664d128972195f5bd6a91631d6b13bac237738c24de,2026-04-26 01:00:12,0x5433eb0b4fec95327f80d01dadbe62abf821686096a704baa29394344400d86d,eth-updown-5m-1777154100
"BNB Up or Down - April 25, 5:40PM-5:45PM ET",Down,BUY,59.33448,0.1919047619047619,0x1435dd88bf41a539b20f1a9ec602460788a8793e17ccddb9b95562cd0148e295,2026-04-26 00:45:12,0x4cf8ff4ba6774233e31e648442035b75902492eb2e6679f48c0c658ce99c8143,bnb-updown-5m-1777153200
"Hyperliquid Up or Down - April 25, 5:30PM-5:35PM ET",Down,BUY,47.084,0.19,0x6c8ce8cea87456d300fd5fcf78842af7fdb84f7786a626ee456123ace08150fa,2026-04-26 00:35:12,0x3ec7a71c22304c26d02e1ac7be0eea35b2d901030de3559b5eb3512c2dd06141,hype-updown-5m-1777152600
"Bitcoin Up or Down - April 25, 5:25PM-5:30PM ET",Down,BUY,43.88679,0.09106473594548552,0xd385b6db68d401a75fb51fd2ee9668b5ceef55dafb84e9ec39d3bd35e78e3e3a,2026-04-26 00:30:12,0x6523cb102bdb9f2248717d01a59cb64642f50d77da784dc123b767b23a78df23,btc-updown-5m-1777152300
"Hyperliquid Up or Down - April 25, 5:05PM-5:10PM ET",Down,BUY,39.93526,0.59,0x06a89db7f731d6693510ec9119d5840f37029a49bc237a17274361ad23bdb651,2026-04-26 00:10:00,0xd5abf52d2814010d18c07cca1bbf9802d46df6a882193ae1ccef3b9fa687769e,hype-updown-5m-1777151100
"Bitcoin Up or Down - April 25, 5:05PM-5:10PM ET",Up,BUY,41.3374,0.7,0xc60edfc2d5ae6a31fc6f0f6bd5210228fe27ca9ad0ed377c7dd03becc31a265c,2026-04-26 00:10:00,0x422d4d9b3d4ab6b4bf40c8396cb28f543c512b4952b28a999283c11e64184b9c,btc-updown-5m-1777151100
"Bitcoin Up or Down - April 25, 4:40PM-4:45PM ET",Up,BUY,50.08975,0.5622119102861562,0x09afadb6065d7515ac1e04705e68df7730347b5844ddae1b735a58ed4cf984b8,2026-04-25 23:45:14,0x533ffc1aa8c3b91a330de617279362d649ff0f6921855e3aeec5d44298ea0ea7,btc-updown-5m-1777149600
"Hyperliquid Up or Down - April 25, 3:50PM-3:55PM ET",Up,BUY,73.5553,0.6763922453857389,0xb75db90f96689aa5615a7fbf88d9e58b6aa2a466abfaa1c1eafbe83d99ab5c53,2026-04-25 22:55:02,0xf5bc5e5140952ba1be45bf798c840b26660f4b7d81124b5cf3314c7f20c62a23,hype-updown-5m-1777146600
"Hyperliquid Up or Down - April 25, 3:50PM-3:55PM ET",Down,BUY,41.20818,0.68,0xb75db90f96689aa5615a7fbf88d9e58b6aa2a466abfaa1c1eafbe83d99ab5c53,2026-04-25 22:55:02,0xa2df6865946d3f48be6ade2016b0098f91221dfa7e9b4247c82be7e93091aebb,hype-updown-5m-1777146600
"XRP Up or Down - April 25, 3:35PM-3:40PM ET",Down,BUY,52.16422,0.39499449944994497,0x7928b55b9b984cb7848b564b5c057aba04297e06e5ab2d7f710d30f329d59a7c,2026-04-25 22:40:14,0xe3a01ca013000a5867401c0187fd7cb7a05c9c39869efe2166cac91eb2bcf5b8,xrp-updown-5m-1777145700
"BNB Up or Down - April 25, 3:30PM-3:35PM ET",Up,BUY,39.99451,0.61,0xbd920ccb5f000344e570d7eae3ec7c977e69a82796e220b8acfdd8624f548df2,2026-04-25 22:35:12,0x09626b4dc7985472cf22fa3c856eea07518764f5897412c0ba0bba72a3266755,bnb-updown-5m-1777145400
"Ethereum Up or Down - April 25, 3:00PM-3:15PM ET",Down,BUY,4.892,0.7,0x4d41468b81de786bf4843936930cdb3226c16a20b7a292d0f10b317da4f404ca,2026-04-25 22:15:10,0x00dbd8c74acf79692f452cbc148d06066f1240a643b5798b5300a9690882b189,eth-updown-15m-1777143600
"Ethereum Up or Down - April 25, 2:45PM-3:00PM ET",Up,BUY,89.51001,0.19736842105263158,0xcb08ff4ef10e3341cebd6e53972dbf34a610bbcb7a03880ecf022e916049d35f,2026-04-25 22:00:16,0x4a6bb6079e01fca353fa9590ace7ba94cb9a3554f08f46b3b483fda5c5903e03,eth-updown-15m-1777142700
"Bitcoin Up or Down - April 25, 2:55PM-3:00PM ET",Up,BUY,94.132,0.185,0x3815f969c4604b2f757db053e27f5052a0513303cef27ee07f0f4004d5c29022,2026-04-25 22:00:12,0x27aa06668ded738ced9e31ce67aedf957180da01002fdc2f21a77e99a9a7f5d8,btc-updown-5m-1777143300
"Ethereum Up or Down - April 25, 2:55PM-3:00PM ET",Up,BUY,39.84637,0.56,0xa1258830feade7f0347be406bc11fe3b644c2b6c588241b95df322bc3685af4f,2026-04-25 22:00:12,0x89111c2843db713097bb268e9707bfa446022f8b6fcf144c954154e43b0614eb,eth-updown-5m-1777143300
"Hyperliquid Up or Down - April 25, 2:50PM-2:55PM ET",Up,BUY,47.09084,0.41,0x411d64c8913b99447385a15a1e7338fa2be4eeda2b5aaaf0c03a870bd7e0a82d,2026-04-25 21:55:12,0x1b3076da0e0710cadeef1883903fc12619f6ea9e31417a1dccf2d83d2e0a5628,hype-updown-5m-1777143000
"XRP Up or Down - April 25, 2:35PM-2:40PM ET",Up,BUY,44.15318,0.58,0x1f79cfd40e98e8c3ab037544b16558a4a7bf83fa59a22fcec126cd1e99854d6c,2026-04-25 21:40:08,0x04fc5b18db128738e28dad4a6f7baf729e0841908b4ead5163fd12d2918ce70e,xrp-updown-5m-1777142100
"BNB Up or Down - April 25, 1:00PM-1:15PM ET",Up,BUY,55.39781,0.44815219275437684,0x49c759f5f874c6f371c986c439920eede2afe4d95bfa703066836c7379039cc9,2026-04-25 20:15:02,0x61497c9ded0071d6386ff3590b2dd653303b0ad39f28669670fc8aae9d934e7c,bnb-updown-15m-1777136400
"BNB Up or Down - April 25, 1:00PM-1:15PM ET",Down,BUY,84.82147,0.66,0x49c759f5f874c6f371c986c439920eede2afe4d95bfa703066836c7379039cc9,2026-04-25 20:15:02,0x9c94ec051758fc24899ecdeca3cbc125db4f6450d2ba80e3ee6326db1c888b02,bnb-updown-15m-1777136400
"Dogecoin Up or Down - April 25, 12:45PM-1:00PM ET",Down,BUY,24.17466,0.59,0x3823ede56fd58c57275658405c1ea14ab6d248ddc8967adab7632fcd8ddd9f62,2026-04-25 20:00:12,0xb8de11338f48535064f1122b29eb87e8422139f4e47bcec4c2b2f44e86635c62,doge-updown-15m-1777135500
"BNB Up or Down - April 25, 12:50PM-12:55PM ET",Up,BUY,47.63299,0.5222035272653558,0x75def478ea093de4be2f9ed014a62bf37c7c9f21045c610322b3785cda8e4a85,2026-04-25 19:55:00,0x9ec9985a60fbd163531bd58cb4c3492f707b5c225be6c7d4ae16a9fee88a634d,bnb-updown-5m-1777135800
"XRP Up or Down - April 25, 12:20PM-12:25PM ET",Down,BUY,23.99696,0.3896414342629482,0x19457b9355c8bd2645d90273bd84e9336e355595b97912f353085da14e8c8eb3,2026-04-25 19:25:08,0x2432f0418fe7f23a57e81eef96753a5cc16747ca79d1fb3d977ff2cc8983494f,xrp-updown-5m-1777134000
"BNB Up or Down - April 25, 12:05PM-12:10PM ET",Down,BUY,48.61316,0.3916522423288749,0x44ae928ee4b3aadc5b7cb65f687a8b03f5e89dc5ee24cc2b93252c04c70ed31c,2026-04-25 19:10:12,0xc1fd6cc464631254ad8b93bec02611f1aedcdcf6a8943cf10e88aa31e4769efa,bnb-updown-5m-1777133100
"Bitcoin Up or Down - April 25, 12:05PM-12:10PM ET",Down,BUY,108.4849,0.17,0xa0c185c85990698f5f342f3bc7a84c5b88512d440825e4fd11e6e892b32b0b27,2026-04-25 19:10:12,0x7b5229b613a2d40ddfa45973d8c932351e068e2146c15bd69b2c3c28914f0104,btc-updown-5m-1777133100
"Bitcoin Up or Down - April 25, 11:55AM-12:00PM ET",Down,BUY,44.85167,0.6092632719393283,0xe404881971a8d0ce1cd1e6a867c4eabeb785a011c838ee1003bb9de5af7973b4,2026-04-25 19:00:02,0x157d937339b2749df134298879ec27244ce9d848d6ae9f30ed17d020b6d27300,btc-updown-5m-1777132500
"Dogecoin Up or Down - April 25, 11:05AM-11:10AM ET",Up,BUY,40.76274,0.5110887573964497,0x47072ca7ad62a3ce61971292708a9f6192b191a8c4ed38cef855e86cee32c041,2026-04-25 18:10:02,0x09da65333418fa8cf1bf9eea20d6007741e9fa9103375570dfb6e0bfae4f90e4,doge-updown-5m-1777129500
"Bitcoin Up or Down - April 25, 10:45AM-10:50AM ET",Up,BUY,40.118269999999995,0.651771567436209,0xaa234e05706f12fe3d30d3ce81666e3d6d77e0d750e3be716b08ede2c38d618c,2026-04-25 17:50:12,0x2c151f5dd4bb8815c1767b65e6432cf57455f652a5bd41dab835e47dea911433,btc-updown-5m-1777128300
"XRP Up or Down - April 25, 10:30AM-10:45AM ET",Up,BUY,9.4877,0.53,0xdd69205b0ee9a9128793a8788ed1e0e5848797de6ec46f7367f89bc1051ffcba,2026-04-25 17:45:10,0x5f672719a5949dbc39bed1a2e2c49b2099595eb7f326618ac359b60f54437c4a,xrp-updown-15m-1777127400
"Solana Up or Down - April 25, 10:30AM-10:45AM ET",Down,BUY,76.91251,0.6210294675603896,0x8d66afb5e9c37508c0265d92d3af23b3b299ff2cd7da592a4c1d90bf6a0f46f3,2026-04-25 17:45:10,0x1eb6d57fbc4bd606196a08a398fec370751a1bd9053d84baf6ce640074a6f542,sol-updown-15m-1777127400
"Solana Up or Down - April 25, 10:30AM-10:45AM ET",Up,BUY,56.56642,0.4678714722883373,0x8d66afb5e9c37508c0265d92d3af23b3b299ff2cd7da592a4c1d90bf6a0f46f3,2026-04-25 17:45:10,0x4459ff4d40e64cef98fa4bda98f5299322fb0a3a1543efef7338333e8ac8bab4,sol-updown-15m-1777127400
"Dogecoin Up or Down - April 25, 10:35AM-10:40AM ET",Down,BUY,27.25772,0.69,0x5b374d787da59dcaffe0da067c1c06babcf743e0b4468281f9a483a474719a94,2026-04-25 17:40:02,0xe206f37f3ec72c85ab281360c9e18ae2b4804e1a904db70956e6f0e86eb680c5,doge-updown-5m-1777127700
"Solana Up or Down - April 25, 10:30AM-10:35AM ET",Up,BUY,4.8488,0.58,0x3d58aac4d739a9708cfc9ca4a321ed8d44090fa63a6345c223395cc0c0e15c7a,2026-04-25 17:35:02,0x4d56453793ca2e6194b17075e764c8d858d3e9fb09584087a7918e48f9aa140a,sol-updown-5m-1777127400
"Hyperliquid Up or Down - April 25, 10:10AM-10:15AM ET",Down,BUY,43.06773999999999,0.5590197841726618,0xc44dcdd3bf62847f55b35fb92ce2f0efd73d8ccfab61bd97629bab2433de2567,2026-04-25 17:15:12,0xade7473c8999ba458fef296cd341a3e7a418079806d279e70d00e6f2c64236fe,hype-updown-5m-1777126200
"XRP Up or Down - April 25, 10:05AM-10:10AM ET",Up,BUY,2.11771,0.36,0xa3ec4bb1c09951a07601fd623ca5b9d2f2efbb79afba3466ad248a0509986a1b,2026-04-25 17:10:02,0x9a13e7e118331fce1dea5a8d6bf4129a991546737f21df1097df64bbe98d889f,xrp-updown-5m-1777125900
"BNB Up or Down - April 25, 9:25AM-9:30AM ET",Up,BUY,47.09084,0.41,0xe7730057d88350460e3a52be2958e3b78b12caea4e7b028a62d383185f929116,2026-04-25 16:30:12,0x80b720d1ba1ea56ac6727296358b2465e6384e41afc9289112b630fe743c6625,bnb-updown-5m-1777123500
"Dogecoin Up or Down - April 25, 9:25AM-9:30AM ET",Up,BUY,39.99451,0.61,0xf872607604200cccdbc05b78f7e2c3c18cdf36c90074f02baf0c7d9531537296,2026-04-25 16:30:12,0x243de98e88f9276eb2bbb9f9528f3eb50464517e7aa895b1abeaba4c2f0f99f9,doge-updown-5m-1777123500
"Hyperliquid Up or Down - April 25, 9:00AM-9:05AM ET",Up,BUY,41.03634,0.6010295857988166,0xd7edab9beed0f0c61bedbe5c64c3a832bd82f077c43cf8b883904a97c11d6074,2026-04-25 16:05:06,0xb3970945bb1b1d610685d3b65b34c43833f637f3d510b5377b4572a2777f20e8,hype-updown-5m-1777122000
"Dogecoin Up or Down - April 25, 8:05AM-8:10AM ET",Up,BUY,39.58865,0.47301336573511543,0x23d025a0fd7e1f2556f3af8ebe5fa125378f01ea362b97e07f7e31b6f80af903,2026-04-25 15:10:14,0xa6cbee85c2bcd617f4559c74a31c0c790b0105472755428f904fa0ebc47101c0,doge-updown-5m-1777118700
"XRP Up or Down - April 25, 7:30AM-7:35AM ET",Up,BUY,38.779759999999996,0.2,0xe108acb7ed28fc64b3ff0cb5545db877c7f9b99910ff786d77665dbd8d18ce6c,2026-04-25 14:35:12,0x7b6320b1ad16f2472dc0f72525003152909e16ff00260bf6ee1323463ba4d341,xrp-updown-5m-1777116600
"Ethereum Up or Down - April 25, 6:45AM-7:00AM ET",Down,BUY,39.39232,0.2,0x43cb13794e1d5abeed03b5b6297edcbb5b81ef0015ac66de0826ad91248ba80e,2026-04-25 14:00:00,0xdb6829aeb34b5c50b043619acd6d1e508126bb72bf8b605b8fc64f2bf6bbc720,eth-updown-15m-1777113900
"BNB Up or Down - April 25, 6:00AM-6:15AM ET",Down,BUY,39.93526,0.59,0x6305b1ceefbef9ff9164401e909b1aca6b88a35de664e995a4162f9928fd40aa,2026-04-25 13:15:12,0x4b67abf7fab4f2395cc8dc10945151c87a1dc757f82242db25283c573bdc1a05,bnb-updown-15m-1777111200
"Dogecoin Up or Down - April 25, 5:50AM-5:55AM ET",Down,BUY,17.303659999999997,0.59,0x752030cafa3a4e4880c4f047ec85ee69cbb5e9c64f4618192d093f3a7cab4875,2026-04-25 12:55:00,0x3073cbb0cc49655a516b53a553ff434cfd1c57a4e9194376c8adb1b050b83500,doge-updown-5m-1777110600
"Dogecoin Up or Down - April 25, 5:20AM-5:25AM ET",Up,BUY,47.73763,0.5926596177307849,0xf71d198966fa4081a29a376ece783b3619e6762c57e07bb0cce3428b795e8a67,2026-04-25 12:25:02,0xd8f8b6133b69ac11739bf91dbe5e9ee9fea56f180c689a45449cdc46cfd31a6c,doge-updown-5m-1777108800
"Dogecoin Up or Down - April 25, 5:20AM-5:25AM ET",Down,BUY,79.69594,0.5605407047387606,0xf71d198966fa4081a29a376ece783b3619e6762c57e07bb0cce3428b795e8a67,2026-04-25 12:25:02,0x7debb819ee2250c01c40ab488c03a02c449a0f80e55b090e3440dd513b3ef91a,doge-updown-5m-1777108800
"Hyperliquid Up or Down - April 25, 5:00AM-5:15AM ET",Up,BUY,52.41913,0.45501466275659824,0x8b89b8d894b1ee0d0c1f07815e446a9c2e645fa303218ea050dd308702c16955,2026-04-25 12:15:00,0xa08050873d3d254eff3e6ed0f53a7251178e4ad4b7a4773b635e4322763028e4,hype-updown-15m-1777107600
"Hyperliquid Up or Down - April 25, 5:05AM-5:10AM ET",Down,BUY,39.93526,0.59,0x46888098c5da9284f264399e8058a9ea810e4f44da22b39fca518ed86d0393f1,2026-04-25 12:10:00,0x6085d49e82c73edaebe9a97a429f01f13bbfc092272fbb471be8c464f9a7780c,hype-updown-5m-1777107900
"Solana Up or Down - April 25, 4:50AM-4:55AM ET",Up,BUY,4.802,0.45,0xf711134893563ec39952933c9972a445a9b1c86b6f64a5d3b4775fe311fb80f0,2026-04-25 11:55:02,0x4fa469581af5e1890295ab3f0dc10ead0a4e51f5435ff9e911d7aca7a16d3907,sol-updown-5m-1777107000
"Bitcoin Up or Down - April 25, 4:40AM-4:45AM ET",Up,BUY,57.84,0.5,0x30f7eeedfb5681aa7e851109abf1c2e8f1cf2eb1cf244d6e7ccb273b8cfd3105,2026-04-25 11:45:02,0x25a6f96fc231d62559324d656c02cd89805e555e0544f0473b1ad8001006ce9b,btc-updown-5m-1777106400
"Bitcoin Up or Down - April 25, 4:35AM-4:40AM ET",Down,BUY,40.29079,0.71,0x3de69a20d15923501c4ba79a2c8a3e6960b21f7cf4d4e9169243b96734bf849c,2026-04-25 11:40:02,0x422d2759c17ca23f177f9a5f41ba39b2dc9ee2a07c7d135f3342c5d165b5a901,btc-updown-5m-1777106100
"Bitcoin Up or Down - April 25, 4:20AM-4:25AM ET",Down,BUY,19.70873,0.6354347826086957,0xb2a66b88ef9709e78ec2157cde3ec7a0f28b5d135bc80677760173c755a7b1ed,2026-04-25 11:25:04,0x2c4b4935ce262ebfff224debdffb73b52d5d84a78a76b4638a623e5efbdcad10,btc-updown-5m-1777105200
"Bitcoin Up or Down - April 25, 4:20AM-4:25AM ET",Up,BUY,16.147820000000003,0.09,0xb2a66b88ef9709e78ec2157cde3ec7a0f28b5d135bc80677760173c755a7b1ed,2026-04-25 11:25:02,0xab6b8b4902c693feba0a23745cba283775a49ddb3d1c5c97c2163cffa315ef99,btc-updown-5m-1777105200
"Dogecoin Up or Down - April 25, 4:05AM-4:10AM ET",Up,BUY,40.58578,0.51,0x4fbaf569e141a15952fc9d52d888d82287d789f35708c14d1b254388636b0789,2026-04-25 11:10:00,0x57cc080208c56df2376a22a46bb0ce2dedf3dffc5040dd83e1ad0c61c1582d07,doge-updown-5m-1777104300
"Bitcoin Up or Down - April 25, 3:30AM-3:45AM ET",Down,BUY,69.64028,0.33,0x98da8b344ad42ca5dcfeb35b463070816663981a1c31d1c62fd29c25a2aa3209,2026-04-25 10:45:00,0x58cd816c87cf33915495d1af851661ddc05c9bc3f57cef691b883217d9b2d191,btc-updown-15m-1777102200
"BNB Up or Down - April 25, 3:30AM-3:45AM ET",Down,BUY,40.231539999999995,0.69,0xef2747ce967937e3133f2865f355f9fa4f1a9bb029904113ab7d04fc309b4ad7,2026-04-25 10:45:00,0xf086769e377102d27ea087a56c94645bf16114b8c4c1f1b8bd89a41b4ab10eae,bnb-updown-15m-1777102200
"Solana Up or Down - April 25, 3:25AM-3:30AM ET",Down,BUY,39.70734,0.493559815578743,0x5d9b309774dea486b0fcf3af54de6d72eb68e1d874e1e9f6605966a63ce2f683,2026-04-25 10:30:10,0xe42692a82e380515bc82bb0397f2134a413fa2b61bc3ec4c79d61ef0e2d616a6,sol-updown-5m-1777101900
"Ethereum Up or Down - April 25, 3:25AM-3:30AM ET",Down,BUY,40.14895,0.25642621404997645,0x0b2fb43b18d2b42a26efae921b5dd39ce95e034bf19d3341f61097fa5bfda841,2026-04-25 10:30:08,0xf601e66ebf81d19bb5cd8537588eb1fe014c32d3e5a50a69b65e047da6585407,eth-updown-5m-1777101900
"XRP Up or Down - April 25, 3:25AM-3:30AM ET",Up,BUY,6.49668,0.4,0x4ef648f7bc9b110f6971dc0792da58409403f8d17d0adb7c6f58c4879f540313,2026-04-25 10:30:02,0x19f27357fe50d1ba5df1e9467d7104e786512eec58439a7dc198a6d9a57bace7,xrp-updown-5m-1777101900
"Bitcoin Up or Down - April 25, 3:05AM-3:10AM ET",Up,BUY,36.52552,0.059014803471158755,0x3683700f8590a3d974c6c7cf7caff98db29566153c6756244c447ef50236c117,2026-04-25 10:10:02,0x58c0830deb1a3e9c4d4773d418a34c7a978992ae112fbe8b5c8012c2adf34fd0,btc-updown-5m-1777100700
"Hyperliquid Up or Down - April 25, 3:05AM-3:10AM ET",Up,BUY,38.51311,0.11,0xc621f1f65ffc2567301f1ba564cc36ddb0920d36e24340a5505e745b16b33593,2026-04-25 10:10:02,0x98e50f8ec23116119a10739b2aeb47c289191b83bab66939d2caa6124566d6b2,hype-updown-5m-1777100700
"Solana Up or Down - April 25, 2:55AM-3:00AM ET",Down,BUY,4.874,0.65,0x28bfdbe6e17eac868571341e90d881d9484cbcd3d3afe3194495be2b32103cbe,2026-04-25 10:00:02,0x9b636abb92a626353971a0cab7eca904fe18f72da3e3b90b9b1806d54c5da7fe,sol-updown-5m-1777100100
"Hyperliquid Up or Down - April 25, 2:25AM-2:30AM ET",Up,BUY,15.06339,0.67,0x8e4b8e89fcb676a7940b38fd2e358193bd7d7184a758007be16570a0646909df,2026-04-25 09:30:04,0x0b13eac3546a2fa58edcbbbf876799f04c62adfe1b237311c4e902a263e985d9,hype-updown-5m-1777098300
"Bitcoin Up or Down - April 25, 2:25AM-2:30AM ET",Up,BUY,48.341770000000004,0.5420664132826565,0x0dadd888b239143473a3506b6a1254c2bce272c397daab065ffbd1f556b481e9,2026-04-25 09:30:02,0xd69d11a79433f3f4f4e080f1ecf30f588fe1bf91a7151400bad29484776ab8b5,btc-updown-5m-1777098300
"Hyperliquid Up or Down - April 25, 2:25AM-2:30AM ET",Down,BUY,56.992169999999994,0.4347567749537115,0x8e4b8e89fcb676a7940b38fd2e358193bd7d7184a758007be16570a0646909df,2026-04-25 09:30:00,0xbe0cf1f1a9c4a658857d191c39b54707d847adc13826d76569daf02e197e9d47,hype-updown-5m-1777098300
"Hyperliquid Up or Down - April 25, 1:45AM-1:50AM ET",Down,BUY,44.6673,0.49,0x86d8e9d6294cf790930fbc24c2d40dec3f493e137fe7a4c89e2dae4b9327d6de,2026-04-25 08:50:00,0xf38f359c54604b6a464ea8076ef5bc9f190afc0f945053af925faf8bdd822fee,hype-updown-5m-1777095900
"Bitcoin Up or Down - April 25, 12:50AM-12:55AM ET",Down,BUY,80.14647000000001,0.63,0x28631350435d3689fdaf89400fdbf7f341fe7acfdba3bc824d7b195051f1415b,2026-04-25 07:55:10,0xa49defb03fef1e1965a06d3b2de70cac98c8ae5566aa457164937682b43fa0b4,btc-updown-5m-1777092600
"Bitcoin Up or Down - April 25, 12:50AM-12:55AM ET",Up,BUY,97.33232,0.17992072699149264,0x28631350435d3689fdaf89400fdbf7f341fe7acfdba3bc824d7b195051f1415b,2026-04-25 07:55:06,0x610db37219946ad1486f05f329b17601a662b900b2be3f1aa0fc3d315b7fca39,btc-updown-5m-1777092600
"BNB Up or Down - April 25, 12:30AM-12:45AM ET",Up,BUY,7.58818,0.71,0x338b744b7817b79bab09f4b12dad8ba57d41a2a1a7ba79e61cd29a244625dd68,2026-04-25 07:45:02,0x6cce7495b182a25f6e89850181dcb267028fcd08eed79c0ebe7802f42ad011e6,bnb-updown-15m-1777091400
"Hyperliquid Up or Down - April 25, 12:30AM-12:35AM ET",Up,BUY,40.80961,0.5264970414201183,0x8054c8d7f516d7a2ddd569ae024e180348360ad4cc9fa28dbf85ddcf292e4a15,2026-04-25 07:35:00,0xb4055cb8c2a160f235570cc6dfbfe16a4142e64e19614fc4177bd85e0aa1a2cb,hype-updown-5m-1777091400
"Bitcoin Up or Down - April 24, 11:45PM-12:00AM ET",Up,BUY,33.11,0.25,0x8efd0319ac7407fd50e60f9a7ccb8a9c5280aee9ecefc61c3b4e5f8de17c4f63,2026-04-25 07:00:14,0xff2cd63d85f7c7b5199439710a2b6e2b167d618bec5c1d56005425833974e630,btc-updown-15m-1777088700
"Hyperliquid Up or Down - April 24, 11:45PM-12:00AM ET",Down,BUY,28.8984,0.49,0x9f3a3ddbecd3876da679b4fc3a14f4355ff612b77bbbcba3331c313e9dc2af81,2026-04-25 07:00:02,0x6ae0b97b22009dbb03482b6ae80d026adada185f329b1f37566fc57912cb0c7e,hype-updown-15m-1777088700
"Hyperliquid Up or Down - April 24, 11:25PM-11:30PM ET",Down,BUY,49.67207,0.42173837545822884,0x77a0f2f02d3eb1a45267566ff99d98959c9f0eac1f55057afed7a1cfc3ef6495,2026-04-25 06:30:00,0x0009e006f0a1a96d6aeb9f461288855f567e4d117bc8fc106425f8d6b8d60a10,hype-updown-5m-1777087500
"BNB Up or Down - April 24, 11:20PM-11:25PM ET",Up,BUY,42.348549999999996,0.6416908212560386,0x248afce8e31a9b56d098e583197e60aed36346377c5bca95f94e62c3dbe46325,2026-04-25 06:25:00,0x0aa1b36ae304c5eba703fbe376cf78762351214764d7d84ffb869cca531fcc4c,bnb-updown-5m-1777087200
"BNB Up or Down - April 24, 11:15PM-11:20PM ET",Down,BUY,12.32813,0.7219236883942767,0xb8b3224cb49844ea7f929493e250f0a8c10f51616278fe84545b33df22837570,2026-04-25 06:20:00,0xb8154a6dce20badafb7eb137e017f091ff1b1fcba7ee3a23753549666c627f4f,bnb-updown-5m-1777086900
"Solana Up or Down - April 24, 11:10PM-11:15PM ET",Down,BUY,4.8056,0.46,0xf63fbc32e0e7cc4e35c36bbf8409c6554999a7192935d8cb621dfc8fefa0b234,2026-04-25 06:15:00,0x76d30ec5d363916189319aff8521ceed1a9b8dc4cede94428d5d4e0f38d04687,sol-updown-5m-1777086600
"Solana Up or Down - April 24, 10:55PM-11:00PM ET",Down,BUY,2.52985,0.73,0x71e9c7b4e25dce74cc9864c98a678d920483e56d10526fd8a8a651cf607898de,2026-04-25 06:00:02,0x65f58bebc2f548d12b554b0c3be73306506b325f222d45ad3fff79d34420a2e4,sol-updown-5m-1777085700
"Hyperliquid Up or Down - April 24, 10:30PM-10:35PM ET",Up,BUY,40.90335,0.5573136094674557,0x35734aae34101312c515816d9cf3a2bb233e22fb20e42fdd93f52fea46981748,2026-04-25 05:35:00,0xc2cd7e832381766053227670607798e97d9b202a4ee0f852cc4a24d6b26c4106,hype-updown-5m-1777084200
"Bitcoin Up or Down - April 24, 10:00PM-10:15PM ET",Down,BUY,41.8572,0.03,0x445662e17c8aa0fd99f34afd287e74b4d5fd4bb700a7dd75bba7d1127598ce12,2026-04-25 05:15:06,0x6425865518448b87fd64cdbe06ddfa4b682e9bc3097cc3303eeb2e33ed88f5da,btc-updown-15m-1777082400
"Bitcoin Up or Down - April 24, 9:35PM-9:40PM ET",Up,BUY,40.26116,0.7,0xa022df80685aa3901de95f04011540183a5950f33b3a3ebf7277c90e98fe7c7f,2026-04-25 04:40:04,0x26d79e0956a268639907e944989fd7f734a540d447b3b94dad70f713037da140,btc-updown-5m-1777080900
"Solana Up or Down - April 24, 9:15PM-9:20PM ET",Down,BUY,9.6724,0.545,0x5adaa1861e366f605f322f047004ddfdbb5999f114f4e9ddfbaa1f7a9526d3a2,2026-04-25 04:20:00,0x61a7f64a7d5e2e506c7e590181ebe0189c9db2414c9932722b5667432551fa0c,sol-updown-5m-1777079700
"Ethereum Up or Down - April 24, 8:40PM-8:45PM ET",Down,BUY,21.268430000000002,0.6737741046831955,0x36992cf4f0d96fc0ab1860a943e294cc0bf48f0ebcd0cc26c9ecf5d1686069df,2026-04-25 03:45:06,0xe8bb40184992fc4a1a76579c9eb79d678671465f26b1a63ceb8d1570f28b9091,eth-updown-5m-1777077600
"Hyperliquid Up or Down - April 24, 8:20PM-8:25PM ET",Up,BUY,46.36612,0.31,0xdba9fae0fe8ae6e2b017d4c6ed9f445b6c8ba1f394ba602b8a752a55d8162a9e,2026-04-25 03:25:00,0xb8c68763da69c81a8a28e1db5d0bcfc7635736bba9c8117bc370f79333812858,hype-updown-5m-1777076400
"BNB Up or Down - April 24, 8:15PM-8:20PM ET",Down,BUY,9.658,0.525,0x4ccd65d69f4a7976013495ec05f6f48141011d340aa17cec53c00739e2b48ebc,2026-04-25 03:20:02,0x4457ed949f56dcef41f1e2dc7ddec52387e7cb40ca193c911cc206a6ee1b0f64,bnb-updown-5m-1777076100
"Ethereum Up or Down - April 24, 8:05PM-8:10PM ET",Up,BUY,41.170249999999996,0.19,0x62bce036f81276af5a56cfc756862ca3c291d5a4c8a339ae7bd980cc2c744cba,2026-04-25 03:10:02,0x0dedbc799e171b63f4a89c67aeaa1bf336e12b05639b2fbdd7c459057039d597,eth-updown-5m-1777075500
"Bitcoin Up or Down - April 24, 7:55PM-8:00PM ET",Down,BUY,77.32014,0.35593981253083373,0xcd1d603205448f182fb8dfb944aebc1b7295694d485a2dfa5742bbc9c369a0da,2026-04-25 03:00:00,0xb504d5d3e665d8612fde94e63772d9c78b5810cf0f5557a758e512ca777f08e9,btc-updown-5m-1777074900
"Ethereum Up or Down - April 24, 7:45PM-7:50PM ET",Down,BUY,4.8272,0.52,0x8ac03465a71403bc84c3e76ecf577402c89aee1e6ce8bf31e8df730230d8c0b9,2026-04-25 02:50:02,0x75193959a4e73a92f4cbf18e5825db4dd0f1a9e4487d4c6c3aa025c3f17a624a,eth-updown-5m-1777074300
"Ethereum Up or Down - April 24, 7:45PM-7:50PM ET",Up,BUY,24.33654,0.45,0x8ac03465a71403bc84c3e76ecf577402c89aee1e6ce8bf31e8df730230d8c0b9,2026-04-25 02:50:00,0x124561f2a2d1c4e6c8364b6e58f01db5796223457899735aeb3022bda6385b21,eth-updown-5m-1777074300
"Ethereum Up or Down - April 24, 7:30PM-7:45PM ET",Up,BUY,9.93323,0.69,0xd08a59eaf16a241e1765638966b7a996dd3ca0377f9f61dc1419d08c9aa524f3,2026-04-25 02:45:02,0x396a856e78c2023f403c8baafad1cff1b2fa1ed7d8cc4abb1f7995bc9ada4b92,eth-updown-15m-1777073400
"Bitcoin Up or Down - April 24, 6:05PM-6:10PM ET",Up,BUY,1857.44,0.01,0xaef8fd81c2c414d024c94ba394be9472db1d1700920713bcc5008385dc572ebf,2026-04-25 01:10:08,0x23f69bbc0ee57c78cda713b127f858c35c93ed8481ab570884fd24a7bd921b55,btc-updown-5m-1777068300
"Solana Up or Down - April 24, 6:05PM-6:10PM ET",Up,BUY,78.92446,0.22166008850615956,0x5a67c3af8b998eb2c8ecabcefbe85b209c8373de43ff0c39bd288e302645e054,2026-04-25 01:10:02,0x9ff522efdc2aa7bf1fceceed1cd98350dfc9deafb751a74b4bdb150e7111d5f5,sol-updown-5m-1777068300
"Solana Up or Down - April 24, 5:55PM-6:00PM ET",Up,BUY,128.24537,0.1734878263420358,0x87eb518dedfbb4cb8f51760c02e867098e0ce2dc69e3132e3ecffe01f38f1184,2026-04-25 01:00:04,0x72c3159adcf395b2cdb470790a9ae194b21123eb469ee18ba7da24ac91d097c2,sol-updown-5m-1777067700
"BNB Up or Down - April 24, 5:55PM-6:00PM ET",Down,BUY,9.015,0.4453248136315229,0x32bc34e7cefbd821b2ce903f9ed1ab72ea938b47b47eb42a9b07276dec8cf2e4,2026-04-25 01:00:02,0x5d149fca1046ddb9c7702625362d27904de87c7a6b2a5d4c26de0b8a8f765935,bnb-updown-5m-1777067700
"BNB Up or Down - April 24, 5:55PM-6:00PM ET",Up,BUY,10.75848,0.6335746606334841,0x32bc34e7cefbd821b2ce903f9ed1ab72ea938b47b47eb42a9b07276dec8cf2e4,2026-04-25 01:00:02,0x267e314d898b25b2f94bac29d0fa2b6552ed7c5a5a4f54eae878764b9ab08973,bnb-updown-5m-1777067700
"Ethereum Up or Down - April 24, 5:45PM-6:00PM ET",Up,BUY,29.1468,0.605,0x79433a794ea6813f4f74fcbbd118462f3bf6877d07982f298697539837db8f50,2026-04-25 01:00:00,0x6130d219b92b13ad81899e2dfba58314dc762278bd75bdbb2597b0bed8071132,eth-updown-15m-1777067100
"BNB Up or Down - April 24, 5:40PM-5:45PM ET",Up,BUY,18.8552,0.205,0xb479641e1708f2f4e3cd3799a86b64c8a1f8aa6f04b8e3d885ffa08a5d2b7e1a,2026-04-25 00:45:02,0xf45a4092bd6f9a72153ef73e6c08de1ac87f76084a270a3402025e860a3a7bac,bnb-updown-5m-1777066800
"Dogecoin Up or Down - April 24, 5:15PM-5:30PM ET",Up,BUY,47.68441,0.5776291175274502,0x2706b6118302d30702723ace577fc0147b3eaebac43b9f98e7704638855ac2e6,2026-04-25 00:30:00,0xc4324c486bac0c5ecfc5b74b6e3ca60abe4de12d1b8b2b87e0b264322c9744cb,doge-updown-15m-1777065300
"BNB Up or Down - April 24, 5:15PM-5:30PM ET",Up,BUY,40.99587,0.5877278106508875,0x7e81117dd40efb40ffa8f1501d54b9ba586417eeffca5268f2b54b3d7f6f1661,2026-04-25 00:30:00,0x1887563de5248c768b91a2713fcba2e0444a84bcd152cc06279099c0f46a430a,bnb-updown-15m-1777065300
"Bitcoin Up or Down - April 24, 5:20PM-5:25PM ET",Down,BUY,200.09404,0.0805147470599216,0x6d35aa1dfb83bdba3ceb614dd4f0f71b6fe1732749e2f7be10a5d73ac5527594,2026-04-25 00:25:02,0xcb965df54a976067209c9e432b7cc602d266187c92f88ce95d78f9e66613445b,btc-updown-5m-1777065600
"BNB Up or Down - April 24, 5:20PM-5:25PM ET",Down,BUY,5.29919,0.3010394265232975,0xec8a622b31f609db0d1b8fb1486557ed06979ec2d4b9d891f1d6de9ed797c07f,2026-04-25 00:25:02,0xf5bed82b1097456623588d5ed7789330ea77ce0a0575a51d3b96a754e52ecf38,bnb-updown-5m-1777065600
"Solana Up or Down - April 24, 5:20PM-5:25PM ET",Down,BUY,18.7616,0.14,0x086f71e6ee967e820fcbba66b54943920335e97775a42b4bcf14cbebac9df245,2026-04-25 00:25:02,0x2a77310e672ee611b49be67fbcf77193b44b5258273b4435246851e8a49c7811,sol-updown-5m-1777065600
"Solana Up or Down - April 24, 5:00PM-5:05PM ET",Down,BUY,12.86244,0.15088321167883212,0x76dadea67983a33f33461c8a01666e15151dbb6b83c0b3fc3fe870f99f9aa86a,2026-04-25 00:05:02,0xfc69aadc8c8aedb61febfac200921ebbee76fccb4511f6fd5b8e02caf0be7c06,sol-updown-5m-1777064400
"Hyperliquid Up or Down - April 24, 4:40PM-4:45PM ET",Up,BUY,46.36612,0.31,0x616daf46895a20b667381dabdf04eecb7bfd5ad277f9bcdce4bcdea422cd881b,2026-04-24 23:45:00,0xd75100c16c50528fa2e691152b1e9cf1e9da15ef87faff1dbfb18ec30baee53e,hype-updown-5m-1777063200
"Hyperliquid Up or Down - April 24, 3:45PM-4:00PM ET",Up,BUY,40.12123,0.6527703523693803,0x3974b5296a94d155460889a7eef43a04cac95dfaf6335d6c6438687b73a36eee,2026-04-24 23:00:10,0x7c2bc3208a15ef79f3a82cede861adbad99d860682d2d4cdf14cae42a14af7db,hype-updown-15m-1777059900
"Hyperliquid Up or Down - April 24, 3:50PM-3:55PM ET",Up,BUY,40.15565,0.6643863912515189,0x8aa9a6b6f224e27ca2275370e5426662faaa8023d275d855be3163d29e6b2599,2026-04-24 22:55:00,0x5d56bae8cd981f946196e4a01eff345d8f1936e717e8f8e576e13a369edc5761,hype-updown-5m-1777060200
"Solana Up or Down - April 24, 3:30PM-3:35PM ET",Up,BUY,65.896,0.18571428571428572,0x642d42a0b1629c4599e0fb9a568d53c876c36f6e5f14b6fc9b5b3ebc26e91900,2026-04-24 22:35:02,0x4fa63d6b0e9553c8e108eedc8c3f44fbc13ccf0272b013ef96890f8e270215b9,sol-updown-5m-1777059000
"Hyperliquid Up or Down - April 24, 3:30PM-3:35PM ET",Down,BUY,40.231539999999995,0.69,0x0c29c5c3984813d46b103ac9bfd2e5328e1b89e9774192a54bd1efc157d28083,2026-04-24 22:35:00,0xf26b6d7293a85fe92ec753e85daf6d1a7b6f201b83b4029efd321a03fd8d7b55,hype-updown-5m-1777059000
"Dogecoin Up or Down - April 24, 3:05PM-3:10PM ET",Down,BUY,42.713390000000004,0.391645399597045,0xae2cf6ae28198dace5ee418632793abc18663eed93f96ec6fb1d6938b0ee96ee,2026-04-24 22:10:02,0x5ff8116d4a9a98499db78c4384c086af0c77e4f3cd590fbfc8ff03f1a5afeac6,doge-updown-5m-1777057500
"Dogecoin Up or Down - April 24, 3:05PM-3:10PM ET",Up,BUY,6.84405,0.71,0xae2cf6ae28198dace5ee418632793abc18663eed93f96ec6fb1d6938b0ee96ee,2026-04-24 22:10:02,0x832a02d43bd386ab4982c929aec8ba82228d884557234e68cfd1e3a2fdb7c307,doge-updown-5m-1777057500
"BNB Up or Down - April 24, 1:05PM-1:10PM ET",Down,BUY,84.04522,0.5313761784318234,0x12e299979a1a9ce730d6e173c2ee3df01e48cca08cefe21506ec3bbbd06f78cd,2026-04-24 20:10:02,0x39b2269b0e0cbc4b1a5f3102f7cb1b06e46b79b3733b90571c5d8d29310ad07f,bnb-updown-5m-1777050300
"BNB Up or Down - April 24, 1:05PM-1:10PM ET",Up,BUY,14.3664,0.41333333333333333,0x12e299979a1a9ce730d6e173c2ee3df01e48cca08cefe21506ec3bbbd06f78cd,2026-04-24 20:10:00,0x7df3a00d6d4a8ed91fd3a22726bbfaea2126ac6dd61318b5fc2089a6c1f42edf,bnb-updown-5m-1777050300
"Dogecoin Up or Down - April 24, 1:00PM-1:05PM ET",Down,BUY,48.164,0.49,0xc56dcafb633c71566ef1066ab00a8efc0573de2fbb9de3fe67e5177ccdb245df,2026-04-24 20:05:00,0x3d74e0f1de4402dc80a0e9efc9346bfcdc525918824b9fcc6d9dfa85837c2a7d,doge-updown-5m-1777050000
"Solana Up or Down - April 24, 1:00PM-1:05PM ET",Up,BUY,14.33352,0.4899193548387097,0xcf9d07cc579f196eec0823d0d07751938811ae6be82d057e21ed25ab455a922c,2026-04-24 20:05:00,0x2f00e1e2bf37d0fb0c60201683e6577e8c9a7caaebf72ce3c4c281a5522e8127,sol-updown-5m-1777050000
"BNB Up or Down - April 24, 12:00PM-12:05PM ET",Down,BUY,41.91409,0.6178422273781903,0x5bf9271dc45e9f14cb6987b316b938ed332644cbfc110758408456f339359093,2026-04-24 19:05:02,0x1c4a0062ab256e40459699c8998d016127756c0244e0297859dac071c876d2c2,bnb-updown-5m-1777046400
"XRP Up or Down - April 24, 11:35AM-11:40AM ET",Up,BUY,9.78502,0.28,0x584b16d912b67d5493bc24b6fdb50d386e6df18ae2fc226c79c18ee9e4cd784f,2026-04-24 18:40:04,0xa0d3e8c259397c906798b50326ea787530453bfb65585bc19663927a808285e6,xrp-updown-5m-1777044900
"Hyperliquid Up or Down - April 24, 11:00AM-11:05AM ET",Up,BUY,40.29079,0.71,0x32008a09342a5b82ac6806045b972317db6ea7475065c1972b99ba8ae5658d03,2026-04-24 18:05:02,0x61708b4c4eb7eee53c6213290cd698f94ac8bb126caaa99880ee908a7316260d,hype-updown-5m-1777042800
"Bitcoin Up or Down - April 24, 10:40AM-10:45AM ET",Down,BUY,41.3374,0.7,0x9db438e223f3091c9b5abe5ecb491d97f8f18caa37c2a11b5e059d848aee02b9,2026-04-24 17:45:02,0x92c1bee6c7d02d2d86cd9f15adde62afb1fbd1b817043f40a84ac67e6be967f0,btc-updown-5m-1777041600
"BNB Up or Down - April 24, 7:40AM-7:45AM ET",Up,BUY,40.29079,0.71,0x75117d13362b360c3b9daa99a27c63a805ec0a169ffe383a5ee32b21c849ae2e,2026-04-24 14:45:02,0xa36daa34bf716644514c3e0e878ee9067c0e4ca4a48b2419fd7de5ac0193c778,bnb-updown-5m-1777030800
"BNB Up or Down - April 24, 7:30AM-7:45AM ET",Up,BUY,40.75942,0.51,0xd62846e0661e90146f9e9128adce2e2459477cd31b063a3254d605410fe8c13e,2026-04-24 14:45:02,0x6a9e2eb6b55432dda003c5997223518f7ca87afc2681cde2e3eb4f7f2d7c4c25,bnb-updown-15m-1777030200
"Solana Up or Down - April 24, 6:35AM-6:40AM ET",Down,BUY,31.632329999999996,0.3761413043478261,0xfa9b0fc920a121d25cbafe66b9c1ded88045e1f342875bc98b75b8f114fa0777,2026-04-24 13:40:02,0xc4bb537ff2d96a2821c402deea0375ae538cd8bfc8f27a7a44eac41409d1653e,sol-updown-5m-1777026900
"Bitcoin Up or Down - April 24, 6:10AM-6:15AM ET",Down,BUY,77.09374,0.34,0xb9fac83923a38d8d7650644169c41aadef0fdb7175751cdd0e8c158400077188,2026-04-24 13:15:00,0xc525de382ea2b6ba301da54a138a1fd3aee8e4c09e305361cc7f4f40639cd856,btc-updown-5m-1777025400
"Bitcoin Up or Down - April 24, 5:30AM-5:35AM ET",Up,BUY,4.7444,0.29,0xed861b85f4979b744a7ef433924dc74aa10255b1678cacb81b9318965efb66fc,2026-04-24 12:35:00,0xd53f8fea6482517473e1cf9bca8c11a08b297aed6a50eac346a0a8694fedd275,btc-updown-5m-1777023000
"Bitcoin Up or Down - April 24, 5:25AM-5:30AM ET",Down,BUY,47.552,0.32,0x06bcedd2138df007eaf6513aa0927791178bad9df30b5c24851f3557e1af6c75,2026-04-24 12:30:00,0x608411a94ec945138a93d419d1350843035c86a4440a97a65407138bebcf7b10,btc-updown-5m-1777022700
"BNB Up or Down - April 24, 5:10AM-5:15AM ET",Down,BUY,1.33745,0.67,0x0a413fee5b8bf386b5dde70bc07dfc5ed92745ad8449747707bc830f524c360c,2026-04-24 12:15:00,0xd50f161172508ccde845259247a61f135fc2a174e3fb8afb90a3546e5023688b,bnb-updown-5m-1777021800
"Hyperliquid Up or Down - April 24, 5:10AM-5:15AM ET",Up,BUY,5.2543,0.26,0xbda4971eca38f4db7723bf215339ae0fe67ad4aec520d083bcf1334a0d16ba78,2026-04-24 12:15:00,0xced66f86f52fd832b19412531344ea0a64173f43783c92eb1cffc1e0f78a78c0,hype-updown-5m-1777021800
"Dogecoin Up or Down - April 24, 4:50AM-4:55AM ET",Up,BUY,4.7228,0.23,0x33fe9965a39ed6439d6d8f0280b917eb8c3b14c6472c827c1ecdcb90859dd6a1,2026-04-24 11:55:04,0x96cc37eb3eb294cc85492e96b2c78c8050c61709cf4b56e33515b730d390f1f7,doge-updown-5m-1777020600
"Ethereum Up or Down - April 24, 4:05AM-4:10AM ET",Down,BUY,58.88849,0.47105194380921267,0x6d6bc3b789d3b5fe1e60c2796e6ba32e6d22758aa78ff7261876f8f6537742a0,2026-04-24 11:10:00,0xedf95438b99aac5acc5cbd8e197019f939a72954f5d1a280eb2e999b8dca9403,eth-updown-5m-1777017900
"Bitcoin Up or Down - April 24, 3:45AM-4:00AM ET",Down,BUY,54.44015,0.47,0x7207a42a2c76382e42046d268b46c715c873a02e1b6b95ae56a748f5a0684513,2026-04-24 11:00:00,0x37fc6bb36251c1ceb338b63c4caabcfb76c82e0c44a504c05d01658961aac3c0,btc-updown-15m-1777016700
"Bitcoin Up or Down - April 24, 3:35AM-3:40AM ET",Down,BUY,123.07526,0.12899702992917522,0x35e186d0c89be66dd5a4b481f5bc830dac02cc8002f4f9063b3693d955b0a8e7,2026-04-24 10:40:04,0x619077ec09ba4ae1b8e4f17f3627b45e05bd9024e00f2ddcea5ef1c81abc79cb,btc-updown-5m-1777016100
"Hyperliquid Up or Down - April 24, 3:15AM-3:30AM ET",Up,BUY,40.55983,0.6722773230621089,0xc47d221ccda725ba7378077f5692870868156754815c25fc7aef37e3cf9a981c,2026-04-24 10:30:00,0xc4db9093479005c01993fd438e5ba00539757b272d36dd4b996f26b374ba0af4,hype-updown-15m-1777014900
"Bitcoin Up or Down - April 24, 2:30AM-2:35AM ET",Down,BUY,129.58431,0.01,0xde76e4d075f025bf3928e976a81ea0c846809d92776d0a960451ad07b5103980,2026-04-24 09:35:06,0x4f1f25c0b02186b5f7fc43fb106751fe398cbf2ca7bc605c600543192cbff18d,btc-updown-5m-1777012200
"Solana Up or Down - April 24, 2:10AM-2:15AM ET",Up,BUY,29.3628,0.705,0xbc7142aa51bfde35b400ba0cbe76b9b5186118d92049fb6fc95feb0e68f857ee,2026-04-24 09:15:02,0x0ed8ea1dfeecdc2d063e8e845de53a190150a0f84ae44b8f39ca53aadd8cc61b,sol-updown-5m-1777011000
"Hyperliquid Up or Down - April 24, 2:10AM-2:15AM ET",Up,BUY,39.21376,0.71,0xe1c1e2bc2f2cc765f49afcc7f3fe24dba91158f15fd3015ab3facb1c89ba3355,2026-04-24 09:15:00,0x1fd72e3d97f0f6a30adaa111e5b0016eaea642d2112636e6966f91a21d75766c,hype-updown-5m-1777011000
"Bitcoin Up or Down - April 24, 2:05AM-2:10AM ET",Up,BUY,54.562400000000004,0.5,0x9a9ee2a35892d99bcdfae9e61661bafd57930de639aa02efd5ac9aaf4b810301,2026-04-24 09:10:00,0xb73af663fcd689b3719fb5d1f4c83f21fce0c511d2a0dd56d542e133ccc2a66f,btc-updown-5m-1777010700
"XRP Up or Down - April 24, 2:05AM-2:10AM ET",Down,BUY,14.58903,0.5300066225165563,0x3bb155e62b2340cf0692bfb2f2d3f304b834ce752d9566192b51429ac98db9d7,2026-04-24 09:10:00,0x298536ae31f294875057d7279043076c3e0bcb37c5b7d9bac4fda01a9fd8b4e1,xrp-updown-5m-1777010700
"Ethereum Up or Down - April 24, 1:50AM-1:55AM ET",Up,BUY,44.33739,0.66,0xac038a95aa7d359e4d82621433b7eec814733ea2a18919e6d0b8f6e8f6f95945,2026-04-24 08:55:02,0x313b942a74ff4c3cdb948b19a999e15ca1b9448b7e427960bce69629c6b820c1,eth-updown-5m-1777009800
"Hyperliquid Up or Down - April 24, 1:40AM-1:45AM ET",Up,BUY,40.75942,0.51,0xc9d9db5eb59d73d727f83581090b3dd86a27c96923817e4d24fb3385aea696fe,2026-04-24 08:45:02,0x7c3563f66cf2048df1fa66507aca038500ba500c9ed95c772ed2d2336ae6e52b,hype-updown-5m-1777009200
"Hyperliquid Up or Down - April 24, 1:05AM-1:10AM ET",Down,BUY,32.04836,0.69,0x6f84de1be70153514ddd925d079071000eafd387b61244cdaed03124d78a4919,2026-04-24 08:10:00,0x98c8d413a6ff66b2bacb2484bc45e6c1cdafcc33ca6ec7b8ef65e6cac1c1d534,hype-updown-5m-1777007100
"Bitcoin Up or Down - April 24, 1:00AM-1:05AM ET",Down,BUY,696.54,0.01,0x05c639e107e0d5cbd916f4c23019794ff88f10a35281e9bc9791ab86795ce42f,2026-04-24 08:05:04,0x745140e7ff862dde016d269a9d408c1b8a3e034e5df4ceb5d1d4ef985e29b23f,btc-updown-5m-1777006800
"Bitcoin Up or Down - April 24, 1:00AM-1:05AM ET",Up,BUY,6.0579,0.6380385852090033,0x05c639e107e0d5cbd916f4c23019794ff88f10a35281e9bc9791ab86795ce42f,2026-04-24 08:05:00,0xc426b3227142667df5dbf4d52e94736dfb9d6b9ebffcad95b785756c653a0c32,btc-updown-5m-1777006800
"Solana Up or Down - April 24, 12:45AM-1:00AM ET",Up,BUY,40.92035,0.5628994082840236,0xe6be7265f40872a4ca661d114879c65710fa43ffe15d4d6b782f2ddf557c077c,2026-04-24 08:00:00,0xd97d6fb6733a27e5e14691963c4136c0492fbf4b3974537d337dbb7e7a339ed8,sol-updown-15m-1777005900
"Bitcoin Up or Down - April 24, 12:15AM-12:20AM ET",Down,BUY,465.31415000000004,0.03676253525070501,0x2a5e2333e62fbf1d1958f17af8499eecf711dc27aeba9ef966579c9c02dba0d5,2026-04-24 07:20:12,0x1f7924ff8dccc366c11d3f255e62e3e0ced414842374e4f37056155ef04d166f,btc-updown-5m-1777004100
"Dogecoin Up or Down - April 24, 12:15AM-12:20AM ET",Down,BUY,40.231539999999995,0.69,0x61286c8e3d591a1995c92e950db5864ddeeb7255ecc29f331d0fa4c618b2d91d,2026-04-24 07:20:06,0xa8d10281bcae52858a3265ad4c78f105c221522d72e675499f1fdfe6071c6dad,doge-updown-5m-1777004100
"Bitcoin Up or Down - April 24, 12:05AM-12:10AM ET",Up,BUY,5.67559,0.54,0xd288bfc5a5137d4e865224b4a4c868ee84db859107a9fa7df444c3564841572c,2026-04-24 07:10:04,0xb4a21f5008e16162ece7a9abe242e3e214ba00e91e619f2f8dd74fc1c9cc3497,btc-updown-5m-1777003500
"Solana Up or Down - April 24, 12:05AM-12:10AM ET",Up,BUY,4.766,0.35,0x386732a5055dca801dc9b8532f8dbe1f2f9831ce4bc0e161320fde65433ce856,2026-04-24 07:10:02,0xba36a477f9a48fd06deb2c2905eeaa54d3a5d5071199cdc13b6f38a71f51d622,sol-updown-5m-1777003500
"BNB Up or Down - April 23, 11:50PM-11:55PM ET",Down,BUY,41.8951,0.4968092937658155,0x7efe84fd7f0366a87ae83915a7c126d99e9dd03fd0c94e4ba2a3cf091a35eebd,2026-04-24 06:55:00,0xac41ac21553c34ec01a45daf93c756e57ad117e80b768b54011f3fca6ca9b858,bnb-updown-5m-1777002600
"Hyperliquid Up or Down - April 23, 11:40PM-11:45PM ET",Up,BUY,50.90548,0.504186398939193,0x4401a1106fa6f03456d02ed500c9612006f2fd336f492851e2a044479415ad79,2026-04-24 06:45:00,0xf8aa24e2fcea7b21b18d25897eefd63525334ba62ece926df97778e27c21109a,hype-updown-5m-1777002000
"Hyperliquid Up or Down - April 23, 11:40PM-11:45PM ET",Down,BUY,40.231539999999995,0.69,0x4401a1106fa6f03456d02ed500c9612006f2fd336f492851e2a044479415ad79,2026-04-24 06:45:00,0x78f92fbae4d0dd9b1153f7ecf1cc68d211e2b23859ddd69d82aa14d846d24b5e,hype-updown-5m-1777002000
"Solana Up or Down - April 23, 11:10PM-11:15PM ET",Down,BUY,4.7588,0.33,0x17d248e1ffe1b6d098d239765eece09e9708b50c31242f656a88a68d8d2791d5,2026-04-24 06:15:00,0x363bcab22992b75527a5e701e40845b081c62b7ad4b8beca88a905e9f1d9c452,sol-updown-5m-1777000200
"BNB Up or Down - April 23, 11:05PM-11:10PM ET",Up,BUY,40.26116,0.7,0x195b8e46ee4bd31aae9e33e976fede09f476abe4ccae9111193bf425dd1fa232,2026-04-24 06:10:04,0x7c3e0c3d7480cceee4ba0b52f44d6d5a76e57e84f4a50afed2b29dcb39948d44,bnb-updown-5m-1776999900
"Bitcoin Up or Down - April 23, 10:55PM-11:00PM ET",Up,BUY,134.14066,0.1532159607980399,0x2aabd3c197cc29a9eec8b09bd5b3fa53c566e1a6f75160dc5a21305209286811,2026-04-24 06:00:02,0x1dd6f2e6acf838bff543939fd97cc15cef0a0f8bf0151d8687fcfdf83bd177ac,btc-updown-5m-1776999300
"Solana Up or Down - April 23, 10:00PM-10:05PM ET",Up,BUY,65.80539,0.21265481651376147,0x507e12f9c4af1e1df0cc831e1906f6f4472fd02fa177f9a72f2aaf6307c1e464,2026-04-24 05:05:02,0xe7ba557a0dc40143f7df996545a0b2ec34b428937ba278c9c864bab1b12f06ab,sol-updown-5m-1776996000
"Ethereum Up or Down - April 23, 9:30PM-9:45PM ET",Down,BUY,134.51899,0.19,0x5fcd2b59fdd8770b765abf1e9aafe5bbb44255c2245ba1689122e093462d676a,2026-04-24 04:45:02,0xab98f7fc16cbd2c48ad9d065415c7e9737ecf9cc4f41eecde30eb3545a3993f4,eth-updown-15m-1776994200
"Solana Up or Down - April 23, 9:25PM-9:30PM ET",Up,BUY,12.9908,0.6262921348314606,0xbdf94f4a7669d6f59ee3b6e8e32fb7e92d7b8b7b2542f7ac879c9b55c7e11bb0,2026-04-24 04:30:00,0x04e94862e6ecd940c4c07438dfb06612a09efc385eeb2c092f043d66a5a19831,sol-updown-5m-1776993900
"BNB Up or Down - April 23, 9:20PM-9:25PM ET",Down,BUY,49.08814,0.5214122738001573,0x245045a63150005ef72723a0138ed897a3d3599af76a65275d383df9eba908c3,2026-04-24 04:25:00,0x089e1c8363bde575dd2a14d39abcd342f3ca6e484e00acf49df39b95aa111f0b,bnb-updown-5m-1776993600
"BNB Up or Down - April 23, 9:10PM-9:15PM ET",Up,BUY,56.538889999999995,0.3846450304259635,0x3838455d6a0abe58c4b183926825a6f30b4aabaebaea10d3d0110cc490fe5e30,2026-04-24 04:15:02,0x31713174e44257ae7293e4d64554bef137018ea5fd9a938c8eba1199793fccd0,bnb-updown-5m-1776993000
"Dogecoin Up or Down - April 23, 9:10PM-9:15PM ET",Up,BUY,41.03447,0.61,0x6009f0c6e3a460943ef881a9cd1d8cb541c73dc0b745df387df8fbc10aad63b1,2026-04-24 04:15:02,0x08967305390f9ed6fdb435976f76ba5fbfe608dc3dd9eb4043009a370eda2c2a,doge-updown-5m-1776993000
"BNB Up or Down - April 23, 8:55PM-9:00PM ET",Up,BUY,47.1439,0.42498576657177717,0x7cd68d7384d3aa993d2f9503145a639b3c407e5d691ee386ff98c5895b0e08b4,2026-04-24 04:00:02,0xd002120e22e0c29af39b194b0816c7de65b60b97356b9cf5a0e42c95de63f1fb,bnb-updown-5m-1776992100
"Ethereum Up or Down - April 23, 8:45PM-9:00PM ET",Down,BUY,49.12936,0.38902704806382565,0x9e97439a1bf7625ddfee883ecf5556ba04612c42a8a80b8c978696ccfd2fab97,2026-04-24 04:00:00,0x53903655d85d38301dd8d00a8e84f0515bcecd554630dea16b06f381a7af14b9,eth-updown-15m-1776991500
"Bitcoin Up or Down - April 23, 8:20PM-8:25PM ET",Up,BUY,47.58218,0.11,0x6ec1f86fdbbfa4f8de25ef7c2186fe2742029affb731a163f36ffbf66cd25ce3,2026-04-24 03:25:04,0xa61e525e54e835766c71c6fec323125fdef110a3441db83f96a65ee908afd2ab,btc-updown-5m-1776990000
"Ethereum Up or Down - April 23, 8:10PM-8:15PM ET",Down,BUY,36.42752,0.42526315789473684,0xf604977d351d7ed9d4d11dfbf5277190ce435c779da8e02040a87e33daea8e55,2026-04-24 03:15:02,0x132d53e4a2c834ea65c546fc296eeb1b6a2fb642da78e6611892873d9908fc8a,eth-updown-5m-1776989400
"Bitcoin Up or Down - April 23, 7:45PM-8:00PM ET",Up,BUY,43.44064,0.40644336712208023,0x43ff35ba621bcbeee8fad5454a3f45bcb883581014453b797537fbe38dc9f751,2026-04-24 03:00:00,0x248a912421b41b3017ee79dd589fbc554350ed40abd0b22e1b8b2e7754823789,btc-updown-15m-1776987900
"Dogecoin Up or Down - April 23, 7:50PM-7:55PM ET",Up,BUY,40.129509999999996,0.6555650060753342,0xe1f8f2918169212759ed7ffbc20e1edde3524fb9feb42806c15cf0b063957c98,2026-04-24 02:55:02,0xdcd754089a7fff1ec749923dd9abbd6fa7c9fef65223f06e6f755f54f9764056,doge-updown-5m-1776988200
"Bitcoin Up or Down - April 23, 7:45PM-7:50PM ET",Up,BUY,91.56541,0.25301126382143224,0x6fdd4d27b177bb190da3fb3593ffa5e555719b27c832c4576c772cdf8060655a,2026-04-24 02:50:00,0xbeeec610215fe27e9f3173b03e989aa6d14eeb59d977715b6b61194e80485333,btc-updown-5m-1776987900
"BNB Up or Down - April 23, 7:15PM-7:30PM ET",Up,BUY,41.263560000000005,0.656490191444103,0x40022380930e3c570018f6010b88991a108dc2bc16be370d03f20ef2ee6e75d6,2026-04-24 02:30:00,0xa3322e40fd6b279473d0a19ae0a4fefc678d57fbd854845df14d04a6e586fbca,bnb-updown-15m-1776986100
"Hyperliquid Up or Down - April 23, 7:05PM-7:10PM ET",Up,BUY,40.78035,0.71,0x62a7d1baae45f30b8c4e8ef9a174cc6be3654ffafdc1790809eaaddebd59f279,2026-04-24 02:10:00,0x4748b2789ca507669b47d162adbbef6c114ea59003fc906274d14a642c0aa7e1,hype-updown-5m-1776985500
"XRP Up or Down - April 23, 7:00PM-7:05PM ET",Up,BUY,1.28984,0.48,0x35de37ebe13bc0b526a89609ba0c26356219e260f96914e44aadb6bd9c636fe3,2026-04-24 02:05:00,0x51ade8a8cabc77944eac0e083421a813b2627149c60d69580fa6fe27b6be52ed,xrp-updown-5m-1776985200
"Hyperliquid Up or Down - April 23, 6:40PM-6:45PM ET",Down,BUY,48.61316,0.3916522423288749,0xf072989a8e6cfce373f5da8b611396ca43e2d20df9076af9ddb27196c693a79a,2026-04-24 01:45:00,0x7d3e879148d96f17e847326985c36e9e5d1aee1984751c69607623f882c5759c,hype-updown-5m-1776984000
"Hyperliquid Up or Down - April 23, 6:20PM-6:25PM ET",Down,BUY,3.4367199999999998,0.71,0x4fc5f91b1f23246f96ad7f8e21f5fb8159c1c5cf0c0ae31186ea6dc4302a6382,2026-04-24 01:25:02,0x1fb33d4a6096f3bed13b739e3baf892d2cb564de5bb48a32f32116ce310ba72e,hype-updown-5m-1776982800
"BNB Up or Down - April 23, 5:45PM-5:50PM ET",Up,BUY,26.06659,0.63,0x67441e50146e44cbba9bebefc269c0ba14e1ed254c648d4e80903ac6840d4e74,2026-04-24 00:50:00,0xcf52ce265dd661c52932bdf44d0caa2297b3a51b816f04af2fd2993f01b3792a,bnb-updown-5m-1776980700
"Solana Up or Down - April 23, 5:35PM-5:40PM ET",Up,BUY,40.48891,0.6387972095261005,0x4ea3c7ba88efab3e775269b9f8744387184e421f5a5388dd93194c9f0e22eb87,2026-04-24 00:40:02,0x5475f1b0e7a4969d3c0f95a191b31eb9bb4ecf76fe44d71e144a21f922e2fea1,sol-updown-5m-1776980100
"Ethereum Up or Down - April 23, 5:35PM-5:40PM ET",Down,BUY,54.42915,0.46730035335689046,0x0538825150c3fe8ab76d2802f76f5f642aff63024cf6082506e2a8f60f1cbbc2,2026-04-24 00:40:02,0xb3c11dd242fa14ce16df2873d9f8ad77220781fe4e12f89387aebf548ab506ac,eth-updown-5m-1776980100
"Bitcoin Up or Down - April 23, 5:35PM-5:40PM ET",Up,BUY,0.7021499999999999,0.47,0x6318dbaa105e98a508adb98c41e9c10e470e17d8270dfac836de04db44595121,2026-04-24 00:40:00,0x59ce3b4008069f924d055cd5172d8678ef7efdbbcac25e37713af40918c06a84,btc-updown-5m-1776980100
"Hyperliquid Up or Down - April 23, 4:50PM-4:55PM ET",Down,BUY,40.371970000000005,0.59,0x6b66756ea243a41c6390b3d4285174fd87ab9c40d98b15ca68cb55ee82ff68cb,2026-04-23 23:55:00,0x0c88300c580efee0a79640f3d8d7f4498c588d9860aa140a5d69f86a5af7e90e,hype-updown-5m-1776977400
"Hyperliquid Up or Down - April 23, 4:15PM-4:20PM ET",Down,BUY,48.61316,0.3916522423288749,0x7f723ba109af8f8c63cdae6e533b006b8215eb892a8f337a7bfc2c313a64382c,2026-04-23 23:20:00,0x6ffb72e87b0c8845f0612536f63cef8dad6ec23576d614706c06baa4d990b4f6,hype-updown-5m-1776975300
"Hyperliquid Up or Down - April 23, 4:10PM-4:15PM ET",Up,BUY,33.51528,0.71,0xcf6a194eb01861e943ab7092788abf0af70d55aa47edeb14836096725fbf8f02,2026-04-23 23:15:00,0x8f14cc6e8e7499a3c23cb44042c09e2ecc65c2605dad657cd82406f58cfe9026,hype-updown-5m-1776975000
"BNB Up or Down - April 23, 3:55PM-4:00PM ET",Up,BUY,40.11138,0.6494459295261239,0xc70ebe5640f6c3cd85999a69efda4758f65dc7bd77862b3932e1d3de1f3b8953,2026-04-23 23:00:04,0x8bfe47e660f613fd40433fe058f5f1c24b98c12415f1e3d9a34932058828914e,bnb-updown-5m-1776974100
"Hyperliquid Up or Down - April 23, 3:40PM-3:45PM ET",Down,BUY,40.07112,0.59,0xad083d1857b846f0ff09cb3b33f2368847b7d7c865f2d9aefa014943c59fc691,2026-04-23 22:45:00,0x9052303614d4110caa838accfaf08e226121a1db1fa0a3d640439e8a90c280f3,hype-updown-5m-1776973200
"Hyperliquid Up or Down - April 23, 3:20PM-3:25PM ET",Up,BUY,40.29079,0.71,0xaf41996ba3e91349fdc7087e82a8cf7999c434bafa591afb3abd38e265996470,2026-04-23 22:25:00,0x480e1a978e1381a6edc2b5ddcd62e3599ed25d7dd9f42abecbda378ef44a7f8e,hype-updown-5m-1776972000
"Bitcoin Up or Down - April 23, 3:00PM-3:15PM ET",Down,BUY,89.51595999999999,0.23,0x34dbfc946eb792f667c7b105b46bc3f0c6dc468e7b7a2a6bb9102a95f826613a,2026-04-23 22:15:10,0x627619873f044312e49b37c6e833e419b4872c5e39316e8058b36bb3e69aaf34,btc-updown-15m-1776970800
"BNB Up or Down - April 23, 2:25PM-2:30PM ET",Up,BUY,14.2332,0.29,0xba1587b33aa5cbf7402fed0d366ebba7eb82ee7f1a4bfd46f9881654ac50bef8,2026-04-23 21:30:04,0x78d7216561bd990d1f78068052be51c250a2459a5afb7b74ed6c413c99a14f16,bnb-updown-5m-1776968700
"Hyperliquid Up or Down - April 23, 2:15PM-2:20PM ET",Up,BUY,40.133759999999995,0.6438431658169459,0x0bae407e1d077caa366fbbfeccbe4ca46b0cc2627c615ba44b0bbe8816acb07c,2026-04-23 21:20:02,0xbff724ebecc499310236b164c63257c846951c7ae776c1495b8d0540bc602fba,hype-updown-5m-1776968100
"Bitcoin Up or Down - April 23, 2:10PM-2:15PM ET",Down,BUY,79.6006,0.01,0xf9641558e9691422d6bd5911beb644a32968d5bb9590b3b9537a0be8eca1fdc2,2026-04-23 21:15:14,0xafd189d2d357b14c1d7f19eb74102b8b0487bb5f30cfc49f8ed4e9f7e5f6a47c,btc-updown-5m-1776967800
"Bitcoin Up or Down - April 23, 2:10PM-2:15PM ET",Up,BUY,26.64868,0.10235170235170235,0xf9641558e9691422d6bd5911beb644a32968d5bb9590b3b9537a0be8eca1fdc2,2026-04-23 21:15:02,0x81fc5a4bf71455ef8f65aeaf5f20bd6cb3eb68118eec8ebe400a7bf37643465c,btc-updown-5m-1776967800
"Dogecoin Up or Down - April 23, 2:00PM-2:15PM ET",Up,BUY,28.77634,0.71,0xd7a2f23919498fd5a6e16205e70d31e88c02e1429f63d8806032322a8ad21099,2026-04-23 21:15:00,0xf38717b68ffb7042140f6e78eb2e4fb25c531c3486d3cc492f558f5fbd14cdc2,doge-updown-15m-1776967200
"Hyperliquid Up or Down - April 23, 1:10PM-1:15PM ET",Down,BUY,16.88721,0.22881431767337806,0x025f80d6711caf38bee8e95f5ab124c5526b99be395226db7fd529caef183f1a,2026-04-23 20:15:00,0x8ff1db79ca1db394b8e2628d96b6bed33561445ea55e121b31de750a7c294cd6,hype-updown-5m-1776964200
"Bitcoin Up or Down - April 23, 12:55PM-1:00PM ET",Up,BUY,158.25365,0.08,0xb2c1738799faaa5cae14caa5505741908b5de037dc52939f804a946344bb8de2,2026-04-23 20:00:12,0x00db75db0f85eaf60b63531c3843f76f7d06da2173573f661d3fe5c17b0ccaa2,btc-updown-5m-1776963300
"BNB Up or Down - April 23, 12:45PM-12:50PM ET",Down,BUY,10.83917,0.5765831842576029,0x1ff6a334bfe407d9ff9bb648fd921a4aa201096949cbe548573b7077018bb2fb,2026-04-23 19:50:12,0xd7b8a187984d1945bb80ba8d0645eace302d50b95e16076f285d2faaeae2fe16,bnb-updown-5m-1776962700
"Bitcoin Up or Down - April 23, 12:40PM-12:45PM ET",Up,BUY,46.27819,0.3966122364613477,0x21a01f75ed9306ee1edde524b3714c5db168b7fea5696d7d7c62049a05c47d76,2026-04-23 19:45:10,0x868408548d941a81ac90d24a1f406287a23ea3300afbd2598619ea9ed9843f1b,btc-updown-5m-1776962400
"BNB Up or Down - April 23, 12:15PM-12:20PM ET",Down,BUY,13.06607,0.27087744742567077,0xc047693f3c3d91e056b3ced1856365de67fcbb7f756ed1e873a324f2ebbeae0b,2026-04-23 19:20:00,0x12676a56a92993c080472c5b50359ce7b2abbc926946d8a589679e1ae4a1a613,bnb-updown-5m-1776960900
"Hyperliquid Up or Down - April 23, 11:45AM-11:50AM ET",Down,BUY,16.360120000000002,0.14,0xfb4d5eb2352bb669165bce5453dc66573e94cb8ac34fc87ca9d38da093ab9526,2026-04-23 18:50:02,0x95f8f83d8501c6b47a36fa44916eabb5afb27bbe033d227ab2c6cbca63c2e42d,hype-updown-5m-1776959100
"BNB Up or Down - April 23, 11:40AM-11:45AM ET",Down,BUY,17.876379999999997,0.32467802022352316,0xab0bdf3a143f686a5fffefd5c198ff8a8b9fd6ba7f857bc11f83004bdd3d0e4a,2026-04-23 18:45:00,0xe43b9a85228124b382221aad711c52734ecdc8d02a290c9b1d055fbda08aa001,bnb-updown-5m-1776958800
"Bitcoin Up or Down - April 23, 11:05AM-11:10AM ET",Up,BUY,25.36373,0.47,0x697a51540866c92592a3c57a55148e91ab7de3bc51bcf1169ef19567ad3954f8,2026-04-23 18:10:00,0x17aa75fcea3d51a353e3eaa94cf805c14c2fb69f4cdb15d3f952a816a4216448,btc-updown-5m-1776956700
"Ethereum Up or Down - April 23, 10:35AM-10:40AM ET",Down,BUY,9.5536,0.38,0x68fe3213b48819fc954f887e6546cb0de0aa2e2d700cff06f24b05d8cca5dc61,2026-04-23 17:40:14,0xc06a801c502557e13a282a57230cc025a1fbeb98bb35f6a23c7cdb418a05c213,eth-updown-5m-1776954900
"Bitcoin Up or Down - April 23, 10:35AM-10:40AM ET",Down,BUY,46.00797,0.2,0xc3f1af810fe32c30d5715aa9adf7757bf624a9e4a626e87fc45b799d60c5c1be,2026-04-23 17:40:12,0xdf1b4368d6b862067863236e0e72ce48c0f7ff286dd8f9fb1bff7d65e1dd40ee,btc-updown-5m-1776954900
"Bitcoin Up or Down - April 23, 10:25AM-10:30AM ET",Down,BUY,60.97108,0.38,0x94713c673165cf817ffa079703e70c99a1c79cd769368bcbeb967cefdf1cc14d,2026-04-23 17:30:14,0xc63ea3252c21e1bb28253420dbe30d0cdd2e14da53386a41c32b56e610e8cc42,btc-updown-5m-1776954300
"Hyperliquid Up or Down - April 23, 10:15AM-10:20AM ET",Down,BUY,46.458999999999996,0.49,0x4b3504aaf5ea81c5880c990c3a4769e4b9ff4bb4e617286dad97b562631c917c,2026-04-23 17:20:04,0x14960cb6da46444cc00699660264f031e97299bd77892148d518c0f0f933b06f,hype-updown-5m-1776953700
"Hyperliquid Up or Down - April 23, 10:00AM-10:15AM ET",Up,BUY,43.29686,0.5429908420817512,0x2bd720899e81d33662c83e543fa901a8c290af17c4f059bbabf624109f697ee0,2026-04-23 17:15:00,0x4c4821eaf3b8b2f138079521ea01182ee220863160efcd538a2e238d4d841d39,hype-updown-15m-1776952800
"BNB Up or Down - April 23, 10:00AM-10:15AM ET",Up,BUY,28.9416,0.51,0x7edd566f9f9f83ae38084f99e9288a45304e8deea9e46131ec48b4661bd086cd,2026-04-23 17:15:00,0x85b64dc76ce068b30db5a784df6406dfaed0093e755dc423f941656b6cdeea08,bnb-updown-15m-1776952800
"Bitcoin Up or Down - April 23, 10:05AM-10:10AM ET",Up,BUY,69.69297,0.34,0x371aaa29e543c4f6f5f593cf0ad171e7c52d0550cbc7f7b5ae375ec55974b135,2026-04-23 17:10:12,0xed8dc2572855827ce484474d9090a0cca2e3a3244f29ecd7a49f431675f70255,btc-updown-5m-1776953100
"XRP Up or Down - April 23, 9:45AM-10:00AM ET",Up,BUY,28.92,0.5,0xa5e69b95891f93c2ac43b17b74050d7d45d897441d7e62380554c090590f6c05,2026-04-23 17:00:12,0xd820eb3a6dcda0120f3d161ae954763515dbec894ef70ef66830d5bdef9754b4,xrp-updown-15m-1776951900
"BNB Up or Down - April 23, 9:40AM-9:45AM ET",Down,BUY,40.23319,0.6905589307411908,0x75a95a15bb925c37cf68ab56d7d3c43bb1781e3e192bb04a1da642f5905d2cea,2026-04-23 16:45:00,0x3e38fc010ae3ab5c57ede8ec688d03743a68ae23ba9f5bdb848e827aa11b9448,bnb-updown-5m-1776951600
"Solana Up or Down - April 23, 9:35AM-9:40AM ET",Down,BUY,19.4744,0.635,0x75af00a8a5905920060f2893e740359e052f1898ee65b216161b331460996c30,2026-04-23 16:40:12,0xac08db047bf3f4826d95914c0d91e940563ae521578cc3e5a074252644601b67,sol-updown-5m-1776951300
"BNB Up or Down - April 23, 9:15AM-9:30AM ET",Up,BUY,16.968149999999998,0.71,0x4ab2749f19f8c34d714fc6da2fce58e97d3b5fc88492c111f188c2a206df420b,2026-04-23 16:30:00,0x972863458895daad0ba6ede52a5ad5b842759aa55220f8297155238d64700240,bnb-updown-15m-1776950100
"BNB Up or Down - April 23, 9:00AM-9:15AM ET",Up,BUY,40.96059,0.5761301775147929,0x7c53cff3d16595386ea71948b3e7dd46107ae284eb7e231e9c9cad337f37773a,2026-04-23 16:15:00,0xa94b24b5e0b371ee716d776be8d5e89cfe13689e4b8416e4895a55d4076570cd,bnb-updown-15m-1776949200
"Solana Up or Down - April 23, 9:00AM-9:05AM ET",Up,BUY,9.7444,0.645,0xe159f1efb2cb093aa9a61088163bc3758fb6324797d709db2c78cda04dd37efa,2026-04-23 16:05:02,0x266f41ed6d8540041e380e0545fb44fe22f1c547890a6aaa39956c3d36844ff3,sol-updown-5m-1776949200
"Solana Up or Down - April 23, 8:45AM-9:00AM ET",Up,BUY,83.4606,0.6702982805006433,0x85583cf46032f3b3ae7672272547f1b59710eec48b7480d0b9eab0d845337add,2026-04-23 16:00:02,0x1fcf5bfd71a85044ca8a0ef94a3afb77ce00433baa647caac1bb0f9b34de669d,sol-updown-15m-1776948300
"Ethereum Up or Down - April 23, 8:45AM-9:00AM ET",Down,BUY,4.856,0.6,0x2865dcef3dfcc5ee349f458d2627911954eb4ef515da085d1b1dfd0bbd927469,2026-04-23 16:00:02,0x3d2db42f6ecd2e4816d34c2c07d20b619240666852696a43103c07d394535582,eth-updown-15m-1776948300
"Bitcoin Up or Down - April 23, 8:30AM-8:45AM ET",Up,BUY,81.11137,0.25481390736203474,0xa2e52482ca423dc3888a0ad8f39175fd121fe72d2d2d18e561102655e1274608,2026-04-23 15:45:06,0x1eda40815737a0be2a67f15097d39af730cc021616e55844f74fe8a38e20f949,btc-updown-15m-1776947400
"Ethereum Up or Down - April 23, 8:35AM-8:40AM ET",Up,BUY,29.41277,0.71,0x2b55a3ac27b8f0470dfa11af15bfbf41ae06885f600e5ef1e4779d2761f7f180,2026-04-23 15:40:06,0x00af93597395d08e68c1ee2f8f75007e83bae7f5b92781a7485afe81050429f4,eth-updown-5m-1776947700
"Ethereum Up or Down - April 23, 8:25AM-8:30AM ET",Up,BUY,111.08899,0.48346853874154966,0x30eb63ee97cb96faf9917f6c80a874c2d504fc0b480be78b1667bea3ffef5c5f,2026-04-23 15:30:16,0x7d35f7249c33115cd1883171cf77f3c74a73da5a2de3ee90bde05506e1deb664,eth-updown-5m-1776947100
"Ethereum Up or Down - April 23, 8:25AM-8:30AM ET",Down,BUY,34.099349999999994,0.6774820968203953,0x30eb63ee97cb96faf9917f6c80a874c2d504fc0b480be78b1667bea3ffef5c5f,2026-04-23 15:30:12,0x80e52a0ef2ec99aebb01b3d3f7bf4e18a28ad1af0405ffbc96a893afe55aea99,eth-updown-5m-1776947100
"Solana Up or Down - April 23, 8:15AM-8:30AM ET",Down,BUY,40.11623,0.6510814094775212,0x35fc30dcd84adee82092b830945b49b39f50a57711ef0c5ffbdcfa71944b39a8,2026-04-23 15:30:12,0x93a36e3e6f1d33ce47cf772fdc35bd558c4e0fdbdb7c00be70e0e42a03224771,sol-updown-15m-1776946500
"Solana Up or Down - April 23, 8:20AM-8:25AM ET",Down,BUY,24.2152,0.564,0xa14e5cf2c6dbb0517a6cf5662d1e7c154afacae50c68fb2265b7fd28ac222bd5,2026-04-23 15:25:02,0x203b1a4548c5ca587b9ca67dfa8fc62136682ea5e453a3ae66e6f7927e662747,sol-updown-5m-1776946800
"Solana Up or Down - April 23, 8:05AM-8:10AM ET",Down,BUY,4.9028,0.73,0x57e4104949b04367bb85cbe3fe347dab3d0d9aa9a3597549ec28a4de0a7abcaf,2026-04-23 15:10:12,0xaee16323e54774e6f38c311549d4593405e41f994432d03b55ab676390ba3670,sol-updown-5m-1776945900
"Bitcoin Up or Down - April 23, 7:55AM-8:00AM ET",Up,BUY,86.43298,0.3174697469746975,0xfe5e69034dc955ba8e961f60e104fc0308c47d82e940cfae3dfa025cc1de93ef,2026-04-23 15:00:24,0x3c88cf08bd3d3be7f0c6d24026151055dc90614e99a2459897bc819b69de985d,btc-updown-5m-1776945300
"Solana Up or Down - April 23, 7:55AM-8:00AM ET",Down,BUY,8.440769999999999,0.4785974914481186,0xd49482644c75512754080eb4428e1451611e5c40a8b2a7da21970ccd69bad198,2026-04-23 15:00:16,0xc0090d2a9dde4d081cd828e17d7a4b2e44b847f03fd4457020f87d9e0c1f9629,sol-updown-5m-1776945300
"Hyperliquid Up or Down - April 23, 7:45AM-8:00AM ET",Up,BUY,9.86499,0.61,0xf07ceaa8ae95c57ebefa7d6be5e7c4009ac5a296d6f15c2c85237901f6af48a2,2026-04-23 15:00:14,0x64b50b1d6336d4a4b41ff875de39ff940aaba83be9dec09d8f94e789ee6292b3,hype-updown-15m-1776944700
"Hyperliquid Up or Down - April 23, 7:15AM-7:20AM ET",Down,BUY,48.759750000000004,0.43169944925255704,0xa455a02e0636a825d6d4f53fbf7d281c67c617aab5da696376297ee94dceffba,2026-04-23 14:20:00,0x84ea26788cc5009ea90eee917249a15a1b026bf019c1dd3cdd66671f18c47efd,hype-updown-5m-1776942900
"BNB Up or Down - April 23, 7:00AM-7:15AM ET",Up,BUY,63.63146999999999,0.368991899189919,0x70da83c6dcf3e7e7e3c98a9216584951c433b77788476156a30aa188f45a119e,2026-04-23 14:15:12,0x584d44f87baa8e97cdcdf67eab8cfbe5134e2dc0df1d159a02bbc7f2019640a8,bnb-updown-15m-1776942000
"Bitcoin Up or Down - April 23, 7:00AM-7:15AM ET",Up,BUY,41.5788,0.01,0xa2f1092180672b0fc9dcd08f749ddd1a77e73d133f5f310d7c9dfaa6c001baed,2026-04-23 14:15:12,0x7062658aff09b717217459a99da82944ef3ab2b061ab5f6c0603a43e73d3dce6,btc-updown-15m-1776942000
"Ethereum Up or Down - April 23, 6:20AM-6:25AM ET",Down,BUY,41.53652,0.5742613768961493,0x31f078032542eab726b7045ed66188a9ec6517bb40292c731a8b83a32aafc6a7,2026-04-23 13:25:12,0x609856e820e75ca374614a37f2ee42a2e0785806a3fac8fa6c66aafecbc82f29,eth-updown-5m-1776939600
"Ethereum Up or Down - April 23, 5:55AM-6:00AM ET",Up,BUY,20.74142,0.56,0x6ea373e598d7eb6ddce9b8a778fc1013cd09fb4b6944c5603b9e01d490a355c9,2026-04-23 13:00:02,0xe4e322329ffde0abb4678f854769584d60c6484691efdd04c0d2e533a4fbbd64,eth-updown-5m-1776938100
"Dogecoin Up or Down - April 23, 5:30AM-5:45AM ET",Down,BUY,28.09888,0.49,0xdc0fe64081ec0a85c98d0119eb8bfac1e7b3e77ac0aaa2ddf8336eaf47a8b389,2026-04-23 12:45:00,0x8af5c94a832e24066baa3611ef79e1851aced2f11852b0d45620d9d25df6919d,doge-updown-15m-1776936600
"BNB Up or Down - April 23, 5:35AM-5:40AM ET",Down,BUY,39.59025,0.1534392789373814,0xf4f3229397544efa22825cf07c51c3400251f20e2dea5a1b3617a7b17beb3dc5,2026-04-23 12:40:02,0x0a91a9f677838a0844ef20034e101e9673fd63e3a16465afd9b708535a75ce7c,bnb-updown-5m-1776936900
"Hyperliquid Up or Down - April 23, 4:50AM-4:55AM ET",Up,BUY,47.58281,0.5489385929239529,0x2670f78f94418ad900e18b9d93b191a37bb59604c40f4cf40e96f0b4695b779e,2026-04-23 11:55:00,0x90b5cfa010da81c75c2370fa36452b6035fc2f5f029ee423d1fd40349c33c19b,hype-updown-5m-1776934200
"Dogecoin Up or Down - April 23, 4:35AM-4:40AM ET",Up,BUY,42.123020000000004,0.61,0x6c9e3bc3f01f089467e3db9eb36f7f5f79dbd244af822eef1883f48d9e502408,2026-04-23 11:40:02,0x03d7f31a193bb1d77ab3c59dbcd15d9774516d2cae3b5b6fc49aa2a3a8209c13,doge-updown-5m-1776933300
"BNB Up or Down - April 23, 4:25AM-4:30AM ET",Down,BUY,42.7573,0.5740739061437315,0x9deb7c99323005018e2630ed2808ebd2888a8778205c601030d41e4d4a6129b6,2026-04-23 11:30:02,0x29cb6c32ce1387241084f8e7e95aa749be22a7dff5ebfea37a9b6e466f361e6b,bnb-updown-5m-1776932700
"Ethereum Up or Down - April 23, 3:25AM-3:30AM ET",Up,BUY,61.38463,0.47,0xabc512ff00f4f6baa98054bec2f05b8181c12fd28036b900510ae07420665f65,2026-04-23 10:30:02,0xc2ff3ee83945194ad7d49aac8566563dbfe634607eaccfbc2f18e1a5915daef4,eth-updown-5m-1776929100
"BNB Up or Down - April 23, 3:25AM-3:30AM ET",Up,BUY,47.79784,0.6096624644164295,0x789ea13f23ebf51d39e178fc22b9c41e95e42b72650824f799902db2f15ba9f1,2026-04-23 10:30:00,0x784a99e4ec520c6e251e170afdfdd4c9d4a0b91945c352e1371340e3039f75b1,bnb-updown-5m-1776929100
"BNB Up or Down - April 23, 3:10AM-3:15AM ET",Up,BUY,55.961330000000004,0.32499489969398165,0x77db9e0611ce7b030c3583b2a66d2d60ca34490cae2d97341d4a167e7ea9e2c2,2026-04-23 10:15:00,0x2920fbca53faa601d64e71ba7cba81fffaf7f1245e407392ad748fdafae9431f,bnb-updown-5m-1776928200
"Solana Up or Down - April 23, 3:05AM-3:10AM ET",Down,BUY,56.6263,0.48201122067324037,0x33196cd95c983680461752aa3f8326b64d746eca22a9e9c8372fd9cd71a5a5f2,2026-04-23 10:10:00,0x8b00029ceb366ebb2078136f99e8c15d90d6ffc074320cc393c6138676a6f7b0,sol-updown-5m-1776927900
"Solana Up or Down - April 23, 2:55AM-3:00AM ET",Up,BUY,19.1288,0.395,0xe6169a623b7d2da76831e8c23514291f5994e37e1bbfe668e79f7c8fff287656,2026-04-23 10:00:04,0x59d574905216a98292a520d00bf5ae5cfa62ff37837980e6b184e71b9879a9ad,sol-updown-5m-1776927300
"BNB Up or Down - April 23, 2:35AM-2:40AM ET",Up,BUY,36.76961,0.6071194503171248,0x122f1ca1b20226f39b1e04f12e6612d752f1a6192df8710a78999e02795523e3,2026-04-23 09:40:02,0x48959c29859e30a895320a2f9d6c8a38354215d9bc4a8df8dc9e52d7bfd01420,bnb-updown-5m-1776926100
"BNB Up or Down - April 23, 2:35AM-2:40AM ET",Down,BUY,12.38856,0.5116822429906542,0x122f1ca1b20226f39b1e04f12e6612d752f1a6192df8710a78999e02795523e3,2026-04-23 09:40:00,0x616456c60f3143d033c961baf268e48f5823f053887c7e4d8a7482bf935ab89c,bnb-updown-5m-1776926100
"Dogecoin Up or Down - April 23, 2:15AM-2:20AM ET",Up,BUY,49.63485,0.51,0x3c1b7edc8940d8fcc849227993e99813af493885020cd6772d949a0012b98cdd,2026-04-23 09:20:02,0x5e3a0b9ff986a93f2bdbc6cee48859706de1461fa06c66b9cf9358298433b6ee,doge-updown-5m-1776924900
"BNB Up or Down - April 23, 2:05AM-2:10AM ET",Down,BUY,17.795180000000002,0.7134892680242158,0x683e7b355d7e2e3acb6e0d155ffcf9247dee6b784240ed0e09acd503d9f9d79f,2026-04-23 09:10:00,0xcf4d95b72f7c2fb65f569e0e867e5d595ba8c6ed1b8fcb6d3b77f78cfd8d7b03,bnb-updown-5m-1776924300
"Solana Up or Down - April 23, 1:55AM-2:00AM ET",Down,BUY,71.57993,0.19223684210526315,0x441d981efdcb5ecf58e5f889f24962a39807d4d096fe48dd90ed713682818698,2026-04-23 09:00:02,0x13f84bf74bc68756c87125898bfcac9022340fc269ac7d29e73e4b08552e9294,sol-updown-5m-1776923700
"Hyperliquid Up or Down - April 23, 1:55AM-2:00AM ET",Up,BUY,43.55126,0.71,0x4816a6d70c242bfb6b70983cd6f248c016fac0fc168c7f4aaf24fc6b0c555839,2026-04-23 09:00:00,0x4f56120162c839802a66f4eb28893d7bbd03e5b055e631dbdf42df4624582ad4,hype-updown-5m-1776923700
"Hyperliquid Up or Down - April 23, 1:55AM-2:00AM ET",Down,BUY,39.93526,0.59,0x4816a6d70c242bfb6b70983cd6f248c016fac0fc168c7f4aaf24fc6b0c555839,2026-04-23 09:00:00,0x4f1646042a84cb58e56851cae6af87e7f8c38d3cdaee0aaad3dd5874cd958e75,hype-updown-5m-1776923700
"BNB Up or Down - April 23, 1:50AM-1:55AM ET",Up,BUY,36.814080000000004,0.6952391073326248,0x892007b7af354eabfe8e1828f462450039db835e4b52773ec3422279709daba7,2026-04-23 08:55:16,0x563bed382c8b6ca5cd8c9994b28fc3e9eb8a60b07f2291e5513fb54fb0ffcfa7,bnb-updown-5m-1776923400
"Bitcoin Up or Down - April 23, 1:50AM-1:55AM ET",Up,BUY,40.231539999999995,0.69,0xd135e4ce5cad5f071089a1029cb7d6b61331dd77dd0354ed05e6a04c822e0501,2026-04-23 08:55:14,0x50c7eda29a03479afdd218f6f292423b8ab38c52e10b17c054aaf9cb0c2ad32a,btc-updown-5m-1776923400
"Solana Up or Down - April 23, 1:50AM-1:55AM ET",Up,BUY,39.75652,0.5296719319562576,0x65c4254b6928f9864994ff6b91d6f87acc325d87668893d96c0013c84d155c49,2026-04-23 08:55:10,0x02631304b8ef1b017335d937b24b39d9d38bd035bc9acd895dca8f040b330bde,sol-updown-5m-1776923400
"Solana Up or Down - April 23, 1:15AM-1:30AM ET",Up,BUY,40.2807,0.6736363636363636,0xf2f152bf880470b39b91300da6386c9766779ae1380f7c2f5180b863c5bb1909,2026-04-23 08:30:00,0x24d217c86bd7f5526a39e8403a8e95ca05f798c2f6aaed29e17ea9dcf66da4bc,sol-updown-15m-1776921300
"Solana Up or Down - April 23, 1:00AM-1:15AM ET",Down,BUY,28.8984,0.49,0xa45c55c83efebdd47d8ff63cc5c8b04ab14fafa03c9ee939b05e50645a58134e,2026-04-23 08:15:00,0x7d95332d2310cff99569546bcf2ea66934ca4e88567de287466bc1a283b6377e,sol-updown-15m-1776920400
"BNB Up or Down - April 23, 12:45AM-1:00AM ET",Down,BUY,73.97836,0.577391874180865,0xe4344d4fc9aeab74909567b6ac177bf8c53f438f635e3f52f512800184c07cb9,2026-04-23 08:00:04,0xe3a921bbe09ff316dee2d5377c5c8edc8beb1a74f60d8a0992fa9ead446dd2bd,bnb-updown-15m-1776919500
"BNB Up or Down - April 23, 12:45AM-1:00AM ET",Up,BUY,45.30874,0.5459521776259607,0xe4344d4fc9aeab74909567b6ac177bf8c53f438f635e3f52f512800184c07cb9,2026-04-23 08:00:00,0xa9377634571fc1f36d65da944fe6d6e06c24e2e1ffaf43a28f549d3dda98817f,bnb-updown-15m-1776919500
"Bitcoin Up or Down - April 23, 12:55AM-1:00AM ET",Up,BUY,127.53895999999999,0.156065247809117,0x70fab007f7298765307d8a5a435360081f5653f497a3417f28ce62c060b451dc,2026-04-23 08:00:00,0xbde011723db55fa5cd13027ea004d9d12f8e64e7c8a6a5585d229b6846bf5bb6,btc-updown-5m-1776920100
"BNB Up or Down - April 23, 12:35AM-12:40AM ET",Down,BUY,10.21372,0.23387604070305273,0x3e61f45ad34fc0f94c0926f0cc84a48ace86e5cc5e951d1804a1a4375e0b83cf,2026-04-23 07:40:02,0xedcd18d0ff82a7f49a3d7c1b598ee11176b729f2225f54388f4fe6df194b3d35,bnb-updown-5m-1776918900
"Bitcoin Up or Down - April 23, 12:00AM-12:05AM ET",Down,BUY,38.51311,0.11,0x0cad11ba5f6526480bf9f506a625f927ac2217e8b45fbcadb57fb392fe19ab94,2026-04-23 07:05:04,0xb60dc76693b6fd210aa98e196bc867ca8e2e8ad0023f362201ef7dbd867577f9,btc-updown-5m-1776916800
"BNB Up or Down - April 22, 11:15PM-11:20PM ET",Down,BUY,15.032780000000002,0.1522423485321674,0x9dd2ee8416aef46c789687225742169e0029bf17097f89f176f684e27e90aba5,2026-04-23 06:20:00,0x320a006ebc67f62d9ee576fb4ad1304b3dfd3cdfdae28725ae544dee8b5685f6,bnb-updown-5m-1776914100
"BNB Up or Down - April 22, 10:15PM-10:20PM ET",Up,BUY,39.45012,0.4262575941676792,0x59f55ba4ed3a021505ddb1a1a5157f3c08efa17d0b2360cefc987f1875bc58c8,2026-04-23 05:20:12,0x456f09467d1fd79ed9706ca26f3c65dd29cb55fd046d7d73220cf682ec16a548,bnb-updown-5m-1776910500
"Hyperliquid Up or Down - April 22, 10:15PM-10:20PM ET",Up,BUY,46.31514,0.5488761228326718,0xa9be8387751ff37377392dfca4202c550a2fee7cf33c3acb997e349b79a15759,2026-04-23 05:20:12,0x52987160388804b0b1cc3f1d3eb5ead168254e6e2f6ab6a45fe0e8071ec722ee,hype-updown-5m-1776910500
"XRP Up or Down - April 22, 8:45PM-9:00PM ET",Up,BUY,3.3681799999999997,0.71,0xdf3a3321e829ce7132bb9e8cc368f8c758685d068bd758d6af8d9afe440eb694,2026-04-23 04:00:02,0x410a67817dd70a89bd037eb2929de34202f40eeaf853debc00ff8bb397de06e4,xrp-updown-15m-1776905100
"Dogecoin Up or Down - April 22, 8:30PM-8:45PM ET",Up,BUY,5.6112,0.1,0x01c81da3fc0fd88b783c6cdf4914137f8d55074173620534ae31eb6e965d0626,2026-04-23 03:45:04,0xdc9152073bc67850db691d4abc2f330d23b32ff6486b2f19f983787819eed5f0,doge-updown-15m-1776904200
"XRP Up or Down - April 22, 7:55PM-8:00PM ET",Up,BUY,40.29079,0.71,0x0e89265a5f59f381ed55280aeff27bc530950b4cf8ba1c7fb1b1b10c409d6b67,2026-04-23 03:00:00,0x86d259c9df9d95cedf5c34e7afdbe9d13ca24d3b7177b801ea74fa2fa94a5c31,xrp-updown-5m-1776902100
"XRP Up or Down - April 22, 7:35PM-7:40PM ET",Down,BUY,46.2004,0.62,0x903bd72146ea8603a893632978fc4ca935afb79c91f70ec08f4578aed571b8ed,2026-04-23 02:40:02,0xef1572015289d9714613f81c291a9e891f68e053c631b7159b85cd5a3b94a936,xrp-updown-5m-1776900900
"Bitcoin Up or Down - April 22, 6:00PM-6:15PM ET",Up,BUY,11.475919999999999,0.63,0xbdc1f20646acb017512bb5d339daf68ec3e4cc60049ced7e478e677c7ef23437,2026-04-23 01:15:02,0x5935c93128d38616c947a50cec32e69b0b69612d51a1958ca7358578428b8946,btc-updown-15m-1776895200
"BNB Up or Down - April 22, 6:00PM-6:05PM ET",Up,BUY,9.658,0.525,0xeab27cf81774932608b7fcdf24bc5639d76771ead450f032643a5593cce0e84e,2026-04-23 01:05:12,0x3c0c626a7d6098453f35d4464b6f166f990ab209a9a912ee752b24d1ade8b4c8,bnb-updown-5m-1776895200
"Ethereum Up or Down - April 22, 5:30PM-5:45PM ET",Up,BUY,39.053689999999996,0.29245443499392465,0x40bc6239c684bef119a72bcc72d0c9d7c0010567f2bfc75da2b4e39edac8ceda,2026-04-23 00:45:12,0x072d59ba0fb8fa8f85fd166045460fc3c26eed3989864e11009bccfbff0fe5d0,eth-updown-15m-1776893400
"Bitcoin Up or Down - April 22, 5:40PM-5:45PM ET",Up,BUY,40.71164,0.59,0x00de7af0965e6e53ee3dc7c200930581164ee9ea13147534928c03ebcaf33ddb,2026-04-23 00:45:08,0x3ef86fca94596329899cb0acd6c2937336e7f12d55d440d11ac20ceff8999289,btc-updown-5m-1776894000
"XRP Up or Down - April 22, 5:35PM-5:40PM ET",Down,BUY,40.18199,0.6732782503037668,0x751f756b62fe5656eeef6b1506b729349e2698963b32f3d2ec23f3f5ddd3d7aa,2026-04-23 00:40:02,0xff9ca25f5275af025960fc85ecd38642e3312c98628809324000c47645afd74f,xrp-updown-5m-1776893700
"Dogecoin Up or Down - April 22, 4:40PM-4:45PM ET",Up,BUY,46.72992,0.61,0x00d22bd6e6111657ade111abf6c9727aedd0cf68441509504176d715f0df7051,2026-04-22 23:45:02,0xf139e258d3d32d9b7afe4704d0999d9a211709bcaea7f53f92e7ae82120888ce,doge-updown-5m-1776890400
"Hyperliquid Up or Down - April 22, 4:30PM-4:45PM ET",Up,BUY,41.51384,0.47955715279387895,0x3ef82e5bac66f85d6015b049c57b6658f4792b617f5d636e36302583fd3eae4f,2026-04-22 23:45:02,0x4cc04076ee4fd146337564bc359b021c65971955c6378a1960efe1093d0a4738,hype-updown-15m-1776889800
"Hyperliquid Up or Down - April 22, 4:25PM-4:30PM ET",Up,BUY,5.560560000000001,0.5892844677137871,0x9fc50af807b604284aef39ca2a27bee188ebbe35af9f40dc82fe46a9aeb7b4dc,2026-04-22 23:30:04,0xf239e55980c87bf222383477871b72ced082ad3e7d21f20703cb7351b54a9e99,hype-updown-5m-1776889500
"Hyperliquid Up or Down - April 22, 4:25PM-4:30PM ET",Down,BUY,21.84232,0.44,0x9fc50af807b604284aef39ca2a27bee188ebbe35af9f40dc82fe46a9aeb7b4dc,2026-04-22 23:30:00,0x45eb251b039cbcdfd40aa7d375a06656b5f62f6f41ccbf1f6ba243b68bb27a81,hype-updown-5m-1776889500
"BNB Up or Down - April 22, 4:15PM-4:30PM ET",Up,BUY,1.32574,0.17,0x8967ec9032a99593315c1cd48a4960551fb4cd18f4353bdc5d2d62c78bcf2e08,2026-04-22 23:30:00,0x39daf28dc783a1094b4c3d7d8a218082b39d93b1ef1c9e1cc8ffb5949619e92d,bnb-updown-15m-1776888900
"Dogecoin Up or Down - April 22, 4:10PM-4:15PM ET",Up,BUY,51.8537,0.51,0xa9bf9fd326991a6d4e5a240eed4f8355418f74847a83c3f8f0ae6dd7a7baa379,2026-04-22 23:15:02,0x9e573ce7f27a0fee2bb4ee46e776a70395299bc552f1163eff2049dc402fe8c7,doge-updown-5m-1776888600
"XRP Up or Down - April 22, 3:55PM-4:00PM ET",Down,BUY,72.89368,0.2729953198127925,0x3b1ee7b6cd2306ea490c2b1d2cffa154fd6bb607471b4b19645310194962946a,2026-04-22 23:00:02,0xcae1dca256073ea4006c5aa0d354f9ece7f8ac200c46a897ae9af77acfe34e11,xrp-updown-5m-1776887700
"Ethereum Up or Down - April 22, 2:30PM-2:45PM ET",Up,BUY,56.735510000000005,0.01,0x2903c44958f8dedc20601fb7144e1d5e27ee5707a1782651240e1951975505cc,2026-04-22 21:45:08,0xa0b376df7ac65b36c8bb9fbf4d592a2526b0637b7cf78d89a5a5bf0ff3588924,eth-updown-15m-1776882600
"Bitcoin Up or Down - April 22, 2:40PM-2:45PM ET",Down,BUY,81.25429,0.2779722319449306,0x6b2b0918e4d8c49c0de6bd0edb0b643d27b309d9923680093213abcd2d630a65,2026-04-22 21:45:08,0xde344f8b8f3170fc793e23cf7ee82aa647801ddd0a9e55ec4bfefcc874a9a2b4,btc-updown-5m-1776883200
"Hyperliquid Up or Down - April 22, 2:30PM-2:35PM ET",Down,BUY,5.784,0.5,0xf464d86c1ad4c3d93fc193269a707bd57ca14d73ef6d5c040dee38d2da156bb4,2026-04-22 21:35:02,0x58237ca019460d5f53fe9b2a6471c9823c781999260d082e82193b6a4790e849,hype-updown-5m-1776882600
"Hyperliquid Up or Down - April 22, 1:30PM-1:35PM ET",Up,BUY,52.264,0.3090909090909091,0x213f7852489cf6ecd87e54d13f8f76f2d37e87c5dcaa811fc7dbd2c52a66c8e3,2026-04-22 20:35:00,0x8223ea227e328d69e30fa3174aaf08bc2f0db0b137c8792543d7e3cae0c9572c,hype-updown-5m-1776879000
"Dogecoin Up or Down - April 22, 1:25PM-1:30PM ET",Down,BUY,36.80706,0.29,0xb02b121059ca5ee1a5c2f5fd86aa1b7ecd603ef94400fc8ec6c1d0946f01bcc7,2026-04-22 20:30:00,0x3fa4a107bb0efadd99b30a7e29f401f2a98d8365f23b9224f0d7fd5dfe26557e,doge-updown-5m-1776878700
"Hyperliquid Up or Down - April 22, 1:20PM-1:25PM ET",Down,BUY,48.607110000000006,0.39,0x07694edab07f6e943f2d009131b8b3409c53f2a8eb024f106231bd8aadec0ef3,2026-04-22 20:25:00,0x7b410aaddce96250a0c29c678b6187035482b4f7520d232208677639d83f20f6,hype-updown-5m-1776878400
"XRP Up or Down - April 22, 12:30PM-12:45PM ET",Down,BUY,47.984,0.44,0x6e9179d3c126bee40be021d3ad9b3b5a34eea8cc61236b577a6353b2a1c12888,2026-04-22 19:45:00,0x60503d42bd63b8ff3482ec93d9627765c5a4b5a5e0f4a05185058f677a9675b0,xrp-updown-15m-1776875400
"XRP Up or Down - April 22, 12:25PM-12:30PM ET",Down,BUY,39.939879999999995,0.5915601458080194,0x6139d36bde3e2ce8d579f6d393f09be9287acbc09df166acdbb242fb43f385c2,2026-04-22 19:30:10,0xd1b0fabcefad287826baf06ff50119a8675dc2699ed11da15b212f7fed1d9208,xrp-updown-5m-1776875100
"Hyperliquid Up or Down - April 22, 12:05PM-12:10PM ET",Up,BUY,40.04887,0.6283475091130012,0x9af3a70cfe3fa8e88fe9322e1ba4359b84c7e794fba8361c25891a3bb7c08221,2026-04-22 19:10:00,0x66df7306b977693b57423fbe06b2a939b13c1107e735432825e79786d95c52c5,hype-updown-5m-1776873900
"XRP Up or Down - April 22, 11:45AM-12:00PM ET",Up,BUY,47.48554,0.5214680764538431,0x9abf5602257f3182992d63f5415b1287b04ca8ce4280762fd46151c734b24b91,2026-04-22 19:00:00,0x88db702c171d66b3abc91c08ff23317761a357af92ea30f8fcc51e3ee834215e,xrp-updown-15m-1776872700
"XRP Up or Down - April 22, 11:50AM-11:55AM ET",Up,BUY,41.887499999999996,0.49438003220611915,0x7359efbe42438550a1232a68c4cebc027daa11a883782b8165bd23aa1589f45a,2026-04-22 18:55:04,0x458c2a3550dd10e2b0751839083c9672776ccdfcfb5cd3a148e46b2b7c75c241,xrp-updown-5m-1776873000
"Bitcoin Up or Down - April 22, 11:45AM-11:50AM ET",Up,BUY,91.80615,0.15946684404420794,0xaa8a3c128649221e039295c91db0018871b686c9868ead0d48e2ba906b6e7aac,2026-04-22 18:50:04,0x4304f9f0580ba9c2b4023ea0cd0f66d4b7b0501022fe6b3a89ba161dfd890345,btc-updown-5m-1776872700
"Solana Up or Down - April 22, 11:15AM-11:20AM ET",Up,BUY,4.836860000000001,0.71,0xbdbc3c1823ae310e4465910e07bf79a4360a63e9289bfea47c6e1cd2233ef89b,2026-04-22 18:20:02,0x677d1472f4275a9fdee711df4da2b39f0befaca1c1b7e5d4037cc05846d0cab3,sol-updown-5m-1776870900
"XRP Up or Down - April 22, 10:50AM-10:55AM ET",Down,BUY,48.164,0.49,0xd9df5c8e901b7b1ad57bf3edd6ebc3dad3801fd1b30b7baeb27e2773b79eabee,2026-04-22 17:55:02,0x7e294a3ffafe2109e7cbf42a6f92f8013a1bb9c7e39b49b5520d992a8a1bdce9,xrp-updown-5m-1776869400
"XRP Up or Down - April 22, 10:35AM-10:40AM ET",Down,BUY,39.8485,0.5607168894289186,0x586b814842bdf23eee02b3887a6689f453387573b1c3c8e706ae2fc4efd3be2a,2026-04-22 17:40:04,0xc644100270b4891798365b6a6cbc39783186a92f473d9b94e8c346834f43f2e3,xrp-updown-5m-1776868500
"Solana Up or Down - April 22, 10:00AM-10:05AM ET",Up,BUY,39.94504,0.5933025516403402,0xbe596a9ca04eb70ed01ea4f110b52c46009519de9c91cff84ee45219d85c456e,2026-04-22 17:05:10,0x47410fa3d899f13511e20780e84720ab625dc3eb6938068065fb6ad79a9f9c00,sol-updown-5m-1776866400
"Solana Up or Down - April 22, 9:15AM-9:30AM ET",Up,BUY,13.78079,0.3110965517241379,0x2283792e0f0cab06db8e60cf498fc0015edda6adf10f4e636bcd46c01f56e126,2026-04-22 16:30:24,0x822505eff23b57659943b7cec3dbbd26cc2b21cb69779be008f6f57d6597cc21,sol-updown-15m-1776863700
"Ethereum Up or Down - April 22, 9:15AM-9:30AM ET",Down,BUY,39.01679,0.28,0x2efd8a2ab9c0904fdc32a5cca049dab123586875b57446b2ff2d56f19d54ac4d,2026-04-22 16:30:08,0x4cbcbb48af42354ef022cfb0273127f188fffe1aa1b5c16fb2b0f2fd02229a5f,eth-updown-15m-1776863700
"Hyperliquid Up or Down - April 22, 9:20AM-9:25AM ET",Up,BUY,40.80097,0.5236568047337278,0x09e93895b4dfaab06932340b0e1d3eb5b0f0f152b3e2e52650c89de54d40d1d1,2026-04-22 16:25:12,0xb02edb474137b384260fff8e80eb283d0d16c20c8d9cf9b445271d1ee3e23143,hype-updown-5m-1776864000
"Solana Up or Down - April 22, 8:15AM-8:20AM ET",Down,BUY,4.8776,0.66,0xdec26f3e1036288ea10c7a60609800e101633f51f3fd5af0034baf05b016f407,2026-04-22 15:20:04,0xbe3c6cabc5b7c24c40a1a7d86661a266c870419c30975b40a9bb87542ed1c4c6,sol-updown-5m-1776860100
"Dogecoin Up or Down - April 22, 8:00AM-8:15AM ET",Down,BUY,14.66022,0.35,0x24abf0db52bb9ef5b27a5008793c8000c4454233c83c5f895aff7f963786643a,2026-04-22 15:15:02,0x0e91ced0dfe0c5e8532203511495907a32d41d0eca666308f9aad8a10acf89b5,doge-updown-15m-1776859200
"XRP Up or Down - April 22, 7:55AM-8:00AM ET",Down,BUY,39.85296,0.29,0xc1b1a0ec376dd6464e01dce59df92e0cbdd83f5b2e905f65338d8382b15b6e61,2026-04-22 15:00:12,0x7db7e7ac0227db3a713fed7f5f8e190498686b9fb15e9fd47e5b9a13d5d088ad,xrp-updown-5m-1776858900
"BNB Up or Down - April 22, 7:30AM-7:45AM ET",Up,BUY,44.59924,0.5449381912817176,0xf1cd696bfcf151e45b9c43ac835f2f9b32c99b0d92ebbdfb40bc001611450bd5,2026-04-22 14:45:08,0x12ff50c52490e92ba714c7f0bf5128c0c27e7c7caa7b5b0e4616e897b0d35be2,bnb-updown-15m-1776857400
"Solana Up or Down - April 22, 7:15AM-7:30AM ET",Down,BUY,59.25284,0.1739063492063492,0x1fa818e399008d18d88c208a18ac0ea497e826eaefd6ab8bd41579713ad9b12c,2026-04-22 14:30:18,0x48d117259d367cb745807693bdfdc152eb6077d33ae444324158af4e44406785,sol-updown-15m-1776856500
"Ethereum Up or Down - April 22, 7:00AM-7:05AM ET",Up,BUY,41.43561,0.35,0x9e4d3a56900448fdc5980f73df16806715fd5f3f26b047c1fb630d761e69d02b,2026-04-22 14:05:02,0x4bf25b8aff5671d6b160443ca8f38becf63c55ab3ab645942aa96ed260dbb905,eth-updown-5m-1776855600
"Dogecoin Up or Down - April 22, 7:00AM-7:05AM ET",Up,BUY,39.99723,0.6043599708525625,0xc93b64c0c51898b524e213635881303be7219fa9ed6dc85b9c360017a41af0c9,2026-04-22 14:05:00,0x498860b30f08901c5fc3f8d081f4e220d28367eb2fcc60a52221a15c7f0534ab,doge-updown-5m-1776855600
"BNB Up or Down - April 22, 7:00AM-7:05AM ET",Up,BUY,14.750200000000001,0.7233222591362126,0x09b809c8f03999c0d3d7234069dd5b1aa011d0fb772d8c2eaa6309c49b3393e4,2026-04-22 14:05:00,0xa75652b050c8e45a82965058a7bf477889fef10d01eff89eabf1c0cf9e0d906b,bnb-updown-5m-1776855600
"Ethereum Up or Down - April 22, 6:55AM-7:00AM ET",Up,BUY,60.08805,0.4640096,0xb884ec9bba82c10e66fa6d11b30a4c770a95146fcdc5079d19bf1a3e7f659d00,2026-04-22 14:00:14,0x651d9216034c2c183ac54cee3d64883dbeac6aedfa90c420e5523d596bd4b634,eth-updown-5m-1776855300
"Dogecoin Up or Down - April 22, 6:45AM-7:00AM ET",Down,BUY,58.57788,0.40058477621692257,0x10b1ba8373018b0b0544f62bf9bccc9c5ffa69735187be8e65e54fcd428180d7,2026-04-22 14:00:12,0x938f58bd150f553a159b07f4410deab42bb165a47148dd74ef981727b1564113,doge-updown-15m-1776854700
"BNB Up or Down - April 22, 6:05AM-6:10AM ET",Down,BUY,14.1468,0.21,0x759586e47fb26e6addbccaa60dbc0414d78c2a0ecf23766cccd0ef331b5cae62,2026-04-22 13:10:02,0x3d7f17c33eb882107a79619d8a1ec740c1b3f10097fac8896720db4dd56331d8,bnb-updown-5m-1776852300
"Bitcoin Up or Down - April 22, 5:55AM-6:00AM ET",Up,BUY,39.876,0.57,0xd3aabfb4870a9f9fe9d10346214f4c05fc1390baa74233165ada28b1afe7aa47,2026-04-22 13:00:04,0xe1d6afe14ae7d5258206e9387307ed17e4298a7bbb3bc5d6182ad11185af61d9,btc-updown-5m-1776851700
"Dogecoin Up or Down - April 22, 5:40AM-5:45AM ET",Up,BUY,40.29636,0.51,0xeef817b98002dbf164748e7ed398fec18cdcc5c58d2233fc96cb793ae54ba20d,2026-04-22 12:45:00,0x2dafa6a6c57c70875f7c88fbfdb9bf2628ec2bc6227018a044c4d77f5249793e,doge-updown-5m-1776850800
"Solana Up or Down - April 22, 5:15AM-5:20AM ET",Down,BUY,15.860510000000001,0.168891523414345,0xef9259e892c6283e723ea6769238f16b4865a4e2e150599818ef440d1e5a7f29,2026-04-22 12:20:00,0xad96201ad70113514f4971bdf0251652baa2776a0eab793da86b9ce3bba511bf,sol-updown-5m-1776849300
"Ethereum Up or Down - April 22, 5:00AM-5:05AM ET",Down,BUY,4.6472,0.02,0x7676f8c3b2d3ad8698e0a322594720e200abbbb5ba52ed2a8d44335fa6d8d319,2026-04-22 12:05:04,0x9d5a440a9bcc39d2ce682c7a645d6b0d64ee2cee4381a43f83989207e1ade5c6,eth-updown-5m-1776848400
"Ethereum Up or Down - April 22, 4:35AM-4:40AM ET",Down,BUY,26.62912,0.32,0xdc513e13d9b9f61c092dadb33a215f842afb97050b5225f053375c73a635fdc9,2026-04-22 11:40:06,0xd97c8a8f907a15ec65550b53486a9b2c5b44a2fa5faa97b6465b445f376ea208,eth-updown-5m-1776846900
"Hyperliquid Up or Down - April 22, 4:35AM-4:40AM ET",Up,BUY,41.61803,0.51,0x6117667463c49f6d52fff8819f41b647fdb270b136a758b74ffb341a04a9159b,2026-04-22 11:40:02,0xd5b2e1d7dc1528c721fbbf90b22fe9f6de3153b5d4f78338a372ebc1827b20b0,hype-updown-5m-1776846900
"XRP Up or Down - April 22, 4:10AM-4:15AM ET",Up,BUY,47.66943,0.5733997559983733,0xd859d45aee55e2746566028b101e673ebffae4fef2dc727f660ecc087ef54856,2026-04-22 11:15:00,0x0d9ad3464c9a699e1437d44a9f9634064af31c72ad3e36f0f5563186d39ca041,xrp-updown-5m-1776845400
"XRP Up or Down - April 22, 4:00AM-4:15AM ET",Up,BUY,62.259879999999995,0.371662321729796,0xa6650781026bfb688126db14a5e4adc434418f5368b7e0f1823258fd749720be,2026-04-22 11:15:00,0x0eebf9b8d7199bc379b11d1010c008bc6564a56ac89f8532d799acad85d022ec,xrp-updown-15m-1776844800
"Ethereum Up or Down - April 22, 3:55AM-4:00AM ET",Down,BUY,42.376329999999996,0.3461029907803013,0xd1d2f9cf6e1801c8b88c8b4ee1f44690cfbfbd14bf6ea181eaadd8e12a17560f,2026-04-22 11:00:12,0xc81696e697ac004faefa1a3de34b5d3e504db1790d4b8d2313fea8f0b6a63872,eth-updown-5m-1776844500
"Bitcoin Up or Down - April 22, 3:50AM-3:55AM ET",Down,BUY,45.887350000000005,0.4918412765064035,0x5757c9791d972c4f9f107561013d61a280051b5a0abe9fe1f60cd437c623c974,2026-04-22 10:55:02,0x849c685d61a780c8a97ecfa7e37fc4e197b914ecc46b0012de5ad0cf5346dc3c,btc-updown-5m-1776844200
"Bitcoin Up or Down - April 22, 3:35AM-3:40AM ET",Down,BUY,113.42205,0.2386625,0x744a40c2b6ef64324a1ca2d2215d79698d7d298dad5de0d1933d34c666242701,2026-04-22 10:40:02,0xceb0e22577f737f7b151ab71f2aedf7c13c3b2804c60c5558f93e679f28eb42b,btc-updown-5m-1776843300
"Bitcoin Up or Down - April 22, 3:25AM-3:30AM ET",Down,BUY,25.52825,0.18,0xf72d4f9a35d9197d1f84bdabbf68453a3883a3efd20879c28b28ccd8ba468e2a,2026-04-22 10:30:08,0x00c4e976a55561a87f0e03bb4a242abedbb6a49ad458bde605f4ea59bd257fe7,btc-updown-5m-1776842700
"BNB Up or Down - April 22, 3:25AM-3:30AM ET",Down,BUY,67.69235,0.27509101092131055,0xbd60e9920855bbf0234f9b26052634ea6408135b54535ba68a44a24507c72a51,2026-04-22 10:30:06,0x9ccc28ddb632bfd8d2e6e50d0b2d74f4f893a876d347c63b771801902360bd9a,bnb-updown-5m-1776842700
"Bitcoin Up or Down - April 22, 2:55AM-3:00AM ET",Up,BUY,71.58846,0.37,0xc91d3eb94930a017911a96a4706c32aedccab7e761632ad47014bb894a4fd944,2026-04-22 10:00:12,0xe073185652384125548b193ca0f72da2ccf1655a15e1eb29e7239e1de38601a4,btc-updown-5m-1776840900
"BNB Up or Down - April 22, 2:45AM-2:50AM ET",Up,BUY,4.36896,0.36,0x6ad08a5fe9126849c9750d69ba83679cd7ae02d9e440a68af97a0bec20744096,2026-04-22 09:50:06,0x01d19ecb632646b4b046a08a9e4ba8004ce811ac537b62b8606eee86a67908c9,bnb-updown-5m-1776840300
"Ethereum Up or Down - April 22, 2:40AM-2:45AM ET",Up,BUY,157.43705,0.2835542168674699,0x5a96279803211dc5be6c9abcfd93168fc41a8ca50115f57c0fa213fb1fd69c9d,2026-04-22 09:45:12,0x6c314b2a4513c0746fd8c86ccffb381fd42725981f4aa6bf02fa4e20df34cdda,eth-updown-5m-1776840000
"Bitcoin Up or Down - April 22, 2:30AM-2:45AM ET",Up,BUY,70.09237,0.32013568521031205,0xd0ee1628e24f0b1eb02dd181cf50c9cd4911b9a13d841e104ae2d3465be206bc,2026-04-22 09:45:10,0x12da228847356252f936c0aa87eba5c35f1d8dc54c00287cd438431987beae24,btc-updown-15m-1776839400
"Ethereum Up or Down - April 22, 2:40AM-2:45AM ET",Down,BUY,19.3304,0.535,0x5a96279803211dc5be6c9abcfd93168fc41a8ca50115f57c0fa213fb1fd69c9d,2026-04-22 09:45:10,0x62b6ae8590bc1123460a265831d194f9d8e30a540119ee97227312aabaa85429,eth-updown-5m-1776840000
"Solana Up or Down - April 22, 2:15AM-2:20AM ET",Up,BUY,11.805489999999999,0.36616814874696846,0x86f816ecd6d02bec748890b0aa2fd7a2f2684d309388c1895455f619f6ca9991,2026-04-22 09:20:02,0x952c0b5b554b243cd030d583359464fc27dc880910a755d8415659cdbdc8e2df,sol-updown-5m-1776838500
"Solana Up or Down - April 22, 1:45AM-2:00AM ET",Down,BUY,61.50037999999999,0.40768368617683687,0xd4946c6b7b18a9ac4eb2456d051dd402ec4601e91dbacf3a854e83137724ea3d,2026-04-22 09:00:00,0x58e148be0edf03aa3be43e835d57e98346e4ccf8c99fa259c2a288e014491407,sol-updown-15m-1776836700
"Hyperliquid Up or Down - April 22, 1:00AM-1:05AM ET",Up,BUY,39.076679999999996,0.71,0x1394ef7e792b0419f3a634e7eda20e595504ec886f4fb82093419b8cb668acfd,2026-04-22 08:05:12,0x3c6f8d018afabba4e8d894fdbe5b3a9e8501b030d61122d9cc2b65257e44b8c5,hype-updown-5m-1776834000
"XRP Up or Down - April 22, 12:55AM-1:00AM ET",Down,BUY,192.14289,0.01,0xcc23473d6a68cf7b9490119e23f145bbcddf6c33dc8b9da9d954019dd6db3993,2026-04-22 08:00:14,0xbd69d7199e2d91cc87d90e7113b57ad1e8a4ace05399cccf9586e8025cccc945,xrp-updown-5m-1776833700
"BNB Up or Down - April 22, 12:55AM-1:00AM ET",Down,BUY,55.12247,0.39337786259541985,0xf5bcd91496b4c8c8f4165d8973636f65a92585da007b4e7ed04ed38f6f35371a,2026-04-22 08:00:14,0x7f9004223cbfa14dd9cecf8a04222c4685d12d51bd4ef1ff556ab2c7dd586a63,bnb-updown-5m-1776833700
"Bitcoin Up or Down - April 22, 12:55AM-1:00AM ET",Down,BUY,44.28302,0.6433861386138614,0xf7fcddf131870d8f1b7c5b635b6448f020eb51688d74c50c91dad1982c06b11a,2026-04-22 08:00:08,0xa533bbb04ac263ea81c56b206b7e38087a8a7a4938f04312c6fc00dcf6c6f02e,btc-updown-5m-1776833700
"Dogecoin Up or Down - April 22, 12:50AM-12:55AM ET",Up,BUY,37.0597,0.71,0x044d0d90dfd17375eb4188d7fa2a07e811435a786da316aab46e0b56fbe80141,2026-04-22 07:55:02,0x011e7d518e1734235cca774877ea657682612c4211127afe2a84f2352faab06e,doge-updown-5m-1776833400
"Hyperliquid Up or Down - April 22, 12:50AM-12:55AM ET",Down,BUY,58.09044,0.29,0x991272adf7909a29061db54769004bde1eab36422b83782f15b6093b69bdead1,2026-04-22 07:55:00,0xae7bbecfadc5c6bc56cea1cebc7d25f128989542e28672fb902845f133dafdce,hype-updown-5m-1776833400
"Dogecoin Up or Down - April 22, 12:30AM-12:35AM ET",Up,BUY,41.20967,0.46831971995332555,0x3e7c17026bdf509213d3645a4a2de58ccf2d4d9428fc5cde2db79f9415b58da6,2026-04-22 07:35:14,0xf090ad7cb71170d1deada1a96ac6b90be71ec21abae26a2a08418a0e9f8f7ef5,doge-updown-5m-1776832200
"Bitcoin Up or Down - April 21, 11:00PM-11:05PM ET",Up,BUY,91.47475,0.24,0x9e0a9a43df9e729ca8fa3735de70ec42ef076fc9d86eeaa9eeb1544b48f47e69,2026-04-22 06:05:08,0x7e3f8893e4c0a4206e73a03f0a325b30056d9e2cbd1c68bb7a3106166b8d573e,btc-updown-5m-1776826800
"BNB Up or Down - April 21, 10:45PM-10:50PM ET",Down,BUY,53.49792,0.23878975265017668,0x2731604fcbf1dcfc0de7073224ded81edddfa258cc05b4de455b26cc2b266900,2026-04-22 05:50:12,0x1224de658472a780821c94948376a4effe4a9a6a122637d9fbf9301141cfd929,bnb-updown-5m-1776825900
"Dogecoin Up or Down - April 21, 10:00PM-10:05PM ET",Down,BUY,40.632960000000004,0.7,0x82f8b5dc4a3da52fc96ab22e867ed1b26c9cca0c2df21299e1d1eed138753540,2026-04-22 05:05:12,0xe064ddf5c70bc98f60a5bfccbc9bde718acb4e1cc3eb93d1764fc7fad0fd304b,doge-updown-5m-1776823200
"Bitcoin Up or Down - April 21, 9:05PM-9:10PM ET",Down,BUY,89.55505,0.16,0x99eb1f525e62cffb70c5354c5c1190ac3abf1b5e56b844c29a7e43821d353036,2026-04-22 04:10:02,0x8d9adfacde1835c85ce48e72308c7a475c87b0ec8972dc26188e7bbb70aa0e58,btc-updown-5m-1776819900
"Solana Up or Down - April 21, 8:40PM-8:45PM ET",Down,BUY,9.6292,0.485,0x16a8bf3d722a1c2225e057adb66c59f7c01ef4a546f684e3d4dd860fafae46cb,2026-04-22 03:45:12,0xe914c59b219756010e4dc43a96c29c66d1ab4224cfa1117d5ecaa781e8ed667f,sol-updown-5m-1776818400
"XRP Up or Down - April 21, 8:15PM-8:30PM ET",Up,BUY,62.49464,0.42166232172979606,0x88c4a7389bd3ef6fbd0bd05495a5b19cd75d75e5053f141e0e62f428fe948d1a,2026-04-22 03:30:10,0x980fdc6ebac4dee4fa461869061297b101c10d5884fa3ceed71a033cc7b5f745,xrp-updown-15m-1776816900
"BNB Up or Down - April 21, 8:15PM-8:30PM ET",Down,BUY,4.3574600000000006,0.59,0xde5074dcb074b2432b63e2850639386900337453ed7c6c4f0489e1d8548cadf8,2026-04-22 03:30:10,0x92cf4347fd2fb9e28c41a0b54c73baf2881e92a218d39958856c4da800191eb5,bnb-updown-15m-1776816900
"Bitcoin Up or Down - April 21, 7:50PM-7:55PM ET",Down,BUY,86.26173,0.49,0x9b4cad90581a3d7b64180bdd375681e63d8e2a20c4756dc88f038e426cdd0dc2,2026-04-22 02:55:04,0x983ad7db725a29d554ac7b032f58ffb3765b65f0e1777cb1042ff36526031031,btc-updown-5m-1776815400
"Bitcoin Up or Down - April 21, 7:50PM-7:55PM ET",Up,BUY,106.75843,0.11089952656496581,0x9b4cad90581a3d7b64180bdd375681e63d8e2a20c4756dc88f038e426cdd0dc2,2026-04-22 02:55:04,0x99cf1c6f336c8e8071c12feed986bb92c7e9df1ebc9e5d3715c790617ede87de,btc-updown-5m-1776815400
"BNB Up or Down - April 21, 7:20PM-7:25PM ET",Up,BUY,10.780180000000001,0.3610796460176991,0x8845e05157eafa18695777020c7aa1b1aa4a114bb6fc8daa473b8f9897ac00d8,2026-04-22 02:25:08,0xcb7ade60ee8ba1bdf99db3485e8fee9a593ef9d99bcaeeb66bc98701de3661ae,bnb-updown-5m-1776813600
"Hyperliquid Up or Down - April 21, 7:10PM-7:15PM ET",Down,BUY,22.330750000000002,0.59,0xefcad8dc3fe606382628428ba311c32c01a9aab8bd40aa4c517287f0bbccad26,2026-04-22 02:15:02,0xc804c1e9c4f5e1e59ce67ef8e80176c22d25db5e1f2c93dcf6b386f895b80097,hype-updown-5m-1776813000
"XRP Up or Down - April 21, 6:30PM-6:35PM ET",Up,BUY,39.90811,0.5808383961117861,0xdebb0101578b38548fa632449f1cd641103b4e586e259fc9f3094d98014635eb,2026-04-22 01:35:08,0xe683b44f38eb0cec09bb5fb2d519fd7ec7a219f1cd285247f6d9a0d2a3621c7c,xrp-updown-5m-1776810600
"Ethereum Up or Down - April 21, 6:25PM-6:30PM ET",Down,BUY,54.635580000000004,0.5179558303886925,0x39b3dd21c317b2f6d7fdab604388aaed4b45520005e7a3f4921fd26be5ee2756,2026-04-22 01:30:12,0x8dd12582f33a7ad62ef90c0afcc1971265a68ccee5a41b63c23746400b8edb6f,eth-updown-5m-1776810300
"Bitcoin Up or Down - April 21, 6:00PM-6:15PM ET",Up,BUY,51.41006,0.44,0x11c0e85e55eafe5e4f863d4a18ae3b4ac9a64427626ecef19549a60231d859a3,2026-04-22 01:15:04,0xf40cf8ca129b5e4abbe462e1fcd9ba9c3a263e6041d5666a748f385929726c3e,btc-updown-15m-1776808800
"BNB Up or Down - April 21, 5:30PM-5:45PM ET",Up,BUY,57.89246,0.3011023622047244,0xe7a504b478b52b5d6f7185a5064ad4304f95d5d9a2127d3093f9c8fa1532b2b9,2026-04-22 00:45:00,0x98378dad57f5f5a3cf0d58a9fb3656b4a519ad146ae59869f6e0dfb9447a27aa,bnb-updown-15m-1776807000
"Hyperliquid Up or Down - April 21, 5:35PM-5:40PM ET",Up,BUY,29.750799999999998,0.4403225806451613,0x753cd98f264993572fd1552b5e245d6b91cd5d53d2bafcc656a1ddffd8ea9b7b,2026-04-22 00:40:02,0xb1c45c59558a18d790c01aea823b936b7375df6471324887fb65b4c28b1463cc,hype-updown-5m-1776807300
"Ethereum Up or Down - April 21, 5:15PM-5:20PM ET",Down,BUY,40.11302,0.65,0x5740ccd46d43378b635ded761633b72db09aee734f22894d766d6a0565ccdd8d,2026-04-22 00:20:10,0x9dcba0998e4eaa5717746ec66af3cf0e75e241ccfd71c47fd88ef0f7662d21ce,eth-updown-5m-1776806100
"BNB Up or Down - April 21, 5:15PM-5:20PM ET",Down,BUY,40.094809999999995,0.6438517618469016,0x22b7fad4d833de2eee755641ef76ee012fe245756e28a065d560010c29209615,2026-04-22 00:20:10,0x8ce780483a338a57fad0bec0b545a53c5e6c6723f457bf653079c2e747246951,bnb-updown-5m-1776806100
"Bitcoin Up or Down - April 21, 4:55PM-5:00PM ET",Up,BUY,39.030249999999995,0.2845419198055893,0x6e376d22105e5e71b70420fd449cecc679f7f7a0332efb2ef28b42d101aa99ae,2026-04-22 00:00:14,0x4420ea7336d825d0ed3637a172e7f9801c5dd285142a097a051746a653b37413,btc-updown-5m-1776804900
"Hyperliquid Up or Down - April 21, 2:30PM-2:45PM ET",Up,BUY,47.24607,0.45383895892639287,0xeedf1f6365010849c4bc4486544e3820cf68ab495a44065b6edeb1b5824762b6,2026-04-21 21:45:10,0x8f41202c62beef57ea000ccf39a5f3ca401853ccecc59708c8415e297e6d432f,hype-updown-15m-1776796200
"Hyperliquid Up or Down - April 21, 2:00PM-2:15PM ET",Down,BUY,36.52613,0.69,0xa10906ed93bfb95ce7fb2bb0ce32dddd3c54172e5c10a8ab3ed5dedc85c7caf8,2026-04-21 21:15:00,0x7560d6c16d1113d050165198104455d9f0f93fa76808f0be5ce087808e0308dc,hype-updown-15m-1776794400
"Dogecoin Up or Down - April 21, 12:10PM-12:15PM ET",Up,BUY,45.99126,0.61,0x0d9ae4f35dc236c97224cdf2b6f7168a45e36c137f7716dcb990189f913ccfbd,2026-04-21 19:15:12,0x48045e2495445130a7d5de2c2cfda4c03e199020a60abeaa616d6a506783cec4,doge-updown-5m-1776787800
"Bitcoin Up or Down - April 21, 12:10PM-12:15PM ET",Up,BUY,99.30534,0.17705191360363773,0x9f24b73ccc49dd4988122c95322922c52d1ab7d071a8b3a9d1cb858de93dae93,2026-04-21 19:15:12,0xda1ee7ce8ceb21e726c403f0347a2067ba12b16e6610a7db20120e6c1e0eae5a,btc-updown-5m-1776787800
"Dogecoin Up or Down - April 21, 10:20AM-10:25AM ET",Down,BUY,41.4395,0.59,0x27c649284832cfd9eaf2fc853264e7940f00bbca728121270e21c41eeb09ced0,2026-04-21 17:25:00,0xdb3ac567355cd554c6a7c57207840f4ed8b514e44de46b90213725090947956b,doge-updown-5m-1776781200
"Ethereum Up or Down - April 21, 10:05AM-10:10AM ET",Up,BUY,108.85427999999999,0.21446524527647773,0x02b8a69a9dadcefa9b9046631840795b201ba9cdd4537ca954c3ff0ccaa6dba8,2026-04-21 17:10:08,0x748eb2702e9ef4d52763f283d59eb381b7b759aaeb50fcd2e09694f9b123c996,eth-updown-5m-1776780300
"XRP Up or Down - April 21, 9:45AM-10:00AM ET",Up,BUY,62.76138,0.41725843382689665,0xb8c0e3f2c3e5a417539b0c31c847f479dbf63b850745ae109b9ff0d9f66f3ce8,2026-04-21 17:00:08,0xc52db7ebf03c96625573f0278b7ffe3b780cf84857fa3a53a058b7394a8597ce,xrp-updown-15m-1776779100
"Dogecoin Up or Down - April 21, 9:45AM-9:50AM ET",Down,BUY,48.28138,0.59,0x5368731f4202b6c64210c2bdd144a1be6aaba83766c69ad639cf668f52b89ade,2026-04-21 16:50:00,0x840db0cf5662e3da0ace39709789155d32073327059734defac5664462600343,doge-updown-5m-1776779100
"BNB Up or Down - April 21, 9:25AM-9:30AM ET",Down,BUY,4.892,0.7,0x347dcc893eba2faf344fd984858dfb3cef6ade845fd96539eb79a0a6f8fe155a,2026-04-21 16:30:02,0x3ea3b50264a6625834a52d57a63a6aed70ab2c5eb99e59c4071bb4953b9036bf,bnb-updown-5m-1776777900
"Ethereum Up or Down - April 21, 9:20AM-9:25AM ET",Down,BUY,77.65837,0.22943322792507906,0xfdf323bf2d36002bbf7a1c30412021238a0f934125427a35183411ccc911ee1d,2026-04-21 16:25:14,0xf812a69fc7273a876dff1aa7632c9384bebf478bdec96619972e1c54c302091b,eth-updown-5m-1776777600
"Bitcoin Up or Down - April 21, 9:20AM-9:25AM ET",Down,BUY,48.0334,0.01,0x22cdb45574ea39e1770285b0329a06c0769e10d162f3311372704210a94342d2,2026-04-21 16:25:12,0xcd58f8ef26f7057192c13205336d8e92f2e22275c6a4c31ca5b181a39ab742f8,btc-updown-5m-1776777600
"Solana Up or Down - April 21, 9:20AM-9:25AM ET",Down,BUY,9.37,0.125,0xf7da096b94499be9caf26b4af802cccc06d8744b122ba24b326b19d03919bfac,2026-04-21 16:25:10,0x3d360b51704a35e4de0eba1a69da1c3de217990eb83d14295caa5a693c6153f8,sol-updown-5m-1776777600
"BNB Up or Down - April 21, 8:20AM-8:25AM ET",Up,BUY,17.68643,0.615497526113249,0x40283148fc23040b44701f47c538393f091549c7ebc581a4035cf415552116cd,2026-04-21 15:25:10,0x5fdb7e14510746db26c63f7504077d9348080d0309401d1087592903ef4b2b2d,bnb-updown-5m-1776774000
"Dogecoin Up or Down - April 21, 8:15AM-8:20AM ET",Down,BUY,36.469789999999996,0.49,0x39acbaeb43c6e7ac7e127e21e5ef22d60626e678bf21988603201c0737cb32cf,2026-04-21 15:20:08,0xd1685acde88c25a371fa5b8cd05c99352f4064e993f22107ed2b38bceded80e9,doge-updown-5m-1776773700
"Solana Up or Down - April 21, 7:50AM-7:55AM ET",Up,BUY,51.454,0.10454545454545454,0x632e3782187e82cdbb1dd7f580609ad7edb632bd3944675349d65c57f55021cb,2026-04-21 14:55:04,0x26bafa0c6edceb298b3aa13656b8df0fd23de5a43bddfafe9834c21d70c89cdc,sol-updown-5m-1776772200
"Hyperliquid Up or Down - April 21, 6:30AM-6:45AM ET",Up,BUY,17.56542,0.71,0xd24c7b873ca1756b9e8be4f51ef5c4a724b97e61a81fb7671512aaec94a9ddbf,2026-04-21 13:45:02,0x87b8aa33e896cedb8cb1912cc81f5d91b8e38e261921a2c5a8fc2cb737dc5dd9,hype-updown-15m-1776767400
"Ethereum Up or Down - April 21, 6:35AM-6:40AM ET",Down,BUY,24.67704,0.5517647058823529,0x7169d742b9089902c00d6ea38814105c7ce1e2ddc1d8ced095186b5b1f29d4b2,2026-04-21 13:40:02,0x547a0fb023b77b01e3c5973926104298569467f08a561570c7b2d9e312c45d4c,eth-updown-5m-1776767700
"Ethereum Up or Down - April 21, 6:15AM-6:30AM ET",Down,BUY,46.238839999999996,0.6,0x1724128dba33e15f188b63553a05eb1dc21aff6e5fd44481be7bdc59d2833182,2026-04-21 13:30:00,0xa6586bbc0c74cf3657622941ac6c3d2e333f3924e3f66495781c2ccddae9d19d,eth-updown-15m-1776766500
"Hyperliquid Up or Down - April 21, 6:25AM-6:30AM ET",Up,BUY,22.767400000000002,0.51,0xe7c97570ade686cb734329edd78f6e53fa6a453a11c7f87ea655edbdd1fced15,2026-04-21 13:30:00,0x165b99574a35b0faa6af085926674e2732512d1963840ace27f770371cb11f7c,hype-updown-5m-1776767100
"XRP Up or Down - April 21, 6:05AM-6:10AM ET",Down,BUY,40.33995,0.6968768186226965,0x507da7d425864b8f1a6e1a3e8194b0fc99066eb7424782fcbf46b632b8483c56,2026-04-21 13:10:00,0x36923cd4df42ab00aab32ecd3b0af8519c3d2b12cef210b326c98a1b03f75c18,xrp-updown-5m-1776765900
"XRP Up or Down - April 21, 5:40AM-5:45AM ET",Up,BUY,66.32651,0.3543760782058654,0x31d106a44c9ed1b70512304d226415bc2bd58f01ac869d2198ff2e351742de74,2026-04-21 12:45:00,0xda28709b3082039437cf127d4485db72d64efadc6890be00fb72141a8ef2a013,xrp-updown-5m-1776764400
"Hyperliquid Up or Down - April 21, 4:45AM-4:50AM ET",Down,BUY,42.186769999999996,0.59,0x239fbc57dd9b7eaafb8b5af4ff94aebc892437bc5c0a765b8e950e0b925a1971,2026-04-21 11:50:02,0xb5f9b79ab4caef1d68f0f0e95cbae0262f0f8d10c81dadbafcf4fd13d320853a,hype-updown-5m-1776761100
"XRP Up or Down - April 21, 4:35AM-4:40AM ET",Down,BUY,39.3427,0.39,0xefb54e3ab0037392d8d6b4f36ed64a8ca583b5acbd8aba39b4abfed65d99f5c9,2026-04-21 11:40:04,0xf62c96300752c7fce6a427e39b3fbecb4f94701b53df2318e9faea77b0864909,xrp-updown-5m-1776760500
"Dogecoin Up or Down - April 21, 4:25AM-4:30AM ET",Up,BUY,40.29079,0.71,0x6ccf306ae9bea9212092e2d4eedd791eb62d9b268a02f99ac04d9019d8098767,2026-04-21 11:30:00,0xca2991d01eebd75dafd58ad627b6a94f19a01e72a9203507f5cff0a0690d89d8,doge-updown-5m-1776759900
"Hyperliquid Up or Down - April 21, 4:15AM-4:20AM ET",Down,BUY,5.5835099999999995,0.39,0x71b21f257ff537a38e9c7e2c20a6897cbae6a5192e26d298767cbdcbc9decaba,2026-04-21 11:20:00,0x4ef6c512fe13c6eb2089feb898c4edfaf559d2564f175aa8722952ee29862490,hype-updown-5m-1776759300
"Hyperliquid Up or Down - April 21, 3:45AM-4:00AM ET",Down,BUY,48.9962,0.496294256490952,0x5abba2a6e2131b68304e3ad703e619a4d25419c2cbe9a9c6c6161d3406e46a0d,2026-04-21 11:00:00,0x2ae9e5b3f6e431afde476ffd66bb8e7a0b7fc2b3fa913bf07f708c972f95811f,hype-updown-15m-1776757500
"BNB Up or Down - April 21, 3:45AM-3:50AM ET",Down,BUY,29.3736,0.71,0xb7d5a1cf173877ad4271c1bf7a7708e2da7ffeab6f91a2701e08031febf51c88,2026-04-21 10:50:02,0x90c40bd81aabc29847045608b8049d431a2e3d85f70453ee1df30fb208309eb4,bnb-updown-5m-1776757500
"BNB Up or Down - April 21, 3:30AM-3:45AM ET",Up,BUY,40.29079,0.71,0x4f263e41e4f8de17505b024e8533016a08f4c57707be3fab3b87549a2547f85e,2026-04-21 10:45:00,0x5359cd5e988de86b38fc1959ef63dbf0f6f5c4f8ae11f75ec9378f708ff0bd7a,bnb-updown-15m-1776756600
"Dogecoin Up or Down - April 21, 3:15AM-3:20AM ET",Down,BUY,48.607110000000006,0.39,0x220bb42639514ac10a3f1ab1dcab133f20b956b780f8a5dba58123f01a9c6b2d,2026-04-21 10:20:00,0xab8fd5f7da152faaad7c6717924c53474ba0d39e22df06d11c229e463aa1e0d6,doge-updown-5m-1776755700
"Ethereum Up or Down - April 21, 2:45AM-2:50AM ET",Down,BUY,28.85238,0.59,0x19f8ef5fbd1d18a39b6c33776e0333bb80b0282a341436716d52536c0e19104b,2026-04-21 09:50:02,0x45c6a734c941e7df8df288e7b470f28e8ddc2d36a504bdc9cfd7531e5b771ab2,eth-updown-5m-1776753900
"Dogecoin Up or Down - April 21, 2:45AM-2:50AM ET",Up,BUY,40.05363,0.629951397326853,0x40563781ebf55f089d0e7a134cce31ddec3cb15be6998b5314e2423bee26429e,2026-04-21 09:50:02,0x0bcb80b1ef0686b2805ea71ae59fcbf27fe394df56e881011d7c0183a3449253,doge-updown-5m-1776753900
"Hyperliquid Up or Down - April 21, 1:45AM-1:50AM ET",Up,BUY,40.29079,0.71,0xd1471c02dcd5b48d403165f4482fad0498880721c5b6d990b954cb3ce9484c7a,2026-04-21 08:50:00,0xd98ef68f419acbea7671e6a35a63f60b3394cb9ceb0078a13fe880770351988d,hype-updown-5m-1776750300
"Ethereum Up or Down - April 21, 1:40AM-1:45AM ET",Down,BUY,25.34012,0.575,0x7cc546779f5ab05ed92ca4348eff866391752a699c3d6f2215d65e3223df49ea,2026-04-21 08:45:12,0x45bdc40144877842e0605b0550379630a4d66f78fe5f766495bc216368f40093,eth-updown-5m-1776750000
"XRP Up or Down - April 21, 1:40AM-1:45AM ET",Down,BUY,45.49029,0.39,0xe32a143f0c32eacd4d4f4b06b6eca86f0c15d88906160922a5b705f6a9edec90,2026-04-21 08:45:06,0xf0727fdd2935d8affabe0c7bb3d12697ef0e9e6c425dd60ed042fa92b68d4f34,xrp-updown-5m-1776750000
"Bitcoin Up or Down - April 21, 1:15AM-1:30AM ET",Down,BUY,8.32936,0.61,0x37d3e073eefff4be58cf3f595a3a1657aba2d501abf1c34c362667b0290b26bb,2026-04-21 08:30:00,0x82d1bcaf8502ffb7723d7129fa007afbbd8a502cf3bc83092fa8cbedc74ca806,btc-updown-15m-1776748500
"XRP Up or Down - April 21, 12:45AM-12:50AM ET",Up,BUY,47.79903,0.61,0x93c3d4b4f631b527c6dd115ed2d4f13b68e62d1b55a311f86478a1f8cef7eed4,2026-04-21 07:50:00,0x4699afda27d2fb1ed0cff3aba88b1b6418f8da1d637529b811403464ac89252b,xrp-updown-5m-1776746700
"Solana Up or Down - April 21, 12:40AM-12:45AM ET",Down,BUY,39.20128,0.342269744835966,0x09dd06c2b89263266f23e071c9dbd41a54fbe09a60c7c0b02192fb8c4a01d9f5,2026-04-21 07:45:18,0xf709662ec163834bea4859463d233ffbec81e1b6d7c90239fc36d8f355705326,sol-updown-5m-1776746400
"Dogecoin Up or Down - April 21, 12:40AM-12:45AM ET",Up,BUY,55.2947,0.4233298665279945,0xe4b89ab241f44178679edba5a5a9ce05c0edbd39013b45307f20dcdb80c8c33c,2026-04-21 07:45:12,0x7e136c94f51d3b9f9d7c3dc0d9eec97d6d7bca211a6ddcdb4f163e7edd645807,doge-updown-5m-1776746400
"Solana Up or Down - April 21, 12:30AM-12:35AM ET",Up,BUY,39.68714,0.5062575941676792,0x73ebefdac0df994797c578637ece30dce2ec8fee5f014ca76cef26e42e030749,2026-04-21 07:35:02,0xb6d0b0c60807421ad0aa3fc486abacdc214f894cfcdbc9d4290ff8e34ee53c4d,sol-updown-5m-1776745800
"Solana Up or Down - April 21, 12:15AM-12:30AM ET",Up,BUY,28.4016,0.26,0x60e39bb0f7777f9566a5fad7559021602d1f28c8842a8bc6bedaad014b3ab314,2026-04-21 07:30:10,0x985fa1e810cc2b39b295af787d986343ebbfb24f3d04995c4f0527f55c0052e9,sol-updown-15m-1776744900
"BNB Up or Down - April 21, 12:15AM-12:20AM ET",Up,BUY,69.14043000000001,0.23511958452917864,0x58e57c34e0792e9f3163bf06dd229475890bc96b7f8863140510a44cad571c2e,2026-04-21 07:20:02,0xa45401cd57c45bc7443e342e09e94ac4c1bd0e6afa8c7da6603ca4ce19cdc2fa,bnb-updown-5m-1776744900
"XRP Up or Down - April 21, 12:15AM-12:20AM ET",Up,BUY,43.81935,0.5016941694169417,0xe1018857550ddae9c482ff224508a94e44b3d275365dcf8ceb25fb573cc71281,2026-04-21 07:20:02,0x840cf348f64c424218f9de275dd631fd6e673412cde4320646b2289306156cd8,xrp-updown-5m-1776744900
"BNB Up or Down - April 21, 12:00AM-12:05AM ET",Down,BUY,15.2656,0.3625,0x4ee33997728161970e6025e4ca9b7bb1bcb2ed0882a4cb5bce0ba51323a02845,2026-04-21 07:05:10,0xbe6a5672330b5e7ce6638eeb419ee72492000da4b22653dbb30822fd7264b5c1,bnb-updown-5m-1776744000
"Ethereum Up or Down - April 21, 12:00AM-12:05AM ET",Down,BUY,58.58469,0.23491935483870968,0xaca685aa536c6964e9071f89c6848910f7f4f370395bf0dd62f8c425eac1c5ab,2026-04-21 07:05:08,0x88a15571c8ba159d01072f90a7bd3b6827a84da76d6a979f64b7a8b5cbcfa6ca,eth-updown-5m-1776744000
"Ethereum Up or Down - April 20, 11:55PM-12:00AM ET",Down,BUY,80.8607,0.6927439835530294,0x35f1bfcb84ad71292b13eed8cc5706ff95cb54f18a029ed4ef1b0d4ed80139a4,2026-04-21 07:00:02,0xac5aba97aaddbfe5578131d8cb064ae2d9c763eb6bd665726652e1ac87065472,eth-updown-5m-1776743700
"Ethereum Up or Down - April 20, 11:55PM-12:00AM ET",Up,BUY,46.84306,0.5587742868954113,0x35f1bfcb84ad71292b13eed8cc5706ff95cb54f18a029ed4ef1b0d4ed80139a4,2026-04-21 07:00:02,0x90d08f0e6e9b6612dbd0a32e3d1e67700edf9786eb5081dec659c2b3b0d61f4b,eth-updown-5m-1776743700
"Hyperliquid Up or Down - April 20, 11:15PM-11:20PM ET",Up,BUY,3.70814,0.7,0x0aad54521dfbcdf3bd715c82fd39ad3ff142999742605ebb7a08ed8b7c797d03,2026-04-21 06:20:00,0x597939b4f7281f81d801743616bc722d3aeb02ffffccf93e22b8fd0fe540dad3,hype-updown-5m-1776741300
"XRP Up or Down - April 20, 11:00PM-11:05PM ET",Up,BUY,7.8272,0.7,0x0fef9e87f82299baece8ca82c138d6d12d6ec2542d1170a712c1a3c753f19db1,2026-04-21 06:05:10,0xfdb81784e45de7533ae8d7acb8223bfdefddf7a9384e1d6c7c2e21b010f67e1f,xrp-updown-5m-1776740400
"Hyperliquid Up or Down - April 20, 10:55PM-11:00PM ET",Up,BUY,47.516,0.31,0x8aded08e2fef5c3be894b63646433cda0b2db00d2557686e98eced33771c13fb,2026-04-21 06:00:02,0xfb74c36bafe10303324e2152ffaad1193ab4227e11f161adbe3ada5e73a1f0bd,hype-updown-5m-1776740100
"Ethereum Up or Down - April 20, 10:45PM-11:00PM ET",Up,BUY,9.442,0.225,0xb4c2010a9a8787fa48826c01c6c00bea3a97893ea0290abddac100fd70f350a0,2026-04-21 06:00:02,0x8bf680358d145d60e28f824270845af8f513a5b9a63d6c2c92b0a165bed48493,eth-updown-15m-1776739500
"Hyperliquid Up or Down - April 20, 10:50PM-10:55PM ET",Up,BUY,39.90563,0.58,0xff907b6472ba278827e8bb329f775c57c31b0a7e5d8c9edb038557c69695c1a7,2026-04-21 05:55:10,0x7799b4ac8f89ec98bbbfc5b5061dae2b1c07488197db56f39adf334bb182a70f,hype-updown-5m-1776739800
"BNB Up or Down - April 20, 10:15PM-10:30PM ET",Down,BUY,9.94301,0.69,0x433f0cf8773547883c270637a4eff28adc8ec05675228fc63d4fed4c6ddfb9d6,2026-04-21 05:30:12,0x6a293817ab790f51f73ca714f018b6e40297c9fd49119367979627d949867f4c,bnb-updown-15m-1776737700
"Solana Up or Down - April 20, 10:15PM-10:30PM ET",Up,BUY,61.829539999999994,0.2800046005213924,0x992cc27c5d56cbc0c91090f2ae6dee2686ce02368cff2851c7a569e1a6b8c913,2026-04-21 05:30:08,0xa2cc5f48847a6bb9052d61cdbb10a899d10172fadd9e6438df81250057442f36,sol-updown-15m-1776737700
"Ethereum Up or Down - April 20, 10:15PM-10:30PM ET",Up,BUY,4.856,0.6,0xc0189a59509dde85b2dc13a5c9abf02c6bcd062e84a9e910b8277197fc97716f,2026-04-21 05:30:06,0x6f736844c6a7159c5b277cadbcb67f72c21be39c81095e4ec60c00424cc05841,eth-updown-15m-1776737700
"Dogecoin Up or Down - April 20, 10:25PM-10:30PM ET",Up,BUY,40.29079,0.71,0xbc98357ecc6070f90890cf3ef0fa44a18df61f21ff560edf75d2fa1b87841e09,2026-04-21 05:30:04,0xb2aee2aeede4ac99af3863e16784f37399f74474029685e52dc2fdf9f5423fb9,doge-updown-5m-1776738300
"BNB Up or Down - April 20, 10:15PM-10:30PM ET",Up,BUY,56.45396,0.44131587895273716,0x433f0cf8773547883c270637a4eff28adc8ec05675228fc63d4fed4c6ddfb9d6,2026-04-21 05:30:04,0xb519abfa814d1f93e0bcdf7c3594901b8b27b4947c53cf46764d99d053ca2072,bnb-updown-15m-1776737700
"BNB Up or Down - April 20, 10:15PM-10:20PM ET",Down,BUY,84.64539,0.6318746405980449,0x070fd7f1dbec35cb3d5323fb6203b4b47a76c3fbf51cc06bf963e880ce7bcfb5,2026-04-21 05:20:14,0x4f936934441eda294d2b7161edb43d704d26d0b6893885a87e122f1689756e94,bnb-updown-5m-1776737700
"BNB Up or Down - April 20, 10:15PM-10:20PM ET",Up,BUY,39.99451,0.61,0x070fd7f1dbec35cb3d5323fb6203b4b47a76c3fbf51cc06bf963e880ce7bcfb5,2026-04-21 05:20:02,0x20f0b2d189664721c3492d5eadbf2d95b59e240176f3fc2b35cb500cec45d5c5,bnb-updown-5m-1776737700
"Solana Up or Down - April 20, 10:05PM-10:10PM ET",Down,BUY,39.49084,0.44,0xf545f040e797a3868e61662d4c38a0351f2d9808dbcb89d4221b54862865e2ad,2026-04-21 05:10:08,0xad90d6a859073a12de00a0edaca8b3529f80a71acc2d397b38f9294545cd42b0,sol-updown-5m-1776737100
"XRP Up or Down - April 20, 9:30PM-9:45PM ET",Up,BUY,3.32901,0.71,0x0a759b8d728ebc3fcef5c43a751e1bd4f0112db2c4c752744c13c87199f08b10,2026-04-21 04:45:00,0x833855c3d60f47f5fe18046c406b49d71bb5ca86002cc33fd533cdfde7914202,xrp-updown-15m-1776735000
"XRP Up or Down - April 20, 9:15PM-9:20PM ET",Up,BUY,47.02149,0.61,0xf02a3f5f8fd5e4726e266503459205a25d51da3ca538b0e86c9aa895ba350ead,2026-04-21 04:20:00,0xe2fef51ef7f6c839c42a826b048b8ee4aaa940a6265ab764265faddfcfcb93dc,xrp-updown-5m-1776734100
"Solana Up or Down - April 20, 8:30PM-8:45PM ET",Up,BUY,47.15989,0.42949979666531113,0x743ed0ed54498fa446afc75f36c649b6490da6fa701f8a50819dddc15b2e6058,2026-04-21 03:45:08,0x6b854c4f5230be5eaea1b78244f0c05f2c4f1b5525e4a097a6e0ee17f8645d88,sol-updown-15m-1776731400
"BNB Up or Down - April 20, 8:30PM-8:35PM ET",Down,BUY,31.579069999999998,0.69,0x4a97e88b9f7def4ebf6dcfa4549d392799c895c695d208ddb8b39bf66049b945,2026-04-21 03:35:00,0xd02b1d1b4a3e5ce54679528ff5983ea4ab023e79225fbf1ca560058a856b741d,bnb-updown-5m-1776731400
"Solana Up or Down - April 20, 8:25PM-8:30PM ET",Down,BUY,4.8416,0.56,0x596d15c28d7bfd4c38d6687e00b5e3b22bca8cce9852a006403d63581bb1d1a4,2026-04-21 03:30:08,0xdcba450a536879de87d75a2a4ee8af60aef24e82ca3b7ab11f95f42450d935e2,sol-updown-5m-1776731100
"XRP Up or Down - April 20, 8:20PM-8:25PM ET",Down,BUY,57.61706,0.4483916666666667,0x88a295f2ecb5cb6c65008ad226ac16df05239e2131fcec74df741e7f768dc718,2026-04-21 03:25:02,0xc502dfc6ae40c9f8b39438169e6ed6588085cf979d2e90ab37b1282726f0512a,xrp-updown-5m-1776730800
"Bitcoin Up or Down - April 20, 8:00PM-8:05PM ET",Down,BUY,58.70754,0.43,0x59a39407e40103b123011fc22869e245e0da3f824eb1d9dde11b9e88ce0cb665,2026-04-21 03:05:06,0x1c672b32289fbd097f53375a4bfe449556e5277642c8bc893c8540a9e1dc5cf2,btc-updown-5m-1776729600
"Dogecoin Up or Down - April 20, 7:55PM-8:00PM ET",Down,BUY,41.79582,0.69,0x7a3e71667ec0caa6d79e3d7cd044d1444941ed8282d3745243dc5092a56a5e17,2026-04-21 03:00:00,0x2505d8a7b72354e836cad3a84f67712c52ff5bf56ba978d1c2f2e2b1c68460cb,doge-updown-5m-1776729300
"Dogecoin Up or Down - April 20, 7:40PM-7:45PM ET",Up,BUY,57.09121,0.32666666666666666,0x45d1e067a3cd5e23d6c35b242b7327332200c2f5300bd72e00f7e7e3390715c6,2026-04-21 02:45:00,0xc2a15a373c604c220294409ee31b7aae82983416e034e0f968c5b78e58e94cef,doge-updown-5m-1776728400
"Hyperliquid Up or Down - April 20, 7:30PM-7:35PM ET",Up,BUY,17.68895,0.61,0x054b0b376dd7291e1f7e4136756e352998d76741e5370f70f5c95be08949aada,2026-04-21 02:35:00,0xb9680ee0048574aa7f7bba3153030ab04f6c841ff7113af515ab0175dde1038e,hype-updown-5m-1776727800
"Dogecoin Up or Down - April 20, 7:15PM-7:20PM ET",Down,BUY,35.59858,0.683019489431787,0x34e74a345cacb13d45c29912c53c9741b6df370fd48c8a7858c22ea7800d1850,2026-04-21 02:20:02,0xd637b85e7f0ce8fe8864c47b9ed463818e5cf644246d11c93cd002204b4a4ab5,doge-updown-5m-1776726900
"XRP Up or Down - April 20, 7:05PM-7:10PM ET",Down,BUY,40.0834,0.64,0x7d1bb6afc41c10638a967fa8be357f2793543826998ea4fac407b02567ea54e4,2026-04-21 02:10:00,0x9d5e26334e5fb6889d06247ae0cf2b3e582745d3028795616d6aff509418cb59,xrp-updown-5m-1776726300
"BNB Up or Down - April 20, 6:55PM-7:00PM ET",Up,BUY,55.96112,0.324943896633798,0xe634cfd5752623f63f9fa6915ed6d46d48643d7ef860e0764837c30e494ce79b,2026-04-21 02:00:00,0x795613e49538762ac7bbc2e3181441744df40ca3400ab417066d127133401d2f,bnb-updown-5m-1776725700
"XRP Up or Down - April 20, 6:25PM-6:30PM ET",Down,BUY,3.69995,0.67,0x27bf320ba1301f44a4e63480aa376532b495c9cb612bcafde6ccd565e7d7e0f5,2026-04-21 01:30:00,0x8b28ed74798e6be453f2adf99ddb1804e40c79e2549e65b475ef999b0afe21f8,xrp-updown-5m-1776723900
"Hyperliquid Up or Down - April 20, 6:20PM-6:25PM ET",Down,BUY,30.6405,0.69,0x26cbfbcbd70fbf030e6b090f56b9bd147b4e94bc86a856be1ec3d182385aff8d,2026-04-21 01:25:00,0xd510ea97f9e5c74d5bacf3802ea76df9879ea6629f9581b0682642f5387192a8,hype-updown-5m-1776723600
"Solana Up or Down - April 20, 6:10PM-6:15PM ET",Down,BUY,9.7228,0.615,0x01cd79dd725bd9bf19876dac75c9d9f2fb580d69aced8c10b40ae01673d040da,2026-04-21 01:15:00,0x5134f437caf0df47182a90b95c1fc6656f621aa508ebdf3d5eaf107214100f71,sol-updown-5m-1776723000
"Hyperliquid Up or Down - April 20, 5:55PM-6:00PM ET",Down,BUY,48.607110000000006,0.39,0x673f84d17bed1fee975db5329e48552ceea4866112606d8f9ada1a50c1af7068,2026-04-21 01:00:00,0x16a275e4a7ed3dcc1166c542af996f698826f775c7576b8d1a4d99ca75becaae,hype-updown-5m-1776722100
"Bitcoin Up or Down - April 20, 5:40PM-5:45PM ET",Up,BUY,93.81001,0.01,0xaae3ebce6742be66053769a4539ccdddf442f6ae9d790c10f137a50fd17e3750,2026-04-21 00:45:04,0xfc383d4de7baca5480d185ba97f3c56279beee6ea37ff01c52a0a6a46ed96dfc,btc-updown-5m-1776721200
"Bitcoin Up or Down - April 20, 4:05PM-4:10PM ET",Down,BUY,7.5441,0.241328320802005,0x1defdbfed8c310dfe3b418f500831651b3eed329d004bae8424bd5fbcc25ca87,2026-04-20 23:10:10,0xf87bb0b7d682e101c58f63827562aae286f0b52589342bd3b14416ee2def1bcf,btc-updown-5m-1776715500
"Hyperliquid Up or Down - April 20, 3:45PM-4:00PM ET",Down,BUY,42.04743,0.5269630140133241,0x52b065619c690d6c2828cdb0b3d4068b90d0786e3c1d86320ea58da0779d952c,2026-04-20 23:00:00,0xa903ff2f4de6a688acc59c8613ba5670f673c59fb209aee1c324b7c2dea9dc6a,hype-updown-15m-1776714300
"Dogecoin Up or Down - April 20, 3:10PM-3:15PM ET",Down,BUY,15.2656,0.3625,0xf1306084c8d8fdc8612c1b9fa5065b20e13bec35f220f31255506bc116d7936b,2026-04-20 22:15:04,0x86866aff3a46ad80ec4097308f833528ccc9e617663386675cae63aaff7adabf,doge-updown-5m-1776712200
"Ethereum Up or Down - April 20, 3:00PM-3:15PM ET",Up,BUY,24.478,0.71,0x8bc9d7f4b4b7d290395dc7dcb8ac30d256148e769c7cc33514ebe64d92b6e1ce,2026-04-20 22:15:00,0xaa03a1c14bc37e84b784231c09e7af9c387c86d20511d21de3595ce168f3dda1,eth-updown-15m-1776711600
"Dogecoin Up or Down - April 20, 3:10PM-3:15PM ET",Up,BUY,55.63539,0.4590758334772845,0xf1306084c8d8fdc8612c1b9fa5065b20e13bec35f220f31255506bc116d7936b,2026-04-20 22:15:00,0x5487f432a05c3c359182d98260fb215f7d1c3a3e26b210f88f500dd019cc1e02,doge-updown-5m-1776712200
"BNB Up or Down - April 20, 2:10PM-2:15PM ET",Down,BUY,40.68498,0.6847153495075666,0xf87261ee4fdbabf55459c7d875e1f8d552b54df6c1246ab9a74f2fc53e15b9dc,2026-04-20 21:15:08,0xda769999d1bc6d937a0ded07d528a96892c6e45b011d7d71b566fea0732261dd,bnb-updown-5m-1776708600
"Hyperliquid Up or Down - April 20, 1:45PM-2:00PM ET",Down,BUY,34.2188,0.69,0xd8c066d367f2dc4fd9ebe908157e77f34d5088c6797fff4cdf3b6383854d82b1,2026-04-20 21:00:00,0x46984a4b0249fd7ffe67fd110554809cdb6f3352c8ca16bf79e8948eb62644fa,hype-updown-15m-1776707100
"XRP Up or Down - April 20, 12:50PM-12:55PM ET",Up,BUY,27.425559999999997,0.36478079331941543,0xe018b0553bccd80f04bbf7103d371eb183062ef77acea5fc63b8921aca6d5fd0,2026-04-20 19:55:02,0x2e511d62c70ab3d140b4f9293d4e7e6d9c07502f6660348bdb1ce245dc53c9bf,xrp-updown-5m-1776703800
"Solana Up or Down - April 20, 12:50PM-12:55PM ET",Down,BUY,29.19,0.625,0x7782f2c11801e8cd5edfc0d499f947a62cefaa7a43c353491a3caee68e680344,2026-04-20 19:55:02,0x4dea02e2df9245f7f2197e60ca249cfaf8b9434ff82a4d71fb916fd0590cd3f3,sol-updown-5m-1776703800
"Solana Up or Down - April 20, 12:35PM-12:40PM ET",Down,BUY,76.06806,0.22882542835857958,0x7033dba5f1865b7697148e30773b82fe3110b74867ef62b9ccba24a9276c7a88,2026-04-20 19:40:02,0x741d0216d807bac7d539800e45cd32a53225e82750faf68eb74f5ce03d8140a4,sol-updown-5m-1776702900
"BNB Up or Down - April 20, 12:35PM-12:40PM ET",Down,BUY,58.732,0.39,0x307fb780eb062c490817be2db40066544f53496fceeca616fa3eb58fdc5bf2ab,2026-04-20 19:40:02,0xea80219e4322f48b7cd0b4e603eb9f489cbb2027e5db6820f36e39779f82f4f1,bnb-updown-5m-1776702900
"Bitcoin Up or Down - April 20, 10:55AM-11:00AM ET",Down,BUY,156.13314,0.12272590903636145,0x8de4df4b5ac97c9149ad59cf5ad9d0d2c85b287e62c311b92be158b8e192d4a2,2026-04-20 18:00:08,0x58a66861420b414369c88a7429b8899b27a4fa9d6b5f447c97a87a6b3d9648fe,btc-updown-5m-1776696900
"Bitcoin Up or Down - April 20, 9:35AM-9:40AM ET",Down,BUY,51.87291,0.56,0xe1fce4f33c50485425e689a8fe502a2e6ce49e351318e3009e3efcde6b0f0866,2026-04-20 16:40:14,0x105cee692f7cc054bbba2e95f798f7c8275af146785edda87f5c4bd52274de67,btc-updown-5m-1776692100
"XRP Up or Down - April 20, 9:10AM-9:15AM ET",Up,BUY,36.85624,0.6068178223042446,0x2a2c687baeb0dcb612f00bb24a2bc3ec6bdc699cae47720aa825a87c93b5e03d,2026-04-20 16:15:00,0xe2f4d9518d9955c881dec200b35b048356659f75fbbecc7e1af05423aea85820,xrp-updown-5m-1776690600
"Bitcoin Up or Down - April 20, 8:50AM-8:55AM ET",Down,BUY,104.97998,0.23373863738637388,0x30ee98909391615d417e950971d784751e1bd6ce0a8015d54d1ae8944c50b1ff,2026-04-20 15:55:02,0xc50f62aac46658879b3d06dc2e756cf2d32061adc4608b2afb95e8b5f87c1658,btc-updown-5m-1776689400
"BNB Up or Down - April 20, 8:10AM-8:15AM ET",Up,BUY,11.47031,0.18,0xe41282e0b8f1b598b41e729643de1a28a1986eac5f7df58d122dce189e03a936,2026-04-20 15:15:02,0x476e21296a92dd99cedb762cb380ec547be7395fea5ac8fbc7358c718044690b,bnb-updown-5m-1776687000
"XRP Up or Down - April 20, 7:45AM-8:00AM ET",Up,BUY,19.66723,0.81,0xef6d6f765372edc752982a51a3c43e249884a70c43e04d6aae955b6cc02cfd61,2026-04-20 15:00:00,0x54a8333463f2a24b8d00800d73ff01ff4242523d0063de044b899455cba226b2,xrp-updown-15m-1776685500
"Ethereum Up or Down - April 20, 7:30AM-7:35AM ET",Up,BUY,28.84986,0.81,0x5be6e61102dd4e2d19d88978470c7f61ea0192100a1fa327d41d18a41ade37a8,2026-04-20 14:35:00,0x3c51f6cc37147fcebafa22dd3ed03ae45014c1ab25aa4514a90b8e484eb61205,eth-updown-5m-1776684600
"XRP Up or Down - April 20, 7:15AM-7:30AM ET",Down,BUY,36.34802,0.6709696481332259,0xc52734ce7921ab06032d7111570502f0fef126c71c1e7ea55c8723ea6292cb5b,2026-04-20 14:30:00,0x201edb58e0e65ac97ac7db61cb15ef7a988b6d5ac0c7320522fc48183917a895,xrp-updown-15m-1776683700
"Bitcoin Up or Down - April 20, 7:15AM-7:30AM ET",Down,BUY,75.30245,0.36,0xffbb5b46fff6a639beeb97372afde7cfa9a38697a166789baecb78f1a3c00277,2026-04-20 14:30:00,0x969bfd454379258648e236b6653e9c1c658b526875b0988220040873ea727503,btc-updown-15m-1776683700
"Bitcoin Up or Down - April 20, 7:10AM-7:15AM ET",Down,BUY,40.760149999999996,0.7,0x1df4fe92a524f9e3f244e7723b481c1c5bb7c8422399f98ba65852e6197f38f8,2026-04-20 14:15:06,0x982a3314ee19c67c77d4b0bea4a07a1b157b1c75c58631ebd47361146a4ffdee,btc-updown-5m-1776683400
"XRP Up or Down - April 20, 6:50AM-6:55AM ET",Up,BUY,9.8884,0.845,0x0da7f5c46973398791ec07c3746a74de0575bedadd561fbb665ca8133144398a,2026-04-20 13:55:02,0x3ec26c51317bb2e75e85a55c3c3666ab0b91254d2680e9dbab1a4d0ebd5a30f3,xrp-updown-5m-1776682200
"Ethereum Up or Down - April 20, 6:40AM-6:45AM ET",Down,BUY,8.682419999999999,0.83,0x1ac60c755354e9d5100e2a7eba9f773b07fae5b3be0c3f895115b943bacd9347,2026-04-20 13:45:00,0xf761aef01cf5fd9d8a16bdca27a1c22614b716e951aa5e91e532444d58a9a594,eth-updown-5m-1776681600
"XRP Up or Down - April 20, 6:25AM-6:30AM ET",Down,BUY,19.7624,0.835,0x3d9aa5aecdccbfd379b562dc016feea51e26e1c8083ff4e025c9a63965bc2ebd,2026-04-20 13:30:10,0x948790ade937027e073a15897a5940f0cb4fa4af2b87faba2a912fb6f0bd7391,xrp-updown-5m-1776680700
"BNB Up or Down - April 20, 6:15AM-6:20AM ET",Up,BUY,32.62659,0.21163052905464008,0x3395da74326bee1891244d2d851f2eb41a4a3bc61e025fce9971fe6c912d8a10,2026-04-20 13:20:02,0x28d821d9932387305191fd842f50f5d782d7e8f5e8a4348777b8f19f68792fdd,bnb-updown-5m-1776680100
"Hyperliquid Up or Down - April 20, 6:00AM-6:05AM ET",Down,BUY,34.54144,0.69,0x43febd9d134b93f939c0bedb83b1f5894634bf69fb5258bd9ccebe85dd17c54a,2026-04-20 13:05:00,0xe196fd266202d5c74d86d7a498c8c1126f5a602eabbff9cca1ba8312113e3fc6,hype-updown-5m-1776679200
"Bitcoin Up or Down - April 20, 5:15AM-5:30AM ET",Down,BUY,34.63239,0.7257543164449476,0x89d9fe1d768fb280d9f87688a3ff0636bc48b57bcf6284bc0a1d2de82cde1820,2026-04-20 12:30:02,0x76b2ad564467ed55202f35ea5fe730c9ca0925008be27883e66e0b8ceb52317a,btc-updown-15m-1776676500
"Bitcoin Up or Down - April 20, 5:00AM-5:05AM ET",Down,BUY,71.274,0.31,0xc03d639b83cce4dba8120c08ac138f71db2f924e4874be4a3d89dad82d8aad55,2026-04-20 12:05:02,0x3174c88529e7ee15045bfe01be1e8d4fda07529598461bd68a688a9248c7ef46,btc-updown-5m-1776675600
"Solana Up or Down - April 20, 4:45AM-4:50AM ET",Up,BUY,101.04844,0.2103322755273474,0x7b6a56e99dc9565071601a9d1dc59968584b2dd87d57bf5fe7bb8a68c66a7b2e,2026-04-20 11:50:00,0x439602976c862e847f05babc08de186c9e60c0e47129db7966c67b09358de3ee,sol-updown-5m-1776674700
"Ethereum Up or Down - April 20, 4:45AM-4:50AM ET",Up,BUY,28.7472,0.42,0xde4a429ee04abaf8f3ddacf50108698f29c5ace54fdfe276a4143cbba4c0c59d,2026-04-20 11:50:00,0xd7966107b890f4328baf7dbccf8e8b8d76f121b3f432713e2bc889003408410e,eth-updown-5m-1776674700
"Solana Up or Down - April 20, 3:40AM-3:45AM ET",Down,BUY,9.82,0.75,0x336b1b2b130eec02c11550c1c76bb0199458c6d412950bfa3e622c89b9c3039f,2026-04-20 10:45:02,0xd53709882c410068f4721f01ba3530049bf30e7c3fb95f8cbf3713368b8fc770,sol-updown-5m-1776670800
"Bitcoin Up or Down - April 20, 3:00AM-3:15AM ET",Up,BUY,20.23068,0.34,0x8c3921aff4fa4028dc1047fa57aaaa5ba453f1dc907307833ee69fb25181f925,2026-04-20 10:15:00,0x3b0031ed3e8cb7b118272870b2d0b7431b19ccd351de747efbae772d6cf5d0fc,btc-updown-15m-1776668400
"Hyperliquid Up or Down - April 20, 3:00AM-3:05AM ET",Down,BUY,34.87461,0.79,0xda81a63bc7850e174b052648d5436909ffcdee4469a0835b7cc00b5d70c6f81b,2026-04-20 10:05:02,0xb77973b4630780c57cb46b62e837477be01f374d8f6feb1ebbce15f2bd053fd6,hype-updown-5m-1776668400
"Bitcoin Up or Down - April 20, 2:45AM-3:00AM ET",Up,BUY,53.655969999999996,0.5264446444644465,0xac9c61ca1d47eed963bcd9507f7660f94e7c1597ed0e969563cf435588cea47c,2026-04-20 10:00:02,0x57b104194c7498843d07647a37e7a13285e2d0a773b09c0d12e99ef3318c03f9,btc-updown-15m-1776667500
"Dogecoin Up or Down - April 20, 2:25AM-2:30AM ET",Up,BUY,19.6652,0.7675,0x69dc422ca6907abba5b36dfc99cbdeaf8b02db7c89c9883a26177b41ae0bc852,2026-04-20 09:30:04,0xdbaadcd91b17bc97fd6169287f58d98ee9c62bedcae4d8ed20c007d956ca931b,doge-updown-5m-1776666300
"Solana Up or Down - April 20, 1:45AM-1:50AM ET",Up,BUY,34.57431,0.7029238607415794,0xa35e3e08292f553977ae714ae557aa336a8b93340a52b13f96e3ab2d97e6d84c,2026-04-20 08:50:02,0x98b25910b12afac6170441ed467c2ee75f447e8763ed4efa512863f86a029c1d,sol-updown-5m-1776663900
"Bitcoin Up or Down - April 20, 1:10AM-1:15AM ET",Down,BUY,147.09033,0.05,0x6376f84c3063be9f5521819267ae88782871791fc90d4f1fdf4b0c0a5c5e28d2,2026-04-20 08:15:04,0x1f0dc3451d52bb71f6f41bd2d1997e05f0ceaca97eb9f0abb537e1cc47d382ad,btc-updown-5m-1776661800
"Solana Up or Down - April 20, 12:55AM-1:00AM ET",Up,BUY,14.3844,0.43,0x4fe1e9f9ee70791a55c00edbb7b4a4db3b3dd4cab7a544f04659ff5a5921ff51,2026-04-20 08:00:02,0x3dda5a59ecbf9069776aa02779af76a1790005669d3ce0c5ce3c92412a5f2e2c,sol-updown-5m-1776660900
"BNB Up or Down - April 20, 12:30AM-12:35AM ET",Up,BUY,2.76049,0.47,0x16ee15a301e71b6ace7a9f1c87255564ea3a5d62c76dffc37d7de91323e179c5,2026-04-20 07:35:04,0x311142484095976b6b5d82126bf6e1e02a5eaffacdcfd10031ef2f00ea639fc0,bnb-updown-5m-1776659400
"Bitcoin Up or Down - April 20, 12:30AM-12:35AM ET",Down,BUY,46.67316,0.51,0x0a0b83ecb02ec2a13cb6655f0d200419531b9dd440c76924bc156558cd7a660a,2026-04-20 07:35:02,0x52fb94359e3bdb9800f9afc27be6b09823cccd2d516bef4d1af6a872adce8651,btc-updown-5m-1776659400
"Ethereum Up or Down - April 20, 12:25AM-12:30AM ET",Down,BUY,32.886300000000006,0.810995800839832,0x891c1e09d6a6ba2c6ad315144d13e660a13458e799b2f5637d23fe01aabb71b2,2026-04-20 07:30:00,0xb2568bad1435a2157dbd2e1a1475a91142a311dfe9aeec34e21c86fb116caddc,eth-updown-5m-1776659100
"Bitcoin Up or Down - April 20, 12:15AM-12:30AM ET",Down,BUY,12.5205,0.75,0xca8741368a8a085c4698265e6af8fa15616376454245848de97098f31ee9b99e,2026-04-20 07:30:00,0x9d784114ac403e9f620a33503dba983574a1213c75be2aacaf21ad02744a3227,btc-updown-15m-1776658500
"BNB Up or Down - April 20, 12:20AM-12:25AM ET",Down,BUY,22.850929999999998,0.8324254215304799,0x9b275ccbd2c991d3d037e8c5f81abdd44ac6acf2c27d7b064237fc01c7d4cfc9,2026-04-20 07:25:04,0xcd0bbe63fad3fcdf346bfd66132e589f037ce7f46ac06b4b0190f697fb3be7eb,bnb-updown-5m-1776658800
"Ethereum Up or Down - April 20, 12:05AM-12:10AM ET",Down,BUY,88.91723,0.28403306666666667,0xf03189870f7b3dd95fb506d9bda23e73cfae4148999dae6824e269e86f63ec0e,2026-04-20 07:10:02,0xb9baa51a6693810bc5ab57d5c31ef21b7e86fbab1a687925109907342b8c01c1,eth-updown-5m-1776657900
"Hyperliquid Up or Down - April 20, 12:05AM-12:10AM ET",Up,BUY,41.06362,0.61,0x6d0fd254b5236dac292a210a904f30a55a2e1998bde6c20f8f6c2a81b6e53fe7,2026-04-20 07:10:00,0xee27541d4fd3c5e588e4b4fc07265a953538e741f088fd61b2f33337f24ba5f4,hype-updown-5m-1776657900
"Bitcoin Up or Down - April 19, 11:55PM-12:00AM ET",Down,BUY,59.63188,0.36475916146583454,0x47a4c7441ed7be0d685682ae909134ca98b638458a47afda8faf95e932c1be2d,2026-04-20 07:00:02,0x58c81472e69ce97eebbe127bd1353334149c912a876d2e8e2c8d88d1efe3f04b,btc-updown-5m-1776657300
"XRP Up or Down - April 19, 11:45PM-11:50PM ET",Down,BUY,34.923,0.84,0x2fdc4fdb5d6e869c735ca07970b5595ce2d98a16c6fd03b59b349b775ef25725,2026-04-20 06:50:02,0xd1d9dd1e758424fe966e90a8a9d1fd9bb2451aad5189aa39d41f47dc032e6ed8,xrp-updown-5m-1776656700
"Hyperliquid Up or Down - April 19, 11:45PM-11:50PM ET",Up,BUY,37.26004,0.6476144389223123,0xf390911d9fb52ed3c545860e31589fcca5f0412ac63e42f4fb31af8921cfbb3c,2026-04-20 06:50:02,0xe74625c9201e58dfad347eb4b5b076867001d4cf0cc140d70871f896c192b431,hype-updown-5m-1776656700
"XRP Up or Down - April 19, 11:40PM-11:45PM ET",Up,BUY,96.77161000000001,0.2263544106167057,0x9ab4090cdc0ca26cf58153851e4e2910bcd2f5f605ca223f822a374693ac5806,2026-04-20 06:45:00,0x79c367a58e943d51966a7630faf1c34d4159dbad30f0db5111ca3fab7dadb662,xrp-updown-5m-1776656400
"XRP Up or Down - April 19, 11:25PM-11:30PM ET",Up,BUY,928.72,0.01,0x165920412e92ffddc0a9a308f4d3f243b77d946b852ed4903d4e4a3c4a70b351,2026-04-20 06:30:06,0x061b0c996b9dd03ddaf9f83fb8ad4c132abb136b4cbbd0222fbe11bae041aa74,xrp-updown-5m-1776655500
"XRP Up or Down - April 19, 11:15PM-11:30PM ET",Down,BUY,82.19507,0.05,0x07551e9c5a228ca7aa018d9cf51b6526477775654581d75fc57ad37e4b4ef610,2026-04-20 06:30:00,0xcedfd468bbafea4de438df48fe3506c23607086886f31857a5c556d616682238,xrp-updown-15m-1776654900
"Bitcoin Up or Down - April 19, 10:50PM-10:55PM ET",Down,BUY,9.4672,0.26,0xe375fe60c5e4ba71dcbf451457b1cb1de8241f0307f1dd3af01e21c719763ecc,2026-04-20 05:55:02,0x38bee6228404b4ab6de4775618aeed84e8cb4c35787bec1db15a41e61d3d23c3,btc-updown-5m-1776653400
"Solana Up or Down - April 19, 10:50PM-10:55PM ET",Down,BUY,24.951459999999997,0.29285279573982503,0xc4832ea7f89490b483efd088518b0467d34140fd6ad837572abbee79b2703891,2026-04-20 05:55:02,0x58943a7af94a52b624f322689aebce2981d94684ff7d9a92c653f1b092027ce9,sol-updown-5m-1776653400
"Ethereum Up or Down - April 19, 10:30PM-10:35PM ET",Down,BUY,149.22325,0.0750509789203728,0xd272c8c335fe65e5046aba202e4cff4332fe6d8a26720973761b6a1ccd13eacc,2026-04-20 05:35:02,0xa1dbf5e731cce08fb2a16460c63f2e8b14286ef32732fe16b90445620bb4b72d,eth-updown-5m-1776652200
"Hyperliquid Up or Down - April 19, 10:15PM-10:30PM ET",Down,BUY,0.29547,0.79,0x3ea4d992ca74e09a513b5d9998f2f5746f41bf6d8ec68998e312346e9b7e8f8b,2026-04-20 05:30:00,0x5947bb23ef84f95d788ae1d748eb5fbe9ba02d12ba3cc6a713ff083d2a28a3f6,hype-updown-15m-1776651300
"Ethereum Up or Down - April 19, 10:05PM-10:10PM ET",Down,BUY,9.7192,0.61,0x175eac87404be0249c78689db035a45db0baacbd7ac871213f4be999d17197c7,2026-04-20 05:10:00,0x6ceaa3e86e28967a7c4cfbc84b02862c04336c33954089be2a4dab3016b69bb0,eth-updown-5m-1776650700
"Hyperliquid Up or Down - April 19, 9:50PM-9:55PM ET",Up,BUY,34.88614,0.81,0x971cef11741e21c1a98a5e5d66173be7984a05a83a62064f01a8a93caeb77046,2026-04-20 04:55:00,0x2ec2e842a8e697fb1f20d9c5030e5e7cc4d4ddb217ec071036f3b62dc7ea0263,hype-updown-5m-1776649800
"XRP Up or Down - April 19, 9:40PM-9:45PM ET",Up,BUY,10.77593,0.51,0xc3051771a97db90cd6df3c473b36dcdf248f9d052d7f4ca242c8ddd939e12532,2026-04-20 04:45:00,0xfbbf104b9c7f5e8cf295c3f695f0405d2820e3129ec68737e3f1b0eedf4e9b2f,xrp-updown-5m-1776649200
"Bitcoin Up or Down - April 19, 9:35PM-9:40PM ET",Down,BUY,79.18091000000001,0.58,0x59070e016c59d7d763f95a824c5b4ec027a3d8ba49887186b822fb8d5f8b5876,2026-04-20 04:40:02,0x77d756a195244edd8a247866add5f96d83a6dbe4d73e7968e65b91fe6d5712b5,btc-updown-5m-1776648900
"XRP Up or Down - April 19, 9:05PM-9:10PM ET",Down,BUY,73.01512,0.35,0x825be2e8d90188722ce180243af4fcf76d7285ec88d30113724e629c6df89d45,2026-04-20 04:10:02,0x7e3745d466d088ad568a2d0e5404c78a1b9df29489178417757b54ca660a7400,xrp-updown-5m-1776647100
"Dogecoin Up or Down - April 19, 9:00PM-9:05PM ET",Up,BUY,9.7912,0.71,0x737e2bc818966f5cd1de1f2450c92cec8c4aa6d4f625074595527baf4165c484,2026-04-20 04:05:02,0xea2038f56869e4394ecd8ca66b45dbc5302db5d6a35d0dc6a363e9748cb77ae5,doge-updown-5m-1776646800
"Bitcoin Up or Down - April 19, 9:00PM-9:05PM ET",Up,BUY,35.45704,0.67,0x9e1f1ef9057baade46aa86186846cd420abef62a5c22fc00edfde889e0b6b18e,2026-04-20 04:05:02,0x09622aaaa2524be91bc629db1c57aad787b68ec723a4b77aceefa14c6e0d755b,btc-updown-5m-1776646800
"Dogecoin Up or Down - April 19, 7:45PM-8:00PM ET",Up,BUY,31.655549999999998,0.8034288383681096,0x0913d5f0ea1add52f2520801b05b7cbafee3fb0c8248bad84f263bdd20008ebd,2026-04-20 03:00:02,0xce341d870ac702fb3eb6e01a93caf09aff638dba962d4a35e8206a25a84182b9,doge-updown-15m-1776642300
"Bitcoin Up or Down - April 19, 7:30PM-7:45PM ET",Up,BUY,57.61818,0.8,0x126ef23b194c5378c4b57c141c7ef54ee459375c1bb6d268a82083b00a07996a,2026-04-20 02:45:06,0xff3ce677b69df3de2553f873e59297df7c1928e74570d7142a4345e16b8448f9,btc-updown-15m-1776641400
"Ethereum Up or Down - April 19, 7:40PM-7:45PM ET",Up,BUY,69.98776000000001,0.39595735957359574,0x2155736be67d01f15300773dc76b9649d5ad49d367a7319c813fc1babc55edc9,2026-04-20 02:45:02,0x57e29415eca3f8f70a6c81e385f2ed74eb3b895c4294cee217860a394d603d18,eth-updown-5m-1776642000
"XRP Up or Down - April 19, 7:30PM-7:45PM ET",Down,BUY,42.25476,0.6117230273752012,0xb84cbbdc7449dc8011d3bb812cf0111d3da3dfda6fa7d81aa7fd384b64f803bc,2026-04-20 02:45:02,0x9060d9d099c6cd2c7a915b3bd364b9caa54b094ca0cb400992c71a0072c25eb7,xrp-updown-15m-1776641400
"Solana Up or Down - April 19, 7:15PM-7:30PM ET",Down,BUY,34.79582,0.79,0x78b17dc49d03d305e850a8c0322070037a61ce8fa028db60a346d41709325a1b,2026-04-20 02:30:02,0xf355a605e79d8690d700c1124765b4b445e016a80161afc9970d274f458e9380,sol-updown-15m-1776640500
"Hyperliquid Up or Down - April 19, 6:50PM-6:55PM ET",Up,BUY,38.8319,0.71,0x8deeb63fd2d89cd3723eb3b8f11319debdf4ba6ef30a353096d6ded205db7c81,2026-04-20 01:55:00,0x3fb5582a8256e499767852d28cce139b2227b867cf207ebf6c9be775c86e8430,hype-updown-5m-1776639000
"XRP Up or Down - April 19, 6:50PM-6:55PM ET",Up,BUY,88.32593,0.6066996699669966,0x3802b097878c43483c0cfeba51912b095d408e38734aaa5a2b05c69a7ac490f0,2026-04-20 01:55:00,0x268bcd14ecba4853f74afaab3aa406651d2db8e44f3eeb07236d533b879fa420,xrp-updown-5m-1776639000
"XRP Up or Down - April 19, 6:50PM-6:55PM ET",Down,BUY,49.03111,0.5163779527559055,0x3802b097878c43483c0cfeba51912b095d408e38734aaa5a2b05c69a7ac490f0,2026-04-20 01:55:00,0xd59ab433f8d9c1889e1ce8bbacedca28a79153e9659a6071648c514c1e1da3f6,xrp-updown-5m-1776639000
"Bitcoin Up or Down - April 19, 5:30PM-5:45PM ET",Down,BUY,50.92479,0.55,0x42e970694e82e09d33848da2495f2c1a35e338f1e1ea07b69fbf7203fad7ed96,2026-04-20 00:45:02,0x327ad49f783b21e6d2fa9389314d2a3566ab3814bdd707f4c4759b294d574ddf,btc-updown-15m-1776634200
"XRP Up or Down - April 19, 5:30PM-5:35PM ET",Up,BUY,11.631950000000002,0.71,0x331e11beb28ca91c2c744fd43918cc5c3e72535dc81128f54f82b0bb92bf8ad1,2026-04-20 00:35:02,0xa611da98299e72713f5a7a089946ec3ea9e5a4755c6cc6eba7aeb39f373b288b,xrp-updown-5m-1776634200
"XRP Up or Down - April 19, 5:20PM-5:25PM ET",Down,BUY,59.72384,0.3851992318771003,0x6e2c6b34f83c27cc2f79380fb033340099191850fd2c7d795d33978a3b06367b,2026-04-20 00:25:00,0xc7d6f87ebd16ef0e800aca97011522cf4fadc3b51f999c26e28277697abc235a,xrp-updown-5m-1776633600
"Hyperliquid Up or Down - April 19, 4:55PM-5:00PM ET",Down,BUY,41.83526,0.49,0x229f0f9dcc28f8654c9550c64f711a698ab6f90fc4efdf6b5a8866f276207113,2026-04-20 00:00:02,0x400cec33a8759a9815e8d2856557ba6e0a85572bbd836a73f1e116f3bc86a77d,hype-updown-5m-1776632100
"Hyperliquid Up or Down - April 19, 4:00PM-4:15PM ET",Up,BUY,0.02916,0.61,0x4fcd8d97e86434034b7a83538ecfcc01314559dc3967460476345ec68bd4aec8,2026-04-19 23:15:00,0xfea0f04f566a3b5833f97d73c224632836650a26021473fbf6cb336629d77ca2,hype-updown-15m-1776628800
"XRP Up or Down - April 19, 3:55PM-4:00PM ET",Down,BUY,24.262,0.59,0xd2c240fed5c7a1004bd11a01febd82d1ab23753b8f1e457697dab813415bdea1,2026-04-19 23:00:00,0xced005abddede1b26bcdcfb13690de1644d75a2047bbd5ed975b31e2289e40b8,xrp-updown-5m-1776628500
"Hyperliquid Up or Down - April 19, 3:45PM-3:50PM ET",Down,BUY,34.94229,0.69,0xd47276b03171c083f6d52c3d67e0e7448bb14e09296fe712a175bb2993dc257f,2026-04-19 22:50:02,0xdd0e650d795017082664543d6f6db0c04a548786ec92d58c4bb18612986b86cb,hype-updown-5m-1776627900
"XRP Up or Down - April 19, 3:35PM-3:40PM ET",Up,BUY,8.394889999999998,0.37568828213879407,0x5d214559e7cf7c062442124fc85e275da584420ef004ee2ae7eb0485ec1df9e3,2026-04-19 22:40:00,0xfe73fd14d87e7874509ae7868874204153cc7cdaf879ba213ff83e94e487ce22,xrp-updown-5m-1776627300
"XRP Up or Down - April 19, 3:15PM-3:30PM ET",Up,BUY,46.45778,0.61,0x335aa539423993d9fd0b5c40a0fc3a498770c0649670ecf2965e18960b5fae67,2026-04-19 22:30:02,0xb5c247894091c84825d16accfb5cbbc9012efb4558ced61a861f4c8004946a8d,xrp-updown-15m-1776626100
"Bitcoin Up or Down - April 19, 3:15PM-3:30PM ET",Up,BUY,34.78142,0.7843390885932635,0xd3bf258f8a71cf509b871044315d80bbff86522681dc413856d3eacd4902c241,2026-04-19 22:30:00,0x23d7308f271b756a0a19a2209b99350054469f476cbd2e4a5bdf803102975a26,btc-updown-15m-1776626100
"Hyperliquid Up or Down - April 19, 2:55PM-3:00PM ET",Up,BUY,25.60163,0.31,0x3cdd0f35d23d58f7115dcb0c2d538ccb6f76f8d5df7035b3a2646587fc786696,2026-04-19 22:00:00,0x923b08272ce28e4eb87a012bcd1f23a2243b09fcdff3f4c18578a98e5c3f3538,hype-updown-5m-1776624900
"BNB Up or Down - April 19, 2:15PM-2:20PM ET",Up,BUY,34.058119999999995,0.5,0xa2f0e59ae2e3b76b4c00af7f01e7c34fcda50b6c5bfc40e991d4b571bb57ad10,2026-04-19 21:20:02,0x9a29c8dd853e90d1e3e6b527dadb4872c89c0149713797b4b4e4d5805831a700,bnb-updown-5m-1776622500
"XRP Up or Down - April 19, 1:40PM-1:45PM ET",Down,BUY,8.0901,0.6,0xf6638810fc23d8e1318cfd25d2baa7f883d82ad1bde060ce2897b0e23bf2b34e,2026-04-19 20:45:02,0x2ddc174d8bacfc07d23223d8c5b66e5a513b1597ed7f083143c1915b79780ceb,xrp-updown-5m-1776620400
"BNB Up or Down - April 19, 1:00PM-1:15PM ET",Down,BUY,17.668750000000003,0.79,0xa98db9e4fb1c9a386007293ecfee0c2c17146d4a73371ef17f98fae160ce6a97,2026-04-19 20:15:02,0x35353f8f65e30032640b7a79884c9083daaf3150769166ac789bd17e3011e6f7,bnb-updown-15m-1776618000
"XRP Up or Down - April 19, 12:55PM-1:00PM ET",Down,BUY,12.09391,0.69,0x70d797d7fc98b0a3b82b38c696d096bfb8bb6fe5348cac1369a205c8d4446597,2026-04-19 20:00:00,0xbd38f5f0c72543e4ff8e7a7b5c0cd107cfff49ab7afb5aedaadc64f758976861,xrp-updown-5m-1776617700
"Solana Up or Down - April 19, 12:55PM-1:00PM ET",Up,BUY,18.04046,0.44596593932943057,0xa2cfbc4689a7b3efb12ee89234921df014cfb3e0f53c103b3604c5fc85dd9b5d,2026-04-19 20:00:00,0x26c54e0273c0ba5e4a950e3319e4fcea73d2b618bc4edb4a41b3e0bc3d083a4c,sol-updown-5m-1776617700
"Hyperliquid Up or Down - April 19, 12:30PM-12:35PM ET",Down,BUY,35.57387,0.79,0x6b69fc28d271335a7c4890e55df6bca176f0c4b9f85602ffcfed25cbe8d5d4c4,2026-04-19 19:35:02,0xa8440f3ed60f4dfdde2bfa512f3611fb2aa0b92e28e677f249f6b046891f2d39,hype-updown-5m-1776616200
"BNB Up or Down - April 19, 12:20PM-12:25PM ET",Up,BUY,62.89135999999999,0.5,0xc4c3b9f69d7903f761b1edcc3c42ca58bdb543d419181078015026fad24f09a2,2026-04-19 19:25:02,0x83c857aff79cde6a68591a9d60cc68d68c85517bf787c82367f60c8429d9875c,bnb-updown-5m-1776615600
"XRP Up or Down - April 19, 12:20PM-12:25PM ET",Down,BUY,199.45278,0.03895043867836476,0x5b64ce847f0f1aa97e655d9d80c7e22e40d7f725bc5e26691b3233c91e9dff7a,2026-04-19 19:25:02,0x8410873677dd5343e7beae7e37b9c623cb467077bf556d0d86dd33662495097b,xrp-updown-5m-1776615600
"Bitcoin Up or Down - April 19, 12:00PM-12:05PM ET",Up,BUY,34.69406,0.75,0x51621b9414e638a7804d0004023116d04f81fa80d98d885275792abae91d2be6,2026-04-19 19:05:02,0xd08e659d86de0d0d4529348bc4a1db4b8e3822bd2db00fa0c07621355eaa1c30,btc-updown-5m-1776614400
"Bitcoin Up or Down - April 19, 11:55AM-12:00PM ET",Up,BUY,135.36231999999998,0.271994399719986,0xf35d4db8cd9142a8665054d1245abd3d0f0a5c8fdf209d818ba8d8483cb683be,2026-04-19 19:00:06,0xd51dcd0a96d1a2c487005045e902a73b0e1dd47205867d85b18025e6cdb1a559,btc-updown-5m-1776614100
"XRP Up or Down - April 19, 11:40AM-11:45AM ET",Down,BUY,4.6688,0.08,0x84759911c3683457f7ccd248f91e69cbfbfb423ffcff221e8d5ea0d6fd9907e9,2026-04-19 18:45:04,0x3a14d7077221513f74dd6be47b2994a41d18be4df2b855496c718369c394e660,xrp-updown-5m-1776613200
"BNB Up or Down - April 19, 11:40AM-11:45AM ET",Up,BUY,36.12758,0.661525789900081,0x3e31fc555fb779274cfe71015c555d19bd78dd1f914e4b38ddbd256c3496fdcb,2026-04-19 18:45:02,0x685f9051bf4e1146f3e4bc66c586bff811c9fe51ac6cfcb52a2d524a11efb977,bnb-updown-5m-1776613200
"BNB Up or Down - April 19, 10:45AM-11:00AM ET",Up,BUY,36.32709,0.7363570078314879,0x1f2233e67e77ad5d44c3f1916675951b40b270bd32c43233c699439832a902d4,2026-04-19 18:00:00,0xdaa2eb9f5de7f089875dc9bb75239c508f5af64b6bb2373e33a00379d901d92c,bnb-updown-15m-1776609900
"Ethereum Up or Down - April 19, 10:35AM-10:40AM ET",Down,BUY,35.22149,0.81,0x097bbc751950f69e57d2a7c00cf1a94418a3eb1aaa72fc9a0e54ae57a9377ef7,2026-04-19 17:40:02,0x23a823c0a35c85036d8c2d0bd189fc6e02a634f295c3ca29c0cf8da5ba9d93a6,eth-updown-5m-1776609300
"XRP Up or Down - April 19, 10:15AM-10:20AM ET",Down,BUY,12.4872,0.7137254901960784,0xdd373312ec7d9ce24a7237c89ab2f9f32930d3391f0ae6c688f2fc418bd65c1a,2026-04-19 17:20:04,0x4e0bca22d59c531e9492c68fe0ed2e955f535f4416e54dd42a791d7595086e06,xrp-updown-5m-1776608100
"Bitcoin Up or Down - April 19, 9:55AM-10:00AM ET",Down,BUY,57.58064,0.4733667502088555,0xa4329f71fe211ac8152247b8a05d81c364fa05339ea6c48712398a4d86be34d3,2026-04-19 17:00:06,0xc7d4ca67516254bb494eb4f47cca95d903a1d15785d72ec6c5160e9445661f6c,btc-updown-5m-1776606900
"BNB Up or Down - April 19, 9:40AM-9:45AM ET",Up,BUY,34.59231,0.71,0xecaead817701991829357afc7ade2eab127bc6e35021ace603398012bb7cfd32,2026-04-19 16:45:02,0x47066173ac72f64099896614298ae1a2ad22a37be2fb47040f70832c89ab1dd9,bnb-updown-5m-1776606000
"BNB Up or Down - April 19, 9:40AM-9:45AM ET",Down,BUY,77.74029,0.552243246607743,0xecaead817701991829357afc7ade2eab127bc6e35021ace603398012bb7cfd32,2026-04-19 16:45:02,0x368898353295952737a8447cdab761e45467dc6707daed349598a99f465f73c8,bnb-updown-5m-1776606000
"XRP Up or Down - April 19, 9:30AM-9:45AM ET",Up,BUY,49.3021,0.5798623131392604,0x1c24f4c4af15a11e67cd85b6dcbca54890ffc9eabd0cc12c58577d94ad8926cd,2026-04-19 16:45:02,0x7bbd15c80d2b0ac794da1066a7bd4e596f490f735d0573671866516a91d2f034,xrp-updown-15m-1776605400
"Ethereum Up or Down - April 19, 9:30AM-9:45AM ET",Up,BUY,28.01864,0.53,0xa3be12399f6cdb6cd16b405dd2f755cd8c1f00a0d3e2054dd62d390619189b5d,2026-04-19 16:45:00,0xf2b8a2a5d273875c3e1af1b06a0951ec3705ee2d89f9a8fa79e2f412d019789e,eth-updown-15m-1776605400
"XRP Up or Down - April 19, 9:35AM-9:40AM ET",Up,BUY,57.4512,0.41,0xc713957f9d541f867fa26bb49db6cc414f8f967bde0edcdcaccb30d5f959dfd6,2026-04-19 16:40:00,0x5cdf51342f4c2ca13c779c7bab2c59e4e0966f44237fde9e7edc786f2c4a4d4e,xrp-updown-5m-1776605700
"Bitcoin Up or Down - April 19, 9:25AM-9:30AM ET",Down,BUY,1.94864,0.78,0x423ce2008ec2ca55e7960df77c5746c462a7fd45bbbf1eb60b3ef1acf8832df6,2026-04-19 16:30:00,0x11722e8d357305d9702d9f7a762a4700b22af2efc9f0c3db29c24bf70b44b556,btc-updown-5m-1776605100
"BNB Up or Down - April 19, 8:40AM-8:45AM ET",Down,BUY,4.67332,0.69,0x5cb2695c4f24c6c4175d2ab4be3692706556bc65ac0d2d2ecedb14b0831270dd,2026-04-19 15:45:02,0x668848e133a54d44e4767d76221a2857b00a3cd0f14c8f2997064790b14fd67e,bnb-updown-5m-1776602400
"Dogecoin Up or Down - April 19, 8:30AM-8:35AM ET",Up,BUY,24.56578,0.31,0x9031e0dab319615f23f78dbe536d37db056e3f7f95e49dacd1389534fb7e0318,2026-04-19 15:35:02,0xd7ba57659dbda5b95a4685e28baa063821c38a02081d7007e1abda965b9852d8,doge-updown-5m-1776601800
"Dogecoin Up or Down - April 19, 8:30AM-8:35AM ET",Down,BUY,36.40153,0.68,0x9031e0dab319615f23f78dbe536d37db056e3f7f95e49dacd1389534fb7e0318,2026-04-19 15:35:02,0xf657331fb83ca197ab693bebe6d7a880a0c152375ceef26d9b0b8ba70b63c89a,doge-updown-5m-1776601800
"Bitcoin Up or Down - April 19, 8:15AM-8:20AM ET",Up,BUY,66.79660000000001,0.41,0xe17eebe5e026fc44947dfe3fcff404bd613546332adfa17890c9c8048753c0d8,2026-04-19 15:20:02,0xc14c44f87c1cb519990f8c6546efdc1ed167295f1c7ef24001eaf7907c7bbdca,btc-updown-5m-1776600900
"Dogecoin Up or Down - April 19, 8:15AM-8:20AM ET",Up,BUY,36.51825,0.8080556305698082,0xb09c13498bae9b6c36763d4b34d17cde35560828001f347f11fb7ed0907485bb,2026-04-19 15:20:02,0x54471d7eab8f31375fc91e323d75b58a50fac890eeb9d18542aea0fa2d119423,doge-updown-5m-1776600900
"Bitcoin Up or Down - April 19, 8:10AM-8:15AM ET",Down,BUY,34.61775,0.72,0xbc9b48a9b4363f92d5c63e268d68b1bad08a16519a982aa0303da1d2078a3c58,2026-04-19 15:15:02,0x7c617fdffa6ba5b241a9e8ac46c90e768f73dccc2433e6346ab274b0b19575f8,btc-updown-5m-1776600600
"Ethereum Up or Down - April 19, 8:10AM-8:15AM ET",Down,BUY,41.42621,0.3469956291695422,0x91a36dfb6633f5fd1bb4d43fedfc7502e46eda442ea227cff6432f424411c80c,2026-04-19 15:15:02,0xcf61b6d7047eec72af7d3a9e34e2dd473c608ad6d2ac790ec30c4899584859c4,eth-updown-5m-1776600600
"XRP Up or Down - April 19, 8:05AM-8:10AM ET",Down,BUY,37.17281,0.7083961021859363,0xffec06189e0829741ce595a9a8769d9a03256315023e9de5beaa732bffea4449,2026-04-19 15:10:02,0x65dfffa508c2fce5c0c635e84e31335f0e7a8e2430c8ff285b6ca21e57178599,xrp-updown-5m-1776600300
"XRP Up or Down - April 19, 7:55AM-8:00AM ET",Down,BUY,34.944539999999996,0.8484658930087744,0x561aa44e845fdee0957c50dd7dc16504aff69406240d7d4f1c721719df8b5262,2026-04-19 15:00:02,0x082d214ed191363a89742b8ec4d63413f14f2c1dbb0ab3d46801e7d0f794ca02,xrp-updown-5m-1776599700
"BNB Up or Down - April 19, 7:45AM-8:00AM ET",Up,BUY,35.389300000000006,0.741669439822518,0x9296905e9550d40c56b57f25de0eb8d37027d405b0e49a2803e3c5160fef76c2,2026-04-19 15:00:02,0xf80a5c379196d8eb8bfe7323c0c7047a3bba236a67ed85ec41e7c69769a6194f,bnb-updown-15m-1776599100
"BNB Up or Down - April 19, 7:10AM-7:15AM ET",Up,BUY,16.55045,0.81,0xa15116776ef0dd5a0bcc9c8031b0549d00832dee274ae3da9b397e36fd84a93f,2026-04-19 14:15:02,0x5d7f599b44a559ee9909fec1babce19846440caaf63b229a0456d3880adf5e34,bnb-updown-5m-1776597000
"BNB Up or Down - April 19, 7:10AM-7:15AM ET",Down,BUY,48.90894,0.4724547600314713,0xa15116776ef0dd5a0bcc9c8031b0549d00832dee274ae3da9b397e36fd84a93f,2026-04-19 14:15:00,0x04c7fef755a8eb0c16f1f585325e72246a21ef3abe75c0710e32793967161604,bnb-updown-5m-1776597000
"XRP Up or Down - April 19, 7:00AM-7:05AM ET",Up,BUY,38.46132,0.7313284038755737,0xbc707f3d27a8a224f92237264590fe36cb1581ef4f70dc5883c8c6444dc2dfc5,2026-04-19 14:05:00,0xe99e62cd01590612526a9eae73ab11f9bec7497c188a88058023991b780f811d,xrp-updown-5m-1776596400
"BNB Up or Down - April 19, 6:55AM-7:00AM ET",Down,BUY,34.76853,0.7792725728842343,0x2ca1b0459ab6e7544d58f63c41b50df2c0843a9481617b9c04e17f76878a408d,2026-04-19 14:00:00,0x1ed05730895f20b18c4c2ef19a82a156cdbe22f52d7f318e924262e5429000aa,bnb-updown-5m-1776596100
"Dogecoin Up or Down - April 19, 6:50AM-6:55AM ET",Up,BUY,36.28672,0.81,0x210633d8aed815c1917e890a5f7fbe2a2460776a9b6e66209a62695e1b42b6fe,2026-04-19 13:55:00,0x0a46fe6cc27f132c2fc2869a665054f85366ebe636955a49c36deec68f4bb440,doge-updown-5m-1776595800
"Solana Up or Down - April 19, 6:50AM-6:55AM ET",Up,BUY,55.447019999999995,0.46,0x52b45b0941997fdac352b18b9e3d6aad5fddeecb2b549496dfc6f2ec96c93a02,2026-04-19 13:55:00,0x2d394213298fc5ef72fab11dd2d6866bc7ab394a0722ad727640f2d9ae56c0ad,sol-updown-5m-1776595800
"BNB Up or Down - April 19, 6:30AM-6:45AM ET",Down,BUY,73.30706,0.3476365054602184,0xfeee122f08e8ed6b968368562c66af3558dcaca671c561c6a26c8a36537fa8ae,2026-04-19 13:45:00,0xa5586f65d0e32dfd7865f5ca9eff14ca3318acddc990be82b2fbeb802c1b4c58,bnb-updown-15m-1776594600
"Solana Up or Down - April 19, 6:15AM-6:30AM ET",Up,BUY,10.84952,0.81,0xa1bc47f36dd4700ef0c26b12192e6c022b9cf08f88aff7cd1589c3d98cfbfc9b,2026-04-19 13:30:02,0x792bb76a5a03aa5d8adbf61bfee9ff38f6b6f4c33bb12c767b197a1918eb59d2,sol-updown-15m-1776593700
"Solana Up or Down - April 19, 6:05AM-6:10AM ET",Down,BUY,20.72412,0.2722862368541381,0x82121de4125e60db6ee5d4f5023c8a006b40f2c2057012616696493aedf9c7af,2026-04-19 13:10:00,0xbda2a2c301f3d4cf5b95e55a93a3251c319502246689b180a72584e411de1eda,sol-updown-5m-1776593100
"Solana Up or Down - April 19, 6:00AM-6:05AM ET",Down,BUY,23.614,0.23,0x4705e7a4c3f2a1232f490ca8e48a332571537ccda9ea4e7173aebffa8520921d,2026-04-19 13:05:02,0x6670eea4600c98fe7b2e3b72ca95d9ea63f9d70a57aa5d64580c5d2f16e52f1e,sol-updown-5m-1776592800
"Solana Up or Down - April 19, 5:50AM-5:55AM ET",Down,BUY,34.24288,0.572629493348429,0x764b5da6f5a62d663fd08c6a250d5e04f3affb9fd0208960bd8a6327af06fd0f,2026-04-19 12:55:02,0x73198b45138f5e256afcd9caa97ec7f0e3b92d89c3bebf519e85130bc6744978,sol-updown-5m-1776592200
"XRP Up or Down - April 19, 5:40AM-5:45AM ET",Down,BUY,37.39317,0.7890018435607058,0x88ef966fff7d0180263c5caaa0abfcfd3dcbc68957614d1832bdd7b4a1edcc64,2026-04-19 12:45:02,0x56504911086987a22a7f6d5e11ce115c171fa6e1c618bc091424e284d72d8e3f,xrp-updown-5m-1776591600
"BNB Up or Down - April 19, 5:30AM-5:35AM ET",Up,BUY,50.28371,0.4288977879481312,0x9454a11bc8dd0b8bfb2e895fb5dbe7c3135d04ca4d1409d30acebc9592606eed,2026-04-19 12:35:02,0x41be26c589439b4de45ec5df20cf775339890ec8149d07093fd04afb62bab98d,bnb-updown-5m-1776591000
"Solana Up or Down - April 19, 5:00AM-5:15AM ET",Up,BUY,44.244080000000004,0.6314851485148515,0x25088f0441b66b022317749dfc8a4e60a65730b52880e28af8ba1d401f9369bd,2026-04-19 12:15:02,0x15da710b876c13cbec105e605821f2ae2e73fca26c7e7c174a68659e5628606c,sol-updown-15m-1776589200
"Hyperliquid Up or Down - April 19, 4:55AM-5:00AM ET",Down,BUY,36.01774,0.69,0x5aa5ad07308764bbc91a2a4c8cd3e14b3cc7088d20b2a66adeab6057ed45e0de,2026-04-19 12:00:06,0x44d91b0ee9f41f3c88a1d5571e114a40983bbd2750748e04a5dad56eb2ea0362,hype-updown-5m-1776588900
"Bitcoin Up or Down - April 19, 4:30AM-4:35AM ET",Down,BUY,34.79226,0.75,0x49f8af8ac93e0be41b89541f207a6e20c428c41b5190a83fd8b376798f863111,2026-04-19 11:35:04,0x11c6698e1521b88357e0d1f181bea012cd9a41ab29e36d078c73c9333cf8a302,btc-updown-5m-1776587400
"XRP Up or Down - April 19, 4:25AM-4:30AM ET",Down,BUY,49.22383000000001,0.5584795436664044,0xaba0ec0ba661b710c2892a0df2054c0ab8e4a753c15bf6bf94c2f27f97880eb2,2026-04-19 11:30:00,0x8fac711ce920810666bd9c09b8d7f20f397e5bb52f2f0a9e7a4045dad8cb8fa2,xrp-updown-5m-1776587100
"Hyperliquid Up or Down - April 19, 4:20AM-4:25AM ET",Down,BUY,4.892,0.7,0xa1b55c8be675d7daac269f48f12540979cab8714adeb80d832e905b68b4a7d97,2026-04-19 11:25:02,0x4f82033a6c8f99ee8c03e4e0fd59f0b8b85bfb8c4639598a229b219b3b485bb0,hype-updown-5m-1776586800
"Hyperliquid Up or Down - April 19, 4:20AM-4:25AM ET",Up,BUY,56.07747,0.3524175450527032,0xa1b55c8be675d7daac269f48f12540979cab8714adeb80d832e905b68b4a7d97,2026-04-19 11:25:00,0xa686adfc47f5dc3b9f8dc27646d76245fa5109e0576c88edcf937f7559072e46,hype-updown-5m-1776586800
"BNB Up or Down - April 19, 4:05AM-4:10AM ET",Down,BUY,14.3694,0.79,0xd7d2755868f57e6971c67efc2e592f454506bf71c2e5ac492bd929f7091fa02c,2026-04-19 11:10:00,0xfa5322047fc7068296907afb2c2f8df9c1a042121dca04bf9a63007e3e28b211,bnb-updown-5m-1776585900
"BNB Up or Down - April 19, 3:50AM-3:55AM ET",Up,BUY,14.70604,0.81,0xd89668d80e742ebe1d3ff84a48a1d85736c47554480ceebd905390130b903c66,2026-04-19 10:55:00,0xb60707f8d8fad62a4641163fa29bc832294228170e6fb1be5cefe37cdb7e44fa,bnb-updown-5m-1776585000
"Dogecoin Up or Down - April 19, 3:35AM-3:40AM ET",Down,BUY,97.70106,0.22943252126836813,0xca34e7512f8332b31e492a9d4e003d0388449d02628ff7a2d0b95f33e006ee4b,2026-04-19 10:40:02,0x474ae8d8f0b3f2e0e9457ba7a4e061208a589a091bcc4a7ce66a9a4481b2db0c,doge-updown-5m-1776584100
"BNB Up or Down - April 19, 3:35AM-3:40AM ET",Down,BUY,34.79582,0.79,0x58374636eea378645eee31874543c2d49f56f23f38b6623bbb179b44367bdbcc,2026-04-19 10:40:00,0xfdfec24457fedf21c852977e2af795473394c9f1177f0650549405eabbc9185f,bnb-updown-5m-1776584100
"XRP Up or Down - April 19, 3:05AM-3:10AM ET",Down,BUY,53.520959999999995,0.4926876687668767,0x5d3f675c2ffe86063fe5832a8bf942d8d81cebd86235b18bb5bcbdfafb02b2ff,2026-04-19 10:10:00,0x22aa64072cf605ad62ffccaa9709b561f35f6209525922cd60252d39d25df868,xrp-updown-5m-1776582300
"XRP Up or Down - April 19, 2:50AM-2:55AM ET",Up,BUY,36.39027,0.7600540102619497,0xcef8f6b6af48d200f38736dd391e411faba4f2f13db344564a4072c3f6a9a48a,2026-04-19 09:55:00,0xed00c8f10d97f77859b02ab2daa73ce558a70ea3db060402d0e22463d3b957e7,xrp-updown-5m-1776581400
"BNB Up or Down - April 19, 2:45AM-2:50AM ET",Down,BUY,48.25582,0.2940322580645161,0x9947d15e30243ec3da3dd0dc30a4950518e9849ff0de7d0bd7480f3f9ba05be1,2026-04-19 09:50:02,0x59f2334dd9f930e1c97c7fa54aecfc0498080cec949820f057997f417e768fc3,bnb-updown-5m-1776581100
"Dogecoin Up or Down - April 19, 2:15AM-2:30AM ET",Down,BUY,28.4664,0.29,0x8b56deacad2742341e225c53c96f618a533a880fe138ac95ccef3ceb37229c15,2026-04-19 09:30:02,0xd9eca9f197fa9cbcbb8204caac3791e454b01d53eaa12b8e3164bcc936a00b88,doge-updown-15m-1776579300
"XRP Up or Down - April 19, 1:30AM-1:45AM ET",Down,BUY,2.1949199999999998,0.6,0xa98eb57d47db2a41bac22b7ffc60d464e75ce9f821cfb083c76f1d558ad0372b,2026-04-19 08:45:00,0xcb449f28da3e88539647d712b723ee3d60d75b52e6208228c0ed05b9881bdb5b,xrp-updown-15m-1776576600
"Solana Up or Down - April 19, 1:30AM-1:45AM ET",Down,BUY,58.29159,0.4160476581758422,0x1bbdde9391a6e211d5551ade7ea7ce232cfd6fb693d90180494e4aa75c932d5b,2026-04-19 08:45:00,0x4d072f5730fa5bba5b1109c597944af0e4561c9092df9ea299d6e102b2ee8c18,sol-updown-15m-1776576600
"Solana Up or Down - April 19, 1:25AM-1:30AM ET",Up,BUY,46.65,0.609375,0xf32e9ee7e11428c5baf50cf5fc20793833c5d28aa7f840b1417617765eac501e,2026-04-19 08:30:02,0x83ce9e7162fbcaddb6a05a1482c646955463492236bb8ddb081315f6578a682a,sol-updown-5m-1776576300
"Solana Up or Down - April 19, 1:25AM-1:30AM ET",Down,BUY,4.8128,0.48,0xf32e9ee7e11428c5baf50cf5fc20793833c5d28aa7f840b1417617765eac501e,2026-04-19 08:30:00,0xb1dabd811fc06680924013e721466adc233e2098a114f4d53214e68d39038dcb,sol-updown-5m-1776576300
"Dogecoin Up or Down - April 19, 1:15AM-1:20AM ET",Down,BUY,35.49508,0.79,0xd2a8a21fc6e4699b59738219207eca1246a1bf4f2ba762a04fa0cfa8e1f6ae9e,2026-04-19 08:20:02,0x859d54be4dcf674829dc040a053560a694e10bd014f56190ccdca5fdfb504a3a,doge-updown-5m-1776575700
"BNB Up or Down - April 19, 1:05AM-1:10AM ET",Up,BUY,41.00278,0.59,0x4733160a165f7d6098dec2b5ed6e3c8caea209d18ac51c58cae996b94971b839,2026-04-19 08:10:00,0x47e893cdd49da703661ab594bc6ee0e6c7834c34d991f76d68ddc7dbdfa3199b,bnb-updown-5m-1776575100
"Hyperliquid Up or Down - April 19, 1:00AM-1:05AM ET",Down,BUY,46.99844,0.49,0xf7d1590d7d0d54e4cede513b0f18ab71b99a07bd6aa6c4b1957ff76b8027899f,2026-04-19 08:05:00,0x3f9a2b34fca4ca0f0e218c7e4398911a9fe823619524bf457d0e2bbc1c6c8fd9,hype-updown-5m-1776574800
"Bitcoin Up or Down - April 19, 12:35AM-12:40AM ET",Up,BUY,34.94844,0.85,0x9b7b944c4f2df612ba6e3e6a65fd6a897ff2a0764e2b4ec24748e42d65a49a7d,2026-04-19 07:40:00,0x4fc3503f0ec1f0068fb55570a9ce7e90bad23b9599041c052dba3fbaa1e8e42e,btc-updown-5m-1776573300
"Ethereum Up or Down - April 19, 12:05AM-12:10AM ET",Down,BUY,35.60521,0.5527181299266105,0xc7e33759bf7198f2c0b7ca5e54f1b0a20af3bdf73b47ee541535bd2c7118e5ca,2026-04-19 07:10:00,0x30ac36f557f6dc9ffec152b89a8e30c629c98d7bff4b3b33102048ca66dbca6b,eth-updown-5m-1776571500
"Solana Up or Down - April 18, 11:30PM-11:35PM ET",Down,BUY,55.215329999999994,0.29,0xde243ae5a390c145402ecbba26598ca9ab1e91134b71808767c5dd628a80d0de,2026-04-19 06:35:00,0x7b38642f36ff0027bb59edbbf61f8691eaa9efb241e0faf758cf0dba5f522a11,sol-updown-5m-1776569400
"Dogecoin Up or Down - April 18, 11:25PM-11:30PM ET",Up,BUY,43.26988,0.61,0xa49417661867d021947b87e8e7460ee601abec6f2a54e4e5d69760a3a1172c46,2026-04-19 06:30:00,0xce05eeb53857db4ee6cbe299f8b1ef47b7c049bf4a7456c41adcbaf455355c8b,doge-updown-5m-1776569100
"XRP Up or Down - April 18, 11:05PM-11:10PM ET",Up,BUY,44.173770000000005,0.61,0x48c04c5e4a4377cafa44c132605c70b8ee314275b86e248c16882d74db251f2b,2026-04-19 06:10:00,0xc0cbb22005467c57ebd6a6275a0b9d28aa8c56849b5b18c829602efaf30e0c75,xrp-updown-5m-1776567900
"XRP Up or Down - April 18, 10:30PM-10:35PM ET",Up,BUY,156.57558,0.15959798391935678,0x43d2589e3f5f10544d466d1eb9e581790394e32b3bd0daf4580611a409d8f5d1,2026-04-19 05:35:04,0x9e4050be99644b4cd5bcd8e1af31412677cad2d07a4a7f190741135c40b1cb06,xrp-updown-5m-1776565800
"Bitcoin Up or Down - April 18, 10:30PM-10:35PM ET",Down,BUY,34.67894,0.7440532125672233,0xf08170b4f9f181875e8b3f5a5c3fb3421dbb00e32423160f8a826a20d012def7,2026-04-19 05:35:02,0x09f35df28205eeb8c69073e7493730e57ec3247c7e710633d13a29889be668f0,btc-updown-5m-1776565800
"XRP Up or Down - April 18, 10:30PM-10:35PM ET",Down,BUY,35.15035,0.84,0x43d2589e3f5f10544d466d1eb9e581790394e32b3bd0daf4580611a409d8f5d1,2026-04-19 05:35:02,0x0ee2e43cd76ac567ad1224355bc35b6a40ea472db5e6dd549b387a08d94c1faf,xrp-updown-5m-1776565800
"XRP Up or Down - April 18, 10:05PM-10:10PM ET",Up,BUY,54.01999,0.36689929328621906,0xcd1281dcfff107491faed3d06b373a7e14ef774ce24f492125ac9cea6cd8acd4,2026-04-19 05:10:00,0xb7ac2219ff8d9e3fb68152e716462c95b45a41ded7655108e1632ca37eb1d58a,xrp-updown-5m-1776564300
"Hyperliquid Up or Down - April 18, 10:00PM-10:05PM ET",Down,BUY,37.12676,0.6915538583091915,0x68a61573fcccd7339934699b85d99e57e38a397340dfde0e617ff5c063e7b590,2026-04-19 05:05:00,0x4d975644e80fb241dcf94d66362626db1f300d2eb0d25cd242ee1dc0657ca8bd,hype-updown-5m-1776564000
"Bitcoin Up or Down - April 18, 9:30PM-9:45PM ET",Down,BUY,67.20337,0.18,0x88897b1538d66a9099fcd9ed3b7d6d7798343449a5fb542563f0f9a48b312d4a,2026-04-19 04:45:02,0x7b093dd8017f51bb58f3b99ebe79562b7ca52650e3f12552c9ace5f7f2105141,btc-updown-15m-1776562200
"Hyperliquid Up or Down - April 18, 9:40PM-9:45PM ET",Down,BUY,48.607110000000006,0.39,0xa75a74529cc3b86d1d8e49722bcbb913e848d251c5aec36c1b0b7b231c9a439b,2026-04-19 04:45:00,0xcde720d1a88a82f87caa9632f152a486ec319865ad3a076f0cb867b038f927b4,hype-updown-5m-1776562800
"Ethereum Up or Down - April 18, 9:35PM-9:40PM ET",Down,BUY,35.96871,0.7679004920721706,0x8a96cd100b4da8e81a5fe03368382fa9fff4a8bfe9fac7ae556010884c32a03e,2026-04-19 04:40:04,0x26403f9c304e7ebf639d5b52ea044edb06feabad6c56d32c626ed41953c3b390,eth-updown-5m-1776562500
"BNB Up or Down - April 18, 9:30PM-9:35PM ET",Up,BUY,94.5403,0.46064050427002845,0xcbd8eca7f5adb1c9075614870de588a96fbb70de04914e653091908de74eeb75,2026-04-19 04:35:02,0x517c1d55247514d7a23e19f38c670c8da6051909b2c510fbe4b8bd738c40e67b,bnb-updown-5m-1776562200
"BNB Up or Down - April 18, 9:30PM-9:35PM ET",Down,BUY,36.07616,0.79,0xcbd8eca7f5adb1c9075614870de588a96fbb70de04914e653091908de74eeb75,2026-04-19 04:35:00,0x79dcd92a5e568c6696b75db3fe4e3f0869c55e2a689f1210dac2ec025db490bf,bnb-updown-5m-1776562200
"Hyperliquid Up or Down - April 18, 9:20PM-9:25PM ET",Down,BUY,6.99556,0.7,0x784c627f243937c264f4fdb91fbf05d4c1a712be1903c57011b01d9bf99932b4,2026-04-19 04:25:00,0x7a216be0fb586d7331823f4352900ce50f9b735c2c0e1573bf9aa06c9610866f,hype-updown-5m-1776561600
"BNB Up or Down - April 18, 8:55PM-9:00PM ET",Down,BUY,58.17993,0.31030382228030057,0x0f4cdba88e0dde087d9276b0ce0e391ec355321c2cd17b58d700229a2c30ef67,2026-04-19 04:00:02,0x45ebf2dec89c87132949dd9a1e75584f0325fa26271f09b616565b101fdb3edf,bnb-updown-5m-1776560100
"BNB Up or Down - April 18, 8:40PM-8:45PM ET",Up,BUY,4.10777,0.41,0xcb5f940c27e2876a5e169b0642c7c9a6de1e5f1d6ea2457069a78fe2365bed32,2026-04-19 03:45:02,0x49ecae8e7967ab61f4aa53d0e37daedeb245d4ca68e40a8b65f220e3dc5804d8,bnb-updown-5m-1776559200
"Ethereum Up or Down - April 18, 8:25PM-8:30PM ET",Down,BUY,15.34336,0.43,0xcbdae9e9b582a623a711c0faaba2c8ae090b1091a0217592aa879e87296c7b63,2026-04-19 03:30:02,0xf727c4eaf2fee32750f57aa5f73b30799265e1f942da89949f4e93e0c07f42fd,eth-updown-5m-1776558300
"XRP Up or Down - April 18, 8:25PM-8:30PM ET",Down,BUY,39.65482,0.6967365564874198,0x01c872547059ec97022b5c2af226f3faf904df198678755eb5ce903e91355ef9,2026-04-19 03:30:02,0x2e002f787dce0b2105e1028e8845bf341d9a7b58a037b8cb844c846bf3d92ec3,xrp-updown-5m-1776558300
"Bitcoin Up or Down - April 18, 7:15PM-7:30PM ET",Down,BUY,10.08714,0.4285171102661597,0xa4f4f566f264ebcff069cec65513610f68ab4a0a21950bf11e6a4c4314e757b2,2026-04-19 02:30:02,0x0cd7cca9ec1acbb090f5f86463b0a63e93b12dc97fb6a6db065512680a9d8352,btc-updown-15m-1776554100
"Bitcoin Up or Down - April 18, 7:25PM-7:30PM ET",Down,BUY,22.06376,0.5574023694602896,0x419a580209980fbfe67b60a4f59ff208a54a9817d4547a3a7a390ba26b9b26c5,2026-04-19 02:30:00,0x888d8666d546506105466b15d0a00bf53599cc6e9e17bccfcb994de127ddd406,btc-updown-5m-1776554700
"XRP Up or Down - April 18, 7:25PM-7:30PM ET",Down,BUY,36.798,0.74,0xbb5077dddd0e19bc8ca52264dc4354ea0fb5f607cebd77be0afac3f3f3838f00,2026-04-19 02:30:00,0x6794848d108ec485bc932c5b8fe80aae878dbffa9a21f62e89a5784953c9d262,xrp-updown-5m-1776554700
"Solana Up or Down - April 18, 7:00PM-7:15PM ET",Down,BUY,40.9768,0.34651162790697676,0xcbc97eb1932bdcba8bce0702bf12ada95117e624146ae52d4c685cb207320dfe,2026-04-19 02:15:02,0x08da7bf56b47b8204f2f85143cc284da25a7e1d3cf7b8124d596a9f06ed2532a,sol-updown-15m-1776553200
"XRP Up or Down - April 18, 7:05PM-7:10PM ET",Up,BUY,36.50721,0.8039130434782609,0x2ccc0e7a725f622c0c2248e7cda23c0b307cb414a9e427782faf77f767fcc810,2026-04-19 02:10:00,0xbdabb4a1072fb4ea9c4cf280b2973cbc56f4b336b26cdf4b4614d0422ce2d236,xrp-updown-5m-1776553500
"Dogecoin Up or Down - April 18, 6:40PM-6:45PM ET",Up,BUY,7.602,0.51,0xf6bb05fff3151d954fdec574045b1761f680028748d4bb6d44d93dab7798e74d,2026-04-19 01:45:02,0xf52384171bbab9d362c6bc556590218bd6f1d3bb0d370436393f40e7d9af944f,doge-updown-5m-1776552000
"Ethereum Up or Down - April 18, 6:40PM-6:45PM ET",Down,BUY,58.75161,0.44,0xc76627d4842ccf3d6a1bbb024861f0e3fd6a30fce8c2c41990296f152562e124,2026-04-19 01:45:00,0x4860972ad2d02c2f7aac5b3360a7874c2e3fc35c41ad75591927e4e5e8653fed,eth-updown-5m-1776552000
"Hyperliquid Up or Down - April 18, 6:35PM-6:40PM ET",Down,BUY,97.91154999999999,0.4839364735962238,0xf77350faa23f68d4955be50ba0e14cb9121f7b9cd8cf49b4c5113fa7690fe38f,2026-04-19 01:40:02,0x028858a3d768bf0884e148cbf092dc540846f10aa9d6e21d8f01a139fde17966,hype-updown-5m-1776551700
"XRP Up or Down - April 18, 6:25PM-6:30PM ET",Up,BUY,36.895230000000005,0.7796532408642305,0x3cefc136afa181332dc9fac8c483e2d0556de5046101103446bbce2b2fdc7c81,2026-04-19 01:30:00,0x538a2890f22a5100ac607bb4e4a259a6e95d49a02bea524cbc7a6ea8b8f2b6a9,xrp-updown-5m-1776551100
"Hyperliquid Up or Down - April 18, 6:00PM-6:15PM ET",Down,BUY,73.31987,0.7616675603217158,0xf394a14d0825dc24bb3a10b5558f101c05781df03c507df750c0d675a4083294,2026-04-19 01:15:06,0x067f51f3788184dd23e4c84a2bcfe8985b307559081f5619f79e6e324796ab03,hype-updown-15m-1776549600
"Solana Up or Down - April 18, 6:10PM-6:15PM ET",Down,BUY,84.10674,0.545833237492812,0x86b821eff0e4eec1c5332c47357df2154042d5649319a9f01e7a54a51ead6810,2026-04-19 01:15:06,0x068bc78da09502480a5dea10ea71c10d006c98a433af5b8f2ac3e8722708a1dc,sol-updown-5m-1776550200
"Solana Up or Down - April 18, 6:10PM-6:15PM ET",Up,BUY,40.62622,0.4662130177514793,0x86b821eff0e4eec1c5332c47357df2154042d5649319a9f01e7a54a51ead6810,2026-04-19 01:15:04,0xc6dd24d63d0fe2b07cc8a0b3f94a27fc4598fe121d5c957e167662049db759c5,sol-updown-5m-1776550200
"Ethereum Up or Down - April 18, 6:10PM-6:15PM ET",Up,BUY,4.8128,0.48,0x18d5b0217dac2d52896a0d606c94b1dd3001fb3ec5b5f78c3e289943607283bd,2026-04-19 01:15:02,0xbf604dc7acc24305d8b5f4db974bdcbc0b33b9cf8d13157f7e6ff264551ea512,eth-updown-5m-1776550200
"BNB Up or Down - April 18, 6:10PM-6:15PM ET",Down,BUY,0.18576,0.69,0x778c15f488ac8e95503963e06fad814a08135932d95adc47403af1cd620d55e7,2026-04-19 01:15:00,0xcdce1cc740578c617734c61da00541906253591566645bd6df4dbd4599a34cbd,bnb-updown-5m-1776550200
"Hyperliquid Up or Down - April 18, 6:00PM-6:15PM ET",Up,BUY,33.35881,0.22508632889895272,0xf394a14d0825dc24bb3a10b5558f101c05781df03c507df750c0d675a4083294,2026-04-19 01:15:00,0x0e07d0da3fc60d5493a78adedca8831fe9745781061fb0b456902f7c91f8b164,hype-updown-15m-1776549600
"XRP Up or Down - April 18, 5:50PM-5:55PM ET",Up,BUY,53.0454,0.7443745373797187,0xf3a845ec631f931597b0dcbc7ecb12d58a0c51204c286f04afb3970b14827e17,2026-04-19 00:55:04,0xebd1f5fa58e4fd32d596f0aabf74522b6c00b3ac753a94759d73baba90018ecf,xrp-updown-5m-1776549000
"Ethereum Up or Down - April 18, 5:50PM-5:55PM ET",Down,BUY,19.028,0.325,0x83157cdbd559435e770fb41f8014c45c574e272a227571bfb03bb69329ab4bae,2026-04-19 00:55:00,0x57bef84e0c528b96a3f5c8bc8812a8f8ba5aac8e66daede474a1a3126238e6a2,eth-updown-5m-1776549000
"XRP Up or Down - April 18, 5:50PM-5:55PM ET",Down,BUY,34.639829999999996,0.728678177186527,0xf3a845ec631f931597b0dcbc7ecb12d58a0c51204c286f04afb3970b14827e17,2026-04-19 00:55:00,0x3bcfe934ffaad1fc40027f82e3889ad1517e86e2aca3a284419d02e919e98a26,xrp-updown-5m-1776549000
"Ethereum Up or Down - April 18, 5:30PM-5:45PM ET",Up,BUY,24.5212,0.734,0xde30587817e71566564e3b16c677a59f01439988ffeeb25b1b13d2d456af9166,2026-04-19 00:45:02,0x6639665759145c28076b6951e67254090c061a852b78f1f2643058897f1b0389,eth-updown-15m-1776547800
"Ethereum Up or Down - April 18, 5:30PM-5:45PM ET",Down,BUY,46.499210000000005,0.4600620090946672,0xde30587817e71566564e3b16c677a59f01439988ffeeb25b1b13d2d456af9166,2026-04-19 00:45:02,0xbd6b64ae8cefea43d1e968b22926e15820f6d5fc525efeb02c46dacdd18dcc85,eth-updown-15m-1776547800
"BNB Up or Down - April 18, 5:35PM-5:40PM ET",Down,BUY,2.0993299999999997,0.8,0xdf4829c7907e59799c0c308db7393973d953bab8462ece6559f0a4efbb79353f,2026-04-19 00:40:02,0xfaca82de8581bdf17410c20af9e5eee36e167f6fb922f3dbad2190e9c1feb875,bnb-updown-5m-1776548100
"Bitcoin Up or Down - April 18, 5:15PM-5:30PM ET",Down,BUY,188.27689,0.07633844018047499,0xa2223ff28c6badbcd30b2b639d4c38d1bce80e2d09cd19091bfd0f1f900a214a,2026-04-19 00:30:02,0xee7bb1d4d1a28796fc5bb6c1f0bb629218d9d3d7e5b450324c683a1180dd1fc5,btc-updown-15m-1776546900
"Ethereum Up or Down - April 18, 5:15PM-5:30PM ET",Down,BUY,10.97879,0.593262599469496,0xab789be3743af27b2e895662751fb61d5f8903a466cb24422a39216895c323e5,2026-04-19 00:30:00,0x8dd5f1257c615b365e0cbf21f227e9cf0c1234a7458bf8ac85af3690dec32411,eth-updown-15m-1776546900
"Hyperliquid Up or Down - April 18, 5:20PM-5:25PM ET",Down,BUY,36.84913,0.59,0x59a22fcf3c327fe58fc2d0f0f40c36afc4cc0d5c85f514e97b48d8771d6c1a23,2026-04-19 00:25:00,0x9a7b49b9ecbb330d2706904141a3162fe3966279b226f8a54f4e9610880b05f5,hype-updown-5m-1776547200
"Solana Up or Down - April 18, 5:00PM-5:05PM ET",Down,BUY,16.71835,0.27433106575963717,0x2a7da6282dc0e4e39595596c4508aab4af2b69178946bd40899b8abfd8304276,2026-04-19 00:05:02,0xf11517ccf08c93f12f004106a02f19af8c5132297ac2ededbe7eabef405edcb3,sol-updown-5m-1776546000
"Dogecoin Up or Down - April 18, 5:00PM-5:05PM ET",Up,BUY,16.07299,0.748,0xccee8ef88aef02bedc5f5a9dbfc10c9113474e176d7b462e816c0c8d305caabc,2026-04-19 00:05:02,0x6069e1cef9560fcee92f423b46e7e2872e216f222476836637fd2018dc118d2b,doge-updown-5m-1776546000
"Solana Up or Down - April 18, 4:35PM-4:40PM ET",Down,BUY,36.8016,0.7413333333333333,0xcee874c6f4680b0b062476afd29a5585369a7575603eedc3672f56619af6b438,2026-04-18 23:40:12,0x573744d1d0e03621cbd3562427736750f8182fc8b885b053ff7e28c4d379246d,sol-updown-5m-1776544500
"Hyperliquid Up or Down - April 18, 4:00PM-4:15PM ET",Down,BUY,49.02154,0.5032179386309992,0x5a19fa897c6c3ae9123ac3dfe6b06bddbb9d972473711bc1f30afa166069b7fd,2026-04-18 23:15:00,0x854eb250e6dd3cb1ef26dbcb2889daa9e488dd08a7ee66ed17abb925e432220d,hype-updown-15m-1776542400
"XRP Up or Down - April 18, 3:55PM-4:00PM ET",Up,BUY,47.62198,0.56,0x2750a0c7290ecbdfd155d385c03cff5664b8e51e1d13c7d9ff4b1ad24b7823cf,2026-04-18 23:00:02,0xe6558764db960c4b1ae47a4287f6654a8f84843e004a3aa6d959adc31947695f,xrp-updown-5m-1776542100
"XRP Up or Down - April 18, 3:55PM-4:00PM ET",Down,BUY,21.43256,0.05347826086956522,0x2750a0c7290ecbdfd155d385c03cff5664b8e51e1d13c7d9ff4b1ad24b7823cf,2026-04-18 23:00:02,0xf0a1815573cab62c51f5dc584b75909bf065b56f0d8e1e0a3de5f98f08834fdc,xrp-updown-5m-1776542100
"BNB Up or Down - April 18, 3:50PM-3:55PM ET",Down,BUY,4.784,0.4,0x44662ff36f8cea61901b9b83e6874f32b22186864057b9b8ec1445aa13993081,2026-04-18 22:55:04,0xa1d5c8d3ff9bd8072bd16c790ca05081e065e10bc2a5f7ac11dcab63f86fc661,bnb-updown-5m-1776541800
"Solana Up or Down - April 18, 3:40PM-3:45PM ET",Down,BUY,9.7012,0.585,0x5750b4f7b4f36b5ce48462064f50cc449dcc5ed3268b8eec5d940f6720ef6083,2026-04-18 22:45:02,0x6284db7f0db0b9327c71305147b086cc489b0ee1389c6eea3ccac061062eceb6,sol-updown-5m-1776541200
"Ethereum Up or Down - April 18, 3:40PM-3:45PM ET",Down,BUY,150.04237,0.2671830808080808,0x6faa09d0486413fe363e9fa7eab62449024502e07b1e8c5d124f981b60661dd6,2026-04-18 22:45:02,0xa1143ca1f5885daaab343b529223eb2770fd526c9be06564bafda9b22c3949cf,eth-updown-5m-1776541200
"Bitcoin Up or Down - April 18, 3:15PM-3:20PM ET",Up,BUY,73.33123,0.72,0x121eba92a070e22f29a1cc926a060ca7622fb4155f729960e6032dad9e4cb61f,2026-04-18 22:20:04,0x1fa77652d7a37eee267272df2239bca17058cc56a607ca627c96d710a51fcbf4,btc-updown-5m-1776539700
"Bitcoin Up or Down - April 18, 3:15PM-3:20PM ET",Down,BUY,97.25843,0.17,0x121eba92a070e22f29a1cc926a060ca7622fb4155f729960e6032dad9e4cb61f,2026-04-18 22:20:00,0x023409956ca54770974a9e294a3850f239ac1d1858481ef8ae4606d1cb3f49ed,btc-updown-5m-1776539700
"Bitcoin Up or Down - April 18, 2:40PM-2:45PM ET",Down,BUY,40.760149999999996,0.7,0xc62e545a585e1388be2d8d7c93957040df4736aa0b7e79c741da0dd562e1ec40,2026-04-18 21:45:02,0x10979fa8caab8bcab5eaef220297bc19ae0a2f132eae325d4aaee9bcc92eb66b,btc-updown-5m-1776537600
"XRP Up or Down - April 18, 2:25PM-2:30PM ET",Up,BUY,35.64561,0.81,0x0544a5b84d8e404bd3db60caa632b64c118b6169c3321a981d24d31414731bb5,2026-04-18 21:30:02,0x4f2d0386f2909356bdb1df9895a6b71dacacb5f9204d9c1a1f5499f71b55c22c,xrp-updown-5m-1776536700
"Ethereum Up or Down - April 18, 2:20PM-2:25PM ET",Down,BUY,40.72891,0.6895847335573692,0x7b475cae0068927b88619f7dd3f4be1d14af8deeff7fd9b7cffbf7e3750513da,2026-04-18 21:25:02,0xe8ad01672bbc1f70c4cbc48345b4392c3ed9269200e247d5c115df4b7ba08fc1,eth-updown-5m-1776536400
"Dogecoin Up or Down - April 18, 2:05PM-2:10PM ET",Down,BUY,32.01532,0.7970791012619267,0x72789084d3c823ad1f835e4c2d4fbbd591e3e23e1414e885eade5dcb3ff96951,2026-04-18 21:10:02,0xb95a19df3e6dcae3f80613f7cbfa6510f791131118291140f5fa7a444e49f7c2,doge-updown-5m-1776535500
"Hyperliquid Up or Down - April 18, 2:00PM-2:05PM ET",Down,BUY,35.17007,0.79,0x23933d2c7a7dc0b798f3de0e8cac634c576072314bb797b813db0d238249004a,2026-04-18 21:05:02,0x6aa9501e565b7db645df7436ae31e7f6fa1b4ced81ed2224ab9fb4415e4b5339,hype-updown-5m-1776535200
"Ethereum Up or Down - April 18, 2:00PM-2:05PM ET",Down,BUY,59.34051,0.3,0x666aac783dcb4575acd4175f71f82baf5601d61018002bf1642415546c5a2b96,2026-04-18 21:05:00,0x5f1042b5f6e2c73c5c16705c9dac94eca43f876675bd3cc3104342b36935c7e7,eth-updown-5m-1776535200
"Hyperliquid Up or Down - April 18, 1:25PM-1:30PM ET",Down,BUY,66.71147,0.39305045871559635,0xb34d64c3dcbb4e91918670b9acba3f815746f930062dd999211f163227af6929,2026-04-18 20:30:00,0x595cfe328bef8d245bceee3fd59fff5ba8c0f138f9aa77eb0dac26912e795088,hype-updown-5m-1776533100
"BNB Up or Down - April 18, 1:00PM-1:05PM ET",Down,BUY,4.82,0.5,0xca18585a1747273a0b8b3decace44a5764d73f18a49a45a6dbf83f2203003799,2026-04-18 20:05:02,0x287995840941826b1db55170ab6b9e5012b0049413dd7f006639fc255bd63370,bnb-updown-5m-1776531600
"Ethereum Up or Down - April 18, 1:00PM-1:05PM ET",Up,BUY,17.24535,0.8057175528873642,0xa5628de9a7490525c92063d876f5e6fcb5cc687a7929616d9be8f437f7aca7d8,2026-04-18 20:05:02,0xedd4a8868b9f683bd5c6decc78c57d0b6629a24f14c42e26139219053009073b,eth-updown-5m-1776531600
"Hyperliquid Up or Down - April 18, 12:55PM-1:00PM ET",Down,BUY,18.51943,0.8,0x76bc2cb37ca9f9b72f934926720863a0beded5074ce3689ad5913df7c73392fe,2026-04-18 20:00:00,0x6053f09531a3a5361ad7f93483a892e7ffeb788c24301efba6548c135709bc03,hype-updown-5m-1776531300
"Solana Up or Down - April 18, 11:45AM-11:50AM ET",Down,BUY,4.856,0.6,0x1ef21cd7bfc8cd6f786820b2cbe4a7f42abcc80181368548d680492e90236b64,2026-04-18 18:50:04,0xef5973360b7ad5b74d689ba5d0aec8185002748c20863d9e51207ab19db2777a,sol-updown-5m-1776527100
"Bitcoin Up or Down - April 18, 11:45AM-11:50AM ET",Up,BUY,7.003640000000001,0.64,0xa1bc915fc985b8d85fdd219d4818d1f7d705e4b8d5925af8ec500c69dcc37283,2026-04-18 18:50:02,0x4bd3bdea05d3d36b95448282ff0692d9541ba53f4564d489dcd723ff4086ef76,btc-updown-5m-1776527100
"Bitcoin Up or Down - April 18, 11:45AM-11:50AM ET",Down,BUY,56.45838,0.4423597415844951,0xa1bc915fc985b8d85fdd219d4818d1f7d705e4b8d5925af8ec500c69dcc37283,2026-04-18 18:50:02,0xbb5a06f3a4023e34c9790887395099f7d49edb8e6148c178a9117d57ebc9b929,btc-updown-5m-1776527100
"BNB Up or Down - April 18, 11:30AM-11:45AM ET",Down,BUY,56.35801,0.42318707482993195,0x218e6ddf3955612ee3635e228679ff2a5d7f1087f86a7e8c45104b8c744e6de3,2026-04-18 18:45:02,0x832128117ac39e1d3631949180bf6cb63e1a375c8ffcca1ea6160798f370dc1b,bnb-updown-15m-1776526200
"Dogecoin Up or Down - April 18, 11:25AM-11:30AM ET",Up,BUY,69.95304,0.7567556179775281,0x58d3f7682a198706c5bffd50b915905ae41106713061e1d983e41f71731f629c,2026-04-18 18:30:00,0x8d4da24fb022785fb6e6a64d6cdc2b3104c3687e01b81decc9f69ba63ee3f34d,doge-updown-5m-1776525900
"XRP Up or Down - April 18, 11:25AM-11:30AM ET",Down,BUY,36.83017,0.751912,0x89cca9ea3284909e67e003b768810f77d81cfa8cc9dec898d2b298fbc3216022,2026-04-18 18:30:00,0x4b64f5554cccc5ee812ad6c12f57306e7fc664e59e6126dcd38a719f3414d516,xrp-updown-5m-1776525900
"Dogecoin Up or Down - April 18, 11:25AM-11:30AM ET",Down,BUY,48.97316,0.49,0x58d3f7682a198706c5bffd50b915905ae41106713061e1d983e41f71731f629c,2026-04-18 18:30:00,0x405d568e58dfa30095178d3b7e5a83c98695a6f7fed80630b3c2451c46cac384,doge-updown-5m-1776525900
"Hyperliquid Up or Down - April 18, 11:15AM-11:20AM ET",Down,BUY,4.9316,0.81,0x1dc6df75d0dc2660ef5e1117ec225381effe566181ec5241e967dd1b2cccf01a,2026-04-18 18:20:00,0xad194fa5d712d6ea02d335292853459d7bc7a1cbcfdb2dccafa7486b1f989738,hype-updown-5m-1776525300
"XRP Up or Down - April 18, 10:45AM-11:00AM ET",Down,BUY,239.05112,0.03,0x1e0ea4968ec5889e7fd64cf9725ac0dc179d7520ae153ad3f1c49b442eb52b26,2026-04-18 18:00:02,0xf0385ba3ba37af3659d271d9d79f1cc688d589f95c0375554f8485b9b23df489,xrp-updown-15m-1776523500
"Hyperliquid Up or Down - April 18, 10:45AM-11:00AM ET",Up,BUY,37.8544,0.255,0x07a65c62b8a34fbe1edf7deac731c8ca98b53f2141a8f5b46900d295e910027c,2026-04-18 18:00:02,0x14341a4df804121c654a6cd94dd56ac500c85053441b5d9b70f7bb2ac213ea69,hype-updown-15m-1776523500
"Bitcoin Up or Down - April 18, 10:45AM-10:50AM ET",Down,BUY,43.67513,0.6603395130667858,0x5e5310fdcef76cdb1a1d342a0e23bc5074b76d21b0cdefbe34bb8bb988039335,2026-04-18 17:50:02,0x890b57c6e295f3627f8e1f2c503d3493c2e1c6966277a29c51d84cecd6a0a9b2,btc-updown-5m-1776523500
"Ethereum Up or Down - April 18, 10:40AM-10:45AM ET",Down,BUY,36.87298,0.767768,0x36c76c89316f44a39fbc5e2e0aa411129f4de725638a34b30fb731c6d3e3ecdf,2026-04-18 17:45:00,0xc61f0cc0e30a13f3b34a09db88425b9ed7d63cc359feb9b943ebfa04845316ce,eth-updown-5m-1776523200
"Ethereum Up or Down - April 18, 10:15AM-10:20AM ET",Up,BUY,17.21124,0.7942759015455065,0xf93dbca011aec4f8943f9137485b66533fca3e9e2925ce7b91b01a71969d34d1,2026-04-18 17:20:00,0x8f0d17b430df4fa165e10236554a23b584f07a40560ef5f22e2332f54741f82e,eth-updown-5m-1776521700
"Hyperliquid Up or Down - April 18, 9:25AM-9:30AM ET",Up,BUY,43.42496,0.49008873114463175,0xcdb6052ccd5e9dc44f119741debb2e213a86780bd5911e9131d274186260e810,2026-04-18 16:30:02,0x5329e9a7a6b98fbd553000cf001df6866e061e8c156286f7a50081c18cc71cfb,hype-updown-5m-1776518700
"Ethereum Up or Down - April 18, 9:15AM-9:20AM ET",Up,BUY,38.70935,0.76,0xf414aaaeede3a75c3ced6db56a0158a2c4a11c5150f46631421a927debcf38e1,2026-04-18 16:20:02,0x5d8ab77120e37f9ed215b04506cc3db356103214efa7564e872249ae89c4a576,eth-updown-5m-1776518100
"BNB Up or Down - April 18, 9:00AM-9:05AM ET",Down,BUY,6.15362,0.1,0x85a7d85c055ae4df8f4b5572add34a01df684fbd202b6d8d03eaf704ab6874e6,2026-04-18 16:05:02,0x412ad4463170e4c60ca5fc72a9d1993f5e36f7fb018232c6d66260f6f8631f92,bnb-updown-5m-1776517200
"BNB Up or Down - April 18, 9:00AM-9:05AM ET",Up,BUY,36.256820000000005,0.71,0x85a7d85c055ae4df8f4b5572add34a01df684fbd202b6d8d03eaf704ab6874e6,2026-04-18 16:05:00,0x949d967702cedb2af1042b3455f44440f656e727c535ce897038cb657ac67df6,bnb-updown-5m-1776517200
"Solana Up or Down - April 18, 8:55AM-9:00AM ET",Up,BUY,62.603649999999995,0.44487961969023154,0xe06e1033845d5f15a20aa5e7773c323c88ad7d8c4d03f8dcdf3e165610fde011,2026-04-18 16:00:00,0xc7f326895c43870f7d0865b559ffcc038a4927bf7c9cafcfd465c2c999f81f26,sol-updown-5m-1776516900
"Dogecoin Up or Down - April 18, 8:50AM-8:55AM ET",Up,BUY,34.846689999999995,0.81,0xc91e2a77bb86f9e302c38dc8451dd1d780b270030275a7e388a1ef7775d591c4,2026-04-18 15:55:02,0x921e3342f0cc604321ba0506cf6c70c80da567d88271019455b9d730a02a6c5e,doge-updown-5m-1776516600
"Bitcoin Up or Down - April 18, 7:25AM-7:30AM ET",Down,BUY,43.57733,0.63,0x2807e43c7a267ec673ee30b368cabad5c1479c573ef543d824841bed52ee5ff1,2026-04-18 14:30:00,0xe88b6482550b1d738492c3bab074b3a6f6b00a35c5dbe338b765ed92eeb2158a,btc-updown-5m-1776511500
"Hyperliquid Up or Down - April 18, 6:30AM-6:35AM ET",Up,BUY,4.9172,0.77,0x861d420dc9597d3494317cf0d306ba1180740577640ffc9bb7176c88a6bbcbca,2026-04-18 13:35:02,0x3f4b48d0d7c4d22bdb7f5808871243569d379f9c42588e2e0bff7e00d9b96727,hype-updown-5m-1776508200
"XRP Up or Down - April 18, 6:25AM-6:30AM ET",Down,BUY,42.18832,0.5904945939728549,0x22d0133f26fbf8fac5836e9ed8cadeb63f205ac5eccbac2317d3b30c072bdf23,2026-04-18 13:30:02,0xf6601c4f8266c28cafbbd5b2cb17e2d1b44932bf15689f0596700f213ba3dfba,xrp-updown-5m-1776507900
"BNB Up or Down - April 18, 5:40AM-5:45AM ET",Up,BUY,34.846689999999995,0.81,0x4b10811e8e187bc59e2f52624bcb24909a743ca99de2fa674eff0a6d6ca5d310,2026-04-18 12:45:00,0x54693fc1abc63a9c3399355ab37743b4253c288ea249d0cabcd53990d19c1ef8,bnb-updown-5m-1776505200
"Bitcoin Up or Down - April 18, 5:20AM-5:25AM ET",Down,BUY,112.874,0.17305449091818031,0x3694714f1d22f72021961d8ecb1bfb81c84be2b89002684d98ee1f7c79dfc534,2026-04-18 12:25:02,0x7a95db8624362dcc6124afdd1013ff79d4abc032865278ec961a6a64430d4f59,btc-updown-5m-1776504000
"Bitcoin Up or Down - April 18, 4:35AM-4:40AM ET",Up,BUY,54.35864,0.45,0x3d29c80303b13c9b55116b869dcb185ab65a5ccce4878f71ef0a9b0a27dc34c6,2026-04-18 11:40:02,0xf3c99d8844b14b43734039c0f98cc3b047c3cb937bff7dad4cc7f6bc608dc622,btc-updown-5m-1776501300
"Bitcoin Up or Down - April 18, 4:25AM-4:30AM ET",Up,BUY,134.31329,0.17,0x17ecb0a1d49cc78728f7882897fdde113d198087592275634fdb2dd9a27d8b9c,2026-04-18 11:30:00,0xbcd5f5d168b5fee51cec5eb8a34f8467996e8bf21276e72d7965f60400778004,btc-updown-5m-1776500700
"Hyperliquid Up or Down - April 18, 3:50AM-3:55AM ET",Down,BUY,4.6478600000000005,0.73,0x7026f19e9f51e533c8a96529667c4b6c5949632e2821962b37db4f2c43561403,2026-04-18 10:55:00,0x27f957f8b2c5c9c91f41eda454b9f70b9898b579e006586ddde3337e913a5619,hype-updown-5m-1776498600
"Dogecoin Up or Down - April 18, 3:45AM-3:50AM ET",Down,BUY,34.644619999999996,0.7305604302292669,0x7687f9abe9d5f330bbd362e57d535ef11477a7e4cd2656deb5b67d8c679184ae,2026-04-18 10:50:00,0x0650d9d293f1aa2e064943c71269478e922aa406d0eaad3519c202cd8d5f0002,doge-updown-5m-1776498300
"XRP Up or Down - April 18, 3:30AM-3:45AM ET",Up,BUY,69.85589,0.84,0x9fc3348037f300f896342767ff4939cb3fcdbf7a79320c9ff62dc4ce375160a0,2026-04-18 10:45:14,0x00045389f9a671164602c81738873c41f87c9c2c488099de8361146ae2c81343,xrp-updown-15m-1776497400
"Ethereum Up or Down - April 18, 3:40AM-3:45AM ET",Down,BUY,133.40185,0.39,0xe3bda4bcc9fc4fc78b203a0f41471998151d510f0c09d8e6dd3dc1123d503400,2026-04-18 10:45:06,0x38a330d0b5373fa78115221c7fdd81d5d8c0d53ab20ea48decfa70ef83a31145,eth-updown-5m-1776498000
"XRP Up or Down - April 18, 3:30AM-3:45AM ET",Down,BUY,34.3125,0.6,0x9fc3348037f300f896342767ff4939cb3fcdbf7a79320c9ff62dc4ce375160a0,2026-04-18 10:45:06,0x47f4f1c8589ec976ee0c3a257b02d82a1b5ce423c49252e18ddd238166727369,xrp-updown-15m-1776497400
"Bitcoin Up or Down - April 18, 3:40AM-3:45AM ET",Down,BUY,106.03275,0.0999717763273946,0x08b33d405c7822616fabfcbbdc179fff076b81cff6279735f3222b5b0cae713f,2026-04-18 10:45:06,0xa2336b676ada74c9d14475146e63c34adcbbb4b48bd2b6b201d8b8e0191bc1cd,btc-updown-5m-1776498000
"Dogecoin Up or Down - April 18, 3:40AM-3:45AM ET",Down,BUY,19.63282,0.59,0xb5d73471376cbda18f319fda04bfe56b92c67aa44b9bb68196686027661c5dd0,2026-04-18 10:45:06,0xd26bdb45dd90db511e75a121ccd5188094625e29c47dae75f2232aa61a28f360,doge-updown-5m-1776498000
"Solana Up or Down - April 18, 3:40AM-3:45AM ET",Down,BUY,5.14964,0.53,0xb48ebbdfc435486ff477f9a557c0418bf4b493fd2167496e7bae7edd21db4f1d,2026-04-18 10:45:04,0x4cf9b861a9bd9a33927e39f4cd8fe5d532652ed62e754b9d9c26b1eac38e2193,sol-updown-5m-1776498000
"Hyperliquid Up or Down - April 18, 3:35AM-3:40AM ET",Down,BUY,4.856,0.6,0xda54f481ee7fe8ebed629f779c20b4296a822bd10c69ecdf0516bc9fcc211d8c,2026-04-18 10:40:02,0xf922a73b2607391e8dd398edfab093b53e75c0d1949822a74f0cbe3c60764307,hype-updown-5m-1776497700
"Hyperliquid Up or Down - April 18, 3:35AM-3:40AM ET",Up,BUY,16.13096,0.29,0xda54f481ee7fe8ebed629f779c20b4296a822bd10c69ecdf0516bc9fcc211d8c,2026-04-18 10:40:02,0xdc8b16948d19e0bb2e5b9fd95f0e290e8bca139ecefec9dc5f62f8af594095e0,hype-updown-5m-1776497700
"BNB Up or Down - April 18, 3:25AM-3:30AM ET",Down,BUY,84.15234000000001,0.5531167337550317,0x48d4965efe6d7397ff37104212a5b2ad2a626a0c44f4d3d86f9e003c328810b8,2026-04-18 10:30:02,0xea95f8e33313e0281814a0d8c24f125f6e3977d40f3a2a93dd215a3571288b82,bnb-updown-5m-1776497100
"BNB Up or Down - April 18, 3:25AM-3:30AM ET",Up,BUY,34.900099999999995,0.8,0x48d4965efe6d7397ff37104212a5b2ad2a626a0c44f4d3d86f9e003c328810b8,2026-04-18 10:30:02,0x58fdcad0c29b16b600e8d554b8cbfda7afa6d5733a961b10b2ee1f31d2b0f5e8,bnb-updown-5m-1776497100
"Ethereum Up or Down - April 18, 3:20AM-3:25AM ET",Down,BUY,35.70578,0.4457031460069911,0x5bc4841dba2d8415715baf1b6dc3037a3f6222b9676f61a9c63907d1d4ccda2c,2026-04-18 10:25:00,0x93f579ffa8c6b6e9135222d26a03041f4347de7bfae866e157fd13c0bc434331,eth-updown-5m-1776496800
"XRP Up or Down - April 18, 3:15AM-3:20AM ET",Down,BUY,39.69818,0.7115934879131722,0x4979f3069cd5f7e08e8ed4cb864578108de8b916a114faa6b9b772f9fdbf9b9a,2026-04-18 10:20:00,0x61e75535dd019433b73c58ae827170b72511a522ef5a141247a973259070c0d5,xrp-updown-5m-1776496500
"Bitcoin Up or Down - April 18, 2:55AM-3:00AM ET",Down,BUY,67.93276,0.23,0x0444852c77d2b35b5389389d5571945407c00f9c8a32b982ca7e72f434a8c6a3,2026-04-18 10:00:02,0xd1e466ccc4f31002d866688700e97b642bcef7ab7ffedbd9b8e494d8058227b0,btc-updown-5m-1776495300
"Ethereum Up or Down - April 18, 2:50AM-2:55AM ET",Up,BUY,31.885800000000003,0.1979373522458629,0xa2f9a82fc152489b77148a6423071733f1a361d81cf4ff1c880fa6e6cc7f1020,2026-04-18 09:55:04,0xe14f75d8ccda8a5663d3a7185722006b4ac8f4c2434e6de37c3b2a2aa75afdbe,eth-updown-5m-1776495000
"Ethereum Up or Down - April 18, 2:50AM-2:55AM ET",Down,BUY,35.94077,0.5587769396551724,0xa2f9a82fc152489b77148a6423071733f1a361d81cf4ff1c880fa6e6cc7f1020,2026-04-18 09:55:02,0x0bbf395c76e093dd81d7cbd7da559b7f9fe52e0bdabcd9612958c669a8a36219,eth-updown-5m-1776495000
"BNB Up or Down - April 18, 2:50AM-2:55AM ET",Down,BUY,31.013879999999997,0.79,0xb7fe9e21b0943730361e83d2c055ece83a020a69b7d3c3d204ce3a96414c589e,2026-04-18 09:55:00,0x88efcf4e054b915946fa5085a62ba8136fac2a55a60b6a608c6503d70ab9387a,bnb-updown-5m-1776495000
"Solana Up or Down - April 18, 2:50AM-2:55AM ET",Up,BUY,3.5476199999999998,0.76,0xe23b1a0765a0b6445933c247c67d05a6b63b0ea39d94bf14fad7a45c725cbb60,2026-04-18 09:55:00,0x2fef5abea246682a5392a77c35261720ae5b2c2f220bcc7e5747f50c6c1ebb15,sol-updown-5m-1776495000
"Dogecoin Up or Down - April 18, 2:35AM-2:40AM ET",Down,BUY,34.79582,0.79,0x91f3a8d54a9ce7176276a9aa84eba610ad9e23d45b55f47647f96c5c72882685,2026-04-18 09:40:02,0x7e3f37d41dfc8cba1d79780b09fbead8b2864ec4ccb389162279d06da40a604b,doge-updown-5m-1776494100
"Bitcoin Up or Down - April 18, 2:25AM-2:30AM ET",Up,BUY,101.12302,0.22,0x40c034bdcde8444ab86c3750658b5c036779f49e5f5de5c1b00fe96a7a8d8055,2026-04-18 09:30:02,0x54ba247904ca3bcc4cbe5fe690abffb52500abc7e6cf01d67f74640fbe75053d,btc-updown-5m-1776493500
"Ethereum Up or Down - April 18, 2:10AM-2:15AM ET",Down,BUY,167.53363,0.29667195557318526,0x74626e7623f5cd831730e901bbbdac5ca714c80243bbaf17fe73f0faf4be126d,2026-04-18 09:15:02,0xa362b013e960688b9dbcda2d24fb82fba198b8155887d9aa012fcb67559710cf,eth-updown-5m-1776492600
"Hyperliquid Up or Down - April 18, 2:10AM-2:15AM ET",Down,BUY,9.81921,0.8450352467270896,0xe59bd5dd4647cbe188e20334909151fc24e0f1d8cc7f01cd1ad06c36df0b5f61,2026-04-18 09:15:02,0x2ebaaff124342f32790d7d489b4928a5886181cc7441eae97abe7de9d8612832,hype-updown-5m-1776492600
"Ethereum Up or Down - April 18, 2:10AM-2:15AM ET",Up,BUY,40.93446,0.6347573739295909,0x74626e7623f5cd831730e901bbbdac5ca714c80243bbaf17fe73f0faf4be126d,2026-04-18 09:15:00,0x21de19768d785cf5376fac7c3bdcad7392f28e7ddeffa8150026e13a6e239995,eth-updown-5m-1776492600
"Ethereum Up or Down - April 18, 2:00AM-2:05AM ET",Down,BUY,146.33136,0.03809184582114235,0xe4dd09ba220f54bf2010fece7c30348a9d0475d6b7b5c2fae2e1dc745dccbeed,2026-04-18 09:05:12,0xe1c6fb142238af724359ff2fee42d299993e630da2e75fa37aa8d94893938026,eth-updown-5m-1776492000
"BNB Up or Down - April 18, 2:00AM-2:05AM ET",Up,BUY,47.42629,0.5047336315575437,0xb0cdaf8516b2f7fc51be7bb2181fba2cf334e53b3af0b8033534dedaf09d4a43,2026-04-18 09:05:02,0xace981311b1ed1dcf4c00f63e23b985380271048c2c390f012bd495f9f7f708e,bnb-updown-5m-1776492000
"Bitcoin Up or Down - April 18, 1:30AM-1:45AM ET",Up,BUY,34.923,0.84,0x30bea7603f3a69982aacad56d17297887ada16d64bc032ae8ac0436fe129f16b,2026-04-18 08:45:00,0x99eef7f300372d65b1bc396f381c83675f4d39b3ea1c2216c8f433b00f8bbb34,btc-updown-15m-1776490200
"Dogecoin Up or Down - April 18, 1:15AM-1:20AM ET",Up,BUY,13.80848,0.81,0x583eb6264600737a068132b50bf0e8e402f12bd2090f0d273db65e5c6721d963,2026-04-18 08:20:02,0x10372845f99a7fd9c32857a9b732d0d618cb21d3ae46071ff895df0ca89593a8,doge-updown-5m-1776489300
"BNB Up or Down - April 18, 12:55AM-1:00AM ET",Up,BUY,34.846689999999995,0.81,0x08475377ab84bf3c021139c6e473cace425681392ea69ff4c934f63652bdad0f,2026-04-18 08:00:02,0x7982bdb73ddf298f5c33457fb4c7b466eb6d4b3c5d5ae913670d7b7cbbfd8d2d,bnb-updown-5m-1776488100
"XRP Up or Down - April 18, 12:55AM-1:00AM ET",Up,BUY,43.51286,0.61,0x69361dee09ac3ea7690a3489c21774a0c1194b64879c47a77d6e59473000fa78,2026-04-18 08:00:02,0xfbe9116625a8f7039263d46e929e2a63402d132b9c5d39ed6954f71c2cc75f41,xrp-updown-5m-1776488100
"Bitcoin Up or Down - April 18, 12:30AM-12:45AM ET",Up,BUY,51.29435,0.41,0xe1854d27d0783a56f6b2e23d1b51951d0be85e0a9d58af1d1589c7d6dbb224ec,2026-04-18 07:45:02,0xd79fd10de52f5c776ffb55c3cb85d0e90f2c1e82d83a8796bcee69aab13bc477,btc-updown-15m-1776486600
"Dogecoin Up or Down - April 18, 12:40AM-12:45AM ET",Down,BUY,37.12251,0.69,0xace167f93bca27841afbb7659246d8f237ac3123a38906e61d81e5bb93906163,2026-04-18 07:45:02,0x086c079da753fb3698be3d8edf31c9475b21b88c1160742faeee42bf668d844a,doge-updown-5m-1776487200
"BNB Up or Down - April 18, 12:30AM-12:35AM ET",Up,BUY,58.186859999999996,0.4733928571428571,0x05fd7cdf175ce3b754afea12e2f5ed564c26e14fa0959d212197c7ba8fbaef59,2026-04-18 07:35:02,0xd57e765f95ee2b062ba55f0257ecc65619ab08b171eeade013ffcb4959db87b8,bnb-updown-5m-1776486600
"XRP Up or Down - April 18, 12:30AM-12:35AM ET",Down,BUY,5.13429,0.49,0x619d2ff358a74118d082891305a89257ec0cad9563c6ab848c0a665ec209a860,2026-04-18 07:35:02,0x4cb704d65a0800f2a3ed50164506c6bb73b66c2575cac3a6fea3970279638d71,xrp-updown-5m-1776486600
"BNB Up or Down - April 18, 12:30AM-12:35AM ET",Down,BUY,37.28756,0.79,0x05fd7cdf175ce3b754afea12e2f5ed564c26e14fa0959d212197c7ba8fbaef59,2026-04-18 07:35:00,0x8c030178e65fd05dfff51bb9e15cf69825253a9a756f4721f75d1c2e963b40ed,bnb-updown-5m-1776486600
"BNB Up or Down - April 18, 12:20AM-12:25AM ET",Up,BUY,47.44493,0.51,0xd8c48e83cfc838fc5652fa3590388e946e45d2993eb4e9de470e350e0672e43f,2026-04-18 07:25:00,0xcd877e36ef6e23121d61e2e7b41a0b7ed980a288781792c329783a3125f5a9a4,bnb-updown-5m-1776486000
"Solana Up or Down - April 18, 12:10AM-12:15AM ET",Up,BUY,36.079589999999996,0.81,0x45888e8e4509cf67a139e42003171fef53827ddc61effaab692f27daa8286e2c,2026-04-18 07:15:02,0xede60b545b75b345a57a1a7a2df2018e2f5beea9f810ef88a01e8dc5c38c530f,sol-updown-5m-1776485400
"Bitcoin Up or Down - April 18, 12:05AM-12:10AM ET",Up,BUY,40.29122,0.73,0xf92874ef6a8d2d70e3665303ffa840eba3c1caa69f5241df80843197755c0aed,2026-04-18 07:10:00,0x60bab53bcaba2983aa25fb3c7d51dd3fb5366ed67f1dbcb24f95270276f147fa,btc-updown-5m-1776485100
"Solana Up or Down - April 17, 11:55PM-12:00AM ET",Down,BUY,10.09502,0.79,0x1f491070109759a67be225ff8726e4baf2aa76067a53e1c73ee652fb44482a8b,2026-04-18 07:00:02,0x70d3e51d106ac7993bb311835eeaadb4d5a5c1a4646ad608bde9627e1a0cf49d,sol-updown-5m-1776484500
"BNB Up or Down - April 17, 11:30PM-11:45PM ET",Down,BUY,42.430409999999995,0.6212242090784044,0x9027ce2a43ec6b5d8f6d34757482546822e06e98ae7fa84552c07521436ca1da,2026-04-18 06:45:00,0x77a4e949e2fbfb5ae2b9f4e2a4c55c40ee6c0712a555699c1d9671349cbce0ee,bnb-updown-15m-1776483000
"BNB Up or Down - April 17, 11:15PM-11:30PM ET",Up,BUY,50.11853,0.12214953271028037,0xe70935edd1a5a12f8c13ab22c6bb044ef14bd23a5d0f36614b6e8f5c52b78fa7,2026-04-18 06:30:02,0xbce5c4031e0eb3e969692edbb09889ddb9526ba88488c574e892f31ef21c0fe3,bnb-updown-15m-1776482100
"BNB Up or Down - April 17, 11:25PM-11:30PM ET",Up,BUY,19.5248,0.67,0xf1ebe14be0189602e9c9c3c93e6a118b84d8370ae20bcf75dddb06e83cf7fb93,2026-04-18 06:30:02,0xc9bf464dc3edf43846cb0701783d19c2e6e857dc0c5ebd5c0701667940eae46f,bnb-updown-5m-1776482700
"Ethereum Up or Down - April 17, 11:15PM-11:30PM ET",Down,BUY,36.5064,0.632,0x2d47af1d40fd6606a0ddc428c3e2d9fe311234d10655e5c06244e7d6ccaeb754,2026-04-18 06:30:02,0x7655bb2b114aa2177375343087b59eb2875e5fca80e26b9f9e0154e4391dfd2a,eth-updown-15m-1776482100
"Bitcoin Up or Down - April 17, 11:20PM-11:25PM ET",Down,BUY,41.77018,0.65,0x05254cb6a8e4f291c3a59657984ae4302c16fc3d56c609493cc8bbf1ebedfea8,2026-04-18 06:25:02,0x5714ff10d3684dae6d18a116e007d69ee49f851e033deeaf04dd74b1e1ef2abc,btc-updown-5m-1776482400
"Solana Up or Down - April 17, 11:20PM-11:25PM ET",Up,BUY,41.36782,0.71,0xa876f056582a291a61395d3c8a8ddc3472133d84b1629aa5c066b5fb8eff78c1,2026-04-18 06:25:00,0x66af33d00d2953044faad784be27be240ded9957232d6a059e8f7c8f02b9ea14,sol-updown-5m-1776482400
"Ethereum Up or Down - April 17, 11:05PM-11:10PM ET",Up,BUY,28.480809999999998,0.2966666666666667,0xbb9fb376089c4088cfd925a35e55586c115148180f3821200dc14f9829ee46b7,2026-04-18 06:10:02,0xabddac578ce2e93a7d85bec787fdf5b6011d8154ebb4d1754314e513964ce6b9,eth-updown-5m-1776481500
"Bitcoin Up or Down - April 17, 11:05PM-11:10PM ET",Down,BUY,83.84674000000001,0.31,0x2b90710a4dad7c16e2610cc61472ed6e8051d8646fc32b73e38866b92617db8f,2026-04-18 06:10:02,0x27a9fc7cc56fc683cb1e6b9f7ab0fcab74d6ed5717c9e0eda55222abe954de52,btc-updown-5m-1776481500
"BNB Up or Down - April 17, 11:05PM-11:10PM ET",Down,BUY,93.358,0.0775,0x06ee6d651bbf41c115831e107e67a161297d3cfcd21be1ab646590c5e86d6761,2026-04-18 06:10:02,0x2d187ba8c617dd50f30735551d4a94d67caa899c536c58964c9717d376264593,bnb-updown-5m-1776481500
"Ethereum Up or Down - April 17, 11:05PM-11:10PM ET",Down,BUY,36.933,0.79,0xbb9fb376089c4088cfd925a35e55586c115148180f3821200dc14f9829ee46b7,2026-04-18 06:10:02,0x81d85125e858c76f705c288daf7cb8e6fef3dfd113ed75593305baa43fcdc324,eth-updown-5m-1776481500
"Bitcoin Up or Down - April 17, 11:00PM-11:05PM ET",Down,BUY,26.64799,0.18,0x9b2fb28cd1b32a26fe8a9dff5dbd6786e7fefeb7667dd2a66a04405d4d8b949f,2026-04-18 06:05:02,0x3670f17df4b5face22f707f865d492b83ea47a87f8096c5b6826f58548090388,btc-updown-5m-1776481200
"Hyperliquid Up or Down - April 17, 10:55PM-11:00PM ET",Up,BUY,35.9012,0.5766162570888469,0xf575b24826136652fe4248669b9b9e3b2987e5a1d65aa76ec62812f49b706482,2026-04-18 06:00:02,0xfa8be124648214a0c89b219450bdc387c9987c66c6da7cde91350397dac8c235,hype-updown-5m-1776480900
"Bitcoin Up or Down - April 17, 10:50PM-10:55PM ET",Up,BUY,91.75345,0.28,0xadbb7fdcdf5d87df367d9449d00b42c9816e083f4be87cb1ded7a072fa056d59,2026-04-18 05:55:02,0xb9afdcf375e2af06d3f5130800a5c23bc6a3587a23480fd8f1eb0063da7bd4f3,btc-updown-5m-1776480600
"Solana Up or Down - April 17, 10:50PM-10:55PM ET",Up,BUY,52.419489999999996,0.46,0x09bb480d712268f29e7da826c992cfa3c31e1e67c209bcef7454c43ba1ad9b9f,2026-04-18 05:55:02,0x6fb2f1146c343c82f1b061ba90c0a93210b37dd209d5ea27e3c95a58edb2628f,sol-updown-5m-1776480600
"XRP Up or Down - April 17, 10:50PM-10:55PM ET",Up,BUY,74.63527,0.2676151795913187,0xbaa3b7e1036ccc8d61fd1cd385fbb1783d8ac3f32d72a90f7d06af6e9a109f94,2026-04-18 05:55:02,0x1f8a3b9bd18fa007f601857f3dd08189fcbf6179b5fb982b816fb31cce684346,xrp-updown-5m-1776480600
"XRP Up or Down - April 17, 10:45PM-10:50PM ET",Down,BUY,9.3268,0.065,0x6a8aa123be78a7d83b4174fa2d921c2f0d531035ec6eb40965ebf7903db60418,2026-04-18 05:50:02,0x20700655209d6904d6773514ac7091901a0fa1cfbc94dbf39b4ca1df37711aa2,xrp-updown-5m-1776480300
"Hyperliquid Up or Down - April 17, 10:45PM-10:50PM ET",Up,BUY,6.0962,0.5720508744038156,0xc7a9487c63c894f8f6034081b1cf8b5e8e2b6d1cd168f843f42a01fc5a299f08,2026-04-18 05:50:02,0x77e102d15c057feaf3af4df3a5d0e0bb515c40c8888df1524b8798ecb59a52f6,hype-updown-5m-1776480300
"Hyperliquid Up or Down - April 17, 10:45PM-10:50PM ET",Down,BUY,46.65082,0.4539435749588138,0xc7a9487c63c894f8f6034081b1cf8b5e8e2b6d1cd168f843f42a01fc5a299f08,2026-04-18 05:50:02,0x5b65f7e0aa47f19b70508ffe2f70a0fd97bb577c953e23cd09da4e39dff1a007,hype-updown-5m-1776480300
"Bitcoin Up or Down - April 17, 10:30PM-10:45PM ET",Down,BUY,6.99516,0.42,0x1a9cbbaac20e0f4cb7863e6f4e7d768fb752a643d30f4f130cc0922ddf3d2bad,2026-04-18 05:45:00,0x5d23afb161d8ffd9a908a6443742c4bd33cf9c26b4536b882d9a5c2b9f281ae8,btc-updown-15m-1776479400
"BNB Up or Down - April 17, 10:25PM-10:30PM ET",Down,BUY,41.99361,0.5965317919075145,0x1bf8b8f294081d57415851d229bc7e3265ba94a6383d3a7110b5c5fad8984ab4,2026-04-18 05:30:02,0x987285657b0bb891f464c904c10418a2baa1822791dc818a45d6adba3e17ec58,bnb-updown-5m-1776479100
"BNB Up or Down - April 17, 10:25PM-10:30PM ET",Up,BUY,9.5788,0.415,0x1bf8b8f294081d57415851d229bc7e3265ba94a6383d3a7110b5c5fad8984ab4,2026-04-18 05:30:00,0x46046bd4afa05ed8099e5280992c8b63e639ae9c32552ad428e708feebf83c2e,bnb-updown-5m-1776479100
"BNB Up or Down - April 17, 10:20PM-10:25PM ET",Down,BUY,8.47512,0.19,0x0d3b0c6b3a1a2dd7a2392e841094c8bb4b660773d3a268b85358c78410268cac,2026-04-18 05:25:02,0x924708ce6cc9760be4493737502513bf97a118908baa6d1b5a3b4d17c9103561,bnb-updown-5m-1776478800
"Solana Up or Down - April 17, 10:20PM-10:25PM ET",Down,BUY,41.89359,0.69,0x1629db65522610181115ef98729b8322b12888dd07bd81ccb8c3bc706af8e527,2026-04-18 05:25:00,0x6d7aea3868c45164e2cad7fb0bbe5515bf02fa52824e254c1ce95c50c2fca2b5,sol-updown-5m-1776478800
"Ethereum Up or Down - April 17, 10:00PM-10:15PM ET",Down,BUY,9.740129999999999,0.8450761421319797,0xf7a8c413cbb9217ec70e1457dbbb73e6ff64b294b41ee5c94097a1e34fe3eefe,2026-04-18 05:15:02,0x4541358b102a18cf70015b12fd20670610ee137c587d27ac7727779c87010d90,eth-updown-15m-1776477600
"BNB Up or Down - April 17, 10:00PM-10:15PM ET",Down,BUY,57.1488,0.34,0xdce21ea1f5ce4258db3ae2847aa99f4f3221378c69aff8c4ceef8ea9362a1e65,2026-04-18 05:15:02,0x3ea52ff028720c6fe4e6b068c8e6c8a0121c6b16a2eb84b60bb9100f2432f8ca,bnb-updown-15m-1776477600
"XRP Up or Down - April 17, 10:05PM-10:10PM ET",Up,BUY,7.46354,0.7865963060686015,0x4ad20ea63b6e7399a7742529a71bcda787fcdc7985260a33a7c7e50b76f0e7b4,2026-04-18 05:10:02,0x0495829511d625f8d3e16096c8522f9a322894111f8e98f19982fcefb54e1bc8,xrp-updown-5m-1776477900
"BNB Up or Down - April 17, 10:05PM-10:10PM ET",Up,BUY,46.238839999999996,0.6,0x26fc2998b73539c3b98f36d4ff929abc430d79eebd3c532f01bfad407c040c82,2026-04-18 05:10:02,0x8926e4b384a69efbb3b1f84888134efeaab23dbf75e652cbf1477f073c787bd8,bnb-updown-5m-1776477900
"Dogecoin Up or Down - April 17, 9:45PM-10:00PM ET",Up,BUY,56.11332,0.3608840530431826,0xa3627197591e54d84a60297ad01dfc8abb5cb56a0ecc6b382d9bc9b27ccad44c,2026-04-18 05:00:00,0x7b54d189a01a0de9a48b320627db9088c54d35fc6edac0a2214a29d63afd8510,doge-updown-15m-1776476700
"Ethereum Up or Down - April 17, 9:40PM-9:45PM ET",Down,BUY,148.14785999999998,0.1430267908037241,0x3cba5fc4af55079b5da9557591cffac52f11f0e1884c987f8c5d957c8680ae1b,2026-04-18 04:45:06,0xea2a452fe0db987ce84b2c2701535353306e2987abc3e7f8461dd642eb930ea2,eth-updown-5m-1776476400
"Solana Up or Down - April 17, 9:40PM-9:45PM ET",Up,BUY,34.84516,0.809399943390886,0x33998f37b623581fa0e10458f5ebc9b15f277a2d4e41da6e4ddc27b9c4c10f60,2026-04-18 04:45:06,0xb8496425c33286dc416570fc285941864822b629fba3fb1750c6dfb4be2276aa,sol-updown-5m-1776476400
"Dogecoin Up or Down - April 17, 9:40PM-9:45PM ET",Down,BUY,25.61673,0.79,0xecfe1167deb4190efa5ea00fb4a456d44b8d610fad9bf4fac16f2d47449c8068,2026-04-18 04:45:02,0x0711a4970080a3f307e80e3112daa3c3e45a425dbfdf41f93a1403b33487bca3,doge-updown-5m-1776476400
"BNB Up or Down - April 17, 9:25PM-9:30PM ET",Down,BUY,40.8107,0.21363430420711974,0xfbee7bec016f2299d77834e53b55e0ccf7c71736fd0eddfc04c406c260e3423f,2026-04-18 04:30:02,0x6b8200ae44a43f20f96a4030bf4635b59d8c14ab0adbad98b92a2f923a5819d4,bnb-updown-5m-1776475500
"BNB Up or Down - April 17, 9:25PM-9:30PM ET",Up,BUY,34.832139999999995,0.8042796490234928,0xfbee7bec016f2299d77834e53b55e0ccf7c71736fd0eddfc04c406c260e3423f,2026-04-18 04:30:02,0x71501385b2ebed4b7906e0a69e479221cdd11d701e000c3e3890ff6c23ea9e43,bnb-updown-5m-1776475500
"Bitcoin Up or Down - April 17, 9:25PM-9:30PM ET",Down,BUY,38.74147,0.56301,0xa1a626adce3877d8d10dec9e4bd7bcf40b7436432ebc9ec0f3436c68dd8236c0,2026-04-18 04:30:02,0x72c37ae800bdeac373737c9f31e37c676c6ba1e9fcc8986103ddb5d38b8f3c48,btc-updown-5m-1776475500
"XRP Up or Down - April 17, 9:15PM-9:20PM ET",Up,BUY,81.67242,0.5352426035502958,0xf7a890c1cac9dde1a92a08a57f4a96e58bca58beacaf2812dc73490baf0d58d9,2026-04-18 04:20:14,0x480b213b9455775aa09b1697da48c81f14a2cd7a9ee4cf21fbfad0d8798b5e94,xrp-updown-5m-1776474900
"Hyperliquid Up or Down - April 17, 9:15PM-9:20PM ET",Up,BUY,52.65281,0.4072727272727273,0x98f5902ade06acab9b067bdeb1f75f27f43e732beeec3924c605b0b696fc8929,2026-04-18 04:20:12,0xb2031f995e14625ad81c6bd5e1ffddcca3551019b54ba9e66ce46e5892257c87,hype-updown-5m-1776474900
"XRP Up or Down - April 17, 9:15PM-9:20PM ET",Down,BUY,36.01416,0.7851558228540186,0xf7a890c1cac9dde1a92a08a57f4a96e58bca58beacaf2812dc73490baf0d58d9,2026-04-18 04:20:04,0x02a25953fdccdf801984e1fdcaed353c49f5cce4f23289f3dc570f79f2876734,xrp-updown-5m-1776474900
"Bitcoin Up or Down - April 17, 9:05PM-9:10PM ET",Up,BUY,53.566579999999995,0.5040954095409541,0xb49c7c4959c128371d6a95fada45f780a3512d29e920bda65f4f0752e42051da,2026-04-18 04:10:02,0x94cce013fbc8468785a2af0a1125d70e2864a4827d103630927a4dcb9163eb2c,btc-updown-5m-1776474300
"XRP Up or Down - April 17, 8:55PM-9:00PM ET",Up,BUY,42.6384,0.27111111111111114,0x68ab910a7dcead09d84dbaf47babf12196ca207a86e8cf570d94cfa27a241368,2026-04-18 04:00:02,0x89b79fdcf5962be185764db49e484ac9a20bb5503fc08d4298af912606093949,xrp-updown-5m-1776473700
"XRP Up or Down - April 17, 8:55PM-9:00PM ET",Down,BUY,15.14352,0.84,0x68ab910a7dcead09d84dbaf47babf12196ca207a86e8cf570d94cfa27a241368,2026-04-18 04:00:02,0x1f9c77f1d00e98f3e3d7ea771177bf826f87ed08c0c6ff38611c8435ac76f2cb,xrp-updown-5m-1776473700
"BNB Up or Down - April 17, 8:40PM-8:45PM ET",Up,BUY,83.70723000000001,0.20493186169613695,0x7d78852bc9dc0d5a428d54c00ba9ca9dda94d7431ec1b4b06849f35b8cacf15c,2026-04-18 03:45:02,0xef46e70e58dd4db977ce24a835dfe923c393a7f91cd3b4dc89b34508660883f1,bnb-updown-5m-1776472800
"XRP Up or Down - April 17, 8:35PM-8:40PM ET",Up,BUY,348.27,0.01,0x3bc0596cdcef14b6b5b2883cd6070732889456eff6f6680e1f5131d489bb1a0d,2026-04-18 03:40:10,0x982e807a5b86ab4641f13d30dc260479bd32f813088194c642f7f1d75ff84a53,xrp-updown-5m-1776472500
"Solana Up or Down - April 17, 8:35PM-8:40PM ET",Up,BUY,34.50159,0.6743362581375602,0x17e630c6da96898060e9d3fcd13f87309f87c1d29e63207d157ed272e9abb0e1,2026-04-18 03:40:08,0xaeb5b41234d41ac692a78330b6b76cf41a683d7ee51cb953763a99498aae18ba,sol-updown-5m-1776472500
"Ethereum Up or Down - April 17, 8:10PM-8:15PM ET",Down,BUY,97.35179,0.1964502080712281,0x5972605d909246f2ee6ca5f95f54abb51fc866c5173cbb9277cef2bc0f0d7502,2026-04-18 03:15:02,0x25b9551127f8c17960be13de82c2a6d5a5cd6eb227822c97be56127a48dca7fc,eth-updown-5m-1776471000
"Solana Up or Down - April 17, 7:10PM-7:15PM ET",Down,BUY,65.08264,0.0854973446246591,0xd8dc014c47d815dc0682a821a15fabcab56e0970cd1ecc72658435a123663156,2026-04-18 02:15:02,0xdc23f376964987b332c5ea76f4e6046c4e54ce56efa3f5b426c93593189c6c2c,sol-updown-5m-1776467400
"Bitcoin Up or Down - April 17, 7:10PM-7:15PM ET",Down,BUY,97.77683,0.23960556844547565,0x570d8addcd6c687c438fbd004a9ccf31170fb65236eb8d8acf9a4091d7a40e6e,2026-04-18 02:15:00,0xeca994bd8161181fc355633437c01f196936b674c75840fbcda9980c8a1db354,btc-updown-5m-1776467400
"Dogecoin Up or Down - April 17, 7:05PM-7:10PM ET",Down,BUY,38.1136,0.345,0xea2d5dca990ce665020ed440a5e0439d8419d2d9b479f0c09321ac946dd4d6b4,2026-04-18 02:10:02,0x9ea73e3e7482d7852763513166d254f9ff9fbd35e477b0e8fbedf997a36bf827,doge-updown-5m-1776467100
"Hyperliquid Up or Down - April 17, 6:55PM-7:00PM ET",Up,BUY,77.1992,0.51375,0x829a4cd231fa1e006163569924a28f9e4ad2b9f851d1ef440afea83867e769c7,2026-04-18 02:00:02,0x025b6a5dd6033b05a4660bcd226d8e05aab09079f9fafe3874b93503176db5d2,hype-updown-5m-1776466500
"Hyperliquid Up or Down - April 17, 6:55PM-7:00PM ET",Down,BUY,19.09901,0.5150530570995452,0x829a4cd231fa1e006163569924a28f9e4ad2b9f851d1ef440afea83867e769c7,2026-04-18 02:00:00,0x74512771ec525336d19d80dc3277a4474b2bb8e82bc07a9bb6beb8af389f30b1,hype-updown-5m-1776466500
"Bitcoin Up or Down - April 17, 6:50PM-6:55PM ET",Down,BUY,171.45703999999998,0.16102148180622533,0xdb0cd77eda34a1d63ee1da42758559891e17a480079600660e504cc61993b488,2026-04-18 01:55:02,0xd423a9752762f1ed74eadca9f7cc15b76ab9273fa2729d683509c951d18c77d1,btc-updown-5m-1776466200
"Ethereum Up or Down - April 17, 6:50PM-6:55PM ET",Down,BUY,63.96147,0.43774977497749773,0xeeeb9efc9a3fa1056b533d3064f94217cfb7c399bc5b81e6dd4e2ad70cfd9f2a,2026-04-18 01:55:02,0xfeefe4de80242583325c307c55c919ccae48865b7e8b75937a05cfd4a0a4654f,eth-updown-5m-1776466200
"BNB Up or Down - April 17, 6:45PM-6:50PM ET",Up,BUY,4.9424,0.84,0x8c13d92903d30029bb2eac8922e7823ab7585e05f445b116e7c7fef2b4fae25e,2026-04-18 01:50:02,0x4f5161c8842d8d30904a40fcd74a6bf79a9fc6253f30b3e32f3d0d493f59704f,bnb-updown-5m-1776465900
"Solana Up or Down - April 17, 6:45PM-6:50PM ET",Up,BUY,9.7012,0.585,0x6ca52d7d21abba8cd348c968f033a2a4552242256155ae0c9b2b370ba7a809dc,2026-04-18 01:50:02,0x6faa78a5c971dff4d57695b796e2a15814180e52e37974d48efb38b49547bbc8,sol-updown-5m-1776465900
"Hyperliquid Up or Down - April 17, 6:30PM-6:35PM ET",Down,BUY,9.8812,0.835,0xdbcd5ffd7c1a7bc38dc9565e73525bf760c50cb09b293463ea8ae1b4a9c2cb3c,2026-04-18 01:35:00,0xdbfc927bf1ceb687370b290f244585e2cb8b5a624c70547104317062ab710945,hype-updown-5m-1776465000
"Bitcoin Up or Down - April 17, 6:15PM-6:30PM ET",Down,BUY,34.923,0.84,0x48e6422eaf9b78149cd0a5e48ac5b1c6d2870744d5efea7ee50a9af06cb5499a,2026-04-18 01:30:00,0x2947338d9562b72bb80b4bdc7f5326e79d64812212b5dd1303ffd7d52d3eef3d,btc-updown-15m-1776464100
"Hyperliquid Up or Down - April 17, 6:10PM-6:15PM ET",Down,BUY,8.69234,0.8456882821387941,0x6bd3c5bc939d1b0bd608b9c27153d973367df80a637164fcad1b9b4d94b68d15,2026-04-18 01:15:02,0xc90d4f3f689fc53d8f21133ad04387dea94655db32d79405eab47c78f6b3ff7b,hype-updown-5m-1776463800
"Bitcoin Up or Down - April 17, 6:00PM-6:05PM ET",Up,BUY,34.67808,0.49,0x3c66ed347dd69bb5d78bc5e84636a6d52be06b311fbecc16c5619125af57174e,2026-04-18 01:05:02,0x692ed02657bc3570143fa453c17d94b3687a3504f89b6147a96a42db7a791308,btc-updown-5m-1776463200
"Ethereum Up or Down - April 17, 5:45PM-5:50PM ET",Down,BUY,86.68378,0.6751182965299685,0xf626b5d04867981c08bb4331c92718ea6761698f2500d6616dac031c3dae3e5b,2026-04-18 00:50:02,0x5d0a6adafb91a6bb461cd2c8cd8a4fb04592dad80ac3ad7e5016843482d01fc7,eth-updown-5m-1776462300
"BNB Up or Down - April 17, 5:05PM-5:10PM ET",Up,BUY,23.31973,0.4671958762886598,0x2800776f5b364dfe21811b5f4ac5bf7117ee3937ec5795f6f5df54396fa9f966,2026-04-18 00:10:02,0x2e9440ec7ff712b6362d63e460f451a8927c32e565d137790910f0374ce77230,bnb-updown-5m-1776459900
"BNB Up or Down - April 17, 4:40PM-4:45PM ET",Down,BUY,12.90721,0.11087744742567078,0x068722b241d58b352807f047a6517c86f780a653e64529488ca9b9c9d89cb8d0,2026-04-17 23:45:00,0x442f729973c0a1d74afad7bf157c07f3e29ef95aca339716704ab074a0cfd2d5,bnb-updown-5m-1776458400
"Dogecoin Up or Down - April 17, 4:25PM-4:30PM ET",Up,BUY,55.4171,0.45279771190847634,0x7feb7c118bb8cbf94904a47c8b788999762cf902ce261ebac2976fad7a550fb7,2026-04-17 23:30:02,0x3ade892eeba10dd95db73242ef68e6c51c201d26e424c291391aac7241be932e,doge-updown-5m-1776457500
"BNB Up or Down - April 17, 4:10PM-4:15PM ET",Down,BUY,70.73662,0.210484,0x196da94c0ecfab8f29c6bb45e14dcf30ec9511797ade3dd5e8453d2049dd1b51,2026-04-17 23:15:02,0xaa2299a933f20dc221adcf9833e6b87befb2f3d91043622086314c4750509959,bnb-updown-5m-1776456600
"Solana Up or Down - April 17, 4:10PM-4:15PM ET",Down,BUY,14.2872,0.34,0x394d96907644af5d7fbb87b92c740d57e965a177530ecd87730a2c005fea8a75,2026-04-17 23:15:02,0x53b9815bc03fee8830ca6b60da1b15a99f164acddedcf0f17d266cf783557326,sol-updown-5m-1776456600
"Solana Up or Down - April 17, 4:10PM-4:15PM ET",Up,BUY,18.162219999999998,0.5359659393294306,0x394d96907644af5d7fbb87b92c740d57e965a177530ecd87730a2c005fea8a75,2026-04-17 23:15:00,0xd67f79a06f85a38a899aa4a975c0c1f75d6376f78ce1ef38a5c8be2892764a0a,sol-updown-5m-1776456600
"XRP Up or Down - April 17, 4:05PM-4:10PM ET",Down,BUY,24.442,0.69,0x6431fc68cd0dc36402e77a4645a90dfefb8b5e816a9deba0288657c3c38c4202,2026-04-17 23:10:02,0xf8facd44dc2a522608e7b975f343cc19802c6fbc1f28475e502dc9262f0e4ee9,xrp-updown-5m-1776456300
"Solana Up or Down - April 17, 3:55PM-4:00PM ET",Up,BUY,24.3052,0.614,0x6248a1df46087d38b80684b1727b3b5c0d1d320ea2fc1865340ad410940f4696,2026-04-17 23:00:02,0xf55c1d5d2d1cee2be8a802656472adc116227e925e687757b9b945a8ee3751ae,sol-updown-5m-1776455700
"Solana Up or Down - April 17, 3:55PM-4:00PM ET",Down,BUY,22.84895,0.3504297037964122,0x6248a1df46087d38b80684b1727b3b5c0d1d320ea2fc1865340ad410940f4696,2026-04-17 23:00:02,0x283b83560e51187372726e1593f085f619ef58197254ee42ccc7f90f42aff804,sol-updown-5m-1776455700
"BNB Up or Down - April 17, 3:55PM-4:00PM ET",Up,BUY,4.9424,0.84,0xc7125474124f99b0a8e68a6cdd932c65199929f9bf2ef9d7253ea11d19807a0a,2026-04-17 23:00:00,0x539008489a7d1768b2e2f0b211cb8397d07319d056e1294c5fce3443ea76dfb3,bnb-updown-5m-1776455700
"Ethereum Up or Down - April 17, 3:55PM-4:00PM ET",Down,BUY,73.4863,0.38,0xa9365194ff3f55ea05c90840145a6283ebc43b61f385a096d62831790f7c0da3,2026-04-17 23:00:00,0x3bba9bbeb9c44efa55612a0bb6a627d3f3667da5aca7708bb45ce8d7d4c198f8,eth-updown-5m-1776455700
"Dogecoin Up or Down - April 17, 3:50PM-3:55PM ET",Down,BUY,14.784,0.8,0xa9480953ae1c7a49edb046c5dafd2e23b0205c944c3eeb88cd70343038f98888,2026-04-17 22:55:02,0xbcf91c5ee81e820bdd648ea6a40ea8c89985fac01c3e5033e9015b4baed1856e,doge-updown-5m-1776455400
"Bitcoin Up or Down - April 17, 3:45PM-3:50PM ET",Down,BUY,65.54092,0.16,0xd079a1b0775c7589ec8f1db0fc5415f1847e6021a3dbd953f874567de376d221,2026-04-17 22:50:02,0xdb427042804f9db520fb8752074558a0aef05cc5244d24f51e2ec0df886341d0,btc-updown-5m-1776455100
"Solana Up or Down - April 17, 3:40PM-3:45PM ET",Up,BUY,4.9424,0.84,0x72f6e3289c209fb0331b6e4ad1686cc686e84c945002799732cdde0ab3d7bdb7,2026-04-17 22:45:00,0x9fae044ae7bf83fa17714c2a01c0e95bbc331c5a5bef1049656059c5a03b5813,sol-updown-5m-1776454800
"Dogecoin Up or Down - April 17, 3:30PM-3:45PM ET",Up,BUY,34.846689999999995,0.81,0x3b33a9587ff24aa3f0f0970c6df5e3d0d3b50e8295425a8812053b3f44a40687,2026-04-17 22:45:00,0x878c7de8742a8a263e2f07e5afc4d703c17afde9ba86c0a50b9d25e5d8589c5e,doge-updown-15m-1776454200
"Solana Up or Down - April 17, 3:00PM-3:15PM ET",Up,BUY,29.5896,0.81,0x2e4d0b166063a22d07a8cc465a724ba430af928b27f1e6b7ffe69df9b37411a2,2026-04-17 22:15:00,0x0ed1612da00336babbd38a9e30c915ef95f0e1d4b156ef243827ed729e01919c,sol-updown-15m-1776452400
"Dogecoin Up or Down - April 17, 3:05PM-3:10PM ET",Down,BUY,52.30928,0.43193436010267694,0xf50494769d75ea4c23d0611f284b05343ef70ee1535c745f00cc058eceeb0935,2026-04-17 22:10:02,0x827d44e043c6c65db145e50d05d15feddd404ae9ec79ad74b2c2220740e4fd46,doge-updown-5m-1776452700
"Bitcoin Up or Down - April 17, 3:05PM-3:10PM ET",Up,BUY,39.72272,0.72,0x5e34f1e919db08972c494cba67c35b1883c53fdef1a52eae97af980bbc49a4df,2026-04-17 22:10:00,0x5bddb6cb6b8f7314403372cb0869754044f623b48201d40692052a9513fd4b97,btc-updown-5m-1776452700
"Dogecoin Up or Down - April 17, 3:05PM-3:10PM ET",Up,BUY,13.90983,0.6304968509447166,0xf50494769d75ea4c23d0611f284b05343ef70ee1535c745f00cc058eceeb0935,2026-04-17 22:10:00,0xcd9c1f2323c9285c6d3435c97e33df8d159974b768185958b0deb6632028918c,doge-updown-5m-1776452700
"Solana Up or Down - April 17, 2:35PM-2:40PM ET",Up,BUY,5.74458,0.82,0x60d9aca5d33bcd1b068eb111f28e7538235197b6d4067f90f5ecebd7735ed566,2026-04-17 21:40:02,0xa73095204ba0bb450ad41b6c08f139f8df9394ec8fa115855bad1993f1f7c7f7,sol-updown-5m-1776450900
"XRP Up or Down - April 17, 2:25PM-2:30PM ET",Down,BUY,43.61545,0.6418248827339736,0xf1ead543780aab3c2efe56aade8131e3e3eb5fadc9e24b3e82ca8bfe4f3d6c61,2026-04-17 21:30:02,0xf94cc709e7d86a63f446aa2d4061780577e680f9cb5998aeb2ab403cd7f1cc0d,xrp-updown-5m-1776450300
"Hyperliquid Up or Down - April 17, 2:15PM-2:20PM ET",Down,BUY,45.83759,0.48294685990338165,0x9667bdf66713808a51b2fd2283551d7d5be11d3142c7b66daf0afe3cc0794db7,2026-04-17 21:20:00,0xc4b0004ac117675f17c9d95aa25624a7ce679d9cf15f1e3f264daeb64cbda91b,hype-updown-5m-1776449700
"XRP Up or Down - April 17, 1:45PM-2:00PM ET",Down,BUY,36.09586,0.79,0xc82b9f6470d5ad36e1a4383c6fcaa19984fe0040a48c0728c5c295966e3b5dc1,2026-04-17 21:00:02,0x490514ba2ce1bc002bdc7a540011a60235a0cdf14fab329af59735dcc6bc264c,xrp-updown-15m-1776447900
"Ethereum Up or Down - April 17, 12:55PM-1:00PM ET",Down,BUY,66.43589,0.2871869198914751,0x0a92effd79653e759ee8bcce2abcf0ff846e450395d3e9860de45a49f1992828,2026-04-17 20:00:02,0xb9ec102115e9cd7a87d4921d586c5e55db0c4fb1e398de70a57c6a4e51098c39,eth-updown-5m-1776444900
"BNB Up or Down - April 17, 12:50PM-12:55PM ET",Down,BUY,55.40572,0.022583892617449666,0x14d6659a6429d33dcc18283fdbfb0a97d5cb116038354dccffd612d84b4ddbed,2026-04-17 19:55:02,0x74fd24fc08fa0fb7a4795ec5d2886e6626cdb7f46b69eb0b501978ddf8cdd015,bnb-updown-5m-1776444600
"Solana Up or Down - April 17, 12:40PM-12:45PM ET",Down,BUY,4.9424,0.84,0xb58f98647442dece30fb059f2b244c0974bf282ce6b7ddb1cd2cafc257484ccc,2026-04-17 19:45:00,0xbb4faabb4a75369377c822204c5cd30bc2c3ab5037bcc225753b311a06c8e162,sol-updown-5m-1776444000
"Solana Up or Down - April 17, 12:35PM-12:40PM ET",Down,BUY,106.91026,0.47502655026550267,0xe5f82ca3e77da8711aeb1c33c551e0cccca2ad20da42c10b380b022a5d8f2775,2026-04-17 19:40:02,0xfa750fb3ecabc4fef463d6c1f28685e9beb82413b6c11091851c2cc45a49785a,sol-updown-5m-1776443700
"Hyperliquid Up or Down - April 17, 12:25PM-12:30PM ET",Up,BUY,38.7359,0.2042857142857143,0xd3a0f16a60b708d7296e2b7094fd4dbcaea6e6f087767e9a3fd8f4a8638bdad7,2026-04-17 19:30:02,0xd5f46149a606600e8838accb9c156095f94178c6eba84e5deb2c2f2be5acc5ef,hype-updown-5m-1776443100
"Bitcoin Up or Down - April 17, 12:25PM-12:30PM ET",Up,BUY,40.820139999999995,0.72,0xf841f7d1186341132b178acc03164271dca58bdcbe5e31f3284517fc86526215,2026-04-17 19:30:00,0x9d9ac106f522e75275bb4306f2b622c6732aacdb16739a8b6c2c6d0d43feca13,btc-updown-5m-1776443100
"Bitcoin Up or Down - April 17, 12:10PM-12:15PM ET",Down,BUY,4.196219999999999,0.76,0x9ea3571193e7e9ecf01e7172f9fc1d926aae9978b12124a447bed8387af07ce0,2026-04-17 19:15:14,0x0ee68464e283c7b706dc7550631c890d1ad9a2964d9461784f40d9b8f2333cf6,btc-updown-5m-1776442200
"XRP Up or Down - April 17, 12:10PM-12:15PM ET",Down,BUY,34.76725,0.7787715822247382,0x154c493eefdac28ba80baceea0ec74e2f16710d92404a75ccb5bd58f0a10f153,2026-04-17 19:15:04,0x35df5baacec428b8e289596d216489861c53979584e77fb9c46ca666e5818b43,xrp-updown-5m-1776442200
"Solana Up or Down - April 17, 12:10PM-12:15PM ET",Down,BUY,15.732579999999999,0.5992592592592593,0x66f4f381358c9695ce1f9e873eaf27773e7da083a57e3cedb5d6d8a8d6edc5fa,2026-04-17 19:15:02,0x279591c059f36e3d819e98ff30c7b7c72d8e52a63bd1c021188dc83eb6e71ef3,sol-updown-5m-1776442200
"Ethereum Up or Down - April 17, 12:05PM-12:10PM ET",Down,BUY,30.374460000000003,0.8170045484080571,0xe5e6ca7c63f2efcb8bb13bc6625a56bcab98251c220ddf3ab861776c121c14d7,2026-04-17 19:10:00,0xd3e96b804807b8362fcdc353bff59f38ade63c7cae2469a9a2d9b5b901486ef1,eth-updown-5m-1776441900
"Dogecoin Up or Down - April 17, 11:30AM-11:35AM ET",Up,BUY,36.49677,0.8,0xc3d9df3672526a13344d1ef59a7a3084a1d58e2dedb41b1cf9982fc03781f254,2026-04-17 18:35:00,0xd60472eea0f40b37dfb7aab46bf38c988460bc50c815aa48234a5e929b076366,doge-updown-5m-1776439800
"Ethereum Up or Down - April 17, 11:25AM-11:30AM ET",Down,BUY,31.007530000000003,0.70947268708557,0xacc7bcc1bf2ca72bd60dab2cb68e2f72a49d79106b5d9df513834c5dee109025,2026-04-17 18:30:00,0xe9594de9485fd10a99798b19873402073ef6b0152d29182145cff6d6a76c91aa,eth-updown-5m-1776439500
"Solana Up or Down - April 17, 11:20AM-11:25AM ET",Down,BUY,3.32403,0.77,0x2665673d5e52a374f296941de95d6315895354a8da73a8686410f31d687a2120,2026-04-17 18:25:04,0xdf5af4419194caec469178f1298f476e3487445d934876f44f448f57ac1c1a5d,sol-updown-5m-1776439200
"XRP Up or Down - April 17, 10:45AM-10:50AM ET",Up,BUY,7.10013,0.33,0xaea0d93a6103b78bd5c1ee474830be15c111b4d0c91b2ce0190138d9efd7d74a,2026-04-17 17:50:04,0xc548c9ab1e962d32808d62221968a78303c3897665735bc834155ca49839ebc5,xrp-updown-5m-1776437100
"XRP Up or Down - April 17, 10:45AM-10:50AM ET",Down,BUY,40.75597,0.6986053768602977,0xaea0d93a6103b78bd5c1ee474830be15c111b4d0c91b2ce0190138d9efd7d74a,2026-04-17 17:50:02,0x25f51f7e2949a20b687e58602139b3b4d57dd3a5158f2f7d6a7404a201c32cde,xrp-updown-5m-1776437100
"Solana Up or Down - April 17, 10:15AM-10:30AM ET",Down,BUY,33.26381,0.7877619893428064,0xf32f69df89081e07c1ab1c8222f7360e7205a7054cfe0a98a508fb1d980c5fac,2026-04-17 17:30:00,0x8bf5241981b14ef17e7fae8c07799721fa661dd0a86d986a0e9d1eb58f987220,sol-updown-15m-1776435300
"XRP Up or Down - April 17, 10:00AM-10:15AM ET",Up,BUY,38.5923,0.691150240689131,0x3acf61e78df6b7d19ebc5c947fd3a2b450cb049c902d46b796468f1ef81d8e18,2026-04-17 17:15:02,0x26ac5cf790c5700ee38d3ba16e53bcef193c4c1235b83610da2c9cd43cce6469,xrp-updown-15m-1776434400
"Ethereum Up or Down - April 17, 9:55AM-10:00AM ET",Down,BUY,28.06081,0.81,0xb138c29701c47dc29ee44889c54a50615618c876048797371a592ec8adb6fe78,2026-04-17 17:00:02,0x9d9b3779afba117cf5245fbdf5ce7543023c605812d651300b439af44f143466,eth-updown-5m-1776434100
"BNB Up or Down - April 17, 9:30AM-9:35AM ET",Down,BUY,12.91178,0.79,0xeaf3ee4bc333ce436d95de85f9ccc3317ce30d33653e4a4ad02ebf3842d57b5a,2026-04-17 16:35:02,0xe29a3a2ba83979e20dc699fcec4d9c2ff8ad518f79057138a1ddf37bf9445f29,bnb-updown-5m-1776432600
"Dogecoin Up or Down - April 17, 9:00AM-9:05AM ET",Down,BUY,28.9524,0.515,0x3526e9422343c4417905e8891495ca5b9c52c9472736b0deea0c991c7ef0d00d,2026-04-17 16:05:00,0x51b1fe21243cc4667ddb621ec058760008c2711b3477c826912c1b3db2bce1a3,doge-updown-5m-1776430800
"Solana Up or Down - April 17, 8:30AM-8:45AM ET",Up,BUY,62.0948,0.3792307692307692,0x5da41b667caccb8a9832c944d8355c1ab8c4e880c48485fa2333f5a1905f64af,2026-04-17 15:45:02,0xdfb699e4f9b5652e8e593e6b7fb89482ab0f5be490255c5aa4ebd1ca955dcf20,sol-updown-15m-1776429000
"Dogecoin Up or Down - April 17, 8:20AM-8:25AM ET",Up,BUY,5.55299,0.81,0xf8261750cacc9196e8927baa5999b2c393c150d4e8a4e1012c6d9984c10f1e15,2026-04-17 15:25:00,0x8246599be33173abc1f01f8a824d54251955ac059f0f4aa2f3fc0baf4935c68d,doge-updown-5m-1776428400
"Solana Up or Down - April 17, 7:55AM-8:00AM ET",Down,BUY,13.2049,0.676301775147929,0xf8fbbe58607c1094620f202a154708dda9513e78a6dd335ecce32ee152772b85,2026-04-17 15:00:00,0xac2abd74c18f92c8a181ac530555524ed4a4449df9d9f8d8cc824e3b5f509c6d,sol-updown-5m-1776426900
"Dogecoin Up or Down - April 17, 7:35AM-7:40AM ET",Down,BUY,41.30698,0.69,0x95b624663ac8a566956be60bbfb5ee3e11d51bb16d832880f210161f1ba9475c,2026-04-17 14:40:00,0x1bb58b1962a80673db99b384a80862e70321b6fb662118d42b5181f3f4540558,doge-updown-5m-1776425700
"Hyperliquid Up or Down - April 17, 7:20AM-7:25AM ET",Up,BUY,9.874,0.825,0xeb35bae0126e76fad326ab3c0c4b55cc29d6558a93064e227cbda338330a840d,2026-04-17 14:25:00,0xe0dd6a8c359e0a71d0d25eb4bad88c68e09911bba2cb63e3d3c68f384dd2a5dc,hype-updown-5m-1776424800
"XRP Up or Down - April 17, 7:05AM-7:10AM ET",Down,BUY,80.87893,0.3235121147965185,0x1298f61f125cc1618948a8f2769c594aae9e9648b703e3783d5444283951817c,2026-04-17 14:10:00,0x1344a3e1e2c7a5368383a36a4ec00e0b019e80b9624bf32eec87b966e138ae2d,xrp-updown-5m-1776423900
"Bitcoin Up or Down - April 17, 6:55AM-7:00AM ET",Down,BUY,34.770379999999996,0.78,0x4a1a3591ad7c9c2dfdbfe2a30007f1e13644664674cc0f8daa33801f256acfd0,2026-04-17 14:00:02,0xab6ad310059c60a2cc08ab1b835e7e51f53851ea3e40d46383742307d05c45ec,btc-updown-5m-1776423300
"Dogecoin Up or Down - April 17, 6:30AM-6:35AM ET",Up,BUY,65.36721,0.12541427752293577,0xb391de0fb7fa729886648f7e9a60d761d3cbfffda8899a77539eea17fc17baa0,2026-04-17 13:35:02,0xf170d6646cfb1cd0518ccc9cbdedb46b4ae6d7d88d4c819d37ebedc8bbc65663,doge-updown-5m-1776421800
"XRP Up or Down - April 17, 6:30AM-6:35AM ET",Down,BUY,72.43321999999999,0.693086269744836,0x70b48b923dbda31429b0215cfaea3ef5938c5aa33e968ee47745ad01a885aa37,2026-04-17 13:35:02,0x800c3cddd9ab1feb650337314dfd8f042a1562955dc1baec409b469776a99db8,xrp-updown-5m-1776421800
"XRP Up or Down - April 17, 6:30AM-6:35AM ET",Up,BUY,57.29032,0.38381984987489576,0x70b48b923dbda31429b0215cfaea3ef5938c5aa33e968ee47745ad01a885aa37,2026-04-17 13:35:00,0xc0a7d685644890bb5daef5f98d5a84aacd95da4e3691ed00ac52632ccd5d216e,xrp-updown-5m-1776421800
"Bitcoin Up or Down - April 17, 6:00AM-6:05AM ET",Up,BUY,38.73113,0.74,0x5bdeda7fe8a9b209c53d3b9bee36c17dd6c16910ca2fa75282737736b48d3b42,2026-04-17 13:05:02,0x838c29f661da5e4c0f8065be412acdbc9c89784c3dc1f93faf6d802f99714347,btc-updown-5m-1776420000
"Ethereum Up or Down - April 17, 6:00AM-6:05AM ET",Up,BUY,44.91503,0.6283315276273023,0xda632b64b0f75717ad65e24cd86072cab5a590981988ac8bcbf36d137dd9d9e6,2026-04-17 13:05:00,0x8e8a12165b4734d8b3b4ee5b6cc964c1e6b9f643685f889a1fb8d7ae047d812d,eth-updown-5m-1776420000
"Dogecoin Up or Down - April 17, 5:50AM-5:55AM ET",Down,BUY,19.6652,0.7675,0x50dd865e13001dd0a21a05d7c46f0c70ed7e57dd14e53d24769646d8005d89c2,2026-04-17 12:55:00,0xc0f762f41cf88689a529299241639d46fd8cae6b5b7a20ee8d6932aa204165b4,doge-updown-5m-1776419400
"BNB Up or Down - April 17, 5:45AM-5:50AM ET",Up,BUY,5.120439999999999,0.529433962264151,0x31d8f0704564c096a1839daed93423da4b733d308c87ba35f763798d7d8e1716,2026-04-17 12:50:06,0x8c0af809785494f338caef98fd5115ba3c93124a92dd039f7473a611d093ab7e,bnb-updown-5m-1776419100
"Dogecoin Up or Down - April 17, 5:45AM-5:50AM ET",Down,BUY,14.3628,0.41,0xb3597a2bc84d688b90d660367658578b0d91b2ab87781700026f295e0d69f5b6,2026-04-17 12:50:02,0xbda133ab94e966d10226166f494acfa17392da3a17a569c255fbb0a346890e1d,doge-updown-5m-1776419100
"Dogecoin Up or Down - April 17, 5:45AM-5:50AM ET",Up,BUY,9.83584,0.61,0xb3597a2bc84d688b90d660367658578b0d91b2ab87781700026f295e0d69f5b6,2026-04-17 12:50:02,0xab5e8f72e26db84b1100fae42d9b31839cbdfb6dd66e8fc64495c927248b05b2,doge-updown-5m-1776419100
"Solana Up or Down - April 17, 5:45AM-5:50AM ET",Up,BUY,19.2296,0.465,0x93c2ca46319ee509f9c81a49ba0adcacedcf802eb71fe841a0badeaa8f624839,2026-04-17 12:50:02,0x883feb6e2d36348e5955b5ae71dd3f91019035eb822d64db8d049cd83ffee40f,sol-updown-5m-1776419100
"Hyperliquid Up or Down - April 17, 5:35AM-5:40AM ET",Down,BUY,34.54144,0.69,0xa8781ddcd2d4445fc8a8502413dc52f92efe25c2a196fbb24528e47406737cc6,2026-04-17 12:40:02,0x2163b9d8e151ecad48a47435263643cebd1a58ea455c9d19588d38ca51097e3b,hype-updown-5m-1776418500
"Hyperliquid Up or Down - April 17, 5:15AM-5:30AM ET",Up,BUY,13.19737,0.51,0x5be601b5d1eede62c9255109823d4478257c584a1b32a793cceb3b2dac104414,2026-04-17 12:30:02,0x7f7e5df8fe32165d5a05358a1fa4cf363976e3a10919703f494aecd4f70b50c3,hype-updown-15m-1776417300
"Hyperliquid Up or Down - April 17, 5:15AM-5:30AM ET",Down,BUY,49.62411,0.4320177812137611,0x5be601b5d1eede62c9255109823d4478257c584a1b32a793cceb3b2dac104414,2026-04-17 12:30:00,0x0386009c4f560bcb545273226a3efd09a81c755c7eca1575de58e532d5511018,hype-updown-15m-1776417300
"Bitcoin Up or Down - April 17, 4:55AM-5:00AM ET",Down,BUY,22.50403,0.6007898144151921,0x2dd9ebf8430328eef10a9c7af9879608231bb314ae3a7a55e4d048a0d9e42a06,2026-04-17 12:00:02,0xf75c49d4879d128a37b078122cdbe619c3b1b1c7fb4a369c02cbd69ccc2cdada,btc-updown-5m-1776416100
"Solana Up or Down - April 17, 4:55AM-5:00AM ET",Down,BUY,34.88119,0.8235607132748373,0xd4529d6d131020aacb265ccf9d856d8eb5908c6eff542a7d3f066966babbc731,2026-04-17 12:00:02,0x493cb535d10e3d0734c2c4bb0a9d66569167864ca1833185ec21d83deea5b475,sol-updown-5m-1776416100
"Hyperliquid Up or Down - April 17, 4:15AM-4:30AM ET",Down,BUY,27.723200000000002,0.49,0x48e5fcec3bdcd56b9f68ee534c225c806c95e916cd3faa55aeb9e334e53c6b11,2026-04-17 11:30:02,0x1718771430eb153b325dec265d6299729d4ce37166504e0bf4a05fdf8cb8dadc,hype-updown-15m-1776413700
"Solana Up or Down - April 17, 4:05AM-4:10AM ET",Up,BUY,9.3508,0.5,0x56f9c68d6251de77b0c5e027890e3e732c067895ae2bfc5b5b3562d1bd4a26fb,2026-04-17 11:10:04,0xf18f053fa5dc78d248c9e34756e018802698f8ba991766108cde98b61b6fb121,sol-updown-5m-1776413100
"Solana Up or Down - April 17, 4:05AM-4:10AM ET",Down,BUY,44.117650000000005,0.5928514851485148,0x56f9c68d6251de77b0c5e027890e3e732c067895ae2bfc5b5b3562d1bd4a26fb,2026-04-17 11:10:02,0x766fe8078d425c170644c0b1fbb0b465ed89687dd4e42ca3392eaa9b2a129cee,sol-updown-5m-1776413100
"Bitcoin Up or Down - April 17, 3:55AM-4:00AM ET",Down,BUY,64.35102,0.22,0xe154021d89a56d7532659623ad0e4c250def8f44032b69fa9b1407a40382023f,2026-04-17 11:00:02,0x774bffafc70a161b66b4952face8b58d5ad32f12021d0e3b99dac886ddc4028a,btc-updown-5m-1776412500
"XRP Up or Down - April 17, 3:40AM-3:45AM ET",Down,BUY,36.42263,0.7721928166351607,0x2a4c407a9961ca596d903988add84eb99c14c12b3fccd0a0e2d6e9db4dead9e8,2026-04-17 10:45:02,0x8d737104c5b5c895a521dda4a569afb9b80964eb27b3898e9b9d72b4361da58b,xrp-updown-5m-1776411600
"BNB Up or Down - April 17, 3:25AM-3:30AM ET",Down,BUY,33.0848,0.24,0x9d8569b4dfb7a3192ebccef6bbf74ffb8c5f8a6e99c9369982b16980aaabaf34,2026-04-17 10:30:00,0xf0f2bf0df283b4cab36a305fc67c2bc87db0f83057cdfff3324d62def5180e46,bnb-updown-5m-1776410700
"Dogecoin Up or Down - April 17, 3:15AM-3:30AM ET",Up,BUY,10.70158,0.81,0xcc684f86723a90bbebcbd4cb261fd8aba1e8032f351348c652ce6b1381b4ecd0,2026-04-17 10:30:00,0x5a5634ada01d33ca2e964dbee647cd3d60ed68d4887f1bdb8b577d9132aae543,doge-updown-15m-1776410100
"Hyperliquid Up or Down - April 17, 3:00AM-3:05AM ET",Up,BUY,9.8668,0.815,0xa0d8de80e3f30ba4aedabef08aecf5f528472eadbfa80966d311560eb6ae14fd,2026-04-17 10:05:00,0x9e50019386ef8ec2305f2911c94cdd7ea11c9260ee2dcc81cc5762f796ddf1a6,hype-updown-5m-1776409200
"Bitcoin Up or Down - April 17, 2:55AM-3:00AM ET",Down,BUY,280.08500000000004,0.07844128137604586,0xbd4ea6c5d0267ad4e0a30b36ffd924a364936b77343b7e4350d7ced9253d3d9c,2026-04-17 10:00:12,0x530935348de2b76bf12808064d7fa99740db2a5283ce77192c619a1a081c0bdd,btc-updown-5m-1776408900
"Solana Up or Down - April 17, 2:55AM-3:00AM ET",Down,BUY,14.8272,0.84,0xe7674b88c91e91b04b4700bf0979d4ef306cecdf65099e1a3b98c1d76aed445d,2026-04-17 10:00:12,0xce76e57f99d1f10d7a56ee5e0edcb42c1b149766e437c221477ea44743ac2245,sol-updown-5m-1776408900
"Hyperliquid Up or Down - April 17, 2:55AM-3:00AM ET",Down,BUY,4.9208,0.78,0xde23de8bb922cf85797f649702f242ab3edf60ead300ac05d71674d70854ee03,2026-04-17 10:00:08,0xb19ff998a097325a3817bbeb1cd696ecdc37ff302b64a62aa0f0234c0c45ed37,hype-updown-5m-1776408900
"BNB Up or Down - April 17, 2:50AM-2:55AM ET",Up,BUY,9.8884,0.845,0xc18742e5eba26467bba03f578dbe3acf9b315f2b75d821524726eb83b42870e4,2026-04-17 09:55:02,0x594e05b568bb6d9da83c68476d0319e6879c4d2b7546ddec2896078864ce73cf,bnb-updown-5m-1776408600
"Solana Up or Down - April 17, 2:45AM-2:50AM ET",Down,BUY,52.30351,0.4304657132379905,0xfc322587ebe70bcd88c6ea5d1b667eb305b493048de5e9cddf882aa4609b2e63,2026-04-17 09:50:02,0x24640702edd484db6417d66b513f34d60209ca08ec7bbe361d4d0df7a4054c0a,sol-updown-5m-1776408300
"Ethereum Up or Down - April 17, 2:35AM-2:40AM ET",Down,BUY,51.829100000000004,0.39,0x8ca2ee0d7223afa5c80d6cd60bc5032da666cbc94d99012fa903b41d07fee6a7,2026-04-17 09:40:02,0x19f58486bc6a61fb0ef4e843f6af798f58d90c6b0e2621014393557838f53863,eth-updown-5m-1776407700
"Bitcoin Up or Down - April 17, 2:15AM-2:20AM ET",Up,BUY,80.35982,0.05,0xb68c5eb6bddd9da0ff9ad68001265b21eecad4fa13495fb10283a5c1dcc53417,2026-04-17 09:20:06,0xd414b5a682ff6bfdb7103865655360783dd10f0bf9972258c84571610a6d2cad,btc-updown-5m-1776406500
"Solana Up or Down - April 17, 2:05AM-2:10AM ET",Down,BUY,36.16603,0.6759492303537672,0x292ae79d78ed2554f1a7f4cd875d2446f51757e1a922aed0ecec100fe204b2f8,2026-04-17 09:10:04,0xe94ac420e8c29093b254bf7076ef9eb74a4ce34ddef747deae21588501f1c78a,sol-updown-5m-1776405900
"Bitcoin Up or Down - April 17, 1:50AM-1:55AM ET",Up,BUY,29.568,0.8,0x4dbfdf7931c433a5af6710cce726240639c0429038a6d6e2a26ba0bb58f40d2f,2026-04-17 08:55:02,0xd89a5dd589a9478f74325d269037f043d7ba83ba83fa7038f3515ddfb9f9746a,btc-updown-5m-1776405000
"XRP Up or Down - April 17, 1:45AM-1:50AM ET",Up,BUY,45.5539,0.61,0xe31c8f114180ae5e845343a625e9e3ff7b2fbb7fc6494d1aa71ffcbebd9e9c18,2026-04-17 08:50:00,0xfc31b707a5c8b437d1d4863635e6d9bd09e071aeb91ab1bfe8fb3c32e76872b0,xrp-updown-5m-1776404700
"Hyperliquid Up or Down - April 17, 1:40AM-1:45AM ET",Down,BUY,41.89359,0.69,0xa52be16b26ad3bfd35f920caf1d69b07e97ee88d6f47c0621968317ed7abd457,2026-04-17 08:45:06,0x5688baa7b5c9b4c6ac698eb66007368205cd7cf803962606c19f2bcded70f08c,hype-updown-5m-1776404400
"XRP Up or Down - April 17, 1:40AM-1:45AM ET",Up,BUY,4.9208,0.78,0x35fa841510634808505ea631a23170967968b90cafba8fd454588a222b14a84e,2026-04-17 08:45:06,0xcc509538ec5a53f449ba982cd317fc23e609b3d23e94211df75c529bea6fe740,xrp-updown-5m-1776404400
"Dogecoin Up or Down - April 17, 1:15AM-1:30AM ET",Up,BUY,55.87344,0.5,0x928aeb98f6340853beffa2471d5d867c3e0218e4e35c61219754a3b71bd192b6,2026-04-17 08:30:00,0xcc9baa6bce989fa5965dedc3335c3bcd4be742089ae3cbc701508ef338265ee8,doge-updown-15m-1776402900
"BNB Up or Down - April 17, 1:10AM-1:15AM ET",Down,BUY,45.4756,0.5867996586302539,0x328be211a728ce740696abad2f2b65e4a663ae3b7289a4e454a7513e9c8be35e,2026-04-17 08:15:00,0x712735abaded8ecf06d7328219f7036c1291a5ecb4a8b0e3f6bab64696d449a5,bnb-updown-5m-1776402600
"Solana Up or Down - April 17, 12:55AM-1:00AM ET",Down,BUY,4.946,0.85,0x2a9fe28ee7a304358107b659968d69ebbedf656496df2d060ad71aae646c39ad,2026-04-17 08:00:00,0xeb5198f7f503201400f2bdc59500b1e06079b85d6c543d3dd5c5065213878f8d,sol-updown-5m-1776401700
"Bitcoin Up or Down - April 17, 12:40AM-12:45AM ET",Up,BUY,40.790139999999994,0.71,0x6003254904838765cb06087da2851ac9c2b06d9ecd5c4e723b22ab124d058081,2026-04-17 07:45:00,0x0b9e314acdba79d80d474c492367ee1d4b1c5070b14272779c8a1c1a87719bb3,btc-updown-5m-1776400800
"Bitcoin Up or Down - April 17, 12:25AM-12:30AM ET",Down,BUY,42.40586,0.66,0x128c75f6e3b88e40d3be4bf23bd635f1712223c1acad33b13747ace283cfabc0,2026-04-17 07:30:00,0x9e2143a5807882789f87bba352ef405f816bb8b4a9b3f572703ea0a3e86d5ab3,btc-updown-5m-1776399900
"Bitcoin Up or Down - April 16, 11:40PM-11:45PM ET",Down,BUY,73.58861,0.34,0x451a22902ba2458fb7341dd38e661b23f44ab7ee548465710ac740ab24d55ddc,2026-04-17 06:45:02,0x67cddf38d74287e2c75d00228e03e498521cc60de8c4ca4709ab7ba92c815bd8,btc-updown-5m-1776397200
"Dogecoin Up or Down - April 16, 11:40PM-11:45PM ET",Down,BUY,9.89415,0.61,0xb83fa0c9bf7757dd3a3a2a133bb138ad0ff39853f4b748234567ddc7ce552d56,2026-04-17 06:45:02,0x04b759f9bdc1003c3a4c741bee8a1ac8773474787c69f6304799eef84232ae4f,doge-updown-5m-1776397200
"Dogecoin Up or Down - April 16, 11:40PM-11:45PM ET",Up,BUY,74.85023,0.3004846485663537,0xb83fa0c9bf7757dd3a3a2a133bb138ad0ff39853f4b748234567ddc7ce552d56,2026-04-17 06:45:02,0xfb28b1273264ed38f1aa6ede16f20e61e1dd98d5b077bf47157d595c94e0fc9a,doge-updown-5m-1776397200
"Bitcoin Up or Down - April 16, 11:25PM-11:30PM ET",Down,BUY,75.41611999999999,0.38,0xfe3a0286defba59de333ffb39d64e9eae0faf10ad5734e4215115cc443f85e34,2026-04-17 06:30:02,0x1602f88ef7c9d12296ba51b399e727925231f2dff1d12831bb6f772e286b9a5a,btc-updown-5m-1776396300
"Ethereum Up or Down - April 16, 11:20PM-11:25PM ET",Up,BUY,36.283550000000005,0.3135787267487556,0xe1bc3e1bd5b6626cec2a02d027adeaedbea9a5434640683fd172a295c7581d2c,2026-04-17 06:25:02,0x5bccbf09b7ef1d4d2be319005e5f66a8b67f7d4a0333b75d498a4b7abf062064,eth-updown-5m-1776396000
"Ethereum Up or Down - April 16, 11:20PM-11:25PM ET",Down,BUY,50.38315,0.49095602294455065,0xe1bc3e1bd5b6626cec2a02d027adeaedbea9a5434640683fd172a295c7581d2c,2026-04-17 06:25:02,0x7833f409e27181cf46a35687a4ac32526efe1400074b4629ccdc6f1f1825a210,eth-updown-5m-1776396000
"Bitcoin Up or Down - April 16, 11:00PM-11:15PM ET",Down,BUY,37.20453,0.72,0xc502fe5d1272c2e2ebfbbef7fb4741ad3388aa8ea15964fa7c49513c8fc3f06b,2026-04-17 06:15:00,0x824e183b7a10eefdc06e9c3b7d497f5458f108ea953f8af8554e1d3c191954b0,btc-updown-15m-1776394800
"Bitcoin Up or Down - April 16, 11:05PM-11:10PM ET",Down,BUY,6.06809,0.51,0x93bfb89bc99e5913e4c62c62c71c91416c4463e89d6cde692b96b52dc974891e,2026-04-17 06:10:06,0xbfc6b8ef315bafbb83c6ee541cc4e56bad46cbeb84991f183561844fa1a8848b,btc-updown-5m-1776395100
"Solana Up or Down - April 16, 10:45PM-11:00PM ET",Down,BUY,31.50075,0.28516711833785,0xbaa247a596a26b56396f2002438a9781e32f96928770ac0c17dd443afdf1cfed,2026-04-17 06:00:00,0xc782f364c38d40642831554d7a743c453c079d4891c2705231f5c4cb41c3ac6b,sol-updown-15m-1776393900
"Solana Up or Down - April 16, 10:40PM-10:45PM ET",Down,BUY,27.97851,0.736297335203366,0x1ecee494d5e331c317033c3959afe63cf34c1521abf21ace068d3d86c932db35,2026-04-17 05:45:00,0x1a4a996943d4d06d7799d96f6ebc09de62c20f5819dce9d361e20a0e28fbcd2b,sol-updown-5m-1776393600
"Ethereum Up or Down - April 16, 10:20PM-10:25PM ET",Up,BUY,38.78076,0.757466430200152,0x21f2a507af01e1e7529acb931636205704527dc213b5d02d5d7b8810ccf061b4,2026-04-17 05:25:02,0x841c9515ec119d0b6ae90b48d64cf2834d70c8ebc0e55aaa7002232573355a57,eth-updown-5m-1776392400
"BNB Up or Down - April 16, 10:20PM-10:25PM ET",Up,BUY,45.91547,0.5056668767065743,0x2a61f3ccc6ba887862552210bdc05040ab07a5969765b6a1e0096f372f9f5b0c,2026-04-17 05:25:02,0x021b11eeea8d90d2df1d0334664afbd2f2ab1dcf82dad76857fd219a0be17939,bnb-updown-5m-1776392400
"Dogecoin Up or Down - April 16, 10:10PM-10:15PM ET",Up,BUY,1.1359299999999999,0.83,0xa141ba9618c7dacca7b3152d49b70e8a302a8fd20d9b117362d9840da9898da1,2026-04-17 05:15:00,0x35067d708f0dcd03e331147639074cde8c0033da8110fb5e3963e050270d8253,doge-updown-5m-1776391800
"Ethereum Up or Down - April 16, 9:35PM-9:40PM ET",Up,BUY,2.46989,0.67,0x76938c6b4d2cf6e0fd28be80ee3cf78d8737450fb65c61c371eb0429eebb07f3,2026-04-17 04:40:02,0x173a284ed0acbf79f0a6e919c7f7b1366f3cda87194ec5a03e6baff3aa42f8e9,eth-updown-5m-1776389700
"Bitcoin Up or Down - April 16, 9:30PM-9:35PM ET",Down,BUY,77.57592,0.76,0x57fa403b19f0ad658ea33ea289a169052aced7c73b14677d03b5b5fc05d7badf,2026-04-17 04:35:02,0x1edc132f3237c50f8164d1b35b6b4ab70c61bae9afa2df6f86a70797fb348032,btc-updown-5m-1776389400
"Solana Up or Down - April 16, 9:25PM-9:30PM ET",Down,BUY,9.7228,0.615,0x0b9472ae7ad3dde955eef7f961854e5749347baed1edae8b18ce62c3565097b9,2026-04-17 04:30:00,0xab98e9db4afd2c18797af7b1c507ce7faf187f7323a3f350289dba34946902bf,sol-updown-5m-1776389100
"BNB Up or Down - April 16, 9:25PM-9:30PM ET",Up,BUY,23.416,0.12,0xfc33e2173f00372df323928edf326065814230582539fc2f9a02faf73e740abf,2026-04-17 04:30:00,0x332caa0a21ef01f7ceed65bcece8145ef4f311a7c333afdba23b5f4b79e6b8ae,bnb-updown-5m-1776389100
"BNB Up or Down - April 16, 9:00PM-9:05PM ET",Up,BUY,11.02356,0.7934048257372655,0x54aca3f71315795b156405d472d2b2ccf2f313a5eee3c76ab02e15476b8f8d95,2026-04-17 04:05:00,0x2f195a6f54aef25ba6b70f0eb8d694e87a16ac8af890487f2c727911a25e1c12,bnb-updown-5m-1776387600
"BNB Up or Down - April 16, 8:55PM-9:00PM ET",Down,BUY,57.564189999999996,0.43615333333333334,0x6bb378d75ffa387579d6bc257c89be713fd5da934984188c5cb1841968a010a5,2026-04-17 04:00:06,0xc929674ff72a865f55edd80e3eba9f2e6cd869a269c19d6f5d5b3ac509cabd0f,bnb-updown-5m-1776387300
"BNB Up or Down - April 16, 8:50PM-8:55PM ET",Up,BUY,14.1684,0.23,0xf0faf4d602e78a137c68f5235c9ad9406fb8cb9b469545576331b379304f15c1,2026-04-17 03:55:00,0x9e60df5237ed2e84243a5cf1faa891436e921487367ee0908566f84012befef1,bnb-updown-5m-1776387000
"Bitcoin Up or Down - April 16, 8:45PM-8:50PM ET",Up,BUY,12.35859,0.81,0x25225a58c9e6ce8f6a04878e2d162d1887b68c42fca1b5264288616ada0c15ec,2026-04-17 03:50:02,0xe5d43bbde1868780efee42a73d76757c25d050bcfc3fe75ef1b45d9aae9f930b,btc-updown-5m-1776386700
"BNB Up or Down - April 16, 8:25PM-8:30PM ET",Up,BUY,43.203309999999995,0.41,0xd7976f7f1a798c8d807fe461643c22ebb76f732ea7268ac8b23f4c0e73a03e2d,2026-04-17 03:30:00,0x811993710fbfe998b233f6a4a4a90e5c76ab5f2d0df3764928d893a2e79db2f7,bnb-updown-5m-1776385500
"Bitcoin Up or Down - April 16, 8:15PM-8:20PM ET",Up,BUY,14.5896,0.62,0xa60023d28cf750caae2f4629fe719da48fe21eb747be8d909f89886a1c33a4bd,2026-04-17 03:20:02,0xc0fc716c0b9983632bc62eb20ef18a05a1c9b76d6ade883d9c767714ae3fb06c,btc-updown-5m-1776384900
"Dogecoin Up or Down - April 16, 7:15PM-7:20PM ET",Up,BUY,36.94603,0.39799067840497154,0xad157d096a79c3b5a61f75052d3eb9eedde9f624542b37400c0090d8fc7776f3,2026-04-17 02:20:02,0x6aedf7835a56838e71677e77dd6d5c3419f05d22c2012f1bf21a1c48f7753fba,doge-updown-5m-1776381300
"Solana Up or Down - April 16, 7:10PM-7:15PM ET",Down,BUY,23.5528,0.196,0xfe1de94c0fea2b3f76c2076e364d5ea3dc5e8e6270d55e184a4360a48e3ddef5,2026-04-17 02:15:02,0x22fca96196c5c76ef63e97a8194ec32c440dac1faae436d38a42c3c3f313fb12,sol-updown-5m-1776381000
"XRP Up or Down - April 16, 7:10PM-7:15PM ET",Down,BUY,4.9208,0.78,0x3a4d0de05ad597083e5c4c8d80e3e4c3bf6e18e16b1a9791dd5d2eca7b17fa9a,2026-04-17 02:15:00,0xd17c43b84c96b4a3c899c377ad268d61c5f0649154b34e4b92ec59c3cfd6515a,xrp-updown-5m-1776381000
"Solana Up or Down - April 16, 7:05PM-7:10PM ET",Up,BUY,46.24662,0.6022705314009662,0x780e42eefb9c5b39efe3be2ce5d427a4a177574b1e699faef82183690ef478a7,2026-04-17 02:10:02,0x76fc3c359a923012eb7969af0111d10f3701507edcb5aaef8feb6e69c00778e7,sol-updown-5m-1776380700
"Bitcoin Up or Down - April 16, 6:30PM-6:45PM ET",Up,BUY,101.33799,0.24786634310248273,0x322438e1c41386c951f48240d61f83801500928789e6838b65d680518bf7d82d,2026-04-17 01:45:02,0x83d31f9152564d8f137b07efa7678d6047dcf56a3b6577586945b1ad555ab7ab,btc-updown-15m-1776378600
"Bitcoin Up or Down - April 16, 6:30PM-6:35PM ET",Up,BUY,34.63599,0.7271695442966317,0xc8f84a7b1abe9249a55ce4b54d71453724b3e267850955b259447021b3506722,2026-04-17 01:35:04,0x83479c6e38f191962c43b65d5e43a0d922d5fb3a2f28cd224b405079c800385f,btc-updown-5m-1776378600
"Solana Up or Down - April 16, 6:30PM-6:35PM ET",Up,BUY,34.78645,0.6407952954354522,0xe1a37ce6ea69e1a6aa5e290da4b463215ab8ab6939aa0a3cacfde2ea7d7f40c4,2026-04-17 01:35:02,0x785a646b26719dfecec56d43924c59442cd960fd8402391a13e60b37aeba21e2,sol-updown-5m-1776378600
"BNB Up or Down - April 16, 6:05PM-6:10PM ET",Down,BUY,34.30834,0.4998342230963754,0x4183898e691ace3bdbc066fe7b25e1ca2bc80867c7114f71f685658907c2c222,2026-04-17 01:10:02,0x55f7e25fa6c9b4c33b283ca7e714517f58677fc434e490477812bbc84471d9a9,bnb-updown-5m-1776377100
"Ethereum Up or Down - April 16, 5:55PM-6:00PM ET",Up,BUY,47.228,0.23,0x65d5fecd5ed0aab4eac0c1eaa011820eebf4f0160b2be21e44ad6ff30453b928,2026-04-17 01:00:02,0xf57a4838e086077e91e3cfb587e55b842553e8e9ccaf59642b9877fa58dbfb20,eth-updown-5m-1776376500
"BNB Up or Down - April 16, 5:55PM-6:00PM ET",Down,BUY,14.8056,0.82,0x7527af5d0fa518cc838fa406524999c03200bd7c42e65db4626d244dc7a99ddf,2026-04-17 01:00:02,0xadeeac509df807d216a90d2710094774d54ab0baf64afad7b03730e8925d34cf,bnb-updown-5m-1776376500
"Ethereum Up or Down - April 16, 5:55PM-6:00PM ET",Down,BUY,42.47049,0.6806487232574189,0x65d5fecd5ed0aab4eac0c1eaa011820eebf4f0160b2be21e44ad6ff30453b928,2026-04-17 01:00:00,0x5739b94b0dd68e968d4f1dfb1137fbdef166f2f25fb998055810b11bb838091c,eth-updown-5m-1776376500
"Hyperliquid Up or Down - April 16, 5:50PM-5:55PM ET",Down,BUY,40.58922,0.643014882381181,0xb97a9b1e1f35e1984f8e15b9808fc411c55ae4d687513bb34e75ddcca8e06ede,2026-04-17 00:55:02,0xa22fac2bcaf9dcb7088c0d435f556d02fb9b5fad2455b8d62a9af7911d9be4cc,hype-updown-5m-1776376200
"XRP Up or Down - April 16, 5:45PM-5:50PM ET",Down,BUY,37.327529999999996,0.7649934158546221,0x0c6187d94262045b338bf2fc6fa37026f93a65b761861eb70f15c545e4056daa,2026-04-17 00:50:02,0xc89501822b2b02881a3b72abef04268dc6a6ca4bdefd3856e727c8c107dac893,xrp-updown-5m-1776375900
"Ethereum Up or Down - April 16, 5:40PM-5:45PM ET",Up,BUY,162.33105999999998,0.26359001283397504,0x7b1a8d5931d01abe4dac9ec7f8cb0c1a9033111847e24f14955d43b82f94d6c6,2026-04-17 00:45:04,0x95b152820daae0285d06c6aa1e61131173440313bf89f0ca2857c0e2a28f8b2a,eth-updown-5m-1776375600
"Ethereum Up or Down - April 16, 5:40PM-5:45PM ET",Down,BUY,43.6418,0.65,0x7b1a8d5931d01abe4dac9ec7f8cb0c1a9033111847e24f14955d43b82f94d6c6,2026-04-17 00:45:02,0x5cc57f8116b4cd19cd7e7f69b6352f7301fd6c4c884364087a3fcdcbc8ccfdc3,eth-updown-5m-1776375600
"Hyperliquid Up or Down - April 16, 5:40PM-5:45PM ET",Down,BUY,20.96506,0.6923320895522388,0xe322615ed94cb385cb2f87c5c8423bbbc872dcc3f441ac32d31bef7daf2b6ca9,2026-04-17 00:45:02,0xbf82b6dae6a15118b220961338f9e86d57d4fb0b467c2165bf87b36a623d42ef,hype-updown-5m-1776375600
"Solana Up or Down - April 16, 5:10PM-5:15PM ET",Up,BUY,29.532,0.7833333333333333,0xa9115ae8c760a2dd47ed2b4a1df998870ecb18602cf8592da8c62854d6003e92,2026-04-17 00:15:02,0x3067669f20f4858dc4e83a06408520d5a2581bd0c7aa165c6abd81bf655c1a1f,sol-updown-5m-1776373800
"Hyperliquid Up or Down - April 16, 4:10PM-4:15PM ET",Up,BUY,9.6724,0.545,0x817b58cb792b90255dee83eec4f8950e9ad6863fa713951e1f7ee60e18323c46,2026-04-16 23:15:00,0xf92425f77e349385b1fca239670ac9503022245056af78a68e46f6d1a2c89d81,hype-updown-5m-1776370200
"Dogecoin Up or Down - April 16, 3:45PM-3:50PM ET",Up,BUY,14.0604,0.13,0x513afbcf97f68fbacf911d650c423921b7de908322579d7b51f6db6b8d5ea4cb,2026-04-16 22:50:02,0xd7de4f9bf9c42c5ad2a64d4928e216ff984a65ed96b37740a35345a9ed9d9f95,doge-updown-5m-1776368700
"Dogecoin Up or Down - April 16, 3:45PM-3:50PM ET",Down,BUY,4.9244,0.79,0x513afbcf97f68fbacf911d650c423921b7de908322579d7b51f6db6b8d5ea4cb,2026-04-16 22:50:00,0x089c8a1ae7fd4cb5d8c481f7efadb84e5c734796c339f503c704d4f50da30200,doge-updown-5m-1776368700
"Dogecoin Up or Down - April 16, 3:30PM-3:35PM ET",Down,BUY,34.79582,0.79,0x7584efd2a47e9b3441b76e32d77bbfbca8a7ed78aeb5a331e88aaf4f3a1dd793,2026-04-16 22:35:00,0x28e36c4b77027891736852a68db863c1dd99c2ef1b076975b7cbdbe6b486e318,doge-updown-5m-1776367800
"Dogecoin Up or Down - April 16, 3:15PM-3:30PM ET",Up,BUY,13.38334,0.61,0x07314d52d031f1f0166df61a3a468be852eae2c3ae58e6f08a8c6747a4b3ea90,2026-04-16 22:30:02,0x82eab97ba0d2c45eda2d394aa5449c08bfbc7a27ffa8bf6efb6c824a3c2d4f9b,doge-updown-15m-1776366900
"Hyperliquid Up or Down - April 16, 2:40PM-2:45PM ET",Down,BUY,23.76793,0.82,0xdf4c34158c99c85497d04ad8f87e7dbf9fb520db7901a8bc40a2e6df94dc1b8c,2026-04-16 21:45:02,0x123b06a87cc1b2b3927863b3d36b03c3a5cb35410bfb7105cdaa346907baee01,hype-updown-5m-1776364800
"BNB Up or Down - April 16, 1:45PM-1:50PM ET",Up,BUY,14.7516,0.77,0x7b763386d0320848a1b64379ca5453c7dc5cd4297f40d1e03d54b3297d5420c4,2026-04-16 20:50:02,0x47484e5d2e6808845fc53dce3cee17ab26f6fe4c6586144d885614555134937e,bnb-updown-5m-1776361500
"Ethereum Up or Down - April 16, 1:00PM-1:05PM ET",Up,BUY,28.64994,0.8134435261707988,0x2c684c0f9e70405e0beef0aa0e354878b1241d673565da43c026588a50e855cb,2026-04-16 20:05:00,0x8c60c2663f8ef85628f0b23873d518716bbb5701dff49ee326cc69ec139fcb33,eth-updown-5m-1776358800
"Solana Up or Down - April 16, 1:00PM-1:05PM ET",Up,BUY,53.588179999999994,0.5094959495949595,0xeda0b35a567c8ef0b085a05fb53c858883faee141bf90f71a6ed61fa6dc750f5,2026-04-16 20:05:00,0x704b675189c7de71ac4e5522908ce24fc861816765aa0c2104b5efab95c2e9e8,sol-updown-5m-1776358800
"Bitcoin Up or Down - April 16, 12:45PM-12:50PM ET",Down,BUY,40.760149999999996,0.7,0x3012541bde1da1cd9b91e542feb42c5cc01c995100a1904badf7fd85c6911d46,2026-04-16 19:50:00,0x6214b30c4da644da05f6f48f7541b622899a23e49bad83587abe62b6c80da08b,btc-updown-5m-1776357900
"Ethereum Up or Down - April 16, 11:45AM-12:00PM ET",Up,BUY,35.6652,0.6526626571897212,0xffa16118e5e563d4cdac0cae5e69fb11b5c7913e6defea87ad064603184a29ac,2026-04-16 19:00:02,0x6663f2298373d013354388736168ed1728ae7d6fd553c1d87131cfadcfeb2ba3,eth-updown-15m-1776354300
"Hyperliquid Up or Down - April 16, 11:05AM-11:10AM ET",Up,BUY,16.14695,0.6781488203266788,0x80b04f610e56f8baeb69a9acbfd80bc0ee2a1c2cad2d3d0bb1b45f7c8613f655,2026-04-16 18:10:02,0x360e196a3996584a24befb2a1f3e164c421f88f8bdcc0cdf13d64eebdf4be062,hype-updown-5m-1776351900
"Hyperliquid Up or Down - April 16, 11:05AM-11:10AM ET",Down,BUY,76.14156,0.3350906589971239,0x80b04f610e56f8baeb69a9acbfd80bc0ee2a1c2cad2d3d0bb1b45f7c8613f655,2026-04-16 18:10:00,0x430a2f47e74cefb0f5b79df5335e98e223310aaa4c220d6d8bca76ba7853d47e,hype-updown-5m-1776351900
"Bitcoin Up or Down - April 16, 10:45AM-11:00AM ET",Down,BUY,100.03001,0.5421394044856922,0x9c57ee3a86e96fa12013cdccdd4e0eb622c0bb82fd65bf851d2d995f0c28f29b,2026-04-16 18:00:04,0x1e5910776cf9532cc3df3f9cba5b66523017a7eca0ca035941f936d8c6655be0,btc-updown-15m-1776350700
"Solana Up or Down - April 16, 10:50AM-10:55AM ET",Up,BUY,22.79023,0.3495441237975742,0x7cebdf02244c0ab5e189814c5d03ce12b1a6456ccb82f9f4f1cb8c1212b99f45,2026-04-16 17:55:02,0x46f6b4a92c2f5cb50b2bc4c97384a6e610a58f8c35800e2080e897c483ed334c,sol-updown-5m-1776351000
"Hyperliquid Up or Down - April 16, 10:30AM-10:45AM ET",Up,BUY,5.73648,0.39,0xa745522885a626aa9e59f5480d11916fe49c43c708065895207264ca3421bc1d,2026-04-16 17:45:02,0xd22381cd300ae3cdf6132eced3bda719d57679fb9854fbaf81afa50522e61518,hype-updown-15m-1776349800
"Hyperliquid Up or Down - April 16, 10:35AM-10:40AM ET",Down,BUY,36.596619999999994,0.6726467449306297,0x8362bf57bffb18c7ad5c0c966b276c468d03720b09176bac13ec011a7bb1a54b,2026-04-16 17:40:02,0x0bf38942a24a31b5bc5dc1e0affb541f3e1ed8ad3efc25bf2f9c66c8b8f44c9f,hype-updown-5m-1776350100
"Hyperliquid Up or Down - April 16, 10:00AM-10:15AM ET",Up,BUY,40.84762,0.5389940828402366,0xe416bab1a7126e0144f1ecf7cc1b9b8b065c45acff46b70bf0b7259bce0c0399,2026-04-16 17:15:00,0xdf5e743952bd0957afcadac51433dd91852dd012a920c12b853a3f4f0da11264,hype-updown-15m-1776348000
"Solana Up or Down - April 16, 9:25AM-9:30AM ET",Down,BUY,54.07813,0.3811660777385159,0xb7a5941fae2d0edfe70be9b46b13fb028c00e380d25d7a715cb13987724f06d1,2026-04-16 16:30:02,0x71757c5b7df6654874a27d89ac0eeccef7f6e90608c5bd2dcf271ed910ea7517,sol-updown-5m-1776345900
"BNB Up or Down - April 16, 9:25AM-9:30AM ET",Down,BUY,3.1782700000000004,0.82,0xc3428fecd968edef9671df096a9db2643eab441cb7fb444b44a32cceebe5c0e1,2026-04-16 16:30:02,0xcc4da08346ce3470529a566c6a0a6f12c2e2d4a79f19a5dc7df0f9855a290f1c,bnb-updown-5m-1776345900
"Solana Up or Down - April 16, 9:25AM-9:30AM ET",Up,BUY,4.856,0.6,0xb7a5941fae2d0edfe70be9b46b13fb028c00e380d25d7a715cb13987724f06d1,2026-04-16 16:30:00,0xe2d75eb81478f8afaba4332f70aa4b3c93c7e3f11a52822b29b41b03d087df89,sol-updown-5m-1776345900
"Solana Up or Down - April 16, 9:20AM-9:25AM ET",Down,BUY,29.5752,0.8033333333333333,0x8cd3add95c1898b8a502f5439201c9b8ca0a5d89112a45f09c7e6195e46ef954,2026-04-16 16:25:06,0x4591370e17fd62403fdfe2d24b28fccdce0925226cbff9d137b7ab91a699b90a,sol-updown-5m-1776345600
"BNB Up or Down - April 16, 9:20AM-9:25AM ET",Down,BUY,70.572,0.18,0xec9c96518c8c70fb37a15f3467c7a692a573229d642fdfd5ace7f3acff60d296,2026-04-16 16:25:04,0x913cb1ac054add607180a70ea64a1a48ba25af5e45aae5e66053c1449e006fee,bnb-updown-5m-1776345600
"Bitcoin Up or Down - April 16, 9:20AM-9:25AM ET",Down,BUY,6.65732,0.85,0x05d45bba1e659a372111a01425db85a7326ad2aa7268f3e8077c379497cf1846,2026-04-16 16:25:02,0xe07883c64f93df5cd1f120e1006f84c560452a81fe182e43a11219dd5b004276,btc-updown-5m-1776345600
"BNB Up or Down - April 16, 9:20AM-9:25AM ET",Up,BUY,23.13079,0.31,0xec9c96518c8c70fb37a15f3467c7a692a573229d642fdfd5ace7f3acff60d296,2026-04-16 16:25:00,0x812f8034516bc7510c6d4b5ddf8f4e0ab7f402fe6da35ad7e051bcbbf7707bac,bnb-updown-5m-1776345600
"Hyperliquid Up or Down - April 16, 8:45AM-9:00AM ET",Up,BUY,29.5896,0.81,0x43c1f238ac548970e028a5848c3aa99dc55b214364bd3afe5668d327f0a84664,2026-04-16 16:00:00,0xec54b2fad2b115e7542b2188381466e4638531e1b1654ddfcbd26e86e57238c5,hype-updown-15m-1776343500
"Dogecoin Up or Down - April 16, 8:55AM-9:00AM ET",Up,BUY,34.846689999999995,0.81,0x8abcc9817ab2d8b39819f261f0c49084ce123a900cc1f2c0aa8ff0450737c71e,2026-04-16 16:00:00,0xaae29740ffcf38656f20ceb20ecd9f0a6e2a82a7e792835380d8f21f7d53c991,doge-updown-5m-1776344100
"Solana Up or Down - April 16, 8:50AM-8:55AM ET",Up,BUY,35.66011,0.6544325950232431,0x75d62877b8fce32f31fb9b6ecc53233f220862dab38635cb33271cdea3f7aabc,2026-04-16 15:55:00,0xe2653714ac8f4a5244717cedf155815bbcf6d280f29cb6290ea77001e15e0a6a,sol-updown-5m-1776343800
"Solana Up or Down - April 16, 8:30AM-8:35AM ET",Up,BUY,13.37478,0.71,0xc2d791c8c5ca4bc43967f65dad76c45c97085f6df800cbbeb3931a6af7580011,2026-04-16 15:35:02,0x181e6c43efc10868a8b559b3777527785f21b417839c369febd643a513b471d1,sol-updown-5m-1776342600
"Bitcoin Up or Down - April 16, 8:30AM-8:35AM ET",Down,BUY,37.177189999999996,0.71,0xb3e0ff9a752a4af3ebf3525501aa6c974748335deb23737566cd6e28287d5f06,2026-04-16 15:35:00,0xd3b4b571d139ae6abccf7867e53aee8649f93d9de31336ecee0beac78c4c2857,btc-updown-5m-1776342600
"Ethereum Up or Down - April 16, 7:30AM-7:45AM ET",Up,BUY,19.7696,0.84,0xcb0b54cd26d8944c016565ae06d64511acc77c797e32edf1d09778c7afb40f72,2026-04-16 14:45:02,0x33e7abb79205ac4c59f70521fb3030fd461e41f985f673e4d1793a7c19367033,eth-updown-15m-1776339000
"Bitcoin Up or Down - April 16, 7:35AM-7:40AM ET",Up,BUY,74.04533,0.3654903982471968,0x059ab5c32d2fe75a20be0f8814e2b804c50d7c99e59e383aaca608f4bddce95d,2026-04-16 14:40:00,0x635c87d8d8a4b5fec6d925d6d1a9a32c5829c149f3152475778a05c460837792,btc-updown-5m-1776339300
"Solana Up or Down - April 16, 7:10AM-7:15AM ET",Up,BUY,36.523430000000005,0.81,0x0eb83442fc32bf81e407427c9ead6a4c335fc8bf159866281d1bf8ea16730052,2026-04-16 14:15:00,0x3ce924ea0348a584d28d20d5cdec3baf2e0436668ee29e1fd8946e06099df094,sol-updown-5m-1776337800
"BNB Up or Down - April 16, 7:00AM-7:05AM ET",Up,BUY,14.7408,0.76,0xe1a38317ebf16d1671360e47693f9ea77dbfa6500785cac103ac6ecaa486db5d,2026-04-16 14:05:00,0x10c3ff40085deaee79321decf8c3e347be68d67f1e70597cb64ae74fb275f77c,bnb-updown-5m-1776337200
"Ethereum Up or Down - April 16, 6:05AM-6:10AM ET",Down,BUY,24.2296,0.572,0xe5c6bfffe4274726fe4d467983baa1817461e8585506b5ba45bd684239cad1c8,2026-04-16 13:10:02,0xde3286a16c57d2e0b2a8dad5b7918f4ed5564479dea09daed2184523d87b5df6,eth-updown-5m-1776333900
"BNB Up or Down - April 16, 6:00AM-6:05AM ET",Down,BUY,27.54071,0.747825311942959,0xc1d725a6bd4aa7d3214dc786f79a17ccd24ad752d0c25a490f319a1ed2913e4d,2026-04-16 13:05:02,0xe88559973c7f54e01f384a0fd64faf77150c0848e7c8d6f948b04a327f5a77c2,bnb-updown-5m-1776333600
"BNB Up or Down - April 16, 5:55AM-6:00AM ET",Down,BUY,9.5068,0.315,0x0e22cd03fcfa74bd2f1762b39014bca49b690e0adb0600df959c3d688efdc6cf,2026-04-16 13:00:02,0x4ab4aaece5e2f43c8c50d50ef28b22dea82067a70b62d45c76c8d8b45f9295f7,bnb-updown-5m-1776333300
"Solana Up or Down - April 16, 5:35AM-5:40AM ET",Up,BUY,34.846689999999995,0.81,0x984fe9597608da6219d1e38f53fa1460c89f7aa1821f845f7fa98b24fed7fbd6,2026-04-16 12:40:00,0x774585c2979143c0123b191b853eb6a428ac82fb8ef7899108be183d102ea4af,sol-updown-5m-1776332100
"Hyperliquid Up or Down - April 16, 5:05AM-5:10AM ET",Up,BUY,109.12480000000001,0.5,0x167c6f751f69d7ddbb0946e2f7e98282249da048f234fc205481faed7de78726,2026-04-16 12:10:04,0xb859f9c8671ffa40148e45f8a6e9189b8c6a0e99e8f0ace44667527e03b2e527,hype-updown-5m-1776330300
"Bitcoin Up or Down - April 16, 4:45AM-5:00AM ET",Down,BUY,43.056059999999995,0.61,0x9235d19b85aead2e2a56a4968674de098319eecafc4df39fa3e60664d41075b4,2026-04-16 12:00:02,0x608dccb0e776478027b15dc81b0a13b3ff0c31b33ac7ebaa742ccc8d895b48f9,btc-updown-15m-1776329100
"BNB Up or Down - April 16, 4:50AM-4:55AM ET",Down,BUY,4.9028,0.73,0x4e6d4f334aad13a3038cd0f75a83594021f0b0c17645e7c6c5504df482b7188c,2026-04-16 11:55:00,0xdfb9515f966acb8b5391d59683c839145f29ba4f2f90d1302c320712bfe20104,bnb-updown-5m-1776329400
"Hyperliquid Up or Down - April 16, 4:50AM-4:55AM ET",Down,BUY,16.8078,0.7387565674255692,0x94b13f7ea65975aa8939c4864ef89c44a3b9d289abb5f13b8d4a5274f565b778,2026-04-16 11:55:00,0x0ec9c61766c76a9032180d92ff3e3bac2b46a5cf23651a339d146c50512b9762,hype-updown-5m-1776329400
"XRP Up or Down - April 16, 4:40AM-4:45AM ET",Up,BUY,36.49677,0.8,0xfe3a08a0ee3e6f96d5f5481e323d5951cf19586540989fa68fd0da61cf0a2fde,2026-04-16 11:45:00,0xb76f75034b5c8e8d7dc82516e27e1c410faf9447557deb851d52338ebbfa1a3e,xrp-updown-5m-1776328800
"Solana Up or Down - April 16, 4:10AM-4:15AM ET",Down,BUY,42.21705,0.5996733379342075,0xafaa44da983658175c890b5ea0f48ce66b2de43fdecd0954aed39577c528053a,2026-04-16 11:15:02,0x06a17917a922b02edd5614abb1a7dba6dfd8eed9c92ee9dfeb9c9e9e8c3d65c8,sol-updown-5m-1776327000
"XRP Up or Down - April 16, 3:35AM-3:40AM ET",Up,BUY,44.500119999999995,0.4514353550615152,0xf780e5e620fc70d80c10afbbf5a04c48c91c56794a40c64061ae079415919db0,2026-04-16 10:40:02,0x3780e9c2c531131f8a349e4e9f04155543da048b9b877f7ba1ac38d83561bc80,xrp-updown-5m-1776324900
"Solana Up or Down - April 16, 3:30AM-3:35AM ET",Down,BUY,41.90111,0.692436406067678,0x35894ccd7761d4eb85ea60e8e8d65786dcc8ea6efd95df7749837e759d817773,2026-04-16 10:35:00,0xfe8cc5dc70a0816b23cc50269aae952ee51bee413628d1a234f175af747f31c1,sol-updown-5m-1776324600
"Ethereum Up or Down - April 16, 3:25AM-3:30AM ET",Up,BUY,55.8312,0.035,0x437efba0b98682a41d037fbea07b93827925b4fccddbdded258443fcb1434f4b,2026-04-16 10:30:02,0x9ecda328011c6a9c8c7b13c414a620af7d55d13b0719111a003ea4c09c621b1c,eth-updown-5m-1776324300
"Hyperliquid Up or Down - April 16, 3:20AM-3:25AM ET",Down,BUY,20.75376,0.8371428571428572,0x6d225bfef90c0fa7f948addb2db40d62fa15231e36b03bc0f3fd82568b04742a,2026-04-16 10:25:06,0x7852d4e2cafbc245a36f3729117e19f8883bc9b2d4c01568ba34d34819ecb9d1,hype-updown-5m-1776324000
"Bitcoin Up or Down - April 16, 3:15AM-3:20AM ET",Up,BUY,37.28094,0.7479510139583883,0x93409ce2e4673f772b30e6b578381e5f59b9d78492c116181365968b3fee5b14,2026-04-16 10:20:02,0x9c815fba6bf21ecf7bc5486f76180580151e85ab320dac62e1aed2d17f6c1662,btc-updown-5m-1776323700
"Hyperliquid Up or Down - April 16, 3:15AM-3:20AM ET",Up,BUY,73.03223999999999,0.8054083974618604,0x8ba8cc48958040574dd0489c80844a27a85b10352eb80a7cd79393e9abf46cd4,2026-04-16 10:20:02,0x071ddbc8a1054bfabe1e024481cf01cb9467582d716bb20c80dc04f10232446c,hype-updown-5m-1776323700
"Hyperliquid Up or Down - April 16, 3:15AM-3:20AM ET",Down,BUY,57.22081,0.3566666666666667,0x8ba8cc48958040574dd0489c80844a27a85b10352eb80a7cd79393e9abf46cd4,2026-04-16 10:20:00,0x0503ebf2dcad6fcb92629d0fc3a890f6cef9ea420abb1a833fbc73d692b19fd4,hype-updown-5m-1776323700
"Dogecoin Up or Down - April 16, 3:00AM-3:15AM ET",Up,BUY,29.5896,0.81,0x148466a6321664eb3ac11431bfb3ae0a0af03c1e9f7cc40d1c2ea01e16067187,2026-04-16 10:15:00,0xc10915fd29fbc0d563b93ced6e6f820a966fe7a1243d6fd840258a6866cc86cf,doge-updown-15m-1776322800
"BNB Up or Down - April 16, 2:15AM-2:20AM ET",Down,BUY,36.89701,0.7766666666666666,0x96eef6570f17bd0957394c433142453b0794808b086a838ce1840258bdb4142e,2026-04-16 09:20:02,0x908b9ef86b26b5d1d3d903c948622b015cb37caa94b4244da86ebe0fbd4ec8bc,bnb-updown-5m-1776320100
"Ethereum Up or Down - April 16, 2:00AM-2:15AM ET",Down,BUY,85.60953,0.4708988764044944,0x3bdca5a8329c7aa4a6494d73c66400b263709353024631c08a25b763ff8702dd,2026-04-16 09:15:12,0xb87bf10012cc43e7c4cf1f3a480ea0e21e7128223cff6dfd06108e120637ccad,eth-updown-15m-1776319200
"Ethereum Up or Down - April 16, 2:00AM-2:15AM ET",Up,BUY,37.180009999999996,0.7110297603371083,0x3bdca5a8329c7aa4a6494d73c66400b263709353024631c08a25b763ff8702dd,2026-04-16 09:15:10,0x4f49f1529865cfbbb09cea6cc7e1b7aed59c2baceb90e7c1a12a5a32cded10eb,eth-updown-15m-1776319200
"Dogecoin Up or Down - April 16, 2:00AM-2:15AM ET",Up,BUY,34.650349999999996,0.732813472969148,0x1ed3976535ba6c88dbd8223d91ccdd64af49a974b447db9a7cfd5c29dee939e2,2026-04-16 09:15:04,0x616aff7fa1008ca934f44be2525c8a7a1449f7611b817e80b619cb52710cf24f,doge-updown-15m-1776319200
"Bitcoin Up or Down - April 16, 2:00AM-2:15AM ET",Up,BUY,74.79092,0.27,0xedf646b12ed0bd3360bf9e64412465e00ddca2118b49485ba542641aed977404,2026-04-16 09:15:04,0x7a012832b0f31208ae0717e090504a7e87ba30c8ebec98d02c2fbc3ea07c219c,btc-updown-15m-1776319200
"Hyperliquid Up or Down - April 16, 2:05AM-2:10AM ET",Up,BUY,20.22943,0.81,0x73538a0988cf8d6b16720a2c33f90b26b97c2ac2e0161f36608eb7f515c753a2,2026-04-16 09:10:02,0xeb9d19a057a6206d7f3b1c6a8d3fff495bc233f206af9139676085be7e048835,hype-updown-5m-1776319500
"Dogecoin Up or Down - April 16, 2:00AM-2:05AM ET",Up,BUY,56.634,0.22083333333333333,0x411f828972f5e473ab288d4db4a62790475bb5bcb1c70ffef1ec9d10a07df231,2026-04-16 09:05:02,0xabd63f1077accb5a35900eecc04778be67f680a5e851f19c5eb4fb26601ba509,doge-updown-5m-1776319200
"Ethereum Up or Down - April 16, 2:00AM-2:05AM ET",Up,BUY,38.78796,0.76,0x88d6e748173ee27c69620ad56e52d184f02f4a989a625309034b7bdd8f349100,2026-04-16 09:05:00,0x9c9f7ab44e092096d5ad7c4e1e545e4e08da3e35094d76ca40f48502e3589331,eth-updown-5m-1776319200
"Solana Up or Down - April 16, 2:00AM-2:05AM ET",Up,BUY,47.62198,0.56,0x478d8c6e44e690f45d97227b8f0b6e5b97c5461bf35c2ce73da088e3cc426398,2026-04-16 09:05:00,0x270ea278a8a98257d7ae79e40f08004559b62b04759d8aaad430c3caa501d410,sol-updown-5m-1776319200
"Solana Up or Down - April 16, 1:45AM-2:00AM ET",Down,BUY,51.30618,0.150192131747484,0xb1ff10378af8523a3f3f86a021f7d57a1dd71180c2352554577cbae4e0b0de06,2026-04-16 09:00:02,0xf7ebe4b9dd81b036551770837a18a9555bcb1130de4afec569ed6910c88c503f,sol-updown-15m-1776318300
"BNB Up or Down - April 16, 1:55AM-2:00AM ET",Down,BUY,12.798869999999999,0.6086104783599089,0xe4354e0ac2531bf478a3763725af9340d39d63f61697b2173c5d8de2032f2899,2026-04-16 09:00:00,0xf54372427fd865f3679c3aa90dcac4a33c9183a199a52f569b625fa9eab94957,bnb-updown-5m-1776318900
"BNB Up or Down - April 16, 1:45AM-1:50AM ET",Up,BUY,82.48002,0.4765966631664917,0x9441b1ad5646037b99247d2401cbb9ea36a030b8d9193bdfdb9013acc28bb88b,2026-04-16 08:50:02,0xbb1611d0f186a71f17e9aa1d1e6a67b33a2ee26f2c8cce91da2f0decdabffe00,bnb-updown-5m-1776318300
"BNB Up or Down - April 16, 1:45AM-1:50AM ET",Down,BUY,40.39844,0.3693667296786389,0x9441b1ad5646037b99247d2401cbb9ea36a030b8d9193bdfdb9013acc28bb88b,2026-04-16 08:50:02,0x8f0546a3e87f8e56129f19c2cf4f88ea9e4f02afdad8e6702388a4077747b2b7,bnb-updown-5m-1776318300
"BNB Up or Down - April 16, 1:30AM-1:45AM ET",Up,BUY,40.84762,0.5389940828402366,0x0c9b18cc4d14801f7e86c2b8eba2a5ba172bb088e49afd0705f3e037272f1cda,2026-04-16 08:45:00,0x6b5903a2930d321a33d81faa83642a0c08f63ebf73b790a238ca4dcb1c5e7195,bnb-updown-15m-1776317400
"Dogecoin Up or Down - April 16, 1:35AM-1:40AM ET",Up,BUY,34.846689999999995,0.81,0x26d2693dc292713337361a8f5b2a9df4a9146b93f204abe9eaf2320b5545ae19,2026-04-16 08:40:02,0x6efd0f9e54a683f8194533ad496096b846a2b9077e067b8600379c75746a0e28,doge-updown-5m-1776317700
"Bitcoin Up or Down - April 16, 1:25AM-1:30AM ET",Up,BUY,50.12903,0.34,0x7a7259ac512bec4b519b86801457bb30b9bd89300b49e953f8f6a1d1eea1513f,2026-04-16 08:30:02,0x97810e073b16b468f98ce1fa7ba03ffb891aec71ff88a3497181f0c35aa43ec8,btc-updown-5m-1776317100
"Dogecoin Up or Down - April 16, 1:15AM-1:20AM ET",Down,BUY,43.25061,0.5286419477328568,0x133f86252f3717b28891e7e0db787f875f792ddc7852adf9707985fc2450985d,2026-04-16 08:20:00,0xb06ffe3e43720991eb46a3917a096ca92442e7168486ea9285877c9483b13e9b,doge-updown-5m-1776316500
"Hyperliquid Up or Down - April 16, 12:55AM-1:00AM ET",Down,BUY,1.4192,0.52,0x1f2fa199c22f896aef15654a5564f65d9f1c6b396df37b261457b8de9a4d4a5c,2026-04-16 08:00:04,0x33fda10c889b0a03056daad6f374bdab54b67a18af59f6589e612f5027498bf1,hype-updown-5m-1776315300
"XRP Up or Down - April 16, 12:55AM-1:00AM ET",Up,BUY,40.221250000000005,0.7063494767583354,0xe5d8b5bfd7d122d985fd33752d5cfdbd3d3f77f1f8814e94941bc73a0b0a18e4,2026-04-16 08:00:00,0x0b37465aac9050bfdcde0e0ae914a1a96430983c75cc6cf48087dbc072c783e7,xrp-updown-5m-1776315300
"Dogecoin Up or Down - April 16, 12:50AM-12:55AM ET",Up,BUY,35.619800000000005,0.5,0x883939b6b0f59593ffc4e95ba2e0b2cbe7f69006b0c9ac1e01e5ac6760814281,2026-04-16 07:55:02,0x62545f87a78d59aec873cfbf6f88fc1838ec7763af123fc6e9202a82a871a5b5,doge-updown-5m-1776315000
"XRP Up or Down - April 16, 12:50AM-12:55AM ET",Down,BUY,35.296,0.8389778773452814,0xb80fbce84067d3fb1bc532c6eb421e5b15182a38e6f750d34fe1f433df3a0490,2026-04-16 07:55:00,0x41e4c152a29f0f469e6b4d5bfbb2e469dad2629659c0d02053cbc0f8e54c2a67,xrp-updown-5m-1776315000
"Solana Up or Down - April 16, 12:30AM-12:35AM ET",Up,BUY,1.02653,0.82,0xa43fa144378b64da25bc8cc4339f858ed2d56d57e5e0ee91247608a8c78be853,2026-04-16 07:35:02,0x05302e57bdca619bb9d654f5aa5bf17d045cbf3985a81e5a74883fafbf8e6f1e,sol-updown-5m-1776313800
"Hyperliquid Up or Down - April 16, 12:20AM-12:25AM ET",Up,BUY,26.13373,0.7156221889055472,0x4d2c894015e22b90934ddc69436724cfdc6dc980ca17626b5aeec1dc215dd400,2026-04-16 07:25:00,0xb1979c71df827a62de2fad375066c9068f61bfc40ca800469920244f8739b18f,hype-updown-5m-1776313200
"Solana Up or Down - April 15, 11:50PM-11:55PM ET",Down,BUY,11.4634,0.39,0x7d2524842b93f15e9efe01e6ce105f38a4eaef625f00d57ffb4b53b6bf96b868,2026-04-16 06:55:02,0x3e4ee4f3709efcb5e7db2f4af284030ba68273eb7a601fdc0d5723f90e4c6a99,sol-updown-5m-1776311400
"XRP Up or Down - April 15, 11:40PM-11:45PM ET",Up,BUY,35.985859999999995,0.774412247129579,0xf57c39cdef2602217d92feac21a60f749d0420e168334d3bcca729f7aa0c48cf,2026-04-16 06:45:02,0xeda084706d13ea79873d6b2fc89f0bac2be8a47854de2a552d93e7d7cb51eac1,xrp-updown-5m-1776310800
"BNB Up or Down - April 15, 11:20PM-11:25PM ET",Up,BUY,35.9859,0.7744259158009842,0x08439b039f8d2b9181d155f3ca04f10d08bfdfdf8c1adbbd6df0acb72fa6ed9d,2026-04-16 06:25:00,0xecbc2bb34227311f1042fddc64c2a3dbcc8efc92f602c8426771c730e3287c91,bnb-updown-5m-1776309600
"XRP Up or Down - April 15, 11:05PM-11:10PM ET",Down,BUY,158.76363,0.3,0x7ac1bc44f8c4fb7f3a7675753ccf393190a2932b08ef5a7aad2b27d6ac0c9df9,2026-04-16 06:10:02,0x7a34e125e76f10ae75282c22e6f4966289a4442edc043d3e463643169bba8910,xrp-updown-5m-1776308700
"Dogecoin Up or Down - April 15, 11:05PM-11:10PM ET",Up,BUY,34.81724,0.7984234361732239,0x00584d1a428c0d6c869907fbeda423897e66581c7e18835625a8bdbf0eb52747,2026-04-16 06:10:02,0xef3163b77a38c7165a67f941e53b27c9c1e766d6c7cca03e447cdf3f6eb82a62,doge-updown-5m-1776308700
"XRP Up or Down - April 15, 11:05PM-11:10PM ET",Up,BUY,35.9902,0.61,0x7ac1bc44f8c4fb7f3a7675753ccf393190a2932b08ef5a7aad2b27d6ac0c9df9,2026-04-16 06:10:00,0x3b3ea58db8260191991841549c949ff8469da5fc603e8cd578493abad84b6bbd,xrp-updown-5m-1776308700
"Dogecoin Up or Down - April 15, 10:15PM-10:20PM ET",Down,BUY,42.732,0.3,0x5ef1ae0c9053d2de3e5c225b2bbfd20634d2c832e5fa68d463e468cd2572d7b0,2026-04-16 05:20:02,0x753c925865640bd0a5282fd64936f5a67d4330a469ac28c008cb50d6cc2a0488,doge-updown-5m-1776305700
"Hyperliquid Up or Down - April 15, 10:00PM-10:05PM ET",Down,BUY,58.40162,0.36059784384188176,0x250da0ce3b2f2b9ae34b5b4f5bfcd147772653b9e4d607ce17e8653b0e27ad28,2026-04-16 05:05:00,0xc9c06d4c1b3635b1d7436912009f19a195a39ced27fff500d2b100fac1517123,hype-updown-5m-1776304800
"BNB Up or Down - April 15, 9:55PM-10:00PM ET",Up,BUY,90.95781,0.5863413333333334,0x59ea9848a8b3e9b4d0b5684945e87246d166efb1897548165f0d9a7431f67e59,2026-04-16 05:00:14,0xeda6dff7fa9f55c3da0f9d02d6c42475fd251eb9b1f5afe8c38e500981f6954e,bnb-updown-5m-1776304500
"BNB Up or Down - April 15, 9:55PM-10:00PM ET",Down,BUY,52.1092,0.27,0x59ea9848a8b3e9b4d0b5684945e87246d166efb1897548165f0d9a7431f67e59,2026-04-16 05:00:12,0xbc2ca07feea83a0db4ab026f2408f3b71d5fca0db1c80dad05afd79076f0dc98,bnb-updown-5m-1776304500
"Bitcoin Up or Down - April 15, 9:55PM-10:00PM ET",Down,BUY,86.78035,0.06,0x5dc1aad744e13a28ed6c6de5b374c59925f01ef315de981e35c078837ea900e6,2026-04-16 05:00:12,0x9de39c620c292ccd5c70ddf976b0df80fdefa82400b373ea24443e004d24b5ad,btc-updown-5m-1776304500
"Dogecoin Up or Down - April 15, 9:15PM-9:30PM ET",Down,BUY,4.50711,0.69,0x73391e35586b4033da22df9b4513807075ac2ba8b1010dd947ebf2d88e4ed643,2026-04-16 04:30:00,0xd83e1e5278c1f45950e78ce4588ba26c57d4fec8799aa223f0f4b866b312b505,doge-updown-15m-1776302100
"Hyperliquid Up or Down - April 15, 9:10PM-9:15PM ET",Down,BUY,36.7299,0.5463866210165921,0x6ccaaca2d6cc2eca1ea677364421dc9ff50d7f95b884ca4d5b3a8625c3ebb066,2026-04-16 04:15:02,0x0efa834687bc88e74d85bc9bab8f1081d8166348d10ed48f8fa9c019380fa35a,hype-updown-5m-1776301800
"Hyperliquid Up or Down - April 15, 9:10PM-9:15PM ET",Up,BUY,42.41319,0.7818472963564632,0x6ccaaca2d6cc2eca1ea677364421dc9ff50d7f95b884ca4d5b3a8625c3ebb066,2026-04-16 04:15:02,0xe7bc441e08f8ec0773c56530000d91809f3e3ccfbc33e6460cb1b3d6499a1e54,hype-updown-5m-1776301800
"Solana Up or Down - April 15, 9:10PM-9:15PM ET",Up,BUY,62.496199999999995,0.4219935592700506,0x5c3e01f8e9e7f7051dac999375e47f21c1db0b3a361b4ab42c0320a702d57962,2026-04-16 04:15:00,0x9096c6f37fd8bde3773868043d2828b98d7413bf249d44b1d60d77ffb2b9318f,sol-updown-5m-1776301800
"Hyperliquid Up or Down - April 15, 8:45PM-9:00PM ET",Down,BUY,29.5464,0.79,0x2078aeed54db6de9290eeeeaa610ddf599ac0480a1a55f72f70fed1ceda20157,2026-04-16 04:00:00,0xabbf0f6a36ede10680f9dc1215ab46a9d0b902b9777e34e259e1bdb9aecaa787,hype-updown-15m-1776300300
"Bitcoin Up or Down - April 15, 8:40PM-8:45PM ET",Up,BUY,91.04048,0.17767179911129483,0xae4c06e1f4348fecabf47aca5f8704b8dc51272c815093f6734b5d983cea1f1d,2026-04-16 03:45:06,0xa92d1b569944c7bb56b8304afcb54c2cb33ffd0f206618da715105ab53370cca,btc-updown-5m-1776300000
"Solana Up or Down - April 15, 8:15PM-8:30PM ET",Up,BUY,38.7379,0.66,0xfbdc7d02ccc31a1abc04be2f3a6d3a4cf35041f5702cd65d9a21d2700def1e3f,2026-04-16 03:30:00,0x72c9d945567b41b3e989236f9052cdb45ca6b593d8121e81082704f20fbfe79b,sol-updown-15m-1776298500
"Ethereum Up or Down - April 15, 8:15PM-8:20PM ET",Down,BUY,50.74969,0.3156200824278756,0xce261a904737f04aa2fb89a417fc6333e4c2b383fdd778e078966c376bab9469,2026-04-16 03:20:02,0xb94918aa42643fc233ef3c1caff1aac03a975aec4479b15f10ef4d6f9dc63782,eth-updown-5m-1776298500
"Hyperliquid Up or Down - April 15, 8:05PM-8:10PM ET",Down,BUY,34.79582,0.79,0xba86be3de259dad8f1344467f4bd5c9c0e9709f7f594c1a688a4420717434a32,2026-04-16 03:10:00,0xca9d4b290307e7b99c95f7cae4c7ebd13273de910d22546c975ab1179d6f0a1d,hype-updown-5m-1776297900
"Hyperliquid Up or Down - April 15, 7:55PM-8:00PM ET",Up,BUY,9.7768,0.69,0xfaabc57433511a1ae7aaeb1bc82722299d4bd325d99603c26146e09946ed8599,2026-04-16 03:00:04,0x2bf774e99516e2bed165d56a044f6e50ed488aa5fce4294e8569eb8d98e64a64,hype-updown-5m-1776297300
"Bitcoin Up or Down - April 15, 7:55PM-8:00PM ET",Down,BUY,66.69615,0.39,0x6be08c3f261e631d2bf9228a80afed846fcf743ba11eb9b71d6f963fe666a070,2026-04-16 03:00:02,0x74e3e66d2d64b56da92fc9905f93f648233feac4d8ede7086fe3e45d03738089,btc-updown-5m-1776297300
"Bitcoin Up or Down - April 15, 7:55PM-8:00PM ET",Down,BUY,66.69615,0.39,0x6be08c3f261e631d2bf9228a80afed846fcf743ba11eb9b71d6f963fe666a070,2026-04-16 03:00:02,0x1d670ef67604da7ca25fe6a510efce28c19b1850b8a23aa6f1621932b2d469d4,btc-updown-5m-1776297300
"Hyperliquid Up or Down - April 15, 7:55PM-8:00PM ET",Down,BUY,11.9072,0.79,0xfaabc57433511a1ae7aaeb1bc82722299d4bd325d99603c26146e09946ed8599,2026-04-16 03:00:00,0x27da1730e6c8ebd16d7263052df8251a003bd031e0d996e9cf13a25fbb3f8d8c,hype-updown-5m-1776297300
"Hyperliquid Up or Down - April 15, 7:55PM-8:00PM ET",Down,BUY,37.33681,0.79,0xfaabc57433511a1ae7aaeb1bc82722299d4bd325d99603c26146e09946ed8599,2026-04-16 03:00:00,0x8a8fd50dd3c6147cf4688979c71c2ef675aa39ba05a19555d7a1bc723d92c4ee,hype-updown-5m-1776297300
"XRP Up or Down - April 15, 7:30PM-7:45PM ET",Up,BUY,36.47674,0.7924871725627869,0xa041409d178f0a8899948318336afccb65fc5eb0ad4d3a486d51a2584fcc279b,2026-04-16 02:45:02,0xa04df6f6543d5365cfd233c1733b37b9fafdf47c90c0f38a50e213592ae8a4b3,xrp-updown-15m-1776295800
"Bitcoin Up or Down - April 15, 7:40PM-7:45PM ET",Up,BUY,37.82311,0.77,0x7b3e328589ae8d9587f8bda063fdece54b2e06522a945888858ef614c07cb598,2026-04-16 02:45:00,0xd357e7b6174625435e54c14396189d859050c9438be4bb3fc74e782c9bec335f,btc-updown-5m-1776296400
"XRP Up or Down - April 15, 7:30PM-7:45PM ET",Up,BUY,36.39013,0.76,0xa041409d178f0a8899948318336afccb65fc5eb0ad4d3a486d51a2584fcc279b,2026-04-16 02:45:00,0x6ef49f2871b370b2f9d7294dbcc4ea63ab8dd8ee4bc92cb93860ea54eb3881bf,xrp-updown-15m-1776295800
"Bitcoin Up or Down - April 15, 7:40PM-7:45PM ET",Up,BUY,37.82311,0.77,0x7b3e328589ae8d9587f8bda063fdece54b2e06522a945888858ef614c07cb598,2026-04-16 02:45:00,0x3c05cb17309464c4b6b26733a0b31eff19d5aeec9c5760d0a1ed8eb00cfeceb3,btc-updown-5m-1776296400
"XRP Up or Down - April 15, 7:20PM-7:25PM ET",Down,BUY,14.72836,0.84,0x9d95931e0c210d79c3099187a8328c6d135925602021a45d4bbf88a871fc8e15,2026-04-16 02:25:02,0x929b1785791465d07998810995dde63b52a2d7dd08432c2454d14a9cbab69fdd,xrp-updown-5m-1776295200
"Dogecoin Up or Down - April 15, 7:20PM-7:25PM ET",Down,BUY,11.62679,0.49,0xf1b43273b96486f780f00eea6524a120e9ebcdbe4ad739e05f90eca4da2c25a7,2026-04-16 02:25:00,0xf028f440b6bac7b40316b076ae9ec24e02ce7605b2883133632e8d55f4a1401e,doge-updown-5m-1776295200
"Hyperliquid Up or Down - April 15, 7:10PM-7:15PM ET",Up,BUY,14.7732,0.79,0x7902a412e0e449f9da9962194e10a44303741bbc0c826bfe2f184324a39fefb2,2026-04-16 02:15:02,0xac0be8c3725df53b1d5c20645fd674df6c27398e9adbb3aa62d7dcd4a52122e2,hype-updown-5m-1776294600
"Hyperliquid Up or Down - April 15, 6:45PM-6:50PM ET",Up,BUY,4.8344,0.54,0xaeb54d88e7955e460d2bf5a9c541df120863c2cc2e0f3e87ad5ce1ff1c9ec6fb,2026-04-16 01:50:02,0xdd3f870b0ad4792d7ea3e2130ad02d1983a01d0194dde17d9dc0858df35e078f,hype-updown-5m-1776293100
"Hyperliquid Up or Down - April 15, 6:45PM-6:50PM ET",Down,BUY,57.759440000000005,0.49250208507089244,0xaeb54d88e7955e460d2bf5a9c541df120863c2cc2e0f3e87ad5ce1ff1c9ec6fb,2026-04-16 01:50:00,0x3f068c3c55b8ac20ce1d876376a5bc244ed117f291e0e9eecbe4e0df67bafb78,hype-updown-5m-1776293100
"BNB Up or Down - April 15, 6:30PM-6:35PM ET",Up,BUY,11.01434,0.3329645635263613,0x1092e0375167cc0b68529f234ecbc1d0f3b2ea964bf6279dae7603f4ee4a4818,2026-04-16 01:35:02,0xfa4f2afaaaec2738d3a50597e61802aaa865bf0f3eec1372ed0d865dbdcdb32f,bnb-updown-5m-1776292200
"Dogecoin Up or Down - April 15, 6:25PM-6:30PM ET",Down,BUY,29.47993,0.5442913385826772,0xfbf13feedfb5d49a8b5d38ebb4fdf50ae331f1e17754217d5fcf027e570f40cd,2026-04-16 01:30:02,0xffeae0f0ff3368197ba2f9b4aa2c17ecd4c9a0ec579a25470795e900cb73d4ca,doge-updown-5m-1776291900
"Dogecoin Up or Down - April 15, 6:20PM-6:25PM ET",Down,BUY,36.50228,0.4631287858835923,0xfba9d1a6a34672cb2406c1ba65ba6762b29a80f2074d9674da114151ae651254,2026-04-16 01:25:02,0x6076a8b709767cf9fe1b1ab8e71aa461531d3bbdc28c4503098339e7f5cdd37d,doge-updown-5m-1776291600
"Hyperliquid Up or Down - April 15, 6:00PM-6:15PM ET",Down,BUY,29.5464,0.79,0x225888fe2889489edb622b9f5916d97a088ffae584287eb8f2214cea2300b469,2026-04-16 01:15:02,0x7ed0038991b51f196cffe78f053d8d4fbad7dcf9ddef8d1284a5389fe2f94776,hype-updown-15m-1776290400
"Bitcoin Up or Down - April 15, 5:45PM-6:00PM ET",Up,BUY,41.86274,0.68,0xdd9d88ba96d318fcded32fa38d2d38e234fcbb46855590332819de0770b3a2ad,2026-04-16 01:00:02,0xc4dfe2768f716143d19becbed39eae72f87672e67aca8feb92c57a04157b66c5,btc-updown-15m-1776289500
"XRP Up or Down - April 15, 5:55PM-6:00PM ET",Up,BUY,41.24395,0.6692781065088758,0x8f1c33b02bcd370ac256cb1106648832a6a14c530a9cc050b169bea5b7b1e486,2026-04-16 01:00:02,0x1104b02f90629b0b41139ef6e6b893def7e4c3f25d3526330dba8d3a2d235071,xrp-updown-5m-1776290100
"Hyperliquid Up or Down - April 15, 5:50PM-5:55PM ET",Up,BUY,13.44453,0.8110051357300073,0x5bf7a291d533d110969b48acb9e1d804eecec81efc7353589280bfe2c82277e6,2026-04-16 00:55:02,0x8fd3e12827c53ba5f99c5d319692c94193b397db0c9133773af838c7f04d5d9d,hype-updown-5m-1776289800
"Bitcoin Up or Down - April 15, 5:45PM-5:50PM ET",Down,BUY,62.58073999999999,0.44,0x47ad2fc87ce32d4dac1fbc1f73fd1909966241bb744198745086a3ba0cbdcee7,2026-04-16 00:50:02,0x9bb5bfcaa03c461915d7f0b0714f3e9564850f11eb3cb11575fa9469ad1afa96,btc-updown-5m-1776289500
"BNB Up or Down - April 15, 5:30PM-5:45PM ET",Down,BUY,12.06935,0.84,0x9a033d1fe1c03dbbb08605f4d1e09b94d2e10b542742c07891b603a4e3017f28,2026-04-16 00:45:00,0x01b9764c72adcf2478381f8ee5e1bad3a69a97e36e5fc4b54886c8d040643e7a,bnb-updown-15m-1776288600
"XRP Up or Down - April 15, 5:15PM-5:30PM ET",Up,BUY,64.58778000000001,0.2953027630805409,0xa9b34e61e355f4d7854d6ba3ffbf6cdced6b55ca0a2b61467bb1b3d779995820,2026-04-16 00:30:00,0x64ea1788022b8453e70aac0a85fe6eb9910c2130c55fb80724c4cca3203edd2b,xrp-updown-15m-1776287700
"BNB Up or Down - April 15, 4:55PM-5:00PM ET",Up,BUY,34.831489999999995,0.8040249080101897,0xdd7d26117b2b44b9933fea28bc71dac0f495338352e87d39747b88f3f5189e88,2026-04-16 00:00:02,0xe4ce4bfd11da9b1c8b1b5bf1a7198ddf58575844ecac6a29ccb6c0e9411e120c,bnb-updown-5m-1776286500
"Bitcoin Up or Down - April 15, 4:55PM-5:00PM ET",Down,BUY,49.33921,0.59,0xdae2fde4d80d87a1d1dab77fdab4b8236703c5609fcd712befb3973fda316230,2026-04-16 00:00:00,0x3a69d022135490517dcf82e537995baeb6868ff2164cb460493685ceca2504ca,btc-updown-5m-1776286500
"XRP Up or Down - April 15, 4:30PM-4:45PM ET",Down,BUY,34.923,0.84,0x52a3ee3ce6bbaeb9c34941f7739bbcf03ee389fe969125fb04621b1c40b92784,2026-04-15 23:45:02,0x59325e0a6019fbc1489f3f6221294192ce342a5d30f58e0643c1973bbe7e45ad,xrp-updown-15m-1776285000
"Bitcoin Up or Down - April 15, 4:30PM-4:35PM ET",Down,BUY,36.72569,0.713216,0x7adaff48a697ccbd22137bd4c6313f6d56be5a83997bdf8a8247c8c0f9ec6f73,2026-04-15 23:35:00,0x21017a3f60545d24f4769a67afb6a4d0babfb3a95e0f9a29d3b7e44869f328dc,btc-updown-5m-1776285000
"Ethereum Up or Down - April 15, 3:45PM-4:00PM ET",Down,BUY,57.2568,0.365,0xa526e3c57cfbea527520501e5763dff06093f95ed19e735d089d0b3d332c6a1c,2026-04-15 23:00:02,0xa6fe558a3a69da91b4d8197bf98d88fa0b1de9d8ea9eee14b8a2e2185e859095,eth-updown-15m-1776282300
"Dogecoin Up or Down - April 15, 3:45PM-3:50PM ET",Up,BUY,9.8812,0.835,0xad4a60ccc045a9fcb09b7fa8a6ba4a8032534497ac6abe80cee6de9267992048,2026-04-15 22:50:02,0x24120f313779af216fdf6b35f60eb5480952f6497db57ea182a0caf904796e22,doge-updown-5m-1776282300
"Solana Up or Down - April 15, 3:40PM-3:45PM ET",Up,BUY,2.48735,0.82,0x394135b9750d26c71433e6cedc8ad6bdb313e95309ddd90fe946c189f5fb9132,2026-04-15 22:45:04,0x84eebbe1cc0b99ff454f6835eb68e5369eb464e2a9a71adcad2359a2ce0cd2f7,sol-updown-5m-1776282000
"BNB Up or Down - April 15, 3:15PM-3:20PM ET",Up,BUY,44.86808,0.6142036836403033,0x36a84178dff3fdffb9be240a8433fad766e0407bcf2900e0b73dcfd45ded4142,2026-04-15 22:20:00,0x276410e241050de220e3c46530476be80a0fbb1ab2bf7b6cf326bd1e5dce4cce,bnb-updown-5m-1776280500
"Hyperliquid Up or Down - April 15, 3:00PM-3:05PM ET",Up,BUY,14.406,0.45,0x8b1c4c7654ae3c4c03253230791490896a254caa7e1c0ff62b9f765a48e38cf0,2026-04-15 22:05:00,0xe8500fb4e5ee94c920aafb016c4f6009467bc60789f4dd7b664e4088f17c5cc6,hype-updown-5m-1776279600
"Solana Up or Down - April 15, 2:55PM-3:00PM ET",Up,BUY,23.88463,0.29596184419713834,0x21ef82f46e831854b5e01ef2e29026d154e35fe069965ddc51039a592c4d81b3,2026-04-15 22:00:02,0xd7b3911f124983f8a575bbe353dd89dda73fe3a380569255e08350aba5d1d402,sol-updown-5m-1776279300
"BNB Up or Down - April 15, 2:50PM-2:55PM ET",Down,BUY,13.25028,0.35079136690647483,0x70c787927f6041dd81bf7ec1b9fe5ba43bf4b22285268ed28a8a7899fa408bdd,2026-04-15 21:55:00,0xc9e5b0a7794cd5a50a26b20dccc8aa121b1081075f707c52d377f76cb7d0f92c,bnb-updown-5m-1776279000
"Dogecoin Up or Down - April 15, 2:45PM-2:50PM ET",Down,BUY,47.71063,0.5850345668971126,0x2f805313a641895c6200aeef5c3da06e4b57afd848d3a641390ef8e269409698,2026-04-15 21:50:00,0xe61b944f6cca21db812ac3d5e5dcdb13f7d9c233ce6899c3524d5cca24d33f3b,doge-updown-5m-1776278700
"Dogecoin Up or Down - April 15, 1:40PM-1:45PM ET",Up,BUY,39.704679999999996,0.7138184509126788,0xc6b9a42ea8f85d83c029baed8fa6c68f940b1c637788f03b96e82a74e3e61548,2026-04-15 20:45:00,0x1506f7bfeb6e84030871494641416ff14b3cf090803e44a05836b5ad89a8d14c,doge-updown-5m-1776274800
"Solana Up or Down - April 15, 1:20PM-1:25PM ET",Down,BUY,4.9388,0.83,0x6c043cd6967f93af6a01598dc61456d8b68c22efa203c5dbf3e776f3ab584150,2026-04-15 20:25:02,0x8728f9926ee1a1ddac90e1580cd495595cd26fe21d724284c35bf12adf95b65a,sol-updown-5m-1776273600
"XRP Up or Down - April 15, 1:05PM-1:10PM ET",Down,BUY,91.67647,0.2689521545933657,0x9ce76e8448448d6a8787239b0211292e3992b9d0e121114be04a4835778e4315,2026-04-15 20:10:02,0x1abd91902afa12c32b2ab8a73e0783b4a3113abf8cfcc2c8ba5b275ee825b130,xrp-updown-5m-1776272700
"Bitcoin Up or Down - April 15, 12:35PM-12:40PM ET",Down,BUY,38.00013,0.77,0x425c141896f202fe9041226238473c8943ad925a5c682ff785c30dbe181a8db5,2026-04-15 19:40:00,0x3cc298c0a2eca27e34de5053f9bfacd03d8dda21759e2aabe844639f76766fda,btc-updown-5m-1776270900
"XRP Up or Down - April 15, 12:30PM-12:35PM ET",Up,BUY,13.49151,0.16,0xa29c18ea1e8e271f6c6dea0a8969442aa50fd3256d9fe245305daa47004ad170,2026-04-15 19:35:02,0x830d87997735737bd1eed4264cf658e2bb687362abec53bcb424670804df0162,xrp-updown-5m-1776270600
"Dogecoin Up or Down - April 15, 12:25PM-12:30PM ET",Down,BUY,18.74,0.125,0xfb3cd760a5f440fab366d582364153e8c6096abf8205ee4ef471641010292f54,2026-04-15 19:30:02,0xf3359983a65a8533f7fcabd705ece0fea418523312c0efbc4e671681668cc916,doge-updown-5m-1776270300
"Bitcoin Up or Down - April 15, 12:05PM-12:10PM ET",Down,BUY,41.83189,0.67,0x103672096544e5a3a6d1c0877baf51e19b1fbe2e0623a594d30bdfcaf943a06e,2026-04-15 19:10:02,0xf189076e9fbaa6c90f31246067543ce8bf2dee485db6c119492b2341c002c9b6,btc-updown-5m-1776269100
"Ethereum Up or Down - April 15, 12:05PM-12:10PM ET",Down,BUY,10.83644,0.2787489063867017,0xdaf55218ec2c258b28dd0a8f970601fbcfde4827af37d5f989d56e3fd46c3073,2026-04-15 19:10:00,0x7036b522b6edc59e4acd17f4dce64be546ac755448b3fdc81430d5ec58369bb8,eth-updown-5m-1776269100
"Hyperliquid Up or Down - April 15, 11:55AM-12:00PM ET",Down,BUY,15.3223,0.7091693290734824,0xb1d2e2d1f0ae60c218a8de5bde186c1c2935f34694ace17608ab836a0d0462db,2026-04-15 19:00:00,0x61c3ec6e01a75cbaeb30b28064e11fbb1e97d0e0475ae51a9756d5b1144d8d5b,hype-updown-5m-1776268500
"Dogecoin Up or Down - April 15, 8:00AM-12:00PM ET",Up,BUY,34.923,0.84,0x0d6a35f7981452a385dec36a244c0f70bd1149fce405b461c62561b28e02906b,2026-04-15 19:00:00,0xb1c10db7988d6b699edf77b464b6db31e0249b3dae708c31832e00cba88d517e,doge-updown-4h-1776254400
"Hyperliquid Up or Down - April 15, 11:50AM-11:55AM ET",Down,BUY,5.145930000000001,0.24919117647058822,0xfe3958b6451e240d9417e4f6ffdd93b26ecc328b3cb6f903365a6e543d3f01f7,2026-04-15 18:55:00,0xf479255610793ffca1e0b67183956275a17fe0bd8e4912ea885823448ccc7f44,hype-updown-5m-1776268200
"Hyperliquid Up or Down - April 15, 11:40AM-11:45AM ET",Up,BUY,14.8272,0.84,0xf3519bba74a6e05b8417cf1eccc70924cba7dad3e3d7af898907c3890e708c53,2026-04-15 18:45:02,0x53db94611b7c734670af60d92fddf30cabbc535cedd9c95e1d2140a1f23b939a,hype-updown-5m-1776267600
"Dogecoin Up or Down - April 15, 11:00AM-11:15AM ET",Up,BUY,20.83175,0.4504287690179806,0xb8a65986eb2403763c233407e2e66d7fc7334c99f77e694c1c24e5b735020d18,2026-04-15 18:15:02,0x7bef3b18808c1c28130ea01c0b6eae37305b9814cdb2ac36062e8179846c0bfe,doge-updown-15m-1776265200
"BNB Up or Down - April 15, 10:00AM-10:15AM ET",Up,BUY,31.947670000000002,0.622609622411693,0xed45c7a33d2923b2c44cc42f18750059eed7e0dcfb0fb550445c9d9699dfebfa,2026-04-15 17:15:04,0xea82ad55a6eaa50991542b1d0678b569c0d80b843eabf74b1578689c9f77359a,bnb-updown-15m-1776261600
"Dogecoin Up or Down - April 15, 10:00AM-10:15AM ET",Up,BUY,21.77013,0.49,0xf140e1e3aed679a94d48dd84a5963cf5a9751b4b90a5563efe4fe2eb8cbc5b20,2026-04-15 17:15:04,0xd8cbd8eba5c4f0f1fd1141e03e9e797a5d1ec9cd12a9ce37decbfb3e6fdae4b9,doge-updown-15m-1776261600
"Hyperliquid Up or Down - April 15, 10:05AM-10:10AM ET",Down,BUY,25.59435,0.49,0x4b41aa1a0f455d372da85f4ecd462563005e03475cf4e6a90c8392ad967b39a4,2026-04-15 17:10:00,0x22851709ffb965aa75c02b9d4a05837bb7a3149cfb0ea4141c5fbf7084b20b2f,hype-updown-5m-1776261900
"Hyperliquid Up or Down - April 15, 9:35AM-9:40AM ET",Down,BUY,1.26282,0.2,0x0a7af975922c5972efa40a5fa7dd4f559df0ed834bd08d0b572f9c2c4c9be074,2026-04-15 16:40:00,0x4bc2d3a1fae13635990299c7fa5ca003768bfa92b4187bb61c3def32582aeb00,hype-updown-5m-1776260100
"Bitcoin Up or Down - April 15, 9:20AM-9:25AM ET",Down,BUY,37.14968,0.79,0xe15ae7436fcc0c030b8f90918bcc70739d7f6dffe6fc1a28f07a7a2de2634dc0,2026-04-15 16:25:00,0x67d367ba5c97d59231d3a4f14e87406846d35ce01531e2d5da27c7c610051c89,btc-updown-5m-1776259200
"Hyperliquid Up or Down - April 15, 9:05AM-9:10AM ET",Up,BUY,29.407819999999997,0.5070416530009839,0x1b83e80f35f193d0766b1cd670ee6fc633b6da4a5ad8100ad499dc649eef2d09,2026-04-15 16:10:00,0xdd7b4e0233ce7ca4ef3982b844f1755afac44e5951ecd3286d829bf41d315617,hype-updown-5m-1776258300
"Dogecoin Up or Down - April 15, 8:50AM-8:55AM ET",Down,BUY,41.35904,0.5922436047876085,0x3d04477d35e105d4289551b40bc5605e4ceda158fb0a2a437208a297efe87627,2026-04-15 15:55:00,0xb54b4a1ad79606ebc9c89375022f473cbbdb32072cc998ed37a6a7bb46023d7b,doge-updown-5m-1776257400
"BNB Up or Down - April 15, 8:25AM-8:30AM ET",Down,BUY,27.56772,0.824756446991404,0x4f7894b5c1316fdc16acea2a82de83249001d096ade7b02e4ba09da10f3f8a91,2026-04-15 15:30:02,0x47c75b8fd18a5fb5bf957155928c2ef0e5a92513a592eabe19c1c0ed9b6300e4,bnb-updown-5m-1776255900
"BNB Up or Down - April 15, 8:20AM-8:25AM ET",Up,BUY,9.8668,0.815,0x004a1cd3b63353dd98d4b64cb9918356315dc4f301393d313217981092e71619,2026-04-15 15:25:00,0x01aa2632636a97d6d2e3b97ccdc01bdd2211389f87ffb7d3f712580c47f433c4,bnb-updown-5m-1776255600
"BNB Up or Down - April 15, 7:50AM-7:55AM ET",Up,BUY,10.733509999999999,0.4334048257372654,0x4741047385defec817bfc2842e7d416ebcaae1896db744e695dcbd3768a7981f,2026-04-15 14:55:00,0x728dac8bbd0b92206b383c856cee6fd0c805b0abfaf906199972719c0a65872a,bnb-updown-5m-1776253800
"XRP Up or Down - April 15, 6:15AM-6:30AM ET",Down,BUY,35.04151,0.74,0xe9fce381f4ba04fad75fb989be45f77e4f005434330016a64b12a222092d178e,2026-04-15 13:30:00,0x409ea5a3f515fcce5467092eb9b858800070af49fa9802f7300ff03d89fceff4,xrp-updown-15m-1776248100
"Solana Up or Down - April 15, 6:20AM-6:25AM ET",Down,BUY,5.73144,0.37833333333333335,0x27c20c42f64d937d97d083ca075bed7d367f2436e2e999516f4b8c4c0ffe419b,2026-04-15 13:25:02,0xf095058ebd2fe154b8d2abea7abd45f7afb8d73b589e62332ec28a0e7632fb96,sol-updown-5m-1776248400
"Solana Up or Down - April 15, 6:15AM-6:20AM ET",Up,BUY,11.65586,0.4023152709359606,0x69c1592be91bca25d90f7fcdc430026b2864ba648e02326ed7da668f8bf4ed77,2026-04-15 13:20:00,0x7c245d6da1f740436f2596f87ee0d9d0d36657276c0cd65f3d9dfd11514a39c1,sol-updown-5m-1776248100
"Bitcoin Up or Down - April 15, 6:00AM-6:05AM ET",Down,BUY,79.43016,0.35,0x0f0e79d24567e2b63f3921de8472015f259bd04a188d49a3783c69e5d2ebdc62,2026-04-15 13:05:02,0x06de67d29253365caf8c79c3e22edf9e3b153d081d723b053bbb8a82adae5ee9,btc-updown-5m-1776247200
"XRP Up or Down - April 15, 5:55AM-6:00AM ET",Up,BUY,34.1432,0.66,0xc8c7152164050704686dcefec282f5069b8855076f74fae57b7490f6663e3dc7,2026-04-15 13:00:00,0xe1a49f99bad0cc8a65401085d264c6789079c25058accbab44165687da484446,xrp-updown-5m-1776246900
"BNB Up or Down - April 15, 5:35AM-5:40AM ET",Down,BUY,14.00647,0.7914345991561181,0x432513de9df492e64e696aef58450c836d4872842edd2d32b25eabe48ac1ad33,2026-04-15 12:40:00,0x9a0c061a739875536c9bc73d2e6ab571dcdc6116dcd17f0a6cdf3f16f78663fe,bnb-updown-5m-1776245700
"Dogecoin Up or Down - April 15, 5:15AM-5:30AM ET",Down,BUY,35.83367,0.7352504790583082,0xac4a7a12e84d0078d33d20ffeb5ad791ad5244ff20dd6f0c41b5d7b8cdab7ca2,2026-04-15 12:30:00,0xa95526c06763af9296cd094b194b5d0f2da6a76cd6d9defc3b06cbdec1d3b2d0,doge-updown-15m-1776244500
"BNB Up or Down - April 15, 5:05AM-5:10AM ET",Up,BUY,4.8632,0.62,0x9b9f0149ab9a84cedfd49673853976d551eec5ae5d5caabda7a827a2180f2bb9,2026-04-15 12:10:02,0x683111653d9133a1c476e79e9874932971fe81199cb0284ac053b4caf9b9d35c,bnb-updown-5m-1776243900
"Hyperliquid Up or Down - April 15, 4:45AM-5:00AM ET",Up,BUY,40.97888,0.5821420118343196,0x20582fb81aa051435cad531b8fb5b79c299163e5a9ae38c32eeedcc501bf657f,2026-04-15 12:00:02,0xf0cbe6a538763ad5318c8ba5ac1811d66c992c9389117fbc2748c2c01667eaa7,hype-updown-15m-1776242700
"XRP Up or Down - April 15, 4:45AM-5:00AM ET",Up,BUY,79.30883,0.32977679107164287,0x534f03ed6da866288289d4c95c55bb14d71f5dfd2969727c3c2c581f95f3a8b1,2026-04-15 12:00:00,0xdb9a72a151cc451735d7d7bb2f0ede9349a48139ff9dddae11d31517b20fac5b,xrp-updown-15m-1776242700
"XRP Up or Down - April 15, 4:40AM-4:45AM ET",Down,BUY,15.741299999999999,0.8268632371392722,0x900c77e500b0a0a7fd4aeacbdb2d500efb1dde60c99ef9f2f7e7257ebfc450b1,2026-04-15 11:45:00,0x39d0bcecaad482279a03c1eae9bf96ad9c4b1c72b06ace689feffead9ee2ec41,xrp-updown-5m-1776242400
"BNB Up or Down - April 15, 3:45AM-4:00AM ET",Down,BUY,51.5892,0.43421718110821866,0x2782a0d981ea7dfe17bda679963b6249a2312174cecb16816e963dbbabcaf38a,2026-04-15 11:00:00,0x8371532e2cd221233b89d80124c884a977992216750d8216abd7f0ef152226b6,bnb-updown-15m-1776239100
"BNB Up or Down - April 15, 3:50AM-3:55AM ET",Down,BUY,56.40285,0.4769663879883979,0xc2259bbba9a45bf2b8afffbf2f51ad98ab95cefbca181face22d782a9c3b77b4,2026-04-15 10:55:02,0x0deb6c50775b7b8e397d240660a7c5c4c466a0ff52fa41bbfd3518449b60409f,bnb-updown-5m-1776239400
"BNB Up or Down - April 15, 3:30AM-3:35AM ET",Down,BUY,58.63929,0.41451813132963083,0x24691649991e9b4d0cf2a0bd784a289c6ba89cd8cc68b389cab66c0ab1101536,2026-04-15 10:35:00,0xc38c00a95433cac07eadf32053a93c021139b7a62a6992e544c38cd1ce52e8da,bnb-updown-5m-1776238200
"Dogecoin Up or Down - April 15, 3:05AM-3:10AM ET",Up,BUY,40.33354,0.37,0xc1692990d1c97741b0d503575209f32d7cd7e378ca2a770b5e899157a8532b01,2026-04-15 10:10:00,0x7b04c3f278b4654d9e7f759578fabb035c7423986d06381b2eea4a4f0c7fdb83,doge-updown-5m-1776236700
"Bitcoin Up or Down - April 15, 2:55AM-3:00AM ET",Down,BUY,35.41726,0.8246975188179537,0xd39c8d6258a7b16ad3cb27afbb143b58a2975071c8a0a641014b06279725fbc4,2026-04-15 10:00:02,0x28bc0b863715664309f2aefad063dd9f7df27b605b0bc11ce67177382c0e8628,btc-updown-5m-1776236100
"Ethereum Up or Down - April 15, 2:55AM-3:00AM ET",Up,BUY,9.8128,0.74,0xc4bc0c9183c3a2f488a5e38dadf74c453f41242779942f4f88f513e25c989ecd,2026-04-15 10:00:00,0x31d110d5ca3e1d59ac146c80aed0f2869c5127921fb4be8bad100fb4fe0c65a7,eth-updown-5m-1776236100
"Ethereum Up or Down - April 15, 2:35AM-2:40AM ET",Down,BUY,38.30403,0.7661498973305955,0xa76624b1ed6c74c2b1cfa78d13268cdec4271624344593f8d405e33803489588,2026-04-15 09:40:00,0x74cb8105f7d47c61953a8ce978b23ef125cf695d17d61f31976e38dfcd14a10b,eth-updown-5m-1776234900
"Solana Up or Down - April 15, 2:30AM-2:35AM ET",Up,BUY,11.192820000000001,0.664359197907585,0x7e51d9883b63e7fbb61cbb38bd29e60c4867e64d4d76ad8e1f444a1d79c34907,2026-04-15 09:35:04,0x2920d594759e467b52019124156e33eecf146e26c0c84fa7af473025a7073bd4,sol-updown-5m-1776234600
"Solana Up or Down - April 15, 2:15AM-2:30AM ET",Up,BUY,26.612190000000002,0.66,0xfd81ca5a7dad3d80f37d30ead37340a4d2fa24084ceab9860a85df03f34ebc03,2026-04-15 09:30:02,0x02912f55ee63180ab90aac8601074b8219c102a95dccb99af7feb71139f03b7c,sol-updown-15m-1776233700
"Solana Up or Down - April 15, 2:15AM-2:20AM ET",Up,BUY,14.604,0.6333333333333333,0x8d5f3c31b67863c9aff1e93c5cda1dccfafc9f8039be98f318032f13dd2a29a9,2026-04-15 09:20:02,0x35d3c48d1fb823f3d72862ea11f679c00d03a9880e2218a30458fbf8d29df4ce,sol-updown-5m-1776233700
"Bitcoin Up or Down - April 15, 2:10AM-2:15AM ET",Up,BUY,280.39012,0.09300020001333423,0x7208fe8949d771f03a32f6d64b52a193504fb1dce20e13af72ebdf19d08b6bef,2026-04-15 09:15:02,0x84dcd4ca77c5b121126cd047a50de1ec036966711e6b447cd8c99617fac3e80a,btc-updown-5m-1776233400
"XRP Up or Down - April 15, 2:10AM-2:15AM ET",Down,BUY,9.8884,0.845,0xd31bfa37175e24a0b0fef97aac5f04596b8e9db4276b0c6b640943ac634d26b3,2026-04-15 09:15:02,0x4f03207181460cae5790177fc2fadadde77d09b7a0556051a6537aba46090650,xrp-updown-5m-1776233400
"Bitcoin Up or Down - April 15, 2:05AM-2:10AM ET",Up,BUY,38.75954,0.75,0x6796532a4b5f7bfbf2359c9f8dbc081a2b98354b962513b15e4619626027f14a,2026-04-15 09:10:00,0xe901650f6943bbff4191258dca229f693231b7f63307510c6bf451c85bed1c96,btc-updown-5m-1776233100
"BNB Up or Down - April 15, 1:50AM-1:55AM ET",Up,BUY,6.5699,0.71,0xf26b5edc2d82a0654f4f1bc5274e6af9ba9e3c336d2195f850475d3755825eba,2026-04-15 08:55:02,0x3766e38c224767f62c8d8086fa4e51ad6ce60d4823b2607459b3999670807478,bnb-updown-5m-1776232200
"Bitcoin Up or Down - April 15, 1:30AM-1:35AM ET",Down,BUY,48.149179999999994,0.51,0x1fd1c1dbb97cf1f3c48487ed1dd7dfe76d463c0279c3bc26572e50453ff41415,2026-04-15 08:35:02,0x71f69348b26088f5912bb387b253b9980a04131ead889e05976236d37f527c8e,btc-updown-5m-1776231000
"Hyperliquid Up or Down - April 15, 1:30AM-1:35AM ET",Up,BUY,4.10095,0.77,0x2cad3d347bb9cd62f5a43848717893c9d96c2ffdd66f392a7792614be5aae148,2026-04-15 08:35:02,0x4c54a10ca88d2a7abb1741440a8ac232b5a1c560db838b3ab4ae87f9944a53af,hype-updown-5m-1776231000
"Solana Up or Down - April 15, 1:15AM-1:20AM ET",Down,BUY,27.14752,0.5771428571428572,0x1455a7a34ec41ff9c8b3002427ca0d8f5512a4ea2edcb7235489a8ffd2ab09d9,2026-04-15 08:20:02,0xd4a41f8bafcebdbfb537ebf3ffe380ecbe21f93a4643d12b43e1fcac12430638,sol-updown-5m-1776230100
"Solana Up or Down - April 15, 1:10AM-1:15AM ET",Up,BUY,9.334,0.075,0x65b1c236d699b5b013f96fc896c0d37d78f64141e301f43dc7e284292d373fd0,2026-04-15 08:15:04,0xf58f241faf7dafff277936ffae52d8b8ae6bb556e35732a0e13d2fb1f5a1a5ec,sol-updown-5m-1776229800
"Dogecoin Up or Down - April 15, 1:10AM-1:15AM ET",Down,BUY,36.873909999999995,0.79,0xe70d3d6bbecc6cb382c74b419393c89ab7d19eff5f7567a18ba2429f1218e65f,2026-04-15 08:15:02,0x3937162a0e4883130e7dc63899c8a1a2d21ea72a0b346039c58bc95d39955659,doge-updown-5m-1776229800
"BNB Up or Down - April 15, 1:00AM-1:15AM ET",Up,BUY,40.54342,0.43899408284023667,0xc7b93382ab8e0c83d818c1efb760de1c3fef59f0451efff856d415de37c6810a,2026-04-15 08:15:02,0xc6e6fb22a720a0561dcd35280f15c771d1632f3119c620b9b1efd8f466d61abf,bnb-updown-15m-1776229200
"Solana Up or Down - April 15, 12:55AM-1:00AM ET",Down,BUY,34.433209999999995,0.6474525898669686,0x800fec43f20f54ce097ecfc8c953960991164cf2a091a89a7de047703baece28,2026-04-15 08:00:14,0x602fac3a987195100f5d386ec330d14037d87371d8ce579a62f216065370c1a3,sol-updown-5m-1776228900
"Bitcoin Up or Down - April 15, 12:45AM-1:00AM ET",Down,BUY,14.13485,0.83,0xfb120fcf736da72295398a4336083532921e06c22be4413b8bcb90585faca111,2026-04-15 08:00:00,0xdf0d4ad6a0e14813c46204eadcbef7db718ed3e79cd21cc3ca2f54ea2adbf4ae,btc-updown-15m-1776228300
"BNB Up or Down - April 15, 12:45AM-12:50AM ET",Up,BUY,26.15721,0.81,0x9626a607f7ac40c544194a09ee55c091a9142b5ed0ab5100e5de67ce8c7b56cc,2026-04-15 07:50:02,0xa0493ea57eab90e546968ba99fe1b4a97fa6bfce8bb9cbf0f431cb8f714d5938,bnb-updown-5m-1776228300
"XRP Up or Down - April 15, 12:45AM-12:50AM ET",Down,BUY,4.9244,0.79,0x0cc2568c7c8d33461ad64dd6b27ed8b00a13dcd3e9e3c2accddbe3a41eb40cc4,2026-04-15 07:50:00,0xa44b2c9d75ec2e02d49ff66a03171edd9605c36d26ee5a09ce7a001ffc243d8d,xrp-updown-5m-1776228300
"Ethereum Up or Down - April 15, 12:40AM-12:45AM ET",Down,BUY,34.25304,0.55,0x406153a0f42116e1362c603f33d3fadf4c335c2728612ade9457e70a9dfc8dd9,2026-04-15 07:45:14,0x648951e92263b614c2a40040bb43d250541d1731e67086a5e450dafbaa24070b,eth-updown-5m-1776228000
"Solana Up or Down - April 15, 12:40AM-12:45AM ET",Down,BUY,4.6868,0.13,0xffcf33d09ecfdba6533a21388450596ae600501a4607317fffb2697f6dd6d105,2026-04-15 07:45:02,0x21a979f0c2777db8a6a9edfcaf9d7b5d3ebe94b813c83d0130d838f2a7efbe2b,sol-updown-5m-1776228000
"BNB Up or Down - April 15, 12:30AM-12:45AM ET",Down,BUY,48.757160000000006,0.4309913453973249,0x09c2bf15e8ae359bf9b762754e2932f60abc86574b745965aaec8a6db063d3cd,2026-04-15 07:45:02,0x27931131980d29196097b162941a0a2d6d2c14979c8b5f4b477a6928c95d1444,bnb-updown-15m-1776227400
"Dogecoin Up or Down - April 15, 12:30AM-12:35AM ET",Down,BUY,42.27706,0.6188474810213941,0xeb53a45aeea089ca23c1436591da2609e3050d6c1958e1d31298c1af243fe152,2026-04-15 07:35:00,0xd060db4f9b05f567eea6882b9c958cbb075b49c82d37724385f2be441ae8d1a7,doge-updown-5m-1776227400
"Bitcoin Up or Down - April 15, 12:15AM-12:20AM ET",Up,BUY,216.2764,0.1282665973305599,0x27bd098c212f20cebdff33d0ea07c9349a8c9ac84792dd8ea34ddb106618ad88,2026-04-15 07:20:06,0x3dbc23faee1a20ca23acc0d5f692c00a70202bf440b2f2021935e7fd46af1f72,btc-updown-5m-1776226500
"Ethereum Up or Down - April 15, 12:10AM-12:15AM ET",Down,BUY,88.88298,0.27896,0x5b675793e7497ac1fb8b1da3c8a3d93cbbcd318f2ace1cdd2a53c2425c7996bc,2026-04-15 07:15:02,0x23675a24be672b5d4924f730c9be7a360178be069f4d668fc4ab82bd2fd922bf,eth-updown-5m-1776226200
"Bitcoin Up or Down - April 14, 11:40PM-11:45PM ET",Down,BUY,69.9037,0.38,0x9cb638663a9d9df8ae3e981ccc15098f035b00dd5aadf00855810ed8c6ece04f,2026-04-15 06:45:00,0x2fc35325e433740c387d19539df002441f2aa5911adbbcfd108a14b6df7feb85,btc-updown-5m-1776224400
"Ethereum Up or Down - April 14, 11:10PM-11:15PM ET",Up,BUY,34.2549,0.5773563543730541,0xa7846f42b8138aa03e03d11e3e29fa4ea3660dd096f2465737f67f970b28531e,2026-04-15 06:15:04,0xa6e4778dae8432ab30f4086016ea664288b4a851a3c00c55a6692fba6f12e4c0,eth-updown-5m-1776222600
"Hyperliquid Up or Down - April 14, 10:55PM-11:00PM ET",Up,BUY,35.72718,0.8072398564725366,0xb02790c833faea367946b1769e221f624a446ab799662273f0a8b2bf71f32bf4,2026-04-15 06:00:04,0xe1d409a7c68b265453a4917732a9df02ae2dae3c3ec872b81e18f117bed87d49,hype-updown-5m-1776221700
"BNB Up or Down - April 14, 10:35PM-10:40PM ET",Up,BUY,42.843219999999995,0.51,0xc926ae6ee99b3bb4d20d61c4a52a9919164def5dfc9c9b2be7cbeb56f7525f4f,2026-04-15 05:40:00,0x2dcee7e3a6cadf6ec61d3d2fa735e8828ae5cbaf34ab0170be0e04b98778c701,bnb-updown-5m-1776220500
"Bitcoin Up or Down - April 14, 10:10PM-10:15PM ET",Down,BUY,43.638400000000004,0.648943488943489,0xbfc40c9c53c8498fabc43361ccb8b935cede792af15900898ef28cd38b3a986c,2026-04-15 05:15:00,0x5b77226091965f0e44153943c4ffff779c2538b791953ba62e7a6f4d74bdc4ba,btc-updown-5m-1776219000
"XRP Up or Down - April 14, 9:45PM-9:50PM ET",Up,BUY,3.25103,0.63,0x3b87a8fce37d64aff161eb33ce6937811673224e80a4772c01c61e50791f6aad,2026-04-15 04:50:02,0x3a98d30e3c5d7e60a7c5233dace1b4b967ea48abfe7db676b0786361c2e887fe,xrp-updown-5m-1776217500
"BNB Up or Down - April 14, 9:30PM-9:35PM ET",Up,BUY,34.59231,0.71,0x838f681e3694c717e3c779c71fb1632feb7cf9032e7cb3265acd03453437053a,2026-04-15 04:35:00,0xad094bb5de89076b5804c7277f96e3b40bb6a2847e8bd67d7b413e581ab6a452,bnb-updown-5m-1776216600
"Solana Up or Down - April 14, 8:45PM-9:00PM ET",Down,BUY,35.48557,0.7484947426674046,0xf218d49e92536607607a5a03e6b09df5bb9c3b7b5d56a77156eb4a136544c818,2026-04-15 04:00:00,0xa5f77c4e616a3be2b3d63b20179bcd8b3f30385468796517ba7e7d98d577bfc1,sol-updown-15m-1776213900
"Bitcoin Up or Down - April 14, 8:45PM-9:00PM ET",Up,BUY,34.923,0.84,0xb77537a7327d7a1159bbc886f493a6067f3afda0ac74c54c2b021181afcea95e,2026-04-15 04:00:00,0xc73b977d8ebf66ad3337fb78db860aa756748a81ef384d79ac4dee0f2fd6dca8,btc-updown-15m-1776213900
"BNB Up or Down - April 14, 8:50PM-8:55PM ET",Up,BUY,34.955189999999995,0.81,0x3bcbfcab70a0415e3011affc095bdf680c16481d47c101b17dc1edf80a5dcf35,2026-04-15 03:55:00,0xfd725c861aad446b57e07bb97c8c5d936a6f9e9f5ef07f0488fcefeedc1262b8,bnb-updown-5m-1776214200
"Ethereum Up or Down - April 14, 8:25PM-8:30PM ET",Down,BUY,36.704660000000004,0.3660998439937598,0x63f496b662cacc353072cba73b9edbfe0ef046005b0c74280e581f37d3068721,2026-04-15 03:30:04,0x92aefc92f282235c764a34c4bc90a793953f99c03bb108a37872744b2cde46d8,eth-updown-5m-1776212700
"Bitcoin Up or Down - April 14, 8:15PM-8:30PM ET",Down,BUY,34.516,0.68,0x1e1933ef03850072c899065c1a780f2d6fd5309d46a5a66a1eec1f5a42709a9c,2026-04-15 03:30:02,0xbaa7f70c1108ee8d4193c6c8e15b61e6adfab0d41827d156982541555e18ce5b,btc-updown-15m-1776212100
"Bitcoin Up or Down - April 14, 8:25PM-8:30PM ET",Down,BUY,57.84,0.5,0xc9704dc3f67f87da5f0002f449d9275b5b74fa86ea0a3c383f379c8b3e22855e,2026-04-15 03:30:02,0xb9fd210139cc409d7fc0928f8c334776cb77655d2e48dd5ee6248f07e36270e6,btc-updown-5m-1776212700
"BNB Up or Down - April 14, 4:00PM-8:00PM ET",Down,BUY,13.374789999999999,0.77,0x1802fcaf80fe688676a2c5057a34ddfe30fc100b78452a5419beae00ba10cb90,2026-04-15 03:00:00,0x26a502bf95b03a7799d0d1540d42475db9c7f5eb2f5ea6fbbaeae4f344827410,bnb-updown-4h-1776196800
"Bitcoin Up or Down - April 14, 7:35PM-7:40PM ET",Down,BUY,38.67429,0.72,0xaaf9b2faa5c8c9faabc4a4ea1cc757eb86aa3f8c915e49011559e9158ff89d68,2026-04-15 02:40:00,0x5e0e7790a168582706aa64ed259c384a0a781ca4b20b1532c9580d07788e8282,btc-updown-5m-1776209700
"Ethereum Up or Down - April 14, 7:25PM-7:30PM ET",Up,BUY,10.38856,0.8395147478591818,0x526ad96cfffea2154af659fff0e56b5ac83c444952123e66de15805c5131e654,2026-04-15 02:30:02,0x8ab947a7b771b7319c43312c75594d6e12441de04d5e4de9ae783b55cf1ac081,eth-updown-5m-1776209100
"Bitcoin Up or Down - April 14, 7:25PM-7:30PM ET",Down,BUY,38.258720000000004,0.75,0x933102d22521819c82dca15c0f6cf1f2b2fbd006066c8944527ded9cbcd1715d,2026-04-15 02:30:00,0x34778ff5a843c568ef45ba2c3221d3ffb7c147d8f91c42e13e6329114c69d90a,btc-updown-5m-1776209100
"BNB Up or Down - April 14, 7:05PM-7:10PM ET",Up,BUY,35.56164,0.71,0x3e110d816f1aefeb84f20d11ac2c054eb4e278228f3c7f5ba7d8e00dd48af85f,2026-04-15 02:10:02,0x680552d77492c002a8d316998f09ed38a0a78fb4ebe108476f4f21deb0f66154,bnb-updown-5m-1776207900
"BNB Up or Down - April 14, 6:45PM-6:50PM ET",Down,BUY,41.87379,0.49,0x6e134c24f0dc7b15541eb128f83add676b0da6d02314fc627ba52d32a0029ea6,2026-04-15 01:50:02,0x21b0757b413d90e9a2efe83f2b5eb3b0c9c33e66ad0d3bca8d6ac410e5ebe6e9,bnb-updown-5m-1776206700
"Bitcoin Up or Down - April 14, 6:40PM-6:45PM ET",Down,BUY,37.34122,0.77,0x0df2c3583182b14baf852ee1683b66872203a2bd03f383c2b9b9978d4b94bc70,2026-04-15 01:45:00,0xe41a626626c4005b0528170fe45a930b0e1627adb8c99d9bb0f3814e8df330fd,btc-updown-5m-1776206400
"Ethereum Up or Down - April 14, 6:10PM-6:15PM ET",Down,BUY,58.86585,0.46591636720026136,0xd84d1e0a9c781584469de6bc12ea69237ce5ce3f0230b79995656909fce36373,2026-04-15 01:15:02,0x9db200a61682b3d780ab57437bf60f67a76a99113f6679b3438a4f5dc6eaafe7,eth-updown-5m-1776204600
"Bitcoin Up or Down - April 14, 6:10PM-6:15PM ET",Up,BUY,11.25892,0.58,0x9c064acd31e355fc9d04621f15206cfee1244e64e25de6b991ea5a4a3aaf2229,2026-04-15 01:15:00,0x998c4dd3f3774987a40310c8c84cd1ada87bc1a108e04a4bb1b01eab6817b061,btc-updown-5m-1776204600
"BNB Up or Down - April 14, 5:55PM-6:00PM ET",Up,BUY,34.846689999999995,0.81,0xa645105fd06f6d6bed2ed6df003212660982cba7aab930657ca7508cc22282b9,2026-04-15 01:00:00,0xbaa067b08bac72ca5d4eafced9f620dfa50857f9f46a5a6c5729207a73b80737,bnb-updown-5m-1776203700
"XRP Up or Down - April 14, 5:30PM-5:45PM ET",Up,BUY,44.072610000000005,0.5790869086908691,0x3403cd3cf52487f603c6c489b9a594b1507ed410e47a4e59dd5776e890f8dff6,2026-04-15 00:45:02,0xb9ab03971bc9035ba31fc6ef8eb0decae9f3db07bbabe228d56dacbd9a9d96cc,xrp-updown-15m-1776202200
"Bitcoin Up or Down - April 14, 5:35PM-5:40PM ET",Down,BUY,39.605959999999996,0.68,0x250c4e3c7fcee2f0066970c4c7c2865ca586c912afc8fdce899e058d308969fa,2026-04-15 00:40:00,0xf7c87598daed8a33bca9687e668481ee45c5df852316dd7c6c40ad21a2aa2cbf,btc-updown-5m-1776202500
"Dogecoin Up or Down - April 14, 5:30PM-5:35PM ET",Up,BUY,20.653550000000003,0.81,0xab622fd1e65f421dcdb42062ad16e68d32e9a8aa34b67d65478254db86e66284,2026-04-15 00:35:00,0xabe164fd18a0ff14a0392cb3f2a6dfeba38a464d26338ac35c65cbd4775d84ce,doge-updown-5m-1776202200
"Dogecoin Up or Down - April 14, 5:20PM-5:25PM ET",Up,BUY,42.21241,0.5241386410432395,0x0da30454ee6fde6ea02df8ca7e2610ab7394804e1afdd121152628291c8bb6bd,2026-04-15 00:25:02,0x4e6d69bdbe4f8bbf9c1ccd2ff35b302f9dea91e0d56b1270c641316404241be5,doge-updown-5m-1776201600
"Dogecoin Up or Down - April 14, 4:45PM-5:00PM ET",Down,BUY,29.3304,0.69,0x2b3401dd3a81d7c6a5abdacdf5261fb4efcdc4356457763c92d39d0626a12f44,2026-04-15 00:00:02,0x1bb639f990e2e1e78109411bdbc7e26d2aae6002ba3673749ffd18d84e8df5fb,doge-updown-15m-1776199500
"Dogecoin Up or Down - April 14, 4:35PM-4:40PM ET",Up,BUY,8.79912,0.69,0xbe31c9a32256fcded55ebaa42303b1f61727b17cc83bc3f98e721bdfdd18b3c5,2026-04-14 23:40:02,0xd878271bbb9e73cc038cb2b47910bba0c72f3c35faff3a76dfd8a2c9ced916e4,doge-updown-5m-1776198900
"Dogecoin Up or Down - April 14, 4:30PM-4:35PM ET",Down,BUY,41.13024,0.25243386243386245,0xaab46fd756479278fb69694397309e2fea63812c97931816e2ff82901a1cc382,2026-04-14 23:35:04,0xc0328b610fb58c77e9a98859c8f7c51b9991be53d7db76a5b28d942a7cd1b1bf,doge-updown-5m-1776198600
"Dogecoin Up or Down - April 14, 4:30PM-4:35PM ET",Down,BUY,24.632,0.2692307692307692,0xaab46fd756479278fb69694397309e2fea63812c97931816e2ff82901a1cc382,2026-04-14 23:35:04,0xde1b1c838ffb58bafd159356390b8369bfafff32a8c6a63df4a9dc3d5675406e,doge-updown-5m-1776198600
"Bitcoin Up or Down - April 14, 4:30PM-4:35PM ET",Up,BUY,34.79582,0.79,0x99f337278c1b6716753b5135be1a939659b18399ba1a114c871f9c10b0b20e73,2026-04-14 23:35:02,0x07e6fa9b3dba65415dc1fad7492bba0dcf12b48512c35156b49cd5d9cfbcb963,btc-updown-5m-1776198600
"Solana Up or Down - April 14, 4:30PM-4:35PM ET",Up,BUY,34.70727,0.61,0xe43019dacb2155179944d5e8f8bbda7a206033a1496b369d2e9febf0043bc224,2026-04-14 23:35:02,0x6e319ae65328628922f05b7e4c1cb7f81b06a411bb8b120063016519a5c39172,sol-updown-5m-1776198600
"Solana Up or Down - April 14, 4:30PM-4:35PM ET",Up,BUY,34.43848,0.5054606552786335,0xe43019dacb2155179944d5e8f8bbda7a206033a1496b369d2e9febf0043bc224,2026-04-14 23:35:02,0xa368d2c3a6650461f9c15b920a1a208ee1a2ae16a842ecb1c5f00e2376837d3d,sol-updown-5m-1776198600
"Solana Up or Down - April 14, 4:25PM-4:30PM ET",Up,BUY,27.65872,0.8307142857142857,0x80b3ee240b37cbcb4a7023355f97a3a6cd466549e5ff930f9ced8f5a75208551,2026-04-14 23:30:02,0xc1f4efd975de5c9877445620ca4af1fa1780cf006c311b1a2c84bed76b3b4080,sol-updown-5m-1776198300
"Dogecoin Up or Down - April 14, 4:25PM-4:30PM ET",Up,BUY,36.50132,0.7318162278344976,0x1bbfdd5eda82e36c2c530b1271eefc789279ab041601a2a6dce8d8f7bf75fa88,2026-04-14 23:30:02,0x25607862f8a8cdcb1c0a67e4de0f8ca5614fa2fffeeb601284a22c240ebcbd91,doge-updown-5m-1776198300
"Dogecoin Up or Down - April 14, 4:25PM-4:30PM ET",Up,BUY,43.862750000000005,0.61,0x1bbfdd5eda82e36c2c530b1271eefc789279ab041601a2a6dce8d8f7bf75fa88,2026-04-14 23:30:00,0xf8f597328a5050e2045152c48c1a179c0714effc83c75bf9b344500d50839efc,doge-updown-5m-1776198300
"Solana Up or Down - April 14, 4:00PM-4:05PM ET",Up,BUY,23.16138,0.7015504858470638,0xc132f6fb25ebca38c48b55721b4236308e7e8ea50276a8d853dccc61af855d85,2026-04-14 23:05:02,0x5656fe40f08ac72816f072cc50c527c98dcab32faba79d597ee35cc276943860,sol-updown-5m-1776196800
"BNB Up or Down - April 14, 3:55PM-4:00PM ET",Down,BUY,48.607110000000006,0.39,0xb3138fa35cb9a4c2314a114e527c558dae0727f453ab9cb71306ea6962ca0c41,2026-04-14 23:00:02,0xde9f059718da40fab8b77ce73709e884daca6ba55cf2a83b3c3428adabebb82d,bnb-updown-5m-1776196500
"Hyperliquid Up or Down - April 14, 3:45PM-3:50PM ET",Up,BUY,3.3894900000000003,0.6,0x552b6a0d17947a324bc216e05a9d5a77cb9b3c9e753847df0cacd17e56e1c2a6,2026-04-14 22:50:00,0xca7c88545b5f4c401bce5904f49b7cdac5f15995d7a06bd2bef7f1c2297d80f2,hype-updown-5m-1776195900
"Dogecoin Up or Down - April 14, 3:45PM-3:50PM ET",Down,BUY,37.28712,0.39,0xde9c96e08278f4204d5027be83a9cd0eb7a54f3c3f93f59484c191f450ea6d1c,2026-04-14 22:50:00,0xef175f3eeab291ba3b333239e6fe9d6c7646b0597dc18fbdb3d58608516a893c,doge-updown-5m-1776195900
"BNB Up or Down - April 14, 3:40PM-3:45PM ET",Up,BUY,8.251619999999999,0.4218931475029036,0x31faf6c8732c220347ff2ec0f0e645aea9ddbd0f94366882ac41b2ab5fd217e1,2026-04-14 22:45:02,0x83e11255996d77d70febc73c5c36eb50db99e442d7512589b0b07448e861b1ec,bnb-updown-5m-1776195600
"Hyperliquid Up or Down - April 14, 3:30PM-3:45PM ET",Up,BUY,40.84762,0.5389940828402366,0x994b8b9803617a6d5f551dedd76b8ed902454e5af840e57a39b81ff851b68674,2026-04-14 22:45:02,0x3db572a095c48cc305a131051d616e722676320c6166fd22c406fc012a16d10f,hype-updown-15m-1776195000
"Dogecoin Up or Down - April 14, 3:05PM-3:10PM ET",Up,BUY,34.846689999999995,0.81,0x1b67dfa34e208ddaebe57838ba533a165105cb6cb4beebaba92cf9a7932a86ef,2026-04-14 22:10:02,0x5583653f922be2fd8a4a69b7594421071e1fe3f1a5c47e6a58414bc92c11bf4b,doge-updown-5m-1776193500
"Bitcoin Up or Down - April 14, 2:55PM-3:00PM ET",Up,BUY,44.27194,0.64,0x9998cd2f7ce23fd1a823a176a18582ef57a94f209a2776db552a1e577a0ab3e4,2026-04-14 22:00:00,0x221ecf290c3670fb8efe6ce84a98b5536121c8a21fe434fd20db6c6c9938a9c9,btc-updown-5m-1776192900
"Hyperliquid Up or Down - April 14, 2:45PM-3:00PM ET",Up,BUY,5.2275,0.81,0x947afebedf29ad7d64cba974b3e8dde4f5f458e9069d921a36356a02001c9066,2026-04-14 22:00:00,0x98f72d075e1532ca4051f9ee24a9402f52dc9a191253c174de5ab58f9681f4d9,hype-updown-15m-1776192300
"Hyperliquid Up or Down - April 14, 2:15PM-2:30PM ET",Up,BUY,50.9821,0.3661587420441782,0xd42a975f9bea75a5ce23a17c4ac90c0a48eeae847e55d6fe44335107ef212f88,2026-04-14 21:30:00,0xc8e4ddf4d96dbebafb642f7355c63b070f2956d0225e4b9433cfa1d8eb5e4893,hype-updown-15m-1776190500
"BNB Up or Down - April 14, 2:05PM-2:10PM ET",Up,BUY,41.06564,0.6106627218934911,0x2dc209c737ae5b095a5a55df7e5a9f6579ead8cddce5b93678d1ca2b23032a40,2026-04-14 21:10:00,0x454700cfc364f2eb3ba60357d81a52ad344876d3c0aa086769254c7dba8be64b,bnb-updown-5m-1776189900
"Bitcoin Up or Down - April 14, 2:00PM-2:05PM ET",Up,BUY,40.68568,0.6751728276524244,0x0ecee03dff7bc6f9ce1f147c3ae28edfda2bf862364ed1394397f8c90f5c3fc0,2026-04-14 21:05:00,0x28cd85200d591e43f511ec486d636ebc661d6f7b805ce8607aea9db44abf3b54,btc-updown-5m-1776189600
"BNB Up or Down - April 14, 1:45PM-1:50PM ET",Up,BUY,62.18520999999999,0.3334537660747091,0x125150116b5799ae8009cf125c805d4026b41f396b27404ed33259b7f3ddcf7d,2026-04-14 20:50:02,0x7aeb2fd57d97660f59b0b1be1ac3de4f30703e465c7b6004adac8e0432f870e5,bnb-updown-5m-1776188700
"BNB Up or Down - April 14, 1:35PM-1:40PM ET",Up,BUY,56.30924,0.40714382862971776,0xa81f2f6973b81d9a1fd82ec1723e866952995117a30f1f259b5b36f3d982e2a4,2026-04-14 20:40:00,0xf2a443e5712c480da248f0ea60f189b7c856f2bc339ce56e5d757db29b55b9f8,bnb-updown-5m-1776188100
"Hyperliquid Up or Down - April 14, 1:30PM-1:35PM ET",Down,BUY,9.4744,0.27,0xed07ee591beebcdbaf879556fe90229618ba34ecf53164f65878fd5e64670da1,2026-04-14 20:35:00,0xdae44a34ed04139b4cb4e203cc860b0eb8e7790e0ef0d8e60a526b5ab2de96a1,hype-updown-5m-1776187800
"XRP Up or Down - April 14, 1:15PM-1:30PM ET",Up,BUY,50.526939999999996,0.56,0x76cc7fe838925fc0886d77ebff32510d857acaade6e0e215cca3899832cd437f,2026-04-14 20:30:02,0x07ceb79825e902c27281427316955024b01f4025ddbc8f84f5ee265a5340d63d,xrp-updown-15m-1776186900
"Hyperliquid Up or Down - April 14, 1:15PM-1:30PM ET",Down,BUY,29.5464,0.79,0x9087d09956963f90c7ff907fbe1a8de73a8ff7f7377a29ac5c1da760a92f58da,2026-04-14 20:30:00,0x860ba41234c69e5cbda90bd43e35dceb9f3aed8c90ec5b7b500a1a02fc2e2dcf,hype-updown-15m-1776186900
"Hyperliquid Up or Down - April 14, 12:30PM-12:45PM ET",Up,BUY,36.040820000000004,0.6289846070753443,0xd8988a5d1b4e8fce8eefdc58471c41f60cd20d73ac5bcc452e7e60669689634e,2026-04-14 19:45:02,0xfa44f05833507c95d18e615f3fbcb63eeac874788698e142ad5ec556047efd1c,hype-updown-15m-1776184200
"Dogecoin Up or Down - April 14, 12:20PM-12:25PM ET",Up,BUY,9.26155,0.81,0x1303fe144c62209fe6fda2ed6b6cc427a9fce63f6e9fbdbda4da8632f69fe492,2026-04-14 19:25:01,0x8a173fadc4fefd23d91156398c09ced5fc83b327e2457fc5a9f87216e895116e,doge-updown-5m-1776183600
"BNB Up or Down - April 14, 11:25AM-11:30AM ET",Down,BUY,1.2822200000000001,0.81,0x7a94ad7b4ea63ab02660be3d8eb58bd0872cf71798ab922705c12599420d7993,2026-04-14 18:30:01,0x6f2cf8484c2535958c124aa21d75874dbb7257b47c3e83b564d1b4e4bc7cb266,bnb-updown-5m-1776180300
"Dogecoin Up or Down - April 14, 11:20AM-11:25AM ET",Up,BUY,34.08356,0.51,0x21a994f68d19cd0e8a5c45aa8c8d936475dac147e34d7c2ed011b7ee4ef90155,2026-04-14 18:25:01,0x6d51a3b0c1c0f217f042a501b49d692f69e55c7e76e47851a574a7ce5369e820,doge-updown-5m-1776180000
"Bitcoin Up or Down - April 14, 10:10AM-10:15AM ET",Down,BUY,36.96,0.8,0xb9364010a2999b5e20d0313ae635babf590b9adb3001a9696a05b399978fac8a,2026-04-14 17:15:01,0x67fa796928ee6248e77b365a26b4711fc34640a83f52f20b70be2ba8a682c5b2,btc-updown-5m-1776175800
"Dogecoin Up or Down - April 14, 9:25AM-9:30AM ET",Down,BUY,37.3959,0.79,0xbd76f32d9fc2bafc61f924ffe007e525d733008f99c3ad87461bb9368cb5bf3f,2026-04-14 16:30:01,0x83e5593b140164da28ae57311a07003bf01c24cff1d8f77b339dfe55ff00d4bc,doge-updown-5m-1776173100
"Dogecoin Up or Down - April 14, 9:15AM-9:20AM ET",Up,BUY,47.876,0.41,0x4caef1f181983ec3ed9af1ea39eed6aad23e2fba1d3396964e589146eb972a66,2026-04-14 16:20:01,0xc52ff3d150187179c811ed133ca518e42dc8e1dfb49deb06a6f4ea14f1243a38,doge-updown-5m-1776172500
"BNB Up or Down - April 14, 8:45AM-9:00AM ET",Up,BUY,47.32642,0.4765311102074014,0xd2d75f0a724536e258a3b9025fba86a9a9aa04fab5ac6df62f05ff44a99173ab,2026-04-14 16:00:01,0x971a1dfd81c84850e9478e6236c4480d0078db531a9c239b621349ef96b6fb83,bnb-updown-15m-1776170700
"Bitcoin Up or Down - April 14, 8:30AM-8:45AM ET",Up,BUY,38.876239999999996,0.43,0x69ac654287f33b41b4247a511579de4e5573febe3fa893c2d0a9a84409c716f6,2026-04-14 15:45:01,0xf4f5a0f7d906ff1f4eba85fa5d63b44e4e4304e305fc1c6df6ad10425da0a75a,btc-updown-15m-1776169800
"Hyperliquid Up or Down - April 14, 8:25AM-8:30AM ET",Down,BUY,16.56296,0.6429411764705882,0x719e9083c43a14e410758b9888a2a827aa7ebfdaa4476e0d1f426c6df4e6ca46,2026-04-14 15:30:03,0x62994620e8fed549ef4046acceda6bb42abb94e80ec6a504ba1e5e79a366a8e0,hype-updown-5m-1776169500
"BNB Up or Down - April 14, 8:25AM-8:30AM ET",Down,BUY,47.804,0.39,0xa661c25af5b5bc7dd3d48a2e54243fcce13919391df70adb6dc0733990abc5f1,2026-04-14 15:30:03,0x8246bae92e48c5b5fdadff067a38ea755a552b0eae91aeb34a7403edb3c991a7,bnb-updown-5m-1776169500
"Bitcoin Up or Down - April 14, 8:25AM-8:30AM ET",Down,BUY,35.78988,0.7,0x88e3cc2dd2b564babef8c34db7cea3a68815c3e814d7267e9a97c825d061dfd5,2026-04-14 15:30:01,0xdef5737e735745de2ca89ac343d5f501bbd69f389a02f03a7a06ec330b90f5a8,btc-updown-5m-1776169500
"BNB Up or Down - April 14, 8:05AM-8:10AM ET",Down,BUY,36.91271,0.6132552014748486,0xa6c38193685b74ae9f209ee3964f3c1e8d26b342df71acfa86df57e8bb517b58,2026-04-14 15:10:01,0xa408e7b5328b2d1045dd49bb78ed140595e138d893aea11b126e570114b2e783,bnb-updown-5m-1776168300
"Dogecoin Up or Down - April 14, 8:00AM-8:05AM ET",Down,BUY,14.44819,0.79,0xce66023986bdb2421e09e68a8ac40ecf700bb8246514b95aa999c09c7fb880a6,2026-04-14 15:05:01,0xf32bfcecac2dfba2d617dee1d27a9eb7248649fa3bbf6242c572321a51ce425c,doge-updown-5m-1776168000
"Hyperliquid Up or Down - April 14, 7:50AM-7:55AM ET",Up,BUY,15.35647,0.8271382636655948,0x19d06d4c5095bc3eec52a993f8f4a8a54abe498e1afe888186fae0401b2a5425,2026-04-14 14:55:01,0x6ac5c4ef0f04f4c34d7cd876a10670b4afd33a61a726d97b95f9e28af251eb88,hype-updown-5m-1776167400
"XRP Up or Down - April 14, 7:30AM-7:45AM ET",Up,BUY,36.17822,0.81,0x2253e6df724f32e661494ab8fcd10baf69508fa416c390dd14c01556af09ee2a,2026-04-14 14:45:01,0xa56709a8c6bf18ad2011af4744491f0528eb35b643697d9808eed9f6c9574d37,xrp-updown-15m-1776166200
"BNB Up or Down - April 14, 7:35AM-7:40AM ET",Up,BUY,56.44539,0.43929275756545394,0xdfb7493b4d2f431a2d4a52ee6281e60a301c62c981ba7798343a6178c0e11518,2026-04-14 14:40:01,0xe671ef689c48358dda79817a86ce959a98647e983b450de3a33090647f85a284,bnb-updown-5m-1776166500
"BNB Up or Down - April 14, 7:20AM-7:25AM ET",Down,BUY,12.406270000000001,0.83,0x233de173a91d5bc494e18284ebcac9421186986c2848c417228439bd0e42261c,2026-04-14 14:25:01,0xb060da2b1355f86676c08ecb9fa747a2cffd02f573bde7512d3913f70cb6c700,bnb-updown-5m-1776165600
"Solana Up or Down - April 14, 7:05AM-7:10AM ET",Down,BUY,42.64908,0.54,0x3ee3c8e31b0f0c161a0c1c745127dcbef9e2cfe01f959d68f5ab5d6389cb944c,2026-04-14 14:10:01,0xd9534ae81fb874d034ec904330a578fcde1c66a87a11d3d0fa558481cf2a4a24,sol-updown-5m-1776164700
"Bitcoin Up or Down - April 14, 6:45AM-7:00AM ET",Down,BUY,34.79582,0.79,0x1e61b082ddcbe57a903257280aecd7110e2b98aeb17fbc04385345c905c47527,2026-04-14 14:00:01,0x115ffdbfc4e4063133c33ea620abfeebb56b5405b1d2fa6540f6d33405451bce,btc-updown-15m-1776163500
"Solana Up or Down - April 14, 6:45AM-6:50AM ET",Up,BUY,34.846689999999995,0.81,0x475964d704b220eefbf45ed5ab8ff50134715afdfafcc3e8840d9cd3d1122596,2026-04-14 13:50:01,0x9ca6497fb4377c2ef57547ac12f3fa9acf0405ec3a9f1e157b415b632a4a9040,sol-updown-5m-1776163500
"Dogecoin Up or Down - April 14, 6:40AM-6:45AM ET",Up,BUY,1.3601299999999998,0.8,0xac09b0fa57ec5d239feb9f2a59318591b8e84cbc0237098754ac6402542736b1,2026-04-14 13:45:01,0x77f89ca2f8eabba35e09ce19aa218a2261d08390873d7a64fa52ce50c26da818,doge-updown-5m-1776163200
"Hyperliquid Up or Down - April 14, 6:35AM-6:40AM ET",Up,BUY,9.784,0.7,0xb0fa915ded2251219dcdecadb4b8cf9660e8972ab672dd1ec6d35570c163f2d5,2026-04-14 13:40:01,0x54840d57fd6692689c6651b6672a3a647fa3cc8cb97d1eb347f8a907a84a34da,hype-updown-5m-1776162900
"BNB Up or Down - April 14, 6:15AM-6:20AM ET",Up,BUY,34.59231,0.71,0xe0a7e55075b199d2935c9c121fdd9a6a484c5e4e45fe9355c87b93cf19302104,2026-04-14 13:20:01,0xc74308b97e1b80db2b2092621eec9af9061e74d079608658f450495f1f5e6c37,bnb-updown-5m-1776161700
"Ethereum Up or Down - April 14, 6:10AM-6:15AM ET",Up,BUY,34.44201,0.7785714285714286,0x5117aee7e03a7caaa49e3c0f9e4238fdf96589f22512f904ed1dd65b33504b61,2026-04-14 13:15:01,0x6f7c5dd8328033c0328ae1dd70d05d021cd3aac8c58c842aa06e98e779a0d0c9,eth-updown-5m-1776161400
"BNB Up or Down - April 14, 6:00AM-6:05AM ET",Up,BUY,34.846689999999995,0.81,0x8f23cd10469e53b37d3e5f8520128d26a3f96a23fde61b7dc053e6e7999d218a,2026-04-14 13:05:01,0xaebef1096564ad922649f8fd637e019d059334f3cde977a4931de296b965adb6,bnb-updown-5m-1776160800
"BNB Up or Down - April 14, 5:50AM-5:55AM ET",Up,BUY,9.8488,0.79,0x6ba79f0ea91cd2a1a9b4415c34a91456103fb6fab12698ace27adecef31b0caf,2026-04-14 12:55:01,0x23af6e5da894570e68f20b5c8b6c913b4767bbacd25386d7f9bcc05b93101a5d,bnb-updown-5m-1776160200
"Dogecoin Up or Down - April 14, 5:20AM-5:25AM ET",Up,BUY,34.96438,0.71,0x78d2df2192e028f9c21283b003d29c7e1256bf823cc70d2922a8f48f0a1a38d6,2026-04-14 12:25:01,0xf280124c53ada53c7213d14d80276f9938fb6e4d45dfa6a4feeed676655ceef9,doge-updown-5m-1776158400
"BNB Up or Down - April 14, 5:10AM-5:15AM ET",Down,BUY,30.01765,0.5123240115718418,0x14e50cfe22a77dd5c8d7e2936c4b812bb467b4b7983959a13be0fc9067c2a79d,2026-04-14 12:15:01,0xbb271aee72d01b131ea21439d6ffa29ce51762831f19d87905221866a3782996,bnb-updown-5m-1776157800
"Dogecoin Up or Down - April 14, 4:45AM-5:00AM ET",Up,BUY,47.30223,0.46969906466043104,0xf31fcfcf74f43e88bedcaba73d39e4c3418fc27a60825ebee7b67df3ab9cd48d,2026-04-14 12:00:01,0x9b14819aac0b5f966406e850f4a798bc995cc1304255fe9a383ca300f4f9786a,doge-updown-15m-1776156300
"Dogecoin Up or Down - April 14, 4:55AM-5:00AM ET",Up,BUY,40.75942,0.51,0xf14e47bd8b5542d8116d70ea5fac74a9d376e4f069d76d4d8f8f4862ef736dc7,2026-04-14 12:00:01,0x4c3ff51f6065dc593eea39cf513a61f506c8e295cacff0ff7c1ef29fa7bf2d7e,doge-updown-5m-1776156900
"Bitcoin Up or Down - April 14, 4:35AM-4:40AM ET",Down,BUY,36.565760000000004,0.8,0xadcf319f218aaf7a8af99ab7d8824206b6f76aa3d94a2465ef4b13e3329e5e76,2026-04-14 11:40:01,0x7a0d6eb78d17727a32a67963be2d6708e51ce8a9594828b100677469005e9150,btc-updown-5m-1776155700
"BNB Up or Down - April 14, 4:25AM-4:30AM ET",Down,BUY,11.823279999999999,0.75,0x64d489520715b90749592d80374e28676f22114f035c28a2fce4f388a3bfd77f,2026-04-14 11:30:01,0xf64191385a2dafe3149478cded830e958b94745308c1847d769cafdf8c53df80,bnb-updown-5m-1776155100
"Hyperliquid Up or Down - April 14, 3:45AM-4:00AM ET",Down,BUY,85.96482,0.20991223258365332,0x3ccbe57c7e2b9000f190fa9d822cb88e440bfec84405b35f5e0ac7c2fc2a5202,2026-04-14 11:00:01,0xe31997b1435e6807736cd5b264655d34299858402cc70c1c8992a4dadf954bfe,hype-updown-15m-1776152700
"Hyperliquid Up or Down - April 14, 3:50AM-3:55AM ET",Up,BUY,17.98245,0.6848152173913044,0x441635315c1ceed7b4a3ef86814de04bf4d507144245cf4a6cae4b69383ed63f,2026-04-14 10:55:01,0xca1b259bbf43226b547bdc6a9727c440def8f71a7e373b74eaac9e3300067f63,hype-updown-5m-1776153000
"BNB Up or Down - April 14, 3:35AM-3:40AM ET",Up,BUY,45.77072,0.5,0x8d1af435f8e3317a53e1a3204d512a436b8fb085f6bf113fde4d6ab44b9a581d,2026-04-14 10:40:07,0xac9ad05de922265aec66f5a474244ebf27f619f809e8883c9f594647ef1d85cd,bnb-updown-5m-1776152100
"Bitcoin Up or Down - April 14, 3:35AM-3:40AM ET",Down,BUY,36.0175,0.7789508196721312,0x8c90af5e0b0143e52ef8b6a39e0b8bc50b651aa52660ac8e61179fd4b88b85a7,2026-04-14 10:40:01,0xb45eff22ad805430236965b0d2b07c711a1c9c48437d9bd91132660ea875d325,btc-updown-5m-1776152100
"Dogecoin Up or Down - April 14, 3:30AM-3:35AM ET",Down,BUY,36.90342,0.6098577824598367,0xc5017173029e60fef641893080e44d2c390913212923235298fe5d37ebc6e493,2026-04-14 10:35:01,0x4cf3aa033ce5c0d0ddc24d2e01ba9be9efb909d57a149df67f2417867fd104e6,doge-updown-5m-1776151800
"Hyperliquid Up or Down - April 14, 2:55AM-3:00AM ET",Down,BUY,11.784,0.75,0x20441b17c98538de2b341036b5fdb6c177520334f269b7cf431474e5e0f5d669,2026-04-14 10:00:01,0x2fed28901754b7c5b79111578b694a6f97930cbae9dc9ef4d7a1e00908709611,hype-updown-5m-1776149700
"Bitcoin Up or Down - April 14, 2:30AM-2:45AM ET",Up,BUY,47.04193,0.6158660603555188,0x04b2b5c3e711e6ed49be96d2fc50fbbd1127725f8e6de94bb47ecd2258b58207,2026-04-14 09:45:01,0x29b729216204993d88eada8fc07bcc03a078a7faff9a8dde179743fe502e2e5d,btc-updown-15m-1776148200
"Dogecoin Up or Down - April 14, 2:30AM-2:35AM ET",Up,BUY,69.6931,0.3400259669263359,0xd29c8130c4d9bb0aeec57bdbbce0a65fb6041a49765b27948f63820057cf7b4a,2026-04-14 09:35:03,0xec3946c0e4b3adba5ecb336aae5dcaffb47f7a339a5e0b5d3971b99cd18c53ad,doge-updown-5m-1776148200
"Ethereum Up or Down - April 14, 2:30AM-2:35AM ET",Up,BUY,45.58764,0.62,0xc4717eb47e223efca4df4fcf3daabb765d035394141918b61377dc261df7031a,2026-04-14 09:35:01,0x43ed90a25b61486a6ed5dc0f135eea6734dceada033f3dec022a364b4047de5e,eth-updown-5m-1776148200
"Hyperliquid Up or Down - April 14, 2:25AM-2:30AM ET",Up,BUY,7.56796,0.45,0x197c52f368931611df5bd41a00c07e713bbabb9c83a44a724c1017a9d2273006,2026-04-14 09:30:01,0x7a8b7418acf454d068bb76853539c470f25f186d72a29ac15221b6b4fc8a37e9,hype-updown-5m-1776147900
"Bitcoin Up or Down - April 14, 2:10AM-2:15AM ET",Down,BUY,34.59231,0.71,0x9b6c1464f03ceeb83975a4814cebc3e3c2b457c502b19e477c631a3c5a0bd44e,2026-04-14 09:15:01,0xd142a2e50d565e9b0d4bd941e4425c26aa8e4f05f170d1ebd303a7becff975e6,btc-updown-5m-1776147000
"Hyperliquid Up or Down - April 14, 2:05AM-2:10AM ET",Up,BUY,14.2872,0.34,0x3b1679da1b45f67048c31bf82bd1b5fe03c9c823d285f2a721f858a8fea72117,2026-04-14 09:10:01,0x4d4a1d0d3da0779ba5a9936b202881466bd93d74fc199df5ae596c390cc6a8eb,hype-updown-5m-1776146700
"BNB Up or Down - April 14, 2:00AM-2:05AM ET",Up,BUY,22.36974,0.81,0xdaface24b1acf7ec86d660909a3c7daac5f6d3f56e5eb56194b898f8d0340b60,2026-04-14 09:05:01,0x562fb7ebd4ad9cd573671ee39566568cf6cf6adc7b0ebc07725e4cdb78333d0c,bnb-updown-5m-1776146400
"Bitcoin Up or Down - April 14, 1:40AM-1:45AM ET",Down,BUY,44.20003,0.4826922239163581,0x4be1348fffb4bb59f7227675f937331571ed6b19de0605d61c69418ee4deae14,2026-04-14 08:45:01,0x3364f5ad70a54d443f8562797398d3708cdbc615956e9d0009918a7b4ff9e77f,btc-updown-5m-1776145200
"Bitcoin Up or Down - April 14, 1:35AM-1:40AM ET",Up,BUY,41.21485,0.47,0x7301f3a9b670d3ece2ca74f32b4f97940909cf2e0ad59be54cf195d58b887ee8,2026-04-14 08:40:01,0x472fd066666196d98651edd7cfcf1c9d9199dbaafda19fa29f9a96547b2bf775,btc-updown-5m-1776144900
"Dogecoin Up or Down - April 14, 1:25AM-1:30AM ET",Up,BUY,19.64967,0.5154322200392927,0x2c961dc0172dc5df321c2c81ce92d0576e627f7bda9d488b38c66c4552342017,2026-04-14 08:30:01,0xad4b7f26eacefe786203f337489cde0b173aef7ce7cf909adcb090b9c78117b4,doge-updown-5m-1776144300
"BNB Up or Down - April 14, 1:25AM-1:30AM ET",Down,BUY,53.94801,0.49107142857142855,0x2a6f680365435ee40ec800b563aaa5d81309ddc46ae2e69f341829656f823f1b,2026-04-14 08:30:01,0x31901cb20187dabd83743cfd1a6c01d8f92f5ee82080f1f101a925b056927efa,bnb-updown-5m-1776144300
"Bitcoin Up or Down - April 14, 1:25AM-1:30AM ET",Down,BUY,34.79582,0.79,0x13f4c28fc68f8689e7312e820f49d383a69daa7c0b3b8e3b30fce45f06c62dff,2026-04-14 08:30:01,0xf5490b8020ba5593beea344e5b3bf682d3681fae0f36948a996b16ae5b2af147,btc-updown-5m-1776144300
"Bitcoin Up or Down - April 14, 1:20AM-1:25AM ET",Down,BUY,36.84779,0.75844,0xd3cc51de1847bf29f93e967ae27d907dd003018f9856e73f2aa67748862ea323,2026-04-14 08:25:01,0x0d0c151aa5aec0104d27c9c34a5662b0d5e05fe6555a32e36228ee20310edc73,btc-updown-5m-1776144000
"Hyperliquid Up or Down - April 14, 1:15AM-1:20AM ET",Up,BUY,24.64,0.8,0xe358ad65fd79f07d530c98330fb0286458dea1366801ab34d15753f92b8a0288,2026-04-14 08:20:01,0x10e4170fab5a66ae2b93c2e34829cfd0d5a39e5741af7d41b2409dc5ddf0e55f,hype-updown-5m-1776143700
"Ethereum Up or Down - April 14, 1:10AM-1:15AM ET",Up,BUY,36.41679,0.77,0x15a13afb185ec47a9b632421acb4724f1f16cb3ed905648483986122a874de93,2026-04-14 08:15:03,0x8fcc1c3a742694e23ffeef20176347de71c5e5ce5b0062ba506a3dcdcd18f11f,eth-updown-5m-1776143400
"Solana Up or Down - April 14, 12:35AM-12:40AM ET",Down,BUY,60.991409999999995,0.05583588019559902,0xf5c47f00bac487c20f423538e935a3e567c799e339f1aeeaa936ce08dfb2b162,2026-04-14 07:40:03,0x3443fb03a7ad17a2aa4a2e3a9af0d5253ce2f292d41cef2cf7cd0dbd33bb89e9,sol-updown-5m-1776141300
"Solana Up or Down - April 14, 12:25AM-12:30AM ET",Down,BUY,28.4304,0.2733333333333333,0x752b2f89d596eed0f0420dad5786092a72266b0792de2dae621efcceb98dcf14,2026-04-14 07:30:01,0x093ba39c65935ac540714e21fa833b047a35530fc58731c5035b6c1f67b49357,sol-updown-5m-1776140700
"Ethereum Up or Down - April 14, 12:20AM-12:25AM ET",Up,BUY,24.3628,0.646,0x777068b189909b89b6d1579d3082e1bf8f7d70d2f05eb2692c4c99ad96a86e86,2026-04-14 07:25:01,0xce55efc59df76c93c470ae24ef4637975385adcd9b8799da07f5a08521ba7949,eth-updown-5m-1776140400
"Solana Up or Down - April 14, 12:15AM-12:20AM ET",Down,BUY,42.23521,0.14666666666666667,0x772a4453eb67cb02160cb49bace4132b2c638c03b1d52dbcdb605340d4b712b2,2026-04-14 07:20:09,0x76dd534ecbc60071cb7eb9d54aa93762c0ab1c3b8b6bf1b82f23ab455dcf663e,sol-updown-5m-1776140100
"Ethereum Up or Down - April 14, 12:15AM-12:20AM ET",Down,BUY,37.30275,0.5926021337496747,0x61c4770115a79668f879c4eb05a3a1bb0d77591338760ccff7d160bd9410be87,2026-04-14 07:20:07,0x59743ebf3cd745778b0d772c26c9f9e32fe559b1dc8f300d5d351b6d6237defd,eth-updown-5m-1776140100
"Ethereum Up or Down - April 14, 12:10AM-12:15AM ET",Down,BUY,28.19822,0.5097365720150531,0xb5178aac6c3c22493000ea77e5cb0d3c8cb0bef982bbc58b5d5637181b5f9e3e,2026-04-14 07:15:03,0x9279ce8efb66b8b7f4000b963b54b426c088e11f88af6b7c187cd7073bb738ab,eth-updown-5m-1776139800
"XRP Up or Down - April 13, 11:45PM-12:00AM ET",Down,BUY,34.79582,0.79,0xc6d410a7563227ce79c207a38805bf1e09fe5afca70923dcbcec803b41c801b2,2026-04-14 07:00:03,0x844a94a7bd638946bc75f37a33ac8d20a6cfeedc04a086f99ffe2c22b9d6d11c,xrp-updown-15m-1776138300
"Bitcoin Up or Down - April 13, 11:50PM-11:55PM ET",Down,BUY,36.258,0.54,0x44639ef4f9637c8203daa58e0f102a21e66baf929fe74e11927622d9b7059765,2026-04-14 06:55:01,0x6dfd22d1692d66c582f449a167615eed57b327f7ccf4ac874b5e7b5d74e63c6e,btc-updown-5m-1776138600
"BNB Up or Down - April 13, 11:35PM-11:40PM ET",Up,BUY,28.64504,0.83,0x51680fe9e95d459188cad5c2176bac9d5bd085162c625f1b5e5f144d1bdd378b,2026-04-14 06:40:01,0xb1587285c0eaef1e8e7b679f6b3915df30c8442e4f08dac8e99343e3ae3345d5,bnb-updown-5m-1776137700
"XRP Up or Down - April 13, 11:15PM-11:30PM ET",Down,BUY,53.45448,0.4760666066606661,0xce938171668ba7648c8c7a5881dfec2a564da401a509038e02db478674978d28,2026-04-14 06:30:03,0x4ff05a5f63e82e44acb2273c97dfb663101022bc4f540c6091413ea47cdef22d,xrp-updown-15m-1776136500
"Ethereum Up or Down - April 13, 11:15PM-11:20PM ET",Down,BUY,59.68864,0.064375,0x45cf26d4a2b036cfcbc54115c80f57fec7ee44c453242a459531331995225c52,2026-04-14 06:20:03,0x81eed2370836d1a3b52c8602cd8127cd8dff3818c4a06e64b65657403a742ebc,eth-updown-5m-1776136500
"Solana Up or Down - April 13, 11:15PM-11:20PM ET",Down,BUY,34.0776,0.25833333333333336,0x090cface5cda650f3ff9a01e67ea7697ab01ba28176baac0a18ebfcc457ca7e9,2026-04-14 06:20:03,0xab761921ab6a9583ed2b280e02d8db0c428abeedb0d63a4eec8fe241574af740,sol-updown-5m-1776136500
"Ethereum Up or Down - April 13, 10:55PM-11:00PM ET",Down,BUY,34.57119,0.7016954429663176,0x7db4dbe0158528c8c0491137d758ce1670e0e10587b2e21a84ab4dc9352e9ab2,2026-04-14 06:00:01,0x8abff39423f238a1fc5219d3b9ec6716354b0979d286e056c7b0a00fb4eec2f8,eth-updown-5m-1776135300
"Bitcoin Up or Down - April 13, 10:45PM-10:50PM ET",Down,BUY,83.83164000000001,0.3076232573954437,0x0de9798c1f1e0fa1bb899242b01b220b53265019e08c408a1c244dec316d77d8,2026-04-14 05:50:01,0xf83d690428cdf6bdf2fba6daf156d0b0ef8e73cc327dbf87be05c607939a04b2,btc-updown-5m-1776134700
"Solana Up or Down - April 13, 10:40PM-10:45PM ET",Down,BUY,53.612989999999996,0.5156975697569757,0x5777f5434aa21cf43b62cf16e30712545831e4ea181f929bcb10fb58f4639ed8,2026-04-14 05:45:01,0x3184b46aecf4f4bdbe23ca5d628063957e840a569e14b45b7bcba6c101cb77a6,sol-updown-5m-1776134400
"BNB Up or Down - April 13, 10:30PM-10:45PM ET",Down,BUY,28.6803,0.7715157750342936,0x6e65ce333e4b514508169d3c59b82117b0f5815f60b7d5146e290d78b0be0905,2026-04-14 05:45:01,0xad64a3dd2734a6b3c35fa738e03e1ac86ad696574ce43555233dd40fe3e15dc8,bnb-updown-15m-1776133800
"Bitcoin Up or Down - April 13, 10:00PM-10:05PM ET",Up,BUY,39.15712,0.526225949679329,0x03ebc17723533f5ea7710a808ff1b2fadd8be74b7faa7b0f93b138ceaf876633,2026-04-14 05:05:01,0x4c2f909a003ee218511f8c785af7424804d16e3ea53370ada6bbb26ecf70ccfa,btc-updown-5m-1776132000
"BNB Up or Down - April 13, 9:45PM-10:00PM ET",Up,BUY,56.10533,0.35899693981638897,0xe16be102b933adb05a076a00da48918392ea3e05229e1d4f934329329a4041a8,2026-04-14 05:00:01,0xcee197cc32fb589677d97662962355c44b758efe5b6a56aa7b6a5e5bcae3d42d,bnb-updown-15m-1776131100
"BNB Up or Down - April 13, 9:50PM-9:55PM ET",Up,BUY,34.62169,0.71,0x50889f78279b58c6888a9c99613db335babd5b701235c603c9e285b609a28392,2026-04-14 04:55:01,0xa71138271b954e25193635985fac8d428a63b906da8eb20569724ecaba5dc322,bnb-updown-5m-1776131400
"Dogecoin Up or Down - April 13, 9:45PM-9:50PM ET",Up,BUY,27.39997,0.81,0x36a83e9d226ecf328d81f61921f98cb5c8df19e04394076b1ccc15c06bb96508,2026-04-14 04:50:01,0xc844084980e6506e69513d860a18e906c87616b52b459b3086428254186958cd,doge-updown-5m-1776131100
"Bitcoin Up or Down - April 13, 9:15PM-9:30PM ET",Down,BUY,58.83977,0.46,0xba6aee8639e959b73c19391b402cae023016f55a8fc2651a0bff0b753788a6c8,2026-04-14 04:30:01,0x336e40da7c2c8e6b7a14c3c10c8610fb35ddfc3bc14e5319ffb9580498428078,btc-updown-15m-1776129300
"Bitcoin Up or Down - April 13, 9:25PM-9:30PM ET",Down,BUY,32.5248,0.8,0xe76dc9935b9b599b71ebb33f86c40c010c3bb6a3ebb159956bc2033c9c1cd74e,2026-04-14 04:30:01,0x7811cb7f053c9308cbe2ceab1dca848837f6b1a20887f83f41166eabe8760a4d,btc-updown-5m-1776129900
"Hyperliquid Up or Down - April 13, 9:15PM-9:30PM ET",Up,BUY,40.84762,0.5389940828402366,0xcb359377fdc5bbdc1f1c9f7aebeb169019ac85d91b71a28521556623eab6d482,2026-04-14 04:30:01,0x899374472734b6c9a87b6e21d2607f69804134840d95287f7c3689de88cf2afa,hype-updown-15m-1776129300
"Dogecoin Up or Down - April 13, 9:20PM-9:25PM ET",Down,BUY,36.73428,0.7164,0xb2fc87b91d8214c850381239d2e956bcd7e2518192f613a4d3ccbb57992ac3d1,2026-04-14 04:25:05,0x58f411f5ea1dadc4ebd0788b552d36146dfdb5b021981f99ab4b469d7d6203a8,doge-updown-5m-1776129600
"Bitcoin Up or Down - April 13, 8:55PM-9:00PM ET",Down,BUY,175.39475000000002,0.10400768040962184,0x9bc21a0e3ba73e720ab5672a2712c98fc9e47b7e390dd7f9801d449225dfe047,2026-04-14 04:00:03,0x2729a89b6c24c0b96766f34c55141592d445e5e18dae9500526c1c43518ebc36,btc-updown-5m-1776128100
"Ethereum Up or Down - April 13, 8:40PM-8:45PM ET",Down,BUY,4.18499,0.66,0x0b130a08283e148202d16a4dbe83780851e2ce9599657fd055b093f3c878c2cf,2026-04-14 03:45:03,0x7d914f053ef3300e2535041db7fd516c50e925379e1b1b22171f496ffefb35cf,eth-updown-5m-1776127200
"BNB Up or Down - April 13, 8:30PM-8:45PM ET",Down,BUY,22.51436,0.79,0x54c9471f7362af885ad959d36978f257d923883bbd61d8aa532ecadb4702f99e,2026-04-14 03:45:01,0x16ee2d6258605aa5c66a3e348dc8be06c41cd78fa7aba64646075c97e40be1ca,bnb-updown-15m-1776126600
"Dogecoin Up or Down - April 13, 8:40PM-8:45PM ET",Up,BUY,13.56384,0.742561505065123,0x31b03470fc6caad958a09afad41b426b41db154c8492f596679f0b6a6328dea1,2026-04-14 03:45:01,0xe08595b5ecf636f4f0cda62bb89204cb33b8c2194704ab4ee6465eadc3f95243,doge-updown-5m-1776127200
"Dogecoin Up or Down - April 13, 8:20PM-8:25PM ET",Up,BUY,5.89,0.2,0xc2cc41375b37fc7be0f938b1dc8eb4f3238986a0b55a359027939bacc3ec48e6,2026-04-14 03:25:01,0x36cbd1e2ae3755436bddaae14cd358f1f170efef2205a8c1b6d6eee71b771b0c,doge-updown-5m-1776126000
"Dogecoin Up or Down - April 13, 8:10PM-8:15PM ET",Down,BUY,37.12251,0.69,0xa52458bd6885134dccb9ddeeb93f64098adb792096c7417884fda85470e32998,2026-04-14 03:15:03,0xa1ae60b8a83befcc1c6db193d0d1d7136e6f72c8f8cc16c3392b2fc351cb7e4f,doge-updown-5m-1776125400
"Bitcoin Up or Down - April 13, 8:10PM-8:15PM ET",Up,BUY,6.9682,0.8,0x4ad913ef3d9e552fa93f3a0445f70c175c171f07c50de5d255541b19703e641e,2026-04-14 03:15:03,0x53027d01af193f17ecaec4866516ff333c185fcd78468417ff6d27b29b5ab2f1,btc-updown-5m-1776125400
"Hyperliquid Up or Down - April 13, 7:55PM-8:00PM ET",Up,BUY,8.59444,0.8,0xa8d8ca7a6bf3467fbba286e5a982063d1f6641ce0eae0b8ab1b4c6a3da1ac820,2026-04-14 03:00:01,0xa3b077dbed974fce2aaf8a1d23b1914df76542add32139ef81455219a93e7e74,hype-updown-5m-1776124500
"Hyperliquid Up or Down - April 13, 7:45PM-8:00PM ET",Up,BUY,29.5896,0.81,0xa235429f3345e8f28964b5fcaaf1c8b3de5d65902647ca0d730ab7eff12e30df,2026-04-14 03:00:01,0x591019202f31dfc78688db911d0086ea47936ac759634c3078ea0479c3740175,hype-updown-15m-1776123900
"Ethereum Up or Down - April 13, 7:45PM-7:50PM ET",Down,BUY,55.94123,0.32024821489289357,0xfd5d616071184075717d34a91f3cca09fc6440c945199e377991ac464bba249e,2026-04-14 02:50:01,0x08b20c1669f562200361ca7754e679af89fa3b301718b7f8442e654d7fd898ca,eth-updown-5m-1776123900
"Bitcoin Up or Down - April 13, 7:20PM-7:25PM ET",Down,BUY,42.83252,0.61,0x3a4044359f42e7048d87bedbdcd280393103a49a7191388fafc659b7c8c408c9,2026-04-14 02:25:05,0x496360b963e1f27a80fb4422561d5ab9af88049c252dc036a3aa27ae36b06956,btc-updown-5m-1776122400
"XRP Up or Down - April 13, 7:20PM-7:25PM ET",Down,BUY,11.05804,0.7267021276595744,0xa409fbe2d9393e008a9fdddf3fb49bb732337024d1570191d906d9b89cc48504,2026-04-14 02:25:03,0x89f2e6a1036e5bb298df4efd6715a7363631ac37805a0c365667e3552053b2ce,xrp-updown-5m-1776122400
"Hyperliquid Up or Down - April 13, 7:20PM-7:25PM ET",Down,BUY,35.987519999999996,0.79,0x666b77284d99f4e477c75d48a90a4fe07b130cae620e18ff9fac97bdaf06b576,2026-04-14 02:25:03,0x8594cf588dfb978a82801f9b83afc4136818dfee7cc5784cb9a93556b1b91363,hype-updown-5m-1776122400
"Dogecoin Up or Down - April 13, 7:20PM-7:25PM ET",Down,BUY,33.2872,0.7088235294117647,0xe3e8dc609be3e917bcf577605ff63fc6a89cc792650bf8cb8912c3293fe134f3,2026-04-14 02:25:01,0xd8fd8ed63b587b055f668945baee74a8682c1915ee6c79e9e7ae0a9382b86e2a,doge-updown-5m-1776122400
"Solana Up or Down - April 13, 7:00PM-7:15PM ET",Up,BUY,35.65003,0.8116989485334809,0x1b57107be9c0a2c657666f17f6b509b413f0d347a8fa4e97499ae0f5675e9993,2026-04-14 02:15:01,0xbba2a9a7c8bb210265e70887efaf4d7164c8e236c7794218d664085cdddad332,sol-updown-15m-1776121200
"Hyperliquid Up or Down - April 13, 7:00PM-7:05PM ET",Down,BUY,42.186769999999996,0.59,0x97766dd29d964b2362760930ac0ca0b6a4b992b53e8476303538cba30a527a87,2026-04-14 02:05:01,0x2fc7b441a74474661de3fa2702053774f4e9eb1f13af64a1ea55ec1320f487c6,hype-updown-5m-1776121200
"Solana Up or Down - April 13, 6:45PM-6:50PM ET",Up,BUY,24.014609999999998,0.41,0xb7d6902b2f1591657990fc2cb20fa53ce2253a5648e402176b7ca0e248e6c29e,2026-04-14 01:50:01,0x601412e621b15019d1e274df66e9a911154508ac69c1b5ae6d39471ff0f5d8c3,sol-updown-5m-1776120300
"Hyperliquid Up or Down - April 13, 6:45PM-6:50PM ET",Down,BUY,9.496,0.3,0xa338b1de7b230d569efd1f7975421403294a2b1e5eccbd3c6ff4ab3c54512cce,2026-04-14 01:50:01,0x2b7fed4c05be50a8f3fbc9a7904dab945e2e68a2314303f467ae12fc8c7292b6,hype-updown-5m-1776120300
"Solana Up or Down - April 13, 6:25PM-6:30PM ET",Up,BUY,14.4816,0.52,0x76d27d529461847e5dd197626f9235b511f235e49720f5f1173e709f4a194fc1,2026-04-14 01:30:01,0xae35e74a32ea0ac9bf3583cb58a2f8c86c11e969e491e1dae58765cc2ee022b7,sol-updown-5m-1776119100
"Dogecoin Up or Down - April 13, 5:45PM-6:00PM ET",Down,BUY,34.79582,0.79,0xb8211fbb0aeabdae8fd18ffaa64d02630b6e3157c42529dc089a4a69aa6d3ec3,2026-04-14 01:00:01,0xc1e53bfb2c65ba835ca7f5a095804e7360a13da5f3a1ef33abaa52da7d158194,doge-updown-15m-1776116700
"Bitcoin Up or Down - April 13, 5:45PM-5:50PM ET",Up,BUY,57.82244,0.49593333333333334,0x66e1b09bba0ae58302d8a67aac6e7ef85b5fda52155daab00f692caf04496f00,2026-04-14 00:50:03,0xa48135c5ea3dc2adc02c4fb35b44e85b6c30644a729d57a20cb3e5de4b6c9dc2,btc-updown-5m-1776116700
"BNB Up or Down - April 13, 5:45PM-5:50PM ET",Down,BUY,29.99775,0.7,0x3d82a83db24acdec3f87e66aff47e55be707c51dbb3c4fd24844b5e30711b88e,2026-04-14 00:50:03,0x4ceb761d16ae4e9627b4e9f6a096b2d189746ea76bcbf9920a32a8a54847b267,bnb-updown-5m-1776116700
"Bitcoin Up or Down - April 13, 5:40PM-5:45PM ET",Up,BUY,97.21368,0.1639907192575406,0x476526e5b4856e91bd5059441b05d4cd4699b20750af687cb0f9cde4159aaaf5,2026-04-14 00:45:05,0x0e5bc7f6ca4115744c9764eaf45ee769e8c68d0a4b715fcb02d130e70f43a1ed,btc-updown-5m-1776116400
"XRP Up or Down - April 13, 5:40PM-5:45PM ET",Down,BUY,36.00513,0.7817277200656096,0x7b655b10960f7daac3680e4b50e6546fb902e246e13af127387ce64ea59d1ae5,2026-04-14 00:45:03,0xf20ab9e5e43f95d4c37b371b86cf7bfb25a991d889f3dcb9948005f1d0620907,xrp-updown-5m-1776116400
"BNB Up or Down - April 13, 5:00PM-5:05PM ET",Up,BUY,52.8104,0.20892857142857144,0xb227d72a22ef3f82615ec82ac5fdf9f769cd4ad631097d4b8b3d9e61d79bea49,2026-04-14 00:05:01,0x76244101d8b99f563a5194ed08562efba9909c1c5992e1bec190bd08743a5d74,bnb-updown-5m-1776114000
"Dogecoin Up or Down - April 13, 4:40PM-4:45PM ET",Up,BUY,13.10063,0.71,0xadeaae49f7044150eae2f2c2293192d4f49420597a829eb25624a607230626e3,2026-04-13 23:45:01,0xa03f87627fe1ad4c6d7ef4071796c050b876e316fb5f901c96965ae1841f3152,doge-updown-5m-1776112800
"BNB Up or Down - April 13, 3:55PM-4:00PM ET",Down,BUY,40.788979999999995,0.48173943828180316,0x29c2e7ca4e72550c05045639b083e1210fe40e4b12e408ca79bc8745b7b8f3f0,2026-04-13 23:00:01,0x602d023de5bf1274f7ea337c187c65042f41e8ccca4cc067a3233d5da4d63bdc,bnb-updown-5m-1776110100
"Solana Up or Down - April 13, 3:10PM-3:15PM ET",Up,BUY,28.64281,0.37166666666666665,0x78df497952c3185fbfffb0028c10a5a48a3a1e36e0ab58e1f4b8576ba86968da,2026-04-13 22:15:03,0x55d6b3f11483e51f4caaf1722a608acc14e1b239d813b78e8f23ad14c3f1e1e1,sol-updown-5m-1776107400
"Dogecoin Up or Down - April 13, 3:00PM-3:15PM ET",Down,BUY,32.54576,0.6731983198319832,0x3ef2c70844d121b0773560654ca761641568f8ea475b510867f3ed4a8b95e0f6,2026-04-13 22:15:03,0x639b36ca167b352e689b18a86410e16bcbd11ee118f2ef3695fe99a64e882da1,doge-updown-15m-1776106800
"Dogecoin Up or Down - April 13, 3:10PM-3:15PM ET",Down,BUY,32.47503,0.6437233723372338,0x250261461d1f4f51d4bd05a652c7c1948566a2f175bd233c1d16679c433c4313,2026-04-13 22:15:03,0xf9a57396170ab3c112dda91e16a2f2ebce472ab8b8a321c83f953dedff5859ed,doge-updown-5m-1776107400
"Solana Up or Down - April 13, 2:55PM-3:00PM ET",Down,BUY,34.42412,0.69,0xc65237edf6badc15acbfdca84a1c108460df209178f0b9425a787d230c965fcd,2026-04-13 22:00:01,0x45ee04aa62a3880cfd5edc946ab88d377f55066241ae03aa8efc8f03021cc9b8,sol-updown-5m-1776106500
"Hyperliquid Up or Down - April 13, 2:35PM-2:40PM ET",Down,BUY,4.8776,0.66,0x62e86583f16fccdaf7887a4a5516a0a36989be829b12995bda40c4b5a9a82e33,2026-04-13 21:40:01,0x5b0989735a17f48f6f8fee61d9927d455b3d35533e90b4cce820f44b656204a3,hype-updown-5m-1776105300
"Hyperliquid Up or Down - April 13, 2:15PM-2:20PM ET",Down,BUY,4.91,0.75,0x0ea59d1d43029fa124f7fe59c331ef9c6d927462e022b12adf3431599e6ecf5b,2026-04-13 21:20:01,0x29037dd7fbd875f6d46c009504f3ef378781f64d0e82cd37e05f4be3e5351ce9,hype-updown-5m-1776104100
"BNB Up or Down - April 13, 2:10PM-2:15PM ET",Down,BUY,4.8272,0.52,0xbc737e5d67291d37c3384e79909f39b22b2333c01b7e81a1cf9c0bd339ade89a,2026-04-13 21:15:01,0xe2da4519165b10aa03f8c801e0aa372ec78c0c4547a9605edea15917bfc5a985,bnb-updown-5m-1776103800
"Ethereum Up or Down - April 13, 2:05PM-2:10PM ET",Up,BUY,34.348060000000004,0.66,0x5acaa2765418322d29ae8834425b3631624709e9835fccf1aa26f583c9005f03,2026-04-13 21:10:01,0x4b9d18a7b46b69b13e54bb2f5bed218d618d28b37bf88a8ae44ad3005b5f64f6,eth-updown-5m-1776103500
"Hyperliquid Up or Down - April 13, 1:55PM-2:00PM ET",Down,BUY,41.57732,0.5,0xa83eb694055232e4684af47ea066d95d927d842ca4f024312033e86393525dbb,2026-04-13 21:00:03,0xca8719ce5afd8f544fcf76b0ce2b79af70989ce31330f4f69f97ff8b0c72f53e,hype-updown-5m-1776102900
"Bitcoin Up or Down - April 13, 1:30PM-1:45PM ET",Up,BUY,33.97005,0.7,0xbc9ca6269de2d27209011452920143e383a3881e41dc05a05fb32b781cb7f175,2026-04-13 20:45:01,0xcc836560c6e8150cbd07bf61846156dc0bd88d22f0675d02112304099109ed10,btc-updown-15m-1776101400
"Ethereum Up or Down - April 13, 1:00PM-1:15PM ET",Up,BUY,27.68432,0.65,0xc8e0c1d7f02c9348b6f686305455a0589f0582fb64a053317b1a3ae38e56e77f,2026-04-13 20:15:03,0x89bd691c73d43a119d6ef1b3aa52434bc724684de9270fa450340a75379e9e69,eth-updown-15m-1776099600
"Dogecoin Up or Down - April 13, 1:05PM-1:10PM ET",Up,BUY,47.25501,0.5026545602938176,0x808093f9cd9679e915ce71ced99b5631cb218aa9c579d7068b59652486f10261,2026-04-13 20:10:03,0x6b5585fb718ac61597a3f5ddde8da07890adefd8f10986fa4419704c7930435f,doge-updown-5m-1776099900
"Hyperliquid Up or Down - April 13, 1:00PM-1:05PM ET",Down,BUY,4.73959,0.74,0x4681e90121a2fce02382fd9e5a92de967e1fae2c0114a11d4c701b14fd6ac985,2026-04-13 20:05:01,0x4527980e3e57d131d04baef7bb38991d24225f38d61bcf71743bad040809ebb5,hype-updown-5m-1776099600
"Dogecoin Up or Down - April 13, 12:50PM-12:55PM ET",Up,BUY,46.4493,0.41,0x65e796a2d105d8248a70874dc4a741994674c158c745657a438e7413946e4323,2026-04-13 19:55:01,0x8060509b7803088c54d04cbdea944f48437b5606f7278b45eed1773a1a805b3a,doge-updown-5m-1776099000
"Hyperliquid Up or Down - April 13, 12:50PM-12:55PM ET",Down,BUY,34.47804,0.5283580834967778,0x91d28be04442550bc04162f0d2c3bb45d3bb22a00413727c1c4239b1dc8b4fb0,2026-04-13 19:55:01,0xcea791d414b322d5403b8e1b9518f868fdbc41957611f6ddb971ae32e313ec1f,hype-updown-5m-1776099000
"Dogecoin Up or Down - April 13, 12:15PM-12:20PM ET",Down,BUY,32.14101,0.6672244154266627,0x1a1c7601c97397dc346651b36468bac04c9be515b87e84f1a865b9da4994f86c,2026-04-13 19:20:01,0xb800ede945578d4d325acae3b21472b68f2579854c48f2380e5b3a2144ab0918,doge-updown-5m-1776096900
"Dogecoin Up or Down - April 13, 11:45AM-12:00PM ET",Down,BUY,29.3304,0.69,0x988c9a12a9db52a69412cbc5f3b316fa2a7ee5b4d9bdd9a8ebc6ba0ef4db3981,2026-04-13 19:00:01,0x9577474251b8d83b3fe307c407eeb7581571069a4ce94c11122890f37e077768,doge-updown-15m-1776095100
"Dogecoin Up or Down - April 13, 11:50AM-11:55AM ET",Down,BUY,58.77131,0.317196246562045,0x0ab26e32ec61f8dd8453cd802a941a9d1f68b7c69f00c1419a8ced61870c2d76,2026-04-13 18:55:01,0x29fde0a0ddd6af27841404d64ceb688f13785069f98ffa0a47b2339ca3e650b8,doge-updown-5m-1776095400
"BNB Up or Down - April 13, 11:35AM-11:40AM ET",Down,BUY,42.209410000000005,0.4499431171786121,0x0d039fc81ecee5d6f034daaa207f067b12ba84848b78892b882adb0136ec1f04,2026-04-13 18:40:03,0x907d788bf5924115371d1364cbc4a7b99a980a9a4a5ed317b5263b994c33bb91,bnb-updown-5m-1776094500
"BNB Up or Down - April 13, 11:25AM-11:30AM ET",Up,BUY,31.62151,0.4481141815973277,0x22b037867c5a0150059902badd3c618701a8c62135038bbd6d46a16c83ede448,2026-04-13 18:30:01,0xe2048965f76baef3f9b70c971fc2c9965c83c631bf370b4064d716259aeec792,bnb-updown-5m-1776093900
"Hyperliquid Up or Down - April 13, 11:25AM-11:30AM ET",Up,BUY,45.496199999999995,0.51,0xf48df8527e3985b3b9301c258bc191cf03e9439dd31c96f655ae0b093b3cc415,2026-04-13 18:30:01,0x4546ad3ac9857d61e398bf444a9c5587081891f45b62a9cf9f8fa3a61dead63b,hype-updown-5m-1776093900
"Ethereum Up or Down - April 13, 10:25AM-10:30AM ET",Down,BUY,41.04194,0.564658956809063,0xf296ed8ad6da76ac0226a1e4cd4e1273ae42d547ac9dfa3798c5ee48f99e50a3,2026-04-13 17:30:11,0x8f03f0b5060cb19658df7c76989130ab937c65c237c3122ddc9cc8030d2a18b5,eth-updown-5m-1776090300
"XRP Up or Down - April 13, 10:25AM-10:30AM ET",Up,BUY,28.7148,0.405,0xddabe975b4a4948eb018fa8dc0729b96d4e8022004a62c3bb4f72498453c0fb1,2026-04-13 17:30:09,0x47a9ead7d998129a22b0a4919c9c0fa9a767b0ac88865bde766f43c50a951e12,xrp-updown-5m-1776090300
"Ethereum Up or Down - April 13, 9:20AM-9:25AM ET",Down,BUY,33.01524,0.6855595026642984,0x90dd4f75432096f381505d0eed64c5bf066875c505a131f557d683f8678bc43e,2026-04-13 16:25:03,0x7cb7919ef5d7ed65b61aa1f81b03ad6fb45356516b4cf45d0c225939076e701c,eth-updown-5m-1776086400
"XRP Up or Down - April 13, 9:20AM-9:25AM ET",Up,BUY,43.1208,0.42,0x5cb603c8dcd884fe58907600ebdb3e64e9db53e4bd7d23635f78c4fb3a146507,2026-04-13 16:25:01,0x5327876c448d87cafaea6ec597d639783b55901c9348f282ed3031738fa467d7,xrp-updown-5m-1776086400
"BNB Up or Down - April 13, 8:40AM-8:45AM ET",Down,BUY,32.72459,0.59,0x5c4d94b412d98d044ae0e0781acd2ae2bfad4289d3db40188a881c5b542e3305,2026-04-13 15:45:07,0x6d4a8a85c4e90459e174ddfd2a76ff1ba4eed1844e531a73e0f140a2b863ecd8,bnb-updown-5m-1776084000
"Dogecoin Up or Down - April 13, 8:20AM-8:25AM ET",Up,BUY,52.944649999999996,0.3485958595859586,0xae0bff202a6a12ae946530c9df1eea9c4ca9ccb403a13e35694104ef380a1db8,2026-04-13 15:25:03,0xf57a17b51a40093a2ab5d14a7a1c4b12537b781fc08a00da2098360d25915ac0,doge-updown-5m-1776082800
"Dogecoin Up or Down - April 13, 8:00AM-8:05AM ET",Down,BUY,40.50911,0.39,0x8d54a02e14d6cac638f8de99a3f14a358114bbf415ce6d0ed20435f8ee7f8063,2026-04-13 15:05:01,0x0625895c1969b7347ad4838188c0f4fe759f7a747aaf4f629b3e462d8a9a7a2c,doge-updown-5m-1776081600
"Hyperliquid Up or Down - April 13, 7:55AM-8:00AM ET",Down,BUY,40.204049999999995,0.29,0x9fa3f2386eed8f740e474b2e717dae0c5e311aa6c97c6a1b7f345e04823172c7,2026-04-13 15:00:01,0x9759cbd17d5aa2dcd5b3c939e0bf8a7d72c05d12278e7742c48abded4f81739e,hype-updown-5m-1776081300
"Dogecoin Up or Down - April 13, 7:50AM-7:55AM ET",Up,BUY,36.08739,0.61,0x483c4b1c296dca8391ba8c0619f073588200c0236fb91c8ffaf903b686d58f0e,2026-04-13 14:55:01,0x953755a2d1241ccef71a9386fc7b82f32aa4145d85f9bdc33161730907a75751,doge-updown-5m-1776081000
"Solana Up or Down - April 13, 7:25AM-7:30AM ET",Down,BUY,9.7228,0.615,0xe9200dc1827db764f81f4387ceb2fec5684f860f55daa750ce0568cf28af70e3,2026-04-13 14:30:01,0xa5f1357b89cf631275f75b22d19e212f69671c73732bda99cee458e94e193d59,sol-updown-5m-1776079500
"Bitcoin Up or Down - April 13, 7:15AM-7:30AM ET",Down,BUY,32.31356,0.74,0xff979bd2b10a6a38ee61fa455f78a387cf3a1349175d42766dae400f78323be2,2026-04-13 14:30:01,0x046446c5a6f9abb5ba2e7bce0ed8aaad2c8191c284622f434463f1df200aeb09,btc-updown-15m-1776078900
"Bitcoin Up or Down - April 13, 7:20AM-7:25AM ET",Down,BUY,36.88841,0.64,0x20bdcae3fa27607d3604d9f13f74f22e114b508e4f54cec2133934135cfab184,2026-04-13 14:25:01,0x91aa10dec64d89c16258b4e2d607efed21402a30a2705653f9ceb2fdd4937152,btc-updown-5m-1776079200
"Solana Up or Down - April 13, 7:15AM-7:20AM ET",Up,BUY,44.57669,0.36,0x4de55602b9f65e13e2797cee6b2c6af997fb74d9de15d363139361a3781ca626,2026-04-13 14:20:01,0xb065b477ce97e09f6bf845915a653a5d007cbd3af6cf1ca1abb9beb99fdb26f2,sol-updown-5m-1776078900
"Dogecoin Up or Down - April 13, 7:00AM-7:05AM ET",Up,BUY,10.99678,0.21,0xa84f97dd6f5e914b8b9980424acafc510a69565e1a857a015fd9a5b2c5468a7e,2026-04-13 14:05:01,0x0c62ef6fe8915d7c7f94af9e0eb6b49dfc84d274c3ada880027d13cc2c65ebca,doge-updown-5m-1776078000
"Dogecoin Up or Down - April 13, 6:55AM-7:00AM ET",Down,BUY,4.8956,0.71,0xb6c4562ec139763f6c4fc64496c21ea518d4c5841f7032571f60222282ed597c,2026-04-13 14:00:03,0xbe6bddc176dae6d4ac9c67156afeb54ec62c45d75a9bff999e9687490ea4ac00,doge-updown-5m-1776077700
"XRP Up or Down - April 13, 6:45AM-7:00AM ET",Down,BUY,40.87959,0.511442058059948,0x65c6f76de3c528b0606375a0e34410671e79cf2628670c6aa5be0994ff9b5549,2026-04-13 14:00:01,0x8451d50756c252d3658a59299f5053b885f1d58b4451826e108cc5feb71f61db,xrp-updown-15m-1776077100
"Solana Up or Down - April 13, 6:45AM-6:50AM ET",Up,BUY,14.1684,0.23,0xfec94318c6ddc0f51aefed1ba48e9a13fbe289506407011af0d8898760fd2e2c,2026-04-13 13:50:01,0xbbfbcf62a75fff1135ec3a3a314e4d77b26cf55c565d2cf405c99ef7a149e770,sol-updown-5m-1776077100
"Solana Up or Down - April 13, 6:30AM-6:35AM ET",Down,BUY,37.13931,0.48481462276380605,0xad5455990936fa940eccd6dabf78cfbea28e48b577c8a9abd6cf82e76621c6d2,2026-04-13 13:35:01,0xdd8724f3d75140d27c5bb1d8e23be22f93d4a66126f7de16b9374ae2e6b1f368,sol-updown-5m-1776076200
"BNB Up or Down - April 13, 6:15AM-6:30AM ET",Up,BUY,56.18728,0.41,0xc01d539997eff2601b7b69281a140434e1bb2f03c02eca00387fdc1a9fe2f4c7,2026-04-13 13:30:01,0x22dab954ad60140a4f9d6224d4c60b3c3e3c79dd2e45e6a373c8ed5074ea141c,bnb-updown-15m-1776075300
"BNB Up or Down - April 13, 6:25AM-6:30AM ET",Up,BUY,46.57519,0.31,0x95ae6d0bf321d1ea1597a4dbb9370844b5174054df8ce8bdb593130c4e453ca6,2026-04-13 13:30:01,0x5ccee97521f797d6ae8770ad3bb03ed992b7b069a556d77e1714632a16262259,bnb-updown-5m-1776075900
"Hyperliquid Up or Down - April 13, 6:10AM-6:15AM ET",Down,BUY,48.81765,0.40046452371618974,0x27d37cbcf0168f0242f380c2a7d45f6d7a0b4472cade2d735c885b5415160551,2026-04-13 13:15:01,0x8eefefdf0b249824e5192531bb1b65b65954a6223db7b815719eab582aa85326,hype-updown-5m-1776075000
"BNB Up or Down - April 13, 6:00AM-6:05AM ET",Down,BUY,4.8452,0.57,0x65e11189030fb3a0ddd09b3d41bcee8c27f00b0593832cafa80384fbb17b5e54,2026-04-13 13:05:03,0xcc342064e95ce6f36c2b6ccb527d52d5c82addc9afac2b81d5093d73f6e7c1b5,bnb-updown-5m-1776074400
"Ethereum Up or Down - April 13, 5:55AM-6:00AM ET",Down,BUY,76.30625,0.03560975609756097,0xdf40d7b44c8623c822de2acbd75ee628209d4edcc46ffafbeaae805e1ea6412b,2026-04-13 13:00:03,0x7f71174916d4ca585ffb766c7dd3ef5b77a750dcd4609a04208df2462c81783f,eth-updown-5m-1776074100
"Dogecoin Up or Down - April 13, 5:45AM-6:00AM ET",Down,BUY,29.3304,0.69,0x97d99f27a782d4716b9962e996ad001e1b070b9432f98af4c936c8c15ec12830,2026-04-13 13:00:01,0x725fdff3bb310d804be3a1da277cbcc00a05faa22a303cbfd9eef6ec65203f20,doge-updown-15m-1776073500
"Hyperliquid Up or Down - April 13, 5:30AM-5:45AM ET",Down,BUY,48.563210000000005,0.3311995295962368,0xf44852f5b5e17d524fa841dbd23e79395600e2bba2e66e5543170de5d422ef27,2026-04-13 12:45:01,0x523d3122dcf36e4c7214313b642b1f87ea4bb27d5d838b97303131ee4cb88373,hype-updown-15m-1776072600
"Ethereum Up or Down - April 13, 5:35AM-5:40AM ET",Down,BUY,40.26822,0.5359961593855017,0x0af6c3bece9cb274dc27a3f8a74fc9ae58e7fd626a95ddc4965a2a2bada53e0a,2026-04-13 12:40:01,0x065cf97a657cfbd4f61ca80e89fcadcbc43914e4e8aa7cf986691b7d07982e41,eth-updown-5m-1776072900
"Ethereum Up or Down - April 13, 5:30AM-5:35AM ET",Down,BUY,20.606479999999998,0.5540911225927666,0x3c6d56ca5aa39fefe405d6306212f3c6d5028e178437ee947b8fb2837a2fc3f5,2026-04-13 12:35:01,0x95dcabb6afc6319874434c415799361b76e6ec21a35bc9e206b02b5f9269b99a,eth-updown-5m-1776072600
"BNB Up or Down - April 13, 5:15AM-5:20AM ET",Up,BUY,46.57519,0.31,0x80a1359fbe8f59b0d84501ca615e00c364ed2d4356f2cb301ec9d726d52902ae,2026-04-13 12:20:01,0xe0f0a53a6a6404966987327e005f41a455cc19d13297109c179a736dfaed5898,bnb-updown-5m-1776071700
"Dogecoin Up or Down - April 13, 5:15AM-5:20AM ET",Down,BUY,40.50911,0.39,0x8f3af880d22501b1fc3ec9792fef4bf3890721f5f646e4ecb8a6b15ee3bcdc8e,2026-04-13 12:20:01,0x8e51f7f71c0f100a23f7ba741ede12c98e67de27e8d17cc41dcb9a9c1e8a1feb,doge-updown-5m-1776071700
"BNB Up or Down - April 13, 4:40AM-4:45AM ET",Up,BUY,37.69385,0.4459475292919002,0x7ebd29a7460503386ae3e566977d20574d985862fe97c2d0fd0e8974fbed3371,2026-04-13 11:45:01,0xae67449507504eaff14d28bc67e94c50ea521fd647bfa848adeb877eeca7ab0e,bnb-updown-5m-1776069600
"Dogecoin Up or Down - April 13, 4:30AM-4:35AM ET",Up,BUY,37.73985,0.51,0x1e5903b685a2f0de67eb2105370cf4f4a5d5579ed9d050e762d65a34294e7978,2026-04-13 11:35:01,0x9bb926fa3d73c1caa8e6e77ca9b6abb9f1785c09387f3e40e9f76df4f1582b54,doge-updown-5m-1776069000
"Dogecoin Up or Down - April 13, 4:25AM-4:30AM ET",Up,BUY,3.81857,0.71,0xa7376e398628a70bf30dc0c5a07bd6fb1cb1cebcf70c750ec2a2e30d2afecda8,2026-04-13 11:30:01,0x6753a50ad0612ca9d80fac30d7eb6c37711cd47b3d32a842c132042d7de1445c,doge-updown-5m-1776068700
"Hyperliquid Up or Down - April 13, 4:15AM-4:30AM ET",Down,BUY,0.17468999999999998,0.59,0xc562b7f6f56e850a4f989c6b4fe7bea73263c85f970ae5f656fe238bef10bf6b,2026-04-13 11:30:01,0x263de14d8e5a934a5c9408e6368fa7c0f2556ceceff8c781bb1a0087e26b0a9a,hype-updown-15m-1776068100
"Dogecoin Up or Down - April 13, 4:20AM-4:25AM ET",Down,BUY,2.21934,0.69,0x6aafeb345271cd5bff1f3e37649fa64596706b4fa18cbf504b23f3c712781592,2026-04-13 11:25:01,0x01f3e9293a589979b5d00382208bdb9f72a8e3477d07d6a9bddf9ba7984cfef9,doge-updown-5m-1776068400
"XRP Up or Down - April 13, 12:00AM-4:00AM ET",Down,BUY,20.03093,0.38436068702290077,0x6e5b32bfff95c89d6435f935fc2d4d968bca9f5c3ba2b357525f3167adadabab,2026-04-13 11:00:01,0xfe92296e9621063954f22dd0f5464088302dfe3045cafba2884b9b9542e93786,xrp-updown-4h-1776052800
"Solana Up or Down - April 13, 3:40AM-3:45AM ET",Up,BUY,9.802,0.725,0xfdaf2791da7b7dafd99ba4933911cd4a360341b9d8c6a90bbea4dfe6d6212b69,2026-04-13 10:45:05,0xf5d853981ee74dec8aeba4aa66c962fa67610789b13d589d3b8d58a4803ffa6a,sol-updown-5m-1776066000
"Bitcoin Up or Down - April 13, 3:40AM-3:45AM ET",Down,BUY,17.66304,0.74,0x1298614a56e63c515bb2d2d733b3967b2f70fba59ebc3bee8dc159edb38ff58a,2026-04-13 10:45:05,0x58706f2c7fa6f0b7aa116cea11799f86405290f7c83f73ca5e1d043416f98621,btc-updown-5m-1776066000
"Bitcoin Up or Down - April 13, 3:30AM-3:35AM ET",Down,BUY,48.28923,0.49,0x1e9a677887977f677516df467c44693cfa9c477031de8d814afbc84f5895c23c,2026-04-13 10:35:01,0xc3c5d6d1f08aeb8fb3a893864125a736e1f593ccf03fb446cd2025d94b8ce4c1,btc-updown-5m-1776065400
"Bitcoin Up or Down - April 13, 3:25AM-3:30AM ET",Up,BUY,21.68887,0.3,0x08780fdf278344174f4e1904c9697e3560dfc9391b053847a8655c89d18c603a,2026-04-13 10:30:01,0xeca26f4f6b8a6ef63a6aa7ae3628feda0bd09f1bd5650cc9a6487b4dd75eacf7,btc-updown-5m-1776065100
"Dogecoin Up or Down - April 13, 3:10AM-3:15AM ET",Up,BUY,32.02283,0.6173792894017613,0xd52d2e728f14782bfe480cd6d0eca96de9f70e67cfcea466a18946c1c6ebb2ef,2026-04-13 10:15:01,0x9d09dc20619e13e7b8b1b8ad6e7c74e6f1bfa02e1c195d77e9cab12fb63b6c84,doge-updown-5m-1776064200
"Solana Up or Down - April 13, 3:00AM-3:05AM ET",Up,BUY,29.4168,0.73,0xe3644d0a55fe87c4b589093d12a512571bc7291b955350f5afa9cca00125ee6d,2026-04-13 10:05:05,0x6bca176938525f354eac3d46804ec7e06759cdb08cd6a40e9bdb0f69d30e355c,sol-updown-5m-1776063600
"XRP Up or Down - April 13, 2:45AM-3:00AM ET",Up,BUY,32.28696,0.7163865291262136,0xaf39e5c1038d8428eea0c08003eae95f5761c02aa43fef41eab043e79db78ce3,2026-04-13 10:00:01,0xdfd14fe1bd55380908250261543b0e35b9121ca74ef8fdad02bb79eb1084f3ef,xrp-updown-15m-1776062700
"Solana Up or Down - April 13, 2:45AM-3:00AM ET",Down,BUY,35.310689999999994,0.6475765939828871,0xc3d47f12bbdd594114e3f49933529dd45ad20d5ea2b9f7520aa1eb13e7485675,2026-04-13 10:00:01,0xe69119fcefbc71e6d09fc2fd1939c28b4b5a0135a8f4a51b9d971e0c12d02aa6,sol-updown-15m-1776062700
"Bitcoin Up or Down - April 13, 2:45AM-2:50AM ET",Up,BUY,59.700450000000004,0.38,0x6b02a52538847e0620764f978c22a20b88cdc00d637e5cb910b192194f5765f1,2026-04-13 09:50:01,0x4c887b85eb007776092a039dc9b64159d4c8242905b5768d264b969eab348a0f,btc-updown-5m-1776062700
"Solana Up or Down - April 13, 2:30AM-2:45AM ET",Down,BUY,8.53475,0.43,0x7e4752db2ab638580ca785cc2e7f7492e2793c2f250fb3f3e1e33016af4892e2,2026-04-13 09:45:03,0x3cb6550f22dc356e6579cf8fa95d65a2bd0a13a7a3185e65697b96d18b801f6a,sol-updown-15m-1776061800
"Bitcoin Up or Down - April 13, 2:40AM-2:45AM ET",Down,BUY,61.5944,0.2723076923076923,0x0a82e19c5de7ed92246da8e021433580ce6595100829616d43e6d148e9c1e779,2026-04-13 09:45:01,0x43c00904a98aedf5e0538ec6e0769cb5383b7a4144025fe90e417b3e5b2cdf6b,btc-updown-5m-1776062400
"Hyperliquid Up or Down - April 13, 1:45AM-2:00AM ET",Down,BUY,5.87472,0.71,0x35cf3864d8f5eba838b14b1f80e94895615396da2008e478fd95d4a47cbe5ea2,2026-04-13 09:00:03,0x1b8c612af9c8e9d8a89ed9a43c92f6a86c90e0332e0c1d0df09e801590537697,hype-updown-15m-1776059100
"Dogecoin Up or Down - April 13, 1:55AM-2:00AM ET",Down,BUY,34.89964,0.49,0x1e63634bcf8eb4d3df01b643394318e019d506539a284cbb77f0fabc189846a4,2026-04-13 09:00:01,0x4f4359f50110f7fa541ece7b5559f36f0d3bcf12be9dd80899cd0f416c0df8d8,doge-updown-5m-1776059700
"Hyperliquid Up or Down - April 13, 1:30AM-1:45AM ET",Up,BUY,32.02643,0.6188976617066505,0x2e1a5c498a8596433382854f436cbecee1863864eb4e81300f88e2f9e5acf41b,2026-04-13 08:45:01,0x23bb07523acb69e93db0cd59a60af70b0f2ce75c62854e4369732d09345ef17c,hype-updown-15m-1776058200
"Dogecoin Up or Down - April 13, 1:25AM-1:30AM ET",Up,BUY,32.00533,0.61,0xb24de57b1fab3a10b93db4f32dfb29819e9f3eb3ac72a52ddf0bea1fbde1bf26,2026-04-13 08:30:01,0x11d5fad50546fd9844c55894589945395d0b5ef782f77016f8ce4a4121c89863,doge-updown-5m-1776057900
"Dogecoin Up or Down - April 13, 1:20AM-1:25AM ET",Down,BUY,53.098729999999996,0.3871197119711971,0x5d294edc438ab31346fae3aa9d5a3bd6ec4310f4942843d836baec6ccf8eb838,2026-04-13 08:25:01,0x00acc459d470f068f3668ae9c063324cc1d923e6626cae7a5a5d98020f83f39e,doge-updown-5m-1776057600
"Ethereum Up or Down - April 13, 1:15AM-1:20AM ET",Down,BUY,7.863659999999999,0.7462421972534332,0xade555af2177d9a0b8bd6a207cd6ed269f855f4a9e243ba195e8e2223e6af75a,2026-04-13 08:20:01,0x7d28e5ada5dba731a98b49ca3441d0f6f6a54845505c9655447f7ef44689574f,eth-updown-5m-1776057300
"Bitcoin Up or Down - April 13, 1:10AM-1:15AM ET",Down,BUY,40.160239999999995,0.5,0xb7e974c663d70799ffd22195df5833957fedb9e734c0b29d3fbe4ae359ed19c5,2026-04-13 08:15:01,0x4c7897ef91d83aec17aa39d1b4b9d48771c7329de01cd376bf1edb1efff53ebc,btc-updown-5m-1776057000
"BNB Up or Down - April 13, 1:00AM-1:15AM ET",Up,BUY,31.9342,0.58,0x4a5d99b867f7545c8e676039c0f8afd0a53a09b9e6bd3a8b759d120fc2d30080,2026-04-13 08:15:01,0x03b6986476e2315cdeb752f4d7bb7027230598e08b24fac6fe8121ae55674c28,bnb-updown-15m-1776056400
"Dogecoin Up or Down - April 13, 1:05AM-1:10AM ET",Down,BUY,34.89964,0.49,0x5baf41a19aa4c6032c7bfb06b0a4a56a2c79dc64825a8e504a4e494dc75e5c21,2026-04-13 08:10:01,0x1c1a6a026a95ceb98cca6ac5be3f7e667337171b56ef00300e3a754eea4356ff,doge-updown-5m-1776056700
"Bitcoin Up or Down - April 13, 1:00AM-1:05AM ET",Down,BUY,57.02365,0.4174798387096774,0x5fb43e3922a569bfe60dbb374d821bd36b9e2647bea3dfb27040d71a82bf703f,2026-04-13 08:05:01,0x42209fb48ccfe298c5b3302e3986c544d0a69f2c2ef8436eb759921aff544f14,btc-updown-5m-1776056400
"XRP Up or Down - April 13, 1:00AM-1:05AM ET",Up,BUY,4.8416,0.56,0x0630ca138d716b262880d3e03b7ea32c239b5f2ed6e25e1fe67f63481342d7f1,2026-04-13 08:05:01,0xdf68e9c2be4d78c5c5e338eae1115f0609e773a7edaa013032a7318ba5c66e09,xrp-updown-5m-1776056400
"Dogecoin Up or Down - April 13, 12:30AM-12:45AM ET",Down,BUY,40.79258,0.48291951852725984,0x3139073c0b26bde1f46131abc65b510f7c5fbbced221309da6717e0ef594d376,2026-04-13 07:45:01,0xcc4a2e19f9adfe2caa3b5cddcea2677d23a5b1738e6ad1269c07d79b1ede2fd4,doge-updown-15m-1776054600
"XRP Up or Down - April 13, 12:35AM-12:40AM ET",Down,BUY,81.24793,0.08172413793103449,0x107fde23aadfe5f99eae25b2ee94958cf3b5049763b4a0a4d1f592120f39e804,2026-04-13 07:40:03,0xbe654befa61cefd22ec68516bb1b26323a258d782dcbe57f6d0fcdda051a1141,xrp-updown-5m-1776054900
"Ethereum Up or Down - April 13, 12:35AM-12:40AM ET",Down,BUY,61.85670999999999,0.18554253538274235,0xb162a688d85749f5be58ed8cc110115606532bc736442eaf522dbe1efc7277cd,2026-04-13 07:40:03,0x05c7a0c626d8ad4603be1380b68e9aa64d403d36c060befe9972ac691c2108a5,eth-updown-5m-1776054900
"Bitcoin Up or Down - April 13, 12:20AM-12:25AM ET",Down,BUY,53.230459999999994,0.42005580558055805,0x9508dded9ae1d4a110b69439a7de15bc44df54c3825ceb66ad098c626a270c1b,2026-04-13 07:25:01,0x2b70f693830b5ddb1a1b5b0ab56bf7aad430baf836f90e3b47a3735105d956a3,btc-updown-5m-1776054000
"Bitcoin Up or Down - April 13, 12:00AM-12:15AM ET",Down,BUY,10.14406,0.75,0x61264dee76f914a1df7d16f3718059a238e54b7600f7408c3e30db2799bcc529,2026-04-13 07:15:01,0xfd524143d4ae224b3d458a1a9b80b7ed317e2041d3c92a11cdeb72dedc2856d7,btc-updown-15m-1776052800
"Dogecoin Up or Down - April 13, 12:00AM-12:15AM ET",Up,BUY,29.1576,0.61,0xf9efdfc4088899cf7044e7817a7672b9ad441b5e82df1cc5752ccaabad621ebf,2026-04-13 07:15:01,0x35053d1074b5b56d9440f05e772354ece550dd94ca78fadcb10af8b415c0ae0c,doge-updown-15m-1776052800
"Ethereum Up or Down - April 13, 12:00AM-12:05AM ET",Down,BUY,36.25917,0.5799411607381653,0x18e87e9db61757cec9307fe17a3346f7712e28cf3032e845ad4f4e968af36d03,2026-04-13 07:05:03,0xa29616c99504dc284cf0fa671c2609ec04fd8a7bc80f63da2a2d4f9b7f75c525,eth-updown-5m-1776052800
"Bitcoin Up or Down - April 13, 12:00AM-12:05AM ET",Down,BUY,30.91469,0.15,0x8da423e31dcc3727cb2aa27796396c41a83abe4e942d029fcdd8b14a118d3743,2026-04-13 07:05:01,0xca43d6a1f333ec878d24a2c0e5f781bb3fdfa7a3781da32d13b2c33fb5845a4a,btc-updown-5m-1776052800
"Dogecoin Up or Down - April 12, 11:55PM-12:00AM ET",Down,BUY,34.89964,0.49,0xe85300ca812a372174de0fd6a317603a86df5a4475d3e700842cfe3cabc2e908,2026-04-13 07:00:03,0x5c692851a8a543df4a2df76a8432f45b1c3c91a23b56a2888bc8a3b30a59d030,doge-updown-5m-1776052500
"Bitcoin Up or Down - April 12, 11:45PM-12:00AM ET",Up,BUY,32.7031,0.7387638763876387,0x599ab61b7f6eaf2ac1647ec682d5646b74325a7ccdbb77ac0abb2fbb1b3d2961,2026-04-13 07:00:03,0x7c0d7b1470e1dc530540dc77babd0a2db844b04813d9bbada305f5beca898542,btc-updown-15m-1776051900
"Solana Up or Down - April 12, 11:45PM-11:50PM ET",Down,BUY,5.28926,0.64,0x3b7b8fdb1820073d45381d22a22de19ad23d6914f1556813e6ab46adec0a7af1,2026-04-13 06:50:01,0xaa1786c59cc70e194ba03d436f895293e9ed45806207865cd1d40930a0b50faa,sol-updown-5m-1776051900
"Ethereum Up or Down - April 12, 11:30PM-11:45PM ET",Up,BUY,32.24233,0.6811151515151516,0xec1858ec8064d7b8b3eff8b941711549d03fba4574a1304c988560d978a24a66,2026-04-13 06:45:01,0x71a3f8da97b92f32ebd40f0f1e955750bbea332ab9e9ad70f8e50cebc1027d72,eth-updown-15m-1776051000
"Bitcoin Up or Down - April 12, 11:30PM-11:35PM ET",Down,BUY,19.35276,0.7,0xc3876fd5cd1e2348ddf593fc11026402ad4b4a657204bddb08e126ded931230f,2026-04-13 06:35:01,0x66d6aae83ab8f5bd1dbf3593cf736446f3c75607ba6878ffdd8f20f543d8c874,btc-updown-5m-1776051000
"Bitcoin Up or Down - April 12, 11:15PM-11:30PM ET",Up,BUY,32.31356,0.74,0x63ad250c6a573047baed13f34fe3abc5bf1c40d737fd9697e8ffc76e81ce3db6,2026-04-13 06:30:01,0x1babda68e526425a9e75380df7d8fb4334b63304616708b1edbc6a47ff4eead4,btc-updown-15m-1776050100
"Ethereum Up or Down - April 12, 10:45PM-11:00PM ET",Up,BUY,5.33228,0.7,0x8507d636ffa53b27c7018edf10bd82aa814810f1e406aaf16b922007e9a3900d,2026-04-13 06:00:01,0xb4a11d9b0a8f4fa6fae77c88c8a2b5a446d3ffccee6b24e00574186fb64bfd86,eth-updown-15m-1776048300
"Ethereum Up or Down - April 12, 10:55PM-11:00PM ET",Up,BUY,28.40331,0.7565755793842961,0x7a37fcf153366232b1a3988dd851a7291650e5cf11a885b46c4aa51b8e0cfe7d,2026-04-13 06:00:01,0x42c82e7fccdf54563603201a11df3e7ca2429d974b8ec628c3a812d26272fc9d,eth-updown-5m-1776048900
"Bitcoin Up or Down - April 12, 10:50PM-10:55PM ET",Down,BUY,64.99029,0.11,0x5b6ff80e4c622eddf4ad6fa79460823b55e2246884fbd6127eab6bf9336977f9,2026-04-13 05:55:01,0x3d0ed5e79bb3440f24780c44ce0549a525e7dcfec5ec09c6043e8e5bd148863f,btc-updown-5m-1776048600
"Solana Up or Down - April 12, 10:00PM-10:05PM ET",Down,BUY,35.80719,0.64,0x1e14711958770148b861c1e71c02af59dfcb0e6870e29bdf0bfb6b726010eed8,2026-04-13 05:05:01,0xb48b362fd50b40d2369f0f4bd4ca9007d65f8e63830e04aefd8b69034f09916f,sol-updown-5m-1776045600
"XRP Up or Down - April 12, 9:25PM-9:30PM ET",Up,BUY,290.225,0.01,0xcf38e9d14244d06639f1e5d655f7b794e565fb98595a554a698c6e83c18d5083,2026-04-13 04:30:11,0x7f8a91a504493cafc9514215ebc00c96513f36c304bcca38b4657c1e9cdcbc3b,xrp-updown-5m-1776043500
"BNB Up or Down - April 12, 9:25PM-9:30PM ET",Down,BUY,21.18816,0.71,0xb54816819904cf62ea98b52c1e810d39cf6d74a310324050fbe9ab341ebadaa8,2026-04-13 04:30:11,0x0427964053eab3aa9b0421274ac891c1925972313afba130098a539c03541817,bnb-updown-5m-1776043500
"Bitcoin Up or Down - April 12, 9:25PM-9:30PM ET",Down,BUY,71.67138,0.252176897689769,0xa8b24c03dbcb760327c294c133d2a865bbce1ae2bfd98c7996ff0d00dbd0db95,2026-04-13 04:30:09,0x14d353acb995b3ec71feb1e0ed9e43fe8b80fc09e2d928a4571ed7e9b83dc529,btc-updown-5m-1776043500
"BNB Up or Down - April 12, 9:15PM-9:30PM ET",Down,BUY,32.008340000000004,0.5989805825242719,0xeb92899fea423035805d0969855c76ea0160eacffa6cd4b484542ed1ae7f4181,2026-04-13 04:30:05,0xc4c1da6826118565a28938215b6bf68534c3ff98f98d08b44137de96d35778fa,bnb-updown-15m-1776042900
"Dogecoin Up or Down - April 12, 9:15PM-9:20PM ET",Up,BUY,31.38888,0.35,0x3d827ac5208dac1a48ceedfc6bc8d36f1d2041faf1a45b3b1428fef97d03260e,2026-04-13 04:20:05,0x00a57a14609cb7318f3191d93452e44bbb6cb14459d7a743408b5c13973ceade,doge-updown-5m-1776042900
"Dogecoin Up or Down - April 12, 9:00PM-9:15PM ET",Down,BUY,39.98805,0.21919518527259854,0x3771fb65d3e2f22ddac8bfde1f8f09c3ff2386bc4949f16683353ca08b222738,2026-04-13 04:15:09,0x835a6a65fa702fa764e6775c9e430ff61bf2f963fa5f3ee371f0654308060ed0,doge-updown-15m-1776042000
"Ethereum Up or Down - April 12, 9:10PM-9:15PM ET",Down,BUY,38.56424,0.3951984126984127,0xfae172233bd15fa4793cd3d1bdd3590300fcfbc0f4bac089b7a221c077211970,2026-04-13 04:15:09,0xc62ca42462d19dff9ca79cffa37a10546c41d6926680afdc4961bf189411a7f2,eth-updown-5m-1776042600
"Bitcoin Up or Down - April 12, 9:00PM-9:05PM ET",Down,BUY,60.68476,0.26,0x98902359952a170f936fa7689f7278b4d2b846aed1774d7b25c50c723ba922cb,2026-04-13 04:05:01,0xeb8d93af554dab01aea84ce1abfa1e328e1deb776e30b25e1700080853dff840,btc-updown-5m-1776042000
"BNB Up or Down - April 12, 9:00PM-9:05PM ET",Down,BUY,34.89964,0.49,0xa4acb36ec1fa9378c5d45f00e61a3621aa361deb032246825f4efd2389e8d276,2026-04-13 04:05:01,0xa0b234307738eb2a04e22f4ede50f4951d5c2d679bd84c7550c07e5be6da8158,bnb-updown-5m-1776042000
"BNB Up or Down - April 12, 8:45PM-8:50PM ET",Up,BUY,57.581019999999995,0.22799245530588813,0x5890b754d4f3389146e18f0b460a5670acf93453a3b54d8a8f9fb947f13344bb,2026-04-13 03:50:01,0x27f2edebe766208e62e0b88509c6ae38bde0d8b5bc7815553007662cde9fedec,bnb-updown-5m-1776041100
"BNB Up or Down - April 12, 8:40PM-8:45PM ET",Up,BUY,46.933279999999996,0.4114792899408284,0x41656a400eb59f66a3c976567260027acf0fe209ab9e95c2765f555958ccfc62,2026-04-13 03:45:01,0x831f824778ebda000a109a19d2c81f132ed54b5a54234a30920711c8ff8212ae,bnb-updown-5m-1776040800
"BNB Up or Down - April 12, 7:35PM-7:40PM ET",Up,BUY,40.20953,0.51,0x3f674a0f5b800f0d5ef6c60f2df7a41396dc53666a387128917404c720a6730e,2026-04-13 02:40:01,0xe3f5c77a502f190f81cc7c35692f8bb1854691eb1f66612bc7147cfa68e71eca,bnb-updown-5m-1776036900
"BNB Up or Down - April 12, 6:45PM-6:50PM ET",Up,BUY,4.7286399999999995,0.22,0x9f2505a722c2d891c465fdd451e0c5add205a4f74b69a920b0f163390b54dbee,2026-04-13 01:50:01,0x37d83e9e2ff33f5de639e7f174eadcba5681d5f9711de5e1204c0f2a24530359,bnb-updown-5m-1776033900
"Hyperliquid Up or Down - April 12, 6:00PM-6:15PM ET",Up,BUY,32.02904,0.62,0xc26397f24a1e65f4fbc767fde18eedc119dac0f35f869cec2409a97ef312390b,2026-04-13 01:15:03,0x3478eccf63b711218e9f8c7d574c1604ef0f9438c505e0b803450ce430811d55,hype-updown-15m-1776031200
"Hyperliquid Up or Down - April 12, 5:55PM-6:00PM ET",Up,BUY,28.93441,0.5066666666666667,0x98170980549017a8351c0556f34138f7d8fd5275081fa1f699158828fbb1caab,2026-04-13 01:00:03,0xafc85ae03e6ee50c5d5e405db1d865504702d256b2a6c8a746d31f52434878a4,hype-updown-5m-1776030900
"Bitcoin Up or Down - April 12, 5:50PM-5:55PM ET",Down,BUY,62.52697,0.3131498935846762,0x186683b6b9dc592f0643dd8a57ac10d382203642e9f619dc086fd1706d1d6b51,2026-04-13 00:55:01,0xfa97c45c02f7ad8a77db67b483d2564620203200ab6d7a8ead7a787e4ee1f447,btc-updown-5m-1776030600
"Hyperliquid Up or Down - April 12, 5:30PM-5:45PM ET",Down,BUY,34.9445,0.5071956941760971,0xcadbfc31f2f91dedc24851e69e596afd562cb712533f0c3b972022ab958e0078,2026-04-13 00:45:01,0x34a63e038c4cec44dab158734ccaca1402ed3fa60a19b987c79f7640c1c869d9,hype-updown-15m-1776029400
"Ethereum Up or Down - April 12, 5:40PM-5:45PM ET",Down,BUY,47.21036,0.49,0xcc4508a90a59d432cbb803d3fb56f5b9ec94bf9a4fc3a2fb083b38b5277aa938,2026-04-13 00:45:01,0xae95068beaee7f8f06290af371475e68e077903db93812586d77b03e7ad6126a,eth-updown-5m-1776030000
"Bitcoin Up or Down - April 12, 5:25PM-5:30PM ET",Down,BUY,10.79408,0.74,0x6383a768a084f5e182ae128cca98b142968f53a4079d5b455a45786779684a1f,2026-04-13 00:30:01,0x3b86e1cb7656e7c994cac1ef9eb736a30a284357e57e3dcf46e2e210424de057,btc-updown-5m-1776029100
"BNB Up or Down - April 12, 5:25PM-5:30PM ET",Up,BUY,75.92786,0.18841269841269842,0x2ad0e8d4fa1ce9f69119afa04dc606b6524eff2538e388a623b41071c4922eef,2026-04-13 00:30:01,0x04981cc980f1423a2c527d5a4ed71cccd070480716c7952ed43837f8d9b50ece,bnb-updown-5m-1776029100
"XRP Up or Down - April 12, 5:20PM-5:25PM ET",Down,BUY,8.360059999999999,0.33569476082004557,0xc3de00b68571a2a9693392c61c01dafaa16668b68a44ae94e171d1fbca9155d6,2026-04-13 00:25:01,0x09916f5fa76d1ff5f1fe1d2c0d2739c00eb2f1f1522e03d6c072db164d28f491,xrp-updown-5m-1776028800
"Hyperliquid Up or Down - April 12, 5:00PM-5:05PM ET",Up,BUY,32.08122,0.6420072881870634,0x25e5c468d9b263eef143f46003c7d9e3c54142bfe1e1d2e79ac9713fd1878a21,2026-04-13 00:05:03,0x4644c750ba5d1b5db94abaaa55f227042d42c318ed4564b4024d7da469657c25,hype-updown-5m-1776027600
"Bitcoin Up or Down - April 12, 4:15PM-4:20PM ET",Down,BUY,39.98341,0.14079305490380103,0x054ce3a0f00039e0dec8f949a65ef599f149a941fec02cf522456653a26d6287,2026-04-12 23:20:01,0xe1d6ec54b487fafbd0714be041efb89e0380cc6bed8d961de51d349fc741a6cf,btc-updown-5m-1776024900
"XRP Up or Down - April 12, 4:10PM-4:15PM ET",Down,BUY,14.4816,0.52,0x0a312c7aa8c724bb74e8a9a272ccce7089834cc26133588053bcfc705328c51f,2026-04-12 23:15:01,0x003d0ebe458010716132daabddc54168660b58c323ebe3151489900c6b194391,xrp-updown-5m-1776024600
"Hyperliquid Up or Down - April 12, 4:00PM-4:05PM ET",Down,BUY,32.69158,0.6810340705319785,0x53e5f270a75fa69a2f3865228e9d5573e4c70ecddbb0d45c3dfa06e853c5e012,2026-04-12 23:05:01,0xa30ae1d3954c2703281fef149e73c2738731652ce54cf23d83719970f3ba65cd,hype-updown-5m-1776024000
"Hyperliquid Up or Down - April 12, 3:50PM-3:55PM ET",Up,BUY,9.748,0.65,0x2ca571b12595d2896000488e8282ea3d5d3130c0a235d3d64ef5c04f20de7193,2026-04-12 22:55:03,0x0099b876bb56519a2c603a4338dcbb8a8c8abd205143df840bac530cbfa1bbdb,hype-updown-5m-1776023400
"Solana Up or Down - April 12, 3:40PM-3:45PM ET",Up,BUY,44.65689,0.51,0x6b750ac79ec78cc9c63e2433712be2dafd904f255a9f2edc1adf242e91bc289f,2026-04-12 22:45:05,0xbaf5cb789b4123651b44af568f5da0b12e6f83e5bd9d16b2a1a706ad69ded1dd,sol-updown-5m-1776022800
"XRP Up or Down - April 12, 3:35PM-3:40PM ET",Down,BUY,39.02919,0.5553571428571429,0x4e9e616a57aa486882dd5164647b6417d2badd8488c208997a639ecddb74fe7c,2026-04-12 22:40:01,0x54e67ddb55948efed4b0a39975b23b42975efb21c750f073ce8658657443b85d,xrp-updown-5m-1776022500
"BNB Up or Down - April 12, 3:35PM-3:40PM ET",Down,BUY,31.95791,0.59,0x039b644b9a5a5fb81b73a17f4e9ea6d705a1f32185eecb41abf7ee60b8a43db4,2026-04-12 22:40:01,0x5d00d3572f477368d0786330f68fb2d79c8144c19015d3cf6afe3c1ff95f57b9,bnb-updown-5m-1776022500
"Hyperliquid Up or Down - April 12, 3:30PM-3:35PM ET",Down,BUY,35.82056,0.55,0xde534c49598fb08cef53c2b6bbf399e07bc2b805e7e589c154d8c339c4d34c3e,2026-04-12 22:35:03,0x635b25d99942b0c1ec960531af7ba060c1929f8b245695b881e4527dd7f01094,hype-updown-5m-1776022200
"Bitcoin Up or Down - April 12, 3:30PM-3:35PM ET",Down,BUY,60.823209999999996,0.29,0x483ac027d2f4b6c4f31e1d46040500c60300ed287b3897e89f823b2df2f04d00,2026-04-12 22:35:01,0x12bba655b8697fed7cf7cca5a3500440787aa0886572494c92b0b3394f1ae0fe,btc-updown-5m-1776022200
"BNB Up or Down - April 12, 3:30PM-3:35PM ET",Up,BUY,29.60859,0.71,0x979ff8e8959e99ffd77ffaa76c7a57272ad0251df323c041aa04ebc18ba5418e,2026-04-12 22:35:01,0x5b870b9b4b988d1650d3b65f228a4f15bb52d612465e404362631020e532a0ad,bnb-updown-5m-1776022200
"Dogecoin Up or Down - April 12, 3:25PM-3:30PM ET",Down,BUY,32.195009999999996,0.69,0xcafed333c4e28c0c2f643d48d9e3ebb03f6fcbf61fd0474f26ac47a289a31ee5,2026-04-12 22:30:01,0xbc30ee3b8b53d2ff3bd6ae7315f8efa2363c844a8715513296f8cba4c5c793dc,doge-updown-5m-1776021900
"BNB Up or Down - April 12, 3:00PM-3:15PM ET",Up,BUY,32.08323,0.6428575766778014,0x6e729aff17dd3e892d3319e86641fca3208fbf42dab7c1e0796aeabd1866cdf9,2026-04-12 22:15:03,0x2c0727d805efc8422abdc07e88b98c7fdc188696f5b7cccb3cbc18f301da98b2,bnb-updown-15m-1776020400
"XRP Up or Down - April 12, 3:10PM-3:15PM ET",Up,BUY,4.87339,0.73,0x5beff0e11adebc326186e46fd28efbfd47cb180892ae620693a22fc8ad8d2ac8,2026-04-12 22:15:03,0xb773a76ad34d393ddd08d5c5a697a44e396950c0be02b25512e4d28fd04e3faa,xrp-updown-5m-1776021000
"BNB Up or Down - April 12, 3:10PM-3:15PM ET",Up,BUY,39.261489999999995,0.41756466569058076,0x830dc27dee0001f1803e93b46de8c55135b9d424438c4c13dfda4a7a828288cd,2026-04-12 22:15:03,0xfd6fb70adcc9e6e42f7b636e8a06c1fc5a9f51933e340a743e37034385e2537e,bnb-updown-5m-1776021000
"Hyperliquid Up or Down - April 12, 3:10PM-3:15PM ET",Up,BUY,32.24243,0.71,0xd7b03c04a92f0f45e62ee53b3f1534c3295fd6948a70f50b70caa0632152c93d,2026-04-12 22:15:03,0x19795b8d8c9e2e874073aa09c3fccf560fdd86c05675ba2ec7234e499d7cfb91,hype-updown-5m-1776021000
"Dogecoin Up or Down - April 12, 3:10PM-3:15PM ET",Up,BUY,31.76823,0.51,0x98aa47ab311b847aa895e2608990689b348294b661d65c5c5f5cb141214447ba,2026-04-12 22:15:03,0x9e0f1c9377dba3116e8c1206d7b3b37d04f3a8b091424a7d54c61a62f228403d,doge-updown-5m-1776021000
"Bitcoin Up or Down - April 12, 3:05PM-3:10PM ET",Down,BUY,44.54251,0.47567941240008643,0x09b5e16cf525098035f8e5722205a08f06df100162919f4391e7ffc3b9f60e17,2026-04-12 22:10:01,0x0ba07942a1787deb73dc555d2e2a251a96dc0f9bae4a8d6910ae182e867173af,btc-updown-5m-1776020700
"Solana Up or Down - April 12, 2:30PM-2:35PM ET",Down,BUY,27.22448,0.6346351931330472,0x9f52919a053e4ea9abb56f7bb2e837523631c36179bc6bde65b5729d7e0455e4,2026-04-12 21:35:01,0xddef12be17c07659bf4028f07e92d11f0e3a99f5780970fbf5a18fe42d397ef2,sol-updown-5m-1776018600
"Bitcoin Up or Down - April 12, 2:05PM-2:10PM ET",Down,BUY,117.58996,0.1766616,0xcc87ef3501883660ed327efa07c7aa3cb45e4132f47c61e507f690a15c86e096,2026-04-12 21:10:03,0xbbf90fc391541b9671a6ed43dd54d8b2b6228b76b55ff6b82905b9d681b34b15,btc-updown-5m-1776017100
"XRP Up or Down - April 12, 1:55PM-2:00PM ET",Down,BUY,57.23368,0.14245901639344263,0x344511f10f7de41f7676c37ad3e577af8922be09c5573a8b233415f488ea435f,2026-04-12 21:00:13,0x853346c5aca9f46369a791a2275830a6a981712d4796712b625101ad28646471,xrp-updown-5m-1776016500
"BNB Up or Down - April 12, 1:55PM-2:00PM ET",Up,BUY,22.51054,0.7103436276642018,0x94c2dfaf2360c469609b2b30d16db04878cf169f26506bc37c15e09bb2a4988e,2026-04-12 21:00:03,0x131fcb2ef48c1fc293e7a0273f07ae9de7564337e81f2d66cbff6568dc967654,bnb-updown-5m-1776016500
"Dogecoin Up or Down - April 12, 1:45PM-1:50PM ET",Down,BUY,47.87224,0.5,0xf90729a8db0a07887823c23ef101d49ca117eadec2e854e3acab158bf6ea7056,2026-04-12 20:50:03,0x172ea6aa7d53f84eea538b4668990ddb6379685fa6b5a5cc57ca43eb5b9f81c9,doge-updown-5m-1776015900
"BNB Up or Down - April 12, 12:40PM-12:45PM ET",Down,BUY,33.876619999999996,0.69,0x2f595e872a3de6fe3830fd6eadfe6b4cd71003f5e28952c3cc3b0265a4850806,2026-04-12 19:45:01,0x0fff1cd13cab17a247b39cad4ecce724d1eff167386a8ba64bdea516da1517bd,bnb-updown-5m-1776012000
"Hyperliquid Up or Down - April 12, 11:35AM-11:40AM ET",Up,BUY,32.24761,0.7039301972685887,0x08a6bf7d53f56cac8ac0f68a16aed510153e862a4c0bad35737f1e2b8a469170,2026-04-12 18:40:01,0x25d425d5beda2ce76fc4f2b2f7a5c9efd2b84a61ed38d53b84f5858ff5013d7b,hype-updown-5m-1776008100
"Solana Up or Down - April 12, 11:20AM-11:25AM ET",Up,BUY,21.42472,0.6368181818181818,0x5d97d797aa5aef28877672b8a01cebe5caf67e9e1b965b1d70c5daaa57a8c8cc,2026-04-12 18:25:01,0xf4de77a58733abe33d3cc13fda6e07063f6f9ed2ee9759ac174839d679656d93,sol-updown-5m-1776007200
"Dogecoin Up or Down - April 12, 11:00AM-11:05AM ET",Down,BUY,56.985679999999995,0.3066388796265422,0xbce01dc0a180e6c5e9642f305532c6917febef1aa58ed28fcd09ef6c9ccf411a,2026-04-12 18:05:01,0xa39536f9482bcda57d95120b471da80b42fa8345f1e49a16e0f6529ba4b94cb6,doge-updown-5m-1776006000
"Dogecoin Up or Down - April 12, 10:50AM-10:55AM ET",Down,BUY,40.50911,0.39,0x2033e87f1b5437ac8991602dd2f5b13a2e0bc1a0b24111c9067a60f6508daedf,2026-04-12 17:55:01,0x4bfb894908e0a1e6c5e3718f9242aaeecc082ef785e94287507729dd7367d527,doge-updown-5m-1776005400
"Bitcoin Up or Down - April 12, 10:25AM-10:30AM ET",Up,BUY,32.9086,0.57,0xc39bbcb018cf84e565d83b7784e291c4a36cdd1f498e1fe8b1236fb8370405da,2026-04-12 17:30:01,0x5f1a63aef0a9fdf6fc60138bd98122cff5e38d07afa37973a8bdeb793bf7850f,btc-updown-5m-1776003900
"BNB Up or Down - April 12, 10:25AM-10:30AM ET",Up,BUY,39.239169999999994,0.41,0xea5808f4789d56d11611cb714e11bec3653a9c4a60c747f1a479df5084fe5b10,2026-04-12 17:30:01,0x4386987639bf2ec65166642b59856813683e523222b9bb0480b163f526dbbeee,bnb-updown-5m-1776003900
"Hyperliquid Up or Down - April 12, 10:10AM-10:15AM ET",Down,BUY,9.7624,0.67,0x6346f024243575dd82881bd4113a4f52a42da9a152a670d23fb0e3e7a02d98c4,2026-04-12 17:15:01,0xd1db13978e5b7e9e95c9ced220e982b695cc54ee1ae1f6d8d2c32a14f18a5cd3,hype-updown-5m-1776003000
"Dogecoin Up or Down - April 12, 9:55AM-10:00AM ET",Up,BUY,39.336879999999994,0.4431137140068326,0xb55a2e4c5fbf06503b21f2499e27c7b86f4c414255c422f6574defa8f70eb71b,2026-04-12 17:00:01,0x4ca97e4640b08b7e4fde8d3740e62d56ec0eadc8e12c11a04eb51ced3077ba35,doge-updown-5m-1776002100
"Ethereum Up or Down - April 12, 9:55AM-10:00AM ET",Down,BUY,53.27135,0.43027902790279027,0x1acbe5adb73a4733e84bb93897727bbc85f8de0013b4717a797de0ef11c944a2,2026-04-12 17:00:01,0xc174cf72a4fd87196ea8bc6002650905bc68bc540037c2ca63fba8eaf58e2ede,eth-updown-5m-1776002100
"Dogecoin Up or Down - April 12, 9:40AM-9:45AM ET",Up,BUY,47.370960000000004,0.5,0x00daf803d8db320a92fce9a9180e5cbc2cf6f52e40b7165a4fc15636c66cb722,2026-04-12 16:45:03,0xeae5d2d8dae34515ef39658e169ab27d645877b28da82624ab305d893625998c,doge-updown-5m-1776001200
"BNB Up or Down - April 12, 9:30AM-9:45AM ET",Down,BUY,36.22612,0.5317711389703921,0x065d2d17a475d9210d946e228b8f79a4abbe4e043cd808e0bd0095e53f073694,2026-04-12 16:45:01,0x8f4a940c86417261a66c261eff3d4193f3d05b23e86b9106a699feaf37d16ffd,bnb-updown-15m-1776000600
"Ethereum Up or Down - April 12, 9:30AM-9:35AM ET",Down,BUY,36.34293,0.64,0x7500c26f9e8f8f77dd4a8dcf8e9b9f39c3f4170c2e9992052e0dff39b1c49428,2026-04-12 16:35:01,0x3bde3005fae217ed939e0d0073f890c90ae9c28aa5b9b279cc5be20b33663068,eth-updown-5m-1776000600
"Dogecoin Up or Down - April 12, 8:15AM-8:20AM ET",Down,BUY,32.26344,0.69,0xfd36d70d206d4cd4d7af22bafcebbdea865ca2706c800e339d0c0d4c55f458d0,2026-04-12 15:20:01,0x7d753b0b65a73803c03281a33f5223e6ba91c77336d4069268140d41199b39d0,doge-updown-5m-1775996100
"Ethereum Up or Down - April 12, 7:55AM-8:00AM ET",Down,BUY,57.64172,0.383315649867374,0x7f11c270ca2414d3d5823296c9ca5a54b6c594c6728f6d3d13a05559d8e8f3f9,2026-04-12 15:00:01,0x92fba209435be5cde4661c2a3f751da45764f6024004bf02d928ac17bb0b2072,eth-updown-5m-1775994900
"BNB Up or Down - April 12, 7:55AM-8:00AM ET",Up,BUY,2.18344,0.71,0x3db9115816bef58caa5bd5a255ff1f2bc656e2fb057b66e3ad2babc176a393a3,2026-04-12 15:00:01,0xfe81f5531d581f39cf090f8981abc5c05dc5cded67d526fb872a87d9dff1c183,bnb-updown-5m-1775994900
"Solana Up or Down - April 12, 7:50AM-7:55AM ET",Up,BUY,36.785019999999996,0.602078162133615,0x746d4b08e044c2250cac63081af5449293ff3ef5ef4e6c8e9079d58eec9a52cf,2026-04-12 14:55:01,0x77e2d0c5c8cf1c7d02b41b8124e3b2e045c1d0cfb8f53496ec49433873f18c31,sol-updown-5m-1775994600
"Ethereum Up or Down - April 12, 7:40AM-7:45AM ET",Down,BUY,14.6868,0.71,0x8e4488120a575dc908349a57a0b608fda9b5a692d004dab82813db017b396b61,2026-04-12 14:45:01,0x0957267ff7db96358c884769a36cd26c7689bfa92a6b54e074b4eed8d65a9c92,eth-updown-5m-1775994000
"Dogecoin Up or Down - April 12, 7:30AM-7:45AM ET",Up,BUY,9.784,0.7,0x6eb6d5b816433fc377326e0e20ed0da3740f9df708ab6b1bbb06b1592979c71f,2026-04-12 14:45:01,0xebf54c9171f9ada39a978af1dfed5c7d5c5d3d0bebc92cba228afd35b78551d4,doge-updown-15m-1775993400
"Hyperliquid Up or Down - April 12, 7:15AM-7:30AM ET",Down,BUY,29.3304,0.69,0xdf4610262f6076ded8a09e06d18fe8349e9d1eb96f03f49b24d62228eb1fd345,2026-04-12 14:30:01,0xed00c738062ab69e349678ce68cae5f5be4d96ef029cf2ddcf12fac7fd566767,hype-updown-15m-1775992500
"XRP Up or Down - April 12, 7:15AM-7:30AM ET",Up,BUY,43.68291,0.46,0xfcb4e3daec25ea32ced4d33da7a929b66c64d6618cd1a97004e17d77036219b6,2026-04-12 14:30:01,0x96b7b02814bb7ae2b4374688c0b4a1613496a78e3cf5bc09a5883305a27cd833,xrp-updown-15m-1775992500
"Dogecoin Up or Down - April 12, 6:30AM-6:35AM ET",Up,BUY,33.91709,0.49,0xd542e864722a5d64265bc61f39199a389e156f3c97abd420ab00323d2cc78b43,2026-04-12 13:35:01,0xc4b12ec8a1cbf8650459774e32060d0b035f3f9bbe151758178d72f617ffe914,doge-updown-5m-1775989800
"Hyperliquid Up or Down - April 12, 6:25AM-6:30AM ET",Up,BUY,47.876,0.41,0x7cf7c56e21df83370e671699127ad090f4b496067274d55fd7d69c8ef369b96e,2026-04-12 13:30:01,0xae8882464b4ea05821e3e79353c36384e0be3e058b4deb20716ef733e78402e7,hype-updown-5m-1775989500
"Dogecoin Up or Down - April 12, 6:15AM-6:20AM ET",Up,BUY,39.239169999999994,0.41,0xfccdfb4df552e2035048859ce9eebd48714ffaee85d0b7fa3054b9c6bc7fc872,2026-04-12 13:20:01,0x09119b57a9cc13516732a0d8d2e9580fe798b74b72d6162eca44e1cfc2a72382,doge-updown-5m-1775988900
"Hyperliquid Up or Down - April 12, 5:45AM-6:00AM ET",Down,BUY,29.1144,0.59,0xd711029ee8e5f13602fc49bdf9bdf1e5a67ba18d0cb2aa6f8acfa8d7e5c67f13,2026-04-12 13:00:01,0x317e9f57f6747fbf2d51278c1e1244437a9237153c6271187923ffaca4aa21d8,hype-updown-15m-1775987100
"Bitcoin Up or Down - April 12, 5:55AM-6:00AM ET",Down,BUY,46.33948,0.5,0xfd04edab41c9d7a3da8e7ec805bfb7d8cbcc648fcf84ae2bf7c357cdd56aaa97,2026-04-12 13:00:01,0x000870daab83b4ed986bbb80ec71c96436d18f7dcbd8824abc6a5a8e29cb4085,btc-updown-5m-1775987700
"Ethereum Up or Down - April 12, 5:35AM-5:40AM ET",Down,BUY,41.058209999999995,0.5699929195185273,0x5b32f869e2fa3de254da6d265e6dd9c9f1a26e7145ec57d08d3d3ed3b8144005,2026-04-12 12:40:03,0xdc85a30095091ed8da25a4436020bdcdd13a59d87200198058dd03457bb2faff,eth-updown-5m-1775986500
"BNB Up or Down - April 12, 5:35AM-5:40AM ET",Up,BUY,33.967800000000004,0.51,0xc133fcdcdd2cc0d4a5740df064af829f7640c330667f0abab071a116b166f509,2026-04-12 12:40:01,0x7bab105ed3d943bc57c5d3ee705394e6ca97716eb1a1b9dbf19912c7d675428d,bnb-updown-5m-1775986500
"Hyperliquid Up or Down - April 12, 5:30AM-5:35AM ET",Down,BUY,37.95548,0.59,0x713190770ea6983413f0235c3248661893912626f1a13a81a3d9287ac7952909,2026-04-12 12:35:01,0xcb9df11c64d5079cb3e26c7ce3831c3f5a32a37c22b45e08cb6c20621615d664,hype-updown-5m-1775986200
"Bitcoin Up or Down - April 12, 5:15AM-5:30AM ET",Up,BUY,32.22443,0.7024081384755542,0xc5a793ce83a18454afc27482b9c2e20deff3881a95615904bdd7826622b8e8fa,2026-04-12 12:30:03,0x4b14dec81058c396176c57900f458d6b6ae3b2e877294ebe84d2dd4ffec6d2a3,btc-updown-15m-1775985300
"Bitcoin Up or Down - April 12, 5:25AM-5:30AM ET",Up,BUY,102.12765999999999,0.16143435458643848,0x8a5b9cf65cc75b8cfd3349eefafe53126148661fd269495495c953987dd2b92f,2026-04-12 12:30:01,0x8fdc64ad7573e9f992bb608527a880f40688b0c3433f9bbe1b59020b1b2fd442,btc-updown-5m-1775985900
"Hyperliquid Up or Down - April 12, 5:25AM-5:30AM ET",Down,BUY,58.9176,0.1,0x8cd24f21f9a005df89d8bc8c032afb396e8be21973871ee1fe9d0264e2ad480e,2026-04-12 12:30:01,0x510b57740a37dcd1b70626bb1be3900e371de6d6d9e543f7603d7bb7117c6a89,hype-updown-5m-1775985900
"Ethereum Up or Down - April 12, 5:15AM-5:20AM ET",Down,BUY,42.61339,0.4321224397929327,0x685a33bf9382a4e40edccb972559e1db3aa7bd77da8651637d0584ace5755b4f,2026-04-12 12:20:01,0x7bc4626800a58dde581625fe41cc507d3380fdff24daff0c3fe899d01f7c37a8,eth-updown-5m-1775985300
"Dogecoin Up or Down - April 12, 5:10AM-5:15AM ET",Down,BUY,32.195009999999996,0.69,0xa8da74bc2ef88f0dd991564ed1e3ecb53186a4d35ad82edf3c1027019d7a35b7,2026-04-12 12:15:01,0x3994a29913037079624ee1541981aaf8069d40134cc09da25dc9d6f1ad5bd2e1,doge-updown-5m-1775985000
"Bitcoin Up or Down - April 12, 5:05AM-5:10AM ET",Up,BUY,6.86922,0.76,0xf31049c61b7ba95d8e2ab41328afca2e9be6ed5a66535f97ab4a7e0294b3decd,2026-04-12 12:10:01,0x9be2134d442d36b6d7228df40ab25e7cfb99e8e4204ae09a7b42139ea9ff6286,btc-updown-5m-1775984700
"Ethereum Up or Down - April 12, 5:05AM-5:10AM ET",Down,BUY,24.2872,0.604,0xa5024d7d460518a7f8e75e70c46b57d0ea854ce16adb56fb01b07c7cea09717c,2026-04-12 12:10:01,0x96b6c2cd6e3d2b46c6df49965eb97e872fcfaad1dc1570411ac797e6b8eb7f64,eth-updown-5m-1775984700
"Hyperliquid Up or Down - April 12, 4:50AM-4:55AM ET",Up,BUY,9.82,0.75,0x23fb388d236579486cc2a501e3fa570de19d18c4ec1501c958290db286892978,2026-04-12 11:55:01,0x8888ed8acb958de99799692684a3ca7aea55d53ce37462931bafe487928c2107,hype-updown-5m-1775983800
"Bitcoin Up or Down - April 12, 4:40AM-4:45AM ET",Down,BUY,73.98315000000001,0.2645122887864823,0x92115eafdb54c11f4161356b428977ce158486a1aae54bdec20be5faf03c99a3,2026-04-12 11:45:01,0x3dd9ba29b83259cbbc91d356d3a57b752e5750d66e3354dbf4698243542d33d9,btc-updown-5m-1775983200
"Ethereum Up or Down - April 12, 4:40AM-4:45AM ET",Down,BUY,16.79485,0.33456349206349206,0x796c72af2a714784d5ca2053d6c7e7d2a208eca85d39467c9e2743cb4053619a,2026-04-12 11:45:01,0x851dbae1e198937ebcc67c5a303deb46adc2b265616a6bfcf3719037d0673244,eth-updown-5m-1775983200
"Bitcoin Up or Down - April 12, 4:25AM-4:30AM ET",Up,BUY,145.657,0.0584,0x9fb20f90493c7f285ac79b19660d3353a2647551689e183663e0f337f2992421,2026-04-12 11:30:03,0xbcfdb6b3a211ae8478f6a9a05e0de6001df7418f77327d11f7ce5f330888b102,btc-updown-5m-1775982300
"XRP Up or Down - April 12, 4:15AM-4:20AM ET",Up,BUY,32.14891,0.6705587610081992,0x58fee8330bbc4847dce9a19877e10c3df7600a83bbc7d1d86d8640d661983d2c,2026-04-12 11:20:01,0x344816df0428d110574d123e54047e622e29ddfb5be5f0a508972b6c7953d024,xrp-updown-5m-1775981700
"Ethereum Up or Down - April 12, 4:15AM-4:20AM ET",Up,BUY,9.676,0.55,0x32dcce9ae9f85258be9b61399250a5754763cadc6eddb063ab25b277337b92d7,2026-04-12 11:20:01,0x6413c283dbe3058a3ae894f95edbcacf8ececa29736007c89f7d34ea5aaecf5b,eth-updown-5m-1775981700
"Hyperliquid Up or Down - April 12, 4:10AM-4:15AM ET",Down,BUY,9.4024,0.17,0xb5953711cf6fcf446bc28aa66b1d8ccf621478a4260292dfff1162c164ca038c,2026-04-12 11:15:03,0xaf20f4280316e55474c00aa978d9cca812942861f9e72e54623d8cae55cd6163,hype-updown-5m-1775981400
"Ethereum Up or Down - April 12, 4:10AM-4:15AM ET",Up,BUY,44.49664,0.46191618060056167,0x86b79ba5f2afc13b36bc9b21e9394540a9c96db17d595d4272d85ef1ee0df0ab,2026-04-12 11:15:01,0x302a745230caaf589f791b58f21d49c6a744b6d8c6334d1a94b1496e124e5d60,eth-updown-5m-1775981400
"Dogecoin Up or Down - April 12, 4:10AM-4:15AM ET",Up,BUY,37.90488,0.61,0x4a28177bda1813eec9ff018e34143398ce382920ee7cb8c8384f28f7f747ed49,2026-04-12 11:15:01,0xb754c2ed9c7c2656b69a8d1ee3b07bb325a66752d1c88a0090430ddda4558184,doge-updown-5m-1775981400
"XRP Up or Down - April 12, 4:10AM-4:15AM ET",Down,BUY,29.4384,0.74,0x240dad878775ae0b131742e475d593b9c07e118d4aa23131d507de4dc9af3afe,2026-04-12 11:15:01,0x1c8cc003717121356080f4c3f1070df3a4e037d059e0d8de4720895df02d71e0,xrp-updown-5m-1775981400
"XRP Up or Down - April 12, 4:05AM-4:10AM ET",Up,BUY,34.72267,0.6159899187902548,0x0c50c29712d31b7d28b820ae8caa5d1e8736a00ab70f498fa23fe7504aa0fbe2,2026-04-12 11:10:01,0x36c95870d98d7ee5ce3d2694f1bad61985a594433952a2338fde459f5c1ab38d,xrp-updown-5m-1775981100
"BNB Up or Down - April 12, 4:00AM-4:05AM ET",Up,BUY,32.07336,0.61,0x2b52e62be988851154ba6c5ba8636e4e37800327197b003610190697b6ab5ca4,2026-04-12 11:05:01,0xa1b8b06717a7914e65d34995df57561a5c360b2f1a17d4a2a314546035bced96,bnb-updown-5m-1775980800
"Solana Up or Down - April 12, 3:40AM-3:45AM ET",Down,BUY,37.76634,0.54,0x7c4f43d2f569ce64039310960dd5bc63266cfcf0cadc7fb3a9fcac2ec7d2f184,2026-04-12 10:45:01,0xe04f6c67a93d330f14a57da9a2e660df7fa1b0d670c049bd5e1609c8bac37e5f,sol-updown-5m-1775979600
"Bitcoin Up or Down - April 12, 2:55AM-3:00AM ET",Down,BUY,40.4008,0.5576036424634555,0xb7d3ff63f2d8afeb156eff72902fb2ff93d3db441e8665de2456238c1144f4f9,2026-04-12 10:00:03,0x402d234f08306b2af321aa09666ed27701deb662a44cf2a07953c95ebf06c771,btc-updown-5m-1775976900
"Hyperliquid Up or Down - April 11, 10:35PM-10:40PM ET",Down,BUY,4.85366,0.46,0x185755f2bfc196462db43ae8f9df370cd16d7ba63240f76a0232df1b85bd5c8c,2026-04-12 05:40:03,0xb781df8f8c3c96033755977ac25c0d2dd7e68890b8aed17c7e7cc3c02f401eea,hype-updown-5m-1775961300
"Ethereum Up or Down - April 11, 8:15PM-8:30PM ET",Down,BUY,16.88173,0.54,0xe3f073519286df4d3c521f4abe923b59aa2fa0989eba02f69615d4df678fe125,2026-04-12 03:30:03,0x259dd54478531805649808a441086eb5c0574859a9630312516491b09fa18b78,eth-updown-15m-1775952900
"BNB Up or Down - April 11, 7:45PM-7:50PM ET",Up,BUY,40.22772,0.5,0xb0a7401027192d3cf9ee30d867c9df0ee255fb4e4dde5c709ce98e7868d71a0c,2026-04-12 02:50:05,0x61f516b3035c8f2cf986826f540d6c8ee9a599b37b4abd6d26e5800ccb70ccb4,bnb-updown-5m-1775951100
"BNB Up or Down - April 11, 6:25PM-6:30PM ET",Up,BUY,36.654560000000004,0.3,0x9c5d81f41dd4619ded8e07d813c680ca10714bd067e14a00d8645b3f607603e2,2026-04-12 01:30:11,0xc1d335a9215d7e13d0b3f07521a767d3f09558b241d532ba315f5abed6792e79,bnb-updown-5m-1775946300
"BNB Up or Down - April 11, 3:15PM-3:20PM ET",Down,BUY,48.0848,0.468,0xea83d14c9661972630a822d9295743574ecf0ab769b3bce5df30465b6a75ff61,2026-04-11 22:20:03,0xeae1b7f90246386514a5251adc7aa3b38c86c9708138ac6ca276679f9543e904,bnb-updown-5m-1775934900
"Bitcoin Up or Down - April 11, 12:00PM-12:05PM ET",Down,BUY,39.60521,0.2928109273903666,0x79adc1731d2cec2252aca6ddaf543bff889cc3dcb4376d3ace2e95cd1d30105d,2026-04-11 19:05:13,0x08d21db30ee4c2df21031977f7a492daa47a5dce7a121505694bf8018d24ec60,btc-updown-5m-1775923200
"Hyperliquid Up or Down - April 11, 11:45AM-11:50AM ET",Down,BUY,5.41609,0.5678890876565296,0x621289f0b0c7840ebf5812348e24f4f47ab56faf4de7ad1a797a6d5d7864b300,2026-04-11 18:50:07,0xa6a4c7fa799b2c93a0754260f9d6312d142f700f39784f09041d4be9f9f3f4fc,hype-updown-5m-1775922300
"Solana Up or Down - April 11, 7:00AM-7:05AM ET",Down,BUY,27.77888,0.41517241379310343,0x4c43f5057b361f334f0b2889fe2c1e3d6d50d27765796e8d3d14724dac313015,2026-04-11 14:05:03,0x6f57edbc3998578786451f060af49484c276122cba6ba616c032c560c9ba9426,sol-updown-5m-1775905200
"XRP Up or Down - April 11, 6:55AM-7:00AM ET",Down,BUY,60.81192,0.05532567049808429,0x202af9e80b757924c6e8f525b234297c3d35eedc493a7e968277e28984896283,2026-04-11 14:00:03,0xbb22f01457613ba882b3fb91247e6d04aea488eb98908e420277700f378790e1,xrp-updown-5m-1775904900
"Bitcoin Up or Down - April 11, 3:15AM-3:20AM ET",Up,BUY,108.56504,0.13,0x621b9cb82bc7ff45ed37ad6275b62da004d4f8ba3bb2d9c09f274516c5fd6411,2026-04-11 10:20:03,0xbcbf24f04e4f50e2cc9b3ca80fbc0d415c358a06c1e168785dfa29a388a81331,btc-updown-5m-1775891700
"Dogecoin Up or Down - April 11, 3:00AM-3:05AM ET",Down,BUY,48.0848,0.468,0xca624c707f0e906dc7f4528ca00065a91d5cae2cda2a25e157d696e6d1f42c4d,2026-04-11 10:05:07,0xec8ba674b1f3a1845718733bc62e14f550afbaaa7b3fe85781aa1c819b7433f9,doge-updown-5m-1775890800
"Bitcoin Up or Down - April 11, 1:15AM-1:20AM ET",Up,BUY,40.07749999999999,0.45,0x01b472af3df65af716c4b6d8c4fe3bfaa01dd8bdd33a774bb9102ea35dacb0b8,2026-04-11 08:20:13,0xd96b18087f964a8eb50b0aea9bb8c9ca49d1c5802d13f94dea109fe2ebc87f11,btc-updown-5m-1775884500
"Solana Up or Down - April 11, 12:45AM-1:00AM ET",Down,BUY,12.21827,0.4626593233674272,0x638a6f0f3062aa0e6311f20f71615a7199464ac386abdef2f8330b5c2d1e90db,2026-04-11 08:00:03,0xaca5fe75f3f47c9cdf7470017d89b882c7ae6b72c90d33100b1311c5e3cecca7,sol-updown-15m-1775882700
"BNB Up or Down - April 10, 10:50PM-10:55PM ET",Down,BUY,10.75004,0.55,0x59287f0d4c55a30d3ac44a76654c81246300ba98ae59e660ca2d6effcbdf6135,2026-04-11 05:55:05,0x5f3416226de84647195847cc599808de74e173085ca48d8c4f7cdff1bd57afd6,bnb-updown-5m-1775875800
"BNB Up or Down - April 10, 10:30PM-10:45PM ET",Down,BUY,22.524919999999998,0.5034931506849315,0x3ff4e36bc5bdee8af272a6541ae18ae8ab2811edebca67fabf26bcc96bebfa52,2026-04-11 05:45:03,0x163ce77bb8e176aa3eaf925c1387d2961da9fddc4aeee8e565cd48fab43b4f86,bnb-updown-15m-1775874600
"Dogecoin Up or Down - April 10, 9:15PM-9:30PM ET",Up,BUY,13.66044,0.51,0xf2d9cef77bc764d680d8ee205434b84d729687d8916d33b6322e899e1568e822,2026-04-11 04:30:03,0x13b547112357b273cae98db30674bb1906920f8b059229094d5b48b1463d0ace,doge-updown-15m-1775870100
"BNB Up or Down - April 10, 8:50PM-8:55PM ET",Up,BUY,10.999139999999999,0.5588028169014084,0xacb11ed681fb3deef53267c14e7ad7468de2dbf903b3522964b54375e8401e20,2026-04-11 03:55:03,0x3504d49cddb2bacf74c23a7a99acf2d0be024535e25eabf87caf3ef74b02c4b0,bnb-updown-5m-1775868600
"Bitcoin Up or Down - April 10, 8:20PM-8:25PM ET",Up,BUY,10.46144,0.32,0x36cf772a5969bfac0b2a8eef5c942f63b646c1a7cc5d771a608e0ff0b2815cb0,2026-04-11 03:25:05,0x49fff7cd2faf96a5c3ac07cc768fde6eeb7714a0cff02cfd6a87e86653e960c6,btc-updown-5m-1775866800
"XRP Up or Down - April 10, 8:20PM-8:25PM ET",Up,BUY,14.3736,0.42,0xfe1373487b8956f36e7b3f74853fcafcf68e612273965c11c2452bf37f4b513a,2026-04-11 03:25:05,0x8a5fbb7003b109f9d28decfdb6123b2cdeec2c59fc07d35750dd42ef83f4619c,xrp-updown-5m-1775866800
"Bitcoin Up or Down - April 10, 7:30PM-7:35PM ET",Up,BUY,40.34791,0.54,0x329c0c7058a7e5d60d8cbcc29076da8925d24cefad886f2eea3e5c4e2a429321,2026-04-11 02:35:07,0xac814c264927dc272cdba8625f7d265ab73dad633d1f43a65431df3068a43e86,btc-updown-5m-1775863800
"Ethereum Up or Down - April 10, 12:25PM-12:30PM ET",Down,BUY,9.5968,0.44,0x74c639308fdfb691e2e6fdb417862745d5e4b74ccf68d78298e9d9b3d65fdeac,2026-04-10 19:30:05,0xf508f9ad7992a4fa049bd48a77a90e9d9d3f7e14e9806fb3b701a4b5bbfcad32,eth-updown-5m-1775838300
"BNB Up or Down - April 10, 12:25PM-12:30PM ET",Up,BUY,10.75004,0.55,0xe9fc39353c6226fda95c5e18b8c2bc0e1488edfe2015b5f1195a653f82601a51,2026-04-10 19:30:05,0xb8378abf50ff3621bf37e8622ec4754f096f6bcc5956a97119c19ca27da7b240,bnb-updown-5m-1775838300
"Bitcoin Up or Down - April 10, 10:05AM-10:10AM ET",Up,BUY,55.52659,0.41,0x7e7762e1fa5f1aa8c95ee5370f420765e42441627d9c9445d4fac2a319bc5fca,2026-04-10 17:10:03,0x0c5c09b118a73e1acc4614c1222d8d0c09613e3e83b4925fdf617b4167337dfa,btc-updown-5m-1775829900
"BNB Up or Down - April 10, 7:15AM-7:20AM ET",Down,BUY,40.37795,0.55,0xf30a072e5c67df80a6ba9288b5445e405f2f569b725513c33fc63830353f689b,2026-04-10 14:20:03,0x4ad1c00614a19aaf394475ab6fdb354e2559e7cf6e4cf9432ea3506ae0e41d9a,bnb-updown-5m-1775819700
"BNB Up or Down - April 10, 3:00AM-3:05AM ET",Up,BUY,19.26072,0.5,0x938625f8931c691c7f2e99737fadf77d09a7ada1b69e18715caf305e899cb8be,2026-04-10 10:05:05,0x06d586c80b69ee0af00ba5060cfe2861e59a1eb931fbd8e6e9b63e90d9e13e40,bnb-updown-5m-1775804400
"Dogecoin Up or Down - April 10, 2:35AM-2:40AM ET",Up,BUY,40.37795,0.55,0x35feec4c4c687aafab9ef1f59f5ca87fc19029bb6b056583c19807cc90d81119,2026-04-10 09:40:05,0x943408931c0238dd0a03a93ab4005943d32e5db4b0fc9d86f682f415b8caf6fd,doge-updown-5m-1775802900
"Bitcoin Up or Down - April 10, 1:00AM-1:05AM ET",Down,BUY,78.29021,0.16,0x992390a6c1410e9c2d721b40c182bca7a465acaca9f06d609db87b40d10c4ef4,2026-04-10 08:05:03,0xdac447af7e2bedc9ceb4fbffeaec072e17b59236b150ce99892d18771570300a,btc-updown-5m-1775797200
"Ethereum Up or Down - April 10, 1:00AM-1:05AM ET",Down,BUY,14.3636,0.5,0xb490457a069d2fea125f9493a803a945f6f4ea056981b418adfccdf9618ee210,2026-04-10 08:05:03,0x62af376d640777c9b46108fdab92a8900ad7bc3c394dcb397a16896f1b5827f9,eth-updown-5m-1775797200
"BNB Up or Down - April 10, 12:15AM-12:20AM ET",Up,BUY,28.28376,0.5,0x694a1c2bbf6d9d29457b3d5b4eff96633d191ab6bdb43f50e9301891d695f1b6,2026-04-10 07:20:03,0x580bd4661880dd6163309f1323556305f608fc67cd6610f0a14567175c55f6f4,bnb-updown-5m-1775794500
"Bitcoin Up or Down - April 10, 12:00AM-12:15AM ET",Up,BUY,40.19802,0.49011502516175415,0x49c2816c0d0fef67ee35f8a9fba3a72297c46671c31f3e4440b69e72ba38895b,2026-04-10 07:15:03,0x8b68a1fab90a7c1e83d4f81a6beae82accd049b93ff0b5df1a5108742abd3f8f,btc-updown-15m-1775793600
"Dogecoin Up or Down - April 9, 11:45PM-11:50PM ET",Down,BUY,9.676,0.55,0x05be4fdf76577903e2dd38dc97cb2ee0dd3409225a245f6573d5077f3b58cca4,2026-04-10 06:50:03,0xbed1422fa17feb2b69ffd120fd19f68e6eb057cd2b211e18bccdcd5687ff1c31,doge-updown-5m-1775792700
"Bitcoin Up or Down - April 9, 10:50PM-10:55PM ET",Up,BUY,40.415589999999995,0.54,0x5ffb2cd53e64def72b4b780dac21a7ff2c71df64a2aa896d25ce408d8db0ed6e,2026-04-10 05:55:11,0x48e909586c847c161fc43ae54975b3c61d35e500da2fb02282d178437a64cceb,btc-updown-5m-1775789400
"Dogecoin Up or Down - April 9, 9:50PM-9:55PM ET",Up,BUY,28.26448,0.5,0xce8de6ed1599d75ac8e99b86fa8794c222aa5842e1a8012ead45a57534b02250,2026-04-10 04:55:13,0x9256bd03622a29d9303aefb8d04408f460def81a2bc1ed24ae4c01cbdfff17f1,doge-updown-5m-1775785800
"BNB Up or Down - April 9, 8:15PM-8:30PM ET",Up,BUY,29.72288,0.5142857142857142,0x4f46fa33f33bfcb892e9440bc8f8ce95395f73f9012114721cdb01d11ec91592,2026-04-10 03:30:03,0xcc5ae020c7a3784edbb61943e7e0261ec310cabe4667e6490d13727b46cd4c4d,bnb-updown-15m-1775780100
"Solana Up or Down - April 9, 5:20PM-5:25PM ET",Down,BUY,773.93024,0.01,0x8ded5b0d88a4842c6c690ca17c7e6a9377000232110c20b0fbce182b5ccede32,2026-04-10 00:25:09,0xb85bd9c8176672c96bed5da1a00d4fc1518b9359b913b7b4f9cef066ec2c7005,sol-updown-5m-1775769600
"Solana Up or Down - April 9, 5:20PM-5:25PM ET",Down,BUY,105.53045999999999,0.01,0x8ded5b0d88a4842c6c690ca17c7e6a9377000232110c20b0fbce182b5ccede32,2026-04-10 00:25:07,0x0f029d70e3dfed0e1ece45500c73d435c37aaeec1b0441152f39c40c4b655c7d,sol-updown-5m-1775769600
"Bitcoin Up or Down - April 9, 1:05PM-1:10PM ET",Up,BUY,90.73222000000001,0.21739989599583984,0x0adb01e1fb6b170984836531c089acf1b98df218969f22fe80027c2be4a02fb6,2026-04-09 20:10:03,0x8985b0460a269ff9f59cce0fd739e05f6ba057e240704ae93c09c5b9db27fc6f,btc-updown-5m-1775754300
"Solana Up or Down - April 9, 7:25AM-7:30AM ET",Down,BUY,44.11216,0.43,0xa4a48623d92eafe4234479f80eb8c2c8a369ed4a8f9c9dfc7e373f4c0cbc532b,2026-04-09 14:30:03,0x23c0b068b1b9c5b6f94f145fea5d6c08194b19c2232df3081e0cacdc7d727048,sol-updown-5m-1775733900
"BNB Up or Down - April 9, 1:55AM-2:00AM ET",Down,BUY,32.55164,0.01,0x753e9555e773bd0c3621fe9823eaf8187cde4908dcc77710cd1473671fb76182,2026-04-09 09:00:03,0xc3970a5d8a0931455e047266617cadbb18b424c6e4f2ef519deea89116aff622,bnb-updown-5m-1775714100
"Bitcoin Up or Down - April 9, 1:20AM-1:25AM ET",Down,BUY,17.4072,0.58,0x062f24d39296718fc83b3dff6500ea921b0f8b33ffdfdf009ddc302190114848,2026-04-09 08:25:03,0x63218513aaf7c7b50deb93ca41ad34494eaeb60e44785e6a14890404108b588c,btc-updown-5m-1775712000
"Hyperliquid Up or Down - April 9, 1:00AM-1:15AM ET",Up,BUY,32.29849,0.55,0x031950963660ecb3e1c170819cf7a065debf50b07a7e8ff5e60eea5278c8886b,2026-04-09 08:15:05,0xc0826651ca8b15294d6962d67c838458a292c40f8eb3893f8bd0557feb3b2286,hype-updown-15m-1775710800
"Hyperliquid Up or Down - April 9, 12:50AM-12:55AM ET",Up,BUY,9.604,0.45,0x58fafee912c73e180f210712ff76c0fa419b55637df52f9eb8e074bad0aa3576,2026-04-09 07:55:03,0x0b5f5efad3b1c2705205da99dd627098a86ca02fa36ef168e2224d5bdec20926,hype-updown-5m-1775710200
"Dogecoin Up or Down - April 8, 10:40PM-10:45PM ET",Up,BUY,17.938679999999998,0.48461084272678473,0x3fceac49851b0a8ef121b945fa700f146bbdce43adcd85349d8ae1061e3a74cb,2026-04-09 05:45:13,0x706160f0af2712acc798eed21bd7f8604bd361aeb22221eaca41756782c80467,doge-updown-5m-1775702400
"Dogecoin Up or Down - April 8, 9:00PM-9:05PM ET",Up,BUY,34.90305,0.44346809680968097,0x597860a81f7dc515e519ab243bc9e035814fcd2b6352cd5a4d979ed5afa72b8a,2026-04-09 04:05:05,0xe168325cca22ade31673bda7dd97c3d350a157325ffc72f41fb113440a8e8061,doge-updown-5m-1775696400
"Solana Up or Down - April 8, 9:00PM-9:05PM ET",Up,BUY,32.185900000000004,0.4751270553064275,0x987496db32043a854733f3c3a2e088a88fdebcc36f3fecc1ddd3bced4d6bd224,2026-04-09 04:05:05,0xb0eb65d739dd3615e1b14f17f9f57805ead83d1d4da9b97a36f2bcdd9e989080,sol-updown-5m-1775696400
"Dogecoin Up or Down - April 8, 6:45PM-6:50PM ET",Up,BUY,32.29849,0.55,0x3f07c3df00815d383742c262091567110f2d83c4cf481e324cda60ad7b9ec73c,2026-04-09 01:50:03,0xcbb7cdd0a708aacb0414f6650ed2a9405f4b761f9d20a164b2902bd241dff9b0,doge-updown-5m-1775688300
"Bitcoin Up or Down - April 8, 5:45PM-6:00PM ET",Down,BUY,63.30034,0.3,0xee59b1347f56117b41837e740e917195676930dd20b769ba842aa6dc269fcb21,2026-04-09 01:00:03,0xa89f8cfbfb4bb8a43d812064c810e371ac2cdeb5fe09be8e0eca88cc8de0c19d,btc-updown-15m-1775684700
"Bitcoin Up or Down - April 8, 5:45PM-6:00PM ET",Down,BUY,46.321490000000004,0.3,0xee59b1347f56117b41837e740e917195676930dd20b769ba842aa6dc269fcb21,2026-04-09 01:00:03,0xe3ffadc3e0144c423c39b311c57caed7f54565be7d688f09a4fb3fe0d89f447c,btc-updown-15m-1775684700
"Solana Up or Down - April 8, 10:45AM-11:00AM ET",Down,BUY,10.32628,0.54,0xaadf86907422aa900a940c5240c45de6a3d0b856da51edcd557c17aff2eb70f1,2026-04-08 18:00:03,0x3ee5fcdb52159994c7fc6a2c6056c5d297ca74219af226cc1c00b488ba2c216c,sol-updown-15m-1775659500
"Solana Up or Down - April 8, 4:30AM-4:45AM ET",Down,BUY,28.64366,0.35,0x081799cb8c9046ea1c8542ba11bf6daef2d33dfbdedf7fd7a92c940a0f193c5e,2026-04-08 11:45:03,0xdfd002b8faaabf063548351f766f64a585564140adbda564d9f411148c7937ff,sol-updown-15m-1775637000
"Solana Up or Down - April 8, 4:00AM-4:15AM ET",Up,BUY,0.73319,0.51,0xed7a69b88cc348834efb52734afa68f1bf5271ae1126088855ff565ff0d2efef,2026-04-08 11:15:03,0xbd775d8e6973c206a0da7484b9c36c1c29e5a3129876429fd93707089bff9160,sol-updown-15m-1775635200
"Bitcoin Up or Down - April 8, 2:20AM-2:25AM ET",Up,BUY,29.260189999999998,0.34,0xaa97b2df22dac225ec3fd0544e3a592f25ab33120dcae72a69a7eb3fa02eef85,2026-04-08 09:25:05,0xf7e72695f7f75bb585e6e2c6e9cfb53ae355ab96a6c15ea2b6d616fef2efdc84,btc-updown-5m-1775629200
"Ethereum Up or Down - April 8, 1:45AM-2:00AM ET",Down,BUY,29.09993,0.5608818635607321,0x8878561935e2cf231b52dbbe2767179aef0428391b40d9d0b3d3c011392cebb5,2026-04-08 09:00:03,0x1038d77d0ab624ccd5944810a168c239c45de0cd2814473d4051376c4981b66a,eth-updown-15m-1775627100
"Bitcoin Up or Down - April 8, 12:20AM-12:25AM ET",Down,BUY,37.7106,0.08184744923229322,0x3da750a4bce27d1e4823f954d2c9a955f82a26d46d838049b653af1fd7189f3a,2026-04-08 07:25:05,0x9dc4af90379d7668ff2a3b58d3fd7a3e75024d6d30530dbc83323ba273ab7944,btc-updown-5m-1775622000
"Solana Up or Down - April 7, 10:50PM-10:55PM ET",Up,BUY,4.7156,0.21,0x84c860f9b24b3bca6fd2436b62fffd96b43286d79137026915038d9a8ccc262d,2026-04-08 05:55:03,0x71686b688dc366814802fbdb0a882da625894545d1480115f77e210fd8ce8f9f,sol-updown-5m-1775616600
"Solana Up or Down - April 7, 10:25PM-10:30PM ET",Down,BUY,31.886720000000004,0.3786698621929299,0x34a8229a0dc7ab02c7c53bb403aedebf885dba7cc2b3c315f8fdae43f4271de8,2026-04-08 05:30:03,0x401a707f2f89c562aa3bd41abecacb646d1c0ec357050932b721a17c7f85b10f,sol-updown-5m-1775615100
"Bitcoin Up or Down - April 7, 10:20PM-10:25PM ET",Down,BUY,4.7156,0.21,0xfc754aa843cf754f6408463015f2f078290ac36fb2f165fb1c1dc76301ba3274,2026-04-08 05:25:11,0x0eb67c8d755f9c8bc802f0c3f2d60faf54da787e6d735b7f0155c1adb7eadfa0,btc-updown-5m-1775614800
"Bitcoin Up or Down - April 7, 4:30PM-4:35PM ET",Down,BUY,21.08476,0.6,0x7d2d7f0498dd7c0d4ba48f71cac224313d2a5bb6c15f5ef775b3fe3986c44385,2026-04-07 23:35:03,0x884ac4b87d311c9da8b3080a02e92ca4da5549c2d4b08f40822af0bfb6907ee8,btc-updown-5m-1775593800
"Ethereum Up or Down - April 7, 12:45PM-12:50PM ET",Up,BUY,19.468120000000003,0.55,0xab8463fdee7b57ca4c12d269f6b79dc9a616d7de5c5d652fcd2cb373e458bf9b,2026-04-07 19:50:03,0x76148935cddb3f4d4d38ecf89624ff7114f0718e7da9941cad31cd874b63778d,eth-updown-5m-1775580300
"Dogecoin Up or Down - April 7, 11:20AM-11:25AM ET",Down,BUY,6.4009599999999995,0.5,0xa2a2137ccf5e34669c8a66a58e517c88f689910830f4c71c509ede79d2752462,2026-04-07 18:25:03,0xd2d6bb6d2c9c3707b93f93cc4aee36276a3351411d05204460f91b345493c9b6,doge-updown-5m-1775575200
"Bitcoin Up or Down - April 7, 11:10AM-11:15AM ET",Up,BUY,19.37383,0.5450074887668497,0x31bb6f9cdd0ce4a0f0b1146bfd406b2969e82e81487c8c8f53b8b9965ebeefd3,2026-04-07 18:15:05,0x053608ea89b32bfe9a0340633836a6ff6e9c37bdf29899b3766316e31bccc9a1,btc-updown-5m-1775574600
"Ethereum Up or Down - April 7, 7:45AM-7:50AM ET",Down,BUY,18.28416,0.31,0xc43f5738f9ca0d46f37bdd27fc67d518ffcc941ea4ea3366c96e7968dd8df0bd,2026-04-07 14:50:03,0xfb60841c8860dea7b24d25047f020658829c15aa9db3e21196f357438e10dfa7,eth-updown-5m-1775562300
"XRP Up or Down - April 7, 3:45AM-4:00AM ET",Down,BUY,14.69136,0.5,0xa1c5c0598c141f544f7353f875076299180bbacbd9042cf063cec71dc1789eab,2026-04-07 11:00:03,0xb1c667afff3abcff0af6dbcebc1e15bbbbce8a379570e9f348cf778e90cb488f,xrp-updown-15m-1775547900
"Dogecoin Up or Down - April 6, 11:00PM-11:15PM ET",Down,BUY,4.7696,0.36,0xfaea40259ea0c66b1143c6c09077399989f59e19b39bc732461e22184a8860bf,2026-04-07 06:15:03,0xb730e91b93c654f9a5cc78dea63a17c255681c9c519488f1cee5b697bce1b8d7,doge-updown-15m-1775530800
"BNB Up or Down - April 6, 10:45PM-11:00PM ET",Down,BUY,5.8056,0.55,0x41f982551b9f06dd124600afb36e25af7e7d0ab33ade27df84036c2a2d2bbf36,2026-04-07 06:00:03,0xaf906d306f5a1b9b274983470787e323d1b545fc5d74e52a55dcda068f1dcdf8,bnb-updown-15m-1775529900
"XRP Up or Down - April 6, 10:45PM-10:50PM ET",Up,BUY,16.18053,0.576033553025764,0xd0e6a2a8d265a95108cbf32d76281770affb6c2569c8afedd588753abac4c11b,2026-04-07 05:50:03,0x49c90b990be7cf71d13b5acff3346f1d1fc21ca03c2a3ae4f5972f4f272d1362,xrp-updown-5m-1775529900
"Dogecoin Up or Down - April 6, 9:30PM-9:45PM ET",Up,BUY,1.9621600000000001,0.47,0x79429cdc253290914062d614625ddc4898ab4196cc0000b9e477de5b76888395,2026-04-07 04:45:03,0x379d93b9dbe394af940c95fb408b05dba61c68a6c074f041c5c0741f40d999ab,doge-updown-15m-1775525400
"Bitcoin Up or Down - April 6, 8:45PM-9:00PM ET",Up,BUY,15.500340000000001,0.01,0xcbe85a2a71adf183ee5c86cb4adff574d1225c40551dda360376d172c0f66e8c,2026-04-07 04:00:03,0x41da35ed7ce747742e95f345d5dd72a78029802ff5ab9b7252e40e1d95e1590d,btc-updown-15m-1775522700
"BNB Up or Down - April 6, 7:45PM-8:00PM ET",Down,BUY,15.92632,0.3644877171959257,0x746e0f021036e7889382c7ede95c465bb7343fedae04ed5772cdbdbf05ec15c3,2026-04-07 03:00:03,0x7ede2b8c210e50bfdbea8b3512f98841b93e07fe82a0691bc4f5b9efbce06bbc,bnb-updown-15m-1775519100
"Dogecoin Up or Down - April 6, 11:55AM-12:00PM ET",Up,BUY,16.087130000000002,0.4983043738765728,0x11df7d08f9bfd12c6f07c51955e83491cfb89a3bf59fee7b5b51c47e10a3e2fb,2026-04-06 19:00:03,0xa5dc50f8faced85d8867c8ff8dc8921aa552ad978423420a0affeb2a7240b063,doge-updown-5m-1775490900
"Dogecoin Up or Down - April 6, 11:15AM-11:30AM ET",Up,BUY,9.6112,0.46,0x52c7954aeaeacf2f542b7f6b8b9ad312e23ae2972f8cfe43bf685e76790ffcd6,2026-04-06 18:30:03,0x0e4c303fa12627538bb0d7f1938a4468e67833ff256507d1d6f3cc7667e5d5ea,doge-updown-15m-1775488500
"Solana Up or Down - April 6, 10:10AM-10:15AM ET",Up,BUY,9.572519999999999,0.5,0x25a7df44d787633c307ed0a3552c1be6289e710aefe9703d26d57d233b38de6a,2026-04-06 17:15:03,0xf478c384fdb9f197ceb4d118c438df7b21ddb2e744c7611e15179b1614dad282,sol-updown-5m-1775484600
"XRP Up or Down - April 6, 5:55AM-6:00AM ET",Up,BUY,11.26851,0.5106849315068493,0xe16478831101e6ef5c15fd5089cf70d36842f95cf41979fd7b56f545d516689c,2026-04-06 13:00:05,0x21cf9177aa10fa176f173fa81c4efdbb3ae17254d8f4b9fff120ef30813787f2,xrp-updown-5m-1775469300
"Dogecoin Up or Down - April 6, 2:30AM-2:35AM ET",Down,BUY,4.69368,0.02,0x07c9daaeb93bc129f713b4d265a319779b28ad7ee83a203baf3bfe75aff0d579,2026-04-06 09:35:03,0x2da8806e7b2fb744f7f58ae2c92d708268211377777840c1257489689f0ca903,doge-updown-5m-1775457000
"Ethereum Up or Down - April 5, 10:45PM-10:50PM ET",Up,BUY,9.63617,0.4813086913086913,0x14bbdf4a2fbb1980208415a91d743f744709866a0485f496c8228483ad9746b0,2026-04-06 05:50:03,0x3a2bdfb088ac29772650c3c52317b7fc5106de89370909157a44d8fcbe390ce9,eth-updown-5m-1775443500
"Dogecoin Up or Down - April 5, 9:30PM-9:45PM ET",Up,BUY,5.676,0.25,0x456706d8aa932cf369d181436c727b9ffbac7b1baaa7af70004e1eedb152dee2,2026-04-06 04:45:03,0x0611ab0b70a878684b53073d91f8dc5551b789b3ced7cb920337e697c1f97cd5,doge-updown-15m-1775439000
"Bitcoin Up or Down - April 5, 9:05PM-9:10PM ET",Down,BUY,9.82111,0.38,0x0db1c9cfff8160aaea185347091a9842d3c7cb6d4b7436d5d5f8b4213cd7125b,2026-04-06 04:10:03,0x2b38e2a566d17c44a1bd2f6c4d4cac606e4a97ef5531275224bb375208e67836,btc-updown-5m-1775437500
"Ethereum Up or Down - April 5, 8:55PM-9:00PM ET",Down,BUY,9.532,0.35,0x6c0d333586102099eb7556912149fbd1fd993c84af6f4af074fa16733a39db11,2026-04-06 04:00:03,0x91a46317e3379bdfed247a737dea6c1bf1f74297f40bedb458b50737154776c2,eth-updown-5m-1775436900
"Dogecoin Up or Down - April 5, 10:30AM-10:45AM ET",Down,BUY,7.90144,0.26964028776978416,0x038a40d562b02e2da84c0272d7bd0cb201d724f342fecb42945042ec36fe6d45,2026-04-05 17:45:05,0xdfb6d9fdaecdee8b7538bf3778b7651e91cf88c77523b550662367016050c24c,doge-updown-15m-1775399400
"Bitcoin Up or Down - April 5, 10:40AM-10:45AM ET",Up,BUY,8.0818,0.57,0x07ad0c743a6b065566c118b3a142839ff71b6adf3e974a9737f451f58682d593,2026-04-05 17:45:03,0x31e911f2cc5b1486183361c9b3844cd1d12d73eb3ea364b04ddc61e16a5b9e14,btc-updown-5m-1775400000
"Ethereum Up or Down - April 5, 9:35AM-9:40AM ET",Down,BUY,8.36007,0.55,0xc828455ed55c6d90486f66758cc9eef731e05b437c931b197cb13463971eee81,2026-04-05 16:40:03,0x3b32d642df8bcab96e8bc3f5c61bb0c6647f51c35ea765bbd284993e1261f9f3,eth-updown-5m-1775396100
"Dogecoin Up or Down - April 5, 4:10AM-4:15AM ET",Down,BUY,3.71488,0.01,0x2961f30561309c336dae5ae62311a0404070f156b6e68df656aec2e0446cb47d,2026-04-05 11:15:03,0x13d656db979382bb71c8ab5519cc68edee4176324c0b89251dac2962738c9b50,doge-updown-5m-1775376600
"BNB Up or Down - April 5, 3:45AM-3:50AM ET",Up,BUY,3.71488,0.01,0x264194d8ea584cf75df485bf34544cf7914d9033012edf11fe5780c84d06bcf9,2026-04-05 10:50:09,0x7ac9a08f3c36609163c42a4b54c8005943e8dce4c0791e9d82e6267fcbb49b7d,bnb-updown-5m-1775375100
"Bitcoin Up or Down - April 5, 3:45AM-3:50AM ET",Up,BUY,185.744,0.01,0x8cf2925835152f80d18f381419fa195444fe61359af4a346cb18568b9f1aa0bb,2026-04-05 10:50:09,0x8acfa353381daa8a8dcb45c6bb201467652f009af83ee626b52c402b2913eed0,btc-updown-5m-1775375100
"Bitcoin Up or Down - April 5, 3:45AM-3:50AM ET",Up,BUY,3.71488,0.01,0x8cf2925835152f80d18f381419fa195444fe61359af4a346cb18568b9f1aa0bb,2026-04-05 10:50:07,0xc01f5441edba3e64710b186397efae8708aa9b7aefe6c11a12fc8593c8a69b7e,btc-updown-5m-1775375100
"XRP Up or Down - April 5, 3:15AM-3:20AM ET",Up,BUY,17.00639,0.07487376509330407,0xfe1fa91a56814594a69e0d09be645e343f9941b24c03bd12deecd385da60f2df,2026-04-05 10:20:03,0x467b4de277aad01f59b45adec802937e76301aff1004888842db4024a72eeeba,xrp-updown-5m-1775373300
"XRP Up or Down - April 4, 8:30PM-8:45PM ET",Up,BUY,3.8128,0.35,0x2704327cab166a2c5c946f6bda79a52bb5570fd9d51dc791f4ad39ea66dc8f8c,2026-04-05 03:45:09,0x79eff6e40f733711c538299003ce34da760ffaa6e19af51a0fa928444eda21e7,xrp-updown-15m-1775349000
"XRP Up or Down - April 4, 7:30PM-7:45PM ET",Down,BUY,3.73792,0.09,0x77d5cda5aea867bd4ea6169bab32a75156dcc24d8cda06d9d003644ef3ff359d,2026-04-05 02:45:03,0x2b21f8982d77d233d99bd3c4ee90f78d530ddd2a62e5c3378aeb02b535207a2a,xrp-updown-15m-1775345400
"Bitcoin Up or Down - April 4, 4:35PM-4:40PM ET",Up,BUY,23.56457,0.14,0x473e12f0966b15ed9a2dfdb8fb4456efebd3da235714ae47d5af121c64279831,2026-04-04 23:40:03,0x403257d7ade08ddb51cccd3101b206e1f006259af36016f3284eed3ca6c5bea2,btc-updown-5m-1775334900
"Bitcoin Up or Down - April 4, 12:50PM-12:55PM ET",Down,BUY,23.45606,0.08,0x02a64f20248a9d96ef582e4cf01f23b9348487024773b510dca89197130be2a9,2026-04-04 19:55:03,0xfe4769f0d3a409e6b3d6ab043e9c39b93c7ffaf8bb84cc9a597ab0803fa1fc80,btc-updown-5m-1775321400
