Market Title,Outcome,Side,Size,Price,Condition ID,Timestamp,Transaction Hash,Event Slug
"Ethereum Up or Down - May 2, 6:30AM-6:35AM ET",Up,BUY,15,0.16140666666666667,0xd6184809653b599b2cd01fddcaff12dea7934df6192b8d897abf5467804beab7,2026-05-02 13:33:06,0x965c1888cc9b5af67b8eed5bc0ed3ddaf329b9276f7ee01c5d334db6bdc65279,eth-updown-5m-1777717800
"Bitcoin Up or Down - May 2, 6:30AM-6:35AM ET",Down,BUY,58,0.21,0xf8dab5fc47f6ccb21e251bd225ebe880c04a185390e05cfae90c1f2606e54f3b,2026-05-02 13:32:00,0x54585a3dfe84b5ff1058cd86862f119ab0cd6645951a91b391d0eb4a6e535848,btc-updown-5m-1777717800
"Bitcoin Up or Down - May 2, 6:30AM-6:45AM ET",Down,BUY,10,0.44,0x392f9311937c446c7dd518f9aadbf67e4ef112d8ba884c7149234c523cbb6ec7,2026-05-02 13:32:00,0x2d72cf14b72401980c8f87ff87d5b68dae3e6983349ed8fa4eeb8f8e3fdf8eb0,btc-updown-15m-1777717800
"Bitcoin Up or Down - May 2, 6:30AM-6:35AM ET",Down,BUY,52,0.2210769230769231,0xf8dab5fc47f6ccb21e251bd225ebe880c04a185390e05cfae90c1f2606e54f3b,2026-05-02 13:32:00,0xdde9822599993641299463dff78ae9b683077d2c350881b9837cab5a32944088,btc-updown-5m-1777717800
"Bitcoin Up or Down - May 2, 6AM ET",Up,BUY,5,0.28,0xac3c9f8b5b2269437fdfcb43c9e1cbb8aa24401c8a1140f084592772b70c979f,2026-05-02 13:31:54,0xfd36adf64ec39a5bc81f9c6cd9c8f714685c7e1c66e84a301396b5c2ec7dd616,bitcoin-up-or-down-may-2-2026-6am-et
"Bitcoin Up or Down - May 2, 6:30AM-6:45AM ET",Up,BUY,11,0.5909090909090909,0x392f9311937c446c7dd518f9aadbf67e4ef112d8ba884c7149234c523cbb6ec7,2026-05-02 13:31:54,0xf4d6b2de188ba3ec25bf8f67be3053a31a22478e76c9224363d3588187b9ff89,btc-updown-15m-1777717800
"Bitcoin Up or Down - May 2, 6:30AM-6:35AM ET",Up,BUY,211,0.8898322274881516,0xf8dab5fc47f6ccb21e251bd225ebe880c04a185390e05cfae90c1f2606e54f3b,2026-05-02 13:31:54,0xfb0e5781b66e64d15459e8e6f4229314de2aa93d9867beff68713e2ca114adc2,btc-updown-5m-1777717800
"Bitcoin Up or Down - May 2, 6:30AM-6:35AM ET",Up,BUY,260,0.8963853846153846,0xf8dab5fc47f6ccb21e251bd225ebe880c04a185390e05cfae90c1f2606e54f3b,2026-05-02 13:31:54,0xe7469c0666762dc761cf7ed044ef59b7ac1b4da9825fb437a1404606d3a2b422,btc-updown-5m-1777717800
"Bitcoin Up or Down - May 2, 6:30AM-6:35AM ET",Up,BUY,136,0.8474264705882353,0xf8dab5fc47f6ccb21e251bd225ebe880c04a185390e05cfae90c1f2606e54f3b,2026-05-02 13:31:54,0x1080af231dd334d75191152c8487efadf7e710325848cfd7701cddfcbc2ca502,btc-updown-5m-1777717800
"Bitcoin Up or Down - May 2, 6:30AM-6:45AM ET",Up,BUY,11,0.6,0x392f9311937c446c7dd518f9aadbf67e4ef112d8ba884c7149234c523cbb6ec7,2026-05-02 13:31:54,0x048d8f2d2b108b1248985771cbb9f7703273a2a7aae058d0c4ba9dbd3d2cbc1b,btc-updown-15m-1777717800
"Bitcoin Up or Down - May 2, 6:30AM-6:45AM ET",Up,BUY,11,0.6,0x392f9311937c446c7dd518f9aadbf67e4ef112d8ba884c7149234c523cbb6ec7,2026-05-02 13:31:54,0x88d7f9df50b8e1c927b8c8de26767ca0eaf96e86b38c0e2c2bcd0b95748e4b8b,btc-updown-15m-1777717800
"Bitcoin Up or Down - May 2, 6:30AM-6:35AM ET",Up,BUY,88,0.8200670454545455,0xf8dab5fc47f6ccb21e251bd225ebe880c04a185390e05cfae90c1f2606e54f3b,2026-05-02 13:31:54,0x9e23bd4498e62bf3cbea267e7a2367e61d196ddc86d94f0a36562b995c92d03d,btc-updown-5m-1777717800
"Bitcoin Up or Down - May 2, 6:30AM-6:35AM ET",Up,BUY,60,0.7343433333333333,0xf8dab5fc47f6ccb21e251bd225ebe880c04a185390e05cfae90c1f2606e54f3b,2026-05-02 13:31:52,0x2986a8f23260cdf76eac9e0be69d01b56d68ccb3a09f6daa289d5663c09def35,btc-updown-5m-1777717800
"Bitcoin Up or Down - May 2, 4:00AM-8:00AM ET",Up,BUY,5,0.53,0x5414faf1d4f67d580fd195b96186c0beecc19b4c786e84133c96f0fc44c5263b,2026-05-02 13:31:50,0xae4712da490fbb977d3d48583973dce18bf8c51d440bf8fc97fa1a827d00e896,btc-updown-4h-1777708800
"Ethereum Up or Down - May 2, 6:30AM-6:35AM ET",Up,BUY,16,0.18438125,0xd6184809653b599b2cd01fddcaff12dea7934df6192b8d897abf5467804beab7,2026-05-02 13:31:14,0xd2b079216516c5523fa15f6a707cc0b27642d7ff35f7df4e0474f97a32ff1d61,eth-updown-5m-1777717800
"Ethereum Up or Down - May 2, 6:30AM-6:35AM ET",Up,BUY,15,0.19,0xd6184809653b599b2cd01fddcaff12dea7934df6192b8d897abf5467804beab7,2026-05-02 13:30:30,0xc94a51ed002553994a24916c8229ae34e0f6191a68b921ba4a5715df127cc0b6,eth-updown-5m-1777717800
"Ethereum Up or Down - May 2, 6:30AM-6:35AM ET",Up,BUY,13,0.23,0xd6184809653b599b2cd01fddcaff12dea7934df6192b8d897abf5467804beab7,2026-05-02 13:30:22,0xcf569608064591d0ecd1f6e38398fde50752a5e2d07582350ec557eb7fc8d0cf,eth-updown-5m-1777717800
"Ethereum Up or Down - May 2, 6:30AM-6:35AM ET",Up,BUY,13,0.23,0xd6184809653b599b2cd01fddcaff12dea7934df6192b8d897abf5467804beab7,2026-05-02 13:30:22,0xcb32bc0b2b8c8b3219f02774e63e5c63da4bc2cce9262b5155fd4303df137911,eth-updown-5m-1777717800
"Bitcoin Up or Down - May 2, 4:00AM-8:00AM ET",Down,BUY,5,0.49,0x5414faf1d4f67d580fd195b96186c0beecc19b4c786e84133c96f0fc44c5263b,2026-05-02 13:30:20,0xa2dc2c9bb6629b35ac806072b8b7240a6d9037e40a35daeb8f6553df38042937,btc-updown-4h-1777708800
"Bitcoin Up or Down - May 2, 4:00AM-8:00AM ET",Down,BUY,5,0.48,0x5414faf1d4f67d580fd195b96186c0beecc19b4c786e84133c96f0fc44c5263b,2026-05-02 13:30:20,0xffa9542c90308647dd51498856b357f30465a05a0c36fd1e14ace29c5b3f03ba,btc-updown-4h-1777708800
"Bitcoin Up or Down - May 2, 6:30AM-6:35AM ET",Down,BUY,41,0.5008634146341463,0xf8dab5fc47f6ccb21e251bd225ebe880c04a185390e05cfae90c1f2606e54f3b,2026-05-02 13:30:20,0x4de23b2fa4db62c703bf45165768c61dfd49834aefc057d895ca8f6fdca18dc1,btc-updown-5m-1777717800
"Bitcoin Up or Down - May 2, 6:30AM-6:45AM ET",Down,BUY,10,0.44,0x392f9311937c446c7dd518f9aadbf67e4ef112d8ba884c7149234c523cbb6ec7,2026-05-02 13:30:20,0x728dda73f2fb31ace5ffb0e0e7fb87275c051f4e01b085b2c6f29789b6f0d274,btc-updown-15m-1777717800
"Bitcoin Up or Down - May 2, 6:30AM-6:35AM ET",Down,BUY,49,0.6761591836734694,0xf8dab5fc47f6ccb21e251bd225ebe880c04a185390e05cfae90c1f2606e54f3b,2026-05-02 13:30:20,0xa85c1213de3c6c0a3afe88267ae023bee648939cc92b6c4f1c56b6215fb0d75a,btc-updown-5m-1777717800
"Bitcoin Up or Down - May 2, 6:30AM-6:45AM ET",Down,BUY,10,0.44,0x392f9311937c446c7dd518f9aadbf67e4ef112d8ba884c7149234c523cbb6ec7,2026-05-02 13:30:20,0x747968e77b9433b84dda49f3efc43df7f6610345a57e19d4eef2f651c12ade8b,btc-updown-15m-1777717800
"Bitcoin Up or Down - May 2, 6:30AM-6:45AM ET",Down,BUY,10,0.44,0x392f9311937c446c7dd518f9aadbf67e4ef112d8ba884c7149234c523cbb6ec7,2026-05-02 13:30:20,0x0e2508674cc6995c1eef6e0b6d9ce924ba421b1533d71fd625e7a4048957b41a,btc-updown-15m-1777717800
"Bitcoin Up or Down - May 2, 6:30AM-6:45AM ET",Down,BUY,10,0.44,0x392f9311937c446c7dd518f9aadbf67e4ef112d8ba884c7149234c523cbb6ec7,2026-05-02 13:30:20,0xa28d68e91b215cc841a0f0de87d7145f92b8a0dcee51843bb853697cc3ad1c71,btc-updown-15m-1777717800
"Bitcoin Up or Down - May 2, 6:30AM-6:35AM ET",Down,BUY,47,0.66,0xf8dab5fc47f6ccb21e251bd225ebe880c04a185390e05cfae90c1f2606e54f3b,2026-05-02 13:30:20,0x9085cfefcb3c4cf3e2d39ccdcae3d361f0817ec9cd221e6ba34c398d32fb7f96,btc-updown-5m-1777717800
"Bitcoin Up or Down - May 2, 6:30AM-6:35AM ET",Down,BUY,42.78,0.6616877045348294,0xf8dab5fc47f6ccb21e251bd225ebe880c04a185390e05cfae90c1f2606e54f3b,2026-05-02 13:30:20,0xa942e928a51adf7ca6ccc7940be638c4d769a0509107fef167226aa49261c725,btc-updown-5m-1777717800
"Bitcoin Up or Down - May 2, 6AM ET",Down,BUY,7,0.74,0xac3c9f8b5b2269437fdfcb43c9e1cbb8aa24401c8a1140f084592772b70c979f,2026-05-02 13:30:20,0x59905b3ab9d68242a5d198473e84a6fdf7a71f7b2815b6551722cebb7419cdfe,bitcoin-up-or-down-may-2-2026-6am-et
"Bitcoin Up or Down - May 2, 6:30AM-6:45AM ET",Down,BUY,10,0.44,0x392f9311937c446c7dd518f9aadbf67e4ef112d8ba884c7149234c523cbb6ec7,2026-05-02 13:30:20,0x29af88cee0a8a84fdcbb4dd58762f23d03ab5b0afdf4d16dc9458b394093656a,btc-updown-15m-1777717800
"Bitcoin Up or Down - May 2, 6:30AM-6:35AM ET",Down,BUY,12.36,0.5819093851132686,0xf8dab5fc47f6ccb21e251bd225ebe880c04a185390e05cfae90c1f2606e54f3b,2026-05-02 13:30:20,0xe97bf1417888e79dfc235a17dbe825e5b8c0a8db3bd121b9d7a7705f7a039132,btc-updown-5m-1777717800
"Bitcoin Up or Down - May 2, 6:30AM-6:45AM ET",Down,BUY,10,0.44,0x392f9311937c446c7dd518f9aadbf67e4ef112d8ba884c7149234c523cbb6ec7,2026-05-02 13:30:20,0x7908df508fd38eb54097f184bb3c809755b2038eca473410a5e2b9e3fffc4395,btc-updown-15m-1777717800
"Bitcoin Up or Down - May 2, 6:30AM-6:45AM ET",Down,BUY,10,0.44,0x392f9311937c446c7dd518f9aadbf67e4ef112d8ba884c7149234c523cbb6ec7,2026-05-02 13:30:20,0x2ec80a0ecf7ee7e88cd6c96dce306fac80b2975c32001745bfd1d07a9e1451e4,btc-updown-15m-1777717800
"Bitcoin Up or Down - May 2, 6:30AM-6:45AM ET",Down,BUY,10,0.44,0x392f9311937c446c7dd518f9aadbf67e4ef112d8ba884c7149234c523cbb6ec7,2026-05-02 13:30:20,0x6553dcfcbc05ff9e3ee32ae396c7ff35b2ee05eaf3f22ee78d22c37608535c34,btc-updown-15m-1777717800
"Bitcoin Up or Down - May 2, 6:30AM-6:45AM ET",Up,BUY,10,0.56,0x392f9311937c446c7dd518f9aadbf67e4ef112d8ba884c7149234c523cbb6ec7,2026-05-02 13:30:18,0xd06b1c161be477bbb52af1e964c16022544dbe66dd9ac9118e9d3bebef28d37d,btc-updown-15m-1777717800
"Ethereum Up or Down - May 2, 6:30AM-6:35AM ET",Down,BUY,11,0.5909090909090909,0xd6184809653b599b2cd01fddcaff12dea7934df6192b8d897abf5467804beab7,2026-05-02 13:30:16,0x5b76a60a4a5dd108368bf6e4a7f8ce4d9372fe775c41e17fb3000b9612cb4e5c,eth-updown-5m-1777717800
"Bitcoin Up or Down - May 2, 6:30AM-6:35AM ET",Down,BUY,40,0.47,0xf8dab5fc47f6ccb21e251bd225ebe880c04a185390e05cfae90c1f2606e54f3b,2026-05-02 13:30:16,0xec1697d2d38903db902515805fefc2dded89760494f95fe581338ef3510afb30,btc-updown-5m-1777717800
"Ethereum Up or Down - May 2, 6:30AM-6:35AM ET",Down,BUY,10,0.51,0xd6184809653b599b2cd01fddcaff12dea7934df6192b8d897abf5467804beab7,2026-05-02 13:30:16,0xe22c31f50008991942384694bf4febc12fdb952ad17f6c1744b637c0b5995fe2,eth-updown-5m-1777717800
"Bitcoin Up or Down - May 2, 6:30AM-6:35AM ET",Up,BUY,45,0.32,0xf8dab5fc47f6ccb21e251bd225ebe880c04a185390e05cfae90c1f2606e54f3b,2026-05-02 13:30:16,0xf7ab291ba2f7cd301fe1848e3a5f17b7224723e1fd80262e80c3948e70ec8ca8,btc-updown-5m-1777717800
"Bitcoin Up or Down - May 2, 6:30AM-6:45AM ET",Up,BUY,10,0.56,0x392f9311937c446c7dd518f9aadbf67e4ef112d8ba884c7149234c523cbb6ec7,2026-05-02 13:30:16,0x4f396e696e2f53bb1d603c9ecc2d4e8031c461cff938a94b9b733131e3212f24,btc-updown-15m-1777717800
"Bitcoin Up or Down - May 2, 6:30AM-6:35AM ET",Up,BUY,42,0.32880952380952383,0xf8dab5fc47f6ccb21e251bd225ebe880c04a185390e05cfae90c1f2606e54f3b,2026-05-02 13:30:16,0xeb622d35832360185eb7d65b426b61530dee930c8fe70cc8b7edb6085f9cee11,btc-updown-5m-1777717800
"Ethereum Up or Down - May 2, 6:30AM-6:35AM ET",Up,BUY,12,0.26,0xd6184809653b599b2cd01fddcaff12dea7934df6192b8d897abf5467804beab7,2026-05-02 13:30:16,0x2e72d560393900c371cdc9da8df2da0c29b72461ad9a14bc54b2dacf7f7fef1b,eth-updown-5m-1777717800
"Bitcoin Up or Down - May 2, 6AM ET",Up,BUY,6,0.26,0xac3c9f8b5b2269437fdfcb43c9e1cbb8aa24401c8a1140f084592772b70c979f,2026-05-02 13:30:16,0x49aec733c0fe41f197d0478aa4a7376b9b5281f09794a298e5fcc3717d3cf861,bitcoin-up-or-down-may-2-2026-6am-et
"Bitcoin Up or Down - May 2, 6:30AM-6:45AM ET",Down,BUY,10,0.42,0x392f9311937c446c7dd518f9aadbf67e4ef112d8ba884c7149234c523cbb6ec7,2026-05-02 13:30:16,0x6d6af6524e34f979b3c023c835a986c6139d2b678b02da56d5e036cbd0b4fe31,btc-updown-15m-1777717800
"Ethereum Up or Down - May 2, 6:15AM-6:30AM ET",Up,BUY,30,0.66,0xea750870a786a841d17b0522f9ec98a0d1257178511bc744ab539145b4378eb7,2026-05-02 13:30:14,0x71a8b467b4ddff95d5851b1189a845ee72e466cc3dcde40437310a4ddcf5a911,eth-updown-15m-1777716900
"Ethereum Up or Down - May 2, 6:30AM-6:35AM ET",Down,BUY,6.2,0.51,0xd6184809653b599b2cd01fddcaff12dea7934df6192b8d897abf5467804beab7,2026-05-02 13:30:14,0xbe2bfd90f696c44fe29795bd5a4cc631a3b6a15af7ceecc702e98fe9224614b3,eth-updown-5m-1777717800
"Bitcoin Up or Down - May 2, 6:30AM-6:35AM ET",Down,BUY,40,0.47,0xf8dab5fc47f6ccb21e251bd225ebe880c04a185390e05cfae90c1f2606e54f3b,2026-05-02 13:30:14,0xf065477a285408ae09122255121b4c6cd6e99ac2253c5a7154defbf32ac533e8,btc-updown-5m-1777717800
"Bitcoin Up or Down - May 2, 6:30AM-6:45AM ET",Down,BUY,10,0.42,0x392f9311937c446c7dd518f9aadbf67e4ef112d8ba884c7149234c523cbb6ec7,2026-05-02 13:30:14,0x678c53a9d2e086e53b6e61bcf220191df48b1177107b0e11f54cd178acf86ca0,btc-updown-15m-1777717800
"Ethereum Up or Down - May 2, 6:30AM-6:35AM ET",Up,BUY,13,0.26,0xd6184809653b599b2cd01fddcaff12dea7934df6192b8d897abf5467804beab7,2026-05-02 13:30:14,0x01afbf19e63971b863152a4842e2dfd95d652713a89346fc01d1140291bbbac2,eth-updown-5m-1777717800
"Ethereum Up or Down - May 2, 6:30AM-6:35AM ET",Up,BUY,13,0.26,0xd6184809653b599b2cd01fddcaff12dea7934df6192b8d897abf5467804beab7,2026-05-02 13:30:14,0x77def4bf35cbf1a1b3d8cf2c30f7b46d980d9e54b6559378cf7478f9f0c6f892,eth-updown-5m-1777717800
"Ethereum Up or Down - May 2, 6:15AM-6:30AM ET",Up,BUY,23,0.01,0xea750870a786a841d17b0522f9ec98a0d1257178511bc744ab539145b4378eb7,2026-05-02 13:30:08,0x9074ddd201cfedb92d9fce14bb9a169d0bcf3c97a47da3263bcddac5232c770a,eth-updown-15m-1777716900
"Bitcoin Up or Down - May 2, 6AM ET",Up,BUY,6,0.29333333333333333,0xac3c9f8b5b2269437fdfcb43c9e1cbb8aa24401c8a1140f084592772b70c979f,2026-05-02 13:30:08,0xc92fcb6188ddb633ccd0750de552fb81a63ba3058d2d03bf5e63276f74b0d9bc,bitcoin-up-or-down-may-2-2026-6am-et
"Bitcoin Up or Down - May 2, 6AM ET",Up,BUY,6,0.27,0xac3c9f8b5b2269437fdfcb43c9e1cbb8aa24401c8a1140f084592772b70c979f,2026-05-02 13:30:08,0x90f1e69c2e551f6e257302311dc5893bac8674ff5d04852e6e378a4253738f0c,bitcoin-up-or-down-may-2-2026-6am-et
"Bitcoin Up or Down - May 2, 6AM ET",Up,BUY,6,0.29,0xac3c9f8b5b2269437fdfcb43c9e1cbb8aa24401c8a1140f084592772b70c979f,2026-05-02 13:30:08,0xb9ad5761526c308cb6549b7c1fecdfeba947deae9a9c4fdb790e35c580173c13,bitcoin-up-or-down-may-2-2026-6am-et
"Bitcoin Up or Down - May 2, 4:00AM-8:00AM ET",Up,BUY,5,0.54,0x5414faf1d4f67d580fd195b96186c0beecc19b4c786e84133c96f0fc44c5263b,2026-05-02 13:30:06,0x6bc752b8de7e94da8c6b709f95f9a1593ae766bb46cedebb66a24e517ea8f607,btc-updown-4h-1777708800
"Bitcoin Up or Down - May 2, 6AM ET",Up,BUY,6,0.27,0xac3c9f8b5b2269437fdfcb43c9e1cbb8aa24401c8a1140f084592772b70c979f,2026-05-02 13:30:06,0xd3d4b402bdf63f1390178fbcf611aba33d8bc8e8c346a57406a6886ae8eec6a7,bitcoin-up-or-down-may-2-2026-6am-et
"Ethereum Up or Down - May 2, 6:25AM-6:30AM ET",Down,BUY,9.6,0.1893125,0xd86a167981ca4a10d2caac994639ac5604bf6d08c405be198946e0bd6944fb5d,2026-05-02 13:28:46,0xeec399cad7d4a303e63f7a1a5639b98d7d30a41046d43aeae9367678208d4f92,eth-updown-5m-1777717500
"Ethereum Up or Down - May 2, 6:25AM-6:30AM ET",Down,BUY,15,0.19133333333333333,0xd86a167981ca4a10d2caac994639ac5604bf6d08c405be198946e0bd6944fb5d,2026-05-02 13:28:04,0xee9b3757222fe1ad3518230b9fbfa7bb1857cfba1e304aaa9bed7f2e28f7d3e1,eth-updown-5m-1777717500
"Ethereum Up or Down - May 2, 6:25AM-6:30AM ET",Down,BUY,15,0.19020666666666666,0xd86a167981ca4a10d2caac994639ac5604bf6d08c405be198946e0bd6944fb5d,2026-05-02 13:28:04,0x5a106b2363c3a2b2e64b5b1021e46012c5ab733e8c47ea1965dba29ce05c3ed9,eth-updown-5m-1777717500
"Ethereum Up or Down - May 2, 6:25AM-6:30AM ET",Down,BUY,17,0.17,0xd86a167981ca4a10d2caac994639ac5604bf6d08c405be198946e0bd6944fb5d,2026-05-02 13:27:44,0x70d47ace40b9aad4b342be09dd5b69ec80bf412938837b83e6c8d78be735031d,eth-updown-5m-1777717500
"Bitcoin Up or Down - May 2, 6:25AM-6:30AM ET",Up,BUY,40,0.45,0xfc54a7730d99dd8d8511692a74a6dc9cc8d9c6d957e5b8fe77e5a41bfdd712bf,2026-05-02 13:27:04,0x72268d86933b4d140628d45a993ae515fa62cf10d25281cd2253d91f21b13ecd,btc-updown-5m-1777717500
"Bitcoin Up or Down - May 2, 6:25AM-6:30AM ET",Up,BUY,40,0.5076225,0xfc54a7730d99dd8d8511692a74a6dc9cc8d9c6d957e5b8fe77e5a41bfdd712bf,2026-05-02 13:27:04,0xdfc8f80c8fd2895ac07623d57d765a95b9128da1b3ede1b533419fbe4f076707,btc-updown-5m-1777717500
"Bitcoin Up or Down - May 2, 6AM ET",Up,BUY,6,0.31,0xac3c9f8b5b2269437fdfcb43c9e1cbb8aa24401c8a1140f084592772b70c979f,2026-05-02 13:27:04,0xb3caf6ba3beabdecd512b693a36ee7374057315f0aa189bf5e0ed402a1dbd6db,bitcoin-up-or-down-may-2-2026-6am-et
"Bitcoin Up or Down - May 2, 6:25AM-6:30AM ET",Up,BUY,40,0.446995,0xfc54a7730d99dd8d8511692a74a6dc9cc8d9c6d957e5b8fe77e5a41bfdd712bf,2026-05-02 13:26:56,0x8876c4313ebf2ddea8e716b1ad263e36a7bc5f49f68be8688c436b17e638dc48,btc-updown-5m-1777717500
"Ethereum Up or Down - May 2, 6:25AM-6:30AM ET",Down,BUY,11,0.31,0xd86a167981ca4a10d2caac994639ac5604bf6d08c405be198946e0bd6944fb5d,2026-05-02 13:26:56,0x4b43c18817c58cda11c25ecda29c49f0a380dc9dd671ac819deba0665ac84dc8,eth-updown-5m-1777717500
"Bitcoin Up or Down - May 2, 6:25AM-6:30AM ET",Up,BUY,40,0.45,0xfc54a7730d99dd8d8511692a74a6dc9cc8d9c6d957e5b8fe77e5a41bfdd712bf,2026-05-02 13:26:56,0xabb4736325eff3cc5171b4e307a095851c777c6715c497bd9329eaa81b27f5f2,btc-updown-5m-1777717500
"Ethereum Up or Down - May 2, 6:25AM-6:30AM ET",Down,BUY,12,0.28,0xd86a167981ca4a10d2caac994639ac5604bf6d08c405be198946e0bd6944fb5d,2026-05-02 13:26:52,0xeed4c4dacb27f26308782c49e398d46b59239b7ef2bf336b96e975a126dd8d9a,eth-updown-5m-1777717500
"Bitcoin Up or Down - May 2, 6:25AM-6:30AM ET",Up,BUY,40,0.45356,0xfc54a7730d99dd8d8511692a74a6dc9cc8d9c6d957e5b8fe77e5a41bfdd712bf,2026-05-02 13:26:50,0x954a357a9c4bc92bf54edf6fdaf97ab61d5951080e21debd0ef12cfedfab651f,btc-updown-5m-1777717500
"Bitcoin Up or Down - May 2, 6AM ET",Up,BUY,6,0.31,0xac3c9f8b5b2269437fdfcb43c9e1cbb8aa24401c8a1140f084592772b70c979f,2026-05-02 13:26:50,0x6f9a45a9dc1d4dc0457dcfb3bf9833d274cb3ee2be3237ab8d5870ca8d945401,bitcoin-up-or-down-may-2-2026-6am-et
"Bitcoin Up or Down - May 2, 6:25AM-6:30AM ET",Up,BUY,40,0.43288,0xfc54a7730d99dd8d8511692a74a6dc9cc8d9c6d957e5b8fe77e5a41bfdd712bf,2026-05-02 13:26:50,0x61659eeadf6d9cbd11c2aadba807b330db6789b287783c3c03c65b5e415b9bb6,btc-updown-5m-1777717500
"Bitcoin Up or Down - May 2, 6:25AM-6:30AM ET",Up,BUY,40,0.43,0xfc54a7730d99dd8d8511692a74a6dc9cc8d9c6d957e5b8fe77e5a41bfdd712bf,2026-05-02 13:26:50,0xafabbf2817b0a2a99030091e6324b76034720266656c372a2ec66b0e8cdb076e,btc-updown-5m-1777717500
"Bitcoin Up or Down - May 2, 6:25AM-6:30AM ET",Up,BUY,40,0.42533,0xfc54a7730d99dd8d8511692a74a6dc9cc8d9c6d957e5b8fe77e5a41bfdd712bf,2026-05-02 13:26:50,0x92d8259dd47916f9a374538b5387f45b5ae96035ac463b4c04a6039050a825e3,btc-updown-5m-1777717500
"Bitcoin Up or Down - May 2, 6:25AM-6:30AM ET",Down,BUY,42.96,0.5969832402234637,0xfc54a7730d99dd8d8511692a74a6dc9cc8d9c6d957e5b8fe77e5a41bfdd712bf,2026-05-02 13:26:44,0x5ee31c401f54813aa8f94e436ce117af0641089b4b7a7f4947be4ee5675c8cff,btc-updown-5m-1777717500
"Bitcoin Up or Down - May 2, 6:25AM-6:30AM ET",Down,BUY,42,0.5821952380952381,0xfc54a7730d99dd8d8511692a74a6dc9cc8d9c6d957e5b8fe77e5a41bfdd712bf,2026-05-02 13:26:44,0x5464e4df4e6a7290352b63b0a6110ad2980cec488c6ce30729abf7f5068a2cd2,btc-updown-5m-1777717500
"Bitcoin Up or Down - May 2, 6:25AM-6:30AM ET",Down,BUY,40,0.5492075,0xfc54a7730d99dd8d8511692a74a6dc9cc8d9c6d957e5b8fe77e5a41bfdd712bf,2026-05-02 13:26:42,0x5a15df55f633d1318a1c1ea8d4e66cc9b05e89b662f5e8c8f6e06d40a28d8069,btc-updown-5m-1777717500
"Bitcoin Up or Down - May 2, 6AM ET",Down,BUY,6,0.7,0xac3c9f8b5b2269437fdfcb43c9e1cbb8aa24401c8a1140f084592772b70c979f,2026-05-02 13:26:42,0x46f0c053328d6f1c16488d0fee33efd31a870d8a609d22e55fc61cb1e61065ba,bitcoin-up-or-down-may-2-2026-6am-et
"Bitcoin Up or Down - May 2, 6:25AM-6:30AM ET",Down,BUY,41,0.5580024390243903,0xfc54a7730d99dd8d8511692a74a6dc9cc8d9c6d957e5b8fe77e5a41bfdd712bf,2026-05-02 13:26:42,0xe6aa088baa20378b441c1080228f5e93438d94d39209a31200e667e64d963d41,btc-updown-5m-1777717500
"Bitcoin Up or Down - May 2, 6:25AM-6:30AM ET",Up,BUY,41,0.45,0xfc54a7730d99dd8d8511692a74a6dc9cc8d9c6d957e5b8fe77e5a41bfdd712bf,2026-05-02 13:26:06,0x3c8f42939e5aefd653aac1b2fed57d56552f9cbefdce8772c2288998046ff8b8,btc-updown-5m-1777717500
"Bitcoin Up or Down - May 2, 6AM ET",Up,BUY,6,0.31,0xac3c9f8b5b2269437fdfcb43c9e1cbb8aa24401c8a1140f084592772b70c979f,2026-05-02 13:26:06,0xc397c47baa81c84b876002a3870e1cc6c97c914d992f98dab84dbcfa571b8c9a,bitcoin-up-or-down-may-2-2026-6am-et
"Bitcoin Up or Down - May 2, 6:25AM-6:30AM ET",Up,BUY,40,0.45,0xfc54a7730d99dd8d8511692a74a6dc9cc8d9c6d957e5b8fe77e5a41bfdd712bf,2026-05-02 13:26:06,0x03556fb26232dc6485b34d6cc280481ee87dce06c1b7f342df67cf7c80803c2f,btc-updown-5m-1777717500
"Ethereum Up or Down - May 2, 6:25AM-6:30AM ET",Up,BUY,10,0.41,0xd86a167981ca4a10d2caac994639ac5604bf6d08c405be198946e0bd6944fb5d,2026-05-02 13:25:38,0xab39fcbd0766a1212c30ccf7177530f2e3aea48845ac6fc99bfaa53c6278fde6,eth-updown-5m-1777717500
"Ethereum Up or Down - May 2, 6:25AM-6:30AM ET",Down,BUY,2.44,0.53,0xd86a167981ca4a10d2caac994639ac5604bf6d08c405be198946e0bd6944fb5d,2026-05-02 13:25:28,0x2cbc6e03a2954b4ecec3a159bacdb9b5a8fd3effe426cd8ef0ad6af54b5d352b,eth-updown-5m-1777717500
"Ethereum Up or Down - May 2, 6:25AM-6:30AM ET",Down,BUY,10,0.52,0xd86a167981ca4a10d2caac994639ac5604bf6d08c405be198946e0bd6944fb5d,2026-05-02 13:25:28,0x20e777f9c6b2e35603183ba04ce960b2bdbce23d4d1938bf6a0bc183038875a3,eth-updown-5m-1777717500
"Bitcoin Up or Down - May 2, 6AM ET",Up,BUY,6,0.31,0xac3c9f8b5b2269437fdfcb43c9e1cbb8aa24401c8a1140f084592772b70c979f,2026-05-02 13:24:22,0xfe91901758b0333df4d07c5d44b9237980db9fc1ba7fe8086a2ad8870ce6feec,bitcoin-up-or-down-may-2-2026-6am-et
"Bitcoin Up or Down - May 2, 6:20AM-6:25AM ET",Down,BUY,333.61,0.99,0xa412dfb395c75a02f32f04799546ffb348973679433ee51ff1724bcda069cd90,2026-05-02 13:24:12,0x0bc0882e480ee21b05b96d3ed0bb8cab52e52f6c14e7b0ddb68e6f1cd15b7d2e,btc-updown-5m-1777717200
"Bitcoin Up or Down - May 2, 6:15AM-6:30AM ET",Down,BUY,38,0.91,0x1d5157b3431b682b96b0571c78e1444f300789a86c65af7b854ca6b02896a24e,2026-05-02 13:23:04,0x475ac09f7cee780aeb6aa9bcec90c57ce64040ab3e9f31d1520493f1cd0669b2,btc-updown-15m-1777716900
"Bitcoin Up or Down - May 2, 6:15AM-6:30AM ET",Down,BUY,34,0.91,0x1d5157b3431b682b96b0571c78e1444f300789a86c65af7b854ca6b02896a24e,2026-05-02 13:23:04,0x8579ee5cfee02ed58e1144375c3fbc8ecddf4d3050c455d223a4f5845afc5e99,btc-updown-15m-1777716900
"Bitcoin Up or Down - May 2, 6:20AM-6:25AM ET",Down,BUY,60,0.9516666666666667,0xa412dfb395c75a02f32f04799546ffb348973679433ee51ff1724bcda069cd90,2026-05-02 13:23:04,0x437448cd17ef706bbecc3f7093f79baf966174ebbb4654db78ce04f67f6edde1,btc-updown-5m-1777717200
"Bitcoin Up or Down - May 2, 6:15AM-6:30AM ET",Down,BUY,65,0.92,0x1d5157b3431b682b96b0571c78e1444f300789a86c65af7b854ca6b02896a24e,2026-05-02 13:23:04,0xe30f74cdd67a1948211ea7f71aadbcd091500f922279b7a347642129855eb2f2,btc-updown-15m-1777716900
"Bitcoin Up or Down - May 2, 6AM ET",Down,BUY,6,0.7,0xac3c9f8b5b2269437fdfcb43c9e1cbb8aa24401c8a1140f084592772b70c979f,2026-05-02 13:23:02,0xeb645dd735f9a42709f998a6e56656c823c9e26f119fcba929b8639a1e10c19c,bitcoin-up-or-down-may-2-2026-6am-et
"Ethereum Up or Down - May 2, 6:20AM-6:25AM ET",Down,BUY,128,0.9612421875,0x50899681be7696d6e67c94e1dca6a352648d9c933f2f4f5a947e994185ee4e55,2026-05-02 13:23:02,0xfa580ced13f07bbc8c56c18d13d3bab19a7de3e0e55a27e92ede9461beb9379e,eth-updown-5m-1777717200
"Bitcoin Up or Down - May 2, 6:15AM-6:30AM ET",Down,BUY,53,0.92,0x1d5157b3431b682b96b0571c78e1444f300789a86c65af7b854ca6b02896a24e,2026-05-02 13:23:02,0x0a7b0cb35d9ae2c053fe3cf09a5aef133845400cf232d55c04363cdcb87731c3,btc-updown-15m-1777716900
"Bitcoin Up or Down - May 2, 4:00AM-8:00AM ET",Down,BUY,4.12,0.4,0x5414faf1d4f67d580fd195b96186c0beecc19b4c786e84133c96f0fc44c5263b,2026-05-02 13:23:02,0x9174d9f9c9b0cd69c523c1dda1ca2b2d0ec354fdba73f8835d01467ecaffc9cd,btc-updown-4h-1777708800
"Ethereum Up or Down - May 2, 6:20AM-6:25AM ET",Up,BUY,27.86,0.04,0x50899681be7696d6e67c94e1dca6a352648d9c933f2f4f5a947e994185ee4e55,2026-05-02 13:22:50,0xc760d772ec1d7ee0a63ff66d80de44a65adbb86a9230805c78910f0e8f9dc647,eth-updown-5m-1777717200
"Bitcoin Up or Down - May 2, 6:15AM-6:30AM ET",Down,BUY,31,0.89,0x1d5157b3431b682b96b0571c78e1444f300789a86c65af7b854ca6b02896a24e,2026-05-02 13:22:44,0x8096ce3083a190fd4ff09bc13fedddd245d29c73641c39716620097736b7ce53,btc-updown-15m-1777716900
"Bitcoin Up or Down - May 2, 6AM ET",Down,BUY,5,0.65,0xac3c9f8b5b2269437fdfcb43c9e1cbb8aa24401c8a1140f084592772b70c979f,2026-05-02 13:22:44,0xb5d455c7daab83089bf88f9b659a32c80c18591822b424513175a9a54a57a280,bitcoin-up-or-down-may-2-2026-6am-et
"Bitcoin Up or Down - May 2, 6:20AM-6:25AM ET",Down,BUY,154,0.891937012987013,0xa412dfb395c75a02f32f04799546ffb348973679433ee51ff1724bcda069cd90,2026-05-02 13:22:40,0x260905da4a978703db6beb46875ac8a232fc334131023f47569bd512cdfd3801,btc-updown-5m-1777717200
"Ethereum Up or Down - May 2, 6:20AM-6:25AM ET",Down,BUY,53,0.95,0x50899681be7696d6e67c94e1dca6a352648d9c933f2f4f5a947e994185ee4e55,2026-05-02 13:22:40,0x3028454c32f64e3456c8ff9ee4f886b8fc4a277703e2740b8c536d1e1b53add8,eth-updown-5m-1777717200
"Bitcoin Up or Down - May 2, 6:20AM-6:25AM ET",Down,BUY,211,0.9182047393364929,0xa412dfb395c75a02f32f04799546ffb348973679433ee51ff1724bcda069cd90,2026-05-02 13:22:40,0x59546e54066da11e9289f4506e9e274ba9183cfbd8a8f18276c32a40b02fc6d8,btc-updown-5m-1777717200
"Ethereum Up or Down - May 2, 6:20AM-6:25AM ET",Down,BUY,12.36,0.94,0x50899681be7696d6e67c94e1dca6a352648d9c933f2f4f5a947e994185ee4e55,2026-05-02 13:22:40,0x6bb520bd7f1c5ceb2bc76e4f9cf2779fd574941861dc4111f84e88dcca0d1fe6,eth-updown-5m-1777717200
"Bitcoin Up or Down - May 2, 6:15AM-6:30AM ET",Down,BUY,22,0.85,0x1d5157b3431b682b96b0571c78e1444f300789a86c65af7b854ca6b02896a24e,2026-05-02 13:22:40,0x2ead773b0ff3a3487412d92c9e1c5f9ce16ce3e22fb191493b844d9574ef9d6c,btc-updown-15m-1777716900
"Bitcoin Up or Down - May 2, 6:15AM-6:30AM ET",Down,BUY,20,0.83,0x1d5157b3431b682b96b0571c78e1444f300789a86c65af7b854ca6b02896a24e,2026-05-02 13:22:38,0x1984d72ee5e3b4a7a5330671d487e9386241518c6a0672879be2d56ba768a262,btc-updown-15m-1777716900
"Bitcoin Up or Down - May 2, 6:20AM-6:25AM ET",Down,BUY,5,0.85,0xa412dfb395c75a02f32f04799546ffb348973679433ee51ff1724bcda069cd90,2026-05-02 13:22:34,0xf1f73bf5f481d0d46d0873c9c1ae46fbbdbf26a75b02169585a87799b89a7114,btc-updown-5m-1777717200
"Bitcoin Up or Down - May 2, 6:20AM-6:25AM ET",Down,BUY,37,0.8778378378378379,0xa412dfb395c75a02f32f04799546ffb348973679433ee51ff1724bcda069cd90,2026-05-02 13:22:34,0xd0d49f6474af217a50f6e9780e49baad40e11652fc7128052845973bb307861f,btc-updown-5m-1777717200
"Bitcoin Up or Down - May 2, 6:15AM-6:30AM ET",Down,BUY,19,0.82,0x1d5157b3431b682b96b0571c78e1444f300789a86c65af7b854ca6b02896a24e,2026-05-02 13:22:34,0x54d100acc6cb692e2d3123632b80273e1e5d4c5096c3fe2f1ccbb2e056301df3,btc-updown-15m-1777716900
"Ethereum Up or Down - May 2, 6:20AM-6:25AM ET",Down,BUY,15,0.78,0x50899681be7696d6e67c94e1dca6a352648d9c933f2f4f5a947e994185ee4e55,2026-05-02 13:22:24,0xcca4fd1656f4e95ed6a6f7fe0043487e7d2910296edb8169d5ebae0a7b1eefa4,eth-updown-5m-1777717200
"Ethereum Up or Down - May 2, 6:20AM-6:25AM ET",Down,BUY,26,0.7666923076923077,0x50899681be7696d6e67c94e1dca6a352648d9c933f2f4f5a947e994185ee4e55,2026-05-02 13:22:22,0x42c872da88118f9c707bd2f15911022102284d2bed5e6c7f7bfe772e72233ec8,eth-updown-5m-1777717200
"Bitcoin Up or Down - May 2, 6:20AM-6:25AM ET",Down,BUY,65,0.7928292307692307,0xa412dfb395c75a02f32f04799546ffb348973679433ee51ff1724bcda069cd90,2026-05-02 13:22:22,0xb8ce43062ba7029e0661f52d7f3bd681ade16484e852d347b5de9a6ac2480fb4,btc-updown-5m-1777717200
"Bitcoin Up or Down - May 2, 6:20AM-6:25AM ET",Down,BUY,55,0.7340036363636364,0xa412dfb395c75a02f32f04799546ffb348973679433ee51ff1724bcda069cd90,2026-05-02 13:22:10,0xb45b2340743cc751f577737b8e157dc618f3cf282ef009073841e9e82ee0cf2e,btc-updown-5m-1777717200
"Bitcoin Up or Down - May 2, 6:20AM-6:25AM ET",Down,BUY,50,0.716,0xa412dfb395c75a02f32f04799546ffb348973679433ee51ff1724bcda069cd90,2026-05-02 13:22:10,0xd87580a499f05636bd7524047409b78533c908beb0c3de9da50a574e8f7cdc98,btc-updown-5m-1777717200
"Bitcoin Up or Down - May 2, 6:15AM-6:30AM ET",Down,BUY,15,0.75,0x1d5157b3431b682b96b0571c78e1444f300789a86c65af7b854ca6b02896a24e,2026-05-02 13:22:10,0x0ffd8ee9288aa07bd3851009e2eda4c45373ca40361c6c757ffcef53f7dfa6be,btc-updown-15m-1777716900
"Bitcoin Up or Down - May 2, 6AM ET",Down,BUY,5,0.62,0xac3c9f8b5b2269437fdfcb43c9e1cbb8aa24401c8a1140f084592772b70c979f,2026-05-02 13:22:10,0xd56f2aa988bd23f1c5ae68b9c1d85a42a09bb825f77ea1fd925b37cb2a8410f3,bitcoin-up-or-down-may-2-2026-6am-et
"Bitcoin Up or Down - May 2, 6:20AM-6:25AM ET",Up,BUY,21.28,0.3348496240601504,0xa412dfb395c75a02f32f04799546ffb348973679433ee51ff1724bcda069cd90,2026-05-02 13:22:02,0x1b78cabfa16bc255368d13c6f744758c6e447b314c1fd79b608d2aa2d94eed45,btc-updown-5m-1777717200
"Bitcoin Up or Down - May 2, 6:20AM-6:25AM ET",Up,BUY,5,0.27,0xa412dfb395c75a02f32f04799546ffb348973679433ee51ff1724bcda069cd90,2026-05-02 13:22:02,0x5b395dc9747e51ed587b93efa87228b7ab593099dc3618a3d48d22097dd99cc0,btc-updown-5m-1777717200
"Bitcoin Up or Down - May 2, 6:15AM-6:30AM ET",Up,BUY,12,0.24,0x1d5157b3431b682b96b0571c78e1444f300789a86c65af7b854ca6b02896a24e,2026-05-02 13:22:02,0x6b9e5c4128dda2fed328b974c5c4ad76d46564cee35408e6a724924b35689825,btc-updown-15m-1777716900
"Bitcoin Up or Down - May 2, 6AM ET",Up,BUY,5,0.38,0xac3c9f8b5b2269437fdfcb43c9e1cbb8aa24401c8a1140f084592772b70c979f,2026-05-02 13:22:02,0xd76285ba1998ff2f22899a2e07048cbae9a8b73c9d9648ffd978ef33aca5bfcc,bitcoin-up-or-down-may-2-2026-6am-et
"Ethereum Up or Down - May 2, 6:20AM-6:25AM ET",Up,BUY,11,0.2670363636363636,0x50899681be7696d6e67c94e1dca6a352648d9c933f2f4f5a947e994185ee4e55,2026-05-02 13:22:02,0xae4b9c0baf3b42e084e11ce4d6f16603cc8063fb68eade189f3fd22e2e2874aa,eth-updown-5m-1777717200
"Ethereum Up or Down - May 2, 6:20AM-6:25AM ET",Up,BUY,11,0.25864545454545457,0x50899681be7696d6e67c94e1dca6a352648d9c933f2f4f5a947e994185ee4e55,2026-05-02 13:22:02,0x0a412d8f4b5c8f0801a7da67eb395359374e9fcf42249f548b816657f2758dac,eth-updown-5m-1777717200
"Bitcoin Up or Down - May 2, 4:00AM-8:00AM ET",Up,BUY,6,0.66,0x5414faf1d4f67d580fd195b96186c0beecc19b4c786e84133c96f0fc44c5263b,2026-05-02 13:22:00,0x5d453454f3eec7d84ba07337472565688c1ab207c36ad5365933825a1e5e44c7,btc-updown-4h-1777708800
"Bitcoin Up or Down - May 2, 4:00AM-8:00AM ET",Up,BUY,5,0.65,0x5414faf1d4f67d580fd195b96186c0beecc19b4c786e84133c96f0fc44c5263b,2026-05-02 13:22:00,0x9bc6e0b5d79b161f5208a6812b85b8990d63cd99fbc7bab14bea2037df992828,btc-updown-4h-1777708800
"Bitcoin Up or Down - May 2, 6AM ET",Up,BUY,5,0.38,0xac3c9f8b5b2269437fdfcb43c9e1cbb8aa24401c8a1140f084592772b70c979f,2026-05-02 13:22:00,0x3416e7e965dddb0e7faafb229752feb7b96109be6202e18fddc5937cedec4d08,bitcoin-up-or-down-may-2-2026-6am-et
"Bitcoin Up or Down - May 2, 6:15AM-6:30AM ET",Up,BUY,13,0.23,0x1d5157b3431b682b96b0571c78e1444f300789a86c65af7b854ca6b02896a24e,2026-05-02 13:22:00,0x1f347919a3dcb808003290d6486c0b3849ac3c13ca8fd3f484631619a2fa6340,btc-updown-15m-1777716900
"Bitcoin Up or Down - May 2, 6:15AM-6:30AM ET",Up,BUY,13,0.23,0x1d5157b3431b682b96b0571c78e1444f300789a86c65af7b854ca6b02896a24e,2026-05-02 13:22:00,0x9a596ec6d36c3f4a85f11ff864cfe9eafd2848c9394de41d934112f75ce63825,btc-updown-15m-1777716900
"Ethereum Up or Down - May 2, 6:20AM-6:25AM ET",Up,BUY,13,0.2423076923076923,0x50899681be7696d6e67c94e1dca6a352648d9c933f2f4f5a947e994185ee4e55,2026-05-02 13:22:00,0x419fd574e498c43fd45861945c6a295a7819417f302d49c1424f1656637650e4,eth-updown-5m-1777717200
"Bitcoin Up or Down - May 2, 6AM ET",Up,BUY,5,0.38,0xac3c9f8b5b2269437fdfcb43c9e1cbb8aa24401c8a1140f084592772b70c979f,2026-05-02 13:22:00,0xdb80b6c912bcd5decbe56cbbbe32a63e6fb29f9e26ed4bc8aafd7e1a4e8fb96f,bitcoin-up-or-down-may-2-2026-6am-et
"Bitcoin Up or Down - May 2, 6:20AM-6:25AM ET",Up,BUY,55,0.19490909090909092,0xa412dfb395c75a02f32f04799546ffb348973679433ee51ff1724bcda069cd90,2026-05-02 13:22:00,0x1517f6b40d38688b4bf691056e35b329faa482a89aae7689e8529a51c1aec688,btc-updown-5m-1777717200
"Bitcoin Up or Down - May 2, 6:20AM-6:25AM ET",Down,BUY,74,0.8275013513513514,0xa412dfb395c75a02f32f04799546ffb348973679433ee51ff1724bcda069cd90,2026-05-02 13:21:58,0x2e630e4613e25e8797bc63e48211fc47f54b1038ee1f7f027e70604af126fc7c,btc-updown-5m-1777717200
"Ethereum Up or Down - May 2, 6:20AM-6:25AM ET",Down,BUY,16,0.7763875,0x50899681be7696d6e67c94e1dca6a352648d9c933f2f4f5a947e994185ee4e55,2026-05-02 13:21:50,0xd59082c89fb4c520d64652ad99f47263672e2e805fc398a02bd8431768724d1b,eth-updown-5m-1777717200
"Ethereum Up or Down - May 2, 6:20AM-6:25AM ET",Down,BUY,14,0.74595,0x50899681be7696d6e67c94e1dca6a352648d9c933f2f4f5a947e994185ee4e55,2026-05-02 13:21:50,0xe4454487ef0813622fbda48a56e9c5bf6c0d97d1bdab2bd7d30563997f1c9511,eth-updown-5m-1777717200
"Bitcoin Up or Down - May 2, 6:15AM-6:30AM ET",Down,BUY,15,0.756,0x1d5157b3431b682b96b0571c78e1444f300789a86c65af7b854ca6b02896a24e,2026-05-02 13:21:38,0x5c41f7e64ef872edfc64268cc51a5c860368517867e456ab3b86443276d95417,btc-updown-15m-1777716900
"Ethereum Up or Down - May 2, 6:20AM-6:25AM ET",Down,BUY,10.54,0.59,0x50899681be7696d6e67c94e1dca6a352648d9c933f2f4f5a947e994185ee4e55,2026-05-02 13:21:18,0xa735e4191c288a5f7005b931db3eb7a22977adda88e51fb228df1025210015ec,eth-updown-5m-1777717200
"Ethereum Up or Down - May 2, 6:20AM-6:25AM ET",Down,BUY,13,0.7131692307692308,0x50899681be7696d6e67c94e1dca6a352648d9c933f2f4f5a947e994185ee4e55,2026-05-02 13:21:18,0x41923027a357363253c2abd16950390e6c3227ca84f4a89520ee73e112f9c542,eth-updown-5m-1777717200
"Bitcoin Up or Down - May 2, 6AM ET",Down,BUY,5,0.58,0xac3c9f8b5b2269437fdfcb43c9e1cbb8aa24401c8a1140f084592772b70c979f,2026-05-02 13:20:56,0x58b698617d7aa7a6ff2b62b40786f45f6c6e18bac39503a3f9219b61f9010715,bitcoin-up-or-down-may-2-2026-6am-et
"Bitcoin Up or Down - May 2, 6:20AM-6:25AM ET",Down,BUY,12.7,0.65,0xa412dfb395c75a02f32f04799546ffb348973679433ee51ff1724bcda069cd90,2026-05-02 13:20:56,0x6ad122e3e2009b3154591af5c466abd47e58a5137e3b4e9d795b94d2c1b9ff4f,btc-updown-5m-1777717200
"Ethereum Up or Down - May 2, 6:20AM-6:25AM ET",Down,BUY,11,0.59,0x50899681be7696d6e67c94e1dca6a352648d9c933f2f4f5a947e994185ee4e55,2026-05-02 13:20:56,0x78fc48ebed9773a3c11351ba14e26b96e714a1d6ae4818524d8fdcdf0b43bd72,eth-updown-5m-1777717200
"Bitcoin Up or Down - May 2, 6:20AM-6:25AM ET",Down,BUY,31.69,0.6350930893026191,0xa412dfb395c75a02f32f04799546ffb348973679433ee51ff1724bcda069cd90,2026-05-02 13:20:56,0x4309388c00a449d79d10c8029b9868bbd43ef0639bbfb541accb76905c36e65c,btc-updown-5m-1777717200
"Bitcoin Up or Down - May 2, 6:20AM-6:25AM ET",Down,BUY,11.97,0.6116457811194653,0xa412dfb395c75a02f32f04799546ffb348973679433ee51ff1724bcda069cd90,2026-05-02 13:20:54,0xd7da73dc8b27660c8e1b979af35c34d26f718b894ca184e544f0818d62105ab9,btc-updown-5m-1777717200
"Bitcoin Up or Down - May 2, 6:15AM-6:30AM ET",Down,BUY,11,0.64,0x1d5157b3431b682b96b0571c78e1444f300789a86c65af7b854ca6b02896a24e,2026-05-02 13:20:52,0xfc7f432180d9d52920ef75946ab8319f56ef69a3d5d8a61c9f994e22d730bab5,btc-updown-15m-1777716900
"Bitcoin Up or Down - May 2, 6:20AM-6:25AM ET",Down,BUY,41,0.5243707317073171,0xa412dfb395c75a02f32f04799546ffb348973679433ee51ff1724bcda069cd90,2026-05-02 13:20:22,0x22e0e15203d7899f5b57f66e8a3071d22fe9d2c6d385c93bbd4b092f77ff955a,btc-updown-5m-1777717200
"Bitcoin Up or Down - May 2, 6:15AM-6:30AM ET",Down,BUY,11,0.62,0x1d5157b3431b682b96b0571c78e1444f300789a86c65af7b854ca6b02896a24e,2026-05-02 13:20:22,0xff1af5267941b0ae1d4394ce86538bfb947bfd858be62329aa5d7d4444108875,btc-updown-15m-1777716900
"Ethereum Up or Down - May 2, 6:20AM-6:25AM ET",Up,BUY,10,0.51,0x50899681be7696d6e67c94e1dca6a352648d9c933f2f4f5a947e994185ee4e55,2026-05-02 13:20:18,0x3c92e58a0d717b95acc309ef160ef0f1554de0efb8e4066e3c6bae754d658c0b,eth-updown-5m-1777717200
"Ethereum Up or Down - May 2, 6:20AM-6:25AM ET",Up,BUY,10,0.51,0x50899681be7696d6e67c94e1dca6a352648d9c933f2f4f5a947e994185ee4e55,2026-05-02 13:20:18,0x20dae92af53c0455e2a17c7a499317352acd1debbdee873f063a971a0ad5b830,eth-updown-5m-1777717200
"Bitcoin Up or Down - May 2, 6AM ET",Down,BUY,5,0.52,0xac3c9f8b5b2269437fdfcb43c9e1cbb8aa24401c8a1140f084592772b70c979f,2026-05-02 13:19:52,0x50b51f3d9b59a85f5761195477a00d840c6427a332849d44191fce22641511a5,bitcoin-up-or-down-may-2-2026-6am-et
"Bitcoin Up or Down - May 2, 4:00AM-8:00AM ET",Down,BUY,6,0.33,0x5414faf1d4f67d580fd195b96186c0beecc19b4c786e84133c96f0fc44c5263b,2026-05-02 13:19:50,0x440776e40f5a9daa844f42f2d409dd454771e77e9f3f76894577303ade991403,btc-updown-4h-1777708800
"Bitcoin Up or Down - May 2, 6AM ET",Down,BUY,5,0.52,0xac3c9f8b5b2269437fdfcb43c9e1cbb8aa24401c8a1140f084592772b70c979f,2026-05-02 13:19:50,0x7c2aaae05195c50733903a10bdfd1e9cc5ec474fcf539708b116b99e455e288c,bitcoin-up-or-down-may-2-2026-6am-et
"Bitcoin Up or Down - May 2, 6:15AM-6:30AM ET",Down,BUY,10,0.5432,0x1d5157b3431b682b96b0571c78e1444f300789a86c65af7b854ca6b02896a24e,2026-05-02 13:19:50,0x7e6e5a25e3b8927e6c87ef5494ed3ab06191fb80d91eac12fb9ebbddc815fbc0,btc-updown-15m-1777716900
"Bitcoin Up or Down - May 2, 6:15AM-6:30AM ET",Down,BUY,10,0.5302,0x1d5157b3431b682b96b0571c78e1444f300789a86c65af7b854ca6b02896a24e,2026-05-02 13:19:50,0x67bc972abff8963009a4288b6bbefdaf1755a00a402b3e7d483a7e66273025de,btc-updown-15m-1777716900
"Bitcoin Up or Down - May 2, 6:15AM-6:30AM ET",Down,BUY,10,0.53,0x1d5157b3431b682b96b0571c78e1444f300789a86c65af7b854ca6b02896a24e,2026-05-02 13:19:50,0x575977bf279ce4a72bfdcd4732002d47e1f0b4a8eea21a779cdc01b8ea3e808e,btc-updown-15m-1777716900
"Bitcoin Up or Down - May 2, 6:15AM-6:30AM ET",Down,BUY,10,0.53,0x1d5157b3431b682b96b0571c78e1444f300789a86c65af7b854ca6b02896a24e,2026-05-02 13:19:50,0x2f067f8c8c27b0d7a26093cdd7026ff1e5a53d78cbbf28dbd9466dfa64a55dd3,btc-updown-15m-1777716900
"Bitcoin Up or Down - May 2, 6:15AM-6:30AM ET",Down,BUY,10,0.5,0x1d5157b3431b682b96b0571c78e1444f300789a86c65af7b854ca6b02896a24e,2026-05-02 13:19:50,0x01ee4ba6b7fce4df745e3b449c848cbed040a9d3b298dd027ae2017ce1bba579,btc-updown-15m-1777716900
"Bitcoin Up or Down - May 2, 6AM ET",Down,BUY,5,0.52,0xac3c9f8b5b2269437fdfcb43c9e1cbb8aa24401c8a1140f084592772b70c979f,2026-05-02 13:19:50,0xc07ba1fed7ec29042bbe546c01ee920876e7712f0ca3ec0888a2d7bc66d34aff,bitcoin-up-or-down-may-2-2026-6am-et
"Bitcoin Up or Down - May 2, 6:15AM-6:30AM ET",Down,BUY,10,0.48,0x1d5157b3431b682b96b0571c78e1444f300789a86c65af7b854ca6b02896a24e,2026-05-02 13:19:50,0x79a3516d96814031145465230dd3349450a846162b2c42bfad2da20f37786b39,btc-updown-15m-1777716900
"Bitcoin Up or Down - May 2, 6:15AM-6:30AM ET",Down,BUY,10,0.44,0x1d5157b3431b682b96b0571c78e1444f300789a86c65af7b854ca6b02896a24e,2026-05-02 13:19:50,0xb133eec88d2d1e4a7fd769a8fc72631a23967816f75d3a951ff64bda4f57e1cc,btc-updown-15m-1777716900
"Bitcoin Up or Down - May 2, 6:15AM-6:30AM ET",Down,BUY,10,0.45,0x1d5157b3431b682b96b0571c78e1444f300789a86c65af7b854ca6b02896a24e,2026-05-02 13:18:22,0x7cdc238f2a11f5eaf1613eceec80b398a378ff01d830477870819b18bada3bd5,btc-updown-15m-1777716900
"Bitcoin Up or Down - May 2, 6AM ET",Down,BUY,1.45,0.49,0xac3c9f8b5b2269437fdfcb43c9e1cbb8aa24401c8a1140f084592772b70c979f,2026-05-02 13:18:22,0xa190ba4a5d9c5be289ad198ab10895a2b7b44774ff762f47375681234e9c9163,bitcoin-up-or-down-may-2-2026-6am-et
"Bitcoin Up or Down - May 2, 6AM ET",Down,BUY,5,0.51,0xac3c9f8b5b2269437fdfcb43c9e1cbb8aa24401c8a1140f084592772b70c979f,2026-05-02 13:18:22,0xf1b379e312da6011bc4246d2a7d3a37bcd92c491c45302cfc48c302910ce47b6,bitcoin-up-or-down-may-2-2026-6am-et
"Bitcoin Up or Down - May 2, 6:15AM-6:30AM ET",Down,BUY,10,0.45,0x1d5157b3431b682b96b0571c78e1444f300789a86c65af7b854ca6b02896a24e,2026-05-02 13:18:22,0x96dc8936049fe5dd77d6d6bba92672540d37d329c79d38ef5eb0dd7189fb6690,btc-updown-15m-1777716900
"Bitcoin Up or Down - May 2, 6AM ET",Down,BUY,5,0.49,0xac3c9f8b5b2269437fdfcb43c9e1cbb8aa24401c8a1140f084592772b70c979f,2026-05-02 13:18:22,0xdd09cb647369deae612ac7a928abdc4f82a72ba24c2f65c3796354f5ee10fd62,bitcoin-up-or-down-may-2-2026-6am-et
"Bitcoin Up or Down - May 2, 6:15AM-6:30AM ET",Down,BUY,10,0.4,0x1d5157b3431b682b96b0571c78e1444f300789a86c65af7b854ca6b02896a24e,2026-05-02 13:18:22,0x00123de7449e6a3969b3e95f09fa9e31ef730caa4244dbc77b420885a3143dca,btc-updown-15m-1777716900
"Bitcoin Up or Down - May 2, 6:15AM-6:20AM ET",Down,BUY,15.41,0.20351070733290072,0x0d40686b556f446785ac8bb9226670eb222cddf376d4627c1fdaa03f5b47baf0,2026-05-02 13:18:22,0x9d6036fe5bdb2584fcb1d55646aa35ddf17fef3a2e5abb861ad141619de93738,btc-updown-5m-1777716900
"Bitcoin Up or Down - May 2, 6:15AM-6:20AM ET",Up,BUY,15,0.79,0x0d40686b556f446785ac8bb9226670eb222cddf376d4627c1fdaa03f5b47baf0,2026-05-02 13:18:14,0x763accb1fb7062af6ab1501125ea50880e83a85dad1bf23dc85a639f83621286,btc-updown-5m-1777716900
"Bitcoin Up or Down - May 2, 6:15AM-6:30AM ET",Up,BUY,11,0.65,0x1d5157b3431b682b96b0571c78e1444f300789a86c65af7b854ca6b02896a24e,2026-05-02 13:18:14,0xe2a35672a83b9dd545e40cbcd81b287f9f0a005cb0749dc970d674fb776d5923,btc-updown-15m-1777716900
"Bitcoin Up or Down - May 2, 6:15AM-6:30AM ET",Up,BUY,11,0.65,0x1d5157b3431b682b96b0571c78e1444f300789a86c65af7b854ca6b02896a24e,2026-05-02 13:18:14,0x91b4b0b249226b5059b52d68043737f3bdb30e2da688b10e26013dda3360b29b,btc-updown-15m-1777716900
"Bitcoin Up or Down - May 2, 6:15AM-6:20AM ET",Up,BUY,41,0.55,0x0d40686b556f446785ac8bb9226670eb222cddf376d4627c1fdaa03f5b47baf0,2026-05-02 13:18:12,0xf1aaf7570c9040c87243c4c135beb6d5e6b7188a3ecc1f88c0539a8e8c6f5039,btc-updown-5m-1777716900
"Bitcoin Up or Down - May 2, 4:00AM-8:00AM ET",Up,BUY,6,0.67,0x5414faf1d4f67d580fd195b96186c0beecc19b4c786e84133c96f0fc44c5263b,2026-05-02 13:18:10,0x4ab7d08d37101ade653aceb29ebe73c03c51b9065a859300053b0c1c559e6006,btc-updown-4h-1777708800
"Bitcoin Up or Down - May 2, 4:00AM-8:00AM ET",Up,BUY,5,0.66,0x5414faf1d4f67d580fd195b96186c0beecc19b4c786e84133c96f0fc44c5263b,2026-05-02 13:18:10,0x8d5f1525ede04c151266f4722190c3eb452e1d81b69a887b4817cf2082345852,btc-updown-4h-1777708800
"Bitcoin Up or Down - May 2, 6:15AM-6:30AM ET",Up,BUY,10,0.5,0x1d5157b3431b682b96b0571c78e1444f300789a86c65af7b854ca6b02896a24e,2026-05-02 13:17:58,0x474ac3ed26f7c39548df03132d711b46bf9687282dd8066763ba8716183c5b09,btc-updown-15m-1777716900
"Ethereum Up or Down - May 2, 6:15AM-6:20AM ET",Up,BUY,12,0.684775,0xc41069a7de3c16445ce1d42e51cafc22c792c4621b3d35d3a514a8896131058a,2026-05-02 13:17:56,0xca51cd0ad5959d9ca46fd1aafc23d3d7bf72c41eae9e767ba86479da9c99f926,eth-updown-5m-1777716900
"Ethereum Up or Down - May 2, 6:15AM-6:20AM ET",Up,BUY,11,0.68,0xc41069a7de3c16445ce1d42e51cafc22c792c4621b3d35d3a514a8896131058a,2026-05-02 13:17:56,0x80b433defd94dc70a8d9f5805783739030dcd0ef222bac777db4c65e1a79d8b6,eth-updown-5m-1777716900
"Ethereum Up or Down - May 2, 6:15AM-6:20AM ET",Up,BUY,11,0.5854818181818182,0xc41069a7de3c16445ce1d42e51cafc22c792c4621b3d35d3a514a8896131058a,2026-05-02 13:17:18,0x08480e3f92111d8cf70600a196f44261f20c7e2e65894ab9e95bc0667987ac3c,eth-updown-5m-1777716900
"Ethereum Up or Down - May 2, 6:15AM-6:20AM ET",Up,BUY,14,0.58,0xc41069a7de3c16445ce1d42e51cafc22c792c4621b3d35d3a514a8896131058a,2026-05-02 13:17:18,0x2e2aa58f5a8cada95c87dfa9786cbbac354cc9059518d352c06ebcb6d2ac8c4d,eth-updown-5m-1777716900
"Ethereum Up or Down - May 2, 6:15AM-6:20AM ET",Up,BUY,11,0.5709363636363637,0xc41069a7de3c16445ce1d42e51cafc22c792c4621b3d35d3a514a8896131058a,2026-05-02 13:17:18,0x22c9df0903b4754ee7ec2171d2a0fb4806f71566acc926e93d6cef5acaf4fe86,eth-updown-5m-1777716900
"Ethereum Up or Down - May 2, 6:15AM-6:20AM ET",Up,BUY,10,0.56,0xc41069a7de3c16445ce1d42e51cafc22c792c4621b3d35d3a514a8896131058a,2026-05-02 13:17:18,0x8ab12f26253c0d750bcef4ec7b4391626306458f171fe43e8ef28b9929c6c2ab,eth-updown-5m-1777716900
"Ethereum Up or Down - May 2, 6:15AM-6:20AM ET",Down,BUY,10,0.47,0xc41069a7de3c16445ce1d42e51cafc22c792c4621b3d35d3a514a8896131058a,2026-05-02 13:16:46,0x2404de65fbcb7105f2bba945096b0b20b9759b2097842bf1e3e563e6237b76f9,eth-updown-5m-1777716900
"Bitcoin Up or Down - May 2, 6:15AM-6:20AM ET",Down,BUY,40,0.48,0x0d40686b556f446785ac8bb9226670eb222cddf376d4627c1fdaa03f5b47baf0,2026-05-02 13:16:36,0x4a51d483096094c7e1183aee4e91e953509e2f59064cc81586ec472fc4e80895,btc-updown-5m-1777716900
"Bitcoin Up or Down - May 2, 6:15AM-6:30AM ET",Down,BUY,10,0.5,0x1d5157b3431b682b96b0571c78e1444f300789a86c65af7b854ca6b02896a24e,2026-05-02 13:16:36,0x51087e58075080c1af8949538b8c39d0a46e494e9160c996af99d65f2e223eb8,btc-updown-15m-1777716900
"Ethereum Up or Down - May 2, 6:15AM-6:20AM ET",Down,BUY,10,0.36,0xc41069a7de3c16445ce1d42e51cafc22c792c4621b3d35d3a514a8896131058a,2026-05-02 13:16:36,0x94c5c16408f96f1fba618610a52012cc23a5d293eed8558b4526b08fc80094f8,eth-updown-5m-1777716900
"Ethereum Up or Down - May 2, 6:15AM-6:20AM ET",Down,BUY,10,0.35245,0xc41069a7de3c16445ce1d42e51cafc22c792c4621b3d35d3a514a8896131058a,2026-05-02 13:16:36,0xd61f8ab438024d8706b6492968d3339c26457415cc1a6514ebac67dbbf8996c9,eth-updown-5m-1777716900
"Ethereum Up or Down - May 2, 6:15AM-6:20AM ET",Down,BUY,10,0.331,0xc41069a7de3c16445ce1d42e51cafc22c792c4621b3d35d3a514a8896131058a,2026-05-02 13:16:36,0xf89a7647efc7b266c3b00e11b0db479efda3443f32fe8660084f231b7654dd6c,eth-updown-5m-1777716900
"Bitcoin Up or Down - May 2, 6:15AM-6:20AM ET",Down,BUY,41,0.5159463414634147,0x0d40686b556f446785ac8bb9226670eb222cddf376d4627c1fdaa03f5b47baf0,2026-05-02 13:16:36,0x2d731b1b0a368e14d2573581c49b81823a7ccb9ee0254a81723f312b28812af2,btc-updown-5m-1777716900
"Bitcoin Up or Down - May 2, 6:15AM-6:30AM ET",Down,BUY,10,0.5,0x1d5157b3431b682b96b0571c78e1444f300789a86c65af7b854ca6b02896a24e,2026-05-02 13:16:36,0x6a33154bd145400d41ac2f352bfbc84fb7fe44938019eb1fd372eb8cb8912184,btc-updown-15m-1777716900
"Ethereum Up or Down - May 2, 6:15AM-6:20AM ET",Down,BUY,11,0.33,0xc41069a7de3c16445ce1d42e51cafc22c792c4621b3d35d3a514a8896131058a,2026-05-02 13:16:36,0x30fdcabbb6a725f68b64c0fcd89125238dce9b88a4f66b8aa0fad839237675ea,eth-updown-5m-1777716900
"Ethereum Up or Down - May 2, 6:15AM-6:20AM ET",Down,BUY,12,0.3,0xc41069a7de3c16445ce1d42e51cafc22c792c4621b3d35d3a514a8896131058a,2026-05-02 13:16:32,0x5a3853c757fd9e37efa628cb9ae9ec828bfb313524e2cbeed7cfbcef177cfd6c,eth-updown-5m-1777716900
"Ethereum Up or Down - May 2, 6:15AM-6:20AM ET",Down,BUY,11,0.31,0xc41069a7de3c16445ce1d42e51cafc22c792c4621b3d35d3a514a8896131058a,2026-05-02 13:16:30,0x82f497efce6c15f969a519d7d08d4c1b14057ce8564bcb6a39404be158ebf64a,eth-updown-5m-1777716900
"Ethereum Up or Down - May 2, 6:15AM-6:20AM ET",Down,BUY,11,0.30317272727272726,0xc41069a7de3c16445ce1d42e51cafc22c792c4621b3d35d3a514a8896131058a,2026-05-02 13:16:30,0xcd323f46b2ae2408631f1b97c96fa0f0add56d2a793507f24a8527e298b60dd0,eth-updown-5m-1777716900
"Bitcoin Up or Down - May 2, 6:15AM-6:20AM ET",Down,BUY,40,0.47625,0x0d40686b556f446785ac8bb9226670eb222cddf376d4627c1fdaa03f5b47baf0,2026-05-02 13:16:16,0xeff96971aa7eaa0d4d0c97991155e08efe8ca6adb2da4296eb2326fc2bb017b1,btc-updown-5m-1777716900
"Bitcoin Up or Down - May 2, 6:15AM-6:20AM ET",Down,BUY,40,0.46128,0x0d40686b556f446785ac8bb9226670eb222cddf376d4627c1fdaa03f5b47baf0,2026-05-02 13:16:16,0x057d54e20c3c5fef5b657451ec859f5cf7eafcfc89cd0594162ad7694807a2ec,btc-updown-5m-1777716900
"Bitcoin Up or Down - May 2, 6:15AM-6:20AM ET",Up,BUY,40,0.52,0x0d40686b556f446785ac8bb9226670eb222cddf376d4627c1fdaa03f5b47baf0,2026-05-02 13:15:56,0x7de847acd8e0ec75a64958ebd1d2ef1a98a92e73fbd8e7c6ccd0c61f60e035c4,btc-updown-5m-1777716900
"Bitcoin Up or Down - May 2, 6:15AM-6:30AM ET",Up,BUY,10,0.5,0x1d5157b3431b682b96b0571c78e1444f300789a86c65af7b854ca6b02896a24e,2026-05-02 13:15:56,0x2a41de7b6e8e57ae32f0a1e3df2f3a484a38301c581e61c5e769a19caeaf2322,btc-updown-15m-1777716900
"Bitcoin Up or Down - May 2, 6:15AM-6:30AM ET",Up,BUY,10,0.5,0x1d5157b3431b682b96b0571c78e1444f300789a86c65af7b854ca6b02896a24e,2026-05-02 13:15:56,0x80fdfecda33dfdb71345ca186178783e923f38021a976185dac8afd2ff6117e8,btc-updown-15m-1777716900
"Bitcoin Up or Down - May 2, 6:15AM-6:20AM ET",Up,BUY,40,0.52,0x0d40686b556f446785ac8bb9226670eb222cddf376d4627c1fdaa03f5b47baf0,2026-05-02 13:15:56,0x3fc875a6a8cd917c811090bc9fd6f7a9ac05028456f75355ca7576364de18f5f,btc-updown-5m-1777716900
"Bitcoin Up or Down - May 2, 6:15AM-6:30AM ET",Up,BUY,10,0.5,0x1d5157b3431b682b96b0571c78e1444f300789a86c65af7b854ca6b02896a24e,2026-05-02 13:15:54,0xbf903282656da09c11f79af9c55ee89fb2c366b8c25f4ef992986d2f8820c466,btc-updown-15m-1777716900
"Bitcoin Up or Down - May 2, 6:15AM-6:20AM ET",Up,BUY,40,0.511845,0x0d40686b556f446785ac8bb9226670eb222cddf376d4627c1fdaa03f5b47baf0,2026-05-02 13:15:54,0xc587e2d7d2dc974d3737ef576ed33473a7f61075c9274d8e7ed590faf3b6f239,btc-updown-5m-1777716900
"Ethereum Up or Down - May 2, 6:15AM-6:20AM ET",Up,BUY,10,0.6,0xc41069a7de3c16445ce1d42e51cafc22c792c4621b3d35d3a514a8896131058a,2026-05-02 13:15:54,0x8a68ca0f74c3c4b4377579d8b63ca8fc13fd0dc225ff57335b98ed33690a3e30,eth-updown-5m-1777716900
"Ethereum Up or Down - May 2, 6:15AM-6:20AM ET",Up,BUY,10,0.51,0xc41069a7de3c16445ce1d42e51cafc22c792c4621b3d35d3a514a8896131058a,2026-05-02 13:15:54,0x187daf9eca0dc404138a84b64f4574ead5063cb41a2d6f8c71d5faa1e1ecdbcb,eth-updown-5m-1777716900
"Bitcoin Up or Down - May 2, 6:15AM-6:20AM ET",Up,BUY,19.14,0.4952351097178683,0x0d40686b556f446785ac8bb9226670eb222cddf376d4627c1fdaa03f5b47baf0,2026-05-02 13:15:54,0x5bd8e0dd39ee737931a39bbbc96a0ac481f4129052164610b13657e738bb466f,btc-updown-5m-1777716900
"Bitcoin Up or Down - May 2, 6:15AM-6:20AM ET",Down,BUY,15.02,0.52,0x0d40686b556f446785ac8bb9226670eb222cddf376d4627c1fdaa03f5b47baf0,2026-05-02 13:15:30,0xb2cbafa0dedba31122888bfcf9befacd186a1cb20ecc9a5dbe7b412c624395ae,btc-updown-5m-1777716900
"Ethereum Up or Down - May 2, 6:15AM-6:20AM ET",Up,BUY,10,0.5,0xc41069a7de3c16445ce1d42e51cafc22c792c4621b3d35d3a514a8896131058a,2026-05-02 13:15:28,0x3cbd6e14f11389142afd0eb74396cbbd1c406d70ee401dfd16316eef49c8038b,eth-updown-5m-1777716900
"Bitcoin Up or Down - May 2, 6:15AM-6:30AM ET",Up,BUY,10,0.5,0x1d5157b3431b682b96b0571c78e1444f300789a86c65af7b854ca6b02896a24e,2026-05-02 13:15:28,0x7772d8e23598930403f0bff8a9ed9ceebbd7dabfe821b947a30227884583f627,btc-updown-15m-1777716900
"Bitcoin Up or Down - May 2, 6:15AM-6:20AM ET",Up,BUY,40,0.48875,0x0d40686b556f446785ac8bb9226670eb222cddf376d4627c1fdaa03f5b47baf0,2026-05-02 13:15:28,0x97a5244bf83fefe05ac3357cc8d1dcde37254f3a9c8cb9d114d9005c0803aef0,btc-updown-5m-1777716900
"Ethereum Up or Down - May 2, 6:15AM-6:20AM ET",Up,BUY,10,0.5,0xc41069a7de3c16445ce1d42e51cafc22c792c4621b3d35d3a514a8896131058a,2026-05-02 13:15:28,0x30bac865ee3c8c18d80f60f681356f4db7721ed80fc73cca6aa00af9ed2d38ed,eth-updown-5m-1777716900
"Bitcoin Up or Down - May 2, 6:15AM-6:30AM ET",Up,BUY,10,0.5,0x1d5157b3431b682b96b0571c78e1444f300789a86c65af7b854ca6b02896a24e,2026-05-02 13:15:28,0xc93b0b60dc3869e840985d68669b7448cf18182e627abb4d8fb68d500e52b9cb,btc-updown-15m-1777716900
"Bitcoin Up or Down - May 2, 6:15AM-6:20AM ET",Up,BUY,41,0.5,0x0d40686b556f446785ac8bb9226670eb222cddf376d4627c1fdaa03f5b47baf0,2026-05-02 13:15:28,0x6c654078a0fb1c36e1c291757d69f00e36548a468c58ccaf9498dd541b858bb3,btc-updown-5m-1777716900
"Ethereum Up or Down - May 2, 6:15AM-6:20AM ET",Up,BUY,10,0.5,0xc41069a7de3c16445ce1d42e51cafc22c792c4621b3d35d3a514a8896131058a,2026-05-02 13:15:28,0x05554288acc8009c71c8a92b33885aeaebdf38c7a3ca7bff48b927132d63d51e,eth-updown-5m-1777716900
"Ethereum Up or Down - May 2, 6:15AM-6:20AM ET",Up,BUY,11,0.5,0xc41069a7de3c16445ce1d42e51cafc22c792c4621b3d35d3a514a8896131058a,2026-05-02 13:15:28,0x0712aaee7e396e5ee46a17ab1311cd35ce2c5d47f377a0e7c8c35531625040fd,eth-updown-5m-1777716900
"Bitcoin Up or Down - May 2, 6AM ET",Down,BUY,5,0.52,0xac3c9f8b5b2269437fdfcb43c9e1cbb8aa24401c8a1140f084592772b70c979f,2026-05-02 13:15:22,0x5da8e492335d778a8c8926a394ff968cd0bd80f4a2c2c1f46e189f7140abc01c,bitcoin-up-or-down-may-2-2026-6am-et
"Bitcoin Up or Down - May 2, 6AM ET",Down,BUY,5,0.52,0xac3c9f8b5b2269437fdfcb43c9e1cbb8aa24401c8a1140f084592772b70c979f,2026-05-02 13:15:12,0x0216ca847d75bfd5b31f38042e3a35e607b33b39c1b50ba044340df517b3bc1e,bitcoin-up-or-down-may-2-2026-6am-et
"Bitcoin Up or Down - May 2, 6:00AM-6:15AM ET",Down,BUY,51,0.76,0x39c333527adab4554470b0130aa8885ee7b13c31fd2313823993c643874f92f0,2026-05-02 13:15:12,0x03be508f298db62f216628e9096e200bdb01c6c1fb3183a3cfc41c53f8c7f41a,btc-updown-15m-1777716000
"Bitcoin Up or Down - May 2, 6AM ET",Down,BUY,5,0.52,0xac3c9f8b5b2269437fdfcb43c9e1cbb8aa24401c8a1140f084592772b70c979f,2026-05-02 13:15:12,0xd43af605e8a1d4b3218d3453d5a2df72cd99a5b54cd4b0cdfca8fe080bbf0bd4,bitcoin-up-or-down-may-2-2026-6am-et
"Bitcoin Up or Down - May 2, 4:00AM-8:00AM ET",Down,BUY,6,0.3383333333333333,0x5414faf1d4f67d580fd195b96186c0beecc19b4c786e84133c96f0fc44c5263b,2026-05-02 13:15:12,0xd208fa353884d42284f0f54b40ee5be17dff22f2175f543e4c4554e673f17d50,btc-updown-4h-1777708800
"Bitcoin Up or Down - May 2, 6AM ET",Down,BUY,5,0.52,0xac3c9f8b5b2269437fdfcb43c9e1cbb8aa24401c8a1140f084592772b70c979f,2026-05-02 13:15:12,0x66239c7ce825f60eafa871ed0a0a18b9344754fd65557bff9c0930f3636d356c,bitcoin-up-or-down-may-2-2026-6am-et
"Bitcoin Up or Down - May 2, 4:00AM-8:00AM ET",Down,BUY,6,0.33,0x5414faf1d4f67d580fd195b96186c0beecc19b4c786e84133c96f0fc44c5263b,2026-05-02 13:15:10,0xcb09465a69d4ad0062db70b6f1f29125616be95a3cf837ccbd84a295633beb6a,btc-updown-4h-1777708800
"Bitcoin Up or Down - May 2, 6:00AM-6:15AM ET",Down,BUY,10,0.47079,0x39c333527adab4554470b0130aa8885ee7b13c31fd2313823993c643874f92f0,2026-05-02 13:14:26,0x3b0568de1fec19b387afd91514d548b3051523e26ece56c1c527a4123c8783c1,btc-updown-15m-1777716000
"Bitcoin Up or Down - May 2, 6:10AM-6:15AM ET",Down,BUY,49,0.67,0x5fc4f8ed0a48d23d02edc2ee57b6f5c22f4611bebefabc0c58ce68b6c0a237f4,2026-05-02 13:14:26,0x3eca7e9685117f91a6b7494cd154371517393dd0d1937b552e9729c2e1b0da8e,btc-updown-5m-1777716600
"Bitcoin Up or Down - May 2, 6:00AM-6:15AM ET",Up,BUY,10,0.49,0x39c333527adab4554470b0130aa8885ee7b13c31fd2313823993c643874f92f0,2026-05-02 13:13:38,0x1de221d4dc1dac117dc55aace79a7472ea54fc995407296715907d0853b2b3dc,btc-updown-15m-1777716000
"Bitcoin Up or Down - May 2, 6:10AM-6:15AM ET",Up,BUY,41,0.4163170731707317,0x5fc4f8ed0a48d23d02edc2ee57b6f5c22f4611bebefabc0c58ce68b6c0a237f4,2026-05-02 13:13:32,0x1b0c5e26f9752697a8107212df17dd7c82414dc98abfd3942bcf4223cd7d8857,btc-updown-5m-1777716600
"Bitcoin Up or Down - May 2, 6:10AM-6:15AM ET",Up,BUY,41,0.43882926829268293,0x5fc4f8ed0a48d23d02edc2ee57b6f5c22f4611bebefabc0c58ce68b6c0a237f4,2026-05-02 13:13:32,0xc378c1bf1fd8f6c34fa798a35a4980ec41d4f656d2563fb15fd1a2ed60f1e169,btc-updown-5m-1777716600
"Bitcoin Up or Down - May 2, 6:00AM-6:15AM ET",Up,BUY,10,0.47941,0x39c333527adab4554470b0130aa8885ee7b13c31fd2313823993c643874f92f0,2026-05-02 13:13:32,0x6348e163f8ef88618b20090f901314a864ca60cdf8034929278136ca6e7e9219,btc-updown-15m-1777716000
"Ethereum Up or Down - May 2, 6:10AM-6:15AM ET",Up,BUY,26,0.88,0xb05e5ca09bca9875d0dca09492126bf47210c84ef05fef73413f11428bd7a796,2026-05-02 13:13:32,0x78c4243ee0d20e005626bdc4427da2ce5fbfbc7c9ac40de7e3c771252183a6b0,eth-updown-5m-1777716600
"Bitcoin Up or Down - May 2, 6:00AM-6:15AM ET",Up,BUY,16,0.47,0x39c333527adab4554470b0130aa8885ee7b13c31fd2313823993c643874f92f0,2026-05-02 13:13:32,0xe20d01de5fa7148f46ec52093dc69765f5e13049a8609cc5fbf9b626b268ec1a,btc-updown-15m-1777716000
"Bitcoin Up or Down - May 2, 6:00AM-6:15AM ET",Up,BUY,15,0.47,0x39c333527adab4554470b0130aa8885ee7b13c31fd2313823993c643874f92f0,2026-05-02 13:13:32,0x57983914ffe63e5ca7c0061f918a449e1941437e62dbd40f564847c4e3953380,btc-updown-15m-1777716000
"Bitcoin Up or Down - May 2, 6:10AM-6:15AM ET",Up,BUY,45,0.44460444444444447,0x5fc4f8ed0a48d23d02edc2ee57b6f5c22f4611bebefabc0c58ce68b6c0a237f4,2026-05-02 13:13:32,0xd70be32fec0927a3fe399c7f1af13eba93889ae6278e0b3626f4ea73b52cd5fa,btc-updown-5m-1777716600
"Bitcoin Up or Down - May 2, 6:10AM-6:15AM ET",Up,BUY,41,0.3768463414634146,0x5fc4f8ed0a48d23d02edc2ee57b6f5c22f4611bebefabc0c58ce68b6c0a237f4,2026-05-02 13:13:30,0xc552bcb5a9f6594fd518ff1b9dcfe4f0ec0b3a858892e9463a3a50d2e0c5876a,btc-updown-5m-1777716600
"Bitcoin Up or Down - May 2, 6:00AM-6:15AM ET",Up,BUY,11,0.46,0x39c333527adab4554470b0130aa8885ee7b13c31fd2313823993c643874f92f0,2026-05-02 13:13:28,0x7d942ebca99f2b8176672f77c36441ed447e3b1ccc4ff84305b0b264a5eeb584,btc-updown-15m-1777716000
"Bitcoin Up or Down - May 2, 6:00AM-6:15AM ET",Up,BUY,10,0.46,0x39c333527adab4554470b0130aa8885ee7b13c31fd2313823993c643874f92f0,2026-05-02 13:13:28,0x219c6b96fb54b2e110b3ca38ea5fb5ec34b0961a8bd37cae25e600739cc6a567,btc-updown-15m-1777716000
"Ethereum Up or Down - May 2, 6:10AM-6:15AM ET",Up,BUY,26,0.87,0xb05e5ca09bca9875d0dca09492126bf47210c84ef05fef73413f11428bd7a796,2026-05-02 13:13:14,0xebfa402ade6bb538370dfc7fac0fcf6fd7aa3e854cea22886de4ac6c96467d62,eth-updown-5m-1777716600
"Bitcoin Up or Down - May 2, 6AM ET",Down,BUY,5,0.5,0xac3c9f8b5b2269437fdfcb43c9e1cbb8aa24401c8a1140f084592772b70c979f,2026-05-02 13:12:58,0x3504c241a8552e5c75a43cbca87a4cb296da7a561089415819c89dda5f374235,bitcoin-up-or-down-may-2-2026-6am-et
"Ethereum Up or Down - May 2, 6:10AM-6:15AM ET",Down,BUY,19,0.14060526315789473,0xb05e5ca09bca9875d0dca09492126bf47210c84ef05fef73413f11428bd7a796,2026-05-02 13:12:58,0x38fbcf8d02351ab85f42de561a3ace56dc615173e59b83787257627d3241ceca,eth-updown-5m-1777716600
"Bitcoin Up or Down - May 2, 6:00AM-6:15AM ET",Down,BUY,11,0.5363636363636364,0x39c333527adab4554470b0130aa8885ee7b13c31fd2313823993c643874f92f0,2026-05-02 13:12:58,0xd55b5c4eab6957efba55ecc9d9885bdd2f779ebf9bf5bf276f6c25e6e0c350e3,btc-updown-15m-1777716000
"Bitcoin Up or Down - May 2, 6:10AM-6:15AM ET",Down,BUY,68,0.6343294117647059,0x5fc4f8ed0a48d23d02edc2ee57b6f5c22f4611bebefabc0c58ce68b6c0a237f4,2026-05-02 13:12:58,0x2958541f666840678559c9026694cda6aa4e0009f6b64b9b22b72e422684a58a,btc-updown-5m-1777716600
"Bitcoin Up or Down - May 2, 6:10AM-6:15AM ET",Down,BUY,53,0.604045283018868,0x5fc4f8ed0a48d23d02edc2ee57b6f5c22f4611bebefabc0c58ce68b6c0a237f4,2026-05-02 13:12:58,0x162f4573a177af0e2ba498be4e72dbf820a233c809909d0918431b9b2ccb5bbd,btc-updown-5m-1777716600
"Bitcoin Up or Down - May 2, 6:00AM-6:15AM ET",Down,BUY,13,0.55,0x39c333527adab4554470b0130aa8885ee7b13c31fd2313823993c643874f92f0,2026-05-02 13:12:58,0x223b2e906f2533b3f0cc9dd375e998d475470e9ab682cfbc28b023a48bfb8869,btc-updown-15m-1777716000
"Ethereum Up or Down - May 2, 6:10AM-6:15AM ET",Down,BUY,18,0.15308888888888889,0xb05e5ca09bca9875d0dca09492126bf47210c84ef05fef73413f11428bd7a796,2026-05-02 13:12:58,0x9e20ccb7a74a95cf93f6252bdd0da8adf4577585821cf7130ac56ccb6a47cb6a,eth-updown-5m-1777716600
"Bitcoin Up or Down - May 2, 6:10AM-6:15AM ET",Down,BUY,47,0.6,0x5fc4f8ed0a48d23d02edc2ee57b6f5c22f4611bebefabc0c58ce68b6c0a237f4,2026-05-02 13:12:58,0x69a8740e376faeac01517b03538cf062b2368d4c67843a0b154a2b8e93973aa5,btc-updown-5m-1777716600
"Bitcoin Up or Down - May 2, 6:10AM-6:15AM ET",Down,BUY,48,0.5882791666666667,0x5fc4f8ed0a48d23d02edc2ee57b6f5c22f4611bebefabc0c58ce68b6c0a237f4,2026-05-02 13:12:58,0xe656357f7e4854b2078673462dc248e1a220a649c57a627bd48f00b5f2679e53,btc-updown-5m-1777716600
"Bitcoin Up or Down - May 2, 6:00AM-6:15AM ET",Down,BUY,11,0.5162,0x39c333527adab4554470b0130aa8885ee7b13c31fd2313823993c643874f92f0,2026-05-02 13:12:56,0x4ab5f86edcfa1118494cfaebca9db5855cc606a6e3ea1ed7b553b755e78b3a55,btc-updown-15m-1777716000
"Bitcoin Up or Down - May 2, 6AM ET",Down,BUY,5,0.49,0xac3c9f8b5b2269437fdfcb43c9e1cbb8aa24401c8a1140f084592772b70c979f,2026-05-02 13:12:56,0xe51eca4cebbda19729ba3b4841410d459333964f5e348e8b7c914fdbf135e0eb,bitcoin-up-or-down-may-2-2026-6am-et
"Bitcoin Up or Down - May 2, 6:00AM-6:15AM ET",Down,BUY,10,0.48,0x39c333527adab4554470b0130aa8885ee7b13c31fd2313823993c643874f92f0,2026-05-02 13:12:56,0xc1c9db4112381b1aa499679f40010f8fd18a1159b29ce07c1e3a420fae29e12d,btc-updown-15m-1777716000
"Bitcoin Up or Down - May 2, 6:00AM-6:15AM ET",Down,BUY,10,0.46,0x39c333527adab4554470b0130aa8885ee7b13c31fd2313823993c643874f92f0,2026-05-02 13:12:56,0xed03541c5a5e534a9fd4e61cc8693defd39e347fb78e084bdcb40cfef3298d6d,btc-updown-15m-1777716000
"Bitcoin Up or Down - May 2, 6:00AM-6:15AM ET",Down,BUY,10,0.45,0x39c333527adab4554470b0130aa8885ee7b13c31fd2313823993c643874f92f0,2026-05-02 13:12:56,0x839fac2b2eac715282d5239fca5439d39c8975a0477528daf29a42c8b7d07c82,btc-updown-15m-1777716000
"Bitcoin Up or Down - May 2, 6:10AM-6:15AM ET",Down,BUY,46,0.54,0x5fc4f8ed0a48d23d02edc2ee57b6f5c22f4611bebefabc0c58ce68b6c0a237f4,2026-05-02 13:12:56,0xbb7289bcd65e6825143c322ee33896979685cac8f189cb39e756784627765c31,btc-updown-5m-1777716600
"Bitcoin Up or Down - May 2, 6:10AM-6:15AM ET",Down,BUY,45,0.54,0x5fc4f8ed0a48d23d02edc2ee57b6f5c22f4611bebefabc0c58ce68b6c0a237f4,2026-05-02 13:12:56,0x59d50f11c1150a10a16d83e3ca5c53ed7fce18ad16448ea91818b934c1609d60,btc-updown-5m-1777716600
"Bitcoin Up or Down - May 2, 6:10AM-6:15AM ET",Down,BUY,43,0.54,0x5fc4f8ed0a48d23d02edc2ee57b6f5c22f4611bebefabc0c58ce68b6c0a237f4,2026-05-02 13:12:56,0x21af505f739d7a8cabfb03fbf15ef1ab81675cd4607b651d3140ccafdd88e339,btc-updown-5m-1777716600
"Bitcoin Up or Down - May 2, 6:00AM-6:15AM ET",Down,BUY,10,0.4494,0x39c333527adab4554470b0130aa8885ee7b13c31fd2313823993c643874f92f0,2026-05-02 13:12:56,0xf0a65ab0cee0ebb8d4a31a9f4d4a8b49616427061b06b6e3a2d2a781b7b7b245,btc-updown-15m-1777716000
"Bitcoin Up or Down - May 2, 6:10AM-6:15AM ET",Down,BUY,41,0.54,0x5fc4f8ed0a48d23d02edc2ee57b6f5c22f4611bebefabc0c58ce68b6c0a237f4,2026-05-02 13:12:56,0xc6c43b62705176f664fba4c429c0d6f90e6a71cf0312e11f02a3322893a2ad8e,btc-updown-5m-1777716600
"Bitcoin Up or Down - May 2, 6:00AM-6:15AM ET",Down,BUY,10,0.44,0x39c333527adab4554470b0130aa8885ee7b13c31fd2313823993c643874f92f0,2026-05-02 13:12:56,0xfe50c18165b4b76fb60708729944acad2b18beef24748dea144e084ba0ca3517,btc-updown-15m-1777716000
"Bitcoin Up or Down - May 2, 6:00AM-6:15AM ET",Up,BUY,11,0.63,0x39c333527adab4554470b0130aa8885ee7b13c31fd2313823993c643874f92f0,2026-05-02 13:12:26,0x76dc49532473b9c492c04b32afa33d2a8be044892c7d2538d25e102dd10237b3,btc-updown-15m-1777716000
"Bitcoin Up or Down - May 2, 6:10AM-6:15AM ET",Up,BUY,43,0.59,0x5fc4f8ed0a48d23d02edc2ee57b6f5c22f4611bebefabc0c58ce68b6c0a237f4,2026-05-02 13:12:26,0xf3d7396d179302a35931cb9eeaa3ebc76f665ac5809ee902da4b945177b73f6e,btc-updown-5m-1777716600
"Ethereum Up or Down - May 2, 6:10AM-6:15AM ET",Up,BUY,24,0.8536458333333333,0xb05e5ca09bca9875d0dca09492126bf47210c84ef05fef73413f11428bd7a796,2026-05-02 13:12:26,0xb87473ceadd3612cb30227a260ca499e14749f655477ac0b4f237b88b3fc09c3,eth-updown-5m-1777716600
"Bitcoin Up or Down - May 2, 6:00AM-6:15AM ET",Up,BUY,12,0.64,0x39c333527adab4554470b0130aa8885ee7b13c31fd2313823993c643874f92f0,2026-05-02 13:12:24,0xa9a51168b46eac3e2f61a26c5b65198032da753fc5d326d0bcbe4044a2ab96b6,btc-updown-15m-1777716000
"Bitcoin Up or Down - May 2, 6:10AM-6:15AM ET",Up,BUY,41,0.55,0x5fc4f8ed0a48d23d02edc2ee57b6f5c22f4611bebefabc0c58ce68b6c0a237f4,2026-05-02 13:12:24,0x29031ca94fc62186855d0e19ea6203254fc0e00a5fbe28b09d877bdd33dd81a7,btc-updown-5m-1777716600
"Bitcoin Up or Down - May 2, 6:00AM-6:15AM ET",Up,BUY,11,0.6,0x39c333527adab4554470b0130aa8885ee7b13c31fd2313823993c643874f92f0,2026-05-02 13:12:16,0x5858f4a087041c9411aa7e7fe0a4f451111aa3cc5086485451a12ad5b6076d7b,btc-updown-15m-1777716000
"Bitcoin Up or Down - May 2, 6:10AM-6:15AM ET",Up,BUY,40,0.537935,0x5fc4f8ed0a48d23d02edc2ee57b6f5c22f4611bebefabc0c58ce68b6c0a237f4,2026-05-02 13:12:16,0xfbddd516c95adb9514d8b048638b656ef51de1eb3731c9d2fdb9dcd73efb92c2,btc-updown-5m-1777716600
"Ethereum Up or Down - May 2, 6:10AM-6:15AM ET",Down,BUY,13,0.2,0xb05e5ca09bca9875d0dca09492126bf47210c84ef05fef73413f11428bd7a796,2026-05-02 13:11:12,0x2bc09f15836cad37ce5573860142b6f4179a50866047fb87f2064d5f6ed08fde,eth-updown-5m-1777716600
"Ethereum Up or Down - May 2, 6:10AM-6:15AM ET",Down,BUY,15,0.2,0xb05e5ca09bca9875d0dca09492126bf47210c84ef05fef73413f11428bd7a796,2026-05-02 13:11:12,0x549c3e85fbaf2c8e3995ae0199803463924f414cb6b42b25d2c7bac2a30c7598,eth-updown-5m-1777716600
"Ethereum Up or Down - May 2, 6:10AM-6:15AM ET",Up,BUY,14,0.75,0xb05e5ca09bca9875d0dca09492126bf47210c84ef05fef73413f11428bd7a796,2026-05-02 13:11:06,0x6d12cec5ba5a848c61b385f481bfbc335e0935f6dc0895d250b065864a8e188f,eth-updown-5m-1777716600
"Ethereum Up or Down - May 2, 6:10AM-6:15AM ET",Up,BUY,12,0.7,0xb05e5ca09bca9875d0dca09492126bf47210c84ef05fef73413f11428bd7a796,2026-05-02 13:11:00,0x9324268dfe9f4f24a41eec439a6950b7dc047ed8c8e68ca89b3168ca03ecb86e,eth-updown-5m-1777716600
"Ethereum Up or Down - May 2, 6:10AM-6:15AM ET",Up,BUY,5,0.58,0xb05e5ca09bca9875d0dca09492126bf47210c84ef05fef73413f11428bd7a796,2026-05-02 13:11:00,0x4058db9776ed14206490d31179b3f46080f04ddcb832978ef987b574ee4a1b09,eth-updown-5m-1777716600
"Ethereum Up or Down - May 2, 6:10AM-6:15AM ET",Up,BUY,10,0.53,0xb05e5ca09bca9875d0dca09492126bf47210c84ef05fef73413f11428bd7a796,2026-05-02 13:10:24,0xae29be3dbb966a8c5226fc5911aa08f3eceac98efd2e466e5199507fc49e4ced,eth-updown-5m-1777716600
"Ethereum Up or Down - May 2, 6:10AM-6:15AM ET",Down,BUY,10,0.5,0xb05e5ca09bca9875d0dca09492126bf47210c84ef05fef73413f11428bd7a796,2026-05-02 13:10:20,0xca4eced70733d40b31ca30f0fb1c9622050feeb4fff7f97a4004d854915faa4a,eth-updown-5m-1777716600
"Ethereum Up or Down - May 2, 6:10AM-6:15AM ET",Down,BUY,10,0.5,0xb05e5ca09bca9875d0dca09492126bf47210c84ef05fef73413f11428bd7a796,2026-05-02 13:10:20,0xa5189fa73338ec5062c317e50e8497305aebbdc217e8d2e95ba094562e7ca2a5,eth-updown-5m-1777716600
"Bitcoin Up or Down - May 2, 6:10AM-6:15AM ET",Down,BUY,41,0.53,0x5fc4f8ed0a48d23d02edc2ee57b6f5c22f4611bebefabc0c58ce68b6c0a237f4,2026-05-02 13:10:20,0x0d4c5199e07a66111086d8777eeaeba62bc899908142e9fe00626cc1e3b0c0d1,btc-updown-5m-1777716600
"Bitcoin Up or Down - May 2, 6:00AM-6:15AM ET",Down,BUY,10,0.41,0x39c333527adab4554470b0130aa8885ee7b13c31fd2313823993c643874f92f0,2026-05-02 13:10:20,0x65523bb354b1b151f6ce9109a8d22fdb27ccb7c8ba5e6eeb9a2cba04e8a6a6ef,btc-updown-15m-1777716000
"Bitcoin Up or Down - May 2, 6:10AM-6:15AM ET",Down,BUY,40,0.52837,0x5fc4f8ed0a48d23d02edc2ee57b6f5c22f4611bebefabc0c58ce68b6c0a237f4,2026-05-02 13:10:20,0x3b7b75a3081d205c3da51ec9a4abe7c94b5aad3998dfcf63a08e89a0c661eae6,btc-updown-5m-1777716600
"Bitcoin Up or Down - May 2, 6:00AM-6:15AM ET",Down,BUY,10,0.405,0x39c333527adab4554470b0130aa8885ee7b13c31fd2313823993c643874f92f0,2026-05-02 13:10:20,0xc068cb9ec452fd257380bdad1d3bda24cf9e2e99fba03c47c5fad1542f00f562,btc-updown-15m-1777716000
"Ethereum Up or Down - May 2, 6:10AM-6:15AM ET",Down,BUY,7,0.49,0xb05e5ca09bca9875d0dca09492126bf47210c84ef05fef73413f11428bd7a796,2026-05-02 13:10:20,0x526782fc69577a660083f7377323e8019457def9d793ec8a1a60667d36bb12eb,eth-updown-5m-1777716600
"Bitcoin Up or Down - May 2, 6:05AM-6:10AM ET",Up,BUY,83,0.11,0xdd928967f2c92cd0ea2b0c7ebec6f00d3efdccce57c8396ffccfccacfd5bc76b,2026-05-02 13:09:32,0xe867185110fbd9942758a9c4d8f554de0346eac349e96879b544a60486d2be64,btc-updown-5m-1777716300
"Bitcoin Up or Down - May 2, 6:05AM-6:10AM ET",Up,BUY,78,0.11,0xdd928967f2c92cd0ea2b0c7ebec6f00d3efdccce57c8396ffccfccacfd5bc76b,2026-05-02 13:09:32,0xba21c355aab55883c87c70902e71750467019b648c35786fd216f9d2a2aff046,btc-updown-5m-1777716300
"Bitcoin Up or Down - May 2, 6:05AM-6:10AM ET",Up,BUY,75.19,0.049309748636786804,0xdd928967f2c92cd0ea2b0c7ebec6f00d3efdccce57c8396ffccfccacfd5bc76b,2026-05-02 13:09:28,0x1b12becf874ccb6c4ede493287cd70d01974c7d23972d5431d11675a4210e54b,btc-updown-5m-1777716300
"Ethereum Up or Down - May 2, 6:05AM-6:10AM ET",Up,BUY,34.86,0.03723178427997705,0xae73c518aef437a890fd90b9a5200e0691e2bb94ed7ecda01bc36b352957440a,2026-05-02 13:09:28,0xda223f701e727dd0c5dc0be52f2f4bc7dce2df09fff967bbca40e27f8199a89d,eth-updown-5m-1777716300
"Ethereum Up or Down - May 2, 6:05AM-6:10AM ET",Down,BUY,128,0.9683625,0xae73c518aef437a890fd90b9a5200e0691e2bb94ed7ecda01bc36b352957440a,2026-05-02 13:09:20,0xf01d7aba5b663cc01ada552ad1b56f393d04c84e757e7210f15dc6c96259a90c,eth-updown-5m-1777716300
"Bitcoin Up or Down - May 2, 6AM ET",Up,BUY,5,0.47,0xac3c9f8b5b2269437fdfcb43c9e1cbb8aa24401c8a1140f084592772b70c979f,2026-05-02 13:08:22,0x9f8bb1c45a57cf3674d323f7250c69bc97dc801be48680a6ede6b7e548f66abf,bitcoin-up-or-down-may-2-2026-6am-et
"Bitcoin Up or Down - May 2, 6:05AM-6:10AM ET",Up,BUY,88,0.1282931818181818,0xdd928967f2c92cd0ea2b0c7ebec6f00d3efdccce57c8396ffccfccacfd5bc76b,2026-05-02 13:08:22,0xc975373577da15bbecb53f93d8608619498a2cce81ad197b30084c3171eddbb9,btc-updown-5m-1777716300
"Bitcoin Up or Down - May 2, 6:05AM-6:10AM ET",Up,BUY,111,0.08496846846846846,0xdd928967f2c92cd0ea2b0c7ebec6f00d3efdccce57c8396ffccfccacfd5bc76b,2026-05-02 13:08:22,0xf3c0571fe33c99c200fed463665e145b8985a3d46202fd64e710aef428f144ef,btc-updown-5m-1777716300
"Bitcoin Up or Down - May 2, 6:00AM-6:15AM ET",Up,BUY,10,0.43436,0x39c333527adab4554470b0130aa8885ee7b13c31fd2313823993c643874f92f0,2026-05-02 13:08:20,0x52738c5f45068cb6e9aa1f6213841daecfe122b6152224daa066129495e202d4,btc-updown-15m-1777716000
"Ethereum Up or Down - May 2, 6:05AM-6:10AM ET",Down,BUY,28,0.8534892857142857,0xae73c518aef437a890fd90b9a5200e0691e2bb94ed7ecda01bc36b352957440a,2026-05-02 13:08:18,0x106da681472402172ab578c5f291d3c0ebead5ba5e892b8f3a5a3014f635acf7,eth-updown-5m-1777716300
"Ethereum Up or Down - May 2, 6:05AM-6:10AM ET",Down,BUY,22,0.85,0xae73c518aef437a890fd90b9a5200e0691e2bb94ed7ecda01bc36b352957440a,2026-05-02 13:08:18,0x163877242adef556652e24a859c159739a65faf902602993c365af1d71ea58ab,eth-updown-5m-1777716300
"Bitcoin Up or Down - May 2, 6:05AM-6:10AM ET",Up,BUY,88,0.08319431818181819,0xdd928967f2c92cd0ea2b0c7ebec6f00d3efdccce57c8396ffccfccacfd5bc76b,2026-05-02 13:08:14,0x5c6465c62ca633b3584dd85234cf210a9c8eb036c28892976a6f880e5625c215,btc-updown-5m-1777716300
"Ethereum Up or Down - May 2, 6:05AM-6:10AM ET",Up,BUY,16,0.18,0xae73c518aef437a890fd90b9a5200e0691e2bb94ed7ecda01bc36b352957440a,2026-05-02 13:08:12,0x4a70d8155014ac9f550ead8951c0a11381d57db7b118544558c3592f406bf0a8,eth-updown-5m-1777716300
"Ethereum Up or Down - May 2, 6:05AM-6:10AM ET",Up,BUY,17,0.16467058823529412,0xae73c518aef437a890fd90b9a5200e0691e2bb94ed7ecda01bc36b352957440a,2026-05-02 13:08:12,0x14e2f476278bd640431e1ad6bd77b86d8dec64882bbb00e0dc69f869b2c1c17a,eth-updown-5m-1777716300
"Ethereum Up or Down - May 2, 6:05AM-6:10AM ET",Up,BUY,15,0.17196,0xae73c518aef437a890fd90b9a5200e0691e2bb94ed7ecda01bc36b352957440a,2026-05-02 13:08:12,0x2f7b83fce75f01db1ca25b0431d84ba851b650476aeb83cebe98be446318d343,eth-updown-5m-1777716300
"Ethereum Up or Down - May 2, 6:05AM-6:10AM ET",Up,BUY,18,0.14240555555555556,0xae73c518aef437a890fd90b9a5200e0691e2bb94ed7ecda01bc36b352957440a,2026-05-02 13:08:12,0x5086f0350a53c4aa89556e19d15523eb0c94a0024d20507b01e10e7525e4a224,eth-updown-5m-1777716300
"Bitcoin Up or Down - May 2, 6AM ET",Up,BUY,5,0.47,0xac3c9f8b5b2269437fdfcb43c9e1cbb8aa24401c8a1140f084592772b70c979f,2026-05-02 13:08:12,0x61bbd5843a95ce528f4fa922db22a41e803252ae51d10f787878a200e02281e9,bitcoin-up-or-down-may-2-2026-6am-et
"Bitcoin Up or Down - May 2, 6AM ET",Up,BUY,5,0.47,0xac3c9f8b5b2269437fdfcb43c9e1cbb8aa24401c8a1140f084592772b70c979f,2026-05-02 13:08:12,0xf710502aa6efe107cf34c8c997f5cbeee8b003053581e0f616cf83726d58e4f3,bitcoin-up-or-down-may-2-2026-6am-et
"Ethereum Up or Down - May 2, 6:05AM-6:10AM ET",Up,BUY,21,0.1225095238095238,0xae73c518aef437a890fd90b9a5200e0691e2bb94ed7ecda01bc36b352957440a,2026-05-02 13:08:12,0x61d4f193e5c38b009736c5b3931f36d288a0a4cee80c3b25b228ca8d4cb524f4,eth-updown-5m-1777716300
"Bitcoin Up or Down - May 2, 6:00AM-6:15AM ET",Up,BUY,10,0.405,0x39c333527adab4554470b0130aa8885ee7b13c31fd2313823993c643874f92f0,2026-05-02 13:08:12,0x096b613ff99b183eabfd57ebd98f42000910a211dbf4703af58abac0d04ee804,btc-updown-15m-1777716000
"Bitcoin Up or Down - May 2, 6:05AM-6:10AM ET",Down,BUY,211,0.9218715639810426,0xdd928967f2c92cd0ea2b0c7ebec6f00d3efdccce57c8396ffccfccacfd5bc76b,2026-05-02 13:07:52,0x4bbcce717f70d4801b8dcff5f019b6e1216e9f30b724285d3a1736793abd7695,btc-updown-5m-1777716300
"Bitcoin Up or Down - May 2, 6:00AM-6:15AM ET",Down,BUY,11,0.65,0x39c333527adab4554470b0130aa8885ee7b13c31fd2313823993c643874f92f0,2026-05-02 13:07:52,0xb4e5a0e8b581c20b42d052081067cded6ed63931584640c4bb63a85c1cb32231,btc-updown-15m-1777716000
"Bitcoin Up or Down - May 2, 6:05AM-6:10AM ET",Down,BUY,177,0.9169344632768361,0xdd928967f2c92cd0ea2b0c7ebec6f00d3efdccce57c8396ffccfccacfd5bc76b,2026-05-02 13:07:52,0xb4a55eff89dfff0f769d65874e355d0982fc286a46b02be08f456834b7a6424c,btc-updown-5m-1777716300
"Bitcoin Up or Down - May 2, 6:00AM-6:15AM ET",Down,BUY,11,0.65,0x39c333527adab4554470b0130aa8885ee7b13c31fd2313823993c643874f92f0,2026-05-02 13:07:52,0xeb05023f7c542bf9dd0ec102921512b3e1c8324155e06232d4a267de3c6ffcb9,btc-updown-15m-1777716000
"Bitcoin Up or Down - May 2, 6:00AM-6:15AM ET",Down,BUY,11,0.65,0x39c333527adab4554470b0130aa8885ee7b13c31fd2313823993c643874f92f0,2026-05-02 13:07:52,0xa13cbf12addf9c54d8fa5115f45fbe279f10eb1a5167c3dcf1d04aae6ad0f2fd,btc-updown-15m-1777716000
"Bitcoin Up or Down - May 2, 6AM ET",Down,BUY,5,0.54,0xac3c9f8b5b2269437fdfcb43c9e1cbb8aa24401c8a1140f084592772b70c979f,2026-05-02 13:07:52,0xcc9342554f356c7f95e5eb3ca637e0094522a1af6cfd0648871bd0ceaf4d25c7,bitcoin-up-or-down-may-2-2026-6am-et
"Bitcoin Up or Down - May 2, 6:05AM-6:10AM ET",Down,BUY,154,0.9072266233766234,0xdd928967f2c92cd0ea2b0c7ebec6f00d3efdccce57c8396ffccfccacfd5bc76b,2026-05-02 13:07:52,0x5abe6d61be884783224048ad9d1d91e9c8577781f0913560e0c418cf3b110abc,btc-updown-5m-1777716300
"Bitcoin Up or Down - May 2, 6:00AM-6:15AM ET",Down,BUY,11,0.65,0x39c333527adab4554470b0130aa8885ee7b13c31fd2313823993c643874f92f0,2026-05-02 13:07:52,0x40cceea1959a3db9205d6f2a164e62e26eed53bb64ea82e107280b91a6a47db2,btc-updown-15m-1777716000
"Bitcoin Up or Down - May 2, 6AM ET",Down,BUY,5,0.54,0xac3c9f8b5b2269437fdfcb43c9e1cbb8aa24401c8a1140f084592772b70c979f,2026-05-02 13:07:52,0x17897768d265fbe8e6773eea1c0e87313f71913c782e473cf04853bb648bf523,bitcoin-up-or-down-may-2-2026-6am-et
"Ethereum Up or Down - May 2, 6:05AM-6:10AM ET",Down,BUY,15,0.7823733333333334,0xae73c518aef437a890fd90b9a5200e0691e2bb94ed7ecda01bc36b352957440a,2026-05-02 13:07:52,0x6ce07ef3ea2b6bc1d6431b67da064e439ac719a17eb1bd3c2649612df6df5f05,eth-updown-5m-1777716300
"Bitcoin Up or Down - May 2, 6:05AM-6:10AM ET",Down,BUY,136,0.8979,0xdd928967f2c92cd0ea2b0c7ebec6f00d3efdccce57c8396ffccfccacfd5bc76b,2026-05-02 13:07:52,0xef042841ac33e365ba8aad4c87b67e78741e2e7352e66535be7ec156cef7ce67,btc-updown-5m-1777716300
"Bitcoin Up or Down - May 2, 6AM ET",Up,BUY,5,0.46,0xac3c9f8b5b2269437fdfcb43c9e1cbb8aa24401c8a1140f084592772b70c979f,2026-05-02 13:07:26,0x1acb55c6783cd14463989dd41599f24bd165601acc9b528482d75d983af8f361,bitcoin-up-or-down-may-2-2026-6am-et
"Bitcoin Up or Down - May 2, 6:00AM-6:15AM ET",Up,BUY,6.68,0.4374850299401198,0x39c333527adab4554470b0130aa8885ee7b13c31fd2313823993c643874f92f0,2026-05-02 13:07:26,0xbdc04e87b26209b579886f92ad4c3923042dde8077042c10cccedd7ef8ad05f5,btc-updown-15m-1777716000
"Bitcoin Up or Down - May 2, 6:00AM-6:15AM ET",Up,BUY,10,0.43,0x39c333527adab4554470b0130aa8885ee7b13c31fd2313823993c643874f92f0,2026-05-02 13:07:26,0x3603a37f895175062b56faf3d296ddc906bc00ad2275ab6784bdfcba721a4ab3,btc-updown-15m-1777716000
"Bitcoin Up or Down - May 2, 6:05AM-6:10AM ET",Up,BUY,41.54,0.13603033220991814,0xdd928967f2c92cd0ea2b0c7ebec6f00d3efdccce57c8396ffccfccacfd5bc76b,2026-05-02 13:07:26,0x99e6ec6aa0a2026aac0fafb7269c8be9264d7b427dca24d04ae5f6738ac5aa88,btc-updown-5m-1777716300
"Ethereum Up or Down - May 2, 6:05AM-6:10AM ET",Up,BUY,5,0.26,0xae73c518aef437a890fd90b9a5200e0691e2bb94ed7ecda01bc36b352957440a,2026-05-02 13:07:26,0x378e64525d080604179d2a946fcc4d9cb422521d8a3a5929bc2f90733f52ea51,eth-updown-5m-1777716300
"Bitcoin Up or Down - May 2, 6AM ET",Down,BUY,5,0.5,0xac3c9f8b5b2269437fdfcb43c9e1cbb8aa24401c8a1140f084592772b70c979f,2026-05-02 13:07:14,0x66ef19dac34473884f111f6c904e5e29f6bb48477828835a1a8de152355c84c3,bitcoin-up-or-down-may-2-2026-6am-et
"Bitcoin Up or Down - May 2, 6AM ET",Down,BUY,5,0.5,0xac3c9f8b5b2269437fdfcb43c9e1cbb8aa24401c8a1140f084592772b70c979f,2026-05-02 13:07:14,0x76d0db95b3c5bda4b4364a3873b8c5728c473357340a939522a546f71e77bdfe,bitcoin-up-or-down-may-2-2026-6am-et
"Bitcoin Up or Down - May 2, 6AM ET",Down,BUY,5,0.5,0xac3c9f8b5b2269437fdfcb43c9e1cbb8aa24401c8a1140f084592772b70c979f,2026-05-02 13:07:14,0x253e6fbca034562cc4212bd21190b7361f31dbfdda7515a66c33ab3697b9e95c,bitcoin-up-or-down-may-2-2026-6am-et
"Ethereum Up or Down - May 2, 6:05AM-6:10AM ET",Down,BUY,15,0.7533333333333333,0xae73c518aef437a890fd90b9a5200e0691e2bb94ed7ecda01bc36b352957440a,2026-05-02 13:07:14,0x77436a75a753b8db8adf3870433ca52fb8f9e36c88db00128a65656eea94f8b0,eth-updown-5m-1777716300
"Ethereum Up or Down - May 2, 6:05AM-6:10AM ET",Down,BUY,9.48,0.7157383966244726,0xae73c518aef437a890fd90b9a5200e0691e2bb94ed7ecda01bc36b352957440a,2026-05-02 13:07:14,0xcd61cd91a2185dbd8dc928a7133667f7e0b9f43637472cea971dc442a0860217,eth-updown-5m-1777716300
"Bitcoin Up or Down - May 2, 6AM ET",Down,BUY,5,0.5,0xac3c9f8b5b2269437fdfcb43c9e1cbb8aa24401c8a1140f084592772b70c979f,2026-05-02 13:07:14,0x57300fd27245c79663849f179baea71bc6098464fe4680724db3d85c85bed9c3,bitcoin-up-or-down-may-2-2026-6am-et
"Bitcoin Up or Down - May 2, 4:00AM-8:00AM ET",Down,BUY,6,0.33,0x5414faf1d4f67d580fd195b96186c0beecc19b4c786e84133c96f0fc44c5263b,2026-05-02 13:07:14,0x7c19fdd630e5c2f07ca7a3d1807975e411ca91b7c8df9238ffd0647dd7a46604,btc-updown-4h-1777708800
"Bitcoin Up or Down - May 2, 6:00AM-6:15AM ET",Down,BUY,10,0.424,0x39c333527adab4554470b0130aa8885ee7b13c31fd2313823993c643874f92f0,2026-05-02 13:07:06,0xfff975c09ee79a1f1255e07bffffc2c1ea157906cf75a9eb164665184996566d,btc-updown-15m-1777716000
"Ethereum Up or Down - May 2, 6:05AM-6:10AM ET",Down,BUY,11,0.62,0xae73c518aef437a890fd90b9a5200e0691e2bb94ed7ecda01bc36b352957440a,2026-05-02 13:07:04,0xe99d2f844e7e2220754ca7f2c4fb745f77eb5c55b4a7e691353af3260fa92627,eth-updown-5m-1777716300
"Bitcoin Up or Down - May 2, 6:05AM-6:10AM ET",Down,BUY,74,0.7301324324324324,0xdd928967f2c92cd0ea2b0c7ebec6f00d3efdccce57c8396ffccfccacfd5bc76b,2026-05-02 13:07:04,0x9cb637dfd42513f08659a6827cf7e556006f0e5a3f9823052451d223b2e1e918,btc-updown-5m-1777716300
"Bitcoin Up or Down - May 2, 6:00AM-6:15AM ET",Down,BUY,10,0.43,0x39c333527adab4554470b0130aa8885ee7b13c31fd2313823993c643874f92f0,2026-05-02 13:07:04,0x67e6fdb9920113bb36de63211a3daedb69a6153a7e23c2f29c0225feb12ca9c7,btc-updown-15m-1777716000
"Bitcoin Up or Down - May 2, 6AM ET",Down,BUY,5,0.5,0xac3c9f8b5b2269437fdfcb43c9e1cbb8aa24401c8a1140f084592772b70c979f,2026-05-02 13:07:04,0x530580be0b97dabb2832940c7c651442acde37515ea821acf25ec5d81e1bb0bc,bitcoin-up-or-down-may-2-2026-6am-et
"Bitcoin Up or Down - May 2, 6AM ET",Down,BUY,5,0.5,0xac3c9f8b5b2269437fdfcb43c9e1cbb8aa24401c8a1140f084592772b70c979f,2026-05-02 13:07:04,0x069d0f626b79bf5fe207f46870033e69e20752a5077d74baf51aa7c478f105cd,bitcoin-up-or-down-may-2-2026-6am-et
"Bitcoin Up or Down - May 2, 6:05AM-6:10AM ET",Down,BUY,68,0.7292647058823529,0xdd928967f2c92cd0ea2b0c7ebec6f00d3efdccce57c8396ffccfccacfd5bc76b,2026-05-02 13:07:04,0x6235291d7ead5832749c2e029249fc69e19ff48e48d731ad10d2de6bd0c3cbc9,btc-updown-5m-1777716300
"Bitcoin Up or Down - May 2, 6AM ET",Down,BUY,5,0.5,0xac3c9f8b5b2269437fdfcb43c9e1cbb8aa24401c8a1140f084592772b70c979f,2026-05-02 13:07:04,0x986e3ba8c3b0ee0b926df84011d257bf8b2215ac7c49bce323af7a8bd8ca8650,bitcoin-up-or-down-may-2-2026-6am-et
"Ethereum Up or Down - May 2, 6:05AM-6:10AM ET",Down,BUY,11,0.59,0xae73c518aef437a890fd90b9a5200e0691e2bb94ed7ecda01bc36b352957440a,2026-05-02 13:07:04,0x169a8f1774e0b59a515ba308640bdfaed9125668f8a1bf139afbc406ca8e19be,eth-updown-5m-1777716300
"Ethereum Up or Down - May 2, 6:05AM-6:10AM ET",Down,BUY,11,0.6,0xae73c518aef437a890fd90b9a5200e0691e2bb94ed7ecda01bc36b352957440a,2026-05-02 13:06:38,0x8fd6c0ed0ee0ed46a23e4f5ae599ad41988700a6a18804037dc2354ff625df81,eth-updown-5m-1777716300
"Ethereum Up or Down - May 2, 6:05AM-6:10AM ET",Up,BUY,10,0.39,0xae73c518aef437a890fd90b9a5200e0691e2bb94ed7ecda01bc36b352957440a,2026-05-02 13:06:10,0xdb7e8643a8e2db460b6fc51df2e699a23a5a34cac0fc73947aaf893c122a62af,eth-updown-5m-1777716300
"Ethereum Up or Down - May 2, 6:05AM-6:10AM ET",Up,BUY,10,0.38,0xae73c518aef437a890fd90b9a5200e0691e2bb94ed7ecda01bc36b352957440a,2026-05-02 13:06:10,0xb7380c04086409581f0dbe5300e6ed5d7f11152f401a698be3bd96b8e47d670d,eth-updown-5m-1777716300
"Bitcoin Up or Down - May 2, 6AM ET",Up,BUY,5,0.51,0xac3c9f8b5b2269437fdfcb43c9e1cbb8aa24401c8a1140f084592772b70c979f,2026-05-02 13:06:04,0x9f24b8c00771571417bccfad54ab8a0c72dfee4e0cb300cd49458157de28bbb4,bitcoin-up-or-down-may-2-2026-6am-et
"Bitcoin Up or Down - May 2, 6:05AM-6:10AM ET",Up,BUY,42,0.38,0xdd928967f2c92cd0ea2b0c7ebec6f00d3efdccce57c8396ffccfccacfd5bc76b,2026-05-02 13:06:04,0xe3d2e47d1427fb97ce18efcaecd8de682fe13b1570a17bb89c93f8bc082fc8c7,btc-updown-5m-1777716300
"Bitcoin Up or Down - May 2, 6AM ET",Up,BUY,5,0.51,0xac3c9f8b5b2269437fdfcb43c9e1cbb8aa24401c8a1140f084592772b70c979f,2026-05-02 13:06:04,0x509abb83807dc7ba0c13aea2c5072ab836c6b059366affbf7aee0f5eac25a422,bitcoin-up-or-down-may-2-2026-6am-et
"Bitcoin Up or Down - May 2, 6:05AM-6:10AM ET",Up,BUY,5,0.36,0xdd928967f2c92cd0ea2b0c7ebec6f00d3efdccce57c8396ffccfccacfd5bc76b,2026-05-02 13:06:04,0xe37390cae786c98e7709128055c5e66f96b012522376dc16a3393b3c68063aeb,btc-updown-5m-1777716300
"Ethereum Up or Down - May 2, 6:05AM-6:10AM ET",Up,BUY,11,0.3130181818181818,0xae73c518aef437a890fd90b9a5200e0691e2bb94ed7ecda01bc36b352957440a,2026-05-02 13:06:04,0xabe9a4157a15068758a75be1d7c80530b247af2cd0d9bc9c3034cc715053a5b8,eth-updown-5m-1777716300
"Ethereum Up or Down - May 2, 6:05AM-6:10AM ET",Up,BUY,11,0.31,0xae73c518aef437a890fd90b9a5200e0691e2bb94ed7ecda01bc36b352957440a,2026-05-02 13:06:04,0xcf63b0632baffb3be5c374430285756ca4c4e6ea76fdb9d3d0e630fbcc4848d2,eth-updown-5m-1777716300
"Bitcoin Up or Down - May 2, 6:05AM-6:10AM ET",Up,BUY,46,0.3,0xdd928967f2c92cd0ea2b0c7ebec6f00d3efdccce57c8396ffccfccacfd5bc76b,2026-05-02 13:06:00,0x25ea9f7e21114cbed2355f671e2fcd1472032c1b5f2de3178d984d9b340cfcb2,btc-updown-5m-1777716300
"Bitcoin Up or Down - May 2, 6:00AM-6:15AM ET",Down,BUY,10,0.5,0x39c333527adab4554470b0130aa8885ee7b13c31fd2313823993c643874f92f0,2026-05-02 13:05:34,0x806249cdf81964f20a379bc38bbc20687e1d014aef4b4e1d94d9c192f7d915ae,btc-updown-15m-1777716000
"Bitcoin Up or Down - May 2, 6:00AM-6:15AM ET",Down,BUY,5.2,0.53,0x39c333527adab4554470b0130aa8885ee7b13c31fd2313823993c643874f92f0,2026-05-02 13:05:34,0xaa945155faaa27c118688771d19f2f432ccc246d38eb6d56abfae7cddf839a04,btc-updown-15m-1777716000
"Bitcoin Up or Down - May 2, 6AM ET",Down,BUY,5,0.5,0xac3c9f8b5b2269437fdfcb43c9e1cbb8aa24401c8a1140f084592772b70c979f,2026-05-02 13:05:32,0x9f5332359964b69ee757987b571bc0310ea5d5cdb0e3a3b2298e2d82cddf6eec,bitcoin-up-or-down-may-2-2026-6am-et
"Ethereum Up or Down - May 2, 6:05AM-6:10AM ET",Down,BUY,11,0.62,0xae73c518aef437a890fd90b9a5200e0691e2bb94ed7ecda01bc36b352957440a,2026-05-02 13:05:32,0x2706ae674c3024918f51c40ce8b91a038b3fc499d5932ca1e486db1de8b0b77e,eth-updown-5m-1777716300
"Ethereum Up or Down - May 2, 6:05AM-6:10AM ET",Down,BUY,10,0.47,0xae73c518aef437a890fd90b9a5200e0691e2bb94ed7ecda01bc36b352957440a,2026-05-02 13:05:22,0x165b83a68459b45997e4ae0e50ca42c766dc41a798fd1bab3fbfae7a05f39040,eth-updown-5m-1777716300
"Bitcoin Up or Down - May 2, 6:05AM-6:10AM ET",Down,BUY,38.79,0.55,0xdd928967f2c92cd0ea2b0c7ebec6f00d3efdccce57c8396ffccfccacfd5bc76b,2026-05-02 13:05:22,0xa2aa6e5716598946e99c9d578fd2efb1fc49d1712794552949b62fdff5887bd9,btc-updown-5m-1777716300
"Bitcoin Up or Down - May 2, 6:00AM-6:15AM ET",Down,BUY,6.99,0.37,0x39c333527adab4554470b0130aa8885ee7b13c31fd2313823993c643874f92f0,2026-05-02 13:05:22,0xd86dedee1b3269e29a17b80bf5a8047fd20944c821ccf98d63d292aec2d9cf8d,btc-updown-15m-1777716000
"Bitcoin Up or Down - May 2, 6AM ET",Down,BUY,5,0.51,0xac3c9f8b5b2269437fdfcb43c9e1cbb8aa24401c8a1140f084592772b70c979f,2026-05-02 13:05:22,0x9737cf66d388286fb083b0bea309f7867787120973a27538a11110e04f30efa8,bitcoin-up-or-down-may-2-2026-6am-et
"Ethereum Up or Down - May 2, 6:05AM-6:10AM ET",Down,BUY,10,0.47,0xae73c518aef437a890fd90b9a5200e0691e2bb94ed7ecda01bc36b352957440a,2026-05-02 13:05:20,0xc7b572faaf2a702c4e3a91b20c26691cf9d9331c9ba87f24d7c9d849b440db9f,eth-updown-5m-1777716300
"Bitcoin Up or Down - May 2, 6AM ET",Down,BUY,5,0.51,0xac3c9f8b5b2269437fdfcb43c9e1cbb8aa24401c8a1140f084592772b70c979f,2026-05-02 13:05:18,0xb4ecfc1178aa2ec538b6d9353e86aa8a0437e78b6269f6d7b1a778ff4c1226f4,bitcoin-up-or-down-may-2-2026-6am-et
"Bitcoin Up or Down - May 2, 6:05AM-6:10AM ET",Down,BUY,40,0.44,0xdd928967f2c92cd0ea2b0c7ebec6f00d3efdccce57c8396ffccfccacfd5bc76b,2026-05-02 13:05:18,0xe881183dd530b7bf43f0070269339aa77f317abf3f20a4f0f1a05fa1cfd06214,btc-updown-5m-1777716300
"Bitcoin Up or Down - May 2, 6:00AM-6:15AM ET",Down,BUY,12,0.3,0x39c333527adab4554470b0130aa8885ee7b13c31fd2313823993c643874f92f0,2026-05-02 13:05:18,0xd7fe5cf1a99ded1fb3c49749da70bbc7f4ad8d99b5241cddf20e373a27d657d4,btc-updown-15m-1777716000
"Ethereum Up or Down - May 2, 6:05AM-6:10AM ET",Down,BUY,10,0.46,0xae73c518aef437a890fd90b9a5200e0691e2bb94ed7ecda01bc36b352957440a,2026-05-02 13:05:18,0x71cbb5309d1a34ec1f6dd39d9718dc06c72d307cd3f5e214233bebeb2ffb695e,eth-updown-5m-1777716300
"Bitcoin Up or Down - May 2, 6:05AM-6:10AM ET",Down,BUY,40,0.44,0xdd928967f2c92cd0ea2b0c7ebec6f00d3efdccce57c8396ffccfccacfd5bc76b,2026-05-02 13:05:18,0x3ca6a1653ef4b3313d5a7eb0e926d37f28abd1d561c6a080ba27983fea715181,btc-updown-5m-1777716300
"Bitcoin Up or Down - May 2, 6:00AM-6:15AM ET",Down,BUY,12,0.29,0x39c333527adab4554470b0130aa8885ee7b13c31fd2313823993c643874f92f0,2026-05-02 13:05:18,0xbffc6308235ace736d8a2f36510e3f047384d52a3cfab399a82d40e9c0f2f2e2,btc-updown-15m-1777716000
"Bitcoin Up or Down - May 2, 6:05AM-6:10AM ET",Down,BUY,40,0.4375,0xdd928967f2c92cd0ea2b0c7ebec6f00d3efdccce57c8396ffccfccacfd5bc76b,2026-05-02 13:05:18,0x1895a3e75191e01f2837dcc3a3a719f02c1ca00d3d6e7fe1649018e96d1f5014,btc-updown-5m-1777716300
"Bitcoin Up or Down - May 2, 6:05AM-6:10AM ET",Down,BUY,40,0.5,0xdd928967f2c92cd0ea2b0c7ebec6f00d3efdccce57c8396ffccfccacfd5bc76b,2026-05-02 13:05:18,0xfc7b03abb3a84d0873e3af3ea71aa3f5de92f0c74d2a7d558f857c446f028413,btc-updown-5m-1777716300
"Ethereum Up or Down - May 2, 6:05AM-6:10AM ET",Down,BUY,10,0.47,0xae73c518aef437a890fd90b9a5200e0691e2bb94ed7ecda01bc36b352957440a,2026-05-02 13:05:18,0xab93cb4280f891d48a3e9e492505b27109a61fdf57aec32d94d9eab5db4e2a38,eth-updown-5m-1777716300
"Bitcoin Up or Down - May 2, 6:05AM-6:10AM ET",Down,BUY,40,0.47325,0xdd928967f2c92cd0ea2b0c7ebec6f00d3efdccce57c8396ffccfccacfd5bc76b,2026-05-02 13:05:18,0xa4e8f840add034a6d8418bf064337f2d0ee62d9ed4c29d309fe6bb93a30835f1,btc-updown-5m-1777716300
"Bitcoin Up or Down - May 2, 6AM ET",Down,BUY,5,0.51,0xac3c9f8b5b2269437fdfcb43c9e1cbb8aa24401c8a1140f084592772b70c979f,2026-05-02 13:05:18,0xee6690aab0d72e3b08c11a4586cc4a19db9b06a26ec56153701e75abbdcd992e,bitcoin-up-or-down-may-2-2026-6am-et
"Bitcoin Up or Down - May 2, 6:00AM-6:15AM ET",Down,BUY,11,0.33,0x39c333527adab4554470b0130aa8885ee7b13c31fd2313823993c643874f92f0,2026-05-02 13:05:18,0x86b8bea62656a3c5d7422c7b1dcc8dc35761d25e425a6c7c8de9df1b3d8873c1,btc-updown-15m-1777716000
"Ethereum Up or Down - May 2, 6:05AM-6:10AM ET",Down,BUY,10,0.47,0xae73c518aef437a890fd90b9a5200e0691e2bb94ed7ecda01bc36b352957440a,2026-05-02 13:05:18,0xd325433b4743c3d2349057e571dcf3d2c653fd5917ce5cb8cd069d00caafc6f1,eth-updown-5m-1777716300
"Bitcoin Up or Down - May 2, 6:00AM-6:15AM ET",Up,BUY,11,0.67,0x39c333527adab4554470b0130aa8885ee7b13c31fd2313823993c643874f92f0,2026-05-02 13:05:14,0xd8606d4ee140972ec8fa2e043f8eeb562b50b15ce83c3aa3af21d345052489c2,btc-updown-15m-1777716000
"Bitcoin Up or Down - May 2, 6AM ET",Up,BUY,5,0.5,0xac3c9f8b5b2269437fdfcb43c9e1cbb8aa24401c8a1140f084592772b70c979f,2026-05-02 13:05:14,0x09ab7bbab9d10f4a3eebe0484bf35ca0dfbe43040b23982b3f0770d5526a9f4e,bitcoin-up-or-down-may-2-2026-6am-et
"Bitcoin Up or Down - May 2, 6AM ET",Up,BUY,5,0.5,0xac3c9f8b5b2269437fdfcb43c9e1cbb8aa24401c8a1140f084592772b70c979f,2026-05-02 13:05:14,0x5ec28a675b1cfc5107d7a67a5c276c646ca2833019b41040ede76589ad2e889a,bitcoin-up-or-down-may-2-2026-6am-et
"Bitcoin Up or Down - May 2, 6AM ET",Up,BUY,5,0.5,0xac3c9f8b5b2269437fdfcb43c9e1cbb8aa24401c8a1140f084592772b70c979f,2026-05-02 13:05:14,0x525dd547e7de858c3459dad42c6f69a3048b5b79ebf7ef304d4f0e996766c083,bitcoin-up-or-down-may-2-2026-6am-et
"Bitcoin Up or Down - May 2, 6AM ET",Up,BUY,5,0.5,0xac3c9f8b5b2269437fdfcb43c9e1cbb8aa24401c8a1140f084592772b70c979f,2026-05-02 13:05:14,0xb6f4a2c53413a3f2dd808d8754cd096e434d16e5c283303f420fc38b31ca44d0,bitcoin-up-or-down-may-2-2026-6am-et
"Bitcoin Up or Down - May 2, 6:00AM-6:15AM ET",Up,BUY,10,0.43,0x39c333527adab4554470b0130aa8885ee7b13c31fd2313823993c643874f92f0,2026-05-02 13:05:12,0x776a3ffb577026c58858835a02a37646261f37d84a07da6a52295afd3f483041,btc-updown-15m-1777716000
"Bitcoin Up or Down - May 2, 6:00AM-6:15AM ET",Up,BUY,10,0.43,0x39c333527adab4554470b0130aa8885ee7b13c31fd2313823993c643874f92f0,2026-05-02 13:05:12,0x07baaefab15dca78f32b0900864e677d64d3a8579f1746a8867066927693ed81,btc-updown-15m-1777716000
"Bitcoin Up or Down - May 2, 6:00AM-6:15AM ET",Up,BUY,10,0.51,0x39c333527adab4554470b0130aa8885ee7b13c31fd2313823993c643874f92f0,2026-05-02 13:05:12,0xedcc5b38a472cf812cdee3cb30f20b268ef4244cf6043aadf0b4b73c34edb9f9,btc-updown-15m-1777716000
"Bitcoin Up or Down - May 2, 4:00AM-8:00AM ET",Up,BUY,5,0.67,0x5414faf1d4f67d580fd195b96186c0beecc19b4c786e84133c96f0fc44c5263b,2026-05-02 13:05:12,0x292aad1e95b672923ee41593491ff80ac5cfd65725494f6476f165467357629a,btc-updown-4h-1777708800
"Bitcoin Up or Down - May 2, 4:00AM-8:00AM ET",Up,BUY,6,0.68,0x5414faf1d4f67d580fd195b96186c0beecc19b4c786e84133c96f0fc44c5263b,2026-05-02 13:05:12,0xb8af2c6aa1b826aa77c45e0a2effaa1c1909d0a5c4b0f9097a9b919b78c04ff3,btc-updown-4h-1777708800
"Bitcoin Up or Down - May 2, 6AM ET",Up,BUY,5,0.46,0xac3c9f8b5b2269437fdfcb43c9e1cbb8aa24401c8a1140f084592772b70c979f,2026-05-02 13:05:12,0x44a9ab6f6f0d576de8ddccd03d7538bf81719032bb96e64a62bdc59eb00291a8,bitcoin-up-or-down-may-2-2026-6am-et
"Bitcoin Up or Down - May 2, 6:00AM-6:15AM ET",Up,BUY,10,0.43,0x39c333527adab4554470b0130aa8885ee7b13c31fd2313823993c643874f92f0,2026-05-02 13:05:12,0x2c0ffbb36e8be1fd7077a153f87f1bd69c533677d97b32a912913e6941f2b610,btc-updown-15m-1777716000
"Bitcoin Up or Down - May 2, 6:00AM-6:15AM ET",Up,BUY,10,0.43,0x39c333527adab4554470b0130aa8885ee7b13c31fd2313823993c643874f92f0,2026-05-02 13:05:12,0x87d8e6fba9598522aad46ad216016cce309555b19242e82d9365c35a31823ab4,btc-updown-15m-1777716000
"Bitcoin Up or Down - May 2, 4:00AM-8:00AM ET",Up,BUY,6,0.68,0x5414faf1d4f67d580fd195b96186c0beecc19b4c786e84133c96f0fc44c5263b,2026-05-02 13:05:12,0x9c564baf7b525d28655c01fd3b610c73e4ee984be106d29bd48d29f6a927a748,btc-updown-4h-1777708800
"Bitcoin Up or Down - May 2, 4:00AM-8:00AM ET",Up,BUY,4,0.66,0x5414faf1d4f67d580fd195b96186c0beecc19b4c786e84133c96f0fc44c5263b,2026-05-02 13:05:10,0xf3cc55301fcc85e2bae1d736c3012a81c74593e13fa474b5f6c9ae0d2328fc47,btc-updown-4h-1777708800
"Bitcoin Up or Down - May 2, 6:05AM-6:10AM ET",Up,BUY,41,0.5527658536585366,0xdd928967f2c92cd0ea2b0c7ebec6f00d3efdccce57c8396ffccfccacfd5bc76b,2026-05-02 13:05:04,0x3baab61c1500660dfd468e386a7a963cf8762e94b090632f9297941ff8446327,btc-updown-5m-1777716300
"Ethereum Up or Down - May 2, 6:05AM-6:10AM ET",Up,BUY,8.24,0.53,0xae73c518aef437a890fd90b9a5200e0691e2bb94ed7ecda01bc36b352957440a,2026-05-02 13:05:04,0xf8e305ee021325419420720a3a2fa6fa982f1c3ec1e0942abadbac4b4d89e150,eth-updown-5m-1777716300
"Bitcoin Up or Down - May 2, 6AM ET",Up,BUY,5,0.5,0xac3c9f8b5b2269437fdfcb43c9e1cbb8aa24401c8a1140f084592772b70c979f,2026-05-02 13:05:04,0xd323eb851c24559eca77dfc338fa6df9b95af431f405ea2a201a500ed8342045,bitcoin-up-or-down-may-2-2026-6am-et
"Bitcoin Up or Down - May 2, 6:05AM-6:10AM ET",Up,BUY,42,0.5613285714285714,0xdd928967f2c92cd0ea2b0c7ebec6f00d3efdccce57c8396ffccfccacfd5bc76b,2026-05-02 13:05:04,0xc444b000712df381e18ad86865a5cb4edce61dee280d3e1fdb009de5806a9a06,btc-updown-5m-1777716300
"Bitcoin Up or Down - May 2, 6AM ET",Down,BUY,5,0.54,0xac3c9f8b5b2269437fdfcb43c9e1cbb8aa24401c8a1140f084592772b70c979f,2026-05-02 13:04:26,0x3e9876a6779b1c5c31a170702fb0f91faea93066a203f29753379fa746e55bd4,bitcoin-up-or-down-may-2-2026-6am-et
"Bitcoin Up or Down - May 2, 6AM ET",Down,BUY,5,0.54,0xac3c9f8b5b2269437fdfcb43c9e1cbb8aa24401c8a1140f084592772b70c979f,2026-05-02 13:04:26,0xcb448aa20e125575a66df1766c34c52d470fbf966dac6611f947d4e200844b13,bitcoin-up-or-down-may-2-2026-6am-et
"Bitcoin Up or Down - May 2, 6AM ET",Down,BUY,5,0.54,0xac3c9f8b5b2269437fdfcb43c9e1cbb8aa24401c8a1140f084592772b70c979f,2026-05-02 13:04:26,0xda5f685881286487734b11ef4fb878cbcdf690ac0dc4ac19782ad1780f01addc,bitcoin-up-or-down-may-2-2026-6am-et
"Bitcoin Up or Down - May 2, 6:00AM-6:15AM ET",Down,BUY,11,0.57,0x39c333527adab4554470b0130aa8885ee7b13c31fd2313823993c643874f92f0,2026-05-02 13:04:26,0x179faa4a4ea9f0d541723e0513489523071ed9e6d0c4eca879184bd17e3ca63b,btc-updown-15m-1777716000
"Bitcoin Up or Down - May 2, 6AM ET",Down,BUY,5,0.54,0xac3c9f8b5b2269437fdfcb43c9e1cbb8aa24401c8a1140f084592772b70c979f,2026-05-02 13:04:26,0x20928348b6c50661b82fad066b64acc2618bfbdf7aa7a6d04bf2a8cce8bb9603,bitcoin-up-or-down-may-2-2026-6am-et
"Bitcoin Up or Down - May 2, 6:00AM-6:15AM ET",Down,BUY,11,0.55,0x39c333527adab4554470b0130aa8885ee7b13c31fd2313823993c643874f92f0,2026-05-02 13:04:26,0x9806545d937699663a10a8fc827ec00a36b1ed9633e12927ddf9a954a3a96958,btc-updown-15m-1777716000
"Bitcoin Up or Down - May 2, 6:00AM-6:15AM ET",Down,BUY,10,0.49,0x39c333527adab4554470b0130aa8885ee7b13c31fd2313823993c643874f92f0,2026-05-02 13:04:26,0x001a5c988bdc3365ec3ab8be2eac14533ed965640c8c2fad453e89792a8f19c1,btc-updown-15m-1777716000
"Bitcoin Up or Down - May 2, 4:00AM-8:00AM ET",Down,BUY,5,0.35,0x5414faf1d4f67d580fd195b96186c0beecc19b4c786e84133c96f0fc44c5263b,2026-05-02 13:04:26,0x744648b8378901baf719745563109e8fcfd2224b4e71c2342686360ef067b4c7,btc-updown-4h-1777708800
"Bitcoin Up or Down - May 2, 4:00AM-8:00AM ET",Down,BUY,5,0.35,0x5414faf1d4f67d580fd195b96186c0beecc19b4c786e84133c96f0fc44c5263b,2026-05-02 13:04:26,0x635565ae049dfa424e65a8b2ff24605832ef87e83377ef9d209562ab103c11a2,btc-updown-4h-1777708800
"Bitcoin Up or Down - May 2, 6:00AM-6:05AM ET",Up,BUY,40,0.49,0x740adcf7c571ec8c36ed8ea58fe492f82406aa9b4288507023d95aa4ee5218ff,2026-05-02 13:04:16,0xb64a865d106af931024ac6cb249b1c07b636a913fac94692aa8cddf9f57f835f,btc-updown-5m-1777716000
"Bitcoin Up or Down - May 2, 6:00AM-6:05AM ET",Up,BUY,42,0.52,0x740adcf7c571ec8c36ed8ea58fe492f82406aa9b4288507023d95aa4ee5218ff,2026-05-02 13:04:12,0x4dec1d6fd5950022c848df98c70dcbfa02a5a7c7f364b513b1ec2f8d1b77d08d,btc-updown-5m-1777716000
"Bitcoin Up or Down - May 2, 6AM ET",Up,BUY,5,0.48,0xac3c9f8b5b2269437fdfcb43c9e1cbb8aa24401c8a1140f084592772b70c979f,2026-05-02 13:04:12,0xb0b1322cf71f8ee0e1eba8ffe14139c24dfe0fa6186ae8304fba5c0ebe4d8ff0,bitcoin-up-or-down-may-2-2026-6am-et
"Bitcoin Up or Down - May 2, 6AM ET",Up,BUY,5,0.48,0xac3c9f8b5b2269437fdfcb43c9e1cbb8aa24401c8a1140f084592772b70c979f,2026-05-02 13:04:12,0x861b63212d0f76ce2848fa51772b2aa029cbaf5bc7ddc41265dfd33f22968239,bitcoin-up-or-down-may-2-2026-6am-et
"Bitcoin Up or Down - May 2, 6:00AM-6:15AM ET",Up,BUY,10,0.53,0x39c333527adab4554470b0130aa8885ee7b13c31fd2313823993c643874f92f0,2026-05-02 13:04:12,0xdcc4db995fa732662f50050af9ea283a0c6570b6e66fee8c078bf398378f03dd,btc-updown-15m-1777716000
"Bitcoin Up or Down - May 2, 6:00AM-6:15AM ET",Up,BUY,10,0.48,0x39c333527adab4554470b0130aa8885ee7b13c31fd2313823993c643874f92f0,2026-05-02 13:04:12,0x11b4eb7b5a2347b8949ed1a0a09518da5808bb4deb46051e46121aeb14816343,btc-updown-15m-1777716000
"Bitcoin Up or Down - May 2, 4:00AM-8:00AM ET",Up,BUY,6,0.66,0x5414faf1d4f67d580fd195b96186c0beecc19b4c786e84133c96f0fc44c5263b,2026-05-02 13:04:12,0xa8bf7d17bb391fab9c9ba64c538bbfd1038f06b4589dfe622553d2a892d02de4,btc-updown-4h-1777708800
"Bitcoin Up or Down - May 2, 6AM ET",Up,BUY,5,0.48,0xac3c9f8b5b2269437fdfcb43c9e1cbb8aa24401c8a1140f084592772b70c979f,2026-05-02 13:04:12,0xd22fb2b23b96aab10a317dc9ed681d5d1e9c79447e8bb1735ec0dda3d779aec4,bitcoin-up-or-down-may-2-2026-6am-et
"Bitcoin Up or Down - May 2, 6:00AM-6:15AM ET",Up,BUY,10,0.47,0x39c333527adab4554470b0130aa8885ee7b13c31fd2313823993c643874f92f0,2026-05-02 13:04:12,0x8349f9db84c95f81180074d575f201a44fd0d65cb53350a8dafaf8d5b8e3aff7,btc-updown-15m-1777716000
"Bitcoin Up or Down - May 2, 6:00AM-6:15AM ET",Up,BUY,10,0.44,0x39c333527adab4554470b0130aa8885ee7b13c31fd2313823993c643874f92f0,2026-05-02 13:03:42,0x5cc054ea3910a435bbb919b3cd0955b6211f59c7712ac00e7734170495ccdfd7,btc-updown-15m-1777716000
"Bitcoin Up or Down - May 2, 6:00AM-6:05AM ET",Up,BUY,48,0.29,0x740adcf7c571ec8c36ed8ea58fe492f82406aa9b4288507023d95aa4ee5218ff,2026-05-02 13:03:40,0x5c3acfc8cec496c5c0bfb083d684e830473d3793dc8b861190cda03e5fc14bcc,btc-updown-5m-1777716000
"Bitcoin Up or Down - May 2, 6:00AM-6:15AM ET",Up,BUY,10,0.43,0x39c333527adab4554470b0130aa8885ee7b13c31fd2313823993c643874f92f0,2026-05-02 13:03:38,0xe275e7cb65e138037220c3b7933fd067fe6edaed011d9844bd1a2c127e654fbb,btc-updown-15m-1777716000
"Ethereum Up or Down - May 2, 6:00AM-6:05AM ET",Up,BUY,5,0.08,0x0e24bfa66e9ab14fb9e1f5e35e6f47e0808d29848d78d5668403dcee5b370874,2026-05-02 13:03:38,0x4294941f8c1fddb23209f0571ad7cffad89ed68f8db9b7d8f6c169b1ed2892e5,eth-updown-5m-1777716000
"Ethereum Up or Down - May 2, 6:00AM-6:05AM ET",Up,BUY,31,0.06,0x0e24bfa66e9ab14fb9e1f5e35e6f47e0808d29848d78d5668403dcee5b370874,2026-05-02 13:03:38,0xb597a7002c755dc99465832adf4c430485cd748f746b500f0b8caf4208aa8493,eth-updown-5m-1777716000
"Ethereum Up or Down - May 2, 6:00AM-6:05AM ET",Up,BUY,34,0.06,0x0e24bfa66e9ab14fb9e1f5e35e6f47e0808d29848d78d5668403dcee5b370874,2026-05-02 13:03:26,0x9063afbe6347e023d41599fe979fd9bd37985154b9378c804e62c737ff9d1838,eth-updown-5m-1777716000
"Ethereum Up or Down - May 2, 6:00AM-6:05AM ET",Down,BUY,38,0.9,0x0e24bfa66e9ab14fb9e1f5e35e6f47e0808d29848d78d5668403dcee5b370874,2026-05-02 13:03:24,0x60f8f2e21adf20603135f773552759273bf8ade1ec645e61a987816bdf72f6a5,eth-updown-5m-1777716000
"Ethereum Up or Down - May 2, 6:00AM-6:05AM ET",Down,BUY,16,0.92375,0x0e24bfa66e9ab14fb9e1f5e35e6f47e0808d29848d78d5668403dcee5b370874,2026-05-02 13:03:24,0x29acc64a3b9476d977f41f036229a6ae8624722a2d72c3a661ef43d4b06fe4ea,eth-updown-5m-1777716000
"Bitcoin Up or Down - May 2, 6AM ET",Down,BUY,5,0.51,0xac3c9f8b5b2269437fdfcb43c9e1cbb8aa24401c8a1140f084592772b70c979f,2026-05-02 13:03:10,0x7069aa790fea43ff74259351f9739130e22389eb278c6e3dcb929af9360e6473,bitcoin-up-or-down-may-2-2026-6am-et
"Bitcoin Up or Down - May 2, 6AM ET",Down,BUY,5,0.51,0xac3c9f8b5b2269437fdfcb43c9e1cbb8aa24401c8a1140f084592772b70c979f,2026-05-02 13:03:10,0x6cb6463173a56d5aa624e2329fce114dbac6f1ea017c8aee6260a2ea6532e958,bitcoin-up-or-down-may-2-2026-6am-et
"Bitcoin Up or Down - May 2, 6:00AM-6:05AM ET",Down,BUY,25,0.7,0x740adcf7c571ec8c36ed8ea58fe492f82406aa9b4288507023d95aa4ee5218ff,2026-05-02 13:03:10,0x082d01d525fbe0167627d142538ed8d02168b7c4ef6a71d3ae9d5a7cd7f9397b,btc-updown-5m-1777716000
"Bitcoin Up or Down - May 2, 6:00AM-6:15AM ET",Up,BUY,10,0.43,0x39c333527adab4554470b0130aa8885ee7b13c31fd2313823993c643874f92f0,2026-05-02 13:03:10,0xc8db85bfb8ab111922d7330f5bbfc6663e0204875d501a2a01d80e08c7154ecb,btc-updown-15m-1777716000
"Bitcoin Up or Down - May 2, 6AM ET",Down,BUY,5,0.51,0xac3c9f8b5b2269437fdfcb43c9e1cbb8aa24401c8a1140f084592772b70c979f,2026-05-02 13:03:10,0xfc5f3ae2fc7f19412970a46419f90752eef8cc652b8946cf572bac750c42bd51,bitcoin-up-or-down-may-2-2026-6am-et
"Bitcoin Up or Down - May 2, 6AM ET",Up,BUY,5,0.5,0xac3c9f8b5b2269437fdfcb43c9e1cbb8aa24401c8a1140f084592772b70c979f,2026-05-02 13:03:10,0x4d1d56b31b653218d65d8055f13759cc2e5d2015d02ff4b270ab734e51390a2b,bitcoin-up-or-down-may-2-2026-6am-et
"Bitcoin Up or Down - May 2, 6:00AM-6:05AM ET",Up,BUY,78,0.47386923076923076,0x740adcf7c571ec8c36ed8ea58fe492f82406aa9b4288507023d95aa4ee5218ff,2026-05-02 13:03:10,0x4354a5dbdaf81e873faa3d3fe27dada8d87c147306034b3cd18ef45d2a7286d7,btc-updown-5m-1777716000
"Ethereum Up or Down - May 2, 6:00AM-6:05AM ET",Up,BUY,15,0.13,0x0e24bfa66e9ab14fb9e1f5e35e6f47e0808d29848d78d5668403dcee5b370874,2026-05-02 13:03:10,0xc37ef7625f01b70620c99e7ad0cfd807e8c757f185a031bf7d4d7f0d6e659f1d,eth-updown-5m-1777716000
"Bitcoin Up or Down - May 2, 6:00AM-6:15AM ET",Up,BUY,11,0.46,0x39c333527adab4554470b0130aa8885ee7b13c31fd2313823993c643874f92f0,2026-05-02 13:03:10,0x857f4da46079a711ca6009d13cac2d9da9c68ef859ad19a13db2cdf5fd63a447,btc-updown-15m-1777716000
"Bitcoin Up or Down - May 2, 6:00AM-6:15AM ET",Up,BUY,11,0.52,0x39c333527adab4554470b0130aa8885ee7b13c31fd2313823993c643874f92f0,2026-05-02 13:03:10,0xa2b8019e435b4e1065ee2c42ec09baa1231e50141ff31897388158e7a2c59b5f,btc-updown-15m-1777716000
"Bitcoin Up or Down - May 2, 6AM ET",Up,BUY,5,0.5,0xac3c9f8b5b2269437fdfcb43c9e1cbb8aa24401c8a1140f084592772b70c979f,2026-05-02 13:03:10,0x18582aa7d6ad609d58c200ef3b0e8738811403bef957fe1f7b811de3474f95e9,bitcoin-up-or-down-may-2-2026-6am-et
"Bitcoin Up or Down - May 2, 6:00AM-6:05AM ET",Up,BUY,55,0.47,0x740adcf7c571ec8c36ed8ea58fe492f82406aa9b4288507023d95aa4ee5218ff,2026-05-02 13:03:10,0x4dd8bca8d2c814b780e6f08ee73db5ce6fb940a5f7d800e978d48feedb1f3373,btc-updown-5m-1777716000
"Bitcoin Up or Down - May 2, 6AM ET",Up,BUY,5,0.5,0xac3c9f8b5b2269437fdfcb43c9e1cbb8aa24401c8a1140f084592772b70c979f,2026-05-02 13:03:10,0xc073d259f46681175a11bd7ea0ab79501d448ef536b4e243b971d76353c92d3a,bitcoin-up-or-down-may-2-2026-6am-et
"Ethereum Up or Down - May 2, 6:00AM-6:05AM ET",Up,BUY,18,0.13,0x0e24bfa66e9ab14fb9e1f5e35e6f47e0808d29848d78d5668403dcee5b370874,2026-05-02 13:03:10,0x27ebae76b28eed9657fe87a189ffef5711332bac292243c7399de99fd3801f93,eth-updown-5m-1777716000
"Ethereum Up or Down - May 2, 6:00AM-6:05AM ET",Up,BUY,20,0.13,0x0e24bfa66e9ab14fb9e1f5e35e6f47e0808d29848d78d5668403dcee5b370874,2026-05-02 13:03:10,0x96894593e815e0efadbd6a13865a278a0956405141fcef6d3b2a9cb43775bbb2,eth-updown-5m-1777716000
"Bitcoin Up or Down - May 2, 6:00AM-6:05AM ET",Up,BUY,10,0.53,0x740adcf7c571ec8c36ed8ea58fe492f82406aa9b4288507023d95aa4ee5218ff,2026-05-02 13:03:10,0x1037464e96478e4c953218c7115fdb69050e440b1d318b2e3544b398bdd04fbd,btc-updown-5m-1777716000
"Bitcoin Up or Down - May 2, 6:00AM-6:05AM ET",Up,BUY,40,0.52,0x740adcf7c571ec8c36ed8ea58fe492f82406aa9b4288507023d95aa4ee5218ff,2026-05-02 13:03:08,0x84ea244759e3f712fcc0a896f8436901bc2615ce52bf5ec10a50068ef5f02daf,btc-updown-5m-1777716000
"Bitcoin Up or Down - May 2, 6:00AM-6:05AM ET",Up,BUY,41,0.52,0x740adcf7c571ec8c36ed8ea58fe492f82406aa9b4288507023d95aa4ee5218ff,2026-05-02 13:03:08,0x56bcbfa866a8e0f2ad63ea5e2d9f6a7c4926aecb0f75525c0e8f6ff7ef59112b,btc-updown-5m-1777716000
"Ethereum Up or Down - May 2, 6:00AM-6:05AM ET",Down,BUY,28,0.8872142857142857,0x0e24bfa66e9ab14fb9e1f5e35e6f47e0808d29848d78d5668403dcee5b370874,2026-05-02 13:02:50,0xa50ad8f4e8859cf6cddc99207f872f3f7ef28e79ac1f373639599d45f2ab4fea,eth-updown-5m-1777716000
"Ethereum Up or Down - May 2, 6:00AM-6:05AM ET",Down,BUY,24,0.86625,0x0e24bfa66e9ab14fb9e1f5e35e6f47e0808d29848d78d5668403dcee5b370874,2026-05-02 13:02:50,0xfeff882605da189114f6b4d3cff4f4372144c256401e48364be6afa2f12c9e86,eth-updown-5m-1777716000
"Bitcoin Up or Down - May 2, 6:00AM-6:05AM ET",Down,BUY,41,0.446609756097561,0x740adcf7c571ec8c36ed8ea58fe492f82406aa9b4288507023d95aa4ee5218ff,2026-05-02 13:02:50,0x3278b5f8699006008bfd2be0d165945c627195eb24b3ecb4e7e5582c2389d3a1,btc-updown-5m-1777716000
"Bitcoin Up or Down - May 2, 6AM ET",Down,BUY,5,0.51,0xac3c9f8b5b2269437fdfcb43c9e1cbb8aa24401c8a1140f084592772b70c979f,2026-05-02 13:02:50,0x6bcfd67076fbf23e98bd0d6aa7ce06cf644024f245a29e89a2838660d8e14695,bitcoin-up-or-down-may-2-2026-6am-et
"Ethereum Up or Down - May 2, 6:00AM-6:05AM ET",Down,BUY,26,0.8736538461538461,0x0e24bfa66e9ab14fb9e1f5e35e6f47e0808d29848d78d5668403dcee5b370874,2026-05-02 13:02:50,0xf68928cc0affc8c423b6b32428a5c8d8a41db39f83e70c7efb0918546c61c94f,eth-updown-5m-1777716000
"Ethereum Up or Down - May 2, 6:00AM-6:05AM ET",Down,BUY,22,0.8418181818181818,0x0e24bfa66e9ab14fb9e1f5e35e6f47e0808d29848d78d5668403dcee5b370874,2026-05-02 13:02:50,0x7b9f9d18b7f254b5cdc79ed146fe05de50a7f661444319864deb227d77454933,eth-updown-5m-1777716000
"Bitcoin Up or Down - May 2, 6:00AM-6:15AM ET",Down,BUY,10,0.48,0x39c333527adab4554470b0130aa8885ee7b13c31fd2313823993c643874f92f0,2026-05-02 13:02:50,0xc0af56ea9f2c3bd202e75eb95ed08731ab8732fb1bab455bfd4cfa1f50036663,btc-updown-15m-1777716000
"Bitcoin Up or Down - May 2, 6:00AM-6:05AM ET",Up,BUY,42,0.5962261904761905,0x740adcf7c571ec8c36ed8ea58fe492f82406aa9b4288507023d95aa4ee5218ff,2026-05-02 13:02:42,0x4445e3aaede737958a480ed914ebaf63e098a9d984f01795d79505e62b17fc85,btc-updown-5m-1777716000
"Bitcoin Up or Down - May 2, 6:00AM-6:15AM ET",Up,BUY,10,0.54,0x39c333527adab4554470b0130aa8885ee7b13c31fd2313823993c643874f92f0,2026-05-02 13:02:42,0xca677fefea568e1e6c28d22cddcb8a5a843dc7100f3bc1be7628dae0eed82c24,btc-updown-15m-1777716000
"Ethereum Up or Down - May 2, 6:00AM-6:05AM ET",Up,BUY,9.85,0.19,0x0e24bfa66e9ab14fb9e1f5e35e6f47e0808d29848d78d5668403dcee5b370874,2026-05-02 13:02:32,0xa0ab59e89a938460c0dd22c3063b01a0d3d2da75c8191326bfd449cb080a7828,eth-updown-5m-1777716000
"Bitcoin Up or Down - May 2, 6:00AM-6:05AM ET",Up,BUY,40,0.51,0x740adcf7c571ec8c36ed8ea58fe492f82406aa9b4288507023d95aa4ee5218ff,2026-05-02 13:02:32,0x89e028fd6d44c425f12f567fa29ec187da0c23bc1aa31f3b800f09eded85fc23,btc-updown-5m-1777716000
"Ethereum Up or Down - May 2, 6:00AM-6:05AM ET",Up,BUY,12.1,0.23,0x0e24bfa66e9ab14fb9e1f5e35e6f47e0808d29848d78d5668403dcee5b370874,2026-05-02 13:02:32,0x7b107e1f7cf1f7fc1ba0cda4276f82b464f94c585c870503cae1a303042411dd,eth-updown-5m-1777716000
"Bitcoin Up or Down - May 2, 6:00AM-6:05AM ET",Down,BUY,40,0.5208875,0x740adcf7c571ec8c36ed8ea58fe492f82406aa9b4288507023d95aa4ee5218ff,2026-05-02 13:02:02,0x4e33b5d076468d4539795e7fdbbac70ae2e449c73f799b802733422e6213d1a0,btc-updown-5m-1777716000
"Bitcoin Up or Down - May 2, 6:00AM-6:05AM ET",Up,BUY,40,0.52439,0x740adcf7c571ec8c36ed8ea58fe492f82406aa9b4288507023d95aa4ee5218ff,2026-05-02 13:01:10,0xc648b8ea54a63a9a63d0ba182f87c5b37ef50fcf47b44c8d533b836891ff6654,btc-updown-5m-1777716000
"Ethereum Up or Down - May 2, 6:00AM-6:05AM ET",Down,BUY,20,0.85,0x0e24bfa66e9ab14fb9e1f5e35e6f47e0808d29848d78d5668403dcee5b370874,2026-05-02 13:00:58,0xe7c3c866808ed66cb259783c6f70b5b97661a9728ded21b22d1bc3ac420a90a3,eth-updown-5m-1777716000
"Ethereum Up or Down - May 2, 6:00AM-6:05AM ET",Up,BUY,13,0.23,0x0e24bfa66e9ab14fb9e1f5e35e6f47e0808d29848d78d5668403dcee5b370874,2026-05-02 13:00:44,0x3402a440d461daeb5880621bf88747c30a4d052f586d1cba90b2e27fb0d40cfb,eth-updown-5m-1777716000
"Ethereum Up or Down - May 2, 6:00AM-6:05AM ET",Down,BUY,11,0.5672727272727273,0x0e24bfa66e9ab14fb9e1f5e35e6f47e0808d29848d78d5668403dcee5b370874,2026-05-02 13:00:24,0x7324b95a1a4dd19a69895cac7a09276ae4b3533ff33d87639eda1e2f4698b9fc,eth-updown-5m-1777716000
"Ethereum Up or Down - May 2, 6:00AM-6:05AM ET",Down,BUY,12,0.605,0x0e24bfa66e9ab14fb9e1f5e35e6f47e0808d29848d78d5668403dcee5b370874,2026-05-02 13:00:24,0x9f2a3563bfd2a2c0b7cf328b5a05175ea5484e8042a41fd32d8a51436fde516e,eth-updown-5m-1777716000
"Ethereum Up or Down - May 2, 6:00AM-6:05AM ET",Down,BUY,11,0.56,0x0e24bfa66e9ab14fb9e1f5e35e6f47e0808d29848d78d5668403dcee5b370874,2026-05-02 13:00:24,0xab465e67ac182f62e57229db2426dad184f5b77b79cc2838c1b0e2d214eb0f57,eth-updown-5m-1777716000
"Ethereum Up or Down - May 2, 6:00AM-6:05AM ET",Down,BUY,11,0.54,0x0e24bfa66e9ab14fb9e1f5e35e6f47e0808d29848d78d5668403dcee5b370874,2026-05-02 13:00:24,0x519674b0707740c06b1c61cbf990af1a518d08434bec924b3cc63c38eef023e8,eth-updown-5m-1777716000
"Ethereum Up or Down - May 2, 6:00AM-6:05AM ET",Down,BUY,10,0.54,0x0e24bfa66e9ab14fb9e1f5e35e6f47e0808d29848d78d5668403dcee5b370874,2026-05-02 13:00:24,0x2eee3718912a35a868a23cd42e52ec4e324942c546ba4e2ddc5a4eff757450dc,eth-updown-5m-1777716000
"Ethereum Up or Down - May 2, 6:00AM-6:05AM ET",Up,BUY,11,0.26,0x0e24bfa66e9ab14fb9e1f5e35e6f47e0808d29848d78d5668403dcee5b370874,2026-05-02 13:00:24,0xbaf5e571db528926bd7befbac59965614487b7b27bf8e9379621a1a9b550df5d,eth-updown-5m-1777716000
"Ethereum Up or Down - May 2, 6:00AM-6:05AM ET",Up,BUY,11,0.26,0x0e24bfa66e9ab14fb9e1f5e35e6f47e0808d29848d78d5668403dcee5b370874,2026-05-02 13:00:24,0x325c8f536693c4edec26e49305c42cc6553c3daad8dd55ffc03679ffce57a44f,eth-updown-5m-1777716000
"Ethereum Up or Down - May 2, 6:00AM-6:05AM ET",Up,BUY,12,0.26,0x0e24bfa66e9ab14fb9e1f5e35e6f47e0808d29848d78d5668403dcee5b370874,2026-05-02 13:00:24,0xef13ebd27d80c185c75916243e1e9c9863994bff1a107aea2a596b3c50e9b463,eth-updown-5m-1777716000
"Bitcoin Up or Down - May 2, 6AM ET",Down,BUY,5,0.51,0xac3c9f8b5b2269437fdfcb43c9e1cbb8aa24401c8a1140f084592772b70c979f,2026-05-02 13:00:24,0x299b7ba0f54eccf9f6cd943805b882afe636c151caf04b89869346503c0f0a36,bitcoin-up-or-down-may-2-2026-6am-et
"Bitcoin Up or Down - May 2, 6:00AM-6:05AM ET",Down,BUY,41,0.47529756097560977,0x740adcf7c571ec8c36ed8ea58fe492f82406aa9b4288507023d95aa4ee5218ff,2026-05-02 13:00:24,0xbd23f05ed69d4deb2127ceda565ec36ec044c0cd275eabd60634c5afc1cf816c,btc-updown-5m-1777716000
"Bitcoin Up or Down - May 2, 6:00AM-6:15AM ET",Down,BUY,10,0.485,0x39c333527adab4554470b0130aa8885ee7b13c31fd2313823993c643874f92f0,2026-05-02 13:00:24,0x89d4a9a8b8aeea8e069de31b41e671ccd428c98e9de49721ffcd47b3050ebf9b,btc-updown-15m-1777716000
"Ethereum Up or Down - May 2, 5:45AM-6:00AM ET",Down,BUY,44,0.84,0x1b75cd899b40af5d1a5ebbc2ca426d6e2dc35a8242751a674d88d5ee7e6690c4,2026-05-02 13:00:12,0x96362a60995dddd590af3098b6c4d4cea3c81db892c05ecbfcefd82a36b15f33,eth-updown-15m-1777715100
"Bitcoin Up or Down - May 2, 5:55AM-6:00AM ET",Down,BUY,27.51,0.7432715376226826,0x1993759a0d3e60896078993fd5a4b3ce0bb93c3a5e86a3483f2091dc867f1dcb,2026-05-02 13:00:06,0xdb2ef0a2b5295187f53b481c916dbce95e5466601ee7ddd43101bce6c55538e0,btc-updown-5m-1777715700
"Bitcoin Up or Down - May 2, 5:55AM-6:00AM ET",Down,BUY,510,0.9568270588235294,0x1993759a0d3e60896078993fd5a4b3ce0bb93c3a5e86a3483f2091dc867f1dcb,2026-05-02 12:59:16,0x95a2611b074df8c2572f56a6b93b687840955fe721ca5feb376f089f5a4fab74,btc-updown-5m-1777715700
"Bitcoin Up or Down - May 2, 5:55AM-6:00AM ET",Down,BUY,211,0.9456914691943128,0x1993759a0d3e60896078993fd5a4b3ce0bb93c3a5e86a3483f2091dc867f1dcb,2026-05-02 12:59:14,0x46e71cdf6df326e472010004273aed39e9fa9439b82de9408a6126c11fac05ba,btc-updown-5m-1777715700
"Bitcoin Up or Down - May 2, 5:55AM-6:00AM ET",Down,BUY,154,0.9084090909090909,0x1993759a0d3e60896078993fd5a4b3ce0bb93c3a5e86a3483f2091dc867f1dcb,2026-05-02 12:59:14,0xaaba9951d5eaf533973735d81a82de9122c2a204352006dd4586219d27ad3666,btc-updown-5m-1777715700
"Bitcoin Up or Down - May 2, 5:55AM-6:00AM ET",Down,BUY,260,0.95,0x1993759a0d3e60896078993fd5a4b3ce0bb93c3a5e86a3483f2091dc867f1dcb,2026-05-02 12:59:14,0xb1e850ce9c67e0db6e2d55d091d930820e33bb4b0e79c9898074169756e08aae,btc-updown-5m-1777715700
"Bitcoin Up or Down - May 2, 5:55AM-6:00AM ET",Down,BUY,149.3,0.94,0x1993759a0d3e60896078993fd5a4b3ce0bb93c3a5e86a3483f2091dc867f1dcb,2026-05-02 12:59:14,0x89ae602a02e9df8f5fb8f5e237c06f24a654d68be2fc9cebab8dab7feb6452fb,btc-updown-5m-1777715700
"Bitcoin Up or Down - May 2, 5:45AM-6:00AM ET",Down,BUY,128,0.91,0x601113e37302a5432cec01125947d2b6d7512636c5abb6656be7b1397cafc657,2026-05-02 12:59:14,0x7ca6635b6107cb337e019c5866661e374cb4ccc36d78f63599fef53e362fb66b,btc-updown-15m-1777715100
"Bitcoin Up or Down - May 2, 4:00AM-8:00AM ET",Down,BUY,6,0.32,0x5414faf1d4f67d580fd195b96186c0beecc19b4c786e84133c96f0fc44c5263b,2026-05-02 12:59:12,0xc37f3a8190d679658becba5703b644d6bd66a87f194785282c4fbce5a2d3f9a2,btc-updown-4h-1777708800
"Bitcoin Up or Down - May 2, 5:45AM-6:00AM ET",Up,BUY,22,0.11,0x601113e37302a5432cec01125947d2b6d7512636c5abb6656be7b1397cafc657,2026-05-02 12:59:10,0x296a5d24efe2d54e3a4bf0f00be73b7b3fff283458108f7016d4f140b6294322,btc-updown-15m-1777715100
"Bitcoin Up or Down - May 2, 5:55AM-6:00AM ET",Up,BUY,71,0.10848732394366198,0x1993759a0d3e60896078993fd5a4b3ce0bb93c3a5e86a3483f2091dc867f1dcb,2026-05-02 12:59:10,0xbb529e96a06db3f3001ac3503ad4c204883b7f12cddc4487b698dc3bfc400638,btc-updown-5m-1777715700
"Bitcoin Up or Down - May 2, 5:45AM-6:00AM ET",Up,BUY,18,0.1,0x601113e37302a5432cec01125947d2b6d7512636c5abb6656be7b1397cafc657,2026-05-02 12:59:08,0x11592f277e41744e48e1660484bd4480e639e8c0c33c3c4e882ae348a2effd2e,btc-updown-15m-1777715100
"Bitcoin Up or Down - May 2, 5:45AM-6:00AM ET",Up,BUY,22,0.1,0x601113e37302a5432cec01125947d2b6d7512636c5abb6656be7b1397cafc657,2026-05-02 12:59:08,0xcef2746266d465084fa12cb7d0f0a8c514d95ca3b522c959b7b6570df71e3ccd,btc-updown-15m-1777715100
"Bitcoin Up or Down - May 2, 5:45AM-6:00AM ET",Up,BUY,19,0.1,0x601113e37302a5432cec01125947d2b6d7512636c5abb6656be7b1397cafc657,2026-05-02 12:59:08,0x6bd8241eecd52f03cb35082481709bb4dc7c4d7a202c7d072b5aa1e94aa8448e,btc-updown-15m-1777715100
"Bitcoin Up or Down - May 2, 5AM ET",Up,BUY,17,0.07,0x14bb2861ce75d45cd27662cdb89dd48815b9e595db16afd2ae00bde37667d05f,2026-05-02 12:59:08,0xcd1a994f6b3b347396ac2cea7403382225f2f41e2e11f16f95704014f1b1d46a,bitcoin-up-or-down-may-2-2026-5am-et
"Bitcoin Up or Down - May 2, 5:45AM-6:00AM ET",Up,BUY,24,0.1,0x601113e37302a5432cec01125947d2b6d7512636c5abb6656be7b1397cafc657,2026-05-02 12:59:08,0xeb1d84ffb1c3dde1c0ec5aa90a36d6c6ccf529ffd9ee9f96a027bc3bb75d487e,btc-updown-15m-1777715100
"Bitcoin Up or Down - May 2, 5:45AM-6:00AM ET",Down,BUY,17,0.8,0x601113e37302a5432cec01125947d2b6d7512636c5abb6656be7b1397cafc657,2026-05-02 12:58:16,0x6bef217e318bc9c7e3dbcf40a114cb551048b244761206f29405c27a15e27697,btc-updown-15m-1777715100
"Bitcoin Up or Down - May 2, 5AM ET",Down,BUY,19,0.93,0x14bb2861ce75d45cd27662cdb89dd48815b9e595db16afd2ae00bde37667d05f,2026-05-02 12:58:16,0x2ae1e98e11bfd6707ba95bc0dcd8bc414b57f46563404292c6fe051d44240825,bitcoin-up-or-down-may-2-2026-5am-et
"Bitcoin Up or Down - May 2, 5:55AM-6:00AM ET",Down,BUY,122,0.8269934426229508,0x1993759a0d3e60896078993fd5a4b3ce0bb93c3a5e86a3483f2091dc867f1dcb,2026-05-02 12:58:14,0x7ca958e31c28ad4d0ad4e16189469436604aa8472856618d87a950e9a0813ab4,btc-updown-5m-1777715700
"Bitcoin Up or Down - May 2, 5:55AM-6:00AM ET",Down,BUY,63,0.7808460317460317,0x1993759a0d3e60896078993fd5a4b3ce0bb93c3a5e86a3483f2091dc867f1dcb,2026-05-02 12:58:14,0x50eed5b4fdedb537dbe643f079f74619a1e3851b644820ad1517ffb9ff3e5481,btc-updown-5m-1777715700
"Bitcoin Up or Down - May 2, 5:45AM-6:00AM ET",Down,BUY,86,0.8576860465116279,0x601113e37302a5432cec01125947d2b6d7512636c5abb6656be7b1397cafc657,2026-05-02 12:58:14,0xb2523e3fab705edb23c7d4ed68a7c545952bed90ea20a1bd401d080ababa136b,btc-updown-15m-1777715100
"Bitcoin Up or Down - May 2, 5:45AM-6:00AM ET",Down,BUY,21,0.84,0x601113e37302a5432cec01125947d2b6d7512636c5abb6656be7b1397cafc657,2026-05-02 12:58:14,0x947d7b69fc94a3680821aaa3bc835dc72fb494456ec9e7f6c10c841f3651672e,btc-updown-15m-1777715100
"Bitcoin Up or Down - May 2, 5:45AM-6:00AM ET",Down,BUY,24,0.84,0x601113e37302a5432cec01125947d2b6d7512636c5abb6656be7b1397cafc657,2026-05-02 12:58:14,0x68537db9ebf3ab2a9428815be64e2a5758a2101325f6b1e1af00e2d3f187d37a,btc-updown-15m-1777715100
"Bitcoin Up or Down - May 2, 5AM ET",Down,BUY,19,0.93,0x14bb2861ce75d45cd27662cdb89dd48815b9e595db16afd2ae00bde37667d05f,2026-05-02 12:58:14,0x2e2e70f0d8ab548fea22118d3132bc468b5532938c1b7b58f4b868df03e95a74,bitcoin-up-or-down-may-2-2026-5am-et
"Bitcoin Up or Down - May 2, 5:45AM-6:00AM ET",Down,BUY,26,0.84,0x601113e37302a5432cec01125947d2b6d7512636c5abb6656be7b1397cafc657,2026-05-02 12:58:14,0x7a8c30adcfc4118bb97d2f7c968f72e69ae6566bace5a7500ce501d968aa9aa2,btc-updown-15m-1777715100
"Bitcoin Up or Down - May 2, 5AM ET",Up,BUY,10,0.13,0x14bb2861ce75d45cd27662cdb89dd48815b9e595db16afd2ae00bde37667d05f,2026-05-02 12:57:48,0x426313342c531c674bfe6c74ac4e557be514aaccf7e8c869197cf57619862f86,bitcoin-up-or-down-may-2-2026-5am-et
"Bitcoin Up or Down - May 2, 5AM ET",Up,BUY,11,0.13,0x14bb2861ce75d45cd27662cdb89dd48815b9e595db16afd2ae00bde37667d05f,2026-05-02 12:57:46,0x213b9c4c0e6cd2171f05b56f36a19f3288e673f5ff721a05e325017c97231c39,bitcoin-up-or-down-may-2-2026-5am-et
"Bitcoin Up or Down - May 2, 5:55AM-6:00AM ET",Up,BUY,43,0.29144651162790697,0x1993759a0d3e60896078993fd5a4b3ce0bb93c3a5e86a3483f2091dc867f1dcb,2026-05-02 12:57:46,0xd67012f87cc814bcfbc1d800032efd990c7ecc9e78c5b12a37f48dd3477df76d,btc-updown-5m-1777715700
"Bitcoin Up or Down - May 2, 5:45AM-6:00AM ET",Up,BUY,12,0.24,0x601113e37302a5432cec01125947d2b6d7512636c5abb6656be7b1397cafc657,2026-05-02 12:57:46,0xcee95d093fd32a728b44609b6eb8c4ec23689c178c79ac35b1758b2d8081c38f,btc-updown-15m-1777715100
"Bitcoin Up or Down - May 2, 5:45AM-6:00AM ET",Up,BUY,13,0.22692307692307692,0x601113e37302a5432cec01125947d2b6d7512636c5abb6656be7b1397cafc657,2026-05-02 12:57:46,0xb33459ffb62e6ed954259c86774d841b331740e65982970bd0cf80a0ab0842a4,btc-updown-15m-1777715100
"Bitcoin Up or Down - May 2, 5:45AM-6:00AM ET",Up,BUY,14,0.21642857142857144,0x601113e37302a5432cec01125947d2b6d7512636c5abb6656be7b1397cafc657,2026-05-02 12:57:46,0x1c424cf7e4aca6feb9a1e908ef3bab2b59f6e7379a5a5097e9cfb612a3a518f5,btc-updown-15m-1777715100
"Bitcoin Up or Down - May 2, 5AM ET",Up,BUY,5,0.12,0x14bb2861ce75d45cd27662cdb89dd48815b9e595db16afd2ae00bde37667d05f,2026-05-02 12:57:46,0xf9a0ce1e3c63c75d3a37c5229d3f5f18990822f90863f43791d7630291547e0e,bitcoin-up-or-down-may-2-2026-5am-et
"Bitcoin Up or Down - May 2, 5AM ET",Up,BUY,5,0.11,0x14bb2861ce75d45cd27662cdb89dd48815b9e595db16afd2ae00bde37667d05f,2026-05-02 12:57:46,0xb9cbaaf27ab2163e5e9fcc87ef6a025fcc3efb3ad70210b54c6fb44462ccca97,bitcoin-up-or-down-may-2-2026-5am-et
"Bitcoin Up or Down - May 2, 5:45AM-6:00AM ET",Up,BUY,12,0.1825,0x601113e37302a5432cec01125947d2b6d7512636c5abb6656be7b1397cafc657,2026-05-02 12:57:46,0x40f1ceddd5f63fedcc656757f8786a357acf7b802933185cc269fc5f0a523644,btc-updown-15m-1777715100
"Bitcoin Up or Down - May 2, 5:45AM-6:00AM ET",Down,BUY,20,0.83,0x601113e37302a5432cec01125947d2b6d7512636c5abb6656be7b1397cafc657,2026-05-02 12:57:38,0xfb011241e40d3a29b7c121cd671b6b5c7b1b835b42f2a74f4744c9203df56640,btc-updown-15m-1777715100
"Bitcoin Up or Down - May 2, 5:55AM-6:00AM ET",Down,BUY,55,0.7,0x1993759a0d3e60896078993fd5a4b3ce0bb93c3a5e86a3483f2091dc867f1dcb,2026-05-02 12:57:38,0x62bd2f2c7ab3c21b52da358f4abfe12e933fb9032a5dce0b050573bd17c62098,btc-updown-5m-1777715700
"Bitcoin Up or Down - May 2, 5AM ET",Down,BUY,12,0.88,0x14bb2861ce75d45cd27662cdb89dd48815b9e595db16afd2ae00bde37667d05f,2026-05-02 12:57:12,0xbb1e2aa52a5245751cfa14643ec40240658b1aab552548b69eda17e60a572926,bitcoin-up-or-down-may-2-2026-5am-et
"Bitcoin Up or Down - May 2, 5:55AM-6:00AM ET",Down,BUY,10.7,0.61,0x1993759a0d3e60896078993fd5a4b3ce0bb93c3a5e86a3483f2091dc867f1dcb,2026-05-02 12:57:10,0x72b97249964e65667e6d77132a3b0c14b15e489a03e10f02451b5947de06707b,btc-updown-5m-1777715700
"Bitcoin Up or Down - May 2, 5:55AM-6:00AM ET",Down,BUY,41,0.55,0x1993759a0d3e60896078993fd5a4b3ce0bb93c3a5e86a3483f2091dc867f1dcb,2026-05-02 12:57:10,0x6860e37580dbcd8e5ef58ab43e36610cdcec3827efd3e38bee029200bd5d7a51,btc-updown-5m-1777715700
"Bitcoin Up or Down - May 2, 5:45AM-6:00AM ET",Down,BUY,11,0.58,0x601113e37302a5432cec01125947d2b6d7512636c5abb6656be7b1397cafc657,2026-05-02 12:57:10,0x113153b98751eed9208f1ba6f1e38c0da2a012c428b89e5594b53a70e09ca638,btc-updown-15m-1777715100
"Bitcoin Up or Down - May 2, 5AM ET",Down,BUY,8,0.74375,0x14bb2861ce75d45cd27662cdb89dd48815b9e595db16afd2ae00bde37667d05f,2026-05-02 12:57:04,0x1265e401a23a72bd41e76987f3c3b15f0fb27ba60e8e8d45b7f128ecd95ae038,bitcoin-up-or-down-may-2-2026-5am-et
"Bitcoin Up or Down - May 2, 5AM ET",Down,BUY,5,0.79,0x14bb2861ce75d45cd27662cdb89dd48815b9e595db16afd2ae00bde37667d05f,2026-05-02 12:57:04,0x8d4dfc3975214a2207637a43a58c0fd7aacff064ac2cef6dd605337c9631e2c5,bitcoin-up-or-down-may-2-2026-5am-et
"Bitcoin Up or Down - May 2, 5:45AM-6:00AM ET",Down,BUY,10,0.52,0x601113e37302a5432cec01125947d2b6d7512636c5abb6656be7b1397cafc657,2026-05-02 12:57:04,0xac9de1d5bda7e849bd3d2db5ff540b9b41bc6f98e65c07e014c4f1beea25ba61,btc-updown-15m-1777715100
"Bitcoin Up or Down - May 2, 5:55AM-6:00AM ET",Down,BUY,40,0.44,0x1993759a0d3e60896078993fd5a4b3ce0bb93c3a5e86a3483f2091dc867f1dcb,2026-05-02 12:57:04,0x01ce7bfde1f84bc896ba3d66960ec088258a857cd3d51cdf2b9bc9ea28d24302,btc-updown-5m-1777715700
"Bitcoin Up or Down - May 2, 5:45AM-6:00AM ET",Down,BUY,10,0.52,0x601113e37302a5432cec01125947d2b6d7512636c5abb6656be7b1397cafc657,2026-05-02 12:57:04,0x8973edcb3f8937d1af5df431d6d51817875213037d81823736edcc1277c69203,btc-updown-15m-1777715100
"Bitcoin Up or Down - May 2, 5:55AM-6:00AM ET",Down,BUY,40,0.44,0x1993759a0d3e60896078993fd5a4b3ce0bb93c3a5e86a3483f2091dc867f1dcb,2026-05-02 12:57:04,0x2b95a8f4818a0731ceabd3df3d17ef6d1ac228cd0a23b7c160eba66027fbd96f,btc-updown-5m-1777715700
"Bitcoin Up or Down - May 2, 5AM ET",Down,BUY,5,0.64,0x14bb2861ce75d45cd27662cdb89dd48815b9e595db16afd2ae00bde37667d05f,2026-05-02 12:55:40,0x1bb56adddfb33e90b4cb744834228fff0ca334d81a37787648db51b1ce989730,bitcoin-up-or-down-may-2-2026-5am-et
"Bitcoin Up or Down - May 2, 4:00AM-8:00AM ET",Down,BUY,5,0.29,0x5414faf1d4f67d580fd195b96186c0beecc19b4c786e84133c96f0fc44c5263b,2026-05-02 12:55:38,0x553de5de835a915867324fe2e583688510138fc2a1d06bdd720aceb511f36e92,btc-updown-4h-1777708800
"Bitcoin Up or Down - May 2, 5:45AM-6:00AM ET",Down,BUY,10,0.45,0x601113e37302a5432cec01125947d2b6d7512636c5abb6656be7b1397cafc657,2026-05-02 12:55:38,0xb0f2149149dde8b17d4b766760622acd7c8219509dc2f2a5a64216df6115caa2,btc-updown-15m-1777715100
"Bitcoin Up or Down - May 2, 5:55AM-6:00AM ET",Down,BUY,40,0.4417875,0x1993759a0d3e60896078993fd5a4b3ce0bb93c3a5e86a3483f2091dc867f1dcb,2026-05-02 12:55:38,0x51143ea3237eab1cabd09fa5ae09d79726b18e656e7503d9c51d498d9d95937a,btc-updown-5m-1777715700
"Bitcoin Up or Down - May 2, 5:45AM-6:00AM ET",Down,BUY,10,0.52,0x601113e37302a5432cec01125947d2b6d7512636c5abb6656be7b1397cafc657,2026-05-02 12:55:38,0xa0b4ee6763affaa52212d5b6e0d59ab621f52a80bda9e320108dae711ac89f5f,btc-updown-15m-1777715100
"Bitcoin Up or Down - May 2, 5AM ET",Down,BUY,6,0.64,0x14bb2861ce75d45cd27662cdb89dd48815b9e595db16afd2ae00bde37667d05f,2026-05-02 12:55:38,0x59c22b233f80765c643101846c0bd11048830cee7c9c3c2eec0a78a89560c3ef,bitcoin-up-or-down-may-2-2026-5am-et
"Bitcoin Up or Down - May 2, 5AM ET",Down,BUY,6,0.64,0x14bb2861ce75d45cd27662cdb89dd48815b9e595db16afd2ae00bde37667d05f,2026-05-02 12:55:38,0x833576bccafebf9fb0122d429784f9eaaa1857694cbd67eac730ae2fd70150dd,bitcoin-up-or-down-may-2-2026-5am-et
"Bitcoin Up or Down - May 2, 5AM ET",Up,BUY,5,0.33,0x14bb2861ce75d45cd27662cdb89dd48815b9e595db16afd2ae00bde37667d05f,2026-05-02 12:55:26,0x83d7add541ac53e55a8ff3d5a328bc758b5a4b797c73094c88f530e769880e76,bitcoin-up-or-down-may-2-2026-5am-et
"Bitcoin Up or Down - May 2, 5:45AM-6:00AM ET",Up,BUY,10,0.55,0x601113e37302a5432cec01125947d2b6d7512636c5abb6656be7b1397cafc657,2026-05-02 12:55:26,0x7eb9bbd69803485662f13094cd31c8146724353e8b3c6134208595cefec6c38a,btc-updown-15m-1777715100
"Bitcoin Up or Down - May 2, 5AM ET",Up,BUY,6,0.33,0x14bb2861ce75d45cd27662cdb89dd48815b9e595db16afd2ae00bde37667d05f,2026-05-02 12:55:26,0xaa9eaecb0e4e8d77c15d944185f81100c206c8351e22ce7e8a4a223a53f2ff08,bitcoin-up-or-down-may-2-2026-5am-et
"Bitcoin Up or Down - May 2, 5:55AM-6:00AM ET",Up,BUY,49,0.68,0x1993759a0d3e60896078993fd5a4b3ce0bb93c3a5e86a3483f2091dc867f1dcb,2026-05-02 12:55:26,0xb843b508def7b25f6f13ac8ed33c6fd13e5c3c867532e27db7a93e60604e9713,btc-updown-5m-1777715700
"Bitcoin Up or Down - May 2, 5:55AM-6:00AM ET",Up,BUY,49,0.6895591836734694,0x1993759a0d3e60896078993fd5a4b3ce0bb93c3a5e86a3483f2091dc867f1dcb,2026-05-02 12:55:22,0x0299b5866cafdc307d32ec735d33969a7d92dc852c9100dafeb0f99b2149909e,btc-updown-5m-1777715700
"Bitcoin Up or Down - May 2, 5:55AM-6:00AM ET",Up,BUY,45,0.6588888888888889,0x1993759a0d3e60896078993fd5a4b3ce0bb93c3a5e86a3483f2091dc867f1dcb,2026-05-02 12:55:22,0xd7937f6d6dbddb03d76a6b52e4cd5a7e1e52a7a1be50e9ba1ff66066dfe9a4c0,btc-updown-5m-1777715700
"Bitcoin Up or Down - May 2, 5:55AM-6:00AM ET",Up,BUY,45,0.65,0x1993759a0d3e60896078993fd5a4b3ce0bb93c3a5e86a3483f2091dc867f1dcb,2026-05-02 12:55:22,0x0655390baa24ddca63a14cf11819ef25c7e474645f4c72b449c42c7c219bd9f4,btc-updown-5m-1777715700
"Bitcoin Up or Down - May 2, 5:55AM-6:00AM ET",Up,BUY,50,0.680024,0x1993759a0d3e60896078993fd5a4b3ce0bb93c3a5e86a3483f2091dc867f1dcb,2026-05-02 12:55:22,0xa01d9c503b43a0e6e9b3af6b40ec8165189cf36734149eead1ea7dd4eff25b23,btc-updown-5m-1777715700
"Bitcoin Up or Down - May 2, 4:00AM-8:00AM ET",Up,BUY,5,0.7,0x5414faf1d4f67d580fd195b96186c0beecc19b4c786e84133c96f0fc44c5263b,2026-05-02 12:55:16,0x7af04d0e1a9e5b3fe44d5a61eab4985f2dc4f8b1770331cc1914ad7586a7deb2,btc-updown-4h-1777708800
"Bitcoin Up or Down - May 2, 5:45AM-6:00AM ET",Up,BUY,11,0.33,0x601113e37302a5432cec01125947d2b6d7512636c5abb6656be7b1397cafc657,2026-05-02 12:55:14,0x3b7c35782c4519af1c56e0878bb060aa18d9a3e1df58220f971c92a5d8d75653,btc-updown-15m-1777715100
"Bitcoin Up or Down - May 2, 5:45AM-6:00AM ET",Up,BUY,11,0.33,0x601113e37302a5432cec01125947d2b6d7512636c5abb6656be7b1397cafc657,2026-05-02 12:55:14,0xfc7422fa51e479715d8b237b31533a1165f15c96fbe9180454b0d99fc33de52a,btc-updown-15m-1777715100
"Bitcoin Up or Down - May 2, 5:45AM-6:00AM ET",Up,BUY,11,0.32925454545454547,0x601113e37302a5432cec01125947d2b6d7512636c5abb6656be7b1397cafc657,2026-05-02 12:55:12,0x31aceb243408a0fb4814007266683f90776673ca042c612318a45df8ebb27d06,btc-updown-15m-1777715100
"Bitcoin Up or Down - May 2, 5:45AM-6:00AM ET",Up,BUY,12,0.29,0x601113e37302a5432cec01125947d2b6d7512636c5abb6656be7b1397cafc657,2026-05-02 12:55:10,0x3510b0422c4e199eb1a27b60990cf5613b2b505419640e5c95fe7db6abaebe4b,btc-updown-15m-1777715100
"Bitcoin Up or Down - May 2, 5AM ET",Up,BUY,2.2,0.13,0x14bb2861ce75d45cd27662cdb89dd48815b9e595db16afd2ae00bde37667d05f,2026-05-02 12:55:04,0x640d1e1c0576d3daa8f0014dfbb7379c2ea67a936f025c3c7a864e5a3e1f7d21,bitcoin-up-or-down-may-2-2026-5am-et
"Bitcoin Up or Down - May 2, 5AM ET",Up,BUY,10,0.13,0x14bb2861ce75d45cd27662cdb89dd48815b9e595db16afd2ae00bde37667d05f,2026-05-02 12:54:52,0x804d632ae23f3a4ce56e063b8822d02f7764bdfc067595e3e1252406e5cc9506,bitcoin-up-or-down-may-2-2026-5am-et
"Bitcoin Up or Down - May 2, 5:45AM-6:00AM ET",Up,BUY,12,0.21,0x601113e37302a5432cec01125947d2b6d7512636c5abb6656be7b1397cafc657,2026-05-02 12:54:50,0x815400059fb421c07ce5e413fc6c98b5b31b25112658c578cbb4e7501be8fff7,btc-updown-15m-1777715100
"Bitcoin Up or Down - May 2, 5:45AM-6:00AM ET",Up,BUY,13,0.21,0x601113e37302a5432cec01125947d2b6d7512636c5abb6656be7b1397cafc657,2026-05-02 12:54:50,0x4efae79bc2d447570bb4d834ff35f757701b2e8010d60868656732b68e96a6b7,btc-updown-15m-1777715100
"Bitcoin Up or Down - May 2, 5:45AM-6:00AM ET",Up,BUY,13,0.21,0x601113e37302a5432cec01125947d2b6d7512636c5abb6656be7b1397cafc657,2026-05-02 12:54:50,0xee09ea2f2918486dda1a1b1f69de3a31cef9db18a2d9d5d00f6a7bf724cc3510,btc-updown-15m-1777715100
"Bitcoin Up or Down - May 2, 5:45AM-6:00AM ET",Up,BUY,14,0.21,0x601113e37302a5432cec01125947d2b6d7512636c5abb6656be7b1397cafc657,2026-05-02 12:54:50,0x8ea34fdf8324cf1883d28a8f4d1481db50eff46bb3dd322a62a8ff934d648cf2,btc-updown-15m-1777715100
"Bitcoin Up or Down - May 2, 5:45AM-6:00AM ET",Up,BUY,11,0.21,0x601113e37302a5432cec01125947d2b6d7512636c5abb6656be7b1397cafc657,2026-05-02 12:54:50,0x8af1b34bc6518114727d5dede22dde965dadfed9ce2d06fbf6076cbcfa345566,btc-updown-15m-1777715100
"Bitcoin Up or Down - May 2, 5AM ET",Up,BUY,11,0.12545454545454546,0x14bb2861ce75d45cd27662cdb89dd48815b9e595db16afd2ae00bde37667d05f,2026-05-02 12:54:50,0x5a9ab8d075d8b05c736b426a83d086913908baf3ecaa6a8e3b1e7912059a0816,bitcoin-up-or-down-may-2-2026-5am-et
"Bitcoin Up or Down - May 2, 5:45AM-6:00AM ET",Up,BUY,11,0.21,0x601113e37302a5432cec01125947d2b6d7512636c5abb6656be7b1397cafc657,2026-05-02 12:54:50,0x505e7bb99247a439e5cdd95fc0980c0bc711ae33eb4be8e76da0725081ec5b7d,btc-updown-15m-1777715100
"Bitcoin Up or Down - May 2, 5:45AM-6:00AM ET",Up,BUY,14,0.21,0x601113e37302a5432cec01125947d2b6d7512636c5abb6656be7b1397cafc657,2026-05-02 12:54:50,0x055d6e59a6ad7563b0eb57ff916cb28329ba965ce9230d986b9ca8737eecdd92,btc-updown-15m-1777715100
"Bitcoin Up or Down - May 2, 4:00AM-8:00AM ET",Up,BUY,6,0.71,0x5414faf1d4f67d580fd195b96186c0beecc19b4c786e84133c96f0fc44c5263b,2026-05-02 12:54:50,0xc7f9b0346325d907626dd5ed46bc453860fadbf41661d14889270850bb3a5af8,btc-updown-4h-1777708800
"Bitcoin Up or Down - May 2, 5AM ET",Down,BUY,15,0.91,0x14bb2861ce75d45cd27662cdb89dd48815b9e595db16afd2ae00bde37667d05f,2026-05-02 12:54:42,0x29871cdd2178d7f4efbf321ff13e586d7479efc47abaefb58115ec67c99df1c2,bitcoin-up-or-down-may-2-2026-5am-et
"Bitcoin Up or Down - May 2, 5:45AM-6:00AM ET",Down,BUY,19,0.8,0x601113e37302a5432cec01125947d2b6d7512636c5abb6656be7b1397cafc657,2026-05-02 12:54:42,0x4a75930bcb8e9495961d68bfbd642b1a89fd3575e7b6a023bbc357e4a4ea5cab,btc-updown-15m-1777715100
"Bitcoin Up or Down - May 2, 5:45AM-6:00AM ET",Down,BUY,14,0.75,0x601113e37302a5432cec01125947d2b6d7512636c5abb6656be7b1397cafc657,2026-05-02 12:54:32,0x679ed7df3a930eff89e2321005cc1ee96c5003b4e5e7451c5201ec2f82551d2b,btc-updown-15m-1777715100
"Bitcoin Up or Down - May 2, 5:45AM-6:00AM ET",Down,BUY,13,0.67,0x601113e37302a5432cec01125947d2b6d7512636c5abb6656be7b1397cafc657,2026-05-02 12:54:08,0x5f0de16c4aa737ed30a4f0d48f30b46734a31c8264fdafb31b4bd2b60e6905da,btc-updown-15m-1777715100
"Bitcoin Up or Down - May 2, 5:50AM-5:55AM ET",Down,BUY,41,0.54,0xb2f3b806422caaf9867af5b327a0f2c6cbf2af818bda83b2b83f1cce60c25d49,2026-05-02 12:54:08,0x7bfbffdc3f24367d2d20113dc39a5c4dcc15d03650691d5cfa9bb3f095e3bcd3,btc-updown-5m-1777715400
"Bitcoin Up or Down - May 2, 5:50AM-5:55AM ET",Down,BUY,40,0.46,0xb2f3b806422caaf9867af5b327a0f2c6cbf2af818bda83b2b83f1cce60c25d49,2026-05-02 12:54:06,0x390865b1f4c3d4663aa09c94c430d62ce616c41b2ad6e606b44066564ed8a4b7,btc-updown-5m-1777715400
"Bitcoin Up or Down - May 2, 5:45AM-6:00AM ET",Down,BUY,12,0.6552416666666666,0x601113e37302a5432cec01125947d2b6d7512636c5abb6656be7b1397cafc657,2026-05-02 12:54:06,0xc72af90a81a6828c1794597171b1a41e9a0ac1914b5d25dff7e987d420d883f2,btc-updown-15m-1777715100
"Bitcoin Up or Down - May 2, 5AM ET",Down,BUY,8,0.78,0x14bb2861ce75d45cd27662cdb89dd48815b9e595db16afd2ae00bde37667d05f,2026-05-02 12:54:04,0x7875cb6d03600c10d0b75dbd632711f8e0e8e171e5e507cc87e0ef61917433b8,bitcoin-up-or-down-may-2-2026-5am-et
"Bitcoin Up or Down - May 2, 5AM ET",Down,BUY,7,0.75,0x14bb2861ce75d45cd27662cdb89dd48815b9e595db16afd2ae00bde37667d05f,2026-05-02 12:53:46,0x68e4d0bf26229e8a53d5e71eabca77a18d4904966376197f3162b0eb4b316ec9,bitcoin-up-or-down-may-2-2026-5am-et
"Bitcoin Up or Down - May 2, 5:50AM-5:55AM ET",Down,BUY,74,0.6252621621621621,0xb2f3b806422caaf9867af5b327a0f2c6cbf2af818bda83b2b83f1cce60c25d49,2026-05-02 12:53:46,0x11059df963f3b9c8ef41449d96c1bfbec74b3ea5f0e7038fa84813e523fa42d7,btc-updown-5m-1777715400
"Ethereum Up or Down - May 2, 5:50AM-5:55AM ET",Down,BUY,16,0.63,0xb8f6242faf2c3cb199c654a1e80c0050ec33b29b899ba356aa6460f23ec49718,2026-05-02 12:53:46,0xcfec8b39d8f4a9e434dd6b88c5ca248d77fbd7ba16e85192999a78eae3e1faf8,eth-updown-5m-1777715400
"Bitcoin Up or Down - May 2, 5:45AM-6:00AM ET",Down,BUY,12,0.62,0x601113e37302a5432cec01125947d2b6d7512636c5abb6656be7b1397cafc657,2026-05-02 12:53:46,0xd17a024eb14a05ccd18f3f8fffbd1f83c9c7b35f00ba4f8b17bfe59e04f17374,btc-updown-15m-1777715100
"Bitcoin Up or Down - May 2, 5:45AM-6:00AM ET",Down,BUY,12,0.62,0x601113e37302a5432cec01125947d2b6d7512636c5abb6656be7b1397cafc657,2026-05-02 12:53:46,0xa9063b1593084c1c72d81a71cf9411e9974b347317de10ebb71969990042cfb2,btc-updown-15m-1777715100
"Ethereum Up or Down - May 2, 5:50AM-5:55AM ET",Down,BUY,11,0.61,0xb8f6242faf2c3cb199c654a1e80c0050ec33b29b899ba356aa6460f23ec49718,2026-05-02 12:53:46,0x672cf0249538b6fb55a776be212cfec5956de84eb7b925d9b11f7be46499c425,eth-updown-5m-1777715400
"Ethereum Up or Down - May 2, 5:50AM-5:55AM ET",Down,BUY,14,0.6218285714285714,0xb8f6242faf2c3cb199c654a1e80c0050ec33b29b899ba356aa6460f23ec49718,2026-05-02 12:53:46,0x4031aebecbd13fbe6ceb1210473116176040859b3e6db3c38dc2caf88fbc47a0,eth-updown-5m-1777715400
"Bitcoin Up or Down - May 2, 5:45AM-6:00AM ET",Down,BUY,11,0.61,0x601113e37302a5432cec01125947d2b6d7512636c5abb6656be7b1397cafc657,2026-05-02 12:53:46,0xf82065726e30cfb8f5c2b3ecdb6f3c79a28e2f45922f973fbb4101ad6d6db6e6,btc-updown-15m-1777715100
"Bitcoin Up or Down - May 2, 5:45AM-6:00AM ET",Down,BUY,11,0.600909090909091,0x601113e37302a5432cec01125947d2b6d7512636c5abb6656be7b1397cafc657,2026-05-02 12:53:46,0x695b6a1061150f5ea5579f83709bcdd8f215eb8c9415c668e6ca345c246b7ba4,btc-updown-15m-1777715100
"Bitcoin Up or Down - May 2, 5:45AM-6:00AM ET",Down,BUY,10,0.59,0x601113e37302a5432cec01125947d2b6d7512636c5abb6656be7b1397cafc657,2026-05-02 12:53:44,0x27b47b9a17908b964467cdd0c1c886ea7b065058f07d1031627846cd1421b05c,btc-updown-15m-1777715100
"Ethereum Up or Down - May 2, 5:50AM-5:55AM ET",Down,BUY,10,0.55,0xb8f6242faf2c3cb199c654a1e80c0050ec33b29b899ba356aa6460f23ec49718,2026-05-02 12:53:44,0x756faad2bff07706a8bef9a219eb5b67934110f79427166a97306eb7d6cc0230,eth-updown-5m-1777715400
"Ethereum Up or Down - May 2, 5:50AM-5:55AM ET",Down,BUY,10,0.5,0xb8f6242faf2c3cb199c654a1e80c0050ec33b29b899ba356aa6460f23ec49718,2026-05-02 12:53:40,0xcf2c624f8d44bb1f8160262de976cb064d71803131e2030d21eaf0467ebc217f,eth-updown-5m-1777715400
"Bitcoin Up or Down - May 2, 5:50AM-5:55AM ET",Up,BUY,49,0.6608163265306123,0xb2f3b806422caaf9867af5b327a0f2c6cbf2af818bda83b2b83f1cce60c25d49,2026-05-02 12:53:24,0x00780f5a2afdb01046bf590604715e1859a5624814fa8b2379cc669afec25e80,btc-updown-5m-1777715400
"Ethereum Up or Down - May 2, 5:50AM-5:55AM ET",Up,BUY,11,0.610909090909091,0xb8f6242faf2c3cb199c654a1e80c0050ec33b29b899ba356aa6460f23ec49718,2026-05-02 12:53:24,0x79e65c964dc35eafeba42d56f9fc6bcadc5a0bbed9c24bda55432c7f061f4f51,eth-updown-5m-1777715400
"Bitcoin Up or Down - May 2, 5:45AM-6:00AM ET",Up,BUY,10,0.51,0x601113e37302a5432cec01125947d2b6d7512636c5abb6656be7b1397cafc657,2026-05-02 12:53:24,0x98ebbbdb8f5d273270cf0c608ea428e8b8ac029b6d9a8639563f6cb573cafa66,btc-updown-15m-1777715100
"Bitcoin Up or Down - May 2, 5:45AM-6:00AM ET",Up,BUY,10,0.51,0x601113e37302a5432cec01125947d2b6d7512636c5abb6656be7b1397cafc657,2026-05-02 12:53:24,0x4cf985c0c5e4c09b2f3016cf4523b6172006e662a09e86c34c57b1fe5af2c621,btc-updown-15m-1777715100
"Ethereum Up or Down - May 2, 5:50AM-5:55AM ET",Up,BUY,10,0.6,0xb8f6242faf2c3cb199c654a1e80c0050ec33b29b899ba356aa6460f23ec49718,2026-05-02 12:53:24,0x5e20b5c1dae6fe9ec2387f1500326b3bda3a28a7816531e1a394b126a79bf45d,eth-updown-5m-1777715400
"Ethereum Up or Down - May 2, 5:50AM-5:55AM ET",Up,BUY,10,0.37,0xb8f6242faf2c3cb199c654a1e80c0050ec33b29b899ba356aa6460f23ec49718,2026-05-02 12:53:22,0x8d06fd4cac991dcea65fdb66dec12ef9955b5909275082f07126bd5d864398ae,eth-updown-5m-1777715400
"Bitcoin Up or Down - May 2, 5AM ET",Up,BUY,6,0.26,0x14bb2861ce75d45cd27662cdb89dd48815b9e595db16afd2ae00bde37667d05f,2026-05-02 12:53:20,0xa3c4d9e209e31ccc5506040ea1a2db1936a45a735cb1842c598fa8084f27a6f4,bitcoin-up-or-down-may-2-2026-5am-et
"Bitcoin Up or Down - May 2, 5:50AM-5:55AM ET",Down,BUY,40,0.43,0xb2f3b806422caaf9867af5b327a0f2c6cbf2af818bda83b2b83f1cce60c25d49,2026-05-02 12:53:16,0x8c3f3e70683e07daa51f3da438099f49bd1d9f7fdcf9fbe44cf555650e28b90c,btc-updown-5m-1777715400
"Ethereum Up or Down - May 2, 5:50AM-5:55AM ET",Down,BUY,10,0.595,0xb8f6242faf2c3cb199c654a1e80c0050ec33b29b899ba356aa6460f23ec49718,2026-05-02 12:53:14,0xb9906b07ce7528377e15d44d4f665bf3691d75b29233f8aeab6219200538d9ff,eth-updown-5m-1777715400
"Bitcoin Up or Down - May 2, 5:50AM-5:55AM ET",Up,BUY,46,0.6348586956521739,0xb2f3b806422caaf9867af5b327a0f2c6cbf2af818bda83b2b83f1cce60c25d49,2026-05-02 12:53:12,0x946ebdb9254791cb83233b739a7b349372b79cbf50ddd69c037bc26d8d2c8b10,btc-updown-5m-1777715400
"Bitcoin Up or Down - May 2, 5:45AM-6:00AM ET",Up,BUY,10,0.45,0x601113e37302a5432cec01125947d2b6d7512636c5abb6656be7b1397cafc657,2026-05-02 12:53:10,0x9caa493d80e6cc2238c795b6442d6a3192496ca0eb99192c87adc17690e969d1,btc-updown-15m-1777715100
"Bitcoin Up or Down - May 2, 5:50AM-5:55AM ET",Up,BUY,74,0.7227027027027026,0xb2f3b806422caaf9867af5b327a0f2c6cbf2af818bda83b2b83f1cce60c25d49,2026-05-02 12:53:10,0x711d38b5d0939c806a29576e6d6bb44fcfe3119b4851e2bdc44af86a742dbe42,btc-updown-5m-1777715400
"Bitcoin Up or Down - May 2, 5:50AM-5:55AM ET",Up,BUY,60,0.7391766666666667,0xb2f3b806422caaf9867af5b327a0f2c6cbf2af818bda83b2b83f1cce60c25d49,2026-05-02 12:53:10,0xdea37052de5d9f207b8328c910a446c2d145baac435354138f7e8bcbbcb52054,btc-updown-5m-1777715400
"Bitcoin Up or Down - May 2, 5AM ET",Up,BUY,6,0.25,0x14bb2861ce75d45cd27662cdb89dd48815b9e595db16afd2ae00bde37667d05f,2026-05-02 12:53:10,0xf392484e8923b7468fc383bd8ac2b1f1d4424cbbed39c97924623a37728a5869,bitcoin-up-or-down-may-2-2026-5am-et
"Bitcoin Up or Down - May 2, 5AM ET",Up,BUY,7,0.24,0x14bb2861ce75d45cd27662cdb89dd48815b9e595db16afd2ae00bde37667d05f,2026-05-02 12:53:10,0x9c998ab808b548538859368be9de4aff91ce1486f658b77303958024195757f2,bitcoin-up-or-down-may-2-2026-5am-et
"Bitcoin Up or Down - May 2, 5:45AM-6:00AM ET",Up,BUY,10,0.48,0x601113e37302a5432cec01125947d2b6d7512636c5abb6656be7b1397cafc657,2026-05-02 12:53:10,0x6b8fb4bb10095514fbb9db74c0abb4f8b4ce9f792422bfad6091187448f30573,btc-updown-15m-1777715100
"Bitcoin Up or Down - May 2, 5:50AM-5:55AM ET",Up,BUY,49,0.69,0xb2f3b806422caaf9867af5b327a0f2c6cbf2af818bda83b2b83f1cce60c25d49,2026-05-02 12:53:08,0x8de137eb3c3f444fec114b326fa04740103730aadd790841fc5e3d9781192a1f,btc-updown-5m-1777715400
"Ethereum Up or Down - May 2, 5:50AM-5:55AM ET",Down,BUY,12,0.6966,0xb8f6242faf2c3cb199c654a1e80c0050ec33b29b899ba356aa6460f23ec49718,2026-05-02 12:53:08,0xc7fb4e01000273d2a415913fb2221671dd323f1bbb6b2dc2ac506f9d1b97f6d1,eth-updown-5m-1777715400
"Ethereum Up or Down - May 2, 5:50AM-5:55AM ET",Up,BUY,11,0.32,0xb8f6242faf2c3cb199c654a1e80c0050ec33b29b899ba356aa6460f23ec49718,2026-05-02 12:52:48,0x92040f7cc8b9fa98c0a0f10fdaa910cda2ec56e4df8c1f0e32e85e6a1e4834c1,eth-updown-5m-1777715400
"Bitcoin Up or Down - May 2, 5AM ET",Up,BUY,7,0.23,0x14bb2861ce75d45cd27662cdb89dd48815b9e595db16afd2ae00bde37667d05f,2026-05-02 12:52:46,0x40172c9be152bc8d9910b2365cbf8f0958ac076d8b20c73bb8941d48bb30a6c4,bitcoin-up-or-down-may-2-2026-5am-et
"Bitcoin Up or Down - May 2, 5:45AM-6:00AM ET",Up,BUY,10,0.41,0x601113e37302a5432cec01125947d2b6d7512636c5abb6656be7b1397cafc657,2026-05-02 12:52:46,0x44380ff93c9ba6d078237a815ad8f0c9baf05dce2bd4af577694ecf99b3536ba,btc-updown-15m-1777715100
"Bitcoin Up or Down - May 2, 5:45AM-6:00AM ET",Up,BUY,10,0.405,0x601113e37302a5432cec01125947d2b6d7512636c5abb6656be7b1397cafc657,2026-05-02 12:52:46,0xf61e81853623237a6f431e5d170472016c59483bd061db1ad7e8eaa542bc3eb1,btc-updown-15m-1777715100
"Bitcoin Up or Down - May 2, 5:45AM-6:00AM ET",Up,BUY,10,0.39,0x601113e37302a5432cec01125947d2b6d7512636c5abb6656be7b1397cafc657,2026-05-02 12:52:46,0xcb2fdafca78d9d23274c1beb1e470206752f3544dfd5c788c1f96965c234326c,btc-updown-15m-1777715100
"Bitcoin Up or Down - May 2, 5:45AM-6:00AM ET",Up,BUY,5,0.37,0x601113e37302a5432cec01125947d2b6d7512636c5abb6656be7b1397cafc657,2026-05-02 12:52:46,0xa8c4f10fd03f8d472d47f1adfe34cf0c8cbbc35ec321961d968d1405de90eab8,btc-updown-15m-1777715100
"Bitcoin Up or Down - May 2, 5:50AM-5:55AM ET",Down,BUY,41,0.5012560975609756,0xb2f3b806422caaf9867af5b327a0f2c6cbf2af818bda83b2b83f1cce60c25d49,2026-05-02 12:52:40,0xce490b471412cbfa0f9b237ede9f242e016ba7de4a37813bf5b4d21b05b82130,btc-updown-5m-1777715400
"Bitcoin Up or Down - May 2, 5:50AM-5:55AM ET",Down,BUY,40,0.5,0xb2f3b806422caaf9867af5b327a0f2c6cbf2af818bda83b2b83f1cce60c25d49,2026-05-02 12:52:38,0xf6900b1dd85b5e17a58500191bd7833cb980d2312205fb56a803fe48167179e6,btc-updown-5m-1777715400
"Bitcoin Up or Down - May 2, 5:45AM-6:00AM ET",Down,BUY,11,0.65,0x601113e37302a5432cec01125947d2b6d7512636c5abb6656be7b1397cafc657,2026-05-02 12:52:38,0x90f036de6ca368936e5bfc1e28dc03eee9c7a5c31e2c765a45bed03f7fd655c5,btc-updown-15m-1777715100
"Bitcoin Up or Down - May 2, 5AM ET",Down,BUY,7,0.77,0x14bb2861ce75d45cd27662cdb89dd48815b9e595db16afd2ae00bde37667d05f,2026-05-02 12:52:38,0x5396dec21890996821e262e4afd2facec236f37544dbde51c227406c317c0301,bitcoin-up-or-down-may-2-2026-5am-et
"Ethereum Up or Down - May 2, 5:50AM-5:55AM ET",Down,BUY,20,0.778335,0xb8f6242faf2c3cb199c654a1e80c0050ec33b29b899ba356aa6460f23ec49718,2026-05-02 12:52:36,0x1a4cea7a72747f444d87020ffc300ce0e17f01dd61d06a49f2f346795a017380,eth-updown-5m-1777715400
"Ethereum Up or Down - May 2, 5:50AM-5:55AM ET",Down,BUY,18,0.7592777777777778,0xb8f6242faf2c3cb199c654a1e80c0050ec33b29b899ba356aa6460f23ec49718,2026-05-02 12:52:36,0x3abca886597a4453f4c90ce2ab88228226316d5e77d1519182cec6d623dc4dc1,eth-updown-5m-1777715400
"Ethereum Up or Down - May 2, 5:50AM-5:55AM ET",Down,BUY,12,0.54,0xb8f6242faf2c3cb199c654a1e80c0050ec33b29b899ba356aa6460f23ec49718,2026-05-02 12:52:34,0x9098b0449f47c6a945ac23b54eb8290e78612e8d61930737dc79d034de0948de,eth-updown-5m-1777715400
"Ethereum Up or Down - May 2, 5:50AM-5:55AM ET",Down,BUY,11,0.5499909090909091,0xb8f6242faf2c3cb199c654a1e80c0050ec33b29b899ba356aa6460f23ec49718,2026-05-02 12:52:34,0xf91275fca47d2da68a16877d9791a35a19b5d4b660d5f1ddec8c6ec16e1fa00b,eth-updown-5m-1777715400
"Ethereum Up or Down - May 2, 5:50AM-5:55AM ET",Down,BUY,20,0.56,0xb8f6242faf2c3cb199c654a1e80c0050ec33b29b899ba356aa6460f23ec49718,2026-05-02 12:52:34,0xc4457c878661cefe8b96d06a4eb81678a48923a091c4925fead5c498f0f8e301,eth-updown-5m-1777715400
"Ethereum Up or Down - May 2, 5:50AM-5:55AM ET",Down,BUY,10,0.54,0xb8f6242faf2c3cb199c654a1e80c0050ec33b29b899ba356aa6460f23ec49718,2026-05-02 12:52:34,0xf7baa37ad2adbc14852b76d0e822e01ab9699eb4b5521fdf30fbbd858aecc63f,eth-updown-5m-1777715400
"Ethereum Up or Down - May 2, 5:50AM-5:55AM ET",Up,BUY,10,0.5204,0xb8f6242faf2c3cb199c654a1e80c0050ec33b29b899ba356aa6460f23ec49718,2026-05-02 12:52:24,0xedab90ef766ca40662452f29cd04b7dc44bb88b15c4b66e879376e7f9e82b11f,eth-updown-5m-1777715400
"Ethereum Up or Down - May 2, 5:50AM-5:55AM ET",Up,BUY,10,0.52,0xb8f6242faf2c3cb199c654a1e80c0050ec33b29b899ba356aa6460f23ec49718,2026-05-02 12:52:24,0xbf1c7b59b18d0ba2778ea83a5bff10c855632ccf5367fcff459e1b266acf589b,eth-updown-5m-1777715400
"Ethereum Up or Down - May 2, 5:50AM-5:55AM ET",Up,BUY,10,0.38868,0xb8f6242faf2c3cb199c654a1e80c0050ec33b29b899ba356aa6460f23ec49718,2026-05-02 12:52:08,0x1865dd33d9078d1dc114ce3ddfdfc832d13fd241a3c50f03f2c491890e885af0,eth-updown-5m-1777715400
"Ethereum Up or Down - May 2, 5:50AM-5:55AM ET",Up,BUY,11,0.3709090909090909,0xb8f6242faf2c3cb199c654a1e80c0050ec33b29b899ba356aa6460f23ec49718,2026-05-02 12:52:08,0x99e11f4e9239ce599be08ad05377601d5c9e678bc56f9d5ccce245cb2cb4cc85,eth-updown-5m-1777715400
"Ethereum Up or Down - May 2, 5:50AM-5:55AM ET",Up,BUY,10,0.37,0xb8f6242faf2c3cb199c654a1e80c0050ec33b29b899ba356aa6460f23ec49718,2026-05-02 12:52:08,0xb0110b4c3b10fe5a0c6d14bb6b6512c67ee6ccdd531f87324e1d82867c5ba374,eth-updown-5m-1777715400
"Ethereum Up or Down - May 2, 5:50AM-5:55AM ET",Up,BUY,10,0.39,0xb8f6242faf2c3cb199c654a1e80c0050ec33b29b899ba356aa6460f23ec49718,2026-05-02 12:52:08,0x1770409353268cc216a1694ddc5ffa6af3d447488aa44a1cb4d8ab71403ea4b8,eth-updown-5m-1777715400
"Ethereum Up or Down - May 2, 5:50AM-5:55AM ET",Up,BUY,11,0.3917727272727273,0xb8f6242faf2c3cb199c654a1e80c0050ec33b29b899ba356aa6460f23ec49718,2026-05-02 12:52:08,0x2238bebe4ce97283d4a4f6653ae9612595a4d8787cb99a3d7848b43ab10afe06,eth-updown-5m-1777715400
"Ethereum Up or Down - May 2, 5:50AM-5:55AM ET",Up,BUY,10,0.39516,0xb8f6242faf2c3cb199c654a1e80c0050ec33b29b899ba356aa6460f23ec49718,2026-05-02 12:52:08,0x0271e0dca027c331cab08ffe6f050a671987362f71fbe100642a32d2887d0dce,eth-updown-5m-1777715400
"Ethereum Up or Down - May 2, 5:50AM-5:55AM ET",Up,BUY,11,0.3,0xb8f6242faf2c3cb199c654a1e80c0050ec33b29b899ba356aa6460f23ec49718,2026-05-02 12:51:38,0x016902caf9983ea0b6b0286a667fea225acbe1ebc4649d0f2e9641676e7de3a0,eth-updown-5m-1777715400
"Ethereum Up or Down - May 2, 5:50AM-5:55AM ET",Up,BUY,11,0.38,0xb8f6242faf2c3cb199c654a1e80c0050ec33b29b899ba356aa6460f23ec49718,2026-05-02 12:51:38,0x352f7eb1c856aa43f643d2d8c9a05bbeab87cd3d450249726000c3fde04dc80a,eth-updown-5m-1777715400
"Ethereum Up or Down - May 2, 5:50AM-5:55AM ET",Up,BUY,11,0.38,0xb8f6242faf2c3cb199c654a1e80c0050ec33b29b899ba356aa6460f23ec49718,2026-05-02 12:51:38,0xfbbb7eb604cea59ef81bec2605b57d1f7a605640cc178e2242008e2fcbb17499,eth-updown-5m-1777715400
"Ethereum Up or Down - May 2, 5:50AM-5:55AM ET",Up,BUY,11,0.3018181818181818,0xb8f6242faf2c3cb199c654a1e80c0050ec33b29b899ba356aa6460f23ec49718,2026-05-02 12:51:38,0xe78b794fa469e6efd6a46a35c30c924419f81061b88afab4c0d7520d5cf71119,eth-updown-5m-1777715400
"Ethereum Up or Down - May 2, 5:50AM-5:55AM ET",Down,BUY,11,0.6554545454545454,0xb8f6242faf2c3cb199c654a1e80c0050ec33b29b899ba356aa6460f23ec49718,2026-05-02 12:51:16,0x6c1f6907671c6ca252a2602e0a7fa6b26fbff086be71d419af22300826d7b358,eth-updown-5m-1777715400
"Ethereum Up or Down - May 2, 5:50AM-5:55AM ET",Down,BUY,11,0.63,0xb8f6242faf2c3cb199c654a1e80c0050ec33b29b899ba356aa6460f23ec49718,2026-05-02 12:51:16,0x6fa8172bf480c98c3ce66a037f4bb1d593a4a65d1eb7f906720894a2ac6348d5,eth-updown-5m-1777715400
"Ethereum Up or Down - May 2, 5:50AM-5:55AM ET",Down,BUY,10,0.54,0xb8f6242faf2c3cb199c654a1e80c0050ec33b29b899ba356aa6460f23ec49718,2026-05-02 12:51:10,0x4bca11997f969b08915cb50f521139a03d8cfa2b159a9508ed60500d2e4ee5c0,eth-updown-5m-1777715400
"Ethereum Up or Down - May 2, 5:50AM-5:55AM ET",Down,BUY,11,0.5485545454545454,0xb8f6242faf2c3cb199c654a1e80c0050ec33b29b899ba356aa6460f23ec49718,2026-05-02 12:51:10,0xb68c6b0d546dfe9558666f075364584b7c86fec19c2d25683027064fc2246fd0,eth-updown-5m-1777715400
"Ethereum Up or Down - May 2, 5:50AM-5:55AM ET",Down,BUY,10,0.53322,0xb8f6242faf2c3cb199c654a1e80c0050ec33b29b899ba356aa6460f23ec49718,2026-05-02 12:51:10,0x360db823dcf5871385d1ca803c739df1539d08dbe6b2e71fa22b62288f6aa42b,eth-updown-5m-1777715400
"Ethereum Up or Down - May 2, 5:50AM-5:55AM ET",Down,BUY,15,0.5760733333333333,0xb8f6242faf2c3cb199c654a1e80c0050ec33b29b899ba356aa6460f23ec49718,2026-05-02 12:51:10,0x351682f8338c99b66b0ac8c1dc260b562f1ebdd00d89ef9191821048cd9e3d8d,eth-updown-5m-1777715400
"Ethereum Up or Down - May 2, 5:50AM-5:55AM ET",Down,BUY,13,0.56,0xb8f6242faf2c3cb199c654a1e80c0050ec33b29b899ba356aa6460f23ec49718,2026-05-02 12:51:10,0x6e0837c84b1f642b204ec3e7ba9b65fa10c0e7ff51b5cbd56c2ba962073e05fb,eth-updown-5m-1777715400
"Ethereum Up or Down - May 2, 5:50AM-5:55AM ET",Down,BUY,14,0.5669,0xb8f6242faf2c3cb199c654a1e80c0050ec33b29b899ba356aa6460f23ec49718,2026-05-02 12:51:10,0x3b9c0d6829009d3bcb90cbfb2381784bbea4946a855b48c74a3076f75f513a0f,eth-updown-5m-1777715400
"Ethereum Up or Down - May 2, 5:50AM-5:55AM ET",Down,BUY,12,0.551175,0xb8f6242faf2c3cb199c654a1e80c0050ec33b29b899ba356aa6460f23ec49718,2026-05-02 12:51:10,0xfa4187f26e7816422daae67ed6c237d39303db6fc0105bbcf4b9068bdb71de53,eth-updown-5m-1777715400
"Bitcoin Up or Down - May 2, 5:45AM-6:00AM ET",Down,BUY,10,0.53,0x601113e37302a5432cec01125947d2b6d7512636c5abb6656be7b1397cafc657,2026-05-02 12:50:32,0xb2da3ea7f5829c47048f99e712e5e87386ab4c67b3af723efa2dfe138f7e0279,btc-updown-15m-1777715100
"Bitcoin Up or Down - May 2, 5AM ET",Down,BUY,7,0.73,0x14bb2861ce75d45cd27662cdb89dd48815b9e595db16afd2ae00bde37667d05f,2026-05-02 12:50:32,0x8c7d2410322ef2070cf78de9faf1fcffa65a14cb5b84e728da54f8b70dc31157,bitcoin-up-or-down-may-2-2026-5am-et
"Bitcoin Up or Down - May 2, 5:50AM-5:55AM ET",Down,BUY,42,0.5,0xb2f3b806422caaf9867af5b327a0f2c6cbf2af818bda83b2b83f1cce60c25d49,2026-05-02 12:50:32,0xc8a7e31b7af77533524562906a7e57ebc4323348a1807edf18b4bd6c51194167,btc-updown-5m-1777715400
"Bitcoin Up or Down - May 2, 5:50AM-5:55AM ET",Down,BUY,40,0.48467,0xb2f3b806422caaf9867af5b327a0f2c6cbf2af818bda83b2b83f1cce60c25d49,2026-05-02 12:50:32,0x9dd59394ea085a21d18d4c29c1b975fba8688e085af4cd3787f40a9c09a5fa7d,btc-updown-5m-1777715400
"Bitcoin Up or Down - May 2, 5AM ET",Down,BUY,7,0.73,0x14bb2861ce75d45cd27662cdb89dd48815b9e595db16afd2ae00bde37667d05f,2026-05-02 12:50:32,0x9c403084a58c4bf303118235c811541f596c6ef1a7a6b6d6c92e965e24a254fd,bitcoin-up-or-down-may-2-2026-5am-et
"Bitcoin Up or Down - May 2, 5:50AM-5:55AM ET",Down,BUY,40,0.5,0xb2f3b806422caaf9867af5b327a0f2c6cbf2af818bda83b2b83f1cce60c25d49,2026-05-02 12:50:32,0x77f1565a3c6aa209f3d69a2b7d2e87b30527057c08268ff8bc3caaf7ca0330f2,btc-updown-5m-1777715400
"Bitcoin Up or Down - May 2, 5:45AM-6:00AM ET",Down,BUY,11,0.53,0x601113e37302a5432cec01125947d2b6d7512636c5abb6656be7b1397cafc657,2026-05-02 12:50:32,0x4a44c326cb4388603f92d87f637cae0da4f180b66f0d6e9de8d9629bc336a932,btc-updown-15m-1777715100
"Bitcoin Up or Down - May 2, 5AM ET",Down,BUY,6,0.73,0x14bb2861ce75d45cd27662cdb89dd48815b9e595db16afd2ae00bde37667d05f,2026-05-02 12:50:32,0x8eb74c2f75f69403272aaa66f30f707b8513af72575bb75b88fe5fd9a9280be5,bitcoin-up-or-down-may-2-2026-5am-et
"Bitcoin Up or Down - May 2, 5AM ET",Up,BUY,6,0.26,0x14bb2861ce75d45cd27662cdb89dd48815b9e595db16afd2ae00bde37667d05f,2026-05-02 12:50:14,0xa78d97e004a59ec047e990b37de689d9f90dd716f21e86781f44977ace58aaae,bitcoin-up-or-down-may-2-2026-5am-et
"Bitcoin Up or Down - May 2, 5:45AM-6:00AM ET",Up,BUY,10,0.46,0x601113e37302a5432cec01125947d2b6d7512636c5abb6656be7b1397cafc657,2026-05-02 12:50:14,0xfaf39d8cb8839fd9431b93a3e515830ae87492c1dedb896f7b408e4157555fbc,btc-updown-15m-1777715100
"Bitcoin Up or Down - May 2, 5:45AM-6:00AM ET",Up,BUY,11,0.46,0x601113e37302a5432cec01125947d2b6d7512636c5abb6656be7b1397cafc657,2026-05-02 12:50:14,0x0ef56dc854fe991cdd1fd0f8013d2bb3cfd9a596bc21854a052b6c835d1b79d6,btc-updown-15m-1777715100
"Bitcoin Up or Down - May 2, 5:45AM-6:00AM ET",Up,BUY,10,0.46,0x601113e37302a5432cec01125947d2b6d7512636c5abb6656be7b1397cafc657,2026-05-02 12:50:14,0xe35e88a53e3b99f61d324320ba397e905672bba95f1a7c73c827a98b49abad9a,btc-updown-15m-1777715100
"Bitcoin Up or Down - May 2, 5AM ET",Up,BUY,5,0.22,0x14bb2861ce75d45cd27662cdb89dd48815b9e595db16afd2ae00bde37667d05f,2026-05-02 12:50:14,0xc06326510f0af5abc568a6c34d00eb0419aa3511678394c90a2137deca850f0f,bitcoin-up-or-down-may-2-2026-5am-et
"Bitcoin Up or Down - May 2, 5:45AM-6:00AM ET",Up,BUY,11,0.46456363636363635,0x601113e37302a5432cec01125947d2b6d7512636c5abb6656be7b1397cafc657,2026-05-02 12:50:14,0x4d1243949ccd21247ac31e959deb1a17c55286d5d1f286cfa62caba48e618ae5,btc-updown-15m-1777715100
"Bitcoin Up or Down - May 2, 5:45AM-6:00AM ET",Up,BUY,10,0.43106,0x601113e37302a5432cec01125947d2b6d7512636c5abb6656be7b1397cafc657,2026-05-02 12:50:14,0x872f1ae63bf1b71ca29226fefc079b0137d6fc71b6863475601a74f3839a241e,btc-updown-15m-1777715100
"Bitcoin Up or Down - May 2, 5:45AM-6:00AM ET",Down,BUY,10,0.55,0x601113e37302a5432cec01125947d2b6d7512636c5abb6656be7b1397cafc657,2026-05-02 12:49:40,0x7cdeda47ebe08ce82001159172406a69f03126e3339f25b1a6015d7a3dbde373,btc-updown-15m-1777715100
"Bitcoin Up or Down - May 2, 5AM ET",Down,BUY,7,0.75,0x14bb2861ce75d45cd27662cdb89dd48815b9e595db16afd2ae00bde37667d05f,2026-05-02 12:49:38,0xf201c541562ed5a96bb3991eb64f187bb4b914434434ae78cfebd190621f94a9,bitcoin-up-or-down-may-2-2026-5am-et
"Bitcoin Up or Down - May 2, 5AM ET",Down,BUY,7,0.75,0x14bb2861ce75d45cd27662cdb89dd48815b9e595db16afd2ae00bde37667d05f,2026-05-02 12:49:38,0x6d3181055f67549a2571edac403a7b52edc106072b45f9d596c51ab7195c4b33,bitcoin-up-or-down-may-2-2026-5am-et
"Bitcoin Up or Down - May 2, 5:45AM-6:00AM ET",Down,BUY,10,0.55,0x601113e37302a5432cec01125947d2b6d7512636c5abb6656be7b1397cafc657,2026-05-02 12:49:38,0x6fdb382b01712e15a280d03f745a082c782707ec7f4ef12348649ae4ded1a29a,btc-updown-15m-1777715100
"Bitcoin Up or Down - May 2, 5:45AM-5:50AM ET",Down,BUY,50,0.650988,0x7c931eb08d79d289b1979168ca78ebbd1b59c757fbdaafb3767e5ddffd8d4635,2026-05-02 12:49:38,0x2df2f73a21e9bd6e9261f6b9b99d7493f358a70a0d145f2b9218f6b09797f626,btc-updown-5m-1777715100
"Bitcoin Up or Down - May 2, 5:45AM-5:50AM ET",Down,BUY,83,0.76,0x7c931eb08d79d289b1979168ca78ebbd1b59c757fbdaafb3767e5ddffd8d4635,2026-05-02 12:49:38,0xc08c055c3b0b53368a081329707ef95ee720ed206be092b9bdc3b08a06800ee1,btc-updown-5m-1777715100
"Bitcoin Up or Down - May 2, 5AM ET",Down,BUY,0.16,0.74,0x14bb2861ce75d45cd27662cdb89dd48815b9e595db16afd2ae00bde37667d05f,2026-05-02 12:49:38,0x7e26e494e744dce219abeff412c2447796662423651b983d3237f99af9a6b9f1,bitcoin-up-or-down-may-2-2026-5am-et
"Bitcoin Up or Down - May 2, 5:45AM-5:50AM ET",Down,BUY,38.77,0.8381738457570286,0x7c931eb08d79d289b1979168ca78ebbd1b59c757fbdaafb3767e5ddffd8d4635,2026-05-02 12:49:38,0xaa31ec5d6a6465d84923700407650e257645ab8d0a034e77e59de123352bceae,btc-updown-5m-1777715100
"Bitcoin Up or Down - May 2, 5AM ET",Down,BUY,7,0.77,0x14bb2861ce75d45cd27662cdb89dd48815b9e595db16afd2ae00bde37667d05f,2026-05-02 12:49:38,0x87f0cbc71a01ab4c30f77e50e71854c9c38f3d848f5ddeeaa7ddae5eb5336b57,bitcoin-up-or-down-may-2-2026-5am-et
"Bitcoin Up or Down - May 2, 5:45AM-6:00AM ET",Down,BUY,10,0.55,0x601113e37302a5432cec01125947d2b6d7512636c5abb6656be7b1397cafc657,2026-05-02 12:49:36,0xe450acc047654ca58d513b799ebb655bef26b3fa0677f2bc6dc4e80c83831f15,btc-updown-15m-1777715100
"Bitcoin Up or Down - May 2, 5AM ET",Down,BUY,5,0.73,0x14bb2861ce75d45cd27662cdb89dd48815b9e595db16afd2ae00bde37667d05f,2026-05-02 12:49:34,0x3a2e04c32b1ad3f6b9492c002064e2955b4e58083ba8cabed1235797b611c9db,bitcoin-up-or-down-may-2-2026-5am-et
"Ethereum Up or Down - May 2, 5:45AM-5:50AM ET",Down,BUY,13,0.24453846153846154,0x11154c49e5774c083fb6d3910960cfcc9c5774829182f5506256e0754b0ad0c9,2026-05-02 12:49:26,0x8dc742398da77f5be963ebd35a24d7b7e538234ab57dcbc9be030b238be20fea,eth-updown-5m-1777715100
"Ethereum Up or Down - May 2, 5:45AM-5:50AM ET",Down,BUY,11,0.3548181818181818,0x11154c49e5774c083fb6d3910960cfcc9c5774829182f5506256e0754b0ad0c9,2026-05-02 12:49:04,0xeb0ca9de806e5503aecaa91908acff09ae49a44dafb4575fc3af31afe646949a,eth-updown-5m-1777715100
"Ethereum Up or Down - May 2, 5:45AM-5:50AM ET",Down,BUY,11,0.3654545454545455,0x11154c49e5774c083fb6d3910960cfcc9c5774829182f5506256e0754b0ad0c9,2026-05-02 12:49:02,0x338e77979bcd644afed9561a2b8f739117f1d6ef2f57008b335d902d7420f99f,eth-updown-5m-1777715100
"Ethereum Up or Down - May 2, 5:45AM-5:50AM ET",Down,BUY,11,0.3509090909090909,0x11154c49e5774c083fb6d3910960cfcc9c5774829182f5506256e0754b0ad0c9,2026-05-02 12:49:02,0x1d5712b41a323492cc3061dffb4081bd96b1c3b133afbf4042f607cb8064deed,eth-updown-5m-1777715100
"Ethereum Up or Down - May 2, 5:45AM-5:50AM ET",Down,BUY,11,0.37,0x11154c49e5774c083fb6d3910960cfcc9c5774829182f5506256e0754b0ad0c9,2026-05-02 12:49:02,0xad8bac8303f27a8dedf795a06b5b5dc8266d8e9d67b6af435e5d99e891fd2e53,eth-updown-5m-1777715100
"Ethereum Up or Down - May 2, 5:45AM-5:50AM ET",Down,BUY,10,0.37987,0x11154c49e5774c083fb6d3910960cfcc9c5774829182f5506256e0754b0ad0c9,2026-05-02 12:48:52,0xb6d40a111c1dfa91c95428127b6b864532b0678aaf5f7c8abab88bbdbc150382,eth-updown-5m-1777715100
"Bitcoin Up or Down - May 2, 5AM ET",Down,BUY,7,0.75,0x14bb2861ce75d45cd27662cdb89dd48815b9e595db16afd2ae00bde37667d05f,2026-05-02 12:48:50,0x07d3c128f9222fec7171583f913f0c2c5feab249bc7299617f847cf9984ee52d,bitcoin-up-or-down-may-2-2026-5am-et
"Bitcoin Up or Down - May 2, 5:45AM-5:50AM ET",Down,BUY,74,0.8283851351351351,0x7c931eb08d79d289b1979168ca78ebbd1b59c757fbdaafb3767e5ddffd8d4635,2026-05-02 12:48:50,0x0cf8d27a56ef6d468eac8b51bb7b17a18d55fde6512a3cdc03f68304300f2d9d,btc-updown-5m-1777715100
"Bitcoin Up or Down - May 2, 5AM ET",Down,BUY,7,0.75,0x14bb2861ce75d45cd27662cdb89dd48815b9e595db16afd2ae00bde37667d05f,2026-05-02 12:48:50,0xb53977498c6166dab69289bca25f2c86fc73e69951fb7c9af0863aec1e2c72d1,bitcoin-up-or-down-may-2-2026-5am-et
"Bitcoin Up or Down - May 2, 5:45AM-5:50AM ET",Down,BUY,95,0.84648,0x7c931eb08d79d289b1979168ca78ebbd1b59c757fbdaafb3767e5ddffd8d4635,2026-05-02 12:48:50,0x39ec72f4a9d9cddf884c26be41dafa89a6d6d44c9ba49e7b763f8a87b7ea80b6,btc-updown-5m-1777715100
"Bitcoin Up or Down - May 2, 5:45AM-6:00AM ET",Down,BUY,10,0.54,0x601113e37302a5432cec01125947d2b6d7512636c5abb6656be7b1397cafc657,2026-05-02 12:48:50,0xa44b956ab5bea76cb597f0a0e08956ff864c6d76698bc8e7a0e2e83e3edd4f14,btc-updown-15m-1777715100
"Bitcoin Up or Down - May 2, 5AM ET",Down,BUY,7,0.75,0x14bb2861ce75d45cd27662cdb89dd48815b9e595db16afd2ae00bde37667d05f,2026-05-02 12:48:50,0xc1e755726a10abfba9beb74829fc7ff90ec4758515da66beeb70b2c5c26def2b,bitcoin-up-or-down-may-2-2026-5am-et
"Bitcoin Up or Down - May 2, 5:45AM-5:50AM ET",Up,BUY,48,0.28,0x7c931eb08d79d289b1979168ca78ebbd1b59c757fbdaafb3767e5ddffd8d4635,2026-05-02 12:48:14,0xe25cb3ff766623669dc44f07f478c0324c7adba876049840a768a9128ded1305,btc-updown-5m-1777715100
"Bitcoin Up or Down - May 2, 5:45AM-5:50AM ET",Up,BUY,47,0.2841063829787234,0x7c931eb08d79d289b1979168ca78ebbd1b59c757fbdaafb3767e5ddffd8d4635,2026-05-02 12:48:14,0x69570691d81e9f5f336d234c9367bb834b79d787770262d4eaf3a576cc442298,btc-updown-5m-1777715100
"Bitcoin Up or Down - May 2, 5AM ET",Up,BUY,5.69,0.31,0x14bb2861ce75d45cd27662cdb89dd48815b9e595db16afd2ae00bde37667d05f,2026-05-02 12:48:14,0x6421fab279c7cb63684b1309bd06d7be12f73e32ea60785d62aaeaded38bf56e,bitcoin-up-or-down-may-2-2026-5am-et
"Ethereum Up or Down - May 2, 5:45AM-5:50AM ET",Up,BUY,11,0.6013,0x11154c49e5774c083fb6d3910960cfcc9c5774829182f5506256e0754b0ad0c9,2026-05-02 12:48:14,0xd4a19111df3899325da866afa3314ece987e19ed52bf1f32b44750fc0db3ebd3,eth-updown-5m-1777715100
"Ethereum Up or Down - May 2, 5:45AM-5:50AM ET",Down,BUY,10,0.39,0x11154c49e5774c083fb6d3910960cfcc9c5774829182f5506256e0754b0ad0c9,2026-05-02 12:47:18,0xa41ac9e7328b0c44dbc8b53790c5e71bc93c806f394ddf56be97f7c037ea4cf0,eth-updown-5m-1777715100
"Ethereum Up or Down - May 2, 5:45AM-5:50AM ET",Up,BUY,11,0.66,0x11154c49e5774c083fb6d3910960cfcc9c5774829182f5506256e0754b0ad0c9,2026-05-02 12:46:46,0x08e3552fc944f32a8326425b6e82396c85a1b6e75a6c2ebd1327df30fd1bafc3,eth-updown-5m-1777715100
"Ethereum Up or Down - May 2, 5:45AM-5:50AM ET",Up,BUY,10,0.57,0x11154c49e5774c083fb6d3910960cfcc9c5774829182f5506256e0754b0ad0c9,2026-05-02 12:46:40,0xa763ba55025e7adf600077a10ffaa69f37bf784f35ec0ae15b9c72f7cc992491,eth-updown-5m-1777715100
"Ethereum Up or Down - May 2, 5:45AM-5:50AM ET",Up,BUY,10,0.56,0x11154c49e5774c083fb6d3910960cfcc9c5774829182f5506256e0754b0ad0c9,2026-05-02 12:46:40,0x1cee7683d10743b75848870232399bd4596b181f1ad4d8636d08f2fba76c56ba,eth-updown-5m-1777715100
"Ethereum Up or Down - May 2, 5:45AM-5:50AM ET",Down,BUY,10,0.41,0x11154c49e5774c083fb6d3910960cfcc9c5774829182f5506256e0754b0ad0c9,2026-05-02 12:46:32,0x72d8e66175c0fe5a3c1739841fc92cccef8f5070a79c49b6ad8f416dc4180852,eth-updown-5m-1777715100
"Ethereum Up or Down - May 2, 5:45AM-5:50AM ET",Down,BUY,11,0.4,0x11154c49e5774c083fb6d3910960cfcc9c5774829182f5506256e0754b0ad0c9,2026-05-02 12:46:32,0xcf7c1e709dcba42b0efbbd3cb6372fc634af01e4d5bd0afc6e066d0ac787c38f,eth-updown-5m-1777715100
"Ethereum Up or Down - May 2, 5:45AM-5:50AM ET",Down,BUY,11,0.33,0x11154c49e5774c083fb6d3910960cfcc9c5774829182f5506256e0754b0ad0c9,2026-05-02 12:46:28,0xd30627052bcd7d94b96ac30d0974bc6b126768061f73f43f2efb5bbb5e88ab59,eth-updown-5m-1777715100
"Ethereum Up or Down - May 2, 5:45AM-5:50AM ET",Up,BUY,12,0.6356333333333334,0x11154c49e5774c083fb6d3910960cfcc9c5774829182f5506256e0754b0ad0c9,2026-05-02 12:45:40,0x8142693c21936e4a3c15424636b00d06bad18d8ec27f5a502fd33e5ebca921bd,eth-updown-5m-1777715100
"Ethereum Up or Down - May 2, 5:45AM-5:50AM ET",Up,BUY,11,0.63,0x11154c49e5774c083fb6d3910960cfcc9c5774829182f5506256e0754b0ad0c9,2026-05-02 12:45:40,0x79e7781ed190de9681218d85791bf62ff63502499d94e3f78bcf19b6b7e4f865,eth-updown-5m-1777715100
"Bitcoin Up or Down - May 2, 5:45AM-5:50AM ET",Down,BUY,40,0.437495,0x7c931eb08d79d289b1979168ca78ebbd1b59c757fbdaafb3767e5ddffd8d4635,2026-05-02 12:45:22,0xc03ba9e920dd5f7f3bf94ee66be9d9134703d0df9f10e84695786d26b63a01b2,btc-updown-5m-1777715100
"Bitcoin Up or Down - May 2, 5AM ET",Up,BUY,5,0.36,0x14bb2861ce75d45cd27662cdb89dd48815b9e595db16afd2ae00bde37667d05f,2026-05-02 12:45:20,0x7162a62c38bc9ddebecae7032a1afcb3574fbdaa6d3e574b7868139cdf79f5d3,bitcoin-up-or-down-may-2-2026-5am-et
"Bitcoin Up or Down - May 2, 5AM ET",Down,BUY,5,0.63,0x14bb2861ce75d45cd27662cdb89dd48815b9e595db16afd2ae00bde37667d05f,2026-05-02 12:45:20,0xca58a568264f35c9caabcd958965ad7491a8190e38fc42cf3823a5f7378e4e64,bitcoin-up-or-down-may-2-2026-5am-et
"Bitcoin Up or Down - May 2, 5AM ET",Down,BUY,5,0.63,0x14bb2861ce75d45cd27662cdb89dd48815b9e595db16afd2ae00bde37667d05f,2026-05-02 12:45:20,0x314b6d7a1ef00e855eb434100c14bb13c8aab9fb2455d085513a2588ca79fa32,bitcoin-up-or-down-may-2-2026-5am-et
"Ethereum Up or Down - May 2, 5:45AM-5:50AM ET",Up,BUY,10,0.53,0x11154c49e5774c083fb6d3910960cfcc9c5774829182f5506256e0754b0ad0c9,2026-05-02 12:45:20,0xdb3180a5205282a546524d10f67fdab05790076e0f426baabdcdebd212b7848f,eth-updown-5m-1777715100
"Bitcoin Up or Down - May 2, 5AM ET",Up,BUY,5,0.38,0x14bb2861ce75d45cd27662cdb89dd48815b9e595db16afd2ae00bde37667d05f,2026-05-02 12:45:20,0x43424414016992fd1e37213daed8fe2c2277f684cf7499b3e6ace750c9709e74,bitcoin-up-or-down-may-2-2026-5am-et
"Ethereum Up or Down - May 2, 5:45AM-5:50AM ET",Up,BUY,11,0.59,0x11154c49e5774c083fb6d3910960cfcc9c5774829182f5506256e0754b0ad0c9,2026-05-02 12:45:20,0x0e1be1d4aaf4c4a190c1e24957b14ab3c9f0436842aef3dbb32a7cec2c8b2686,eth-updown-5m-1777715100
"Ethereum Up or Down - May 2, 5:45AM-5:50AM ET",Up,BUY,11,0.59,0x11154c49e5774c083fb6d3910960cfcc9c5774829182f5506256e0754b0ad0c9,2026-05-02 12:45:20,0x9bdd3b9b6eba9100fd49db024dbd95eca8d1e59cc9e1b5eacfd03ac4f4f9b21f,eth-updown-5m-1777715100
"Bitcoin Up or Down - May 2, 5:45AM-6:00AM ET",Up,BUY,10,0.54,0x601113e37302a5432cec01125947d2b6d7512636c5abb6656be7b1397cafc657,2026-05-02 12:45:20,0xf2c59b266945f36fad0a3f125d110d32f249dacdf45f7c047f89b13dcc838d5c,btc-updown-15m-1777715100
"Bitcoin Up or Down - May 2, 5:45AM-5:50AM ET",Up,BUY,42,0.5625,0x7c931eb08d79d289b1979168ca78ebbd1b59c757fbdaafb3767e5ddffd8d4635,2026-05-02 12:45:20,0x517ab053ed663f6006749f1801eb62f323b708ecd29f9a353c961554da1f00dc,btc-updown-5m-1777715100
"Bitcoin Up or Down - May 2, 5AM ET",Up,BUY,5,0.38,0x14bb2861ce75d45cd27662cdb89dd48815b9e595db16afd2ae00bde37667d05f,2026-05-02 12:45:20,0xf5efaf681b0194b5b2ffd2335d45502f39cbb1e44517060b96ad7922b1d3f098,bitcoin-up-or-down-may-2-2026-5am-et
"Bitcoin Up or Down - May 2, 5:45AM-5:50AM ET",Up,BUY,41,0.56,0x7c931eb08d79d289b1979168ca78ebbd1b59c757fbdaafb3767e5ddffd8d4635,2026-05-02 12:45:20,0xb16f7b02206d88c4213d0aead6cc61f664a0928f2fd307e481302a687f848b6e,btc-updown-5m-1777715100
"Bitcoin Up or Down - May 2, 5:45AM-6:00AM ET",Up,BUY,8,0.54,0x601113e37302a5432cec01125947d2b6d7512636c5abb6656be7b1397cafc657,2026-05-02 12:45:18,0x200d3c4d9d0f5f5f9ecdb99b8c39456633dc447f4c5478823b07742c4b0b7051,btc-updown-15m-1777715100
"Bitcoin Up or Down - May 2, 5:45AM-5:50AM ET",Up,BUY,41,0.55,0x7c931eb08d79d289b1979168ca78ebbd1b59c757fbdaafb3767e5ddffd8d4635,2026-05-02 12:45:18,0x9b15e746e9c6792bc2cb5c3afd70e2acfbaa359d4b345fc143e4a011ecb50b78,btc-updown-5m-1777715100
"Bitcoin Up or Down - May 2, 5AM ET",Up,BUY,5,0.4,0x14bb2861ce75d45cd27662cdb89dd48815b9e595db16afd2ae00bde37667d05f,2026-05-02 12:45:18,0xb5dfecf76b62f2a0206380fca9f1d4217f8edaab8c9b9eb27963796a82c16ad6,bitcoin-up-or-down-may-2-2026-5am-et
"Bitcoin Up or Down - May 2, 5:45AM-5:50AM ET",Up,BUY,42,0.577352380952381,0x7c931eb08d79d289b1979168ca78ebbd1b59c757fbdaafb3767e5ddffd8d4635,2026-05-02 12:45:18,0x5b22daae83bd7d701a07cc6a21325a6e2fe10dedc3ef5413f57bde47dc46c7f3,btc-updown-5m-1777715100
"Bitcoin Up or Down - May 2, 5:45AM-5:50AM ET",Up,BUY,40,0.5081875,0x7c931eb08d79d289b1979168ca78ebbd1b59c757fbdaafb3767e5ddffd8d4635,2026-05-02 12:45:18,0x5abaeb90e35a9849fed10664cc41981fd5865d391eb444e05638dfb70394269f,btc-updown-5m-1777715100
"Bitcoin Up or Down - May 2, 5:45AM-6:00AM ET",Up,BUY,0.6,0.5,0x601113e37302a5432cec01125947d2b6d7512636c5abb6656be7b1397cafc657,2026-05-02 12:45:18,0x7eba7a9f69d4d714de077488380afd2f2eac3eda4e7c4d08a7536adf39a0ed6a,btc-updown-15m-1777715100
"Bitcoin Up or Down - May 2, 5AM ET",Up,BUY,5,0.4,0x14bb2861ce75d45cd27662cdb89dd48815b9e595db16afd2ae00bde37667d05f,2026-05-02 12:45:18,0xfc08c7a4a0deb00d3eb0775419580ca3ff806bac7e27efa2e18ed35d09d33a26,bitcoin-up-or-down-may-2-2026-5am-et
"Bitcoin Up or Down - May 2, 5:30AM-5:45AM ET",Down,BUY,51,0.7,0x35d378c038a567a632a68cb611b651781a25d89b8639278a064ee15d72ad840a,2026-05-02 12:45:14,0xff173565e14f9204e0418015cea7b7aa9c6cc9500800ce8a0b8536edc080d872,btc-updown-15m-1777714200
"Bitcoin Up or Down - May 2, 4:00AM-8:00AM ET",Up,BUY,5,0.7,0x5414faf1d4f67d580fd195b96186c0beecc19b4c786e84133c96f0fc44c5263b,2026-05-02 12:45:08,0xa2cc86a0382b5606faec5034b1ef087991e25cf7cccee6aa5a89bf4386412894,btc-updown-4h-1777708800
"Bitcoin Up or Down - May 2, 5AM ET",Down,BUY,5,0.59,0x14bb2861ce75d45cd27662cdb89dd48815b9e595db16afd2ae00bde37667d05f,2026-05-02 12:45:02,0x1f1eaa0575727248dc5abf44145fb66a2d71c7093ad0091f17d60beaf6320df4,bitcoin-up-or-down-may-2-2026-5am-et
"Bitcoin Up or Down - May 2, 5AM ET",Down,BUY,6,0.61,0x14bb2861ce75d45cd27662cdb89dd48815b9e595db16afd2ae00bde37667d05f,2026-05-02 12:45:00,0xba9ac9c2c8c1aefaa189992b41f6484a16c7ef75c76b0c7725f0a12872718aa7,bitcoin-up-or-down-may-2-2026-5am-et
"Bitcoin Up or Down - May 2, 5AM ET",Up,BUY,5,0.42,0x14bb2861ce75d45cd27662cdb89dd48815b9e595db16afd2ae00bde37667d05f,2026-05-02 12:45:00,0xc250812dd2a05f45cacefa699d50647c13574c4b0ee8468d492b8fcaee7bd1c6,bitcoin-up-or-down-may-2-2026-5am-et
"Bitcoin Up or Down - May 2, 5AM ET",Down,BUY,6,0.59,0x14bb2861ce75d45cd27662cdb89dd48815b9e595db16afd2ae00bde37667d05f,2026-05-02 12:45:00,0x250275094b0a6b939292b34b12289c4f0bdd5c5f5f285a52095800b3dbe8e6a4,bitcoin-up-or-down-may-2-2026-5am-et
"Bitcoin Up or Down - May 2, 5AM ET",Up,BUY,5,0.42,0x14bb2861ce75d45cd27662cdb89dd48815b9e595db16afd2ae00bde37667d05f,2026-05-02 12:44:58,0xc1b45c60d2eea98c8c458d9c82f049e2f57da9378642afc95f0c68a1b757c597,bitcoin-up-or-down-may-2-2026-5am-et
"Bitcoin Up or Down - May 2, 5AM ET",Up,BUY,5,0.42,0x14bb2861ce75d45cd27662cdb89dd48815b9e595db16afd2ae00bde37667d05f,2026-05-02 12:44:58,0x5555a3382d77a2362f8b3ed77fa2e30a77827c2b479d2453df0a2471b460b259,bitcoin-up-or-down-may-2-2026-5am-et
"Bitcoin Up or Down - May 2, 5AM ET",Up,BUY,5,0.42,0x14bb2861ce75d45cd27662cdb89dd48815b9e595db16afd2ae00bde37667d05f,2026-05-02 12:44:58,0x9ccd49726b9155664aac8183fe9ffc1b39d598a0465e9fa3b0b9fff258199c9c,bitcoin-up-or-down-may-2-2026-5am-et
"Bitcoin Up or Down - May 2, 5AM ET",Down,BUY,6,0.59,0x14bb2861ce75d45cd27662cdb89dd48815b9e595db16afd2ae00bde37667d05f,2026-05-02 12:44:58,0x18f7e0969bc8a6654c5cbd9b001d7b01cd54e50245438a122f0e31a8897ef60c,bitcoin-up-or-down-may-2-2026-5am-et
"Bitcoin Up or Down - May 2, 5AM ET",Down,BUY,6,0.59,0x14bb2861ce75d45cd27662cdb89dd48815b9e595db16afd2ae00bde37667d05f,2026-05-02 12:44:58,0xbedf80738fb1f209c42e2fc00b36d56251a34f11faea726563d6ece00baedab7,bitcoin-up-or-down-may-2-2026-5am-et
"Bitcoin Up or Down - May 2, 5AM ET",Down,BUY,5,0.59,0x14bb2861ce75d45cd27662cdb89dd48815b9e595db16afd2ae00bde37667d05f,2026-05-02 12:44:58,0xda21d7e05fc64aec5e37237839bf1238033ac567112b5aaed10b646fec124d10,bitcoin-up-or-down-may-2-2026-5am-et
"Bitcoin Up or Down - May 2, 5AM ET",Down,BUY,5,0.59,0x14bb2861ce75d45cd27662cdb89dd48815b9e595db16afd2ae00bde37667d05f,2026-05-02 12:44:58,0x996d30b754b594573506d1718c5e73e32a25a165b7d49855734504db4054e19a,bitcoin-up-or-down-may-2-2026-5am-et
"Bitcoin Up or Down - May 2, 5AM ET",Down,BUY,5,0.59,0x14bb2861ce75d45cd27662cdb89dd48815b9e595db16afd2ae00bde37667d05f,2026-05-02 12:44:58,0x235440d27287c0fe38d65c7425c13e4400502cc95e0d4fa28e8fe9db71041d1c,bitcoin-up-or-down-may-2-2026-5am-et
"Bitcoin Up or Down - May 2, 5:30AM-5:45AM ET",Up,BUY,47,0.78,0x35d378c038a567a632a68cb611b651781a25d89b8639278a064ee15d72ad840a,2026-05-02 12:44:50,0x00346c55b47bf05f86d59fa6289e4b8ff247b217dbe385566bfef4b0a8b2b1e7,btc-updown-15m-1777714200
"Ethereum Up or Down - May 2, 5:40AM-5:45AM ET",Up,BUY,38,0.05313947368421053,0x2d9c8aa99cfffd83b21631ef104a2076636d71413612daf35ac4d525d94ed5a3,2026-05-02 12:44:44,0xde366050b5a0e4888d66121e457b2d8a765dd2f13f657657a8d80893bd02ba57,eth-updown-5m-1777714800
"Bitcoin Up or Down - May 2, 5:40AM-5:45AM ET",Down,BUY,47,0.69,0x296377ecaac0797a58fb51d7b980af923c40ba975cbd995d889f2faf528f3e1a,2026-05-02 12:44:30,0xbff7de8da45190533ec4c0cf7ba61dc7cf2bfbbec9ef834689e0c1c3643f7b46,btc-updown-5m-1777714800
"Ethereum Up or Down - May 2, 5:40AM-5:45AM ET",Down,BUY,128,0.9599453125,0x2d9c8aa99cfffd83b21631ef104a2076636d71413612daf35ac4d525d94ed5a3,2026-05-02 12:44:30,0xaa4b5379725f4847bb2f9aafa68ff4664b37a6d0a78064a8e2f14d755fe1ad06,eth-updown-5m-1777714800
"Bitcoin Up or Down - May 2, 5AM ET",Down,BUY,5,0.57,0x14bb2861ce75d45cd27662cdb89dd48815b9e595db16afd2ae00bde37667d05f,2026-05-02 12:44:30,0xe9d43098cac6ba8d62dddb7f1925cba8c3a49be99740fbdf62b7faeaab74998e,bitcoin-up-or-down-may-2-2026-5am-et
"Bitcoin Up or Down - May 2, 5AM ET",Down,BUY,5,0.51,0x14bb2861ce75d45cd27662cdb89dd48815b9e595db16afd2ae00bde37667d05f,2026-05-02 12:44:28,0x8bb0fbdb8ad49549f6b206c335ad68dd01c41d2b585dbb65f1e32157a8435443,bitcoin-up-or-down-may-2-2026-5am-et
"Ethereum Up or Down - May 2, 5:40AM-5:45AM ET",Down,BUY,32.9,0.9082857142857143,0x2d9c8aa99cfffd83b21631ef104a2076636d71413612daf35ac4d525d94ed5a3,2026-05-02 12:44:28,0xb56e3cf3bb5472c3d826d3ecf548f60b0b71d4fda8b82b94f9cea814c54ceca6,eth-updown-5m-1777714800
"Ethereum Up or Down - May 2, 5:40AM-5:45AM ET",Down,BUY,31,0.8740258064516129,0x2d9c8aa99cfffd83b21631ef104a2076636d71413612daf35ac4d525d94ed5a3,2026-05-02 12:44:26,0x4f1d6518b164e962bc1d89bf78b86b1fa49530a4e235cd6dd4e0a04eb73d3052,eth-updown-5m-1777714800
"Ethereum Up or Down - May 2, 5:40AM-5:45AM ET",Down,BUY,16,0.8,0x2d9c8aa99cfffd83b21631ef104a2076636d71413612daf35ac4d525d94ed5a3,2026-05-02 12:44:14,0x996c749aa0826f368baa895bdf0c81cf267e0e98d2bdf0ef4fb8d2f009662abb,eth-updown-5m-1777714800
"Ethereum Up or Down - May 2, 5:40AM-5:45AM ET",Up,BUY,12,0.27,0x2d9c8aa99cfffd83b21631ef104a2076636d71413612daf35ac4d525d94ed5a3,2026-05-02 12:44:12,0xaf040157474562a607cd4c12afb55ff356c146aa48f545a6d60783e85c0f5280,eth-updown-5m-1777714800
"Bitcoin Up or Down - May 2, 5AM ET",Up,BUY,5,0.51,0x14bb2861ce75d45cd27662cdb89dd48815b9e595db16afd2ae00bde37667d05f,2026-05-02 12:44:12,0xf873cb65e521501daee8553c8b1b22086a6f401a6a7f291f580c271d4ed70ba6,bitcoin-up-or-down-may-2-2026-5am-et
"Bitcoin Up or Down - May 2, 5:30AM-5:45AM ET",Up,BUY,11,0.65,0x35d378c038a567a632a68cb611b651781a25d89b8639278a064ee15d72ad840a,2026-05-02 12:44:12,0xee3c40eed377f2fe8418f817fe1aad814b259235be0b61593bf9a508d7ff5137,btc-updown-15m-1777714200
"Bitcoin Up or Down - May 2, 4:00AM-8:00AM ET",Up,BUY,5,0.69,0x5414faf1d4f67d580fd195b96186c0beecc19b4c786e84133c96f0fc44c5263b,2026-05-02 12:44:10,0x0c4b257f6d0fd54573583a8c5b0c36cf299ed6ae3223e2cab360a032a4a28817,btc-updown-4h-1777708800
"Ethereum Up or Down - May 2, 5:40AM-5:45AM ET",Down,BUY,12,0.6185833333333334,0x2d9c8aa99cfffd83b21631ef104a2076636d71413612daf35ac4d525d94ed5a3,2026-05-02 12:44:00,0xa88d85fba91269a2a4a2e8cf55f7ce1fd8f557e89780c58f3e8063342f0db7df,eth-updown-5m-1777714800
"Ethereum Up or Down - May 2, 5:40AM-5:45AM ET",Down,BUY,11,0.61,0x2d9c8aa99cfffd83b21631ef104a2076636d71413612daf35ac4d525d94ed5a3,2026-05-02 12:44:00,0xccc590509405af4e19f98e2747457342c98cf5a19304e58b5715d6060a101ae4,eth-updown-5m-1777714800
"Ethereum Up or Down - May 2, 5:40AM-5:45AM ET",Down,BUY,11,0.61,0x2d9c8aa99cfffd83b21631ef104a2076636d71413612daf35ac4d525d94ed5a3,2026-05-02 12:44:00,0xb877840630560e0b95c463e0841348ed9815ce5d3c555134f09428a42095cb86,eth-updown-5m-1777714800
"Bitcoin Up or Down - May 2, 5:30AM-5:45AM ET",Down,BUY,5.6,0.36,0x35d378c038a567a632a68cb611b651781a25d89b8639278a064ee15d72ad840a,2026-05-02 12:43:46,0x4b9663710ae71cdb5536ac1e794ea3c3fdb74c619f114c40084bd10e0a32c987,btc-updown-15m-1777714200
"Bitcoin Up or Down - May 2, 5:30AM-5:45AM ET",Down,BUY,6,0.32,0x35d378c038a567a632a68cb611b651781a25d89b8639278a064ee15d72ad840a,2026-05-02 12:43:46,0x9cd59f89c5c624562cc3bd4308b910ae280b100406615a4f0823ded89da648e2,btc-updown-15m-1777714200
"Ethereum Up or Down - May 2, 5:40AM-5:45AM ET",Down,BUY,11,0.5606727272727273,0x2d9c8aa99cfffd83b21631ef104a2076636d71413612daf35ac4d525d94ed5a3,2026-05-02 12:43:46,0x3d13861c622ab4c46ecfd9c571e33ea87ea68c21417c4f18663af3300b179177,eth-updown-5m-1777714800
"Ethereum Up or Down - May 2, 5:40AM-5:45AM ET",Down,BUY,10,0.56,0x2d9c8aa99cfffd83b21631ef104a2076636d71413612daf35ac4d525d94ed5a3,2026-05-02 12:43:46,0xbd13eae3d95f4085d1930ed61e42593e8546222c77bb51b5a20a8bd927a229c3,eth-updown-5m-1777714800
"Bitcoin Up or Down - May 2, 5:30AM-5:45AM ET",Down,BUY,2.19,0.35,0x35d378c038a567a632a68cb611b651781a25d89b8639278a064ee15d72ad840a,2026-05-02 12:43:46,0x6c78d445533cb837007403bd03c4dc71c960864f8744faeb80476c342d7c8404,btc-updown-15m-1777714200
"Bitcoin Up or Down - May 2, 5AM ET",Down,BUY,5,0.6,0x14bb2861ce75d45cd27662cdb89dd48815b9e595db16afd2ae00bde37667d05f,2026-05-02 12:43:44,0x4032aee0d84fdcdc57f4ab1ca913b75a52daba7202e3808618fcd8a20c6b62ad,bitcoin-up-or-down-may-2-2026-5am-et
"Bitcoin Up or Down - May 2, 5:30AM-5:45AM ET",Down,BUY,5.9,0.33,0x35d378c038a567a632a68cb611b651781a25d89b8639278a064ee15d72ad840a,2026-05-02 12:43:44,0x802a47de83be095149c5b41b6c631c67ae2adecb28d6fc179cf1c559b0ce70a0,btc-updown-15m-1777714200
"Bitcoin Up or Down - May 2, 5AM ET",Down,BUY,5,0.59,0x14bb2861ce75d45cd27662cdb89dd48815b9e595db16afd2ae00bde37667d05f,2026-05-02 12:43:44,0x2938043c5bdae52245bfea3bb8b112a511dd0d627c8e73f9fccc04008baa2eae,bitcoin-up-or-down-may-2-2026-5am-et
"Ethereum Up or Down - May 2, 5:40AM-5:45AM ET",Down,BUY,10,0.55,0x2d9c8aa99cfffd83b21631ef104a2076636d71413612daf35ac4d525d94ed5a3,2026-05-02 12:43:42,0xc5350506dabb13ad3075859e713e02c3ef0a89567383b1106508f91bff75a2b9,eth-updown-5m-1777714800
"Bitcoin Up or Down - May 2, 5:40AM-5:45AM ET",Up,BUY,43,0.35,0x296377ecaac0797a58fb51d7b980af923c40ba975cbd995d889f2faf528f3e1a,2026-05-02 12:43:36,0x24b87da89f8ebe60df79f5670dcb120c97298f3d0671a0973f7b34b3e498ed06,btc-updown-5m-1777714800
"Ethereum Up or Down - May 2, 5:40AM-5:45AM ET",Up,BUY,10,0.46,0x2d9c8aa99cfffd83b21631ef104a2076636d71413612daf35ac4d525d94ed5a3,2026-05-02 12:43:36,0x11de9f894bec190b0e94b0ee46f59cc71f3905de308c63c3c5a18237a7a7a864,eth-updown-5m-1777714800
"Bitcoin Up or Down - May 2, 5AM ET",Up,BUY,5,0.42,0x14bb2861ce75d45cd27662cdb89dd48815b9e595db16afd2ae00bde37667d05f,2026-05-02 12:43:36,0x1c2c08fa969e849a941f998c550530c94263531ec1c789519df144a25d9b4595,bitcoin-up-or-down-may-2-2026-5am-et
"Ethereum Up or Down - May 2, 5:40AM-5:45AM ET",Up,BUY,10,0.46,0x2d9c8aa99cfffd83b21631ef104a2076636d71413612daf35ac4d525d94ed5a3,2026-05-02 12:43:36,0x3d20bd457a247b293eba48cd74c28bff04e914e12a42f83521fd8dbaa13cac3b,eth-updown-5m-1777714800
"Ethereum Up or Down - May 2, 5:40AM-5:45AM ET",Up,BUY,10,0.44,0x2d9c8aa99cfffd83b21631ef104a2076636d71413612daf35ac4d525d94ed5a3,2026-05-02 12:43:36,0x8d91dec819a9b9dbd05cd70797bc31e585e24477c5b174df094097cd4c672579,eth-updown-5m-1777714800
"Bitcoin Up or Down - May 2, 5:40AM-5:45AM ET",Up,BUY,45,0.34,0x296377ecaac0797a58fb51d7b980af923c40ba975cbd995d889f2faf528f3e1a,2026-05-02 12:43:36,0xed996a91fe0c20c597ba00722370c1ec16818cd3899749237171b9aca92e7f73,btc-updown-5m-1777714800
"Bitcoin Up or Down - May 2, 5:40AM-5:45AM ET",Down,BUY,48,0.68875,0x296377ecaac0797a58fb51d7b980af923c40ba975cbd995d889f2faf528f3e1a,2026-05-02 12:42:24,0x4fedb9a3294e8fd2e8f8fb497b44b13b02b9f1519768cbb730350aebcc8297bb,btc-updown-5m-1777714800
"Bitcoin Up or Down - May 2, 5:30AM-5:45AM ET",Up,BUY,11,0.34,0x35d378c038a567a632a68cb611b651781a25d89b8639278a064ee15d72ad840a,2026-05-02 12:42:18,0x5dfaedae59e238a1f94719a69b974daa5347e2357992f492aa4e340c5e1c8bbe,btc-updown-15m-1777714200
"Bitcoin Up or Down - May 2, 4:00AM-8:00AM ET",Up,BUY,5,0.66,0x5414faf1d4f67d580fd195b96186c0beecc19b4c786e84133c96f0fc44c5263b,2026-05-02 12:42:16,0xbd19cfb53faa72711acf161f4f19bbe25c2ce7cb4201c4827c770ab8bf923e0a,btc-updown-4h-1777708800
"Bitcoin Up or Down - May 2, 5:40AM-5:45AM ET",Up,BUY,48,0.29,0x296377ecaac0797a58fb51d7b980af923c40ba975cbd995d889f2faf528f3e1a,2026-05-02 12:42:16,0xf78c47189ebc9b0f3250e035ec4b05f57609d779b29fda65e55ff68949fe0f52,btc-updown-5m-1777714800
"Bitcoin Up or Down - May 2, 5:30AM-5:45AM ET",Up,BUY,11,0.33,0x35d378c038a567a632a68cb611b651781a25d89b8639278a064ee15d72ad840a,2026-05-02 12:42:16,0x8b3c4778aa0de99525a832774b9d005112192134b1764a99c5c4a8d82452a025,btc-updown-15m-1777714200
"Ethereum Up or Down - May 2, 5:40AM-5:45AM ET",Up,BUY,10,0.34809,0x2d9c8aa99cfffd83b21631ef104a2076636d71413612daf35ac4d525d94ed5a3,2026-05-02 12:42:16,0x8bb469cc22b136b0c8d06969ada31c373b00be04e7684e31f2579cc614042031,eth-updown-5m-1777714800
"Bitcoin Up or Down - May 2, 5AM ET",Up,BUY,6,0.3,0x14bb2861ce75d45cd27662cdb89dd48815b9e595db16afd2ae00bde37667d05f,2026-05-02 12:42:16,0x9b29d174a8c3150fc6bf5092b9eb552d62703af8282b38d17a6a209c0fbac67d,bitcoin-up-or-down-may-2-2026-5am-et
"Bitcoin Up or Down - May 2, 5:30AM-5:45AM ET",Up,BUY,11,0.32,0x35d378c038a567a632a68cb611b651781a25d89b8639278a064ee15d72ad840a,2026-05-02 12:42:16,0xd51bb4679d78433195d0298dfd40943fe1a9b85461e7f495edda9672739fa593,btc-updown-15m-1777714200
"Bitcoin Up or Down - May 2, 5:30AM-5:45AM ET",Up,BUY,11,0.32,0x35d378c038a567a632a68cb611b651781a25d89b8639278a064ee15d72ad840a,2026-05-02 12:42:16,0x0a3ecb7a1d3fe7c2914f7072c97f8e2640fae860a9bf2581d2377af173beb498,btc-updown-15m-1777714200
"Bitcoin Up or Down - May 2, 5AM ET",Up,BUY,6,0.28,0x14bb2861ce75d45cd27662cdb89dd48815b9e595db16afd2ae00bde37667d05f,2026-05-02 12:42:16,0x924a9a5c1a9f1bff754468103e9367e15f5936491e2ece5a6e5d5d553e230818,bitcoin-up-or-down-may-2-2026-5am-et
"Bitcoin Up or Down - May 2, 5:30AM-5:45AM ET",Up,BUY,12,0.31,0x35d378c038a567a632a68cb611b651781a25d89b8639278a064ee15d72ad840a,2026-05-02 12:42:14,0x532786bc50fcd8e8e46e10f5e2f3936e3a4bc56393eaaa02acddad3474180bba,btc-updown-15m-1777714200
"Bitcoin Up or Down - May 2, 5AM ET",Up,BUY,6,0.28,0x14bb2861ce75d45cd27662cdb89dd48815b9e595db16afd2ae00bde37667d05f,2026-05-02 12:42:14,0x3540601b0d1563076b44045150c10115be3099794bb77bce9057073a9e0e3e40,bitcoin-up-or-down-may-2-2026-5am-et
"Ethereum Up or Down - May 2, 5:40AM-5:45AM ET",Up,BUY,11,0.3150636363636364,0x2d9c8aa99cfffd83b21631ef104a2076636d71413612daf35ac4d525d94ed5a3,2026-05-02 12:42:14,0x738c906db747cf39df2e68612b47097d12ddf064f1deb1e537262ed26fcd5200,eth-updown-5m-1777714800
"Ethereum Up or Down - May 2, 5:40AM-5:45AM ET",Up,BUY,12,0.31,0x2d9c8aa99cfffd83b21631ef104a2076636d71413612daf35ac4d525d94ed5a3,2026-05-02 12:42:14,0xdf62e3e32d4a22e30e84613375291c303f437fb5ccc4f206ad9cab1cbc21aba9,eth-updown-5m-1777714800
"Bitcoin Up or Down - May 2, 5:30AM-5:45AM ET",Up,BUY,12,0.3,0x35d378c038a567a632a68cb611b651781a25d89b8639278a064ee15d72ad840a,2026-05-02 12:42:14,0x0813f4bc1713d4e4757bcfd3580c54048fd58b34975801b8c46bd30af469612d,btc-updown-15m-1777714200
"Bitcoin Up or Down - May 2, 5:40AM-5:45AM ET",Down,BUY,65,0.75,0x296377ecaac0797a58fb51d7b980af923c40ba975cbd995d889f2faf528f3e1a,2026-05-02 12:42:08,0x63e65e4d0717daaf5bc5f265778b4736db6c85bedfba9975b16c5d94d764a585,btc-updown-5m-1777714800
"Bitcoin Up or Down - May 2, 5:30AM-5:45AM ET",Down,BUY,14,0.75,0x35d378c038a567a632a68cb611b651781a25d89b8639278a064ee15d72ad840a,2026-05-02 12:42:08,0x597a0ac1c67d0e3f159f2f1a918bb10e27672f8eb51ad8817fb5bca8e0806c63,btc-updown-15m-1777714200
"Ethereum Up or Down - May 2, 5:40AM-5:45AM ET",Down,BUY,14,0.7316928571428571,0x2d9c8aa99cfffd83b21631ef104a2076636d71413612daf35ac4d525d94ed5a3,2026-05-02 12:42:08,0x2863d3898a6d5c8d11fa9161e4ecfb2b9e4b860d39788ea1c24441064ed41ebe,eth-updown-5m-1777714800
"Bitcoin Up or Down - May 2, 5:30AM-5:45AM ET",Down,BUY,4.64,0.73,0x35d378c038a567a632a68cb611b651781a25d89b8639278a064ee15d72ad840a,2026-05-02 12:42:08,0x58c9ebc9da9cad4696a2ead170ad8a228b4a6f0ad77f7d48075032d8f81c6f26,btc-updown-15m-1777714200
"Bitcoin Up or Down - May 2, 5:40AM-5:45AM ET",Down,BUY,60,0.75,0x296377ecaac0797a58fb51d7b980af923c40ba975cbd995d889f2faf528f3e1a,2026-05-02 12:42:08,0x512e6d8291e50bf908c3c837bbe3ea82b686d223535f19c5fbf8880d1b5e1a2f,btc-updown-5m-1777714800
"Ethereum Up or Down - May 2, 5:40AM-5:45AM ET",Up,BUY,12,0.29485833333333333,0x2d9c8aa99cfffd83b21631ef104a2076636d71413612daf35ac4d525d94ed5a3,2026-05-02 12:41:40,0x08903fdc4a3fa19c05b738ebbfdbf70bc388143d9e5d93a50ce82e0732ca7af0,eth-updown-5m-1777714800
"Ethereum Up or Down - May 2, 5:40AM-5:45AM ET",Up,BUY,12,0.2816666666666667,0x2d9c8aa99cfffd83b21631ef104a2076636d71413612daf35ac4d525d94ed5a3,2026-05-02 12:41:40,0x40a0e2c7f18fdbd2222a5d94aef6edd0b88c294cdde7afe5a7960aef84f511b4,eth-updown-5m-1777714800
"Bitcoin Up or Down - May 2, 5:40AM-5:45AM ET",Up,BUY,47,0.29,0x296377ecaac0797a58fb51d7b980af923c40ba975cbd995d889f2faf528f3e1a,2026-05-02 12:41:40,0x571eb7ecb4b88cad83a660793950fd55383a1eb8200009cf95906aae20fdd090,btc-updown-5m-1777714800
"Bitcoin Up or Down - May 2, 5:30AM-5:45AM ET",Up,BUY,10,0.38,0x35d378c038a567a632a68cb611b651781a25d89b8639278a064ee15d72ad840a,2026-05-02 12:41:40,0x8c2865bbeab97c8bac5b05de93eeebdbfbc7373c20d1a9e6c55740cccf6786f2,btc-updown-15m-1777714200
"Bitcoin Up or Down - May 2, 5AM ET",Up,BUY,5,0.36,0x14bb2861ce75d45cd27662cdb89dd48815b9e595db16afd2ae00bde37667d05f,2026-05-02 12:41:40,0x401b728e81cb51985b0764d9d69a8defb49127c45bfe856b82fcd3870e4a806d,bitcoin-up-or-down-may-2-2026-5am-et
"Bitcoin Up or Down - May 2, 5:40AM-5:45AM ET",Up,BUY,48,0.2753625,0x296377ecaac0797a58fb51d7b980af923c40ba975cbd995d889f2faf528f3e1a,2026-05-02 12:41:40,0x45d1893419797b028aad3b8ab41076dcbd77e3a0ebd7617fa436f293cbe0742f,btc-updown-5m-1777714800
"Bitcoin Up or Down - May 2, 5AM ET",Up,BUY,5,0.36,0x14bb2861ce75d45cd27662cdb89dd48815b9e595db16afd2ae00bde37667d05f,2026-05-02 12:41:40,0xa6b18b82cc0c4236c65ce445b87e673477af9cca2cd70ac6ec0e912a3a661fc1,bitcoin-up-or-down-may-2-2026-5am-et
"Bitcoin Up or Down - May 2, 5:30AM-5:45AM ET",Up,BUY,10,0.37271,0x35d378c038a567a632a68cb611b651781a25d89b8639278a064ee15d72ad840a,2026-05-02 12:41:40,0x40f5ca18c37157394e033f6fd8361dac08d65be4812adb5a2ed6623045ccd85c,btc-updown-15m-1777714200
"Bitcoin Up or Down - May 2, 5AM ET",Down,BUY,5,0.62,0x14bb2861ce75d45cd27662cdb89dd48815b9e595db16afd2ae00bde37667d05f,2026-05-02 12:41:14,0x6a3f036fe84497aa10732957398149a45809fb379c3426ddc19c49fbbdde54d8,bitcoin-up-or-down-may-2-2026-5am-et
"Bitcoin Up or Down - May 2, 5AM ET",Down,BUY,5,0.62,0x14bb2861ce75d45cd27662cdb89dd48815b9e595db16afd2ae00bde37667d05f,2026-05-02 12:41:14,0xc0603f2386a9df95c52aa653a1fc980e87c3a0dffde9917249915beb0bc9cc19,bitcoin-up-or-down-may-2-2026-5am-et
"Bitcoin Up or Down - May 2, 5AM ET",Down,BUY,5,0.62,0x14bb2861ce75d45cd27662cdb89dd48815b9e595db16afd2ae00bde37667d05f,2026-05-02 12:41:14,0x5090dfe89ce98ead83090467fbdf8d37e3a321cc23c9414689028e46d7cd9798,bitcoin-up-or-down-may-2-2026-5am-et
"Bitcoin Up or Down - May 2, 5AM ET",Down,BUY,5,0.59,0x14bb2861ce75d45cd27662cdb89dd48815b9e595db16afd2ae00bde37667d05f,2026-05-02 12:41:12,0xc437c14c558465108b2870817640c8466dcaa9225ebd786daf3375fd6daedbdf,bitcoin-up-or-down-may-2-2026-5am-et
"Bitcoin Up or Down - May 2, 5:30AM-5:45AM ET",Down,BUY,10,0.56,0x35d378c038a567a632a68cb611b651781a25d89b8639278a064ee15d72ad840a,2026-05-02 12:41:12,0x8bb8dee39cd396832e1a5ca58418b05e18c624ed266f600aae98e2bf6c083882,btc-updown-15m-1777714200
"Bitcoin Up or Down - May 2, 5:30AM-5:45AM ET",Down,BUY,10,0.46467,0x35d378c038a567a632a68cb611b651781a25d89b8639278a064ee15d72ad840a,2026-05-02 12:41:12,0x983f0fc7f2bd3b8e0eed715e7da11040eb89daa28dc1fb69e2e495b79866d0d6,btc-updown-15m-1777714200
"Ethereum Up or Down - May 2, 5:40AM-5:45AM ET",Up,BUY,11,0.35545454545454547,0x2d9c8aa99cfffd83b21631ef104a2076636d71413612daf35ac4d525d94ed5a3,2026-05-02 12:40:26,0x822b2c82757dabaedf84787a14fb607158732174cb1890a4bb35c2e8b5b60133,eth-updown-5m-1777714800
"Bitcoin Up or Down - May 2, 5AM ET",Down,BUY,5,0.5,0x14bb2861ce75d45cd27662cdb89dd48815b9e595db16afd2ae00bde37667d05f,2026-05-02 12:40:24,0x45fe71f2d23a404b8c6f00596270484efa3632c3441a956fd3116b5be7e09976,bitcoin-up-or-down-may-2-2026-5am-et
"Bitcoin Up or Down - May 2, 5AM ET",Up,BUY,5,0.5,0x14bb2861ce75d45cd27662cdb89dd48815b9e595db16afd2ae00bde37667d05f,2026-05-02 12:40:22,0xece066c84435274175d36e0173c5d8e1c7179c54e6f1e354ea7f7fd150e664bb,bitcoin-up-or-down-may-2-2026-5am-et
"Bitcoin Up or Down - May 2, 5AM ET",Up,BUY,5,0.5,0x14bb2861ce75d45cd27662cdb89dd48815b9e595db16afd2ae00bde37667d05f,2026-05-02 12:40:22,0xcbd97ff3ab4ea38fa83ef71096f0c1333efa01b037df58c3e0b003eef3b2fbc4,bitcoin-up-or-down-may-2-2026-5am-et
"Bitcoin Up or Down - May 2, 5AM ET",Down,BUY,5,0.5,0x14bb2861ce75d45cd27662cdb89dd48815b9e595db16afd2ae00bde37667d05f,2026-05-02 12:40:20,0x04e1395f8470759fed49d2e815b8d5c30e22ca3e7305f3de2361965473edf782,bitcoin-up-or-down-may-2-2026-5am-et
"Bitcoin Up or Down - May 2, 5:30AM-5:45AM ET",Down,BUY,11,0.32,0x35d378c038a567a632a68cb611b651781a25d89b8639278a064ee15d72ad840a,2026-05-02 12:40:18,0x571759d3e66814021574924d8028704f4a9405b321da51054eed8d1c0e5f270f,btc-updown-15m-1777714200
"Bitcoin Up or Down - May 2, 5:30AM-5:45AM ET",Down,BUY,5,0.31,0x35d378c038a567a632a68cb611b651781a25d89b8639278a064ee15d72ad840a,2026-05-02 12:40:18,0x6ddb5b07ef9e948e968ef2c0da9566fd70ae55fede40ce3d64c1ddda14146069,btc-updown-15m-1777714200
"Bitcoin Up or Down - May 2, 5AM ET",Down,BUY,5,0.5,0x14bb2861ce75d45cd27662cdb89dd48815b9e595db16afd2ae00bde37667d05f,2026-05-02 12:40:18,0xd7c58c2b818a263f53f6406d7a6d61a180b53fd298bf90120654b6c43ee3d971,bitcoin-up-or-down-may-2-2026-5am-et
"Bitcoin Up or Down - May 2, 5:30AM-5:45AM ET",Down,BUY,10,0.3,0x35d378c038a567a632a68cb611b651781a25d89b8639278a064ee15d72ad840a,2026-05-02 12:40:18,0x42d59bd4146c9fd92e814d4a364f7c15721c482ec79ca1c45e3ab1538ad06e28,btc-updown-15m-1777714200
"Ethereum Up or Down - May 2, 5:40AM-5:45AM ET",Down,BUY,11,0.6,0x2d9c8aa99cfffd83b21631ef104a2076636d71413612daf35ac4d525d94ed5a3,2026-05-02 12:40:16,0xbd869ab4a972676dffa111cecb93261a112dd934577a34f32b884755ff772051,eth-updown-5m-1777714800
"Ethereum Up or Down - May 2, 5:40AM-5:45AM ET",Down,BUY,11,0.63,0x2d9c8aa99cfffd83b21631ef104a2076636d71413612daf35ac4d525d94ed5a3,2026-05-02 12:40:16,0x8d1490dd6d4172b1e93aeefe289e7b41cf5fecd5c283d9eb35f1be821f39d955,eth-updown-5m-1777714800
"Bitcoin Up or Down - May 2, 5:40AM-5:45AM ET",Down,BUY,40,0.45,0x296377ecaac0797a58fb51d7b980af923c40ba975cbd995d889f2faf528f3e1a,2026-05-02 12:40:14,0xb02a41143c5d825fac7f786d16da29eb4e3d7467c21c0abe95a379c8fba0fae8,btc-updown-5m-1777714800
"Ethereum Up or Down - May 2, 5:40AM-5:45AM ET",Down,BUY,5,0.57,0x2d9c8aa99cfffd83b21631ef104a2076636d71413612daf35ac4d525d94ed5a3,2026-05-02 12:40:14,0xac3018c6b524937ce11bccc9399c4ca58843dfec2f70fd46a840ed108df394d4,eth-updown-5m-1777714800
"Bitcoin Up or Down - May 2, 5AM ET",Down,BUY,5,0.54,0x14bb2861ce75d45cd27662cdb89dd48815b9e595db16afd2ae00bde37667d05f,2026-05-02 12:40:14,0xa671900a124fa1b7b9c3a7b5a9444dd0d18d782d060cdcb272d60b773516b211,bitcoin-up-or-down-may-2-2026-5am-et
"Bitcoin Up or Down - May 2, 5AM ET",Down,BUY,5,0.54,0x14bb2861ce75d45cd27662cdb89dd48815b9e595db16afd2ae00bde37667d05f,2026-05-02 12:40:14,0x0517b320a1c67ff163bac8d5efb889838440912fdd4008b6f8a2fc0a424bf6bc,bitcoin-up-or-down-may-2-2026-5am-et
"Ethereum Up or Down - May 2, 5:40AM-5:45AM ET",Down,BUY,1.5,0.6,0x2d9c8aa99cfffd83b21631ef104a2076636d71413612daf35ac4d525d94ed5a3,2026-05-02 12:40:14,0xa8e77a2b7a1e67dff08041c830f85116f34253400a2f4208deb317d554021f8d,eth-updown-5m-1777714800
"Ethereum Up or Down - May 2, 5:40AM-5:45AM ET",Down,BUY,11,0.63,0x2d9c8aa99cfffd83b21631ef104a2076636d71413612daf35ac4d525d94ed5a3,2026-05-02 12:40:14,0x41177fe62d083afe2dbfabe2f8df8e63d70a329e4abbff43abef6d6e2a0aa5dd,eth-updown-5m-1777714800
"Bitcoin Up or Down - May 2, 5:30AM-5:45AM ET",Up,BUY,11,0.600909090909091,0x35d378c038a567a632a68cb611b651781a25d89b8639278a064ee15d72ad840a,2026-05-02 12:40:12,0x80956448b053c5bf7521da9d68b89cb7a88203aa566e1e5e6ad225c30667668d,btc-updown-15m-1777714200
"Bitcoin Up or Down - May 2, 5AM ET",Down,BUY,5,0.5,0x14bb2861ce75d45cd27662cdb89dd48815b9e595db16afd2ae00bde37667d05f,2026-05-02 12:40:12,0x7c0ea730a2a350a192a0ac8d46d9b5e6ff292d6d964842d0ed49610223273498,bitcoin-up-or-down-may-2-2026-5am-et
"Bitcoin Up or Down - May 2, 5AM ET",Down,BUY,5,0.5,0x14bb2861ce75d45cd27662cdb89dd48815b9e595db16afd2ae00bde37667d05f,2026-05-02 12:40:10,0x4144df6e0705b60ff73a75e560e8923af2872d324f33075f190373a94be26df2,bitcoin-up-or-down-may-2-2026-5am-et
"Bitcoin Up or Down - May 2, 5:30AM-5:45AM ET",Down,BUY,11,0.37,0x35d378c038a567a632a68cb611b651781a25d89b8639278a064ee15d72ad840a,2026-05-02 12:40:10,0x3899fb7070c0fadbd645adf456b50c951b0b211d584b414beab1801950a2d24d,btc-updown-15m-1777714200
"Bitcoin Up or Down - May 2, 5AM ET",Down,BUY,5,0.5,0x14bb2861ce75d45cd27662cdb89dd48815b9e595db16afd2ae00bde37667d05f,2026-05-02 12:40:10,0x93ed32220904906f6e4debcb5d5695e37116decb4bab155e8e28575cedce4b4d,bitcoin-up-or-down-may-2-2026-5am-et
"Bitcoin Up or Down - May 2, 5AM ET",Down,BUY,5,0.5,0x14bb2861ce75d45cd27662cdb89dd48815b9e595db16afd2ae00bde37667d05f,2026-05-02 12:40:10,0x41c0b19efd24bdbd42734fb6a4d81f87e1fd36d344d742dd7a362d8eabee2553,bitcoin-up-or-down-may-2-2026-5am-et
"Bitcoin Up or Down - May 2, 5AM ET",Up,BUY,5,0.51,0x14bb2861ce75d45cd27662cdb89dd48815b9e595db16afd2ae00bde37667d05f,2026-05-02 12:39:48,0x474075b7e26067ae213192728b9b0fa5b24bda733905d30153aeafa49c7f07f6,bitcoin-up-or-down-may-2-2026-5am-et
"Bitcoin Up or Down - May 2, 5:30AM-5:45AM ET",Up,BUY,16,0.74,0x35d378c038a567a632a68cb611b651781a25d89b8639278a064ee15d72ad840a,2026-05-02 12:39:48,0x2f0f8ca5d72595ffd1ce9a584eb845b5bdd43c6b2e3d8cc33113749cad766bc0,btc-updown-15m-1777714200
"Bitcoin Up or Down - May 2, 5AM ET",Up,BUY,5,0.51384,0x14bb2861ce75d45cd27662cdb89dd48815b9e595db16afd2ae00bde37667d05f,2026-05-02 12:39:48,0x93906a96a256545d2bd3dba6c73d65c40633c723be99e7b689c0bf0dd9bfd5f5,bitcoin-up-or-down-may-2-2026-5am-et
"Bitcoin Up or Down - May 2, 5:30AM-5:45AM ET",Up,BUY,13,0.73,0x35d378c038a567a632a68cb611b651781a25d89b8639278a064ee15d72ad840a,2026-05-02 12:39:48,0x0a0c67642a3c1802c57275390f439a3fc5052116839535bcb8f4643ef41e3a8b,btc-updown-15m-1777714200
"Bitcoin Up or Down - May 2, 5:30AM-5:45AM ET",Up,BUY,14,0.73,0x35d378c038a567a632a68cb611b651781a25d89b8639278a064ee15d72ad840a,2026-05-02 12:39:48,0xcdf25cb977be5df4f1f3dddf13e9e3d25b6db7af1f027c5cf288450c3b767af8,btc-updown-15m-1777714200
"Bitcoin Up or Down - May 2, 5:30AM-5:45AM ET",Up,BUY,13,0.73,0x35d378c038a567a632a68cb611b651781a25d89b8639278a064ee15d72ad840a,2026-05-02 12:39:48,0xa9f8830325db4b49ddc540e550d1b89eed74a1f09a9da1a3a89372f4d2717f3c,btc-updown-15m-1777714200
"Bitcoin Up or Down - May 2, 5AM ET",Up,BUY,5,0.51,0x14bb2861ce75d45cd27662cdb89dd48815b9e595db16afd2ae00bde37667d05f,2026-05-02 12:39:48,0x43d1d7763c502477fe3d51493cb8afdc964fad00504b4f25d507e64cc1a0ac63,bitcoin-up-or-down-may-2-2026-5am-et
"Bitcoin Up or Down - May 2, 5AM ET",Up,BUY,5,0.52,0x14bb2861ce75d45cd27662cdb89dd48815b9e595db16afd2ae00bde37667d05f,2026-05-02 12:39:48,0x9a493bfe083ad302e8a78c33c0ad81cbfcc051a79bb0946aecffe70cc8ad1c7f,bitcoin-up-or-down-may-2-2026-5am-et
"Bitcoin Up or Down - May 2, 5AM ET",Down,BUY,5,0.5,0x14bb2861ce75d45cd27662cdb89dd48815b9e595db16afd2ae00bde37667d05f,2026-05-02 12:39:44,0x0bb48ab2e529dd2daa858267438b7087ca01523e45678be4c7c3fdb79185013c,bitcoin-up-or-down-may-2-2026-5am-et
"Bitcoin Up or Down - May 2, 5:30AM-5:45AM ET",Down,BUY,11,0.3,0x35d378c038a567a632a68cb611b651781a25d89b8639278a064ee15d72ad840a,2026-05-02 12:39:44,0x9f44855dc1b34b358a13c293124ebb95f9719ae27af1fae87a8ef1ad30a02748,btc-updown-15m-1777714200
"Bitcoin Up or Down - May 2, 5AM ET",Down,BUY,5,0.5,0x14bb2861ce75d45cd27662cdb89dd48815b9e595db16afd2ae00bde37667d05f,2026-05-02 12:39:42,0x1ad4258fed20577fdb0e1034dc22d7416f0f787160390d385343e1e6a79c806b,bitcoin-up-or-down-may-2-2026-5am-et
"Bitcoin Up or Down - May 2, 5AM ET",Down,BUY,5,0.5,0x14bb2861ce75d45cd27662cdb89dd48815b9e595db16afd2ae00bde37667d05f,2026-05-02 12:39:40,0xe80cb0ea48deaed0399e10a7196ee6767afb2073cfaccf6f9d3e10c1ca44a36a,bitcoin-up-or-down-may-2-2026-5am-et
"Bitcoin Up or Down - May 2, 5AM ET",Down,BUY,5,0.5,0x14bb2861ce75d45cd27662cdb89dd48815b9e595db16afd2ae00bde37667d05f,2026-05-02 12:39:40,0x488877849eaf3fddb86390c969536eaee8427d1574796e73ab214af666fc61a4,bitcoin-up-or-down-may-2-2026-5am-et
"Bitcoin Up or Down - May 2, 5AM ET",Down,BUY,5,0.5,0x14bb2861ce75d45cd27662cdb89dd48815b9e595db16afd2ae00bde37667d05f,2026-05-02 12:39:40,0x39c5b02592abbb0b924b4a285fc7931f8576e9a9adb08663f2d235d15aa78a0b,bitcoin-up-or-down-may-2-2026-5am-et
"Bitcoin Up or Down - May 2, 5AM ET",Down,BUY,5,0.5,0x14bb2861ce75d45cd27662cdb89dd48815b9e595db16afd2ae00bde37667d05f,2026-05-02 12:39:36,0x8737ffb8d37041c1755db7ea64924b31eeb08e5b8f6b9be5f6ddbeedd9091de9,bitcoin-up-or-down-may-2-2026-5am-et
"Bitcoin Up or Down - May 2, 5AM ET",Down,BUY,5,0.47,0x14bb2861ce75d45cd27662cdb89dd48815b9e595db16afd2ae00bde37667d05f,2026-05-02 12:39:36,0x0dc0081efbd45c3f877ba530705f90877df8e536e9bdb377c79d1374f1f1a203,bitcoin-up-or-down-may-2-2026-5am-et
"Bitcoin Up or Down - May 2, 5AM ET",Down,BUY,5,0.47,0x14bb2861ce75d45cd27662cdb89dd48815b9e595db16afd2ae00bde37667d05f,2026-05-02 12:39:34,0xae3fff056ff16e581d116a9c5d817a243987a8f16e3d4c8bec8fb20ff28f73d5,bitcoin-up-or-down-may-2-2026-5am-et
"Bitcoin Up or Down - May 2, 5AM ET",Down,BUY,5,0.45,0x14bb2861ce75d45cd27662cdb89dd48815b9e595db16afd2ae00bde37667d05f,2026-05-02 12:39:30,0x55d84c5f6906986a911e08ac4f3379b0943339fb13b04f1396c2ca2e48ee2f51,bitcoin-up-or-down-may-2-2026-5am-et
"Bitcoin Up or Down - May 2, 5AM ET",Down,BUY,5,0.44,0x14bb2861ce75d45cd27662cdb89dd48815b9e595db16afd2ae00bde37667d05f,2026-05-02 12:39:30,0xe774a69b9e63baf39bd80999a2157f9ffc744e2c75c866468be958371787bdbb,bitcoin-up-or-down-may-2-2026-5am-et
"Bitcoin Up or Down - May 2, 5AM ET",Down,BUY,5,0.41,0x14bb2861ce75d45cd27662cdb89dd48815b9e595db16afd2ae00bde37667d05f,2026-05-02 12:39:26,0x68ad4c44537b35a35d9d27d1024763a60c469a7b1fe996e95b3c414c6e8bc16c,bitcoin-up-or-down-may-2-2026-5am-et
"Bitcoin Up or Down - May 2, 5AM ET",Down,BUY,5,0.41,0x14bb2861ce75d45cd27662cdb89dd48815b9e595db16afd2ae00bde37667d05f,2026-05-02 12:39:24,0xf31c025214e34924062ae967ff1486269b0cb1bb52da5ee8d6b5648a9cc22e3e,bitcoin-up-or-down-may-2-2026-5am-et
"Bitcoin Up or Down - May 2, 5AM ET",Up,BUY,5,0.54,0x14bb2861ce75d45cd27662cdb89dd48815b9e595db16afd2ae00bde37667d05f,2026-05-02 12:39:08,0x962a7ba9d964f782b354586b6848c941a4c1875aa4fed0e5f04d0b7c00b9085b,bitcoin-up-or-down-may-2-2026-5am-et
"Bitcoin Up or Down - May 2, 5AM ET",Up,BUY,5,0.54,0x14bb2861ce75d45cd27662cdb89dd48815b9e595db16afd2ae00bde37667d05f,2026-05-02 12:39:08,0x6957248dd16882c5a673db3fe46a3041aca2577d9810e50702a2f5b0b7971379,bitcoin-up-or-down-may-2-2026-5am-et
"Bitcoin Up or Down - May 2, 5AM ET",Up,BUY,1.01,0.53,0x14bb2861ce75d45cd27662cdb89dd48815b9e595db16afd2ae00bde37667d05f,2026-05-02 12:39:04,0xbee3036ca07b18c1ce799ba5abe7280d5c0e91b827a515f00208293bf4a963b5,bitcoin-up-or-down-may-2-2026-5am-et
"Bitcoin Up or Down - May 2, 5:30AM-5:45AM ET",Up,BUY,53,0.93,0x35d378c038a567a632a68cb611b651781a25d89b8639278a064ee15d72ad840a,2026-05-02 12:39:04,0xb0cdebc9a2eca8c7ce81cbe477dd40ec03c3bfb4808d08cc1d47daaa42ce09ab,btc-updown-15m-1777714200
"Bitcoin Up or Down - May 2, 5AM ET",Down,BUY,2.72,0.44,0x14bb2861ce75d45cd27662cdb89dd48815b9e595db16afd2ae00bde37667d05f,2026-05-02 12:37:54,0x99d932634391de2057338652c85329c425ed9523a8c7badb778d630fa080bdd6,bitcoin-up-or-down-may-2-2026-5am-et
"Bitcoin Up or Down - May 2, 5AM ET",Up,BUY,7,0.77,0x14bb2861ce75d45cd27662cdb89dd48815b9e595db16afd2ae00bde37667d05f,2026-05-02 12:37:22,0xd881e283503703d2bf450b023a1a481084d545283adbf76cdfb09ead9c0f9b0b,bitcoin-up-or-down-may-2-2026-5am-et
"Bitcoin Up or Down - May 2, 5AM ET",Up,BUY,7,0.76,0x14bb2861ce75d45cd27662cdb89dd48815b9e595db16afd2ae00bde37667d05f,2026-05-02 12:37:22,0x28b06e58a4d615ce0eac3a386969b1c15c656d67e454567860b2591283e05237,bitcoin-up-or-down-may-2-2026-5am-et
"Bitcoin Up or Down - May 2, 5AM ET",Up,BUY,7,0.76,0x14bb2861ce75d45cd27662cdb89dd48815b9e595db16afd2ae00bde37667d05f,2026-05-02 12:37:14,0x96b8c71c998a55eec97a4fc0c801a3f77e1e0c3c07be13bdbcca0166a530be6f,bitcoin-up-or-down-may-2-2026-5am-et
"Bitcoin Up or Down - May 2, 5AM ET",Up,BUY,6,0.71,0x14bb2861ce75d45cd27662cdb89dd48815b9e595db16afd2ae00bde37667d05f,2026-05-02 12:36:54,0x141adcdfd26fa5ba882a50fa1c9de429a27e55cc12616ff1802ecf9749213c09,bitcoin-up-or-down-may-2-2026-5am-et
"Bitcoin Up or Down - May 2, 4:00AM-8:00AM ET",Up,BUY,6,0.73,0x5414faf1d4f67d580fd195b96186c0beecc19b4c786e84133c96f0fc44c5263b,2026-05-02 12:36:54,0xa3956d34edc96473ef744bd05ba6c8a5c0c6cb48a7017e5558397ea80e29b07b,btc-updown-4h-1777708800
"Bitcoin Up or Down - May 2, 5AM ET",Up,BUY,6,0.71,0x14bb2861ce75d45cd27662cdb89dd48815b9e595db16afd2ae00bde37667d05f,2026-05-02 12:36:54,0x275c8adec52ea0a63966c73393b89c782a27bac72451afecbcbf09d237ab1539,bitcoin-up-or-down-may-2-2026-5am-et
"Bitcoin Up or Down - May 2, 5AM ET",Up,BUY,6,0.71,0x14bb2861ce75d45cd27662cdb89dd48815b9e595db16afd2ae00bde37667d05f,2026-05-02 12:36:54,0x8353864c141a0b85ff9b3cf81619d68def59fe8ce1d90d578331fe9202182d6c,bitcoin-up-or-down-may-2-2026-5am-et
"Ethereum Up or Down - May 2, 5:35AM-5:40AM ET",Up,BUY,38,0.8782578947368421,0xb98fe2b924c310760d13dd45458a9d0b17cd4b265f3276ed9ac8d3056fd06401,2026-05-02 12:36:52,0xac845b0c766dcfcec17f49704492679d288c271100bb2a646ade6ef569bc88c9,eth-updown-5m-1777714500
"Bitcoin Up or Down - May 2, 4:00AM-8:00AM ET",Up,BUY,5,0.74,0x5414faf1d4f67d580fd195b96186c0beecc19b4c786e84133c96f0fc44c5263b,2026-05-02 12:36:52,0xc1513f053cfe7ab669b061354d1c834d63641daa35c434699f42e678a25dd8d8,btc-updown-4h-1777708800
"Ethereum Up or Down - May 2, 5:35AM-5:40AM ET",Up,BUY,24,0.87,0xb98fe2b924c310760d13dd45458a9d0b17cd4b265f3276ed9ac8d3056fd06401,2026-05-02 12:36:52,0x0cf7095ceff3a0a0dc91cdac339e41296d1c81e197a767c074af9ece019d5276,eth-updown-5m-1777714500
"Ethereum Up or Down - May 2, 5:35AM-5:40AM ET",Up,BUY,26,0.87,0xb98fe2b924c310760d13dd45458a9d0b17cd4b265f3276ed9ac8d3056fd06401,2026-05-02 12:36:52,0x81d174be0cf38da07ce9312d4c05ee36c055257d263aa0daad810be3bc9db481,eth-updown-5m-1777714500
"Ethereum Up or Down - May 2, 5:35AM-5:40AM ET",Up,BUY,28,0.87,0xb98fe2b924c310760d13dd45458a9d0b17cd4b265f3276ed9ac8d3056fd06401,2026-05-02 12:36:52,0x4f05ffdafe77a74f1e1162a041b1748988cfca4f42783fcbf36453994c49ed18,eth-updown-5m-1777714500
"Ethereum Up or Down - May 2, 5:35AM-5:40AM ET",Up,BUY,34,0.87,0xb98fe2b924c310760d13dd45458a9d0b17cd4b265f3276ed9ac8d3056fd06401,2026-05-02 12:36:52,0x417354abfdaf6cb3931c1bcd8b98f22f6e2366c1275a9f5be09a5d966447d898,eth-updown-5m-1777714500
"Bitcoin Up or Down - May 2, 5AM ET",Up,BUY,5,0.65,0x14bb2861ce75d45cd27662cdb89dd48815b9e595db16afd2ae00bde37667d05f,2026-05-02 12:36:52,0xf40c5520d3dbb68b7f498bb5175ec0effda3421f8e048c826d4b2ef48da63073,bitcoin-up-or-down-may-2-2026-5am-et
"Ethereum Up or Down - May 2, 5:35AM-5:40AM ET",Up,BUY,20,0.85,0xb98fe2b924c310760d13dd45458a9d0b17cd4b265f3276ed9ac8d3056fd06401,2026-05-02 12:36:52,0x162c63d7c73773dfb29c507f460ceca8ff31c1488c871937c89f64d523b3da29,eth-updown-5m-1777714500
"Bitcoin Up or Down - May 2, 5AM ET",Up,BUY,5,0.65,0x14bb2861ce75d45cd27662cdb89dd48815b9e595db16afd2ae00bde37667d05f,2026-05-02 12:36:50,0xa14e21fe69efb599ac49ca223e4e36d2a3f7077745a2b56eae5190b6d2396f3c,bitcoin-up-or-down-may-2-2026-5am-et
"Bitcoin Up or Down - May 2, 5:35AM-5:40AM ET",Up,BUY,43,0.62,0x8ddf8dd4cbd389e2d46231e2055864b9d622413c0979dacded041f90b7e692b8,2026-05-02 12:36:36,0x3d2f98a4d6cdb5cfcae459fc0250d480c2d6f8a82a6b072842a619ee0232e963,btc-updown-5m-1777714500
"Bitcoin Up or Down - May 2, 5AM ET",Up,BUY,5,0.61,0x14bb2861ce75d45cd27662cdb89dd48815b9e595db16afd2ae00bde37667d05f,2026-05-02 12:36:36,0x356f6afeaa53316154fb0932cb846a329a23765b3de167896761eed6ab73a2b7,bitcoin-up-or-down-may-2-2026-5am-et
"Bitcoin Up or Down - May 2, 5:30AM-5:45AM ET",Up,BUY,15,0.7664133333333333,0x35d378c038a567a632a68cb611b651781a25d89b8639278a064ee15d72ad840a,2026-05-02 12:36:36,0x691b11dc66a81665f9680ce44578a922c6bd2e7cf14a4f85a7c48144b4e92efc,btc-updown-15m-1777714200
"Bitcoin Up or Down - May 2, 5AM ET",Up,BUY,5,0.61,0x14bb2861ce75d45cd27662cdb89dd48815b9e595db16afd2ae00bde37667d05f,2026-05-02 12:36:36,0xe2acbecb1c500b1328522e9df68e2ac013d770015eac1ca67e9890b9e53be2cc,bitcoin-up-or-down-may-2-2026-5am-et
"Ethereum Up or Down - May 2, 5:35AM-5:40AM ET",Up,BUY,12,0.69,0xb98fe2b924c310760d13dd45458a9d0b17cd4b265f3276ed9ac8d3056fd06401,2026-05-02 12:36:26,0x5314eb072722a2b11ddc55a248c38bb223ea2c6dedcaa505af765027c43da1fc,eth-updown-5m-1777714500
"Bitcoin Up or Down - May 2, 5:35AM-5:40AM ET",Up,BUY,45,0.64,0x8ddf8dd4cbd389e2d46231e2055864b9d622413c0979dacded041f90b7e692b8,2026-05-02 12:36:26,0x10ecbab577ec90557afd5fca1e83826f78b0fe3c9bfbf9dfe925ee1431a4b4aa,btc-updown-5m-1777714500
"Bitcoin Up or Down - May 2, 5AM ET",Up,BUY,5,0.58,0x14bb2861ce75d45cd27662cdb89dd48815b9e595db16afd2ae00bde37667d05f,2026-05-02 12:36:24,0xfd55598cbac0eb9091c4cbf4b8569cd73f617ff788ad9806fd50e757caa2ab8b,bitcoin-up-or-down-may-2-2026-5am-et
"Bitcoin Up or Down - May 2, 5:30AM-5:45AM ET",Up,BUY,14,0.7018857142857143,0x35d378c038a567a632a68cb611b651781a25d89b8639278a064ee15d72ad840a,2026-05-02 12:36:24,0xebc2e5ec66c523c499d4f05186d46d89df179691e9696c4ef1dcdbd122c0c409,btc-updown-15m-1777714200
"Bitcoin Up or Down - May 2, 5:30AM-5:45AM ET",Up,BUY,12,0.7,0x35d378c038a567a632a68cb611b651781a25d89b8639278a064ee15d72ad840a,2026-05-02 12:36:24,0xb88160d2e0a6fb8f8235fed5872e65ca6a987c5fed173092498fe1c9c741cefa,btc-updown-15m-1777714200
"Bitcoin Up or Down - May 2, 5AM ET",Up,BUY,5,0.57,0x14bb2861ce75d45cd27662cdb89dd48815b9e595db16afd2ae00bde37667d05f,2026-05-02 12:36:24,0x01fc63adcd13334bfb97a81f524f97a45744b2e188f06b3ba4e74df0e14f1b72,bitcoin-up-or-down-may-2-2026-5am-et
"Ethereum Up or Down - May 2, 5:35AM-5:40AM ET",Up,BUY,12,0.6456333333333333,0xb98fe2b924c310760d13dd45458a9d0b17cd4b265f3276ed9ac8d3056fd06401,2026-05-02 12:36:08,0x9ea5855ac0d4ffe25d3fe800373d9cdf9941fb83340ddaf498dad4a352e9dfbc,eth-updown-5m-1777714500
"Ethereum Up or Down - May 2, 5:35AM-5:40AM ET",Up,BUY,11,0.64,0xb98fe2b924c310760d13dd45458a9d0b17cd4b265f3276ed9ac8d3056fd06401,2026-05-02 12:36:08,0x6e6753f781d09efb4a21c8d08c28d91c2486f481f4d52c65c662e03824730dd8,eth-updown-5m-1777714500
"Bitcoin Up or Down - May 2, 5:35AM-5:40AM ET",Up,BUY,40,0.54,0x8ddf8dd4cbd389e2d46231e2055864b9d622413c0979dacded041f90b7e692b8,2026-05-02 12:36:08,0xf19edcb292bea6de78c16d8483db7d3282d5e92e5121ae0fd0c1031c9106aea3,btc-updown-5m-1777714500
"Ethereum Up or Down - May 2, 5:35AM-5:40AM ET",Up,BUY,11,0.62,0xb98fe2b924c310760d13dd45458a9d0b17cd4b265f3276ed9ac8d3056fd06401,2026-05-02 12:36:04,0xe579666ecb1aed9c1ba1b5b3b0b90692335a0a26db8cf618e77c8acef2a075b3,eth-updown-5m-1777714500
"Ethereum Up or Down - May 2, 5:35AM-5:40AM ET",Down,BUY,10,0.42,0xb98fe2b924c310760d13dd45458a9d0b17cd4b265f3276ed9ac8d3056fd06401,2026-05-02 12:35:36,0x7647d18908251764c6bacd2bf6c741b7832c522afcc8fcaa9c0497c9bf9d150c,eth-updown-5m-1777714500
"Bitcoin Up or Down - May 2, 5:30AM-5:45AM ET",Up,BUY,6.52,0.62,0x35d378c038a567a632a68cb611b651781a25d89b8639278a064ee15d72ad840a,2026-05-02 12:35:32,0xa053c2385d11845af149eb6760d3ba163464da658df7711a29325e897cbe6210,btc-updown-15m-1777714200
"Ethereum Up or Down - May 2, 5:35AM-5:40AM ET",Up,BUY,10,0.58,0xb98fe2b924c310760d13dd45458a9d0b17cd4b265f3276ed9ac8d3056fd06401,2026-05-02 12:35:32,0xfe879b7c7266e9c672cd9b3ae8ff494aae7c073c3adbd205d1ba8cd52284a71e,eth-updown-5m-1777714500
"Ethereum Up or Down - May 2, 5:35AM-5:40AM ET",Up,BUY,11,0.5618181818181818,0xb98fe2b924c310760d13dd45458a9d0b17cd4b265f3276ed9ac8d3056fd06401,2026-05-02 12:35:32,0xcdf1cf20574644777b8ce6f835b4fc8c68dab83ba32586891012556be0c35431,eth-updown-5m-1777714500
"Ethereum Up or Down - May 2, 5:35AM-5:40AM ET",Up,BUY,10,0.54,0xb98fe2b924c310760d13dd45458a9d0b17cd4b265f3276ed9ac8d3056fd06401,2026-05-02 12:35:32,0x8f90c4fc6a303f6000e22742d8691cd64db01d4f0fc0ccb2d9f787f4160847e7,eth-updown-5m-1777714500
"Ethereum Up or Down - May 2, 5:35AM-5:40AM ET",Up,BUY,10,0.54,0xb98fe2b924c310760d13dd45458a9d0b17cd4b265f3276ed9ac8d3056fd06401,2026-05-02 12:35:32,0x34cd15d918514aabb1d7e51e88f53ce966c08670872cba689fb975673e1b0abf,eth-updown-5m-1777714500
"Bitcoin Up or Down - May 2, 5AM ET",Up,BUY,5,0.52,0x14bb2861ce75d45cd27662cdb89dd48815b9e595db16afd2ae00bde37667d05f,2026-05-02 12:35:24,0x6bf12d9505f92ff4ade8eca8aac199efd92b840832840de4ebcb8db4e262235c,bitcoin-up-or-down-may-2-2026-5am-et
"Bitcoin Up or Down - May 2, 5:30AM-5:45AM ET",Up,BUY,11,0.6,0x35d378c038a567a632a68cb611b651781a25d89b8639278a064ee15d72ad840a,2026-05-02 12:35:24,0x22ffc2984c9fbf8897e5da99d0b913b251a55ec4a9b02de577616b2a54da0232,btc-updown-15m-1777714200
"Bitcoin Up or Down - May 2, 5AM ET",Up,BUY,5,0.52,0x14bb2861ce75d45cd27662cdb89dd48815b9e595db16afd2ae00bde37667d05f,2026-05-02 12:35:24,0xc940a12f5fc4f4f6ecb2dc793444aa6e1aa47b7f8ebf367130f53ba434da7a59,bitcoin-up-or-down-may-2-2026-5am-et
"Bitcoin Up or Down - May 2, 5:30AM-5:45AM ET",Up,BUY,11,0.5903090909090909,0x35d378c038a567a632a68cb611b651781a25d89b8639278a064ee15d72ad840a,2026-05-02 12:35:24,0xe9386da3b8b1cc695b7e31b49d422a78dbe49e3ae89a93ade202a911351540ae,btc-updown-15m-1777714200
"Ethereum Up or Down - May 2, 5:35AM-5:40AM ET",Down,BUY,10,0.41,0xb98fe2b924c310760d13dd45458a9d0b17cd4b265f3276ed9ac8d3056fd06401,2026-05-02 12:35:20,0xd29ca8923d059254dfe35a0335df144999eb572cf12ab4d19bafd1e2d217f9fd,eth-updown-5m-1777714500
"Ethereum Up or Down - May 2, 5:35AM-5:40AM ET",Down,BUY,10,0.418,0xb98fe2b924c310760d13dd45458a9d0b17cd4b265f3276ed9ac8d3056fd06401,2026-05-02 12:35:18,0x362a52cca0aa2e562c39e24da1e26489a0b538e1007a07e6c520e009189e6233,eth-updown-5m-1777714500
"Ethereum Up or Down - May 2, 5:35AM-5:40AM ET",Up,BUY,10,0.6,0xb98fe2b924c310760d13dd45458a9d0b17cd4b265f3276ed9ac8d3056fd06401,2026-05-02 12:35:14,0x513992d3b2db1ff4b6a8896e9358b3c542362104c6db8d15a3a0bbb24006f8ef,eth-updown-5m-1777714500
"Bitcoin Up or Down - May 2, 5AM ET",Up,BUY,5,0.52,0x14bb2861ce75d45cd27662cdb89dd48815b9e595db16afd2ae00bde37667d05f,2026-05-02 12:35:06,0xa4add7493233effa0d75964b32fe51b6481d4fc3bbc9c28dedd4865a9d75d9c5,bitcoin-up-or-down-may-2-2026-5am-et
"Bitcoin Up or Down - May 2, 5AM ET",Down,BUY,5,0.4996,0x14bb2861ce75d45cd27662cdb89dd48815b9e595db16afd2ae00bde37667d05f,2026-05-02 12:34:52,0x86709e30e2efbbe630cf29497d609a4a4c3b0b51d83b52a207b33990e36642c6,bitcoin-up-or-down-may-2-2026-5am-et
"Bitcoin Up or Down - May 2, 5:30AM-5:45AM ET",Down,BUY,10,0.46,0x35d378c038a567a632a68cb611b651781a25d89b8639278a064ee15d72ad840a,2026-05-02 12:34:52,0x4c961311c1bc68ce7b0eb173d53fd57092d34413047223905527e6e24ec3eab4,btc-updown-15m-1777714200
"Bitcoin Up or Down - May 2, 5AM ET",Down,BUY,5,0.49,0x14bb2861ce75d45cd27662cdb89dd48815b9e595db16afd2ae00bde37667d05f,2026-05-02 12:34:52,0x50621284609f7a225b1742eecd30ee164c8ecacad4b81399c44230aa7ecb2d03,bitcoin-up-or-down-may-2-2026-5am-et
"Bitcoin Up or Down - May 2, 5AM ET",Down,BUY,5,0.49,0x14bb2861ce75d45cd27662cdb89dd48815b9e595db16afd2ae00bde37667d05f,2026-05-02 12:34:52,0x5223fdd5721fd3bc9f8e68f73d7cd82f41afbaf3e3b6e54bee76e4554ede0af0,bitcoin-up-or-down-may-2-2026-5am-et
"Bitcoin Up or Down - May 2, 5AM ET",Up,BUY,5,0.52,0x14bb2861ce75d45cd27662cdb89dd48815b9e595db16afd2ae00bde37667d05f,2026-05-02 12:34:44,0x2dda3b146e8bccf8d505e7dc883ac4bd2402c87cf1193e678d0fa8424bec3a99,bitcoin-up-or-down-may-2-2026-5am-et
"Bitcoin Up or Down - May 2, 5:30AM-5:45AM ET",Up,BUY,10,0.55,0x35d378c038a567a632a68cb611b651781a25d89b8639278a064ee15d72ad840a,2026-05-02 12:34:44,0x485f18d51bfb491975b3fac92db5c19ba76a0ce85c7a5b6d6b327751907b5816,btc-updown-15m-1777714200
"Bitcoin Up or Down - May 2, 5:30AM-5:35AM ET",Down,BUY,65,0.15064615384615385,0x02eb98e4c5b69ed492d6a1d4a5a76270752d5a8c3f1ca3bcc65963963839b5af,2026-05-02 12:34:44,0x543096b3f152ce6af84ad23a6cecf3acf6013b31bd6cafa43aa26bd82518fb63,btc-updown-5m-1777714200
"Bitcoin Up or Down - May 2, 5AM ET",Up,BUY,5,0.52,0x14bb2861ce75d45cd27662cdb89dd48815b9e595db16afd2ae00bde37667d05f,2026-05-02 12:34:44,0x0e1dbff3c5f5357c08e6d463354072e91e0b567e64eaa308cd46c9d6cb7a0346,bitcoin-up-or-down-may-2-2026-5am-et
"Bitcoin Up or Down - May 2, 5:30AM-5:35AM ET",Down,BUY,17.38,0.25,0x02eb98e4c5b69ed492d6a1d4a5a76270752d5a8c3f1ca3bcc65963963839b5af,2026-05-02 12:34:40,0xeffaf89ef8b26dd98ed7f6a84d238daa9f316da6a2bda2a094ca19cf04b6e0d1,btc-updown-5m-1777714200
"Bitcoin Up or Down - May 2, 5:30AM-5:35AM ET",Down,BUY,55,0.23,0x02eb98e4c5b69ed492d6a1d4a5a76270752d5a8c3f1ca3bcc65963963839b5af,2026-05-02 12:34:40,0x2f185ef70fcc803be86ed05a7e47b6a3930a94e17db21b2391def4b5c9c02d10,btc-updown-5m-1777714200
"Bitcoin Up or Down - May 2, 5AM ET",Down,BUY,5,0.49,0x14bb2861ce75d45cd27662cdb89dd48815b9e595db16afd2ae00bde37667d05f,2026-05-02 12:34:40,0x827779ed5c044808392374fa6ad8ebe00ed53b6ff6ea172f7eac7fcb2ed3d3a2,bitcoin-up-or-down-may-2-2026-5am-et
"Bitcoin Up or Down - May 2, 5:30AM-5:35AM ET",Up,BUY,74,0.83,0x02eb98e4c5b69ed492d6a1d4a5a76270752d5a8c3f1ca3bcc65963963839b5af,2026-05-02 12:34:38,0xc274af3d673c5f32dfc0191180fd8a429ed5a0236ac0e01899dceb9b94d3ca19,btc-updown-5m-1777714200
"Bitcoin Up or Down - May 2, 5:30AM-5:35AM ET",Up,BUY,88,0.7940181818181818,0x02eb98e4c5b69ed492d6a1d4a5a76270752d5a8c3f1ca3bcc65963963839b5af,2026-05-02 12:34:36,0xc71786bfb40404f91f1c2392cfea53eea333d45d0b4b96553092778386ae5403,btc-updown-5m-1777714200
"Bitcoin Up or Down - May 2, 5AM ET",Up,BUY,5,0.35,0x14bb2861ce75d45cd27662cdb89dd48815b9e595db16afd2ae00bde37667d05f,2026-05-02 12:34:30,0x066ae409b9ad082b20f2016c88382b7c1cb49f9edd88c3486e1e83cfb6e08c1a,bitcoin-up-or-down-may-2-2026-5am-et
"Bitcoin Up or Down - May 2, 5:30AM-5:45AM ET",Up,BUY,11,0.33,0x35d378c038a567a632a68cb611b651781a25d89b8639278a064ee15d72ad840a,2026-05-02 12:34:28,0xa10227266be2e50d4f0ba09672a8c2426fe3d586b1fee51512e08608eaa72447,btc-updown-15m-1777714200
"Bitcoin Up or Down - May 2, 5AM ET",Up,BUY,6.59,0.25,0x14bb2861ce75d45cd27662cdb89dd48815b9e595db16afd2ae00bde37667d05f,2026-05-02 12:34:26,0x152195f2686efb86709f539089f1e6759d8a431f1e53211619a939fd5f4189a9,bitcoin-up-or-down-may-2-2026-5am-et
"Bitcoin Up or Down - May 2, 5:30AM-5:45AM ET",Up,BUY,12,0.31,0x35d378c038a567a632a68cb611b651781a25d89b8639278a064ee15d72ad840a,2026-05-02 12:34:26,0x07919e1f55d77b5356557275acd7225b245436ec76b9036fb26713dc7dbccb12,btc-updown-15m-1777714200
"Bitcoin Up or Down - May 2, 5:30AM-5:35AM ET",Up,BUY,40,0.5,0x02eb98e4c5b69ed492d6a1d4a5a76270752d5a8c3f1ca3bcc65963963839b5af,2026-05-02 12:34:20,0x697da3da39ed5eb54e419d73c2e75a8fe14e120696c1dbedbf01331e25e1844c,btc-updown-5m-1777714200
"Ethereum Up or Down - May 2, 5:30AM-5:35AM ET",Up,BUY,34,0.06,0x0eba0138a6e44e3f59f1aa0501fc0cf91d244d6a475999123721e89ec0b20b21,2026-05-02 12:34:20,0x8d8155c29b3827a7be8b2abcfc00eb9b14d0ac121e4a04932f6d29763955cc21,eth-updown-5m-1777714200
"Bitcoin Up or Down - May 2, 5AM ET",Up,BUY,6,0.25,0x14bb2861ce75d45cd27662cdb89dd48815b9e595db16afd2ae00bde37667d05f,2026-05-02 12:34:20,0x6871d46e95f50913456474847e8600ea749a4bdbeb1a75e2c925bff3ca89bae4,bitcoin-up-or-down-may-2-2026-5am-et
"Bitcoin Up or Down - May 2, 5:30AM-5:45AM ET",Up,BUY,13,0.26,0x35d378c038a567a632a68cb611b651781a25d89b8639278a064ee15d72ad840a,2026-05-02 12:34:20,0xc1c4a6762781651e02572837bcf1a83c0d51b1bef24f9c21fb2cacc7c4837bda,btc-updown-15m-1777714200
"Ethereum Up or Down - May 2, 5:30AM-5:35AM ET",Up,BUY,31,0.0718741935483871,0x0eba0138a6e44e3f59f1aa0501fc0cf91d244d6a475999123721e89ec0b20b21,2026-05-02 12:34:20,0x54d81f62cafe0c7998f753dc3a5241fc736b36f9a90279ea6391d6e883bad043,eth-updown-5m-1777714200
"Bitcoin Up or Down - May 2, 5AM ET",Up,BUY,6,0.25,0x14bb2861ce75d45cd27662cdb89dd48815b9e595db16afd2ae00bde37667d05f,2026-05-02 12:34:20,0x28ca650f2a3c7ccb1f11f45862e3ea6d2cbd144d74e2d29ec3f2450605bb6e0e,bitcoin-up-or-down-may-2-2026-5am-et
"Bitcoin Up or Down - May 2, 5:30AM-5:45AM ET",Up,BUY,13,0.2561538461538462,0x35d378c038a567a632a68cb611b651781a25d89b8639278a064ee15d72ad840a,2026-05-02 12:34:20,0x5cff12f3abd6fe6221e0955591ecf3215a982fd9b65fc771f504d1a9c2637073,btc-updown-15m-1777714200
"Bitcoin Up or Down - May 2, 5AM ET",Up,BUY,6,0.25,0x14bb2861ce75d45cd27662cdb89dd48815b9e595db16afd2ae00bde37667d05f,2026-05-02 12:34:20,0x7a7a856295981c3e9706e3a704095f54fd03799bb9e0297d978cbf1b6961eed6,bitcoin-up-or-down-may-2-2026-5am-et
"Bitcoin Up or Down - May 2, 5AM ET",Up,BUY,7,0.25,0x14bb2861ce75d45cd27662cdb89dd48815b9e595db16afd2ae00bde37667d05f,2026-05-02 12:34:20,0xfca585c0b8012144acd7a6c668ed01b7a029ec88c702171bc7372128fb20b3d0,bitcoin-up-or-down-may-2-2026-5am-et
"Bitcoin Up or Down - May 2, 5AM ET",Down,BUY,5,0.76,0x14bb2861ce75d45cd27662cdb89dd48815b9e595db16afd2ae00bde37667d05f,2026-05-02 12:33:36,0xe43ebc1081c20e781960ceeb54bf4abdc056c7f6455dfa01ba2839a889a9e63b,bitcoin-up-or-down-may-2-2026-5am-et
"Ethereum Up or Down - May 2, 5:30AM-5:35AM ET",Up,BUY,34,0.05029411764705882,0x0eba0138a6e44e3f59f1aa0501fc0cf91d244d6a475999123721e89ec0b20b21,2026-05-02 12:33:14,0xbb6d9d5abf0faecf8e97a170ecef10da89dc50201682475cff7b623c50f61443,eth-updown-5m-1777714200
"Bitcoin Up or Down - May 2, 5:30AM-5:35AM ET",Up,BUY,46,0.3,0x02eb98e4c5b69ed492d6a1d4a5a76270752d5a8c3f1ca3bcc65963963839b5af,2026-05-02 12:32:44,0x67dd406d85ec5a45c368d94977e842ef91af1ee7c77e24069749db709c8169b7,btc-updown-5m-1777714200
"Bitcoin Up or Down - May 2, 5:30AM-5:35AM ET",Up,BUY,47,0.2879829787234043,0x02eb98e4c5b69ed492d6a1d4a5a76270752d5a8c3f1ca3bcc65963963839b5af,2026-05-02 12:32:44,0x771e810c420b03692efb9e685198e0767a943e4e0815df4b9ecb4425760afe40,btc-updown-5m-1777714200
"Bitcoin Up or Down - May 2, 5AM ET",Up,BUY,6,0.25,0x14bb2861ce75d45cd27662cdb89dd48815b9e595db16afd2ae00bde37667d05f,2026-05-02 12:32:44,0x082573888c636b084720293fe34de9e9f8d752fb5a3d96ff846a1355e5a775da,bitcoin-up-or-down-may-2-2026-5am-et
"Bitcoin Up or Down - May 2, 5AM ET",Up,BUY,7,0.25,0x14bb2861ce75d45cd27662cdb89dd48815b9e595db16afd2ae00bde37667d05f,2026-05-02 12:32:44,0xc24296aec51b00f0166898a3f13b98f2607c2623c7b32c44790ddde8efe718a5,bitcoin-up-or-down-may-2-2026-5am-et
"Bitcoin Up or Down - May 2, 5:30AM-5:45AM ET",Up,BUY,15,0.2,0x35d378c038a567a632a68cb611b651781a25d89b8639278a064ee15d72ad840a,2026-05-02 12:32:44,0x45c00a7792820d032fff5367edd35bb33a83cbbf8b40a8c9044bd4088c91b81e,btc-updown-15m-1777714200
"Bitcoin Up or Down - May 2, 5AM ET",Down,BUY,5,0.75,0x14bb2861ce75d45cd27662cdb89dd48815b9e595db16afd2ae00bde37667d05f,2026-05-02 12:32:38,0x23f75dfe0ce0c497b8e04994e482619dbbdbb181b6c244eb98da06d6ca99a04f,bitcoin-up-or-down-may-2-2026-5am-et
"Ethereum Up or Down - May 2, 5:30AM-5:35AM ET",Down,BUY,128,0.96536015625,0x0eba0138a6e44e3f59f1aa0501fc0cf91d244d6a475999123721e89ec0b20b21,2026-05-02 12:32:26,0x28ea1a3fb5682701a2d505c1b06e5226d0a5692dbf0d715b20a3a1c6e07c0f3e,eth-updown-5m-1777714200
"Ethereum Up or Down - May 2, 5:30AM-5:35AM ET",Down,BUY,65,0.9569230769230769,0x0eba0138a6e44e3f59f1aa0501fc0cf91d244d6a475999123721e89ec0b20b21,2026-05-02 12:32:26,0xb7c595e05ab1163f179793283463634cb6a1ec42bc484bcc5585f2ac6a4a5e81,eth-updown-5m-1777714200
"Bitcoin Up or Down - May 2, 5:30AM-5:45AM ET",Down,BUY,15,0.79,0x35d378c038a567a632a68cb611b651781a25d89b8639278a064ee15d72ad840a,2026-05-02 12:32:16,0x6a98f74c977f598126b8cb4ee28c96732de091ded870fe5506a25c44cdfb7861,btc-updown-15m-1777714200
"Bitcoin Up or Down - May 2, 5:30AM-5:45AM ET",Up,BUY,14,0.21,0x35d378c038a567a632a68cb611b651781a25d89b8639278a064ee15d72ad840a,2026-05-02 12:32:16,0x730a6d10d1f86495091022216ca0ea2e23fe67cfdf7d28518b061469b5f37d9f,btc-updown-15m-1777714200
"Bitcoin Up or Down - May 2, 5:30AM-5:35AM ET",Up,BUY,37.98,0.2826382306477093,0x02eb98e4c5b69ed492d6a1d4a5a76270752d5a8c3f1ca3bcc65963963839b5af,2026-05-02 12:32:16,0x9de726c73b760508f036ccf3a128cde7eab86e9247ad5225ba2730abef998d43,btc-updown-5m-1777714200
"Bitcoin Up or Down - May 2, 5AM ET",Up,BUY,6,0.27,0x14bb2861ce75d45cd27662cdb89dd48815b9e595db16afd2ae00bde37667d05f,2026-05-02 12:32:16,0x78702e18d06fa475ddf2cee7018a389851ef61951a495167c16d946d3b1031d7,bitcoin-up-or-down-may-2-2026-5am-et
"Bitcoin Up or Down - May 2, 5:30AM-5:35AM ET",Down,BUY,50,0.72,0x02eb98e4c5b69ed492d6a1d4a5a76270752d5a8c3f1ca3bcc65963963839b5af,2026-05-02 12:32:02,0x4f2f330a8112fd6b29962a78a0a8a4b159a92184b0308341aa430b2165c63a33,btc-updown-5m-1777714200
"Bitcoin Up or Down - May 2, 5:30AM-5:35AM ET",Down,BUY,47,0.67,0x02eb98e4c5b69ed492d6a1d4a5a76270752d5a8c3f1ca3bcc65963963839b5af,2026-05-02 12:32:02,0xd2b8d7d006fab146ed58ecc8d50237151f0ea8e4e57e6f91b39016b97819b19a,btc-updown-5m-1777714200
"Ethereum Up or Down - May 2, 5:30AM-5:35AM ET",Down,BUY,34,0.91,0x0eba0138a6e44e3f59f1aa0501fc0cf91d244d6a475999123721e89ec0b20b21,2026-05-02 12:32:02,0x3814073e4539d5934733a8d5eac16bbefe647efcef4286262a3e086d18197fce,eth-updown-5m-1777714200
"Bitcoin Up or Down - May 2, 5AM ET",Down,BUY,7,0.73,0x14bb2861ce75d45cd27662cdb89dd48815b9e595db16afd2ae00bde37667d05f,2026-05-02 12:32:02,0xfae483d11bb634992a138b592cf7d088a128d668fc2370df2203f8d1f38db747,bitcoin-up-or-down-may-2-2026-5am-et
"Bitcoin Up or Down - May 2, 5AM ET",Down,BUY,6,0.73,0x14bb2861ce75d45cd27662cdb89dd48815b9e595db16afd2ae00bde37667d05f,2026-05-02 12:32:02,0x7786b16be42a7cf217e556646b199b84f5b57d02a4b2e68c30931a72778695a2,bitcoin-up-or-down-may-2-2026-5am-et
"Bitcoin Up or Down - May 2, 5:30AM-5:45AM ET",Down,BUY,15,0.7704666666666666,0x35d378c038a567a632a68cb611b651781a25d89b8639278a064ee15d72ad840a,2026-05-02 12:32:02,0x79c8be27d608499ec87a8a8a34e13a96af982fd4df6ab52342046c3ab945f058,btc-updown-15m-1777714200
"Ethereum Up or Down - May 2, 5:30AM-5:35AM ET",Up,BUY,24,0.1,0x0eba0138a6e44e3f59f1aa0501fc0cf91d244d6a475999123721e89ec0b20b21,2026-05-02 12:31:56,0x32f0e41e24964bfdd92f03dc688d5441ad702316be55f63abbb4124cae9f499a,eth-updown-5m-1777714200
"Ethereum Up or Down - May 2, 5:30AM-5:35AM ET",Down,BUY,31,0.89,0x0eba0138a6e44e3f59f1aa0501fc0cf91d244d6a475999123721e89ec0b20b21,2026-05-02 12:31:54,0xcf257d5448767ce2f927974d1e5d4da007e2d6ca14be6a10b8728c4412c95a38,eth-updown-5m-1777714200
"Bitcoin Up or Down - May 2, 5AM ET",Up,BUY,6,0.27,0x14bb2861ce75d45cd27662cdb89dd48815b9e595db16afd2ae00bde37667d05f,2026-05-02 12:31:54,0xd6c755bf9ba48154b364d2d6f19ea0c62d6a1164daa2e48eeea6cb7e8fc7c4f8,bitcoin-up-or-down-may-2-2026-5am-et
"Bitcoin Up or Down - May 2, 5:30AM-5:45AM ET",Up,BUY,13,0.22872307692307692,0x35d378c038a567a632a68cb611b651781a25d89b8639278a064ee15d72ad840a,2026-05-02 12:31:54,0xdedda6ad11159000a70848fc27c181bcae4dd319f954a9de8d5fbcf2cdbd4b2b,btc-updown-15m-1777714200
"Bitcoin Up or Down - May 2, 5:30AM-5:45AM ET",Up,BUY,14,0.21,0x35d378c038a567a632a68cb611b651781a25d89b8639278a064ee15d72ad840a,2026-05-02 12:31:54,0xbf3025628040e8631aa37eefda0d9e54b07816be1c2ac6286b65053f79cc88d8,btc-updown-15m-1777714200
"Bitcoin Up or Down - May 2, 5:30AM-5:35AM ET",Up,BUY,45,0.30569111111111114,0x02eb98e4c5b69ed492d6a1d4a5a76270752d5a8c3f1ca3bcc65963963839b5af,2026-05-02 12:31:54,0x1e4e10d8f85778b480441f70e711bdcfbc2f6eafbc18b60c61bee93f20e70f8e,btc-updown-5m-1777714200
"Bitcoin Up or Down - May 2, 5AM ET",Up,BUY,6,0.27,0x14bb2861ce75d45cd27662cdb89dd48815b9e595db16afd2ae00bde37667d05f,2026-05-02 12:31:54,0x25b6bcf087ac2b8d2fcb9ace1c3175bb1e18e5773d77d0150528be2fe57cc6ce,bitcoin-up-or-down-may-2-2026-5am-et
"Bitcoin Up or Down - May 2, 5:30AM-5:35AM ET",Up,BUY,46,0.3,0x02eb98e4c5b69ed492d6a1d4a5a76270752d5a8c3f1ca3bcc65963963839b5af,2026-05-02 12:31:54,0x3c2f9be217a0906ce0d67a55b237a833d1eef65606e9e80de35b2bfcaa7867be,btc-updown-5m-1777714200
"Bitcoin Up or Down - May 2, 4:00AM-8:00AM ET",Up,BUY,5,0.62,0x5414faf1d4f67d580fd195b96186c0beecc19b4c786e84133c96f0fc44c5263b,2026-05-02 12:31:54,0x083fb3e164646f1301731765f3612e1cb64d246813d3c8cac3e56e6c9fb4c936,btc-updown-4h-1777708800
"Ethereum Up or Down - May 2, 5:30AM-5:35AM ET",Down,BUY,44,0.8974363636363636,0x0eba0138a6e44e3f59f1aa0501fc0cf91d244d6a475999123721e89ec0b20b21,2026-05-02 12:31:52,0x1efecb3adc442c7eed70db08f9aa4ec815aeea7f53e5a267f3c193f4a7b8799f,eth-updown-5m-1777714200
"Bitcoin Up or Down - May 2, 5:30AM-5:45AM ET",Down,BUY,16,0.79,0x35d378c038a567a632a68cb611b651781a25d89b8639278a064ee15d72ad840a,2026-05-02 12:31:48,0x3a1168f30b236eab40f47b374b222cc3747d9ace6d351fecd121f0d060396f3c,btc-updown-15m-1777714200
"Bitcoin Up or Down - May 2, 5AM ET",Down,BUY,1,0.74,0x14bb2861ce75d45cd27662cdb89dd48815b9e595db16afd2ae00bde37667d05f,2026-05-02 12:31:48,0x41e9ad3eacf98d94f41bcf2a896f1aa941f09819c6411296c826fc55cb41dcd8,bitcoin-up-or-down-may-2-2026-5am-et
"Bitcoin Up or Down - May 2, 5:30AM-5:35AM ET",Down,BUY,18.52,0.6654103671706264,0x02eb98e4c5b69ed492d6a1d4a5a76270752d5a8c3f1ca3bcc65963963839b5af,2026-05-02 12:31:48,0x91d6f6d2b5354f4374bde99c18a9ccee6b42587811308d0f7bc047efa10b0438,btc-updown-5m-1777714200
"Bitcoin Up or Down - May 2, 5AM ET",Down,BUY,6,0.74,0x14bb2861ce75d45cd27662cdb89dd48815b9e595db16afd2ae00bde37667d05f,2026-05-02 12:31:48,0xe96f8efbe52f7104a59abc9ff9acfca3129313fda3760c875a37ecb8a7989ac0,bitcoin-up-or-down-may-2-2026-5am-et
"Bitcoin Up or Down - May 2, 5AM ET",Up,BUY,6,0.27,0x14bb2861ce75d45cd27662cdb89dd48815b9e595db16afd2ae00bde37667d05f,2026-05-02 12:31:40,0x708c35d3c8aa067d731373dadc87d64b413f798212d05b15c132a76988ba2e9b,bitcoin-up-or-down-may-2-2026-5am-et
"Ethereum Up or Down - May 2, 5:30AM-5:35AM ET",Up,BUY,21,0.13,0x0eba0138a6e44e3f59f1aa0501fc0cf91d244d6a475999123721e89ec0b20b21,2026-05-02 12:31:30,0xba584cb1118efa841cee06d3bf39c811f5f311a79383bb3c47d5adfb7e3eb259,eth-updown-5m-1777714200
"Bitcoin Up or Down - May 2, 5AM ET",Up,BUY,8,0.21,0x14bb2861ce75d45cd27662cdb89dd48815b9e595db16afd2ae00bde37667d05f,2026-05-02 12:31:18,0x2b376391c7d58069716b204bc6423bc4c9df33ae3507aef4fc834daff21a1236,bitcoin-up-or-down-may-2-2026-5am-et
"Bitcoin Up or Down - May 2, 5:30AM-5:35AM ET",Up,BUY,45.33,0.2943525259210236,0x02eb98e4c5b69ed492d6a1d4a5a76270752d5a8c3f1ca3bcc65963963839b5af,2026-05-02 12:31:18,0x4c710920ff8020a4ba5ef6df1788466d1a8d4b9471fa3c390ac6ceec6466cde0,btc-updown-5m-1777714200
"Bitcoin Up or Down - May 2, 5:30AM-5:45AM ET",Up,BUY,15,0.19,0x35d378c038a567a632a68cb611b651781a25d89b8639278a064ee15d72ad840a,2026-05-02 12:31:18,0x2a9aed204fac586a61376b9fd7aa93d1a4572ead1ec247affaa68fbd47e6e3d6,btc-updown-15m-1777714200
"Ethereum Up or Down - May 2, 5:30AM-5:35AM ET",Up,BUY,22,0.11168181818181819,0x0eba0138a6e44e3f59f1aa0501fc0cf91d244d6a475999123721e89ec0b20b21,2026-05-02 12:31:16,0x0c0d20d0f8e78786edeca08d910cd42516023ddc8474c46d23986ad4c8a4b9f9,eth-updown-5m-1777714200
"Bitcoin Up or Down - May 2, 5AM ET",Up,BUY,8,0.2,0x14bb2861ce75d45cd27662cdb89dd48815b9e595db16afd2ae00bde37667d05f,2026-05-02 12:31:02,0x6faf3e45d4469f00e43915f8fecb9f7b51fae2fd46fb59cbb962898a187328c5,bitcoin-up-or-down-may-2-2026-5am-et
"Bitcoin Up or Down - May 2, 5AM ET",Up,BUY,8,0.2,0x14bb2861ce75d45cd27662cdb89dd48815b9e595db16afd2ae00bde37667d05f,2026-05-02 12:30:44,0x92ef4121389660cebbd7515c13f893ca8a87645ab01904cef6436d254308eddd,bitcoin-up-or-down-may-2-2026-5am-et
"Bitcoin Up or Down - May 2, 5AM ET",Down,BUY,8,0.81,0x14bb2861ce75d45cd27662cdb89dd48815b9e595db16afd2ae00bde37667d05f,2026-05-02 12:30:42,0x875e67f957e781d5c8cf526bd4d5181f5af07b24478486e81ca1b4a3e53a416b,bitcoin-up-or-down-may-2-2026-5am-et
"Bitcoin Up or Down - May 2, 5AM ET",Down,BUY,8,0.81,0x14bb2861ce75d45cd27662cdb89dd48815b9e595db16afd2ae00bde37667d05f,2026-05-02 12:30:32,0x4485baae0424a951874ee9e75359f9b70f84ab58d7b44e440ed0f74a31e5d467,bitcoin-up-or-down-may-2-2026-5am-et
"Ethereum Up or Down - May 2, 5:30AM-5:35AM ET",Down,BUY,44,0.9211409090909091,0x0eba0138a6e44e3f59f1aa0501fc0cf91d244d6a475999123721e89ec0b20b21,2026-05-02 12:30:32,0xf1fa154fad00d5385afcfdf5f89fa6e76b4161f83f52761b016c9fc4af5050f2,eth-updown-5m-1777714200
"Bitcoin Up or Down - May 2, 4:00AM-8:00AM ET",Down,BUY,5,0.39,0x5414faf1d4f67d580fd195b96186c0beecc19b4c786e84133c96f0fc44c5263b,2026-05-02 12:30:32,0x2aee42eab80c7c35d7434fd5ec01b80bdac2945a140a13eede5cb8d0d17f5363,btc-updown-4h-1777708800
"Bitcoin Up or Down - May 2, 5:30AM-5:45AM ET",Up,BUY,12,0.27,0x35d378c038a567a632a68cb611b651781a25d89b8639278a064ee15d72ad840a,2026-05-02 12:30:22,0x1cbce57786b90f4540ce993135401e5f5b08cae0fb33fb027eb6f4407bb49796,btc-updown-15m-1777714200
"Bitcoin Up or Down - May 2, 5:30AM-5:35AM ET",Up,BUY,50,0.279704,0x02eb98e4c5b69ed492d6a1d4a5a76270752d5a8c3f1ca3bcc65963963839b5af,2026-05-02 12:30:22,0x92754e83627bee341ed9e8b4165a4d5f9cffc1194e44da7cc93be73740f4862d,btc-updown-5m-1777714200
"Bitcoin Up or Down - May 2, 5:30AM-5:35AM ET",Down,BUY,41,0.33,0x02eb98e4c5b69ed492d6a1d4a5a76270752d5a8c3f1ca3bcc65963963839b5af,2026-05-02 12:30:20,0x03297a71da57c3cb47e9bfbfe0cc1eefc6ce0077f8c93d8a4cf1392536667a35,btc-updown-5m-1777714200
"Bitcoin Up or Down - May 2, 5:30AM-5:45AM ET",Down,BUY,13,0.73,0x35d378c038a567a632a68cb611b651781a25d89b8639278a064ee15d72ad840a,2026-05-02 12:30:20,0x620dae496ce61ab0ebff0f71cdb964e4558a0e72b967a99af6df66c55eaa2eef,btc-updown-15m-1777714200
"Bitcoin Up or Down - May 2, 5:30AM-5:35AM ET",Down,BUY,40,0.32,0x02eb98e4c5b69ed492d6a1d4a5a76270752d5a8c3f1ca3bcc65963963839b5af,2026-05-02 12:30:20,0x29927885a7fc26e9424f8550833159c0a3e964649278b137d5686ce9d6ceebdd,btc-updown-5m-1777714200
"Bitcoin Up or Down - May 2, 5:30AM-5:35AM ET",Down,BUY,45,0.31,0x02eb98e4c5b69ed492d6a1d4a5a76270752d5a8c3f1ca3bcc65963963839b5af,2026-05-02 12:30:18,0x24cfd0187868c4c5c1199a3a0966faafdce2ebb3e71a0b7c6efe6c815d1b601f,btc-updown-5m-1777714200
"Bitcoin Up or Down - May 2, 4:00AM-8:00AM ET",Down,BUY,6,0.26,0x5414faf1d4f67d580fd195b96186c0beecc19b4c786e84133c96f0fc44c5263b,2026-05-02 12:30:18,0x7b7e5bab2bed8eb322ee7daa9083146244809451babf96d005659227eb832828,btc-updown-4h-1777708800
"Bitcoin Up or Down - May 2, 5:30AM-5:35AM ET",Down,BUY,46,0.3,0x02eb98e4c5b69ed492d6a1d4a5a76270752d5a8c3f1ca3bcc65963963839b5af,2026-05-02 12:30:18,0x9697c2b31664786029c7b54ef467a9712dc1a29bafa006e7e7fdf303597c99f4,btc-updown-5m-1777714200
"Bitcoin Up or Down - May 2, 4:00AM-8:00AM ET",Down,BUY,6,0.26,0x5414faf1d4f67d580fd195b96186c0beecc19b4c786e84133c96f0fc44c5263b,2026-05-02 12:30:18,0x0a192e5a4425dbf0cff7dfe70dd140d86b8e1d661091befd8f70825df1837900,btc-updown-4h-1777708800
"Bitcoin Up or Down - May 2, 5:30AM-5:35AM ET",Down,BUY,43,0.32,0x02eb98e4c5b69ed492d6a1d4a5a76270752d5a8c3f1ca3bcc65963963839b5af,2026-05-02 12:30:18,0xedb008785f1ce78fc17127fd1a8d290db047c323b42d863c5694dc6890841677,btc-updown-5m-1777714200
"Bitcoin Up or Down - May 2, 5:30AM-5:45AM ET",Down,BUY,14,0.68,0x35d378c038a567a632a68cb611b651781a25d89b8639278a064ee15d72ad840a,2026-05-02 12:30:18,0x20f9c08e35f657d2023ce955f6322eb452e99432ae6912f049979d2fd76d28ab,btc-updown-15m-1777714200
"Bitcoin Up or Down - May 2, 4:00AM-8:00AM ET",Down,BUY,6,0.26315,0x5414faf1d4f67d580fd195b96186c0beecc19b4c786e84133c96f0fc44c5263b,2026-05-02 12:30:18,0x93546d6b6120bcbfe134cf50092d3ebc3dd16b49ef616faea04cfdb33bbc37b7,btc-updown-4h-1777708800
"Bitcoin Up or Down - May 2, 5:30AM-5:45AM ET",Up,BUY,12,0.26,0x35d378c038a567a632a68cb611b651781a25d89b8639278a064ee15d72ad840a,2026-05-02 12:30:16,0xd426fdeda49f0fd647d652e3c01a3b7f71d0652162245181fc82dd9b6f9eb3f3,btc-updown-15m-1777714200
"Bitcoin Up or Down - May 2, 4:00AM-8:00AM ET",Up,BUY,5,0.61,0x5414faf1d4f67d580fd195b96186c0beecc19b4c786e84133c96f0fc44c5263b,2026-05-02 12:30:16,0xc2f1a85e87ebdbe847d163116a28a528c45bd04f12a9220c064a77091228d33c,btc-updown-4h-1777708800
"Bitcoin Up or Down - May 2, 5:30AM-5:35AM ET",Up,BUY,40,0.4384775,0x02eb98e4c5b69ed492d6a1d4a5a76270752d5a8c3f1ca3bcc65963963839b5af,2026-05-02 12:30:16,0xa554ccee51be9334229da977e8f809f43388e153284cad1f9fea9fc42d95db22,btc-updown-5m-1777714200
"Ethereum Up or Down - May 2, 5:30AM-5:35AM ET",Up,BUY,14,0.22,0x0eba0138a6e44e3f59f1aa0501fc0cf91d244d6a475999123721e89ec0b20b21,2026-05-02 12:30:16,0xe55526feb0606b18cb1c2560aa55ff0cdd902981655e749747326b929ebf9bcd,eth-updown-5m-1777714200
"Bitcoin Up or Down - May 2, 5:30AM-5:45AM ET",Up,BUY,12,0.26,0x35d378c038a567a632a68cb611b651781a25d89b8639278a064ee15d72ad840a,2026-05-02 12:30:16,0x26d59596c9fd1dd7405d44cb56a73b3c12ab365ec25fb4cab57a6f234cefcd01,btc-updown-15m-1777714200
"Bitcoin Up or Down - May 2, 5:30AM-5:35AM ET",Up,BUY,41,0.43,0x02eb98e4c5b69ed492d6a1d4a5a76270752d5a8c3f1ca3bcc65963963839b5af,2026-05-02 12:30:16,0x85d697045d08effc067d83c80bbff28cb710a4a6939afaa5482812414e794689,btc-updown-5m-1777714200
"Ethereum Up or Down - May 2, 5:30AM-5:35AM ET",Up,BUY,13,0.21,0x0eba0138a6e44e3f59f1aa0501fc0cf91d244d6a475999123721e89ec0b20b21,2026-05-02 12:30:16,0x9e06a7d859c1331a167a502f02c687f57c5a051f5896cfc2ea6de5e94590a2ed,eth-updown-5m-1777714200
"Bitcoin Up or Down - May 2, 5:30AM-5:35AM ET",Down,BUY,40,0.33,0x02eb98e4c5b69ed492d6a1d4a5a76270752d5a8c3f1ca3bcc65963963839b5af,2026-05-02 12:30:14,0x59dec3f05d0c2e37a514b08930e8511045e7083de710ff29c1131243317246bd,btc-updown-5m-1777714200
"Bitcoin Up or Down - May 2, 4:00AM-8:00AM ET",Down,BUY,6,0.28,0x5414faf1d4f67d580fd195b96186c0beecc19b4c786e84133c96f0fc44c5263b,2026-05-02 12:30:14,0x9b1c47eedacffb17c3180bcb922ec586644e527a7543d5bba21446e7b2d94b63,btc-updown-4h-1777708800
"Bitcoin Up or Down - May 2, 4:00AM-8:00AM ET",Down,BUY,6,0.28,0x5414faf1d4f67d580fd195b96186c0beecc19b4c786e84133c96f0fc44c5263b,2026-05-02 12:30:14,0x544ad736c8719df02898816d22f876cfd65043523b0e8048de9e26495c925a85,btc-updown-4h-1777708800
"Bitcoin Up or Down - May 2, 5:30AM-5:45AM ET",Down,BUY,15,0.69,0x35d378c038a567a632a68cb611b651781a25d89b8639278a064ee15d72ad840a,2026-05-02 12:30:14,0xf33549d11ab76cb32ffeb8c5319a73936b81ace26f23ccdb39ea4e1805861d44,btc-updown-15m-1777714200
"Bitcoin Up or Down - May 2, 5:30AM-5:35AM ET",Down,BUY,40,0.339765,0x02eb98e4c5b69ed492d6a1d4a5a76270752d5a8c3f1ca3bcc65963963839b5af,2026-05-02 12:30:14,0x14227f1cb1a129ce00d294919961b0fdde4b99b81e0103338bc482be544a3089,btc-updown-5m-1777714200
"Ethereum Up or Down - May 2, 5:30AM-5:35AM ET",Down,BUY,11,0.62,0x0eba0138a6e44e3f59f1aa0501fc0cf91d244d6a475999123721e89ec0b20b21,2026-05-02 12:30:14,0xc785cf9a33d99c1f9de873d3c27dc2a00ed8176014bac15bdc6e6f969e307fc8,eth-updown-5m-1777714200
"Bitcoin Up or Down - May 2, 5:30AM-5:35AM ET",Down,BUY,40,0.33,0x02eb98e4c5b69ed492d6a1d4a5a76270752d5a8c3f1ca3bcc65963963839b5af,2026-05-02 12:30:14,0x379ec5f374357dddc4164c47e15c61689634b542d2b983f9d32797333c0c4776,btc-updown-5m-1777714200
"Bitcoin Up or Down - May 2, 5:30AM-5:45AM ET",Down,BUY,15,0.69,0x35d378c038a567a632a68cb611b651781a25d89b8639278a064ee15d72ad840a,2026-05-02 12:30:14,0x05a05b967424f8d387c5e3a6a49146cbd02e03569675b5f21892e0d5762a645c,btc-updown-15m-1777714200
"Bitcoin Up or Down - May 2, 4:00AM-8:00AM ET",Up,BUY,5,0.61,0x5414faf1d4f67d580fd195b96186c0beecc19b4c786e84133c96f0fc44c5263b,2026-05-02 12:30:14,0xb8bc09a2fc866dd92aa9fccc9276b8d3422119104bd7b548244c210b1468ae77,btc-updown-4h-1777708800
"Bitcoin Up or Down - May 2, 4:00AM-8:00AM ET",Up,BUY,5,0.61,0x5414faf1d4f67d580fd195b96186c0beecc19b4c786e84133c96f0fc44c5263b,2026-05-02 12:30:14,0x3b327a5e25614cb3dd740c83b20c52959170ec6753c1ceb62fde359d28bc1261,btc-updown-4h-1777708800
"Ethereum Up or Down - May 2, 5:30AM-5:35AM ET",Up,BUY,15,0.22,0x0eba0138a6e44e3f59f1aa0501fc0cf91d244d6a475999123721e89ec0b20b21,2026-05-02 12:30:14,0xf87d48d914456e853cc5f6ac9ef77825e8ec84a9139f34251af0ff3f33a828c9,eth-updown-5m-1777714200
"Bitcoin Up or Down - May 2, 5:15AM-5:30AM ET",Down,BUY,24,0.7204291666666667,0xd75d03699df4665aaf9e243aeed26e9cd8d052493331bb2d70a13fabd88d422c,2026-05-02 12:28:52,0x76dd8fb59f11d8f6e993276926a12d24209e9f5c992a0a6cfd149a91ae2da9c7,btc-updown-15m-1777713300
"Bitcoin Up or Down - May 2, 5:15AM-5:30AM ET",Down,BUY,13,0.7092461538461539,0xd75d03699df4665aaf9e243aeed26e9cd8d052493331bb2d70a13fabd88d422c,2026-05-02 12:28:50,0x3c505054808fcb041b45be395fbaaa5c7f1477e174f87208a31e4c0afab890a8,btc-updown-15m-1777713300
"Bitcoin Up or Down - May 2, 5:25AM-5:30AM ET",Down,BUY,344,0.9296941860465117,0xab02521bddcf71301dad958a431ccbcf35b42d8746d8b46265b4325e9769abe5,2026-05-02 12:28:50,0xea7c2a6fdc305209b4a5f5a4395bfa775ad84b546e2400ff7866781483e67f35,btc-updown-5m-1777713900
"Bitcoin Up or Down - May 2, 5:25AM-5:30AM ET",Down,BUY,211,0.91,0xab02521bddcf71301dad958a431ccbcf35b42d8746d8b46265b4325e9769abe5,2026-05-02 12:28:48,0xd9d089d487b4fdb800ba858f2d32092e595e101a57f13e31e0d4759a9625f7c7,btc-updown-5m-1777713900
"Bitcoin Up or Down - May 2, 5:15AM-5:30AM ET",Down,BUY,12,0.69,0xd75d03699df4665aaf9e243aeed26e9cd8d052493331bb2d70a13fabd88d422c,2026-05-02 12:28:48,0x143b03446dbd12d66eb62f393ca8dc2b1d4544fcddc559ebdb38ff91809f3250,btc-updown-15m-1777713300
"Bitcoin Up or Down - May 2, 5AM ET",Down,BUY,5,0.51,0x14bb2861ce75d45cd27662cdb89dd48815b9e595db16afd2ae00bde37667d05f,2026-05-02 12:28:46,0x8dad92bc00d432894758719249e885966fdd27814a27bca58828ec8512df120a,bitcoin-up-or-down-may-2-2026-5am-et
"Bitcoin Up or Down - May 2, 5:15AM-5:30AM ET",Down,BUY,13,0.67,0xd75d03699df4665aaf9e243aeed26e9cd8d052493331bb2d70a13fabd88d422c,2026-05-02 12:28:46,0x45b94db846d6467901257dfff9a51d0b2d097eeb00bdc5947f5b36b7575f2738,btc-updown-15m-1777713300
"Ethereum Up or Down - May 2, 5:25AM-5:30AM ET",Down,BUY,20,0.839825,0xc6d7f77f77f4ca8317e143e667e5f9855c17e9d3b4696490cd937ad97d3b3009,2026-05-02 12:28:46,0x35ed92f14d3f382a87314fd21f2678d5dbd216ea361c4edfd99b2fa4ee83436c,eth-updown-5m-1777713900
"Bitcoin Up or Down - May 2, 5:25AM-5:30AM ET",Down,BUY,111,0.87,0xab02521bddcf71301dad958a431ccbcf35b42d8746d8b46265b4325e9769abe5,2026-05-02 12:28:40,0x1537d8084000c94219b29b70fe1295091abbf2dd4d228cf6973bdc5df5ae9529,btc-updown-5m-1777713900
"Bitcoin Up or Down - May 2, 5:25AM-5:30AM ET",Down,BUY,102,0.8813725490196078,0xab02521bddcf71301dad958a431ccbcf35b42d8746d8b46265b4325e9769abe5,2026-05-02 12:28:40,0x95e26cb784d9691a6bb793873648ac37347cbc6c3a4cbf6a1b4aad475f20e437,btc-updown-5m-1777713900
"Bitcoin Up or Down - May 2, 5:25AM-5:30AM ET",Up,BUY,58,0.19,0xab02521bddcf71301dad958a431ccbcf35b42d8746d8b46265b4325e9769abe5,2026-05-02 12:28:22,0x2843011f23b1ed8e7dc9a3f77f249912563d1783484c7659e6c4d1abe39f7c82,btc-updown-5m-1777713900
"Bitcoin Up or Down - May 2, 5:25AM-5:30AM ET",Up,BUY,45,0.2,0xab02521bddcf71301dad958a431ccbcf35b42d8746d8b46265b4325e9769abe5,2026-05-02 12:28:20,0x746f8ad02f32fda07cda54f8d87dd4f8bbb46e6b105b93abefe3dddf92326399,btc-updown-5m-1777713900
"Bitcoin Up or Down - May 2, 5:25AM-5:30AM ET",Up,BUY,52,0.19,0xab02521bddcf71301dad958a431ccbcf35b42d8746d8b46265b4325e9769abe5,2026-05-02 12:28:20,0x0fd8432567ca26b3c74f0b712b5d4e74c8b1248ddd05d9e5cef42f6e2204f14d,btc-updown-5m-1777713900
"Bitcoin Up or Down - May 2, 5AM ET",Up,BUY,5,0.5,0x14bb2861ce75d45cd27662cdb89dd48815b9e595db16afd2ae00bde37667d05f,2026-05-02 12:28:20,0xeb0a0505bcc0430cdf4b4a82ba7e066d43cc24258dd744a9cf8195705d2c0abd,bitcoin-up-or-down-may-2-2026-5am-et
"Bitcoin Up or Down - May 2, 5:15AM-5:30AM ET",Up,BUY,8.85,0.23,0xd75d03699df4665aaf9e243aeed26e9cd8d052493331bb2d70a13fabd88d422c,2026-05-02 12:28:20,0x2f2bcb1712a64c4aab2510ba10326194356e6f2af097f92028f5a5f3228abef1,btc-updown-15m-1777713300
"Bitcoin Up or Down - May 2, 5:25AM-5:30AM ET",Up,BUY,47,0.1945,0xab02521bddcf71301dad958a431ccbcf35b42d8746d8b46265b4325e9769abe5,2026-05-02 12:28:20,0x7688896cc5e4740e103fdc2840e9b68d07f8f955b1169655a1a6b97085c2fc7c,btc-updown-5m-1777713900
"Bitcoin Up or Down - May 2, 5:15AM-5:30AM ET",Up,BUY,13,0.23,0xd75d03699df4665aaf9e243aeed26e9cd8d052493331bb2d70a13fabd88d422c,2026-05-02 12:28:20,0xdbf8886c24a740bb1a2bffc5587dc29b6464697961a74dd5b5d186e7e748dd54,btc-updown-15m-1777713300
"Bitcoin Up or Down - May 2, 5:25AM-5:30AM ET",Up,BUY,60,0.19,0xab02521bddcf71301dad958a431ccbcf35b42d8746d8b46265b4325e9769abe5,2026-05-02 12:28:20,0xbd2fb41b3db69e88438a1232cff2f214d7936ae051c84d743500f0253fdcd2d7,btc-updown-5m-1777713900
"Bitcoin Up or Down - May 2, 5:25AM-5:30AM ET",Up,BUY,44,0.19,0xab02521bddcf71301dad958a431ccbcf35b42d8746d8b46265b4325e9769abe5,2026-05-02 12:28:20,0x95e4f13435b84d9325dda6ee534108ea68b84e8aa80387e8502d6dadfa759c55,btc-updown-5m-1777713900
"Ethereum Up or Down - May 2, 5:25AM-5:30AM ET",Up,BUY,26.74,0.08962228870605835,0xc6d7f77f77f4ca8317e143e667e5f9855c17e9d3b4696490cd937ad97d3b3009,2026-05-02 12:28:18,0xc307c831c5381c599e5a7b3319f27930f5e15dfb518d27fc12ca83fcbf625c88,eth-updown-5m-1777713900
"Bitcoin Up or Down - May 2, 5:25AM-5:30AM ET",Up,BUY,52,0.24,0xab02521bddcf71301dad958a431ccbcf35b42d8746d8b46265b4325e9769abe5,2026-05-02 12:27:58,0x1a5bb3dbcd2fad87486ff5673dbaafaa25de4066d516490c46978d7fc23ad3a6,btc-updown-5m-1777713900
"Bitcoin Up or Down - May 2, 5:25AM-5:30AM ET",Up,BUY,57.62,0.2,0xab02521bddcf71301dad958a431ccbcf35b42d8746d8b46265b4325e9769abe5,2026-05-02 12:27:56,0xb32c8acfa46d7b4dde4a664f9f26001282f5037710b24e67a6d61c45fd591913,btc-updown-5m-1777713900
"Bitcoin Up or Down - May 2, 5:15AM-5:30AM ET",Up,BUY,11,0.29,0xd75d03699df4665aaf9e243aeed26e9cd8d052493331bb2d70a13fabd88d422c,2026-05-02 12:27:56,0x9d5807f825f07e8d672725bacceeb72d932270132f6d9575de0199038077111e,btc-updown-15m-1777713300
"Bitcoin Up or Down - May 2, 5:15AM-5:30AM ET",Up,BUY,11,0.29,0xd75d03699df4665aaf9e243aeed26e9cd8d052493331bb2d70a13fabd88d422c,2026-05-02 12:27:56,0x8d77e5485e6541c7c46694e3c5f68d2c72d65bf66de90957b0510765817de901,btc-updown-15m-1777713300
"Bitcoin Up or Down - May 2, 5:15AM-5:30AM ET",Up,BUY,10,0.29,0xd75d03699df4665aaf9e243aeed26e9cd8d052493331bb2d70a13fabd88d422c,2026-05-02 12:27:56,0x718495414cc6558667e1f7d5517681a7ed20f791efe638e1c7a5b37fbd2ef4a1,btc-updown-15m-1777713300
"Bitcoin Up or Down - May 2, 5AM ET",Up,BUY,5,0.49,0x14bb2861ce75d45cd27662cdb89dd48815b9e595db16afd2ae00bde37667d05f,2026-05-02 12:27:56,0x63697f3e4f137c78c2e6387cc5d06f235b0cdfe9f7831e43ec083a9be1b3582e,bitcoin-up-or-down-may-2-2026-5am-et
"Bitcoin Up or Down - May 2, 5:25AM-5:30AM ET",Up,BUY,45,0.2355377777777778,0xab02521bddcf71301dad958a431ccbcf35b42d8746d8b46265b4325e9769abe5,2026-05-02 12:27:56,0x789f264cd36e95782f0cdc1e2e3e4020e01be8b9a5eee9b7702620ebda43afd7,btc-updown-5m-1777713900
"Bitcoin Up or Down - May 2, 5:15AM-5:30AM ET",Up,BUY,11,0.34,0xd75d03699df4665aaf9e243aeed26e9cd8d052493331bb2d70a13fabd88d422c,2026-05-02 12:26:26,0xe1f0a663ec207af4f935abe648970961bc0b0e89adfced9c9523201e39eb8317,btc-updown-15m-1777713300
"Bitcoin Up or Down - May 2, 5:15AM-5:30AM ET",Up,BUY,10,0.34,0xd75d03699df4665aaf9e243aeed26e9cd8d052493331bb2d70a13fabd88d422c,2026-05-02 12:26:24,0x4ef5bba0cc2a4f9125a33124fac528b417be0eb88c5a51b12b1f709173be6a09,btc-updown-15m-1777713300
"Bitcoin Up or Down - May 2, 5:25AM-5:30AM ET",Up,BUY,51,0.24,0xab02521bddcf71301dad958a431ccbcf35b42d8746d8b46265b4325e9769abe5,2026-05-02 12:26:24,0xa418336c09f74495ff38294be4160a28c799cb316dd68205c28ebe223a6a7910,btc-updown-5m-1777713900
"Bitcoin Up or Down - May 2, 5:25AM-5:30AM ET",Down,BUY,65,0.78,0xab02521bddcf71301dad958a431ccbcf35b42d8746d8b46265b4325e9769abe5,2026-05-02 12:26:18,0x18ddb1aebc4bdd76557e3e4e7d6d79409e3aa5b3fc20456e649409bd62b5d347,btc-updown-5m-1777713900
"Bitcoin Up or Down - May 2, 5:25AM-5:30AM ET",Down,BUY,63,0.78,0xab02521bddcf71301dad958a431ccbcf35b42d8746d8b46265b4325e9769abe5,2026-05-02 12:26:18,0x52763dd1354a70621d9675264bfcb6d3a7208286016128b06083f33d6aa7033c,btc-updown-5m-1777713900
"Bitcoin Up or Down - May 2, 5:15AM-5:30AM ET",Down,BUY,12,0.66,0xd75d03699df4665aaf9e243aeed26e9cd8d052493331bb2d70a13fabd88d422c,2026-05-02 12:26:18,0x4367f121d3ba2b173d31b2acfd9fa0abbbada9d1899d28d9d74e0356900521f8,btc-updown-15m-1777713300
"Bitcoin Up or Down - May 2, 5:15AM-5:30AM ET",Down,BUY,11,0.66,0xd75d03699df4665aaf9e243aeed26e9cd8d052493331bb2d70a13fabd88d422c,2026-05-02 12:26:18,0x4baa6205fa5bc5f0f5468169a82f622e697ccc927ace1d20e32f25ddc2b83f5f,btc-updown-15m-1777713300
"Ethereum Up or Down - May 2, 5:25AM-5:30AM ET",Down,BUY,5.88,0.9,0xc6d7f77f77f4ca8317e143e667e5f9855c17e9d3b4696490cd937ad97d3b3009,2026-05-02 12:26:16,0xf56cf2700c6dffb0dd4ab1737d094cb835d7432193214b52fdb7cf77fc01c8e8,eth-updown-5m-1777713900
"Bitcoin Up or Down - May 2, 5:25AM-5:30AM ET",Down,BUY,52.3,0.8033269598470363,0xab02521bddcf71301dad958a431ccbcf35b42d8746d8b46265b4325e9769abe5,2026-05-02 12:26:14,0x17cf3d2b2b84c1cb17a93d13e6908d3801f7bb4a1d94f7b5631f70d640a3795b,btc-updown-5m-1777713900
"Bitcoin Up or Down - May 2, 5AM ET",Down,BUY,5,0.52,0x14bb2861ce75d45cd27662cdb89dd48815b9e595db16afd2ae00bde37667d05f,2026-05-02 12:26:14,0x2971417ca65bb5e3912d9c8c788e4576a1be93f7b313331e432cc4131106fa08,bitcoin-up-or-down-may-2-2026-5am-et
"Bitcoin Up or Down - May 2, 5:15AM-5:30AM ET",Down,BUY,13,0.6707923076923077,0xd75d03699df4665aaf9e243aeed26e9cd8d052493331bb2d70a13fabd88d422c,2026-05-02 12:26:14,0x0981ed2c2664f208571d89c3c1e8062e66a6404cc529bf3409c74cc8ba2befad,btc-updown-15m-1777713300
"Bitcoin Up or Down - May 2, 5:15AM-5:30AM ET",Down,BUY,11,0.6398181818181818,0xd75d03699df4665aaf9e243aeed26e9cd8d052493331bb2d70a13fabd88d422c,2026-05-02 12:26:14,0xfae4425d5fac039130c426261b661cb954166a8ae682941aafdd926bbec6b4d3,btc-updown-15m-1777713300
"Bitcoin Up or Down - May 2, 5:25AM-5:30AM ET",Down,BUY,5.02,0.71,0xab02521bddcf71301dad958a431ccbcf35b42d8746d8b46265b4325e9769abe5,2026-05-02 12:26:06,0x633a404d0b1cbd91d1e54670de8666e95647ad60ba59e5062f321a55ba726a73,btc-updown-5m-1777713900
"Bitcoin Up or Down - May 2, 5:15AM-5:30AM ET",Down,BUY,7.78,0.59,0xd75d03699df4665aaf9e243aeed26e9cd8d052493331bb2d70a13fabd88d422c,2026-05-02 12:26:06,0xdcaa3fa3e15a4422f4997546454985218b98b97ad65ef9cfa6a1cff875b452b1,btc-updown-15m-1777713300
"Ethereum Up or Down - May 2, 5:25AM-5:30AM ET",Down,BUY,16,0.75,0xc6d7f77f77f4ca8317e143e667e5f9855c17e9d3b4696490cd937ad97d3b3009,2026-05-02 12:26:06,0xfd6b9ea9bceac0dd6bc3ab5d4409d63af92013b7c401e2cfa2972d98d19291e2,eth-updown-5m-1777713900
"Ethereum Up or Down - May 2, 5:25AM-5:30AM ET",Down,BUY,15,0.75,0xc6d7f77f77f4ca8317e143e667e5f9855c17e9d3b4696490cd937ad97d3b3009,2026-05-02 12:26:06,0x1eb634961a49be7b2aaff16db4f0647aa2651c151214d351b0d77b7452fadcd6,eth-updown-5m-1777713900
"Ethereum Up or Down - May 2, 5:25AM-5:30AM ET",Down,BUY,11,0.5934363636363637,0xc6d7f77f77f4ca8317e143e667e5f9855c17e9d3b4696490cd937ad97d3b3009,2026-05-02 12:25:24,0x3458fdba3eb23d93f769f58e2b3fae4ba7e602ae79cf2ada17471689f5adcb3f,eth-updown-5m-1777713900
"Bitcoin Up or Down - May 2, 5:25AM-5:30AM ET",Down,BUY,42,0.6049857142857142,0xab02521bddcf71301dad958a431ccbcf35b42d8746d8b46265b4325e9769abe5,2026-05-02 12:25:24,0xa440fc667706645a275ca5476f323ae29f9c2d50e0b91cfae1f613005296802b,btc-updown-5m-1777713900
"Ethereum Up or Down - May 2, 5:25AM-5:30AM ET",Down,BUY,10,0.56,0xc6d7f77f77f4ca8317e143e667e5f9855c17e9d3b4696490cd937ad97d3b3009,2026-05-02 12:25:24,0x05915bdb12b8065ebf3ae2d0bf381090fd0f57d2d93b781603abda40040df395,eth-updown-5m-1777713900
"Bitcoin Up or Down - May 2, 5:25AM-5:30AM ET",Down,BUY,42,0.584047619047619,0xab02521bddcf71301dad958a431ccbcf35b42d8746d8b46265b4325e9769abe5,2026-05-02 12:25:12,0x97ed35c1e80b284ee6ff0c21140928da03c560981b898e4c435e0b06caa8403e,btc-updown-5m-1777713900
"Bitcoin Up or Down - May 2, 5:25AM-5:30AM ET",Down,BUY,43,0.59,0xab02521bddcf71301dad958a431ccbcf35b42d8746d8b46265b4325e9769abe5,2026-05-02 12:25:12,0xbe5ea34e7443814c12592f95fe8512ff0d274e8692c3cb089d4efc3ca8b359c4,btc-updown-5m-1777713900
"Bitcoin Up or Down - May 2, 5:15AM-5:30AM ET",Down,BUY,10,0.43,0xd75d03699df4665aaf9e243aeed26e9cd8d052493331bb2d70a13fabd88d422c,2026-05-02 12:25:12,0xe9fcd4b19331e0f515b8671885e5a23658b3a2207d7f80b7626328689d22eb4c,btc-updown-15m-1777713300
"Ethereum Up or Down - May 2, 5:25AM-5:30AM ET",Down,BUY,10,0.58,0xc6d7f77f77f4ca8317e143e667e5f9855c17e9d3b4696490cd937ad97d3b3009,2026-05-02 12:25:12,0x51e6a322e6afa517c62277d3c1d0c5cb72598bb04468ddfa37d8854250e0f33d,eth-updown-5m-1777713900
"Ethereum Up or Down - May 2, 5:25AM-5:30AM ET",Down,BUY,11,0.58,0xc6d7f77f77f4ca8317e143e667e5f9855c17e9d3b4696490cd937ad97d3b3009,2026-05-02 12:25:12,0xd6bf78673f128dd2de43cf5ffc8862569a59a017bbb99c5dbf34b4d9dc84a96a,eth-updown-5m-1777713900
"Ethereum Up or Down - May 2, 5:20AM-5:25AM ET",Up,BUY,26,0.64,0xf9ad6f1d311fa68d3929a5c7592462e900855889db0cb160d98fea5b1b4a5265,2026-05-02 12:25:10,0x1c0b2db860e4ae41264d6b61945bf52e4de054451d49c172bf5e271ae6ec7be3,eth-updown-5m-1777713600
"Ethereum Up or Down - May 2, 5:20AM-5:25AM ET",Up,BUY,2.67,0.85,0xf9ad6f1d311fa68d3929a5c7592462e900855889db0cb160d98fea5b1b4a5265,2026-05-02 12:25:02,0xa7e93c92f543095db9aaa86ab1526a9756eb06175931baa9de0ff0940f8af69f,eth-updown-5m-1777713600
"Bitcoin Up or Down - May 2, 5:15AM-5:30AM ET",Up,BUY,11,0.58,0xd75d03699df4665aaf9e243aeed26e9cd8d052493331bb2d70a13fabd88d422c,2026-05-02 12:24:50,0xb7c4cff33d17757917ace43ebf7523515402900d05354a50ed8131411c749514,btc-updown-15m-1777713300
"Bitcoin Up or Down - May 2, 5:15AM-5:30AM ET",Down,BUY,10,0.41,0xd75d03699df4665aaf9e243aeed26e9cd8d052493331bb2d70a13fabd88d422c,2026-05-02 12:24:30,0x915c63b1570bba563e7c13c1d2fdba782c29de60a408b70e6c6ceaf4ee0be1bf,btc-updown-15m-1777713300
"Bitcoin Up or Down - May 2, 5:15AM-5:30AM ET",Up,BUY,11,0.62,0xd75d03699df4665aaf9e243aeed26e9cd8d052493331bb2d70a13fabd88d422c,2026-05-02 12:24:20,0x8972d731662ded165e4a83bbe96c0e9955267a0f4aff815d0cecdc976b02f2df,btc-updown-15m-1777713300
"Bitcoin Up or Down - May 2, 5:15AM-5:30AM ET",Up,BUY,11,0.62,0xd75d03699df4665aaf9e243aeed26e9cd8d052493331bb2d70a13fabd88d422c,2026-05-02 12:24:20,0xf7de64ec324264c182438821ff41427af5c2b306b3a3b4e65e2b9131287d5a38,btc-updown-15m-1777713300
"Bitcoin Up or Down - May 2, 5AM ET",Up,BUY,5,0.51,0x14bb2861ce75d45cd27662cdb89dd48815b9e595db16afd2ae00bde37667d05f,2026-05-02 12:24:20,0x7b7e9bf65966f68376fa1f5d6ddcc25ab4089363ce25e64b8e7dc28d2f547246,bitcoin-up-or-down-may-2-2026-5am-et
"Ethereum Up or Down - May 2, 5:20AM-5:25AM ET",Up,BUY,8.88,0.17,0xf9ad6f1d311fa68d3929a5c7592462e900855889db0cb160d98fea5b1b4a5265,2026-05-02 12:24:16,0x5cbd1cd43be4e43cd7ceffd192be98a2434d79a3035a305984028b18ff7ef5ee,eth-updown-5m-1777713600
"Ethereum Up or Down - May 2, 5:20AM-5:25AM ET",Up,BUY,12,0.22,0xf9ad6f1d311fa68d3929a5c7592462e900855889db0cb160d98fea5b1b4a5265,2026-05-02 12:24:16,0x03d0a7e5f769cf63d451d1128a65398230961e558639d342bc51c398e1de9460,eth-updown-5m-1777713600
"Ethereum Up or Down - May 2, 5:20AM-5:25AM ET",Up,BUY,12,0.2135,0xf9ad6f1d311fa68d3929a5c7592462e900855889db0cb160d98fea5b1b4a5265,2026-05-02 12:24:16,0xa0a2cf1b43a03521a5e70cbbb576268aa239580eeebf7778db126decf1b1f661,eth-updown-5m-1777713600
"Ethereum Up or Down - May 2, 5:20AM-5:25AM ET",Up,BUY,16,0.17,0xf9ad6f1d311fa68d3929a5c7592462e900855889db0cb160d98fea5b1b4a5265,2026-05-02 12:24:12,0x7ca73f7d66e22bbbfd26c94681a1c33b08fd338e55de4b0c3bc67bd1734e24e1,eth-updown-5m-1777713600
"Ethereum Up or Down - May 2, 5:20AM-5:25AM ET",Up,BUY,14,0.17,0xf9ad6f1d311fa68d3929a5c7592462e900855889db0cb160d98fea5b1b4a5265,2026-05-02 12:24:12,0x2554fb8cf26bbdb775bebd6d31f3f7a66ede9915fb7ec804ef3719ea664fe072,eth-updown-5m-1777713600
"Ethereum Up or Down - May 2, 5:20AM-5:25AM ET",Down,BUY,14,0.72,0xf9ad6f1d311fa68d3929a5c7592462e900855889db0cb160d98fea5b1b4a5265,2026-05-02 12:23:40,0x0f7b9365a7847ad8378cf0f444b84c8cd8213c2d801fff26527f0a9d37c0d4e3,eth-updown-5m-1777713600
"Ethereum Up or Down - May 2, 5:20AM-5:25AM ET",Up,BUY,6,0.28,0xf9ad6f1d311fa68d3929a5c7592462e900855889db0cb160d98fea5b1b4a5265,2026-05-02 12:23:30,0x4f8a73e25943e5053137f309c6d28e824bd3673285d339b96afb4d471d6ce75b,eth-updown-5m-1777713600
"Ethereum Up or Down - May 2, 5:20AM-5:25AM ET",Down,BUY,16,0.79,0xf9ad6f1d311fa68d3929a5c7592462e900855889db0cb160d98fea5b1b4a5265,2026-05-02 12:23:10,0x047539b60383c3fde7f4352600745ae246cfe847ba24817e867eb260f84d3807,eth-updown-5m-1777713600
"Ethereum Up or Down - May 2, 5:20AM-5:25AM ET",Up,BUY,12,0.24,0xf9ad6f1d311fa68d3929a5c7592462e900855889db0cb160d98fea5b1b4a5265,2026-05-02 12:23:10,0x7599483dae513a13300282d43e20c07b0806fcf35b69b95b4e9571355ec41146,eth-updown-5m-1777713600
"Bitcoin Up or Down - May 2, 5:15AM-5:30AM ET",Down,BUY,11,0.32,0xd75d03699df4665aaf9e243aeed26e9cd8d052493331bb2d70a13fabd88d422c,2026-05-02 12:23:08,0x664599951de5712accd235d7a72e376e4dce833c1d9a0b09e03fda4e97332e40,btc-updown-15m-1777713300
"Ethereum Up or Down - May 2, 5:20AM-5:25AM ET",Up,BUY,11,0.24,0xf9ad6f1d311fa68d3929a5c7592462e900855889db0cb160d98fea5b1b4a5265,2026-05-02 12:23:08,0xb7f7090ee45b6d1d634fb3aba0c803376ee8d19a7866813375dfec18e3c17f7b,eth-updown-5m-1777713600
"Ethereum Up or Down - May 2, 5:20AM-5:25AM ET",Up,BUY,11,0.24,0xf9ad6f1d311fa68d3929a5c7592462e900855889db0cb160d98fea5b1b4a5265,2026-05-02 12:23:08,0xd66538127be9f6d73fb108cbe9c611d0d8ea7c3d648066a6e7a5439bf96141af,eth-updown-5m-1777713600
"Ethereum Up or Down - May 2, 5:20AM-5:25AM ET",Up,BUY,13,0.21,0xf9ad6f1d311fa68d3929a5c7592462e900855889db0cb160d98fea5b1b4a5265,2026-05-02 12:23:08,0x3410bd48d8fc3c30c085b833a5d007f4c188900b90dd8d0eac42c57323795d12,eth-updown-5m-1777713600
"Bitcoin Up or Down - May 2, 5:20AM-5:25AM ET",Down,BUY,58,0.78,0x996dca6f6900a96f88cb5a23ad5ba974347217026ccd44ffe57d5272091bf3a2,2026-05-02 12:23:08,0x5c928efd29e2816d79ad1a1f96045f6978914c268df9140f6d0b4b760403ad3e,btc-updown-5m-1777713600
"Ethereum Up or Down - May 2, 5:20AM-5:25AM ET",Down,BUY,17,0.79,0xf9ad6f1d311fa68d3929a5c7592462e900855889db0cb160d98fea5b1b4a5265,2026-05-02 12:23:06,0x8df6529a9af53c5d82804d61faf800b0fca25a1eab97c1a5a82c86793c8719f6,eth-updown-5m-1777713600
"Ethereum Up or Down - May 2, 5:20AM-5:25AM ET",Down,BUY,15,0.7466666666666667,0xf9ad6f1d311fa68d3929a5c7592462e900855889db0cb160d98fea5b1b4a5265,2026-05-02 12:23:06,0x6b881d5d78bab182d803c943fe01e046bf35890962faf278317d185c6c2060a8,eth-updown-5m-1777713600
"Ethereum Up or Down - May 2, 5:20AM-5:25AM ET",Down,BUY,5,0.78,0xf9ad6f1d311fa68d3929a5c7592462e900855889db0cb160d98fea5b1b4a5265,2026-05-02 12:23:06,0x7a722152ac6a45e41c5810d6003585fe7e0b9ae9136205785e6df9590c3b5b2b,eth-updown-5m-1777713600
"Ethereum Up or Down - May 2, 5:20AM-5:25AM ET",Down,BUY,5,0.79,0xf9ad6f1d311fa68d3929a5c7592462e900855889db0cb160d98fea5b1b4a5265,2026-05-02 12:23:06,0xd6bd5d723172e05cb5c59c8052a8dd7d41005ce923892a89c4528af93e6e885f,eth-updown-5m-1777713600
"Ethereum Up or Down - May 2, 5:20AM-5:25AM ET",Down,BUY,18,0.79,0xf9ad6f1d311fa68d3929a5c7592462e900855889db0cb160d98fea5b1b4a5265,2026-05-02 12:23:06,0xb07664e163520165cf9a746fdcd81e7e37e6c5169d31594002e3fe485b53097c,eth-updown-5m-1777713600
"Bitcoin Up or Down - May 2, 5:20AM-5:25AM ET",Down,BUY,60,0.7737133333333334,0x996dca6f6900a96f88cb5a23ad5ba974347217026ccd44ffe57d5272091bf3a2,2026-05-02 12:23:04,0xb5a165626786cc02dd086f8f3c1df415c6df14e0b035bcf1faf0f3a806bdd6c8,btc-updown-5m-1777713600
"Ethereum Up or Down - May 2, 5:20AM-5:25AM ET",Down,BUY,13,0.59,0xf9ad6f1d311fa68d3929a5c7592462e900855889db0cb160d98fea5b1b4a5265,2026-05-02 12:22:44,0x0216031e2f686e4cb63cbcb7c500946c9169f59a88366547f1ab7f8befb5362a,eth-updown-5m-1777713600
"Ethereum Up or Down - May 2, 5:20AM-5:25AM ET",Down,BUY,12,0.6066666666666667,0xf9ad6f1d311fa68d3929a5c7592462e900855889db0cb160d98fea5b1b4a5265,2026-05-02 12:22:44,0xda0fe9d5b4dca49d32e62953d3e1cdb897b1255cf450adb4393cde0a1fc0d520,eth-updown-5m-1777713600
"Ethereum Up or Down - May 2, 5:20AM-5:25AM ET",Down,BUY,13,0.62,0xf9ad6f1d311fa68d3929a5c7592462e900855889db0cb160d98fea5b1b4a5265,2026-05-02 12:22:44,0x25bd085b2a8357ef3bceea54a54c8ea6e3abfab4585798a3b2a10beed25ace74,eth-updown-5m-1777713600
"Ethereum Up or Down - May 2, 5:20AM-5:25AM ET",Down,BUY,11,0.5745454545454546,0xf9ad6f1d311fa68d3929a5c7592462e900855889db0cb160d98fea5b1b4a5265,2026-05-02 12:22:44,0xbdd2864533c2abe7b9526b26f88ba008bf4dca0d81a88b5c60562ecf0a8b289d,eth-updown-5m-1777713600
"Ethereum Up or Down - May 2, 5:20AM-5:25AM ET",Down,BUY,10,0.49,0xf9ad6f1d311fa68d3929a5c7592462e900855889db0cb160d98fea5b1b4a5265,2026-05-02 12:22:44,0x04b1c157cbf953c472a7da1a5377f79642e6fae404e072b0734a288c6fb11306,eth-updown-5m-1777713600
"Ethereum Up or Down - May 2, 5:20AM-5:25AM ET",Down,BUY,10,0.49,0xf9ad6f1d311fa68d3929a5c7592462e900855889db0cb160d98fea5b1b4a5265,2026-05-02 12:22:44,0x09ee65f4bd72cdf9beca1c82734e8dd2b1ab8873a706df874f5051e6499f5d62,eth-updown-5m-1777713600
"Bitcoin Up or Down - May 2, 5:20AM-5:25AM ET",Down,BUY,40,0.46,0x996dca6f6900a96f88cb5a23ad5ba974347217026ccd44ffe57d5272091bf3a2,2026-05-02 12:22:44,0x382393239f806752697a0e751cf10ff8e3a6af0d67d295013a175fb090584130,btc-updown-5m-1777713600
"Ethereum Up or Down - May 2, 5:20AM-5:25AM ET",Down,BUY,13,0.6869307692307692,0xf9ad6f1d311fa68d3929a5c7592462e900855889db0cb160d98fea5b1b4a5265,2026-05-02 12:22:12,0xcab16ddfd7adc27f72ed0137182439cf0b8d330a05fb9e6e83192e2be0994751,eth-updown-5m-1777713600
"Ethereum Up or Down - May 2, 5:20AM-5:25AM ET",Down,BUY,12,0.69,0xf9ad6f1d311fa68d3929a5c7592462e900855889db0cb160d98fea5b1b4a5265,2026-05-02 12:22:12,0x7a6e4cf51cd57c1e816b12fcda2ee2fbbc3ab5f6861268414f82eea65ba23b0d,eth-updown-5m-1777713600
"Ethereum Up or Down - May 2, 5:20AM-5:25AM ET",Down,BUY,12,0.68,0xf9ad6f1d311fa68d3929a5c7592462e900855889db0cb160d98fea5b1b4a5265,2026-05-02 12:22:12,0x03c78d8632967ce4333e5d699eacc96ba9ca9406354cc1e9569a5564294beeb9,eth-updown-5m-1777713600
"Ethereum Up or Down - May 2, 5:20AM-5:25AM ET",Down,BUY,11,0.64,0xf9ad6f1d311fa68d3929a5c7592462e900855889db0cb160d98fea5b1b4a5265,2026-05-02 12:22:12,0xe20123e0e4a9344bc2c360446c921c1c3f94f013bd8605c083f1e555c6700c7b,eth-updown-5m-1777713600
"Ethereum Up or Down - May 2, 5:20AM-5:25AM ET",Down,BUY,11,0.64,0xf9ad6f1d311fa68d3929a5c7592462e900855889db0cb160d98fea5b1b4a5265,2026-05-02 12:22:08,0xfc5590e5b6a62bfc61a440407102a352854233cebab0ffb247c2a35a62196660,eth-updown-5m-1777713600
"Ethereum Up or Down - May 2, 5:20AM-5:25AM ET",Down,BUY,11,0.64,0xf9ad6f1d311fa68d3929a5c7592462e900855889db0cb160d98fea5b1b4a5265,2026-05-02 12:22:08,0x9ddce23e1980ea91b09a8d0ef8a722438bd6aa5e72d6acdba0b247e6aae0f386,eth-updown-5m-1777713600
"Ethereum Up or Down - May 2, 5:20AM-5:25AM ET",Up,BUY,10,0.37,0xf9ad6f1d311fa68d3929a5c7592462e900855889db0cb160d98fea5b1b4a5265,2026-05-02 12:22:06,0xfe6ab7a0f085408af85adb5b4d98e071d0b75e2bfe6a3229518fd553d4a4229b,eth-updown-5m-1777713600
"Ethereum Up or Down - May 2, 5:20AM-5:25AM ET",Up,BUY,10,0.36301,0xf9ad6f1d311fa68d3929a5c7592462e900855889db0cb160d98fea5b1b4a5265,2026-05-02 12:22:04,0xf3284b2c2d1267e6fbb47ad49686e5036a86112ae8f57bc09393d4678eb3564f,eth-updown-5m-1777713600
"Ethereum Up or Down - May 2, 5:20AM-5:25AM ET",Up,BUY,10,0.35,0xf9ad6f1d311fa68d3929a5c7592462e900855889db0cb160d98fea5b1b4a5265,2026-05-02 12:22:04,0xd2c31a5be1343e0c5955225cc55d0106590969d64f8ed60cb0ac8b956a692569,eth-updown-5m-1777713600
"Ethereum Up or Down - May 2, 5:20AM-5:25AM ET",Up,BUY,10,0.34075,0xf9ad6f1d311fa68d3929a5c7592462e900855889db0cb160d98fea5b1b4a5265,2026-05-02 12:22:04,0x39cd9dfd189dd2dbd8a8293133f7ffd682a8fe98152f0e83ecba11c050389d5d,eth-updown-5m-1777713600
"Ethereum Up or Down - May 2, 5:20AM-5:25AM ET",Up,BUY,10,0.33475,0xf9ad6f1d311fa68d3929a5c7592462e900855889db0cb160d98fea5b1b4a5265,2026-05-02 12:22:04,0x1c9c143e2d47aa531bf533039dda3c10a4ff9ad073f450f7a2bb2a68e1ca624f,eth-updown-5m-1777713600
"Ethereum Up or Down - May 2, 5:20AM-5:25AM ET",Up,BUY,11,0.33,0xf9ad6f1d311fa68d3929a5c7592462e900855889db0cb160d98fea5b1b4a5265,2026-05-02 12:22:04,0x673dfa80be84af3ffd25b632bc62613ce1f3b92d51206ff3a6847d6edd6524a4,eth-updown-5m-1777713600
"Ethereum Up or Down - May 2, 5:20AM-5:25AM ET",Up,BUY,11,0.3234090909090909,0xf9ad6f1d311fa68d3929a5c7592462e900855889db0cb160d98fea5b1b4a5265,2026-05-02 12:22:04,0xf25df953ec6d559cfbff8e245c41edc65bfb783b4d268558ebfd1f890486c46b,eth-updown-5m-1777713600
"Ethereum Up or Down - May 2, 5:20AM-5:25AM ET",Down,BUY,12,0.7,0xf9ad6f1d311fa68d3929a5c7592462e900855889db0cb160d98fea5b1b4a5265,2026-05-02 12:21:48,0xd6185395022a41d0dce49f1f4a565a66b94e379cc6eb6910d1b34622e4f2e565,eth-updown-5m-1777713600
"Bitcoin Up or Down - May 2, 5:20AM-5:25AM ET",Down,BUY,41,0.3812170731707317,0x996dca6f6900a96f88cb5a23ad5ba974347217026ccd44ffe57d5272091bf3a2,2026-05-02 12:21:46,0xab95825993bcce1b806c508d7d7c7bb9913b45eb9f9d2cbdec59b994b920da7c,btc-updown-5m-1777713600
"Bitcoin Up or Down - May 2, 5AM ET",Down,BUY,5,0.37,0x14bb2861ce75d45cd27662cdb89dd48815b9e595db16afd2ae00bde37667d05f,2026-05-02 12:21:44,0x19c6b6b71aa43199815f82da7ed30897f0a9b97bdaeb15189fd85455213ec78a,bitcoin-up-or-down-may-2-2026-5am-et
"Bitcoin Up or Down - May 2, 5:20AM-5:25AM ET",Down,BUY,42,0.34936666666666666,0x996dca6f6900a96f88cb5a23ad5ba974347217026ccd44ffe57d5272091bf3a2,2026-05-02 12:21:44,0xce586d1d5976c3d4f4c6ddab45df42029d60b84e024c7ba161e9e4677b5cfcbd,btc-updown-5m-1777713600
"Ethereum Up or Down - May 2, 5:20AM-5:25AM ET",Down,BUY,10,0.4547,0xf9ad6f1d311fa68d3929a5c7592462e900855889db0cb160d98fea5b1b4a5265,2026-05-02 12:21:38,0x26d0c089bbd6308381fc6c49eff48f88b924ef58f567baf34aaf63e2b80bd285,eth-updown-5m-1777713600
"Ethereum Up or Down - May 2, 5:20AM-5:25AM ET",Up,BUY,10.94,0.6257038391224863,0xf9ad6f1d311fa68d3929a5c7592462e900855889db0cb160d98fea5b1b4a5265,2026-05-02 12:21:32,0xe84173a1005c5af253171d0c1a8510ff64181133650ab2081eae6eba0841ee2a,eth-updown-5m-1777713600
"Ethereum Up or Down - May 2, 5:20AM-5:25AM ET",Up,BUY,14,0.62,0xf9ad6f1d311fa68d3929a5c7592462e900855889db0cb160d98fea5b1b4a5265,2026-05-02 12:21:24,0x2bd5a8ac2565a0e77ce0fb7771a3de443850aa81f21724051b136fc94d28041e,eth-updown-5m-1777713600
"Ethereum Up or Down - May 2, 5:20AM-5:25AM ET",Up,BUY,11,0.61,0xf9ad6f1d311fa68d3929a5c7592462e900855889db0cb160d98fea5b1b4a5265,2026-05-02 12:21:24,0xf1f3124e2aa90877d536771b825a5d273fa8ca9cecda33edcba47edcc07f1d92,eth-updown-5m-1777713600
"Ethereum Up or Down - May 2, 5:20AM-5:25AM ET",Up,BUY,11,0.61,0xf9ad6f1d311fa68d3929a5c7592462e900855889db0cb160d98fea5b1b4a5265,2026-05-02 12:21:22,0xa7f36ed955994d21ae5723808bc2ca1829fd5d1bd3663a144cff1a76a1589e8b,eth-updown-5m-1777713600
"Ethereum Up or Down - May 2, 5:20AM-5:25AM ET",Up,BUY,11,0.61,0xf9ad6f1d311fa68d3929a5c7592462e900855889db0cb160d98fea5b1b4a5265,2026-05-02 12:21:22,0x77060f0301ae59b4720384259b3fc7a7738df198f5eb14b854fb0eea8958df5a,eth-updown-5m-1777713600
"Ethereum Up or Down - May 2, 5:20AM-5:25AM ET",Up,BUY,11,0.61,0xf9ad6f1d311fa68d3929a5c7592462e900855889db0cb160d98fea5b1b4a5265,2026-05-02 12:21:22,0x6e5f57ef9197aa8dd6a7438dd571442a1a31fe86dbf34d508a6c538b11709328,eth-updown-5m-1777713600
"Bitcoin Up or Down - May 2, 5:20AM-5:25AM ET",Down,BUY,43,0.27,0x996dca6f6900a96f88cb5a23ad5ba974347217026ccd44ffe57d5272091bf3a2,2026-05-02 12:21:20,0x46721ae5008658daff1d2a927743b746cb07289e92e8ce0d9245b752d0a4ef7b,btc-updown-5m-1777713600
"Ethereum Up or Down - May 2, 5:20AM-5:25AM ET",Down,BUY,11,0.38,0xf9ad6f1d311fa68d3929a5c7592462e900855889db0cb160d98fea5b1b4a5265,2026-05-02 12:21:20,0x7c2dd30f8683febd2a94eac552fe4ada7cf4bc9532dc8726ad6314bdeb7be061,eth-updown-5m-1777713600
"Bitcoin Up or Down - May 2, 5AM ET",Down,BUY,5,0.37,0x14bb2861ce75d45cd27662cdb89dd48815b9e595db16afd2ae00bde37667d05f,2026-05-02 12:21:20,0x625296cb65669a8fd549c0e51c3bb42cf7d48241eadf5013821ac4016979e98b,bitcoin-up-or-down-may-2-2026-5am-et
"Bitcoin Up or Down - May 2, 5AM ET",Down,BUY,5,0.36,0x14bb2861ce75d45cd27662cdb89dd48815b9e595db16afd2ae00bde37667d05f,2026-05-02 12:21:20,0x2429a887dc27837ad7e633eca69b5cf787624d5e92af183b08d14e98e590c48d,bitcoin-up-or-down-may-2-2026-5am-et
"Bitcoin Up or Down - May 2, 5AM ET",Down,BUY,5,0.36,0x14bb2861ce75d45cd27662cdb89dd48815b9e595db16afd2ae00bde37667d05f,2026-05-02 12:21:20,0x74cce349acdc75d116d04be534f264cdb3c8b84d2df90929c8480ea7fa2ffbce,bitcoin-up-or-down-may-2-2026-5am-et
"Bitcoin Up or Down - May 2, 5:20AM-5:25AM ET",Down,BUY,41,0.34126829268292685,0x996dca6f6900a96f88cb5a23ad5ba974347217026ccd44ffe57d5272091bf3a2,2026-05-02 12:21:20,0xd28a516e99b3ef6520abb7e5148cc8a915e60698f03df9a32973ae0ec44bf825,btc-updown-5m-1777713600
"Bitcoin Up or Down - May 2, 5:20AM-5:25AM ET",Down,BUY,42,0.3309761904761905,0x996dca6f6900a96f88cb5a23ad5ba974347217026ccd44ffe57d5272091bf3a2,2026-05-02 12:21:20,0x7c8a9925e2e3f5a8ae993c7eaf2ef99a2737fc763da7373cf959bb7a19f667b1,btc-updown-5m-1777713600
"Ethereum Up or Down - May 2, 5:20AM-5:25AM ET",Down,BUY,10,0.41,0xf9ad6f1d311fa68d3929a5c7592462e900855889db0cb160d98fea5b1b4a5265,2026-05-02 12:21:20,0xec2d94a3c69bd0ceddd850f40a81ac98469722e872be02c54392a9d36c50c2e0,eth-updown-5m-1777713600
"Bitcoin Up or Down - May 2, 5:20AM-5:25AM ET",Down,BUY,43,0.29,0x996dca6f6900a96f88cb5a23ad5ba974347217026ccd44ffe57d5272091bf3a2,2026-05-02 12:21:20,0x8931441f35c305511d6ffe281b20fc54c3d287a682cdd3710edfd74d427423fe,btc-updown-5m-1777713600
"Ethereum Up or Down - May 2, 5:20AM-5:25AM ET",Down,BUY,10,0.4,0xf9ad6f1d311fa68d3929a5c7592462e900855889db0cb160d98fea5b1b4a5265,2026-05-02 12:21:20,0xb2fe274dfbab719e58bfdc25547e565cfc0c266cf0910816c9f4cc566ca8cf95,eth-updown-5m-1777713600
"Ethereum Up or Down - May 2, 5:20AM-5:25AM ET",Down,BUY,10,0.39238,0xf9ad6f1d311fa68d3929a5c7592462e900855889db0cb160d98fea5b1b4a5265,2026-05-02 12:21:20,0xedfa5b002a1603d627de864380fa4e5231b03c9e04f6a0aff4cbc15c3909f4dd,eth-updown-5m-1777713600
"Bitcoin Up or Down - May 2, 5:20AM-5:25AM ET",Up,BUY,31.97,0.7846981545198624,0x996dca6f6900a96f88cb5a23ad5ba974347217026ccd44ffe57d5272091bf3a2,2026-05-02 12:21:16,0x7ae2043360d66ced8b3dd0c2937055360cdd9f77b6f0e27f946203b8f089e0fd,btc-updown-5m-1777713600
"Bitcoin Up or Down - May 2, 5:20AM-5:25AM ET",Up,BUY,43,0.5646511627906977,0x996dca6f6900a96f88cb5a23ad5ba974347217026ccd44ffe57d5272091bf3a2,2026-05-02 12:21:00,0x44ef6d200f1008021d7eeb88b8f02d7a609ae4f63de5d8a89d78025c8259a857,btc-updown-5m-1777713600
"Bitcoin Up or Down - May 2, 5:20AM-5:25AM ET",Up,BUY,68,0.7151926470588236,0x996dca6f6900a96f88cb5a23ad5ba974347217026ccd44ffe57d5272091bf3a2,2026-05-02 12:21:00,0x1f23881eaeab60e658bcac40c58a9ffd66f0c8abef46cf5acbdcab9feda99bb1,btc-updown-5m-1777713600
"Bitcoin Up or Down - May 2, 5:20AM-5:25AM ET",Up,BUY,56,0.6991107142857143,0x996dca6f6900a96f88cb5a23ad5ba974347217026ccd44ffe57d5272091bf3a2,2026-05-02 12:21:00,0x458addc01fe233a8c09b23ebe02f091d4f51ec9ad8593f9af33af901a194fdb2,btc-updown-5m-1777713600
"Bitcoin Up or Down - May 2, 5AM ET",Up,BUY,5,0.6,0x14bb2861ce75d45cd27662cdb89dd48815b9e595db16afd2ae00bde37667d05f,2026-05-02 12:21:00,0xa274e9c0d72124b440b70cb14dc84a29d90aca0bbecc60544d476d16b200df9e,bitcoin-up-or-down-may-2-2026-5am-et
"Bitcoin Up or Down - May 2, 5:20AM-5:25AM ET",Up,BUY,55,0.66434,0x996dca6f6900a96f88cb5a23ad5ba974347217026ccd44ffe57d5272091bf3a2,2026-05-02 12:21:00,0xaa56d6e9fac87f80489eca1c2a86b010ae242d29569d5069caadfeba1cb9947d,btc-updown-5m-1777713600
"Bitcoin Up or Down - May 2, 5:20AM-5:25AM ET",Up,BUY,50,0.63,0x996dca6f6900a96f88cb5a23ad5ba974347217026ccd44ffe57d5272091bf3a2,2026-05-02 12:21:00,0xe581f2841df20560d6b4ea9830498537ad8a0d82a33caf6ff49e29082813e014,btc-updown-5m-1777713600
"Ethereum Up or Down - May 2, 5:20AM-5:25AM ET",Up,BUY,11,0.62,0xf9ad6f1d311fa68d3929a5c7592462e900855889db0cb160d98fea5b1b4a5265,2026-05-02 12:20:58,0xcf36dda7068de9dac186af4bcd3781e01701bd43f4622b2a3c27cc5f776d9f86,eth-updown-5m-1777713600
"Ethereum Up or Down - May 2, 5:20AM-5:25AM ET",Up,BUY,11,0.62,0xf9ad6f1d311fa68d3929a5c7592462e900855889db0cb160d98fea5b1b4a5265,2026-05-02 12:20:58,0xf736667642888daf64b3950d8127894991e225cc8741917704398a7d61a921cc,eth-updown-5m-1777713600
"Ethereum Up or Down - May 2, 5:20AM-5:25AM ET",Up,BUY,11,0.6112272727272727,0xf9ad6f1d311fa68d3929a5c7592462e900855889db0cb160d98fea5b1b4a5265,2026-05-02 12:20:58,0xe73b3d4da7f2cd84e4258f09e1d2f1ccdcef8953ff263f6b6db3106ccbe9c22e,eth-updown-5m-1777713600
"Ethereum Up or Down - May 2, 5:20AM-5:25AM ET",Down,BUY,10,0.4,0xf9ad6f1d311fa68d3929a5c7592462e900855889db0cb160d98fea5b1b4a5265,2026-05-02 12:20:42,0x245cd456d0180fa5be5be4a04bb43d2ca76a5eaac398118923fd941a17ad1da2,eth-updown-5m-1777713600
"Ethereum Up or Down - May 2, 5:20AM-5:25AM ET",Down,BUY,10,0.4,0xf9ad6f1d311fa68d3929a5c7592462e900855889db0cb160d98fea5b1b4a5265,2026-05-02 12:20:42,0x586aa295da9901a63549373f5099677f059538357538f429d56d7e132b9f1fde,eth-updown-5m-1777713600
"Bitcoin Up or Down - May 2, 5AM ET",Up,BUY,5,0.57,0x14bb2861ce75d45cd27662cdb89dd48815b9e595db16afd2ae00bde37667d05f,2026-05-02 12:20:34,0xba8f9275f5e1b81f0db03e0afef5a574cf9feb7982f6d1d9bc15685ab60f7da0,bitcoin-up-or-down-may-2-2026-5am-et
"Bitcoin Up or Down - May 2, 5:20AM-5:25AM ET",Up,BUY,52,0.5443807692307693,0x996dca6f6900a96f88cb5a23ad5ba974347217026ccd44ffe57d5272091bf3a2,2026-05-02 12:20:34,0x7abbe1865980f7c633761faaddc97eaccf1ca97a490470525939ecb7d84b602d,btc-updown-5m-1777713600
"Bitcoin Up or Down - May 2, 5:15AM-5:30AM ET",Up,BUY,21,0.7985714285714286,0xd75d03699df4665aaf9e243aeed26e9cd8d052493331bb2d70a13fabd88d422c,2026-05-02 12:20:34,0x672b3e1f8f4a581d29a3f9f0399375079bd810cd7ba394cd0cb4be640d2b88bd,btc-updown-15m-1777713300
"Bitcoin Up or Down - May 2, 5:20AM-5:25AM ET",Up,BUY,40,0.5223625,0x996dca6f6900a96f88cb5a23ad5ba974347217026ccd44ffe57d5272091bf3a2,2026-05-02 12:20:32,0x306e56caa7719bb65a979dd7c3fb05963ffff8d755c5841d580189119959de28,btc-updown-5m-1777713600
"Bitcoin Up or Down - May 2, 5:15AM-5:30AM ET",Up,BUY,16,0.79,0xd75d03699df4665aaf9e243aeed26e9cd8d052493331bb2d70a13fabd88d422c,2026-05-02 12:20:32,0x95f5528343436b05f19478d05ee50a21b1d1c13b70948babbf3d537dd432b0cc,btc-updown-15m-1777713300
"Bitcoin Up or Down - May 2, 5:20AM-5:25AM ET",Up,BUY,41,0.53,0x996dca6f6900a96f88cb5a23ad5ba974347217026ccd44ffe57d5272091bf3a2,2026-05-02 12:20:32,0x47258922149fb356ba3abff922426c60cf9244bce13017034b5604dff88c84fc,btc-updown-5m-1777713600
"Bitcoin Up or Down - May 2, 5:20AM-5:25AM ET",Up,BUY,40,0.51,0x996dca6f6900a96f88cb5a23ad5ba974347217026ccd44ffe57d5272091bf3a2,2026-05-02 12:20:32,0x7ce2e5a063a78817769434d4e6dc847ec5f3c3d91d32531f9497d94613611073,btc-updown-5m-1777713600
"Ethereum Up or Down - May 2, 5:20AM-5:25AM ET",Up,BUY,10,0.48,0xf9ad6f1d311fa68d3929a5c7592462e900855889db0cb160d98fea5b1b4a5265,2026-05-02 12:20:20,0x2068a9a7d597946834db00dec43c9c7e0e1b51ff2189886016c91b5abea3ede0,eth-updown-5m-1777713600
"Ethereum Up or Down - May 2, 5:20AM-5:25AM ET",Up,BUY,11,0.51,0xf9ad6f1d311fa68d3929a5c7592462e900855889db0cb160d98fea5b1b4a5265,2026-05-02 12:20:20,0x94fa9f1f34ce15a8646e623ee6770eeaec13b954d6b542ddae61f49c2c5128e4,eth-updown-5m-1777713600
"Bitcoin Up or Down - May 2, 5:15AM-5:30AM ET",Down,BUY,13,0.2323076923076923,0xd75d03699df4665aaf9e243aeed26e9cd8d052493331bb2d70a13fabd88d422c,2026-05-02 12:20:12,0x775164058f1b66ac05574cbc8dfd0e7473da23b9bddfcd5a7c1a119d0eab3737,btc-updown-15m-1777713300
"Bitcoin Up or Down - May 2, 5:20AM-5:25AM ET",Down,BUY,40,0.48,0x996dca6f6900a96f88cb5a23ad5ba974347217026ccd44ffe57d5272091bf3a2,2026-05-02 12:20:12,0x7e0de64b2c32f7f4a3727fda580211f76184dd9efa7e31d7a2c566f120a9ce29,btc-updown-5m-1777713600
"Ethereum Up or Down - May 2, 5:20AM-5:25AM ET",Up,BUY,10,0.45,0xf9ad6f1d311fa68d3929a5c7592462e900855889db0cb160d98fea5b1b4a5265,2026-05-02 12:20:12,0x30163c819f4e0c09965efc40823a1b0e2b29bd457c70ba8df464fff8f81fd1be,eth-updown-5m-1777713600
"Ethereum Up or Down - May 2, 5:20AM-5:25AM ET",Up,BUY,10,0.45,0xf9ad6f1d311fa68d3929a5c7592462e900855889db0cb160d98fea5b1b4a5265,2026-05-02 12:20:12,0x3bea3f893a8edb27b72514a4aba9501213171ece894561a8b9fb7c65fda57629,eth-updown-5m-1777713600
"Bitcoin Up or Down - May 2, 5:20AM-5:25AM ET",Down,BUY,40,0.47,0x996dca6f6900a96f88cb5a23ad5ba974347217026ccd44ffe57d5272091bf3a2,2026-05-02 12:20:10,0x4e23e2e491864681e907cc94a0a21765583fa9418188548fa69de896d91bce1d,btc-updown-5m-1777713600
"Ethereum Up or Down - May 2, 5:20AM-5:25AM ET",Down,BUY,11,0.56,0xf9ad6f1d311fa68d3929a5c7592462e900855889db0cb160d98fea5b1b4a5265,2026-05-02 12:20:10,0x3159cf3e51879d21e5ee5f7fe7da1c72bf2208469d61bd273a94a887beb4de7c,eth-updown-5m-1777713600
"Ethereum Up or Down - May 2, 5:20AM-5:25AM ET",Down,BUY,13,0.56,0xf9ad6f1d311fa68d3929a5c7592462e900855889db0cb160d98fea5b1b4a5265,2026-05-02 12:20:10,0x8c1ddf54517d9fe538918c90e7f06ecf6c63f4f6197ec20175bea99f7b270a53,eth-updown-5m-1777713600
"Ethereum Up or Down - May 2, 5:20AM-5:25AM ET",Down,BUY,11,0.56,0xf9ad6f1d311fa68d3929a5c7592462e900855889db0cb160d98fea5b1b4a5265,2026-05-02 12:20:10,0xe8a602d2d2c372d96da60f00c0e846a8e68a8141f157cffca7034a88f227c685,eth-updown-5m-1777713600
"Ethereum Up or Down - May 2, 5:20AM-5:25AM ET",Down,BUY,11,0.56,0xf9ad6f1d311fa68d3929a5c7592462e900855889db0cb160d98fea5b1b4a5265,2026-05-02 12:20:10,0x8e8fe2a5c37b79a5ed3d7e947eaa5528e29b9fce4430a05e450aa7e1fe93ed74,eth-updown-5m-1777713600
"Ethereum Up or Down - May 2, 5:20AM-5:25AM ET",Down,BUY,11,0.56,0xf9ad6f1d311fa68d3929a5c7592462e900855889db0cb160d98fea5b1b4a5265,2026-05-02 12:20:10,0x501369739f88e36f193af658e1dc060d1cb2be70da7a0935ee51dcbbea38a895,eth-updown-5m-1777713600
"Ethereum Up or Down - May 2, 5:20AM-5:25AM ET",Down,BUY,10,0.56,0xf9ad6f1d311fa68d3929a5c7592462e900855889db0cb160d98fea5b1b4a5265,2026-05-02 12:20:10,0x77f1ffb2e550d7edebbf20fae0ddef003de140a550b0c682de6ad18a38e6e3ec,eth-updown-5m-1777713600
"Bitcoin Up or Down - May 2, 5:15AM-5:30AM ET",Up,BUY,13,0.73,0xd75d03699df4665aaf9e243aeed26e9cd8d052493331bb2d70a13fabd88d422c,2026-05-02 12:19:44,0x117b1028993aa32f95953eda79d551cb24e42fff52af52dc4aa70431696952ce,btc-updown-15m-1777713300
"Bitcoin Up or Down - May 2, 5AM ET",Up,BUY,5,0.53,0x14bb2861ce75d45cd27662cdb89dd48815b9e595db16afd2ae00bde37667d05f,2026-05-02 12:18:50,0x42ab6b9d83571898d42cffbf6dda2e8bf3d7e643bfaacc42c6180ae2881d08f4,bitcoin-up-or-down-may-2-2026-5am-et
"Bitcoin Up or Down - May 2, 5:15AM-5:20AM ET",Up,BUY,260,0.9427676923076923,0x667f3596393ce0c5d102a95cd9065b0c6d9e8ea45c69e753c0105bb1908f10fd,2026-05-02 12:18:40,0xe12143cc0568a6754016a8b2356af46da76f5ae843121e235a7a24ba13e3e766,btc-updown-5m-1777713300
"Ethereum Up or Down - May 2, 5:15AM-5:20AM ET",Up,BUY,65,0.93,0x69b2c03132c073d91d1f596767d2cd22875bca50ca7be1bcdffb6c2c917dceef,2026-05-02 12:18:36,0x911fd5e6e3a046489f605c56a397167adf690c33e0e9230b476b59f13202eba2,eth-updown-5m-1777713300
"Ethereum Up or Down - May 2, 5:15AM-5:20AM ET",Up,BUY,86,0.93,0x69b2c03132c073d91d1f596767d2cd22875bca50ca7be1bcdffb6c2c917dceef,2026-05-02 12:18:36,0x7f72e5b6a74fbc4b8d2fc62a0d6c0353cbbd58282fac1d66b53519379b4b1642,eth-updown-5m-1777713300
"Ethereum Up or Down - May 2, 5:15AM-5:20AM ET",Up,BUY,44,0.93,0x69b2c03132c073d91d1f596767d2cd22875bca50ca7be1bcdffb6c2c917dceef,2026-05-02 12:18:36,0x54f169998fd92f9dc9667ad11bc9f1553b57ceebe0a5e36c333f92db30b612d9,eth-updown-5m-1777713300
"Ethereum Up or Down - May 2, 5:15AM-5:20AM ET",Down,BUY,21,0.09,0x69b2c03132c073d91d1f596767d2cd22875bca50ca7be1bcdffb6c2c917dceef,2026-05-02 12:18:26,0x12e01d6977891b4c1209c201e11e70d90faf8f3304aaee42742c7219b560b8d9,eth-updown-5m-1777713300
"Ethereum Up or Down - May 2, 5:15AM-5:20AM ET",Down,BUY,22,0.09,0x69b2c03132c073d91d1f596767d2cd22875bca50ca7be1bcdffb6c2c917dceef,2026-05-02 12:18:26,0x1b0c7729375658ef497c564f3a2d0642053e31d299227af3195fca66c8c78dc6,eth-updown-5m-1777713300
"Ethereum Up or Down - May 2, 5:15AM-5:20AM ET",Up,BUY,31,0.8892322580645161,0x69b2c03132c073d91d1f596767d2cd22875bca50ca7be1bcdffb6c2c917dceef,2026-05-02 12:18:06,0x8ba2820dfd9ea22d420f32da50f599c8ebe5dc102a5abab1b00c7edac9a113f0,eth-updown-5m-1777713300
"Ethereum Up or Down - May 2, 5:15AM-5:20AM ET",Down,BUY,9.77,0.14511770726714432,0x69b2c03132c073d91d1f596767d2cd22875bca50ca7be1bcdffb6c2c917dceef,2026-05-02 12:17:40,0x3e0f284fffa640c0a9721392121025b4c6bd0380e0b88199c83e2582ce77b75a,eth-updown-5m-1777713300
"Bitcoin Up or Down - May 2, 5AM ET",Down,BUY,5,0.48,0x14bb2861ce75d45cd27662cdb89dd48815b9e595db16afd2ae00bde37667d05f,2026-05-02 12:17:40,0x76817b02d3501262a3228d4e93c644058dfe712288f84c7d86f98dcac946af59,bitcoin-up-or-down-may-2-2026-5am-et
"Bitcoin Up or Down - May 2, 5:15AM-5:20AM ET",Down,BUY,51,0.15,0x667f3596393ce0c5d102a95cd9065b0c6d9e8ea45c69e753c0105bb1908f10fd,2026-05-02 12:17:40,0xfbe673b3117ec9fa95b6ba0f4bdca3fe2fbf4c96efeebed88035030b13aedc7f,btc-updown-5m-1777713300
"Bitcoin Up or Down - May 2, 5:15AM-5:30AM ET",Down,BUY,10,0.38,0xd75d03699df4665aaf9e243aeed26e9cd8d052493331bb2d70a13fabd88d422c,2026-05-02 12:17:40,0x684c61099eb2854b0fe3259e9d3a039c52470a7e569c40cb6eab649c8ea527a6,btc-updown-15m-1777713300
"Bitcoin Up or Down - May 2, 5AM ET",Down,BUY,5,0.48,0x14bb2861ce75d45cd27662cdb89dd48815b9e595db16afd2ae00bde37667d05f,2026-05-02 12:17:40,0xbf832659c333d44553ac9283f8c9e8aae890480d0a7a391eb21d0778c9989a77,bitcoin-up-or-down-may-2-2026-5am-et
"Bitcoin Up or Down - May 2, 5:15AM-5:30AM ET",Down,BUY,11,0.37,0xd75d03699df4665aaf9e243aeed26e9cd8d052493331bb2d70a13fabd88d422c,2026-05-02 12:17:40,0xa5173184eb6b468afccaea8ddce55a32ae32c5eadd8738e3ff21acc9acca785d,btc-updown-15m-1777713300
"Bitcoin Up or Down - May 2, 5:15AM-5:20AM ET",Down,BUY,60,0.15,0x667f3596393ce0c5d102a95cd9065b0c6d9e8ea45c69e753c0105bb1908f10fd,2026-05-02 12:17:40,0x98a2d48bf37cde655722c70bbde9488b96810abd438024d5cf609b016e2a18a6,btc-updown-5m-1777713300
"Ethereum Up or Down - May 2, 5:15AM-5:20AM ET",Up,BUY,18.41,0.85,0x69b2c03132c073d91d1f596767d2cd22875bca50ca7be1bcdffb6c2c917dceef,2026-05-02 12:17:38,0xd5566def86edf1ee325e55917e21eaed4ec178255d12eb4f571b6e9e77117787,eth-updown-5m-1777713300
"Ethereum Up or Down - May 2, 5:15AM-5:20AM ET",Up,BUY,26,0.8623076923076923,0x69b2c03132c073d91d1f596767d2cd22875bca50ca7be1bcdffb6c2c917dceef,2026-05-02 12:17:38,0x52b52403529192c86939e6ef7f09c79a86757932084f6e40d2174a4d12eb0c9b,eth-updown-5m-1777713300
"Bitcoin Up or Down - May 2, 5:15AM-5:20AM ET",Up,BUY,71,0.8205605633802817,0x667f3596393ce0c5d102a95cd9065b0c6d9e8ea45c69e753c0105bb1908f10fd,2026-05-02 12:16:20,0x2aa22ec273ef524e29e61ee321a90c70ed2c68735a81b9411175422e2c460fa8,btc-updown-5m-1777713300
"Ethereum Up or Down - May 2, 5:15AM-5:20AM ET",Up,BUY,12,0.68,0x69b2c03132c073d91d1f596767d2cd22875bca50ca7be1bcdffb6c2c917dceef,2026-05-02 12:16:16,0x64248bb4a001e32788ea9b9e6ea267cfa0b93b2f044a7d7f6435734b55d226a7,eth-updown-5m-1777713300
"Ethereum Up or Down - May 2, 5:15AM-5:20AM ET",Up,BUY,11,0.67,0x69b2c03132c073d91d1f596767d2cd22875bca50ca7be1bcdffb6c2c917dceef,2026-05-02 12:16:12,0x2ace64fb7b7ee8623738b4c44fb8c0df72e7020ce17e74f842af40c3e5903574,eth-updown-5m-1777713300
"Ethereum Up or Down - May 2, 5:15AM-5:20AM ET",Up,BUY,13,0.6708,0x69b2c03132c073d91d1f596767d2cd22875bca50ca7be1bcdffb6c2c917dceef,2026-05-02 12:16:12,0x5b4aec18432d7fccf235313e9d62ce31ca6b14eeca7af971c0e35e83e3a9b68b,eth-updown-5m-1777713300
"Ethereum Up or Down - May 2, 5:15AM-5:20AM ET",Up,BUY,11,0.65,0x69b2c03132c073d91d1f596767d2cd22875bca50ca7be1bcdffb6c2c917dceef,2026-05-02 12:16:10,0xbc8988ec4353d19bfe2548b3a88a5e877a7077192d873dc7acf3e450d8961e85,eth-updown-5m-1777713300
"Ethereum Up or Down - May 2, 5:15AM-5:20AM ET",Up,BUY,13,0.66,0x69b2c03132c073d91d1f596767d2cd22875bca50ca7be1bcdffb6c2c917dceef,2026-05-02 12:16:10,0x9d5d4904bdaebb481b6f783ae48b9ef0c819e3cebc81ed5985db84d3ad6390a9,eth-updown-5m-1777713300
"Ethereum Up or Down - May 2, 5:15AM-5:20AM ET",Up,BUY,11,0.65,0x69b2c03132c073d91d1f596767d2cd22875bca50ca7be1bcdffb6c2c917dceef,2026-05-02 12:16:10,0xfa82bb903ec0e7ebe5ca735c2be92253abd90c55152281e04f4240f786ddd826,eth-updown-5m-1777713300
"Ethereum Up or Down - May 2, 5:15AM-5:20AM ET",Down,BUY,10,0.44116,0x69b2c03132c073d91d1f596767d2cd22875bca50ca7be1bcdffb6c2c917dceef,2026-05-02 12:16:08,0xfcfb711c5587aae9fcf67fd5a9798b313c17cf7074e4b1b181aa9799fe190dd9,eth-updown-5m-1777713300
"Ethereum Up or Down - May 2, 5:15AM-5:20AM ET",Down,BUY,11,0.4409090909090909,0x69b2c03132c073d91d1f596767d2cd22875bca50ca7be1bcdffb6c2c917dceef,2026-05-02 12:16:08,0x2509eeecc5692a03de436f6b594e3474aca7384d3d52fdc131b4c5499acd7d89,eth-updown-5m-1777713300
"Ethereum Up or Down - May 2, 5:15AM-5:20AM ET",Down,BUY,10,0.45,0x69b2c03132c073d91d1f596767d2cd22875bca50ca7be1bcdffb6c2c917dceef,2026-05-02 12:16:08,0x699f999efd3b4b5412b172de0f3d18132fadb5b03d940a5c690ce27ab2d2c85d,eth-updown-5m-1777713300
"Ethereum Up or Down - May 2, 5:15AM-5:20AM ET",Down,BUY,10,0.45,0x69b2c03132c073d91d1f596767d2cd22875bca50ca7be1bcdffb6c2c917dceef,2026-05-02 12:16:08,0x1771b948316332dfa0092d4151c352441b90f7d273a19c31ad1814dbee16acdf,eth-updown-5m-1777713300
"Ethereum Up or Down - May 2, 5:15AM-5:20AM ET",Down,BUY,11,0.34,0x69b2c03132c073d91d1f596767d2cd22875bca50ca7be1bcdffb6c2c917dceef,2026-05-02 12:16:04,0x20709b824f03a83c47afbd22cb49f386e8c9a44562439bfaccc300ad93807dc9,eth-updown-5m-1777713300
"Bitcoin Up or Down - May 2, 5:15AM-5:20AM ET",Down,BUY,74,0.12,0x667f3596393ce0c5d102a95cd9065b0c6d9e8ea45c69e753c0105bb1908f10fd,2026-05-02 12:15:58,0xfba7859f840af33babe4023271d98d6a79c92b8123d24dfafd8df4ac0714f6de,btc-updown-5m-1777713300
"Ethereum Up or Down - May 2, 5:15AM-5:20AM ET",Down,BUY,12,0.27270833333333333,0x69b2c03132c073d91d1f596767d2cd22875bca50ca7be1bcdffb6c2c917dceef,2026-05-02 12:15:58,0x8990172e9eeb8d1e15c69ae753d36f4ab29c142b8ec350ae6afe08fe8437f654,eth-updown-5m-1777713300
"Bitcoin Up or Down - May 2, 5:15AM-5:30AM ET",Down,BUY,11,0.31,0xd75d03699df4665aaf9e243aeed26e9cd8d052493331bb2d70a13fabd88d422c,2026-05-02 12:15:58,0xdeb77b3441225e02ae6a19be2a91a7776c894c4e78176ed7d6bcca6e29caf114,btc-updown-15m-1777713300
"Bitcoin Up or Down - May 2, 5:15AM-5:20AM ET",Down,BUY,78,0.12,0x667f3596393ce0c5d102a95cd9065b0c6d9e8ea45c69e753c0105bb1908f10fd,2026-05-02 12:15:58,0xbb4e367a8a2bb928e20b3ee526ead529e398e1e5197385b9685c0c45b0e09590,btc-updown-5m-1777713300
"Bitcoin Up or Down - May 2, 5AM ET",Down,BUY,5,0.46,0x14bb2861ce75d45cd27662cdb89dd48815b9e595db16afd2ae00bde37667d05f,2026-05-02 12:15:58,0xa0957f836db20f0ab72d8dfd59b44f5569421e84aa36ececaa13d6763a0d23e6,bitcoin-up-or-down-may-2-2026-5am-et
"Bitcoin Up or Down - May 2, 5:15AM-5:20AM ET",Up,BUY,102,0.8345735294117647,0x667f3596393ce0c5d102a95cd9065b0c6d9e8ea45c69e753c0105bb1908f10fd,2026-05-02 12:15:56,0x0bd8af4cf8dec2949285c90c198c75b6e8a63fa5490cf3bb72bf2a56b86229dd,btc-updown-5m-1777713300
"Bitcoin Up or Down - May 2, 5:15AM-5:20AM ET",Up,BUY,65,0.7958323076923077,0x667f3596393ce0c5d102a95cd9065b0c6d9e8ea45c69e753c0105bb1908f10fd,2026-05-02 12:15:56,0x3e38e33505684775063e2d84a3370f0f205a87a3d9624789e6526bf8e000d0f1,btc-updown-5m-1777713300
"Bitcoin Up or Down - May 2, 5:15AM-5:20AM ET",Up,BUY,78,0.8,0x667f3596393ce0c5d102a95cd9065b0c6d9e8ea45c69e753c0105bb1908f10fd,2026-05-02 12:15:56,0xbd61346462c5b0b1686729adaf8d0677d045f963fe829d3744157cff91cf5a3d,btc-updown-5m-1777713300
"Bitcoin Up or Down - May 2, 5:15AM-5:30AM ET",Up,BUY,11,0.63,0xd75d03699df4665aaf9e243aeed26e9cd8d052493331bb2d70a13fabd88d422c,2026-05-02 12:15:56,0xcc5b910aeaef2fa61a5c0ed976f37d08ec0e013eec9d1344d5c7f9360d4ad823,btc-updown-15m-1777713300
"Ethereum Up or Down - May 2, 5:15AM-5:20AM ET",Down,BUY,10,0.36,0x69b2c03132c073d91d1f596767d2cd22875bca50ca7be1bcdffb6c2c917dceef,2026-05-02 12:15:16,0xa8fab71a7632824eb1330e83858a7ccfd55d17b4e4f3ca4ddc0308d794879e0d,eth-updown-5m-1777713300
"Ethereum Up or Down - May 2, 5:15AM-5:20AM ET",Down,BUY,10,0.36,0x69b2c03132c073d91d1f596767d2cd22875bca50ca7be1bcdffb6c2c917dceef,2026-05-02 12:15:16,0x3b5581537eed628336934dd7bf200417bc411fd9aaf3eb4b651790166d23e4bd,eth-updown-5m-1777713300
"Ethereum Up or Down - May 2, 5:15AM-5:20AM ET",Up,BUY,11,0.5087363636363637,0x69b2c03132c073d91d1f596767d2cd22875bca50ca7be1bcdffb6c2c917dceef,2026-05-02 12:15:16,0x325ce46c257b3e23f7eab361bf376ab37326a5e9d6aa83274464c07bbff6cec5,eth-updown-5m-1777713300
"Bitcoin Up or Down - May 2, 5AM ET",Up,BUY,5,0.4,0x14bb2861ce75d45cd27662cdb89dd48815b9e595db16afd2ae00bde37667d05f,2026-05-02 12:15:12,0x4cf3e371ef1afeccd863c46aa97e557f330428b80a5725735fef1b5cbe57c410,bitcoin-up-or-down-may-2-2026-5am-et
"Ethereum Up or Down - May 2, 5:15AM-5:20AM ET",Up,BUY,10,0.49,0x69b2c03132c073d91d1f596767d2cd22875bca50ca7be1bcdffb6c2c917dceef,2026-05-02 12:15:06,0x9c4750f8afc0db95081fbb660cc0245ec7aa6211df3962f4c96450e6e3670b16,eth-updown-5m-1777713300
"Bitcoin Up or Down - May 2, 5:15AM-5:20AM ET",Up,BUY,63,0.73,0x667f3596393ce0c5d102a95cd9065b0c6d9e8ea45c69e753c0105bb1908f10fd,2026-05-02 12:15:06,0x5dbe23c1f487ca5389ba144ba8ef6c66e23d76a21db1d0dc1fb7a7a66df2ee94,btc-updown-5m-1777713300
"Bitcoin Up or Down - May 2, 5:15AM-5:30AM ET",Up,BUY,5,0.55,0xd75d03699df4665aaf9e243aeed26e9cd8d052493331bb2d70a13fabd88d422c,2026-05-02 12:15:06,0x55602ecef53c0d29c133f8cbc02c96807a3ed6d075026b2e65d2b840db5ca44f,btc-updown-15m-1777713300
"Bitcoin Up or Down - May 2, 5:15AM-5:20AM ET",Up,BUY,88,0.7107261363636364,0x667f3596393ce0c5d102a95cd9065b0c6d9e8ea45c69e753c0105bb1908f10fd,2026-05-02 12:15:06,0x5977f59114011cc30fdf5939f769cd386bdde8d6b075d2ae4d1d81bed838df5f,btc-updown-5m-1777713300
"Ethereum Up or Down - May 2, 5:15AM-5:20AM ET",Up,BUY,10,0.46,0x69b2c03132c073d91d1f596767d2cd22875bca50ca7be1bcdffb6c2c917dceef,2026-05-02 12:15:04,0x4f3d60d4b63cd83b6d793e2a61decbe04dca5926b1bbc6b7dbed6ed5e20e56d1,eth-updown-5m-1777713300
"Bitcoin Up or Down - May 2, 5:15AM-5:30AM ET",Up,BUY,10,0.5,0xd75d03699df4665aaf9e243aeed26e9cd8d052493331bb2d70a13fabd88d422c,2026-05-02 12:15:04,0xf223b1757f589e4e0429c0bb770c37083528f467da6723d70712076c74b77ffc,btc-updown-15m-1777713300
"Bitcoin Up or Down - May 2, 5:15AM-5:30AM ET",Up,BUY,10,0.5,0xd75d03699df4665aaf9e243aeed26e9cd8d052493331bb2d70a13fabd88d422c,2026-05-02 12:15:04,0xc46e4c7ee7ef0693fcefc69db7ce2a445550dd777652857247fafda647d7d9a7,btc-updown-15m-1777713300
"Bitcoin Up or Down - May 2, 5:15AM-5:20AM ET",Up,BUY,51,0.69,0x667f3596393ce0c5d102a95cd9065b0c6d9e8ea45c69e753c0105bb1908f10fd,2026-05-02 12:15:04,0xf7e71d511c89fe32e0ffcd890e0e4fa1a3f24110995313344fbb9f7315e0e7e0,btc-updown-5m-1777713300
"Bitcoin Up or Down - May 2, 5:15AM-5:20AM ET",Up,BUY,58,0.7003844827586206,0x667f3596393ce0c5d102a95cd9065b0c6d9e8ea45c69e753c0105bb1908f10fd,2026-05-02 12:15:04,0xd5bb5a0add833055bfce51a5b363d862045744e415649e01e5910acd3c0c885f,btc-updown-5m-1777713300
"Bitcoin Up or Down - May 2, 5:15AM-5:20AM ET",Up,BUY,74,0.7044716216216216,0x667f3596393ce0c5d102a95cd9065b0c6d9e8ea45c69e753c0105bb1908f10fd,2026-05-02 12:15:04,0xab6a3e69c771b94c8a72eb721d39add31307e0b6ad25b42f4e9b92fa782ad873,btc-updown-5m-1777713300
"Ethereum Up or Down - May 2, 5:15AM-5:20AM ET",Up,BUY,10,0.5,0x69b2c03132c073d91d1f596767d2cd22875bca50ca7be1bcdffb6c2c917dceef,2026-05-02 12:15:04,0xedb76927e3634c8b8db6f2dae24a4acbc50edbe67449ee3a8ae42609e39e4651,eth-updown-5m-1777713300
"Ethereum Up or Down - May 2, 5:15AM-5:20AM ET",Up,BUY,10,0.5,0x69b2c03132c073d91d1f596767d2cd22875bca50ca7be1bcdffb6c2c917dceef,2026-05-02 12:15:04,0x5efea0b496ddbe167807050b006aeb54fbb603e534c9f6c622e186a61b71b767,eth-updown-5m-1777713300
"Bitcoin Up or Down - May 2, 5:15AM-5:20AM ET",Up,BUY,60,0.6916666666666667,0x667f3596393ce0c5d102a95cd9065b0c6d9e8ea45c69e753c0105bb1908f10fd,2026-05-02 12:15:04,0x918088855a33edf7e644cacf4ca2a5ea0c22589436085c0eede26335fc67d741,btc-updown-5m-1777713300
"Bitcoin Up or Down - May 2, 5:15AM-5:20AM ET",Up,BUY,78,0.7206807692307692,0x667f3596393ce0c5d102a95cd9065b0c6d9e8ea45c69e753c0105bb1908f10fd,2026-05-02 12:15:04,0x923b26e52bf3a189ebe069d4ff8fb6b42ceeed0a47c8c8806dc162c188a53a67,btc-updown-5m-1777713300
"Bitcoin Up or Down - May 2, 5:15AM-5:30AM ET",Up,BUY,10,0.5,0xd75d03699df4665aaf9e243aeed26e9cd8d052493331bb2d70a13fabd88d422c,2026-05-02 12:15:04,0xa1b93cb53790f6e8cdc7c9b5210b3a98d74637f28d101cc4be93ee49a06409e6,btc-updown-15m-1777713300
"Bitcoin Up or Down - May 2, 5:15AM-5:30AM ET",Up,BUY,10,0.5,0xd75d03699df4665aaf9e243aeed26e9cd8d052493331bb2d70a13fabd88d422c,2026-05-02 12:15:04,0x18c497484dea76b7bc7104073ad1d4607f3f5210193070a3bc7e2e858d4e3d09,btc-updown-15m-1777713300
"Ethereum Up or Down - May 2, 5:15AM-5:20AM ET",Up,BUY,11,0.46,0x69b2c03132c073d91d1f596767d2cd22875bca50ca7be1bcdffb6c2c917dceef,2026-05-02 12:15:04,0x818e7c535bb04dc0c90e53efe5e854059ca0d73c24ce440a6b3e600fc8964362,eth-updown-5m-1777713300
"Bitcoin Up or Down - May 2, 5AM ET",Down,BUY,5,0.61,0x14bb2861ce75d45cd27662cdb89dd48815b9e595db16afd2ae00bde37667d05f,2026-05-02 12:14:34,0x5e1d66985a58a8c05d2a008645e8a32a32f05b0a26b168f7f95bf59c24830379,bitcoin-up-or-down-may-2-2026-5am-et
"Bitcoin Up or Down - May 2, 5:10AM-5:15AM ET",Down,BUY,40,0.47,0x1c2a5486aa9b8579d3e4aa69fec09662f2b38ab400f83ae41b6a4aeb98174045,2026-05-02 12:14:32,0x6aa75fdf04f1f328ea107a3f1d6a504b08bae49efe6b16f23a8006d709247bca,btc-updown-5m-1777713000
"Bitcoin Up or Down - May 2, 5:10AM-5:15AM ET",Down,BUY,40,0.4655625,0x1c2a5486aa9b8579d3e4aa69fec09662f2b38ab400f83ae41b6a4aeb98174045,2026-05-02 12:14:32,0xec928a046b5c56ba422ff14c57cae0892c23ea6a1532a95cf1b7aae59381378e,btc-updown-5m-1777713000
"Bitcoin Up or Down - May 2, 5:10AM-5:15AM ET",Down,BUY,41,0.4616780487804878,0x1c2a5486aa9b8579d3e4aa69fec09662f2b38ab400f83ae41b6a4aeb98174045,2026-05-02 12:14:32,0x36ce165764d7fb02da513f4fc5bdadb1a1fb0717027f60ec23e4127b206de166,btc-updown-5m-1777713000
"Ethereum Up or Down - May 2, 5:10AM-5:15AM ET",Up,BUY,16,0.11,0x603a07d1a302d810878f74b01d83158345b320047e6094284a0045507e8751c0,2026-05-02 12:14:26,0x1b467635c87e1cd4da85f7ae30e37453d98ab96f9eeb96c185de0cdead79db21,eth-updown-5m-1777713000
"Ethereum Up or Down - May 2, 5:10AM-5:15AM ET",Up,BUY,19,0.11,0x603a07d1a302d810878f74b01d83158345b320047e6094284a0045507e8751c0,2026-05-02 12:14:24,0x32a2e25e371b01b7cdf5c46eb24a5e128167339ba09507bf7f5f2f474be1edca,eth-updown-5m-1777713000
"Bitcoin Up or Down - May 2, 5:10AM-5:15AM ET",Down,BUY,40,0.480755,0x1c2a5486aa9b8579d3e4aa69fec09662f2b38ab400f83ae41b6a4aeb98174045,2026-05-02 12:14:14,0x89abe963da438c0af37dc3a018b38569b6dd3a0d4a7aa1d308214567a49af8ea,btc-updown-5m-1777713000
"Bitcoin Up or Down - May 2, 5:10AM-5:15AM ET",Down,BUY,46,0.5208217391304348,0x1c2a5486aa9b8579d3e4aa69fec09662f2b38ab400f83ae41b6a4aeb98174045,2026-05-02 12:14:12,0x6ca2b5477fe76bd2b7f2e11ba30a4f6dd2692d3d542e2064181a9c6c2ad3d2af,btc-updown-5m-1777713000
"Bitcoin Up or Down - May 2, 5AM ET",Down,BUY,5,0.62,0x14bb2861ce75d45cd27662cdb89dd48815b9e595db16afd2ae00bde37667d05f,2026-05-02 12:14:12,0x471e05aa1fea1ffd89d524ea146eae7e7804a0dfb34b972d76ce1464bb942785,bitcoin-up-or-down-may-2-2026-5am-et
"Bitcoin Up or Down - May 2, 5:10AM-5:15AM ET",Down,BUY,51,0.517078431372549,0x1c2a5486aa9b8579d3e4aa69fec09662f2b38ab400f83ae41b6a4aeb98174045,2026-05-02 12:14:12,0x3e172384370dda0ac2418d4a00934eddcd7675fb5b0ffbe2f64ab7aba7b1aeee,btc-updown-5m-1777713000
"Bitcoin Up or Down - May 2, 5:00AM-5:15AM ET",Up,BUY,34,0.05,0xcdb8a56b6166f015561dcb870d7c5b112701e5903b4be86aad0880639ab3b27b,2026-05-02 12:14:12,0xd434c8bdfe60ebbd5a00519758341125f4e0de1a56f8d098053ec94971bf3114,btc-updown-15m-1777712400
"Bitcoin Up or Down - May 2, 5AM ET",Up,BUY,5,0.39,0x14bb2861ce75d45cd27662cdb89dd48815b9e595db16afd2ae00bde37667d05f,2026-05-02 12:14:12,0xc7b4e13b03644992ad1add2b756f410a943f226e41f94d752f6e7b9aeb9902c5,bitcoin-up-or-down-may-2-2026-5am-et
"Bitcoin Up or Down - May 2, 5:10AM-5:15AM ET",Up,BUY,63,0.5172,0x1c2a5486aa9b8579d3e4aa69fec09662f2b38ab400f83ae41b6a4aeb98174045,2026-05-02 12:14:12,0x4d66a7e771393c934a0638cdf9906c20fa22520c10fccbd80a2324545a4d9a4a,btc-updown-5m-1777713000
"Ethereum Up or Down - May 2, 5:10AM-5:15AM ET",Up,BUY,13,0.14,0x603a07d1a302d810878f74b01d83158345b320047e6094284a0045507e8751c0,2026-05-02 12:14:12,0x9e13c66131446590e0249363caa3d9ca0f139d2cd806907c2c2876ca7bee82fb,eth-updown-5m-1777713000
"Bitcoin Up or Down - May 2, 5:10AM-5:15AM ET",Up,BUY,30,0.45166666666666666,0x1c2a5486aa9b8579d3e4aa69fec09662f2b38ab400f83ae41b6a4aeb98174045,2026-05-02 12:14:12,0x28fe69d6cdb1d875189a17f3e8a7256a38cb95c1980605b865132a2a7835d6fd,btc-updown-5m-1777713000
"Ethereum Up or Down - May 2, 5:10AM-5:15AM ET",Up,BUY,13,0.14,0x603a07d1a302d810878f74b01d83158345b320047e6094284a0045507e8751c0,2026-05-02 12:14:12,0x5686f8773e3cb27e3974d701963ce6e5a224366a2468734d71ef109c9b2042e8,eth-updown-5m-1777713000
"Bitcoin Up or Down - May 2, 5AM ET",Up,BUY,5,0.39,0x14bb2861ce75d45cd27662cdb89dd48815b9e595db16afd2ae00bde37667d05f,2026-05-02 12:14:12,0x1e2d6dd82f41759c6d0553dc42542deaaec05008a3f13fb548a35a3c229c5d22,bitcoin-up-or-down-may-2-2026-5am-et
"Bitcoin Up or Down - May 2, 5:00AM-5:15AM ET",Up,BUY,38,0.05,0xcdb8a56b6166f015561dcb870d7c5b112701e5903b4be86aad0880639ab3b27b,2026-05-02 12:14:12,0x3f0b6ecea0929a1b896ab727d2adf18a8bcd7996a6653879d4cc02bdd59d99cf,btc-updown-15m-1777712400
"Bitcoin Up or Down - May 2, 5:10AM-5:15AM ET",Up,BUY,41,0.45878048780487807,0x1c2a5486aa9b8579d3e4aa69fec09662f2b38ab400f83ae41b6a4aeb98174045,2026-05-02 12:14:12,0xace4f12444033c4a45efbc6648c9b0165f9eda3b45517007577f7748e1465a4f,btc-updown-5m-1777713000
"Bitcoin Up or Down - May 2, 4:00AM-8:00AM ET",Up,BUY,5,0.71,0x5414faf1d4f67d580fd195b96186c0beecc19b4c786e84133c96f0fc44c5263b,2026-05-02 12:14:10,0xb810a528b17a81f527d10fedd55c9b6c2dd25ba4336bd290acabced77d12031a,btc-updown-4h-1777708800
"Bitcoin Up or Down - May 2, 5:10AM-5:15AM ET",Up,BUY,40,0.43,0x1c2a5486aa9b8579d3e4aa69fec09662f2b38ab400f83ae41b6a4aeb98174045,2026-05-02 12:14:10,0x53ffbab151fd2db2b29f5d1943ff6873337ba6ecc1a6cd9688ac2cc4a76ae99e,btc-updown-5m-1777713000
"Ethereum Up or Down - May 2, 5:10AM-5:15AM ET",Down,BUY,31,0.83,0x603a07d1a302d810878f74b01d83158345b320047e6094284a0045507e8751c0,2026-05-02 12:13:58,0xe0ffb91325e46828e5d8a80bb6627cdba9794b788bc1d72758db3ffb491991bc,eth-updown-5m-1777713000
"Bitcoin Up or Down - May 2, 5:10AM-5:15AM ET",Down,BUY,58,0.6135379310344827,0x1c2a5486aa9b8579d3e4aa69fec09662f2b38ab400f83ae41b6a4aeb98174045,2026-05-02 12:13:58,0x0b4c91832b1f3a2f08fcf3f4b8e18ebb62abfc20af51474891a33626f8181236,btc-updown-5m-1777713000
"Bitcoin Up or Down - May 2, 5:10AM-5:15AM ET",Down,BUY,56,0.6441571428571429,0x1c2a5486aa9b8579d3e4aa69fec09662f2b38ab400f83ae41b6a4aeb98174045,2026-05-02 12:13:58,0x4542a32eb63f003352a12a1befae30d1c540b3ff321f0cab523b9e5c8288cb52,btc-updown-5m-1777713000
"Ethereum Up or Down - May 2, 5:10AM-5:15AM ET",Up,BUY,14,0.18,0x603a07d1a302d810878f74b01d83158345b320047e6094284a0045507e8751c0,2026-05-02 12:13:58,0xcf4b0210e4eb00ffadea94b6311e32c9fb8236b44544f6e7081a980197639b49,eth-updown-5m-1777713000
"Bitcoin Up or Down - May 2, 5AM ET",Down,BUY,5,0.63,0x14bb2861ce75d45cd27662cdb89dd48815b9e595db16afd2ae00bde37667d05f,2026-05-02 12:13:58,0xe4d35d30cbee61fac8674f1534870ad04f780462da443c33ca6d256820eee858,bitcoin-up-or-down-may-2-2026-5am-et
"Bitcoin Up or Down - May 2, 5:10AM-5:15AM ET",Down,BUY,49,0.5425469387755102,0x1c2a5486aa9b8579d3e4aa69fec09662f2b38ab400f83ae41b6a4aeb98174045,2026-05-02 12:13:58,0x74a6f6371e6f38a60eb6e95703ea2d37af20b585bb7b39ab79af6fb0acf316e6,btc-updown-5m-1777713000
"Bitcoin Up or Down - May 2, 5:10AM-5:15AM ET",Down,BUY,46,0.5373369565217392,0x1c2a5486aa9b8579d3e4aa69fec09662f2b38ab400f83ae41b6a4aeb98174045,2026-05-02 12:13:56,0x238b60bf9af25b8e9f20bc343be2b687db092d7dc4c7f25d80212cce72c93a42,btc-updown-5m-1777713000
"Ethereum Up or Down - May 2, 5:10AM-5:15AM ET",Down,BUY,65,0.83,0x603a07d1a302d810878f74b01d83158345b320047e6094284a0045507e8751c0,2026-05-02 12:13:56,0x56099e08a4e089842c7a884aeabac9a6adf18bb7322292eb41e2c8d888f1c765,eth-updown-5m-1777713000
"Bitcoin Up or Down - May 2, 5:10AM-5:15AM ET",Down,BUY,41,0.535609756097561,0x1c2a5486aa9b8579d3e4aa69fec09662f2b38ab400f83ae41b6a4aeb98174045,2026-05-02 12:13:56,0x09e571483d491e5195faf26544f56eb7ad510f46a3622267681119bc67cfbed4,btc-updown-5m-1777713000
"Ethereum Up or Down - May 2, 5:10AM-5:15AM ET",Down,BUY,22,0.83,0x603a07d1a302d810878f74b01d83158345b320047e6094284a0045507e8751c0,2026-05-02 12:13:54,0xf4a039542a28466bd82e764601e0f6c1992a8a8c381d5cd1f7f9160541cbe83f,eth-updown-5m-1777713000
"Bitcoin Up or Down - May 2, 4:00AM-8:00AM ET",Down,BUY,6,0.3,0x5414faf1d4f67d580fd195b96186c0beecc19b4c786e84133c96f0fc44c5263b,2026-05-02 12:13:54,0xb1acf1835af215bf6878c5c66e31882da4a1bd3ebe5f353252f0fce73dd5ed08,btc-updown-4h-1777708800
"Ethereum Up or Down - May 2, 5:10AM-5:15AM ET",Up,BUY,11,0.19,0x603a07d1a302d810878f74b01d83158345b320047e6094284a0045507e8751c0,2026-05-02 12:13:44,0x02753a64cf56e48172a66ef63d3540248fda682998862501990ade8fd6daa7da,eth-updown-5m-1777713000
"Ethereum Up or Down - May 2, 5:10AM-5:15AM ET",Up,BUY,13,0.19,0x603a07d1a302d810878f74b01d83158345b320047e6094284a0045507e8751c0,2026-05-02 12:13:44,0xc6e39558e8496a4d4860d97289061dcee86868bc367f63631d6d978e3a639722,eth-updown-5m-1777713000
"Bitcoin Up or Down - May 2, 5:10AM-5:15AM ET",Down,BUY,40,0.52,0x1c2a5486aa9b8579d3e4aa69fec09662f2b38ab400f83ae41b6a4aeb98174045,2026-05-02 12:12:56,0xbcc0f5101b510c4592ee9d814e11b00a76f57dfa98b860b88a10f0af9f8f3098,btc-updown-5m-1777713000
"Bitcoin Up or Down - May 2, 5:00AM-5:15AM ET",Down,BUY,24,0.86,0xcdb8a56b6166f015561dcb870d7c5b112701e5903b4be86aad0880639ab3b27b,2026-05-02 12:12:54,0x55e75e6f06fa13abd9d8e6a1064bbb0d3d4143ffcf5460f93ef176a59079b75f,btc-updown-15m-1777712400
"Ethereum Up or Down - May 2, 5:10AM-5:15AM ET",Down,BUY,13,0.7246153846153847,0x603a07d1a302d810878f74b01d83158345b320047e6094284a0045507e8751c0,2026-05-02 12:12:54,0x11de242a44adac244b0b10cb4f3f2cc4795d5a238359527c2b42eecad4b3d386,eth-updown-5m-1777713000
"Ethereum Up or Down - May 2, 5:10AM-5:15AM ET",Down,BUY,13,0.6776923076923077,0x603a07d1a302d810878f74b01d83158345b320047e6094284a0045507e8751c0,2026-05-02 12:12:54,0xdc23fc2cf24d29d5a179d83ce91fc17c693bd63967b03958786461d91f54e00f,eth-updown-5m-1777713000
"Ethereum Up or Down - May 2, 5:10AM-5:15AM ET",Down,BUY,11,0.65,0x603a07d1a302d810878f74b01d83158345b320047e6094284a0045507e8751c0,2026-05-02 12:12:54,0xa716de2fb78ed3ce7a7914c5d626dd95d7089f7b3a964fa97702d5f361295f21,eth-updown-5m-1777713000
"Ethereum Up or Down - May 2, 5:10AM-5:15AM ET",Up,BUY,10,0.26,0x603a07d1a302d810878f74b01d83158345b320047e6094284a0045507e8751c0,2026-05-02 12:12:36,0xa2105a638ac7958650d52f9a2b49c9f55a60cb24f1407a9c669f887223839ef8,eth-updown-5m-1777713000
"Bitcoin Up or Down - May 2, 5:00AM-5:15AM ET",Up,BUY,19,0.13,0xcdb8a56b6166f015561dcb870d7c5b112701e5903b4be86aad0880639ab3b27b,2026-05-02 12:12:36,0xa16204468dcd7122b3d3d93b989880da278d41cc27f83360fd91740eb64fb1a1,btc-updown-15m-1777712400
"Bitcoin Up or Down - May 2, 5:10AM-5:15AM ET",Up,BUY,41,0.55,0x1c2a5486aa9b8579d3e4aa69fec09662f2b38ab400f83ae41b6a4aeb98174045,2026-05-02 12:12:36,0x83eb8940d09d02ba2cd0313b2c30c80ff7c938441ff0360881235c89ca19b6d1,btc-updown-5m-1777713000
"Bitcoin Up or Down - May 2, 5:10AM-5:15AM ET",Up,BUY,40,0.5089975,0x1c2a5486aa9b8579d3e4aa69fec09662f2b38ab400f83ae41b6a4aeb98174045,2026-05-02 12:12:36,0x4f356405c90677999d75a824ae41534821e410ad9712ce74ccb53d5f5b476d74,btc-updown-5m-1777713000
"Ethereum Up or Down - May 2, 5:10AM-5:15AM ET",Up,BUY,11,0.26724545454545456,0x603a07d1a302d810878f74b01d83158345b320047e6094284a0045507e8751c0,2026-05-02 12:12:36,0x5a937c0178740a2be13aa5e79c6a1d813aae679dfda523f6c1d75eebe0afad9a,eth-updown-5m-1777713000
"Bitcoin Up or Down - May 2, 5:10AM-5:15AM ET",Down,BUY,41,0.53,0x1c2a5486aa9b8579d3e4aa69fec09662f2b38ab400f83ae41b6a4aeb98174045,2026-05-02 12:12:26,0xe14e1cc829f2585141fd5827c34ce53a0cf5aabd65d8be4198b7bacbf112b11f,btc-updown-5m-1777713000
"Bitcoin Up or Down - May 2, 5:00AM-5:15AM ET",Down,BUY,24,0.8658208333333334,0xcdb8a56b6166f015561dcb870d7c5b112701e5903b4be86aad0880639ab3b27b,2026-05-02 12:12:26,0x4d87639701c8763b9056004e911df4307a3ebf97aac2ca0f044cbafc5c30aa62,btc-updown-15m-1777712400
"Bitcoin Up or Down - May 2, 5:10AM-5:15AM ET",Down,BUY,40,0.53,0x1c2a5486aa9b8579d3e4aa69fec09662f2b38ab400f83ae41b6a4aeb98174045,2026-05-02 12:12:26,0x1de9c2a46a13fe8826019a771707678200420dcd6085911283889439c3fd6da6,btc-updown-5m-1777713000
"Bitcoin Up or Down - May 2, 5:10AM-5:15AM ET",Down,BUY,41,0.56,0x1c2a5486aa9b8579d3e4aa69fec09662f2b38ab400f83ae41b6a4aeb98174045,2026-05-02 12:12:10,0x4f2c5ce978972367508ca6d3d85fb11c6938f7cf18b0996ae192eb6647aba862,btc-updown-5m-1777713000
"Ethereum Up or Down - May 2, 5:10AM-5:15AM ET",Down,BUY,13,0.66,0x603a07d1a302d810878f74b01d83158345b320047e6094284a0045507e8751c0,2026-05-02 12:11:20,0x8bbe26975108d98b313c4fc4849999feafbd024c6f0d363a1b7af066c1b5c1d9,eth-updown-5m-1777713000
"Ethereum Up or Down - May 2, 5:10AM-5:15AM ET",Down,BUY,14,0.66,0x603a07d1a302d810878f74b01d83158345b320047e6094284a0045507e8751c0,2026-05-02 12:11:20,0x86aa6237ba378433445f304bb3c82091c3bd4486e00bfa58f56ce4990f153521,eth-updown-5m-1777713000
"Bitcoin Up or Down - May 2, 5:00AM-5:15AM ET",Down,BUY,16,0.7874125,0xcdb8a56b6166f015561dcb870d7c5b112701e5903b4be86aad0880639ab3b27b,2026-05-02 12:11:20,0x75dea6f0e0de91f196fc47b6c9e2c0c5db3fcaa016e1a8d62353c56f32afd5cb,btc-updown-15m-1777712400
"Ethereum Up or Down - May 2, 5:10AM-5:15AM ET",Down,BUY,11,0.6545454545454545,0x603a07d1a302d810878f74b01d83158345b320047e6094284a0045507e8751c0,2026-05-02 12:11:20,0xe24ac967c477499e7f0b280a1d2381f92cc1646774d6c8b956980526d152f5ae,eth-updown-5m-1777713000
"Bitcoin Up or Down - May 2, 5:10AM-5:15AM ET",Down,BUY,40,0.46,0x1c2a5486aa9b8579d3e4aa69fec09662f2b38ab400f83ae41b6a4aeb98174045,2026-05-02 12:11:20,0x027658f32ae67ae6bd1a695afb755c9c8ad9f6ee80665ec341044fd88500e9d1,btc-updown-5m-1777713000
"Bitcoin Up or Down - May 2, 5:00AM-5:15AM ET",Down,BUY,12,0.67,0xcdb8a56b6166f015561dcb870d7c5b112701e5903b4be86aad0880639ab3b27b,2026-05-02 12:11:18,0x7534b278dd4003e3d79c951e22fcbaf9f0569c07d93fe9fe3ab153932634107d,btc-updown-15m-1777712400
"Ethereum Up or Down - May 2, 5:10AM-5:15AM ET",Down,BUY,10,0.46197,0x603a07d1a302d810878f74b01d83158345b320047e6094284a0045507e8751c0,2026-05-02 12:10:56,0x75140454a16c3d42c4476c02e7aaa615bbe111d2523330bfa9d874ef590129a6,eth-updown-5m-1777713000
"Ethereum Up or Down - May 2, 5:10AM-5:15AM ET",Down,BUY,10,0.45661,0x603a07d1a302d810878f74b01d83158345b320047e6094284a0045507e8751c0,2026-05-02 12:10:56,0x9f70fe65b4f9b1ec9f0c3e37959fa945a5ea34c021334d5f78eb07e675538aa9,eth-updown-5m-1777713000
"Bitcoin Up or Down - May 2, 5:00AM-5:15AM ET",Down,BUY,11,0.59,0xcdb8a56b6166f015561dcb870d7c5b112701e5903b4be86aad0880639ab3b27b,2026-05-02 12:10:56,0x81f7c3c9f99bd228738fbee5f0de47297be323838eea5cf4a17f5477d810a8f0,btc-updown-15m-1777712400
"Bitcoin Up or Down - May 2, 5AM ET",Down,BUY,5,0.54,0x14bb2861ce75d45cd27662cdb89dd48815b9e595db16afd2ae00bde37667d05f,2026-05-02 12:10:56,0x9465f8e7cf2928b9d9d70c645ad4e30f5128406f059338383d0b91f0ba51a558,bitcoin-up-or-down-may-2-2026-5am-et
"Bitcoin Up or Down - May 2, 5:10AM-5:15AM ET",Down,BUY,42,0.3487571428571429,0x1c2a5486aa9b8579d3e4aa69fec09662f2b38ab400f83ae41b6a4aeb98174045,2026-05-02 12:10:56,0x2b00681918ce6a608b0379536c06673e4be42629d31ea56c1e8f845e6197e4ae,btc-updown-5m-1777713000
"Bitcoin Up or Down - May 2, 5:00AM-5:15AM ET",Down,BUY,10,0.59,0xcdb8a56b6166f015561dcb870d7c5b112701e5903b4be86aad0880639ab3b27b,2026-05-02 12:10:56,0x78a34bf4d6032530cc2951f6225cc88cd17cb3a1920c6b447a762d9c1e694460,btc-updown-15m-1777712400
"Ethereum Up or Down - May 2, 5:10AM-5:15AM ET",Down,BUY,12,0.54,0x603a07d1a302d810878f74b01d83158345b320047e6094284a0045507e8751c0,2026-05-02 12:10:56,0xc5491cc0dfc608fc7e8b88b32669895592667784c0cd4c62be47ff04f9a23a08,eth-updown-5m-1777713000
"Ethereum Up or Down - May 2, 5:10AM-5:15AM ET",Down,BUY,5.45,0.48,0x603a07d1a302d810878f74b01d83158345b320047e6094284a0045507e8751c0,2026-05-02 12:10:56,0x88c53d0eaba35d1a7aa2bbd833f42ed8de73e67fd2c04423a9e793ef980b04e4,eth-updown-5m-1777713000
"Ethereum Up or Down - May 2, 5:10AM-5:15AM ET",Down,BUY,11,0.48,0x603a07d1a302d810878f74b01d83158345b320047e6094284a0045507e8751c0,2026-05-02 12:10:56,0xec41b6cfad86aef9b902d2bf473ed0f51a5538acbc92e0d92b4a36ac487017d2,eth-updown-5m-1777713000
"Bitcoin Up or Down - May 2, 5:10AM-5:15AM ET",Up,BUY,83,0.7052734939759037,0x1c2a5486aa9b8579d3e4aa69fec09662f2b38ab400f83ae41b6a4aeb98174045,2026-05-02 12:10:38,0x65dcd54c0ccb78156cbdbb3f8a0a294434b46c5c1b0a8f23de0a0ce6ce9dae12,btc-updown-5m-1777713000
"Bitcoin Up or Down - May 2, 5AM ET",Up,BUY,5,0.44,0x14bb2861ce75d45cd27662cdb89dd48815b9e595db16afd2ae00bde37667d05f,2026-05-02 12:10:38,0xcdf42c2a649efdcea5c6d859d82064e742766d475d9651764a5917a2620a5e9e,bitcoin-up-or-down-may-2-2026-5am-et
"Bitcoin Up or Down - May 2, 5:10AM-5:15AM ET",Up,BUY,74,0.6790391891891892,0x1c2a5486aa9b8579d3e4aa69fec09662f2b38ab400f83ae41b6a4aeb98174045,2026-05-02 12:10:36,0x679af734f65e603dc5043a3d01dddcfbef0e6b1e31f41b9590cd34f9b730d49b,btc-updown-5m-1777713000
"Ethereum Up or Down - May 2, 5:10AM-5:15AM ET",Up,BUY,14,0.54,0x603a07d1a302d810878f74b01d83158345b320047e6094284a0045507e8751c0,2026-05-02 12:10:36,0x314c0ad8b80e3687c298cffae55c263dcbbf76db68568d3e0d8e72ba6f5d19f7,eth-updown-5m-1777713000
"Bitcoin Up or Down - May 2, 5AM ET",Up,BUY,5,0.44,0x14bb2861ce75d45cd27662cdb89dd48815b9e595db16afd2ae00bde37667d05f,2026-05-02 12:10:36,0x6e3fbbff82cd44c9da04ff7ed525c9c12c2e84082cdc86118e7396e7aaf8ee46,bitcoin-up-or-down-may-2-2026-5am-et
"Bitcoin Up or Down - May 2, 5:10AM-5:15AM ET",Up,BUY,88,0.7161602272727273,0x1c2a5486aa9b8579d3e4aa69fec09662f2b38ab400f83ae41b6a4aeb98174045,2026-05-02 12:10:36,0xd2c81cb7c0e70a1d38050969beea5f1cf0e2e00224237d74271c61dda3a56aba,btc-updown-5m-1777713000
"Ethereum Up or Down - May 2, 5:10AM-5:15AM ET",Up,BUY,14,0.54,0x603a07d1a302d810878f74b01d83158345b320047e6094284a0045507e8751c0,2026-05-02 12:10:36,0x5a4ae0712c4945a88b46b4cd65fb24d459a62fcfe0486e4d793a062980a25623,eth-updown-5m-1777713000
"Bitcoin Up or Down - May 2, 5AM ET",Up,BUY,5,0.44,0x14bb2861ce75d45cd27662cdb89dd48815b9e595db16afd2ae00bde37667d05f,2026-05-02 12:10:36,0x55153b21f596474e102b601bbbc32c48cdccce9074ce3ce334853ec9ae491391,bitcoin-up-or-down-may-2-2026-5am-et
"Bitcoin Up or Down - May 2, 5AM ET",Up,BUY,5,0.44,0x14bb2861ce75d45cd27662cdb89dd48815b9e595db16afd2ae00bde37667d05f,2026-05-02 12:10:36,0x673fa61c47cb42d409974bb66debf6e2d25e5ed37145f8125999dc9fe4a7bbf6,bitcoin-up-or-down-may-2-2026-5am-et
"Bitcoin Up or Down - May 2, 5:10AM-5:15AM ET",Up,BUY,40,0.47,0x1c2a5486aa9b8579d3e4aa69fec09662f2b38ab400f83ae41b6a4aeb98174045,2026-05-02 12:10:36,0xda0125d83b9af48a1ec69a2f2a4c7bd5d26609c98f61f0814d3fe17ad2b36e99,btc-updown-5m-1777713000
"Ethereum Up or Down - May 2, 5:10AM-5:15AM ET",Up,BUY,11,0.54,0x603a07d1a302d810878f74b01d83158345b320047e6094284a0045507e8751c0,2026-05-02 12:10:36,0x6989e74c3bfbd88bbe7712b6fc65dbe9b94a4065b75112f3c7e9283ef35d091d,eth-updown-5m-1777713000
"Bitcoin Up or Down - May 2, 5:10AM-5:15AM ET",Up,BUY,78,0.69385,0x1c2a5486aa9b8579d3e4aa69fec09662f2b38ab400f83ae41b6a4aeb98174045,2026-05-02 12:10:36,0x057878e85c30449ef7fabf3e21995307a67cf0c64d61ce57eed47ab43a2f988c,btc-updown-5m-1777713000
"Ethereum Up or Down - May 2, 5:10AM-5:15AM ET",Up,BUY,11,0.54,0x603a07d1a302d810878f74b01d83158345b320047e6094284a0045507e8751c0,2026-05-02 12:10:36,0xc5753a43a1b855d2f4b5627f5acabc85a9a973e1f97e8926a87864c7a45efb48,eth-updown-5m-1777713000
"Ethereum Up or Down - May 2, 5:10AM-5:15AM ET",Up,BUY,10,0.54,0x603a07d1a302d810878f74b01d83158345b320047e6094284a0045507e8751c0,2026-05-02 12:10:36,0xfe7ecf254550cc90efd0e7668cd944425dcf6b2f6fa67ec1c0ada05269a94abf,eth-updown-5m-1777713000
"Bitcoin Up or Down - May 2, 5:10AM-5:15AM ET",Up,BUY,60,0.6341666666666667,0x1c2a5486aa9b8579d3e4aa69fec09662f2b38ab400f83ae41b6a4aeb98174045,2026-05-02 12:10:36,0x42e30fa82d2b3c70ab03268cbc0662a82670552f845e1b8bb4c818f0108e500b,btc-updown-5m-1777713000
"Ethereum Up or Down - May 2, 5:10AM-5:15AM ET",Up,BUY,10,0.54,0x603a07d1a302d810878f74b01d83158345b320047e6094284a0045507e8751c0,2026-05-02 12:10:36,0x21600a9f211ab36b01bd4fb9691a69a233f9870fd3c3ef985065ac4c030166e0,eth-updown-5m-1777713000
"Bitcoin Up or Down - May 2, 5:10AM-5:15AM ET",Up,BUY,55,0.56,0x1c2a5486aa9b8579d3e4aa69fec09662f2b38ab400f83ae41b6a4aeb98174045,2026-05-02 12:10:36,0xa296b09b0343f08854b30db985044b6f300ac2701923ea9c1d1dc0168f516f06,btc-updown-5m-1777713000
"Bitcoin Up or Down - May 2, 5:05AM-5:10AM ET",Down,BUY,29.27,0.6104714724974376,0x1e4793fe6548d9a936b00a122f4ee7e69a9d6bdbc487cc6f7fc5c529d97cd129,2026-05-02 12:09:00,0x76ac0ee85f5ee620cc7eb86b7722d8942819126899dc87d38e1c333aa97c6b6c,btc-updown-5m-1777712700
"Bitcoin Up or Down - May 2, 5:05AM-5:10AM ET",Up,BUY,40,0.45,0x1e4793fe6548d9a936b00a122f4ee7e69a9d6bdbc487cc6f7fc5c529d97cd129,2026-05-02 12:08:54,0x008d158ee35aeb6f567efb780bac3cae938204083e4fbcc73c5129c2335a98cf,btc-updown-5m-1777712700
"Bitcoin Up or Down - May 2, 5:05AM-5:10AM ET",Up,BUY,40,0.45,0x1e4793fe6548d9a936b00a122f4ee7e69a9d6bdbc487cc6f7fc5c529d97cd129,2026-05-02 12:08:54,0xa8a4aacfda34f4a0b6d03308af681dda7dc95f7f7c5144bb578d83f22743b98a,btc-updown-5m-1777712700
"Bitcoin Up or Down - May 2, 5:05AM-5:10AM ET",Up,BUY,40,0.44935,0x1e4793fe6548d9a936b00a122f4ee7e69a9d6bdbc487cc6f7fc5c529d97cd129,2026-05-02 12:08:54,0x9f566453798887069909f51447e858126a781936d2bdb5293ba05270431d69b4,btc-updown-5m-1777712700
"Bitcoin Up or Down - May 2, 5:05AM-5:10AM ET",Down,BUY,41,0.550070731707317,0x1e4793fe6548d9a936b00a122f4ee7e69a9d6bdbc487cc6f7fc5c529d97cd129,2026-05-02 12:08:42,0x86d814b6c448b8f3c8566c4ccfe088dabcd778678a011b64a4ca9dfe158a55b9,btc-updown-5m-1777712700
"Bitcoin Up or Down - May 2, 5AM ET",Up,BUY,5,0.41,0x14bb2861ce75d45cd27662cdb89dd48815b9e595db16afd2ae00bde37667d05f,2026-05-02 12:08:02,0x99cb8457bc7b23e97fddefb43a40e9e0b877048f438ed9ef3567d00962ebe38d,bitcoin-up-or-down-may-2-2026-5am-et
"Ethereum Up or Down - May 2, 5:05AM-5:10AM ET",Up,BUY,28,0.88,0x6b51752c1dd60faf05aaf7e515faf93c1699c1e83773a2191574eb43bdb9c0d2,2026-05-02 12:06:32,0x8e68b602449eb2d09852c432940fb446fb2dfdf2583df29b45fa5a207eb0a54d,eth-updown-5m-1777712700
"Bitcoin Up or Down - May 2, 5:05AM-5:10AM ET",Up,BUY,40,0.43,0x1e4793fe6548d9a936b00a122f4ee7e69a9d6bdbc487cc6f7fc5c529d97cd129,2026-05-02 12:05:40,0xf676615036371b928ec334f9e093bcb4a78e60d99bd490e88aa113de41a86215,btc-updown-5m-1777712700
"Bitcoin Up or Down - May 2, 5:00AM-5:15AM ET",Up,BUY,11,0.32,0xcdb8a56b6166f015561dcb870d7c5b112701e5903b4be86aad0880639ab3b27b,2026-05-02 12:05:38,0x1de84739854f1943ee702a1def5be148796e3658350fb32877ff2d004d9a2acd,btc-updown-15m-1777712400
"Ethereum Up or Down - May 2, 5:05AM-5:10AM ET",Up,BUY,21,0.8452428571428572,0x6b51752c1dd60faf05aaf7e515faf93c1699c1e83773a2191574eb43bdb9c0d2,2026-05-02 12:05:36,0x17bd37e8e88120cf74184cc0aabd1ed43e5c38de71bdd8da1470a468175e14e5,eth-updown-5m-1777712700
"Bitcoin Up or Down - May 2, 5:00AM-5:15AM ET",Up,BUY,12,0.29,0xcdb8a56b6166f015561dcb870d7c5b112701e5903b4be86aad0880639ab3b27b,2026-05-02 12:05:22,0xb69c3fe33b02a345babbacf451f105df8935fd1ae8a011d246af106323d9b891,btc-updown-15m-1777712400
"Bitcoin Up or Down - May 2, 5:05AM-5:10AM ET",Up,BUY,40,0.4,0x1e4793fe6548d9a936b00a122f4ee7e69a9d6bdbc487cc6f7fc5c529d97cd129,2026-05-02 12:05:22,0x959098a8670bfe7a83a331bb3e3f4ad287d2dfe18d3159708faa6d6dce744925,btc-updown-5m-1777712700
"Bitcoin Up or Down - May 2, 5:05AM-5:10AM ET",Up,BUY,41,0.4,0x1e4793fe6548d9a936b00a122f4ee7e69a9d6bdbc487cc6f7fc5c529d97cd129,2026-05-02 12:05:22,0xd096eca17b71854042a738dfea27eb9100d1a06292c18ef24086eae8446cb4af,btc-updown-5m-1777712700
"Ethereum Up or Down - May 2, 5:05AM-5:10AM ET",Up,BUY,14,0.74,0x6b51752c1dd60faf05aaf7e515faf93c1699c1e83773a2191574eb43bdb9c0d2,2026-05-02 12:05:22,0x8044f3c24cf5e70aa9570fc0b759576b7759a7a95bbf600eb1d5034e5b504116,eth-updown-5m-1777712700
"Ethereum Up or Down - May 2, 5:05AM-5:10AM ET",Up,BUY,14,0.75,0x6b51752c1dd60faf05aaf7e515faf93c1699c1e83773a2191574eb43bdb9c0d2,2026-05-02 12:05:22,0x501adccf1b90baa7d8da9cbce1efba16a46d92fc9bd26fac52a37a2b15b862ce,eth-updown-5m-1777712700
"Ethereum Up or Down - May 2, 5:05AM-5:10AM ET",Up,BUY,5,0.64,0x6b51752c1dd60faf05aaf7e515faf93c1699c1e83773a2191574eb43bdb9c0d2,2026-05-02 12:05:22,0x860863651358d18ef1b17b8ebc66747dd81af3a9ff7ab8549a638897710c1181,eth-updown-5m-1777712700
"Ethereum Up or Down - May 2, 5:05AM-5:10AM ET",Up,BUY,20,0.74,0x6b51752c1dd60faf05aaf7e515faf93c1699c1e83773a2191574eb43bdb9c0d2,2026-05-02 12:05:22,0x820085fb8119cd2544e78583ccb3d7b0c0e482c0cbe40fc34f087d4ee902a727,eth-updown-5m-1777712700
"Ethereum Up or Down - May 2, 5:05AM-5:10AM ET",Up,BUY,5,0.78,0x6b51752c1dd60faf05aaf7e515faf93c1699c1e83773a2191574eb43bdb9c0d2,2026-05-02 12:05:22,0x038cfa2b8ded6a9ac22b1f86a083f84c53122d1d268d44972c51469516e66e01,eth-updown-5m-1777712700
"Ethereum Up or Down - May 2, 5:05AM-5:10AM ET",Down,BUY,10,0.41,0x6b51752c1dd60faf05aaf7e515faf93c1699c1e83773a2191574eb43bdb9c0d2,2026-05-02 12:05:16,0x8f524f77e5ed5a3b25ad3241c4f32dc07f4dcdb48d13076aeaca366cceffe2c0,eth-updown-5m-1777712700
"Bitcoin Up or Down - May 2, 5:05AM-5:10AM ET",Down,BUY,46,0.59,0x1e4793fe6548d9a936b00a122f4ee7e69a9d6bdbc487cc6f7fc5c529d97cd129,2026-05-02 12:05:12,0x0eb8eda5a94efa5f95c147a1a3ffe928d7cffee7252f8bd1d6b5d1c5ac138a1d,btc-updown-5m-1777712700
"Bitcoin Up or Down - May 2, 5:00AM-5:15AM ET",Down,BUY,13,0.72,0xcdb8a56b6166f015561dcb870d7c5b112701e5903b4be86aad0880639ab3b27b,2026-05-02 12:05:12,0x5679710cc84d2636cc3e5a2de46cb6b4cefe84d3b7b0823d5b4c913f0fd4358b,btc-updown-15m-1777712400
"Bitcoin Up or Down - May 2, 5:05AM-5:10AM ET",Down,BUY,43,0.59,0x1e4793fe6548d9a936b00a122f4ee7e69a9d6bdbc487cc6f7fc5c529d97cd129,2026-05-02 12:05:12,0x3df609fbe25459aaee88c7880a9762c9a7879fd2c0cdd46e78aa5186ec9f0492,btc-updown-5m-1777712700
"Bitcoin Up or Down - May 2, 5:00AM-5:15AM ET",Down,BUY,13,0.71,0xcdb8a56b6166f015561dcb870d7c5b112701e5903b4be86aad0880639ab3b27b,2026-05-02 12:04:50,0x0406c4fcbbde7af6a36bb94160c7c199afa19e49ef833d50e53ff43be37f7c5d,btc-updown-15m-1777712400
"Bitcoin Up or Down - May 2, 5AM ET",Down,BUY,5,0.58,0x14bb2861ce75d45cd27662cdb89dd48815b9e595db16afd2ae00bde37667d05f,2026-05-02 12:04:50,0xdc8114e72c9e84e25ca259b62bdc83eb9de1eb1c80999bf664fb3b586f2fbe80,bitcoin-up-or-down-may-2-2026-5am-et
"Bitcoin Up or Down - May 2, 5:00AM-5:15AM ET",Down,BUY,12,0.703675,0xcdb8a56b6166f015561dcb870d7c5b112701e5903b4be86aad0880639ab3b27b,2026-05-02 12:04:50,0x4326d40d6c871b2c0a353f34745db42aead91b8025f749a011eebcc5db6f601e,btc-updown-15m-1777712400
"Bitcoin Up or Down - May 2, 5:00AM-5:15AM ET",Down,BUY,6.93,0.65,0xcdb8a56b6166f015561dcb870d7c5b112701e5903b4be86aad0880639ab3b27b,2026-05-02 12:04:44,0x92a7fe7f1e6b20ed74153151bf7f49c69d365f4c10ebc347c3fd7ca63d5f83c8,btc-updown-15m-1777712400
"Bitcoin Up or Down - May 2, 5:00AM-5:15AM ET",Down,BUY,11,0.67,0xcdb8a56b6166f015561dcb870d7c5b112701e5903b4be86aad0880639ab3b27b,2026-05-02 12:04:44,0xa968c47bc74d5364bb3150b9db6a3867449402c6e53d5f8019071363c76fbb37,btc-updown-15m-1777712400
"Bitcoin Up or Down - May 2, 5:00AM-5:05AM ET",Down,BUY,344,0.8945546511627906,0xc1495b98fd211815a0ada70ff3d438a13836495d952baf803702d6788b181aef,2026-05-02 12:04:20,0xcfe908898dd2de76f32fd0c53f6e1f6f9dee8d786dab9572b4abe6c99d1b0c60,btc-updown-5m-1777712400
"Bitcoin Up or Down - May 2, 5:00AM-5:05AM ET",Down,BUY,52,0.72,0xc1495b98fd211815a0ada70ff3d438a13836495d952baf803702d6788b181aef,2026-05-02 12:02:50,0x0facbd1757fe2bf39179a6892c72d45a84463cfab58286ea493c29e0f4c9cc05,btc-updown-5m-1777712400
"Bitcoin Up or Down - May 2, 5:00AM-5:05AM ET",Up,BUY,48,0.23299375,0xc1495b98fd211815a0ada70ff3d438a13836495d952baf803702d6788b181aef,2026-05-02 12:02:42,0x6e650d540328656b4dfbc3f501cc2ffd13e874fa44512f37cb43f8f2cbe11ed5,btc-updown-5m-1777712400
"Bitcoin Up or Down - May 2, 5AM ET",Up,BUY,5,0.44,0x14bb2861ce75d45cd27662cdb89dd48815b9e595db16afd2ae00bde37667d05f,2026-05-02 12:02:42,0x850e858770d5746853aab2b63ff9d552e0a905c863fd4cbce7b44b7a40c89881,bitcoin-up-or-down-may-2-2026-5am-et
"Bitcoin Up or Down - May 2, 5:00AM-5:15AM ET",Up,BUY,10,0.405,0xcdb8a56b6166f015561dcb870d7c5b112701e5903b4be86aad0880639ab3b27b,2026-05-02 12:02:42,0x86e860cf9384be3112551104706a3a10638ed3c12bfdca23cb7ff101b3d48391,btc-updown-15m-1777712400
"Bitcoin Up or Down - May 2, 5:00AM-5:05AM ET",Up,BUY,49,0.23,0xc1495b98fd211815a0ada70ff3d438a13836495d952baf803702d6788b181aef,2026-05-02 12:02:42,0xa074161e288b8850f84ee2f138c7df6b0afab330e967591d5af1af54fa5b9680,btc-updown-5m-1777712400
"Ethereum Up or Down - May 2, 5:00AM-5:05AM ET",Up,BUY,11.66,0.8,0x5e007a24839cdf7fd9b8a369b19d6dc9994507647a752c84f2a9d9a053b91874,2026-05-02 12:02:42,0xa19d148f4ff310f145cccf636e1ee90bb12cf0c2ff64de80e9e73fc9e99af31d,eth-updown-5m-1777712400
"Bitcoin Up or Down - May 2, 5AM ET",Up,BUY,5,0.44,0x14bb2861ce75d45cd27662cdb89dd48815b9e595db16afd2ae00bde37667d05f,2026-05-02 12:02:42,0x7b13c4fd861107215899147a72970b7f8d8ddd931ef34108f1a60d0579073c38,bitcoin-up-or-down-may-2-2026-5am-et
"Ethereum Up or Down - May 2, 5:00AM-5:05AM ET",Up,BUY,3.33,0.75,0x5e007a24839cdf7fd9b8a369b19d6dc9994507647a752c84f2a9d9a053b91874,2026-05-02 12:02:42,0xf9ca55b8f358ddc61c309d1da67504be775b7b031621524730b26d3b4d93352b,eth-updown-5m-1777712400
"Ethereum Up or Down - May 2, 5:00AM-5:05AM ET",Up,BUY,10,0.55,0x5e007a24839cdf7fd9b8a369b19d6dc9994507647a752c84f2a9d9a053b91874,2026-05-02 12:01:50,0x4d0cc7ac79ca246e20225ea03734ff318053849728a43e2e0da4018de80d649a,eth-updown-5m-1777712400
"Ethereum Up or Down - May 2, 5:00AM-5:05AM ET",Up,BUY,10,0.55,0x5e007a24839cdf7fd9b8a369b19d6dc9994507647a752c84f2a9d9a053b91874,2026-05-02 12:01:50,0x97a2a3e821c7c88c13270b94cbdf389d90335d4651512f7350b81c94adc0e2fd,eth-updown-5m-1777712400
"Bitcoin Up or Down - May 2, 5:00AM-5:15AM ET",Down,BUY,10,0.57,0xcdb8a56b6166f015561dcb870d7c5b112701e5903b4be86aad0880639ab3b27b,2026-05-02 12:01:22,0x19c823797dc3d37c87b97bb130e5520216f11fc8cc7bd24d53beab49c760721a,btc-updown-15m-1777712400
"Bitcoin Up or Down - May 2, 5:00AM-5:05AM ET",Down,BUY,52,0.74,0xc1495b98fd211815a0ada70ff3d438a13836495d952baf803702d6788b181aef,2026-05-02 12:01:22,0x59d59c5d5238b1279796e9f45f9e7b2def0ddb50ffa9ef0a707ea52551eae726,btc-updown-5m-1777712400
"Bitcoin Up or Down - May 2, 5AM ET",Down,BUY,5,0.57,0x14bb2861ce75d45cd27662cdb89dd48815b9e595db16afd2ae00bde37667d05f,2026-05-02 12:01:22,0x1843c262590b332f7221e473541e8c79a9e59f864163a9516e99c48160d47cce,bitcoin-up-or-down-may-2-2026-5am-et
"Ethereum Up or Down - May 2, 5:00AM-5:05AM ET",Down,BUY,10,0.47,0x5e007a24839cdf7fd9b8a369b19d6dc9994507647a752c84f2a9d9a053b91874,2026-05-02 12:01:22,0xb332fc8c7baf75ae497ba4a4bb87307c93f1306ead913e6735c277ed2d0bdb3d,eth-updown-5m-1777712400
"Ethereum Up or Down - May 2, 5:00AM-5:05AM ET",Down,BUY,10,0.47,0x5e007a24839cdf7fd9b8a369b19d6dc9994507647a752c84f2a9d9a053b91874,2026-05-02 12:01:22,0xbf141ba9a81f5502f4215802ea2c38bc334fc456b28d7c8903645bb6487db24a,eth-updown-5m-1777712400
"Bitcoin Up or Down - May 2, 5:00AM-5:05AM ET",Up,BUY,45,0.34,0xc1495b98fd211815a0ada70ff3d438a13836495d952baf803702d6788b181aef,2026-05-02 12:01:06,0x9f6666ec9daa10627339e9e4aca6c1d6a324de534675f08da7494342e190d471,btc-updown-5m-1777712400
"Bitcoin Up or Down - May 2, 5AM ET",Up,BUY,5,0.44,0x14bb2861ce75d45cd27662cdb89dd48815b9e595db16afd2ae00bde37667d05f,2026-05-02 12:01:06,0xe08796a61ded3b0536f3e00ff7165dfc4c7b096185a8bf8e89b627bc17c25b95,bitcoin-up-or-down-may-2-2026-5am-et
"Bitcoin Up or Down - May 2, 5:00AM-5:05AM ET",Up,BUY,45,0.29,0xc1495b98fd211815a0ada70ff3d438a13836495d952baf803702d6788b181aef,2026-05-02 12:01:06,0x7f32425779290b4dc59a13e9ef2fbb000cbf927875d8db0f0b1701e30600935b,btc-updown-5m-1777712400
"Bitcoin Up or Down - May 2, 5:00AM-5:15AM ET",Up,BUY,10,0.4,0xcdb8a56b6166f015561dcb870d7c5b112701e5903b4be86aad0880639ab3b27b,2026-05-02 12:01:06,0x7705528814edcb0b581dbd62c9fe715227fa1c3f51bdc7e09187c18cef50692a,btc-updown-15m-1777712400
"Bitcoin Up or Down - May 2, 5AM ET",Up,BUY,5,0.44,0x14bb2861ce75d45cd27662cdb89dd48815b9e595db16afd2ae00bde37667d05f,2026-05-02 12:01:06,0xf1571786f15066514ba5892f39f97a26d0b6883a32c100d91c9cd372a2476125,bitcoin-up-or-down-may-2-2026-5am-et
"Ethereum Up or Down - May 2, 5:00AM-5:05AM ET",Up,BUY,10,0.48,0x5e007a24839cdf7fd9b8a369b19d6dc9994507647a752c84f2a9d9a053b91874,2026-05-02 12:01:06,0x6c49f880cefd814015da4ad174a9e20baa0f1a2346d653785d1dd4885bc55c0e,eth-updown-5m-1777712400
"Bitcoin Up or Down - May 2, 5:00AM-5:05AM ET",Up,BUY,43.33,0.2696930533117932,0xc1495b98fd211815a0ada70ff3d438a13836495d952baf803702d6788b181aef,2026-05-02 12:01:06,0x31382c6a40d49ceb9ae2b3ae52d1a93f3be1ab9267a760fd5164ab3af04bdf64,btc-updown-5m-1777712400
"Ethereum Up or Down - May 2, 5:00AM-5:05AM ET",Up,BUY,10,0.4603,0x5e007a24839cdf7fd9b8a369b19d6dc9994507647a752c84f2a9d9a053b91874,2026-05-02 12:01:04,0x0694c1de073ce1a75b31c04eb458fa9cd8735dccc79a6c7c67eb3e5c492797d8,eth-updown-5m-1777712400
"Bitcoin Up or Down - May 2, 5:00AM-5:05AM ET",Down,BUY,56,0.75,0xc1495b98fd211815a0ada70ff3d438a13836495d952baf803702d6788b181aef,2026-05-02 12:00:46,0xcfd1a0630600ab45b9f6b68bd0f08308b39a80e255b1b3ad349132b597e04681,btc-updown-5m-1777712400
"Bitcoin Up or Down - May 2, 5:00AM-5:15AM ET",Up,BUY,10,0.48,0xcdb8a56b6166f015561dcb870d7c5b112701e5903b4be86aad0880639ab3b27b,2026-05-02 12:00:18,0x45845e135bd3afc62081b7f2c755c41e2d49843acad0de52abbe21ab4329b50d,btc-updown-15m-1777712400
"Bitcoin Up or Down - May 2, 5:00AM-5:05AM ET",Up,BUY,42,0.41,0xc1495b98fd211815a0ada70ff3d438a13836495d952baf803702d6788b181aef,2026-05-02 12:00:18,0xca75a99e9419879525fe0a4d5b8696e4a45adc8b71fbfd90493d307b1193317c,btc-updown-5m-1777712400
"Bitcoin Up or Down - May 2, 5:00AM-5:15AM ET",Up,BUY,10,0.48,0xcdb8a56b6166f015561dcb870d7c5b112701e5903b4be86aad0880639ab3b27b,2026-05-02 12:00:18,0x5e5bd754a64ad185eb834ed3c0abc03d241ea5f2322d1ee80d10e5b5637ddee4,btc-updown-15m-1777712400
"Bitcoin Up or Down - May 2, 5AM ET",Up,BUY,5,0.47,0x14bb2861ce75d45cd27662cdb89dd48815b9e595db16afd2ae00bde37667d05f,2026-05-02 12:00:18,0x0f30acbeb1328c6011e4d4f48896a28913e896347dc5178470bb6b6372f48da0,bitcoin-up-or-down-may-2-2026-5am-et
"Bitcoin Up or Down - May 2, 5:00AM-5:05AM ET",Up,BUY,41,0.41,0xc1495b98fd211815a0ada70ff3d438a13836495d952baf803702d6788b181aef,2026-05-02 12:00:18,0xb6b8875debec5f548da44505ee0a0e21f228684f2d93c75385eb61e75cd94a1a,btc-updown-5m-1777712400
"Bitcoin Up or Down - May 2, 5:00AM-5:15AM ET",Up,BUY,10,0.48,0xcdb8a56b6166f015561dcb870d7c5b112701e5903b4be86aad0880639ab3b27b,2026-05-02 12:00:18,0xf5b01cd538b1455b0635dfb59f5cd3d615f68b20c98bd9f125fbc4ba53686aa1,btc-updown-15m-1777712400
"Bitcoin Up or Down - May 2, 5:00AM-5:05AM ET",Up,BUY,41,0.41,0xc1495b98fd211815a0ada70ff3d438a13836495d952baf803702d6788b181aef,2026-05-02 12:00:18,0xfddee50581a4089dd6e206120e3f56e9e18ebf75b96f552e995911a722d7f3b2,btc-updown-5m-1777712400
"Ethereum Up or Down - May 2, 5:00AM-5:05AM ET",Up,BUY,10,0.55,0x5e007a24839cdf7fd9b8a369b19d6dc9994507647a752c84f2a9d9a053b91874,2026-05-02 12:00:18,0x036536c4f7eb9e3417291eb236aa8915a1829da36c5ccf5081cca62dfc04d836,eth-updown-5m-1777712400
"Ethereum Up or Down - May 2, 5:00AM-5:05AM ET",Up,BUY,13,0.55,0x5e007a24839cdf7fd9b8a369b19d6dc9994507647a752c84f2a9d9a053b91874,2026-05-02 12:00:18,0x26e884b094da0c3986f0fe3694c12a4a63e5c779fb25c64244bda183530d4015,eth-updown-5m-1777712400
"Bitcoin Up or Down - May 2, 5:00AM-5:15AM ET",Up,BUY,10,0.48,0xcdb8a56b6166f015561dcb870d7c5b112701e5903b4be86aad0880639ab3b27b,2026-05-02 12:00:16,0xecbbc0a40b8ed00fdce6911fcb0f6a162b110a28d95be8c6b9604c1218e81141,btc-updown-15m-1777712400
"Bitcoin Up or Down - May 2, 5:00AM-5:15AM ET",Up,BUY,10,0.48,0xcdb8a56b6166f015561dcb870d7c5b112701e5903b4be86aad0880639ab3b27b,2026-05-02 12:00:16,0x8697a3e41b58183e732f13b35f76427e964b374e7239641b208fbd6981d83c33,btc-updown-15m-1777712400
"Bitcoin Up or Down - May 2, 5:00AM-5:05AM ET",Up,BUY,41,0.41,0xc1495b98fd211815a0ada70ff3d438a13836495d952baf803702d6788b181aef,2026-05-02 12:00:16,0x3af5453d00742a09d091576f34816f72f12cdb059a15f6a3771c0cc3eaf1f9b0,btc-updown-5m-1777712400
"Bitcoin Up or Down - May 2, 5:00AM-5:05AM ET",Up,BUY,40,0.41,0xc1495b98fd211815a0ada70ff3d438a13836495d952baf803702d6788b181aef,2026-05-02 12:00:16,0xf8e4e58accd3e885cb82c26d4dcea4c6833e220da96b59477dd2525c5ac5b05f,btc-updown-5m-1777712400
"Bitcoin Up or Down - May 2, 5:00AM-5:05AM ET",Up,BUY,41,0.38,0xc1495b98fd211815a0ada70ff3d438a13836495d952baf803702d6788b181aef,2026-05-02 12:00:16,0x79752d0c663efe32108d4a195124639c5353676f0adaf2c7b9ad7b3a9cc45e7f,btc-updown-5m-1777712400
"Bitcoin Up or Down - May 2, 5:00AM-5:05AM ET",Up,BUY,41,0.41,0xc1495b98fd211815a0ada70ff3d438a13836495d952baf803702d6788b181aef,2026-05-02 12:00:16,0xac3cc465138a27ac199fd9656c10b162a79e0f3a279e72664ba243656247cca1,btc-updown-5m-1777712400
"Bitcoin Up or Down - May 2, 5:00AM-5:15AM ET",Down,BUY,10,0.57,0xcdb8a56b6166f015561dcb870d7c5b112701e5903b4be86aad0880639ab3b27b,2026-05-02 12:00:14,0x74484bf8ab8e3147ae2ef5aa4ea957bc0ebe469d03c2c975dc5595f6e8f161a5,btc-updown-15m-1777712400
"Bitcoin Up or Down - May 2, 5AM ET",Down,BUY,5,0.56,0x14bb2861ce75d45cd27662cdb89dd48815b9e595db16afd2ae00bde37667d05f,2026-05-02 12:00:14,0x54e5fc5d567b3e5364efb91d3c161ee2946c3a98e45b83f1c5c6c53a44eae17a,bitcoin-up-or-down-may-2-2026-5am-et
"Bitcoin Up or Down - May 2, 5AM ET",Down,BUY,5,0.56,0x14bb2861ce75d45cd27662cdb89dd48815b9e595db16afd2ae00bde37667d05f,2026-05-02 12:00:14,0x751c5e0db1b71e7bdabe6d280a88a9734bb2262c06f2d6c4c21b650aacc981f1,bitcoin-up-or-down-may-2-2026-5am-et
"Bitcoin Up or Down - May 2, 5:00AM-5:15AM ET",Down,BUY,10,0.57,0xcdb8a56b6166f015561dcb870d7c5b112701e5903b4be86aad0880639ab3b27b,2026-05-02 12:00:14,0x847497572f0c2bba08fd5f34a1e0d605b332dec45787ddf627e2992fbfe10c39,btc-updown-15m-1777712400
"Bitcoin Up or Down - May 2, 5:00AM-5:05AM ET",Down,BUY,52,0.6909615384615385,0xc1495b98fd211815a0ada70ff3d438a13836495d952baf803702d6788b181aef,2026-05-02 12:00:14,0x0c8bff5de9eab1992418e64c096138e5b205aeefdb1bb93c893a7cd4f38a55e9,btc-updown-5m-1777712400
"Bitcoin Up or Down - May 2, 5:00AM-5:05AM ET",Down,BUY,6,0.68,0xc1495b98fd211815a0ada70ff3d438a13836495d952baf803702d6788b181aef,2026-05-02 12:00:14,0x7dc9772e7afddffbea86f76354aebe46cde7c4e82f550736fc0466bb319b1752,btc-updown-5m-1777712400
"Bitcoin Up or Down - May 2, 5:00AM-5:05AM ET",Down,BUY,49,0.69,0xc1495b98fd211815a0ada70ff3d438a13836495d952baf803702d6788b181aef,2026-05-02 12:00:14,0xc516a4ff3d1980725885cd0e24d83f14fbfc8385d524b1a654d390adf3b1662b,btc-updown-5m-1777712400
"Bitcoin Up or Down - May 2, 5:00AM-5:05AM ET",Up,BUY,46,0.32,0xc1495b98fd211815a0ada70ff3d438a13836495d952baf803702d6788b181aef,2026-05-02 12:00:14,0xb2588ad8d1cd53c21ee9c8f2f1c4a7622290c8b387b7bb6dbd75042b34c6a09e,btc-updown-5m-1777712400
"Bitcoin Up or Down - May 2, 5:00AM-5:05AM ET",Down,BUY,50,0.706644,0xc1495b98fd211815a0ada70ff3d438a13836495d952baf803702d6788b181aef,2026-05-02 12:00:14,0xee49574dad603c4db95ac5f8f32fcb60c5380a4eaf10f20bd29084c717a2a8ef,btc-updown-5m-1777712400
"Bitcoin Up or Down - May 2, 5:00AM-5:15AM ET",Down,BUY,10,0.57,0xcdb8a56b6166f015561dcb870d7c5b112701e5903b4be86aad0880639ab3b27b,2026-05-02 12:00:12,0x48c788bcc47577d6e16c3347914aa1b96adc8790f1fd257313cd7dea726a9b62,btc-updown-15m-1777712400
"Bitcoin Up or Down - May 2, 5:00AM-5:15AM ET",Down,BUY,10,0.57,0xcdb8a56b6166f015561dcb870d7c5b112701e5903b4be86aad0880639ab3b27b,2026-05-02 12:00:12,0xc12af846bda31b626abaaa36b42a744c5e3942fb0366fa66137156bdc06db170,btc-updown-15m-1777712400
"Ethereum Up or Down - May 2, 5:00AM-5:05AM ET",Down,BUY,10,0.46,0x5e007a24839cdf7fd9b8a369b19d6dc9994507647a752c84f2a9d9a053b91874,2026-05-02 12:00:12,0xb716f3d88bb8ab3e311a3de277d2cdf2cddf40aee1fc3c8335b2fdcc6b2cb978,eth-updown-5m-1777712400
"Ethereum Up or Down - May 2, 5:00AM-5:05AM ET",Down,BUY,10,0.43,0x5e007a24839cdf7fd9b8a369b19d6dc9994507647a752c84f2a9d9a053b91874,2026-05-02 12:00:12,0x6b25dd8daf46d5dc5461b251bf90af80ae7c0b921b46d9efa727cf76f6ff965a,eth-updown-5m-1777712400
"Bitcoin Up or Down - May 2, 5:00AM-5:05AM ET",Down,BUY,42,0.5964285714285714,0xc1495b98fd211815a0ada70ff3d438a13836495d952baf803702d6788b181aef,2026-05-02 12:00:12,0x3179cc79dd8e95d4b252af488a411d22bb3f8dde88992cc461a135927b034649,btc-updown-5m-1777712400
"Bitcoin Up or Down - May 2, 4:45AM-5:00AM ET",Up,BUY,44,0.04,0xc2c09dc5c0b6d34a0191d94d7e2e3f925f7e13f89591140f677b059819af5cef,2026-05-02 11:59:38,0x6b24229ea23693739fc270e951cc4c1ed970896cb69db1da4f5bcb802cb5d31a,btc-updown-15m-1777711500
"Bitcoin Up or Down - May 2, 4:55AM-5:00AM ET",Up,BUY,21.99,0.14226466575716235,0xf265e39b27c53446e9d5aaeb676bf395317c6160e368546514af541a186b2f10,2026-05-02 11:59:38,0xcf00f4e802b11f2673c82e9d6b748dd37400d0ae7930829c9e19728a2cc546ac,btc-updown-5m-1777712100
"Bitcoin Up or Down - May 2, 4:55AM-5:00AM ET",Up,BUY,10.82,0.10462107208872458,0xf265e39b27c53446e9d5aaeb676bf395317c6160e368546514af541a186b2f10,2026-05-02 11:59:38,0x186ce7fe304515139f4558a900904a90a3b2f7674d5233037eab83045d086a12,btc-updown-5m-1777712100
"Bitcoin Up or Down - May 2, 4:45AM-5:00AM ET",Up,BUY,44,0.04,0xc2c09dc5c0b6d34a0191d94d7e2e3f925f7e13f89591140f677b059819af5cef,2026-05-02 11:59:32,0xa4ef4efa8f710b9fdbf4b121b6c86524844419baffb8446b961b07b37341bdc1,btc-updown-15m-1777711500
"Ethereum Up or Down - May 2, 4:55AM-5:00AM ET",Up,BUY,7,0.04,0x38d7e919f51d0c98804ceaa0700e51dafd387aa8bb1b28ba6433e55826207f3a,2026-05-02 11:59:32,0xc893cad444104104b5ec1889f0bb45e38ccf7732b9d0be5837dfed188144edf7,eth-updown-5m-1777712100
"Bitcoin Up or Down - May 2, 4:45AM-5:00AM ET",Up,BUY,65,0.03,0xc2c09dc5c0b6d34a0191d94d7e2e3f925f7e13f89591140f677b059819af5cef,2026-05-02 11:59:32,0xc4207d8ed4a4a343ab06b3a7032b998bac3de9ea2298cffa285067977a0eb9ac,btc-updown-15m-1777711500
"Bitcoin Up or Down - May 2, 4:55AM-5:00AM ET",Up,BUY,136.63,0.06475737392959087,0xf265e39b27c53446e9d5aaeb676bf395317c6160e368546514af541a186b2f10,2026-05-02 11:59:16,0xc18880416cec9c99bdf542a63b39b8c62333b6194955f482694a395bd42b338d,btc-updown-5m-1777712100
"Bitcoin Up or Down - May 2, 4:55AM-5:00AM ET",Up,BUY,177,0.046028813559322035,0xf265e39b27c53446e9d5aaeb676bf395317c6160e368546514af541a186b2f10,2026-05-02 11:59:16,0xbeeff96669118c772869be9e03baf1ba1b566677fb84ac601cbabad6348ff4da,btc-updown-5m-1777712100
"Bitcoin Up or Down - May 2, 4:45AM-5:00AM ET",Up,BUY,65,0.03,0xc2c09dc5c0b6d34a0191d94d7e2e3f925f7e13f89591140f677b059819af5cef,2026-05-02 11:59:16,0x33872ee06588eb956cf07602cf789a8163e7cd000f4434f9ca1a38a9b6a41308,btc-updown-15m-1777711500
"Bitcoin Up or Down - May 2, 4:55AM-5:00AM ET",Down,BUY,30.06,0.9246440452428476,0xf265e39b27c53446e9d5aaeb676bf395317c6160e368546514af541a186b2f10,2026-05-02 11:59:06,0x5187efd7c0d4d8be30f43592d8e988bceef115e48d4021440ffaac3cfd835793,btc-updown-5m-1777712100
"Bitcoin Up or Down - May 2, 4:55AM-5:00AM ET",Up,BUY,102,0.09,0xf265e39b27c53446e9d5aaeb676bf395317c6160e368546514af541a186b2f10,2026-05-02 11:59:06,0xd876eaebe8cc2eb3aa3d993bc7551e2b32ff365c140ee80dc2a34deee9b4a532,btc-updown-5m-1777712100
"Bitcoin Up or Down - May 2, 4:55AM-5:00AM ET",Down,BUY,344,0.9362941860465116,0xf265e39b27c53446e9d5aaeb676bf395317c6160e368546514af541a186b2f10,2026-05-02 11:59:04,0x3ed4ba50ba690f2af473b3b136739d55e85f8053c251c2849cdb7634e93e3b5a,btc-updown-5m-1777712100
"Bitcoin Up or Down - May 2, 4:45AM-5:00AM ET",Up,BUY,65,0.03,0xc2c09dc5c0b6d34a0191d94d7e2e3f925f7e13f89591140f677b059819af5cef,2026-05-02 11:59:00,0x830f6b3ba858054e4b0763740f036ec675b98ac256113a843485d8e297377778,btc-updown-15m-1777711500
"Bitcoin Up or Down - May 2, 4:55AM-5:00AM ET",Up,BUY,83,0.09,0xf265e39b27c53446e9d5aaeb676bf395317c6160e368546514af541a186b2f10,2026-05-02 11:58:58,0x48659a410b4b20ce8100d899e9d0acb85f8bca6caa9c592110870ababb17cfb9,btc-updown-5m-1777712100
"Bitcoin Up or Down - May 2, 4:55AM-5:00AM ET",Up,BUY,95,0.09,0xf265e39b27c53446e9d5aaeb676bf395317c6160e368546514af541a186b2f10,2026-05-02 11:58:58,0xc2482c487152bac3425d53ca9d77f77a5c4e08b476066befe8ecfb24807113c7,btc-updown-5m-1777712100
"Bitcoin Up or Down - May 2, 4:45AM-5:00AM ET",Up,BUY,31,0.06,0xc2c09dc5c0b6d34a0191d94d7e2e3f925f7e13f89591140f677b059819af5cef,2026-05-02 11:58:18,0xe04189544cd3b4a67e464c544b1f7f2d5982218c2680ae2a2a292197eeb4efa5,btc-updown-15m-1777711500
"Bitcoin Up or Down - May 2, 4:55AM-5:00AM ET",Up,BUY,260,0.03,0xf265e39b27c53446e9d5aaeb676bf395317c6160e368546514af541a186b2f10,2026-05-02 11:58:14,0x149e47457c7cd51a360a9b64b72bf21b1b1a30ff58aebf9f69c85c9b9cfdfdc1,btc-updown-5m-1777712100
"Bitcoin Up or Down - May 2, 4:00AM-8:00AM ET",Up,BUY,6,0.7,0x5414faf1d4f67d580fd195b96186c0beecc19b4c786e84133c96f0fc44c5263b,2026-05-02 11:58:14,0xc6947033da7f13471f5cfa3286fc10c78c0892cc6423784d53d2a140db9331aa,btc-updown-4h-1777708800
"Ethereum Up or Down - May 2, 4:55AM-5:00AM ET",Up,BUY,24,0.08,0x38d7e919f51d0c98804ceaa0700e51dafd387aa8bb1b28ba6433e55826207f3a,2026-05-02 11:58:14,0x39946756c429bef6e06915c6b674cb06d7be9b915a0fea1f81b3418010027914,eth-updown-5m-1777712100
"Ethereum Up or Down - May 2, 4:55AM-5:00AM ET",Up,BUY,22,0.08,0x38d7e919f51d0c98804ceaa0700e51dafd387aa8bb1b28ba6433e55826207f3a,2026-05-02 11:58:14,0x4a043d70d91d550a03bce7f615477879ad4bca281f935d4d3186f0f4eb6c4deb,eth-updown-5m-1777712100
"Bitcoin Up or Down - May 2, 4:45AM-5:00AM ET",Up,BUY,65,0.03,0xc2c09dc5c0b6d34a0191d94d7e2e3f925f7e13f89591140f677b059819af5cef,2026-05-02 11:58:14,0x586d9d5007361cd52081a8fb64f5a168f3ecaaf8a7bcb9aada1aa3fa126c0fa8,btc-updown-15m-1777711500
"Ethereum Up or Down - May 2, 4:55AM-5:00AM ET",Up,BUY,28,0.08,0x38d7e919f51d0c98804ceaa0700e51dafd387aa8bb1b28ba6433e55826207f3a,2026-05-02 11:58:14,0xe217d5cae8a94d75a966095fbf145e53d1078f4b151888ecd0541dec24f7e9f9,eth-updown-5m-1777712100
"Bitcoin Up or Down - May 2, 4:00AM-8:00AM ET",Up,BUY,6,0.7,0x5414faf1d4f67d580fd195b96186c0beecc19b4c786e84133c96f0fc44c5263b,2026-05-02 11:58:14,0x72a98d1f465cf642e8cc138d9039d3d856e293e90eb1962f4bf60f1773f6fdb4,btc-updown-4h-1777708800
"Bitcoin Up or Down - May 2, 4:00AM-8:00AM ET",Up,BUY,5,0.69,0x5414faf1d4f67d580fd195b96186c0beecc19b4c786e84133c96f0fc44c5263b,2026-05-02 11:58:14,0x24c64f83800551c9f98db81a102b4428cdc9e50813e9a72b96f6c1b9aec57186,btc-updown-4h-1777708800
"Ethereum Up or Down - May 2, 4:55AM-5:00AM ET",Down,BUY,26,0.81,0x38d7e919f51d0c98804ceaa0700e51dafd387aa8bb1b28ba6433e55826207f3a,2026-05-02 11:57:08,0x4bda6b809ca37e8ad015cf9b553a07a0410026102f5517c5e415f297a0e106e7,eth-updown-5m-1777712100
"Ethereum Up or Down - May 2, 4:55AM-5:00AM ET",Down,BUY,24,0.81,0x38d7e919f51d0c98804ceaa0700e51dafd387aa8bb1b28ba6433e55826207f3a,2026-05-02 11:57:08,0x5a6ed1ad91cef72579ddf134a228b3828c65e793a9160c7bf3a8d21fbbcb46bf,eth-updown-5m-1777712100
"Ethereum Up or Down - May 2, 4:55AM-5:00AM ET",Down,BUY,19,0.81,0x38d7e919f51d0c98804ceaa0700e51dafd387aa8bb1b28ba6433e55826207f3a,2026-05-02 11:57:08,0xdb4cf3fc1136ba2db061296afe481fffec2f4026b7039670db241c0cb201f873,eth-updown-5m-1777712100
"Ethereum Up or Down - May 2, 4:55AM-5:00AM ET",Down,BUY,17,0.8086764705882353,0x38d7e919f51d0c98804ceaa0700e51dafd387aa8bb1b28ba6433e55826207f3a,2026-05-02 11:57:04,0x45ea01c3e6bb6ce00a87bdd4bfb33e0809d11769b0f92f66b8f34b74fd2f17ed,eth-updown-5m-1777712100
"Ethereum Up or Down - May 2, 4:55AM-5:00AM ET",Down,BUY,17,0.8,0x38d7e919f51d0c98804ceaa0700e51dafd387aa8bb1b28ba6433e55826207f3a,2026-05-02 11:56:50,0x0b3079074cf43edff8fc94366eaeb936e973fea481b42441473f01d2f836d50a,eth-updown-5m-1777712100
"Bitcoin Up or Down - May 2, 4:45AM-5:00AM ET",Down,BUY,53,0.9170716981132075,0xc2c09dc5c0b6d34a0191d94d7e2e3f925f7e13f89591140f677b059819af5cef,2026-05-02 11:56:50,0x7a3bfad3bf5efe4c5324e21281a135edc2f97729b7a2469b5989b02c516e80fd,btc-updown-15m-1777711500
"Ethereum Up or Down - May 2, 4:55AM-5:00AM ET",Down,BUY,16,0.75,0x38d7e919f51d0c98804ceaa0700e51dafd387aa8bb1b28ba6433e55826207f3a,2026-05-02 11:56:50,0xa1d873e5e49046d5a482546d478cae2bf74bd2e54bae7db8d872b63f945bd132,eth-updown-5m-1777712100
"Bitcoin Up or Down - May 2, 4:55AM-5:00AM ET",Down,BUY,21.16,0.82,0xf265e39b27c53446e9d5aaeb676bf395317c6160e368546514af541a186b2f10,2026-05-02 11:56:42,0xdf37d38da8fb02f155c3da87759c371180a98b4e2dad9401c79f86d09c64fad2,btc-updown-5m-1777712100
"Ethereum Up or Down - May 2, 4:55AM-5:00AM ET",Down,BUY,14,0.6871428571428572,0x38d7e919f51d0c98804ceaa0700e51dafd387aa8bb1b28ba6433e55826207f3a,2026-05-02 11:56:42,0xe351e9206063fc6e8b43ace4acafb31309ce9a20896ea04f5b294d52735b3bef,eth-updown-5m-1777712100
"Bitcoin Up or Down - May 2, 4:45AM-5:00AM ET",Down,BUY,65,0.85,0xc2c09dc5c0b6d34a0191d94d7e2e3f925f7e13f89591140f677b059819af5cef,2026-05-02 11:56:42,0xf0f38f3986c532267d343440bae5d3c1ce031a4084c5b0fab25f701da4f35d3c,btc-updown-15m-1777711500
"Bitcoin Up or Down - May 2, 4:45AM-5:00AM ET",Down,BUY,31,0.85,0xc2c09dc5c0b6d34a0191d94d7e2e3f925f7e13f89591140f677b059819af5cef,2026-05-02 11:56:42,0xf207248fcaba48fa825c7c9cfe83bd085ff5a49c509610661337682c001ad95d,btc-updown-15m-1777711500
"Bitcoin Up or Down - May 2, 4:45AM-5:00AM ET",Down,BUY,24,0.85,0xc2c09dc5c0b6d34a0191d94d7e2e3f925f7e13f89591140f677b059819af5cef,2026-05-02 11:56:42,0xd2b86c660e398b9ee35da0de90f0813996d74e8d4ee77ffdff0869f6a1ae6f13,btc-updown-15m-1777711500
"Bitcoin Up or Down - May 2, 4:45AM-5:00AM ET",Down,BUY,21,0.85,0xc2c09dc5c0b6d34a0191d94d7e2e3f925f7e13f89591140f677b059819af5cef,2026-05-02 11:56:42,0x325d180899176845cf0d691f27a21c3b12f31f070c49283e0eaa9023ca762ff8,btc-updown-15m-1777711500
"Bitcoin Up or Down - May 2, 4:55AM-5:00AM ET",Down,BUY,65,0.7486153846153846,0xf265e39b27c53446e9d5aaeb676bf395317c6160e368546514af541a186b2f10,2026-05-02 11:56:36,0x469e892a5d0fb7bf14ec1883119107944f122d66c2b0ca286c6e53b3677dec56,btc-updown-5m-1777712100
"Bitcoin Up or Down - May 2, 4:45AM-5:00AM ET",Down,BUY,20,0.81,0xc2c09dc5c0b6d34a0191d94d7e2e3f925f7e13f89591140f677b059819af5cef,2026-05-02 11:56:36,0xb7f068fb953faa0e416bba356ea2338dd3e3f1e5a98000fdc34c9d2045ba4d0d,btc-updown-15m-1777711500
"Bitcoin Up or Down - May 2, 4:55AM-5:00AM ET",Down,BUY,58,0.75,0xf265e39b27c53446e9d5aaeb676bf395317c6160e368546514af541a186b2f10,2026-05-02 11:56:36,0xa0c128c58914365cc3131279d809cafab5ff88d15d3016a08d322790679dc283,btc-updown-5m-1777712100
"Bitcoin Up or Down - May 2, 4:45AM-5:00AM ET",Down,BUY,17,0.79,0xc2c09dc5c0b6d34a0191d94d7e2e3f925f7e13f89591140f677b059819af5cef,2026-05-02 11:56:36,0x49f977f0aad8d1839caac79b9bdc7316200506f7672794a83298f335642eb14b,btc-updown-15m-1777711500
"Bitcoin Up or Down - May 2, 4:45AM-5:00AM ET",Down,BUY,16,0.79,0xc2c09dc5c0b6d34a0191d94d7e2e3f925f7e13f89591140f677b059819af5cef,2026-05-02 11:56:34,0x6a36427b185a1731e2177b7bb8775bc9acd47a19aecbfe2effb92134a529b5bd,btc-updown-15m-1777711500
"Bitcoin Up or Down - May 2, 4:55AM-5:00AM ET",Down,BUY,21.33,0.74,0xf265e39b27c53446e9d5aaeb676bf395317c6160e368546514af541a186b2f10,2026-05-02 11:56:34,0xefddb712a847d51f19a4c138d768ab3ebad8d39c179d89fec366fa6107c958f6,btc-updown-5m-1777712100
"Ethereum Up or Down - May 2, 4:55AM-5:00AM ET",Down,BUY,10,0.52,0x38d7e919f51d0c98804ceaa0700e51dafd387aa8bb1b28ba6433e55826207f3a,2026-05-02 11:56:24,0x662e1b14bb250ee812b6e68533ef99c1b9e6222ee74311fd3aa9828d2100af83,eth-updown-5m-1777712100
"Ethereum Up or Down - May 2, 4:55AM-5:00AM ET",Down,BUY,10,0.52,0x38d7e919f51d0c98804ceaa0700e51dafd387aa8bb1b28ba6433e55826207f3a,2026-05-02 11:56:24,0x2f437a6bb4c4ffdcdea8eab9743ecf3e0db3198095a1d1fdfd3088eb36715a87,eth-updown-5m-1777712100
"Ethereum Up or Down - May 2, 4:55AM-5:00AM ET",Up,BUY,10,0.47,0x38d7e919f51d0c98804ceaa0700e51dafd387aa8bb1b28ba6433e55826207f3a,2026-05-02 11:56:14,0xe8b93de4a1da83e1b829cba0f6f1b15f4bda3304ddb13092530c0f03303a0e1f,eth-updown-5m-1777712100
"Bitcoin Up or Down - May 2, 4:55AM-5:00AM ET",Down,BUY,50,0.7,0xf265e39b27c53446e9d5aaeb676bf395317c6160e368546514af541a186b2f10,2026-05-02 11:55:40,0x5a63443d03dca4363c9430d859e77b3f991c786a7c13370f4250e3fa5de64895,btc-updown-5m-1777712100
"Bitcoin Up or Down - May 2, 4:55AM-5:00AM ET",Down,BUY,49,0.7,0xf265e39b27c53446e9d5aaeb676bf395317c6160e368546514af541a186b2f10,2026-05-02 11:55:34,0x7baf240bb84874c8df4f0261fad14162d4f85fb0ec4b9f2aefdba3d97f41c670,btc-updown-5m-1777712100
"Bitcoin Up or Down - May 2, 4:55AM-5:00AM ET",Down,BUY,48,0.68195,0xf265e39b27c53446e9d5aaeb676bf395317c6160e368546514af541a186b2f10,2026-05-02 11:55:34,0xb941eb61254fd4fc4956b950b675e3e7d68dba87c4d6eee3af5b7e0b0385db29,btc-updown-5m-1777712100
"Bitcoin Up or Down - May 2, 4:45AM-5:00AM ET",Down,BUY,14,0.72,0xc2c09dc5c0b6d34a0191d94d7e2e3f925f7e13f89591140f677b059819af5cef,2026-05-02 11:55:34,0x38ab3f18ad9b025149cdce3609077e48e49379f743ac4022c6f0d676a45d6bc8,btc-updown-15m-1777711500
"Bitcoin Up or Down - May 2, 4:45AM-5:00AM ET",Down,BUY,13,0.72,0xc2c09dc5c0b6d34a0191d94d7e2e3f925f7e13f89591140f677b059819af5cef,2026-05-02 11:55:32,0xffdf069377706e6346aa1eb151e27ef4a30e2def37dbe0d6c1c5a78e25eba4f3,btc-updown-15m-1777711500
"Bitcoin Up or Down - May 2, 4:45AM-5:00AM ET",Down,BUY,13,0.72,0xc2c09dc5c0b6d34a0191d94d7e2e3f925f7e13f89591140f677b059819af5cef,2026-05-02 11:55:32,0x7a53a434c2efd0c202826d72edd9f073dba70760910ea777ed9d04aa671a294f,btc-updown-15m-1777711500
"Bitcoin Up or Down - May 2, 4:55AM-5:00AM ET",Up,BUY,43,0.34,0xf265e39b27c53446e9d5aaeb676bf395317c6160e368546514af541a186b2f10,2026-05-02 11:55:16,0x48f17b2a24248571bb492eb4be3579ca15dc7a63bf4d73eb9dbfbcba41572644,btc-updown-5m-1777712100
"Bitcoin Up or Down - May 2, 4:45AM-5:00AM ET",Up,BUY,11,0.34143636363636365,0xc2c09dc5c0b6d34a0191d94d7e2e3f925f7e13f89591140f677b059819af5cef,2026-05-02 11:55:16,0x55547b318008be4f1297107357cadb7e442e364b742cbc1f432090c1d2326328,btc-updown-15m-1777711500
"Bitcoin Up or Down - May 2, 4:55AM-5:00AM ET",Up,BUY,44,0.34,0xf265e39b27c53446e9d5aaeb676bf395317c6160e368546514af541a186b2f10,2026-05-02 11:55:16,0x22e2b30bb8cfa3b02ec96cd5be39eb56b43b2d494e1d8c0200dbede184fcc07d,btc-updown-5m-1777712100
"Bitcoin Up or Down - May 2, 4:45AM-5:00AM ET",Up,BUY,11,0.35,0xc2c09dc5c0b6d34a0191d94d7e2e3f925f7e13f89591140f677b059819af5cef,2026-05-02 11:55:16,0x89caeadd69ef21185480b8155ba452785351dc1496e7bd278238f0c5d19e5c71,btc-updown-15m-1777711500
"Bitcoin Up or Down - May 2, 4:50AM-4:55AM ET",Up,BUY,195.27,0.01,0xacaa96e2d93274f3f22fac725b083ac1fb7d2fad30909a8b212ffc3e18f011e8,2026-05-02 11:55:14,0x670c2fd1d5ae6748c87a8ec6916f1f313cda1272c5317d01ad6caf0ae78235dd,btc-updown-5m-1777711800
"Ethereum Up or Down - May 2, 4:50AM-4:55AM ET",Up,BUY,21,0.3,0x32ff1e42e9dd35976104e7316f168a91c32a5d7203b19415742680b2319dda97,2026-05-02 11:55:08,0xc8d99923351feb935eb5a6f38c22fd0b8d24f9e110cabb69f9c68a1de8407b39,eth-updown-5m-1777711800
"Bitcoin Up or Down - May 2, 4:50AM-4:55AM ET",Down,BUY,92.07,0.7247561637884219,0xacaa96e2d93274f3f22fac725b083ac1fb7d2fad30909a8b212ffc3e18f011e8,2026-05-02 11:55:02,0x7aa6bdc437cf1f635e732b64633d0f888c9db3c45d30921b491432e2cb387790,btc-updown-5m-1777711800
"Bitcoin Up or Down - May 2, 4:00AM-8:00AM ET",Down,BUY,7,0.2357142857142857,0x5414faf1d4f67d580fd195b96186c0beecc19b4c786e84133c96f0fc44c5263b,2026-05-02 11:55:00,0x4b57eb7d0e1976bf79784dd4fcb1c80ed613e50050f5ffe88dbe363645a7a903,btc-updown-4h-1777708800
"Bitcoin Up or Down - May 2, 4:00AM-8:00AM ET",Down,BUY,7,0.23,0x5414faf1d4f67d580fd195b96186c0beecc19b4c786e84133c96f0fc44c5263b,2026-05-02 11:55:00,0xfd1e98a4c466eece741cbebb004d30cc09a139fde2783fabf218d3899ecc323e,btc-updown-4h-1777708800
"Bitcoin Up or Down - May 2, 4:45AM-5:00AM ET",Down,BUY,13,0.25,0xc2c09dc5c0b6d34a0191d94d7e2e3f925f7e13f89591140f677b059819af5cef,2026-05-02 11:55:00,0x0f34a5a6c18411b6964c8d201aac74972b7ace3d5c7c75032b33578342008462,btc-updown-15m-1777711500
"Bitcoin Up or Down - May 2, 4:45AM-5:00AM ET",Down,BUY,14,0.21,0xc2c09dc5c0b6d34a0191d94d7e2e3f925f7e13f89591140f677b059819af5cef,2026-05-02 11:54:58,0x09c1333eb0763375c595a091f8bfb95f70b6c7b1a99636034f80ec05c8a50c17,btc-updown-15m-1777711500
"Bitcoin Up or Down - May 2, 4:45AM-5:00AM ET",Down,BUY,13,0.21,0xc2c09dc5c0b6d34a0191d94d7e2e3f925f7e13f89591140f677b059819af5cef,2026-05-02 11:54:58,0xfef0f228c53bd8fc84ba80eaa3fe83feafb58b26f528e07f8fd92d80db98cebf,btc-updown-15m-1777711500
"Ethereum Up or Down - May 2, 4:50AM-4:55AM ET",Up,BUY,28,0.88,0x32ff1e42e9dd35976104e7316f168a91c32a5d7203b19415742680b2319dda97,2026-05-02 11:54:36,0xfcb1fe8050b65f56c8de92f335d37f9b6a3dbc6198d4c04dba7cd4916eed208e,eth-updown-5m-1777711800
"Ethereum Up or Down - May 2, 4:50AM-4:55AM ET",Up,BUY,26,0.88,0x32ff1e42e9dd35976104e7316f168a91c32a5d7203b19415742680b2319dda97,2026-05-02 11:54:36,0x949a8b7cf6fe3df8e9d527d0eaa83e5e42b91a60c397604879896a138aeabe9d,eth-updown-5m-1777711800
"Ethereum Up or Down - May 2, 4:50AM-4:55AM ET",Up,BUY,65,0.8769230769230769,0x32ff1e42e9dd35976104e7316f168a91c32a5d7203b19415742680b2319dda97,2026-05-02 11:54:28,0xea88f5c9b6def767483d6f7d3abe1f87c77a928ea35ea48398e32c8e3de94015,eth-updown-5m-1777711800
"Bitcoin Up or Down - May 2, 4:45AM-5:00AM ET",Up,BUY,15,0.76,0xc2c09dc5c0b6d34a0191d94d7e2e3f925f7e13f89591140f677b059819af5cef,2026-05-02 11:54:28,0x7e6c0ceaea4da40d0870d71365242ec6fded047e1c984d9f3f9425e2d97547c0,btc-updown-15m-1777711500
"Ethereum Up or Down - May 2, 4:50AM-4:55AM ET",Up,BUY,11.25,0.8,0x32ff1e42e9dd35976104e7316f168a91c32a5d7203b19415742680b2319dda97,2026-05-02 11:54:28,0xd140c9770a303d17b1bd2c90ccf110ec6412a7ef8b4963bfb60d1791983baa54,eth-updown-5m-1777711800
"Ethereum Up or Down - May 2, 4:50AM-4:55AM ET",Down,BUY,5,0.24,0x32ff1e42e9dd35976104e7316f168a91c32a5d7203b19415742680b2319dda97,2026-05-02 11:54:26,0xb84a9377d63757c7efa9f9fdf7ba1f4857495d940de36ee904d7c9e1b0396e83,eth-updown-5m-1777711800
"Ethereum Up or Down - May 2, 4:50AM-4:55AM ET",Down,BUY,11,0.2509090909090909,0x32ff1e42e9dd35976104e7316f168a91c32a5d7203b19415742680b2319dda97,2026-05-02 11:54:26,0xd683280587aa52917ed6dc85a52b2b463ad50bf4dc936abbb5ee7e9d838e6c29,eth-updown-5m-1777711800
"Ethereum Up or Down - May 2, 4:50AM-4:55AM ET",Up,BUY,12,0.78,0x32ff1e42e9dd35976104e7316f168a91c32a5d7203b19415742680b2319dda97,2026-05-02 11:54:20,0xe27629b61e3c58181c0fb7ae8fbae20f65aa123e083bff4d5c739542ed9341eb,eth-updown-5m-1777711800
"Ethereum Up or Down - May 2, 4:50AM-4:55AM ET",Up,BUY,17,0.79,0x32ff1e42e9dd35976104e7316f168a91c32a5d7203b19415742680b2319dda97,2026-05-02 11:54:08,0x63d27c6f2ce036947254259044e0eed8fb23c8430cd7fa7c071242b9c18accc8,eth-updown-5m-1777711800
"Ethereum Up or Down - May 2, 4:50AM-4:55AM ET",Down,BUY,8.8,0.18,0x32ff1e42e9dd35976104e7316f168a91c32a5d7203b19415742680b2319dda97,2026-05-02 11:54:00,0x0e5340a1c487c938e405f28e522bace95f2f6fac734e160ec295b4be237fcf86,eth-updown-5m-1777711800
"Ethereum Up or Down - May 2, 4:50AM-4:55AM ET",Down,BUY,13,0.15643076923076923,0x32ff1e42e9dd35976104e7316f168a91c32a5d7203b19415742680b2319dda97,2026-05-02 11:53:56,0xa3bcc65d61feea39bb7568de698bbbb8545564831a40ca15c2251b6fccdd61ef,eth-updown-5m-1777711800
"Ethereum Up or Down - May 2, 4:50AM-4:55AM ET",Up,BUY,18,0.8029833333333334,0x32ff1e42e9dd35976104e7316f168a91c32a5d7203b19415742680b2319dda97,2026-05-02 11:53:10,0xaf43ff1b84c2cd2feacdc9198bec6da0f7665ca9d68a15c80c8d2a93c15ed24a,eth-updown-5m-1777711800
"Ethereum Up or Down - May 2, 4:50AM-4:55AM ET",Up,BUY,16,0.78,0x32ff1e42e9dd35976104e7316f168a91c32a5d7203b19415742680b2319dda97,2026-05-02 11:53:10,0xd5b11c5e677d09e7ad82dcead4bd39c2b6ad1b7c7ebe0352d12ff61b3a127a7a,eth-updown-5m-1777711800
"Ethereum Up or Down - May 2, 4:50AM-4:55AM ET",Up,BUY,14,0.7210714285714286,0x32ff1e42e9dd35976104e7316f168a91c32a5d7203b19415742680b2319dda97,2026-05-02 11:53:00,0x6e669c8bd79bf40d04c4bc0b4f57b3880744de5fb3241fa9ff2ae78537056bc5,eth-updown-5m-1777711800
"Ethereum Up or Down - May 2, 4:50AM-4:55AM ET",Down,BUY,13,0.2519230769230769,0x32ff1e42e9dd35976104e7316f168a91c32a5d7203b19415742680b2319dda97,2026-05-02 11:52:54,0x77fdd2859fedbab0b9e9aa041319eb5266c7ceea6877c2a4f7152527a5130b78,eth-updown-5m-1777711800
"Bitcoin Up or Down - May 2, 4:50AM-4:55AM ET",Down,BUY,41,0.41,0xacaa96e2d93274f3f22fac725b083ac1fb7d2fad30909a8b212ffc3e18f011e8,2026-05-02 11:52:50,0x876a6cf8465b40e0bc6be1a71a05e7bb7ba032dc0eb34c2651b2d58bc14d1fb8,btc-updown-5m-1777711800
"Bitcoin Up or Down - May 2, 4:45AM-5:00AM ET",Down,BUY,13,0.24,0xc2c09dc5c0b6d34a0191d94d7e2e3f925f7e13f89591140f677b059819af5cef,2026-05-02 11:52:50,0x85768140dc40d4e17d731a36e0fceaa96e2819f1758e6bcc3d02c87789f1c20d,btc-updown-15m-1777711500
"Ethereum Up or Down - May 2, 4:50AM-4:55AM ET",Down,BUY,12,0.2554666666666667,0x32ff1e42e9dd35976104e7316f168a91c32a5d7203b19415742680b2319dda97,2026-05-02 11:52:50,0x9ed1dfe110c160f83ce4836d6f3c269673df04484c7f8d36ca8fb6d0f6bd62ab,eth-updown-5m-1777711800
"Ethereum Up or Down - May 2, 4:50AM-4:55AM ET",Down,BUY,15,0.20466666666666666,0x32ff1e42e9dd35976104e7316f168a91c32a5d7203b19415742680b2319dda97,2026-05-02 11:52:50,0xed61cc97eb94af6d679ea7dbfe71e59ad9613ac967c99feca3e42b940fe65588,eth-updown-5m-1777711800
"Ethereum Up or Down - May 2, 4:50AM-4:55AM ET",Down,BUY,14,0.2,0x32ff1e42e9dd35976104e7316f168a91c32a5d7203b19415742680b2319dda97,2026-05-02 11:52:50,0x92b6c69a48abb719ab7d63d6bbabfd3e675631e529974fe25befdc9903235f9c,eth-updown-5m-1777711800
"Ethereum Up or Down - May 2, 4:50AM-4:55AM ET",Down,BUY,13,0.18673076923076923,0x32ff1e42e9dd35976104e7316f168a91c32a5d7203b19415742680b2319dda97,2026-05-02 11:52:46,0x4df578dc2fa4fa22d258d1c97455fdacaa36d7ddfd0af7e8cb301c0f870599fe,eth-updown-5m-1777711800
"Ethereum Up or Down - May 2, 4:50AM-4:55AM ET",Down,BUY,15,0.21,0x32ff1e42e9dd35976104e7316f168a91c32a5d7203b19415742680b2319dda97,2026-05-02 11:52:46,0x4fea1312eba800b437324af085644a4bd676439b438e3cac495a0d0c95142133,eth-updown-5m-1777711800
"Ethereum Up or Down - May 2, 4:50AM-4:55AM ET",Down,BUY,17,0.16816470588235294,0x32ff1e42e9dd35976104e7316f168a91c32a5d7203b19415742680b2319dda97,2026-05-02 11:52:46,0x5a25269f38c7b790216696a87a0cdc4e56a6399d8e00d9c8827815e3e06dfde5,eth-updown-5m-1777711800
"Ethereum Up or Down - May 2, 4:50AM-4:55AM ET",Down,BUY,18,0.15333333333333332,0x32ff1e42e9dd35976104e7316f168a91c32a5d7203b19415742680b2319dda97,2026-05-02 11:52:08,0x8d6843c2b5bf3f2c7c430fe03cc8a332d1d14ef68b1b8861202c64d16476ec21,eth-updown-5m-1777711800
"Bitcoin Up or Down - May 2, 4:45AM-5:00AM ET",Up,BUY,15,0.78,0xc2c09dc5c0b6d34a0191d94d7e2e3f925f7e13f89591140f677b059819af5cef,2026-05-02 11:52:00,0xe32668533a8e66964f2ab88cbdc4e4fccccd1410014efcb5dad37fb59a178d3e,btc-updown-15m-1777711500
"Bitcoin Up or Down - May 2, 4:50AM-4:55AM ET",Up,BUY,50,0.69,0xacaa96e2d93274f3f22fac725b083ac1fb7d2fad30909a8b212ffc3e18f011e8,2026-05-02 11:52:00,0xdf834aca0aa5b94fffb4f2c6703c5e79805a0d787ddf8a3a106c9e1b43592aa4,btc-updown-5m-1777711800
"Ethereum Up or Down - May 2, 4:50AM-4:55AM ET",Up,BUY,22,0.76,0x32ff1e42e9dd35976104e7316f168a91c32a5d7203b19415742680b2319dda97,2026-05-02 11:51:22,0x6acd056acce886000a2f6d6ea98182de7349b70d2e9611ca8be7819fc3a2dec2,eth-updown-5m-1777711800
"Bitcoin Up or Down - May 2, 4:50AM-4:55AM ET",Up,BUY,74,0.7898445945945946,0xacaa96e2d93274f3f22fac725b083ac1fb7d2fad30909a8b212ffc3e18f011e8,2026-05-02 11:51:22,0x58f4c4187e65f40bc2e2112a9a9fb6d17364246d6808996c074fabf0608d83b5,btc-updown-5m-1777711800
"Bitcoin Up or Down - May 2, 4:45AM-5:00AM ET",Up,BUY,12,0.7,0xc2c09dc5c0b6d34a0191d94d7e2e3f925f7e13f89591140f677b059819af5cef,2026-05-02 11:51:22,0xa369d2fb1d29278cddbe79ad46689aceaba4d7469bf1c5127046ba85dafd07c0,btc-updown-15m-1777711500
"Ethereum Up or Down - May 2, 4:50AM-4:55AM ET",Up,BUY,18,0.75,0x32ff1e42e9dd35976104e7316f168a91c32a5d7203b19415742680b2319dda97,2026-05-02 11:51:22,0x507b2a917daa78d9a356d2af92d0c063a4eb57a23fb6d4702f7eb9072c7ffa64,eth-updown-5m-1777711800
"Ethereum Up or Down - May 2, 4:50AM-4:55AM ET",Up,BUY,15,0.7346666666666667,0x32ff1e42e9dd35976104e7316f168a91c32a5d7203b19415742680b2319dda97,2026-05-02 11:51:20,0xa1eb770c35929a8125ef9561c8304e0de8b8d4c834fd8fe21d6c3838f1a41a96,eth-updown-5m-1777711800
"Bitcoin Up or Down - May 2, 4:50AM-4:55AM ET",Up,BUY,47,0.6,0xacaa96e2d93274f3f22fac725b083ac1fb7d2fad30909a8b212ffc3e18f011e8,2026-05-02 11:51:20,0x7ca733e8df8ea382856d38dbe4af2823fbc3d02b7f497d852fff8ba19b4570f6,btc-updown-5m-1777711800
"Bitcoin Up or Down - May 2, 4:45AM-5:00AM ET",Up,BUY,11,0.5909090909090909,0xc2c09dc5c0b6d34a0191d94d7e2e3f925f7e13f89591140f677b059819af5cef,2026-05-02 11:51:18,0x613b168d76d298cd09b78bd5855408eae0c87bdcc149933fe9058174346eb085,btc-updown-15m-1777711500
"Ethereum Up or Down - May 2, 4:50AM-4:55AM ET",Down,BUY,10,0.44,0x32ff1e42e9dd35976104e7316f168a91c32a5d7203b19415742680b2319dda97,2026-05-02 11:50:42,0x6364007bbbd2185d5d2097ca7378e04f6a1a1d65c06e28c8eb944295a84b0132,eth-updown-5m-1777711800
"Bitcoin Up or Down - May 2, 4:50AM-4:55AM ET",Down,BUY,40,0.46,0xacaa96e2d93274f3f22fac725b083ac1fb7d2fad30909a8b212ffc3e18f011e8,2026-05-02 11:50:34,0x381e83290ef1142a9d79f4f0675a76e47f37c75bc4d6033b2f1d415f06bcb913,btc-updown-5m-1777711800
"Ethereum Up or Down - May 2, 4:50AM-4:55AM ET",Up,BUY,10,0.53,0x32ff1e42e9dd35976104e7316f168a91c32a5d7203b19415742680b2319dda97,2026-05-02 11:50:28,0xf96e8ae9c3ebe355dc17703f671a55a0a7d458acc29dc055900cf5583884826f,eth-updown-5m-1777711800
"Ethereum Up or Down - May 2, 4:45AM-4:50AM ET",Up,BUY,55.73,0.044354925533823794,0x046472ad2ce356493258cc181a090e0ec36d6a836b83272dbfc8901686cfa9c4,2026-05-02 11:50:10,0x81e1b7cfcfd1a831d2074150672ca5528c512b2b453316ec74ac01503b5fca7e,eth-updown-5m-1777711500
"Bitcoin Up or Down - May 2, 4:45AM-4:50AM ET",Up,BUY,26.14,0.9,0xfd0f2f0bf2220644da121f5d61f1836bfeb044b7923094fea6c708e535e3c96b,2026-05-02 11:50:00,0x3e02b8da19d5a1eecc142fd5059d1cd499997f281136dd670a53765bb352eedd,btc-updown-5m-1777711500
"Ethereum Up or Down - May 2, 4:45AM-4:50AM ET",Up,BUY,37,0.4805405405405405,0x046472ad2ce356493258cc181a090e0ec36d6a836b83272dbfc8901686cfa9c4,2026-05-02 11:50:00,0xdb2bfd1360a42915bc814ed2b167f2ffdb9663102e904ce09171ca826ba05667,eth-updown-5m-1777711500
"Ethereum Up or Down - May 2, 4:45AM-4:50AM ET",Up,BUY,31,0.14,0x046472ad2ce356493258cc181a090e0ec36d6a836b83272dbfc8901686cfa9c4,2026-05-02 11:49:52,0xc0bc0240794c26fd3ebbd2e396d49bcee0d54eb36ac89bc97f2efe7426ad680c,eth-updown-5m-1777711500
"Ethereum Up or Down - May 2, 4:45AM-4:50AM ET",Up,BUY,31,0.14,0x046472ad2ce356493258cc181a090e0ec36d6a836b83272dbfc8901686cfa9c4,2026-05-02 11:49:50,0x4a9efa96a9d708baefa0772b5b65d5003da961603c6bdab5427ee2763eaccb51,eth-updown-5m-1777711500
"Bitcoin Up or Down - May 2, 4:45AM-4:50AM ET",Up,BUY,90.96,0.8273526824978013,0xfd0f2f0bf2220644da121f5d61f1836bfeb044b7923094fea6c708e535e3c96b,2026-05-02 11:49:50,0x5bdf0cf2bffe5a0ac8867501a2b640bb86e125f6af9110dd0be13708eee620bb,btc-updown-5m-1777711500
"Ethereum Up or Down - May 2, 4:45AM-4:50AM ET",Down,BUY,19,0.8,0x046472ad2ce356493258cc181a090e0ec36d6a836b83272dbfc8901686cfa9c4,2026-05-02 11:49:42,0x155908ae4549b70854c52c2b10e7a3f868aff0276dcb90f39ae399d65f60223c,eth-updown-5m-1777711500
"Bitcoin Up or Down - May 2, 4:45AM-4:50AM ET",Down,BUY,41,0.42,0xfd0f2f0bf2220644da121f5d61f1836bfeb044b7923094fea6c708e535e3c96b,2026-05-02 11:48:32,0x773801ca4ea15f5d6723689f40b2f5e17eb848efe59b37e585a663e11f11a972,btc-updown-5m-1777711500
"Bitcoin Up or Down - May 2, 4:45AM-4:50AM ET",Up,BUY,53,0.64,0xfd0f2f0bf2220644da121f5d61f1836bfeb044b7923094fea6c708e535e3c96b,2026-05-02 11:48:16,0x72972546d3b73424683c48b77dc31bac8dbf757fab9502d45fa22d83ee0db068,btc-updown-5m-1777711500
"Bitcoin Up or Down - May 2, 4:45AM-5:00AM ET",Up,BUY,10,0.5,0xc2c09dc5c0b6d34a0191d94d7e2e3f925f7e13f89591140f677b059819af5cef,2026-05-02 11:48:16,0xcb405bf3caa8baa7a502a647cedbd1d30735f4ca0b9def32898b7f348a801c0f,btc-updown-15m-1777711500
"Bitcoin Up or Down - May 2, 4:45AM-4:50AM ET",Up,BUY,41,0.5545853658536586,0xfd0f2f0bf2220644da121f5d61f1836bfeb044b7923094fea6c708e535e3c96b,2026-05-02 11:48:16,0xa52a2b8ed332f989c1fbd909fe459f712540b841e45e5390c100e4fadd388f3f,btc-updown-5m-1777711500
"Bitcoin Up or Down - May 2, 4:45AM-4:50AM ET",Up,BUY,51,0.64,0xfd0f2f0bf2220644da121f5d61f1836bfeb044b7923094fea6c708e535e3c96b,2026-05-02 11:48:16,0xc60f0d0529c7270cd4835eec5a2d049c337199ed6b2259870c7e7bad85b76928,btc-updown-5m-1777711500
"Bitcoin Up or Down - May 2, 4:45AM-5:00AM ET",Up,BUY,5,0.49,0xc2c09dc5c0b6d34a0191d94d7e2e3f925f7e13f89591140f677b059819af5cef,2026-05-02 11:48:16,0xde5ceeda13a6e9b7794147cf18f58d131d3ee96c3cacd432af0a68cab6ecb0d6,btc-updown-15m-1777711500
"Bitcoin Up or Down - May 2, 4:45AM-4:50AM ET",Up,BUY,48,0.59,0xfd0f2f0bf2220644da121f5d61f1836bfeb044b7923094fea6c708e535e3c96b,2026-05-02 11:48:16,0xf14493ae4f31fe1c6e8e3c0882853ce4950b16959bc5e3498d269f05ef1f02c4,btc-updown-5m-1777711500
"Bitcoin Up or Down - May 2, 4:45AM-5:00AM ET",Down,BUY,11,0.5663636363636364,0xc2c09dc5c0b6d34a0191d94d7e2e3f925f7e13f89591140f677b059819af5cef,2026-05-02 11:48:02,0x39da0f77678e380bbe26079f240a2896a554c1d9292ff8f11bc67512a3ef74ee,btc-updown-15m-1777711500
"Bitcoin Up or Down - May 2, 4:45AM-4:50AM ET",Up,BUY,43,0.5488372093023256,0xfd0f2f0bf2220644da121f5d61f1836bfeb044b7923094fea6c708e535e3c96b,2026-05-02 11:47:58,0x71ba5508bd69ef4411fb5b1d1335bdd89ee30214cf039ebe09fdea7e0e39ed1a,btc-updown-5m-1777711500
"Bitcoin Up or Down - May 2, 4:45AM-5:00AM ET",Up,BUY,10,0.49,0xc2c09dc5c0b6d34a0191d94d7e2e3f925f7e13f89591140f677b059819af5cef,2026-05-02 11:47:58,0x58f0f2fb9c5174d2888b0741844335e7a1bf8085314c245c2a66c8284e6f43d7,btc-updown-15m-1777711500
"Bitcoin Up or Down - May 2, 4:45AM-5:00AM ET",Up,BUY,10,0.49,0xc2c09dc5c0b6d34a0191d94d7e2e3f925f7e13f89591140f677b059819af5cef,2026-05-02 11:47:58,0x7c5af6049af197bb411d05182e4dc8bce4cb3055c35e110e7e38695ac272127d,btc-updown-15m-1777711500
"Ethereum Up or Down - May 2, 4:45AM-4:50AM ET",Down,BUY,22,0.87,0x046472ad2ce356493258cc181a090e0ec36d6a836b83272dbfc8901686cfa9c4,2026-05-02 11:47:56,0xcb403d628eeac6b29ea86f713fb993ba6cda34d199bc181d6224c9e3d20ef8f0,eth-updown-5m-1777711500
"Ethereum Up or Down - May 2, 4:45AM-4:50AM ET",Down,BUY,31,0.86,0x046472ad2ce356493258cc181a090e0ec36d6a836b83272dbfc8901686cfa9c4,2026-05-02 11:47:52,0xce42f466d1d78d048d0c5ade9a3c7bd574bc1b92b72c1f7932aaa351b3acebda,eth-updown-5m-1777711500
"Ethereum Up or Down - May 2, 4:45AM-4:50AM ET",Up,BUY,17.91,0.16,0x046472ad2ce356493258cc181a090e0ec36d6a836b83272dbfc8901686cfa9c4,2026-05-02 11:47:52,0x181660d881c0cd891300cd5bf5369883e2342631bbad1d3fef03341f2a1e2a6b,eth-updown-5m-1777711500
"Ethereum Up or Down - May 2, 4:45AM-4:50AM ET",Down,BUY,20,0.83,0x046472ad2ce356493258cc181a090e0ec36d6a836b83272dbfc8901686cfa9c4,2026-05-02 11:47:52,0x79e64e7db190f4783c3300fab799b2c85e758acd12726e69010cda0dd471ffc4,eth-updown-5m-1777711500
"Ethereum Up or Down - May 2, 4:45AM-4:50AM ET",Up,BUY,16,0.1605,0x046472ad2ce356493258cc181a090e0ec36d6a836b83272dbfc8901686cfa9c4,2026-05-02 11:47:46,0x38acaf778f05654271ef23ca73b05465b69092f373da4daeb20810fc62540360,eth-updown-5m-1777711500
"Ethereum Up or Down - May 2, 4:45AM-4:50AM ET",Up,BUY,14,0.18,0x046472ad2ce356493258cc181a090e0ec36d6a836b83272dbfc8901686cfa9c4,2026-05-02 11:47:46,0x8e9408e5d7ec1ca3206f2c3240d134fde3b52333a64e4e713de00a7011b98fd3,eth-updown-5m-1777711500
"Ethereum Up or Down - May 2, 4:45AM-4:50AM ET",Up,BUY,15,0.17373333333333332,0x046472ad2ce356493258cc181a090e0ec36d6a836b83272dbfc8901686cfa9c4,2026-05-02 11:47:44,0x89dee590628dd6c71c50ba0d4e182be44c94f3f091010184f7508bd56e5d4d78,eth-updown-5m-1777711500
"Ethereum Up or Down - May 2, 4:45AM-4:50AM ET",Down,BUY,38,0.8559868421052632,0x046472ad2ce356493258cc181a090e0ec36d6a836b83272dbfc8901686cfa9c4,2026-05-02 11:47:40,0x9f32f3178bc4dc15e8e66c2d180dbcfa50499ced9c2161f8be8445b5ad4c7534,eth-updown-5m-1777711500
"Ethereum Up or Down - May 2, 4:45AM-4:50AM ET",Down,BUY,20,0.84,0x046472ad2ce356493258cc181a090e0ec36d6a836b83272dbfc8901686cfa9c4,2026-05-02 11:47:40,0x91c4a5f0566ca5072b501cd8a6459abdcc6cbc70da2025cd1b712a90e03ddae9,eth-updown-5m-1777711500
"Bitcoin Up or Down - May 2, 4:45AM-4:50AM ET",Down,BUY,43,0.62,0xfd0f2f0bf2220644da121f5d61f1836bfeb044b7923094fea6c708e535e3c96b,2026-05-02 11:47:10,0xcef508372559999068a84772282e2e3123adb5ee4a003a9cae4e3253ce686a31,btc-updown-5m-1777711500
"Bitcoin Up or Down - May 2, 4:45AM-5:00AM ET",Down,BUY,10,0.545,0xc2c09dc5c0b6d34a0191d94d7e2e3f925f7e13f89591140f677b059819af5cef,2026-05-02 11:47:08,0x7440e8f5514ee1e395ac71ebc4d815cbb78e30159c049b48e72723fc73586249,btc-updown-15m-1777711500
"Bitcoin Up or Down - May 2, 4:45AM-4:50AM ET",Down,BUY,41.46,0.6,0xfd0f2f0bf2220644da121f5d61f1836bfeb044b7923094fea6c708e535e3c96b,2026-05-02 11:47:08,0x3ba760f54b1ae1567af46d8d105456aac5f5036ec6afadd0b166c9ade86ced6e,btc-updown-5m-1777711500
"Bitcoin Up or Down - May 2, 4:45AM-4:50AM ET",Up,BUY,42,0.3716047619047619,0xfd0f2f0bf2220644da121f5d61f1836bfeb044b7923094fea6c708e535e3c96b,2026-05-02 11:47:00,0x3589a95640d0ddf50c3cd1e71da0f35e1827455f7047418dab2df50ce8e53e47,btc-updown-5m-1777711500
"Ethereum Up or Down - May 2, 4:45AM-4:50AM ET",Down,BUY,65,0.7831769230769231,0x046472ad2ce356493258cc181a090e0ec36d6a836b83272dbfc8901686cfa9c4,2026-05-02 11:47:00,0x874606e2b9965cad8ed26707efcd1f5746a0fe36f3e3ce7e009daa6c4012afdc,eth-updown-5m-1777711500
"Bitcoin Up or Down - May 2, 4:45AM-4:50AM ET",Up,BUY,1.45,0.31,0xfd0f2f0bf2220644da121f5d61f1836bfeb044b7923094fea6c708e535e3c96b,2026-05-02 11:47:00,0xdb68711764929717cc201cd08a8d7f36f517f02c349960350d459e26e255f956,btc-updown-5m-1777711500
"Bitcoin Up or Down - May 2, 4:45AM-4:50AM ET",Down,BUY,211,0.72,0xfd0f2f0bf2220644da121f5d61f1836bfeb044b7923094fea6c708e535e3c96b,2026-05-02 11:47:00,0x96e0325373baf2a7afc16b45d6666333f7c187ed3101aadfae114cd871912f9c,btc-updown-5m-1777711500
"Ethereum Up or Down - May 2, 4:45AM-4:50AM ET",Down,BUY,13,0.7312692307692308,0x046472ad2ce356493258cc181a090e0ec36d6a836b83272dbfc8901686cfa9c4,2026-05-02 11:47:00,0x231b3045fcac906a17a53876698d6b2919cb97550f27210d864ccae55e0ba2fe,eth-updown-5m-1777711500
"Ethereum Up or Down - May 2, 4:45AM-4:50AM ET",Down,BUY,28,0.7577857142857143,0x046472ad2ce356493258cc181a090e0ec36d6a836b83272dbfc8901686cfa9c4,2026-05-02 11:47:00,0xd2c87370afee83193bcb626528faafa812f3064c7322da4c15ff219a15b3aa1e,eth-updown-5m-1777711500
"Bitcoin Up or Down - May 2, 4:45AM-5:00AM ET",Down,BUY,12,0.61,0xc2c09dc5c0b6d34a0191d94d7e2e3f925f7e13f89591140f677b059819af5cef,2026-05-02 11:47:00,0x47d054f8d479f902b22b6e133b3062aa781ca1d672957fed38370dbe741a88e9,btc-updown-15m-1777711500
"Ethereum Up or Down - May 2, 4:45AM-4:50AM ET",Down,BUY,22,0.74675,0x046472ad2ce356493258cc181a090e0ec36d6a836b83272dbfc8901686cfa9c4,2026-05-02 11:47:00,0xc22e8e491cda31d29a18990113393d1d0fd9bdf58db742929cf414b4a9e9ba29,eth-updown-5m-1777711500
"Ethereum Up or Down - May 2, 4:45AM-4:50AM ET",Down,BUY,16,0.74,0x046472ad2ce356493258cc181a090e0ec36d6a836b83272dbfc8901686cfa9c4,2026-05-02 11:47:00,0x63c68cec403fac26ac88c59548feac8ceac6da09368a5e5950beef632a5300f5,eth-updown-5m-1777711500
"Bitcoin Up or Down - May 2, 4:45AM-4:50AM ET",Down,BUY,78,0.72,0xfd0f2f0bf2220644da121f5d61f1836bfeb044b7923094fea6c708e535e3c96b,2026-05-02 11:47:00,0x0d90a1aca846d52a6b4505ae82af590e35b86fe7377b5ba51446c1e8ef7458c2,btc-updown-5m-1777711500
"Bitcoin Up or Down - May 2, 4:45AM-5:00AM ET",Down,BUY,11,0.61,0xc2c09dc5c0b6d34a0191d94d7e2e3f925f7e13f89591140f677b059819af5cef,2026-05-02 11:47:00,0x097459756e524318c44e8d0191deb1a2e7dce07df6005acbdc801a9a371e29d0,btc-updown-15m-1777711500
"Bitcoin Up or Down - May 2, 4:45AM-4:50AM ET",Down,BUY,55,0.7161018181818182,0xfd0f2f0bf2220644da121f5d61f1836bfeb044b7923094fea6c708e535e3c96b,2026-05-02 11:47:00,0x7444f3f433fba23d5ba96cf8f6df939181eea26285ae5ba42e22d14939d3ded7,btc-updown-5m-1777711500
"Bitcoin Up or Down - May 2, 4:45AM-4:50AM ET",Down,BUY,29.26,0.6770881749829119,0xfd0f2f0bf2220644da121f5d61f1836bfeb044b7923094fea6c708e535e3c96b,2026-05-02 11:47:00,0xe29f132995f1938271a74be7460bd0d4c21b056b679aba528016120d1ee0d3a9,btc-updown-5m-1777711500
"Bitcoin Up or Down - May 2, 4:45AM-5:00AM ET",Down,BUY,11,0.5963636363636363,0xc2c09dc5c0b6d34a0191d94d7e2e3f925f7e13f89591140f677b059819af5cef,2026-05-02 11:47:00,0x1097bace60ce9cde8aaaecbcfe1845ebc6aefccb5f537e79b20bb3a7f5fe8f14,btc-updown-15m-1777711500
"Bitcoin Up or Down - May 2, 4:45AM-5:00AM ET",Down,BUY,10,0.57,0xc2c09dc5c0b6d34a0191d94d7e2e3f925f7e13f89591140f677b059819af5cef,2026-05-02 11:47:00,0x687e08913c14a8878a4104138a5ab73d2b581f35e29d575d4056a920df09ae30,btc-updown-15m-1777711500
"Bitcoin Up or Down - May 2, 4:45AM-5:00AM ET",Down,BUY,10,0.57,0xc2c09dc5c0b6d34a0191d94d7e2e3f925f7e13f89591140f677b059819af5cef,2026-05-02 11:47:00,0xa6983d5be4dbecc21610f8df02009a68a6c42af33b2e75365bdf37859f538b18,btc-updown-15m-1777711500
"Bitcoin Up or Down - May 2, 4:45AM-5:00AM ET",Down,BUY,10,0.57,0xc2c09dc5c0b6d34a0191d94d7e2e3f925f7e13f89591140f677b059819af5cef,2026-05-02 11:47:00,0xf60379141fe32ab98785ac0bad6f2f4d07b4e7927d078bc61866a2d6a3292d47,btc-updown-15m-1777711500
"Bitcoin Up or Down - May 2, 4:45AM-4:50AM ET",Down,BUY,51,0.65,0xfd0f2f0bf2220644da121f5d61f1836bfeb044b7923094fea6c708e535e3c96b,2026-05-02 11:47:00,0xdded03511095c86771dea8cf7e8f2d05735fee4f3c2a5cfd3707b3a10e300d5c,btc-updown-5m-1777711500
"Bitcoin Up or Down - May 2, 4:45AM-4:50AM ET",Down,BUY,49,0.65,0xfd0f2f0bf2220644da121f5d61f1836bfeb044b7923094fea6c708e535e3c96b,2026-05-02 11:47:00,0x8743ee97b5540eda4b7f017903d5486c07e17be65db41b98edbfe9957de1fc71,btc-updown-5m-1777711500
"Bitcoin Up or Down - May 2, 4:45AM-4:50AM ET",Down,BUY,45,0.57,0xfd0f2f0bf2220644da121f5d61f1836bfeb044b7923094fea6c708e535e3c96b,2026-05-02 11:46:56,0xe52fa577055f866954dcd2f94cb82162d5a1253f648f50f823f3decae642a987,btc-updown-5m-1777711500
"Bitcoin Up or Down - May 2, 4:45AM-5:00AM ET",Down,BUY,10,0.52,0xc2c09dc5c0b6d34a0191d94d7e2e3f925f7e13f89591140f677b059819af5cef,2026-05-02 11:46:56,0xe58aea83aaf611b0f8dab05f7f22879633d1ffbb9499e5335561c9bc1a4b9606,btc-updown-15m-1777711500
"Bitcoin Up or Down - May 2, 4:45AM-5:00AM ET",Down,BUY,10,0.52,0xc2c09dc5c0b6d34a0191d94d7e2e3f925f7e13f89591140f677b059819af5cef,2026-05-02 11:46:56,0x3283b023658061da44a97993ed3232227ca354843e9a2ded6e31ffa6d11fe221,btc-updown-15m-1777711500
"Bitcoin Up or Down - May 2, 4:45AM-4:50AM ET",Up,BUY,42,0.51,0xfd0f2f0bf2220644da121f5d61f1836bfeb044b7923094fea6c708e535e3c96b,2026-05-02 11:46:50,0x342aadf56b539962ce2e9ef513b1cc20b047562703a475d2f5467db668991cb3,btc-updown-5m-1777711500
"Bitcoin Up or Down - May 2, 4:45AM-5:00AM ET",Up,BUY,10,0.49,0xc2c09dc5c0b6d34a0191d94d7e2e3f925f7e13f89591140f677b059819af5cef,2026-05-02 11:46:50,0x43de8724015ead6c66b596d405c1b95658eab16f24f84c6abfbc0fe3ff2fc421,btc-updown-15m-1777711500
"Bitcoin Up or Down - May 2, 4:45AM-4:50AM ET",Up,BUY,40,0.51,0xfd0f2f0bf2220644da121f5d61f1836bfeb044b7923094fea6c708e535e3c96b,2026-05-02 11:46:50,0x8e4305184ddfcfd8f40e5e68697530f3bc09b770e1193b2e37e264c1dac99585,btc-updown-5m-1777711500
"Ethereum Up or Down - May 2, 4:45AM-4:50AM ET",Up,BUY,10,0.33,0x046472ad2ce356493258cc181a090e0ec36d6a836b83272dbfc8901686cfa9c4,2026-05-02 11:46:48,0x1d9e2cf1110a93a5592374d5b63b91f1ff5feebac092d0228de088d2df7b050e,eth-updown-5m-1777711500
"Ethereum Up or Down - May 2, 4:45AM-4:50AM ET",Up,BUY,11,0.32346363636363634,0x046472ad2ce356493258cc181a090e0ec36d6a836b83272dbfc8901686cfa9c4,2026-05-02 11:46:48,0x0a6df1c7e0fc04d1624aca439a0ddd539c2c6d9fed728b35608ea7df98ad017f,eth-updown-5m-1777711500
"Ethereum Up or Down - May 2, 4:45AM-4:50AM ET",Up,BUY,11,0.32,0x046472ad2ce356493258cc181a090e0ec36d6a836b83272dbfc8901686cfa9c4,2026-05-02 11:46:48,0xb22df712630163749c1aee8580ab58ad203606388821e78aad2adf9a9a378082,eth-updown-5m-1777711500
"Ethereum Up or Down - May 2, 4:45AM-4:50AM ET",Up,BUY,10,0.32,0x046472ad2ce356493258cc181a090e0ec36d6a836b83272dbfc8901686cfa9c4,2026-05-02 11:46:44,0x307800d4dda39ca196fece3ae82564e8b46fb2c231c4406d0794e7605f485ebf,eth-updown-5m-1777711500
"Bitcoin Up or Down - May 2, 4:45AM-5:00AM ET",Up,BUY,10,0.48,0xc2c09dc5c0b6d34a0191d94d7e2e3f925f7e13f89591140f677b059819af5cef,2026-05-02 11:46:44,0x0e29ae904a3289c001e3638b7331663e4ca5f936264eefc37f852a712e5e590a,btc-updown-15m-1777711500
"Ethereum Up or Down - May 2, 4:45AM-4:50AM ET",Up,BUY,11,0.32,0x046472ad2ce356493258cc181a090e0ec36d6a836b83272dbfc8901686cfa9c4,2026-05-02 11:46:44,0x4118c212846f928db21c320c8e5b37808ae60115e11cedf8c77d49510761bc01,eth-updown-5m-1777711500
"Bitcoin Up or Down - May 2, 4:45AM-5:00AM ET",Up,BUY,10,0.46809,0xc2c09dc5c0b6d34a0191d94d7e2e3f925f7e13f89591140f677b059819af5cef,2026-05-02 11:46:44,0xd52b03c9093996b9259f467280eef66b5cd68d5e267e364e0a5c3f49ac8e73e0,btc-updown-15m-1777711500
"Ethereum Up or Down - May 2, 4:45AM-4:50AM ET",Up,BUY,11,0.31,0x046472ad2ce356493258cc181a090e0ec36d6a836b83272dbfc8901686cfa9c4,2026-05-02 11:46:40,0xd8be31616a2735bad284d5119a2cd9bb7ceced754ff970a2c584aad5d477cdf0,eth-updown-5m-1777711500
"Ethereum Up or Down - May 2, 4:45AM-4:50AM ET",Up,BUY,10,0.33,0x046472ad2ce356493258cc181a090e0ec36d6a836b83272dbfc8901686cfa9c4,2026-05-02 11:46:40,0x948facc8b4aa81448a43a1f419216b5072085f2a7cfea4002ee49bd3e85a5278,eth-updown-5m-1777711500
"Ethereum Up or Down - May 2, 4:45AM-4:50AM ET",Up,BUY,13,0.23,0x046472ad2ce356493258cc181a090e0ec36d6a836b83272dbfc8901686cfa9c4,2026-05-02 11:46:34,0x98085ae38af5fc8dd9c6765c11e50c631c0ba5192296034f7ebfb2a8bfd85bea,eth-updown-5m-1777711500
"Ethereum Up or Down - May 2, 4:45AM-4:50AM ET",Up,BUY,11,0.24705454545454544,0x046472ad2ce356493258cc181a090e0ec36d6a836b83272dbfc8901686cfa9c4,2026-05-02 11:46:22,0xdc870ef1d2608566d5b866c9ea82a5e4a380ed632f309af76d9f787d60bff66c,eth-updown-5m-1777711500
"Ethereum Up or Down - May 2, 4:45AM-4:50AM ET",Up,BUY,12,0.24,0x046472ad2ce356493258cc181a090e0ec36d6a836b83272dbfc8901686cfa9c4,2026-05-02 11:46:22,0x1fce5f0d2a3b101c5fcabf2cfb213b7a1992001ac34ad3314dfae27668772879,eth-updown-5m-1777711500
"Ethereum Up or Down - May 2, 4:45AM-4:50AM ET",Up,BUY,14,0.23642857142857143,0x046472ad2ce356493258cc181a090e0ec36d6a836b83272dbfc8901686cfa9c4,2026-05-02 11:46:22,0xfb10190a9b653263d53660ee9e613e357e84ea5e477149ead0c14870866f923a,eth-updown-5m-1777711500
"Ethereum Up or Down - May 2, 4:45AM-4:50AM ET",Down,BUY,17,0.7798294117647059,0x046472ad2ce356493258cc181a090e0ec36d6a836b83272dbfc8901686cfa9c4,2026-05-02 11:45:56,0xb38308242ac84f33d84705e126171fcc57b13dddf58df78c301b9ba99b1613a1,eth-updown-5m-1777711500
"Ethereum Up or Down - May 2, 4:45AM-4:50AM ET",Down,BUY,13,0.75,0x046472ad2ce356493258cc181a090e0ec36d6a836b83272dbfc8901686cfa9c4,2026-05-02 11:45:42,0x76dd8aded2574b22ac26a4c15bcd9f4d2ab452d2b9496bcea76cb3deaf4b2d9c,eth-updown-5m-1777711500
"Ethereum Up or Down - May 2, 4:45AM-4:50AM ET",Down,BUY,12,0.7,0x046472ad2ce356493258cc181a090e0ec36d6a836b83272dbfc8901686cfa9c4,2026-05-02 11:45:40,0x6bb68d016c74bc6f7db95a14cdb6794c61c13d30e4ca37bed8ea56533b12ba17,eth-updown-5m-1777711500
"Ethereum Up or Down - May 2, 4:45AM-4:50AM ET",Down,BUY,13,0.72,0x046472ad2ce356493258cc181a090e0ec36d6a836b83272dbfc8901686cfa9c4,2026-05-02 11:45:40,0x50928a14c3fe9d61719656c17e85143a1726a483a384de6cee71198fab24ac0b,eth-updown-5m-1777711500
"Bitcoin Up or Down - May 2, 4:45AM-5:00AM ET",Down,BUY,11,0.58,0xc2c09dc5c0b6d34a0191d94d7e2e3f925f7e13f89591140f677b059819af5cef,2026-05-02 11:45:34,0x3e54745beb65affb04b35f342a619c452e7e2941831325248d852fa211bf99c8,btc-updown-15m-1777711500
"Ethereum Up or Down - May 2, 4:45AM-4:50AM ET",Down,BUY,12,0.67,0x046472ad2ce356493258cc181a090e0ec36d6a836b83272dbfc8901686cfa9c4,2026-05-02 11:45:34,0x9cdff582fb02ce8545bb1cca1a131fa3d8d02e59a40e11cd0e4e7dd42cbf52be,eth-updown-5m-1777711500
"Bitcoin Up or Down - May 2, 4:45AM-5:00AM ET",Down,BUY,10,0.55,0xc2c09dc5c0b6d34a0191d94d7e2e3f925f7e13f89591140f677b059819af5cef,2026-05-02 11:45:34,0x2f1c7864e0293768e8e3984df69fc0c26f9b2b65a1689952e051710f651a70df,btc-updown-15m-1777711500
"Ethereum Up or Down - May 2, 4:45AM-4:50AM ET",Down,BUY,14,0.67,0x046472ad2ce356493258cc181a090e0ec36d6a836b83272dbfc8901686cfa9c4,2026-05-02 11:45:34,0x5fd40634e5355522f73d6442b6029a0f23ae57e7e71f79f0fe4340fcba72068a,eth-updown-5m-1777711500
"Ethereum Up or Down - May 2, 4:45AM-4:50AM ET",Up,BUY,10,0.38291,0x046472ad2ce356493258cc181a090e0ec36d6a836b83272dbfc8901686cfa9c4,2026-05-02 11:45:20,0x13e45020a8159c2e8be5746781d23adada941950e1085902bc9dd95d361a0e5b,eth-updown-5m-1777711500
"Ethereum Up or Down - May 2, 4:45AM-4:50AM ET",Up,BUY,10,0.38,0x046472ad2ce356493258cc181a090e0ec36d6a836b83272dbfc8901686cfa9c4,2026-05-02 11:45:20,0x8322d3466cfc7415ddd3f576f59b13b0609c10e2161dda8a223bb17f17ef701f,eth-updown-5m-1777711500
"Ethereum Up or Down - May 2, 4:45AM-4:50AM ET",Up,BUY,10,0.38068,0x046472ad2ce356493258cc181a090e0ec36d6a836b83272dbfc8901686cfa9c4,2026-05-02 11:45:20,0x5846daf6efb89908bd53047007a1bc364ef86584dc42f0a5029aba074b79221d,eth-updown-5m-1777711500
"Bitcoin Up or Down - May 2, 4:45AM-5:00AM ET",Up,BUY,10,0.45,0xc2c09dc5c0b6d34a0191d94d7e2e3f925f7e13f89591140f677b059819af5cef,2026-05-02 11:45:18,0x215b05a2d0728b04b9341bac837d6711541219e6f169f449f7150b2edfd9c546,btc-updown-15m-1777711500
"Bitcoin Up or Down - May 2, 4:45AM-4:50AM ET",Up,BUY,42,0.4785714285714286,0xfd0f2f0bf2220644da121f5d61f1836bfeb044b7923094fea6c708e535e3c96b,2026-05-02 11:45:18,0x6ac77dca3256950ee296942c0a25c3fe15f38cac362dc4c398957ba96bb4deab,btc-updown-5m-1777711500
"Ethereum Up or Down - May 2, 4:45AM-4:50AM ET",Down,BUY,13,0.61,0x046472ad2ce356493258cc181a090e0ec36d6a836b83272dbfc8901686cfa9c4,2026-05-02 11:45:14,0x2ac625af06a3a6255318141ceef28373a1f841a92a690496c3c25d7a72761aa5,eth-updown-5m-1777711500
"Ethereum Up or Down - May 2, 4:45AM-4:50AM ET",Down,BUY,11,0.6,0x046472ad2ce356493258cc181a090e0ec36d6a836b83272dbfc8901686cfa9c4,2026-05-02 11:45:14,0x870e1a1f19bde48ea1de38339f6c7f74a79bc02b60c0fe4cf1dc53615740fcc6,eth-updown-5m-1777711500
"Ethereum Up or Down - May 2, 4:45AM-4:50AM ET",Down,BUY,11,0.5954545454545455,0x046472ad2ce356493258cc181a090e0ec36d6a836b83272dbfc8901686cfa9c4,2026-05-02 11:45:14,0xbfe055d660cb8d1b6236f2bf5b47769412208572722a26bce1b81e293e1756ec,eth-updown-5m-1777711500
"Ethereum Up or Down - May 2, 4:40AM-4:45AM ET",Down,BUY,11.35,0.07,0xa424deb501232a75a5f2086eff95c47ec3b10907f57cba06e6c34f327ac7fe79,2026-05-02 11:44:36,0xd5b4c0ec0f88b57ec9a70f6f0644cebef96ec6b6cfdc0b40c84e72534328e38a,eth-updown-5m-1777711200
"Ethereum Up or Down - May 2, 4:40AM-4:45AM ET",Down,BUY,14,0.22,0xa424deb501232a75a5f2086eff95c47ec3b10907f57cba06e6c34f327ac7fe79,2026-05-02 11:44:14,0x8fec71de14409e9589dc8fa49e6c11358efe4f5123035ab1bbb0a5bc7c099c09,eth-updown-5m-1777711200
"Ethereum Up or Down - May 2, 4:40AM-4:45AM ET",Down,BUY,13,0.22538461538461538,0xa424deb501232a75a5f2086eff95c47ec3b10907f57cba06e6c34f327ac7fe79,2026-05-02 11:44:14,0xd0625d8ee5573b588d3ec2d0bb1a5b9ef115cc41828d61c80da2a025e22d9a51,eth-updown-5m-1777711200
"Ethereum Up or Down - May 2, 4:40AM-4:45AM ET",Down,BUY,5,0.21,0xa424deb501232a75a5f2086eff95c47ec3b10907f57cba06e6c34f327ac7fe79,2026-05-02 11:44:14,0xa7ac2aa4d33a61d3135a6cabdfa1586fd7862efbbcef6faa88bb068c71176b3c,eth-updown-5m-1777711200
"Bitcoin Up or Down - May 2, 4:40AM-4:45AM ET",Down,BUY,36.8,0.28980434782608694,0xbe07a67afcb6b73d0ca052edcc34e52c28424bcad5b34b74ab0086da2587fd66,2026-05-02 11:43:38,0x763fe54ba6a389e2d99749dfdb0e66b837a601da4b5d8286edb24e34f62fb1fa,btc-updown-5m-1777711200
"Bitcoin Up or Down - May 2, 4:40AM-4:45AM ET",Down,BUY,49,0.23489795918367348,0xbe07a67afcb6b73d0ca052edcc34e52c28424bcad5b34b74ab0086da2587fd66,2026-05-02 11:43:32,0x2c21504687a964cc92ca3976d3cdeb58211c400a82d3598fdf5ff7c1d5511d4c,btc-updown-5m-1777711200
"Bitcoin Up or Down - May 2, 4:40AM-4:45AM ET",Down,BUY,47,0.2,0xbe07a67afcb6b73d0ca052edcc34e52c28424bcad5b34b74ab0086da2587fd66,2026-05-02 11:43:30,0x1651c72227bd3cb32afcdaaa313b8ab0ba8b2dda6f7e558ea4681ba6b1e0fe17,btc-updown-5m-1777711200
"Ethereum Up or Down - May 2, 4:40AM-4:45AM ET",Down,BUY,13,0.1971923076923077,0xa424deb501232a75a5f2086eff95c47ec3b10907f57cba06e6c34f327ac7fe79,2026-05-02 11:43:16,0x76a88ff304c6ae3224e07658d4b3b1323dc18b8c0aa36ea7cc7f600d1ea8dd4b,eth-updown-5m-1777711200
"Ethereum Up or Down - May 2, 4:40AM-4:45AM ET",Down,BUY,15,0.19,0xa424deb501232a75a5f2086eff95c47ec3b10907f57cba06e6c34f327ac7fe79,2026-05-02 11:43:16,0xa9c04bce464d550058cb10c8c2d30d2506bbc26b189b855a829a5b04bbdfbc5e,eth-updown-5m-1777711200
"Ethereum Up or Down - May 2, 4:40AM-4:45AM ET",Down,BUY,14,0.18,0xa424deb501232a75a5f2086eff95c47ec3b10907f57cba06e6c34f327ac7fe79,2026-05-02 11:43:12,0x2d8520e2c5869e5030717f935e0300bcb124b263e56533c390d11a256ee5153d,eth-updown-5m-1777711200
"Ethereum Up or Down - May 2, 4:40AM-4:45AM ET",Down,BUY,12,0.18,0xa424deb501232a75a5f2086eff95c47ec3b10907f57cba06e6c34f327ac7fe79,2026-05-02 11:43:12,0x5cae5a4fbe296e8dca543ab7391fbb6a07137131209d30c470992b56eccf8b56,eth-updown-5m-1777711200
"Ethereum Up or Down - May 2, 4:40AM-4:45AM ET",Down,BUY,15,0.18,0xa424deb501232a75a5f2086eff95c47ec3b10907f57cba06e6c34f327ac7fe79,2026-05-02 11:43:10,0x16994b79be2201d61a747d6308bf1643a23fe0a83e5d08d3abbe1026617de090,eth-updown-5m-1777711200
"Bitcoin Up or Down - May 2, 4:40AM-4:45AM ET",Up,BUY,55,0.7569090909090909,0xbe07a67afcb6b73d0ca052edcc34e52c28424bcad5b34b74ab0086da2587fd66,2026-05-02 11:42:54,0xde05e31bb2da261a0ada847f5277e826debd994ff6ac9beea011ef50466db759,btc-updown-5m-1777711200
"Ethereum Up or Down - May 2, 4:40AM-4:45AM ET",Up,BUY,13,0.73,0xa424deb501232a75a5f2086eff95c47ec3b10907f57cba06e6c34f327ac7fe79,2026-05-02 11:42:54,0x2dc28e54d771625c1ef33002e0edd43ae0c61c6e15cc47e0109a5e6033668647,eth-updown-5m-1777711200
"Ethereum Up or Down - May 2, 4:40AM-4:45AM ET",Up,BUY,2.58,0.72,0xa424deb501232a75a5f2086eff95c47ec3b10907f57cba06e6c34f327ac7fe79,2026-05-02 11:42:54,0x6cc382ba798cbb08f50a8e156c56e23c85a8439479fd213822688377588409d5,eth-updown-5m-1777711200
"Bitcoin Up or Down - May 2, 4:40AM-4:45AM ET",Up,BUY,52,0.7251923076923077,0xbe07a67afcb6b73d0ca052edcc34e52c28424bcad5b34b74ab0086da2587fd66,2026-05-02 11:42:54,0x496c9fa637780cf254c0cf3caa815586bd393c920c7cc7f015e45a76ca55dd7e,btc-updown-5m-1777711200
"Ethereum Up or Down - May 2, 4:40AM-4:45AM ET",Up,BUY,12,0.6883,0xa424deb501232a75a5f2086eff95c47ec3b10907f57cba06e6c34f327ac7fe79,2026-05-02 11:42:54,0x2e33393adc5fea27d40024c7a48698420047f64f2e91cd48199f75a56d3013e9,eth-updown-5m-1777711200
"Ethereum Up or Down - May 2, 4:40AM-4:45AM ET",Up,BUY,12,0.7,0xa424deb501232a75a5f2086eff95c47ec3b10907f57cba06e6c34f327ac7fe79,2026-05-02 11:42:54,0x67509d0f406a2eeb180d3533d8da6d840ce7c733bdaad23bc7ab1bb7a946fb08,eth-updown-5m-1777711200
"Ethereum Up or Down - May 2, 4:40AM-4:45AM ET",Up,BUY,13,0.73,0xa424deb501232a75a5f2086eff95c47ec3b10907f57cba06e6c34f327ac7fe79,2026-05-02 11:42:54,0x4b52802956c3545a45b96577a55dd724d5ca85cbbaec23d0ae2db7f3c18818c5,eth-updown-5m-1777711200
"Ethereum Up or Down - May 2, 4:30AM-4:45AM ET",Up,BUY,1065.9,0.99,0x91585185afefd65e92eebf5be9cae668382bf49c2bd1321a7453f6320f926e50,2026-05-02 11:42:54,0x4649a6b26de9daead4f51e5e13f34f6d8e43a9e308362ea055db7d065fbfca25,eth-updown-15m-1777710600
"Bitcoin Up or Down - May 2, 4:40AM-4:45AM ET",Up,BUY,47,0.6776553191489362,0xbe07a67afcb6b73d0ca052edcc34e52c28424bcad5b34b74ab0086da2587fd66,2026-05-02 11:42:32,0x46585559056ff7c77a252425a95cac708ec6adbbd68cb24d5db6bf87e978afd7,btc-updown-5m-1777711200
"Ethereum Up or Down - May 2, 4:40AM-4:45AM ET",Down,BUY,5.5,0.38,0xa424deb501232a75a5f2086eff95c47ec3b10907f57cba06e6c34f327ac7fe79,2026-05-02 11:42:30,0x0b719ec412bcbc16f241d83ac60f35dc361bada8dac7b5d9bb32e917f1177205,eth-updown-5m-1777711200
"Ethereum Up or Down - May 2, 4:40AM-4:45AM ET",Down,BUY,11,0.3502363636363636,0xa424deb501232a75a5f2086eff95c47ec3b10907f57cba06e6c34f327ac7fe79,2026-05-02 11:42:06,0xffe8f62584b40504ebdd6ca2b5ce55016995c5ca31749b5ddbe0de43d0c8da68,eth-updown-5m-1777711200
"Ethereum Up or Down - May 2, 4:40AM-4:45AM ET",Up,BUY,11,0.66,0xa424deb501232a75a5f2086eff95c47ec3b10907f57cba06e6c34f327ac7fe79,2026-05-02 11:42:04,0x0123b150527e79ea291824a896a3b090d23307e7ca20938b2cde2a168b47a1f7,eth-updown-5m-1777711200
"Ethereum Up or Down - May 2, 4:40AM-4:45AM ET",Up,BUY,12,0.6625,0xa424deb501232a75a5f2086eff95c47ec3b10907f57cba06e6c34f327ac7fe79,2026-05-02 11:42:04,0x8f52b7b7ae58174c3aeb7435b31c0e9e89f75735f1fd95b70016d88e40245c85,eth-updown-5m-1777711200
"Bitcoin Up or Down - May 2, 4:30AM-4:45AM ET",Up,BUY,249.46,0.99,0x4eaf8f315eb2a8c032ef7dc9644dbd7cb5e5cc87d1b739f3d26f16cb2b3e06d6,2026-05-02 11:41:50,0x77a1b46d1fc0e548732deb8c8c108817187b97e99faef776459407d14fbe656a,btc-updown-15m-1777710600
"Bitcoin Up or Down - May 2, 4:40AM-4:45AM ET",Up,BUY,40,0.33,0xbe07a67afcb6b73d0ca052edcc34e52c28424bcad5b34b74ab0086da2587fd66,2026-05-02 11:41:50,0x18338910a6bffda357f072fc9e4fa472f8163ababdd96b7df5d37ae519a0aeb0,btc-updown-5m-1777711200
"Bitcoin Up or Down - May 2, 4:40AM-4:45AM ET",Up,BUY,41,0.48,0xbe07a67afcb6b73d0ca052edcc34e52c28424bcad5b34b74ab0086da2587fd66,2026-05-02 11:41:50,0xcf72ba9a405fd4ad3ca097ee590dd923179056eb0dc06dff8041075d5c35db79,btc-updown-5m-1777711200
"Bitcoin Up or Down - May 2, 4:00AM-8:00AM ET",Up,BUY,6,0.7,0x5414faf1d4f67d580fd195b96186c0beecc19b4c786e84133c96f0fc44c5263b,2026-05-02 11:41:50,0xf3ba0c71e5844d79d989fb3c1cac6da37c10bf9a315700efae1c4ada1e96ff53,btc-updown-4h-1777708800
"Bitcoin Up or Down - May 2, 4:00AM-8:00AM ET",Up,BUY,6,0.7033333333333334,0x5414faf1d4f67d580fd195b96186c0beecc19b4c786e84133c96f0fc44c5263b,2026-05-02 11:41:50,0x1747f3296f63a198570ea7d50e9122c9d1d0498241d0b9e97d47e4f8ad2bbd17,btc-updown-4h-1777708800
"Ethereum Up or Down - May 2, 4:40AM-4:45AM ET",Down,BUY,10,0.52,0xa424deb501232a75a5f2086eff95c47ec3b10907f57cba06e6c34f327ac7fe79,2026-05-02 11:41:32,0x7064eb680b12ff71147164264242ea1195db284960e4c2f83e3d041e0cedbef0,eth-updown-5m-1777711200
"Ethereum Up or Down - May 2, 4:40AM-4:45AM ET",Down,BUY,10,0.52,0xa424deb501232a75a5f2086eff95c47ec3b10907f57cba06e6c34f327ac7fe79,2026-05-02 11:41:32,0xfae13524141b880f2d1124bbf24130728ec65cf4625c67f5d312afd024b845d1,eth-updown-5m-1777711200
"Bitcoin Up or Down - May 2, 4:40AM-4:45AM ET",Down,BUY,63,0.7,0xbe07a67afcb6b73d0ca052edcc34e52c28424bcad5b34b74ab0086da2587fd66,2026-05-02 11:41:30,0xe98164b2c033412af1b50edf7fce0dab082d777780d128d6cc399deea0602907,btc-updown-5m-1777711200
"Bitcoin Up or Down - May 2, 4:40AM-4:45AM ET",Down,BUY,52,0.7,0xbe07a67afcb6b73d0ca052edcc34e52c28424bcad5b34b74ab0086da2587fd66,2026-05-02 11:41:30,0x478407e5e5302f2bde27c8dbe445c72b856b01acc3ede3d054069f15eac3ceb1,btc-updown-5m-1777711200
"Ethereum Up or Down - May 2, 4:40AM-4:45AM ET",Down,BUY,10,0.47627,0xa424deb501232a75a5f2086eff95c47ec3b10907f57cba06e6c34f327ac7fe79,2026-05-02 11:41:18,0xa65f699acac9eeefa0763dc99e8190485627d53b66d29ff72fc6e44a94fd7971,eth-updown-5m-1777711200
"Ethereum Up or Down - May 2, 4:40AM-4:45AM ET",Down,BUY,10,0.48,0xa424deb501232a75a5f2086eff95c47ec3b10907f57cba06e6c34f327ac7fe79,2026-05-02 11:41:14,0xeee93b7febe0c3e28d8266bcfbf160c10bcb7144d8f769092fe86dc3ce66cbe6,eth-updown-5m-1777711200
"Ethereum Up or Down - May 2, 4:40AM-4:45AM ET",Down,BUY,10,0.48,0xa424deb501232a75a5f2086eff95c47ec3b10907f57cba06e6c34f327ac7fe79,2026-05-02 11:41:14,0x5439fe3d12d34c4de6ce93101f09206eeb244a68d090a6e6762b68b35c259bdc,eth-updown-5m-1777711200
"Ethereum Up or Down - May 2, 4:40AM-4:45AM ET",Up,BUY,10,0.53,0xa424deb501232a75a5f2086eff95c47ec3b10907f57cba06e6c34f327ac7fe79,2026-05-02 11:41:14,0xe36891227126c1662628838c36d3e6bcef36db19798e84a66374a68d1bfc750b,eth-updown-5m-1777711200
"Ethereum Up or Down - May 2, 4:40AM-4:45AM ET",Up,BUY,10,0.5049,0xa424deb501232a75a5f2086eff95c47ec3b10907f57cba06e6c34f327ac7fe79,2026-05-02 11:41:04,0xcb237a86c7f52ca666b8e455625027f00bf5957a74758d2bf13e11d9dac12403,eth-updown-5m-1777711200
"Ethereum Up or Down - May 2, 4:40AM-4:45AM ET",Up,BUY,10,0.5,0xa424deb501232a75a5f2086eff95c47ec3b10907f57cba06e6c34f327ac7fe79,2026-05-02 11:41:04,0x4b22f46581ea2b99c5350201757fee373a4db638b5478f2caf4da39d194d8b0e,eth-updown-5m-1777711200
"Ethereum Up or Down - May 2, 4:40AM-4:45AM ET",Up,BUY,10,0.49,0xa424deb501232a75a5f2086eff95c47ec3b10907f57cba06e6c34f327ac7fe79,2026-05-02 11:40:52,0x09cf8286169102c60f743c4738540c7866804caeb66dce0359ce59d7991ddee8,eth-updown-5m-1777711200
"Ethereum Up or Down - May 2, 4:40AM-4:45AM ET",Up,BUY,5,0.48,0xa424deb501232a75a5f2086eff95c47ec3b10907f57cba06e6c34f327ac7fe79,2026-05-02 11:40:52,0x8682c28892953f534e6c38c25a3ba5b1e9575cfc45136a55f2bec9cd73ce1072,eth-updown-5m-1777711200
"Ethereum Up or Down - May 2, 4:40AM-4:45AM ET",Up,BUY,10,0.47,0xa424deb501232a75a5f2086eff95c47ec3b10907f57cba06e6c34f327ac7fe79,2026-05-02 11:40:50,0x6f3547d35bbf706f1f920ccbb167a42ff6fb494dbbc29e023ff55b05604dbee0,eth-updown-5m-1777711200
"Ethereum Up or Down - May 2, 4:40AM-4:45AM ET",Up,BUY,10,0.49,0xa424deb501232a75a5f2086eff95c47ec3b10907f57cba06e6c34f327ac7fe79,2026-05-02 11:40:50,0x8c0206490b8a5b749235f519cb8c3f5319b035232144502c98b9374ee064c28b,eth-updown-5m-1777711200
"Ethereum Up or Down - May 2, 4:40AM-4:45AM ET",Up,BUY,10,0.48,0xa424deb501232a75a5f2086eff95c47ec3b10907f57cba06e6c34f327ac7fe79,2026-05-02 11:40:50,0x276d33c54fef280a5d2be24b6c568f1a5849f6964a8a771bc39944c854adb923,eth-updown-5m-1777711200
"Ethereum Up or Down - May 2, 4:40AM-4:45AM ET",Up,BUY,10,0.49,0xa424deb501232a75a5f2086eff95c47ec3b10907f57cba06e6c34f327ac7fe79,2026-05-02 11:40:50,0x35fb7c865f5010825ce699c63929b4e8d1ba7fb8275bb850c99ea581168f88e9,eth-updown-5m-1777711200
"Bitcoin Up or Down - May 2, 4:40AM-4:45AM ET",Down,BUY,42,0.59,0xbe07a67afcb6b73d0ca052edcc34e52c28424bcad5b34b74ab0086da2587fd66,2026-05-02 11:40:22,0xccd586e49df4bc30f18fa541ad6c70749dc310cd104c531381bcf4db6b9f1c4f,btc-updown-5m-1777711200
"Ethereum Up or Down - May 2, 4:40AM-4:45AM ET",Down,BUY,10,0.55144,0xa424deb501232a75a5f2086eff95c47ec3b10907f57cba06e6c34f327ac7fe79,2026-05-02 11:40:22,0xdb5303e3ead71271a413212a1eb39b1e5795bcedae29f1c356b748073a17dc75,eth-updown-5m-1777711200
"Ethereum Up or Down - May 2, 4:40AM-4:45AM ET",Down,BUY,10,0.54,0xa424deb501232a75a5f2086eff95c47ec3b10907f57cba06e6c34f327ac7fe79,2026-05-02 11:40:18,0x0943635e26ef0206ee7d157b46fd922eae2bb82a2302e8b2a2044c4b15e3ae37,eth-updown-5m-1777711200
"Bitcoin Up or Down - May 2, 4:35AM-4:40AM ET",Down,BUY,122,0.036957377049180326,0x9af60e10a59e8ea3daa9f36b0187f6ec2a8a10b0a7cd6e39228586040423e0e4,2026-05-02 11:39:22,0x45757803c033f84cc9ef5def90e1cb5bc8289197ef3a720b7676aebcaa044c5b,btc-updown-5m-1777710900
"Bitcoin Up or Down - May 2, 4:35AM-4:40AM ET",Down,BUY,136,0.05,0x9af60e10a59e8ea3daa9f36b0187f6ec2a8a10b0a7cd6e39228586040423e0e4,2026-05-02 11:39:20,0xdcfa2c38f47371d4cf97ed94eb6ea876f972e4fce4053fbe2439580c8fa4524d,btc-updown-5m-1777710900
"Bitcoin Up or Down - May 2, 4:35AM-4:40AM ET",Down,BUY,14.94,0.04,0x9af60e10a59e8ea3daa9f36b0187f6ec2a8a10b0a7cd6e39228586040423e0e4,2026-05-02 11:39:16,0x97a9d7ab45af7ec4221941020639a5821c983c983bd3fcbc5cfb6c3d0915255e,btc-updown-5m-1777710900
"Bitcoin Up or Down - May 2, 4:35AM-4:40AM ET",Down,BUY,147,0.03,0x9af60e10a59e8ea3daa9f36b0187f6ec2a8a10b0a7cd6e39228586040423e0e4,2026-05-02 11:39:16,0x58031eb6f95f3b954b566b1c434e128982ca78dce30099ef356b4443a4328c70,btc-updown-5m-1777710900
"Ethereum Up or Down - May 2, 4:35AM-4:40AM ET",Down,BUY,12,0.6762583333333333,0xb5a07afd4d05e5c02eb37609fd85ac835897ec3303542d4e1a1adca46f11811b,2026-05-02 11:38:42,0x83f1e8488b0a6c6b50e8581aeca0b6c1d87424e770c1796149c3fbe9592e7187,eth-updown-5m-1777710900
"Ethereum Up or Down - May 2, 4:35AM-4:40AM ET",Down,BUY,12,0.67,0xb5a07afd4d05e5c02eb37609fd85ac835897ec3303542d4e1a1adca46f11811b,2026-05-02 11:38:42,0xef7a01e37c891864671e813bf76719c2b110e0747c161acdcf0e30e714e2d87c,eth-updown-5m-1777710900
"Ethereum Up or Down - May 2, 4:35AM-4:40AM ET",Down,BUY,13,0.66,0xb5a07afd4d05e5c02eb37609fd85ac835897ec3303542d4e1a1adca46f11811b,2026-05-02 11:38:36,0x60a5bf1a894e9680ad150c001fd6c932a2daedd5c747df7526f5118938193b46,eth-updown-5m-1777710900
"Ethereum Up or Down - May 2, 4:35AM-4:40AM ET",Down,BUY,12,0.6356166666666667,0xb5a07afd4d05e5c02eb37609fd85ac835897ec3303542d4e1a1adca46f11811b,2026-05-02 11:38:34,0x7b072d94a30515d481508f5b441b1baac288de1d92705e4b094fc731118446fa,eth-updown-5m-1777710900
"Ethereum Up or Down - May 2, 4:35AM-4:40AM ET",Down,BUY,11,0.625,0xb5a07afd4d05e5c02eb37609fd85ac835897ec3303542d4e1a1adca46f11811b,2026-05-02 11:38:34,0x6b8a4ea5855d7e7f68eb8f84dfd88756733bc3b65b4fb17e781ece82623269ed,eth-updown-5m-1777710900
"Ethereum Up or Down - May 2, 4:35AM-4:40AM ET",Down,BUY,11,0.6022727272727273,0xb5a07afd4d05e5c02eb37609fd85ac835897ec3303542d4e1a1adca46f11811b,2026-05-02 11:38:32,0x6d4b20fb018aed26805b8e8c2051bc3ff8d881ffff8197798ac4d21f09956f02,eth-updown-5m-1777710900
"Ethereum Up or Down - May 2, 4:35AM-4:40AM ET",Down,BUY,11,0.59,0xb5a07afd4d05e5c02eb37609fd85ac835897ec3303542d4e1a1adca46f11811b,2026-05-02 11:38:32,0x977808ed180ed5e75af3ee0accf1140703905a8ce6031ff1b91994b66af00dec,eth-updown-5m-1777710900
"Bitcoin Up or Down - May 2, 4:35AM-4:40AM ET",Up,BUY,145.35,0.9583935328517372,0x9af60e10a59e8ea3daa9f36b0187f6ec2a8a10b0a7cd6e39228586040423e0e4,2026-05-02 11:38:20,0xd6fe80cbea5b2c5e3183639aacace282b1bdf18bf4ea704defd817b97d632f12,btc-updown-5m-1777710900
"Bitcoin Up or Down - May 2, 4:35AM-4:40AM ET",Up,BUY,510,0.9589349019607843,0x9af60e10a59e8ea3daa9f36b0187f6ec2a8a10b0a7cd6e39228586040423e0e4,2026-05-02 11:38:18,0x3146021c681234e42f52d2f6e45462dceca36f293a38d922c9953cd5f2d8698c,btc-updown-5m-1777710900
"Bitcoin Up or Down - May 2, 4:35AM-4:40AM ET",Up,BUY,154,0.9259961038961039,0x9af60e10a59e8ea3daa9f36b0187f6ec2a8a10b0a7cd6e39228586040423e0e4,2026-05-02 11:38:18,0xd6e70111221fa75d2477dc75635001e95f3feda95010cc1d86e2f47ad89446ac,btc-updown-5m-1777710900
"Ethereum Up or Down - May 2, 4:35AM-4:40AM ET",Up,BUY,10,0.42,0xb5a07afd4d05e5c02eb37609fd85ac835897ec3303542d4e1a1adca46f11811b,2026-05-02 11:38:18,0xc50115f0f39ca099e29044a44ff8a40b6dd4d9e35b6df6bd7473ebd895b462e3,eth-updown-5m-1777710900
"Ethereum Up or Down - May 2, 4:35AM-4:40AM ET",Up,BUY,10,0.42,0xb5a07afd4d05e5c02eb37609fd85ac835897ec3303542d4e1a1adca46f11811b,2026-05-02 11:38:18,0x32d350194dc0a7e2882256423c5bdd36a229fdeeee43642574af94d8a49a515e,eth-updown-5m-1777710900
"Ethereum Up or Down - May 2, 4:35AM-4:40AM ET",Up,BUY,5,0.4,0xb5a07afd4d05e5c02eb37609fd85ac835897ec3303542d4e1a1adca46f11811b,2026-05-02 11:38:18,0xc51f75ddba7df185270b1512d5a5b8bd96cad803c475edc76764a9b37cc4bcad,eth-updown-5m-1777710900
"Bitcoin Up or Down - May 2, 4:30AM-4:45AM ET",Up,BUY,64,0.96,0x4eaf8f315eb2a8c032ef7dc9644dbd7cb5e5cc87d1b739f3d26f16cb2b3e06d6,2026-05-02 11:38:08,0x9ea1011c7a24623680632db275b7075274fd7ef92fb54ccb84ea13a3438048ed,btc-updown-15m-1777710600
"Bitcoin Up or Down - May 2, 4:30AM-4:45AM ET",Up,BUY,53,0.94,0x4eaf8f315eb2a8c032ef7dc9644dbd7cb5e5cc87d1b739f3d26f16cb2b3e06d6,2026-05-02 11:38:08,0xcd057032e5476d0b460d488c5e156b67c2166ab6db1e3e5f0036ba0ceb1e6580,btc-updown-15m-1777710600
"Ethereum Up or Down - May 2, 4:35AM-4:40AM ET",Up,BUY,14,0.2,0xb5a07afd4d05e5c02eb37609fd85ac835897ec3303542d4e1a1adca46f11811b,2026-05-02 11:38:08,0x87addb40bfe2d390d0227b131c98b1420cae1e7c472cc2992f0ab95c1a977ffc,eth-updown-5m-1777710900
"Ethereum Up or Down - May 2, 4:35AM-4:40AM ET",Up,BUY,12,0.22126666666666667,0xb5a07afd4d05e5c02eb37609fd85ac835897ec3303542d4e1a1adca46f11811b,2026-05-02 11:38:06,0x73a18421a5ee5c28639745f398b27d47f9455a149e7df152f6f8d12a4bf4bfda,eth-updown-5m-1777710900
"Ethereum Up or Down - May 2, 4:35AM-4:40AM ET",Up,BUY,12,0.21793333333333334,0xb5a07afd4d05e5c02eb37609fd85ac835897ec3303542d4e1a1adca46f11811b,2026-05-02 11:38:06,0xb69c89f0539ca9158384a1c24180aaa9f548ef24efd1d84cf8431c6ee14076a5,eth-updown-5m-1777710900
"Bitcoin Up or Down - May 2, 4:35AM-4:40AM ET",Down,BUY,44,0.32632954545454546,0x9af60e10a59e8ea3daa9f36b0187f6ec2a8a10b0a7cd6e39228586040423e0e4,2026-05-02 11:38:06,0x47596654ceb85711e230d72de65ede1435e14cbc840635754756748680726418,btc-updown-5m-1777710900
"Bitcoin Up or Down - May 2, 4:30AM-4:45AM ET",Down,BUY,28,0.07,0x4eaf8f315eb2a8c032ef7dc9644dbd7cb5e5cc87d1b739f3d26f16cb2b3e06d6,2026-05-02 11:38:06,0xa81b81b79f38f231bd843f977027bcc2047166e4bb1eb851e6d56d0fba12f764,btc-updown-15m-1777710600
"Ethereum Up or Down - May 2, 4:35AM-4:40AM ET",Down,BUY,13,0.66,0xb5a07afd4d05e5c02eb37609fd85ac835897ec3303542d4e1a1adca46f11811b,2026-05-02 11:37:46,0x9b508f8a4781547bee5186fe06a124fc87a0675be08763588fbf65d5c38e87ea,eth-updown-5m-1777710900
"Ethereum Up or Down - May 2, 4:35AM-4:40AM ET",Down,BUY,11,0.6420454545454546,0xb5a07afd4d05e5c02eb37609fd85ac835897ec3303542d4e1a1adca46f11811b,2026-05-02 11:37:46,0xc79c257c82a2031fe25f4d132bed899f359c4669269b3b69a254cb2367ba3a44,eth-updown-5m-1777710900
"Ethereum Up or Down - May 2, 4:35AM-4:40AM ET",Down,BUY,11,0.64,0xb5a07afd4d05e5c02eb37609fd85ac835897ec3303542d4e1a1adca46f11811b,2026-05-02 11:36:52,0xcf51240be956c9a900068cba3282436fad1363bde9f5b313412ac5d4c1254de4,eth-updown-5m-1777710900
"Ethereum Up or Down - May 2, 4:35AM-4:40AM ET",Down,BUY,11,0.63,0xb5a07afd4d05e5c02eb37609fd85ac835897ec3303542d4e1a1adca46f11811b,2026-05-02 11:36:52,0xeae110c400988ae9942a70314e4dc662a71ab6dae7124d7f12f7b98d605c18e7,eth-updown-5m-1777710900
"Ethereum Up or Down - May 2, 4:35AM-4:40AM ET",Down,BUY,11,0.6112363636363637,0xb5a07afd4d05e5c02eb37609fd85ac835897ec3303542d4e1a1adca46f11811b,2026-05-02 11:36:50,0x3dfff2be3e8f5896f0cdcbad836fe4d9db354e20557e54784c7915ee40122f66,eth-updown-5m-1777710900
"Ethereum Up or Down - May 2, 4:35AM-4:40AM ET",Down,BUY,11,0.61,0xb5a07afd4d05e5c02eb37609fd85ac835897ec3303542d4e1a1adca46f11811b,2026-05-02 11:36:42,0xed4715bcebb6e41d95babcb8a23ed22d1b707252b149667d17a255115974a676,eth-updown-5m-1777710900
"Ethereum Up or Down - May 2, 4:35AM-4:40AM ET",Up,BUY,10,0.42412,0xb5a07afd4d05e5c02eb37609fd85ac835897ec3303542d4e1a1adca46f11811b,2026-05-02 11:36:32,0x0a61b11e44d8536272bf623475088623ec32dbdac014fa68b4c9ef44b18fc1d9,eth-updown-5m-1777710900
"Ethereum Up or Down - May 2, 4:35AM-4:40AM ET",Up,BUY,10,0.42225,0xb5a07afd4d05e5c02eb37609fd85ac835897ec3303542d4e1a1adca46f11811b,2026-05-02 11:36:32,0x4fbcb744e33b08d7b6e8703c2b357d242d7656b52e4f15af2aa6d75f39630924,eth-updown-5m-1777710900
"Bitcoin Up or Down - May 2, 4:35AM-4:40AM ET",Up,BUY,46,0.6681565217391304,0x9af60e10a59e8ea3daa9f36b0187f6ec2a8a10b0a7cd6e39228586040423e0e4,2026-05-02 11:36:26,0x49c781451a2a8966bf299982b6d5b22302d1fcb24c13cf57dbf62d94c57c8e1b,btc-updown-5m-1777710900
"Ethereum Up or Down - May 2, 4:35AM-4:40AM ET",Up,BUY,11,0.35646363636363637,0xb5a07afd4d05e5c02eb37609fd85ac835897ec3303542d4e1a1adca46f11811b,2026-05-02 11:36:22,0x45a77690bc69ea0a95e7f44dc2017a048284f1f32318f2305aedc71c1701d493,eth-updown-5m-1777710900
"Bitcoin Up or Down - May 2, 4:30AM-4:45AM ET",Up,BUY,28,0.89,0x4eaf8f315eb2a8c032ef7dc9644dbd7cb5e5cc87d1b739f3d26f16cb2b3e06d6,2026-05-02 11:36:22,0xca5e852928c905146c3ca4f3868b0be8cb4d4b106b726a273793ce11f5952c9d,btc-updown-15m-1777710600
"Ethereum Up or Down - May 2, 4:35AM-4:40AM ET",Up,BUY,10,0.37,0xb5a07afd4d05e5c02eb37609fd85ac835897ec3303542d4e1a1adca46f11811b,2026-05-02 11:36:22,0xeec5b989795ea39478430031bd0dc69b96e4ffb7410daabbe879abde41ce1579,eth-updown-5m-1777710900
"Bitcoin Up or Down - May 2, 4:35AM-4:40AM ET",Up,BUY,41,0.54,0x9af60e10a59e8ea3daa9f36b0187f6ec2a8a10b0a7cd6e39228586040423e0e4,2026-05-02 11:36:02,0x39354c1d292bc17f9f15f53584bf93f4b0b46392649a3a271b00a693c31b0a37,btc-updown-5m-1777710900
"Ethereum Up or Down - May 2, 4:35AM-4:40AM ET",Down,BUY,11,0.66,0xb5a07afd4d05e5c02eb37609fd85ac835897ec3303542d4e1a1adca46f11811b,2026-05-02 11:35:58,0xd87299ad7a1822c7c75dac03aef3626ded33b56a26b916fa9f4816119dc02221,eth-updown-5m-1777710900
"Bitcoin Up or Down - May 2, 4:35AM-4:40AM ET",Up,BUY,40,0.53,0x9af60e10a59e8ea3daa9f36b0187f6ec2a8a10b0a7cd6e39228586040423e0e4,2026-05-02 11:35:42,0xd759e88048a1a83514175e5c4d890d0b88d277f69e8a2af3105b047cae85f275,btc-updown-5m-1777710900
"Bitcoin Up or Down - May 2, 4:35AM-4:40AM ET",Up,BUY,40,0.504305,0x9af60e10a59e8ea3daa9f36b0187f6ec2a8a10b0a7cd6e39228586040423e0e4,2026-05-02 11:35:32,0x233cf0f6b97371964ef78736a446d7872c3308332dfa83aa5f7b295dd4ab5fa2,btc-updown-5m-1777710900
"Bitcoin Up or Down - May 2, 4:30AM-4:45AM ET",Down,BUY,17,0.15810588235294118,0x4eaf8f315eb2a8c032ef7dc9644dbd7cb5e5cc87d1b739f3d26f16cb2b3e06d6,2026-05-02 11:35:18,0xcbec87f30515f09c89637f309ebe6ec311d673f0e18e817283801da0dd4300ee,btc-updown-15m-1777710600
"Bitcoin Up or Down - May 2, 4:30AM-4:45AM ET",Down,BUY,16,0.18,0x4eaf8f315eb2a8c032ef7dc9644dbd7cb5e5cc87d1b739f3d26f16cb2b3e06d6,2026-05-02 11:35:18,0xfe211c34e83e817c2ad544cf70cba072e2dd4ec95229cbd66d9c08cfcf27ecd1,btc-updown-15m-1777710600
"Bitcoin Up or Down - May 2, 4:35AM-4:40AM ET",Down,BUY,42,0.5116666666666667,0x9af60e10a59e8ea3daa9f36b0187f6ec2a8a10b0a7cd6e39228586040423e0e4,2026-05-02 11:35:18,0x8d2cbf3a102b97ee252b58188b6adb3678dd1c26d867a21a505ef1e693155ac6,btc-updown-5m-1777710900
"Bitcoin Up or Down - May 2, 4:35AM-4:40AM ET",Up,BUY,40,0.4636075,0x9af60e10a59e8ea3daa9f36b0187f6ec2a8a10b0a7cd6e39228586040423e0e4,2026-05-02 11:35:18,0x605427fc94e2cd8baafd85b75d5c447e2cb6fa4f1e73ff18a7956b9adb660ec1,btc-updown-5m-1777710900
"Ethereum Up or Down - May 2, 4:35AM-4:40AM ET",Down,BUY,10,0.57,0xb5a07afd4d05e5c02eb37609fd85ac835897ec3303542d4e1a1adca46f11811b,2026-05-02 11:35:16,0xe5c7050402375eae081cfd36dcb46ccde76630a0d7556b915f8d1d24a6dbba11,eth-updown-5m-1777710900
"Bitcoin Up or Down - May 2, 4:35AM-4:40AM ET",Down,BUY,41,0.51,0x9af60e10a59e8ea3daa9f36b0187f6ec2a8a10b0a7cd6e39228586040423e0e4,2026-05-02 11:35:16,0xccedf895ecc8c482ac4ed4885fb6a97a1a13f925006e804ad0409e9aef227c03,btc-updown-5m-1777710900
"Ethereum Up or Down - May 2, 4:35AM-4:40AM ET",Down,BUY,11,0.59,0xb5a07afd4d05e5c02eb37609fd85ac835897ec3303542d4e1a1adca46f11811b,2026-05-02 11:35:16,0x7cbd4c0b0b8dfebedbc9fd4bdd1e3ef25031e192ba6fe50e5f56a9f869d84504,eth-updown-5m-1777710900
"Ethereum Up or Down - May 2, 4:35AM-4:40AM ET",Down,BUY,11,0.59,0xb5a07afd4d05e5c02eb37609fd85ac835897ec3303542d4e1a1adca46f11811b,2026-05-02 11:35:16,0x703f6dfb63b5aefd310573d76fcb4f538d13d103cd33d5a4b54a25694a27a2dd,eth-updown-5m-1777710900
"Ethereum Up or Down - May 2, 4:35AM-4:40AM ET",Down,BUY,10,0.585,0xb5a07afd4d05e5c02eb37609fd85ac835897ec3303542d4e1a1adca46f11811b,2026-05-02 11:35:16,0x8d87ef65d536fc07cf4b5ebaac62eb5095589a1d0f5075ff1744ba3ae395082c,eth-updown-5m-1777710900
"Ethereum Up or Down - May 2, 4:35AM-4:40AM ET",Down,BUY,10,0.58,0xb5a07afd4d05e5c02eb37609fd85ac835897ec3303542d4e1a1adca46f11811b,2026-05-02 11:35:14,0x14c7a9b01baff0e09d3b774528abd38380faa92ab47ef31dd841b25646805746,eth-updown-5m-1777710900
"Bitcoin Up or Down - May 2, 4:30AM-4:45AM ET",Up,BUY,18,0.78,0x4eaf8f315eb2a8c032ef7dc9644dbd7cb5e5cc87d1b739f3d26f16cb2b3e06d6,2026-05-02 11:35:14,0x0471b24ccb70bb5ec0f7369aafb9bf1bd96c246ca8b84e74e06a2b00d141c95e,btc-updown-15m-1777710600
"Bitcoin Up or Down - May 2, 4AM ET",Up,BUY,13,0.88,0xdad58b8d7e6f789ef2556be80d401e698b5347b3d0a871fca801cb40ef2ccc11,2026-05-02 11:35:12,0x19a0afbce8013ead913ae5900cd73d6eae753f121f125e5cdb0b198c16afeabe,bitcoin-up-or-down-may-2-2026-4am-et
"Bitcoin Up or Down - May 2, 4:30AM-4:45AM ET",Up,BUY,15,0.78,0x4eaf8f315eb2a8c032ef7dc9644dbd7cb5e5cc87d1b739f3d26f16cb2b3e06d6,2026-05-02 11:35:10,0x65a25dcaefcf629a3a8dfc66a748f2c2b78dd8daada513d8006c3242d6741aa8,btc-updown-15m-1777710600
"Bitcoin Up or Down - May 2, 4:30AM-4:45AM ET",Up,BUY,14,0.74,0x4eaf8f315eb2a8c032ef7dc9644dbd7cb5e5cc87d1b739f3d26f16cb2b3e06d6,2026-05-02 11:35:10,0x412f9522500a8a2491787f0a707df9205568d0c2d586e0474053d0a0c9368e63,btc-updown-15m-1777710600
"Bitcoin Up or Down - May 2, 4AM ET",Up,BUY,12,0.88,0xdad58b8d7e6f789ef2556be80d401e698b5347b3d0a871fca801cb40ef2ccc11,2026-05-02 11:35:10,0x69ede43261b392eeda25365547e6e6068b1c37b56e3a1e2688f8f2781c3f2f61,bitcoin-up-or-down-may-2-2026-4am-et
"Bitcoin Up or Down - May 2, 4:30AM-4:45AM ET",Up,BUY,15,0.64,0x4eaf8f315eb2a8c032ef7dc9644dbd7cb5e5cc87d1b739f3d26f16cb2b3e06d6,2026-05-02 11:35:10,0x1f534a02a19801997bf7e2c85d6d91c3ec3a5e02b3bf2fe04aeb3cd0e8245b19,btc-updown-15m-1777710600
"Bitcoin Up or Down - May 2, 4:00AM-8:00AM ET",Up,BUY,5,0.67,0x5414faf1d4f67d580fd195b96186c0beecc19b4c786e84133c96f0fc44c5263b,2026-05-02 11:35:10,0x0ed4d3bce8ec098297d21d9c3ab7f23c6fbb13bfecd77a364b694d9c6f5ca652,btc-updown-4h-1777708800
"Bitcoin Up or Down - May 2, 4:00AM-8:00AM ET",Up,BUY,5.39,0.66,0x5414faf1d4f67d580fd195b96186c0beecc19b4c786e84133c96f0fc44c5263b,2026-05-02 11:35:10,0xf7e4a9808cf915fc3a6c40e630b63f1c9d2445a98b731aad527f4aed0bb02a03,btc-updown-4h-1777708800
"Bitcoin Up or Down - May 2, 4:30AM-4:45AM ET",Up,BUY,31,0.7932258064516129,0x4eaf8f315eb2a8c032ef7dc9644dbd7cb5e5cc87d1b739f3d26f16cb2b3e06d6,2026-05-02 11:35:10,0x0c778bc0d383a26d360baf74f9f8cd2d278998461a6c2d4baa597839e861b93b,btc-updown-15m-1777710600
"Bitcoin Up or Down - May 2, 4:30AM-4:35AM ET",Down,BUY,122,0.07,0xe91f9e54495f34ec57be64b817d59b66c0c06c6405f6f0e441418cc40bd97e8f,2026-05-02 11:33:58,0x6c057aa83435397a5333a296572bb71c93825914ac56daa8e0f221b5543834b2,btc-updown-5m-1777710600
"Bitcoin Up or Down - May 2, 4AM ET",Down,BUY,10,0.14,0xdad58b8d7e6f789ef2556be80d401e698b5347b3d0a871fca801cb40ef2ccc11,2026-05-02 11:33:54,0x8150cb5abd5ae9b9db4e338b633f43639050205d2326da38d40700049fab0b71,bitcoin-up-or-down-may-2-2026-4am-et
"Bitcoin Up or Down - May 2, 4:30AM-4:45AM ET",Down,BUY,11,0.36,0x4eaf8f315eb2a8c032ef7dc9644dbd7cb5e5cc87d1b739f3d26f16cb2b3e06d6,2026-05-02 11:33:54,0x161434895406a02fc4606761460341ab3d520a17c17bcce1505bd8d00185c0fd,btc-updown-15m-1777710600
"Bitcoin Up or Down - May 2, 4:30AM-4:45AM ET",Down,BUY,11,0.31,0x4eaf8f315eb2a8c032ef7dc9644dbd7cb5e5cc87d1b739f3d26f16cb2b3e06d6,2026-05-02 11:33:54,0x4b22241dd447d25d74180e98ce63d44653f3eba273d6e3c2ac95bf580f467034,btc-updown-15m-1777710600
"Bitcoin Up or Down - May 2, 4:30AM-4:35AM ET",Down,BUY,136,0.066025,0xe91f9e54495f34ec57be64b817d59b66c0c06c6405f6f0e441418cc40bd97e8f,2026-05-02 11:33:30,0xb75bf414e9a986ad650964548cf25fb89df6bba868cf5fdd875b356887f85180,btc-updown-5m-1777710600
"Bitcoin Up or Down - May 2, 4:30AM-4:45AM ET",Down,BUY,11,0.3,0x4eaf8f315eb2a8c032ef7dc9644dbd7cb5e5cc87d1b739f3d26f16cb2b3e06d6,2026-05-02 11:33:28,0x55d505f18a26538e947c86067bc01c73d92c0abb28fe9cdfa6820d7cc317e9c5,btc-updown-15m-1777710600
"Bitcoin Up or Down - May 2, 4:30AM-4:45AM ET",Down,BUY,12,0.29583333333333334,0x4eaf8f315eb2a8c032ef7dc9644dbd7cb5e5cc87d1b739f3d26f16cb2b3e06d6,2026-05-02 11:33:02,0xb45fc0a26304b41f41730fce3f623f393c12420cd2edcc19fd639a4f81ca41b4,btc-updown-15m-1777710600
"Bitcoin Up or Down - May 2, 4:30AM-4:45AM ET",Up,BUY,13,0.71,0x4eaf8f315eb2a8c032ef7dc9644dbd7cb5e5cc87d1b739f3d26f16cb2b3e06d6,2026-05-02 11:32:52,0x016c4c51214d646618e1a15bb5b6e3f4f3328b61ff7e3ac597607dc6c1ad97df,btc-updown-15m-1777710600
"Bitcoin Up or Down - May 2, 4:30AM-4:35AM ET",Up,BUY,154,0.91,0xe91f9e54495f34ec57be64b817d59b66c0c06c6405f6f0e441418cc40bd97e8f,2026-05-02 11:32:46,0x67fee0584a9f7a9a86bb243ad35120d097beb705c178b8238d816655eb5366fd,btc-updown-5m-1777710600
"Bitcoin Up or Down - May 2, 4:30AM-4:45AM ET",Up,BUY,12,0.6816666666666666,0x4eaf8f315eb2a8c032ef7dc9644dbd7cb5e5cc87d1b739f3d26f16cb2b3e06d6,2026-05-02 11:32:46,0xf2d7964a86a96ba6ab1618fcfcc6479940430f03925781251d7d07785f72d14d,btc-updown-15m-1777710600
"Bitcoin Up or Down - May 2, 4:30AM-4:35AM ET",Up,BUY,122,0.8804491803278689,0xe91f9e54495f34ec57be64b817d59b66c0c06c6405f6f0e441418cc40bd97e8f,2026-05-02 11:32:38,0x2c507d147eb7cf0e57f6f56ccc335e981c2fd8b598ac556ac2d4823e6682e3d1,btc-updown-5m-1777710600
"Bitcoin Up or Down - May 2, 4:30AM-4:45AM ET",Up,BUY,12,0.68,0x4eaf8f315eb2a8c032ef7dc9644dbd7cb5e5cc87d1b739f3d26f16cb2b3e06d6,2026-05-02 11:32:38,0x777df95a20b13e6e4ffd9314ea0b321f01b12b98f53ce206aa12fb3eb2a11a91,btc-updown-15m-1777710600
"Bitcoin Up or Down - May 2, 4:30AM-4:35AM ET",Up,BUY,66.76,0.8413181545835829,0xe91f9e54495f34ec57be64b817d59b66c0c06c6405f6f0e441418cc40bd97e8f,2026-05-02 11:31:56,0x49c1efc4afa19917013182def840b5f8b6f505194aebf53c60cbf20860e3b1df,btc-updown-5m-1777710600
"Bitcoin Up or Down - May 2, 4:30AM-4:45AM ET",Up,BUY,11,0.64,0x4eaf8f315eb2a8c032ef7dc9644dbd7cb5e5cc87d1b739f3d26f16cb2b3e06d6,2026-05-02 11:31:54,0xe04e738fdd809858838e52cdc8849a1491d63f3a1d58d57c780408d826152c5e,btc-updown-15m-1777710600
"Bitcoin Up or Down - May 2, 4:30AM-4:45AM ET",Up,BUY,11,0.64,0x4eaf8f315eb2a8c032ef7dc9644dbd7cb5e5cc87d1b739f3d26f16cb2b3e06d6,2026-05-02 11:31:54,0x784fdb58d15f8a53ef9647887c69fbc2104fc08eed89613a0c8baf499840f06f,btc-updown-15m-1777710600
"Bitcoin Up or Down - May 2, 4:30AM-4:35AM ET",Down,BUY,42.66,0.1990154711673699,0xe91f9e54495f34ec57be64b817d59b66c0c06c6405f6f0e441418cc40bd97e8f,2026-05-02 11:31:48,0x1bf114211343f24f1ddf62e4e5a3cadf6901683cb3ccc1d345c8f43896cd2db6,btc-updown-5m-1777710600
"Ethereum Up or Down - May 2, 4:30AM-4:35AM ET",Up,BUY,34,0.92,0x34a5675767a6b8fe1589783dd76818aa99a147178a24bd75d42921dcfc116a89,2026-05-02 11:31:38,0x4e36a27d9b2ac504f510ed0f02c7db6a784c262e7e8475877683abedc6f06422,eth-updown-5m-1777710600
"Bitcoin Up or Down - May 2, 4AM ET",Up,BUY,10,0.86,0xdad58b8d7e6f789ef2556be80d401e698b5347b3d0a871fca801cb40ef2ccc11,2026-05-02 11:31:38,0x2dbd3ea096ef63bef53e96f08497bbfe56971b984455dc860e4abefd2e356c09,bitcoin-up-or-down-may-2-2026-4am-et
"Bitcoin Up or Down - May 2, 4:30AM-4:35AM ET",Up,BUY,74,0.8,0xe91f9e54495f34ec57be64b817d59b66c0c06c6405f6f0e441418cc40bd97e8f,2026-05-02 11:31:38,0x43e2031b9e9562c369249c6c1e88327abdd99591091366fc98678de710b0833e,btc-updown-5m-1777710600
"Bitcoin Up or Down - May 2, 4:30AM-4:35AM ET",Up,BUY,20,0.765,0xe91f9e54495f34ec57be64b817d59b66c0c06c6405f6f0e441418cc40bd97e8f,2026-05-02 11:31:38,0x4aae4cc4b4e1d969142964587c3d3e6e795c04bd148678c537a6eed3c0f29779,btc-updown-5m-1777710600
"Bitcoin Up or Down - May 2, 4:30AM-4:45AM ET",Up,BUY,11,0.6309090909090909,0x4eaf8f315eb2a8c032ef7dc9644dbd7cb5e5cc87d1b739f3d26f16cb2b3e06d6,2026-05-02 11:31:38,0xd1ea9efc1c4b02208d3bf195b2a0c1c3bc3e4befb000bf882ab8fbdb9d3d9487,btc-updown-15m-1777710600
"Bitcoin Up or Down - May 2, 4:30AM-4:45AM ET",Up,BUY,10.68,0.62,0x4eaf8f315eb2a8c032ef7dc9644dbd7cb5e5cc87d1b739f3d26f16cb2b3e06d6,2026-05-02 11:31:38,0x12d515dfdc002838a9c212c702df02484dfe8a30e53e20850de482336e416011,btc-updown-15m-1777710600
"Bitcoin Up or Down - May 2, 4:30AM-4:35AM ET",Up,BUY,3.76,0.79,0xe91f9e54495f34ec57be64b817d59b66c0c06c6405f6f0e441418cc40bd97e8f,2026-05-02 11:31:38,0x635549e8e3101395e7d3c4c7be692a876e7c9868b966f69d758c62552eef9a3a,btc-updown-5m-1777710600
"Bitcoin Up or Down - May 2, 4:30AM-4:45AM ET",Down,BUY,10,0.41,0x4eaf8f315eb2a8c032ef7dc9644dbd7cb5e5cc87d1b739f3d26f16cb2b3e06d6,2026-05-02 11:31:36,0xb5eb2ee81b494306a2fb6f7f5bc784d6d7bc004a059c9543f0dd885d175c0d20,btc-updown-15m-1777710600
"Bitcoin Up or Down - May 2, 4:30AM-4:35AM ET",Down,BUY,51,0.24,0xe91f9e54495f34ec57be64b817d59b66c0c06c6405f6f0e441418cc40bd97e8f,2026-05-02 11:31:34,0xc91912ce295ffa20467234bd1d9681126269eacd117a2f519e83226d0f007346,btc-updown-5m-1777710600
"Ethereum Up or Down - May 2, 4:30AM-4:35AM ET",Down,BUY,21,0.14,0x34a5675767a6b8fe1589783dd76818aa99a147178a24bd75d42921dcfc116a89,2026-05-02 11:31:34,0x208ac686b6b21e3fc6ef2c4a2ea5b32475599e7312f535417acc14aa171c503a,eth-updown-5m-1777710600
"Bitcoin Up or Down - May 2, 4:30AM-4:35AM ET",Down,BUY,52,0.24,0xe91f9e54495f34ec57be64b817d59b66c0c06c6405f6f0e441418cc40bd97e8f,2026-05-02 11:31:34,0x4f506fccbeb79ff3c6f16181637cee9daef7fb1a6a114482f94d49b3c20dd009,btc-updown-5m-1777710600
"Bitcoin Up or Down - May 2, 4:30AM-4:45AM ET",Down,BUY,10,0.41,0x4eaf8f315eb2a8c032ef7dc9644dbd7cb5e5cc87d1b739f3d26f16cb2b3e06d6,2026-05-02 11:31:34,0x1e4ee8895016776d7506d43bb730aa0e915342c01b317d449fb7576521f293ad,btc-updown-15m-1777710600
"Bitcoin Up or Down - May 2, 4:30AM-4:45AM ET",Down,BUY,11,0.36,0x4eaf8f315eb2a8c032ef7dc9644dbd7cb5e5cc87d1b739f3d26f16cb2b3e06d6,2026-05-02 11:31:34,0x6489b9bf6e046e81d8c51284c0aa6669612af69f5e49db214eefb4778f28bcae,btc-updown-15m-1777710600
"Bitcoin Up or Down - May 2, 4:30AM-4:45AM ET",Up,BUY,11,0.64,0x4eaf8f315eb2a8c032ef7dc9644dbd7cb5e5cc87d1b739f3d26f16cb2b3e06d6,2026-05-02 11:31:26,0x1f29e0dfa1aaf0001d2540bd2b9b7a235130042696bfafd50310dafa9b27444b,btc-updown-15m-1777710600
"Bitcoin Up or Down - May 2, 4:30AM-4:35AM ET",Up,BUY,83,0.82,0xe91f9e54495f34ec57be64b817d59b66c0c06c6405f6f0e441418cc40bd97e8f,2026-05-02 11:31:26,0xbbb660ac4c79a77f1e304dbe9e4eb769eef20db8520e84bbac119c728ef42154,btc-updown-5m-1777710600
"Bitcoin Up or Down - May 2, 4:30AM-4:35AM ET",Up,BUY,78,0.83,0xe91f9e54495f34ec57be64b817d59b66c0c06c6405f6f0e441418cc40bd97e8f,2026-05-02 11:31:12,0x50692bc2807643b72060c199f2222d4584be9dfcaf4491bd45f5cfd645487b6c,btc-updown-5m-1777710600
"Bitcoin Up or Down - May 2, 4:30AM-4:45AM ET",Up,BUY,11,0.63,0x4eaf8f315eb2a8c032ef7dc9644dbd7cb5e5cc87d1b739f3d26f16cb2b3e06d6,2026-05-02 11:31:12,0x474d68ccff55afa0215cc720f4485f4570a31bcaf0fcd698d7efff562333e869,btc-updown-15m-1777710600
"Bitcoin Up or Down - May 2, 4:30AM-4:35AM ET",Up,BUY,33,0.7427272727272727,0xe91f9e54495f34ec57be64b817d59b66c0c06c6405f6f0e441418cc40bd97e8f,2026-05-02 11:31:12,0x0fbea3e8a394bd3a7a03853d24f49cdb4cc1199adf8622a12295268b923d7aec,btc-updown-5m-1777710600
"Bitcoin Up or Down - May 2, 4:30AM-4:35AM ET",Up,BUY,58,0.745,0xe91f9e54495f34ec57be64b817d59b66c0c06c6405f6f0e441418cc40bd97e8f,2026-05-02 11:31:06,0x18549a76b087166b59cba80cababc0c3de9b6f5f20e70dcb2dd84cfaf25599be,btc-updown-5m-1777710600
"Bitcoin Up or Down - May 2, 4:30AM-4:45AM ET",Up,BUY,10,0.58,0x4eaf8f315eb2a8c032ef7dc9644dbd7cb5e5cc87d1b739f3d26f16cb2b3e06d6,2026-05-02 11:31:06,0x73207273e2c6f790c32713563f34f89d71e2a3795545618e7ff1409b2ca52686,btc-updown-15m-1777710600
"Bitcoin Up or Down - May 2, 4:30AM-4:45AM ET",Up,BUY,11,0.58,0x4eaf8f315eb2a8c032ef7dc9644dbd7cb5e5cc87d1b739f3d26f16cb2b3e06d6,2026-05-02 11:31:06,0x838c0e08a21c13204ca798f8c80fdf9f1f462fd016b3f61ac4de1cf2f101a878,btc-updown-15m-1777710600
"Bitcoin Up or Down - May 2, 4AM ET",Up,BUY,5,0.83,0xdad58b8d7e6f789ef2556be80d401e698b5347b3d0a871fca801cb40ef2ccc11,2026-05-02 11:31:06,0xb39401ec22e2039cfea90399787dc1af3548801a423dc3ebf0e9ed829ef17520,bitcoin-up-or-down-may-2-2026-4am-et
"Bitcoin Up or Down - May 2, 4:30AM-4:35AM ET",Up,BUY,45,0.6589555555555555,0xe91f9e54495f34ec57be64b817d59b66c0c06c6405f6f0e441418cc40bd97e8f,2026-05-02 11:31:06,0x4f0e5d2fc3d678fc8bef05ae68c9bea024fe692de2ce8c605cbf55f13273be53,btc-updown-5m-1777710600
"Bitcoin Up or Down - May 2, 4:30AM-4:35AM ET",Up,BUY,15,0.6233333333333333,0xe91f9e54495f34ec57be64b817d59b66c0c06c6405f6f0e441418cc40bd97e8f,2026-05-02 11:31:06,0x27b59dabd1feecf07ad13bec9b7038795ae5e0c8ca09dbcc38fa4224d9886cd5,btc-updown-5m-1777710600
"Bitcoin Up or Down - May 2, 4:30AM-4:35AM ET",Up,BUY,42,0.6,0xe91f9e54495f34ec57be64b817d59b66c0c06c6405f6f0e441418cc40bd97e8f,2026-05-02 11:30:58,0x5fee9c155db550fb0ef7ab6f55c83e8254848b9c6d8ca75567ad7fb693f4eed5,btc-updown-5m-1777710600
"Ethereum Up or Down - May 2, 4:30AM-4:35AM ET",Up,BUY,11,0.63,0x34a5675767a6b8fe1589783dd76818aa99a147178a24bd75d42921dcfc116a89,2026-05-02 11:30:56,0x093793f9a5728011520a15dabc49d23c3dbb3315affe4dfd089c8401f38ec773,eth-updown-5m-1777710600
"Ethereum Up or Down - May 2, 4:30AM-4:35AM ET",Up,BUY,11,0.59,0x34a5675767a6b8fe1589783dd76818aa99a147178a24bd75d42921dcfc116a89,2026-05-02 11:30:50,0xffce2e6f1f59221547d3d1c44297eb0033a04e7103b73a8fcb3c563ecb4643c3,eth-updown-5m-1777710600
"Bitcoin Up or Down - May 2, 4:30AM-4:35AM ET",Up,BUY,41,0.56,0xe91f9e54495f34ec57be64b817d59b66c0c06c6405f6f0e441418cc40bd97e8f,2026-05-02 11:30:38,0x5c814a2252339a079a2f419ebab82a87d84b401b3102af8382a3a025496433ea,btc-updown-5m-1777710600
"Bitcoin Up or Down - May 2, 4:30AM-4:45AM ET",Up,BUY,10,0.5,0x4eaf8f315eb2a8c032ef7dc9644dbd7cb5e5cc87d1b739f3d26f16cb2b3e06d6,2026-05-02 11:30:38,0x127aeb508c1ed0479d6a51a2c7b5598f0fc2c04868235e3f09f0ebb576b0fa90,btc-updown-15m-1777710600
"Bitcoin Up or Down - May 2, 4:30AM-4:35AM ET",Up,BUY,42,0.56,0xe91f9e54495f34ec57be64b817d59b66c0c06c6405f6f0e441418cc40bd97e8f,2026-05-02 11:30:38,0xe04f6d74802d5ceb71fcc9f779fc829eed40fb1574f0e54a4a190733fa7e6a97,btc-updown-5m-1777710600
"Ethereum Up or Down - May 2, 4:30AM-4:35AM ET",Down,BUY,10,0.42,0x34a5675767a6b8fe1589783dd76818aa99a147178a24bd75d42921dcfc116a89,2026-05-02 11:30:36,0x73cbef6a2e53210af6030dac0d64da9062414dfcefe3186412d2e2827fe4432f,eth-updown-5m-1777710600
"Ethereum Up or Down - May 2, 4:30AM-4:35AM ET",Up,BUY,12,0.5023333333333333,0x34a5675767a6b8fe1589783dd76818aa99a147178a24bd75d42921dcfc116a89,2026-05-02 11:30:16,0x2f6a170fc2b00b9006fbe8a644ccd7271df3b91dad89713bd8d81dfaec9d9a4e,eth-updown-5m-1777710600
"Ethereum Up or Down - May 2, 4:30AM-4:35AM ET",Up,BUY,11,0.5,0x34a5675767a6b8fe1589783dd76818aa99a147178a24bd75d42921dcfc116a89,2026-05-02 11:30:16,0xbd7f645f648e4697ececd4d6f16000337fdbf1c4104c722f99ff200204eca51a,eth-updown-5m-1777710600
"Ethereum Up or Down - May 2, 4:30AM-4:35AM ET",Up,BUY,10,0.5,0x34a5675767a6b8fe1589783dd76818aa99a147178a24bd75d42921dcfc116a89,2026-05-02 11:30:16,0xbaf5530e9f8eb1cb4a4335e48682e80187df8978c924238492c080fa431f3400,eth-updown-5m-1777710600
"Ethereum Up or Down - May 2, 4:30AM-4:35AM ET",Up,BUY,10,0.5,0x34a5675767a6b8fe1589783dd76818aa99a147178a24bd75d42921dcfc116a89,2026-05-02 11:30:16,0x6c91144ac17eac0c801de7d6ae620eb4aae9fa46a2b7e922a5253024bacee9a4,eth-updown-5m-1777710600
"Bitcoin Up or Down - May 2, 4AM ET",Down,BUY,8,0.19,0xdad58b8d7e6f789ef2556be80d401e698b5347b3d0a871fca801cb40ef2ccc11,2026-05-02 11:30:04,0x80c9bbf0e9808414b9bf416d6365263a8b40e9414dad2453ea5dd9054438f41a,bitcoin-up-or-down-may-2-2026-4am-et
"Bitcoin Up or Down - May 2, 4:30AM-4:35AM ET",Down,BUY,42,0.52,0xe91f9e54495f34ec57be64b817d59b66c0c06c6405f6f0e441418cc40bd97e8f,2026-05-02 11:30:04,0x323e83c729290186c43c32b0dd071a34ed1d9b36431b710a3e2685f8b5bd0353,btc-updown-5m-1777710600
"Bitcoin Up or Down - May 2, 4:30AM-4:45AM ET",Down,BUY,10,0.52,0x4eaf8f315eb2a8c032ef7dc9644dbd7cb5e5cc87d1b739f3d26f16cb2b3e06d6,2026-05-02 11:30:04,0x5fca1bac042db02eebb9016b0e1528c960dd83fc77a1570177e6aff03fbd9991,btc-updown-15m-1777710600
"Ethereum Up or Down - May 2, 4:25AM-4:30AM ET",Down,BUY,14,0.24,0x23bf87cd88255f4c362d482e10978e3f8bdb569ea7936826af94e90fbdf4b257,2026-05-02 11:29:10,0xb2154bbb5f096d7b2cd7b03bdc65183b54e7bf129e3bc3412aa9e62df4c440ba,eth-updown-5m-1777710300
"Bitcoin Up or Down - May 2, 4:15AM-4:30AM ET",Down,BUY,86,0.02845813953488372,0x9bd0b934943f066d47ae5e80f6ab8b4129ca90460d1fea0cc2b07bb73a231d60,2026-05-02 11:29:06,0x5755822d5f2c872936213c5f1b386a8b23aa57e407eed11f3abad5a77cef913c,btc-updown-15m-1777709700
"Bitcoin Up or Down - May 2, 4AM ET",Down,BUY,9,0.17,0xdad58b8d7e6f789ef2556be80d401e698b5347b3d0a871fca801cb40ef2ccc11,2026-05-02 11:29:04,0x59f29e1ad5ca295d47fa46b6473751a9cd983a1443012c4961241e58696e8550,bitcoin-up-or-down-may-2-2026-4am-et
"Bitcoin Up or Down - May 2, 4:15AM-4:30AM ET",Down,BUY,86,0.02,0x9bd0b934943f066d47ae5e80f6ab8b4129ca90460d1fea0cc2b07bb73a231d60,2026-05-02 11:29:04,0xd208968a2579df58466d1151e07c717e0f815853f29868e6a7ab3b0e3874ec54,btc-updown-15m-1777709700
"Bitcoin Up or Down - May 2, 4:25AM-4:30AM ET",Down,BUY,48,0.67,0x1f46aeafc40dbe4be59c4ff939042224f55cea050ad164dbbafc9d77a92fdb98,2026-05-02 11:28:52,0x6aee423e3b9eeb513578fa0d6fa0394873cd14b5a5191fd5951ece186c574d03,btc-updown-5m-1777710300
"Ethereum Up or Down - May 2, 4:25AM-4:30AM ET",Down,BUY,22,0.1170590909090909,0x23bf87cd88255f4c362d482e10978e3f8bdb569ea7936826af94e90fbdf4b257,2026-05-02 11:28:34,0xa06195b85614205146b6fdc3f1361b00e5af28c8fb72e3bbece1deae62b90387,eth-updown-5m-1777710300
"Ethereum Up or Down - May 2, 4:25AM-4:30AM ET",Down,BUY,18,0.11,0x23bf87cd88255f4c362d482e10978e3f8bdb569ea7936826af94e90fbdf4b257,2026-05-02 11:28:24,0xd5cd3695e4a9bab20438d7215c4123eb8694e4b13bd98f62ccd2e20af7f68221,eth-updown-5m-1777710300
"Ethereum Up or Down - May 2, 4:25AM-4:30AM ET",Down,BUY,20,0.11,0x23bf87cd88255f4c362d482e10978e3f8bdb569ea7936826af94e90fbdf4b257,2026-05-02 11:28:24,0xbe2159aa19314a09d65609537c8e3245831fc58f63417f07ccf9452b4ffa8a6f,eth-updown-5m-1777710300
"Bitcoin Up or Down - May 2, 4:15AM-4:30AM ET",Down,BUY,86,0.02,0x9bd0b934943f066d47ae5e80f6ab8b4129ca90460d1fea0cc2b07bb73a231d60,2026-05-02 11:28:24,0x6c7b181863027877b201bda3828e063f66bf39d2532fc4170ea21d0e9d646274,btc-updown-15m-1777709700
"Bitcoin Up or Down - May 2, 4:25AM-4:30AM ET",Down,BUY,42,0.54,0x1f46aeafc40dbe4be59c4ff939042224f55cea050ad164dbbafc9d77a92fdb98,2026-05-02 11:28:24,0x43df6a4262487d4002ee98b458cbbd55d439800311c598c96fab2026d913f83a,btc-updown-5m-1777710300
"Ethereum Up or Down - May 2, 4:25AM-4:30AM ET",Down,BUY,22,0.10602272727272727,0x23bf87cd88255f4c362d482e10978e3f8bdb569ea7936826af94e90fbdf4b257,2026-05-02 11:28:24,0xf408e3bac0c57b3ccb3c9c73dce36cbfcafaed3cac46468f95447b06df67cc93,eth-updown-5m-1777710300
"Bitcoin Up or Down - May 2, 4:25AM-4:30AM ET",Down,BUY,40,0.45,0x1f46aeafc40dbe4be59c4ff939042224f55cea050ad164dbbafc9d77a92fdb98,2026-05-02 11:28:24,0x33262312ce9d3521d5415327005db15cbbe294217d117c98e3fc1bab9607cc9e,btc-updown-5m-1777710300
"Bitcoin Up or Down - May 2, 4:25AM-4:30AM ET",Down,BUY,27.02,0.44,0x1f46aeafc40dbe4be59c4ff939042224f55cea050ad164dbbafc9d77a92fdb98,2026-05-02 11:28:24,0xffdcbb0a34b3eea0d45824d6739309c355144b5379b2ccd81589cf8d1d0a6ee4,btc-updown-5m-1777710300
"Ethereum Up or Down - May 2, 4:15AM-4:30AM ET",Up,BUY,364.81,0.99,0x3edf0dde810e1b1dbe33ebf91ea9b450d14c135b6f39e7ade1b1eacb228534f6,2026-05-02 11:27:34,0xbcc353c610904d9da427fa52575ca865c436e09f29da82be1d329910581d7178,eth-updown-15m-1777709700
"Ethereum Up or Down - May 2, 4:25AM-4:30AM ET",Up,BUY,13,0.58,0x23bf87cd88255f4c362d482e10978e3f8bdb569ea7936826af94e90fbdf4b257,2026-05-02 11:27:16,0x1df929ce47cf9543e9775c5122d0fed6ee657bd02ef17f35c9b8e40f5dc7a601,eth-updown-5m-1777710300
"Bitcoin Up or Down - May 2, 4:25AM-4:30AM ET",Up,BUY,40,0.4875,0x1f46aeafc40dbe4be59c4ff939042224f55cea050ad164dbbafc9d77a92fdb98,2026-05-02 11:27:16,0xc8722575c6cc2a80e29167899819a9447b3f253f6a8f68c4b3892365fe9d783a,btc-updown-5m-1777710300
"Bitcoin Up or Down - May 2, 4:25AM-4:30AM ET",Up,BUY,40,0.45081,0x1f46aeafc40dbe4be59c4ff939042224f55cea050ad164dbbafc9d77a92fdb98,2026-05-02 11:27:16,0xb7e9b295bc574fb442db15b71e9a46335a547fb1aaf6b328f3a69f581a1e2206,btc-updown-5m-1777710300
"Bitcoin Up or Down - May 2, 4AM ET",Up,BUY,9,0.84,0xdad58b8d7e6f789ef2556be80d401e698b5347b3d0a871fca801cb40ef2ccc11,2026-05-02 11:27:16,0xf4e178a1eb6035ec9de4013a8ad9474f367e28bf0aa85e95e46320ddb7afa083,bitcoin-up-or-down-may-2-2026-4am-et
"Bitcoin Up or Down - May 2, 4:25AM-4:30AM ET",Up,BUY,40,0.41,0x1f46aeafc40dbe4be59c4ff939042224f55cea050ad164dbbafc9d77a92fdb98,2026-05-02 11:27:16,0xea0ae634e145deda9117d5b8278c32745b9c1cea0e07b232dad73a4539bcaf45,btc-updown-5m-1777710300
"Bitcoin Up or Down - May 2, 4AM ET",Up,BUY,10,0.84,0xdad58b8d7e6f789ef2556be80d401e698b5347b3d0a871fca801cb40ef2ccc11,2026-05-02 11:27:16,0x008355b5f331143d23298778f7101004e44d8b70f9b299ce2a150254c4aeb849,bitcoin-up-or-down-may-2-2026-4am-et
"Bitcoin Up or Down - May 2, 4AM ET",Up,BUY,9,0.82,0xdad58b8d7e6f789ef2556be80d401e698b5347b3d0a871fca801cb40ef2ccc11,2026-05-02 11:27:16,0xa0bda141a21d34cfc33897a5d46f8474396f5f5b9052d7ddf18df8d78da32bee,bitcoin-up-or-down-may-2-2026-4am-et
"Bitcoin Up or Down - May 2, 4:25AM-4:30AM ET",Up,BUY,10.25,0.3251219512195122,0x1f46aeafc40dbe4be59c4ff939042224f55cea050ad164dbbafc9d77a92fdb98,2026-05-02 11:27:16,0xf0caa14feee4da201d346021a1f229cf47a149bffd8574c4ccad359592e84c53,btc-updown-5m-1777710300
"Bitcoin Up or Down - May 2, 4:25AM-4:30AM ET",Up,BUY,40,0.41,0x1f46aeafc40dbe4be59c4ff939042224f55cea050ad164dbbafc9d77a92fdb98,2026-05-02 11:27:16,0xc1f3609fc9a31849642fd5145342331b5e17d8304d073dad84347fc630b46221,btc-updown-5m-1777710300
"Bitcoin Up or Down - May 2, 4:15AM-4:30AM ET",Up,BUY,253,0.98,0x9bd0b934943f066d47ae5e80f6ab8b4129ca90460d1fea0cc2b07bb73a231d60,2026-05-02 11:27:16,0xed46f45f0dd4f94ab5aaf8c1cff60c64681838ed7560373633b808810ba0e1b9,btc-updown-15m-1777709700
"Bitcoin Up or Down - May 2, 4:25AM-4:30AM ET",Up,BUY,41,0.4,0x1f46aeafc40dbe4be59c4ff939042224f55cea050ad164dbbafc9d77a92fdb98,2026-05-02 11:27:16,0xc54ac850b01d4f9934ab2f07089f10d336b2cd1d4725eacf77f8d22667fd2fe7,btc-updown-5m-1777710300
"Bitcoin Up or Down - May 2, 4AM ET",Up,BUY,8,0.82,0xdad58b8d7e6f789ef2556be80d401e698b5347b3d0a871fca801cb40ef2ccc11,2026-05-02 11:27:16,0xba4f28e43d9c012d442b92f83e481af36d70fb543a3f00de16a9336b51b9b88e,bitcoin-up-or-down-may-2-2026-4am-et
"Ethereum Up or Down - May 2, 4:25AM-4:30AM ET",Up,BUY,6.67,0.85,0x23bf87cd88255f4c362d482e10978e3f8bdb569ea7936826af94e90fbdf4b257,2026-05-02 11:27:16,0x30ef183d865993906d77920cf35c19663afca402251daae73a9e2cb93616e3ca,eth-updown-5m-1777710300
"Ethereum Up or Down - May 2, 4:25AM-4:30AM ET",Up,BUY,10,0.55364,0x23bf87cd88255f4c362d482e10978e3f8bdb569ea7936826af94e90fbdf4b257,2026-05-02 11:27:10,0xb96c76d75d5fd1f54f28ee15a097a9a7b3855a64652feed55b7b6e3829355975,eth-updown-5m-1777710300
"Ethereum Up or Down - May 2, 4:25AM-4:30AM ET",Up,BUY,11,0.5727272727272728,0x23bf87cd88255f4c362d482e10978e3f8bdb569ea7936826af94e90fbdf4b257,2026-05-02 11:27:08,0x27222b3f2b52681a890d52a973ae486131fe75eed475ecf3699ae3ec55c65d7b,eth-updown-5m-1777710300
"Ethereum Up or Down - May 2, 4:25AM-4:30AM ET",Down,BUY,10,0.55,0x23bf87cd88255f4c362d482e10978e3f8bdb569ea7936826af94e90fbdf4b257,2026-05-02 11:27:06,0xe4fa16692d926979f3e9961d253b96527b0863d69ea4ade2df2ee9700e807564,eth-updown-5m-1777710300
"Ethereum Up or Down - May 2, 4:25AM-4:30AM ET",Up,BUY,10,0.41406,0x23bf87cd88255f4c362d482e10978e3f8bdb569ea7936826af94e90fbdf4b257,2026-05-02 11:27:02,0x800cdf5a75dbc1d80747d8fb284d3fedd2ca62612657a98766505e88d49ec7ba,eth-updown-5m-1777710300
"Ethereum Up or Down - May 2, 4:25AM-4:30AM ET",Up,BUY,10,0.42,0x23bf87cd88255f4c362d482e10978e3f8bdb569ea7936826af94e90fbdf4b257,2026-05-02 11:27:02,0xb6879e34953a84666510eab74e4c7aacb2c7c9bb486148276b5e7a6ee8242a53,eth-updown-5m-1777710300
"Bitcoin Up or Down - May 2, 4AM ET",Down,BUY,7,0.21,0xdad58b8d7e6f789ef2556be80d401e698b5347b3d0a871fca801cb40ef2ccc11,2026-05-02 11:26:26,0x295a2d0a18a611c4a9c4fed23c794cef7133cf363b67d72e8344572dedfa7909,bitcoin-up-or-down-may-2-2026-4am-et
"Bitcoin Up or Down - May 2, 4:25AM-4:30AM ET",Down,BUY,55,0.7047672727272727,0x1f46aeafc40dbe4be59c4ff939042224f55cea050ad164dbbafc9d77a92fdb98,2026-05-02 11:26:26,0x0c38fd9af2b090f1b008fcd9785152a4a94d0556e80cb8aa855384342c90a0ce,btc-updown-5m-1777710300
"Ethereum Up or Down - May 2, 4:25AM-4:30AM ET",Down,BUY,11,0.54,0x23bf87cd88255f4c362d482e10978e3f8bdb569ea7936826af94e90fbdf4b257,2026-05-02 11:26:24,0x025720b8896b7e5b2fd3b57a94c58fb060d10272b9d3c12065eeb57bd1f7b325,eth-updown-5m-1777710300
"Bitcoin Up or Down - May 2, 4AM ET",Down,BUY,8,0.21,0xdad58b8d7e6f789ef2556be80d401e698b5347b3d0a871fca801cb40ef2ccc11,2026-05-02 11:26:24,0x5e2d7ea294f1c0d4f1b36d316cf84598f860ce4785cc488504816a05efaeab4d,bitcoin-up-or-down-may-2-2026-4am-et
"Bitcoin Up or Down - May 2, 4:15AM-4:30AM ET",Down,BUY,34,0.05,0x9bd0b934943f066d47ae5e80f6ab8b4129ca90460d1fea0cc2b07bb73a231d60,2026-05-02 11:26:24,0x45f49b500231d59fde139ca703d199f72d4c311838844f340b16a9378ff15f0f,btc-updown-15m-1777709700
"Bitcoin Up or Down - May 2, 4AM ET",Down,BUY,8,0.19,0xdad58b8d7e6f789ef2556be80d401e698b5347b3d0a871fca801cb40ef2ccc11,2026-05-02 11:26:08,0x5664ed1eb800bccbc3f293ae2c09b718367345fc87dda0adf3168fb3e4595c4b,bitcoin-up-or-down-may-2-2026-4am-et
"Ethereum Up or Down - May 2, 4:25AM-4:30AM ET",Down,BUY,10,0.51,0x23bf87cd88255f4c362d482e10978e3f8bdb569ea7936826af94e90fbdf4b257,2026-05-02 11:26:08,0x568de7028064482de8ef82800d52abe9a86fac4d01d9e87cca3466901949f842,eth-updown-5m-1777710300
"Bitcoin Up or Down - May 2, 4:25AM-4:30AM ET",Down,BUY,45,0.61,0x1f46aeafc40dbe4be59c4ff939042224f55cea050ad164dbbafc9d77a92fdb98,2026-05-02 11:26:08,0xd55a24aa7dbd6bc388ea17910a4f3db3f63e45dcf416c1a83227785e7e28aa53,btc-updown-5m-1777710300
"Bitcoin Up or Down - May 2, 4:25AM-4:30AM ET",Down,BUY,42,0.61,0x1f46aeafc40dbe4be59c4ff939042224f55cea050ad164dbbafc9d77a92fdb98,2026-05-02 11:26:08,0x0e170b34810e47f6c1eeb20956020dd18a935aa07516ec3adefef22cdec0333f,btc-updown-5m-1777710300
"Bitcoin Up or Down - May 2, 4:15AM-4:30AM ET",Down,BUY,34,0.05,0x9bd0b934943f066d47ae5e80f6ab8b4129ca90460d1fea0cc2b07bb73a231d60,2026-05-02 11:26:08,0x20d72d9f5e980576dc994f862b4e671201defa2d428c87e2988e1c41e1939031,btc-updown-15m-1777709700
"Bitcoin Up or Down - May 2, 4:25AM-4:30AM ET",Down,BUY,42,0.59,0x1f46aeafc40dbe4be59c4ff939042224f55cea050ad164dbbafc9d77a92fdb98,2026-05-02 11:26:08,0x412dd4d6057c46ec1a4b4c1b278e966883af7dba764e4eee9c6be6cc4dbfb175,btc-updown-5m-1777710300
"Bitcoin Up or Down - May 2, 4:25AM-4:30AM ET",Down,BUY,40,0.45,0x1f46aeafc40dbe4be59c4ff939042224f55cea050ad164dbbafc9d77a92fdb98,2026-05-02 11:26:06,0x2ecce0ddb62c2c890a5fe9260b7608f7bf4740486f6fed18f4801ef147b926ae,btc-updown-5m-1777710300
"Bitcoin Up or Down - May 2, 4:25AM-4:30AM ET",Down,BUY,40,0.443745,0x1f46aeafc40dbe4be59c4ff939042224f55cea050ad164dbbafc9d77a92fdb98,2026-05-02 11:26:02,0xf5055047a16f06a0a41ac8ae03744bca39d86f05c8df9fafbc07b51d97b52e23,btc-updown-5m-1777710300
"Bitcoin Up or Down - May 2, 4:25AM-4:30AM ET",Up,BUY,41,0.53,0x1f46aeafc40dbe4be59c4ff939042224f55cea050ad164dbbafc9d77a92fdb98,2026-05-02 11:25:30,0x108f82946554714e3152c89b683d57c8ca9d7ef223016bed39d0132871e6d5a4,btc-updown-5m-1777710300
"Bitcoin Up or Down - May 2, 4:25AM-4:30AM ET",Up,BUY,40,0.53,0x1f46aeafc40dbe4be59c4ff939042224f55cea050ad164dbbafc9d77a92fdb98,2026-05-02 11:25:30,0x1e1cb7813237cdd922658479b964331642dfc0aa499d385f69296e9752199cae,btc-updown-5m-1777710300
"Bitcoin Up or Down - May 2, 4:15AM-4:30AM ET",Up,BUY,44,0.9238772727272727,0x9bd0b934943f066d47ae5e80f6ab8b4129ca90460d1fea0cc2b07bb73a231d60,2026-05-02 11:25:24,0xf148ea160164eec5650358cd4c5bd7a725af623526093eabf0df8708dcd9fe2c,btc-updown-15m-1777709700
"Bitcoin Up or Down - May 2, 4:25AM-4:30AM ET",Up,BUY,41,0.5245463414634146,0x1f46aeafc40dbe4be59c4ff939042224f55cea050ad164dbbafc9d77a92fdb98,2026-05-02 11:25:24,0xe8f7f40639abb9dc17327e43ded2c75be2f856bfc2743b7b98c794c68ec4fc29,btc-updown-5m-1777710300
"Bitcoin Up or Down - May 2, 4:25AM-4:30AM ET",Up,BUY,40,0.52875,0x1f46aeafc40dbe4be59c4ff939042224f55cea050ad164dbbafc9d77a92fdb98,2026-05-02 11:25:24,0xf86c42c22b04a513d16b616456c9e506df1e356c3d27f57840d63944be4a2434,btc-updown-5m-1777710300
"Ethereum Up or Down - May 2, 4:25AM-4:30AM ET",Up,BUY,10,0.51,0x23bf87cd88255f4c362d482e10978e3f8bdb569ea7936826af94e90fbdf4b257,2026-05-02 11:25:22,0x135cc4755de20d0ef44d215784f30c059927c1c7a7867c2cca21f8deab93b930,eth-updown-5m-1777710300
"Bitcoin Up or Down - May 2, 4:15AM-4:30AM ET",Up,BUY,65,0.94,0x9bd0b934943f066d47ae5e80f6ab8b4129ca90460d1fea0cc2b07bb73a231d60,2026-05-02 11:25:14,0x71008d7c0b9e23e6e4c730b53529516ca7d1e050e510ad46a876ba34223f2fe5,btc-updown-15m-1777709700
"Bitcoin Up or Down - May 2, 4AM ET",Up,BUY,8,0.82,0xdad58b8d7e6f789ef2556be80d401e698b5347b3d0a871fca801cb40ef2ccc11,2026-05-02 11:25:14,0xfecbece8636cbaec0672a621cfe316e98e40a5fcdd9802f20864c9db75ff9502,bitcoin-up-or-down-may-2-2026-4am-et
"Bitcoin Up or Down - May 2, 4:25AM-4:30AM ET",Up,BUY,40,0.48,0x1f46aeafc40dbe4be59c4ff939042224f55cea050ad164dbbafc9d77a92fdb98,2026-05-02 11:25:14,0xf3206595651c2c5193d50627ee4c255f1c4c0cad5c12ab65a7532b2755e2f3bd,btc-updown-5m-1777710300
"Bitcoin Up or Down - May 2, 4:15AM-4:30AM ET",Up,BUY,53,0.94,0x9bd0b934943f066d47ae5e80f6ab8b4129ca90460d1fea0cc2b07bb73a231d60,2026-05-02 11:25:14,0xf57c907bf84692064f52af3a544b1d503f5c884f38c88c11e7e5f6a592babd88,btc-updown-15m-1777709700
"Bitcoin Up or Down - May 2, 4:15AM-4:30AM ET",Up,BUY,44,0.94,0x9bd0b934943f066d47ae5e80f6ab8b4129ca90460d1fea0cc2b07bb73a231d60,2026-05-02 11:25:14,0xf6c541464873dc5027d481998710a9d561dd9847d28427643fe8a3b6ef4da469,btc-updown-15m-1777709700
"Bitcoin Up or Down - May 2, 4:25AM-4:30AM ET",Up,BUY,40,0.48,0x1f46aeafc40dbe4be59c4ff939042224f55cea050ad164dbbafc9d77a92fdb98,2026-05-02 11:25:14,0x7abc9380e4db8b9eaed15109f6ea139933cd117945add65e2adb553d0b983276,btc-updown-5m-1777710300
"Bitcoin Up or Down - May 2, 4:25AM-4:30AM ET",Up,BUY,40,0.48,0x1f46aeafc40dbe4be59c4ff939042224f55cea050ad164dbbafc9d77a92fdb98,2026-05-02 11:25:14,0xd832761d8e1eec6de92879f4b03c3138c5db9d9bfc983a7ee79e7c429620ef8f,btc-updown-5m-1777710300
"Bitcoin Up or Down - May 2, 4:25AM-4:30AM ET",Up,BUY,41,0.48,0x1f46aeafc40dbe4be59c4ff939042224f55cea050ad164dbbafc9d77a92fdb98,2026-05-02 11:25:14,0x8a103f10bf5b228ccccd5fcf518cb31472b752a3562f6ecd8784dfc3ed319343,btc-updown-5m-1777710300
"Ethereum Up or Down - May 2, 4:25AM-4:30AM ET",Down,BUY,10,0.505,0x23bf87cd88255f4c362d482e10978e3f8bdb569ea7936826af94e90fbdf4b257,2026-05-02 11:25:04,0x3de991024e10f6b64c9f70010141d1d432ae8a5ba261f0885613fdf67d0160df,eth-updown-5m-1777710300
"Bitcoin Up or Down - May 2, 4:15AM-4:30AM ET",Up,BUY,38,0.9,0x9bd0b934943f066d47ae5e80f6ab8b4129ca90460d1fea0cc2b07bb73a231d60,2026-05-02 11:24:34,0xac48307849420ead1b97850f8d4297d53513116fd1c9f1666d5ba751382fe41d,btc-updown-15m-1777709700
"Bitcoin Up or Down - May 2, 4:20AM-4:25AM ET",Up,BUY,344,0.9316697674418605,0x43e56e1f86b238f543bfd8651a79bb12d8694fca5290f9b3315a152f833d466c,2026-05-02 11:23:38,0x8edaa84ff9b8705437916e7ea1d1ddc2ed9e2a2a29ccbcf4597c03690094f625,btc-updown-5m-1777710000
"Bitcoin Up or Down - May 2, 4AM ET",Up,BUY,8,0.78,0xdad58b8d7e6f789ef2556be80d401e698b5347b3d0a871fca801cb40ef2ccc11,2026-05-02 11:23:38,0xc92af74cfc80c27a8fa5f53832a48eca32fadae0340e6b14613a09e562ab4d70,bitcoin-up-or-down-may-2-2026-4am-et
"Bitcoin Up or Down - May 2, 4AM ET",Up,BUY,7,0.78,0xdad58b8d7e6f789ef2556be80d401e698b5347b3d0a871fca801cb40ef2ccc11,2026-05-02 11:23:36,0x5fbd6beb0cbc1b4739a6d9e0c5ae8949e3b7bf2e87311cd85f93db0c8232e5f3,bitcoin-up-or-down-may-2-2026-4am-et
"Bitcoin Up or Down - May 2, 4:15AM-4:30AM ET",Up,BUY,22,0.8286636363636364,0x9bd0b934943f066d47ae5e80f6ab8b4129ca90460d1fea0cc2b07bb73a231d60,2026-05-02 11:23:36,0xf48ebd8861b924383c0dacbfc9a2229abdb60cfda1a9218046d1d2763f93f0f0,btc-updown-15m-1777709700
"Bitcoin Up or Down - May 2, 4:20AM-4:25AM ET",Up,BUY,177,0.92,0x43e56e1f86b238f543bfd8651a79bb12d8694fca5290f9b3315a152f833d466c,2026-05-02 11:23:36,0x2c2d536b79da3873d5d0d4a6da3c77a662ac87e7240de247b47d112ac55fb074,btc-updown-5m-1777710000
"Bitcoin Up or Down - May 2, 4:15AM-4:30AM ET",Up,BUY,18,0.8,0x9bd0b934943f066d47ae5e80f6ab8b4129ca90460d1fea0cc2b07bb73a231d60,2026-05-02 11:23:34,0x251ffd5e289245d38252dcc132099bb25c7873f8d73a74eb4f4c8dee70645716,btc-updown-15m-1777709700
"Bitcoin Up or Down - May 2, 4:20AM-4:25AM ET",Up,BUY,95,0.81,0x43e56e1f86b238f543bfd8651a79bb12d8694fca5290f9b3315a152f833d466c,2026-05-02 11:22:54,0xeb110590f8fd3a8eb54636bd66ba36a5b36048ac4eb667f5ea32af346f50b355,btc-updown-5m-1777710000
"Bitcoin Up or Down - May 2, 4AM ET",Up,BUY,7,0.78,0xdad58b8d7e6f789ef2556be80d401e698b5347b3d0a871fca801cb40ef2ccc11,2026-05-02 11:22:54,0x226606e4b37cb1bced9a3055a5307ffafaa7d069e7b321d527fc14f7fe532ff7,bitcoin-up-or-down-may-2-2026-4am-et
"Bitcoin Up or Down - May 2, 4:15AM-4:30AM ET",Up,BUY,15,0.75,0x9bd0b934943f066d47ae5e80f6ab8b4129ca90460d1fea0cc2b07bb73a231d60,2026-05-02 11:22:54,0xca8a98c7f620a49469c51e61c9f3e45879025d5aa1323bf9cd42a43923d0aa45,btc-updown-15m-1777709700
"Bitcoin Up or Down - May 2, 4:20AM-4:25AM ET",Up,BUY,65,0.765796923076923,0x43e56e1f86b238f543bfd8651a79bb12d8694fca5290f9b3315a152f833d466c,2026-05-02 11:22:54,0x3eacc079c4fb67d57bdb2498227868dbe42e97e52776505f55162b786a39b12d,btc-updown-5m-1777710000
"Bitcoin Up or Down - May 2, 4:15AM-4:30AM ET",Up,BUY,5,0.73,0x9bd0b934943f066d47ae5e80f6ab8b4129ca90460d1fea0cc2b07bb73a231d60,2026-05-02 11:22:54,0x720a838398c682942b39bd737ca5bc11b325ac615e096b0078c80f1cc31a7d9a,btc-updown-15m-1777709700
"Bitcoin Up or Down - May 2, 4AM ET",Up,BUY,2.4,0.77,0xdad58b8d7e6f789ef2556be80d401e698b5347b3d0a871fca801cb40ef2ccc11,2026-05-02 11:22:54,0xab0c62d5496f907387f0bf0b92a4473bbcac18e23a531187fd3abd75fa7fdf27,bitcoin-up-or-down-may-2-2026-4am-et
"Bitcoin Up or Down - May 2, 4:20AM-4:25AM ET",Up,BUY,83,0.8064084337349398,0x43e56e1f86b238f543bfd8651a79bb12d8694fca5290f9b3315a152f833d466c,2026-05-02 11:22:54,0x28e2ff534bb94d3298bdb78158c89342c2256b6082fc432c15f24f10ed2cc2e8,btc-updown-5m-1777710000
"Bitcoin Up or Down - May 2, 4:15AM-4:30AM ET",Up,BUY,14,0.74,0x9bd0b934943f066d47ae5e80f6ab8b4129ca90460d1fea0cc2b07bb73a231d60,2026-05-02 11:22:54,0xe203a2f516126c4f92b171e30ea4894e312059e4a29d503ee55519b5b4e4dd5f,btc-updown-15m-1777709700
"Bitcoin Up or Down - May 2, 4:00AM-8:00AM ET",Up,BUY,1.9,0.62,0x5414faf1d4f67d580fd195b96186c0beecc19b4c786e84133c96f0fc44c5263b,2026-05-02 11:22:52,0x076c3cbb8c57aacccd61609cb87943d37b89aad6516c1432057dd4a1bbdb579f,btc-updown-4h-1777708800
"Bitcoin Up or Down - May 2, 4:20AM-4:25AM ET",Down,BUY,49,0.2671428571428571,0x43e56e1f86b238f543bfd8651a79bb12d8694fca5290f9b3315a152f833d466c,2026-05-02 11:22:20,0x35d60d39d4d5a703ef8ad140162977e9b4c3758c16228296f7e79b3295af725c,btc-updown-5m-1777710000
"Bitcoin Up or Down - May 2, 4:20AM-4:25AM ET",Down,BUY,52,0.24,0x43e56e1f86b238f543bfd8651a79bb12d8694fca5290f9b3315a152f833d466c,2026-05-02 11:22:20,0xed45e846970a78048bfadedb38cf6b8bbd580f7c94d802022cac817fa54e644f,btc-updown-5m-1777710000
"Bitcoin Up or Down - May 2, 4:15AM-4:30AM ET",Down,BUY,12,0.24,0x9bd0b934943f066d47ae5e80f6ab8b4129ca90460d1fea0cc2b07bb73a231d60,2026-05-02 11:22:14,0xa2e5c75a891adc0eeebe2a41e38b4e39170a5cb0726212ffbc0e23db2c31db75,btc-updown-15m-1777709700
"Bitcoin Up or Down - May 2, 4AM ET",Down,BUY,7,0.22,0xdad58b8d7e6f789ef2556be80d401e698b5347b3d0a871fca801cb40ef2ccc11,2026-05-02 11:22:14,0xdf52c30f26d2f6f9002bc3c9a29953b154480143d67bd4cc2800e940b8ff17e9,bitcoin-up-or-down-may-2-2026-4am-et
"Bitcoin Up or Down - May 2, 4:15AM-4:30AM ET",Down,BUY,13,0.24,0x9bd0b934943f066d47ae5e80f6ab8b4129ca90460d1fea0cc2b07bb73a231d60,2026-05-02 11:22:14,0xfe5654cef42783cc047bc0372982c82f3ee09245c40f85ae25f7f5a4927c297d,btc-updown-15m-1777709700
"Bitcoin Up or Down - May 2, 4:20AM-4:25AM ET",Down,BUY,49,0.23,0x43e56e1f86b238f543bfd8651a79bb12d8694fca5290f9b3315a152f833d466c,2026-05-02 11:22:14,0xdb300dc1c731597cc4e42abf103438f2e13a2a26b10c6f401459191075322f55,btc-updown-5m-1777710000
"Bitcoin Up or Down - May 2, 4:20AM-4:25AM ET",Down,BUY,53,0.23,0x43e56e1f86b238f543bfd8651a79bb12d8694fca5290f9b3315a152f833d466c,2026-05-02 11:22:14,0x4f74f3d167ea0e61687685ecb022f0194b43e6f7e7c99574928566f981dc793c,btc-updown-5m-1777710000
"Ethereum Up or Down - May 2, 4:20AM-4:25AM ET",Down,BUY,38,0.06,0x9d0fde270486536d46c4c0553495411265f82b2e3b7da6293431bb18a6e3eed4,2026-05-02 11:22:12,0x1b039968c1e7eeefe70c7c0366a81d3cce475cd83b227b1a57d6110811d64a85,eth-updown-5m-1777710000
"Ethereum Up or Down - May 2, 4:20AM-4:25AM ET",Down,BUY,44,0.06,0x9d0fde270486536d46c4c0553495411265f82b2e3b7da6293431bb18a6e3eed4,2026-05-02 11:22:10,0x33b968adf558b6ed61c330693b506e859b4b61cdfd0dbd33d69bdb67ad8ed466,eth-updown-5m-1777710000
"Bitcoin Up or Down - May 2, 4:20AM-4:25AM ET",Up,BUY,74,0.7913013513513514,0x43e56e1f86b238f543bfd8651a79bb12d8694fca5290f9b3315a152f833d466c,2026-05-02 11:22:00,0x061148a27eba3772d767f63d33490e0a32277287075b6f77581c696cefe88426,btc-updown-5m-1777710000
"Bitcoin Up or Down - May 2, 4:15AM-4:30AM ET",Up,BUY,18,0.75,0x9bd0b934943f066d47ae5e80f6ab8b4129ca90460d1fea0cc2b07bb73a231d60,2026-05-02 11:22:00,0x430749cd88bb1cd3fef5612a869a7689aba54607044b575d091851212eb6fd38,btc-updown-15m-1777709700
"Bitcoin Up or Down - May 2, 4:15AM-4:30AM ET",Up,BUY,5,0.65,0x9bd0b934943f066d47ae5e80f6ab8b4129ca90460d1fea0cc2b07bb73a231d60,2026-05-02 11:22:00,0xbde967e7593d14350882d8438f24266df1e8182e35b4c7e8677e658a78c14c54,btc-updown-15m-1777709700
"Bitcoin Up or Down - May 2, 4:15AM-4:30AM ET",Up,BUY,10,0.73,0x9bd0b934943f066d47ae5e80f6ab8b4129ca90460d1fea0cc2b07bb73a231d60,2026-05-02 11:22:00,0x8f572e7e628dbf38ce8b18d5300a4dbeab09e57cfc1ea81d68d643b602f0c1cb,btc-updown-15m-1777709700
"Bitcoin Up or Down - May 2, 4:00AM-8:00AM ET",Up,BUY,5,0.6,0x5414faf1d4f67d580fd195b96186c0beecc19b4c786e84133c96f0fc44c5263b,2026-05-02 11:21:58,0x1d76793ecc99b7e7f1f5648b40b959989ac689a7b09778026938c1c44525ec7c,btc-updown-4h-1777708800
"Ethereum Up or Down - May 2, 4:20AM-4:25AM ET",Up,BUY,58.5,0.9564102564102565,0x9d0fde270486536d46c4c0553495411265f82b2e3b7da6293431bb18a6e3eed4,2026-05-02 11:21:58,0x795e3a41b56968529931ba6fde013eb7979d1b489522e5aa44b1c24e9fcf29e9,eth-updown-5m-1777710000
"Bitcoin Up or Down - May 2, 4AM ET",Up,BUY,7,0.74,0xdad58b8d7e6f789ef2556be80d401e698b5347b3d0a871fca801cb40ef2ccc11,2026-05-02 11:21:58,0xd77ffd6711d13741c9b66a496469c8d01661f2581c1255ef2aebfc977816950e,bitcoin-up-or-down-may-2-2026-4am-et
"Bitcoin Up or Down - May 2, 4:15AM-4:30AM ET",Up,BUY,16,0.75,0x9bd0b934943f066d47ae5e80f6ab8b4129ca90460d1fea0cc2b07bb73a231d60,2026-05-02 11:21:58,0xaed30de730feb0d6f56d3c0065684e8e215712f6b565a6dfe8d83c8138fed296,btc-updown-15m-1777709700
"Bitcoin Up or Down - May 2, 4AM ET",Up,BUY,6,0.74,0xdad58b8d7e6f789ef2556be80d401e698b5347b3d0a871fca801cb40ef2ccc11,2026-05-02 11:21:58,0x0104eeefce376864a33d0e80622779a06bbf0062b3a033f3d2f779fd4056d9d1,bitcoin-up-or-down-may-2-2026-4am-et
"Ethereum Up or Down - May 2, 4:20AM-4:25AM ET",Up,BUY,34,0.8997352941176471,0x9d0fde270486536d46c4c0553495411265f82b2e3b7da6293431bb18a6e3eed4,2026-05-02 11:21:38,0xe7be5418ea1f2b88ff1912431d54b5716f3dfd11861386e92c0f489ee95ca4ef,eth-updown-5m-1777710000
"Ethereum Up or Down - May 2, 4:20AM-4:25AM ET",Down,BUY,18,0.1521,0x9d0fde270486536d46c4c0553495411265f82b2e3b7da6293431bb18a6e3eed4,2026-05-02 11:21:28,0x435f3a98bc985d05097dd736dccafc6bf90e389d27a7804d9b24e165c9be4842,eth-updown-5m-1777710000
"Ethereum Up or Down - May 2, 4:20AM-4:25AM ET",Up,BUY,17,0.7536235294117647,0x9d0fde270486536d46c4c0553495411265f82b2e3b7da6293431bb18a6e3eed4,2026-05-02 11:20:58,0x088d2eef52a762afe07b08eee8f2d719dcc5b3c3c01c40c2cf678b34ad6fbe1f,eth-updown-5m-1777710000
"Ethereum Up or Down - May 2, 4:20AM-4:25AM ET",Up,BUY,14,0.7330642857142857,0x9d0fde270486536d46c4c0553495411265f82b2e3b7da6293431bb18a6e3eed4,2026-05-02 11:20:58,0x771aabb27aa25071a64591af24ede2dfae5e32991a34454a6dc1bf50fe301be1,eth-updown-5m-1777710000
"Bitcoin Up or Down - May 2, 4:20AM-4:25AM ET",Up,BUY,40,0.54,0x43e56e1f86b238f543bfd8651a79bb12d8694fca5290f9b3315a152f833d466c,2026-05-02 11:20:58,0x08c91619bf0da89fa3bedaf046db295816326247235e614edfc6b1dd08987ce6,btc-updown-5m-1777710000
"Ethereum Up or Down - May 2, 4:20AM-4:25AM ET",Up,BUY,11,0.61,0x9d0fde270486536d46c4c0553495411265f82b2e3b7da6293431bb18a6e3eed4,2026-05-02 11:20:50,0x1029dee87056fbc28352fbb822fcfc8608d437836315a43acbe12e87e733c4d3,eth-updown-5m-1777710000
"Ethereum Up or Down - May 2, 4:20AM-4:25AM ET",Up,BUY,10,0.6,0x9d0fde270486536d46c4c0553495411265f82b2e3b7da6293431bb18a6e3eed4,2026-05-02 11:20:50,0xe9406e927e84ef70b9261a531ae202ffec808c644a8f3681f905cd7727874191,eth-updown-5m-1777710000
"Bitcoin Up or Down - May 2, 4:20AM-4:25AM ET",Up,BUY,40,0.5,0x43e56e1f86b238f543bfd8651a79bb12d8694fca5290f9b3315a152f833d466c,2026-05-02 11:20:50,0xe9bb1fd34d6b4e4fb39ceb63580e0f3cb69b3ad887640aae0cd0892b8a7f491c,btc-updown-5m-1777710000
"Ethereum Up or Down - May 2, 4:20AM-4:25AM ET",Up,BUY,10,0.49,0x9d0fde270486536d46c4c0553495411265f82b2e3b7da6293431bb18a6e3eed4,2026-05-02 11:20:14,0xfbd560b072192668328ee11a271ea063d66547ff86b394c3737e426a3f89deb9,eth-updown-5m-1777710000
"Bitcoin Up or Down - May 2, 4AM ET",Down,BUY,6,0.29,0xdad58b8d7e6f789ef2556be80d401e698b5347b3d0a871fca801cb40ef2ccc11,2026-05-02 11:19:46,0x0875e0f3f1690d7a4503967ffc7f1e5cf6d09546b2a5ad7b34c46e644e89cd52,bitcoin-up-or-down-may-2-2026-4am-et
"Bitcoin Up or Down - May 2, 4:15AM-4:30AM ET",Down,BUY,5,0.39,0x9bd0b934943f066d47ae5e80f6ab8b4129ca90460d1fea0cc2b07bb73a231d60,2026-05-02 11:19:46,0xb1b4a0bf34fa5b373d581fb211c3b312498f18de5fa4f4ae1eedc5e11b386142,btc-updown-15m-1777709700
"Bitcoin Up or Down - May 2, 4:00AM-8:00AM ET",Up,BUY,3.25,0.56,0x5414faf1d4f67d580fd195b96186c0beecc19b4c786e84133c96f0fc44c5263b,2026-05-02 11:19:10,0x36c7607733876209c16714f6a07c907ec32eb7ca70a85cc00d07afd83e33dac1,btc-updown-4h-1777708800
"Bitcoin Up or Down - May 2, 4AM ET",Up,BUY,6,0.71,0xdad58b8d7e6f789ef2556be80d401e698b5347b3d0a871fca801cb40ef2ccc11,2026-05-02 11:19:10,0x9575c6319db3fb9ccd663b2e52c25cf25de3e28f98ab05950f3aee8bb3a70425,bitcoin-up-or-down-may-2-2026-4am-et
"Bitcoin Up or Down - May 2, 4:15AM-4:30AM ET",Up,BUY,10,0.56,0x9bd0b934943f066d47ae5e80f6ab8b4129ca90460d1fea0cc2b07bb73a231d60,2026-05-02 11:19:10,0x8f320822c4ac11f5b617c4bc5b88fa37877da4463a02cac9f049640823600745,btc-updown-15m-1777709700
"Bitcoin Up or Down - May 2, 4:15AM-4:30AM ET",Up,BUY,10,0.45,0x9bd0b934943f066d47ae5e80f6ab8b4129ca90460d1fea0cc2b07bb73a231d60,2026-05-02 11:19:00,0xfc27314e6b2dea64a31264d013bb2f63f17cde8116a6bfc305431a48320e21c0,btc-updown-15m-1777709700
"Bitcoin Up or Down - May 2, 4:15AM-4:20AM ET",Up,BUY,51,0.20911764705882352,0x07ad046c7395a6a64fa0a43d89d76ba75be1873a003e82460f1cf87bbd2e4952,2026-05-02 11:19:00,0xccab3c32785c259cd4a9eedfcaaa50ac3b8d671d9006464db5a41ea0d245cdd9,btc-updown-5m-1777709700
"Ethereum Up or Down - May 2, 4:15AM-4:20AM ET",Up,BUY,10,0.18,0x36d51e2c2ba8a68cd12bdfdf97d0d46e729b048bf25b73d2352f135543f37854,2026-05-02 11:18:36,0xe3b0918786797a5ccbb54fe6719d8a0f8f6c9aba1227a8b7888124ffa29ef695,eth-updown-5m-1777709700
"Bitcoin Up or Down - May 2, 4AM ET",Up,BUY,5,0.64,0xdad58b8d7e6f789ef2556be80d401e698b5347b3d0a871fca801cb40ef2ccc11,2026-05-02 11:18:32,0xf0f5a66ce6f9531769343c094620ebe164387f18cc1384033c2c67f64e2d13fe,bitcoin-up-or-down-may-2-2026-4am-et
"Bitcoin Up or Down - May 2, 4:15AM-4:20AM ET",Up,BUY,55,0.22768181818181818,0x07ad046c7395a6a64fa0a43d89d76ba75be1873a003e82460f1cf87bbd2e4952,2026-05-02 11:18:32,0xff6db5bcd7ce3754413642f0b960fe505a868ec1dea38ddddb1c909b2bd9e825,btc-updown-5m-1777709700
"Bitcoin Up or Down - May 2, 4AM ET",Up,BUY,5,0.64,0xdad58b8d7e6f789ef2556be80d401e698b5347b3d0a871fca801cb40ef2ccc11,2026-05-02 11:18:32,0xe13be8c4f0943cf98f4ab91fbc5f68ed0e2b9bf8374258603d5f1178cf2462f1,bitcoin-up-or-down-may-2-2026-4am-et
"Bitcoin Up or Down - May 2, 4:15AM-4:20AM ET",Up,BUY,2,0.2,0x07ad046c7395a6a64fa0a43d89d76ba75be1873a003e82460f1cf87bbd2e4952,2026-05-02 11:18:32,0x7cd737e36c2e7a3dad3dc3340989dafb1cd339dda8b901b101f3a81f1c1f2e2f,btc-updown-5m-1777709700
"Bitcoin Up or Down - May 2, 4:15AM-4:30AM ET",Up,BUY,6,0.37833333333333335,0x9bd0b934943f066d47ae5e80f6ab8b4129ca90460d1fea0cc2b07bb73a231d60,2026-05-02 11:18:32,0x8052a45e6724b2789e07f628f9afd4548ba7973c0d9414c02ef722ebb81233a0,btc-updown-15m-1777709700
"Bitcoin Up or Down - May 2, 4AM ET",Down,BUY,5,0.38,0xdad58b8d7e6f789ef2556be80d401e698b5347b3d0a871fca801cb40ef2ccc11,2026-05-02 11:18:08,0x2d14740e7ff7e345188c0632df77226d5588062f8c066ff528fd2f99c58d05a0,bitcoin-up-or-down-may-2-2026-4am-et
"Bitcoin Up or Down - May 2, 4:15AM-4:30AM ET",Down,BUY,11,0.64,0x9bd0b934943f066d47ae5e80f6ab8b4129ca90460d1fea0cc2b07bb73a231d60,2026-05-02 11:18:08,0x70f7349c97293b6d8ea30e97979a505f8b3c65e5bf32e354e0de10817877d5e9,btc-updown-15m-1777709700
"Bitcoin Up or Down - May 2, 4:15AM-4:20AM ET",Down,BUY,15.02,0.83,0x07ad046c7395a6a64fa0a43d89d76ba75be1873a003e82460f1cf87bbd2e4952,2026-05-02 11:18:08,0x7b49a74c45b34f48c8f63c4ddac448c655f9da55ac9cb283d089d575798a196c,btc-updown-5m-1777709700
"Bitcoin Up or Down - May 2, 4:15AM-4:20AM ET",Up,BUY,54.05,0.2144495837187789,0x07ad046c7395a6a64fa0a43d89d76ba75be1873a003e82460f1cf87bbd2e4952,2026-05-02 11:18:02,0x86f59d881d128d769f8b5f5694c301fc3f447ea7a0d59c2e0bcc97b9b45df8fa,btc-updown-5m-1777709700
"Bitcoin Up or Down - May 2, 4AM ET",Up,BUY,5,0.61,0xdad58b8d7e6f789ef2556be80d401e698b5347b3d0a871fca801cb40ef2ccc11,2026-05-02 11:18:02,0xa24730078a7309c6219c9a748673fc5a736fa1db2dc0a263fd84d5ee11dbf8f1,bitcoin-up-or-down-may-2-2026-4am-et
"Ethereum Up or Down - May 2, 4:15AM-4:20AM ET",Up,BUY,16.2,0.09,0x36d51e2c2ba8a68cd12bdfdf97d0d46e729b048bf25b73d2352f135543f37854,2026-05-02 11:18:02,0x1b47a055236ae9f6d1ef053e7980c8d3d44e2e357bb4ea907d2ab2ec823cbcf9,eth-updown-5m-1777709700
"Bitcoin Up or Down - May 2, 4:15AM-4:30AM ET",Up,BUY,11,0.3611,0x9bd0b934943f066d47ae5e80f6ab8b4129ca90460d1fea0cc2b07bb73a231d60,2026-05-02 11:18:02,0xc725e1e5acbdb27d99a199c03f3f88cf381424f9378876756b1c6dd25632ad66,btc-updown-15m-1777709700
"Bitcoin Up or Down - May 2, 4:15AM-4:20AM ET",Up,BUY,58,0.17114827586206896,0x07ad046c7395a6a64fa0a43d89d76ba75be1873a003e82460f1cf87bbd2e4952,2026-05-02 11:18:02,0xcb6598395e5fd5f92271620620c36d15c439574690fce924345a9f325c3a2c43,btc-updown-5m-1777709700
"Bitcoin Up or Down - May 2, 4AM ET",Up,BUY,5,0.61,0xdad58b8d7e6f789ef2556be80d401e698b5347b3d0a871fca801cb40ef2ccc11,2026-05-02 11:18:02,0xca1d24641d534a859ea9df62400281bc4478036622edebf63719afffa48b34b9,bitcoin-up-or-down-may-2-2026-4am-et
"Bitcoin Up or Down - May 2, 4:15AM-4:20AM ET",Up,BUY,66.3,0.13037707390648567,0x07ad046c7395a6a64fa0a43d89d76ba75be1873a003e82460f1cf87bbd2e4952,2026-05-02 11:17:56,0xd061cf694a6c82ad4542172f1de0e4945fe40c8fb0570f5ff8be1fa405227286,btc-updown-5m-1777709700
"Bitcoin Up or Down - May 2, 4AM ET",Up,BUY,5,0.61,0xdad58b8d7e6f789ef2556be80d401e698b5347b3d0a871fca801cb40ef2ccc11,2026-05-02 11:17:56,0x47edd9ff6d9a056eb10334a81fb98e7c9a7ed82af6d4d54c69549dc0fccfd4d8,bitcoin-up-or-down-may-2-2026-4am-et
"Ethereum Up or Down - May 2, 4:15AM-4:20AM ET",Up,BUY,31,0.07,0x36d51e2c2ba8a68cd12bdfdf97d0d46e729b048bf25b73d2352f135543f37854,2026-05-02 11:17:56,0x784185a61cf4c437405280b6bca976aac5b345a44693dbdffd06046ac566beeb,eth-updown-5m-1777709700
"Bitcoin Up or Down - May 2, 4:15AM-4:30AM ET",Up,BUY,11,0.32545454545454544,0x9bd0b934943f066d47ae5e80f6ab8b4129ca90460d1fea0cc2b07bb73a231d60,2026-05-02 11:17:56,0x3e5adffd67b799d306ce7b12a28d38e61bc75eb23f731c5fe20108f6f5923984,btc-updown-15m-1777709700
"Bitcoin Up or Down - May 2, 4AM ET",Up,BUY,5,0.6,0xdad58b8d7e6f789ef2556be80d401e698b5347b3d0a871fca801cb40ef2ccc11,2026-05-02 11:17:56,0xe4bd51e534d46971953ff072084693ba2af550b2a9761f0db5d7e191a5d1c146,bitcoin-up-or-down-may-2-2026-4am-et
"Bitcoin Up or Down - May 2, 4AM ET",Down,BUY,5,0.4,0xdad58b8d7e6f789ef2556be80d401e698b5347b3d0a871fca801cb40ef2ccc11,2026-05-02 11:17:18,0x629e85b7f800077fc39dc3a435715fc56068cbfdce9dcedf6a421cc910796d7e,bitcoin-up-or-down-may-2-2026-4am-et
"Bitcoin Up or Down - May 2, 4:15AM-4:20AM ET",Down,BUY,32.15,0.8615552099533437,0x07ad046c7395a6a64fa0a43d89d76ba75be1873a003e82460f1cf87bbd2e4952,2026-05-02 11:17:18,0x92073a4521690854102592ef3fba27be5f2abc88bc421007811c3ab14ad6dbc3,btc-updown-5m-1777709700
"Bitcoin Up or Down - May 2, 4:00AM-8:00AM ET",Down,BUY,5,0.44,0x5414faf1d4f67d580fd195b96186c0beecc19b4c786e84133c96f0fc44c5263b,2026-05-02 11:17:12,0x73687704994ba5d6dc9ea1907bfbb90476062c0c28546d5d2bd55de58f44c7dc,btc-updown-4h-1777708800
"Bitcoin Up or Down - May 2, 4:15AM-4:20AM ET",Down,BUY,34.2,0.7516959064327485,0x07ad046c7395a6a64fa0a43d89d76ba75be1873a003e82460f1cf87bbd2e4952,2026-05-02 11:17:12,0x5a30485e446c6cc95a8700b5e70c57b168651bd13091b95c68ae3f7740a040bc,btc-updown-5m-1777709700
"Bitcoin Up or Down - May 2, 4:15AM-4:20AM ET",Down,BUY,44.84,0.6886663693131133,0x07ad046c7395a6a64fa0a43d89d76ba75be1873a003e82460f1cf87bbd2e4952,2026-05-02 11:16:46,0xd970a295b7b05cd15c1ce67f01afc411792a3c84b127df8bb92745e076b11282,btc-updown-5m-1777709700
"Bitcoin Up or Down - May 2, 4:15AM-4:20AM ET",Up,BUY,42,0.35896666666666666,0x07ad046c7395a6a64fa0a43d89d76ba75be1873a003e82460f1cf87bbd2e4952,2026-05-02 11:16:36,0xcfadb63afe6346948bac629f063c6461a82d2aceae92e859689ce71d0ce2fc21,btc-updown-5m-1777709700
"Bitcoin Up or Down - May 2, 4:15AM-4:30AM ET",Up,BUY,10,0.43,0x9bd0b934943f066d47ae5e80f6ab8b4129ca90460d1fea0cc2b07bb73a231d60,2026-05-02 11:16:36,0x4bed2cac52595baebae5bc6448761451c69d23cd1626204a13a3d036080c9167,btc-updown-15m-1777709700
"Bitcoin Up or Down - May 2, 4AM ET",Up,BUY,6,0.66,0xdad58b8d7e6f789ef2556be80d401e698b5347b3d0a871fca801cb40ef2ccc11,2026-05-02 11:16:36,0x781ea6e27e96c43362fb1ca514c572bfc9b97354ebaf01aed5d2a73eec94d103,bitcoin-up-or-down-may-2-2026-4am-et
"Bitcoin Up or Down - May 2, 4AM ET",Down,BUY,5,0.35,0xdad58b8d7e6f789ef2556be80d401e698b5347b3d0a871fca801cb40ef2ccc11,2026-05-02 11:16:12,0xa4248bf9fcd2d5b065db9926caadb1eca53b8170a9393e8a5d4f8d5192e95c11,bitcoin-up-or-down-may-2-2026-4am-et
"Bitcoin Up or Down - May 2, 4AM ET",Down,BUY,6,0.34,0xdad58b8d7e6f789ef2556be80d401e698b5347b3d0a871fca801cb40ef2ccc11,2026-05-02 11:16:10,0x2d15c0eae3d71d09e2ec5871d49952b29d0ab9671e7c00bbae80526441c69586,bitcoin-up-or-down-may-2-2026-4am-et
"Bitcoin Up or Down - May 2, 4:15AM-4:30AM ET",Down,BUY,10,0.51,0x9bd0b934943f066d47ae5e80f6ab8b4129ca90460d1fea0cc2b07bb73a231d60,2026-05-02 11:16:08,0x2c7f89f6e54ac1569312f5cf2b13d0026ebd0727dfb209fe92a8538bac7c5faa,btc-updown-15m-1777709700
"Ethereum Up or Down - May 2, 4:15AM-4:20AM ET",Down,BUY,10,0.555,0x36d51e2c2ba8a68cd12bdfdf97d0d46e729b048bf25b73d2352f135543f37854,2026-05-02 11:16:08,0x843239641dbb1a7ed1d479759b8a211074e69f044a91ec9baf0b57980af7724d,eth-updown-5m-1777709700
"Bitcoin Up or Down - May 2, 4:15AM-4:20AM ET",Down,BUY,40,0.48375,0x07ad046c7395a6a64fa0a43d89d76ba75be1873a003e82460f1cf87bbd2e4952,2026-05-02 11:15:56,0x40cb66a0d2cce222c0593d0b13c965be498cff37c3278459e234b8aac4cda235,btc-updown-5m-1777709700
"Bitcoin Up or Down - May 2, 4AM ET",Up,BUY,6,0.68,0xdad58b8d7e6f789ef2556be80d401e698b5347b3d0a871fca801cb40ef2ccc11,2026-05-02 11:15:24,0x86db95694521531186a559952536d63f37c188dd83dc1a1c75e0a05b84673391,bitcoin-up-or-down-may-2-2026-4am-et
"Ethereum Up or Down - May 2, 4:15AM-4:20AM ET",Up,BUY,10,0.39,0x36d51e2c2ba8a68cd12bdfdf97d0d46e729b048bf25b73d2352f135543f37854,2026-05-02 11:15:22,0x865fb405bdc11f0a79314be32a8022aaed827c86ca773464dbf37a232ab606de,eth-updown-5m-1777709700
"Ethereum Up or Down - May 2, 4:15AM-4:20AM ET",Up,BUY,10,0.455,0x36d51e2c2ba8a68cd12bdfdf97d0d46e729b048bf25b73d2352f135543f37854,2026-05-02 11:15:22,0x100efd3c7863dc5d2bb552b9e55e1ff392af28cd42f0ef5046f906f8eb70f5a5,eth-updown-5m-1777709700
"Bitcoin Up or Down - May 2, 4:15AM-4:20AM ET",Down,BUY,10,0.61,0x07ad046c7395a6a64fa0a43d89d76ba75be1873a003e82460f1cf87bbd2e4952,2026-05-02 11:15:20,0x83eb19307401551be84b8de44f8b5a10dcd0983ec0aab4b32b8a994fdc400a93,btc-updown-5m-1777709700
"Bitcoin Up or Down - May 2, 4AM ET",Down,BUY,5,0.35,0xdad58b8d7e6f789ef2556be80d401e698b5347b3d0a871fca801cb40ef2ccc11,2026-05-02 11:15:20,0x0d97297966bd752b9538b45b375108d0c811358045e80c2f408ba8143dd8039d,bitcoin-up-or-down-may-2-2026-4am-et
"Ethereum Up or Down - May 2, 4:15AM-4:20AM ET",Down,BUY,11,0.5718181818181818,0x36d51e2c2ba8a68cd12bdfdf97d0d46e729b048bf25b73d2352f135543f37854,2026-05-02 11:15:20,0x06122b9df55e99afba96e4156b857c5930539b151b1234f2dedf006d90927295,eth-updown-5m-1777709700
"Ethereum Up or Down - May 2, 4:15AM-4:20AM ET",Down,BUY,11,0.57,0x36d51e2c2ba8a68cd12bdfdf97d0d46e729b048bf25b73d2352f135543f37854,2026-05-02 11:15:20,0x1c67e6b904002eeb882fb900eb7684db9a8f4808010c32c6e5783d53297ca929,eth-updown-5m-1777709700
"Bitcoin Up or Down - May 2, 4:15AM-4:20AM ET",Down,BUY,40,0.53323,0x07ad046c7395a6a64fa0a43d89d76ba75be1873a003e82460f1cf87bbd2e4952,2026-05-02 11:15:18,0xb94f6412d5e7ff513cbe765a9c6a662d6e8ecaa98f0722f8618935201f96e032,btc-updown-5m-1777709700
"Bitcoin Up or Down - May 2, 4:00AM-8:00AM ET",Down,BUY,5,0.44,0x5414faf1d4f67d580fd195b96186c0beecc19b4c786e84133c96f0fc44c5263b,2026-05-02 11:15:16,0x306a108dfe02cad273c8df65c7d4c1c11ef9867a5bef28a14291a5edb22fcab5,btc-updown-4h-1777708800
"Ethereum Up or Down - May 2, 4:15AM-4:20AM ET",Down,BUY,10,0.5,0x36d51e2c2ba8a68cd12bdfdf97d0d46e729b048bf25b73d2352f135543f37854,2026-05-02 11:15:16,0xf8443d4ccfa823743bdd82822d79b27dd46ce53fd176e84cd3336cf63da9bf92,eth-updown-5m-1777709700
"Ethereum Up or Down - May 2, 4:15AM-4:20AM ET",Down,BUY,10,0.49,0x36d51e2c2ba8a68cd12bdfdf97d0d46e729b048bf25b73d2352f135543f37854,2026-05-02 11:15:14,0x991bfa45ddb0c6381517bed5f10c8669a38ba7dcdcdb650b9ddd564c4fb2bea4,eth-updown-5m-1777709700
"Ethereum Up or Down - May 2, 4:15AM-4:20AM ET",Down,BUY,10,0.49,0x36d51e2c2ba8a68cd12bdfdf97d0d46e729b048bf25b73d2352f135543f37854,2026-05-02 11:15:14,0xcc9bdc8974654597e85fc2f5ba694648f5cb040a7ce59e072274059ffe302b4c,eth-updown-5m-1777709700
"Ethereum Up or Down - May 2, 4:15AM-4:20AM ET",Up,BUY,10,0.51436,0x36d51e2c2ba8a68cd12bdfdf97d0d46e729b048bf25b73d2352f135543f37854,2026-05-02 11:15:10,0x217870a6877cde6661e2251e52fa0d79c2de31872f15990f2264af0175a29421,eth-updown-5m-1777709700
"Ethereum Up or Down - May 2, 4:15AM-4:20AM ET",Up,BUY,10,0.51,0x36d51e2c2ba8a68cd12bdfdf97d0d46e729b048bf25b73d2352f135543f37854,2026-05-02 11:15:04,0xd481bf003d1d19a7e260d8ee1a6e323d0c5aee7c39fe66c382b1885731348320,eth-updown-5m-1777709700
"Bitcoin Up or Down - May 2, 4AM ET",Up,BUY,3,0.69,0xdad58b8d7e6f789ef2556be80d401e698b5347b3d0a871fca801cb40ef2ccc11,2026-05-02 11:14:50,0xcadca2858d8f4cd218af7c9b82dfa5141bcfcbc053626663360d99619c5972f8,bitcoin-up-or-down-may-2-2026-4am-et
"Bitcoin Up or Down - May 2, 4AM ET",Up,BUY,6,0.69,0xdad58b8d7e6f789ef2556be80d401e698b5347b3d0a871fca801cb40ef2ccc11,2026-05-02 11:14:40,0xc11bf9e47cfc08f11e9afcc118e536728cdeccd3cbf29f5f631ddbf5a0a85a96,bitcoin-up-or-down-may-2-2026-4am-et
"Bitcoin Up or Down - May 2, 4AM ET",Up,BUY,6,0.69,0xdad58b8d7e6f789ef2556be80d401e698b5347b3d0a871fca801cb40ef2ccc11,2026-05-02 11:14:40,0x197a7277937f633c219ab3b677c5e75bfaa05a3bbb1a56df7a66a42b642383b1,bitcoin-up-or-down-may-2-2026-4am-et
"Bitcoin Up or Down - May 2, 4:10AM-4:15AM ET",Up,BUY,4443.03,0.99,0x1d878aafde224a0a51b8b19b659ba25cfda278091502ac142d28a95c6de8a020,2026-05-02 11:14:36,0x13aaae07a3ca64bc51b53078ee318c16fa39935e02c5ceaca47daac0fddc899c,btc-updown-5m-1777709400
"Bitcoin Up or Down - May 2, 4AM ET",Up,BUY,6,0.7,0xdad58b8d7e6f789ef2556be80d401e698b5347b3d0a871fca801cb40ef2ccc11,2026-05-02 11:14:02,0xa6f7b0b6a82a13cedb5e7c93793c5f45f7cda4acc60ea159fa1476fce259f141,bitcoin-up-or-down-may-2-2026-4am-et
"Ethereum Up or Down - May 2, 4:10AM-4:15AM ET",Down,BUY,44,0.046720454545454544,0xaeda537bf6d62c635750fd1bdf81fdd59ae421973396a869a3c9d7aff7b2b44e,2026-05-02 11:13:34,0x77cb861399acfceb216266bb86b63114e7104a7b78c93815ff91985846403f4c,eth-updown-5m-1777709400
"Bitcoin Up or Down - May 2, 4AM ET",Down,BUY,6,0.3,0xdad58b8d7e6f789ef2556be80d401e698b5347b3d0a871fca801cb40ef2ccc11,2026-05-02 11:13:34,0xf63dcbc420276aaf218f7c8aaf7220ed020366cc2b15a91d59dcee7852e62dcd,bitcoin-up-or-down-may-2-2026-4am-et
"Bitcoin Up or Down - May 2, 4:00AM-8:00AM ET",Down,BUY,5,0.44,0x5414faf1d4f67d580fd195b96186c0beecc19b4c786e84133c96f0fc44c5263b,2026-05-02 11:13:34,0xf568cffb98be5142c7108cde7f6837d4e6e2da32fab2ed9465015bf1055940da,btc-updown-4h-1777708800
"Bitcoin Up or Down - May 2, 4AM ET",Down,BUY,6,0.3,0xdad58b8d7e6f789ef2556be80d401e698b5347b3d0a871fca801cb40ef2ccc11,2026-05-02 11:13:34,0x991dd5cda9e81d234c18dfc7ad613544846a305dd7713a5fa810f0cd662214bc,bitcoin-up-or-down-may-2-2026-4am-et
"Bitcoin Up or Down - May 2, 4AM ET",Up,BUY,6,0.7,0xdad58b8d7e6f789ef2556be80d401e698b5347b3d0a871fca801cb40ef2ccc11,2026-05-02 11:13:16,0x4a5ed98cb5a9a4c879523e5884afa19c30a40341549f2573f0e53e1d299c429d,bitcoin-up-or-down-may-2-2026-4am-et
"Ethereum Up or Down - May 2, 4:10AM-4:15AM ET",Down,BUY,25.22,0.07677240285487708,0xaeda537bf6d62c635750fd1bdf81fdd59ae421973396a869a3c9d7aff7b2b44e,2026-05-02 11:13:14,0xa67f2452c6dbe81bd53f91e17ba153bfce2f94fccec8a54857ead83f62327762,eth-updown-5m-1777709400
"Ethereum Up or Down - May 2, 4:10AM-4:15AM ET",Down,BUY,31,0.09,0xaeda537bf6d62c635750fd1bdf81fdd59ae421973396a869a3c9d7aff7b2b44e,2026-05-02 11:13:14,0x09ceb15b2891dd02c6e75a3d8801074b33690162417d84f34535a0a176cfd570,eth-updown-5m-1777709400
"Ethereum Up or Down - May 2, 4:10AM-4:15AM ET",Down,BUY,38,0.04426842105263158,0xaeda537bf6d62c635750fd1bdf81fdd59ae421973396a869a3c9d7aff7b2b44e,2026-05-02 11:13:12,0x3c2e25f890051d33e727fc7327e2c6bd2c6485108a96bb5c205c0739eb2f8eed,eth-updown-5m-1777709400
"Bitcoin Up or Down - May 2, 4AM ET",Up,BUY,6,0.67,0xdad58b8d7e6f789ef2556be80d401e698b5347b3d0a871fca801cb40ef2ccc11,2026-05-02 11:12:40,0xde97dcb305b795e30c446f46817db68b311b55b11d30467d5ac5f37aa54ef7e8,bitcoin-up-or-down-may-2-2026-4am-et
"Bitcoin Up or Down - May 2, 4AM ET",Up,BUY,6,0.67,0xdad58b8d7e6f789ef2556be80d401e698b5347b3d0a871fca801cb40ef2ccc11,2026-05-02 11:12:40,0x8b03ca7c79b97cca4cb0a78e24a16b3ad3b7ba17c3193bf5a7ab3fe9a692d6a4,bitcoin-up-or-down-may-2-2026-4am-et
"Bitcoin Up or Down - May 2, 4:10AM-4:15AM ET",Up,BUY,260,0.9499423076923077,0x1d878aafde224a0a51b8b19b659ba25cfda278091502ac142d28a95c6de8a020,2026-05-02 11:12:30,0x7e614e0dd8f25f11e1d33a7a6ecb0c086fb68bfc29127d5f7a45432fd2342b14,btc-updown-5m-1777709400
"Bitcoin Up or Down - May 2, 4:10AM-4:15AM ET",Up,BUY,211,0.9340170616113744,0x1d878aafde224a0a51b8b19b659ba25cfda278091502ac142d28a95c6de8a020,2026-05-02 11:12:30,0x1768a9a8f5138e9ef2a57d934c860c20bb73b0a1b8f10059a84cdc8519fdf13c,btc-updown-5m-1777709400
"Bitcoin Up or Down - May 2, 4AM ET",Up,BUY,6,0.66,0xdad58b8d7e6f789ef2556be80d401e698b5347b3d0a871fca801cb40ef2ccc11,2026-05-02 11:12:30,0xb3043d3393aafb0b0b00e22ca3e6b750b78de8d5c1c4b34699fdfc425f4914dd,bitcoin-up-or-down-may-2-2026-4am-et
"Bitcoin Up or Down - May 2, 4:00AM-4:15AM ET",Up,BUY,65,0.96,0x63cb1620e3dddee7f8ff65d335e95ae5091025cf75ee928745f733ae9c5b1d49,2026-05-02 11:12:30,0xf9ef9a34df322a4810efd69c6ed6c4e38d00d2a3c43731d3012611e93209fe91,btc-updown-15m-1777708800
"Bitcoin Up or Down - May 2, 4:00AM-4:15AM ET",Up,BUY,86,0.94,0x63cb1620e3dddee7f8ff65d335e95ae5091025cf75ee928745f733ae9c5b1d49,2026-05-02 11:12:22,0x5b47a31a474f997204412c6006324a5881cf54d1905bb3e47f2b843b2456eb24,btc-updown-15m-1777708800
"Bitcoin Up or Down - May 2, 4:10AM-4:15AM ET",Up,BUY,21,0.9,0x1d878aafde224a0a51b8b19b659ba25cfda278091502ac142d28a95c6de8a020,2026-05-02 11:12:22,0x992589011321c6cb862fd75236d5e5395240737ac39da56f423806c73e1ba6c7,btc-updown-5m-1777709400
"Ethereum Up or Down - May 2, 4:10AM-4:15AM ET",Up,BUY,12.67,0.8357932123125493,0xaeda537bf6d62c635750fd1bdf81fdd59ae421973396a869a3c9d7aff7b2b44e,2026-05-02 11:12:18,0xac2794df011b67d4387058f650028e958c18c936bab30cd0591e2d4fa67c0ffe,eth-updown-5m-1777709400
"Ethereum Up or Down - May 2, 4:10AM-4:15AM ET",Up,BUY,22,0.8054545454545454,0xaeda537bf6d62c635750fd1bdf81fdd59ae421973396a869a3c9d7aff7b2b44e,2026-05-02 11:12:18,0xa2b677bd311350ba441b83aaa90853c213a084dcc77e10290cb54946088317b9,eth-updown-5m-1777709400
"Ethereum Up or Down - May 2, 4:10AM-4:15AM ET",Down,BUY,12,0.26,0xaeda537bf6d62c635750fd1bdf81fdd59ae421973396a869a3c9d7aff7b2b44e,2026-05-02 11:12:10,0xbb12d47ad5f37a8ba260fbc4eb654b8d1402060fbc53d218c1996e4af897c5fb,eth-updown-5m-1777709400
"Ethereum Up or Down - May 2, 4:10AM-4:15AM ET",Down,BUY,13,0.26,0xaeda537bf6d62c635750fd1bdf81fdd59ae421973396a869a3c9d7aff7b2b44e,2026-05-02 11:12:10,0x3bced57ae09799a43bf9269288d9d13d294f44428698d27a48de047a33723cd1,eth-updown-5m-1777709400
"Bitcoin Up or Down - May 2, 4AM ET",Down,BUY,5,0.34,0xdad58b8d7e6f789ef2556be80d401e698b5347b3d0a871fca801cb40ef2ccc11,2026-05-02 11:12:06,0x14f7b6fe15d12b91a710abb1ce6494c2542c6d48fcb26340f6ed53bd10b5c360,bitcoin-up-or-down-may-2-2026-4am-et
"Bitcoin Up or Down - May 2, 4:00AM-4:15AM ET",Down,BUY,31,0.06,0x63cb1620e3dddee7f8ff65d335e95ae5091025cf75ee928745f733ae9c5b1d49,2026-05-02 11:12:06,0x6107ca13e3b6beaf003bb9352e1cbe9f48e1679ab39abacb904e0942dd4efc13,btc-updown-15m-1777708800
"Bitcoin Up or Down - May 2, 4:00AM-4:15AM ET",Down,BUY,34,0.05,0x63cb1620e3dddee7f8ff65d335e95ae5091025cf75ee928745f733ae9c5b1d49,2026-05-02 11:12:06,0x8c0e206f74bbac3027a15b9e72318b8b09320cc022e373dbeef47509fc17ab75,btc-updown-15m-1777708800
"Ethereum Up or Down - May 2, 4:10AM-4:15AM ET",Down,BUY,15,0.19,0xaeda537bf6d62c635750fd1bdf81fdd59ae421973396a869a3c9d7aff7b2b44e,2026-05-02 11:12:06,0xd545484c214d1bc33698f38ebd56557c3bec5ad6659b1480354fa77a4fd73467,eth-updown-5m-1777709400
"Ethereum Up or Down - May 2, 4:10AM-4:15AM ET",Down,BUY,5,0.2,0xaeda537bf6d62c635750fd1bdf81fdd59ae421973396a869a3c9d7aff7b2b44e,2026-05-02 11:12:06,0x83f3b1f5eb32983763b8bbe9a70a3cdd39cf3481e588510203a51692243e8d93,eth-updown-5m-1777709400
"Bitcoin Up or Down - May 2, 4:00AM-8:00AM ET",Down,BUY,5,0.46,0x5414faf1d4f67d580fd195b96186c0beecc19b4c786e84133c96f0fc44c5263b,2026-05-02 11:12:06,0x4351957099d2b38c7c62f64c63f359e681c72f09f209a0be788bba61e0d4d4d5,btc-updown-4h-1777708800
"Bitcoin Up or Down - May 2, 4AM ET",Down,BUY,5,0.34,0xdad58b8d7e6f789ef2556be80d401e698b5347b3d0a871fca801cb40ef2ccc11,2026-05-02 11:12:04,0x64170a415dbd82d7c6125e39042d4641ec41a6042fedff87e11a29e69c935249,bitcoin-up-or-down-may-2-2026-4am-et
"Bitcoin Up or Down - May 2, 4AM ET",Down,BUY,5,0.34,0xdad58b8d7e6f789ef2556be80d401e698b5347b3d0a871fca801cb40ef2ccc11,2026-05-02 11:12:04,0xea3fa889c945cea94cb528fa76c565314cb3b2a5201aeed085afd82684661365,bitcoin-up-or-down-may-2-2026-4am-et
"Bitcoin Up or Down - May 2, 4:10AM-4:15AM ET",Up,BUY,95,0.86,0x1d878aafde224a0a51b8b19b659ba25cfda278091502ac142d28a95c6de8a020,2026-05-02 11:11:48,0x9520726363a74b7c8ccd9da6a2ce3da8acb9b08be76d3ee8b0369349d9b821c3,btc-updown-5m-1777709400
"Bitcoin Up or Down - May 2, 4AM ET",Up,BUY,6,0.6616666666666666,0xdad58b8d7e6f789ef2556be80d401e698b5347b3d0a871fca801cb40ef2ccc11,2026-05-02 11:11:48,0xf540ebd3a82ab2a9d2eee3d75cbe0383561694a8c6a957b1b561bc902bf4152f,bitcoin-up-or-down-may-2-2026-4am-et
"Bitcoin Up or Down - May 2, 4:00AM-4:15AM ET",Up,BUY,53,0.93,0x63cb1620e3dddee7f8ff65d335e95ae5091025cf75ee928745f733ae9c5b1d49,2026-05-02 11:11:48,0xd85ccc4385a10ad8a2251dbd5509ef3da05c86ed69bab4c79c1fe373c3cc9f17,btc-updown-15m-1777708800
"Ethereum Up or Down - May 2, 4:10AM-4:15AM ET",Down,BUY,18.9,0.12322751322751323,0xaeda537bf6d62c635750fd1bdf81fdd59ae421973396a869a3c9d7aff7b2b44e,2026-05-02 11:11:44,0x38a324c2065e11c777ef40ca8b0555c07e4dfa8c1261a7d8ad8866e5880e5c49,eth-updown-5m-1777709400
"Bitcoin Up or Down - May 2, 4:00AM-4:15AM ET",Up,BUY,44,0.9248090909090909,0x63cb1620e3dddee7f8ff65d335e95ae5091025cf75ee928745f733ae9c5b1d49,2026-05-02 11:11:32,0x1db5643296fbc8154342211423dd960c9cf7d4acf62b1acf360bdc027f99af35,btc-updown-15m-1777708800
"Ethereum Up or Down - May 2, 4:10AM-4:15AM ET",Up,BUY,28.82,0.91,0xaeda537bf6d62c635750fd1bdf81fdd59ae421973396a869a3c9d7aff7b2b44e,2026-05-02 11:11:30,0x5a235e9537bb10743bcf7b253d842bad345078988c0d24093cba98cb9c6a7374,eth-updown-5m-1777709400
"Bitcoin Up or Down - May 2, 4:00AM-4:15AM ET",Up,BUY,65,0.93,0x63cb1620e3dddee7f8ff65d335e95ae5091025cf75ee928745f733ae9c5b1d49,2026-05-02 11:11:30,0x63ce1ffc6995f8a15648a75d8a05e29d7ba452ded7a89936629d7d03b59a1e8d,btc-updown-15m-1777708800
"Bitcoin Up or Down - May 2, 4AM ET",Up,BUY,5,0.64,0xdad58b8d7e6f789ef2556be80d401e698b5347b3d0a871fca801cb40ef2ccc11,2026-05-02 11:11:30,0x1cbd720d27d188502c8bdb9d6505a14bf017dd0652dd6ae88f6d7d3f989c21a8,bitcoin-up-or-down-may-2-2026-4am-et
"Bitcoin Up or Down - May 2, 4AM ET",Up,BUY,5,0.59,0xdad58b8d7e6f789ef2556be80d401e698b5347b3d0a871fca801cb40ef2ccc11,2026-05-02 11:11:14,0xffed4383177b7dde12236ccad111c82c1c1923622a84c168d4fcafa04c963a09,bitcoin-up-or-down-may-2-2026-4am-et
"Bitcoin Up or Down - May 2, 4AM ET",Up,BUY,5,0.59,0xdad58b8d7e6f789ef2556be80d401e698b5347b3d0a871fca801cb40ef2ccc11,2026-05-02 11:11:14,0xe664ff099a8785f1a47c43fb2c8c44ed7e5af4564401481e1a400376741fc533,bitcoin-up-or-down-may-2-2026-4am-et
"Bitcoin Up or Down - May 2, 4:00AM-4:15AM ET",Up,BUY,17,0.72,0x63cb1620e3dddee7f8ff65d335e95ae5091025cf75ee928745f733ae9c5b1d49,2026-05-02 11:11:10,0xf73a9d8f1c39695674e3e01667782e462948cd93750cde41e8bbbb8f97d65064,btc-updown-15m-1777708800
"Ethereum Up or Down - May 2, 4:10AM-4:15AM ET",Up,BUY,11,0.63,0xaeda537bf6d62c635750fd1bdf81fdd59ae421973396a869a3c9d7aff7b2b44e,2026-05-02 11:11:10,0x6ea6f5ab6c07ee5f38c58bc24c847b40f65d1e3f1318eaea1fe08ff8dedd55b7,eth-updown-5m-1777709400
"Bitcoin Up or Down - May 2, 4:10AM-4:15AM ET",Up,BUY,49,0.6063387755102041,0x1d878aafde224a0a51b8b19b659ba25cfda278091502ac142d28a95c6de8a020,2026-05-02 11:11:10,0x2671978dc2b87b9eaa109a6cbd6e639689fd4be3c8a123c36e8d9d713d8302e7,btc-updown-5m-1777709400
"Bitcoin Up or Down - May 2, 4:10AM-4:15AM ET",Up,BUY,45,0.6012577777777778,0x1d878aafde224a0a51b8b19b659ba25cfda278091502ac142d28a95c6de8a020,2026-05-02 11:11:10,0xcfdee4ed3ef527bb02be22a9190ed6af7974d7ebb338b461d8fb3f04ef271832,btc-updown-5m-1777709400
"Bitcoin Up or Down - May 2, 4AM ET",Up,BUY,5,0.55,0xdad58b8d7e6f789ef2556be80d401e698b5347b3d0a871fca801cb40ef2ccc11,2026-05-02 11:11:10,0x1af051426fcc2b19cfbf9c615e037a793d2449ce9f4f9b0be2cf340da51db278,bitcoin-up-or-down-may-2-2026-4am-et
"Bitcoin Up or Down - May 2, 4:10AM-4:15AM ET",Up,BUY,55,0.6050363636363636,0x1d878aafde224a0a51b8b19b659ba25cfda278091502ac142d28a95c6de8a020,2026-05-02 11:11:10,0xa6545f0bfe9f7d730295f95ebf673cd4db899c74fdb5283b208a61dd66c59b9d,btc-updown-5m-1777709400
"Bitcoin Up or Down - May 2, 4:00AM-4:15AM ET",Up,BUY,24,0.72,0x63cb1620e3dddee7f8ff65d335e95ae5091025cf75ee928745f733ae9c5b1d49,2026-05-02 11:11:10,0x168d31f53a3f8e0ab6ef33b2d7e93b99c23c6cd112002bea5cc1f737bd4cdfad,btc-updown-15m-1777708800
"Bitcoin Up or Down - May 2, 4:00AM-4:15AM ET",Up,BUY,14,0.72,0x63cb1620e3dddee7f8ff65d335e95ae5091025cf75ee928745f733ae9c5b1d49,2026-05-02 11:11:10,0x206735400c7e477092c1f4213c505e573f3b406d6301941f6d1eb9905390faa5,btc-updown-15m-1777708800
"Bitcoin Up or Down - May 2, 4:10AM-4:15AM ET",Up,BUY,42,0.5811214285714286,0x1d878aafde224a0a51b8b19b659ba25cfda278091502ac142d28a95c6de8a020,2026-05-02 11:11:08,0x42a6a40084622eb89e227714d2c5f09e50c0dc6c1e2a390cb0c3d5fac60f4e31,btc-updown-5m-1777709400
"Bitcoin Up or Down - May 2, 4:00AM-4:15AM ET",Up,BUY,13,0.72,0x63cb1620e3dddee7f8ff65d335e95ae5091025cf75ee928745f733ae9c5b1d49,2026-05-02 11:11:08,0xc95de52dca6ca80029040dfae7b1127c57d0ec22911b8707e463dc110cff79dc,btc-updown-15m-1777708800
"Ethereum Up or Down - May 2, 4:10AM-4:15AM ET",Up,BUY,12,0.540225,0xaeda537bf6d62c635750fd1bdf81fdd59ae421973396a869a3c9d7aff7b2b44e,2026-05-02 11:11:06,0x5624beb2a6cbbcb114f69f1a49d28ca0fb5fb76d93905fb6531cccd7c699a1b8,eth-updown-5m-1777709400
"Ethereum Up or Down - May 2, 4:10AM-4:15AM ET",Up,BUY,11,0.6190909090909091,0xaeda537bf6d62c635750fd1bdf81fdd59ae421973396a869a3c9d7aff7b2b44e,2026-05-02 11:11:06,0x2b8985f2c2ba2eaa5641423e12714b988b773ea786a7d6919f0d037b2696cabc,eth-updown-5m-1777709400
"Ethereum Up or Down - May 2, 4:10AM-4:15AM ET",Up,BUY,10,0.51609,0xaeda537bf6d62c635750fd1bdf81fdd59ae421973396a869a3c9d7aff7b2b44e,2026-05-02 11:11:06,0xede01f066cc3e3fc9fcb10b963612085645bc11013cd65b96df73282bb4cb5c0,eth-updown-5m-1777709400
"Bitcoin Up or Down - May 2, 4:00AM-4:15AM ET",Down,BUY,10,0.39,0x63cb1620e3dddee7f8ff65d335e95ae5091025cf75ee928745f733ae9c5b1d49,2026-05-02 11:10:54,0x427649be2ab9b8a242623393df1072417966c61b8ba1f0c2022cdd0f9d5e8773,btc-updown-15m-1777708800
"Bitcoin Up or Down - May 2, 4:00AM-4:15AM ET",Down,BUY,10,0.39,0x63cb1620e3dddee7f8ff65d335e95ae5091025cf75ee928745f733ae9c5b1d49,2026-05-02 11:10:54,0x18f5c2942223229b73f52a7f2a967b10b1aa7a7d40c6edef64a2243cb99058e4,btc-updown-15m-1777708800
"Bitcoin Up or Down - May 2, 4:00AM-4:15AM ET",Down,BUY,10,0.39,0x63cb1620e3dddee7f8ff65d335e95ae5091025cf75ee928745f733ae9c5b1d49,2026-05-02 11:10:54,0x66d2b43fb35bc857424c2ac9bd89ab1569adc79a623dc94d8b8d562ee0514dce,btc-updown-15m-1777708800
"Bitcoin Up or Down - May 2, 4:10AM-4:15AM ET",Down,BUY,40,0.51,0x1d878aafde224a0a51b8b19b659ba25cfda278091502ac142d28a95c6de8a020,2026-05-02 11:10:54,0xaf6e64e90b3aa7c234f1c43136a198990b8f3976cb55782f8b80bcdc6d89535c,btc-updown-5m-1777709400
"Bitcoin Up or Down - May 2, 4:10AM-4:15AM ET",Down,BUY,40,0.51,0x1d878aafde224a0a51b8b19b659ba25cfda278091502ac142d28a95c6de8a020,2026-05-02 11:10:54,0xd4265b02c2ceeaf9d3b71b636f1341890255275700437e7a0938b0415a358b11,btc-updown-5m-1777709400
"Bitcoin Up or Down - May 2, 4:10AM-4:15AM ET",Down,BUY,41,0.51,0x1d878aafde224a0a51b8b19b659ba25cfda278091502ac142d28a95c6de8a020,2026-05-02 11:10:54,0xc542a22cf7f8dfeb281ef1b5ffd1fa87391f7fece333cde4a5b6d52aab4cc2fd,btc-updown-5m-1777709400
"Bitcoin Up or Down - May 2, 4AM ET",Down,BUY,5,0.48,0xdad58b8d7e6f789ef2556be80d401e698b5347b3d0a871fca801cb40ef2ccc11,2026-05-02 11:10:54,0x484a414d18857ce88f765bf2a975ea48907a5f18ad9c0e3eade58ed8f5aab47f,bitcoin-up-or-down-may-2-2026-4am-et
"Bitcoin Up or Down - May 2, 4:10AM-4:15AM ET",Down,BUY,42,0.51,0x1d878aafde224a0a51b8b19b659ba25cfda278091502ac142d28a95c6de8a020,2026-05-02 11:10:54,0xcc5909897a0fe4a39cacbf3e33cc044d33fc675352b5b23a42f77a19b11b6ec3,btc-updown-5m-1777709400
"Bitcoin Up or Down - May 2, 4:00AM-4:15AM ET",Down,BUY,10,0.41,0x63cb1620e3dddee7f8ff65d335e95ae5091025cf75ee928745f733ae9c5b1d49,2026-05-02 11:10:52,0xa8d0d4e60364deb90a5943705584a577ee3f34e57d66353e20cc0efce13f65bd,btc-updown-15m-1777708800
"Bitcoin Up or Down - May 2, 4:10AM-4:15AM ET",Down,BUY,40,0.51,0x1d878aafde224a0a51b8b19b659ba25cfda278091502ac142d28a95c6de8a020,2026-05-02 11:10:52,0x3445cd5a89d803feb3e84afc3da4ddfeb28924981a8bbc30999da238948aac29,btc-updown-5m-1777709400
"Bitcoin Up or Down - May 2, 4:00AM-4:15AM ET",Down,BUY,10,0.42,0x63cb1620e3dddee7f8ff65d335e95ae5091025cf75ee928745f733ae9c5b1d49,2026-05-02 11:10:52,0xb68bbbe74e59b9d654f3b2d3f219a0b32ebb6346e868e1df44c20520ed43cfff,btc-updown-15m-1777708800
"Bitcoin Up or Down - May 2, 4:00AM-4:15AM ET",Down,BUY,11,0.37,0x63cb1620e3dddee7f8ff65d335e95ae5091025cf75ee928745f733ae9c5b1d49,2026-05-02 11:10:50,0xbeb9cbb8e65f774a847dd6a3921cddcc925bd2c9876bc4748dc905391fb61415,btc-updown-15m-1777708800
"Ethereum Up or Down - May 2, 4:10AM-4:15AM ET",Down,BUY,10,0.49,0xaeda537bf6d62c635750fd1bdf81fdd59ae421973396a869a3c9d7aff7b2b44e,2026-05-02 11:10:46,0xaad3687a20d0cd30267d2b60382bd94c460624ed7d504204a5729ccbe202f9e6,eth-updown-5m-1777709400
"Ethereum Up or Down - May 2, 4:10AM-4:15AM ET",Down,BUY,10,0.49,0xaeda537bf6d62c635750fd1bdf81fdd59ae421973396a869a3c9d7aff7b2b44e,2026-05-02 11:10:44,0x46a1bb52570123c5c2c60920de7d527d0c8073f32da10ef56a89c4ac3fee0407,eth-updown-5m-1777709400
"Ethereum Up or Down - May 2, 4:10AM-4:15AM ET",Down,BUY,10,0.47,0xaeda537bf6d62c635750fd1bdf81fdd59ae421973396a869a3c9d7aff7b2b44e,2026-05-02 11:10:44,0x8963abc594021dc090125e3b1d3b1586312bd4ae9bf78510857ce36e443a7310,eth-updown-5m-1777709400
"Bitcoin Up or Down - May 2, 4AM ET",Down,BUY,5,0.49,0xdad58b8d7e6f789ef2556be80d401e698b5347b3d0a871fca801cb40ef2ccc11,2026-05-02 11:10:06,0xa19e4ad4a2b22aaab98f18c5900b6c403bb81213560c0f4e050f5b7b1ba6b4be,bitcoin-up-or-down-may-2-2026-4am-et
"Bitcoin Up or Down - May 2, 4:00AM-4:15AM ET",Down,BUY,10,0.36,0x63cb1620e3dddee7f8ff65d335e95ae5091025cf75ee928745f733ae9c5b1d49,2026-05-02 11:10:06,0xabcf037a87814ee0cf2610860e9444d43e93ae2bdb91e01ff418dfe337ba632b,btc-updown-15m-1777708800
"Bitcoin Up or Down - May 2, 4:05AM-4:10AM ET",Up,BUY,1033.62,0.99,0xfed5cc933c2009b5a523c0d2d1288d6d9cb67bd444f67a8606341481f262ed35,2026-05-02 11:10:04,0x698f2788e4bf8a22bc22daf6c541f89be8bfc420e541e8e564b4e21728f1511e,btc-updown-5m-1777709100
"Bitcoin Up or Down - May 2, 4:00AM-4:15AM ET",Up,BUY,4.59,0.62,0x63cb1620e3dddee7f8ff65d335e95ae5091025cf75ee928745f733ae9c5b1d49,2026-05-02 11:09:52,0x51f969e16a318fe5f8a53926597cee32c868b37367e08a704be6ac0d996f282a,btc-updown-15m-1777708800
"Bitcoin Up or Down - May 2, 4AM ET",Up,BUY,5,0.51,0xdad58b8d7e6f789ef2556be80d401e698b5347b3d0a871fca801cb40ef2ccc11,2026-05-02 11:09:50,0x4d00da4648b419ae833606c79d348e79358d95962c01134e6629bca121f48a4b,bitcoin-up-or-down-may-2-2026-4am-et
"Bitcoin Up or Down - May 2, 4:00AM-4:15AM ET",Up,BUY,11,0.58,0x63cb1620e3dddee7f8ff65d335e95ae5091025cf75ee928745f733ae9c5b1d49,2026-05-02 11:09:50,0x217d63d68019b2654c5fefb8f19c410866c1b5280a2a6edde22e04993da35292,btc-updown-15m-1777708800
"Ethereum Up or Down - May 2, 4:05AM-4:10AM ET",Up,BUY,35.2,0.8022727272727272,0x546ee0456fc24a74bcaded29ffb5d254cf12965f46ca91720c2e9434c84ee0b7,2026-05-02 11:09:50,0x07e9a8c945a86275364680d8af8b7cffad7b6f8056c661e76f10b1d00ce00367,eth-updown-5m-1777709100
"Bitcoin Up or Down - May 2, 4:00AM-4:15AM ET",Up,BUY,12,0.58,0x63cb1620e3dddee7f8ff65d335e95ae5091025cf75ee928745f733ae9c5b1d49,2026-05-02 11:09:50,0x9d81aa4e8ffb2e271ef3f5653ad82227fe6650cdcad369369ff201e01dc3420e,btc-updown-15m-1777708800
"Ethereum Up or Down - May 2, 4:05AM-4:10AM ET",Down,BUY,11,0.17,0x546ee0456fc24a74bcaded29ffb5d254cf12965f46ca91720c2e9434c84ee0b7,2026-05-02 11:09:34,0x7e9f3f04bbf45c63cb3a902e590203d893ea3a21dcf1210d11d364a860ab88a0,eth-updown-5m-1777709100
"Ethereum Up or Down - May 2, 4:05AM-4:10AM ET",Down,BUY,13,0.17,0x546ee0456fc24a74bcaded29ffb5d254cf12965f46ca91720c2e9434c84ee0b7,2026-05-02 11:09:34,0xc345e4c226f223355b2058f683bc820b45e59d992ee8b3d01b20a8be03eb0ddb,eth-updown-5m-1777709100
"Ethereum Up or Down - May 2, 4:05AM-4:10AM ET",Down,BUY,12,0.27,0x546ee0456fc24a74bcaded29ffb5d254cf12965f46ca91720c2e9434c84ee0b7,2026-05-02 11:09:14,0xf8a6c92fba477960a320769489fea6afcf8b681e86b7c19e4732887044882f96,eth-updown-5m-1777709100
"Ethereum Up or Down - May 2, 4:05AM-4:10AM ET",Up,BUY,12,0.6075,0x546ee0456fc24a74bcaded29ffb5d254cf12965f46ca91720c2e9434c84ee0b7,2026-05-02 11:09:04,0xe7d4ebd0cda0171f62c1b8586f1f4df3228d7a81d18ed984d9cb97b2b434fd30,eth-updown-5m-1777709100
"Ethereum Up or Down - May 2, 4:05AM-4:10AM ET",Up,BUY,12,0.58,0x546ee0456fc24a74bcaded29ffb5d254cf12965f46ca91720c2e9434c84ee0b7,2026-05-02 11:09:04,0xc7d3cc45b77d9b7f4e6e458747086af59791709341f5c2c51df88d5b4637c02e,eth-updown-5m-1777709100
"Ethereum Up or Down - May 2, 4:05AM-4:10AM ET",Up,BUY,11,0.65,0x546ee0456fc24a74bcaded29ffb5d254cf12965f46ca91720c2e9434c84ee0b7,2026-05-02 11:09:04,0xe6518e974109b16b82bf6d1629f78df0975d90c0baf01d1a7ad19bb150df5965,eth-updown-5m-1777709100
"Bitcoin Up or Down - May 2, 4AM ET",Up,BUY,5,0.5,0xdad58b8d7e6f789ef2556be80d401e698b5347b3d0a871fca801cb40ef2ccc11,2026-05-02 11:09:04,0x3cf0b26022addb45fe5897c008d6dd0063b01584a0e5fa253699fc56bdf6898b,bitcoin-up-or-down-may-2-2026-4am-et
"Ethereum Up or Down - May 2, 4:05AM-4:10AM ET",Up,BUY,10,0.56,0x546ee0456fc24a74bcaded29ffb5d254cf12965f46ca91720c2e9434c84ee0b7,2026-05-02 11:09:04,0x8d472fee21ceb87305404198793fc97fdad3b38484eb6c32f47e2cecd58c1ce9,eth-updown-5m-1777709100
"Bitcoin Up or Down - May 2, 4AM ET",Up,BUY,5,0.49,0xdad58b8d7e6f789ef2556be80d401e698b5347b3d0a871fca801cb40ef2ccc11,2026-05-02 11:09:04,0xeca2000f340327794d121f218c74e3e1b99efac94e58f5d233177a0f26070980,bitcoin-up-or-down-may-2-2026-4am-et
"Ethereum Up or Down - May 2, 4:05AM-4:10AM ET",Up,BUY,10,0.47,0x546ee0456fc24a74bcaded29ffb5d254cf12965f46ca91720c2e9434c84ee0b7,2026-05-02 11:09:04,0xb21b5f9f982a5820c3258e88aa34ecc09ab745b2909750cffd426b5b1a97b37b,eth-updown-5m-1777709100
"Bitcoin Up or Down - May 2, 4:00AM-8:00AM ET",Up,BUY,5,0.48,0x5414faf1d4f67d580fd195b96186c0beecc19b4c786e84133c96f0fc44c5263b,2026-05-02 11:09:04,0x9f12e280c14271f23b9d96df90bc50cfacd0bebf71fab1654f7f1cd162627f9a,btc-updown-4h-1777708800
"Bitcoin Up or Down - May 2, 4:05AM-4:10AM ET",Up,BUY,83,0.86,0xfed5cc933c2009b5a523c0d2d1288d6d9cb67bd444f67a8606341481f262ed35,2026-05-02 11:09:04,0x95b5e5117ce9fb50c46fba520d301f9bdc9b9b89c89c7bd06c562cce669b1d3e,btc-updown-5m-1777709100
"Bitcoin Up or Down - May 2, 4:00AM-4:15AM ET",Up,BUY,10,0.4,0x63cb1620e3dddee7f8ff65d335e95ae5091025cf75ee928745f733ae9c5b1d49,2026-05-02 11:09:02,0xda6c78b28e062935a716e20e505cd5f6da751178fa4b9599e7dcad094283b314,btc-updown-15m-1777708800
"Ethereum Up or Down - May 2, 4:05AM-4:10AM ET",Down,BUY,10,0.485,0x546ee0456fc24a74bcaded29ffb5d254cf12965f46ca91720c2e9434c84ee0b7,2026-05-02 11:08:38,0xb4668812f5eb4b2b0fa4b2577b488412dedcaf4d73d801fad8a0a53edb7e17f1,eth-updown-5m-1777709100
"Ethereum Up or Down - May 2, 4:05AM-4:10AM ET",Down,BUY,11,0.48545454545454547,0x546ee0456fc24a74bcaded29ffb5d254cf12965f46ca91720c2e9434c84ee0b7,2026-05-02 11:08:38,0x20a356e31ce67e65c695103622522ff226b026c1cafad41b67e91afd59d34947,eth-updown-5m-1777709100
"Ethereum Up or Down - May 2, 4:05AM-4:10AM ET",Down,BUY,10,0.4793,0x546ee0456fc24a74bcaded29ffb5d254cf12965f46ca91720c2e9434c84ee0b7,2026-05-02 11:08:36,0x0c4370f01fc5801097fe19e6c29c118b49f762c7c4a8f08b99494985453386c1,eth-updown-5m-1777709100
"Ethereum Up or Down - May 2, 4:05AM-4:10AM ET",Down,BUY,10,0.4645,0x546ee0456fc24a74bcaded29ffb5d254cf12965f46ca91720c2e9434c84ee0b7,2026-05-02 11:08:36,0x44e14240dcf9c31cae9caf3cc19c1d27a509bf78dec7bbe72eadc28711fc17fd,eth-updown-5m-1777709100
"Ethereum Up or Down - May 2, 4:05AM-4:10AM ET",Down,BUY,10,0.4547,0x546ee0456fc24a74bcaded29ffb5d254cf12965f46ca91720c2e9434c84ee0b7,2026-05-02 11:08:36,0xe22a9bd1a7cce83c3fca769b0f479c245c280a39072fbb9fc28311c9347ff670,eth-updown-5m-1777709100
"Ethereum Up or Down - May 2, 4:05AM-4:10AM ET",Up,BUY,10,0.56,0x546ee0456fc24a74bcaded29ffb5d254cf12965f46ca91720c2e9434c84ee0b7,2026-05-02 11:08:16,0x673df1337f5000c4e30a4a212e9ff9895ae2b06128ec87d22c5d36bf046b42dc,eth-updown-5m-1777709100
"Ethereum Up or Down - May 2, 4:05AM-4:10AM ET",Up,BUY,10,0.56,0x546ee0456fc24a74bcaded29ffb5d254cf12965f46ca91720c2e9434c84ee0b7,2026-05-02 11:08:12,0x77677f63b5e6fba65473a557882317679851a48eb18a76b4aef5afdc0f11f408,eth-updown-5m-1777709100
"Ethereum Up or Down - May 2, 4:05AM-4:10AM ET",Down,BUY,10,0.5,0x546ee0456fc24a74bcaded29ffb5d254cf12965f46ca91720c2e9434c84ee0b7,2026-05-02 11:08:10,0xcd3bfc713a5d07c18520d4414886432eb39a4d15bdf2069774ebcf38027d4eda,eth-updown-5m-1777709100
"Ethereum Up or Down - May 2, 4:05AM-4:10AM ET",Down,BUY,10,0.484,0x546ee0456fc24a74bcaded29ffb5d254cf12965f46ca91720c2e9434c84ee0b7,2026-05-02 11:08:08,0xf2636ed353f083101ab45d39413ffeea16c334c2b4ffa6cbebea7d71a8893230,eth-updown-5m-1777709100
"Ethereum Up or Down - May 2, 4:05AM-4:10AM ET",Down,BUY,6,0.46,0x546ee0456fc24a74bcaded29ffb5d254cf12965f46ca91720c2e9434c84ee0b7,2026-05-02 11:08:08,0x6959126678b65006b899f80868f6cc5677ed006766e4135a28cd16f6f30a8ff3,eth-updown-5m-1777709100
"Ethereum Up or Down - May 2, 4:05AM-4:10AM ET",Up,BUY,11,0.5154454545454545,0x546ee0456fc24a74bcaded29ffb5d254cf12965f46ca91720c2e9434c84ee0b7,2026-05-02 11:07:32,0x99e67303445c5d4aa2d4f0aba3f490c897fac7526a93fdff3f6aba8a92e7808e,eth-updown-5m-1777709100
"Ethereum Up or Down - May 2, 4:05AM-4:10AM ET",Up,BUY,10,0.52,0x546ee0456fc24a74bcaded29ffb5d254cf12965f46ca91720c2e9434c84ee0b7,2026-05-02 11:07:32,0x7fa093143e2862dc20db4605a6dfc2e5642fc3f04f0e4fe7b97aa0729dfaaa8e,eth-updown-5m-1777709100
"Ethereum Up or Down - May 2, 4:05AM-4:10AM ET",Up,BUY,9.5,0.48,0x546ee0456fc24a74bcaded29ffb5d254cf12965f46ca91720c2e9434c84ee0b7,2026-05-02 11:07:32,0x6bde46ff398a2d4af5703379297548668a95719eae8d257a0adf8e16fad1d112,eth-updown-5m-1777709100
"Ethereum Up or Down - May 2, 4:05AM-4:10AM ET",Up,BUY,10,0.45,0x546ee0456fc24a74bcaded29ffb5d254cf12965f46ca91720c2e9434c84ee0b7,2026-05-02 11:07:22,0x737010498e74d5a4235dd307172c7f4514ced44ac7ff8dc1744f6d45170fe669,eth-updown-5m-1777709100
"Bitcoin Up or Down - May 2, 4:05AM-4:10AM ET",Up,BUY,30,0.6583333333333333,0xfed5cc933c2009b5a523c0d2d1288d6d9cb67bd444f67a8606341481f262ed35,2026-05-02 11:07:22,0x34858921887fb1f0be69f32d1fc16e5b7b1054b89a074ca188926eac638ab624,btc-updown-5m-1777709100
"Ethereum Up or Down - May 2, 4:05AM-4:10AM ET",Up,BUY,11,0.38,0x546ee0456fc24a74bcaded29ffb5d254cf12965f46ca91720c2e9434c84ee0b7,2026-05-02 11:07:22,0x2c90ad1acdc440b447dcdda4ae4f1fa6781fe4b6ac6841fa1e2103f2040546ca,eth-updown-5m-1777709100
"Ethereum Up or Down - May 2, 4:05AM-4:10AM ET",Up,BUY,10,0.4,0x546ee0456fc24a74bcaded29ffb5d254cf12965f46ca91720c2e9434c84ee0b7,2026-05-02 11:06:42,0x4d7f57cf58611cd7160c4c3d103352082e309649eb4a585aa1b9e671d7acaa84,eth-updown-5m-1777709100
"Bitcoin Up or Down - May 2, 4:05AM-4:10AM ET",Up,BUY,45,0.6604577777777778,0xfed5cc933c2009b5a523c0d2d1288d6d9cb67bd444f67a8606341481f262ed35,2026-05-02 11:06:40,0x5d4d708ce5f7dacb1c40c9380fc82b3bd8a10459b8cdaa0619fb337bf1e6304b,btc-updown-5m-1777709100
"Ethereum Up or Down - May 2, 4:05AM-4:10AM ET",Up,BUY,10,0.4,0x546ee0456fc24a74bcaded29ffb5d254cf12965f46ca91720c2e9434c84ee0b7,2026-05-02 11:06:38,0xc4ac059425672c62dee1d646150c2deb728539bd00a75f78218f3942cc5509b8,eth-updown-5m-1777709100
"Ethereum Up or Down - May 2, 4:05AM-4:10AM ET",Up,BUY,10,0.4,0x546ee0456fc24a74bcaded29ffb5d254cf12965f46ca91720c2e9434c84ee0b7,2026-05-02 11:06:38,0x8a5de4af5a1327d66a9e7349ca8683bb9567713e3e90cf2d1cbda19f9be91d19,eth-updown-5m-1777709100
"Ethereum Up or Down - May 2, 4:05AM-4:10AM ET",Down,BUY,6,0.55,0x546ee0456fc24a74bcaded29ffb5d254cf12965f46ca91720c2e9434c84ee0b7,2026-05-02 11:06:24,0xe9ba93e1531cd71178bf142c289313c869eb60dd8d8d8c41f2bd62a35eb6e3c3,eth-updown-5m-1777709100
"Ethereum Up or Down - May 2, 4:05AM-4:10AM ET",Down,BUY,10,0.56,0x546ee0456fc24a74bcaded29ffb5d254cf12965f46ca91720c2e9434c84ee0b7,2026-05-02 11:06:24,0x69c76cf2e1b68b5428eb07c997de19f1f7ea0ec533ca9cda957eadbebd007638,eth-updown-5m-1777709100
"Bitcoin Up or Down - May 2, 4:05AM-4:10AM ET",Down,BUY,41,0.41,0xfed5cc933c2009b5a523c0d2d1288d6d9cb67bd444f67a8606341481f262ed35,2026-05-02 11:06:18,0x22bbe0388e5d2b0baba4533e24dadb263b8ef541bc2c82d598188d18be68776f,btc-updown-5m-1777709100
"Ethereum Up or Down - May 2, 4:05AM-4:10AM ET",Down,BUY,10,0.52,0x546ee0456fc24a74bcaded29ffb5d254cf12965f46ca91720c2e9434c84ee0b7,2026-05-02 11:06:16,0xe803b5d6cc59444c038626233d301563778ee23a8c5f7f8f3be6e59c00e8a412,eth-updown-5m-1777709100
"Ethereum Up or Down - May 2, 4:05AM-4:10AM ET",Down,BUY,10,0.50744,0x546ee0456fc24a74bcaded29ffb5d254cf12965f46ca91720c2e9434c84ee0b7,2026-05-02 11:06:16,0x152d873d4ecd8a6a9978f0057b030b18845db4f9b4bca37cc5868d94db3b530c,eth-updown-5m-1777709100
"Ethereum Up or Down - May 2, 4:05AM-4:10AM ET",Down,BUY,5,0.42,0x546ee0456fc24a74bcaded29ffb5d254cf12965f46ca91720c2e9434c84ee0b7,2026-05-02 11:06:16,0x07e65051c90cb278cc7c54faaf38a54ff7ca2a8dedf79af62f4b5935250141c3,eth-updown-5m-1777709100
"Ethereum Up or Down - May 2, 4:05AM-4:10AM ET",Up,BUY,11,0.6191272727272727,0x546ee0456fc24a74bcaded29ffb5d254cf12965f46ca91720c2e9434c84ee0b7,2026-05-02 11:06:02,0xf1435e278b2df02683296c63bf251fff904fe3b13c8e4091ca1c8ee55b20cd07,eth-updown-5m-1777709100
"Ethereum Up or Down - May 2, 4:05AM-4:10AM ET",Down,BUY,5.51,0.4,0x546ee0456fc24a74bcaded29ffb5d254cf12965f46ca91720c2e9434c84ee0b7,2026-05-02 11:05:56,0x71bf4f703aaa4c1e98ab24b1c0bac68ad90f49f05b4670f0e3490a4a24e9a8a4,eth-updown-5m-1777709100
"Ethereum Up or Down - May 2, 4:05AM-4:10AM ET",Up,BUY,12,0.64,0x546ee0456fc24a74bcaded29ffb5d254cf12965f46ca91720c2e9434c84ee0b7,2026-05-02 11:05:54,0xd1ff3d01cdc45000e67dc68174c80f7f45947e340220f9e5f65ab5bfb769c891,eth-updown-5m-1777709100
"Ethereum Up or Down - May 2, 4:05AM-4:10AM ET",Up,BUY,11,0.64,0x546ee0456fc24a74bcaded29ffb5d254cf12965f46ca91720c2e9434c84ee0b7,2026-05-02 11:05:54,0x33c38e65dd7c8abdabdcef095294f28794ecb101cef3c5f442a0664fe0fd6f7e,eth-updown-5m-1777709100
"Ethereum Up or Down - May 2, 4:05AM-4:10AM ET",Up,BUY,11,0.65,0x546ee0456fc24a74bcaded29ffb5d254cf12965f46ca91720c2e9434c84ee0b7,2026-05-02 11:05:52,0xc072b3738f7f3434f422bd2be88fa33b4a4d8ce585146ac9241888c84f577cf1,eth-updown-5m-1777709100
"Ethereum Up or Down - May 2, 4:05AM-4:10AM ET",Up,BUY,1.35,0.6,0x546ee0456fc24a74bcaded29ffb5d254cf12965f46ca91720c2e9434c84ee0b7,2026-05-02 11:05:52,0xd3acc4afddfc90b8c43750865d396e7d42727863c116ff83d5ce6e89740cce75,eth-updown-5m-1777709100
"Ethereum Up or Down - May 2, 4:05AM-4:10AM ET",Up,BUY,11,0.54,0x546ee0456fc24a74bcaded29ffb5d254cf12965f46ca91720c2e9434c84ee0b7,2026-05-02 11:05:52,0xeeb42922ea2612c1052402ac2d9c4b2c31007f2000bc43d31ed03e1484be5800,eth-updown-5m-1777709100
"Ethereum Up or Down - May 2, 4:05AM-4:10AM ET",Up,BUY,10,0.54,0x546ee0456fc24a74bcaded29ffb5d254cf12965f46ca91720c2e9434c84ee0b7,2026-05-02 11:05:52,0x4a1a82338ab5d125166f3276783fb47b912ac965738723cb9cb57e831003c807,eth-updown-5m-1777709100
"Ethereum Up or Down - May 2, 4:05AM-4:10AM ET",Up,BUY,10,0.54,0x546ee0456fc24a74bcaded29ffb5d254cf12965f46ca91720c2e9434c84ee0b7,2026-05-02 11:05:52,0x79976d7876d352732b55b5c31f62120b244713a6478c1b7d9691be58e48418fd,eth-updown-5m-1777709100
"Bitcoin Up or Down - May 2, 4:05AM-4:10AM ET",Up,BUY,41,0.54,0xfed5cc933c2009b5a523c0d2d1288d6d9cb67bd444f67a8606341481f262ed35,2026-05-02 11:05:50,0xcbb8b5b84e56eca72dfb2f924dae8a73ac4515aaa32a0705bea7fcfdc261009a,btc-updown-5m-1777709100
"Bitcoin Up or Down - May 2, 4AM ET",Up,BUY,5,0.44,0xdad58b8d7e6f789ef2556be80d401e698b5347b3d0a871fca801cb40ef2ccc11,2026-05-02 11:05:50,0x51bbb3a5d8066798c2afa1a9f1d5677feee8beff1bde16d3cb724ea4b4cf4fc9,bitcoin-up-or-down-may-2-2026-4am-et
"Bitcoin Up or Down - May 2, 4:00AM-4:15AM ET",Up,BUY,11,0.37,0x63cb1620e3dddee7f8ff65d335e95ae5091025cf75ee928745f733ae9c5b1d49,2026-05-02 11:05:50,0xe16b0e5b9a95d2baf9919654d1ab3c8b9d1a7b6bec6bebe8bab8b228c42bf313,btc-updown-15m-1777708800
"Ethereum Up or Down - May 2, 4:05AM-4:10AM ET",Up,BUY,11,0.54,0x546ee0456fc24a74bcaded29ffb5d254cf12965f46ca91720c2e9434c84ee0b7,2026-05-02 11:05:50,0x188988cbad5318134e91dfadf16bef2ff949a99c137d360ddf573111fdd78e90,eth-updown-5m-1777709100
"Ethereum Up or Down - May 2, 4:05AM-4:10AM ET",Up,BUY,10,0.54,0x546ee0456fc24a74bcaded29ffb5d254cf12965f46ca91720c2e9434c84ee0b7,2026-05-02 11:05:50,0xeba51aaf4a3e1416c83bc8d987c3b29a1a044c160414119066c794ce4aeecd90,eth-updown-5m-1777709100
"Bitcoin Up or Down - May 2, 4AM ET",Up,BUY,5,0.44,0xdad58b8d7e6f789ef2556be80d401e698b5347b3d0a871fca801cb40ef2ccc11,2026-05-02 11:05:50,0x40b202dd71a5774acdcb4e40ed2278805abbcf6df313d5d8bdb8d8d6ae3d2cc4,bitcoin-up-or-down-may-2-2026-4am-et
"Ethereum Up or Down - May 2, 4:05AM-4:10AM ET",Up,BUY,10,0.51,0x546ee0456fc24a74bcaded29ffb5d254cf12965f46ca91720c2e9434c84ee0b7,2026-05-02 11:05:50,0xbf8ae7ce4a0368e026ab012707e28bc904e916ec0eef21f2d9d1f24d3582a468,eth-updown-5m-1777709100
"Bitcoin Up or Down - May 2, 4:00AM-4:15AM ET",Up,BUY,11,0.3654545454545455,0x63cb1620e3dddee7f8ff65d335e95ae5091025cf75ee928745f733ae9c5b1d49,2026-05-02 11:05:50,0xf11373194744d5ba4fd1666173a8c1eefab065af71132721d9cebfe12b650ed2,btc-updown-15m-1777708800
"Ethereum Up or Down - May 2, 4:05AM-4:10AM ET",Up,BUY,10,0.51,0x546ee0456fc24a74bcaded29ffb5d254cf12965f46ca91720c2e9434c84ee0b7,2026-05-02 11:05:46,0xb48ce2e96dbc9e0d1fc83f5b80e34d2b203e4f6ac703bfd6bfc2bacbb15941e4,eth-updown-5m-1777709100
"Ethereum Up or Down - May 2, 4:05AM-4:10AM ET",Down,BUY,10,0.48718,0x546ee0456fc24a74bcaded29ffb5d254cf12965f46ca91720c2e9434c84ee0b7,2026-05-02 11:05:46,0x71f3343b79bcbb95df63eb51490a1c154ad55390a1f1dd605025a712a8331c2a,eth-updown-5m-1777709100
"Ethereum Up or Down - May 2, 4:05AM-4:10AM ET",Down,BUY,10,0.5,0x546ee0456fc24a74bcaded29ffb5d254cf12965f46ca91720c2e9434c84ee0b7,2026-05-02 11:05:46,0xb2f591dc6e0a36e5fe45f256c822a73db0d989459885330598fd61f289f32f05,eth-updown-5m-1777709100
"Ethereum Up or Down - May 2, 4:05AM-4:10AM ET",Down,BUY,10,0.5,0x546ee0456fc24a74bcaded29ffb5d254cf12965f46ca91720c2e9434c84ee0b7,2026-05-02 11:05:46,0x1dcb26230b427ad424870c72a38ab54f3684687001566730bf01c85a6b70161f,eth-updown-5m-1777709100
"Ethereum Up or Down - May 2, 4:05AM-4:10AM ET",Down,BUY,10,0.48,0x546ee0456fc24a74bcaded29ffb5d254cf12965f46ca91720c2e9434c84ee0b7,2026-05-02 11:05:44,0xbc076b6c5ab5da6a3ea73dd3c7edf86fe6c57458dd4c74e59124a41b2e1c550f,eth-updown-5m-1777709100
"Ethereum Up or Down - May 2, 4:05AM-4:10AM ET",Down,BUY,10,0.47,0x546ee0456fc24a74bcaded29ffb5d254cf12965f46ca91720c2e9434c84ee0b7,2026-05-02 11:05:44,0x5d19e6e6cfcdd2211d6b5018996295976e37f2740fe8e97b578e2163760fb7a2,eth-updown-5m-1777709100
"Ethereum Up or Down - May 2, 4:00AM-4:05AM ET",Down,BUY,16,0.77,0x44157cdbf767db5ce941bc3a83789cde554bae52b3f8e0298c9a5a4d2b5a11ac,2026-05-02 11:04:16,0xc733dd769c29dd9580e6b48f7ec3cfde2134b9b4ef932949171f6ba74de98742,eth-updown-5m-1777708800
"Ethereum Up or Down - May 2, 4:00AM-4:05AM ET",Down,BUY,22,0.7781818181818182,0x44157cdbf767db5ce941bc3a83789cde554bae52b3f8e0298c9a5a4d2b5a11ac,2026-05-02 11:04:16,0x63d9244377e2407130f3af96b7421851075772c8f1001c96e663dea40934283c,eth-updown-5m-1777708800
"Ethereum Up or Down - May 2, 4:00AM-4:05AM ET",Up,BUY,12,0.30480833333333335,0x44157cdbf767db5ce941bc3a83789cde554bae52b3f8e0298c9a5a4d2b5a11ac,2026-05-02 11:03:52,0x365c91f3f50d0e99895a7b9e1612be9eb73d7793f49c4a6ccdd336571460c8ac,eth-updown-5m-1777708800
"Ethereum Up or Down - May 2, 4:00AM-4:05AM ET",Up,BUY,12,0.27868333333333334,0x44157cdbf767db5ce941bc3a83789cde554bae52b3f8e0298c9a5a4d2b5a11ac,2026-05-02 11:03:32,0x0ad434cf55b762d68738bd2948a0ed074fa92abde0284605e4bf3fb90cc709aa,eth-updown-5m-1777708800
"Bitcoin Up or Down - May 2, 4:00AM-4:05AM ET",Down,BUY,71,0.8204394366197183,0x393135d300bbd5b95764dd461249e07ff28bade5451e5f24dd3685b5e31d49b2,2026-05-02 11:03:28,0xebc3cde38ac7c19a364e52aa7894c5196f1f0940c6e42111e1c33e412e9a65fc,btc-updown-5m-1777708800
"Ethereum Up or Down - May 2, 4:00AM-4:05AM ET",Up,BUY,11,0.28,0x44157cdbf767db5ce941bc3a83789cde554bae52b3f8e0298c9a5a4d2b5a11ac,2026-05-02 11:03:24,0x46a7a253233126001a9301dd5349ed8ec723b9f41e96204d6fc9c29bbada5cee,eth-updown-5m-1777708800
"Ethereum Up or Down - May 2, 4:00AM-4:05AM ET",Up,BUY,12,0.28,0x44157cdbf767db5ce941bc3a83789cde554bae52b3f8e0298c9a5a4d2b5a11ac,2026-05-02 11:03:24,0xfe2d346d8771c1674e91f454cd0f59b5824400678d338a5fd8c3c96b9eb59d72,eth-updown-5m-1777708800
"Bitcoin Up or Down - May 2, 4:00AM-4:05AM ET",Up,BUY,62,0.1710483870967742,0x393135d300bbd5b95764dd461249e07ff28bade5451e5f24dd3685b5e31d49b2,2026-05-02 11:03:22,0xb4608292b8a922ced154588c3fd2bb6c721f27f61389ef4344b9378b5a80c5dc,btc-updown-5m-1777708800
"Ethereum Up or Down - May 2, 4:00AM-4:05AM ET",Up,BUY,12,0.28,0x44157cdbf767db5ce941bc3a83789cde554bae52b3f8e0298c9a5a4d2b5a11ac,2026-05-02 11:03:22,0xb39035d1d3b258c16284037e60e864edcf8d967d75062f3aaf802edcdf50aec0,eth-updown-5m-1777708800
"Bitcoin Up or Down - May 2, 4:00AM-4:05AM ET",Up,BUY,65,0.16517076923076923,0x393135d300bbd5b95764dd461249e07ff28bade5451e5f24dd3685b5e31d49b2,2026-05-02 11:03:22,0x9dd4d2de5a6ae706cb0c1a851cb8e29f1665241d10a38a4ea9ca8e17e0812bba,btc-updown-5m-1777708800
"Ethereum Up or Down - May 2, 4:00AM-4:05AM ET",Up,BUY,11,0.28,0x44157cdbf767db5ce941bc3a83789cde554bae52b3f8e0298c9a5a4d2b5a11ac,2026-05-02 11:03:22,0x46b0fdf20dbd1feb81f24bc83e523d0897074aec325ee5a30d4ede03fa10894e,eth-updown-5m-1777708800
"Bitcoin Up or Down - May 2, 4:00AM-4:05AM ET",Up,BUY,68,0.16,0x393135d300bbd5b95764dd461249e07ff28bade5451e5f24dd3685b5e31d49b2,2026-05-02 11:03:22,0x0033d28cdde0c779a7c7344d75e3d979f634579d6fb013b451528db7debd3766,btc-updown-5m-1777708800
"Bitcoin Up or Down - May 2, 4:00AM-4:05AM ET",Up,BUY,55,0.17272727272727273,0x393135d300bbd5b95764dd461249e07ff28bade5451e5f24dd3685b5e31d49b2,2026-05-02 11:03:22,0x128137c1a1d3db07027b6fe7d03255ea015910ffc0eca1cc4542afa3824c1591,btc-updown-5m-1777708800
"Bitcoin Up or Down - May 2, 4AM ET",Up,BUY,5,0.45,0xdad58b8d7e6f789ef2556be80d401e698b5347b3d0a871fca801cb40ef2ccc11,2026-05-02 11:03:22,0x283e652cd315185cd35b472388b5bcfe5e570c5139ff06b17303655dcb130a6d,bitcoin-up-or-down-may-2-2026-4am-et
"Bitcoin Up or Down - May 2, 4AM ET",Up,BUY,5,0.45,0xdad58b8d7e6f789ef2556be80d401e698b5347b3d0a871fca801cb40ef2ccc11,2026-05-02 11:03:22,0xd5834a749259aa63e1f297df21a368ac8457ebde89b73d72d6c5a2f2a9d9c00b,bitcoin-up-or-down-may-2-2026-4am-et
"Ethereum Up or Down - May 2, 4:00AM-4:05AM ET",Down,BUY,19,0.8168421052631579,0x44157cdbf767db5ce941bc3a83789cde554bae52b3f8e0298c9a5a4d2b5a11ac,2026-05-02 11:03:18,0x1b11ff47970ab404a2df9b8e6c393b19626da2ebaf51ceb794580f46728bd55a,eth-updown-5m-1777708800
"Ethereum Up or Down - May 2, 4:00AM-4:05AM ET",Down,BUY,16,0.80875,0x44157cdbf767db5ce941bc3a83789cde554bae52b3f8e0298c9a5a4d2b5a11ac,2026-05-02 11:03:18,0x208c3acc05f05a8d66308f86e53b540cecb5bb3081d390346c7b81359bb5554a,eth-updown-5m-1777708800
"Ethereum Up or Down - May 2, 4:00AM-4:05AM ET",Down,BUY,18,0.8,0x44157cdbf767db5ce941bc3a83789cde554bae52b3f8e0298c9a5a4d2b5a11ac,2026-05-02 11:03:18,0xcd1e656e671703d36e8507414341c8d411048a0e1abf4c5e560a214cdfed8a95,eth-updown-5m-1777708800
"Bitcoin Up or Down - May 2, 4AM ET",Down,BUY,5,0.57,0xdad58b8d7e6f789ef2556be80d401e698b5347b3d0a871fca801cb40ef2ccc11,2026-05-02 11:03:18,0x02dad06d9198218fdb92f68ad422960ae5ea6e2a53ea99fd898ecf2d235ae020,bitcoin-up-or-down-may-2-2026-4am-et
"Bitcoin Up or Down - May 2, 4AM ET",Down,BUY,5,0.57,0xdad58b8d7e6f789ef2556be80d401e698b5347b3d0a871fca801cb40ef2ccc11,2026-05-02 11:03:18,0x51f7e413aabd1d4d4808b32bc9ad6ee7a89eb4d17cd860cf59676afbd8f06019,bitcoin-up-or-down-may-2-2026-4am-et
"Bitcoin Up or Down - May 2, 4AM ET",Down,BUY,5,0.57,0xdad58b8d7e6f789ef2556be80d401e698b5347b3d0a871fca801cb40ef2ccc11,2026-05-02 11:03:18,0x7730b80bf5d59047055dc425fb4109aa3be1c982c6ecc99839f96d3c8a6b2b8e,bitcoin-up-or-down-may-2-2026-4am-et
"Ethereum Up or Down - May 2, 4:00AM-4:05AM ET",Up,BUY,7,0.27,0x44157cdbf767db5ce941bc3a83789cde554bae52b3f8e0298c9a5a4d2b5a11ac,2026-05-02 11:03:12,0xfc9c5201f75522d8d9d4988425aa50eb5b0a893f3dc6c134e7333171ca62c0ac,eth-updown-5m-1777708800
"Ethereum Up or Down - May 2, 4:00AM-4:05AM ET",Up,BUY,14,0.21577142857142856,0x44157cdbf767db5ce941bc3a83789cde554bae52b3f8e0298c9a5a4d2b5a11ac,2026-05-02 11:03:12,0xc4b2d75eb9d327094f99273663e114ef925c9303e3d86a2515172124a4ff5efe,eth-updown-5m-1777708800
"Ethereum Up or Down - May 2, 4:00AM-4:05AM ET",Up,BUY,11,0.29294545454545456,0x44157cdbf767db5ce941bc3a83789cde554bae52b3f8e0298c9a5a4d2b5a11ac,2026-05-02 11:02:38,0x7951984d666e5828dd1aeaedc757f808dcada00afa7f1556a0b66fab6caf89ff,eth-updown-5m-1777708800
"Ethereum Up or Down - May 2, 4:00AM-4:05AM ET",Up,BUY,12,0.29,0x44157cdbf767db5ce941bc3a83789cde554bae52b3f8e0298c9a5a4d2b5a11ac,2026-05-02 11:02:38,0x839c7ee800044916a1218fdf4a825382ca66cd1212ca5530ee56591bf5d61cc6,eth-updown-5m-1777708800
"Bitcoin Up or Down - May 2, 4AM ET",Up,BUY,5,0.45,0xdad58b8d7e6f789ef2556be80d401e698b5347b3d0a871fca801cb40ef2ccc11,2026-05-02 11:02:14,0xe0850549617b93a08a86be7e28309314625de9733d19d96121d1902d4911b544,bitcoin-up-or-down-may-2-2026-4am-et
"Bitcoin Up or Down - May 2, 4:00AM-8:00AM ET",Up,BUY,5,0.45,0x5414faf1d4f67d580fd195b96186c0beecc19b4c786e84133c96f0fc44c5263b,2026-05-02 11:02:14,0x8dd245f75f1616c7e9bb73e00a7fcc2822503418863731972214703ac4335d3a,btc-updown-4h-1777708800
"Bitcoin Up or Down - May 2, 4:00AM-4:05AM ET",Up,BUY,71,0.14575774647887324,0x393135d300bbd5b95764dd461249e07ff28bade5451e5f24dd3685b5e31d49b2,2026-05-02 11:02:12,0x2a6a06d10bab5bb2be07e071d4cfae892ca2d086bcaf36a27b0488cf1e16774d,btc-updown-5m-1777708800
"Bitcoin Up or Down - May 2, 4:00AM-4:15AM ET",Up,BUY,1.58,0.37,0x63cb1620e3dddee7f8ff65d335e95ae5091025cf75ee928745f733ae9c5b1d49,2026-05-02 11:02:12,0x4238a9d4b9212350292de730d162d4551cc1db0e868e7a67b98ea90e4f4cada9,btc-updown-15m-1777708800
"Bitcoin Up or Down - May 2, 4AM ET",Up,BUY,5,0.4,0xdad58b8d7e6f789ef2556be80d401e698b5347b3d0a871fca801cb40ef2ccc11,2026-05-02 11:02:12,0x4c319149b258c251c0ab0a81aabce7e9115947d558f5099d583a66313990811c,bitcoin-up-or-down-may-2-2026-4am-et
"Bitcoin Up or Down - May 2, 4:00AM-4:05AM ET",Up,BUY,83,0.14,0x393135d300bbd5b95764dd461249e07ff28bade5451e5f24dd3685b5e31d49b2,2026-05-02 11:02:12,0xca0127b7ad259e78ec283c2bfbf18d5249e6fcd6dd218da4e07a491a162b4c8b,btc-updown-5m-1777708800
"Ethereum Up or Down - May 2, 4:00AM-4:05AM ET",Up,BUY,16,0.19,0x44157cdbf767db5ce941bc3a83789cde554bae52b3f8e0298c9a5a4d2b5a11ac,2026-05-02 11:02:12,0xf0773828b1c5e31ca58dfec66d6c1764b117946f13ff1a7fe9152f08f710eb48,eth-updown-5m-1777708800
"Ethereum Up or Down - May 2, 4:00AM-4:05AM ET",Up,BUY,9.56,0.18,0x44157cdbf767db5ce941bc3a83789cde554bae52b3f8e0298c9a5a4d2b5a11ac,2026-05-02 11:02:12,0xf337f7543c95144d6cc4836460da8579f6046229f92daccd8ed862e4967237ff,eth-updown-5m-1777708800
"Bitcoin Up or Down - May 2, 4:00AM-4:05AM ET",Down,BUY,122,0.8899008196721312,0x393135d300bbd5b95764dd461249e07ff28bade5451e5f24dd3685b5e31d49b2,2026-05-02 11:02:08,0x0b4cbd345fff079cc37685cfbdfeebb2107faa735ce5cec05bba0f9d56605aab,btc-updown-5m-1777708800
"Bitcoin Up or Down - May 2, 4:00AM-4:15AM ET",Down,BUY,11,0.6654545454545454,0x63cb1620e3dddee7f8ff65d335e95ae5091025cf75ee928745f733ae9c5b1d49,2026-05-02 11:02:08,0x99d69c6da796353d495f9cfd3df5db39fc2daf8ad5d941a6c444eb669ecb2e84,btc-updown-15m-1777708800
"Bitcoin Up or Down - May 2, 4AM ET",Down,BUY,5,0.61,0xdad58b8d7e6f789ef2556be80d401e698b5347b3d0a871fca801cb40ef2ccc11,2026-05-02 11:02:08,0xa679ec13a80c77fcac161aa401000a163c3d7c4b7562c7c7d94dbd89a1208212,bitcoin-up-or-down-may-2-2026-4am-et
"Bitcoin Up or Down - May 2, 4AM ET",Up,BUY,5,0.4,0xdad58b8d7e6f789ef2556be80d401e698b5347b3d0a871fca801cb40ef2ccc11,2026-05-02 11:02:02,0x1b06791201df7c38794f6bab0d19ad6bdc8b99453e124502083291bcd97119ca,bitcoin-up-or-down-may-2-2026-4am-et
"Ethereum Up or Down - May 2, 4:00AM-4:05AM ET",Up,BUY,19,0.13,0x44157cdbf767db5ce941bc3a83789cde554bae52b3f8e0298c9a5a4d2b5a11ac,2026-05-02 11:02:00,0x597ad11ffe572b33b9862f4c1d4574b4da9975348ccd907e7c3c6f0679aa7a85,eth-updown-5m-1777708800
"Bitcoin Up or Down - May 2, 4:00AM-4:05AM ET",Up,BUY,65,0.15,0x393135d300bbd5b95764dd461249e07ff28bade5451e5f24dd3685b5e31d49b2,2026-05-02 11:02:00,0x6ca0f912662a326f5d3612563fb6a833364bdbdd64ebceddac03ae80cef2c77f,btc-updown-5m-1777708800
"Bitcoin Up or Down - May 2, 4:00AM-4:15AM ET",Up,BUY,11,0.36,0x63cb1620e3dddee7f8ff65d335e95ae5091025cf75ee928745f733ae9c5b1d49,2026-05-02 11:02:00,0x2f9adc18810f7eefe635952cbc5a5a204b11798ed3e9b373f53fcd4b9355d37e,btc-updown-15m-1777708800
"Bitcoin Up or Down - May 2, 4:00AM-4:05AM ET",Up,BUY,74,0.14,0x393135d300bbd5b95764dd461249e07ff28bade5451e5f24dd3685b5e31d49b2,2026-05-02 11:02:00,0xcd5bd11c8dc0188130679ab471bc251b40b0008b61e99aa0682b0ba1a3828440,btc-updown-5m-1777708800
"Ethereum Up or Down - May 2, 4:00AM-4:05AM ET",Up,BUY,17.44,0.15866399082568808,0x44157cdbf767db5ce941bc3a83789cde554bae52b3f8e0298c9a5a4d2b5a11ac,2026-05-02 11:02:00,0x2d4eb764bdab765121f494bea089b855b73f69cf7cbc593345f8dcc41bde785a,eth-updown-5m-1777708800
"Bitcoin Up or Down - May 2, 4AM ET",Up,BUY,5,0.37,0xdad58b8d7e6f789ef2556be80d401e698b5347b3d0a871fca801cb40ef2ccc11,2026-05-02 11:01:56,0xef1c1f85b32df3d17b63e7f79ff64d74d00c258dcd82ffdc363a37509b68703e,bitcoin-up-or-down-may-2-2026-4am-et
"Ethereum Up or Down - May 2, 4:00AM-4:05AM ET",Up,BUY,2.85,0.09,0x44157cdbf767db5ce941bc3a83789cde554bae52b3f8e0298c9a5a4d2b5a11ac,2026-05-02 11:01:52,0x6f8cbcf72cbc18d717509615d63e3ccb320890dd9e791ff90490f88cf283867a,eth-updown-5m-1777708800
"Bitcoin Up or Down - May 2, 4:00AM-4:05AM ET",Up,BUY,91.15,0.0902029621503017,0x393135d300bbd5b95764dd461249e07ff28bade5451e5f24dd3685b5e31d49b2,2026-05-02 11:01:38,0x079fe2ea1820a873fa89df70729df52325490fd228a71bef7ceec7bd4598249b,btc-updown-5m-1777708800
"Bitcoin Up or Down - May 2, 4:00AM-4:05AM ET",Up,BUY,111,0.08912612612612612,0x393135d300bbd5b95764dd461249e07ff28bade5451e5f24dd3685b5e31d49b2,2026-05-02 11:01:38,0x91bf3776dcfdbe32a63f05d7c69057f6a560cb6c4ff0bbdaf87dd6175bdb5103,btc-updown-5m-1777708800
"Bitcoin Up or Down - May 2, 4:00AM-4:05AM ET",Up,BUY,11.43,0.10125109361329834,0x393135d300bbd5b95764dd461249e07ff28bade5451e5f24dd3685b5e31d49b2,2026-05-02 11:01:38,0xbe98d3c0cbd5a22d4287d3ffa9e29d98c51710d007078d64e78cc706ccd66163,btc-updown-5m-1777708800
"Bitcoin Up or Down - May 2, 4AM ET",Up,BUY,5,0.36,0xdad58b8d7e6f789ef2556be80d401e698b5347b3d0a871fca801cb40ef2ccc11,2026-05-02 11:01:38,0xe09e90f8cea3fa1f85e62501da0d2bfced7e04660be95282ce3b428f5092ed67,bitcoin-up-or-down-may-2-2026-4am-et
"Bitcoin Up or Down - May 2, 4:00AM-4:15AM ET",Up,BUY,10,0.28,0x63cb1620e3dddee7f8ff65d335e95ae5091025cf75ee928745f733ae9c5b1d49,2026-05-02 11:01:36,0xa833521c7e794ee73e4b80f29844e51526ab93bbe9bb43961715462f247a01a3,btc-updown-15m-1777708800
"Bitcoin Up or Down - May 2, 4:00AM-4:05AM ET",Up,BUY,102,0.08,0x393135d300bbd5b95764dd461249e07ff28bade5451e5f24dd3685b5e31d49b2,2026-05-02 11:01:36,0x7f925fb7ff3d8b80b5ed685a3ac64fe704ade5b169b73538b111472940c1b107,btc-updown-5m-1777708800
"Bitcoin Up or Down - May 2, 4AM ET",Up,BUY,6,0.33,0xdad58b8d7e6f789ef2556be80d401e698b5347b3d0a871fca801cb40ef2ccc11,2026-05-02 11:01:28,0x57714feea60efedc518df3bcb1a87d635cf549f5a28ffbedd96fa4e15d29f733,bitcoin-up-or-down-may-2-2026-4am-et
"Bitcoin Up or Down - May 2, 4AM ET",Up,BUY,5,0.33,0xdad58b8d7e6f789ef2556be80d401e698b5347b3d0a871fca801cb40ef2ccc11,2026-05-02 11:01:28,0xdc06a0ffc71b62acc75af750ce544fc6744ba179c7224db029cec9608adb33d9,bitcoin-up-or-down-may-2-2026-4am-et
"Bitcoin Up or Down - May 2, 4:00AM-4:15AM ET",Up,BUY,13,0.26,0x63cb1620e3dddee7f8ff65d335e95ae5091025cf75ee928745f733ae9c5b1d49,2026-05-02 11:01:28,0x42caa3d108a8a95db527302641c003e05e2d386e2ebed53c8a24ff035287a250,btc-updown-15m-1777708800
"Bitcoin Up or Down - May 2, 4:00AM-4:05AM ET",Up,BUY,102,0.1,0x393135d300bbd5b95764dd461249e07ff28bade5451e5f24dd3685b5e31d49b2,2026-05-02 11:01:28,0x60f599c77ec2ee5fd30425588f4219d1da6795e490c8103e4224dca4cb6c8dff,btc-updown-5m-1777708800
"Bitcoin Up or Down - May 2, 4:00AM-4:05AM ET",Up,BUY,111,0.1,0x393135d300bbd5b95764dd461249e07ff28bade5451e5f24dd3685b5e31d49b2,2026-05-02 11:01:28,0x013acaed07545a2896271a6d52233b9bcd3eeb0d90252e8ea1ec5adc514b0d33,btc-updown-5m-1777708800
"Bitcoin Up or Down - May 2, 4AM ET",Up,BUY,6,0.33,0xdad58b8d7e6f789ef2556be80d401e698b5347b3d0a871fca801cb40ef2ccc11,2026-05-02 11:01:28,0xde943f71dea24a7dda523b73662292a791f0a158d83735a4917dc4dccfb95efd,bitcoin-up-or-down-may-2-2026-4am-et
"Bitcoin Up or Down - May 2, 4:00AM-4:05AM ET",Down,BUY,88,0.85,0x393135d300bbd5b95764dd461249e07ff28bade5451e5f24dd3685b5e31d49b2,2026-05-02 11:01:12,0x3c3dc339c3b71e7d7dfd6488140dbfadf882541997ff5e7a4185cd6767193043,btc-updown-5m-1777708800
"Bitcoin Up or Down - May 2, 4:00AM-4:15AM ET",Down,BUY,13,0.71,0x63cb1620e3dddee7f8ff65d335e95ae5091025cf75ee928745f733ae9c5b1d49,2026-05-02 11:01:12,0x920a8e5a01a7a15a2d3d7220587b053c53d15bfd9855260a64bc0f18af4d0ad7,btc-updown-15m-1777708800
"Bitcoin Up or Down - May 2, 4AM ET",Down,BUY,5,0.64,0xdad58b8d7e6f789ef2556be80d401e698b5347b3d0a871fca801cb40ef2ccc11,2026-05-02 11:01:12,0x8d8c9cef32c29171d5eab235be2bb3e0960c08d3adfa0486991746083b22b7d1,bitcoin-up-or-down-may-2-2026-4am-et
"Ethereum Up or Down - May 2, 4:00AM-4:05AM ET",Down,BUY,31,0.89,0x44157cdbf767db5ce941bc3a83789cde554bae52b3f8e0298c9a5a4d2b5a11ac,2026-05-02 11:00:54,0x3dcb9f55f63c1eb24114aa8b4230c3a31b76be50ac661745482ed97e6b297a60,eth-updown-5m-1777708800
"Bitcoin Up or Down - May 2, 4:00AM-4:05AM ET",Up,BUY,56,0.21,0x393135d300bbd5b95764dd461249e07ff28bade5451e5f24dd3685b5e31d49b2,2026-05-02 11:00:50,0x89281b3a477463134cadbb4b47a09448b0e985a0cd8b67415685f5fa72565307,btc-updown-5m-1777708800
"Bitcoin Up or Down - May 2, 4AM ET",Up,BUY,5,0.37,0xdad58b8d7e6f789ef2556be80d401e698b5347b3d0a871fca801cb40ef2ccc11,2026-05-02 11:00:50,0x406d4968c1f676bc950dd99144de676bec6346fe6c6193c97d884350416542c5,bitcoin-up-or-down-may-2-2026-4am-et
"Bitcoin Up or Down - May 2, 4AM ET",Up,BUY,5,0.37,0xdad58b8d7e6f789ef2556be80d401e698b5347b3d0a871fca801cb40ef2ccc11,2026-05-02 11:00:50,0x7287d3c1417654f4edc16d159a88242b160cd92be3c880a2d0c863eb8f390f4b,bitcoin-up-or-down-may-2-2026-4am-et
"Bitcoin Up or Down - May 2, 4:00AM-4:15AM ET",Up,BUY,11,0.34545454545454546,0x63cb1620e3dddee7f8ff65d335e95ae5091025cf75ee928745f733ae9c5b1d49,2026-05-02 11:00:50,0x3d6947a1e844e1fd15832f5e305b6c18fb60eff6c0fc09662b3d6a051cd5cb8e,btc-updown-15m-1777708800
"Bitcoin Up or Down - May 2, 4:00AM-4:05AM ET",Down,BUY,68,0.8130367647058824,0x393135d300bbd5b95764dd461249e07ff28bade5451e5f24dd3685b5e31d49b2,2026-05-02 11:00:36,0xc9c63cad266cfe6a26810caad9d6b782f56609920575c67c10e6f5cb24e3c5fa,btc-updown-5m-1777708800
"Bitcoin Up or Down - May 2, 4:00AM-4:15AM ET",Down,BUY,11,0.65,0x63cb1620e3dddee7f8ff65d335e95ae5091025cf75ee928745f733ae9c5b1d49,2026-05-02 11:00:36,0xab0a65840460e838d0672524ef5ab8bf9628bf9c40edc2cb63241dc92fa95fa2,btc-updown-15m-1777708800
"Bitcoin Up or Down - May 2, 4AM ET",Down,BUY,5,0.63,0xdad58b8d7e6f789ef2556be80d401e698b5347b3d0a871fca801cb40ef2ccc11,2026-05-02 11:00:36,0x8a254967c18ee3119ca3dbd5bdb631b7dd2db017cc7ee51179a3aebb887e56fc,bitcoin-up-or-down-may-2-2026-4am-et
"Bitcoin Up or Down - May 2, 4AM ET",Down,BUY,0.5,0.62,0xdad58b8d7e6f789ef2556be80d401e698b5347b3d0a871fca801cb40ef2ccc11,2026-05-02 11:00:36,0x02e2f564415fdee47fa0f27ff2158611ecf27a9813f471c1d9d444231646d419,bitcoin-up-or-down-may-2-2026-4am-et
"Ethereum Up or Down - May 2, 4:00AM-4:05AM ET",Up,BUY,15,0.18,0x44157cdbf767db5ce941bc3a83789cde554bae52b3f8e0298c9a5a4d2b5a11ac,2026-05-02 11:00:26,0x83883f4c3c18f0e375ed190d173e8a2e8f2841cd074f62639f448c86cc3a18df,eth-updown-5m-1777708800
"Bitcoin Up or Down - May 2, 4AM ET",Up,BUY,6,0.33,0xdad58b8d7e6f789ef2556be80d401e698b5347b3d0a871fca801cb40ef2ccc11,2026-05-02 11:00:22,0x4296a92a4ec96a9cde3f8d3ac45c9f7ba513026cdeacf623054847fb65b818b8,bitcoin-up-or-down-may-2-2026-4am-et
"Bitcoin Up or Down - May 2, 4:00AM-4:15AM ET",Down,BUY,14,0.73,0x63cb1620e3dddee7f8ff65d335e95ae5091025cf75ee928745f733ae9c5b1d49,2026-05-02 11:00:16,0x143bb6377d2985e242dc1a6a8b2af123ad3e56b2f85d854d9e2502b879e734e0,btc-updown-15m-1777708800
"Bitcoin Up or Down - May 2, 4:00AM-4:15AM ET",Down,BUY,13,0.73,0x63cb1620e3dddee7f8ff65d335e95ae5091025cf75ee928745f733ae9c5b1d49,2026-05-02 11:00:16,0xbda5501888c5f9038d7aba0fcd1a8d13c43928a7ea39187b51a14d4512c0d287,btc-updown-15m-1777708800
"Ethereum Up or Down - May 2, 4:00AM-4:05AM ET",Down,BUY,11,0.53,0x44157cdbf767db5ce941bc3a83789cde554bae52b3f8e0298c9a5a4d2b5a11ac,2026-05-02 11:00:12,0x791edcaa7a312049977afe31fd5e2c5cc7e15a64abf7b6e458ef889af8b91577,eth-updown-5m-1777708800
"Ethereum Up or Down - May 2, 4:00AM-4:05AM ET",Down,BUY,12,0.5251916666666666,0x44157cdbf767db5ce941bc3a83789cde554bae52b3f8e0298c9a5a4d2b5a11ac,2026-05-02 11:00:12,0x2f4f0f538a3748922060b640947f2c443fcc725ec12aa636d39cfb16524bf957,eth-updown-5m-1777708800
"Bitcoin Up or Down - May 2, 4:00AM-8:00AM ET",Down,BUY,1.37,0.48,0x5414faf1d4f67d580fd195b96186c0beecc19b4c786e84133c96f0fc44c5263b,2026-05-02 11:00:12,0x40bc2785dc412496705df41af233a19304ffdada8d24f9aabd56ec67aaade12b,btc-updown-4h-1777708800
"Ethereum Up or Down - May 2, 4:00AM-4:05AM ET",Down,BUY,11,0.6454545454545455,0x44157cdbf767db5ce941bc3a83789cde554bae52b3f8e0298c9a5a4d2b5a11ac,2026-05-02 11:00:12,0xbdb9ec16fc7b33f97ec48f7e1dadd2c88abff24360b59d007009a86f99da8e4f,eth-updown-5m-1777708800
"Ethereum Up or Down - May 2, 4:00AM-4:05AM ET",Down,BUY,7.27,0.6,0x44157cdbf767db5ce941bc3a83789cde554bae52b3f8e0298c9a5a4d2b5a11ac,2026-05-02 11:00:12,0x11b2b69d0691e4bc6f45a40b8f3820a477761daca5c891639d478ad25b71dbbb,eth-updown-5m-1777708800
"Ethereum Up or Down - May 2, 4:00AM-4:05AM ET",Down,BUY,11,0.5723727272727273,0x44157cdbf767db5ce941bc3a83789cde554bae52b3f8e0298c9a5a4d2b5a11ac,2026-05-02 11:00:12,0xb39fc0ae7a0712ae3f97b699b44bfb674fef2a661cb34de9e9ca915f3b1e59c1,eth-updown-5m-1777708800
"Bitcoin Up or Down - May 2, 4:00AM-4:05AM ET",Down,BUY,42,0.54,0x393135d300bbd5b95764dd461249e07ff28bade5451e5f24dd3685b5e31d49b2,2026-05-02 11:00:12,0x5277fb61ae6527b0525577822f23f71cb29ed081b1de359172e8a8a09f71ffd9,btc-updown-5m-1777708800
"Ethereum Up or Down - May 2, 4:00AM-4:05AM ET",Down,BUY,11,0.65,0x44157cdbf767db5ce941bc3a83789cde554bae52b3f8e0298c9a5a4d2b5a11ac,2026-05-02 11:00:12,0x119f7117d36630e53a50c3808756e1f8d7651c9a83efab1a4d49f440edb398aa,eth-updown-5m-1777708800
"Ethereum Up or Down - May 2, 4:00AM-4:05AM ET",Down,BUY,5,0.6,0x44157cdbf767db5ce941bc3a83789cde554bae52b3f8e0298c9a5a4d2b5a11ac,2026-05-02 11:00:12,0xfb3ce92defbeb6637110ccf944e05b749e7851d8abb4066a07ef6953e7357f1d,eth-updown-5m-1777708800
"Bitcoin Up or Down - May 2, 4:00AM-4:05AM ET",Down,BUY,46,0.5423913043478261,0x393135d300bbd5b95764dd461249e07ff28bade5451e5f24dd3685b5e31d49b2,2026-05-02 11:00:12,0x7c55fdea21cc8739135c9ca93e8844d9faa010477438a8d7a153649e44908ad6,btc-updown-5m-1777708800
"Bitcoin Up or Down - May 2, 4:00AM-4:05AM ET",Down,BUY,42,0.5557142857142857,0x393135d300bbd5b95764dd461249e07ff28bade5451e5f24dd3685b5e31d49b2,2026-05-02 11:00:12,0x6c5602268cf18db5abbef53a4be36a792ca92a3808a1bf105f67f75dd6396fb3,btc-updown-5m-1777708800
"Ethereum Up or Down - May 2, 4:00AM-4:05AM ET",Down,BUY,11,0.5130727272727272,0x44157cdbf767db5ce941bc3a83789cde554bae52b3f8e0298c9a5a4d2b5a11ac,2026-05-02 11:00:12,0x453fe9175155df7522c090c4a2567922f20ceb268b119a37e11a1b977b57ef4d,eth-updown-5m-1777708800
"Bitcoin Up or Down - May 2, 4:00AM-4:05AM ET",Down,BUY,41,0.51,0x393135d300bbd5b95764dd461249e07ff28bade5451e5f24dd3685b5e31d49b2,2026-05-02 11:00:10,0xd29bd3b464cedcb91401cd3dc64012723faa6519f71e4f0ae8613ff894bdb139,btc-updown-5m-1777708800
"Bitcoin Up or Down - May 2, 4:00AM-4:05AM ET",Down,BUY,42,0.51,0x393135d300bbd5b95764dd461249e07ff28bade5451e5f24dd3685b5e31d49b2,2026-05-02 11:00:10,0x888bf442f685c973bdf772a8caab72d4dbaf79e62729d1d70ad3ab41b17ded99,btc-updown-5m-1777708800
"Bitcoin Up or Down - May 2, 4:00AM-4:05AM ET",Down,BUY,40,0.5,0x393135d300bbd5b95764dd461249e07ff28bade5451e5f24dd3685b5e31d49b2,2026-05-02 11:00:08,0x116eda5bce9535c4b539ffbe31e3500769aa4389403004a11f6ae1eef82f2af9,btc-updown-5m-1777708800
"Bitcoin Up or Down - May 2, 4:00AM-4:05AM ET",Down,BUY,40,0.47,0x393135d300bbd5b95764dd461249e07ff28bade5451e5f24dd3685b5e31d49b2,2026-05-02 11:00:08,0x9cd0ead17ddcdb47c8f73ed37c6672ef4fc79eb5541a4bca338fa050593e806f,btc-updown-5m-1777708800
"Bitcoin Up or Down - May 2, 4:00AM-4:15AM ET",Down,BUY,10,0.5,0x63cb1620e3dddee7f8ff65d335e95ae5091025cf75ee928745f733ae9c5b1d49,2026-05-02 11:00:08,0x677d92c75247e80bd025a5248738caa47ee107cc2d3ee03f55767e75338593a0,btc-updown-15m-1777708800
"Bitcoin Up or Down - May 2, 4:00AM-4:15AM ET",Down,BUY,9,0.46,0x63cb1620e3dddee7f8ff65d335e95ae5091025cf75ee928745f733ae9c5b1d49,2026-05-02 11:00:06,0x6cf61094ba14fad510de2c06106f4344d7193b2980104f5326160b3c11299653,btc-updown-15m-1777708800
"Bitcoin Up or Down - May 2, 4:00AM-4:15AM ET",Down,BUY,10,0.442,0x63cb1620e3dddee7f8ff65d335e95ae5091025cf75ee928745f733ae9c5b1d49,2026-05-02 11:00:06,0x6172f475a7e5dbed32fe5436a3463ba3ef8b9beac019727f580942ed436637df,btc-updown-15m-1777708800
"Bitcoin Up or Down - May 2, 4:00AM-8:00AM ET",Down,BUY,5,0.48,0x5414faf1d4f67d580fd195b96186c0beecc19b4c786e84133c96f0fc44c5263b,2026-05-02 11:00:06,0xe31d1e9dd576f4352eb060ef355eaa8c95954a6f6486358560fd95677b9f878f,btc-updown-4h-1777708800
"Ethereum Up or Down - May 2, 4:00AM-4:05AM ET",Up,BUY,11,0.5572727272727273,0x44157cdbf767db5ce941bc3a83789cde554bae52b3f8e0298c9a5a4d2b5a11ac,2026-05-02 11:00:04,0x4b939f4c13bbce70a23d3e862be90d7e9583223093495c60845514d76c61a9ab,eth-updown-5m-1777708800
"Bitcoin Up or Down - May 2, 3:55AM-4:00AM ET",Down,BUY,136,0.9,0xdedf82c050c0c1d47500891a0d99dfae13a07c57e397d0b8cbe97179df515daa,2026-05-02 10:59:36,0x8156aa71063dad025edc3c15845fe5b66e61e7c78d4ff06b276ac789e3db1f1f,btc-updown-5m-1777708500
"Bitcoin Up or Down - May 2, 3:55AM-4:00AM ET",Up,BUY,46,0.27,0xdedf82c050c0c1d47500891a0d99dfae13a07c57e397d0b8cbe97179df515daa,2026-05-02 10:59:06,0xc1249fa7a0da0b476a9fa01a6d45a55a11b24ede4dedb757f1b7568caf376d84,btc-updown-5m-1777708500
"Bitcoin Up or Down - May 2, 3:55AM-4:00AM ET",Down,BUY,49,0.69,0xdedf82c050c0c1d47500891a0d99dfae13a07c57e397d0b8cbe97179df515daa,2026-05-02 10:58:56,0x87001a02f8e079db5ce71823fdb7905dffc52be585b90fafc7bc04503be8e5d0,btc-updown-5m-1777708500
"Ethereum Up or Down - May 2, 3:55AM-4:00AM ET",Down,BUY,13,0.7,0x123bd553703769765d357587e0de73a8811a7a9608907fad21cf4625b86285b4,2026-05-02 10:58:56,0xee9d6af9db5823a1403abf3a669db2e5c2d5146d286e7c6536119036a87c092b,eth-updown-5m-1777708500
"Ethereum Up or Down - May 2, 3:55AM-4:00AM ET",Down,BUY,12,0.7,0x123bd553703769765d357587e0de73a8811a7a9608907fad21cf4625b86285b4,2026-05-02 10:58:56,0xa8fb85512dadda9c46b25805c21e6bd656b502669ffd50990e84c2607fa15429,eth-updown-5m-1777708500
"Ethereum Up or Down - May 2, 3:55AM-4:00AM ET",Down,BUY,6.68,0.66,0x123bd553703769765d357587e0de73a8811a7a9608907fad21cf4625b86285b4,2026-05-02 10:58:56,0x9484ebcc90eebbf2937fe0ccf126d91c12f9e7fb930b454e06074647f1a00085,eth-updown-5m-1777708500
"Bitcoin Up or Down - May 2, 3:55AM-4:00AM ET",Up,BUY,41,0.39,0xdedf82c050c0c1d47500891a0d99dfae13a07c57e397d0b8cbe97179df515daa,2026-05-02 10:58:38,0x1804a135fd6cdd9343f79c4b6928e9b3038862ac6fc09f3116b01497786875b4,btc-updown-5m-1777708500
"Bitcoin Up or Down - May 2, 3:45AM-4:00AM ET",Up,BUY,18,0.1543388888888889,0x673aad7004dcde8f51ebd8c1cd15b6667ec8b986e32dd9a5d5d38b7a8d444e7d,2026-05-02 10:58:38,0x5315b909b711ec1a01993ee4a668b7e9b14723f1b503cd56a79bd1075a4dae45,btc-updown-15m-1777707900
"Bitcoin Up or Down - May 2, 3:55AM-4:00AM ET",Up,BUY,42,0.33,0xdedf82c050c0c1d47500891a0d99dfae13a07c57e397d0b8cbe97179df515daa,2026-05-02 10:58:38,0x4c816526709053d6f2f5f278001b8e161b2a5535cc3c1107a11d0ba3ab12f791,btc-updown-5m-1777708500
"Bitcoin Up or Down - May 2, 3:45AM-4:00AM ET",Up,BUY,20,0.13728,0x673aad7004dcde8f51ebd8c1cd15b6667ec8b986e32dd9a5d5d38b7a8d444e7d,2026-05-02 10:58:38,0xa4fb85ef4e60ee147e098cb705ec5e7e189b40f5fcaaee5e98f2c1ffd89d4376,btc-updown-15m-1777707900
"Bitcoin Up or Down - May 2, 3:45AM-4:00AM ET",Up,BUY,21,0.12656666666666666,0x673aad7004dcde8f51ebd8c1cd15b6667ec8b986e32dd9a5d5d38b7a8d444e7d,2026-05-02 10:58:38,0x70284e2f300562cdbfb42d768794247b32c91c70bb49e17f334bfc7f7afc69bd,btc-updown-15m-1777707900
"Ethereum Up or Down - May 2, 3:55AM-4:00AM ET",Up,BUY,11,0.27,0x123bd553703769765d357587e0de73a8811a7a9608907fad21cf4625b86285b4,2026-05-02 10:58:36,0xc85866324152f1b2509261ad26f05d913866e8bfb2192dfdf955d9e04dd426f3,eth-updown-5m-1777708500
"Ethereum Up or Down - May 2, 3:55AM-4:00AM ET",Up,BUY,12,0.27,0x123bd553703769765d357587e0de73a8811a7a9608907fad21cf4625b86285b4,2026-05-02 10:58:36,0xeaafa9c866087f368ce24ee32b483212d8a90bed5ef015984850cbc54381e1f4,eth-updown-5m-1777708500
"Ethereum Up or Down - May 2, 3:55AM-4:00AM ET",Up,BUY,12,0.2602583333333333,0x123bd553703769765d357587e0de73a8811a7a9608907fad21cf4625b86285b4,2026-05-02 10:58:36,0x52cc46caabdc6cb104a05bb28576332974d817b6ed8a6aabd7d03e6866341017,eth-updown-5m-1777708500
"Ethereum Up or Down - May 2, 3:55AM-4:00AM ET",Up,BUY,13,0.22426153846153846,0x123bd553703769765d357587e0de73a8811a7a9608907fad21cf4625b86285b4,2026-05-02 10:58:36,0xd77b3d410c9e765e9c8fbd80c3936b53f3cf74221f52387ce755b6370a4ee7e5,eth-updown-5m-1777708500
"Ethereum Up or Down - May 2, 3:55AM-4:00AM ET",Up,BUY,14,0.2,0x123bd553703769765d357587e0de73a8811a7a9608907fad21cf4625b86285b4,2026-05-02 10:58:36,0xc809359971bd43ecebe5b04466213b7a6e7c0b23975fcc51aff04a45bdfcb11b,eth-updown-5m-1777708500
"Bitcoin Up or Down - May 2, 3:55AM-4:00AM ET",Up,BUY,10,0.29,0xdedf82c050c0c1d47500891a0d99dfae13a07c57e397d0b8cbe97179df515daa,2026-05-02 10:58:36,0xc44942187625fd9cfbbc0fc3c4bd71bb1742d381cf9f86dfc9b0d5c78fdee8df,btc-updown-5m-1777708500
"Ethereum Up or Down - May 2, 3:55AM-4:00AM ET",Up,BUY,15,0.19,0x123bd553703769765d357587e0de73a8811a7a9608907fad21cf4625b86285b4,2026-05-02 10:58:34,0xfa096fae872ec3e494f1e88ceea28697fe37450fb04c81136b81143fd184f8af,eth-updown-5m-1777708500
"Ethereum Up or Down - May 2, 3:55AM-4:00AM ET",Down,BUY,19,0.79,0x123bd553703769765d357587e0de73a8811a7a9608907fad21cf4625b86285b4,2026-05-02 10:58:28,0x5511a73bd822fe89c6f394cb2231b48dfc0c61d1de2bbeb34daabf615b026716,eth-updown-5m-1777708500
"Ethereum Up or Down - May 2, 3:55AM-4:00AM ET",Down,BUY,16,0.79,0x123bd553703769765d357587e0de73a8811a7a9608907fad21cf4625b86285b4,2026-05-02 10:58:28,0xb68f4999b4b87194e73383fec408e1fff2857e2ae160d72afae04b2fd0bc975f,eth-updown-5m-1777708500
"Bitcoin Up or Down - May 2, 3:55AM-4:00AM ET",Down,BUY,51,0.7,0xdedf82c050c0c1d47500891a0d99dfae13a07c57e397d0b8cbe97179df515daa,2026-05-02 10:57:16,0x794acfbe65e4962cc0aa6698f4af2b251653e2aec17099de171335522abf9b84,btc-updown-5m-1777708500
"Ethereum Up or Down - May 2, 3:55AM-4:00AM ET",Down,BUY,11,0.66,0x123bd553703769765d357587e0de73a8811a7a9608907fad21cf4625b86285b4,2026-05-02 10:57:04,0x0e794c6c593f9716f33f43be43f0cd32252c757d8b28ff1fe78d1deb141aae7f,eth-updown-5m-1777708500
"Bitcoin Up or Down - May 2, 3:55AM-4:00AM ET",Down,BUY,48,0.6685645833333334,0xdedf82c050c0c1d47500891a0d99dfae13a07c57e397d0b8cbe97179df515daa,2026-05-02 10:56:54,0xa02e4a934f56e13f05e6363f4c537246b0af289b535879afb3ddaf5d9ad2b91f,btc-updown-5m-1777708500
"Bitcoin Up or Down - May 2, 3:45AM-4:00AM ET",Down,BUY,12,0.7,0x673aad7004dcde8f51ebd8c1cd15b6667ec8b986e32dd9a5d5d38b7a8d444e7d,2026-05-02 10:56:52,0xd888b2b69de7ee52aa043b50d3900582459bfeb7277b8f3ef26e7ee1b4b3183b,btc-updown-15m-1777707900
"Bitcoin Up or Down - May 2, 3:45AM-4:00AM ET",Down,BUY,12,0.7,0x673aad7004dcde8f51ebd8c1cd15b6667ec8b986e32dd9a5d5d38b7a8d444e7d,2026-05-02 10:56:42,0x68e67259f452d1b88663f511ec458bcb58759f508c2c4167e8be43be5fceb912,btc-updown-15m-1777707900
"Bitcoin Up or Down - May 2, 3:55AM-4:00AM ET",Up,BUY,42,0.3749952380952381,0xdedf82c050c0c1d47500891a0d99dfae13a07c57e397d0b8cbe97179df515daa,2026-05-02 10:56:42,0xb4c22ce3ec9a19bd22f4eb513d2e5388ca5bd22bd43b3f061085a82e70dd3e14,btc-updown-5m-1777708500
"Bitcoin Up or Down - May 2, 3:45AM-4:00AM ET",Up,BUY,11,0.31,0x673aad7004dcde8f51ebd8c1cd15b6667ec8b986e32dd9a5d5d38b7a8d444e7d,2026-05-02 10:56:42,0x31d13e6d93fcc4195177b735bc67b24f764f50d31d96507e1464618bd6f9c9de,btc-updown-15m-1777707900
"Bitcoin Up or Down - May 2, 3:55AM-4:00AM ET",Up,BUY,43,0.37,0xdedf82c050c0c1d47500891a0d99dfae13a07c57e397d0b8cbe97179df515daa,2026-05-02 10:56:42,0xd15aaa2a14b8b3b59e4d309e17c4de3bde9277da370b4057e5db9fcf05041bea,btc-updown-5m-1777708500
"Bitcoin Up or Down - May 2, 3:45AM-4:00AM ET",Down,BUY,12,0.7,0x673aad7004dcde8f51ebd8c1cd15b6667ec8b986e32dd9a5d5d38b7a8d444e7d,2026-05-02 10:56:42,0x480258f019be54d2b1f89bacb58b9e49e23349952fd992d4dffeb2bfee489ddf,btc-updown-15m-1777707900
"Bitcoin Up or Down - May 2, 3:45AM-4:00AM ET",Down,BUY,14,0.7,0x673aad7004dcde8f51ebd8c1cd15b6667ec8b986e32dd9a5d5d38b7a8d444e7d,2026-05-02 10:56:42,0xb16ffb39052e59295bf94fb5ff50fe08ddebeb06240290248379977eb33cc45e,btc-updown-15m-1777707900
"Bitcoin Up or Down - May 2, 3:55AM-4:00AM ET",Down,BUY,55,0.64,0xdedf82c050c0c1d47500891a0d99dfae13a07c57e397d0b8cbe97179df515daa,2026-05-02 10:56:42,0xb7cbae2a2adc2ac00dc2a8ee60edc17bd36a0f0a16a0e768d98e85258a1edf3e,btc-updown-5m-1777708500
"Bitcoin Up or Down - May 2, 3:45AM-4:00AM ET",Down,BUY,13,0.7,0x673aad7004dcde8f51ebd8c1cd15b6667ec8b986e32dd9a5d5d38b7a8d444e7d,2026-05-02 10:56:42,0x97ff16ee779ac7cd90e8acf167019e9ac1b3ab97da7ec2be0fbe9fcca32138d3,btc-updown-15m-1777707900
"Bitcoin Up or Down - May 2, 3:55AM-4:00AM ET",Down,BUY,45,0.64,0xdedf82c050c0c1d47500891a0d99dfae13a07c57e397d0b8cbe97179df515daa,2026-05-02 10:56:42,0x475a7e435b1c5a036782988ccbf34abd06e2467283d28a8707f832d117fe73a9,btc-updown-5m-1777708500
"Bitcoin Up or Down - May 2, 3:55AM-4:00AM ET",Down,BUY,49,0.64,0xdedf82c050c0c1d47500891a0d99dfae13a07c57e397d0b8cbe97179df515daa,2026-05-02 10:56:42,0xecc9aea8523ce6d3b120ac20dba4c3cde8e4a9a49129d775a3d36e5b7b2cf079,btc-updown-5m-1777708500
"Bitcoin Up or Down - May 2, 3:55AM-4:00AM ET",Down,BUY,44,0.6,0xdedf82c050c0c1d47500891a0d99dfae13a07c57e397d0b8cbe97179df515daa,2026-05-02 10:56:40,0xabee730880d9b80f37ab795a38f894a5bc5f9a45835b0c88d863b80b21959208,btc-updown-5m-1777708500
"Ethereum Up or Down - May 2, 3:55AM-4:00AM ET",Up,BUY,10,0.4347,0x123bd553703769765d357587e0de73a8811a7a9608907fad21cf4625b86285b4,2026-05-02 10:56:20,0xb75caa0461627fa644b8c0d5ef6f923aab223a6133a0d0c8600de090fb53dd05,eth-updown-5m-1777708500
"Ethereum Up or Down - May 2, 3:55AM-4:00AM ET",Up,BUY,10,0.41,0x123bd553703769765d357587e0de73a8811a7a9608907fad21cf4625b86285b4,2026-05-02 10:56:20,0x77e40bcc6589e57b5eb8e480ad6ef7f64dd3b27f01ad60dee621cbd6133de480,eth-updown-5m-1777708500
"Ethereum Up or Down - May 2, 3:55AM-4:00AM ET",Up,BUY,10,0.39874,0x123bd553703769765d357587e0de73a8811a7a9608907fad21cf4625b86285b4,2026-05-02 10:56:20,0xf7f8fb697637e65c59ad9d017b0d948d0377859ea1c1f31cabadac9c4b6e1ef7,eth-updown-5m-1777708500
"Ethereum Up or Down - May 2, 3:55AM-4:00AM ET",Up,BUY,10,0.39,0x123bd553703769765d357587e0de73a8811a7a9608907fad21cf4625b86285b4,2026-05-02 10:56:18,0xb1bf416b7b987553947e1a66779572aa4cc070775e501557961ffb80570f76d1,eth-updown-5m-1777708500
"Ethereum Up or Down - May 2, 3:55AM-4:00AM ET",Up,BUY,10,0.39,0x123bd553703769765d357587e0de73a8811a7a9608907fad21cf4625b86285b4,2026-05-02 10:56:18,0x4c5a38d6ce40a1b461a3ff1c96b1de42e3c33f49807ed960821623e81bb77231,eth-updown-5m-1777708500
"Ethereum Up or Down - May 2, 3:55AM-4:00AM ET",Up,BUY,10,0.5059,0x123bd553703769765d357587e0de73a8811a7a9608907fad21cf4625b86285b4,2026-05-02 10:55:58,0x2464cd85d6191d9fa7c813f0fcaf5ff89978cabaaecd21778ea40c5c7fb9bdd1,eth-updown-5m-1777708500
"Ethereum Up or Down - May 2, 3:55AM-4:00AM ET",Up,BUY,10,0.46218,0x123bd553703769765d357587e0de73a8811a7a9608907fad21cf4625b86285b4,2026-05-02 10:55:58,0x1de1650145018b75de72b7b8ec0028f7fca9f2383888dd578fad5adbe167f30b,eth-updown-5m-1777708500
"Bitcoin Up or Down - May 2, 3:55AM-4:00AM ET",Down,BUY,40,0.51,0xdedf82c050c0c1d47500891a0d99dfae13a07c57e397d0b8cbe97179df515daa,2026-05-02 10:55:42,0x5da4f0a80ef9664a440bc9c3ff250e30f1828b5e410f1d7cd12a488c22e44529,btc-updown-5m-1777708500
"Bitcoin Up or Down - May 2, 3:45AM-4:00AM ET",Down,BUY,11,0.6,0x673aad7004dcde8f51ebd8c1cd15b6667ec8b986e32dd9a5d5d38b7a8d444e7d,2026-05-02 10:55:40,0x1c909cda841797ca94aa0f21fe461fd915ed914dfde4c42558e6afce18ef8c2d,btc-updown-15m-1777707900
"Ethereum Up or Down - May 2, 3:55AM-4:00AM ET",Down,BUY,10,0.52,0x123bd553703769765d357587e0de73a8811a7a9608907fad21cf4625b86285b4,2026-05-02 10:55:36,0xf697335df8ce50447fd56c1e264288b9b3306fc3d20539da4b0df93bc70489da,eth-updown-5m-1777708500
"Bitcoin Up or Down - May 2, 3:55AM-4:00AM ET",Down,BUY,40,0.5,0xdedf82c050c0c1d47500891a0d99dfae13a07c57e397d0b8cbe97179df515daa,2026-05-02 10:55:36,0xd330f12285e4ee824659c36b5ca34da51d8bdb290350287fe964a2f83226c49d,btc-updown-5m-1777708500
"Ethereum Up or Down - May 2, 3:55AM-4:00AM ET",Down,BUY,10,0.5,0x123bd553703769765d357587e0de73a8811a7a9608907fad21cf4625b86285b4,2026-05-02 10:55:36,0x18c9b21270bbc09ae9e903f45177ed2eb4219eaa4a3e1c3574e15dcce796c23d,eth-updown-5m-1777708500
"Ethereum Up or Down - May 2, 3:55AM-4:00AM ET",Down,BUY,10,0.52,0x123bd553703769765d357587e0de73a8811a7a9608907fad21cf4625b86285b4,2026-05-02 10:55:36,0xebe391325d28e7d8c8917d626725df9d06f1664c8c388b73ee27ce924cb730e2,eth-updown-5m-1777708500
"Ethereum Up or Down - May 2, 3:55AM-4:00AM ET",Down,BUY,11,0.5109090909090909,0x123bd553703769765d357587e0de73a8811a7a9608907fad21cf4625b86285b4,2026-05-02 10:55:36,0x77a4226baee62de7b699641f05bb1a46d0a57ffe2c84e8eb837d3ee58c800b3d,eth-updown-5m-1777708500
"Ethereum Up or Down - May 2, 3:55AM-4:00AM ET",Down,BUY,10,0.52,0x123bd553703769765d357587e0de73a8811a7a9608907fad21cf4625b86285b4,2026-05-02 10:55:36,0x52611d71191d17c5ad3423f4f9119e03c79379a6b0fc9a09d81cb1ac4f89e644,eth-updown-5m-1777708500
"Ethereum Up or Down - May 2, 3:55AM-4:00AM ET",Down,BUY,10,0.48468,0x123bd553703769765d357587e0de73a8811a7a9608907fad21cf4625b86285b4,2026-05-02 10:55:36,0x24a1bae134ef9e8ae93aee5f052ed451566fa9296c418fd891987468c3dcbc68,eth-updown-5m-1777708500
"Ethereum Up or Down - May 2, 3:55AM-4:00AM ET",Down,BUY,10,0.47194,0x123bd553703769765d357587e0de73a8811a7a9608907fad21cf4625b86285b4,2026-05-02 10:55:36,0x9a2119e37d84acae5c56058aacfabe8f7ec256736e4d5968135b7615cd1fb6a4,eth-updown-5m-1777708500
"Ethereum Up or Down - May 2, 3:55AM-4:00AM ET",Down,BUY,10,0.5,0x123bd553703769765d357587e0de73a8811a7a9608907fad21cf4625b86285b4,2026-05-02 10:55:36,0x788375399ee47d115b2dee939d775e1c476d484b0603eba1c8147f2d3ed29c4e,eth-updown-5m-1777708500
"Bitcoin Up or Down - May 2, 3:55AM-4:00AM ET",Down,BUY,40,0.44122,0xdedf82c050c0c1d47500891a0d99dfae13a07c57e397d0b8cbe97179df515daa,2026-05-02 10:55:34,0x19844a2d55aa78e5a2f77db2febd79a0bc6ad3e90e4996c16f2456a954f540b6,btc-updown-5m-1777708500
"Bitcoin Up or Down - May 2, 3:55AM-4:00AM ET",Down,BUY,41,0.4051219512195122,0xdedf82c050c0c1d47500891a0d99dfae13a07c57e397d0b8cbe97179df515daa,2026-05-02 10:55:32,0x8165c10340bae303413c7d7cb207b715042a6fe93e77aa8401025bfcad5b5644,btc-updown-5m-1777708500
"Bitcoin Up or Down - May 2, 3:55AM-4:00AM ET",Up,BUY,42,0.5833238095238096,0xdedf82c050c0c1d47500891a0d99dfae13a07c57e397d0b8cbe97179df515daa,2026-05-02 10:55:24,0x84949d68482138d8380673e8a9fdbe3d7cb1efc9cdf86720037f1f5d549859e0,btc-updown-5m-1777708500
"Bitcoin Up or Down - May 2, 3:45AM-4:00AM ET",Up,BUY,11,0.57,0x673aad7004dcde8f51ebd8c1cd15b6667ec8b986e32dd9a5d5d38b7a8d444e7d,2026-05-02 10:54:58,0xef200a9bf19a5ac59ab5cc5b4ca5ec8ef916db97d0452aca8348e435bf6a4f10,btc-updown-15m-1777707900
"Bitcoin Up or Down - May 2, 3:45AM-4:00AM ET",Up,BUY,10,0.55,0x673aad7004dcde8f51ebd8c1cd15b6667ec8b986e32dd9a5d5d38b7a8d444e7d,2026-05-02 10:54:58,0x3d87b58b4da13891d4dec16b5b2999004d35da5f8072f6d9f390f26380a2a23b,btc-updown-15m-1777707900
"Bitcoin Up or Down - May 2, 3:45AM-4:00AM ET",Up,BUY,10,0.54,0x673aad7004dcde8f51ebd8c1cd15b6667ec8b986e32dd9a5d5d38b7a8d444e7d,2026-05-02 10:54:58,0x3c97e61c0de500a8caf34736100f13b37c8a4fb55d08703a04d87d0fe8071372,btc-updown-15m-1777707900
"Bitcoin Up or Down - May 2, 3:50AM-3:55AM ET",Up,BUY,7.16,0.8546648044692737,0x3d20255faad397c52ded54921cce31799b3c06d244ec7bd9f6a297248885e75d,2026-05-02 10:54:58,0x3d52f8a6dd86a965e050dfb184610579ce3a2cf575af2e2175cfac7c0ab739f8,btc-updown-5m-1777708200
"Bitcoin Up or Down - May 2, 3:45AM-4:00AM ET",Up,BUY,10,0.41892,0x673aad7004dcde8f51ebd8c1cd15b6667ec8b986e32dd9a5d5d38b7a8d444e7d,2026-05-02 10:54:46,0x9b3cfa489407f8278cef2518ad60a516ae5bca56fe09d4aa66724a6f4723e5d0,btc-updown-15m-1777707900
"Bitcoin Up or Down - May 2, 3:45AM-4:00AM ET",Up,BUY,2,0.37,0x673aad7004dcde8f51ebd8c1cd15b6667ec8b986e32dd9a5d5d38b7a8d444e7d,2026-05-02 10:54:46,0x130f64b485d5926a135962d9869df1512a18c2e45ced6e6d3b239ab34cf1927d,btc-updown-15m-1777707900
"Bitcoin Up or Down - May 2, 3:50AM-3:55AM ET",Down,BUY,46,0.32,0x3d20255faad397c52ded54921cce31799b3c06d244ec7bd9f6a297248885e75d,2026-05-02 10:54:20,0xc38f18b33c10d93c952268b92287718d65585b3a2d9e37628b9c585020871258,btc-updown-5m-1777708200
"Bitcoin Up or Down - May 2, 3:50AM-3:55AM ET",Down,BUY,42,0.32,0x3d20255faad397c52ded54921cce31799b3c06d244ec7bd9f6a297248885e75d,2026-05-02 10:54:20,0x989c98572fa096732de3c8d09b16f23e5eb91a602d67d62a4a806c3a98518ee2,btc-updown-5m-1777708200
"Bitcoin Up or Down - May 2, 3:50AM-3:55AM ET",Up,BUY,211,0.739075355450237,0x3d20255faad397c52ded54921cce31799b3c06d244ec7bd9f6a297248885e75d,2026-05-02 10:54:10,0xdd0e1cc429fe5e29525ce0ec0e01fd9f7ffd15d3fabf3e5b1ebcd09a6eb0304b,btc-updown-5m-1777708200
"Bitcoin Up or Down - May 2, 3:50AM-3:55AM ET",Up,BUY,74,0.7545945945945945,0x3d20255faad397c52ded54921cce31799b3c06d244ec7bd9f6a297248885e75d,2026-05-02 10:54:10,0x16bc03522188a417dc72cc3f5df289e1b96c7252a8876dc8affb4647814aa793,btc-updown-5m-1777708200
"Bitcoin Up or Down - May 2, 3:45AM-4:00AM ET",Up,BUY,12,0.27,0x673aad7004dcde8f51ebd8c1cd15b6667ec8b986e32dd9a5d5d38b7a8d444e7d,2026-05-02 10:54:10,0x5c02dd913fe6171cfdb0efd49bc1adfee9368f77a47699e7d5f039b4026a433d,btc-updown-15m-1777707900
"Bitcoin Up or Down - May 2, 3:50AM-3:55AM ET",Up,BUY,83,0.7686156626506024,0x3d20255faad397c52ded54921cce31799b3c06d244ec7bd9f6a297248885e75d,2026-05-02 10:54:10,0x75a2ebeb88366f56c0038ec485e0f515f186172ef4114af0701cbb8bea3742f5,btc-updown-5m-1777708200
"Bitcoin Up or Down - May 2, 3:50AM-3:55AM ET",Up,BUY,53,0.7,0x3d20255faad397c52ded54921cce31799b3c06d244ec7bd9f6a297248885e75d,2026-05-02 10:54:10,0x4915d69ca0f91caadf6975f37eca1176badd338f122d896ca2868cad2e63a413,btc-updown-5m-1777708200
"Ethereum Up or Down - May 2, 3:50AM-3:55AM ET",Down,BUY,53,0.9309415094339623,0xc4202cddde289dcf4a2e32d4f49f7832b59ae7d287077ea21915bfb31502f6b9,2026-05-02 10:54:02,0x9b4bca977ed45ef2fae59ac1d3e23316f68ccfad803113b952addc794b96cd20,eth-updown-5m-1777708200
"Ethereum Up or Down - May 2, 3:50AM-3:55AM ET",Down,BUY,44,0.93,0xc4202cddde289dcf4a2e32d4f49f7832b59ae7d287077ea21915bfb31502f6b9,2026-05-02 10:54:02,0xfc430c1b3a087ef4818de9d0f62e1548e107a4b75c6785a84dbe11bcdff15f62,eth-updown-5m-1777708200
"Bitcoin Up or Down - May 2, 3:50AM-3:55AM ET",Down,BUY,40,0.32,0x3d20255faad397c52ded54921cce31799b3c06d244ec7bd9f6a297248885e75d,2026-05-02 10:54:02,0x93af9174c1760ce7bd489b37e2d83b43c8ecf412d7569b9bc81cf75fdd155324,btc-updown-5m-1777708200
"Ethereum Up or Down - May 2, 3:50AM-3:55AM ET",Down,BUY,38,0.9231342105263158,0xc4202cddde289dcf4a2e32d4f49f7832b59ae7d287077ea21915bfb31502f6b9,2026-05-02 10:54:02,0x0a578b5373b8c9acc1e4ae640b08bfa28116b38e2028352204b7f930d9b85847,eth-updown-5m-1777708200
"Bitcoin Up or Down - May 2, 3:45AM-4:00AM ET",Down,BUY,18,0.77,0x673aad7004dcde8f51ebd8c1cd15b6667ec8b986e32dd9a5d5d38b7a8d444e7d,2026-05-02 10:54:02,0x0d748b0a3ec4fcd16cb0d4bd8c14ba3ab9023f190e8f114da928b28403115789,btc-updown-15m-1777707900
"Bitcoin Up or Down - May 2, 3:50AM-3:55AM ET",Down,BUY,40,0.32,0x3d20255faad397c52ded54921cce31799b3c06d244ec7bd9f6a297248885e75d,2026-05-02 10:54:00,0xbbf6dd7d1a24d521d9d551f4329e165d2a8706c23eed704f2d52c05fed9669d1,btc-updown-5m-1777708200
"Bitcoin Up or Down - May 2, 3:50AM-3:55AM ET",Down,BUY,40,0.35,0x3d20255faad397c52ded54921cce31799b3c06d244ec7bd9f6a297248885e75d,2026-05-02 10:53:58,0xe093769b79fe5a0adf6e22a1b15785183ce2414eff78bf1fc8a03c05eb2183b3,btc-updown-5m-1777708200
"Bitcoin Up or Down - May 2, 3:50AM-3:55AM ET",Down,BUY,41,0.38,0x3d20255faad397c52ded54921cce31799b3c06d244ec7bd9f6a297248885e75d,2026-05-02 10:53:56,0xb895fc4691de8543c016d26289042a3d3b9a73819dba5f361d30214a3fbc4e02,btc-updown-5m-1777708200
"Bitcoin Up or Down - May 2, 3:45AM-4:00AM ET",Down,BUY,16,0.8,0x673aad7004dcde8f51ebd8c1cd15b6667ec8b986e32dd9a5d5d38b7a8d444e7d,2026-05-02 10:53:54,0x2bd2123b8ebf8ce1c95ddb3020b7498a07f7d3fea52ed6fb0d2c6f88d2e5c59c,btc-updown-15m-1777707900
"Bitcoin Up or Down - May 2, 3:45AM-4:00AM ET",Down,BUY,16,0.776875,0x673aad7004dcde8f51ebd8c1cd15b6667ec8b986e32dd9a5d5d38b7a8d444e7d,2026-05-02 10:53:50,0x4815c0d6bed9a15e9b3c0e58473d71d53e885be3fd0707e29a06bf82a8acd5aa,btc-updown-15m-1777707900
"Bitcoin Up or Down - May 2, 3:45AM-4:00AM ET",Down,BUY,14,0.7664285714285715,0x673aad7004dcde8f51ebd8c1cd15b6667ec8b986e32dd9a5d5d38b7a8d444e7d,2026-05-02 10:53:50,0xdd7cd2412c60cc6d160f113167f0b721abbca58d6b6bd42693aba5822a604255,btc-updown-15m-1777707900
"Bitcoin Up or Down - May 2, 3:50AM-3:55AM ET",Down,BUY,49,0.6906122448979591,0x3d20255faad397c52ded54921cce31799b3c06d244ec7bd9f6a297248885e75d,2026-05-02 10:52:44,0x628b332449cbabc5b74841988ea7d02e1cf60c0cfc9eca369c7049e3d8d04116,btc-updown-5m-1777708200
"Ethereum Up or Down - May 2, 3:50AM-3:55AM ET",Down,BUY,21,0.8112714285714285,0xc4202cddde289dcf4a2e32d4f49f7832b59ae7d287077ea21915bfb31502f6b9,2026-05-02 10:52:38,0x746c3fe3ce9ccb11128520c085c6a9788a303b6f0a28192f19a7b6ec09aa2f71,eth-updown-5m-1777708200
"Ethereum Up or Down - May 2, 3:50AM-3:55AM ET",Down,BUY,16,0.7952125,0xc4202cddde289dcf4a2e32d4f49f7832b59ae7d287077ea21915bfb31502f6b9,2026-05-02 10:52:38,0x40157997874f68b05de40c6e567f94d977fd8e70843c35a04fba65d7462c9f9f,eth-updown-5m-1777708200
"Ethereum Up or Down - May 2, 3:50AM-3:55AM ET",Down,BUY,17,0.75,0xc4202cddde289dcf4a2e32d4f49f7832b59ae7d287077ea21915bfb31502f6b9,2026-05-02 10:52:20,0xba4eb5234965cdf4d8891cf1773abe42743f5297666d43229d876beed5b70ccc,eth-updown-5m-1777708200
"Ethereum Up or Down - May 2, 3:50AM-3:55AM ET",Down,BUY,19,0.7589947368421053,0xc4202cddde289dcf4a2e32d4f49f7832b59ae7d287077ea21915bfb31502f6b9,2026-05-02 10:52:20,0xef82b4c8a0000baa19e96c2abc249bd2e7bb4db7c8923c47199af8129c1ffb19,eth-updown-5m-1777708200
"Ethereum Up or Down - May 2, 3:50AM-3:55AM ET",Down,BUY,14,0.75,0xc4202cddde289dcf4a2e32d4f49f7832b59ae7d287077ea21915bfb31502f6b9,2026-05-02 10:52:20,0xc6e5f60513dcfa957fb9a903846df9db6b2f41fbedddc2c00a56f66deaca958b,eth-updown-5m-1777708200
"Ethereum Up or Down - May 2, 3:50AM-3:55AM ET",Down,BUY,13,0.7289846153846153,0xc4202cddde289dcf4a2e32d4f49f7832b59ae7d287077ea21915bfb31502f6b9,2026-05-02 10:52:20,0xbf3b3f0dadc090bc2b2a9b2aab003aee73bfe2aa506d4eb8185fbfcbc2bc615c,eth-updown-5m-1777708200
"Bitcoin Up or Down - May 2, 3:50AM-3:55AM ET",Up,BUY,41,0.3765609756097561,0x3d20255faad397c52ded54921cce31799b3c06d244ec7bd9f6a297248885e75d,2026-05-02 10:52:14,0x3086c158a625163eed27ff25cdb108e204252ce5a81f0d0fcd5d545b9b5f44d1,btc-updown-5m-1777708200
"Bitcoin Up or Down - May 2, 3:50AM-3:55AM ET",Up,BUY,43,0.3630232558139535,0x3d20255faad397c52ded54921cce31799b3c06d244ec7bd9f6a297248885e75d,2026-05-02 10:52:14,0x74a1b81e4c2a78390fd927dfcf21813691af8f12129a0b3d683fab7928a6378a,btc-updown-5m-1777708200
"Ethereum Up or Down - May 2, 3:50AM-3:55AM ET",Up,BUY,12,0.27400833333333335,0xc4202cddde289dcf4a2e32d4f49f7832b59ae7d287077ea21915bfb31502f6b9,2026-05-02 10:52:14,0xd5c17138607c09dcad05dff0943747a05b4fc7d07a216da2c2cf43262d04248f,eth-updown-5m-1777708200
"Bitcoin Up or Down - May 2, 3:50AM-3:55AM ET",Up,BUY,51,0.25078823529411765,0x3d20255faad397c52ded54921cce31799b3c06d244ec7bd9f6a297248885e75d,2026-05-02 10:52:14,0x355532c34e99c44a08385c0b3bb75500098d3d6fa597c5c82f3e9f879eb7a3fc,btc-updown-5m-1777708200
"Ethereum Up or Down - May 2, 3:50AM-3:55AM ET",Up,BUY,10,0.3,0xc4202cddde289dcf4a2e32d4f49f7832b59ae7d287077ea21915bfb31502f6b9,2026-05-02 10:52:14,0xb627ad8ccd3df465b2054e994bcdedc52cb36c10f1031d1b9cd46ee2cd2cb596,eth-updown-5m-1777708200
"Ethereum Up or Down - May 2, 3:50AM-3:55AM ET",Up,BUY,10,0.28,0xc4202cddde289dcf4a2e32d4f49f7832b59ae7d287077ea21915bfb31502f6b9,2026-05-02 10:52:14,0x70003fc9f276c2945c58260bd2530085616306b0f922bba2c875fa8035854004,eth-updown-5m-1777708200
"Ethereum Up or Down - May 2, 3:50AM-3:55AM ET",Up,BUY,11,0.28,0xc4202cddde289dcf4a2e32d4f49f7832b59ae7d287077ea21915bfb31502f6b9,2026-05-02 10:52:14,0xfbd5bca6b74566913ceb8418ee061407cda300e57b463a1834bb6fc30d0ccc0e,eth-updown-5m-1777708200
"Ethereum Up or Down - May 2, 3:50AM-3:55AM ET",Up,BUY,12,0.27,0xc4202cddde289dcf4a2e32d4f49f7832b59ae7d287077ea21915bfb31502f6b9,2026-05-02 10:52:14,0x4eb3c39333bbb65ebf57f7c11ebc018764c42aedb435dfc6db247397bebc30b8,eth-updown-5m-1777708200
"Bitcoin Up or Down - May 2, 3:50AM-3:55AM ET",Up,BUY,18.16,0.2728469162995595,0x3d20255faad397c52ded54921cce31799b3c06d244ec7bd9f6a297248885e75d,2026-05-02 10:52:14,0xf90941bb0bd44e08f0838d001998e35433ec78b673f7d55d709bb2f2419b6027,btc-updown-5m-1777708200
"Ethereum Up or Down - May 2, 3:50AM-3:55AM ET",Up,BUY,11,0.32,0xc4202cddde289dcf4a2e32d4f49f7832b59ae7d287077ea21915bfb31502f6b9,2026-05-02 10:52:08,0x9299f14529e21770b7ed762b3ad9f81fac2794b8c65795f2bdca776b596ee808,eth-updown-5m-1777708200
"Ethereum Up or Down - May 2, 3:50AM-3:55AM ET",Down,BUY,11.99,0.65,0xc4202cddde289dcf4a2e32d4f49f7832b59ae7d287077ea21915bfb31502f6b9,2026-05-02 10:51:56,0x53df05d9e8369662160db25dcb66c4d5cef5f908295c2f6c05695d61ebcea79d,eth-updown-5m-1777708200
"Ethereum Up or Down - May 2, 3:50AM-3:55AM ET",Down,BUY,11,0.65,0xc4202cddde289dcf4a2e32d4f49f7832b59ae7d287077ea21915bfb31502f6b9,2026-05-02 10:51:56,0xb47cb1c61dede900a8f75cbef996e9b59602a4fd3f11638c6cb4c320c922b008,eth-updown-5m-1777708200
"Ethereum Up or Down - May 2, 3:50AM-3:55AM ET",Up,BUY,11,0.37,0xc4202cddde289dcf4a2e32d4f49f7832b59ae7d287077ea21915bfb31502f6b9,2026-05-02 10:51:52,0x059c72b53976d6185da3194413bbd51ab4728a6d2190b8e47ad370a5f4cf0c3a,eth-updown-5m-1777708200
"Bitcoin Up or Down - May 2, 3:50AM-3:55AM ET",Down,BUY,52,0.65415,0x3d20255faad397c52ded54921cce31799b3c06d244ec7bd9f6a297248885e75d,2026-05-02 10:51:30,0xac8e590de72b2bbc110eba2769a10f57be6afda2febad770aef671f5be4d7998,btc-updown-5m-1777708200
"Bitcoin Up or Down - May 2, 3:50AM-3:55AM ET",Down,BUY,45,0.6454444444444445,0x3d20255faad397c52ded54921cce31799b3c06d244ec7bd9f6a297248885e75d,2026-05-02 10:51:30,0x34d215d249d4a0cde8b2d8824b0a12ffb545085b946899faf7b20315ea6c27cc,btc-updown-5m-1777708200
"Bitcoin Up or Down - May 2, 3:45AM-4:00AM ET",Down,BUY,13,0.72,0x673aad7004dcde8f51ebd8c1cd15b6667ec8b986e32dd9a5d5d38b7a8d444e7d,2026-05-02 10:51:30,0xf48cd613c2151296d544f4047b1407ebee4207a15f4905616fdbae03bc489ee5,btc-updown-15m-1777707900
"Ethereum Up or Down - May 2, 3:50AM-3:55AM ET",Up,BUY,10,0.46718,0xc4202cddde289dcf4a2e32d4f49f7832b59ae7d287077ea21915bfb31502f6b9,2026-05-02 10:51:02,0x305ef0bc382cc426471db3e3e272ddca3fabc4de4c530707324126793842626c,eth-updown-5m-1777708200
"Bitcoin Up or Down - May 2, 3:50AM-3:55AM ET",Down,BUY,41,0.53,0x3d20255faad397c52ded54921cce31799b3c06d244ec7bd9f6a297248885e75d,2026-05-02 10:50:52,0xfd75be127733238844ff756eb24695d1ac297c8e3eec94fe24177871a105c773,btc-updown-5m-1777708200
"Ethereum Up or Down - May 2, 3:50AM-3:55AM ET",Up,BUY,10,0.46,0xc4202cddde289dcf4a2e32d4f49f7832b59ae7d287077ea21915bfb31502f6b9,2026-05-02 10:50:46,0xcda640080586674242c667aedad76bdd9f9dbbfa7f22150096aa90910e2b5ba9,eth-updown-5m-1777708200
"Bitcoin Up or Down - May 2, 3:50AM-3:55AM ET",Up,BUY,40,0.51,0x3d20255faad397c52ded54921cce31799b3c06d244ec7bd9f6a297248885e75d,2026-05-02 10:50:36,0x6f4288343247548f7d202a4d47572b4f8b02f0b0e8ec932b0f14aa16811f9d46,btc-updown-5m-1777708200
"Bitcoin Up or Down - May 2, 3:50AM-3:55AM ET",Down,BUY,40,0.512995,0x3d20255faad397c52ded54921cce31799b3c06d244ec7bd9f6a297248885e75d,2026-05-02 10:50:30,0xdf8bae0316432bc46e123ac31fe2b4979c9ca27bbfe414d74bf2e37769675c47,btc-updown-5m-1777708200
"Ethereum Up or Down - May 2, 3:50AM-3:55AM ET",Down,BUY,10,0.51,0xc4202cddde289dcf4a2e32d4f49f7832b59ae7d287077ea21915bfb31502f6b9,2026-05-02 10:50:30,0x7f8ec21272762a6c8eb44f6e25e0258dd36a5048207fca376fc10c2edd6504bd,eth-updown-5m-1777708200
"Ethereum Up or Down - May 2, 3:50AM-3:55AM ET",Down,BUY,10,0.5,0xc4202cddde289dcf4a2e32d4f49f7832b59ae7d287077ea21915bfb31502f6b9,2026-05-02 10:50:30,0xf14864d3b2cfdf0b6c321576ce1e2950b1c732ee908a131207780ebd074564b2,eth-updown-5m-1777708200
"Ethereum Up or Down - May 2, 3:50AM-3:55AM ET",Down,BUY,10,0.4917,0xc4202cddde289dcf4a2e32d4f49f7832b59ae7d287077ea21915bfb31502f6b9,2026-05-02 10:50:30,0x01193754de8663baa356e5084731f54860346b01326fada512faaf36d402933d,eth-updown-5m-1777708200
"Ethereum Up or Down - May 2, 3:50AM-3:55AM ET",Down,BUY,10,0.47112,0xc4202cddde289dcf4a2e32d4f49f7832b59ae7d287077ea21915bfb31502f6b9,2026-05-02 10:50:28,0x7fe4008d184f6761409ee48a31361d037558d27ddb7c465d8ddfb9494c623e3c,eth-updown-5m-1777708200
"Bitcoin Up or Down - May 2, 3:45AM-4:00AM ET",Down,BUY,11,0.63,0x673aad7004dcde8f51ebd8c1cd15b6667ec8b986e32dd9a5d5d38b7a8d444e7d,2026-05-02 10:50:22,0x50b1608669b7c19e6ce18c37343ca29b32b8b4365f1b67d68fb9b53348525541,btc-updown-15m-1777707900
"Bitcoin Up or Down - May 2, 3:50AM-3:55AM ET",Down,BUY,41,0.54,0x3d20255faad397c52ded54921cce31799b3c06d244ec7bd9f6a297248885e75d,2026-05-02 10:50:22,0x5adf5a5daea93e71d8d2481a2f23278eac31b1e9fba2e017386502d21e64bc72,btc-updown-5m-1777708200
"Bitcoin Up or Down - May 2, 3:45AM-4:00AM ET",Up,BUY,10,0.39,0x673aad7004dcde8f51ebd8c1cd15b6667ec8b986e32dd9a5d5d38b7a8d444e7d,2026-05-02 10:50:20,0x92077e0ba230b8c027c6576177833e4da28401416588d8fa74d566314e381932,btc-updown-15m-1777707900
"Bitcoin Up or Down - May 2, 3:50AM-3:55AM ET",Up,BUY,40,0.47,0x3d20255faad397c52ded54921cce31799b3c06d244ec7bd9f6a297248885e75d,2026-05-02 10:50:20,0xc14cc13975f8a5778d3ab3cfbcb59fc50f405ffbe6e853449eb4836b6e4b611c,btc-updown-5m-1777708200
"Bitcoin Up or Down - May 2, 3:50AM-3:55AM ET",Up,BUY,40,0.47,0x3d20255faad397c52ded54921cce31799b3c06d244ec7bd9f6a297248885e75d,2026-05-02 10:50:20,0xc9231ffd38b8af840ba3578700d0954f8d75bea9f07e486e3e423a0e33dfddc4,btc-updown-5m-1777708200
"Bitcoin Up or Down - May 2, 3:50AM-3:55AM ET",Up,BUY,40,0.47,0x3d20255faad397c52ded54921cce31799b3c06d244ec7bd9f6a297248885e75d,2026-05-02 10:50:20,0xbe6f5c743c3c92f9995cc1e0989b0fd9d1e1808dc4c3882b086b28d14a1946fe,btc-updown-5m-1777708200
"Ethereum Up or Down - May 2, 3:50AM-3:55AM ET",Up,BUY,11,0.5405181818181818,0xc4202cddde289dcf4a2e32d4f49f7832b59ae7d287077ea21915bfb31502f6b9,2026-05-02 10:50:20,0x97695089e8b4527e284f67f20bad3b62567d8f16f4759f35b8ea8a36321f15e2,eth-updown-5m-1777708200
"Ethereum Up or Down - May 2, 3:50AM-3:55AM ET",Up,BUY,10,0.54,0xc4202cddde289dcf4a2e32d4f49f7832b59ae7d287077ea21915bfb31502f6b9,2026-05-02 10:50:20,0x29407344d614638d377664690f9e23011b0bf1db03a67fadb11c78dbb4432d4e,eth-updown-5m-1777708200
"Bitcoin Up or Down - May 2, 3:50AM-3:55AM ET",Up,BUY,40,0.47,0x3d20255faad397c52ded54921cce31799b3c06d244ec7bd9f6a297248885e75d,2026-05-02 10:50:18,0x0b1c6589ec9f8b03c438f1e33b4c4ad9e96f10a95876282972ccb8b431a1e3cc,btc-updown-5m-1777708200
"Ethereum Up or Down - May 2, 3:50AM-3:55AM ET",Up,BUY,11,0.54,0xc4202cddde289dcf4a2e32d4f49f7832b59ae7d287077ea21915bfb31502f6b9,2026-05-02 10:50:14,0xb61eaaaaade2cbf6c931d6b32034cc1c5ba203ad94bce5fc30389f66a209d566,eth-updown-5m-1777708200
"Ethereum Up or Down - May 2, 3:50AM-3:55AM ET",Up,BUY,11,0.54,0xc4202cddde289dcf4a2e32d4f49f7832b59ae7d287077ea21915bfb31502f6b9,2026-05-02 10:50:14,0x6f11fea12b28cab808dcebb8c8c4d0dad5cb2a907bd52d348c81dd35e208e8fc,eth-updown-5m-1777708200
"Ethereum Up or Down - May 2, 3:50AM-3:55AM ET",Up,BUY,10,0.54,0xc4202cddde289dcf4a2e32d4f49f7832b59ae7d287077ea21915bfb31502f6b9,2026-05-02 10:50:14,0xdf5b74651ed8a64f8d06bc7b0bb76789469cae4e86b53edaea6a2585383ae8e0,eth-updown-5m-1777708200
"Bitcoin Up or Down - May 2, 3:50AM-3:55AM ET",Down,BUY,40,0.53,0x3d20255faad397c52ded54921cce31799b3c06d244ec7bd9f6a297248885e75d,2026-05-02 10:50:12,0x667f9bf77e6f75e7e87cb0bef5b95b722ccea0809419bdd97b43f9377869e840,btc-updown-5m-1777708200
"Ethereum Up or Down - May 2, 3:50AM-3:55AM ET",Down,BUY,10,0.47,0xc4202cddde289dcf4a2e32d4f49f7832b59ae7d287077ea21915bfb31502f6b9,2026-05-02 10:50:10,0x34f1209aaad44bdd1bf20642bfc7cf6768fce6ce46571daf92e166ca53bb9e6d,eth-updown-5m-1777708200
"Ethereum Up or Down - May 2, 3:50AM-3:55AM ET",Down,BUY,10,0.47,0xc4202cddde289dcf4a2e32d4f49f7832b59ae7d287077ea21915bfb31502f6b9,2026-05-02 10:50:10,0xa1dcd6c10756f524ea863567c34f8d9533f785d85aa4160321bc26a2c5b869a5,eth-updown-5m-1777708200
"Ethereum Up or Down - May 2, 3:50AM-3:55AM ET",Down,BUY,10,0.47,0xc4202cddde289dcf4a2e32d4f49f7832b59ae7d287077ea21915bfb31502f6b9,2026-05-02 10:50:10,0x8135e289845a3438af75d90f175410f5d7176f38ecf285eb8941b750bba0604b,eth-updown-5m-1777708200
"Bitcoin Up or Down - May 2, 3:45AM-4:00AM ET",Down,BUY,10,0.445,0x673aad7004dcde8f51ebd8c1cd15b6667ec8b986e32dd9a5d5d38b7a8d444e7d,2026-05-02 10:49:30,0xdb20f5959d80f5d3c7802ae1819660aa776da659642570c164573e664889b6ec,btc-updown-15m-1777707900
"Bitcoin Up or Down - May 2, 3:45AM-4:00AM ET",Down,BUY,10,0.47,0x673aad7004dcde8f51ebd8c1cd15b6667ec8b986e32dd9a5d5d38b7a8d444e7d,2026-05-02 10:49:30,0xa2979f3b20cde11f0827e5a4b373f795f13a00c15e350b7fb59906d49023db3b,btc-updown-15m-1777707900
"Bitcoin Up or Down - May 2, 3:45AM-3:50AM ET",Down,BUY,41,0.4098317073170732,0x053477a52743a856ae91bce9777b25dbf18ab973635c0fe85e974df5f55f50a2,2026-05-02 10:49:20,0xd1b02d9e152cd31483c960837b8c2e2e805234e4602f38703a700714a2f77d58,btc-updown-5m-1777707900
"Bitcoin Up or Down - May 2, 3:45AM-3:50AM ET",Down,BUY,40,0.4,0x053477a52743a856ae91bce9777b25dbf18ab973635c0fe85e974df5f55f50a2,2026-05-02 10:49:20,0xc1cc1e710e6a7829434375a1f9c0c71b7ee77dfbdadab8398b350607c84108ae,btc-updown-5m-1777707900
"Ethereum Up or Down - May 2, 3:45AM-3:50AM ET",Down,BUY,12,0.6729333333333334,0x88dbffa4d093d8fbc58ed38cd0034f9d2713bf524a617af62e91faee03a82696,2026-05-02 10:49:20,0x8042f26e65ebcf6c35f0733ae0134f1c1314ed851f31e3227f7fbf87fd158038,eth-updown-5m-1777707900
"Ethereum Up or Down - May 2, 3:45AM-3:50AM ET",Down,BUY,12,0.6696,0x88dbffa4d093d8fbc58ed38cd0034f9d2713bf524a617af62e91faee03a82696,2026-05-02 10:49:20,0x271ac3fc98b9756fb20033cf50d788c5c827099573b3612d6600c404e6537298,eth-updown-5m-1777707900
"Ethereum Up or Down - May 2, 3:45AM-3:50AM ET",Down,BUY,11,0.6486727272727273,0x88dbffa4d093d8fbc58ed38cd0034f9d2713bf524a617af62e91faee03a82696,2026-05-02 10:49:18,0xe72d7dcc886acdeaf9e69f51f42c53ddbee5b58ced9dc03dde5514b544874b3d,eth-updown-5m-1777707900
"Ethereum Up or Down - May 2, 3:45AM-3:50AM ET",Down,BUY,11,0.63,0x88dbffa4d093d8fbc58ed38cd0034f9d2713bf524a617af62e91faee03a82696,2026-05-02 10:49:18,0xefe3386919cd806576410e12b984471d4b86c77021de9a136aa3bf83ad4da8c9,eth-updown-5m-1777707900
"Bitcoin Up or Down - May 2, 3:45AM-3:50AM ET",Up,BUY,43,0.61,0x053477a52743a856ae91bce9777b25dbf18ab973635c0fe85e974df5f55f50a2,2026-05-02 10:49:14,0xddbbd8209ee4ad9aaf64141e947941130bd1c3f2d50d95ebaf1d2852f3d5d877,btc-updown-5m-1777707900
"Bitcoin Up or Down - May 2, 3:45AM-3:50AM ET",Up,BUY,47,0.61,0x053477a52743a856ae91bce9777b25dbf18ab973635c0fe85e974df5f55f50a2,2026-05-02 10:49:14,0x8d2c80e9593f491e4f791cafdece2fc1b8369bbefbbdfd255999cf6fdd71ce96,btc-updown-5m-1777707900
"Ethereum Up or Down - May 2, 3:45AM-3:50AM ET",Up,BUY,10,0.39,0x88dbffa4d093d8fbc58ed38cd0034f9d2713bf524a617af62e91faee03a82696,2026-05-02 10:49:14,0xda094d7fb84e1a5cb652ca704b7f48e9ea6fd5a9a2dde73197b1f0e7ad48654c,eth-updown-5m-1777707900
"Ethereum Up or Down - May 2, 3:45AM-3:50AM ET",Up,BUY,10,0.38312,0x88dbffa4d093d8fbc58ed38cd0034f9d2713bf524a617af62e91faee03a82696,2026-05-02 10:49:14,0x3d5b3a5f4c312cf2fae03c7f42e0194e720dbf2e2bb9579dd919eb3cf3f36e58,eth-updown-5m-1777707900
"Bitcoin Up or Down - May 2, 3:45AM-3:50AM ET",Down,BUY,40,0.442145,0x053477a52743a856ae91bce9777b25dbf18ab973635c0fe85e974df5f55f50a2,2026-05-02 10:49:08,0x8e73f0b4743a499461e37df54dbc6e0a292caf3149575091ea28a4e6bb748712,btc-updown-5m-1777707900
"Bitcoin Up or Down - May 2, 3:45AM-3:50AM ET",Down,BUY,40,0.447035,0x053477a52743a856ae91bce9777b25dbf18ab973635c0fe85e974df5f55f50a2,2026-05-02 10:49:08,0x629c0a5a90bc8e1f70a7f390bd86304a7f1968cb64a46eaf89fe021b609b8cf7,btc-updown-5m-1777707900
"Bitcoin Up or Down - May 2, 3:45AM-4:00AM ET",Down,BUY,10,0.44,0x673aad7004dcde8f51ebd8c1cd15b6667ec8b986e32dd9a5d5d38b7a8d444e7d,2026-05-02 10:49:08,0xa69182f1f687195e9a7fd400b6888c7665cad6a60fcfc390c21a4bcae0470751,btc-updown-15m-1777707900
"Bitcoin Up or Down - May 2, 3:45AM-3:50AM ET",Down,BUY,40,0.421045,0x053477a52743a856ae91bce9777b25dbf18ab973635c0fe85e974df5f55f50a2,2026-05-02 10:49:08,0x2e4c4ac22391314ce8d44d48adeebe03d0435e2c47f531f696815a61f833972a,btc-updown-5m-1777707900
"Ethereum Up or Down - May 2, 3:45AM-3:50AM ET",Down,BUY,12,0.57,0x88dbffa4d093d8fbc58ed38cd0034f9d2713bf524a617af62e91faee03a82696,2026-05-02 10:49:06,0x5cf9793755abb3a47cfdebd39c72da4cb7a0af1dca31c62cdc06b8289ace89d4,eth-updown-5m-1777707900
"Ethereum Up or Down - May 2, 3:45AM-3:50AM ET",Down,BUY,11,0.57,0x88dbffa4d093d8fbc58ed38cd0034f9d2713bf524a617af62e91faee03a82696,2026-05-02 10:49:06,0x9011979b001f3835a0179f8e6f1990d6d3cef1ddba750785efdb003866e40dcb,eth-updown-5m-1777707900
"Bitcoin Up or Down - May 2, 3:45AM-3:50AM ET",Up,BUY,41,0.47,0x053477a52743a856ae91bce9777b25dbf18ab973635c0fe85e974df5f55f50a2,2026-05-02 10:48:58,0x6b0486fd125ee67e3db685ad1a0630a27f3c0dd82441871baace7052f977a230,btc-updown-5m-1777707900
"Bitcoin Up or Down - May 2, 3:45AM-4:00AM ET",Up,BUY,10,0.53,0x673aad7004dcde8f51ebd8c1cd15b6667ec8b986e32dd9a5d5d38b7a8d444e7d,2026-05-02 10:48:56,0xadaa1521ba7920e2d3946b47df12fedb1e26df39e2668f598ae607e14bd44ce4,btc-updown-15m-1777707900
"Ethereum Up or Down - May 2, 3:45AM-3:50AM ET",Up,BUY,12,0.2,0x88dbffa4d093d8fbc58ed38cd0034f9d2713bf524a617af62e91faee03a82696,2026-05-02 10:48:56,0x69545560ec1073487949d4beef736e91b68c365fb87abe31e0ae9acbacf35d23,eth-updown-5m-1777707900
"Ethereum Up or Down - May 2, 3:45AM-3:50AM ET",Up,BUY,12,0.19309166666666666,0x88dbffa4d093d8fbc58ed38cd0034f9d2713bf524a617af62e91faee03a82696,2026-05-02 10:48:56,0x2ef3e3530e7b56ee37fc407e0c7eb0bb84df390c30b1f86c391868213256f9d9,eth-updown-5m-1777707900
"Ethereum Up or Down - May 2, 3:45AM-3:50AM ET",Up,BUY,15,0.19,0x88dbffa4d093d8fbc58ed38cd0034f9d2713bf524a617af62e91faee03a82696,2026-05-02 10:48:56,0x8831b6b21d536d1c7c3f077d21c7138b9adaf3eefbca36eb7b06b68167fc9cb0,eth-updown-5m-1777707900
"Bitcoin Up or Down - May 2, 3:45AM-4:00AM ET",Up,BUY,10,0.48,0x673aad7004dcde8f51ebd8c1cd15b6667ec8b986e32dd9a5d5d38b7a8d444e7d,2026-05-02 10:48:54,0x392766874967908e99e9cf89f4c97748d2bd29d82ad4cb513e73070efd7949d7,btc-updown-15m-1777707900
"Bitcoin Up or Down - May 2, 3:45AM-4:00AM ET",Down,BUY,10,0.48,0x673aad7004dcde8f51ebd8c1cd15b6667ec8b986e32dd9a5d5d38b7a8d444e7d,2026-05-02 10:48:28,0x08d16af84d51228aadc360c51dde84f9215f436ba9e41ec4849e21ad7d1e6f04,btc-updown-15m-1777707900
"Bitcoin Up or Down - May 2, 3:45AM-3:50AM ET",Down,BUY,41,0.5558829268292683,0x053477a52743a856ae91bce9777b25dbf18ab973635c0fe85e974df5f55f50a2,2026-05-02 10:48:28,0x8c103c3efa675d32e587ead740a7b0793d2de8cfbb363422656839392871b812,btc-updown-5m-1777707900
"Bitcoin Up or Down - May 2, 3:45AM-3:50AM ET",Down,BUY,44,0.6,0x053477a52743a856ae91bce9777b25dbf18ab973635c0fe85e974df5f55f50a2,2026-05-02 10:48:28,0x18041ae858a31c568943291bdae61dae0c461a5cdd62707d0b5c6630da84505d,btc-updown-5m-1777707900
"Bitcoin Up or Down - May 2, 3:45AM-4:00AM ET",Down,BUY,10,0.5,0x673aad7004dcde8f51ebd8c1cd15b6667ec8b986e32dd9a5d5d38b7a8d444e7d,2026-05-02 10:48:28,0x3bf913cfc76112d5171aef22c20eab9a1365d6f3031b5dd0f8a5916181376225,btc-updown-15m-1777707900
"Bitcoin Up or Down - May 2, 3:45AM-4:00AM ET",Down,BUY,10,0.48,0x673aad7004dcde8f51ebd8c1cd15b6667ec8b986e32dd9a5d5d38b7a8d444e7d,2026-05-02 10:48:20,0xa568400496075085102a878780dbb7063e3176a3b093a4bdf3a53f4d752ac367,btc-updown-15m-1777707900
"Bitcoin Up or Down - May 2, 3:45AM-3:50AM ET",Down,BUY,42,0.53,0x053477a52743a856ae91bce9777b25dbf18ab973635c0fe85e974df5f55f50a2,2026-05-02 10:48:20,0x60ac074472cdd815b9675917f45a6b74506857cd7ac1dca5aa7dbf08d120aac8,btc-updown-5m-1777707900
"Bitcoin Up or Down - May 2, 3:45AM-3:50AM ET",Up,BUY,30.06,0.4916833000665336,0x053477a52743a856ae91bce9777b25dbf18ab973635c0fe85e974df5f55f50a2,2026-05-02 10:48:08,0x14850c575b0c0ba0623b28943e49c1d9466715ba86d12a98531c71230d32dcc2,btc-updown-5m-1777707900
"Ethereum Up or Down - May 2, 3:45AM-3:50AM ET",Down,BUY,11,0.63,0x88dbffa4d093d8fbc58ed38cd0034f9d2713bf524a617af62e91faee03a82696,2026-05-02 10:47:58,0xd7e0ffbf49e5bc57a35ebdf71c627b222810ca171885460a9a129aae82f368f5,eth-updown-5m-1777707900
"Ethereum Up or Down - May 2, 3:45AM-3:50AM ET",Down,BUY,11,0.612890909090909,0x88dbffa4d093d8fbc58ed38cd0034f9d2713bf524a617af62e91faee03a82696,2026-05-02 10:47:58,0x43cd397f0c9fc8c66634f323bab82a1c070067f5edd3b8a55b6c44a271c13519,eth-updown-5m-1777707900
"Bitcoin Up or Down - May 2, 3:45AM-4:00AM ET",Down,BUY,10,0.47,0x673aad7004dcde8f51ebd8c1cd15b6667ec8b986e32dd9a5d5d38b7a8d444e7d,2026-05-02 10:47:58,0x2022efdc475c8f2c25927ac3cb29ae357444d9732f38177070378349d7b514e9,btc-updown-15m-1777707900
"Bitcoin Up or Down - May 2, 3:45AM-3:50AM ET",Down,BUY,41,0.5287804878048781,0x053477a52743a856ae91bce9777b25dbf18ab973635c0fe85e974df5f55f50a2,2026-05-02 10:47:58,0x89cd64e82bf01bd63ce43f5fa3cfa5497f63e9037c2908a57ff7007c9fffa01b,btc-updown-5m-1777707900
"Ethereum Up or Down - May 2, 3:45AM-3:50AM ET",Down,BUY,10,0.585,0x88dbffa4d093d8fbc58ed38cd0034f9d2713bf524a617af62e91faee03a82696,2026-05-02 10:47:54,0xa98149b4ff8df983ebe2d266bcea7711ea17ed8ced2b6b9cf88c8c96e314ef5a,eth-updown-5m-1777707900
"Ethereum Up or Down - May 2, 3:45AM-3:50AM ET",Down,BUY,10,0.48,0x88dbffa4d093d8fbc58ed38cd0034f9d2713bf524a617af62e91faee03a82696,2026-05-02 10:47:42,0xc55662b9ab8cd807cd4a0c75354f3cc1b719410434a282c27c18c41b2d6b505a,eth-updown-5m-1777707900
"Ethereum Up or Down - May 2, 3:45AM-3:50AM ET",Up,BUY,10,0.53,0x88dbffa4d093d8fbc58ed38cd0034f9d2713bf524a617af62e91faee03a82696,2026-05-02 10:47:26,0x7924422d1487b4816a05948521aaeaac8b7bd57146a5ac726ee9cb4acd64a3d8,eth-updown-5m-1777707900
"Ethereum Up or Down - May 2, 3:45AM-3:50AM ET",Up,BUY,10,0.53,0x88dbffa4d093d8fbc58ed38cd0034f9d2713bf524a617af62e91faee03a82696,2026-05-02 10:47:26,0x08c0c29618d3ad00ccfd96a0a54d4c8981a51b9e879c18e5a53a1e12f06641f7,eth-updown-5m-1777707900
"Ethereum Up or Down - May 2, 3:45AM-3:50AM ET",Up,BUY,11,0.53,0x88dbffa4d093d8fbc58ed38cd0034f9d2713bf524a617af62e91faee03a82696,2026-05-02 10:47:26,0x583d971fdf95b51e2911954d707727d37ae2eeb2bdf9d635d7c594961c5fd1fe,eth-updown-5m-1777707900
"Ethereum Up or Down - May 2, 3:45AM-3:50AM ET",Up,BUY,10,0.53,0x88dbffa4d093d8fbc58ed38cd0034f9d2713bf524a617af62e91faee03a82696,2026-05-02 10:47:26,0x1104cf1f7f703e2f7273053976673949ad4cf7f606ebc1c7a5c856b1f41288ee,eth-updown-5m-1777707900
"Bitcoin Up or Down - May 2, 3:45AM-3:50AM ET",Up,BUY,40,0.52043,0x053477a52743a856ae91bce9777b25dbf18ab973635c0fe85e974df5f55f50a2,2026-05-02 10:47:24,0x3dd8006b429bee394a426da6b48051aea87b3ec54e2c525d82bde5c34ae5a09a,btc-updown-5m-1777707900
"Bitcoin Up or Down - May 2, 3:45AM-3:50AM ET",Up,BUY,41,0.5287804878048781,0x053477a52743a856ae91bce9777b25dbf18ab973635c0fe85e974df5f55f50a2,2026-05-02 10:47:24,0x445d921208cd474c709edb3b6b32c4addb106280b544252c1b24e5dd7d2e3a30,btc-updown-5m-1777707900
"Bitcoin Up or Down - May 2, 3:45AM-3:50AM ET",Up,BUY,40,0.51043,0x053477a52743a856ae91bce9777b25dbf18ab973635c0fe85e974df5f55f50a2,2026-05-02 10:47:24,0x23b8e5751f780a25020a4848d1944e752047dd59a444c2d6517b636a0e9ca578,btc-updown-5m-1777707900
"Bitcoin Up or Down - May 2, 3:45AM-4:00AM ET",Up,BUY,10,0.53,0x673aad7004dcde8f51ebd8c1cd15b6667ec8b986e32dd9a5d5d38b7a8d444e7d,2026-05-02 10:47:24,0x3acaddc26245284ab4f2f23c44af5d9d45dcc824fcc150e4a957d906553a9a2e,btc-updown-15m-1777707900
"Ethereum Up or Down - May 2, 3:45AM-3:50AM ET",Down,BUY,10,0.45532,0x88dbffa4d093d8fbc58ed38cd0034f9d2713bf524a617af62e91faee03a82696,2026-05-02 10:47:04,0x7f53388752e12a7d3e1badb89172ab8e6db7e468ea770f2864c90b36fff173f1,eth-updown-5m-1777707900
"Bitcoin Up or Down - May 2, 3:45AM-4:00AM ET",Down,BUY,10,0.48,0x673aad7004dcde8f51ebd8c1cd15b6667ec8b986e32dd9a5d5d38b7a8d444e7d,2026-05-02 10:47:02,0x600df39f215b314a641bdf76f34fc9db09e8a00d06edce0fa9043bbac261bcf4,btc-updown-15m-1777707900
"Bitcoin Up or Down - May 2, 3:45AM-3:50AM ET",Down,BUY,40,0.5,0x053477a52743a856ae91bce9777b25dbf18ab973635c0fe85e974df5f55f50a2,2026-05-02 10:47:02,0x9ee878cb3fb31624e6cc9da1609714092470a53de7213ac1d32fff112a415497,btc-updown-5m-1777707900
"Bitcoin Up or Down - May 2, 3:45AM-3:50AM ET",Down,BUY,40,0.5,0x053477a52743a856ae91bce9777b25dbf18ab973635c0fe85e974df5f55f50a2,2026-05-02 10:47:02,0x0994223134ef925354778a9e595de531b2d66908fb8955006b0d8596d3497e16,btc-updown-5m-1777707900
"Ethereum Up or Down - May 2, 3:45AM-3:50AM ET",Down,BUY,10,0.4,0x88dbffa4d093d8fbc58ed38cd0034f9d2713bf524a617af62e91faee03a82696,2026-05-02 10:46:20,0x3bce3f1c5832a04fdc2b3242b6967357b428d9fb4a08caf796fa7676ee6fb378,eth-updown-5m-1777707900
"Ethereum Up or Down - May 2, 3:45AM-3:50AM ET",Down,BUY,10,0.38,0x88dbffa4d093d8fbc58ed38cd0034f9d2713bf524a617af62e91faee03a82696,2026-05-02 10:46:18,0x8a14ecf181600d36551a40e8f1cd36b34af7b35a0ef69ad1df43d5ef19be7983,eth-updown-5m-1777707900
"Bitcoin Up or Down - May 2, 3:45AM-4:00AM ET",Down,BUY,10,0.42,0x673aad7004dcde8f51ebd8c1cd15b6667ec8b986e32dd9a5d5d38b7a8d444e7d,2026-05-02 10:46:04,0x85f6061e3bede4ce50f000f51cb250c7e40eab895343c103f009049473e00b18,btc-updown-15m-1777707900
"Bitcoin Up or Down - May 2, 3:45AM-3:50AM ET",Down,BUY,40,0.44,0x053477a52743a856ae91bce9777b25dbf18ab973635c0fe85e974df5f55f50a2,2026-05-02 10:46:04,0x702bf3c14ffe73faf3d7a1c42eeefceb42d76b703a795f8728b08aa6bb778941,btc-updown-5m-1777707900
"Bitcoin Up or Down - May 2, 3:45AM-3:50AM ET",Down,BUY,40,0.43,0x053477a52743a856ae91bce9777b25dbf18ab973635c0fe85e974df5f55f50a2,2026-05-02 10:45:28,0x6dd55c0a599a4b87682aff854589aa0e654a80d9f693300cc179aac8598c1c14,btc-updown-5m-1777707900
"Bitcoin Up or Down - May 2, 3:45AM-3:50AM ET",Down,BUY,41,0.4326609756097561,0x053477a52743a856ae91bce9777b25dbf18ab973635c0fe85e974df5f55f50a2,2026-05-02 10:45:28,0x9501c53da1bbe4473972a06c32dbdadf4e8cb1b1d9abb906ce18cc8d79db2a8f,btc-updown-5m-1777707900
"Ethereum Up or Down - May 2, 3:45AM-3:50AM ET",Down,BUY,10.82,0.35,0x88dbffa4d093d8fbc58ed38cd0034f9d2713bf524a617af62e91faee03a82696,2026-05-02 10:45:28,0x217496ccdb9f43a949b5f531190c1e892e427673a51db4dd80f2cd4151f8c95a,eth-updown-5m-1777707900
"Bitcoin Up or Down - May 2, 3:45AM-4:00AM ET",Down,BUY,2.47,0.4,0x673aad7004dcde8f51ebd8c1cd15b6667ec8b986e32dd9a5d5d38b7a8d444e7d,2026-05-02 10:45:26,0xbf557026aacfa80e06f8d7a8301e391ed0ed1bb972b729217f0c531466fdd86c,btc-updown-15m-1777707900
"Bitcoin Up or Down - May 2, 3:45AM-3:50AM ET",Down,BUY,42,0.38,0x053477a52743a856ae91bce9777b25dbf18ab973635c0fe85e974df5f55f50a2,2026-05-02 10:45:26,0xf7ea393005ba61d459731feb0c8843b47745614b8bc5b750304ff98eae00f616,btc-updown-5m-1777707900
"Ethereum Up or Down - May 2, 3:45AM-3:50AM ET",Down,BUY,11,0.3,0x88dbffa4d093d8fbc58ed38cd0034f9d2713bf524a617af62e91faee03a82696,2026-05-02 10:45:12,0x424241f3fde0615b0e26733e4b14ce076a5ace0e2c585edb328c25a56b2752b7,eth-updown-5m-1777707900
"Bitcoin Up or Down - May 2, 3:45AM-4:00AM ET",Down,BUY,10,0.355,0x673aad7004dcde8f51ebd8c1cd15b6667ec8b986e32dd9a5d5d38b7a8d444e7d,2026-05-02 10:45:10,0xc094129fd5495b26bda4ce37d3fefa7b81d2fc5e239a5cc58b7a38fb1d71e5b2,btc-updown-15m-1777707900
"Bitcoin Up or Down - May 2, 3:45AM-3:50AM ET",Down,BUY,42,0.3279238095238095,0x053477a52743a856ae91bce9777b25dbf18ab973635c0fe85e974df5f55f50a2,2026-05-02 10:45:10,0x20e98796d5431011d85e7919de49ebaa30ccb7509315472e0447e5c152ae52ef,btc-updown-5m-1777707900
"Bitcoin Up or Down - May 2, 3:45AM-3:50AM ET",Down,BUY,43,0.31,0x053477a52743a856ae91bce9777b25dbf18ab973635c0fe85e974df5f55f50a2,2026-05-02 10:45:10,0x2281cd41cbca95e22b7b37c3a5f1b3bb70a3b18359eacdc010719f5bc984ccca,btc-updown-5m-1777707900
"Bitcoin Up or Down - May 2, 3:45AM-4:00AM ET",Down,BUY,11,0.35,0x673aad7004dcde8f51ebd8c1cd15b6667ec8b986e32dd9a5d5d38b7a8d444e7d,2026-05-02 10:45:10,0xd7ae1f4e940e2eef3f684723abaa163b09360c7aa5ad1c24d09a918d2d78016d,btc-updown-15m-1777707900
"Bitcoin Up or Down - May 2, 3:45AM-3:50AM ET",Down,BUY,46,0.31,0x053477a52743a856ae91bce9777b25dbf18ab973635c0fe85e974df5f55f50a2,2026-05-02 10:45:10,0x26f268c43bf556f4866ebec1e201b4b17587f6cbe19a876025bd4ac05b3099dd,btc-updown-5m-1777707900
"Ethereum Up or Down - May 2, 3:45AM-3:50AM ET",Down,BUY,11,0.2827272727272727,0x88dbffa4d093d8fbc58ed38cd0034f9d2713bf524a617af62e91faee03a82696,2026-05-02 10:45:10,0xaae8d0a215e774a0f7f9b5735199abef731170ba4b26e08bc5ddc1518cb2c12a,eth-updown-5m-1777707900
"Ethereum Up or Down - May 2, 3:45AM-3:50AM ET",Down,BUY,12,0.28,0x88dbffa4d093d8fbc58ed38cd0034f9d2713bf524a617af62e91faee03a82696,2026-05-02 10:45:10,0x9c10d4724ed4a71c883b93dfe1bbab8ca02a81dad1c94c2b8fb1e08f948c7f0a,eth-updown-5m-1777707900
"Bitcoin Up or Down - May 2, 3:45AM-3:50AM ET",Up,BUY,43,0.5844186046511628,0x053477a52743a856ae91bce9777b25dbf18ab973635c0fe85e974df5f55f50a2,2026-05-02 10:45:06,0xfdef62858ff27209593bc550e589b5c63aa7f8844bae364cf6c8d4a64e466134,btc-updown-5m-1777707900
"Bitcoin Up or Down - May 2, 3AM ET",Up,BUY,33,0.031696969696969696,0x55c488d9bc797ed51b27e101aac623df43457eb81d26e056eeeaa616b88e4f80,2026-05-02 10:45:06,0xf0ace6c6a28e290b9721ff1a43ca592f325aa9afc36a32fabcde4c0e62de7d36,bitcoin-up-or-down-may-2-2026-3am-et
"Bitcoin Up or Down - May 2, 3:45AM-3:50AM ET",Up,BUY,25.88,0.56,0x053477a52743a856ae91bce9777b25dbf18ab973635c0fe85e974df5f55f50a2,2026-05-02 10:45:06,0x990c40486a4abd7cdbbb691d11847fb4ae573edbc74df6773e674f1ea7bfc5ca,btc-updown-5m-1777707900
"Bitcoin Up or Down - May 2, 3:45AM-3:50AM ET",Up,BUY,41,0.5449073170731707,0x053477a52743a856ae91bce9777b25dbf18ab973635c0fe85e974df5f55f50a2,2026-05-02 10:45:04,0xec4df0256896150b3ea3c4ac27214e4372346c5563ba7f740452771144975bd6,btc-updown-5m-1777707900
"Ethereum Up or Down - May 2, 3:45AM-3:50AM ET",Up,BUY,11,0.63,0x88dbffa4d093d8fbc58ed38cd0034f9d2713bf524a617af62e91faee03a82696,2026-05-02 10:45:04,0xad90e9a62700600c6236beda0a9a98d7dcfad91d3078d4f38d19578114b328be,eth-updown-5m-1777707900
"Bitcoin Up or Down - May 2, 3AM ET",Up,BUY,39.5,0.029746835443037974,0x55c488d9bc797ed51b27e101aac623df43457eb81d26e056eeeaa616b88e4f80,2026-05-02 10:45:02,0x6138f96e5c6be20382c0617cbc15c061d27f647d7ebde8ef96df98472bf07f32,bitcoin-up-or-down-may-2-2026-3am-et
"Ethereum Up or Down - May 2, 3:40AM-3:45AM ET",Up,BUY,38,0.05,0x267158d2b96521232c5f264cdf2f2eb39ab361ebf809e68fecb60b7a198e8e54,2026-05-02 10:44:12,0x10d32378d95c19171099c5712fd234df1c2d7c1c9eff76e88c19c579d04d0ebe,eth-updown-5m-1777707600
"Ethereum Up or Down - May 2, 3:40AM-3:45AM ET",Down,BUY,44,0.9215659090909091,0x267158d2b96521232c5f264cdf2f2eb39ab361ebf809e68fecb60b7a198e8e54,2026-05-02 10:43:10,0xc35b3923f70a919de041e4b924e93a7fe1ea95894f463ca757cc7a087126f197,eth-updown-5m-1777707600
"Ethereum Up or Down - May 2, 3:40AM-3:45AM ET",Up,BUY,16,0.12,0x267158d2b96521232c5f264cdf2f2eb39ab361ebf809e68fecb60b7a198e8e54,2026-05-02 10:42:46,0x77627a3b715b090781c0e615b3d9ef2d377c37afc32431c7e5ea626650717b56,eth-updown-5m-1777707600
"Ethereum Up or Down - May 2, 3:40AM-3:45AM ET",Up,BUY,18,0.12047777777777778,0x267158d2b96521232c5f264cdf2f2eb39ab361ebf809e68fecb60b7a198e8e54,2026-05-02 10:42:30,0x53ff3aa98152fb56fa606fbff9deaebfd0009333b1ed3844624aba21a6592e74,eth-updown-5m-1777707600
"Ethereum Up or Down - May 2, 3:40AM-3:45AM ET",Up,BUY,21,0.12,0x267158d2b96521232c5f264cdf2f2eb39ab361ebf809e68fecb60b7a198e8e54,2026-05-02 10:42:30,0x9e1bc97efbed99a9e5d6a3c783d139a86945867b79eb35ee14d32bdf93680390,eth-updown-5m-1777707600
"Ethereum Up or Down - May 2, 3:40AM-3:45AM ET",Down,BUY,31,0.91,0x267158d2b96521232c5f264cdf2f2eb39ab361ebf809e68fecb60b7a198e8e54,2026-05-02 10:42:24,0x8254a01c8be7ad9b68aadbcae69b8e908da6908ebe60a33ca5490931359c558e,eth-updown-5m-1777707600
"Ethereum Up or Down - May 2, 3:40AM-3:45AM ET",Down,BUY,34,0.9169411764705883,0x267158d2b96521232c5f264cdf2f2eb39ab361ebf809e68fecb60b7a198e8e54,2026-05-02 10:42:24,0xc9f918b41ae13fe797f7da804fc23648940e9dacf6c9052eb9630a610cb4c692,eth-updown-5m-1777707600
"Ethereum Up or Down - May 2, 3:40AM-3:45AM ET",Up,BUY,14,0.1586857142857143,0x267158d2b96521232c5f264cdf2f2eb39ab361ebf809e68fecb60b7a198e8e54,2026-05-02 10:42:08,0x92bfab579a900a2de894ce7f477ed135b402e9678bd54c7e7e170a3eb4157aaa,eth-updown-5m-1777707600
"Ethereum Up or Down - May 2, 3:40AM-3:45AM ET",Up,BUY,15,0.14618666666666666,0x267158d2b96521232c5f264cdf2f2eb39ab361ebf809e68fecb60b7a198e8e54,2026-05-02 10:42:08,0xa48da5ab17cc5d642640ab4f2a93a347118ea6bb57e58fbf1f1378deaa07be9f,eth-updown-5m-1777707600
"Ethereum Up or Down - May 2, 3:40AM-3:45AM ET",Up,BUY,18,0.13515555555555556,0x267158d2b96521232c5f264cdf2f2eb39ab361ebf809e68fecb60b7a198e8e54,2026-05-02 10:42:08,0x112ffe14d5671458e92ddc39e342c00f95463b036b55ba2ea5a32feab7532e94,eth-updown-5m-1777707600
"Ethereum Up or Down - May 2, 3:40AM-3:45AM ET",Up,BUY,15,0.13,0x267158d2b96521232c5f264cdf2f2eb39ab361ebf809e68fecb60b7a198e8e54,2026-05-02 10:42:08,0x52d60465bdc8086d02a35727763cdf94d8879ccd4fb12cd62a215220a172b306,eth-updown-5m-1777707600
"Bitcoin Up or Down - May 2, 3:40AM-3:45AM ET",Down,BUY,65.38,0.8449143468950749,0x9a32bfb13fc04260ce5c01b417e2990d60bc886e41f7a5f2387e4452d1482ab4,2026-05-02 10:42:02,0x3e67d691f9463a0fbb10db23800752be9ca308635fb64b984cca216f5bcc366d,btc-updown-5m-1777707600
"Bitcoin Up or Down - May 2, 3:40AM-3:45AM ET",Down,BUY,25,0.812,0x9a32bfb13fc04260ce5c01b417e2990d60bc886e41f7a5f2387e4452d1482ab4,2026-05-02 10:42:00,0xfbc95b8b598d3c5cc03827fb652fd98f0921692b59f4db3430a2f6f4aae9ff1d,btc-updown-5m-1777707600
"Ethereum Up or Down - May 2, 3:40AM-3:45AM ET",Down,BUY,14,0.73,0x267158d2b96521232c5f264cdf2f2eb39ab361ebf809e68fecb60b7a198e8e54,2026-05-02 10:42:00,0x6e613e26c56bd21617ca40cf962c65e4ce7ae6b062b2a945c0e793ddc534e186,eth-updown-5m-1777707600
"Ethereum Up or Down - May 2, 3:40AM-3:45AM ET",Down,BUY,13,0.73,0x267158d2b96521232c5f264cdf2f2eb39ab361ebf809e68fecb60b7a198e8e54,2026-05-02 10:42:00,0x7e03e8ca654c1530e3093ad0140783bbb7cffd35d59d31d06d80517d14a0ead3,eth-updown-5m-1777707600
"Ethereum Up or Down - May 2, 3:40AM-3:45AM ET",Down,BUY,14,0.73,0x267158d2b96521232c5f264cdf2f2eb39ab361ebf809e68fecb60b7a198e8e54,2026-05-02 10:42:00,0xa99c99a204839d7809963b1094a814ae75608b65b63596469d520c5156fef79b,eth-updown-5m-1777707600
"Bitcoin Up or Down - May 2, 3:40AM-3:45AM ET",Down,BUY,74,0.8385135135135136,0x9a32bfb13fc04260ce5c01b417e2990d60bc886e41f7a5f2387e4452d1482ab4,2026-05-02 10:42:00,0xa32d7b037fdc0b65dc49ce381edd7646d09005706a8f41dc2dca402f00a636d9,btc-updown-5m-1777707600
"Bitcoin Up or Down - May 2, 3:40AM-3:45AM ET",Down,BUY,68,0.791810294117647,0x9a32bfb13fc04260ce5c01b417e2990d60bc886e41f7a5f2387e4452d1482ab4,2026-05-02 10:41:50,0xe647ef2ee8d0dd27471c5af41c9ca0e0c3844cd756da62b8b087fc3ec5cdd9f4,btc-updown-5m-1777707600
"Bitcoin Up or Down - May 2, 3:30AM-3:45AM ET",Down,BUY,2025.48,0.99,0x88c02903dae13cf6eb0276a41cb286b6871f7e626143b018d851f137dc1e6d12,2026-05-02 10:41:40,0x91003a72b44ffb493c2708d765ac9bbca0cb632917850dd5462e553fa4a23bb6,btc-updown-15m-1777707000
"Bitcoin Up or Down - May 2, 3:40AM-3:45AM ET",Up,BUY,48,0.2876208333333333,0x9a32bfb13fc04260ce5c01b417e2990d60bc886e41f7a5f2387e4452d1482ab4,2026-05-02 10:41:36,0xdded7e6ae2bd6c660b67be466a0ed43f95464f54d3664eb574a2dd0057838900,btc-updown-5m-1777707600
"Bitcoin Up or Down - May 2, 3:40AM-3:45AM ET",Down,BUY,53,0.7262301886792453,0x9a32bfb13fc04260ce5c01b417e2990d60bc886e41f7a5f2387e4452d1482ab4,2026-05-02 10:41:24,0xcca7c60b5297818c90b25c8bcbd1a76e96e7f7beb98a44df42e9c7138334b431,btc-updown-5m-1777707600
"Bitcoin Up or Down - May 2, 3:40AM-3:45AM ET",Up,BUY,47,0.28,0x9a32bfb13fc04260ce5c01b417e2990d60bc886e41f7a5f2387e4452d1482ab4,2026-05-02 10:41:04,0x297158c3508a584bd85fe871bc5b09a69d3c0d7485b56fe96250500ebe23f2cf,btc-updown-5m-1777707600
"Bitcoin Up or Down - May 2, 3:40AM-3:45AM ET",Up,BUY,49,0.28510816326530614,0x9a32bfb13fc04260ce5c01b417e2990d60bc886e41f7a5f2387e4452d1482ab4,2026-05-02 10:40:56,0xbc68779b592a49cf2a456ce58516c5288663bab70f8f05fef8914c2d2a95b6b4,btc-updown-5m-1777707600
"Bitcoin Up or Down - May 2, 3:40AM-3:45AM ET",Up,BUY,48,0.29,0x9a32bfb13fc04260ce5c01b417e2990d60bc886e41f7a5f2387e4452d1482ab4,2026-05-02 10:40:56,0xb789c03d937d005f3deff2814906240fefcba9f1b349a7e7389924c996143e0b,btc-updown-5m-1777707600
"Bitcoin Up or Down - May 2, 3:40AM-3:45AM ET",Down,BUY,28.44,0.6823206751054852,0x9a32bfb13fc04260ce5c01b417e2990d60bc886e41f7a5f2387e4452d1482ab4,2026-05-02 10:40:52,0x4f266db02635f827452f483ee1bbfcfae99b956a0c9f406fa28cfe090c355c84,btc-updown-5m-1777707600
"Bitcoin Up or Down - May 2, 3:40AM-3:45AM ET",Down,BUY,47,0.67,0x9a32bfb13fc04260ce5c01b417e2990d60bc886e41f7a5f2387e4452d1482ab4,2026-05-02 10:40:52,0xb829ce192a6ff960126e3c67607c84875c57a65f3129ea513a971c836c7625be,btc-updown-5m-1777707600
"Ethereum Up or Down - May 2, 3:40AM-3:45AM ET",Down,BUY,10,0.47,0x267158d2b96521232c5f264cdf2f2eb39ab361ebf809e68fecb60b7a198e8e54,2026-05-02 10:40:22,0xefbfd12e71882c88ff262fea826f39402827478099846c2dca7e23e155ef1dac,eth-updown-5m-1777707600
"Bitcoin Up or Down - May 2, 3AM ET",Down,BUY,15,0.91,0x55c488d9bc797ed51b27e101aac623df43457eb81d26e056eeeaa616b88e4f80,2026-05-02 10:40:18,0xd5cc7c3a206c21fb7e3ccdd6e7a7b7b721531bd4989aa91a46002f54d6178004,bitcoin-up-or-down-may-2-2026-3am-et
"Ethereum Up or Down - May 2, 3:40AM-3:45AM ET",Down,BUY,10,0.45,0x267158d2b96521232c5f264cdf2f2eb39ab361ebf809e68fecb60b7a198e8e54,2026-05-02 10:40:18,0x4dad48890f618d7cce303f7181976fd7c78c4ad4ddde9ef3db5fff3a3d7d2f4a,eth-updown-5m-1777707600
"Ethereum Up or Down - May 2, 3:40AM-3:45AM ET",Down,BUY,10,0.42,0x267158d2b96521232c5f264cdf2f2eb39ab361ebf809e68fecb60b7a198e8e54,2026-05-02 10:40:18,0xc6ee773d9ac69b66795edfcd1a766103c97cbdb722d85e87d4f89505d46a630e,eth-updown-5m-1777707600
"Bitcoin Up or Down - May 2, 3:40AM-3:45AM ET",Down,BUY,42,0.5351261904761905,0x9a32bfb13fc04260ce5c01b417e2990d60bc886e41f7a5f2387e4452d1482ab4,2026-05-02 10:40:18,0x7e2c092dd60de1e1076ffd86059b17cae95836d3285516ba9bfd8eb3a5e5e99b,btc-updown-5m-1777707600
"Ethereum Up or Down - May 2, 3:40AM-3:45AM ET",Down,BUY,10,0.45,0x267158d2b96521232c5f264cdf2f2eb39ab361ebf809e68fecb60b7a198e8e54,2026-05-02 10:40:18,0x5adca2b6bda64f4a7a893697860ac96b53bf560591762ffd3aba7535d17c57fd,eth-updown-5m-1777707600
"Ethereum Up or Down - May 2, 3:40AM-3:45AM ET",Up,BUY,11,0.6,0x267158d2b96521232c5f264cdf2f2eb39ab361ebf809e68fecb60b7a198e8e54,2026-05-02 10:40:06,0x553b1e553c908f17662e8b538f590a7deb558a069540c2e4a793f9fc1ad121e6,eth-updown-5m-1777707600
"Ethereum Up or Down - May 2, 3:40AM-3:45AM ET",Up,BUY,11,0.57,0x267158d2b96521232c5f264cdf2f2eb39ab361ebf809e68fecb60b7a198e8e54,2026-05-02 10:40:06,0x1cd1f182a5f1509ca3d30e4b11986ba54a0b52b7446ea290e1fa755d9500b69b,eth-updown-5m-1777707600
"Ethereum Up or Down - May 2, 3:40AM-3:45AM ET",Up,BUY,10,0.57,0x267158d2b96521232c5f264cdf2f2eb39ab361ebf809e68fecb60b7a198e8e54,2026-05-02 10:40:06,0x5eebde60043fec427a61007a65d3391a2549d7d7182c701e818846f9a3bff7dd,eth-updown-5m-1777707600
"Ethereum Up or Down - May 2, 3:40AM-3:45AM ET",Up,BUY,11,0.56,0x267158d2b96521232c5f264cdf2f2eb39ab361ebf809e68fecb60b7a198e8e54,2026-05-02 10:40:06,0x14ec2da3975d882ea63dd87199915a21f2c1e8ef1fd3c3e3ae05f13ba7100d7d,eth-updown-5m-1777707600
"Bitcoin Up or Down - May 2, 3:35AM-3:40AM ET",Up,BUY,177,0.04,0xff869f93b90ee4c5719173dfc3b8b0b965fa31f9d519d2459a32e9f90b77b440,2026-05-02 10:39:44,0xb7bf3ec7653601590ee294754e871d4230d8a43ca858021c98e1de6cbd79f1c5,btc-updown-5m-1777707300
"Bitcoin Up or Down - May 2, 3AM ET",Up,BUY,14,0.1,0x55c488d9bc797ed51b27e101aac623df43457eb81d26e056eeeaa616b88e4f80,2026-05-02 10:39:32,0xd4d2e2a5836187f0a471bf7b2a3ab50c19da194dbaa1f4f928a67a985b9fed9e,bitcoin-up-or-down-may-2-2026-3am-et
"Bitcoin Up or Down - May 2, 3:35AM-3:40AM ET",Down,BUY,68.82,0.9097355419936065,0xff869f93b90ee4c5719173dfc3b8b0b965fa31f9d519d2459a32e9f90b77b440,2026-05-02 10:38:48,0x699d9c0850624152374ebbfb6f1204baf0bd03fb69cb5103f3a65459b1d12002,btc-updown-5m-1777707300
"Bitcoin Up or Down - May 2, 3AM ET",Up,BUY,10,0.09,0x55c488d9bc797ed51b27e101aac623df43457eb81d26e056eeeaa616b88e4f80,2026-05-02 10:38:44,0x9766c83fbc8a8a20e4ae12508346903aa6770fc971f90ac5e81e7ae169b5441a,bitcoin-up-or-down-may-2-2026-3am-et
"Ethereum Up or Down - May 2, 3:30AM-3:45AM ET",Down,BUY,2116.2,0.99,0x8e270303a740617a01e8129b3c6699f1aa057da5edef8d9b842c05d608b2c246,2026-05-02 10:38:42,0xc986381bb141a45f6da1098d43e7203b9820cd208abd4ca83e426786242e66a4,eth-updown-15m-1777707000
"Ethereum Up or Down - May 2, 3:35AM-3:40AM ET",Up,BUY,20,0.08,0x3af8d4371bd390970d29f0bd070488ebdf970e6e2ef70a06c2b8aa41cc462ac4,2026-05-02 10:37:14,0x332128361b6036974cf9ad6f21cce0f218f5b60590e74f5f946c14f789e52416,eth-updown-5m-1777707300
"Ethereum Up or Down - May 2, 3:35AM-3:40AM ET",Down,BUY,65,0.9357538461538462,0x3af8d4371bd390970d29f0bd070488ebdf970e6e2ef70a06c2b8aa41cc462ac4,2026-05-02 10:37:14,0x87563fdea11066ca9a68037b08af2f0bf2b75f869e0d8b293949206e2f4648d4,eth-updown-5m-1777707300
"Ethereum Up or Down - May 2, 3:35AM-3:40AM ET",Down,BUY,44,0.91,0x3af8d4371bd390970d29f0bd070488ebdf970e6e2ef70a06c2b8aa41cc462ac4,2026-05-02 10:37:14,0x70d13fb577de9df1d6c4e2b3b842ede4728555e24fe9343dc6df518fc39cce69,eth-updown-5m-1777707300
"Ethereum Up or Down - May 2, 3:35AM-3:40AM ET",Down,BUY,38,0.91,0x3af8d4371bd390970d29f0bd070488ebdf970e6e2ef70a06c2b8aa41cc462ac4,2026-05-02 10:37:14,0x108cc770f90b71246dc8381be5eb319a4e082bdbcce42402ba49176dfa497ae0,eth-updown-5m-1777707300
"Bitcoin Up or Down - May 2, 3:35AM-3:40AM ET",Down,BUY,122,0.8896073770491804,0xff869f93b90ee4c5719173dfc3b8b0b965fa31f9d519d2459a32e9f90b77b440,2026-05-02 10:37:14,0x269eaef37c9111a84455a67abf7aac067e565a2429b4f191f8da2001b070690d,btc-updown-5m-1777707300
"Bitcoin Up or Down - May 2, 3AM ET",Down,BUY,5,0.84,0x55c488d9bc797ed51b27e101aac623df43457eb81d26e056eeeaa616b88e4f80,2026-05-02 10:37:06,0xab9e7fed2831c8fb508e3d53854c1d9e68c8f073aa27bfe8b091131bc55732d5,bitcoin-up-or-down-may-2-2026-3am-et
"Bitcoin Up or Down - May 2, 3:35AM-3:40AM ET",Down,BUY,68,0.8,0xff869f93b90ee4c5719173dfc3b8b0b965fa31f9d519d2459a32e9f90b77b440,2026-05-02 10:37:06,0x7e5e961beb7bc01fb80b76668f42b896c6915f0d10453db1a54d2659e13bee90,btc-updown-5m-1777707300
"Bitcoin Up or Down - May 2, 3:35AM-3:40AM ET",Down,BUY,53,0.7381132075471698,0xff869f93b90ee4c5719173dfc3b8b0b965fa31f9d519d2459a32e9f90b77b440,2026-05-02 10:37:04,0x6455013848e42d929af95874a217322064e2cabb72be6280f4e38a532da97b7c,btc-updown-5m-1777707300
"Ethereum Up or Down - May 2, 3:35AM-3:40AM ET",Down,BUY,13,0.75,0x3af8d4371bd390970d29f0bd070488ebdf970e6e2ef70a06c2b8aa41cc462ac4,2026-05-02 10:37:02,0xfbc2f553bfd2c2ca4110e9a6780064f78fa39633025af98a1f2a73375f8116b8,eth-updown-5m-1777707300
"Bitcoin Up or Down - May 2, 3:35AM-3:40AM ET",Down,BUY,44,0.63,0xff869f93b90ee4c5719173dfc3b8b0b965fa31f9d519d2459a32e9f90b77b440,2026-05-02 10:36:40,0xd77f8c63514e24de3f8be6422d2cbc8644f5e64bd3ef58992671f96e9d6343b1,btc-updown-5m-1777707300
"Bitcoin Up or Down - May 2, 3:35AM-3:40AM ET",Down,BUY,46,0.63,0xff869f93b90ee4c5719173dfc3b8b0b965fa31f9d519d2459a32e9f90b77b440,2026-05-02 10:36:40,0x2a8f78ead49eb09d4ad9090684ab3038fdf80b0b962e0ce3d86a370c5b52fee1,btc-updown-5m-1777707300
"Bitcoin Up or Down - May 2, 3:35AM-3:40AM ET",Down,BUY,40,0.5154025,0xff869f93b90ee4c5719173dfc3b8b0b965fa31f9d519d2459a32e9f90b77b440,2026-05-02 10:36:30,0x788d3ea2d78d721387e5970aa492f9124f14f06ffdd947116da73955aad647fa,btc-updown-5m-1777707300
"Ethereum Up or Down - May 2, 3:35AM-3:40AM ET",Down,BUY,13,0.67,0x3af8d4371bd390970d29f0bd070488ebdf970e6e2ef70a06c2b8aa41cc462ac4,2026-05-02 10:36:30,0xad2a346cf1c1740e7740a6304845121afd531957c82889fbc1e049e49eb97cf3,eth-updown-5m-1777707300
"Bitcoin Up or Down - May 2, 3:35AM-3:40AM ET",Down,BUY,41,0.5484731707317073,0xff869f93b90ee4c5719173dfc3b8b0b965fa31f9d519d2459a32e9f90b77b440,2026-05-02 10:36:30,0x908c5a7a3b6fdbfc22985396e6af7c1ad779eb21ff0e208e47489345bbce79c2,btc-updown-5m-1777707300
"Ethereum Up or Down - May 2, 3:35AM-3:40AM ET",Down,BUY,10,0.54,0x3af8d4371bd390970d29f0bd070488ebdf970e6e2ef70a06c2b8aa41cc462ac4,2026-05-02 10:36:30,0x4a07ffe9a3002ff38abe1f6985b20db84ef70d30eec0b6f1048ace16b2b8892e,eth-updown-5m-1777707300
"Ethereum Up or Down - May 2, 3:35AM-3:40AM ET",Down,BUY,11,0.5154545454545455,0x3af8d4371bd390970d29f0bd070488ebdf970e6e2ef70a06c2b8aa41cc462ac4,2026-05-02 10:36:24,0x4e55465e03cfe5ed912624615200bf19726d0b6c4cf85caa0d911cb891992573,eth-updown-5m-1777707300
"Ethereum Up or Down - May 2, 3:35AM-3:40AM ET",Down,BUY,10,0.505,0x3af8d4371bd390970d29f0bd070488ebdf970e6e2ef70a06c2b8aa41cc462ac4,2026-05-02 10:36:24,0x10bdcbd89672ef509e408331160476eb02eb190a9db0cc7005af58fe37f7f6c5,eth-updown-5m-1777707300
"Ethereum Up or Down - May 2, 3:35AM-3:40AM ET",Down,BUY,10,0.5,0x3af8d4371bd390970d29f0bd070488ebdf970e6e2ef70a06c2b8aa41cc462ac4,2026-05-02 10:36:24,0xd7252db3d6f5c765a7ff89c48612851c498141b411ac18f04d13c31cf2029026,eth-updown-5m-1777707300
"Bitcoin Up or Down - May 2, 3:35AM-3:40AM ET",Down,BUY,40,0.47,0xff869f93b90ee4c5719173dfc3b8b0b965fa31f9d519d2459a32e9f90b77b440,2026-05-02 10:35:56,0xf5967ab22f168e476ace4039e86e707c485e6b1a66d4fda4edd00b794dab1c67,btc-updown-5m-1777707300
"Bitcoin Up or Down - May 2, 3:35AM-3:40AM ET",Down,BUY,40,0.464915,0xff869f93b90ee4c5719173dfc3b8b0b965fa31f9d519d2459a32e9f90b77b440,2026-05-02 10:35:56,0x46884041cab31f6709e70c043cdcdb8ca13e9360749b555abcf90d908961c88a,btc-updown-5m-1777707300
"Bitcoin Up or Down - May 2, 3AM ET",Down,BUY,8,0.8,0x55c488d9bc797ed51b27e101aac623df43457eb81d26e056eeeaa616b88e4f80,2026-05-02 10:35:56,0x33c8d86ee99577145010abee6b093f215c8346876908758b17b5c0ea2a1b648a,bitcoin-up-or-down-may-2-2026-3am-et
"Bitcoin Up or Down - May 2, 3:30AM-3:45AM ET",Down,BUY,21,0.84,0x88c02903dae13cf6eb0276a41cb286b6871f7e626143b018d851f137dc1e6d12,2026-05-02 10:35:56,0x70197b74c0e4f0457cf6f2e376f4d67224ea8109cba04abd2bf40705d2055a0a,btc-updown-15m-1777707000
"Bitcoin Up or Down - May 2, 3:35AM-3:40AM ET",Down,BUY,40,0.47,0xff869f93b90ee4c5719173dfc3b8b0b965fa31f9d519d2459a32e9f90b77b440,2026-05-02 10:35:56,0x40181cd8fd8d0f4bc7d50fa94ef6a3581914bc628246712fb2fd6129560afd31,btc-updown-5m-1777707300
"Ethereum Up or Down - May 2, 3:35AM-3:40AM ET",Down,BUY,10,0.4184,0x3af8d4371bd390970d29f0bd070488ebdf970e6e2ef70a06c2b8aa41cc462ac4,2026-05-02 10:35:44,0x59cfee8311404b336ca17fcaefb904eccd6f18ca8f1610caaed422207c64ff49,eth-updown-5m-1777707300
"Ethereum Up or Down - May 2, 3:35AM-3:40AM ET",Down,BUY,10,0.41,0x3af8d4371bd390970d29f0bd070488ebdf970e6e2ef70a06c2b8aa41cc462ac4,2026-05-02 10:35:44,0x15e07878b780139103d999e95cd76d5dd82dee0ed0bf087a769ca2458b414656,eth-updown-5m-1777707300
"Ethereum Up or Down - May 2, 3:35AM-3:40AM ET",Up,BUY,11,0.5576818181818182,0x3af8d4371bd390970d29f0bd070488ebdf970e6e2ef70a06c2b8aa41cc462ac4,2026-05-02 10:35:26,0x0d141fa5e19427db221eb17f387a4e5f1e7ffde8958d1843dd08b877dae4cfa7,eth-updown-5m-1777707300
"Ethereum Up or Down - May 2, 3:35AM-3:40AM ET",Up,BUY,11,0.55,0x3af8d4371bd390970d29f0bd070488ebdf970e6e2ef70a06c2b8aa41cc462ac4,2026-05-02 10:35:26,0x4b45e3f55dc9218700fe3a59bd9be2dc4b10ae890efda10ba27fe3dc9c4ee0d4,eth-updown-5m-1777707300
"Ethereum Up or Down - May 2, 3:35AM-3:40AM ET",Up,BUY,10,0.51628,0x3af8d4371bd390970d29f0bd070488ebdf970e6e2ef70a06c2b8aa41cc462ac4,2026-05-02 10:35:26,0xcbc435864c8c47e6eff605d026d8f3088fceed3a5473c09191fc280185b9ecdf,eth-updown-5m-1777707300
"Ethereum Up or Down - May 2, 3:35AM-3:40AM ET",Up,BUY,10,0.50835,0x3af8d4371bd390970d29f0bd070488ebdf970e6e2ef70a06c2b8aa41cc462ac4,2026-05-02 10:35:26,0x4798db028bd4e93e2a6515a00da565299b56761860a99e0a0e8cff1e48bf759b,eth-updown-5m-1777707300
"Bitcoin Up or Down - May 2, 3AM ET",Up,BUY,8,0.2014,0x55c488d9bc797ed51b27e101aac623df43457eb81d26e056eeeaa616b88e4f80,2026-05-02 10:35:22,0x1f7750d2f0dcf00fc2e17bc31be3b5d8fc0a2a7d8bf9e1a64d8411f754d24970,bitcoin-up-or-down-may-2-2026-3am-et
"Bitcoin Up or Down - May 2, 3:30AM-3:45AM ET",Up,BUY,18,0.14,0x88c02903dae13cf6eb0276a41cb286b6871f7e626143b018d851f137dc1e6d12,2026-05-02 10:35:22,0x4eb5c15ace76a230c2002310e0a04c46ef4fb89901836349ce5081238fe24c8e,btc-updown-15m-1777707000
"Bitcoin Up or Down - May 2, 3:35AM-3:40AM ET",Up,BUY,40,0.48478,0xff869f93b90ee4c5719173dfc3b8b0b965fa31f9d519d2459a32e9f90b77b440,2026-05-02 10:35:22,0x096fb0d4605e01c547730f404ee1f6be078bd7918766e43d50a867d801d7dcaf,btc-updown-5m-1777707300
"Bitcoin Up or Down - May 2, 3:35AM-3:40AM ET",Up,BUY,36.9,0.46279132791327915,0xff869f93b90ee4c5719173dfc3b8b0b965fa31f9d519d2459a32e9f90b77b440,2026-05-02 10:35:22,0x3ab634eab1a29e88888a7be50f7d1ac6ce288e4fa762ef6baf2a0189c52f0f89,btc-updown-5m-1777707300
"Ethereum Up or Down - May 2, 3:35AM-3:40AM ET",Up,BUY,10,0.43,0x3af8d4371bd390970d29f0bd070488ebdf970e6e2ef70a06c2b8aa41cc462ac4,2026-05-02 10:35:22,0x72d387df942190b311fde43e468ba326a09e2e430f22b32bc17f32e0ef1684ff,eth-updown-5m-1777707300
"Bitcoin Up or Down - May 2, 3AM ET",Up,BUY,8,0.19375,0x55c488d9bc797ed51b27e101aac623df43457eb81d26e056eeeaa616b88e4f80,2026-05-02 10:35:22,0xeba7207070adf20a7a55a51a6f2163107c3b3348704e2b6360eafb747e31f330,bitcoin-up-or-down-may-2-2026-3am-et
"Bitcoin Up or Down - May 2, 3AM ET",Down,BUY,7,0.76,0x55c488d9bc797ed51b27e101aac623df43457eb81d26e056eeeaa616b88e4f80,2026-05-02 10:34:30,0xc6b16e3967c53483c3078578588e67d42d9ed44942cd7a4e42f93332269547cd,bitcoin-up-or-down-may-2-2026-3am-et
"Bitcoin Up or Down - May 2, 3AM ET",Down,BUY,7,0.76,0x55c488d9bc797ed51b27e101aac623df43457eb81d26e056eeeaa616b88e4f80,2026-05-02 10:34:30,0x5d9685118cde9de3af5506e852e7e8de0d50ad799ee6d02b24d115ceb7a7bb72,bitcoin-up-or-down-may-2-2026-3am-et
"Bitcoin Up or Down - May 2, 3:30AM-3:45AM ET",Down,BUY,19,0.8306526315789474,0x88c02903dae13cf6eb0276a41cb286b6871f7e626143b018d851f137dc1e6d12,2026-05-02 10:34:30,0x670447eb71e5aae0ca2109aa6832ff2c4c501d5a9e35839f538fa80f5048c298,btc-updown-15m-1777707000
"Bitcoin Up or Down - May 2, 3AM ET",Up,BUY,6,0.27,0x55c488d9bc797ed51b27e101aac623df43457eb81d26e056eeeaa616b88e4f80,2026-05-02 10:33:36,0xa7467178e1eebfe03f93e27f9ffd64442d598c3f45f24acbe00e46e1b221c498,bitcoin-up-or-down-may-2-2026-3am-et
"Bitcoin Up or Down - May 2, 3:30AM-3:45AM ET",Up,BUY,14,0.21,0x88c02903dae13cf6eb0276a41cb286b6871f7e626143b018d851f137dc1e6d12,2026-05-02 10:33:36,0x954df32ae0a2d16bf08f6d31d97284638cd12cec2c27c446df594890e53fc062,btc-updown-15m-1777707000
"Bitcoin Up or Down - May 2, 3:30AM-3:35AM ET",Down,BUY,510,0.97,0xdc078b9938889702421d33b09987242ae1d76b9de6a608ab4d2d9cf1d54240a0,2026-05-02 10:33:32,0xb18ebe86571dc3d5b00df73752e144e60db593e16c4295fed591bbd913f678d6,btc-updown-5m-1777707000
"Bitcoin Up or Down - May 2, 3AM ET",Down,BUY,6,0.6933333333333334,0x55c488d9bc797ed51b27e101aac623df43457eb81d26e056eeeaa616b88e4f80,2026-05-02 10:33:30,0x67250a3bdbdd281abf18c11496501c9751fefd35e70b42806f089492cea4ac19,bitcoin-up-or-down-may-2-2026-3am-et
"Bitcoin Up or Down - May 2, 3:30AM-3:35AM ET",Down,BUY,510,0.9603717647058824,0xdc078b9938889702421d33b09987242ae1d76b9de6a608ab4d2d9cf1d54240a0,2026-05-02 10:33:28,0x92da4c36048fa905e961a4c9490369e12c5099b97b98dfbda2ba28fca59d5df5,btc-updown-5m-1777707000
"Bitcoin Up or Down - May 2, 3:30AM-3:35AM ET",Down,BUY,211,0.9498876777251185,0xdc078b9938889702421d33b09987242ae1d76b9de6a608ab4d2d9cf1d54240a0,2026-05-02 10:33:28,0x16976afd102a3555f1484537f6d5c77d2d1d1233eec13e892b34e0721f903ae7,btc-updown-5m-1777707000
"Bitcoin Up or Down - May 2, 3:30AM-3:45AM ET",Down,BUY,12,0.69,0x88c02903dae13cf6eb0276a41cb286b6871f7e626143b018d851f137dc1e6d12,2026-05-02 10:33:28,0x40564aecaa33e497227538ede00ed12ed82dd2ad6c692845ae6ca8a565f15d28,btc-updown-15m-1777707000
"Bitcoin Up or Down - May 2, 3:30AM-3:45AM ET",Down,BUY,12,0.69,0x88c02903dae13cf6eb0276a41cb286b6871f7e626143b018d851f137dc1e6d12,2026-05-02 10:33:28,0xc76feed521a1207908d444de27252074d37ff9c78f30e47facfe2aa6a1f2e205,btc-updown-15m-1777707000
"Ethereum Up or Down - May 2, 3:30AM-3:35AM ET",Down,BUY,128,0.973040625,0xfcb5d8a11e9d59813c6fa42d44d131d44334431af414b3b2f3de24a385f3722b,2026-05-02 10:33:28,0x94040391439c5ac0388d5b06b037cc4ec8c0ba734b36432f37e03960417a613a,eth-updown-5m-1777707000
"Bitcoin Up or Down - May 2, 3AM ET",Down,BUY,6,0.69,0x55c488d9bc797ed51b27e101aac623df43457eb81d26e056eeeaa616b88e4f80,2026-05-02 10:33:28,0x5c69ef148c98da6b07ac35a9cceaea5cb52a626b2f7ca2abe76b04a8e427dddb,bitcoin-up-or-down-may-2-2026-3am-et
"Bitcoin Up or Down - May 2, 3:30AM-3:45AM ET",Down,BUY,12,0.69,0x88c02903dae13cf6eb0276a41cb286b6871f7e626143b018d851f137dc1e6d12,2026-05-02 10:33:28,0x85129e0284e89a1fb70388f631c980262eb0df0f803fa044b3a2b162ceac1d8a,btc-updown-15m-1777707000
"Bitcoin Up or Down - May 2, 3AM ET",Down,BUY,6,0.69,0x55c488d9bc797ed51b27e101aac623df43457eb81d26e056eeeaa616b88e4f80,2026-05-02 10:33:28,0x8f12f27cec511acc3be29409da294249fe586ec63fa15d05af0be892ab7f3c68,bitcoin-up-or-down-may-2-2026-3am-et
"Bitcoin Up or Down - May 2, 3AM ET",Down,BUY,6,0.69,0x55c488d9bc797ed51b27e101aac623df43457eb81d26e056eeeaa616b88e4f80,2026-05-02 10:33:28,0x3ca3c11f245b8e056ea1f212e8d8e612fe6bfc680fbd9266c395596575a09c6e,bitcoin-up-or-down-may-2-2026-3am-et
"Ethereum Up or Down - May 2, 3:30AM-3:35AM ET",Up,BUY,22,0.08,0xfcb5d8a11e9d59813c6fa42d44d131d44334431af414b3b2f3de24a385f3722b,2026-05-02 10:33:14,0xe969ce02f167f285f457c372316e391b4110833d0bf948cad563c4874743a166,eth-updown-5m-1777707000
"Ethereum Up or Down - May 2, 3:30AM-3:35AM ET",Up,BUY,28,0.08,0xfcb5d8a11e9d59813c6fa42d44d131d44334431af414b3b2f3de24a385f3722b,2026-05-02 10:33:14,0x338df57bec0cb7663e1c0bd9fe27073105947afda61c2452ee0e9cb543f0d4d5,eth-updown-5m-1777707000
"Bitcoin Up or Down - May 2, 3:30AM-3:45AM ET",Up,BUY,11,0.37,0x88c02903dae13cf6eb0276a41cb286b6871f7e626143b018d851f137dc1e6d12,2026-05-02 10:33:12,0x80563812fc4c336a3e1b09a107e9ad6469d2745bb7893967fd6ab051a85bb66c,btc-updown-15m-1777707000
"Ethereum Up or Down - May 2, 3:30AM-3:35AM ET",Up,BUY,11.38,0.03,0xfcb5d8a11e9d59813c6fa42d44d131d44334431af414b3b2f3de24a385f3722b,2026-05-02 10:33:10,0x6d7ac92ebc07ca2bbe486bfa1102f9b70ebc343f05772bef34258af5092f3aae,eth-updown-5m-1777707000
"Bitcoin Up or Down - May 2, 3:30AM-3:45AM ET",Up,BUY,1.05,0.32,0x88c02903dae13cf6eb0276a41cb286b6871f7e626143b018d851f137dc1e6d12,2026-05-02 10:33:10,0xd1c2fbc586285ee86146bbfa29f1beba4dfc1f28d753000327f0b37301c72658,btc-updown-15m-1777707000
"Bitcoin Up or Down - May 2, 3:30AM-3:45AM ET",Up,BUY,1.53,0.3,0x88c02903dae13cf6eb0276a41cb286b6871f7e626143b018d851f137dc1e6d12,2026-05-02 10:33:10,0x6a22c4a9926d4e87d496b23bd65bdff2d10f2202f4fa9199803abe3dbdf1b25f,btc-updown-15m-1777707000
"Bitcoin Up or Down - May 2, 3AM ET",Up,BUY,6,0.28,0x55c488d9bc797ed51b27e101aac623df43457eb81d26e056eeeaa616b88e4f80,2026-05-02 10:33:10,0x34eb888d0493ece8aa0282f6fe234a1f9fd4e1b830223974e7159ab7913cefb2,bitcoin-up-or-down-may-2-2026-3am-et
"Bitcoin Up or Down - May 2, 3AM ET",Up,BUY,6,0.28,0x55c488d9bc797ed51b27e101aac623df43457eb81d26e056eeeaa616b88e4f80,2026-05-02 10:33:08,0xa9bea4f656efd0d742b5ecd03bbce487ea8e78d755fb7bb25aead924bc308dd9,bitcoin-up-or-down-may-2-2026-3am-et
"Ethereum Up or Down - May 2, 3:30AM-3:35AM ET",Down,BUY,253,0.963200790513834,0xfcb5d8a11e9d59813c6fa42d44d131d44334431af414b3b2f3de24a385f3722b,2026-05-02 10:32:48,0x9b1c6e83bb059eefa3fe06355830ee564316e381633bd9bc77c46994ee9d2561,eth-updown-5m-1777707000
"Ethereum Up or Down - May 2, 3:30AM-3:35AM ET",Down,BUY,128,0.96,0xfcb5d8a11e9d59813c6fa42d44d131d44334431af414b3b2f3de24a385f3722b,2026-05-02 10:32:46,0x7004985429c343e52098191cd81a62f5bbca56d8d92955dd5f992f307106290a,eth-updown-5m-1777707000
"Ethereum Up or Down - May 2, 3:30AM-3:35AM ET",Down,BUY,65,0.9562861538461539,0xfcb5d8a11e9d59813c6fa42d44d131d44334431af414b3b2f3de24a385f3722b,2026-05-02 10:32:46,0x63e6ee5594128b5057c2e597ec2664bc215719cb1890dea4e4ca9af50fbabc69,eth-updown-5m-1777707000
"Ethereum Up or Down - May 2, 3:30AM-3:35AM ET",Up,BUY,24,0.06,0xfcb5d8a11e9d59813c6fa42d44d131d44334431af414b3b2f3de24a385f3722b,2026-05-02 10:32:38,0x69d00cb65bb0c4b60ccb136426320f24e943e674d103a6a63f7e6b402a70fb2d,eth-updown-5m-1777707000
"Ethereum Up or Down - May 2, 3:30AM-3:35AM ET",Up,BUY,26,0.07,0xfcb5d8a11e9d59813c6fa42d44d131d44334431af414b3b2f3de24a385f3722b,2026-05-02 10:32:36,0xacc7da9b6027b85de70efb284fb6f4787cbe2bc273c7b536a726e2fc27656045,eth-updown-5m-1777707000
"Bitcoin Up or Down - May 2, 3AM ET",Up,BUY,6,0.27,0x55c488d9bc797ed51b27e101aac623df43457eb81d26e056eeeaa616b88e4f80,2026-05-02 10:32:28,0xe05615ccc18b980ddd5ab0e534d2c224e1c306646f044c631c0c87bc3a3c6676,bitcoin-up-or-down-may-2-2026-3am-et
"Bitcoin Up or Down - May 2, 3:30AM-3:45AM ET",Up,BUY,13,0.25,0x88c02903dae13cf6eb0276a41cb286b6871f7e626143b018d851f137dc1e6d12,2026-05-02 10:32:28,0x02a16173a21041735f3f44353f3f0cd70e8d6969425ddaebfa42642565528782,btc-updown-15m-1777707000
"Ethereum Up or Down - May 2, 3:30AM-3:35AM ET",Up,BUY,44,0.04,0xfcb5d8a11e9d59813c6fa42d44d131d44334431af414b3b2f3de24a385f3722b,2026-05-02 10:32:24,0x8e9666f7b01df194acc75a0727025fa77a1cae0aaeb8cba1c909e8c1abdbdd60,eth-updown-5m-1777707000
"Bitcoin Up or Down - May 2, 3AM ET",Down,BUY,6,0.7,0x55c488d9bc797ed51b27e101aac623df43457eb81d26e056eeeaa616b88e4f80,2026-05-02 10:32:10,0x8027e4cf48d72ec58e4443a6a4bb35d2a392646f78775e954d7b850fd8593f36,bitcoin-up-or-down-may-2-2026-3am-et
"Bitcoin Up or Down - May 2, 3:30AM-3:45AM ET",Down,BUY,14,0.75,0x88c02903dae13cf6eb0276a41cb286b6871f7e626143b018d851f137dc1e6d12,2026-05-02 10:32:10,0x5aae18668b83f9f83bb11029e2952527e01ae97df180246dc6325d44c2799940,btc-updown-15m-1777707000
"Ethereum Up or Down - May 2, 3:30AM-3:35AM ET",Down,BUY,53,0.94,0xfcb5d8a11e9d59813c6fa42d44d131d44334431af414b3b2f3de24a385f3722b,2026-05-02 10:32:04,0xc67c304cb53c8618f36c5c131f07afe5952926c34dd051f7b9b926ff9963babf,eth-updown-5m-1777707000
"Ethereum Up or Down - May 2, 3:30AM-3:35AM ET",Down,BUY,38,0.903528947368421,0xfcb5d8a11e9d59813c6fa42d44d131d44334431af414b3b2f3de24a385f3722b,2026-05-02 10:32:04,0x10e02746f3e6b92a43ade40b365c3dc3d6491212538d9a30db7d6475406c2c89,eth-updown-5m-1777707000
"Bitcoin Up or Down - May 2, 3:30AM-3:35AM ET",Down,BUY,35.64,0.8293686868686869,0xdc078b9938889702421d33b09987242ae1d76b9de6a608ab4d2d9cf1d54240a0,2026-05-02 10:32:04,0x1e75e188d516ff2745326bd2c5cd7e7a3d00e4ef7de4960c937924906c0096d0,btc-updown-5m-1777707000
"Ethereum Up or Down - May 2, 3:30AM-3:35AM ET",Down,BUY,128,0.9602859375,0xfcb5d8a11e9d59813c6fa42d44d131d44334431af414b3b2f3de24a385f3722b,2026-05-02 10:32:04,0xbd2b5cf1d74cb42b834b29ac901126f7ce76676369a2f05b9d8e23f291cba005,eth-updown-5m-1777707000
"Ethereum Up or Down - May 2, 3:30AM-3:35AM ET",Down,BUY,65,0.95,0xfcb5d8a11e9d59813c6fa42d44d131d44334431af414b3b2f3de24a385f3722b,2026-05-02 10:32:04,0xec91e669b3bcaf43ffddf49a47af24f57c7c9719b29eac74764f62eca7106bf0,eth-updown-5m-1777707000
"Bitcoin Up or Down - May 2, 3:30AM-3:45AM ET",Down,BUY,13,0.7258384615384615,0x88c02903dae13cf6eb0276a41cb286b6871f7e626143b018d851f137dc1e6d12,2026-05-02 10:32:04,0x232ac6e0ac853bb8635ef4189f790813afe33ad463f3e17c65841931773947bb,btc-updown-15m-1777707000
"Ethereum Up or Down - May 2, 3:30AM-3:35AM ET",Down,BUY,34,0.9,0xfcb5d8a11e9d59813c6fa42d44d131d44334431af414b3b2f3de24a385f3722b,2026-05-02 10:32:02,0xe8f8e5faf1a74459b180f1f3477a7e3367a3e729fde28f93fe3d5e0ca544cd72,eth-updown-5m-1777707000
"Ethereum Up or Down - May 2, 3:30AM-3:35AM ET",Down,BUY,15,0.7366666666666667,0xfcb5d8a11e9d59813c6fa42d44d131d44334431af414b3b2f3de24a385f3722b,2026-05-02 10:31:44,0x4b8d7fcfcf6ce39125b9ebe8acbe187cd4579ed01ba63264c825d6c33dc4b0b9,eth-updown-5m-1777707000
"Ethereum Up or Down - May 2, 3:30AM-3:35AM ET",Down,BUY,4,0.64,0xfcb5d8a11e9d59813c6fa42d44d131d44334431af414b3b2f3de24a385f3722b,2026-05-02 10:31:44,0x6055d6f94eaeefd6a8415766410164dfb50972ebb7c7c41596abf35b134c49d6,eth-updown-5m-1777707000
"Ethereum Up or Down - May 2, 3:30AM-3:35AM ET",Down,BUY,11,0.64,0xfcb5d8a11e9d59813c6fa42d44d131d44334431af414b3b2f3de24a385f3722b,2026-05-02 10:31:44,0xec2fd99efdf1152e4415bdc7fbf2260c37f4e6cb7efc82d3814ab22642515a2f,eth-updown-5m-1777707000
"Ethereum Up or Down - May 2, 3:30AM-3:35AM ET",Down,BUY,14,0.6,0xfcb5d8a11e9d59813c6fa42d44d131d44334431af414b3b2f3de24a385f3722b,2026-05-02 10:31:08,0xbbed050afb271c2f4502912766d10ffd943fa8f85cbbaabf5a46ccd043c323cf,eth-updown-5m-1777707000
"Ethereum Up or Down - May 2, 3:30AM-3:35AM ET",Down,BUY,12,0.6,0xfcb5d8a11e9d59813c6fa42d44d131d44334431af414b3b2f3de24a385f3722b,2026-05-02 10:31:08,0x6c42e1dc52b854c75a4ff37b53f005d27150bea0ef7c82e2515ba1b340e1f926,eth-updown-5m-1777707000
"Ethereum Up or Down - May 2, 3:30AM-3:35AM ET",Down,BUY,11,0.5911272727272727,0xfcb5d8a11e9d59813c6fa42d44d131d44334431af414b3b2f3de24a385f3722b,2026-05-02 10:31:08,0x184c02a2e93de7e4e4042a9a56708f692cadbee31bc520156fa4f081ec67cf2d,eth-updown-5m-1777707000
"Ethereum Up or Down - May 2, 3:30AM-3:35AM ET",Down,BUY,11,0.570490909090909,0xfcb5d8a11e9d59813c6fa42d44d131d44334431af414b3b2f3de24a385f3722b,2026-05-02 10:31:06,0xf3006deaadd376c63310c5b033b137d7923591d44e18eca013aca6b62e26c95c,eth-updown-5m-1777707000
"Ethereum Up or Down - May 2, 3:30AM-3:35AM ET",Down,BUY,11,0.5497636363636363,0xfcb5d8a11e9d59813c6fa42d44d131d44334431af414b3b2f3de24a385f3722b,2026-05-02 10:31:06,0x76e7a49f730181363a5730c257db8791fc3d0ad0f8dac64633ac981e8e33fb23,eth-updown-5m-1777707000
"Ethereum Up or Down - May 2, 3:30AM-3:35AM ET",Down,BUY,10,0.53109,0xfcb5d8a11e9d59813c6fa42d44d131d44334431af414b3b2f3de24a385f3722b,2026-05-02 10:31:06,0x6bdb36cc2d04d2723e692fbb72931a76d12887d22158d13afcc83d96fed82f72,eth-updown-5m-1777707000
"Ethereum Up or Down - May 2, 3:30AM-3:35AM ET",Down,BUY,10,0.51,0xfcb5d8a11e9d59813c6fa42d44d131d44334431af414b3b2f3de24a385f3722b,2026-05-02 10:31:06,0xff7b16296c37d30d08b50a2d62f73181de7a78f8f549b905086ca1a10c740c20,eth-updown-5m-1777707000
"Bitcoin Up or Down - May 2, 3:30AM-3:45AM ET",Down,BUY,11,0.58,0x88c02903dae13cf6eb0276a41cb286b6871f7e626143b018d851f137dc1e6d12,2026-05-02 10:31:06,0xed912b91fa6b0d7a98bf76498bbd01b62318261aa7f295ea8b2008a5d0ecbffb,btc-updown-15m-1777707000
"Bitcoin Up or Down - May 2, 3:30AM-3:45AM ET",Down,BUY,11,0.5650545454545455,0x88c02903dae13cf6eb0276a41cb286b6871f7e626143b018d851f137dc1e6d12,2026-05-02 10:31:06,0xf4093d99521fa4b9d4c5058d197c313ff4fd6c97f0baccdd8b2c4cbb7b52a4cf,btc-updown-15m-1777707000
"Bitcoin Up or Down - May 2, 3:30AM-3:45AM ET",Down,BUY,10,0.54,0x88c02903dae13cf6eb0276a41cb286b6871f7e626143b018d851f137dc1e6d12,2026-05-02 10:31:06,0x7386e00dd126b8996bb2583919d40fc997a9aef913362a66a9bbf4d6a96628e6,btc-updown-15m-1777707000
"Bitcoin Up or Down - May 2, 3:30AM-3:45AM ET",Down,BUY,10,0.55,0x88c02903dae13cf6eb0276a41cb286b6871f7e626143b018d851f137dc1e6d12,2026-05-02 10:31:06,0xa58cfef393f2b13926baace70b565448fe0ee0e49fcc47aab8ea60569ee759db,btc-updown-15m-1777707000
"Bitcoin Up or Down - May 2, 3:30AM-3:45AM ET",Down,BUY,10,0.53853,0x88c02903dae13cf6eb0276a41cb286b6871f7e626143b018d851f137dc1e6d12,2026-05-02 10:31:06,0x4a9a882acbca48dc105d3ba309eb40f9625226be2a037b4b38df375182718e6c,btc-updown-15m-1777707000
"Ethereum Up or Down - May 2, 3:30AM-3:35AM ET",Up,BUY,10,0.45,0xfcb5d8a11e9d59813c6fa42d44d131d44334431af414b3b2f3de24a385f3722b,2026-05-02 10:30:46,0x5d31a2fb6c886f9ffe217f96d32bbc81f02376482e2f89d2a718d520e82c1362,eth-updown-5m-1777707000
"Bitcoin Up or Down - May 2, 3:30AM-3:45AM ET",Up,BUY,10,0.535,0x88c02903dae13cf6eb0276a41cb286b6871f7e626143b018d851f137dc1e6d12,2026-05-02 10:30:46,0x8013ef576f55d39b747e22b3b69cb25ff57e6e51db9d1addb4fee4a4d474b3fa,btc-updown-15m-1777707000
"Ethereum Up or Down - May 2, 3:30AM-3:35AM ET",Up,BUY,10,0.45,0xfcb5d8a11e9d59813c6fa42d44d131d44334431af414b3b2f3de24a385f3722b,2026-05-02 10:30:46,0x5aa7d16b021949d2a35fc5d1c9973ccff1f0213385416eb8a78fc5ce6fdb87ed,eth-updown-5m-1777707000
"Ethereum Up or Down - May 2, 3:30AM-3:35AM ET",Down,BUY,10,0.58,0xfcb5d8a11e9d59813c6fa42d44d131d44334431af414b3b2f3de24a385f3722b,2026-05-02 10:30:44,0x9bc7ac7cacf68929ca0fadeaae7667031d6fa2ebc53622c49d8d08dff68f9d6e,eth-updown-5m-1777707000
"Ethereum Up or Down - May 2, 3:30AM-3:35AM ET",Down,BUY,10,0.58,0xfcb5d8a11e9d59813c6fa42d44d131d44334431af414b3b2f3de24a385f3722b,2026-05-02 10:30:44,0xfbae4658d53c184d0c7740008b3be50c95ab283a0205fc6fa77ecf6bcaf12f5e,eth-updown-5m-1777707000
"Ethereum Up or Down - May 2, 3:30AM-3:35AM ET",Down,BUY,11,0.589690909090909,0xfcb5d8a11e9d59813c6fa42d44d131d44334431af414b3b2f3de24a385f3722b,2026-05-02 10:30:44,0x9b27d256c56c9e6ad712f446e0da7fb3e925bf1ebfa756f6dd6aec3730d6dc4e,eth-updown-5m-1777707000
"Ethereum Up or Down - May 2, 3:30AM-3:35AM ET",Up,BUY,10,0.43,0xfcb5d8a11e9d59813c6fa42d44d131d44334431af414b3b2f3de24a385f3722b,2026-05-02 10:30:42,0x4326e29eb109e1ac357fd58c4a00614b7bfad93fd2620fe14366b86a82439af5,eth-updown-5m-1777707000
"Bitcoin Up or Down - May 2, 3:30AM-3:45AM ET",Down,BUY,10,0.49,0x88c02903dae13cf6eb0276a41cb286b6871f7e626143b018d851f137dc1e6d12,2026-05-02 10:30:42,0x776663e7dcf7340c66128592e9c6896176f68d5a25e652560a7b2d844550c35d,btc-updown-15m-1777707000
"Bitcoin Up or Down - May 2, 3:30AM-3:35AM ET",Down,BUY,40,0.48,0xdc078b9938889702421d33b09987242ae1d76b9de6a608ab4d2d9cf1d54240a0,2026-05-02 10:30:42,0xd54b5c58913821cde54faf4cabf907a901c47ad7d7151410cbaf5005091327fe,btc-updown-5m-1777707000
"Ethereum Up or Down - May 2, 3:30AM-3:35AM ET",Up,BUY,12,0.4391583333333333,0xfcb5d8a11e9d59813c6fa42d44d131d44334431af414b3b2f3de24a385f3722b,2026-05-02 10:30:42,0x315fbb1b23e60ac88a96fd7fb792a184f7990769a136b6b5762fc9da0cfc435b,eth-updown-5m-1777707000
"Bitcoin Up or Down - May 2, 3:30AM-3:45AM ET",Up,BUY,10,0.52,0x88c02903dae13cf6eb0276a41cb286b6871f7e626143b018d851f137dc1e6d12,2026-05-02 10:30:42,0x0d4c25a062096bee8b5ea82f7a1f104b3df64105fcbbe5b39790ae2c10f167d6,btc-updown-15m-1777707000
"Ethereum Up or Down - May 2, 3:30AM-3:35AM ET",Up,BUY,10,0.43,0xfcb5d8a11e9d59813c6fa42d44d131d44334431af414b3b2f3de24a385f3722b,2026-05-02 10:30:42,0x85e527954c0e5c981ba681ca97cd99b5344fa485203d97d140ed65fa8912ef0d,eth-updown-5m-1777707000
"Bitcoin Up or Down - May 2, 3:30AM-3:35AM ET",Up,BUY,46,0.528558695652174,0xdc078b9938889702421d33b09987242ae1d76b9de6a608ab4d2d9cf1d54240a0,2026-05-02 10:30:42,0x36de9a3e38552ddf5bbab7ec4d774965c69af48399f9262e83bd2ceec063b152,btc-updown-5m-1777707000
"Bitcoin Up or Down - May 2, 3:30AM-3:35AM ET",Up,BUY,41,0.54,0xdc078b9938889702421d33b09987242ae1d76b9de6a608ab4d2d9cf1d54240a0,2026-05-02 10:30:40,0x0e25871624f534aa343eeca3f1e36e6c565b91c0e58095b695f6cfea1e47f44a,btc-updown-5m-1777707000
"Ethereum Up or Down - May 2, 3:30AM-3:35AM ET",Up,BUY,10,0.4205,0xfcb5d8a11e9d59813c6fa42d44d131d44334431af414b3b2f3de24a385f3722b,2026-05-02 10:30:40,0x183ed25570d9b1c7db5016f47e05e610d81daa052b50950fedde7b6ca10693d6,eth-updown-5m-1777707000
"Bitcoin Up or Down - May 2, 3:30AM-3:45AM ET",Up,BUY,10,0.52,0x88c02903dae13cf6eb0276a41cb286b6871f7e626143b018d851f137dc1e6d12,2026-05-02 10:30:40,0x3be3dc2c898823690f6ffbe7f8a742fc52e628de523c94e0b0668c8202492baf,btc-updown-15m-1777707000
"Bitcoin Up or Down - May 2, 12:00AM-4:00AM ET",Up,BUY,9,0.16,0xd0bd5c46fefa54a75eec1d0aab99cfbb8c167d8271d7fed1b36ba47530509e86,2026-05-02 10:30:38,0x0f5a962e8f42e2bdc274a539e66a18e9c0a63ef688d8dc730ae10a555987e795,btc-updown-4h-1777694400
"Bitcoin Up or Down - May 2, 3:30AM-3:35AM ET",Up,BUY,41,0.4955317073170732,0xdc078b9938889702421d33b09987242ae1d76b9de6a608ab4d2d9cf1d54240a0,2026-05-02 10:30:38,0x888deee0d20c3d7842b2febfd4c2fae868534e0048e97a2ee2a1e42055730280,btc-updown-5m-1777707000
"Bitcoin Up or Down - May 2, 3:30AM-3:35AM ET",Up,BUY,40,0.5,0xdc078b9938889702421d33b09987242ae1d76b9de6a608ab4d2d9cf1d54240a0,2026-05-02 10:30:26,0xee601a0f976c2416fac45be6ffcab4034f9acf6eb7bd7eedee8a132ca8e8602c,btc-updown-5m-1777707000
"Bitcoin Up or Down - May 2, 3:30AM-3:45AM ET",Up,BUY,10,0.47,0x88c02903dae13cf6eb0276a41cb286b6871f7e626143b018d851f137dc1e6d12,2026-05-02 10:30:26,0x36d436695a569239b84fb8b413ffec9efd753997424ce5b79e06be6e913a405a,btc-updown-15m-1777707000
"Bitcoin Up or Down - May 2, 3:30AM-3:35AM ET",Up,BUY,41,0.5,0xdc078b9938889702421d33b09987242ae1d76b9de6a608ab4d2d9cf1d54240a0,2026-05-02 10:30:26,0x4033789c720b3e6d3ae61d69e70e29f3fb825de871c90f7d0a562c9c25c7cd96,btc-updown-5m-1777707000
"Ethereum Up or Down - May 2, 3:30AM-3:35AM ET",Down,BUY,10,0.56,0xfcb5d8a11e9d59813c6fa42d44d131d44334431af414b3b2f3de24a385f3722b,2026-05-02 10:30:06,0xf2f185310137849bae7b2d9365e6add3b85ba9f681ca0dc5d1a14dc086572384,eth-updown-5m-1777707000
"Bitcoin Up or Down - May 2, 3:25AM-3:30AM ET",Up,BUY,22.5,0.1,0xa039dbc490fddffc5f46910d37bc3c9111befcb545d71533f43fdc9680a6588b,2026-05-02 10:29:06,0xc2eee9b6b79e2e266d5d6f687b3b63082cb3a327350c5d42e44c30341cbda8ce,btc-updown-5m-1777706700
"Bitcoin Up or Down - May 2, 3:25AM-3:30AM ET",Down,BUY,344,0.9073252906976744,0xa039dbc490fddffc5f46910d37bc3c9111befcb545d71533f43fdc9680a6588b,2026-05-02 10:29:06,0x8ee9ab6aa6a4e9017eb488b169d4d967c062ff870c6a210cb41d4f690aecfa5f,btc-updown-5m-1777706700
"Bitcoin Up or Down - May 2, 3:15AM-3:30AM ET",Up,BUY,10,0.545,0x0d9b035d3c948b4f72de272d63ae4fc3d7781561a0af9803c08eba0c25c57488,2026-05-02 10:29:06,0xa101344f73ef1644dcc42ec013ce99f5073fba6bd2b3b8d0802b69deaee73c2f,btc-updown-15m-1777706100
"Bitcoin Up or Down - May 2, 3:15AM-3:30AM ET",Down,BUY,10,0.43494,0x0d9b035d3c948b4f72de272d63ae4fc3d7781561a0af9803c08eba0c25c57488,2026-05-02 10:29:04,0x81589ca4ddc4deee226ada7e338af681422ffea86e4a8d22bbb16fe7c0793971,btc-updown-15m-1777706100
"Bitcoin Up or Down - May 2, 3:25AM-3:30AM ET",Down,BUY,68.53,0.9259667298993142,0xa039dbc490fddffc5f46910d37bc3c9111befcb545d71533f43fdc9680a6588b,2026-05-02 10:29:04,0x2cdcbf224480e45472b32d27628ec2e91631d08a10c53e5600516ae9692495b9,btc-updown-5m-1777706700
"Bitcoin Up or Down - May 2, 3:15AM-3:30AM ET",Down,BUY,11,0.31,0x0d9b035d3c948b4f72de272d63ae4fc3d7781561a0af9803c08eba0c25c57488,2026-05-02 10:29:00,0xb9d6d8486ef43de1e3daa9fa4d57363b244487dba240f5ce5792e2b15f4c32e1,btc-updown-15m-1777706100
"Bitcoin Up or Down - May 2, 3:25AM-3:30AM ET",Down,BUY,71,0.8208366197183099,0xa039dbc490fddffc5f46910d37bc3c9111befcb545d71533f43fdc9680a6588b,2026-05-02 10:28:54,0x109d2c9cbb16481abff34b5571795ace3c0bad979b755ec947363fbb5ccc41de,btc-updown-5m-1777706700
"Bitcoin Up or Down - May 2, 3:25AM-3:30AM ET",Down,BUY,102,0.757835294117647,0xa039dbc490fddffc5f46910d37bc3c9111befcb545d71533f43fdc9680a6588b,2026-05-02 10:28:46,0xa8a73f54b70f6ed762e83280a3e5625f22871222ce4d16e9754647a26c3675e8,btc-updown-5m-1777706700
"Bitcoin Up or Down - May 2, 3AM ET",Down,BUY,5,0.57,0x55c488d9bc797ed51b27e101aac623df43457eb81d26e056eeeaa616b88e4f80,2026-05-02 10:28:46,0x3068dd1df2463640911a277c81cc1163b3ec64303c5c41af23830737e9a631e6,bitcoin-up-or-down-may-2-2026-3am-et
"Bitcoin Up or Down - May 2, 3:25AM-3:30AM ET",Down,BUY,260,0.7800480769230769,0xa039dbc490fddffc5f46910d37bc3c9111befcb545d71533f43fdc9680a6588b,2026-05-02 10:28:46,0xe09831976b3ab226ae6ad6511bb045b8c7753d06b48700503106d7e389a07b6b,btc-updown-5m-1777706700
"Bitcoin Up or Down - May 2, 3:25AM-3:30AM ET",Down,BUY,65,0.78,0xa039dbc490fddffc5f46910d37bc3c9111befcb545d71533f43fdc9680a6588b,2026-05-02 10:28:46,0xbc770069bdaf55aac5f52c762185fbb114f4c1803911ee3af43245f451c0eb6a,btc-updown-5m-1777706700
"Bitcoin Up or Down - May 2, 3:15AM-3:30AM ET",Down,BUY,10,0.28475,0x0d9b035d3c948b4f72de272d63ae4fc3d7781561a0af9803c08eba0c25c57488,2026-05-02 10:28:44,0x5a6974b855c9b066f2346f5b118356754773e452fcc63f94dbf8f8efe9c5c10a,btc-updown-15m-1777706100
"Bitcoin Up or Down - May 2, 3AM ET",Down,BUY,5,0.56,0x55c488d9bc797ed51b27e101aac623df43457eb81d26e056eeeaa616b88e4f80,2026-05-02 10:28:44,0xa0942599e9e3c78fadc3942d59a22e75ba6368cfd24658f348c267d1179ed4b2,bitcoin-up-or-down-may-2-2026-3am-et
"Ethereum Up or Down - May 2, 3:25AM-3:30AM ET",Down,BUY,5,0.75,0xabd86e3a19b92503f0809ed7a2335ad64b16e78d355dc1dffa68888cfe7d657f,2026-05-02 10:28:44,0x8ce83e5790c68e0c6599d923be716aad1f931da5b11a2a74b415b6f6eb49783f,eth-updown-5m-1777706700
"Bitcoin Up or Down - May 2, 3:25AM-3:30AM ET",Down,BUY,30,0.75,0xa039dbc490fddffc5f46910d37bc3c9111befcb545d71533f43fdc9680a6588b,2026-05-02 10:28:44,0x4870a19e68b29bfcd558d4da0f93fb95eed5d56a670ffd75608f96a8f7da70c3,btc-updown-5m-1777706700
"Bitcoin Up or Down - May 2, 3:15AM-3:30AM ET",Down,BUY,11,0.28,0x0d9b035d3c948b4f72de272d63ae4fc3d7781561a0af9803c08eba0c25c57488,2026-05-02 10:28:44,0x3909e4da647e3496f4b5d241cf9e3cd79292439bdea968d6874297deb4b1ccc7,btc-updown-15m-1777706100
"Bitcoin Up or Down - May 2, 3:15AM-3:30AM ET",Down,BUY,12,0.26855,0x0d9b035d3c948b4f72de272d63ae4fc3d7781561a0af9803c08eba0c25c57488,2026-05-02 10:28:44,0xbde9b364d508056509cd97498e1c44d1dffffc10aca9c5f4780d592cecf13718,btc-updown-15m-1777706100
"Bitcoin Up or Down - May 2, 3:15AM-3:30AM ET",Down,BUY,12,0.250525,0x0d9b035d3c948b4f72de272d63ae4fc3d7781561a0af9803c08eba0c25c57488,2026-05-02 10:28:44,0xc32a2216e8b2545ff6af86521df1d9854cd36fc0da5233857a16f2ef8b870748,btc-updown-15m-1777706100
"Bitcoin Up or Down - May 2, 3:25AM-3:30AM ET",Down,BUY,52,0.67,0xa039dbc490fddffc5f46910d37bc3c9111befcb545d71533f43fdc9680a6588b,2026-05-02 10:28:44,0x3fd5a027a1c589faf96d414e8d1606d0f39ce02442dbf3d267a2ee17e7c3824c,btc-updown-5m-1777706700
"Bitcoin Up or Down - May 2, 3:15AM-3:30AM ET",Down,BUY,13,0.25,0x0d9b035d3c948b4f72de272d63ae4fc3d7781561a0af9803c08eba0c25c57488,2026-05-02 10:28:44,0x25eeae4bafb8016559e3cd8d2eed887b147ca326d78ec0683ca9ba4293fc2f84,btc-updown-15m-1777706100
"Bitcoin Up or Down - May 2, 3:15AM-3:30AM ET",Up,BUY,15,0.76,0x0d9b035d3c948b4f72de272d63ae4fc3d7781561a0af9803c08eba0c25c57488,2026-05-02 10:28:40,0x46914ebdff3c3001c571b5b6b90de8cf3e2d27c28aca5ab10e7a33e6c7e49018,btc-updown-15m-1777706100
"Bitcoin Up or Down - May 2, 3:25AM-3:30AM ET",Up,BUY,44.96,0.30377224199288255,0xa039dbc490fddffc5f46910d37bc3c9111befcb545d71533f43fdc9680a6588b,2026-05-02 10:28:24,0xe1781246eeb0a28cb0ad2339bb153c588d6f512fdba0e43c0b27cb97d7eca7e5,btc-updown-5m-1777706700
"Bitcoin Up or Down - May 2, 3:25AM-3:30AM ET",Up,BUY,43,0.3118604651162791,0xa039dbc490fddffc5f46910d37bc3c9111befcb545d71533f43fdc9680a6588b,2026-05-02 10:28:24,0x81d16126f94daa788f2c4e2bf918430653612f3a03f694a15b6334761ee370b5,btc-updown-5m-1777706700
"Bitcoin Up or Down - May 2, 3:25AM-3:30AM ET",Down,BUY,60,0.7003783333333333,0xa039dbc490fddffc5f46910d37bc3c9111befcb545d71533f43fdc9680a6588b,2026-05-02 10:28:04,0xb738baa4d1730da674ed2b61b11da41ee7fd274b639edbe51b3029c1439b1621,btc-updown-5m-1777706700
"Bitcoin Up or Down - May 2, 3:15AM-3:30AM ET",Down,BUY,11,0.31,0x0d9b035d3c948b4f72de272d63ae4fc3d7781561a0af9803c08eba0c25c57488,2026-05-02 10:28:04,0x83b927025130dbb44ecca3926ad6a5c42c5f9ee0560ef8f4c46e2f7f056a8c25,btc-updown-15m-1777706100
"Ethereum Up or Down - May 2, 3:25AM-3:30AM ET",Down,BUY,11,0.6300454545454546,0xabd86e3a19b92503f0809ed7a2335ad64b16e78d355dc1dffa68888cfe7d657f,2026-05-02 10:28:04,0x9afabb677dba5083fe35c0d1c29adac92210ee7871c6672b7cd924147417cb98,eth-updown-5m-1777706700
"Bitcoin Up or Down - May 2, 3:15AM-3:30AM ET",Down,BUY,11,0.3181727272727273,0x0d9b035d3c948b4f72de272d63ae4fc3d7781561a0af9803c08eba0c25c57488,2026-05-02 10:28:04,0xc9970e012ecea712b7c8aa2af2800ead11a895387233d6b919a46bdf2149063e,btc-updown-15m-1777706100
"Bitcoin Up or Down - May 2, 3:25AM-3:30AM ET",Down,BUY,52,0.67255,0xa039dbc490fddffc5f46910d37bc3c9111befcb545d71533f43fdc9680a6588b,2026-05-02 10:28:04,0x4804e51b9b428516789cc234b0a0f077cf8dfd52dc8b28808e255d5d06dc4392,btc-updown-5m-1777706700
"Bitcoin Up or Down - May 2, 3:25AM-3:30AM ET",Down,BUY,29.5,0.6633898305084746,0xa039dbc490fddffc5f46910d37bc3c9111befcb545d71533f43fdc9680a6588b,2026-05-02 10:28:02,0x4fd376654d750a004d0703f19002d34a454b06196e77f1a4efaeea1a8b2e22e6,btc-updown-5m-1777706700
"Bitcoin Up or Down - May 2, 3:25AM-3:30AM ET",Down,BUY,44,0.6327113636363636,0xa039dbc490fddffc5f46910d37bc3c9111befcb545d71533f43fdc9680a6588b,2026-05-02 10:28:00,0xcfb66ee49a9b5633db4dadc419c571cac115cf32199c35dbdaba6e4392e6f9d1,btc-updown-5m-1777706700
"Bitcoin Up or Down - May 2, 3:15AM-3:30AM ET",Down,BUY,11,0.3,0x0d9b035d3c948b4f72de272d63ae4fc3d7781561a0af9803c08eba0c25c57488,2026-05-02 10:28:00,0xa0eb82ba65d3c9696e4d292e0859925754ee5a8f94cd7268b10f076f5ba5fab5,btc-updown-15m-1777706100
"Ethereum Up or Down - May 2, 3:25AM-3:30AM ET",Up,BUY,10,0.39,0xabd86e3a19b92503f0809ed7a2335ad64b16e78d355dc1dffa68888cfe7d657f,2026-05-02 10:28:00,0xe5b37a5c56318778db2296527c75668e1c83f7a9b2570c51b1542840da65eb81,eth-updown-5m-1777706700
"Bitcoin Up or Down - May 2, 3:25AM-3:30AM ET",Up,BUY,41,0.39,0xa039dbc490fddffc5f46910d37bc3c9111befcb545d71533f43fdc9680a6588b,2026-05-02 10:27:58,0xbcbb03e9376904fa06a2c3c971326da70750253f9c5ddf5dc57ed110778176ce,btc-updown-5m-1777706700
"Bitcoin Up or Down - May 2, 3:25AM-3:30AM ET",Up,BUY,40,0.38,0xa039dbc490fddffc5f46910d37bc3c9111befcb545d71533f43fdc9680a6588b,2026-05-02 10:27:56,0x281781fb705103d8bdafde6c1e5439adaa9062cba7bdd58e917ba53efb143c9a,btc-updown-5m-1777706700
"Bitcoin Up or Down - May 2, 3:15AM-3:30AM ET",Up,BUY,14,0.71,0x0d9b035d3c948b4f72de272d63ae4fc3d7781561a0af9803c08eba0c25c57488,2026-05-02 10:27:56,0x5d181950b2ac0125e58c5421a90cd9251c0059301f06555be5f3acdd05dfcf70,btc-updown-15m-1777706100
"Bitcoin Up or Down - May 2, 3AM ET",Up,BUY,5,0.46,0x55c488d9bc797ed51b27e101aac623df43457eb81d26e056eeeaa616b88e4f80,2026-05-02 10:27:56,0x36eedbaf33e575e933325b9219033ce8bf0c4f858f1ac84ecd0c808cf8ab558d,bitcoin-up-or-down-may-2-2026-3am-et
"Bitcoin Up or Down - May 2, 3:25AM-3:30AM ET",Up,BUY,41,0.38,0xa039dbc490fddffc5f46910d37bc3c9111befcb545d71533f43fdc9680a6588b,2026-05-02 10:27:56,0x9d2f1576eb4fad8e1d3d22e1ff0f06f202d9f482337bbd12fc88a258fbfe6498,btc-updown-5m-1777706700
"Bitcoin Up or Down - May 2, 3:15AM-3:30AM ET",Up,BUY,13,0.71,0x0d9b035d3c948b4f72de272d63ae4fc3d7781561a0af9803c08eba0c25c57488,2026-05-02 10:27:56,0x1b78b452ebc1204cacbe33001670005232582375be4e25416873ddd7694d6e1e,btc-updown-15m-1777706100
"Bitcoin Up or Down - May 2, 3:25AM-3:30AM ET",Up,BUY,42,0.38,0xa039dbc490fddffc5f46910d37bc3c9111befcb545d71533f43fdc9680a6588b,2026-05-02 10:27:56,0xcb72e0ea1d491ec44a1065ac3c50bd1df1c3999f700d1f2e7c2808383f0b99e0,btc-updown-5m-1777706700
"Bitcoin Up or Down - May 2, 3:25AM-3:30AM ET",Up,BUY,40,0.3740375,0xa039dbc490fddffc5f46910d37bc3c9111befcb545d71533f43fdc9680a6588b,2026-05-02 10:27:48,0x2e2bf5e42a395db76ec27859375716e4985bd743d2db890dda039ce218ee4fd5,btc-updown-5m-1777706700
"Bitcoin Up or Down - May 2, 3:15AM-3:30AM ET",Up,BUY,15,0.6986666666666667,0x0d9b035d3c948b4f72de272d63ae4fc3d7781561a0af9803c08eba0c25c57488,2026-05-02 10:27:48,0xc612dcd08a0e97d2d1f72e935c706c948af1c79d87220a5fb41510dac6bd4638,btc-updown-15m-1777706100
"Bitcoin Up or Down - May 2, 3:25AM-3:30AM ET",Up,BUY,40,0.37875,0xa039dbc490fddffc5f46910d37bc3c9111befcb545d71533f43fdc9680a6588b,2026-05-02 10:27:48,0x2ef148ad37ec821c2c5ccc12d12a04db68bfcfc2a2bc62ec3a0b984aaca27a7c,btc-updown-5m-1777706700
"Bitcoin Up or Down - May 2, 3:25AM-3:30AM ET",Up,BUY,40,0.379475,0xa039dbc490fddffc5f46910d37bc3c9111befcb545d71533f43fdc9680a6588b,2026-05-02 10:27:48,0xdd03e4a6989ced00d944020fbd68de68c6a6bd59c3d6c109864b45d7a8e370ca,btc-updown-5m-1777706700
"Bitcoin Up or Down - May 2, 3:15AM-3:30AM ET",Up,BUY,14,0.6771428571428572,0x0d9b035d3c948b4f72de272d63ae4fc3d7781561a0af9803c08eba0c25c57488,2026-05-02 10:27:48,0xf3f1956ce073d2526beb6f5574457f5d0043a81c7c08396407434771bb6688ec,btc-updown-15m-1777706100
"Bitcoin Up or Down - May 2, 3AM ET",Up,BUY,5,0.46,0x55c488d9bc797ed51b27e101aac623df43457eb81d26e056eeeaa616b88e4f80,2026-05-02 10:27:48,0x8bf0eed4ae32b576f717ad147d20bba02fa2f2502f84420403d572759a0327a2,bitcoin-up-or-down-may-2-2026-3am-et
"Bitcoin Up or Down - May 2, 3:15AM-3:30AM ET",Up,BUY,13,0.6461538461538462,0x0d9b035d3c948b4f72de272d63ae4fc3d7781561a0af9803c08eba0c25c57488,2026-05-02 10:27:46,0x74dd6edba2cc1950f9eef14442edeb220ebb2ba0bac94268c28f755f067fe445,btc-updown-15m-1777706100
"Bitcoin Up or Down - May 2, 3:15AM-3:30AM ET",Up,BUY,11,0.6309090909090909,0x0d9b035d3c948b4f72de272d63ae4fc3d7781561a0af9803c08eba0c25c57488,2026-05-02 10:27:46,0xc8a4b899df5153c2b6bb02f8519fdbac60556a8b34b3a00596dde111850fe319,btc-updown-15m-1777706100
"Bitcoin Up or Down - May 2, 3:25AM-3:30AM ET",Up,BUY,42,0.3653190476190476,0xa039dbc490fddffc5f46910d37bc3c9111befcb545d71533f43fdc9680a6588b,2026-05-02 10:27:46,0x837e3b2d920d2d3dc1421998bfd28b80139fedbff5317f80a77893e6209127a6,btc-updown-5m-1777706700
"Bitcoin Up or Down - May 2, 3AM ET",Up,BUY,5,0.46,0x55c488d9bc797ed51b27e101aac623df43457eb81d26e056eeeaa616b88e4f80,2026-05-02 10:27:46,0xe4b23f0d12cf74ae2b6f1c51006ff82c365bfb299a67b808b74ba318c150f74e,bitcoin-up-or-down-may-2-2026-3am-et
"Bitcoin Up or Down - May 2, 3:25AM-3:30AM ET",Up,BUY,42,0.34527857142857143,0xa039dbc490fddffc5f46910d37bc3c9111befcb545d71533f43fdc9680a6588b,2026-05-02 10:27:44,0x000c771499082a8dd733a7a14ec64d79cba9250e3fc5c55f8902322bf7931f5f,btc-updown-5m-1777706700
"Bitcoin Up or Down - May 2, 3:25AM-3:30AM ET",Down,BUY,45,0.64586,0xa039dbc490fddffc5f46910d37bc3c9111befcb545d71533f43fdc9680a6588b,2026-05-02 10:27:04,0xa4f2a42f420e0c7ba2748f3d45764db1d7d0567bf3e9e5da6cfc8101f4bb76f9,btc-updown-5m-1777706700
"Bitcoin Up or Down - May 2, 3:15AM-3:30AM ET",Down,BUY,10,0.42,0x0d9b035d3c948b4f72de272d63ae4fc3d7781561a0af9803c08eba0c25c57488,2026-05-02 10:27:04,0x618c9ce97afc31c0c3788cf1d2388c7c7f659265050bee737aa8a4f440a9c040,btc-updown-15m-1777706100
"Ethereum Up or Down - May 2, 3:25AM-3:30AM ET",Down,BUY,11,0.64,0xabd86e3a19b92503f0809ed7a2335ad64b16e78d355dc1dffa68888cfe7d657f,2026-05-02 10:27:04,0x048bbf92b25aae03edc8123a7336334d406e29e3358b67f62b61ff1358da1c6b,eth-updown-5m-1777706700
"Ethereum Up or Down - May 2, 3:25AM-3:30AM ET",Down,BUY,11,0.64,0xabd86e3a19b92503f0809ed7a2335ad64b16e78d355dc1dffa68888cfe7d657f,2026-05-02 10:27:04,0x12a0c43b9a21e47303b2c5c877a6abadf77def67e10a28b9f7af021b919870c8,eth-updown-5m-1777706700
"Ethereum Up or Down - May 2, 3:25AM-3:30AM ET",Down,BUY,11,0.6321818181818182,0xabd86e3a19b92503f0809ed7a2335ad64b16e78d355dc1dffa68888cfe7d657f,2026-05-02 10:27:04,0xf4a6c2e45c1942040f3d717589d31ea1a6ac98ae17ea16b554ec20e3b5754559,eth-updown-5m-1777706700
"Bitcoin Up or Down - May 2, 3:15AM-3:30AM ET",Down,BUY,10,0.387,0x0d9b035d3c948b4f72de272d63ae4fc3d7781561a0af9803c08eba0c25c57488,2026-05-02 10:27:02,0x4e79bf7d72cfd2b88bb6bc84f2d271108a1e5a4883a6f44141de25794859488b,btc-updown-15m-1777706100
"Bitcoin Up or Down - May 2, 3:25AM-3:30AM ET",Down,BUY,42,0.588297619047619,0xa039dbc490fddffc5f46910d37bc3c9111befcb545d71533f43fdc9680a6588b,2026-05-02 10:26:58,0x59dbf73d851f0f6576a86ecb8c8b5ff9756c02177d410d3b5e8c00bc1cd73799,btc-updown-5m-1777706700
"Ethereum Up or Down - May 2, 3:25AM-3:30AM ET",Down,BUY,11,0.62,0xabd86e3a19b92503f0809ed7a2335ad64b16e78d355dc1dffa68888cfe7d657f,2026-05-02 10:26:58,0x474f58aeaefd553674d81cf66e5785e245af341683aa3db021af30683d08069b,eth-updown-5m-1777706700
"Bitcoin Up or Down - May 2, 3:15AM-3:30AM ET",Down,BUY,11,0.3509090909090909,0x0d9b035d3c948b4f72de272d63ae4fc3d7781561a0af9803c08eba0c25c57488,2026-05-02 10:26:58,0xc58685879f53ba0a4b8ff58e72e0aeedb74da124893fbd2dc94a159a5b71994a,btc-updown-15m-1777706100
"Ethereum Up or Down - May 2, 3:25AM-3:30AM ET",Down,BUY,10,0.5934,0xabd86e3a19b92503f0809ed7a2335ad64b16e78d355dc1dffa68888cfe7d657f,2026-05-02 10:26:58,0x9ffeb0cac1b722f972d066007f8af2f1d49d6c53edb09693c6ef5b20a1fea233,eth-updown-5m-1777706700
"Bitcoin Up or Down - May 2, 3AM ET",Down,BUY,5,0.54,0x55c488d9bc797ed51b27e101aac623df43457eb81d26e056eeeaa616b88e4f80,2026-05-02 10:26:58,0xe6bd44f15bf2cb20b9085415b8546fb89685c92291f77a22aa0f44dd56fcfdd0,bitcoin-up-or-down-may-2-2026-3am-et
"Bitcoin Up or Down - May 2, 3:25AM-3:30AM ET",Down,BUY,47,0.58,0xa039dbc490fddffc5f46910d37bc3c9111befcb545d71533f43fdc9680a6588b,2026-05-02 10:26:58,0xfbe7377c5834a72db3ae4f72de4c43be1f13830c735a845b0160a0e45ddee5c6,btc-updown-5m-1777706700
"Ethereum Up or Down - May 2, 3:25AM-3:30AM ET",Down,BUY,11,0.6070545454545454,0xabd86e3a19b92503f0809ed7a2335ad64b16e78d355dc1dffa68888cfe7d657f,2026-05-02 10:26:58,0x463396d9f926ae114e8a277b4634c04200d02181ceddd4ef6cd737abe523107e,eth-updown-5m-1777706700
"Bitcoin Up or Down - May 2, 3:15AM-3:30AM ET",Down,BUY,10,0.367,0x0d9b035d3c948b4f72de272d63ae4fc3d7781561a0af9803c08eba0c25c57488,2026-05-02 10:26:58,0xcc8d172dda89b26b4ad2b95995306035baca57ab589b5f728eebb731b6d2c658,btc-updown-15m-1777706100
"Bitcoin Up or Down - May 2, 3:25AM-3:30AM ET",Down,BUY,44,0.57,0xa039dbc490fddffc5f46910d37bc3c9111befcb545d71533f43fdc9680a6588b,2026-05-02 10:26:58,0x359f52b7a669e8d4ce03bdd3cb2230d545a3a8439adc61c9e75a6b7449feceae,btc-updown-5m-1777706700
"Ethereum Up or Down - May 2, 3:25AM-3:30AM ET",Down,BUY,10,0.5747,0xabd86e3a19b92503f0809ed7a2335ad64b16e78d355dc1dffa68888cfe7d657f,2026-05-02 10:26:56,0x75c2b18a551692357c5fb74b1453a8931098455d4137cfa68b365651b735f0c7,eth-updown-5m-1777706700
"Ethereum Up or Down - May 2, 3:25AM-3:30AM ET",Down,BUY,11,0.5466363636363636,0xabd86e3a19b92503f0809ed7a2335ad64b16e78d355dc1dffa68888cfe7d657f,2026-05-02 10:26:50,0xe0aba1ea2e73c3c1aa41910e46c47191ac2c15c3d4bf33f669d0ddf13121dbd1,eth-updown-5m-1777706700
"Ethereum Up or Down - May 2, 3:25AM-3:30AM ET",Down,BUY,10,0.53854,0xabd86e3a19b92503f0809ed7a2335ad64b16e78d355dc1dffa68888cfe7d657f,2026-05-02 10:26:50,0x32e78ba0575b8b70bc94773b88b49b914819e9a4d10a5b7c145f59c9933a7600,eth-updown-5m-1777706700
"Ethereum Up or Down - May 2, 3:25AM-3:30AM ET",Down,BUY,10,0.56268,0xabd86e3a19b92503f0809ed7a2335ad64b16e78d355dc1dffa68888cfe7d657f,2026-05-02 10:26:50,0xb2e1d518805843ee6958f360a4c5305d33ee6c242614dac12ab4d7e1f11bd7b5,eth-updown-5m-1777706700
"Ethereum Up or Down - May 2, 3:25AM-3:30AM ET",Down,BUY,10,0.53,0xabd86e3a19b92503f0809ed7a2335ad64b16e78d355dc1dffa68888cfe7d657f,2026-05-02 10:26:48,0x4c9b28205281e0aebf7254d6a8b200f7dd37f503d55550fc292ace95581404e0,eth-updown-5m-1777706700
"Bitcoin Up or Down - May 2, 3:25AM-3:30AM ET",Up,BUY,41,0.4195731707317073,0xa039dbc490fddffc5f46910d37bc3c9111befcb545d71533f43fdc9680a6588b,2026-05-02 10:26:40,0x68b9ab65b3f6a1bc8cd274b416694b0be6f9df6f1ee5ac4e2a891011267a0afb,btc-updown-5m-1777706700
"Bitcoin Up or Down - May 2, 3:15AM-3:30AM ET",Up,BUY,13,0.65,0x0d9b035d3c948b4f72de272d63ae4fc3d7781561a0af9803c08eba0c25c57488,2026-05-02 10:26:40,0x926f7f1fb0a9b10b90661ee7a4040c83378dcf1597e4bbb8df505749164a9a6a,btc-updown-15m-1777706100
"Bitcoin Up or Down - May 2, 3AM ET",Up,BUY,5,0.47,0x55c488d9bc797ed51b27e101aac623df43457eb81d26e056eeeaa616b88e4f80,2026-05-02 10:26:40,0xc7a5d80646822b3ddae37179b614b07f83835cc81be3236cec847ef7153e334a,bitcoin-up-or-down-may-2-2026-3am-et
"Bitcoin Up or Down - May 2, 3:15AM-3:30AM ET",Up,BUY,11,0.6407545454545455,0x0d9b035d3c948b4f72de272d63ae4fc3d7781561a0af9803c08eba0c25c57488,2026-05-02 10:26:40,0xcc59888774e393e25c152230d87e0da2f20175465b357930b044183f67c4bf10,btc-updown-15m-1777706100
"Bitcoin Up or Down - May 2, 3:15AM-3:30AM ET",Up,BUY,11,0.64,0x0d9b035d3c948b4f72de272d63ae4fc3d7781561a0af9803c08eba0c25c57488,2026-05-02 10:26:40,0x7a22d384470269fb94b9a91e53483cbeffe8be20d5e2b458f62069331796c110,btc-updown-15m-1777706100
"Bitcoin Up or Down - May 2, 3:25AM-3:30AM ET",Up,BUY,40,0.4012175,0xa039dbc490fddffc5f46910d37bc3c9111befcb545d71533f43fdc9680a6588b,2026-05-02 10:26:40,0x1ccf147149cf516b6254c6b186dbff20d7391a93d85a220bb2c4293fe85614ef,btc-updown-5m-1777706700
"Bitcoin Up or Down - May 2, 3:25AM-3:30AM ET",Up,BUY,40,0.4,0xa039dbc490fddffc5f46910d37bc3c9111befcb545d71533f43fdc9680a6588b,2026-05-02 10:26:40,0xb8d71b92ff10f75026ba2ca787f1860860ab33d5ced0171593ae18a999506356,btc-updown-5m-1777706700
"Ethereum Up or Down - May 2, 3:25AM-3:30AM ET",Up,BUY,11,0.46,0xabd86e3a19b92503f0809ed7a2335ad64b16e78d355dc1dffa68888cfe7d657f,2026-05-02 10:26:32,0xae5656eaa1be2c62ea6b58f67b10a65ec96712ece5c1bb5da670ddb2423e4f37,eth-updown-5m-1777706700
"Ethereum Up or Down - May 2, 3:25AM-3:30AM ET",Up,BUY,10,0.46,0xabd86e3a19b92503f0809ed7a2335ad64b16e78d355dc1dffa68888cfe7d657f,2026-05-02 10:26:32,0x50476366943a68af83ae08b49895439360264764f29b3df110eecf4c159bbb57,eth-updown-5m-1777706700
"Ethereum Up or Down - May 2, 3:25AM-3:30AM ET",Up,BUY,12,0.46,0xabd86e3a19b92503f0809ed7a2335ad64b16e78d355dc1dffa68888cfe7d657f,2026-05-02 10:26:32,0xdf89696b88d6430006f7f019c9b98b696df915fcb666929576283b02a8d85d77,eth-updown-5m-1777706700
"Ethereum Up or Down - May 2, 3:25AM-3:30AM ET",Up,BUY,11,0.46,0xabd86e3a19b92503f0809ed7a2335ad64b16e78d355dc1dffa68888cfe7d657f,2026-05-02 10:26:32,0x56d74add5774e93be9eaff39caefcfe864df4a3ca6bf76f544c3d446d584a199,eth-updown-5m-1777706700
"Bitcoin Up or Down - May 2, 3:25AM-3:30AM ET",Down,BUY,42,0.6051190476190477,0xa039dbc490fddffc5f46910d37bc3c9111befcb545d71533f43fdc9680a6588b,2026-05-02 10:26:16,0xa4b2530e942e4f81f8451f70bcb73b7b2b9b73d8d95311af73cf0f66c697e590,btc-updown-5m-1777706700
"Bitcoin Up or Down - May 2, 3:15AM-3:30AM ET",Down,BUY,10,0.41,0x0d9b035d3c948b4f72de272d63ae4fc3d7781561a0af9803c08eba0c25c57488,2026-05-02 10:26:16,0x70c658ab1d369d0b089a4b238106cd372ba04e6106467eae42e132e1b1649505,btc-updown-15m-1777706100
"Ethereum Up or Down - May 2, 3:25AM-3:30AM ET",Down,BUY,16,0.706875,0xabd86e3a19b92503f0809ed7a2335ad64b16e78d355dc1dffa68888cfe7d657f,2026-05-02 10:25:44,0xd788f6be2e6611fdd99bcd1f0dd3ad1d6589d10ac64e5cacda368e637b71d172,eth-updown-5m-1777706700
"Ethereum Up or Down - May 2, 3:25AM-3:30AM ET",Down,BUY,11,0.63,0xabd86e3a19b92503f0809ed7a2335ad64b16e78d355dc1dffa68888cfe7d657f,2026-05-02 10:25:44,0xd81b51ed078140170f9cbad8f855637fbfcae4457cd74480f753affb41f28d0f,eth-updown-5m-1777706700
"Bitcoin Up or Down - May 2, 3:25AM-3:30AM ET",Down,BUY,43,0.59,0xa039dbc490fddffc5f46910d37bc3c9111befcb545d71533f43fdc9680a6588b,2026-05-02 10:25:34,0x2cbb1ac88b9397f666c96024813ffca92603e91395d1ab445096b3d20e7ce062,btc-updown-5m-1777706700
"Bitcoin Up or Down - May 2, 3:15AM-3:30AM ET",Down,BUY,10,0.42,0x0d9b035d3c948b4f72de272d63ae4fc3d7781561a0af9803c08eba0c25c57488,2026-05-02 10:25:34,0x42468117e68d11f178e60fd202d7cffc97aeb49d831f46b6094c1caf5b7fc4a4,btc-updown-15m-1777706100
"Bitcoin Up or Down - May 2, 3:15AM-3:30AM ET",Down,BUY,11,0.31,0x0d9b035d3c948b4f72de272d63ae4fc3d7781561a0af9803c08eba0c25c57488,2026-05-02 10:24:46,0xcf57aed954543526d49bf1b017b49879abe695e12c130e480e48154497f53e2a,btc-updown-15m-1777706100
"Bitcoin Up or Down - May 2, 3AM ET",Down,BUY,5,0.5,0x55c488d9bc797ed51b27e101aac623df43457eb81d26e056eeeaa616b88e4f80,2026-05-02 10:24:46,0x3f97518c66b61d3d8bb7de9abeb3c989584731bfede06d8a0a0f67085ecf7cc9,bitcoin-up-or-down-may-2-2026-3am-et
"Bitcoin Up or Down - May 2, 3:15AM-3:30AM ET",Down,BUY,11,0.31,0x0d9b035d3c948b4f72de272d63ae4fc3d7781561a0af9803c08eba0c25c57488,2026-05-02 10:24:46,0xa00665c20df0975501be23b31a0c7adddb384aecbe23204f11fb4c62e4f01675,btc-updown-15m-1777706100
"Bitcoin Up or Down - May 2, 3AM ET",Down,BUY,5,0.5,0x55c488d9bc797ed51b27e101aac623df43457eb81d26e056eeeaa616b88e4f80,2026-05-02 10:24:46,0x23e6fc8af7954dbf30ea6639ad573f063f12eafdfc543cfff6709175bcef5cd3,bitcoin-up-or-down-may-2-2026-3am-et
"Bitcoin Up or Down - May 2, 3:15AM-3:30AM ET",Down,BUY,11,0.31,0x0d9b035d3c948b4f72de272d63ae4fc3d7781561a0af9803c08eba0c25c57488,2026-05-02 10:24:20,0x63eed05311c97babe27f11469f6f5a599a5a3ffaf08bd27a04b817433e9086c2,btc-updown-15m-1777706100
"Bitcoin Up or Down - May 2, 3:15AM-3:30AM ET",Down,BUY,11,0.31,0x0d9b035d3c948b4f72de272d63ae4fc3d7781561a0af9803c08eba0c25c57488,2026-05-02 10:24:20,0xd99f44a16e1cb1c1c321a86a607775f969677bfbd98c5ff5725e05289e135db8,btc-updown-15m-1777706100
"Bitcoin Up or Down - May 2, 3AM ET",Down,BUY,5,0.5,0x55c488d9bc797ed51b27e101aac623df43457eb81d26e056eeeaa616b88e4f80,2026-05-02 10:24:20,0x3a5ae1986b9009e7f42a1ea47e322929abad8b8ee3978230a08479b993ad7fc9,bitcoin-up-or-down-may-2-2026-3am-et
"Bitcoin Up or Down - May 2, 3AM ET",Up,BUY,5,0.51,0x55c488d9bc797ed51b27e101aac623df43457eb81d26e056eeeaa616b88e4f80,2026-05-02 10:24:04,0xeab682fd4570d3b04729c20d76dd532a969baa76c963590129d64ce902fa834e,bitcoin-up-or-down-may-2-2026-3am-et
"Bitcoin Up or Down - May 2, 3:15AM-3:30AM ET",Up,BUY,13,0.7,0x0d9b035d3c948b4f72de272d63ae4fc3d7781561a0af9803c08eba0c25c57488,2026-05-02 10:24:04,0x66aa06566f179cd962e828a518b11add970cbcf04a114af7709d9d6f358be8b0,btc-updown-15m-1777706100
"Bitcoin Up or Down - May 2, 3:20AM-3:25AM ET",Up,BUY,136,0.9090051470588235,0x11e5c14e5325df3de84be1cee43d938cf0683c4f41c0c7f2535a515b065b277c,2026-05-02 10:23:40,0xc99c9d3d86eb51e56f0484800d694189c6dabf3937f96ac00c171423853366f8,btc-updown-5m-1777706400
"Bitcoin Up or Down - May 2, 3:15AM-3:30AM ET",Up,BUY,14,0.7,0x0d9b035d3c948b4f72de272d63ae4fc3d7781561a0af9803c08eba0c25c57488,2026-05-02 10:23:40,0x79be17c4aad8e18c509b0d9abe2f1ec26332dd2381ede3ee3806ca5da5bf1bd2,btc-updown-15m-1777706100
"Bitcoin Up or Down - May 2, 3:15AM-3:30AM ET",Down,BUY,11,0.28,0x0d9b035d3c948b4f72de272d63ae4fc3d7781561a0af9803c08eba0c25c57488,2026-05-02 10:23:14,0x18fce9e5feb0ca423d73db0a9f86b847ca52f8a146383869421474ab984b0eb4,btc-updown-15m-1777706100
"Bitcoin Up or Down - May 2, 3AM ET",Down,BUY,5,0.5,0x55c488d9bc797ed51b27e101aac623df43457eb81d26e056eeeaa616b88e4f80,2026-05-02 10:23:12,0x72f7b02fdbf1fd737bd0d2e9c5748094da3494f82e491b76d0decfc4d56ab088,bitcoin-up-or-down-may-2-2026-3am-et
"Bitcoin Up or Down - May 2, 3AM ET",Down,BUY,5,0.5,0x55c488d9bc797ed51b27e101aac623df43457eb81d26e056eeeaa616b88e4f80,2026-05-02 10:23:12,0xf709d1d496bed0a25bd760df89c3f1f66d86c7ad7e905db0de3e3a9bc0a55172,bitcoin-up-or-down-may-2-2026-3am-et
"Bitcoin Up or Down - May 2, 3:20AM-3:25AM ET",Down,BUY,20.23,0.14433514582303508,0x11e5c14e5325df3de84be1cee43d938cf0683c4f41c0c7f2535a515b065b277c,2026-05-02 10:23:12,0x80d729c1fdc7a662abf76e73038b0ff8e9bf57f387947d156bdeea56d67aabe1,btc-updown-5m-1777706400
"Bitcoin Up or Down - May 2, 3:15AM-3:30AM ET",Down,BUY,13,0.24046153846153845,0x0d9b035d3c948b4f72de272d63ae4fc3d7781561a0af9803c08eba0c25c57488,2026-05-02 10:23:12,0x861fcebbef6a76742b930ff5d7ebad7a453a36f9d38fd8e306c1352480b6f506,btc-updown-15m-1777706100
"Bitcoin Up or Down - May 2, 3AM ET",Down,BUY,5,0.5,0x55c488d9bc797ed51b27e101aac623df43457eb81d26e056eeeaa616b88e4f80,2026-05-02 10:23:06,0xaa0b3d379b9efa1bd96a7842e40dffeebdd725ce9a615f77ed30786ce0cd6be8,bitcoin-up-or-down-may-2-2026-3am-et
"Bitcoin Up or Down - May 2, 3:15AM-3:30AM ET",Down,BUY,13,0.23,0x0d9b035d3c948b4f72de272d63ae4fc3d7781561a0af9803c08eba0c25c57488,2026-05-02 10:23:04,0x7f3777491dbba0efc9f61bf1b3a5a7ac19224a4a7c371c912e81b7946b49f7c0,btc-updown-15m-1777706100
"Bitcoin Up or Down - May 2, 3AM ET",Up,BUY,5,0.5,0x55c488d9bc797ed51b27e101aac623df43457eb81d26e056eeeaa616b88e4f80,2026-05-02 10:22:50,0xf1ea7ea458b92ead3c777291fe79165bebf06899dbf8763b0c41a1c6b5c94c64,bitcoin-up-or-down-may-2-2026-3am-et
"Bitcoin Up or Down - May 2, 3:20AM-3:25AM ET",Up,BUY,67.2,0.8344375,0x11e5c14e5325df3de84be1cee43d938cf0683c4f41c0c7f2535a515b065b277c,2026-05-02 10:22:48,0x8b86e4c565c1c1348ec430f1aa390166a41624a3f0f1e02ecc120066faf1d6b8,btc-updown-5m-1777706400
"Bitcoin Up or Down - May 2, 3:15AM-3:30AM ET",Up,BUY,13,0.73,0x0d9b035d3c948b4f72de272d63ae4fc3d7781561a0af9803c08eba0c25c57488,2026-05-02 10:22:46,0x0c24bdf1b2bb9293c39aa9208850a33832c599b0f3dfaf898d2d87f7cf74b472,btc-updown-15m-1777706100
"Ethereum Up or Down - May 2, 3:20AM-3:25AM ET",Up,BUY,16,0.79,0x6853114b5330a020d8cea1e381f9124ff21944c7337ebdd4e9628c73f987b2a0,2026-05-02 10:22:24,0xaf43d9bef6487dc5d0dc9c511c33c4107229f1d25515e654536e5edb40f8b412,eth-updown-5m-1777706400
"Ethereum Up or Down - May 2, 3:20AM-3:25AM ET",Up,BUY,10.93,0.75,0x6853114b5330a020d8cea1e381f9124ff21944c7337ebdd4e9628c73f987b2a0,2026-05-02 10:22:24,0xb80a49ab90894b0ea3e379906850dccac182a903a065ae1dacfffddf2b8cb898,eth-updown-5m-1777706400
"Bitcoin Up or Down - May 2, 3:20AM-3:25AM ET",Up,BUY,55,0.7345236363636364,0x11e5c14e5325df3de84be1cee43d938cf0683c4f41c0c7f2535a515b065b277c,2026-05-02 10:21:52,0x60bb8ce36f1b3745b573de198c7848d233ad2ed26a7e86cb84dd20e7ab21fe2e,btc-updown-5m-1777706400
"Bitcoin Up or Down - May 2, 3:20AM-3:25AM ET",Up,BUY,53,0.729022641509434,0x11e5c14e5325df3de84be1cee43d938cf0683c4f41c0c7f2535a515b065b277c,2026-05-02 10:21:52,0x0349b9d05bf072ae781d2a9698c53b898523cc166ce1ea0a933613cfe6fac494,btc-updown-5m-1777706400
"Bitcoin Up or Down - May 2, 3:15AM-3:30AM ET",Up,BUY,11,0.65,0x0d9b035d3c948b4f72de272d63ae4fc3d7781561a0af9803c08eba0c25c57488,2026-05-02 10:21:50,0x869ca556c81d16f603f3914aa0618141d7352b36a0645dda541552d99e8781d2,btc-updown-15m-1777706100
"Ethereum Up or Down - May 2, 3:20AM-3:25AM ET",Up,BUY,13,0.69,0x6853114b5330a020d8cea1e381f9124ff21944c7337ebdd4e9628c73f987b2a0,2026-05-02 10:21:42,0xc1b9f9ffd69e9a8e2feb262e96fb892a7721efb6bd8b9885c9411f4336f93ad5,eth-updown-5m-1777706400
"Bitcoin Up or Down - May 2, 3:20AM-3:25AM ET",Up,BUY,51,0.6802784313725491,0x11e5c14e5325df3de84be1cee43d938cf0683c4f41c0c7f2535a515b065b277c,2026-05-02 10:21:42,0x74c78fdb25bed9de2b5c1677ececc4db03cc6a74ce67559a14ab4c3cde21006d,btc-updown-5m-1777706400
"Bitcoin Up or Down - May 2, 3:15AM-3:30AM ET",Up,BUY,11,0.63,0x0d9b035d3c948b4f72de272d63ae4fc3d7781561a0af9803c08eba0c25c57488,2026-05-02 10:21:42,0x8e29ec34a7c93999efa372f8b260e2d4e644855eafccae50e42e0a82bbc1b415,btc-updown-15m-1777706100
"Bitcoin Up or Down - May 2, 3:20AM-3:25AM ET",Up,BUY,55,0.6968818181818182,0x11e5c14e5325df3de84be1cee43d938cf0683c4f41c0c7f2535a515b065b277c,2026-05-02 10:21:42,0x6942a6eef68fc4c602f7fd7da98b88ca9966aeca979ebe074de498972e92f4ac,btc-updown-5m-1777706400
"Ethereum Up or Down - May 2, 3:20AM-3:25AM ET",Up,BUY,14,0.6959428571428572,0x6853114b5330a020d8cea1e381f9124ff21944c7337ebdd4e9628c73f987b2a0,2026-05-02 10:21:42,0xff5ef0041324576576fa601911bd650f0da8495bc39fbbd3de84f59ae7750320,eth-updown-5m-1777706400
"Bitcoin Up or Down - May 2, 3AM ET",Up,BUY,5,0.47,0x55c488d9bc797ed51b27e101aac623df43457eb81d26e056eeeaa616b88e4f80,2026-05-02 10:21:40,0x2e24a722b22baa333b43f19911686b3684c33a76d3c5cd2207d4efcd8d8f63c7,bitcoin-up-or-down-may-2-2026-3am-et
"Bitcoin Up or Down - May 2, 3:15AM-3:30AM ET",Up,BUY,11,0.63,0x0d9b035d3c948b4f72de272d63ae4fc3d7781561a0af9803c08eba0c25c57488,2026-05-02 10:21:40,0x90093566498e101b0df5ddc0ffe45de061d280ef73edb4f059be10b6ab754109,btc-updown-15m-1777706100
"Bitcoin Up or Down - May 2, 3:20AM-3:25AM ET",Up,BUY,48,0.68,0x11e5c14e5325df3de84be1cee43d938cf0683c4f41c0c7f2535a515b065b277c,2026-05-02 10:21:40,0x48aaa5d60131b8a868965cb8a29b42ec57a3f92e6747299118b068061e9cd1b9,btc-updown-5m-1777706400
"Ethereum Up or Down - May 2, 3:20AM-3:25AM ET",Up,BUY,12,0.69,0x6853114b5330a020d8cea1e381f9124ff21944c7337ebdd4e9628c73f987b2a0,2026-05-02 10:21:40,0x17d64ece0ab3db300b937b4f6f4209a6fceee78860f528b9ebedb59bf016113e,eth-updown-5m-1777706400
"Ethereum Up or Down - May 2, 3:20AM-3:25AM ET",Up,BUY,12,0.6766666666666666,0x6853114b5330a020d8cea1e381f9124ff21944c7337ebdd4e9628c73f987b2a0,2026-05-02 10:21:32,0x0eac465726f599a5b02367f4e44f884c9e1e0357c81654d20bc4f1b4d9f7e516,eth-updown-5m-1777706400
"Ethereum Up or Down - May 2, 3:20AM-3:25AM ET",Up,BUY,13,0.6330769230769231,0x6853114b5330a020d8cea1e381f9124ff21944c7337ebdd4e9628c73f987b2a0,2026-05-02 10:21:32,0x7fecec34ad2ea65ad77ad8598a80b65841a2398728cfd8374e06bca61418e267,eth-updown-5m-1777706400
"Ethereum Up or Down - May 2, 3:20AM-3:25AM ET",Up,BUY,11,0.63,0x6853114b5330a020d8cea1e381f9124ff21944c7337ebdd4e9628c73f987b2a0,2026-05-02 10:21:32,0x2c6dc653acf769af39be3ca8fadc8867d59d6eaab3dd3fabadcb9d1d21f657cc,eth-updown-5m-1777706400
"Ethereum Up or Down - May 2, 3:20AM-3:25AM ET",Up,BUY,10,0.48,0x6853114b5330a020d8cea1e381f9124ff21944c7337ebdd4e9628c73f987b2a0,2026-05-02 10:21:20,0x50797c82ebd6557691e4bfe66a2ed09f1705edccefda7c8f8d5ada0ecb2b4b2c,eth-updown-5m-1777706400
"Bitcoin Up or Down - May 2, 3:15AM-3:30AM ET",Up,BUY,10,0.57,0x0d9b035d3c948b4f72de272d63ae4fc3d7781561a0af9803c08eba0c25c57488,2026-05-02 10:21:18,0x8d4feb0893f7bde136c4d905c9c87d603a6f08dc8b915a645fc086ed51bfec72,btc-updown-15m-1777706100
"Ethereum Up or Down - May 2, 3:20AM-3:25AM ET",Up,BUY,10,0.45,0x6853114b5330a020d8cea1e381f9124ff21944c7337ebdd4e9628c73f987b2a0,2026-05-02 10:21:18,0x44651464261fb26cfcf8d321be4ec067c616bedbab4bab5482edad2bc2a288d1,eth-updown-5m-1777706400
"Bitcoin Up or Down - May 2, 3:15AM-3:30AM ET",Up,BUY,10,0.57,0x0d9b035d3c948b4f72de272d63ae4fc3d7781561a0af9803c08eba0c25c57488,2026-05-02 10:21:18,0xbdf401478df8028a253afad174d6e1277bfe28f8588b72caa0d0bc1ef01823a3,btc-updown-15m-1777706100
"Bitcoin Up or Down - May 2, 3:20AM-3:25AM ET",Up,BUY,46,0.67,0x11e5c14e5325df3de84be1cee43d938cf0683c4f41c0c7f2535a515b065b277c,2026-05-02 10:21:18,0x179c381ac7546ca3d972ecfaf94ff0bb115760938071bcec8020ca5590c070aa,btc-updown-5m-1777706400
"Bitcoin Up or Down - May 2, 3:20AM-3:25AM ET",Up,BUY,18.12,0.6555298013245033,0x11e5c14e5325df3de84be1cee43d938cf0683c4f41c0c7f2535a515b065b277c,2026-05-02 10:21:18,0x1ff13cb81a62cf103cdd4379f30a5034873c9873820f04a72af9d7cc62d7cf99,btc-updown-5m-1777706400
"Bitcoin Up or Down - May 2, 3AM ET",Up,BUY,5,0.46,0x55c488d9bc797ed51b27e101aac623df43457eb81d26e056eeeaa616b88e4f80,2026-05-02 10:21:18,0x69bf90cd0ca88f9b85a808ad8d449bbfeede08dc96626778e6746821581c1d17,bitcoin-up-or-down-may-2-2026-3am-et
"Bitcoin Up or Down - May 2, 3:15AM-3:30AM ET",Up,BUY,10,0.56,0x0d9b035d3c948b4f72de272d63ae4fc3d7781561a0af9803c08eba0c25c57488,2026-05-02 10:21:18,0xa9b65d820bbcf3610f2757c6f7d756cd47718f56470e41908b3cf3adf8197566,btc-updown-15m-1777706100
"Bitcoin Up or Down - May 2, 3:20AM-3:25AM ET",Up,BUY,43,0.62,0x11e5c14e5325df3de84be1cee43d938cf0683c4f41c0c7f2535a515b065b277c,2026-05-02 10:21:18,0x993b1c9cb5d4ab21f097e7c421014b5925e5ab22f0de2e4ab09e469a3387c627,btc-updown-5m-1777706400
"Bitcoin Up or Down - May 2, 3:20AM-3:25AM ET",Down,BUY,40,0.4163625,0x11e5c14e5325df3de84be1cee43d938cf0683c4f41c0c7f2535a515b065b277c,2026-05-02 10:20:36,0xcc1967e6aa7777e79572fb06851f56fb003df11412041fd62ea1dc360d98d4ce,btc-updown-5m-1777706400
"Bitcoin Up or Down - May 2, 3:15AM-3:30AM ET",Down,BUY,10,0.47,0x0d9b035d3c948b4f72de272d63ae4fc3d7781561a0af9803c08eba0c25c57488,2026-05-02 10:20:36,0x0c7c042dd053e970137ca0cd70777fd8c661e656053a250b11e2390e599c980c,btc-updown-15m-1777706100
"Ethereum Up or Down - May 2, 3:20AM-3:25AM ET",Up,BUY,10,0.39,0x6853114b5330a020d8cea1e381f9124ff21944c7337ebdd4e9628c73f987b2a0,2026-05-02 10:20:22,0x64a9df86574151e14de586d56078257de4bc3434820fb43753941b127666a881,eth-updown-5m-1777706400
"Bitcoin Up or Down - May 2, 3:20AM-3:25AM ET",Up,BUY,43,0.52,0x11e5c14e5325df3de84be1cee43d938cf0683c4f41c0c7f2535a515b065b277c,2026-05-02 10:20:22,0x949d5f280f5030a3892e8a29999e9364d99b76fff31d52a33206cd6d0a5f5b44,btc-updown-5m-1777706400
"Bitcoin Up or Down - May 2, 3:15AM-3:30AM ET",Up,BUY,10,0.5098,0x0d9b035d3c948b4f72de272d63ae4fc3d7781561a0af9803c08eba0c25c57488,2026-05-02 10:20:22,0x664033d8ea2a29b91c753511adc0ee5e20448cdd2932362b750dd093313bae69,btc-updown-15m-1777706100
"Bitcoin Up or Down - May 2, 3:20AM-3:25AM ET",Up,BUY,42,0.51,0x11e5c14e5325df3de84be1cee43d938cf0683c4f41c0c7f2535a515b065b277c,2026-05-02 10:20:22,0xc3efd98ff24b002833b414a54cbca00d5ad735b7f283fd4c9a8f18c3ac1f2fc5,btc-updown-5m-1777706400
"Bitcoin Up or Down - May 2, 3:15AM-3:30AM ET",Up,BUY,10,0.52,0x0d9b035d3c948b4f72de272d63ae4fc3d7781561a0af9803c08eba0c25c57488,2026-05-02 10:20:22,0x64c7cb3a8140e6b31a94e161f5832b51cda47e4201ef5f18b16ee113d775f4ba,btc-updown-15m-1777706100
"Bitcoin Up or Down - May 2, 3:20AM-3:25AM ET",Up,BUY,44,0.5258795454545454,0x11e5c14e5325df3de84be1cee43d938cf0683c4f41c0c7f2535a515b065b277c,2026-05-02 10:20:22,0xb4d88a3d893c3fa2bc16486dbea7f4bd38476decf338634cb285f5798a6d4cc7,btc-updown-5m-1777706400
"Bitcoin Up or Down - May 2, 3:15AM-3:30AM ET",Up,BUY,10,0.5196,0x0d9b035d3c948b4f72de272d63ae4fc3d7781561a0af9803c08eba0c25c57488,2026-05-02 10:20:22,0x6eba568ba1892aa92e872a72205e105f9b6d4f29c6f5451b943af83d29097e97,btc-updown-15m-1777706100
"Bitcoin Up or Down - May 2, 3AM ET",Up,BUY,5,0.45,0x55c488d9bc797ed51b27e101aac623df43457eb81d26e056eeeaa616b88e4f80,2026-05-02 10:20:22,0xb103b97ba60a367b8b86cc136a3a26a54a6646925198f1c88b9225e60e873df5,bitcoin-up-or-down-may-2-2026-3am-et
"Ethereum Up or Down - May 2, 3:20AM-3:25AM ET",Up,BUY,10,0.39,0x6853114b5330a020d8cea1e381f9124ff21944c7337ebdd4e9628c73f987b2a0,2026-05-02 10:20:22,0x99d3378c518eaf8b1c29912e34697f25a39834cf3491cd6fa1c4d7c0df930b16,eth-updown-5m-1777706400
"Bitcoin Up or Down - May 2, 3AM ET",Up,BUY,5,0.45,0x55c488d9bc797ed51b27e101aac623df43457eb81d26e056eeeaa616b88e4f80,2026-05-02 10:20:22,0x88eaa22dbe1b13a9c550fc417d9d03c3b4dd6023ba80897231829ac8591f0533,bitcoin-up-or-down-may-2-2026-3am-et
"Bitcoin Up or Down - May 2, 3:20AM-3:25AM ET",Up,BUY,42,0.51,0x11e5c14e5325df3de84be1cee43d938cf0683c4f41c0c7f2535a515b065b277c,2026-05-02 10:20:22,0xbbc967304b23149a2ec274847d2612ab5d1c7d2f7114fe9734e70eac89f7060a,btc-updown-5m-1777706400
"Bitcoin Up or Down - May 2, 3:20AM-3:25AM ET",Up,BUY,41,0.51,0x11e5c14e5325df3de84be1cee43d938cf0683c4f41c0c7f2535a515b065b277c,2026-05-02 10:20:22,0x3d031a1b43d19122f5dba1839ac6b5fd77edf8118d6dace645ba778a03b707fc,btc-updown-5m-1777706400
"Bitcoin Up or Down - May 2, 3:15AM-3:30AM ET",Up,BUY,10,0.5,0x0d9b035d3c948b4f72de272d63ae4fc3d7781561a0af9803c08eba0c25c57488,2026-05-02 10:20:22,0x2e56c5c89412efb4c7ecbf577a598eee5c90c8f0630e85dc8c29979e8db47ebb,btc-updown-15m-1777706100
"Bitcoin Up or Down - May 2, 3AM ET",Up,BUY,5,0.45,0x55c488d9bc797ed51b27e101aac623df43457eb81d26e056eeeaa616b88e4f80,2026-05-02 10:20:22,0x96b146a7420a44188816a4ce46d06cdf5b43aaea7d16e5a381dc5cdf82137d12,bitcoin-up-or-down-may-2-2026-3am-et
"Bitcoin Up or Down - May 2, 3:15AM-3:30AM ET",Up,BUY,10,0.49,0x0d9b035d3c948b4f72de272d63ae4fc3d7781561a0af9803c08eba0c25c57488,2026-05-02 10:20:22,0xefa4b34a00616cd75f1150337e06b0172748bef613b6a4607431983e46a21971,btc-updown-15m-1777706100
"Bitcoin Up or Down - May 2, 3:20AM-3:25AM ET",Up,BUY,40,0.5,0x11e5c14e5325df3de84be1cee43d938cf0683c4f41c0c7f2535a515b065b277c,2026-05-02 10:20:22,0x6532458c6175d6badd89cde661ed9d74cd8da067bd9ca06b431f3d1aab38f7ee,btc-updown-5m-1777706400
"Bitcoin Up or Down - May 2, 3:15AM-3:30AM ET",Up,BUY,10,0.48886,0x0d9b035d3c948b4f72de272d63ae4fc3d7781561a0af9803c08eba0c25c57488,2026-05-02 10:20:22,0xe2a8f9ec5cd82cced3c0a6e23882bbfd72e8fdedd70b1d626ab94a6771c6513c,btc-updown-15m-1777706100
"Bitcoin Up or Down - May 2, 3:20AM-3:25AM ET",Up,BUY,40,0.5,0x11e5c14e5325df3de84be1cee43d938cf0683c4f41c0c7f2535a515b065b277c,2026-05-02 10:20:22,0xe6fbeef677b4ff00e0d9b32b067bb9f00bd9fa229bc3e1dc4d766c533017fe65,btc-updown-5m-1777706400
"Bitcoin Up or Down - May 2, 3:20AM-3:25AM ET",Up,BUY,40,0.49625,0x11e5c14e5325df3de84be1cee43d938cf0683c4f41c0c7f2535a515b065b277c,2026-05-02 10:20:22,0x4947e0dfd234fee7b9dbdf44860c3494b0238e791e3fab009a7dd093eaaa6b60,btc-updown-5m-1777706400
"Ethereum Up or Down - May 2, 3:15AM-3:20AM ET",Up,BUY,51,0.75,0xa2aa7ae7b482945a8270f4e315f949f351f1a245b857252b8ad0f8bf1a4cf707,2026-05-02 10:20:00,0xa9ece305f64126cd8ee1e3933ff358aee2526523d32f2957efc73fc7a93feb6c,eth-updown-5m-1777706100
"Bitcoin Up or Down - May 2, 3:15AM-3:30AM ET",Down,BUY,5,0.52,0x0d9b035d3c948b4f72de272d63ae4fc3d7781561a0af9803c08eba0c25c57488,2026-05-02 10:19:54,0x3c7eccbd1a391d1e0bce17eac623ebb3fbb4e0ac35c675f08efd41496730acf7,btc-updown-15m-1777706100
"Bitcoin Up or Down - May 2, 3:15AM-3:30AM ET",Down,BUY,10,0.475,0x0d9b035d3c948b4f72de272d63ae4fc3d7781561a0af9803c08eba0c25c57488,2026-05-02 10:19:52,0x01abdf1552159a47df92c02edae96c5eaf020f2795fced3d2eae4cd115b37cd4,btc-updown-15m-1777706100
"Bitcoin Up or Down - May 2, 3AM ET",Up,BUY,5,0.44,0x55c488d9bc797ed51b27e101aac623df43457eb81d26e056eeeaa616b88e4f80,2026-05-02 10:19:46,0xed059631754fed2aa0e199c4df0387b22bd78c0d6ef2a11687bbf9955a59d77e,bitcoin-up-or-down-may-2-2026-3am-et
"Bitcoin Up or Down - May 2, 3:15AM-3:30AM ET",Up,BUY,10,0.51,0x0d9b035d3c948b4f72de272d63ae4fc3d7781561a0af9803c08eba0c25c57488,2026-05-02 10:19:46,0x9ecaafc4fc532e72e9fe7c74a5eecf511cf5b34dc698d2580821fe8c6faa0154,btc-updown-15m-1777706100
"Bitcoin Up or Down - May 2, 3:15AM-3:30AM ET",Up,BUY,10,0.48724,0x0d9b035d3c948b4f72de272d63ae4fc3d7781561a0af9803c08eba0c25c57488,2026-05-02 10:19:44,0x52f80d1ab01f3cc530fcc3236d938ca255f6db08bd01571c7947d7a959bfa776,btc-updown-15m-1777706100
"Bitcoin Up or Down - May 2, 3AM ET",Up,BUY,5,0.43,0x55c488d9bc797ed51b27e101aac623df43457eb81d26e056eeeaa616b88e4f80,2026-05-02 10:19:44,0xe40da1f5cb22a597cf5628c384f60d17201705caf2dece6629f74937348dd2eb,bitcoin-up-or-down-may-2-2026-3am-et
"Bitcoin Up or Down - May 2, 3:15AM-3:30AM ET",Up,BUY,9.6,0.44,0x0d9b035d3c948b4f72de272d63ae4fc3d7781561a0af9803c08eba0c25c57488,2026-05-02 10:19:44,0x09aac993aaea4a2722217387a1ff3b341f9531b14413afe0a45da6fb1cba81d6,btc-updown-15m-1777706100
"Ethereum Up or Down - May 2, 3:15AM-3:20AM ET",Down,BUY,14,0.17,0xa2aa7ae7b482945a8270f4e315f949f351f1a245b857252b8ad0f8bf1a4cf707,2026-05-02 10:19:40,0xec3864cea42de430c1d2df545bf52a1377cb44f0aa38507d9185dcb54be42a54,eth-updown-5m-1777706100
"Ethereum Up or Down - May 2, 3:15AM-3:20AM ET",Up,BUY,13.35,0.8,0xa2aa7ae7b482945a8270f4e315f949f351f1a245b857252b8ad0f8bf1a4cf707,2026-05-02 10:19:40,0xe3021578d147acd1ec842ce920e56965f1820e6170ffd2a7df8c2d33d1d68b51,eth-updown-5m-1777706100
"Ethereum Up or Down - May 2, 3:15AM-3:20AM ET",Down,BUY,13,0.2,0xa2aa7ae7b482945a8270f4e315f949f351f1a245b857252b8ad0f8bf1a4cf707,2026-05-02 10:19:38,0x751fec097698a88b37afa51193d0c0d9d91b585c775be61aacfa4ac9be9d940f,eth-updown-5m-1777706100
"Ethereum Up or Down - May 2, 3:15AM-3:20AM ET",Down,BUY,20.89,0.13,0xa2aa7ae7b482945a8270f4e315f949f351f1a245b857252b8ad0f8bf1a4cf707,2026-05-02 10:19:32,0x30fd7aaeb2a2986b5d0ff1da582ba33e61a7e3a9613b5b878c868ca2eddcb70b,eth-updown-5m-1777706100
"Ethereum Up or Down - May 2, 3:15AM-3:20AM ET",Down,BUY,22,0.08,0xa2aa7ae7b482945a8270f4e315f949f351f1a245b857252b8ad0f8bf1a4cf707,2026-05-02 10:19:28,0x40017bb5848cc4c4aa5b4c73c235545c5d30b33a14934e433d0acf7948fac82d,eth-updown-5m-1777706100
"Ethereum Up or Down - May 2, 3:15AM-3:20AM ET",Down,BUY,28,0.08,0xa2aa7ae7b482945a8270f4e315f949f351f1a245b857252b8ad0f8bf1a4cf707,2026-05-02 10:19:24,0x34140ec64b89df60c790004b8165765559bb3f92d92469a3c2230cddb1163a79,eth-updown-5m-1777706100
"Ethereum Up or Down - May 2, 3:15AM-3:20AM ET",Down,BUY,28,0.08,0xa2aa7ae7b482945a8270f4e315f949f351f1a245b857252b8ad0f8bf1a4cf707,2026-05-02 10:19:12,0xab05ddccc2cadf821d13c1ef981be58a88c4aee2befc2eea95dc2dbb9c942873,eth-updown-5m-1777706100
"Bitcoin Up or Down - May 2, 3:15AM-3:20AM ET",Down,BUY,43,0.59,0xed676b0d3d56abe67dd17d35c897c38617a0939ebb23e84f98115334a3107ce2,2026-05-02 10:19:02,0xb8ae3737a9a43a154cc075de4fa770571ebd1728ca01053ddb2f86bf08ccd956,btc-updown-5m-1777706100
"Ethereum Up or Down - May 2, 3:15AM-3:20AM ET",Down,BUY,28,0.08,0xa2aa7ae7b482945a8270f4e315f949f351f1a245b857252b8ad0f8bf1a4cf707,2026-05-02 10:19:00,0xa497b4f5c9735f2f5a838509f02ffd25dd7ef80b531046b22e01bbed8e98d792,eth-updown-5m-1777706100
"Bitcoin Up or Down - May 2, 3:15AM-3:30AM ET",Down,BUY,11,0.57,0x0d9b035d3c948b4f72de272d63ae4fc3d7781561a0af9803c08eba0c25c57488,2026-05-02 10:19:00,0x4af427e666394ebf86e0ac7b134c7287ccdb2ca65d8a3084599dc98dfccca560,btc-updown-15m-1777706100
"Bitcoin Up or Down - May 2, 3:15AM-3:20AM ET",Down,BUY,46,0.5601847826086956,0xed676b0d3d56abe67dd17d35c897c38617a0939ebb23e84f98115334a3107ce2,2026-05-02 10:19:00,0x64dac8fe38dc57fe0dcce71e28aa7dcf539ee5d649dbdfab0ddd672efb42622a,btc-updown-5m-1777706100
"Bitcoin Up or Down - May 2, 3:15AM-3:20AM ET",Down,BUY,42,0.5404571428571429,0xed676b0d3d56abe67dd17d35c897c38617a0939ebb23e84f98115334a3107ce2,2026-05-02 10:19:00,0xa239500f63c7fb8d6f0534ffea6e7e7abc278571d39cc3b908daa7d4225c4f1c,btc-updown-5m-1777706100
"Bitcoin Up or Down - May 2, 3AM ET",Down,BUY,5,0.59,0x55c488d9bc797ed51b27e101aac623df43457eb81d26e056eeeaa616b88e4f80,2026-05-02 10:19:00,0x268ea464135ed6c78c655cdf081cb47d3e231cc19aa53b820379ca520f1fac13,bitcoin-up-or-down-may-2-2026-3am-et
"Bitcoin Up or Down - May 2, 3:15AM-3:30AM ET",Down,BUY,11,0.5909090909090909,0x0d9b035d3c948b4f72de272d63ae4fc3d7781561a0af9803c08eba0c25c57488,2026-05-02 10:19:00,0x59b39b13cfca1b96c487dccb2e08d5183ff7f9ba1adecb7735f9ea00fa15c403,btc-updown-15m-1777706100
"Bitcoin Up or Down - May 2, 3:15AM-3:20AM ET",Down,BUY,55,0.6142018181818182,0xed676b0d3d56abe67dd17d35c897c38617a0939ebb23e84f98115334a3107ce2,2026-05-02 10:19:00,0x7e8d048e6c85c1432a463677c039c606e5daf705c00dd9844615c00aa2d5e607,btc-updown-5m-1777706100
"Bitcoin Up or Down - May 2, 3:15AM-3:20AM ET",Down,BUY,71,0.602912676056338,0xed676b0d3d56abe67dd17d35c897c38617a0939ebb23e84f98115334a3107ce2,2026-05-02 10:19:00,0xe299009af90db4709b8d1504a459a6bd3c31720b68e454b71ea45160067a8767,btc-updown-5m-1777706100
"Bitcoin Up or Down - May 2, 3:15AM-3:30AM ET",Down,BUY,11,0.58,0x0d9b035d3c948b4f72de272d63ae4fc3d7781561a0af9803c08eba0c25c57488,2026-05-02 10:19:00,0x72541c9ca382c3e8b6be18b715e4a11d24ce4c0b6e80b29aa8743d371c4161a4,btc-updown-15m-1777706100
"Ethereum Up or Down - May 2, 3:15AM-3:20AM ET",Down,BUY,22,0.08,0xa2aa7ae7b482945a8270f4e315f949f351f1a245b857252b8ad0f8bf1a4cf707,2026-05-02 10:19:00,0x2069c75d16c7de6d5fe43e93fe29e4e67b315905b1f6056ee615890e44ac2038,eth-updown-5m-1777706100
"Bitcoin Up or Down - May 2, 3AM ET",Down,BUY,5,0.59,0x55c488d9bc797ed51b27e101aac623df43457eb81d26e056eeeaa616b88e4f80,2026-05-02 10:19:00,0x59d157c22fe43babcd1baa6c7682af37f3e18293c929ceb7ac9955e63279bde6,bitcoin-up-or-down-may-2-2026-3am-et
"Bitcoin Up or Down - May 2, 3:15AM-3:20AM ET",Down,BUY,51,0.592721568627451,0xed676b0d3d56abe67dd17d35c897c38617a0939ebb23e84f98115334a3107ce2,2026-05-02 10:19:00,0x0494b9eb506954c6b47915d11ff98881f71a54fdf3ed3b0a2f0174fda0e7ff82,btc-updown-5m-1777706100
"Bitcoin Up or Down - May 2, 3:15AM-3:30AM ET",Down,BUY,10,0.58,0x0d9b035d3c948b4f72de272d63ae4fc3d7781561a0af9803c08eba0c25c57488,2026-05-02 10:19:00,0x2fb38bef689ace4c6e880c49c0af68a7504d744563101275a1b5f33d128bc068,btc-updown-15m-1777706100
"Bitcoin Up or Down - May 2, 3:15AM-3:30AM ET",Down,BUY,10,0.56204,0x0d9b035d3c948b4f72de272d63ae4fc3d7781561a0af9803c08eba0c25c57488,2026-05-02 10:19:00,0x84a1dab320ebf1a7366aa3772323e4cdc6fab55c426ce4b0ad3c500c2ef33878,btc-updown-15m-1777706100
"Ethereum Up or Down - May 2, 3:15AM-3:20AM ET",Up,BUY,34,0.8520882352941177,0xa2aa7ae7b482945a8270f4e315f949f351f1a245b857252b8ad0f8bf1a4cf707,2026-05-02 10:18:34,0x451acfe34fb0e09a4dbe505cc9b3a30efbebecd199ce2fd92c7a65ec26943b13,eth-updown-5m-1777706100
"Ethereum Up or Down - May 2, 3:15AM-3:20AM ET",Up,BUY,44,0.9018181818181819,0xa2aa7ae7b482945a8270f4e315f949f351f1a245b857252b8ad0f8bf1a4cf707,2026-05-02 10:18:34,0xeeae440385333db3c5586eb864dfab11d77def71a50dc4eb0a1dd8a31362f64f,eth-updown-5m-1777706100
"Ethereum Up or Down - May 2, 3:15AM-3:20AM ET",Up,BUY,22,0.8365181818181818,0xa2aa7ae7b482945a8270f4e315f949f351f1a245b857252b8ad0f8bf1a4cf707,2026-05-02 10:18:34,0x1d09e5e65c59067a75ebe7c45a15cd75b66d092d50fc4472cbb55d819d19948b,eth-updown-5m-1777706100
"Ethereum Up or Down - May 2, 3:15AM-3:20AM ET",Up,BUY,20,0.820085,0xa2aa7ae7b482945a8270f4e315f949f351f1a245b857252b8ad0f8bf1a4cf707,2026-05-02 10:18:34,0x5d054674b0b0c4b87609554339f3549f9edb3769a53d683f2649e40736b81e53,eth-updown-5m-1777706100
"Ethereum Up or Down - May 2, 3:15AM-3:20AM ET",Up,BUY,13,0.7,0xa2aa7ae7b482945a8270f4e315f949f351f1a245b857252b8ad0f8bf1a4cf707,2026-05-02 10:18:30,0x71d95aff5995d1b82efdb9fe6e27971bf535c54bdb40dbe989cd7eb4b8a3617c,eth-updown-5m-1777706100
"Ethereum Up or Down - May 2, 3:15AM-3:20AM ET",Up,BUY,16,0.78125,0xa2aa7ae7b482945a8270f4e315f949f351f1a245b857252b8ad0f8bf1a4cf707,2026-05-02 10:18:30,0x68752642e1ff246c29b92c876723d8f42250066dad765d9ba4e2c8b023907733,eth-updown-5m-1777706100
"Ethereum Up or Down - May 2, 3:15AM-3:20AM ET",Up,BUY,15,0.73,0xa2aa7ae7b482945a8270f4e315f949f351f1a245b857252b8ad0f8bf1a4cf707,2026-05-02 10:18:30,0xe3aad203561cc661db3b4018262841f4d888fa9f4e92b75af977325a289417d6,eth-updown-5m-1777706100
"Ethereum Up or Down - May 2, 3:15AM-3:20AM ET",Up,BUY,12,0.7,0xa2aa7ae7b482945a8270f4e315f949f351f1a245b857252b8ad0f8bf1a4cf707,2026-05-02 10:18:28,0x3b57783bc7de5ebaf518096cbd60e2694afaf84cacb9a7d0d225e2334fbd236f,eth-updown-5m-1777706100
"Bitcoin Up or Down - May 2, 3:15AM-3:20AM ET",Up,BUY,42,0.3364190476190476,0xed676b0d3d56abe67dd17d35c897c38617a0939ebb23e84f98115334a3107ce2,2026-05-02 10:18:08,0xd65cf8ce5f7bcfb7a00ad1a10c5b4695cf792722d3105779eabd55a59a6d9300,btc-updown-5m-1777706100
"Bitcoin Up or Down - May 2, 3AM ET",Up,BUY,5,0.42,0x55c488d9bc797ed51b27e101aac623df43457eb81d26e056eeeaa616b88e4f80,2026-05-02 10:18:08,0x69df67d64a4e56d320edb87507fbade803f801b333a14bf970f913b81266990e,bitcoin-up-or-down-may-2-2026-3am-et
"Bitcoin Up or Down - May 2, 3:15AM-3:30AM ET",Up,BUY,10,0.41,0x0d9b035d3c948b4f72de272d63ae4fc3d7781561a0af9803c08eba0c25c57488,2026-05-02 10:18:08,0x027d72685dd6b47dca65f9225863b4886c442e83b18e871f1a6cffbb9cf2da0e,btc-updown-15m-1777706100
"Ethereum Up or Down - May 2, 3:15AM-3:20AM ET",Up,BUY,5.88,0.6,0xa2aa7ae7b482945a8270f4e315f949f351f1a245b857252b8ad0f8bf1a4cf707,2026-05-02 10:18:08,0x192bfd332235681128cd5fcf950052e9c613b8e78329fc56c5ce23ab2c67f72f,eth-updown-5m-1777706100
"Ethereum Up or Down - May 2, 3:15AM-3:20AM ET",Up,BUY,12,0.67,0xa2aa7ae7b482945a8270f4e315f949f351f1a245b857252b8ad0f8bf1a4cf707,2026-05-02 10:18:08,0x00dff08b55ccbae0465e7bfb24a537a8127b4ad625e2e117d49e62532dc774e1,eth-updown-5m-1777706100
"Ethereum Up or Down - May 2, 3:15AM-3:20AM ET",Up,BUY,5,0.65,0xa2aa7ae7b482945a8270f4e315f949f351f1a245b857252b8ad0f8bf1a4cf707,2026-05-02 10:18:08,0xb4e9a409d78c51fc47c65e151666516475851365c638ea0bce7ebe157fecf0bc,eth-updown-5m-1777706100
"Bitcoin Up or Down - May 2, 3AM ET",Up,BUY,5,0.42,0x55c488d9bc797ed51b27e101aac623df43457eb81d26e056eeeaa616b88e4f80,2026-05-02 10:18:08,0x669f982881eb91e54bbd11df0d6a7f5e93c51ed8ecdd190267f27ae1f36ce18b,bitcoin-up-or-down-may-2-2026-3am-et
"Bitcoin Up or Down - May 2, 3:15AM-3:30AM ET",Up,BUY,10,0.4,0x0d9b035d3c948b4f72de272d63ae4fc3d7781561a0af9803c08eba0c25c57488,2026-05-02 10:18:08,0x21cc66f54215b2bc8cd8dec98d621243590418dd5d8d4cfc25f315c1e4731f02,btc-updown-15m-1777706100
"Ethereum Up or Down - May 2, 3:15AM-3:20AM ET",Down,BUY,10,0.42324,0xa2aa7ae7b482945a8270f4e315f949f351f1a245b857252b8ad0f8bf1a4cf707,2026-05-02 10:18:04,0xfd6e40581d5dd38b4dcccec9eaab3446087824a8fff23f2bf4c2385c41980c2e,eth-updown-5m-1777706100
"Ethereum Up or Down - May 2, 3:15AM-3:20AM ET",Down,BUY,10,0.42,0xa2aa7ae7b482945a8270f4e315f949f351f1a245b857252b8ad0f8bf1a4cf707,2026-05-02 10:18:00,0xe5aa15ce11e16a73d7db0fa2d3b6a3da9406780d2220298d16fe4ccad2b72819,eth-updown-5m-1777706100
"Ethereum Up or Down - May 2, 3:15AM-3:20AM ET",Down,BUY,10,0.41009,0xa2aa7ae7b482945a8270f4e315f949f351f1a245b857252b8ad0f8bf1a4cf707,2026-05-02 10:17:54,0x9cca616409845d19de27854d1387cf3f53f9dcc44f2dd5d4b31ca2b6193253b4,eth-updown-5m-1777706100
"Ethereum Up or Down - May 2, 3:15AM-3:20AM ET",Down,BUY,10,0.41,0xa2aa7ae7b482945a8270f4e315f949f351f1a245b857252b8ad0f8bf1a4cf707,2026-05-02 10:17:54,0xaf750871f7114db7eb75d69152f775f0281f296c537b166b96aec255ffc28019,eth-updown-5m-1777706100
"Ethereum Up or Down - May 2, 3:15AM-3:20AM ET",Down,BUY,10,0.41,0xa2aa7ae7b482945a8270f4e315f949f351f1a245b857252b8ad0f8bf1a4cf707,2026-05-02 10:17:54,0xc4280eec0f9fa8b4927666563bb7314d469c29c3e8de43cce733a536f1cdebcc,eth-updown-5m-1777706100
"Ethereum Up or Down - May 2, 3:15AM-3:20AM ET",Down,BUY,10,0.41,0xa2aa7ae7b482945a8270f4e315f949f351f1a245b857252b8ad0f8bf1a4cf707,2026-05-02 10:17:54,0x43e37e7a13952c813e518f04256de2d1871b9ad0bd19a98c1e2406d9c1ccf64a,eth-updown-5m-1777706100
"Ethereum Up or Down - May 2, 3:15AM-3:20AM ET",Up,BUY,13,0.61,0xa2aa7ae7b482945a8270f4e315f949f351f1a245b857252b8ad0f8bf1a4cf707,2026-05-02 10:17:26,0x5a269f3b957d12c6edd33a6cdbce1e1d3e5f641e33e01a5deedb99e0a57c7b0d,eth-updown-5m-1777706100
"Ethereum Up or Down - May 2, 3:15AM-3:20AM ET",Up,BUY,12,0.5963333333333334,0xa2aa7ae7b482945a8270f4e315f949f351f1a245b857252b8ad0f8bf1a4cf707,2026-05-02 10:17:24,0x505921d870a9af24fb93a4c0b43cb6887656d830eb9c71c57cda805e441c21bf,eth-updown-5m-1777706100
"Ethereum Up or Down - May 2, 3:15AM-3:20AM ET",Up,BUY,11,0.57,0xa2aa7ae7b482945a8270f4e315f949f351f1a245b857252b8ad0f8bf1a4cf707,2026-05-02 10:17:24,0x0ee7622a766ecc997c4d8efac2a9ed086baccbc4bb10eca7644521f26ca3ff5a,eth-updown-5m-1777706100
"Ethereum Up or Down - May 2, 3:15AM-3:20AM ET",Up,BUY,11,0.57,0xa2aa7ae7b482945a8270f4e315f949f351f1a245b857252b8ad0f8bf1a4cf707,2026-05-02 10:17:24,0x2267c438e60e2c0e8e77aaf84c2b78e5fd7b56b71dea6cb4a806a734cae3d35b,eth-updown-5m-1777706100
"Ethereum Up or Down - May 2, 3:15AM-3:20AM ET",Up,BUY,11,0.57,0xa2aa7ae7b482945a8270f4e315f949f351f1a245b857252b8ad0f8bf1a4cf707,2026-05-02 10:17:24,0x5e72fa2909dade9f435491b7d01d350b6612d2a0d8ac1bd9ec6826bf62e88caa,eth-updown-5m-1777706100
"Ethereum Up or Down - May 2, 3:15AM-3:20AM ET",Up,BUY,5.09,0.5491159135559921,0xa2aa7ae7b482945a8270f4e315f949f351f1a245b857252b8ad0f8bf1a4cf707,2026-05-02 10:17:24,0x8c19248e97880eff7ba62e2c432348c44d27ae3a57ec4808202baf62c96f808f,eth-updown-5m-1777706100
"Ethereum Up or Down - May 2, 3:15AM-3:20AM ET",Up,BUY,10,0.41,0xa2aa7ae7b482945a8270f4e315f949f351f1a245b857252b8ad0f8bf1a4cf707,2026-05-02 10:16:54,0xe36f0c0baee38a8948cc0bf76bc7c7856e3fba4c04622943e1864ffabdb99a28,eth-updown-5m-1777706100
"Ethereum Up or Down - May 2, 3:15AM-3:20AM ET",Up,BUY,10,0.425,0xa2aa7ae7b482945a8270f4e315f949f351f1a245b857252b8ad0f8bf1a4cf707,2026-05-02 10:16:54,0xfb88eb359c34e88e1b49390dc9ae306008120dd2b5896b601b1fae4d126a1ac8,eth-updown-5m-1777706100
"Ethereum Up or Down - May 2, 3:15AM-3:20AM ET",Up,BUY,10,0.41,0xa2aa7ae7b482945a8270f4e315f949f351f1a245b857252b8ad0f8bf1a4cf707,2026-05-02 10:16:54,0x3ba3eee2909879dcca87efb9d96fc1c4e83fa4cb6b21052ce56e52c3e9974fe0,eth-updown-5m-1777706100
"Bitcoin Up or Down - May 2, 3:15AM-3:30AM ET",Down,BUY,11,0.600909090909091,0x0d9b035d3c948b4f72de272d63ae4fc3d7781561a0af9803c08eba0c25c57488,2026-05-02 10:16:50,0xd53bb1af3b4087fd305a4f01e44ff5757f49ac9ab636847ab92667726f7d6a63,btc-updown-15m-1777706100
"Bitcoin Up or Down - May 2, 3:15AM-3:20AM ET",Down,BUY,42,0.57,0xed676b0d3d56abe67dd17d35c897c38617a0939ebb23e84f98115334a3107ce2,2026-05-02 10:16:50,0x986c693927ebabae567002e685b6587fc93258e7ccac7a884d7f4b9cd442b51c,btc-updown-5m-1777706100
"Bitcoin Up or Down - May 2, 3:15AM-3:20AM ET",Down,BUY,51,0.7003333333333334,0xed676b0d3d56abe67dd17d35c897c38617a0939ebb23e84f98115334a3107ce2,2026-05-02 10:16:50,0xb889dddbecfa1be0546aea86ec775d231d20c68fe1a87219c2cd78616aebbeec,btc-updown-5m-1777706100
"Bitcoin Up or Down - May 2, 3:15AM-3:20AM ET",Down,BUY,49,0.7,0xed676b0d3d56abe67dd17d35c897c38617a0939ebb23e84f98115334a3107ce2,2026-05-02 10:16:50,0x58671400016ad5c022ae5927a45b783c74fb41ffb39f3b8ba389766059d9291a,btc-updown-5m-1777706100
"Bitcoin Up or Down - May 2, 3:15AM-3:20AM ET",Down,BUY,35,0.68,0xed676b0d3d56abe67dd17d35c897c38617a0939ebb23e84f98115334a3107ce2,2026-05-02 10:16:50,0x6c511121d71773b7ab491c4439a4c37de37e1f4afda1fb6b51b5961a6a109170,btc-updown-5m-1777706100
"Bitcoin Up or Down - May 2, 3:15AM-3:30AM ET",Down,BUY,11,0.64,0x0d9b035d3c948b4f72de272d63ae4fc3d7781561a0af9803c08eba0c25c57488,2026-05-02 10:16:50,0x26317c6d239a007c4b410e5dfc408598ab2721c19a617813ffc0b10151e9aa2f,btc-updown-15m-1777706100
"Bitcoin Up or Down - May 2, 3:15AM-3:30AM ET",Down,BUY,11,0.64,0x0d9b035d3c948b4f72de272d63ae4fc3d7781561a0af9803c08eba0c25c57488,2026-05-02 10:16:50,0x7604b6575c33c7fcb5d591aeba566a74946d3c770350e7a5ab127d63ffdba276,btc-updown-15m-1777706100
"Bitcoin Up or Down - May 2, 3:15AM-3:30AM ET",Down,BUY,11,0.64,0x0d9b035d3c948b4f72de272d63ae4fc3d7781561a0af9803c08eba0c25c57488,2026-05-02 10:16:50,0x70056035d2430e73b6fe328d003ea3af6c572187bd55b023edd5c597e509312c,btc-updown-15m-1777706100
"Bitcoin Up or Down - May 2, 3AM ET",Down,BUY,5,0.58,0x55c488d9bc797ed51b27e101aac623df43457eb81d26e056eeeaa616b88e4f80,2026-05-02 10:16:50,0x7138e44e7bbdceaf914c81580309d9675e592f4762cb403cc2f0c4609fbeb71e,bitcoin-up-or-down-may-2-2026-3am-et
"Ethereum Up or Down - May 2, 3:15AM-3:20AM ET",Down,BUY,10,0.5,0xa2aa7ae7b482945a8270f4e315f949f351f1a245b857252b8ad0f8bf1a4cf707,2026-05-02 10:16:50,0xede2d95ec0d141e111514c2e344af877fb86f0f94220d74490b0e10f66ce0016,eth-updown-5m-1777706100
"Bitcoin Up or Down - May 2, 3:15AM-3:20AM ET",Down,BUY,43,0.57,0xed676b0d3d56abe67dd17d35c897c38617a0939ebb23e84f98115334a3107ce2,2026-05-02 10:16:50,0xc197ba582e3053bc6275b8a408ece7bb77015343d67baa23a27df0bde403204b,btc-updown-5m-1777706100
"Ethereum Up or Down - May 2, 3:15AM-3:20AM ET",Down,BUY,11,0.55,0xa2aa7ae7b482945a8270f4e315f949f351f1a245b857252b8ad0f8bf1a4cf707,2026-05-02 10:16:50,0xcaa0323f66e8f10b8e5e48fbfed943c33476c1ec74d992108352b5f99f61cf7c,eth-updown-5m-1777706100
"Bitcoin Up or Down - May 2, 3:15AM-3:30AM ET",Down,BUY,11,0.64,0x0d9b035d3c948b4f72de272d63ae4fc3d7781561a0af9803c08eba0c25c57488,2026-05-02 10:16:50,0x114a00538dc9a5c89a11ac65abbd85b662d32a91d671f38276870147026cdeda,btc-updown-15m-1777706100
"Bitcoin Up or Down - May 2, 3:15AM-3:20AM ET",Down,BUY,45,0.64,0xed676b0d3d56abe67dd17d35c897c38617a0939ebb23e84f98115334a3107ce2,2026-05-02 10:16:50,0x830ea6a79ec9dc48c8aa01ff16f557aebf6c280bec6c63a501b3c395f95d5954,btc-updown-5m-1777706100
"Ethereum Up or Down - May 2, 3:15AM-3:20AM ET",Down,BUY,10,0.5,0xa2aa7ae7b482945a8270f4e315f949f351f1a245b857252b8ad0f8bf1a4cf707,2026-05-02 10:16:50,0x08373369d146da9792a13d7a4df52db4f8049bdf5c853c15998d8e25eaedd876,eth-updown-5m-1777706100
"Ethereum Up or Down - May 2, 3:15AM-3:20AM ET",Up,BUY,5,0.53,0xa2aa7ae7b482945a8270f4e315f949f351f1a245b857252b8ad0f8bf1a4cf707,2026-05-02 10:16:44,0x91ff6b441a8645a37b9dac8cdee6cb284b1e66fc4f9868ca69a39ad869a682a0,eth-updown-5m-1777706100
"Ethereum Up or Down - May 2, 3:15AM-3:20AM ET",Down,BUY,5.2,0.48,0xa2aa7ae7b482945a8270f4e315f949f351f1a245b857252b8ad0f8bf1a4cf707,2026-05-02 10:16:38,0x1717aa87fa37da1d40b383e6ba206b1366b68d27d88805243c31e7bd54a17bbc,eth-updown-5m-1777706100
"Ethereum Up or Down - May 2, 3:15AM-3:20AM ET",Down,BUY,3.03,0.44,0xa2aa7ae7b482945a8270f4e315f949f351f1a245b857252b8ad0f8bf1a4cf707,2026-05-02 10:16:38,0x8089f8beae3c5ca8d70ba5d61e622a893487dec0c86a3785e143a46d52f78142,eth-updown-5m-1777706100
"Ethereum Up or Down - May 2, 3:15AM-3:20AM ET",Down,BUY,10,0.46535,0xa2aa7ae7b482945a8270f4e315f949f351f1a245b857252b8ad0f8bf1a4cf707,2026-05-02 10:16:34,0x908c7b6b3a7953de826200f405e33a92e192dcc25d7ed20720d7cd86eb7bb6db,eth-updown-5m-1777706100
"Ethereum Up or Down - May 2, 3:15AM-3:20AM ET",Down,BUY,10,0.46,0xa2aa7ae7b482945a8270f4e315f949f351f1a245b857252b8ad0f8bf1a4cf707,2026-05-02 10:16:34,0x966ad9dbd6d703c3da9a9963965441ef02c558123d1903c979eccd676f7ab30b,eth-updown-5m-1777706100
"Bitcoin Up or Down - May 2, 3:15AM-3:30AM ET",Up,BUY,10,0.42,0x0d9b035d3c948b4f72de272d63ae4fc3d7781561a0af9803c08eba0c25c57488,2026-05-02 10:16:24,0xb0907237faae13befd41e37bd92e559cb37e636c3bc63f807800814a3e0a6872,btc-updown-15m-1777706100
"Bitcoin Up or Down - May 2, 3:15AM-3:20AM ET",Up,BUY,40,0.4430625,0xed676b0d3d56abe67dd17d35c897c38617a0939ebb23e84f98115334a3107ce2,2026-05-02 10:16:24,0x1873d336afa992aca6370d54cc72191294f14681541f40c37da9c59cd5ce4092,btc-updown-5m-1777706100
"Bitcoin Up or Down - May 2, 3:15AM-3:20AM ET",Up,BUY,40,0.43,0xed676b0d3d56abe67dd17d35c897c38617a0939ebb23e84f98115334a3107ce2,2026-05-02 10:16:24,0x069f0f83cc38ae70381f8c3b590a27bc7f4ade7aa8ffafda0cda6c7653026263,btc-updown-5m-1777706100
"Bitcoin Up or Down - May 2, 3:15AM-3:20AM ET",Up,BUY,41,0.41237560975609755,0xed676b0d3d56abe67dd17d35c897c38617a0939ebb23e84f98115334a3107ce2,2026-05-02 10:15:36,0x8449b3b08eb4c874572dd6148e8af17b8f367d34b02628845194db59f491ee84,btc-updown-5m-1777706100
"Bitcoin Up or Down - May 2, 3:15AM-3:20AM ET",Down,BUY,45,0.57,0xed676b0d3d56abe67dd17d35c897c38617a0939ebb23e84f98115334a3107ce2,2026-05-02 10:15:28,0xe21f222ed467153d16a7d1cc38ea8716d7848847a20abf896fd5471e91663569,btc-updown-5m-1777706100
"Ethereum Up or Down - May 2, 3:15AM-3:20AM ET",Down,BUY,10,0.42873,0xa2aa7ae7b482945a8270f4e315f949f351f1a245b857252b8ad0f8bf1a4cf707,2026-05-02 10:15:28,0x5d99e008f731fd39122ba3d970d67d9027cb4a0a7df3adbf102e4092b19c9d06,eth-updown-5m-1777706100
"Ethereum Up or Down - May 2, 3:15AM-3:20AM ET",Up,BUY,10,0.57,0xa2aa7ae7b482945a8270f4e315f949f351f1a245b857252b8ad0f8bf1a4cf707,2026-05-02 10:15:28,0xa16cac892f69cdcd03404854e277f4613112e72d15c77d85bfb69d124087f6f7,eth-updown-5m-1777706100
"Bitcoin Up or Down - May 2, 3:15AM-3:30AM ET",Down,BUY,10,0.56,0x0d9b035d3c948b4f72de272d63ae4fc3d7781561a0af9803c08eba0c25c57488,2026-05-02 10:15:26,0x4d16afce4d432ec5fc38e1ab439cadaa76fa0890952ad0ce5aa7b1b5b803fc77,btc-updown-15m-1777706100
"Bitcoin Up or Down - May 2, 3AM ET",Down,BUY,5,0.57,0x55c488d9bc797ed51b27e101aac623df43457eb81d26e056eeeaa616b88e4f80,2026-05-02 10:15:26,0x12c7b88d3b9bc7467a5bf651de77035c701e1588328af7ca84392133088b9e03,bitcoin-up-or-down-may-2-2026-3am-et
"Bitcoin Up or Down - May 2, 3AM ET",Down,BUY,5,0.57,0x55c488d9bc797ed51b27e101aac623df43457eb81d26e056eeeaa616b88e4f80,2026-05-02 10:15:26,0x206dca333601279c61f9fdabc8de53792237623da94ebe5efe640751c470ebcb,bitcoin-up-or-down-may-2-2026-3am-et
"Bitcoin Up or Down - May 2, 3:15AM-3:30AM ET",Down,BUY,11,0.58,0x0d9b035d3c948b4f72de272d63ae4fc3d7781561a0af9803c08eba0c25c57488,2026-05-02 10:15:26,0x2fde5226150ce7cacd36ce000a91410b244cf7caa86dcb2a67beed7c420efb20,btc-updown-15m-1777706100
"Bitcoin Up or Down - May 2, 12:00AM-4:00AM ET",Down,BUY,9,0.83,0xd0bd5c46fefa54a75eec1d0aab99cfbb8c167d8271d7fed1b36ba47530509e86,2026-05-02 10:15:26,0x99d26f4cb4ddc38692846b10efde6824437adf34893c57401e0678728e4043e9,btc-updown-4h-1777694400
"Bitcoin Up or Down - May 2, 3:15AM-3:20AM ET",Down,BUY,42,0.6030809523809524,0xed676b0d3d56abe67dd17d35c897c38617a0939ebb23e84f98115334a3107ce2,2026-05-02 10:15:26,0x871c38fb3cbf39480e55edbc7b69d23a195418dd344bfd017a36081227958e87,btc-updown-5m-1777706100
"Bitcoin Up or Down - May 2, 3:15AM-3:20AM ET",Down,BUY,40,0.52375,0xed676b0d3d56abe67dd17d35c897c38617a0939ebb23e84f98115334a3107ce2,2026-05-02 10:15:26,0x79f0374d6fe39f16e81cdd60bbcc7be0611f9fb4069b16a645f91168d5aaecef,btc-updown-5m-1777706100
"Ethereum Up or Down - May 2, 3:15AM-3:20AM ET",Down,BUY,10,0.42,0xa2aa7ae7b482945a8270f4e315f949f351f1a245b857252b8ad0f8bf1a4cf707,2026-05-02 10:15:26,0xcfa39606082f23d45c659822aa9d005e3176fb8cb4167a47416f912c067b97a8,eth-updown-5m-1777706100
"Bitcoin Up or Down - May 2, 3AM ET",Down,BUY,5,0.57,0x55c488d9bc797ed51b27e101aac623df43457eb81d26e056eeeaa616b88e4f80,2026-05-02 10:15:26,0x693a02fc8b221ac28ecb043e7d62ec31b3d71184903c28c981f790f93725d7ce,bitcoin-up-or-down-may-2-2026-3am-et
"Ethereum Up or Down - May 2, 3:15AM-3:20AM ET",Down,BUY,10,0.41,0xa2aa7ae7b482945a8270f4e315f949f351f1a245b857252b8ad0f8bf1a4cf707,2026-05-02 10:15:26,0xdb58867d48ea9d3dca48b70ee397bf18601d08d1655ec8c52230c433329e9eba,eth-updown-5m-1777706100
"Ethereum Up or Down - May 2, 3:15AM-3:20AM ET",Down,BUY,10,0.41,0xa2aa7ae7b482945a8270f4e315f949f351f1a245b857252b8ad0f8bf1a4cf707,2026-05-02 10:15:22,0x0106c8b3fa74609c26103de891a17982ad54c051639940e15c605faf76c0de4a,eth-updown-5m-1777706100
"Bitcoin Up or Down - May 2, 3:15AM-3:30AM ET",Up,BUY,10,0.46,0x0d9b035d3c948b4f72de272d63ae4fc3d7781561a0af9803c08eba0c25c57488,2026-05-02 10:15:08,0xa1d0c9f5761885ed5affd445cf85ef0b87c0b069814c3576c8b8e28323c56cd7,btc-updown-15m-1777706100
"Bitcoin Up or Down - May 2, 3:15AM-3:20AM ET",Up,BUY,41,0.51,0xed676b0d3d56abe67dd17d35c897c38617a0939ebb23e84f98115334a3107ce2,2026-05-02 10:15:06,0x6e55d71f3072fa35e3a062a003e6b14fea334918605167abf70df95f2c269be2,btc-updown-5m-1777706100
"Bitcoin Up or Down - May 2, 3:15AM-3:20AM ET",Up,BUY,42,0.51,0xed676b0d3d56abe67dd17d35c897c38617a0939ebb23e84f98115334a3107ce2,2026-05-02 10:15:06,0xdc022d34778d60bb49dcdf384a11d0e921eccdccb5700a359701f9fede7d5699,btc-updown-5m-1777706100
"Bitcoin Up or Down - May 2, 3AM ET",Up,BUY,5,0.43,0x55c488d9bc797ed51b27e101aac623df43457eb81d26e056eeeaa616b88e4f80,2026-05-02 10:15:06,0xa99d705a7ddcf9b2fe3878497cd9e0a185afb1fbcf4234bfa98386df0bcf186c,bitcoin-up-or-down-may-2-2026-3am-et
"Bitcoin Up or Down - May 2, 3:15AM-3:30AM ET",Up,BUY,10,0.45,0x0d9b035d3c948b4f72de272d63ae4fc3d7781561a0af9803c08eba0c25c57488,2026-05-02 10:15:06,0xaaf6ab1b384ac762ee49c8f5d0dfb7dad95eddf91d020de1ea7ae0ce750c66e8,btc-updown-15m-1777706100
"Bitcoin Up or Down - May 2, 3:10AM-3:15AM ET",Down,BUY,52.41,0.51,0xa90c4c3d199a51b08495e1f933ad0913d489d40ed0642c1bbcde32b3c0418961,2026-05-02 10:15:02,0x7f4e9b72ea85ac50acbdd1ae2dbea90453078f4551024a408aa5c435b2d30a24,btc-updown-5m-1777705800
"Bitcoin Up or Down - May 2, 3:10AM-3:15AM ET",Down,BUY,13,0.87,0xa90c4c3d199a51b08495e1f933ad0913d489d40ed0642c1bbcde32b3c0418961,2026-05-02 10:14:54,0xc7497f27de330c07617bcc47274765b047f4be5934b329289bb23a3ffa58edd9,btc-updown-5m-1777705800
"Bitcoin Up or Down - May 2, 3:10AM-3:15AM ET",Up,BUY,58,0.20513965517241378,0xa90c4c3d199a51b08495e1f933ad0913d489d40ed0642c1bbcde32b3c0418961,2026-05-02 10:14:40,0xc5e2fe845c4e15397e33c75b1a6e1c518c914505100da6beebade2118935231b,btc-updown-5m-1777705800
"Bitcoin Up or Down - May 2, 3:00AM-3:15AM ET",Up,BUY,15.63,0.12319897632757518,0x1d355a79b2ff9fb2e4881eddbac90d02dc60b94f438d29cd24981815465ebe68,2026-05-02 10:14:40,0xbbdfefd6f6bd3a48146242b57b7d89285524ce85192f5f0266bb9a61615d6a82,btc-updown-15m-1777705200
"Ethereum Up or Down - May 2, 3:10AM-3:15AM ET",Down,BUY,26,0.8695961538461539,0x0d8dd72a173b61368fdf809ffbc5862274ab7151b20cbdf74ed073b7d821c3ef,2026-05-02 10:13:58,0xa83307c880e31cf7b70b5226bcef2ad4d9fd4aeab0c8da8b3050f590cac06afb,eth-updown-5m-1777705800
"Ethereum Up or Down - May 2, 3:10AM-3:15AM ET",Down,BUY,24,0.86,0x0d8dd72a173b61368fdf809ffbc5862274ab7151b20cbdf74ed073b7d821c3ef,2026-05-02 10:13:58,0x4a93e54307ae750f6c29de22c2a8391b02c13c96a41bfac03134ba3ae2a90096,eth-updown-5m-1777705800
"Bitcoin Up or Down - May 2, 3:00AM-3:15AM ET",Down,BUY,13,0.68,0x1d355a79b2ff9fb2e4881eddbac90d02dc60b94f438d29cd24981815465ebe68,2026-05-02 10:13:54,0x2ecc4080387ea7154f3ea9b32169757dca3a89e34eba0117406b8f81db78cecd,btc-updown-15m-1777705200
"Bitcoin Up or Down - May 2, 3:00AM-3:15AM ET",Down,BUY,12,0.68,0x1d355a79b2ff9fb2e4881eddbac90d02dc60b94f438d29cd24981815465ebe68,2026-05-02 10:13:54,0xf55bd3889237e7eebec145f17246295419246ab2c7841b65acf75ff4f78f3af2,btc-updown-15m-1777705200
"Bitcoin Up or Down - May 2, 3:10AM-3:15AM ET",Down,BUY,50,0.687376,0xa90c4c3d199a51b08495e1f933ad0913d489d40ed0642c1bbcde32b3c0418961,2026-05-02 10:13:54,0x16d19a4e94393c715e4d9e385168cf4221131fa3e1c9afbd36c0969816872fad,btc-updown-5m-1777705800
"Bitcoin Up or Down - May 2, 3:10AM-3:15AM ET",Down,BUY,46,0.6531695652173913,0xa90c4c3d199a51b08495e1f933ad0913d489d40ed0642c1bbcde32b3c0418961,2026-05-02 10:13:54,0x4f56bd61aaf1f092cd8d7543a426f1b4b6ff28f946106a50859f61d9cfd7e78a,btc-updown-5m-1777705800
"Bitcoin Up or Down - May 2, 3:00AM-3:15AM ET",Down,BUY,12,0.66,0x1d355a79b2ff9fb2e4881eddbac90d02dc60b94f438d29cd24981815465ebe68,2026-05-02 10:13:32,0xc973b412a308c412f6f76b35638188285a58f9b108b3f81d8871be878c6f2dc0,btc-updown-15m-1777705200
"Bitcoin Up or Down - May 2, 3:10AM-3:15AM ET",Down,BUY,45,0.59,0xa90c4c3d199a51b08495e1f933ad0913d489d40ed0642c1bbcde32b3c0418961,2026-05-02 10:13:30,0x6224255b04a311493e11d6d92eb1d8568594a79bc3bb0fc500bbeb460ac32f0e,btc-updown-5m-1777705800
"Bitcoin Up or Down - May 2, 3:10AM-3:15AM ET",Up,BUY,41,0.4,0xa90c4c3d199a51b08495e1f933ad0913d489d40ed0642c1bbcde32b3c0418961,2026-05-02 10:13:28,0x5a0472def9e0704cd19658bc3c493f2af3c5604f65c582ed9c86470286fe1b81,btc-updown-5m-1777705800
"Bitcoin Up or Down - May 2, 3:10AM-3:15AM ET",Up,BUY,41,0.4,0xa90c4c3d199a51b08495e1f933ad0913d489d40ed0642c1bbcde32b3c0418961,2026-05-02 10:13:28,0xe656a310aa30f1e9fb74da0e43094a718599de44b43eda21f5a141d99b911032,btc-updown-5m-1777705800
"Bitcoin Up or Down - May 2, 3:10AM-3:15AM ET",Up,BUY,41,0.43714634146341463,0xa90c4c3d199a51b08495e1f933ad0913d489d40ed0642c1bbcde32b3c0418961,2026-05-02 10:13:26,0xd2c5cb37d782be4acecc2dfdfad0b4ace9c690fc6ab597e7b20c1c8542f768b7,btc-updown-5m-1777705800
"Bitcoin Up or Down - May 2, 3:00AM-3:15AM ET",Up,BUY,11,0.33,0x1d355a79b2ff9fb2e4881eddbac90d02dc60b94f438d29cd24981815465ebe68,2026-05-02 10:13:26,0x9b4cdef5b61c4841d53171bf321b8d39060a793d39d867d8afe5a153cdd93e23,btc-updown-15m-1777705200
"Bitcoin Up or Down - May 2, 3:10AM-3:15AM ET",Up,BUY,40,0.44,0xa90c4c3d199a51b08495e1f933ad0913d489d40ed0642c1bbcde32b3c0418961,2026-05-02 10:13:26,0xf279be299f1d7d0459ad782c3e7c38eb18bff2a78499bd8c63b696d2eab6e469,btc-updown-5m-1777705800
"Bitcoin Up or Down - May 2, 3:10AM-3:15AM ET",Up,BUY,40,0.44898,0xa90c4c3d199a51b08495e1f933ad0913d489d40ed0642c1bbcde32b3c0418961,2026-05-02 10:13:24,0x5aea02b65d05b4c7d437b39705db5c847a72bacdec23ddd35cc40699ac604ade,btc-updown-5m-1777705800
"Bitcoin Up or Down - May 2, 3:00AM-3:15AM ET",Up,BUY,11,0.33,0x1d355a79b2ff9fb2e4881eddbac90d02dc60b94f438d29cd24981815465ebe68,2026-05-02 10:13:24,0x02fa0e9d2ac9b46738ee3d055716bd28777542c8a26d41dc630c1e9b48ca2640,btc-updown-15m-1777705200
"Bitcoin Up or Down - May 2, 3:00AM-3:15AM ET",Up,BUY,11,0.33,0x1d355a79b2ff9fb2e4881eddbac90d02dc60b94f438d29cd24981815465ebe68,2026-05-02 10:13:24,0x67583f634372fd1cc6430b033f0bc829bf6fb31683e8882f4ee628c6435d99b1,btc-updown-15m-1777705200
"Bitcoin Up or Down - May 2, 3:00AM-3:15AM ET",Up,BUY,11,0.33,0x1d355a79b2ff9fb2e4881eddbac90d02dc60b94f438d29cd24981815465ebe68,2026-05-02 10:13:24,0x5dc1d5c7ce26d07f6a7d02dfa407888284150039525053636de85fc3b4a82431,btc-updown-15m-1777705200
"Bitcoin Up or Down - May 2, 3AM ET",Up,BUY,5,0.39,0x55c488d9bc797ed51b27e101aac623df43457eb81d26e056eeeaa616b88e4f80,2026-05-02 10:13:24,0x667a72e098a1149669016556bd2ded90048b77100aea4085e1e435a6b4216a61,bitcoin-up-or-down-may-2-2026-3am-et
"Bitcoin Up or Down - May 2, 3:10AM-3:15AM ET",Up,BUY,40,0.43,0xa90c4c3d199a51b08495e1f933ad0913d489d40ed0642c1bbcde32b3c0418961,2026-05-02 10:13:24,0x3b88cdca9edf09205ef8f05e101e6e5dde0cd66a440fe93979a64f942f35adcc,btc-updown-5m-1777705800
"Bitcoin Up or Down - May 2, 3:00AM-3:15AM ET",Up,BUY,11,0.33,0x1d355a79b2ff9fb2e4881eddbac90d02dc60b94f438d29cd24981815465ebe68,2026-05-02 10:13:24,0x28220a2c505f2ecb845bb64c853568ab0b4451b12e534e9838d33b1a7b8cf0e3,btc-updown-15m-1777705200
"Bitcoin Up or Down - May 2, 3:00AM-3:15AM ET",Up,BUY,13,0.26,0x1d355a79b2ff9fb2e4881eddbac90d02dc60b94f438d29cd24981815465ebe68,2026-05-02 10:13:24,0x1aeedbccb9bd6c774774808f76878928b1131160b27ebd75c076133636974dbb,btc-updown-15m-1777705200
"Ethereum Up or Down - May 2, 3:10AM-3:15AM ET",Down,BUY,13,0.73,0x0d8dd72a173b61368fdf809ffbc5862274ab7151b20cbdf74ed073b7d821c3ef,2026-05-02 10:13:16,0x0362e7a19deae8ca2f196571cd128bb340a66063cb641779ac65de59136755c5,eth-updown-5m-1777705800
"Ethereum Up or Down - May 2, 3:10AM-3:15AM ET",Up,BUY,14,0.19467142857142858,0x0d8dd72a173b61368fdf809ffbc5862274ab7151b20cbdf74ed073b7d821c3ef,2026-05-02 10:13:10,0x12956905f2994a515f47b3fd5d9ec2728fb6ff82ccd804bf7696b3c8b9c6a8dc,eth-updown-5m-1777705800
"Ethereum Up or Down - May 2, 3:10AM-3:15AM ET",Up,BUY,14,0.15428571428571428,0x0d8dd72a173b61368fdf809ffbc5862274ab7151b20cbdf74ed073b7d821c3ef,2026-05-02 10:13:08,0x41ac4a1a9b2a1444a24e8984353313798b9bd8799e9553daeb5e8b65286a6881,eth-updown-5m-1777705800
"Ethereum Up or Down - May 2, 3:10AM-3:15AM ET",Up,BUY,15,0.15,0x0d8dd72a173b61368fdf809ffbc5862274ab7151b20cbdf74ed073b7d821c3ef,2026-05-02 10:13:08,0x55a3217b274c31d8102163c0db5bc1f4eecb7c509d390b68fd22e81037320197,eth-updown-5m-1777705800
"Bitcoin Up or Down - May 2, 3:10AM-3:15AM ET",Up,BUY,20,0.315,0xa90c4c3d199a51b08495e1f933ad0913d489d40ed0642c1bbcde32b3c0418961,2026-05-02 10:12:36,0x17d3c2c6f77a9dc256c94e90b6dd2a2db1a7ba3429a8ec1568d14ca0b47f6b01,btc-updown-5m-1777705800
"Bitcoin Up or Down - May 2, 3:00AM-3:15AM ET",Up,BUY,13,0.23356923076923078,0x1d355a79b2ff9fb2e4881eddbac90d02dc60b94f438d29cd24981815465ebe68,2026-05-02 10:12:36,0x316434080eb4bb867e2ec1c9dc80ccf874af23c669ba04b333803c91497cc60b,btc-updown-15m-1777705200
"Bitcoin Up or Down - May 2, 3:00AM-3:15AM ET",Up,BUY,14,0.22977142857142857,0x1d355a79b2ff9fb2e4881eddbac90d02dc60b94f438d29cd24981815465ebe68,2026-05-02 10:12:36,0xc31d6e379d8eb9ed9e91c60056561fc7a70f20af0bee3590d8f8cc2c49b66cda,btc-updown-15m-1777705200
"Bitcoin Up or Down - May 2, 3:00AM-3:15AM ET",Up,BUY,15,0.21333333333333335,0x1d355a79b2ff9fb2e4881eddbac90d02dc60b94f438d29cd24981815465ebe68,2026-05-02 10:12:30,0x0d147577843c62c657da0b0041a0eb1482a014a75bf959759436dbeb839531d3,btc-updown-15m-1777705200
"Bitcoin Up or Down - May 2, 3:10AM-3:15AM ET",Up,BUY,43,0.36543023255813956,0xa90c4c3d199a51b08495e1f933ad0913d489d40ed0642c1bbcde32b3c0418961,2026-05-02 10:12:30,0x16d78279de869d0c3fd2344b5f6757814afc0b98f68dfd784afd447455436a36,btc-updown-5m-1777705800
"Bitcoin Up or Down - May 2, 3:10AM-3:15AM ET",Down,BUY,50,0.75,0xa90c4c3d199a51b08495e1f933ad0913d489d40ed0642c1bbcde32b3c0418961,2026-05-02 10:12:06,0x5cba69b12a8642f6131bca8458af77f83b26ad7c6ad92ef3c951738b5a853c43,btc-updown-5m-1777705800
"Bitcoin Up or Down - May 2, 3AM ET",Down,BUY,5,0.608,0x55c488d9bc797ed51b27e101aac623df43457eb81d26e056eeeaa616b88e4f80,2026-05-02 10:12:04,0x29a4981fa5954cd1f8a0d5e30b05417834572312483a16c177fd3849a8649822,bitcoin-up-or-down-may-2-2026-3am-et
"Bitcoin Up or Down - May 2, 3:00AM-3:15AM ET",Down,BUY,16,0.75,0x1d355a79b2ff9fb2e4881eddbac90d02dc60b94f438d29cd24981815465ebe68,2026-05-02 10:12:04,0x6f3c664cd9b44eab6adb369ca40b19a647099b61ac97312a9690af8ffca3e3fb,btc-updown-15m-1777705200
"Bitcoin Up or Down - May 2, 3AM ET",Down,BUY,5,0.6,0x55c488d9bc797ed51b27e101aac623df43457eb81d26e056eeeaa616b88e4f80,2026-05-02 10:12:04,0x392772834f818f29b53a1f60d365157606f848765927ffbeb4d5f6f7c1dd4624,bitcoin-up-or-down-may-2-2026-3am-et
"Bitcoin Up or Down - May 2, 3:00AM-3:15AM ET",Down,BUY,15,0.75,0x1d355a79b2ff9fb2e4881eddbac90d02dc60b94f438d29cd24981815465ebe68,2026-05-02 10:12:04,0x1806ae7434a38c16246478e828b777e199987fe49b4fda9749e82d919f1e2e31,btc-updown-15m-1777705200
"Bitcoin Up or Down - May 2, 3:00AM-3:15AM ET",Down,BUY,5,0.65,0x1d355a79b2ff9fb2e4881eddbac90d02dc60b94f438d29cd24981815465ebe68,2026-05-02 10:12:04,0x6c6b0bd4398a5a1e696cdd64ac449933e146ad32dc94c015301c1164cf1dc2d0,btc-updown-15m-1777705200
"Bitcoin Up or Down - May 2, 3AM ET",Down,BUY,5,0.61,0x55c488d9bc797ed51b27e101aac623df43457eb81d26e056eeeaa616b88e4f80,2026-05-02 10:12:04,0x65f44a5c0bbdece9cede8cfe2e07c68fbc21d28acead8751c8dce1915bdba650,bitcoin-up-or-down-may-2-2026-3am-et
"Bitcoin Up or Down - May 2, 3:00AM-3:15AM ET",Down,BUY,28,0.7783714285714286,0x1d355a79b2ff9fb2e4881eddbac90d02dc60b94f438d29cd24981815465ebe68,2026-05-02 10:12:04,0x4bab2252efe64f2237dc313b3145b340078b9ac7250767009e22ad5a81e60b0b,btc-updown-15m-1777705200
"Ethereum Up or Down - May 2, 3:10AM-3:15AM ET",Down,BUY,1.57,0.7,0x0d8dd72a173b61368fdf809ffbc5862274ab7151b20cbdf74ed073b7d821c3ef,2026-05-02 10:11:54,0x131b0762cf96f2fd8db70ae86efdc621ef8f53d3585421283e3f0e716c2a2298,eth-updown-5m-1777705800
"Bitcoin Up or Down - May 2, 3:00AM-3:15AM ET",Down,BUY,10,0.56729,0x1d355a79b2ff9fb2e4881eddbac90d02dc60b94f438d29cd24981815465ebe68,2026-05-02 10:11:34,0xd7a822bab780b496fa8f7007682e3be618c7298e7bba5f8edb0d823ac93e43a5,btc-updown-15m-1777705200
"Bitcoin Up or Down - May 2, 3:10AM-3:15AM ET",Down,BUY,41,0.51,0xa90c4c3d199a51b08495e1f933ad0913d489d40ed0642c1bbcde32b3c0418961,2026-05-02 10:11:32,0x3200b21372daa2079840de7c11cb5771acaefa80b4f30d1b311dc164fce2c010,btc-updown-5m-1777705800
"Bitcoin Up or Down - May 2, 3:10AM-3:15AM ET",Down,BUY,40,0.5101125,0xa90c4c3d199a51b08495e1f933ad0913d489d40ed0642c1bbcde32b3c0418961,2026-05-02 10:11:32,0x15f7446a34302eccd1e7ad5f21cad48b9c8167ac4e1eaf2712abb1713fc8dff4,btc-updown-5m-1777705800
"Bitcoin Up or Down - May 2, 3:00AM-3:15AM ET",Down,BUY,11,0.56,0x1d355a79b2ff9fb2e4881eddbac90d02dc60b94f438d29cd24981815465ebe68,2026-05-02 10:11:32,0xa5a73626f01f01d39dfcf85f5b0d8573e73dbfc4deecf82c7730c7ea9639c0b9,btc-updown-15m-1777705200
"Bitcoin Up or Down - May 2, 3:00AM-3:15AM ET",Down,BUY,10,0.56,0x1d355a79b2ff9fb2e4881eddbac90d02dc60b94f438d29cd24981815465ebe68,2026-05-02 10:11:32,0x9cb61625008c70f78b48e1baf0ed887503a33ea13f67a121d3927b99936fbe7e,btc-updown-15m-1777705200
"Bitcoin Up or Down - May 2, 3:10AM-3:15AM ET",Down,BUY,40,0.51,0xa90c4c3d199a51b08495e1f933ad0913d489d40ed0642c1bbcde32b3c0418961,2026-05-02 10:11:32,0x5e37ca85a2bfc74dab1355ff901a2e6c272dfd91df4342e8f277164fc2493c43,btc-updown-5m-1777705800
"Ethereum Up or Down - May 2, 3:10AM-3:15AM ET",Down,BUY,11,0.5843,0x0d8dd72a173b61368fdf809ffbc5862274ab7151b20cbdf74ed073b7d821c3ef,2026-05-02 10:11:30,0x9ea5721f6bb441984d63b9d344ab928d40670c07287439f5b4ca45182b06b460,eth-updown-5m-1777705800
"Ethereum Up or Down - May 2, 3:10AM-3:15AM ET",Up,BUY,10,0.42,0x0d8dd72a173b61368fdf809ffbc5862274ab7151b20cbdf74ed073b7d821c3ef,2026-05-02 10:11:18,0x725f702b9d6351224e96cbe0db5678b059924484b6ef58cb001f74ff3172a854,eth-updown-5m-1777705800
"Bitcoin Up or Down - May 2, 3:10AM-3:15AM ET",Up,BUY,43,0.55,0xa90c4c3d199a51b08495e1f933ad0913d489d40ed0642c1bbcde32b3c0418961,2026-05-02 10:11:18,0xadefa5e7e9197eb30f0e5575346dfd7b4c3e01bc8a54382fe568fda359796442,btc-updown-5m-1777705800
"Ethereum Up or Down - May 2, 3:10AM-3:15AM ET",Up,BUY,10,0.42,0x0d8dd72a173b61368fdf809ffbc5862274ab7151b20cbdf74ed073b7d821c3ef,2026-05-02 10:11:18,0xa338a71f9316c904b6a4410f0861162c77613527d8bb26a99d3912a67dace5a5,eth-updown-5m-1777705800
"Bitcoin Up or Down - May 2, 3:00AM-3:15AM ET",Up,BUY,10,0.43,0x1d355a79b2ff9fb2e4881eddbac90d02dc60b94f438d29cd24981815465ebe68,2026-05-02 10:11:16,0x3869e4c14572291ee13dd37f4302bfe2caeb2e5c61030328db5d9f67e27c7497,btc-updown-15m-1777705200
"Bitcoin Up or Down - May 2, 3:10AM-3:15AM ET",Up,BUY,41,0.5402341463414634,0xa90c4c3d199a51b08495e1f933ad0913d489d40ed0642c1bbcde32b3c0418961,2026-05-02 10:11:06,0xb2f8944fc147b4a391654e336b06ef4fe60084701b81cb4a71bb89b2bd85ef12,btc-updown-5m-1777705800
"Bitcoin Up or Down - May 2, 3:10AM-3:15AM ET",Up,BUY,41,0.5400585365853658,0xa90c4c3d199a51b08495e1f933ad0913d489d40ed0642c1bbcde32b3c0418961,2026-05-02 10:11:06,0x903a756e7f04c9e9b1b530338e9bda7ae952a25452b7091a9d72ecb39bfa7302,btc-updown-5m-1777705800
"Bitcoin Up or Down - May 2, 3:10AM-3:15AM ET",Up,BUY,40,0.5211,0xa90c4c3d199a51b08495e1f933ad0913d489d40ed0642c1bbcde32b3c0418961,2026-05-02 10:11:06,0x814fcc6430b32b65620845da5edf32ac477fb1ffbda0b2cd625d443f91d28ac3,btc-updown-5m-1777705800
"Ethereum Up or Down - May 2, 3:10AM-3:15AM ET",Up,BUY,11,0.34,0x0d8dd72a173b61368fdf809ffbc5862274ab7151b20cbdf74ed073b7d821c3ef,2026-05-02 10:11:06,0xd73493489dfa00cbfa44f5e77c4715b5b712950e0a450efd822b301f55738ffd,eth-updown-5m-1777705800
"Bitcoin Up or Down - May 2, 3:00AM-3:15AM ET",Up,BUY,10,0.43,0x1d355a79b2ff9fb2e4881eddbac90d02dc60b94f438d29cd24981815465ebe68,2026-05-02 10:11:06,0x8a30b8f72f85652a69e73a5c134c1402ec71958d149b854a57680c5de91f56b9,btc-updown-15m-1777705200
"Bitcoin Up or Down - May 2, 3:00AM-3:15AM ET",Up,BUY,10,0.41,0x1d355a79b2ff9fb2e4881eddbac90d02dc60b94f438d29cd24981815465ebe68,2026-05-02 10:11:06,0x5bdbce80c0ddf6f89625d70d641c6709149e5b70351ad5d3e2bf6350d7944ad0,btc-updown-15m-1777705200
"Bitcoin Up or Down - May 2, 3AM ET",Up,BUY,5,0.41,0x55c488d9bc797ed51b27e101aac623df43457eb81d26e056eeeaa616b88e4f80,2026-05-02 10:11:06,0xdef05ac4702f6b798a09a10026dfc46c52916daabc175343f4709b04ceab567b,bitcoin-up-or-down-may-2-2026-3am-et
"Bitcoin Up or Down - May 2, 3:00AM-3:15AM ET",Up,BUY,10,0.42,0x1d355a79b2ff9fb2e4881eddbac90d02dc60b94f438d29cd24981815465ebe68,2026-05-02 10:11:06,0x4c993d350198f897b7804fc43ae0b623d1582daaafc81a1f7ef86353070763c3,btc-updown-15m-1777705200
"Bitcoin Up or Down - May 2, 3AM ET",Up,BUY,5,0.41,0x55c488d9bc797ed51b27e101aac623df43457eb81d26e056eeeaa616b88e4f80,2026-05-02 10:11:06,0xc96785ac51e8a4394edd2b5605fbea479c92efaaf2236dea8a19509e7139be91,bitcoin-up-or-down-may-2-2026-3am-et
"Bitcoin Up or Down - May 2, 3:10AM-3:15AM ET",Up,BUY,13.52,0.5,0xa90c4c3d199a51b08495e1f933ad0913d489d40ed0642c1bbcde32b3c0418961,2026-05-02 10:11:06,0x53c95196a76fe392954b42202886d2baa2fc269a5ba334da7f532f2ef6e89b64,btc-updown-5m-1777705800
"Bitcoin Up or Down - May 2, 3AM ET",Up,BUY,5,0.41,0x55c488d9bc797ed51b27e101aac623df43457eb81d26e056eeeaa616b88e4f80,2026-05-02 10:11:06,0x5aa8150a1faf0b9dd7cb8deaeb97f02e730954816397a77f7c1fc86b96a65320,bitcoin-up-or-down-may-2-2026-3am-et
"Bitcoin Up or Down - May 2, 3:10AM-3:15AM ET",Up,BUY,29.98,0.4037424949966644,0xa90c4c3d199a51b08495e1f933ad0913d489d40ed0642c1bbcde32b3c0418961,2026-05-02 10:11:04,0xb845fe1f62953ce6b497d1a5cfa09c3b47452f9c7ed4bb06a05e01c1b8fc0c4d,btc-updown-5m-1777705800
"Ethereum Up or Down - May 2, 3:10AM-3:15AM ET",Down,BUY,16,0.78,0x0d8dd72a173b61368fdf809ffbc5862274ab7151b20cbdf74ed073b7d821c3ef,2026-05-02 10:10:42,0xdb7f1ec07da9eb8eed2705e075a9a8d2556c05586cb0aa5862d39190638076fa,eth-updown-5m-1777705800
"Ethereum Up or Down - May 2, 3:10AM-3:15AM ET",Down,BUY,15,0.78,0x0d8dd72a173b61368fdf809ffbc5862274ab7151b20cbdf74ed073b7d821c3ef,2026-05-02 10:10:38,0x931ffc34da2077fc7b3aa35102de103bcf7d51466caebddebf1634e2b160ff05,eth-updown-5m-1777705800
"Ethereum Up or Down - May 2, 3:10AM-3:15AM ET",Up,BUY,14,0.23,0x0d8dd72a173b61368fdf809ffbc5862274ab7151b20cbdf74ed073b7d821c3ef,2026-05-02 10:10:38,0x6a2576c5840deb5fd779eadd9d7333ed979344f42369469e1c9ea39aa57e4f3a,eth-updown-5m-1777705800
"Ethereum Up or Down - May 2, 3:10AM-3:15AM ET",Up,BUY,12,0.23,0x0d8dd72a173b61368fdf809ffbc5862274ab7151b20cbdf74ed073b7d821c3ef,2026-05-02 10:10:38,0xeef1151c5063865cdf8444e0ddc0c62bb62ae89de63beec1300b2f45c80ffa40,eth-updown-5m-1777705800
"Bitcoin Up or Down - May 2, 3AM ET",Down,BUY,5,0.6,0x55c488d9bc797ed51b27e101aac623df43457eb81d26e056eeeaa616b88e4f80,2026-05-02 10:10:38,0x7ab6edacc41a3a9455ea605e31ae9c50615cf432aa815749e839f7284fe3d617,bitcoin-up-or-down-may-2-2026-3am-et
"Bitcoin Up or Down - May 2, 3:10AM-3:15AM ET",Down,BUY,40,0.45,0xa90c4c3d199a51b08495e1f933ad0913d489d40ed0642c1bbcde32b3c0418961,2026-05-02 10:10:38,0x3d1918ff0bc2fa958eb8db67ae5fab38de8518d31f95777fa7979f9c5be806d0,btc-updown-5m-1777705800
"Bitcoin Up or Down - May 2, 3:10AM-3:15AM ET",Down,BUY,40,0.45,0xa90c4c3d199a51b08495e1f933ad0913d489d40ed0642c1bbcde32b3c0418961,2026-05-02 10:10:38,0x6902be4377e4d3c99a8c01f46ef03b035e43662d4429ed40428f98022de4fe8e,btc-updown-5m-1777705800
"Bitcoin Up or Down - May 2, 3:10AM-3:15AM ET",Down,BUY,41,0.5078609756097561,0xa90c4c3d199a51b08495e1f933ad0913d489d40ed0642c1bbcde32b3c0418961,2026-05-02 10:10:38,0x4914f64ad8b9f32af543f5c23c4ebed982dfd47c75a10be54976bb19c65d6a80,btc-updown-5m-1777705800
"Bitcoin Up or Down - May 2, 3:00AM-3:15AM ET",Down,BUY,13,0.63,0x1d355a79b2ff9fb2e4881eddbac90d02dc60b94f438d29cd24981815465ebe68,2026-05-02 10:10:38,0x068fed1ec94a380f1b619ac8a67023cd20266d20bcf4adf8d05b7e5a57d1f773,btc-updown-15m-1777705200
"Ethereum Up or Down - May 2, 3:10AM-3:15AM ET",Down,BUY,11.42,0.75,0x0d8dd72a173b61368fdf809ffbc5862274ab7151b20cbdf74ed073b7d821c3ef,2026-05-02 10:10:38,0x6644b64d9898994dbee85822fe6e42f166c781fdcff2d40c2998560fec7ee1df,eth-updown-5m-1777705800
"Bitcoin Up or Down - May 2, 3:10AM-3:15AM ET",Down,BUY,40,0.5,0xa90c4c3d199a51b08495e1f933ad0913d489d40ed0642c1bbcde32b3c0418961,2026-05-02 10:10:38,0x8fdece2298b6d09317c44235a9ebd64f1c90e1bc2962809185b34dc1dda6ea04,btc-updown-5m-1777705800
"Bitcoin Up or Down - May 2, 3:00AM-3:15AM ET",Down,BUY,12,0.63,0x1d355a79b2ff9fb2e4881eddbac90d02dc60b94f438d29cd24981815465ebe68,2026-05-02 10:10:38,0xb07e5ea0a2e123910da3d97b7d079d3152b0709e72879f8b491da1c339e4c846,btc-updown-15m-1777705200
"Bitcoin Up or Down - May 2, 3:10AM-3:15AM ET",Down,BUY,40,0.49,0xa90c4c3d199a51b08495e1f933ad0913d489d40ed0642c1bbcde32b3c0418961,2026-05-02 10:10:38,0xb8d9675acbcb2d2ed731c6d81dedbfa625d7b2e75c25eb57284c77d56be61ec2,btc-updown-5m-1777705800
"Bitcoin Up or Down - May 2, 3:00AM-3:15AM ET",Down,BUY,11,0.62,0x1d355a79b2ff9fb2e4881eddbac90d02dc60b94f438d29cd24981815465ebe68,2026-05-02 10:10:38,0x1620086759965bc1f7e7101d659568a3b2db60c9a3db3d95f9ca87a3153d83d3,btc-updown-15m-1777705200
"Bitcoin Up or Down - May 2, 3:00AM-3:15AM ET",Down,BUY,11,0.62,0x1d355a79b2ff9fb2e4881eddbac90d02dc60b94f438d29cd24981815465ebe68,2026-05-02 10:10:38,0x30090e60465820d0f164c5f1337e8704df374ce93f78c63d99676a7494f33cd9,btc-updown-15m-1777705200
"Bitcoin Up or Down - May 2, 3:10AM-3:15AM ET",Down,BUY,40,0.44603,0xa90c4c3d199a51b08495e1f933ad0913d489d40ed0642c1bbcde32b3c0418961,2026-05-02 10:10:36,0xd04c13445e622420522596caf106a1dc7479dcd430dbcbfa252a08971b23ee3e,btc-updown-5m-1777705800
"Bitcoin Up or Down - May 2, 3:00AM-3:15AM ET",Down,BUY,11,0.62,0x1d355a79b2ff9fb2e4881eddbac90d02dc60b94f438d29cd24981815465ebe68,2026-05-02 10:10:36,0x0d408f5e194f8ac946bbf53a92cc6284361298c300c112c1bb41dbb36a5eee71,btc-updown-15m-1777705200
"Ethereum Up or Down - May 2, 3:10AM-3:15AM ET",Down,BUY,11,0.6426272727272727,0x0d8dd72a173b61368fdf809ffbc5862274ab7151b20cbdf74ed073b7d821c3ef,2026-05-02 10:10:12,0xc1efde3cd159e7d964524e57d29aa158be744555019b19da5956b8fa69f3b0f7,eth-updown-5m-1777705800
"Bitcoin Up or Down - May 2, 3:00AM-3:15AM ET",Down,BUY,10,0.57,0x1d355a79b2ff9fb2e4881eddbac90d02dc60b94f438d29cd24981815465ebe68,2026-05-02 10:10:08,0x0dfc1eaa994fcc333a4610d5b624b3c3b67ef1ca532379a04fdf221275ea6d01,btc-updown-15m-1777705200
"Bitcoin Up or Down - May 2, 3:10AM-3:15AM ET",Down,BUY,41,0.4291756097560976,0xa90c4c3d199a51b08495e1f933ad0913d489d40ed0642c1bbcde32b3c0418961,2026-05-02 10:10:08,0x52cd10b69fc97e1d84ac0e0bfd5c589e7f4815c8fa037f64edd45c96183740bd,btc-updown-5m-1777705800
"Ethereum Up or Down - May 2, 3:10AM-3:15AM ET",Down,BUY,11,0.61,0x0d8dd72a173b61368fdf809ffbc5862274ab7151b20cbdf74ed073b7d821c3ef,2026-05-02 10:10:06,0x1de0bf6e42336ce3aed9ad24b98db57e678f13e0407cc4524addee6b29f7683e,eth-updown-5m-1777705800
"Ethereum Up or Down - May 2, 3:10AM-3:15AM ET",Down,BUY,11,0.6,0x0d8dd72a173b61368fdf809ffbc5862274ab7151b20cbdf74ed073b7d821c3ef,2026-05-02 10:10:06,0xd31bd19c0ca343e43c781db6f64f4f7ef3518c5bf06c2a844794eaf7a2a57ef0,eth-updown-5m-1777705800
"Ethereum Up or Down - May 2, 3:10AM-3:15AM ET",Down,BUY,10,0.59289,0x0d8dd72a173b61368fdf809ffbc5862274ab7151b20cbdf74ed073b7d821c3ef,2026-05-02 10:10:06,0xc7f8a525d6edc61a32eca69fe01f45fee286e46c09750ad0be1d494f87f7fed5,eth-updown-5m-1777705800
"Ethereum Up or Down - May 2, 3:10AM-3:15AM ET",Down,BUY,11,0.6,0x0d8dd72a173b61368fdf809ffbc5862274ab7151b20cbdf74ed073b7d821c3ef,2026-05-02 10:10:06,0x9342e99ed6ba3dc223d4ae50ab9ca0bf6d24a59d5b9ed0b0e614a4971a28022b,eth-updown-5m-1777705800
"Bitcoin Up or Down - May 2, 3:00AM-3:15AM ET",Up,BUY,10,0.41,0x1d355a79b2ff9fb2e4881eddbac90d02dc60b94f438d29cd24981815465ebe68,2026-05-02 10:09:56,0x1120ea0afd6a0f2b4a636a9ff8696b1621cb2f3c0ea88834388a56417dfe96ac,btc-updown-15m-1777705200
"Ethereum Up or Down - May 2, 3:05AM-3:10AM ET",Up,BUY,4.5,0.65,0xeef28a81c0150548b8c85989a45e744939ef7b5adfa343774eada899aa30d4aa,2026-05-02 10:09:56,0x112d2ebf22e4c1494df281a04e3623c841674a31bc6d047859252b9aa2e77c4b,eth-updown-5m-1777705500
"Bitcoin Up or Down - May 2, 3:00AM-3:15AM ET",Down,BUY,10,0.57,0x1d355a79b2ff9fb2e4881eddbac90d02dc60b94f438d29cd24981815465ebe68,2026-05-02 10:09:40,0xa1183c408cc1c76325c954c4a01eb4d6ec4919ea2b07521ed41fc47ffc6a1ffd,btc-updown-15m-1777705200
"Bitcoin Up or Down - May 2, 3:05AM-3:10AM ET",Down,BUY,65,0.11855538461538462,0x5b00e02afffba9b7eb0e0d21d1c3a741aacf1c4a53f0d64b305f8e64a9f51d71,2026-05-02 10:09:40,0x0b59880b8225f2d783d308c83b8d733ca4cc5d03e151a1d722c58885d9e0553c,btc-updown-5m-1777705500
"Bitcoin Up or Down - May 2, 3:05AM-3:10AM ET",Down,BUY,83,0.11,0x5b00e02afffba9b7eb0e0d21d1c3a741aacf1c4a53f0d64b305f8e64a9f51d71,2026-05-02 10:09:40,0xb2d8d95962f13fde49f0df4987da5c97ac7d8a62fe0a87cb29249b8a3ee5577d,btc-updown-5m-1777705500
"Ethereum Up or Down - May 2, 3:05AM-3:10AM ET",Down,BUY,22,0.08,0xeef28a81c0150548b8c85989a45e744939ef7b5adfa343774eada899aa30d4aa,2026-05-02 10:09:36,0xbf45ea1c36b48773d06c629eb84eff3ef6a6e1fe2a7e59fa8c85b242d43b859c,eth-updown-5m-1777705500
"Ethereum Up or Down - May 2, 3:05AM-3:10AM ET",Down,BUY,28,0.08,0xeef28a81c0150548b8c85989a45e744939ef7b5adfa343774eada899aa30d4aa,2026-05-02 10:09:36,0xc9331b0655ef5d2baa858d54d863a5329fc47e7feb37b18ce26d4c045b4512b3,eth-updown-5m-1777705500
"Bitcoin Up or Down - May 2, 3:05AM-3:10AM ET",Down,BUY,68,0.13,0x5b00e02afffba9b7eb0e0d21d1c3a741aacf1c4a53f0d64b305f8e64a9f51d71,2026-05-02 10:09:36,0xb765d43321cca6e58ab3783a0b7540ab8acc1a52277e80bf68e47604b83156ca,btc-updown-5m-1777705500
"Ethereum Up or Down - May 2, 3:05AM-3:10AM ET",Down,BUY,22,0.08,0xeef28a81c0150548b8c85989a45e744939ef7b5adfa343774eada899aa30d4aa,2026-05-02 10:09:28,0x039ffb31837fb2b676b00fc56c29d2acdff784df809f7fcb3e4a8de68dd97b97,eth-updown-5m-1777705500
"Ethereum Up or Down - May 2, 3:05AM-3:10AM ET",Up,BUY,34,0.91,0xeef28a81c0150548b8c85989a45e744939ef7b5adfa343774eada899aa30d4aa,2026-05-02 10:09:26,0xcead1366c13f3e3f24bdb4d19f161ad4d947657b9f6c964ec058b77f7e2a6be3,eth-updown-5m-1777705500
"Ethereum Up or Down - May 2, 3:05AM-3:10AM ET",Up,BUY,28,0.88,0xeef28a81c0150548b8c85989a45e744939ef7b5adfa343774eada899aa30d4aa,2026-05-02 10:09:18,0x045c6e801ec1295d7017e6cab7b7d8125a04796ef8f6336ff6d15339fe384bc7,eth-updown-5m-1777705500
"Ethereum Up or Down - May 2, 3:05AM-3:10AM ET",Up,BUY,6.67,0.85,0xeef28a81c0150548b8c85989a45e744939ef7b5adfa343774eada899aa30d4aa,2026-05-02 10:09:18,0x96ecad353b253ae8a20e4c35a6e38c2255465d9ea7ebb5a3bec9cb6bd2f7076d,eth-updown-5m-1777705500
"Bitcoin Up or Down - May 2, 3:05AM-3:10AM ET",Down,BUY,46.06,0.23681719496309162,0x5b00e02afffba9b7eb0e0d21d1c3a741aacf1c4a53f0d64b305f8e64a9f51d71,2026-05-02 10:09:06,0x04ca36a80e75b64a3f680e7b25e28930c815c15782347225268e836ef89ba28b,btc-updown-5m-1777705500
"Bitcoin Up or Down - May 2, 3:05AM-3:10AM ET",Up,BUY,33.99,0.7682994998528979,0x5b00e02afffba9b7eb0e0d21d1c3a741aacf1c4a53f0d64b305f8e64a9f51d71,2026-05-02 10:09:00,0xf3a62bf227dd8d08c2dab7ff3917d6b5f72a0cc3df4056e44e2fa371b19fc318,btc-updown-5m-1777705500
"Bitcoin Up or Down - May 2, 3:00AM-3:15AM ET",Up,BUY,10,0.48,0x1d355a79b2ff9fb2e4881eddbac90d02dc60b94f438d29cd24981815465ebe68,2026-05-02 10:08:58,0x344ea9971018e84763aa2089c4a23c393701a1efc5d483b86480748cac98d417,btc-updown-15m-1777705200
"Bitcoin Up or Down - May 2, 3AM ET",Up,BUY,5,0.44,0x55c488d9bc797ed51b27e101aac623df43457eb81d26e056eeeaa616b88e4f80,2026-05-02 10:08:58,0x7264decf1c6f696b73e073ef6ff1adefae4c1daed7c5dca1c25f68c6fdd5aecc,bitcoin-up-or-down-may-2-2026-3am-et
"Ethereum Up or Down - May 2, 3:05AM-3:10AM ET",Up,BUY,13,0.74,0xeef28a81c0150548b8c85989a45e744939ef7b5adfa343774eada899aa30d4aa,2026-05-02 10:08:58,0x113ce54745b9c95ff07a0a23c34309cc414e8779a2a6275f503903a392b9548a,eth-updown-5m-1777705500
"Bitcoin Up or Down - May 2, 3:00AM-3:15AM ET",Up,BUY,10,0.48,0x1d355a79b2ff9fb2e4881eddbac90d02dc60b94f438d29cd24981815465ebe68,2026-05-02 10:08:58,0xbf9b6fff01d602f62722cce5a0435083ebf4a9a34b2586ac256b1d34c5bd5f11,btc-updown-15m-1777705200
"Ethereum Up or Down - May 2, 3:05AM-3:10AM ET",Up,BUY,0.72,0.61,0xeef28a81c0150548b8c85989a45e744939ef7b5adfa343774eada899aa30d4aa,2026-05-02 10:08:58,0xfe619692efa6cbcedcb78641464a745616079f05e378d25668e1c0901a5d2036,eth-updown-5m-1777705500
"Ethereum Up or Down - May 2, 3:05AM-3:10AM ET",Up,BUY,10,0.57,0xeef28a81c0150548b8c85989a45e744939ef7b5adfa343774eada899aa30d4aa,2026-05-02 10:08:32,0xc513dddb6435debc6d5db5f59b4dde239b58fbf9b3b27daefc7dcdaadce40d62,eth-updown-5m-1777705500
"Bitcoin Up or Down - May 2, 3:05AM-3:10AM ET",Down,BUY,42,0.32475238095238096,0x5b00e02afffba9b7eb0e0d21d1c3a741aacf1c4a53f0d64b305f8e64a9f51d71,2026-05-02 10:08:26,0xb53fedc29e966240b40c410fecabc2f4dcfd14a58abd72b07b2d75a4b5801314,btc-updown-5m-1777705500
"Bitcoin Up or Down - May 2, 3:00AM-3:15AM ET",Down,BUY,10,0.55,0x1d355a79b2ff9fb2e4881eddbac90d02dc60b94f438d29cd24981815465ebe68,2026-05-02 10:08:26,0xaee6eb394fc8f515f09a6dbe6f681e04947cf8a19540f3df427e44cf473e975c,btc-updown-15m-1777705200
"Bitcoin Up or Down - May 2, 3:05AM-3:10AM ET",Down,BUY,45,0.31,0x5b00e02afffba9b7eb0e0d21d1c3a741aacf1c4a53f0d64b305f8e64a9f51d71,2026-05-02 10:08:26,0xb931cc2c0b3720effe123597635352ea57315da061eeadb285fc9fb7ff36c16d,btc-updown-5m-1777705500
"Ethereum Up or Down - May 2, 3:05AM-3:10AM ET",Down,BUY,10,0.45,0xeef28a81c0150548b8c85989a45e744939ef7b5adfa343774eada899aa30d4aa,2026-05-02 10:08:24,0x0094376aa5f31315835058aa63f1236a5aad511563ba63fa2a2ce63167e72231,eth-updown-5m-1777705500
"Ethereum Up or Down - May 2, 3:05AM-3:10AM ET",Down,BUY,5,0.4,0xeef28a81c0150548b8c85989a45e744939ef7b5adfa343774eada899aa30d4aa,2026-05-02 10:08:06,0xe99ebb2fa28bddbceb3ec0c5a9cb5d3da697aad97618c96d869f0962484f62d3,eth-updown-5m-1777705500
"Bitcoin Up or Down - May 2, 3:05AM-3:10AM ET",Down,BUY,47,0.30117021276595746,0x5b00e02afffba9b7eb0e0d21d1c3a741aacf1c4a53f0d64b305f8e64a9f51d71,2026-05-02 10:08:02,0x04fef765f11afab8b4a230f16e0d40c0e7d8e1e84d91abc24a041cd36f2abca5,btc-updown-5m-1777705500
"Ethereum Up or Down - May 2, 3:05AM-3:10AM ET",Down,BUY,10,0.36,0xeef28a81c0150548b8c85989a45e744939ef7b5adfa343774eada899aa30d4aa,2026-05-02 10:08:02,0xfead552945dfedc5a838d654212e0f1489a2823476e0da07f2f6ac445a3edc1c,eth-updown-5m-1777705500
"Ethereum Up or Down - May 2, 3:05AM-3:10AM ET",Down,BUY,10.58,0.3452741020793951,0xeef28a81c0150548b8c85989a45e744939ef7b5adfa343774eada899aa30d4aa,2026-05-02 10:08:00,0xcddbbfa7f9388c594c5cd5b44b94cd3630e963cd86b3b4a7eadf8b3b27709a3c,eth-updown-5m-1777705500
"Ethereum Up or Down - May 2, 3:05AM-3:10AM ET",Up,BUY,11,0.6147090909090909,0xeef28a81c0150548b8c85989a45e744939ef7b5adfa343774eada899aa30d4aa,2026-05-02 10:07:54,0x6c1ea78dfb07e9ea4ff724de67867748da413d4aa718a1f4d142ab9b53740f5b,eth-updown-5m-1777705500
"Ethereum Up or Down - May 2, 3:05AM-3:10AM ET",Up,BUY,11,0.6000363636363636,0xeef28a81c0150548b8c85989a45e744939ef7b5adfa343774eada899aa30d4aa,2026-05-02 10:07:54,0x8d6241c47bd66e540ac4606da75fecbdb83a53c4765556ea06d505459513b9c8,eth-updown-5m-1777705500
"Ethereum Up or Down - May 2, 3:05AM-3:10AM ET",Up,BUY,11,0.57,0xeef28a81c0150548b8c85989a45e744939ef7b5adfa343774eada899aa30d4aa,2026-05-02 10:07:52,0x11002be0cf466ff4c0f52c4667c2140343768c5e201bd12073c4155b5872ef4e,eth-updown-5m-1777705500
"Ethereum Up or Down - May 2, 3:05AM-3:10AM ET",Up,BUY,11,0.5654545454545454,0xeef28a81c0150548b8c85989a45e744939ef7b5adfa343774eada899aa30d4aa,2026-05-02 10:07:52,0x5abc79acd9aedbea24798e4e2b66719591118383c6e80910e1a4bfff75d11171,eth-updown-5m-1777705500
"Ethereum Up or Down - May 2, 3:05AM-3:10AM ET",Up,BUY,11,0.5542909090909091,0xeef28a81c0150548b8c85989a45e744939ef7b5adfa343774eada899aa30d4aa,2026-05-02 10:07:50,0xb534731a4c2b6624f12585906d3ab6602433a5f9f4a29293aaeb79973707e732,eth-updown-5m-1777705500
"Bitcoin Up or Down - May 2, 3:05AM-3:10AM ET",Up,BUY,44,0.6292318181818182,0x5b00e02afffba9b7eb0e0d21d1c3a741aacf1c4a53f0d64b305f8e64a9f51d71,2026-05-02 10:07:48,0x507f34850f561046f89cc6cb58944986986ace2d3e49871725aeffd3bce61b21,btc-updown-5m-1777705500
"Ethereum Up or Down - May 2, 3:05AM-3:10AM ET",Down,BUY,10,0.45,0xeef28a81c0150548b8c85989a45e744939ef7b5adfa343774eada899aa30d4aa,2026-05-02 10:07:38,0xac0f613abbf2d7af7f4554dbcfce045efee7ae11182f24843a46657cfb4dedff,eth-updown-5m-1777705500
"Bitcoin Up or Down - May 2, 3AM ET",Down,BUY,5,0.57,0x55c488d9bc797ed51b27e101aac623df43457eb81d26e056eeeaa616b88e4f80,2026-05-02 10:07:30,0xc437ce5ee9fcadeed4b2c7d42134c8f97af714b07bb33253c0c2662edbed5382,bitcoin-up-or-down-may-2-2026-3am-et
"Bitcoin Up or Down - May 2, 3:00AM-3:15AM ET",Down,BUY,10,0.54,0x1d355a79b2ff9fb2e4881eddbac90d02dc60b94f438d29cd24981815465ebe68,2026-05-02 10:07:30,0xc95aa6f10981eff824b0ac71452e1670bc4b36277ac1235f227c70f9df207fe0,btc-updown-15m-1777705200
"Bitcoin Up or Down - May 2, 3:05AM-3:10AM ET",Down,BUY,40,0.4072275,0x5b00e02afffba9b7eb0e0d21d1c3a741aacf1c4a53f0d64b305f8e64a9f51d71,2026-05-02 10:07:28,0x870b77b93cb82e85b556fdc3b75ec48cc928d510b59b84c8f0e664098f74d9d3,btc-updown-5m-1777705500
"Bitcoin Up or Down - May 2, 3:05AM-3:10AM ET",Down,BUY,41,0.3963658536585366,0x5b00e02afffba9b7eb0e0d21d1c3a741aacf1c4a53f0d64b305f8e64a9f51d71,2026-05-02 10:07:28,0xdf451d02cab720e9f8b7388a0e46fa0da4e998003408e1a473b538267621016d,btc-updown-5m-1777705500
"Bitcoin Up or Down - May 2, 3:05AM-3:10AM ET",Down,BUY,42,0.3888452380952381,0x5b00e02afffba9b7eb0e0d21d1c3a741aacf1c4a53f0d64b305f8e64a9f51d71,2026-05-02 10:07:28,0x27184fe158766c4d81f8e604ccd1b83004b74fcb98b8b8c372ee32ba368cd3ee,btc-updown-5m-1777705500
"Bitcoin Up or Down - May 2, 3:00AM-3:15AM ET",Down,BUY,10,0.534,0x1d355a79b2ff9fb2e4881eddbac90d02dc60b94f438d29cd24981815465ebe68,2026-05-02 10:07:28,0x2c0f96090233673da9984f1e5a924e11b63a56bfb24de823515a6e7db05d93c1,btc-updown-15m-1777705200
"Bitcoin Up or Down - May 2, 3:05AM-3:10AM ET",Down,BUY,41,0.38,0x5b00e02afffba9b7eb0e0d21d1c3a741aacf1c4a53f0d64b305f8e64a9f51d71,2026-05-02 10:07:28,0xfc17bb471f6dfb5a658ac48afff5a99eb4c95b2d582166c825ff5c779075ff6d,btc-updown-5m-1777705500
"Ethereum Up or Down - May 2, 3:05AM-3:10AM ET",Down,BUY,10.09,0.3550445986124876,0xeef28a81c0150548b8c85989a45e744939ef7b5adfa343774eada899aa30d4aa,2026-05-02 10:07:26,0xd5741da34308744624b9d6c31dce032e61816d0eceb3e1645c91d1dfca8495c4,eth-updown-5m-1777705500
"Ethereum Up or Down - May 2, 3:05AM-3:10AM ET",Down,BUY,7.5,0.35333333333333333,0xeef28a81c0150548b8c85989a45e744939ef7b5adfa343774eada899aa30d4aa,2026-05-02 10:07:00,0x2e694f7dd081a25136d0fcf1141f570d778ffb5c20fa72e445b11004f339e9d7,eth-updown-5m-1777705500
"Ethereum Up or Down - May 2, 3:05AM-3:10AM ET",Down,BUY,11,0.33,0xeef28a81c0150548b8c85989a45e744939ef7b5adfa343774eada899aa30d4aa,2026-05-02 10:06:58,0x675c87ce1540f523592d55767ec676ba6216ab17d39b6a7ada5ffbb9240cb04c,eth-updown-5m-1777705500
"Bitcoin Up or Down - May 2, 3:05AM-3:10AM ET",Up,BUY,42,0.5866238095238095,0x5b00e02afffba9b7eb0e0d21d1c3a741aacf1c4a53f0d64b305f8e64a9f51d71,2026-05-02 10:06:36,0xd94d20c54fb479a94b16d64332df83564005a2491d736858af0241e0ae277969,btc-updown-5m-1777705500
"Ethereum Up or Down - May 2, 3:05AM-3:10AM ET",Down,BUY,10,0.39,0xeef28a81c0150548b8c85989a45e744939ef7b5adfa343774eada899aa30d4aa,2026-05-02 10:06:32,0xc05e8e7c4f95dd8eca11c7d6303d08a282d206a4c7b3385ed881143d42d11c47,eth-updown-5m-1777705500
"Ethereum Up or Down - May 2, 3:05AM-3:10AM ET",Down,BUY,10,0.39,0xeef28a81c0150548b8c85989a45e744939ef7b5adfa343774eada899aa30d4aa,2026-05-02 10:06:32,0xe9f8476263750af684b51a0ce4d1257d8a77761f8350e045bb451c8e614c1808,eth-updown-5m-1777705500
"Bitcoin Up or Down - May 2, 3:05AM-3:10AM ET",Down,BUY,42,0.3755904761904762,0x5b00e02afffba9b7eb0e0d21d1c3a741aacf1c4a53f0d64b305f8e64a9f51d71,2026-05-02 10:06:28,0x4e288786c90e17189d0f3d3fe43c5f1853dda414013c36464e0ad208aa58132a,btc-updown-5m-1777705500
"Ethereum Up or Down - May 2, 3:05AM-3:10AM ET",Up,BUY,11,0.62,0xeef28a81c0150548b8c85989a45e744939ef7b5adfa343774eada899aa30d4aa,2026-05-02 10:06:24,0x759cf86d9dd6819b79d06b7aaac46dcb0828b730ee50a3208526e8edc9eceb85,eth-updown-5m-1777705500
"Ethereum Up or Down - May 2, 3:05AM-3:10AM ET",Up,BUY,11,0.62,0xeef28a81c0150548b8c85989a45e744939ef7b5adfa343774eada899aa30d4aa,2026-05-02 10:06:24,0x5c5a0c5acdaed91655fca226af4506f2dc0e50c3e9db381c0140bc2d56594b55,eth-updown-5m-1777705500
"Bitcoin Up or Down - May 2, 3:00AM-3:15AM ET",Up,BUY,10,0.46,0x1d355a79b2ff9fb2e4881eddbac90d02dc60b94f438d29cd24981815465ebe68,2026-05-02 10:06:20,0xb424ff81da6295347ac85371be7886f18c839e9cd34947055414dc15b1229969,btc-updown-15m-1777705200
"Bitcoin Up or Down - May 2, 3:05AM-3:10AM ET",Up,BUY,41,0.5436878048780488,0x5b00e02afffba9b7eb0e0d21d1c3a741aacf1c4a53f0d64b305f8e64a9f51d71,2026-05-02 10:06:16,0x2e3d48efc02ba59fa32949eb0db1514cd9ef7d78a8ac0cb5fc2802e65a9542ac,btc-updown-5m-1777705500
"Bitcoin Up or Down - May 2, 3:00AM-3:15AM ET",Up,BUY,10,0.44,0x1d355a79b2ff9fb2e4881eddbac90d02dc60b94f438d29cd24981815465ebe68,2026-05-02 10:06:16,0x8515d976f0d37df4aa469df77f1ff2520f0e2c953f084725739b7fa8888a029b,btc-updown-15m-1777705200
"Bitcoin Up or Down - May 2, 3:00AM-3:15AM ET",Up,BUY,10,0.44,0x1d355a79b2ff9fb2e4881eddbac90d02dc60b94f438d29cd24981815465ebe68,2026-05-02 10:06:16,0x28977fb0cc5d55a51d50b1bc1805cff7c1550b32fd66648fff5025749972c5c7,btc-updown-15m-1777705200
"Bitcoin Up or Down - May 2, 3AM ET",Up,BUY,5,0.43,0x55c488d9bc797ed51b27e101aac623df43457eb81d26e056eeeaa616b88e4f80,2026-05-02 10:06:16,0xee09f1f543982f58f7186edef581d1b5671006dc74410252d9e220de324a209c,bitcoin-up-or-down-may-2-2026-3am-et
"Ethereum Up or Down - May 2, 3:05AM-3:10AM ET",Up,BUY,10,0.56,0xeef28a81c0150548b8c85989a45e744939ef7b5adfa343774eada899aa30d4aa,2026-05-02 10:06:16,0xf0da2f1c00a63925d9a42ffab8e88c1908162146c9e1f71b426942e557a72419,eth-updown-5m-1777705500
"Ethereum Up or Down - May 2, 3:05AM-3:10AM ET",Up,BUY,7.92,0.51,0xeef28a81c0150548b8c85989a45e744939ef7b5adfa343774eada899aa30d4aa,2026-05-02 10:06:16,0x9d52e16580ee5add03099bc6a4edcb288df3bc3a40e1447d8e5e157d8bd293dd,eth-updown-5m-1777705500
"Bitcoin Up or Down - May 2, 3:05AM-3:10AM ET",Up,BUY,40,0.4681025,0x5b00e02afffba9b7eb0e0d21d1c3a741aacf1c4a53f0d64b305f8e64a9f51d71,2026-05-02 10:06:16,0xc9fc15cce75b73dc9d5981b3dfdb097f71b6f6dea54b3f3631e64b6a511c1165,btc-updown-5m-1777705500
"Bitcoin Up or Down - May 2, 3:05AM-3:10AM ET",Up,BUY,40,0.47,0x5b00e02afffba9b7eb0e0d21d1c3a741aacf1c4a53f0d64b305f8e64a9f51d71,2026-05-02 10:06:16,0x9dc0bfc8f784ad71de95324d17b89967b37e781da250f9688aeca800911ec8af,btc-updown-5m-1777705500
"Bitcoin Up or Down - May 2, 3:05AM-3:10AM ET",Up,BUY,40,0.42,0x5b00e02afffba9b7eb0e0d21d1c3a741aacf1c4a53f0d64b305f8e64a9f51d71,2026-05-02 10:06:14,0x1b9f71dac19601f2269b67549f85d45842c1028949bd2686af1aee4988e2a458,btc-updown-5m-1777705500
"Bitcoin Up or Down - May 2, 3AM ET",Up,BUY,5,0.42,0x55c488d9bc797ed51b27e101aac623df43457eb81d26e056eeeaa616b88e4f80,2026-05-02 10:06:14,0x76a83c43c348af548376e6d1cdbce2946777a6aef0d5493a8de7d357250bc8ca,bitcoin-up-or-down-may-2-2026-3am-et
"Ethereum Up or Down - May 2, 3:05AM-3:10AM ET",Down,BUY,10,0.52,0xeef28a81c0150548b8c85989a45e744939ef7b5adfa343774eada899aa30d4aa,2026-05-02 10:06:10,0xceb2a69b2f6cb4233f67e16438e2ffe466d55012cdff4f1d8ad8d21d2050588e,eth-updown-5m-1777705500
"Bitcoin Up or Down - May 2, 3AM ET",Down,BUY,5,0.59,0x55c488d9bc797ed51b27e101aac623df43457eb81d26e056eeeaa616b88e4f80,2026-05-02 10:05:42,0x0d037b61613fb49c7976c8a4718907dfce7d314e63a0041f9853476c139de56a,bitcoin-up-or-down-may-2-2026-3am-et
"Bitcoin Up or Down - May 2, 3AM ET",Down,BUY,5,0.59,0x55c488d9bc797ed51b27e101aac623df43457eb81d26e056eeeaa616b88e4f80,2026-05-02 10:05:42,0x4cab7c5ebdc6354cbaffb210c4f2afb72b219040c86593f9fbd6bf895c5aaa0f,bitcoin-up-or-down-may-2-2026-3am-et
"Ethereum Up or Down - May 2, 3:05AM-3:10AM ET",Down,BUY,10,0.5,0xeef28a81c0150548b8c85989a45e744939ef7b5adfa343774eada899aa30d4aa,2026-05-02 10:05:40,0x8d3b709f380584ec49e2ef81d9baf532a2da1416fb0b6c48df5bc62e8dd7428a,eth-updown-5m-1777705500
"Ethereum Up or Down - May 2, 3:05AM-3:10AM ET",Down,BUY,11,0.5,0xeef28a81c0150548b8c85989a45e744939ef7b5adfa343774eada899aa30d4aa,2026-05-02 10:05:40,0xe25ff9af677dd6df165d5cd0e68402daa3d05208760fd8be8da277ebf4814431,eth-updown-5m-1777705500
"Bitcoin Up or Down - May 2, 3AM ET",Down,BUY,5,0.59,0x55c488d9bc797ed51b27e101aac623df43457eb81d26e056eeeaa616b88e4f80,2026-05-02 10:05:40,0x3ba248991d432e5ed6dfae7be3fc6529ec5a477b60ade10d17bbfff74409314e,bitcoin-up-or-down-may-2-2026-3am-et
"Bitcoin Up or Down - May 2, 3:05AM-3:10AM ET",Down,BUY,43,0.55,0x5b00e02afffba9b7eb0e0d21d1c3a741aacf1c4a53f0d64b305f8e64a9f51d71,2026-05-02 10:05:40,0x837f3f55612a044586c3e7e9e71c970b93787351d5dba073e94ffc2164d527ec,btc-updown-5m-1777705500
"Bitcoin Up or Down - May 2, 3:00AM-3:15AM ET",Down,BUY,12,0.61,0x1d355a79b2ff9fb2e4881eddbac90d02dc60b94f438d29cd24981815465ebe68,2026-05-02 10:05:40,0xbe1697895bb2e8243de4f39beda97ffac4ae4e1a2fab4d73d44e5ce8d8b59683,btc-updown-15m-1777705200
"Ethereum Up or Down - May 2, 3:05AM-3:10AM ET",Down,BUY,10,0.5,0xeef28a81c0150548b8c85989a45e744939ef7b5adfa343774eada899aa30d4aa,2026-05-02 10:05:40,0x74d174e05af3813864c3496d5707ac7f3e640537ac2a9b7f1b1f5ef367a347a8,eth-updown-5m-1777705500
"Ethereum Up or Down - May 2, 3:05AM-3:10AM ET",Down,BUY,10,0.5,0xeef28a81c0150548b8c85989a45e744939ef7b5adfa343774eada899aa30d4aa,2026-05-02 10:05:40,0x59f9371999d6f29704cb1c695a6ffa8395637f4b09c50f6a976c1dbda0fbcbe0,eth-updown-5m-1777705500
"Bitcoin Up or Down - May 2, 12:00AM-4:00AM ET",Down,BUY,8,0.78,0xd0bd5c46fefa54a75eec1d0aab99cfbb8c167d8271d7fed1b36ba47530509e86,2026-05-02 10:05:40,0xd70ebd2054aa61fb7e96c16d2007845747e60640720c15e92cc40ca168478476,btc-updown-4h-1777694400
"Bitcoin Up or Down - May 2, 12:00AM-4:00AM ET",Down,BUY,7,0.77,0xd0bd5c46fefa54a75eec1d0aab99cfbb8c167d8271d7fed1b36ba47530509e86,2026-05-02 10:05:40,0x265bfd92f69f41f8d219f4de32b858de712d5fa71ce1b96571a3bb9e7eb19bb4,btc-updown-4h-1777694400
"Bitcoin Up or Down - May 2, 12:00AM-4:00AM ET",Down,BUY,7,0.76,0xd0bd5c46fefa54a75eec1d0aab99cfbb8c167d8271d7fed1b36ba47530509e86,2026-05-02 10:05:40,0x29976f34349ba0b76c93af5bc691f3907f10a44e5908177a757f0fa9ac923ad0,btc-updown-4h-1777694400
"Bitcoin Up or Down - May 2, 3:00AM-3:15AM ET",Up,BUY,10,0.51,0x1d355a79b2ff9fb2e4881eddbac90d02dc60b94f438d29cd24981815465ebe68,2026-05-02 10:05:36,0x9b94eb845b96fc009cdd35009085db6c4795e51ee6858f02d89643f89fcd8a4c,btc-updown-15m-1777705200
"Bitcoin Up or Down - May 2, 3AM ET",Up,BUY,5,0.44,0x55c488d9bc797ed51b27e101aac623df43457eb81d26e056eeeaa616b88e4f80,2026-05-02 10:05:36,0x6c41c92121a99805e79e00ea5d154b151015e5b69c69acdcc1f8ab5be1136a0c,bitcoin-up-or-down-may-2-2026-3am-et
"Bitcoin Up or Down - May 2, 3:05AM-3:10AM ET",Up,BUY,53,0.7,0x5b00e02afffba9b7eb0e0d21d1c3a741aacf1c4a53f0d64b305f8e64a9f51d71,2026-05-02 10:05:36,0x5801ef26c75f7d0cb78f28bd73498165c21a5dc73c7d0679564eacc1cdc7d352,btc-updown-5m-1777705500
"Bitcoin Up or Down - May 2, 3:05AM-3:10AM ET",Up,BUY,49,0.68,0x5b00e02afffba9b7eb0e0d21d1c3a741aacf1c4a53f0d64b305f8e64a9f51d71,2026-05-02 10:05:36,0x318bc23b94aaf6bee5237f585dd3fe470139d7be72db729d015562fa3f90fa84,btc-updown-5m-1777705500
"Bitcoin Up or Down - May 2, 3:00AM-3:15AM ET",Up,BUY,10,0.49,0x1d355a79b2ff9fb2e4881eddbac90d02dc60b94f438d29cd24981815465ebe68,2026-05-02 10:05:36,0x7fdc583cf923a8bb7b6340ddd411e46e21704408c96e1447c29718f828bedb2f,btc-updown-15m-1777705200
"Ethereum Up or Down - May 2, 3:05AM-3:10AM ET",Up,BUY,10,0.51,0xeef28a81c0150548b8c85989a45e744939ef7b5adfa343774eada899aa30d4aa,2026-05-02 10:05:32,0x2392c99d5b787044030e23ee8a59878e01f227591a59a3fba83f5a1eaf1e8f26,eth-updown-5m-1777705500
"Ethereum Up or Down - May 2, 3:05AM-3:10AM ET",Up,BUY,10,0.51,0xeef28a81c0150548b8c85989a45e744939ef7b5adfa343774eada899aa30d4aa,2026-05-02 10:05:30,0xb174af4b83b1eace8f438f495b1ab5d87ed93637f31bcdbf3d4c8b25feda81ad,eth-updown-5m-1777705500
"Ethereum Up or Down - May 2, 3:05AM-3:10AM ET",Up,BUY,10,0.51,0xeef28a81c0150548b8c85989a45e744939ef7b5adfa343774eada899aa30d4aa,2026-05-02 10:05:30,0x6777be3ac2ac825f6d2d5f5434e04da4e1402ef518e55bb28ad72a4eb6217bcd,eth-updown-5m-1777705500
"Bitcoin Up or Down - May 2, 3:00AM-3:15AM ET",Up,BUY,10,0.49,0x1d355a79b2ff9fb2e4881eddbac90d02dc60b94f438d29cd24981815465ebe68,2026-05-02 10:05:26,0x66a078fc992d779f4d4ffa87ed03ac4e024036ec0495e1019ddf9565dfe2a798,btc-updown-15m-1777705200
"Bitcoin Up or Down - May 2, 3:05AM-3:10AM ET",Up,BUY,51,0.67,0x5b00e02afffba9b7eb0e0d21d1c3a741aacf1c4a53f0d64b305f8e64a9f51d71,2026-05-02 10:05:26,0x25ed3a4189a2de8373617b10efcdc416430c7e319881ce8cec861b7f61aefa94,btc-updown-5m-1777705500
"Ethereum Up or Down - May 2, 3:05AM-3:10AM ET",Up,BUY,10,0.48,0xeef28a81c0150548b8c85989a45e744939ef7b5adfa343774eada899aa30d4aa,2026-05-02 10:05:22,0x7783d287748f8c6198164dd7ae2aa0601a5e0503178864ba56c89a1b82a8ea6f,eth-updown-5m-1777705500
"Ethereum Up or Down - May 2, 3:05AM-3:10AM ET",Up,BUY,10,0.44,0xeef28a81c0150548b8c85989a45e744939ef7b5adfa343774eada899aa30d4aa,2026-05-02 10:05:12,0x3ac4f592236cf01e3e029b9365984f66961e164e86dd38b88936abbe23e8169a,eth-updown-5m-1777705500
"Ethereum Up or Down - May 2, 3:05AM-3:10AM ET",Up,BUY,10,0.44,0xeef28a81c0150548b8c85989a45e744939ef7b5adfa343774eada899aa30d4aa,2026-05-02 10:05:12,0xa5f53c8305d32580c75aa3f945b39a172f58fe68bcf045fa49818ed8de6bf64c,eth-updown-5m-1777705500
"Ethereum Up or Down - May 2, 3:05AM-3:10AM ET",Up,BUY,10,0.44,0xeef28a81c0150548b8c85989a45e744939ef7b5adfa343774eada899aa30d4aa,2026-05-02 10:05:12,0x3b2751353d5700249e9816d643bea15083a7a2f68aaeabf950c9f8f6b4706ec5,eth-updown-5m-1777705500
"Ethereum Up or Down - May 2, 3:05AM-3:10AM ET",Up,BUY,10,0.44,0xeef28a81c0150548b8c85989a45e744939ef7b5adfa343774eada899aa30d4aa,2026-05-02 10:05:10,0x2fa47d77592ce16cedb7dc42cc320886624f96b92ed1a9bd99d4e9649e0968ce,eth-updown-5m-1777705500
"Ethereum Up or Down - May 2, 3:05AM-3:10AM ET",Down,BUY,11,0.61,0xeef28a81c0150548b8c85989a45e744939ef7b5adfa343774eada899aa30d4aa,2026-05-02 10:05:04,0x0f9555303f30b401aae8d2eaadb4c6e74e41019eb6d178338f79b568a8f72414,eth-updown-5m-1777705500
"Bitcoin Up or Down - May 2, 3:05AM-3:10AM ET",Down,BUY,41,0.5427170731707317,0x5b00e02afffba9b7eb0e0d21d1c3a741aacf1c4a53f0d64b305f8e64a9f51d71,2026-05-02 10:05:04,0xf7d3e2bb374f6d9239e38b1c1354aad00a82f6d9096d599eae1897a483abcfd8,btc-updown-5m-1777705500
"Ethereum Up or Down - May 2, 3:05AM-3:10AM ET",Down,BUY,11,0.61,0xeef28a81c0150548b8c85989a45e744939ef7b5adfa343774eada899aa30d4aa,2026-05-02 10:05:04,0x0df3e6c6090b008b2c664cb55078bfbaea9462981b0b13da4bbc196daa66a89b,eth-updown-5m-1777705500
"Ethereum Up or Down - May 2, 3:00AM-3:05AM ET",Up,BUY,38,0.040639473684210524,0xe2c90965235c4e02c7901499629827c7f4caab3274188596db003adf3d2ac410,2026-05-02 10:04:40,0x7cad2f7ff61fe1cb6f5759e15c846dbf23b82760b789836c6c215551c85c4e4d,eth-updown-5m-1777705200
"Bitcoin Up or Down - May 2, 3:00AM-3:05AM ET",Up,BUY,136,0.05,0xe98a1b47a8bbdb2e8b7c0181f53a2a694a4de30c6ed90221accf3869811486dc,2026-05-02 10:04:38,0x9efeda7a679b3eb98d15018d9aaa1eea7c1d7cb55b6825a6a06b2b0bdfec6520,btc-updown-5m-1777705200
"Bitcoin Up or Down - May 2, 3:00AM-3:05AM ET",Up,BUY,211,0.05,0xe98a1b47a8bbdb2e8b7c0181f53a2a694a4de30c6ed90221accf3869811486dc,2026-05-02 10:04:36,0x7297fb8034667b8f0a74c2605ce32a724e21b6f5d2598121b971cfaee6423a5d,btc-updown-5m-1777705200
"Bitcoin Up or Down - May 2, 3AM ET",Up,BUY,5,0.42,0x55c488d9bc797ed51b27e101aac623df43457eb81d26e056eeeaa616b88e4f80,2026-05-02 10:04:36,0xd92febeb815619d5e1cf1b29b016b75f0d0f08a5ea2c4f16943ebe438d5fc044,bitcoin-up-or-down-may-2-2026-3am-et
"Bitcoin Up or Down - May 2, 3:00AM-3:15AM ET",Up,BUY,10,0.4353,0x1d355a79b2ff9fb2e4881eddbac90d02dc60b94f438d29cd24981815465ebe68,2026-05-02 10:04:36,0xbe713f37deeba9fc706c8f601ba542960f1ce9e50b4de5c64fb15433e4d2cb23,btc-updown-15m-1777705200
"Bitcoin Up or Down - May 2, 3:00AM-3:15AM ET",Up,BUY,10,0.42,0x1d355a79b2ff9fb2e4881eddbac90d02dc60b94f438d29cd24981815465ebe68,2026-05-02 10:04:36,0x4e004a5208e30fbd6ec2aa31d7b23f17404e9316b55c69b0722956023455105d,btc-updown-15m-1777705200
"Bitcoin Up or Down - May 2, 3:00AM-3:15AM ET",Up,BUY,10,0.42,0x1d355a79b2ff9fb2e4881eddbac90d02dc60b94f438d29cd24981815465ebe68,2026-05-02 10:04:36,0x2763dd1542abcd62c23bf2df09fd7dceb9145af63fa884b43451e0f4f178e002,btc-updown-15m-1777705200
"Ethereum Up or Down - May 2, 3:00AM-3:05AM ET",Up,BUY,51.5,0.03611650485436893,0xe2c90965235c4e02c7901499629827c7f4caab3274188596db003adf3d2ac410,2026-05-02 10:04:36,0x09e8069b1f0a8ca3b4cb3785f2b5b62008d7dbc15ca3262e7aa2987907177f75,eth-updown-5m-1777705200
"Bitcoin Up or Down - May 2, 3:00AM-3:15AM ET",Down,BUY,11,0.59,0x1d355a79b2ff9fb2e4881eddbac90d02dc60b94f438d29cd24981815465ebe68,2026-05-02 10:04:32,0x3cbc64acd37fa839a3ff560eaa21e2dcc5e98943c6fc5854706f488a95231994,btc-updown-15m-1777705200
"Ethereum Up or Down - May 2, 3:00AM-3:05AM ET",Up,BUY,27,0.04,0xe2c90965235c4e02c7901499629827c7f4caab3274188596db003adf3d2ac410,2026-05-02 10:04:22,0x57c1a73f33af407e9af674e1ba60c222acb93571a2bb17a308838d46fe6d718f,eth-updown-5m-1777705200
"Bitcoin Up or Down - May 2, 3:00AM-3:05AM ET",Down,BUY,235.69,0.96,0xe98a1b47a8bbdb2e8b7c0181f53a2a694a4de30c6ed90221accf3869811486dc,2026-05-02 10:03:56,0x9e8406fea8853a03983e18a8b46a32df6cc4971635bd8e8421a4230e0365148d,btc-updown-5m-1777705200
"Bitcoin Up or Down - May 2, 3:00AM-3:05AM ET",Down,BUY,60.04,0.940008327781479,0xe98a1b47a8bbdb2e8b7c0181f53a2a694a4de30c6ed90221accf3869811486dc,2026-05-02 10:03:56,0x2a5598b60d35c3d224cbc538c032464422ef5303957496e24221745c72cfdd9a,btc-updown-5m-1777705200
"Bitcoin Up or Down - May 2, 3:00AM-3:05AM ET",Down,BUY,510,0.9391888235294118,0xe98a1b47a8bbdb2e8b7c0181f53a2a694a4de30c6ed90221accf3869811486dc,2026-05-02 10:03:54,0xa50842900d8953a5dcfef6a044ea5348f4068c967f649d2ab965a1df5ad79bc3,btc-updown-5m-1777705200
"Bitcoin Up or Down - May 2, 3:00AM-3:15AM ET",Down,BUY,10,0.59,0x1d355a79b2ff9fb2e4881eddbac90d02dc60b94f438d29cd24981815465ebe68,2026-05-02 10:03:54,0x93bf6d89f54c5c935fc5d82d17cb56bc87850871cb83297c0cb35f4b749d283a,btc-updown-15m-1777705200
"Bitcoin Up or Down - May 2, 3AM ET",Down,BUY,5,0.57,0x55c488d9bc797ed51b27e101aac623df43457eb81d26e056eeeaa616b88e4f80,2026-05-02 10:03:54,0x61525cf63a0e8c98f234131c19b4d23793f51efebbc0994ea945c6b4eb52dd24,bitcoin-up-or-down-may-2-2026-3am-et
"Bitcoin Up or Down - May 2, 3AM ET",Down,BUY,5,0.57,0x55c488d9bc797ed51b27e101aac623df43457eb81d26e056eeeaa616b88e4f80,2026-05-02 10:03:54,0xcc75320179c62d3cddb7f5f0b4d8a1b31a1549620774162a0fe8de673d45375b,bitcoin-up-or-down-may-2-2026-3am-et
"Bitcoin Up or Down - May 2, 3:00AM-3:05AM ET",Down,BUY,177,0.94,0xe98a1b47a8bbdb2e8b7c0181f53a2a694a4de30c6ed90221accf3869811486dc,2026-05-02 10:03:54,0xa41837c1e3ea91ef8ba725014e2cf9e9614e50700cbe29f1654e54d5bf5c4a73,btc-updown-5m-1777705200
"Ethereum Up or Down - May 2, 3:00AM-3:05AM ET",Down,BUY,6.31,0.8,0xe2c90965235c4e02c7901499629827c7f4caab3274188596db003adf3d2ac410,2026-05-02 10:03:28,0xce44f127d131df49a4c72c938ba8e20374a62f5f70024bb78bca2d3e677eb437,eth-updown-5m-1777705200
"Ethereum Up or Down - May 2, 3:00AM-3:05AM ET",Up,BUY,5,0.11,0xe2c90965235c4e02c7901499629827c7f4caab3274188596db003adf3d2ac410,2026-05-02 10:03:24,0x3be4892bd5ab2ba1d48ba88b64886e0f1554a8f17237d821c325944b6f95cc74,eth-updown-5m-1777705200
"Ethereum Up or Down - May 2, 3:00AM-3:05AM ET",Up,BUY,10,0.07,0xe2c90965235c4e02c7901499629827c7f4caab3274188596db003adf3d2ac410,2026-05-02 10:03:24,0x0dad704d3fe9c1f59b6b254002964de32635737921aaace463f3786ed10c237a,eth-updown-5m-1777705200
"Bitcoin Up or Down - May 2, 3:00AM-3:05AM ET",Up,BUY,58,0.19,0xe98a1b47a8bbdb2e8b7c0181f53a2a694a4de30c6ed90221accf3869811486dc,2026-05-02 10:02:52,0x8df588b735dbe1173df2f37297a13cd81224d064340db8af40087519f24ca950,btc-updown-5m-1777705200
"Bitcoin Up or Down - May 2, 3:00AM-3:05AM ET",Down,BUY,78,0.8221897435897436,0xe98a1b47a8bbdb2e8b7c0181f53a2a694a4de30c6ed90221accf3869811486dc,2026-05-02 10:02:50,0x628cdcd2b88506c3c55363a4fef06574598320feceec17b2ae2a326360476c0e,btc-updown-5m-1777705200
"Bitcoin Up or Down - May 2, 3AM ET",Down,BUY,5,0.55,0x55c488d9bc797ed51b27e101aac623df43457eb81d26e056eeeaa616b88e4f80,2026-05-02 10:02:50,0x847e6b6c6da7b96308daf7cd20b5d4c12551e486a8257d3b4ca6c05729dc8e19,bitcoin-up-or-down-may-2-2026-3am-et
"Bitcoin Up or Down - May 2, 3AM ET",Down,BUY,5,0.54,0x55c488d9bc797ed51b27e101aac623df43457eb81d26e056eeeaa616b88e4f80,2026-05-02 10:02:48,0xa21542fd5607c77e1fe0621062c5ab159d1074ca8711c28953703d3b359bbe5f,bitcoin-up-or-down-may-2-2026-3am-et
"Ethereum Up or Down - May 2, 3:00AM-3:05AM ET",Down,BUY,20.1,0.9,0xe2c90965235c4e02c7901499629827c7f4caab3274188596db003adf3d2ac410,2026-05-02 10:02:48,0x4db101eabc1b3b2856cc01c46777339736612b45addde0cff8948c429b713079,eth-updown-5m-1777705200
"Ethereum Up or Down - May 2, 3:00AM-3:05AM ET",Down,BUY,8.47,0.86,0xe2c90965235c4e02c7901499629827c7f4caab3274188596db003adf3d2ac410,2026-05-02 10:02:42,0x13c57cc4ad00ae68395552c162e8d19e4de5bb1c9bb1ca84fc94d349e3972425,eth-updown-5m-1777705200
"Ethereum Up or Down - May 2, 3:00AM-3:05AM ET",Down,BUY,1.01,0.8,0xe2c90965235c4e02c7901499629827c7f4caab3274188596db003adf3d2ac410,2026-05-02 10:02:40,0x34b1c90cf8027ba15711b28e8233077823caafe84321469ec7ea64ceac6d3aec,eth-updown-5m-1777705200
"Ethereum Up or Down - May 2, 3:00AM-3:05AM ET",Down,BUY,7.6,0.78,0xe2c90965235c4e02c7901499629827c7f4caab3274188596db003adf3d2ac410,2026-05-02 10:02:36,0x913ee3efc9baaed7d144a1ca31477665f07f2884a8f1981c13f8a2aea6b13e8e,eth-updown-5m-1777705200
"Ethereum Up or Down - May 2, 3:00AM-3:05AM ET",Down,BUY,10,0.74,0xe2c90965235c4e02c7901499629827c7f4caab3274188596db003adf3d2ac410,2026-05-02 10:02:36,0xc698f18b8d34a5955992b9086803be11a2a1775ec2fcbae465eb8a0eafebf27f,eth-updown-5m-1777705200
"Bitcoin Up or Down - May 2, 3:00AM-3:05AM ET",Down,BUY,51,0.724835294117647,0xe98a1b47a8bbdb2e8b7c0181f53a2a694a4de30c6ed90221accf3869811486dc,2026-05-02 10:02:04,0x2ca36278a5c826cb114f7b6c12c845b3371e8aeee08ee1d0841090b64c7cfd44,btc-updown-5m-1777705200
"Bitcoin Up or Down - May 2, 3:00AM-3:05AM ET",Down,BUY,50,0.71,0xe98a1b47a8bbdb2e8b7c0181f53a2a694a4de30c6ed90221accf3869811486dc,2026-05-02 10:02:04,0xaa516b075601e2371876648eff3fd8ed5ab1eff4e94e5522df8ab39582212713,btc-updown-5m-1777705200
"Ethereum Up or Down - May 2, 3:00AM-3:05AM ET",Down,BUY,11.03,0.71,0xe2c90965235c4e02c7901499629827c7f4caab3274188596db003adf3d2ac410,2026-05-02 10:02:00,0xc070288f5d46517e5eba46e73c190ed9b21a2081729faf9270551b8ac33bc379,eth-updown-5m-1777705200
"Ethereum Up or Down - May 2, 3:00AM-3:05AM ET",Down,BUY,5,0.63,0xe2c90965235c4e02c7901499629827c7f4caab3274188596db003adf3d2ac410,2026-05-02 10:02:00,0xf117975f64590d0e00a71f3b87638dfacf703430031112f2da602972656f7283,eth-updown-5m-1777705200
"Bitcoin Up or Down - May 2, 3:00AM-3:05AM ET",Down,BUY,48,0.7,0xe98a1b47a8bbdb2e8b7c0181f53a2a694a4de30c6ed90221accf3869811486dc,2026-05-02 10:02:00,0x2d48980b681e6b2850286260ee1e06f24a33083646374bb101cde185ae758e9f,btc-updown-5m-1777705200
"Ethereum Up or Down - May 2, 3:00AM-3:05AM ET",Down,BUY,0.53,0.64,0xe2c90965235c4e02c7901499629827c7f4caab3274188596db003adf3d2ac410,2026-05-02 10:01:56,0x6fbcab8a9517b99c0210afa150efa653184a9dc8d195f60e8a8957e2ba66c599,eth-updown-5m-1777705200
"Ethereum Up or Down - May 2, 3:00AM-3:05AM ET",Down,BUY,11,0.6343090909090909,0xe2c90965235c4e02c7901499629827c7f4caab3274188596db003adf3d2ac410,2026-05-02 10:01:56,0x5e6f64907f5cbb3d9218e181563d96e7eae8e7306901ee0d54be4bdd943c7868,eth-updown-5m-1777705200
"Bitcoin Up or Down - May 2, 3AM ET",Down,BUY,5,0.54,0x55c488d9bc797ed51b27e101aac623df43457eb81d26e056eeeaa616b88e4f80,2026-05-02 10:01:48,0x977da6fc12d731abab7060bbe794331b1f52dc9cd8120067312f8bb1da85df13,bitcoin-up-or-down-may-2-2026-3am-et
"Ethereum Up or Down - May 2, 3:00AM-3:05AM ET",Down,BUY,10,0.49,0xe2c90965235c4e02c7901499629827c7f4caab3274188596db003adf3d2ac410,2026-05-02 10:01:48,0xd662323d32e6fae7c0f3d5a1abe1b6c49a76de58da9e4b2f4d77e66d20c4c386,eth-updown-5m-1777705200
"Bitcoin Up or Down - May 2, 3AM ET",Down,BUY,5,0.54,0x55c488d9bc797ed51b27e101aac623df43457eb81d26e056eeeaa616b88e4f80,2026-05-02 10:01:48,0x88f8ed0fd5d1e79aa0a1f4eb282df9c6b4149e18ca090eb2222f3427134e273b,bitcoin-up-or-down-may-2-2026-3am-et
"Bitcoin Up or Down - May 2, 3:00AM-3:05AM ET",Down,BUY,11.84,0.74,0xe98a1b47a8bbdb2e8b7c0181f53a2a694a4de30c6ed90221accf3869811486dc,2026-05-02 10:01:48,0xcd24dbc07bbe7ce91b73ba6aaaea081881e5303d48f4815e32d2590216a4a587,btc-updown-5m-1777705200
"Bitcoin Up or Down - May 2, 3:00AM-3:15AM ET",Down,BUY,11,0.36,0x1d355a79b2ff9fb2e4881eddbac90d02dc60b94f438d29cd24981815465ebe68,2026-05-02 10:01:48,0x46e48735e49d5b44b960490d749ed7da2d7348919a543ff208d6eaa8b95072b2,btc-updown-15m-1777705200
"Bitcoin Up or Down - May 2, 3AM ET",Down,BUY,5,0.54,0x55c488d9bc797ed51b27e101aac623df43457eb81d26e056eeeaa616b88e4f80,2026-05-02 10:01:48,0x7f4dc4763ec3eaa56efc88ac9317fde08b8e083220ab992eff540e4350ba6c68,bitcoin-up-or-down-may-2-2026-3am-et
"Ethereum Up or Down - May 2, 3:00AM-3:05AM ET",Down,BUY,5.92,0.49,0xe2c90965235c4e02c7901499629827c7f4caab3274188596db003adf3d2ac410,2026-05-02 10:01:46,0xe4cc8ad5133b66d821d068a1fd1556a5a831601f8d55332a6eaffd34fb0defbc,eth-updown-5m-1777705200
"Bitcoin Up or Down - May 2, 3:00AM-3:05AM ET",Down,BUY,45,0.64,0xe98a1b47a8bbdb2e8b7c0181f53a2a694a4de30c6ed90221accf3869811486dc,2026-05-02 10:01:46,0x27ee08e79e282529ef4b7a9b3e7d4bce0d64e931d6a4cacbd67e1eba7a8d22c6,btc-updown-5m-1777705200
"Bitcoin Up or Down - May 2, 3:00AM-3:05AM ET",Up,BUY,38.28,0.49,0xe98a1b47a8bbdb2e8b7c0181f53a2a694a4de30c6ed90221accf3869811486dc,2026-05-02 10:01:24,0x80ca57f76df37e57ae6520092e27f7af203bb9fe292f4e26c32bd594b8975a4d,btc-updown-5m-1777705200
"Ethereum Up or Down - May 2, 3:00AM-3:05AM ET",Down,BUY,10,0.51852,0xe2c90965235c4e02c7901499629827c7f4caab3274188596db003adf3d2ac410,2026-05-02 10:01:20,0xc502e603e368f38be83f1f39202adf300b72a917e0e049a66859e4740758aee5,eth-updown-5m-1777705200
"Ethereum Up or Down - May 2, 3:00AM-3:05AM ET",Down,BUY,10,0.56,0xe2c90965235c4e02c7901499629827c7f4caab3274188596db003adf3d2ac410,2026-05-02 10:01:20,0x3d5bed4605e956288d095b173b5d38c2a5dbf23f1702beea48da60042e775121,eth-updown-5m-1777705200
"Bitcoin Up or Down - May 2, 3:00AM-3:05AM ET",Down,BUY,40,0.52,0xe98a1b47a8bbdb2e8b7c0181f53a2a694a4de30c6ed90221accf3869811486dc,2026-05-02 10:01:20,0xe4c306947540f72dec5687c7efd2ae9bccedb7b99c6e2e09a15c4911ea796e92,btc-updown-5m-1777705200
"Ethereum Up or Down - May 2, 3:00AM-3:05AM ET",Down,BUY,10,0.502,0xe2c90965235c4e02c7901499629827c7f4caab3274188596db003adf3d2ac410,2026-05-02 10:01:18,0x61c371e0fa0becdbbba7db855f4d34773d9c121e5ee809ff7d271b10c2bec423,eth-updown-5m-1777705200
"Ethereum Up or Down - May 2, 3:00AM-3:05AM ET",Down,BUY,10,0.5,0xe2c90965235c4e02c7901499629827c7f4caab3274188596db003adf3d2ac410,2026-05-02 10:01:18,0xe40818c88200f31390b82acb36d962bc2ff9160036076c9f682bda4e2b1ad674,eth-updown-5m-1777705200
"Bitcoin Up or Down - May 2, 3AM ET",Down,BUY,5,0.54,0x55c488d9bc797ed51b27e101aac623df43457eb81d26e056eeeaa616b88e4f80,2026-05-02 10:01:18,0x205b7c0c8c069bf54a49e4c4fd010881b856745c06044a0bef63af55855afb9e,bitcoin-up-or-down-may-2-2026-3am-et
"Ethereum Up or Down - May 2, 3:00AM-3:05AM ET",Down,BUY,10,0.51,0xe2c90965235c4e02c7901499629827c7f4caab3274188596db003adf3d2ac410,2026-05-02 10:01:12,0xfc5cc8093cc1ebe3ae31e072f83e6d87f3d7d4f2f1c04a3d5981bea7a41b9074,eth-updown-5m-1777705200
"Bitcoin Up or Down - May 2, 3AM ET",Up,BUY,5,0.47,0x55c488d9bc797ed51b27e101aac623df43457eb81d26e056eeeaa616b88e4f80,2026-05-02 10:01:08,0x2851d06bbf6a712aa1b92c58f3c2e002a22b5dab838bebab4483337b717e4ca7,bitcoin-up-or-down-may-2-2026-3am-et
"Bitcoin Up or Down - May 2, 3AM ET",Up,BUY,5,0.47,0x55c488d9bc797ed51b27e101aac623df43457eb81d26e056eeeaa616b88e4f80,2026-05-02 10:01:08,0xa4d61db9893b25136d1fc6734d977cfa4d33e1ce31b34d343a11ceeb400510fc,bitcoin-up-or-down-may-2-2026-3am-et
"Bitcoin Up or Down - May 2, 3:00AM-3:15AM ET",Up,BUY,11,0.64,0x1d355a79b2ff9fb2e4881eddbac90d02dc60b94f438d29cd24981815465ebe68,2026-05-02 10:01:08,0x8e45db28f07b5efc09841db990a855850402ef962255b15c0bd86a6b76bf1881,btc-updown-15m-1777705200
"Ethereum Up or Down - May 2, 3:00AM-3:05AM ET",Down,BUY,10,0.45,0xe2c90965235c4e02c7901499629827c7f4caab3274188596db003adf3d2ac410,2026-05-02 10:01:02,0x30145a52c53937c9bb71b072a6ba78772d31d913dd9b6f8dd0e6373d34f43bdc,eth-updown-5m-1777705200
"Bitcoin Up or Down - May 2, 3:00AM-3:05AM ET",Up,BUY,53,0.72,0xe98a1b47a8bbdb2e8b7c0181f53a2a694a4de30c6ed90221accf3869811486dc,2026-05-02 10:00:44,0xb11df17bbdcaaa4c2690706d21dc4c6791466f619646bd19d0dc6811b56fc5f3,btc-updown-5m-1777705200
"Bitcoin Up or Down - May 2, 3AM ET",Up,BUY,5,0.47,0x55c488d9bc797ed51b27e101aac623df43457eb81d26e056eeeaa616b88e4f80,2026-05-02 10:00:42,0xe1eb54f2e60d730eab54b7daa3d51613ca3022257d3e2239712d7218e2edb3a9,bitcoin-up-or-down-may-2-2026-3am-et
"Ethereum Up or Down - May 2, 3:00AM-3:05AM ET",Down,BUY,10,0.52,0xe2c90965235c4e02c7901499629827c7f4caab3274188596db003adf3d2ac410,2026-05-02 10:00:40,0xc5dbe0a836afc46e235a3b3d606a24566d91091de5339e3248684f67b49e655c,eth-updown-5m-1777705200
"Ethereum Up or Down - May 2, 3:00AM-3:05AM ET",Down,BUY,10,0.52,0xe2c90965235c4e02c7901499629827c7f4caab3274188596db003adf3d2ac410,2026-05-02 10:00:40,0x80d026df27b56f0fb3c595bd65e4e63eaee5b65a11b3ec541807e4d72e8775ec,eth-updown-5m-1777705200
"Ethereum Up or Down - May 2, 3:00AM-3:05AM ET",Down,BUY,10,0.52,0xe2c90965235c4e02c7901499629827c7f4caab3274188596db003adf3d2ac410,2026-05-02 10:00:40,0xde7a3cbf6c79bea45504dbb47853fcac7d1dbb602f9d18cabe43b397ff87b024,eth-updown-5m-1777705200
"Bitcoin Up or Down - May 2, 3:00AM-3:05AM ET",Up,BUY,58,0.76,0xe98a1b47a8bbdb2e8b7c0181f53a2a694a4de30c6ed90221accf3869811486dc,2026-05-02 10:00:38,0xaecd1ee278cb8462d91ee2bee2b2694dc04d8b6de12ca05cb230a18d39ce5092,btc-updown-5m-1777705200
"Bitcoin Up or Down - May 2, 3:00AM-3:05AM ET",Up,BUY,26.71,0.78,0xe98a1b47a8bbdb2e8b7c0181f53a2a694a4de30c6ed90221accf3869811486dc,2026-05-02 10:00:28,0x1146b4256140011d9b835d1bd8c9071e0e9c360d7eb917878f3f446d453263ca,btc-updown-5m-1777705200
"Ethereum Up or Down - May 2, 3:00AM-3:05AM ET",Up,BUY,10,0.45,0xe2c90965235c4e02c7901499629827c7f4caab3274188596db003adf3d2ac410,2026-05-02 10:00:28,0xaea760fd0530ea757dca8a85b5640620932037ac9806a640d2508ddcd7fa6c6e,eth-updown-5m-1777705200
"Bitcoin Up or Down - May 2, 3AM ET",Up,BUY,5,0.47,0x55c488d9bc797ed51b27e101aac623df43457eb81d26e056eeeaa616b88e4f80,2026-05-02 10:00:28,0x57edd369704c4babb4eec8a372c0299af4be5ba1d55a78df2ea69deb286faa68,bitcoin-up-or-down-may-2-2026-3am-et
"Ethereum Up or Down - May 2, 3:00AM-3:05AM ET",Up,BUY,10,0.45,0xe2c90965235c4e02c7901499629827c7f4caab3274188596db003adf3d2ac410,2026-05-02 10:00:28,0xd5dc9f4350743735c292d0c2082b9b0debd47fdf023f2d960ca66b4dc3398064,eth-updown-5m-1777705200
"Ethereum Up or Down - May 2, 3:00AM-3:05AM ET",Up,BUY,10,0.45,0xe2c90965235c4e02c7901499629827c7f4caab3274188596db003adf3d2ac410,2026-05-02 10:00:28,0xf1a33de0fcea9d7d336e62188ca2be545392abded375ebcb3a68036760a7be5e,eth-updown-5m-1777705200
"Ethereum Up or Down - May 2, 3:00AM-3:05AM ET",Up,BUY,10,0.44558,0xe2c90965235c4e02c7901499629827c7f4caab3274188596db003adf3d2ac410,2026-05-02 10:00:28,0x6cacb27a683308d52febbb78426bcbe33b74cf731ca17fdc3421bd2e07d2e2bc,eth-updown-5m-1777705200
"Bitcoin Up or Down - May 2, 3:00AM-3:05AM ET",Up,BUY,46.54,0.73,0xe98a1b47a8bbdb2e8b7c0181f53a2a694a4de30c6ed90221accf3869811486dc,2026-05-02 10:00:26,0xa640fb8c076f03a4791bdeb29914b73cd888501469648904d73a15f5b8045639,btc-updown-5m-1777705200
"Ethereum Up or Down - May 2, 3:00AM-3:05AM ET",Up,BUY,10,0.44,0xe2c90965235c4e02c7901499629827c7f4caab3274188596db003adf3d2ac410,2026-05-02 10:00:26,0xd380e89d3667c2aadcfc115d37125b938481c7ec855aa14b1c5ed7cadc8a3d88,eth-updown-5m-1777705200
"Bitcoin Up or Down - May 2, 3AM ET",Up,BUY,5,0.47,0x55c488d9bc797ed51b27e101aac623df43457eb81d26e056eeeaa616b88e4f80,2026-05-02 10:00:26,0xb21b3e8eb7bb0a24c219ed884d239bec707f555febd35cd1f8a5cc25cdfb34fc,bitcoin-up-or-down-may-2-2026-3am-et
"Bitcoin Up or Down - May 2, 3:00AM-3:15AM ET",Up,BUY,5.12,0.52953125,0x1d355a79b2ff9fb2e4881eddbac90d02dc60b94f438d29cd24981815465ebe68,2026-05-02 10:00:26,0x0eda3702597514494bd3617c87e04e16b968d776fb112506211dd8a3c9700db7,btc-updown-15m-1777705200
"Bitcoin Up or Down - May 2, 3AM ET",Up,BUY,5,0.47,0x55c488d9bc797ed51b27e101aac623df43457eb81d26e056eeeaa616b88e4f80,2026-05-02 10:00:26,0xb7819732f47ff973d0447f9a84eb00fb8628ae3675ba8c844a37d9de3a122f16,bitcoin-up-or-down-may-2-2026-3am-et
"Ethereum Up or Down - May 2, 3:00AM-3:05AM ET",Up,BUY,10,0.44,0xe2c90965235c4e02c7901499629827c7f4caab3274188596db003adf3d2ac410,2026-05-02 10:00:26,0xd4de8ac25716d869b8c15a219c23fe1a6623fe71b3d1ed990ba4122f3fecfc3e,eth-updown-5m-1777705200
"Bitcoin Up or Down - May 2, 3:00AM-3:05AM ET",Up,BUY,2.02,0.74,0xe98a1b47a8bbdb2e8b7c0181f53a2a694a4de30c6ed90221accf3869811486dc,2026-05-02 10:00:26,0x38a9a816b341715579853f3d6157d262c5f1ce497c7e506f5661dbd175c0c957,btc-updown-5m-1777705200
"Bitcoin Up or Down - May 2, 3:00AM-3:15AM ET",Up,BUY,10,0.54,0x1d355a79b2ff9fb2e4881eddbac90d02dc60b94f438d29cd24981815465ebe68,2026-05-02 10:00:26,0x5603a162450cf50b521e7a67f9635180f755b3a2c507609d54f4ce0303f56d72,btc-updown-15m-1777705200
"Bitcoin Up or Down - May 2, 3AM ET",Up,BUY,5,0.47,0x55c488d9bc797ed51b27e101aac623df43457eb81d26e056eeeaa616b88e4f80,2026-05-02 10:00:26,0x5a2af722c06952d013bb1e46b7002f003dcbfc0794448235d475e56e601b191e,bitcoin-up-or-down-may-2-2026-3am-et
"Ethereum Up or Down - May 2, 3:00AM-3:05AM ET",Up,BUY,10,0.44,0xe2c90965235c4e02c7901499629827c7f4caab3274188596db003adf3d2ac410,2026-05-02 10:00:24,0x83d2ef55810d55b63e163f096089560b9f27127ac3e9ad40b51b11540e16cad4,eth-updown-5m-1777705200
"Ethereum Up or Down - May 2, 3:00AM-3:05AM ET",Up,BUY,10,0.44,0xe2c90965235c4e02c7901499629827c7f4caab3274188596db003adf3d2ac410,2026-05-02 10:00:24,0xe93d72ce17d07ae702b1d5013a9c5eccba6424ac59e190b43ed92a599b4da80f,eth-updown-5m-1777705200
"Bitcoin Up or Down - May 2, 3:00AM-3:05AM ET",Up,BUY,48,0.6688729166666667,0xe98a1b47a8bbdb2e8b7c0181f53a2a694a4de30c6ed90221accf3869811486dc,2026-05-02 10:00:24,0x53fb3cc3d0a8650b553c2d034a3e7d34af77dbf001f9e33e286291c7e56c1f80,btc-updown-5m-1777705200
"Bitcoin Up or Down - May 2, 3AM ET",Up,BUY,5,0.47,0x55c488d9bc797ed51b27e101aac623df43457eb81d26e056eeeaa616b88e4f80,2026-05-02 10:00:16,0x4e22293d0a531348cd4e7dd26b50192588df1deed96721bb6c1b0935ae27a37b,bitcoin-up-or-down-may-2-2026-3am-et
"Bitcoin Up or Down - May 2, 3:00AM-3:15AM ET",Up,BUY,10,0.5,0x1d355a79b2ff9fb2e4881eddbac90d02dc60b94f438d29cd24981815465ebe68,2026-05-02 10:00:16,0x950e4cfe051de8d12852c083382d4989914098d59decfbfd70899a6f47c46bbc,btc-updown-15m-1777705200
"Bitcoin Up or Down - May 2, 3:00AM-3:05AM ET",Up,BUY,45,0.62,0xe98a1b47a8bbdb2e8b7c0181f53a2a694a4de30c6ed90221accf3869811486dc,2026-05-02 10:00:16,0x261f89275b92420805a422b13a608a22df35a7f2e88a953381aeb6235129d1c8,btc-updown-5m-1777705200
"Bitcoin Up or Down - May 2, 3:00AM-3:05AM ET",Up,BUY,52,0.6563461538461538,0xe98a1b47a8bbdb2e8b7c0181f53a2a694a4de30c6ed90221accf3869811486dc,2026-05-02 10:00:04,0x6c5e264a606da1ee77a56acd25095af30e759761fd06b24d9ea5b10c55adcc5a,btc-updown-5m-1777705200
"Ethereum Up or Down - May 2, 3:00AM-3:05AM ET",Up,BUY,10,0.38,0xe2c90965235c4e02c7901499629827c7f4caab3274188596db003adf3d2ac410,2026-05-02 10:00:04,0x227565cebf7b75ac1c3419d1b25b23195415b605c01ff21799e3d3362e060175,eth-updown-5m-1777705200
"Bitcoin Up or Down - May 2, 3:00AM-3:15AM ET",Up,BUY,10,0.5,0x1d355a79b2ff9fb2e4881eddbac90d02dc60b94f438d29cd24981815465ebe68,2026-05-02 10:00:04,0x96752ee3afe2ff4b69ab1392b7f82c9b077047a1a0e1dbba779bc094830cca27,btc-updown-15m-1777705200
"Bitcoin Up or Down - May 2, 3:00AM-3:15AM ET",Down,BUY,10,0.51,0x1d355a79b2ff9fb2e4881eddbac90d02dc60b94f438d29cd24981815465ebe68,2026-05-02 10:00:04,0x9f9b1c5c940770c26c771fe6350d05d39f77d4608b4304c41bb1abd2a8d2875b,btc-updown-15m-1777705200
"Bitcoin Up or Down - May 2, 3AM ET",Down,BUY,0.63,0.55,0x55c488d9bc797ed51b27e101aac623df43457eb81d26e056eeeaa616b88e4f80,2026-05-02 10:00:04,0x0425abf52cc8fcefb2bec867ab33998da5f804ebf81a836deb387998a1f3bb98,bitcoin-up-or-down-may-2-2026-3am-et
"Bitcoin Up or Down - May 2, 3:00AM-3:15AM ET",Up,BUY,10,0.502,0x1d355a79b2ff9fb2e4881eddbac90d02dc60b94f438d29cd24981815465ebe68,2026-05-02 10:00:04,0x12c48a91d42f386bd448c2584564ab308ff05cdee41e82ccd7f059cd398ccfd6,btc-updown-15m-1777705200
"Bitcoin Up or Down - May 2, 3AM ET",Up,BUY,5,0.46,0x55c488d9bc797ed51b27e101aac623df43457eb81d26e056eeeaa616b88e4f80,2026-05-02 10:00:04,0x10e9ebc6bdc01b44a33dad90c2c7add6d2f9e770bb8d587b2e0655e7700bf081,bitcoin-up-or-down-may-2-2026-3am-et
"Bitcoin Up or Down - May 2, 3:00AM-3:05AM ET",Up,BUY,51,0.65,0xe98a1b47a8bbdb2e8b7c0181f53a2a694a4de30c6ed90221accf3869811486dc,2026-05-02 10:00:04,0xe65ed7d9995d7806f32af9f58d2a4045b8c00ec928550f4d48c0ed084d7e0346,btc-updown-5m-1777705200
"Bitcoin Up or Down - May 2, 3AM ET",Up,BUY,5,0.46,0x55c488d9bc797ed51b27e101aac623df43457eb81d26e056eeeaa616b88e4f80,2026-05-02 10:00:04,0x3d8fb193fd9e3552c2706079b70253f74a7a21854a241ac4714276aa634ec69c,bitcoin-up-or-down-may-2-2026-3am-et
"Bitcoin Up or Down - May 2, 3:00AM-3:05AM ET",Down,BUY,42,0.36,0xe98a1b47a8bbdb2e8b7c0181f53a2a694a4de30c6ed90221accf3869811486dc,2026-05-02 10:00:04,0x93e295dea35dbc1967bab8efdfc8e298e0edfe54afa04235e9af32b83739abc6,btc-updown-5m-1777705200
"Bitcoin Up or Down - May 2, 3AM ET",Down,BUY,5,0.55,0x55c488d9bc797ed51b27e101aac623df43457eb81d26e056eeeaa616b88e4f80,2026-05-02 10:00:04,0x80a4f02b1e505282fe8988298672a28ea7ea6b5a1ed42d3237f3c9b66162348b,bitcoin-up-or-down-may-2-2026-3am-et
"Bitcoin Up or Down - May 2, 3:00AM-3:05AM ET",Down,BUY,43,0.35,0xe98a1b47a8bbdb2e8b7c0181f53a2a694a4de30c6ed90221accf3869811486dc,2026-05-02 10:00:04,0xb09bf9a84e3bf024ad62dbc3520d3da5bc4b416bf55c7f0ee7d67cffc39ff211,btc-updown-5m-1777705200
"Ethereum Up or Down - May 2, 3:00AM-3:05AM ET",Down,BUY,12,0.6216666666666667,0xe2c90965235c4e02c7901499629827c7f4caab3274188596db003adf3d2ac410,2026-05-02 10:00:04,0xbec5ef2535ec527bba4e87cda6ac4382a50e4212c9825352e42c07f7fa6b6cbe,eth-updown-5m-1777705200
"Ethereum Up or Down - May 2, 3:00AM-3:05AM ET",Down,BUY,11,0.6211272727272728,0xe2c90965235c4e02c7901499629827c7f4caab3274188596db003adf3d2ac410,2026-05-02 10:00:04,0xd8b5f1078a26d2e4a45e2da63fab561ae1a78da0e2787674f7e542df46e0b318,eth-updown-5m-1777705200
"Ethereum Up or Down - May 2, 3:00AM-3:05AM ET",Down,BUY,11,0.6209090909090909,0xe2c90965235c4e02c7901499629827c7f4caab3274188596db003adf3d2ac410,2026-05-02 10:00:04,0xd52dec27b0f7b6c8b0291d35202230ccf687c87da87ec2b7007a14e4b0530ffe,eth-updown-5m-1777705200
"Ethereum Up or Down - May 2, 2:55AM-3:00AM ET",Up,BUY,78.34,0.9046030125095736,0x0e0b8e32123a067797634309498e3a4124f6fe661521334a5f35de08ec500c99,2026-05-02 09:59:54,0xeefb061897183ff56f1727b8087a626c4e88a7b23892b998472eefd37ac7e57c,eth-updown-5m-1777704900
"Bitcoin Up or Down - May 2, 12:00AM-4:00AM ET",Up,BUY,6,0.31,0xd0bd5c46fefa54a75eec1d0aab99cfbb8c167d8271d7fed1b36ba47530509e86,2026-05-02 09:59:44,0xa4b6f37da8e918d7f07bad5aae0d7686c80c42070556faf4c0a846e5b1ea877a,btc-updown-4h-1777694400
"Bitcoin Up or Down - May 2, 12:00AM-4:00AM ET",Up,BUY,5,0.33,0xd0bd5c46fefa54a75eec1d0aab99cfbb8c167d8271d7fed1b36ba47530509e86,2026-05-02 09:59:44,0xbe2328302461bef79e58d6d02401afd63f70c2b2a2958463691b156e6bf8c467,btc-updown-4h-1777694400
"Ethereum Up or Down - May 2, 2:55AM-3:00AM ET",Up,BUY,15,0.72,0x0e0b8e32123a067797634309498e3a4124f6fe661521334a5f35de08ec500c99,2026-05-02 09:59:34,0x5df580cbbc712c520d32959085ac82e24f625b1bb4998051134f31b0a5c976b9,eth-updown-5m-1777704900
"Ethereum Up or Down - May 2, 2:55AM-3:00AM ET",Up,BUY,11,0.6754545454545454,0x0e0b8e32123a067797634309498e3a4124f6fe661521334a5f35de08ec500c99,2026-05-02 09:59:34,0x911343a03e966198d40a0cd1aeed84f2bfd2b203c071f938cf2a46ae575a782f,eth-updown-5m-1777704900
"Bitcoin Up or Down - May 2, 2:55AM-3:00AM ET",Down,BUY,102,0.09533529411764706,0x5a3c9bcefdcd8489d1a7c02c90ee97ffc64e2ceda7defad8e5b5f3687048a8fc,2026-05-02 09:59:32,0x7cdc30885dedc3171321e8236bf51b0e84d3db66f414c776765406c055862ef3,btc-updown-5m-1777704900
"Ethereum Up or Down - May 2, 2:55AM-3:00AM ET",Up,BUY,11,0.65,0x0e0b8e32123a067797634309498e3a4124f6fe661521334a5f35de08ec500c99,2026-05-02 09:59:22,0xde2f0da48c5b31d590a6646987a0a16f0293f1178dcde3c5240fdfdcae097920,eth-updown-5m-1777704900
"Ethereum Up or Down - May 2, 2:55AM-3:00AM ET",Up,BUY,11,0.61,0x0e0b8e32123a067797634309498e3a4124f6fe661521334a5f35de08ec500c99,2026-05-02 09:59:08,0x3099889009f47aeb5e23c78501fd9236ccecc82272885c0478c2dc02d60039b2,eth-updown-5m-1777704900
"Bitcoin Up or Down - May 2, 2:55AM-3:00AM ET",Up,BUY,42.93,0.861169345446075,0x5a3c9bcefdcd8489d1a7c02c90ee97ffc64e2ceda7defad8e5b5f3687048a8fc,2026-05-02 09:58:56,0x4a6ebd5c4c746b94231e7c2661d3d2b6137fa53c730efbd0ef2d047f4dd2fead,btc-updown-5m-1777704900
"Ethereum Up or Down - May 2, 2:55AM-3:00AM ET",Up,BUY,11,0.5560727272727273,0x0e0b8e32123a067797634309498e3a4124f6fe661521334a5f35de08ec500c99,2026-05-02 09:58:56,0x8b3f8aba4c051b8412228851973140ab7c34a5e04fb0c6472201eff007908f0b,eth-updown-5m-1777704900
"Ethereum Up or Down - May 2, 2:55AM-3:00AM ET",Up,BUY,10,0.53283,0x0e0b8e32123a067797634309498e3a4124f6fe661521334a5f35de08ec500c99,2026-05-02 09:58:56,0xadfed93c827a60b26fc0518c1faf92815f2b96f29ba52c690dfb3d21381ab696,eth-updown-5m-1777704900
"Bitcoin Up or Down - May 2, 2:55AM-3:00AM ET",Up,BUY,9,0.77,0x5a3c9bcefdcd8489d1a7c02c90ee97ffc64e2ceda7defad8e5b5f3687048a8fc,2026-05-02 09:58:56,0x9e62f4ff20de8b51027d0c1b415cefbe61abedca9a06e1e295cbfb2e830dcf2e,btc-updown-5m-1777704900
"Ethereum Up or Down - May 2, 2:55AM-3:00AM ET",Up,BUY,8.61,0.6,0x0e0b8e32123a067797634309498e3a4124f6fe661521334a5f35de08ec500c99,2026-05-02 09:58:52,0xed1c168b1c233ac531c84d6d8631992bf9933747e18716c43fcf7f9697fc889e,eth-updown-5m-1777704900
"Ethereum Up or Down - May 2, 2:55AM-3:00AM ET",Down,BUY,10,0.4748,0x0e0b8e32123a067797634309498e3a4124f6fe661521334a5f35de08ec500c99,2026-05-02 09:58:52,0x3f68ec514196d8978e35b99fd6dc4094a11095ebe971a974dfda0b15a5efe440,eth-updown-5m-1777704900
"Ethereum Up or Down - May 2, 2:55AM-3:00AM ET",Down,BUY,10,0.42,0x0e0b8e32123a067797634309498e3a4124f6fe661521334a5f35de08ec500c99,2026-05-02 09:58:52,0x6f978e0940e0d70f9d6c19a1cd2ff65968168d56660e5665972c7bd420cf4c12,eth-updown-5m-1777704900
"Bitcoin Up or Down - May 2, 2:55AM-3:00AM ET",Down,BUY,15.02,0.11,0x5a3c9bcefdcd8489d1a7c02c90ee97ffc64e2ceda7defad8e5b5f3687048a8fc,2026-05-02 09:58:52,0xd4d0b1d96e77597cd08ad457f0c3d50a820a183b8cbba690a3028ea3fbc590c3,btc-updown-5m-1777704900
"Bitcoin Up or Down - May 2, 2:55AM-3:00AM ET",Up,BUY,177,0.92,0x5a3c9bcefdcd8489d1a7c02c90ee97ffc64e2ceda7defad8e5b5f3687048a8fc,2026-05-02 09:58:50,0x2372a9fecf673cf9acad0804086a38e8144e282963f67be8412624567c8c3b98,btc-updown-5m-1777704900
"Bitcoin Up or Down - May 2, 2:55AM-3:00AM ET",Up,BUY,211,0.92,0x5a3c9bcefdcd8489d1a7c02c90ee97ffc64e2ceda7defad8e5b5f3687048a8fc,2026-05-02 09:58:50,0x4efd156d8a328d76c6595c2da25180e4600557157307aab871a923b4b7934457,btc-updown-5m-1777704900
"Bitcoin Up or Down - May 2, 12:00AM-4:00AM ET",Up,BUY,6,0.27,0xd0bd5c46fefa54a75eec1d0aab99cfbb8c167d8271d7fed1b36ba47530509e86,2026-05-02 09:58:50,0x21f6ceda29ae00ab4c35c7cb5ec73ab9cf8d346e5a4c8348f96627c274da1299,btc-updown-4h-1777694400
"Bitcoin Up or Down - May 2, 2:55AM-3:00AM ET",Up,BUY,344,0.92,0x5a3c9bcefdcd8489d1a7c02c90ee97ffc64e2ceda7defad8e5b5f3687048a8fc,2026-05-02 09:58:50,0x01e61008a65e84c4e9d2ae946d626c16cf2293a928195c2df78c214451371706,btc-updown-5m-1777704900
"Bitcoin Up or Down - May 2, 12:00AM-4:00AM ET",Up,BUY,5,0.29,0xd0bd5c46fefa54a75eec1d0aab99cfbb8c167d8271d7fed1b36ba47530509e86,2026-05-02 09:58:50,0x6c5431ffb6d7500079eccbb58ce20a2171f02a60a0b721d3b9b4a1cf9b4b2afc,btc-updown-4h-1777694400
"Ethereum Up or Down - May 2, 2:55AM-3:00AM ET",Up,BUY,10,0.45,0x0e0b8e32123a067797634309498e3a4124f6fe661521334a5f35de08ec500c99,2026-05-02 09:58:38,0xe6c5dd9eec21691e00a95f72d75e08d2cb3772f258a4b7d6a3d6eede3ee3a63b,eth-updown-5m-1777704900
"Ethereum Up or Down - May 2, 2:55AM-3:00AM ET",Up,BUY,10,0.45,0x0e0b8e32123a067797634309498e3a4124f6fe661521334a5f35de08ec500c99,2026-05-02 09:58:36,0x07d88e28a24270e90e2eb29c3b064647d6e3d2a4cf02e3987ac0695dc642175f,eth-updown-5m-1777704900
"Ethereum Up or Down - May 2, 2:55AM-3:00AM ET",Up,BUY,10,0.44026,0x0e0b8e32123a067797634309498e3a4124f6fe661521334a5f35de08ec500c99,2026-05-02 09:58:36,0x6974205a8df24495a1c9b7ee9c51b27e9dd23c53582f54cf03c132a38c731bba,eth-updown-5m-1777704900
"Ethereum Up or Down - May 2, 2:55AM-3:00AM ET",Up,BUY,10,0.36,0x0e0b8e32123a067797634309498e3a4124f6fe661521334a5f35de08ec500c99,2026-05-02 09:58:14,0xaf0030353312a0bb0fd708a0cadc5d73a0f876d2e3ac9e731cbb8803ecd438a2,eth-updown-5m-1777704900
"Bitcoin Up or Down - May 2, 2:55AM-3:00AM ET",Up,BUY,41.85,0.8325256869772999,0x5a3c9bcefdcd8489d1a7c02c90ee97ffc64e2ceda7defad8e5b5f3687048a8fc,2026-05-02 09:58:14,0x10c649b703fd03407abca68d63eba4ee256a55b3659f313a1145eb6662761092,btc-updown-5m-1777704900
"Ethereum Up or Down - May 2, 2:55AM-3:00AM ET",Up,BUY,10,0.36,0x0e0b8e32123a067797634309498e3a4124f6fe661521334a5f35de08ec500c99,2026-05-02 09:58:14,0xfb94a6135b4e1e7186a130e586163ccb5aa17ad95e8c90b922a34aced3e9d42a,eth-updown-5m-1777704900
"Ethereum Up or Down - May 2, 2:55AM-3:00AM ET",Up,BUY,11,0.36,0x0e0b8e32123a067797634309498e3a4124f6fe661521334a5f35de08ec500c99,2026-05-02 09:58:14,0xb48562a07e3949fd0d8bc5732a2b5111f455bb93aa2319a9fb8a3bc4ffe69998,eth-updown-5m-1777704900
"Ethereum Up or Down - May 2, 2:55AM-3:00AM ET",Up,BUY,11,0.3209090909090909,0x0e0b8e32123a067797634309498e3a4124f6fe661521334a5f35de08ec500c99,2026-05-02 09:57:54,0x9852c7eaef3aa10148a46cf0130a8088f903ffd46488383d64467ef0a4c227f9,eth-updown-5m-1777704900
"Ethereum Up or Down - May 2, 2:55AM-3:00AM ET",Up,BUY,10.74,0.34731843575418997,0x0e0b8e32123a067797634309498e3a4124f6fe661521334a5f35de08ec500c99,2026-05-02 09:57:54,0x5f1a60dbec042878e4fe3e259a466c7f23ac83957fd6c603ecb624591c9c2914,eth-updown-5m-1777704900
"Bitcoin Up or Down - May 2, 2:55AM-3:00AM ET",Down,BUY,45,0.26,0x5a3c9bcefdcd8489d1a7c02c90ee97ffc64e2ceda7defad8e5b5f3687048a8fc,2026-05-02 09:57:50,0xf6ed5625d5d7d6e5a660e7ac010674ead2c8a6ab8b6906ed7f91d08c8892fa51,btc-updown-5m-1777704900
"Ethereum Up or Down - May 2, 2:55AM-3:00AM ET",Down,BUY,12,0.6558333333333334,0x0e0b8e32123a067797634309498e3a4124f6fe661521334a5f35de08ec500c99,2026-05-02 09:57:50,0x6b475344381702ca550a22428294291396b30a76bbcabf2bab6deada10f9c98b,eth-updown-5m-1777704900
"Bitcoin Up or Down - May 2, 2:55AM-3:00AM ET",Down,BUY,51,0.2441078431372549,0x5a3c9bcefdcd8489d1a7c02c90ee97ffc64e2ceda7defad8e5b5f3687048a8fc,2026-05-02 09:57:48,0xcec181779b19da51fc827fa62661db6ad280e1b110ed5dc5ad71da6e49f6e22c,btc-updown-5m-1777704900
"Ethereum Up or Down - May 2, 2:55AM-3:00AM ET",Down,BUY,11,0.61,0x0e0b8e32123a067797634309498e3a4124f6fe661521334a5f35de08ec500c99,2026-05-02 09:57:48,0x93ec6afdbfae440a674f95215569eeab5a595685df6619d7295c81d0d4a6e780,eth-updown-5m-1777704900
"Ethereum Up or Down - May 2, 2:55AM-3:00AM ET",Down,BUY,10,0.6,0x0e0b8e32123a067797634309498e3a4124f6fe661521334a5f35de08ec500c99,2026-05-02 09:57:48,0x652d0b969690d0947bc7c57b8f99904681ad7846d4e98a963f5ba6b651fee95f,eth-updown-5m-1777704900
"Ethereum Up or Down - May 2, 2:55AM-3:00AM ET",Down,BUY,11,0.59,0x0e0b8e32123a067797634309498e3a4124f6fe661521334a5f35de08ec500c99,2026-05-02 09:57:48,0xb27c4c55d3fbde09ad2967d15e0b9167d69618a3972a1746014f6e6819c611c1,eth-updown-5m-1777704900
"Ethereum Up or Down - May 2, 2:55AM-3:00AM ET",Down,BUY,11,0.57,0x0e0b8e32123a067797634309498e3a4124f6fe661521334a5f35de08ec500c99,2026-05-02 09:57:26,0xec00df160d6cac24c020679e6acac5ae0a11b506a69f40148fc7b94214474817,eth-updown-5m-1777704900
"Ethereum Up or Down - May 2, 2:55AM-3:00AM ET",Down,BUY,11,0.57,0x0e0b8e32123a067797634309498e3a4124f6fe661521334a5f35de08ec500c99,2026-05-02 09:57:26,0x32eca4387e52ac72dca596b11b0786be12778e133ac17d328c02e8178d5efa56,eth-updown-5m-1777704900
"Ethereum Up or Down - May 2, 2:55AM-3:00AM ET",Down,BUY,10,0.57,0x0e0b8e32123a067797634309498e3a4124f6fe661521334a5f35de08ec500c99,2026-05-02 09:57:26,0x536becb3e3e3b2bba0169e2a9e8cfc9db1ca3cf51d1cf1acf7c08b910c705fbb,eth-updown-5m-1777704900
"Bitcoin Up or Down - May 2, 2:55AM-3:00AM ET",Up,BUY,102,0.8517078431372549,0x5a3c9bcefdcd8489d1a7c02c90ee97ffc64e2ceda7defad8e5b5f3687048a8fc,2026-05-02 09:57:22,0x1c3c9994081972996088f7ee229737115cbfd538b3eec44937e9f9f3a2ae4422,btc-updown-5m-1777704900
"Bitcoin Up or Down - May 2, 2:55AM-3:00AM ET",Up,BUY,15.04,0.8366622340425532,0x5a3c9bcefdcd8489d1a7c02c90ee97ffc64e2ceda7defad8e5b5f3687048a8fc,2026-05-02 09:57:22,0xaa47057b6bca55f3dcdaa72eeaee3be9436e7847a8817d9601806fd6c7d765b4,btc-updown-5m-1777704900
"Ethereum Up or Down - May 2, 2:45AM-3:00AM ET",Up,BUY,1205.56,0.99,0xaef06e1c95f69f329f04baf0fcb34e27a43f633dc77d98403553043215a8efff,2026-05-02 09:57:20,0x240fd954d2b4f8284c997af5283434a791bf5b4697062261c635a840fde740f5,eth-updown-15m-1777704300
"Bitcoin Up or Down - May 2, 2:45AM-3:00AM ET",Up,BUY,527.76,0.99,0x4c1bafd39b802fa9ab980ce34fbf87794d3b6b6042dc1c568ce6c488bc85ce1a,2026-05-02 09:57:10,0x46a04f315ebbc01b636becc40e7d6798af2ce14797474ccd24652bd791cbebcd,btc-updown-15m-1777704300
"Ethereum Up or Down - May 2, 2:55AM-3:00AM ET",Up,BUY,10,0.44,0x0e0b8e32123a067797634309498e3a4124f6fe661521334a5f35de08ec500c99,2026-05-02 09:57:10,0x153bec9314582772fe98027ae38383dce09bcfbcc26aa0e92ed9730f88eee8e0,eth-updown-5m-1777704900
"Bitcoin Up or Down - May 2, 2:55AM-3:00AM ET",Up,BUY,25.65,0.6837621832358675,0x5a3c9bcefdcd8489d1a7c02c90ee97ffc64e2ceda7defad8e5b5f3687048a8fc,2026-05-02 09:57:10,0xf55235d51695c5570c3f43079220cc6b63b4be1e06609784192cdf0c4049219b,btc-updown-5m-1777704900
"Ethereum Up or Down - May 2, 2:55AM-3:00AM ET",Up,BUY,10,0.38,0x0e0b8e32123a067797634309498e3a4124f6fe661521334a5f35de08ec500c99,2026-05-02 09:57:08,0xc6b6ae853103b30cdc6d7adb2ece319c8211d643acc4dede1b17e30a68361755,eth-updown-5m-1777704900
"Ethereum Up or Down - May 2, 2:55AM-3:00AM ET",Down,BUY,11,0.62,0x0e0b8e32123a067797634309498e3a4124f6fe661521334a5f35de08ec500c99,2026-05-02 09:56:38,0x4ffe387b9fd166190c8b6042611cec8dacebfbadbc22c468752171e3e5074baf,eth-updown-5m-1777704900
"Ethereum Up or Down - May 2, 2:55AM-3:00AM ET",Up,BUY,10,0.15,0x0e0b8e32123a067797634309498e3a4124f6fe661521334a5f35de08ec500c99,2026-05-02 09:55:54,0x6ba4e0abfb7aaac7a9dba704302abc4a5e88ca94624bb6217a2ee469a8bd57fb,eth-updown-5m-1777704900
"Ethereum Up or Down - May 2, 2:55AM-3:00AM ET",Up,BUY,18,0.16043888888888888,0x0e0b8e32123a067797634309498e3a4124f6fe661521334a5f35de08ec500c99,2026-05-02 09:55:54,0x93422c579488eed5e676713cd21ad2cd8a14a293fc3a0cca01ebbda15d29c323,eth-updown-5m-1777704900
"Bitcoin Up or Down - May 2, 2:55AM-3:00AM ET",Up,BUY,45,0.34,0x5a3c9bcefdcd8489d1a7c02c90ee97ffc64e2ceda7defad8e5b5f3687048a8fc,2026-05-02 09:55:54,0x4d60734bf9d8600dc41627d50bd27cb1f7584419330978b345bfe376ba8f9478,btc-updown-5m-1777704900
"Ethereum Up or Down - May 2, 2:55AM-3:00AM ET",Down,BUY,18,0.83,0x0e0b8e32123a067797634309498e3a4124f6fe661521334a5f35de08ec500c99,2026-05-02 09:55:50,0x28173d1ea015699583e2b065d9a563d80dd9a293d0eb49ab1a423bdd984bd056,eth-updown-5m-1777704900
"Ethereum Up or Down - May 2, 2:55AM-3:00AM ET",Down,BUY,13,0.75,0x0e0b8e32123a067797634309498e3a4124f6fe661521334a5f35de08ec500c99,2026-05-02 09:55:50,0xdac136e125cede855bf2aa77e7fed12e24db75dcdcc40918b152150156102010,eth-updown-5m-1777704900
"Ethereum Up or Down - May 2, 2:55AM-3:00AM ET",Down,BUY,11,0.6395636363636363,0x0e0b8e32123a067797634309498e3a4124f6fe661521334a5f35de08ec500c99,2026-05-02 09:55:40,0x83b4db0176e11d330e90d8fcd677a81cf00011bb814c2a8314252307ce283a47,eth-updown-5m-1777704900
"Ethereum Up or Down - May 2, 2:55AM-3:00AM ET",Down,BUY,11,0.6162090909090909,0x0e0b8e32123a067797634309498e3a4124f6fe661521334a5f35de08ec500c99,2026-05-02 09:55:40,0xd28dc5cde399ef48084f6fb007a9dfad7e82888330c2bc6afad915d0c03d8a11,eth-updown-5m-1777704900
"Bitcoin Up or Down - May 2, 2:50AM-2:55AM ET",Down,BUY,78,0.07,0x92a62f230fae0d6f6a64818128b4cab07ef00819e7ff44412962d7511da3b267,2026-05-02 09:54:36,0x7871e53547ad4081bf77868d7fac255699d034fa67ec97077aa3f83809199628,btc-updown-5m-1777704600
"Bitcoin Up or Down - May 2, 2:50AM-2:55AM ET",Down,BUY,83,0.0733710843373494,0x92a62f230fae0d6f6a64818128b4cab07ef00819e7ff44412962d7511da3b267,2026-05-02 09:54:36,0x9c729483cf4e30929a87fc1b3ec9529bbc2d3d555d723b34d7f2177d86c6e0cc,btc-updown-5m-1777704600
"Bitcoin Up or Down - May 2, 2:50AM-2:55AM ET",Down,BUY,88,0.07602272727272727,0x92a62f230fae0d6f6a64818128b4cab07ef00819e7ff44412962d7511da3b267,2026-05-02 09:54:36,0x9cae3a945b12f85d134c0cab52451d46cf329c495e8a4b6b7f92fa971b0a0b72,btc-updown-5m-1777704600
"Bitcoin Up or Down - May 2, 2:50AM-2:55AM ET",Down,BUY,26.31,0.048099581908019766,0x92a62f230fae0d6f6a64818128b4cab07ef00819e7ff44412962d7511da3b267,2026-05-02 09:54:36,0xda6e3e4b897d9e1fd68610810617b1a6ac14286984df51fc3da499b8f801cf3b,btc-updown-5m-1777704600
"Bitcoin Up or Down - May 2, 2:50AM-2:55AM ET",Down,BUY,83,0.14,0x92a62f230fae0d6f6a64818128b4cab07ef00819e7ff44412962d7511da3b267,2026-05-02 09:54:14,0x0ef86731ed51801cb970d0cc5e4039159f00587050dd7ce986e0a54e9b9756e5,btc-updown-5m-1777704600
"Bitcoin Up or Down - May 2, 2:50AM-2:55AM ET",Down,BUY,20.78,0.1,0x92a62f230fae0d6f6a64818128b4cab07ef00819e7ff44412962d7511da3b267,2026-05-02 09:54:14,0x1533db190abd855d101eb83ee45a94ae6ff559b9789c83fadd2d9c4cd5b19cde,btc-updown-5m-1777704600
"Ethereum Up or Down - May 2, 2:50AM-2:55AM ET",Down,BUY,65,0.030046153846153847,0xe8b0658ccd09c2796f70ef0da74c735228571dc8088c6ac371738abef070f545,2026-05-02 09:54:14,0x052c37103166c5df630cea2d8f34f2897fb5c824ededea7e1ef9c4ad4ccf7eb1,eth-updown-5m-1777704600
"Bitcoin Up or Down - May 2, 2:50AM-2:55AM ET",Up,BUY,177,0.9005666666666666,0x92a62f230fae0d6f6a64818128b4cab07ef00819e7ff44412962d7511da3b267,2026-05-02 09:54:06,0xdd2af7a36d80dec0553d879acc04add79dc749e7b45d1c992fed845939eb1acd,btc-updown-5m-1777704600
"Bitcoin Up or Down - May 2, 2:50AM-2:55AM ET",Up,BUY,95,0.868478947368421,0x92a62f230fae0d6f6a64818128b4cab07ef00819e7ff44412962d7511da3b267,2026-05-02 09:54:06,0x41f0fba0b066b5ed5058e99ec2295e9040182ed9baafa5005a725e5c4c8c24ce,btc-updown-5m-1777704600
"Bitcoin Up or Down - May 2, 2:50AM-2:55AM ET",Down,BUY,87.85,0.09913602731929425,0x92a62f230fae0d6f6a64818128b4cab07ef00819e7ff44412962d7511da3b267,2026-05-02 09:54:02,0x53c33ad27ff3f574072bcdd74ff05d260b5ec226098231956dfc8687f7d978cf,btc-updown-5m-1777704600
"Bitcoin Up or Down - May 2, 2:50AM-2:55AM ET",Down,BUY,122,0.08670409836065573,0x92a62f230fae0d6f6a64818128b4cab07ef00819e7ff44412962d7511da3b267,2026-05-02 09:54:02,0x32e686eb24d5df3c9d24cf2ec60b7db825a7eb379d27adc3cd0fe03326d070ca,btc-updown-5m-1777704600
"Bitcoin Up or Down - May 2, 2:50AM-2:55AM ET",Up,BUY,260,0.84,0x92a62f230fae0d6f6a64818128b4cab07ef00819e7ff44412962d7511da3b267,2026-05-02 09:53:56,0xf172fba1b0b7b34d4e422643ab377ee4bcc7a7db919354d1682f498027c243e7,btc-updown-5m-1777704600
"Ethereum Up or Down - May 2, 2:50AM-2:55AM ET",Up,BUY,128,0.963328125,0xe8b0658ccd09c2796f70ef0da74c735228571dc8088c6ac371738abef070f545,2026-05-02 09:53:56,0x05f36f4574c8c1eea4c4f74c5f5d9d7c1ce114a25b3c2965fa3027257e8ccf37,eth-updown-5m-1777704600
"Bitcoin Up or Down - May 2, 2:45AM-3:00AM ET",Up,BUY,253,0.98,0x4c1bafd39b802fa9ab980ce34fbf87794d3b6b6042dc1c568ce6c488bc85ce1a,2026-05-02 09:53:56,0xcc11dd8c4086e0761eb5331deea5bcb2b029013d0b06497cd2517275ca2be13b,btc-updown-15m-1777704300
"Ethereum Up or Down - May 2, 2:50AM-2:55AM ET",Up,BUY,10,0.92,0xe8b0658ccd09c2796f70ef0da74c735228571dc8088c6ac371738abef070f545,2026-05-02 09:53:56,0x6f500c473101476552f2c16b9e85e68e103873538fc7e708d8adc8aa31851b1f,eth-updown-5m-1777704600
"Ethereum Up or Down - May 2, 2:50AM-2:55AM ET",Up,BUY,31,0.9,0xe8b0658ccd09c2796f70ef0da74c735228571dc8088c6ac371738abef070f545,2026-05-02 09:53:56,0x9e769f14efc4650de18d46e91180ffcb3afe1097a4daa562f8146ddd32bab7d1,eth-updown-5m-1777704600
"Bitcoin Up or Down - May 2, 2:50AM-2:55AM ET",Up,BUY,136,0.8891345588235294,0x92a62f230fae0d6f6a64818128b4cab07ef00819e7ff44412962d7511da3b267,2026-05-02 09:53:56,0x2c16a1b480de2839e639b7b3060aadfecafa8ccd038c2827956ccfc5d81474db,btc-updown-5m-1777704600
"Ethereum Up or Down - May 2, 2:50AM-2:55AM ET",Up,BUY,38,0.9,0xe8b0658ccd09c2796f70ef0da74c735228571dc8088c6ac371738abef070f545,2026-05-02 09:53:56,0xf9862f43faee9bdd88725c593f5e0475b57739efcaa6cd4b55c2395c1f9b9913,eth-updown-5m-1777704600
"Ethereum Up or Down - May 2, 2:50AM-2:55AM ET",Down,BUY,19,0.13,0xe8b0658ccd09c2796f70ef0da74c735228571dc8088c6ac371738abef070f545,2026-05-02 09:53:54,0x916f005b225b775d531e0e434b3894334010239da373cad958c222e5469d8385,eth-updown-5m-1777704600
"Ethereum Up or Down - May 2, 2:50AM-2:55AM ET",Down,BUY,20,0.13,0xe8b0658ccd09c2796f70ef0da74c735228571dc8088c6ac371738abef070f545,2026-05-02 09:53:54,0xb2c8bd372ff9fc919f03a6a766b026246e471498e5f26ad9c8a7fc413175d9e6,eth-updown-5m-1777704600
"Bitcoin Up or Down - May 2, 2:50AM-2:55AM ET",Up,BUY,68,0.7839117647058823,0x92a62f230fae0d6f6a64818128b4cab07ef00819e7ff44412962d7511da3b267,2026-05-02 09:53:54,0xf3af9bfd89881b33491e3573f6a7df5a2cb318379430adc5ae5ac17ffd44aa91,btc-updown-5m-1777704600
"Bitcoin Up or Down - May 2, 12:00AM-4:00AM ET",Up,BUY,7,0.25,0xd0bd5c46fefa54a75eec1d0aab99cfbb8c167d8271d7fed1b36ba47530509e86,2026-05-02 09:53:54,0x5e78e091f185cf1a4ecca813de57afd785cc210cf09b5513867eb8dd25eb5aa2,btc-updown-4h-1777694400
"Bitcoin Up or Down - May 2, 12:00AM-4:00AM ET",Up,BUY,5,0.24,0xd0bd5c46fefa54a75eec1d0aab99cfbb8c167d8271d7fed1b36ba47530509e86,2026-05-02 09:53:54,0x9725fd6645b97305e681b6c430b8f630f1144ee18c87d975d9ccd147a58e7170,btc-updown-4h-1777694400
"Ethereum Up or Down - May 2, 2:50AM-2:55AM ET",Up,BUY,16,0.79,0xe8b0658ccd09c2796f70ef0da74c735228571dc8088c6ac371738abef070f545,2026-05-02 09:53:26,0xf5a6dc5ffd90be15f4fc57278515154b8fb5d70de0d6abdc82697692d6c204a8,eth-updown-5m-1777704600
"Bitcoin Up or Down - May 2, 2:50AM-2:55AM ET",Up,BUY,44,0.5625613636363637,0x92a62f230fae0d6f6a64818128b4cab07ef00819e7ff44412962d7511da3b267,2026-05-02 09:53:12,0x5617a397d08f1fa9feafcfd7e6c18148edd6d555e4de55da0e2292f92a18f649,btc-updown-5m-1777704600
"Bitcoin Up or Down - May 2, 2:50AM-2:55AM ET",Up,BUY,21.13,0.51,0x92a62f230fae0d6f6a64818128b4cab07ef00819e7ff44412962d7511da3b267,2026-05-02 09:53:12,0xa49489ae29ac0451e237199408dd57d6e517fbde91cd7a7ddd224a11e5075a76,btc-updown-5m-1777704600
"Bitcoin Up or Down - May 2, 2:50AM-2:55AM ET",Up,BUY,41,0.5441756097560976,0x92a62f230fae0d6f6a64818128b4cab07ef00819e7ff44412962d7511da3b267,2026-05-02 09:53:12,0x3afdbdb85087ad84057e4bc3c2751d6372c2d7a1634a2c39c2ab59d98b54292b,btc-updown-5m-1777704600
"Bitcoin Up or Down - May 2, 2:45AM-3:00AM ET",Up,BUY,128,0.97,0x4c1bafd39b802fa9ab980ce34fbf87794d3b6b6042dc1c568ce6c488bc85ce1a,2026-05-02 09:53:12,0x4540bb1fe685b69112ebf82c1bfec4e9b17912a639b1139ab22caf768103d337,btc-updown-15m-1777704300
"Bitcoin Up or Down - May 2, 2:50AM-2:55AM ET",Up,BUY,40,0.49,0x92a62f230fae0d6f6a64818128b4cab07ef00819e7ff44412962d7511da3b267,2026-05-02 09:53:12,0xb5a22f7d163f7fd9882b852fa805f0ba8df953e6553f049dd9db9e60dd34c899,btc-updown-5m-1777704600
"Bitcoin Up or Down - May 2, 2:45AM-3:00AM ET",Up,BUY,86,0.97,0x4c1bafd39b802fa9ab980ce34fbf87794d3b6b6042dc1c568ce6c488bc85ce1a,2026-05-02 09:53:12,0xf6f35ab86e5f6b8336e555049347b5b26a354e15368a737f6acb3d9deb82d8f3,btc-updown-15m-1777704300
"Ethereum Up or Down - May 2, 2:50AM-2:55AM ET",Up,BUY,10,0.4245,0xe8b0658ccd09c2796f70ef0da74c735228571dc8088c6ac371738abef070f545,2026-05-02 09:53:10,0x9fff724666edb1304403ffae8e317b1ef17b4460a3badd73ee4f12ee10b6eed5,eth-updown-5m-1777704600
"Bitcoin Up or Down - May 2, 2:45AM-3:00AM ET",Up,BUY,34,0.91,0x4c1bafd39b802fa9ab980ce34fbf87794d3b6b6042dc1c568ce6c488bc85ce1a,2026-05-02 09:52:44,0x91d0a97dea6be297f7c0762fba12489a3d9c2927ce3de1cd25bad9a1e1481663,btc-updown-15m-1777704300
"Bitcoin Up or Down - May 2, 2:50AM-2:55AM ET",Up,BUY,19.9,0.38,0x92a62f230fae0d6f6a64818128b4cab07ef00819e7ff44412962d7511da3b267,2026-05-02 09:52:44,0x5364c52ba950f05b5dfccd78d0b23a1e27a89a3aa386f91f29bdbbdcba186a0b,btc-updown-5m-1777704600
"Bitcoin Up or Down - May 2, 2:50AM-2:55AM ET",Up,BUY,10,0.33,0x92a62f230fae0d6f6a64818128b4cab07ef00819e7ff44412962d7511da3b267,2026-05-02 09:52:44,0x16f7a3d303e5084790008eaf628b9caf29fdd71ac5595f2f4e748eb3ef7918fe,btc-updown-5m-1777704600
"Bitcoin Up or Down - May 2, 2:50AM-2:55AM ET",Up,BUY,42,0.35,0x92a62f230fae0d6f6a64818128b4cab07ef00819e7ff44412962d7511da3b267,2026-05-02 09:52:44,0x65dc88fef08ad315965c1ad551021431a82aa2ca8efaf45cfbe4c2932b3a9193,btc-updown-5m-1777704600
"Bitcoin Up or Down - May 2, 2:50AM-2:55AM ET",Up,BUY,41,0.35,0x92a62f230fae0d6f6a64818128b4cab07ef00819e7ff44412962d7511da3b267,2026-05-02 09:52:44,0x2d62662c40444d1cc271b467c3ac41a59cf07cc8f80b91411cfd4eb6092e9744,btc-updown-5m-1777704600
"Bitcoin Up or Down - May 2, 2:45AM-3:00AM ET",Up,BUY,38,0.9199947368421053,0x4c1bafd39b802fa9ab980ce34fbf87794d3b6b6042dc1c568ce6c488bc85ce1a,2026-05-02 09:52:44,0x8cd0bd7b1b01949972ade4d4e21c6e02fd4372336b172e53018652d4d5884bf3,btc-updown-15m-1777704300
"Bitcoin Up or Down - May 2, 2:45AM-3:00AM ET",Up,BUY,44,0.93,0x4c1bafd39b802fa9ab980ce34fbf87794d3b6b6042dc1c568ce6c488bc85ce1a,2026-05-02 09:52:44,0x4596d0b4a1b2865943e8d55a8089f6613aa0e9a6ebb9b13e0d12b06ce28f5aae,btc-updown-15m-1777704300
"Bitcoin Up or Down - May 2, 2:50AM-2:55AM ET",Up,BUY,40,0.34,0x92a62f230fae0d6f6a64818128b4cab07ef00819e7ff44412962d7511da3b267,2026-05-02 09:52:44,0xa3522b0a64da92cd2a1da8d21ef148b3092dc1a2d8fbf70b1c6dc1de7badbb86,btc-updown-5m-1777704600
"Bitcoin Up or Down - May 2, 2:50AM-2:55AM ET",Up,BUY,41,0.3521951219512195,0x92a62f230fae0d6f6a64818128b4cab07ef00819e7ff44412962d7511da3b267,2026-05-02 09:52:44,0x2cde0630feb2462965d4b6ca69718dd16ec145633b7831afbe6d84c7c922fce9,btc-updown-5m-1777704600
"Bitcoin Up or Down - May 2, 2:50AM-2:55AM ET",Up,BUY,41,0.35,0x92a62f230fae0d6f6a64818128b4cab07ef00819e7ff44412962d7511da3b267,2026-05-02 09:52:44,0x04cd81b60d5d2639b769ec104e14a5e46b48ec5a5e69a724b460443c8618eb05,btc-updown-5m-1777704600
"Bitcoin Up or Down - May 2, 2:45AM-3:00AM ET",Down,BUY,22,0.11,0x4c1bafd39b802fa9ab980ce34fbf87794d3b6b6042dc1c568ce6c488bc85ce1a,2026-05-02 09:52:34,0x4f3fb367554d6ca6c925b7dd03cf1995ac9a5dfaedcf5bd8dbbe96819c67cbe0,btc-updown-15m-1777704300
"Bitcoin Up or Down - May 2, 2:50AM-2:55AM ET",Down,BUY,41,0.5551170731707317,0x92a62f230fae0d6f6a64818128b4cab07ef00819e7ff44412962d7511da3b267,2026-05-02 09:52:30,0x39c85de7948e5cbe1888eee01023fc2f6d9fbc30e255088639ea02af299f714c,btc-updown-5m-1777704600
"Ethereum Up or Down - May 2, 2:50AM-2:55AM ET",Down,BUY,10,0.53439,0xe8b0658ccd09c2796f70ef0da74c735228571dc8088c6ac371738abef070f545,2026-05-02 09:52:16,0x84c21c6a6b42c032c968785a41bd13cfbdbbc6a6d87e73e2e17ef2fe827feff0,eth-updown-5m-1777704600
"Ethereum Up or Down - May 2, 2:50AM-2:55AM ET",Down,BUY,10,0.46732,0xe8b0658ccd09c2796f70ef0da74c735228571dc8088c6ac371738abef070f545,2026-05-02 09:52:16,0xf1a8aeb936d6006a4f81e4fe1458d1805e89b8ffe32b4dcc6ee81985667ff93a,eth-updown-5m-1777704600
"Ethereum Up or Down - May 2, 2:50AM-2:55AM ET",Down,BUY,10,0.45,0xe8b0658ccd09c2796f70ef0da74c735228571dc8088c6ac371738abef070f545,2026-05-02 09:52:16,0x55022ace59797b5aa1b55051c0880d6b62db35e0e29ba9d6d4fc818bdba9179d,eth-updown-5m-1777704600
"Ethereum Up or Down - May 2, 2:50AM-2:55AM ET",Down,BUY,10,0.45,0xe8b0658ccd09c2796f70ef0da74c735228571dc8088c6ac371738abef070f545,2026-05-02 09:52:16,0xaec8218a87070cc2ff73d8af94cdbe8d6a485a71ba8b9904658adef204134e58,eth-updown-5m-1777704600
"Ethereum Up or Down - May 2, 2:50AM-2:55AM ET",Down,BUY,10,0.46,0xe8b0658ccd09c2796f70ef0da74c735228571dc8088c6ac371738abef070f545,2026-05-02 09:52:12,0x5ed87f8f66db335b75a3fdecb6d5a97bf61aa0a64dc4a573ad0826a1575e6193,eth-updown-5m-1777704600
"Bitcoin Up or Down - May 2, 2:50AM-2:55AM ET",Down,BUY,25.23,0.45405469678953625,0x92a62f230fae0d6f6a64818128b4cab07ef00819e7ff44412962d7511da3b267,2026-05-02 09:52:12,0xe2a59d0600e449ea58fc6b2571921106c4d6d930b4d9e228fb7bffb4a15ddb22,btc-updown-5m-1777704600
"Ethereum Up or Down - May 2, 2:50AM-2:55AM ET",Down,BUY,10,0.46,0xe8b0658ccd09c2796f70ef0da74c735228571dc8088c6ac371738abef070f545,2026-05-02 09:52:12,0x42875dd6e935d7160457a1d01f38104a6b59dabee6d741a4ea2df9f3372213c1,eth-updown-5m-1777704600
"Ethereum Up or Down - May 2, 2:50AM-2:55AM ET",Down,BUY,10,0.48,0xe8b0658ccd09c2796f70ef0da74c735228571dc8088c6ac371738abef070f545,2026-05-02 09:52:04,0x1b95d165cf77038e207981d3ec908d5d633cefdfbbc53d72c8dda1d17532b6fa,eth-updown-5m-1777704600
"Bitcoin Up or Down - May 2, 2:50AM-2:55AM ET",Down,BUY,41,0.39,0x92a62f230fae0d6f6a64818128b4cab07ef00819e7ff44412962d7511da3b267,2026-05-02 09:52:04,0xedc9662b39dd42d599f8fa1292ca681d7e96cb1439d72cf7ff7e42e75ccc3dcd,btc-updown-5m-1777704600
"Ethereum Up or Down - May 2, 2:50AM-2:55AM ET",Down,BUY,5,0.37,0xe8b0658ccd09c2796f70ef0da74c735228571dc8088c6ac371738abef070f545,2026-05-02 09:52:04,0x866b062145afeb0cb9a2dadf947784f88730b4d9cf13cfb2bbbd6df664756851,eth-updown-5m-1777704600
"Ethereum Up or Down - May 2, 2:50AM-2:55AM ET",Down,BUY,10,0.48,0xe8b0658ccd09c2796f70ef0da74c735228571dc8088c6ac371738abef070f545,2026-05-02 09:52:04,0x25eca990ca47703f7270b4929117e2c9557da47eba493efbcf94311357eef2bd,eth-updown-5m-1777704600
"Bitcoin Up or Down - May 2, 2:50AM-2:55AM ET",Down,BUY,47,0.29,0x92a62f230fae0d6f6a64818128b4cab07ef00819e7ff44412962d7511da3b267,2026-05-02 09:52:04,0x1ad9596a3bf3defcdbbda7ace321e17841f70f33eaa9a76ffe69988eb522e080,btc-updown-5m-1777704600
"Ethereum Up or Down - May 2, 2:50AM-2:55AM ET",Up,BUY,11,0.64,0xe8b0658ccd09c2796f70ef0da74c735228571dc8088c6ac371738abef070f545,2026-05-02 09:51:56,0x345bf27510cc193ab5dfe95440c7a2321f613c9eba8dcce00493d717f2b47a91,eth-updown-5m-1777704600
"Bitcoin Up or Down - May 2, 2:50AM-2:55AM ET",Down,BUY,44,0.33,0x92a62f230fae0d6f6a64818128b4cab07ef00819e7ff44412962d7511da3b267,2026-05-02 09:51:42,0x46dba8a07676e07d95678367c0cc0056a67a2e41de4c33533c8ff7902768e98b,btc-updown-5m-1777704600
"Bitcoin Up or Down - May 2, 2:50AM-2:55AM ET",Down,BUY,42,0.36546666666666666,0x92a62f230fae0d6f6a64818128b4cab07ef00819e7ff44412962d7511da3b267,2026-05-02 09:51:38,0x06ae6e3911437d5424cf62d35b7a0479c354e7b7fe702cd37d9cb058c9576c87,btc-updown-5m-1777704600
"Ethereum Up or Down - May 2, 2:50AM-2:55AM ET",Up,BUY,12,0.59,0xe8b0658ccd09c2796f70ef0da74c735228571dc8088c6ac371738abef070f545,2026-05-02 09:51:38,0x72a0b9e5d82f03de28ee5f8d17432807a6f176292f5d2a793c2a796c21da42c0,eth-updown-5m-1777704600
"Bitcoin Up or Down - May 2, 2:50AM-2:55AM ET",Up,BUY,122,0.7933893442622951,0x92a62f230fae0d6f6a64818128b4cab07ef00819e7ff44412962d7511da3b267,2026-05-02 09:51:36,0x82e90b9062393871ed65d9d1379e2d2776da2d5df4832521e629b71b0910000e,btc-updown-5m-1777704600
"Ethereum Up or Down - May 2, 2:50AM-2:55AM ET",Up,BUY,14,0.7371428571428571,0xe8b0658ccd09c2796f70ef0da74c735228571dc8088c6ac371738abef070f545,2026-05-02 09:51:36,0xb18c0fe1cc20e32a7d4201de4d6b0df23d142347e3b9f472063a01ae07c66594,eth-updown-5m-1777704600
"Ethereum Up or Down - May 2, 2:50AM-2:55AM ET",Up,BUY,13,0.73,0xe8b0658ccd09c2796f70ef0da74c735228571dc8088c6ac371738abef070f545,2026-05-02 09:51:36,0xaf4f431ba6085062b0e159c8b730bc5c5644b7663c0a2f5e647773e1e9e9ed3b,eth-updown-5m-1777704600
"Bitcoin Up or Down - May 2, 12:00AM-4:00AM ET",Up,BUY,3.39,0.23,0xd0bd5c46fefa54a75eec1d0aab99cfbb8c167d8271d7fed1b36ba47530509e86,2026-05-02 09:51:34,0xd1521f7baeb9e843875dbdf69aaf23283cca0c5894ca9277afb51f065f9b9077,btc-updown-4h-1777694400
"Bitcoin Up or Down - May 2, 12:00AM-4:00AM ET",Up,BUY,7,0.2223,0xd0bd5c46fefa54a75eec1d0aab99cfbb8c167d8271d7fed1b36ba47530509e86,2026-05-02 09:51:34,0x0c2e94820307eae2ff0facd7576944f91674f6e47e9717dd3b1459cf0befed21,btc-updown-4h-1777694400
"Bitcoin Up or Down - May 2, 12:00AM-4:00AM ET",Up,BUY,7,0.22,0xd0bd5c46fefa54a75eec1d0aab99cfbb8c167d8271d7fed1b36ba47530509e86,2026-05-02 09:51:34,0xc4b710064cc59b837f00456d3e3c617a5347d4effd7cd61f24de47c4035d1675,btc-updown-4h-1777694400
"Bitcoin Up or Down - May 2, 2:50AM-2:55AM ET",Up,BUY,43,0.5312906976744186,0x92a62f230fae0d6f6a64818128b4cab07ef00819e7ff44412962d7511da3b267,2026-05-02 09:51:34,0xc12964eac0ec86634fac1f3f9d17eaae3f8977c9315d1362b761b8d2cd0b8af7,btc-updown-5m-1777704600
"Bitcoin Up or Down - May 2, 2:50AM-2:55AM ET",Up,BUY,50,0.69,0x92a62f230fae0d6f6a64818128b4cab07ef00819e7ff44412962d7511da3b267,2026-05-02 09:51:34,0xdc5c85ef52a4fc859dc784c1bc06a90bce3e2d50bc94e7256d866c847ac7aef5,btc-updown-5m-1777704600
"Bitcoin Up or Down - May 2, 12:00AM-4:00AM ET",Up,BUY,5,0.21,0xd0bd5c46fefa54a75eec1d0aab99cfbb8c167d8271d7fed1b36ba47530509e86,2026-05-02 09:51:34,0xbf9b3da7ebfdccac45fa35bc44123fb5356095e58d114baf53e1d55c6b123970,btc-updown-4h-1777694400
"Ethereum Up or Down - May 2, 2:50AM-2:55AM ET",Up,BUY,11,0.59,0xe8b0658ccd09c2796f70ef0da74c735228571dc8088c6ac371738abef070f545,2026-05-02 09:51:34,0x8e7d1c7859772596e88ed26513eb4bf18de2eca46a266d70280081be49a21110,eth-updown-5m-1777704600
"Bitcoin Up or Down - May 2, 2:50AM-2:55AM ET",Down,BUY,40,0.51,0x92a62f230fae0d6f6a64818128b4cab07ef00819e7ff44412962d7511da3b267,2026-05-02 09:51:20,0x57ad189eabc4089213f18a5801e2b0c9fe48c0709662c2ba318acbbc42e890a2,btc-updown-5m-1777704600
"Ethereum Up or Down - May 2, 2:50AM-2:55AM ET",Down,BUY,10,0.5146,0xe8b0658ccd09c2796f70ef0da74c735228571dc8088c6ac371738abef070f545,2026-05-02 09:51:20,0xf92a3a851ed98a0154fb84f93e0213b05a7f8a833a3759edae7add077f25b437,eth-updown-5m-1777704600
"Ethereum Up or Down - May 2, 2:50AM-2:55AM ET",Down,BUY,10,0.5,0xe8b0658ccd09c2796f70ef0da74c735228571dc8088c6ac371738abef070f545,2026-05-02 09:51:20,0x086754e6456f7afc51fc2008ab6980f24f1cdffdf4d570a779fa06d2a656acd3,eth-updown-5m-1777704600
"Ethereum Up or Down - May 2, 2:50AM-2:55AM ET",Down,BUY,10,0.49407,0xe8b0658ccd09c2796f70ef0da74c735228571dc8088c6ac371738abef070f545,2026-05-02 09:51:20,0x64432f4f56b2507b7dd10802cb5c485f66146d3ea9c3726b7982a8a06af943e3,eth-updown-5m-1777704600
"Ethereum Up or Down - May 2, 2:50AM-2:55AM ET",Down,BUY,10,0.48427,0xe8b0658ccd09c2796f70ef0da74c735228571dc8088c6ac371738abef070f545,2026-05-02 09:51:20,0x7a123137e74de8889b7de4f59d7ad1f23bff8d3e77b3cc74f9a8aaddf3c4d6ee,eth-updown-5m-1777704600
"Bitcoin Up or Down - May 2, 2:50AM-2:55AM ET",Down,BUY,40,0.50686,0x92a62f230fae0d6f6a64818128b4cab07ef00819e7ff44412962d7511da3b267,2026-05-02 09:51:16,0x92ae4e2c736a968fea433adbe4d7e639988245c846ea0cd48d1b442797ab72e0,btc-updown-5m-1777704600
"Ethereum Up or Down - May 2, 2:50AM-2:55AM ET",Up,BUY,10,0.55,0xe8b0658ccd09c2796f70ef0da74c735228571dc8088c6ac371738abef070f545,2026-05-02 09:51:16,0x35feb84057a7cc017dacfcd64729f82993e81239a074c6ef54f68cd3764b0ba3,eth-updown-5m-1777704600
"Ethereum Up or Down - May 2, 2:50AM-2:55AM ET",Up,BUY,10,0.55,0xe8b0658ccd09c2796f70ef0da74c735228571dc8088c6ac371738abef070f545,2026-05-02 09:51:16,0x7bd036fb728d9c3047b33221464efdb63e76023c801172228dd6a0c59d92c41d,eth-updown-5m-1777704600
"Ethereum Up or Down - May 2, 2:50AM-2:55AM ET",Up,BUY,10,0.55,0xe8b0658ccd09c2796f70ef0da74c735228571dc8088c6ac371738abef070f545,2026-05-02 09:51:16,0xd8b5eb1724b7fc2a5b2156d90df92ca722b47460c203658db56935e2e24a8df1,eth-updown-5m-1777704600
"Bitcoin Up or Down - May 2, 2:50AM-2:55AM ET",Down,BUY,40,0.5,0x92a62f230fae0d6f6a64818128b4cab07ef00819e7ff44412962d7511da3b267,2026-05-02 09:51:14,0xc5e06047f8565d63302c5eedd3576866094e4fa095b85c6d92af13f6313db1aa,btc-updown-5m-1777704600
"Ethereum Up or Down - May 2, 2:50AM-2:55AM ET",Down,BUY,11,0.32181818181818184,0xe8b0658ccd09c2796f70ef0da74c735228571dc8088c6ac371738abef070f545,2026-05-02 09:51:12,0xf40d041204f9399652a6583d9f80a317b8cc575f5a0492190c647cd733722cdc,eth-updown-5m-1777704600
"Ethereum Up or Down - May 2, 2:50AM-2:55AM ET",Down,BUY,11,0.3,0xe8b0658ccd09c2796f70ef0da74c735228571dc8088c6ac371738abef070f545,2026-05-02 09:51:08,0x386138edfc423adbf60fbdd1f7ff47b8c2348d406e16d3712fe60025b15818a0,eth-updown-5m-1777704600
"Ethereum Up or Down - May 2, 2:50AM-2:55AM ET",Up,BUY,10,0.47,0xe8b0658ccd09c2796f70ef0da74c735228571dc8088c6ac371738abef070f545,2026-05-02 09:50:46,0x46316b6a3c8d4a6a0fc3af3c239e15aecfb0857785f18398da6e73a49e9256b1,eth-updown-5m-1777704600
"Bitcoin Up or Down - May 2, 2:50AM-2:55AM ET",Up,BUY,42,0.5743952380952381,0x92a62f230fae0d6f6a64818128b4cab07ef00819e7ff44412962d7511da3b267,2026-05-02 09:50:46,0x2c8c20ecb9d8146162eba9e7cb9f157588c720fe19d56593c5ac1ed8308d4a3f,btc-updown-5m-1777704600
"Bitcoin Up or Down - May 2, 2:50AM-2:55AM ET",Up,BUY,41,0.57,0x92a62f230fae0d6f6a64818128b4cab07ef00819e7ff44412962d7511da3b267,2026-05-02 09:50:46,0xbcae7bdd78544602b9c9c3a42d9e3dab793525ba50f74ff72241acd21e9db2be,btc-updown-5m-1777704600
"Ethereum Up or Down - May 2, 2:50AM-2:55AM ET",Up,BUY,10,0.44,0xe8b0658ccd09c2796f70ef0da74c735228571dc8088c6ac371738abef070f545,2026-05-02 09:50:46,0x7bbe619943b1371a4393c2c97814eef046302340069c1f6af81a11d50a2eb50f,eth-updown-5m-1777704600
"Ethereum Up or Down - May 2, 2:50AM-2:55AM ET",Up,BUY,10,0.44,0xe8b0658ccd09c2796f70ef0da74c735228571dc8088c6ac371738abef070f545,2026-05-02 09:50:46,0xba8f3386c56cd3017f486fae67d7b99291af3826ce747a7aabe109ad07f40fdb,eth-updown-5m-1777704600
"Ethereum Up or Down - May 2, 2:50AM-2:55AM ET",Up,BUY,10,0.44,0xe8b0658ccd09c2796f70ef0da74c735228571dc8088c6ac371738abef070f545,2026-05-02 09:50:46,0xb0638d8fbeedce8e2fab39b37a6c1b8970961e6ee9eb2f94b7898f5e29cbfe52,eth-updown-5m-1777704600
"Bitcoin Up or Down - May 2, 2:50AM-2:55AM ET",Up,BUY,43,0.560846511627907,0x92a62f230fae0d6f6a64818128b4cab07ef00819e7ff44412962d7511da3b267,2026-05-02 09:50:46,0x5644f0debf0e366af42a2035dea6e09c022f9414e518f221fc61021d7e111544,btc-updown-5m-1777704600
"Bitcoin Up or Down - May 2, 2:50AM-2:55AM ET",Up,BUY,30.38,0.53,0x92a62f230fae0d6f6a64818128b4cab07ef00819e7ff44412962d7511da3b267,2026-05-02 09:50:46,0x2553f19cfbb0a6964d9f7f9f8b8fdea20404d05d5115141dc1d9289b3576b3a8,btc-updown-5m-1777704600
"Ethereum Up or Down - May 2, 2:50AM-2:55AM ET",Up,BUY,10,0.44,0xe8b0658ccd09c2796f70ef0da74c735228571dc8088c6ac371738abef070f545,2026-05-02 09:50:34,0x9217e8ae37f0a7f8a1cfaeb9e6735a27db75b854765a46e77216db19f0ea5712,eth-updown-5m-1777704600
"Bitcoin Up or Down - May 2, 2:50AM-2:55AM ET",Down,BUY,40,0.49,0x92a62f230fae0d6f6a64818128b4cab07ef00819e7ff44412962d7511da3b267,2026-05-02 09:50:24,0x7ec143297055fd5ff5cdf9bf31dcdcd664673d1892257dd7056ee1849e492656,btc-updown-5m-1777704600
"Bitcoin Up or Down - May 2, 2:50AM-2:55AM ET",Down,BUY,40,0.48229,0x92a62f230fae0d6f6a64818128b4cab07ef00819e7ff44412962d7511da3b267,2026-05-02 09:50:24,0xe6b80d5ab1387501d0be2445c5012c6ae310a21e9cb4ead41362da3ca169faf8,btc-updown-5m-1777704600
"Ethereum Up or Down - May 2, 2:50AM-2:55AM ET",Up,BUY,10,0.44,0xe8b0658ccd09c2796f70ef0da74c735228571dc8088c6ac371738abef070f545,2026-05-02 09:50:14,0x9d98d0dd82cc7c550849e9eb0bffeaf532c0d4749afb764633d7c517a1832a80,eth-updown-5m-1777704600
"Ethereum Up or Down - May 2, 2:50AM-2:55AM ET",Up,BUY,10,0.44,0xe8b0658ccd09c2796f70ef0da74c735228571dc8088c6ac371738abef070f545,2026-05-02 09:50:14,0xf7e7526246f2434df04548ba1e73aa57450c2d03374f9f9aa5fe3d5ff07e5949,eth-updown-5m-1777704600
"Bitcoin Up or Down - May 2, 2:50AM-2:55AM ET",Down,BUY,40,0.41,0x92a62f230fae0d6f6a64818128b4cab07ef00819e7ff44412962d7511da3b267,2026-05-02 09:50:12,0x5b4939ea1950279655b4aa2b4d41b0c79c80de9a3e09a8b12ea4e457e69295dc,btc-updown-5m-1777704600
"Bitcoin Up or Down - May 2, 2:50AM-2:55AM ET",Down,BUY,40,0.41,0x92a62f230fae0d6f6a64818128b4cab07ef00819e7ff44412962d7511da3b267,2026-05-02 09:50:12,0x1b6973b2d0cb90047d2d49ef671195e3b081eee28e998c71a39cca0b4addbee8,btc-updown-5m-1777704600
"Ethereum Up or Down - May 2, 2:50AM-2:55AM ET",Down,BUY,11,0.57,0xe8b0658ccd09c2796f70ef0da74c735228571dc8088c6ac371738abef070f545,2026-05-02 09:50:12,0x5fe2a8509807e5c84528f4e47c733dc7f03c1e440c53785e1ff079d907ead0af,eth-updown-5m-1777704600
"Ethereum Up or Down - May 2, 2:50AM-2:55AM ET",Down,BUY,10,0.57,0xe8b0658ccd09c2796f70ef0da74c735228571dc8088c6ac371738abef070f545,2026-05-02 09:50:12,0xc372ef275353dae02f6a0c1d53b0800dbda37b762cc7fc46e539da4adb9c3f5e,eth-updown-5m-1777704600
"Bitcoin Up or Down - May 2, 2:50AM-2:55AM ET",Down,BUY,41,0.41,0x92a62f230fae0d6f6a64818128b4cab07ef00819e7ff44412962d7511da3b267,2026-05-02 09:50:10,0x3054b4f0411820df4158db2764e20c21afdf066d6fd4e8d10fdd8de60414b492,btc-updown-5m-1777704600
"Ethereum Up or Down - May 2, 2:50AM-2:55AM ET",Up,BUY,10,0.44,0xe8b0658ccd09c2796f70ef0da74c735228571dc8088c6ac371738abef070f545,2026-05-02 09:50:10,0x3f8b0bba716d62d61f8a9483a2176fc9a4d5dc41c6b9f2372e2fb154142df2e2,eth-updown-5m-1777704600
"Ethereum Up or Down - May 2, 2:50AM-2:55AM ET",Up,BUY,10,0.44,0xe8b0658ccd09c2796f70ef0da74c735228571dc8088c6ac371738abef070f545,2026-05-02 09:50:10,0xe2e8cc3adba08f4ae673b5be60a671f5ab5880fa796e62a1605c2558468a543b,eth-updown-5m-1777704600
"Ethereum Up or Down - May 2, 2:50AM-2:55AM ET",Up,BUY,10,0.43834,0xe8b0658ccd09c2796f70ef0da74c735228571dc8088c6ac371738abef070f545,2026-05-02 09:50:10,0xd20bdd1a2f99c785d4e88c8092e3ca08fba7443e2f3ef2f727431a90a2772782,eth-updown-5m-1777704600
"Ethereum Up or Down - May 2, 2:50AM-2:55AM ET",Up,BUY,10,0.43,0xe8b0658ccd09c2796f70ef0da74c735228571dc8088c6ac371738abef070f545,2026-05-02 09:50:10,0x367c5e47d19bbd039b90c4fddea14bd133e20e1c007c2a297861cd361b278000,eth-updown-5m-1777704600
"Bitcoin Up or Down - May 2, 2:45AM-3:00AM ET",Up,BUY,21,0.84,0x4c1bafd39b802fa9ab980ce34fbf87794d3b6b6042dc1c568ce6c488bc85ce1a,2026-05-02 09:48:22,0x66a2a680f6c7ad9de35f08594c5602af7eba1dd2e44b4baaaccb3420988db0b8,btc-updown-15m-1777704300
"Bitcoin Up or Down - May 2, 2:45AM-3:00AM ET",Up,BUY,18,0.83,0x4c1bafd39b802fa9ab980ce34fbf87794d3b6b6042dc1c568ce6c488bc85ce1a,2026-05-02 09:48:12,0x6bd9c8da876d3d382d1415b9c3f25732374521fbeab9eef798e1bd6f99152759,btc-updown-15m-1777704300
"Bitcoin Up or Down - May 2, 2:45AM-3:00AM ET",Up,BUY,16,0.81,0x4c1bafd39b802fa9ab980ce34fbf87794d3b6b6042dc1c568ce6c488bc85ce1a,2026-05-02 09:48:08,0xc6bb9b5cbc47f2b28fbd20ca1f24bf2952426da75623abeb9cf86272557d8100,btc-updown-15m-1777704300
"Bitcoin Up or Down - May 2, 2:45AM-3:00AM ET",Up,BUY,14,0.75,0x4c1bafd39b802fa9ab980ce34fbf87794d3b6b6042dc1c568ce6c488bc85ce1a,2026-05-02 09:48:06,0x3a42ceacef338d38c5d3395660692409b0eca8cacf6b69f28e54ce386cf8c27a,btc-updown-15m-1777704300
"Bitcoin Up or Down - May 2, 2:45AM-3:00AM ET",Up,BUY,15,0.75,0x4c1bafd39b802fa9ab980ce34fbf87794d3b6b6042dc1c568ce6c488bc85ce1a,2026-05-02 09:48:06,0x92048d084b2705dbc62387ec093f7aa446b0abdec4cd78bee0379163fe6aa76a,btc-updown-15m-1777704300
"Bitcoin Up or Down - May 2, 2:45AM-3:00AM ET",Up,BUY,13,0.72,0x4c1bafd39b802fa9ab980ce34fbf87794d3b6b6042dc1c568ce6c488bc85ce1a,2026-05-02 09:47:32,0xb69fa3eeb7690d05c2ec2c7583c9921cd4734820fbaf19044cb24157d6f70ee5,btc-updown-15m-1777704300
"Bitcoin Up or Down - May 2, 2:45AM-2:50AM ET",Up,BUY,154,0.9264727272727272,0xd506c6521949e8a1d681f444814864f48d4d01c2a253ec430576970dd1dfe753,2026-05-02 09:47:26,0xea0396d43e49cf1e414c74a5cb5c6217386a58c535926c349f3f719a94e337d4,btc-updown-5m-1777704300
"Ethereum Up or Down - May 2, 2:45AM-2:50AM ET",Up,BUY,12,0.67,0xcb420c4f046512ee127582a8d61fa08fac4ac268b4b261dacf5f0334a0f64922,2026-05-02 09:47:26,0x7f86dad30c831977252364cc73537a44b78a0e7e18e455cbd5c7cc184d6dbef4,eth-updown-5m-1777704300
"Bitcoin Up or Down - May 2, 2:45AM-2:50AM ET",Up,BUY,211,0.93,0xd506c6521949e8a1d681f444814864f48d4d01c2a253ec430576970dd1dfe753,2026-05-02 09:47:26,0x098dc59e568c08e56d090692848ab8d9c29e7fe753e6f3ad2f3dd00b7fa49cdc,btc-updown-5m-1777704300
"Bitcoin Up or Down - May 2, 2:45AM-3:00AM ET",Up,BUY,12,0.7,0x4c1bafd39b802fa9ab980ce34fbf87794d3b6b6042dc1c568ce6c488bc85ce1a,2026-05-02 09:47:24,0xce23f93c1b65bdb5045de0446229b2ee4120c12094a152bf4bdf6593828081ea,btc-updown-15m-1777704300
"Bitcoin Up or Down - May 2, 2:45AM-3:00AM ET",Up,BUY,13,0.7,0x4c1bafd39b802fa9ab980ce34fbf87794d3b6b6042dc1c568ce6c488bc85ce1a,2026-05-02 09:47:24,0x562d9e8e17d707a498aa495c7ac51674848b598a33775c13d5a6d2329556348b,btc-updown-15m-1777704300
"Ethereum Up or Down - May 2, 2:45AM-2:50AM ET",Up,BUY,10,0.4892,0xcb420c4f046512ee127582a8d61fa08fac4ac268b4b261dacf5f0334a0f64922,2026-05-02 09:47:14,0x05eef576905e3c39cbcabac450f700c15ffec264d1c5b2601783a03cb45b07b2,eth-updown-5m-1777704300
"Ethereum Up or Down - May 2, 2:45AM-2:50AM ET",Up,BUY,10,0.54,0xcb420c4f046512ee127582a8d61fa08fac4ac268b4b261dacf5f0334a0f64922,2026-05-02 09:47:14,0xf49fd32b1cd45843168c610ede25b0030124263b9a03a3ebfa33b9c465b1ee34,eth-updown-5m-1777704300
"Bitcoin Up or Down - May 2, 2:45AM-2:50AM ET",Up,BUY,122,0.89,0xd506c6521949e8a1d681f444814864f48d4d01c2a253ec430576970dd1dfe753,2026-05-02 09:47:14,0x92ce8718669670133bce48657a8d416b5dc341e00fdd9f384b7beabb3a10aabb,btc-updown-5m-1777704300
"Ethereum Up or Down - May 2, 2:45AM-2:50AM ET",Up,BUY,10,0.4624,0xcb420c4f046512ee127582a8d61fa08fac4ac268b4b261dacf5f0334a0f64922,2026-05-02 09:47:10,0xc0a274ec596a6922a3c02e92eab248faa024264e7a3a8008cea6ec1f8e4644da,eth-updown-5m-1777704300
"Ethereum Up or Down - May 2, 2:45AM-2:50AM ET",Up,BUY,10,0.4435,0xcb420c4f046512ee127582a8d61fa08fac4ac268b4b261dacf5f0334a0f64922,2026-05-02 09:47:10,0x6e94759159b0a9c5804dfc3fbea1eb15a71f8de1366f18e7f577cbc903188594,eth-updown-5m-1777704300
"Ethereum Up or Down - May 2, 2:45AM-2:50AM ET",Up,BUY,10,0.4247,0xcb420c4f046512ee127582a8d61fa08fac4ac268b4b261dacf5f0334a0f64922,2026-05-02 09:47:10,0x1eebc29e836d561f07feb6e72fab3b4aba89406e1f9e8c49f0c6367b17f4e800,eth-updown-5m-1777704300
"Bitcoin Up or Down - May 2, 2:45AM-3:00AM ET",Up,BUY,11,0.6309090909090909,0x4c1bafd39b802fa9ab980ce34fbf87794d3b6b6042dc1c568ce6c488bc85ce1a,2026-05-02 09:47:10,0x54a31650d7965fc25f02f07d7dd88d30e4b645ffb6b216c1d0b63853e8668eb7,btc-updown-15m-1777704300
"Bitcoin Up or Down - May 2, 2AM ET",Up,BUY,12,0.88,0x5d72cc86e77c6df3dbff798bd06aefd2fa897df319de30db383dd67a3d6be2de,2026-05-02 09:47:10,0x29e3f7e91601d6218ea9765bad2d3b6d61d7a556b2366f0ef2dceaa340f4f2c7,bitcoin-up-or-down-may-2-2026-2am-et
"Ethereum Up or Down - May 2, 2:45AM-2:50AM ET",Up,BUY,10,0.42,0xcb420c4f046512ee127582a8d61fa08fac4ac268b4b261dacf5f0334a0f64922,2026-05-02 09:47:10,0xfa8af8062d5546baf2de65bbae2ac7c6d5bdf0082d359bb08ef33b13c88f8d0c,eth-updown-5m-1777704300
"Ethereum Up or Down - May 2, 2:45AM-2:50AM ET",Up,BUY,10,0.4,0xcb420c4f046512ee127582a8d61fa08fac4ac268b4b261dacf5f0334a0f64922,2026-05-02 09:47:10,0x2ed81a3d6eed3b63aa9e1e9d15c69968613f3a4bc92bad99069f692d35426f4d,eth-updown-5m-1777704300
"Ethereum Up or Down - May 2, 2:45AM-2:50AM ET",Up,BUY,10,0.39,0xcb420c4f046512ee127582a8d61fa08fac4ac268b4b261dacf5f0334a0f64922,2026-05-02 09:47:10,0xe32088ea8e2987c6f6b653f9a6649e50cd2e857184e1308963d71d64d0871525,eth-updown-5m-1777704300
"Bitcoin Up or Down - May 2, 2:45AM-2:50AM ET",Up,BUY,102,0.84,0xd506c6521949e8a1d681f444814864f48d4d01c2a253ec430576970dd1dfe753,2026-05-02 09:47:10,0xfca894b7bdf80f203c520a2afcc8d36a075cfc4e7f77c692eb5552e12a05666e,btc-updown-5m-1777704300
"Bitcoin Up or Down - May 2, 2:45AM-2:50AM ET",Up,BUY,95,0.84,0xd506c6521949e8a1d681f444814864f48d4d01c2a253ec430576970dd1dfe753,2026-05-02 09:47:10,0x41cb8a9aeaf4fd63dc54ab8bc5ed6d081f3ed8665e7dc895f673211a01aa46df,btc-updown-5m-1777704300
"Bitcoin Up or Down - May 2, 2:45AM-3:00AM ET",Up,BUY,11,0.6,0x4c1bafd39b802fa9ab980ce34fbf87794d3b6b6042dc1c568ce6c488bc85ce1a,2026-05-02 09:47:10,0xee25f25f36e4efebc56fc263078f79100e8703346293ffd02b44080fe9e94b23,btc-updown-15m-1777704300
"Ethereum Up or Down - May 2, 2:45AM-2:50AM ET",Down,BUY,11,0.5854545454545454,0xcb420c4f046512ee127582a8d61fa08fac4ac268b4b261dacf5f0334a0f64922,2026-05-02 09:47:06,0xf39167aaf279b529b92065bce95af3f9d67bbc6152a0fbca01d69ddab10f5fa7,eth-updown-5m-1777704300
"Ethereum Up or Down - May 2, 2:45AM-2:50AM ET",Down,BUY,1.8,0.54,0xcb420c4f046512ee127582a8d61fa08fac4ac268b4b261dacf5f0334a0f64922,2026-05-02 09:47:06,0x68d3317ee5ecef1d4bc859a51745cd9413ea6edd2827203af01d9ec4907f0d93,eth-updown-5m-1777704300
"Bitcoin Up or Down - May 2, 2:45AM-2:50AM ET",Up,BUY,60,0.764275,0xd506c6521949e8a1d681f444814864f48d4d01c2a253ec430576970dd1dfe753,2026-05-02 09:46:38,0x1f320df42056b5423658215e6d5ddad722b135de3b4b966ea73f6c48568d92e0,btc-updown-5m-1777704300
"Bitcoin Up or Down - May 2, 2:45AM-2:50AM ET",Up,BUY,53,0.713011320754717,0xd506c6521949e8a1d681f444814864f48d4d01c2a253ec430576970dd1dfe753,2026-05-02 09:46:32,0x64acb031387591254163e7488c1dfb0283b61f0f8d595033b52595bcb9986bd2,btc-updown-5m-1777704300
"Bitcoin Up or Down - May 2, 2:45AM-3:00AM ET",Up,BUY,10,0.55484,0x4c1bafd39b802fa9ab980ce34fbf87794d3b6b6042dc1c568ce6c488bc85ce1a,2026-05-02 09:46:32,0xced1a3146685b95e8cd031e4fb9305cad05e3f48988281892e846731e2dc904e,btc-updown-15m-1777704300
"Bitcoin Up or Down - May 2, 2:45AM-3:00AM ET",Down,BUY,10,0.47,0x4c1bafd39b802fa9ab980ce34fbf87794d3b6b6042dc1c568ce6c488bc85ce1a,2026-05-02 09:46:28,0x84e6f45eac741946c3d2524d7ec666b7c575436ff3233e321de78e564647c2db,btc-updown-15m-1777704300
"Bitcoin Up or Down - May 2, 2:45AM-3:00AM ET",Down,BUY,10,0.42,0x4c1bafd39b802fa9ab980ce34fbf87794d3b6b6042dc1c568ce6c488bc85ce1a,2026-05-02 09:46:28,0x7977e6d56fd61f511fcd1098bb8ba5441f648439bb94c4069455b9e83e6a321d,btc-updown-15m-1777704300
"Ethereum Up or Down - May 2, 2:45AM-2:50AM ET",Down,BUY,10,0.54,0xcb420c4f046512ee127582a8d61fa08fac4ac268b4b261dacf5f0334a0f64922,2026-05-02 09:46:28,0xb55f41152d6e0b1b7925ec096c024a67890d5906ee31225d0975b3bb0a8010d7,eth-updown-5m-1777704300
"Ethereum Up or Down - May 2, 2:45AM-2:50AM ET",Down,BUY,10,0.53,0xcb420c4f046512ee127582a8d61fa08fac4ac268b4b261dacf5f0334a0f64922,2026-05-02 09:46:28,0xfd54379aeca034fb7ee10b18ffca75c861dd6f9bdbd1c7eb4477de650b7c50a2,eth-updown-5m-1777704300
"Bitcoin Up or Down - May 2, 2:45AM-2:50AM ET",Down,BUY,42,0.29,0xd506c6521949e8a1d681f444814864f48d4d01c2a253ec430576970dd1dfe753,2026-05-02 09:46:28,0x036bcf54499e662a684b514ba29abe9353fdca5a04054b6b004e2f899532eec6,btc-updown-5m-1777704300
"Bitcoin Up or Down - May 2, 2AM ET",Down,BUY,11,0.12,0x5d72cc86e77c6df3dbff798bd06aefd2fa897df319de30db383dd67a3d6be2de,2026-05-02 09:46:28,0x70eb2d3823c1bca27723b8ed52414666255e3f2b1467326925d15b383bd93594,bitcoin-up-or-down-may-2-2026-2am-et
"Bitcoin Up or Down - May 2, 2:45AM-2:50AM ET",Down,BUY,47,0.29,0xd506c6521949e8a1d681f444814864f48d4d01c2a253ec430576970dd1dfe753,2026-05-02 09:46:28,0x52e5f599acd98c5e0efc72a015fa842a684d2f10d5bac7da4061e445b907df88,btc-updown-5m-1777704300
"Ethereum Up or Down - May 2, 2:45AM-2:50AM ET",Down,BUY,0.54,0.49,0xcb420c4f046512ee127582a8d61fa08fac4ac268b4b261dacf5f0334a0f64922,2026-05-02 09:46:28,0xd5b1099595955b80f56f0a2fd6ca3b702eab35838b062e8479bf0d0c8d6aeeba,eth-updown-5m-1777704300
"Bitcoin Up or Down - May 2, 2:45AM-2:50AM ET",Down,BUY,49,0.29,0xd506c6521949e8a1d681f444814864f48d4d01c2a253ec430576970dd1dfe753,2026-05-02 09:46:28,0xbab2470b03d37cfc8048d7d6eca2fe2fa962dcb39d0e5319cf56235192ba4895,btc-updown-5m-1777704300
"Bitcoin Up or Down - May 2, 2:45AM-2:50AM ET",Down,BUY,48,0.29,0xd506c6521949e8a1d681f444814864f48d4d01c2a253ec430576970dd1dfe753,2026-05-02 09:46:28,0xe67605adacc2b5171a5299c2ab26ea579ce455824c4eaf86e4a344f3c814a22d,btc-updown-5m-1777704300
"Ethereum Up or Down - May 2, 2:45AM-2:50AM ET",Down,BUY,10,0.48,0xcb420c4f046512ee127582a8d61fa08fac4ac268b4b261dacf5f0334a0f64922,2026-05-02 09:46:06,0xb7ac8c5b80751f21a0af4fd0ece608293071716a5db5e136efbd1593449d4866,eth-updown-5m-1777704300
"Ethereum Up or Down - May 2, 2:45AM-2:50AM ET",Up,BUY,10,0.58,0xcb420c4f046512ee127582a8d61fa08fac4ac268b4b261dacf5f0334a0f64922,2026-05-02 09:45:54,0xd668010b7f06f94cd2a97b066e222655b03a17c9dabec539ec79ac184643e506,eth-updown-5m-1777704300
"Ethereum Up or Down - May 2, 2:45AM-2:50AM ET",Up,BUY,10,0.5,0xcb420c4f046512ee127582a8d61fa08fac4ac268b4b261dacf5f0334a0f64922,2026-05-02 09:45:36,0xe15e974ae4a207c16d5cab9bf744d940e172f2ea93b19d310b026b5566cc7dbf,eth-updown-5m-1777704300
"Bitcoin Up or Down - May 2, 2AM ET",Up,BUY,12,0.88,0x5d72cc86e77c6df3dbff798bd06aefd2fa897df319de30db383dd67a3d6be2de,2026-05-02 09:45:34,0x7faf40d23fa7601bc73b4e68a88afe98315ae3d0507b63f408eb9546d7666278,bitcoin-up-or-down-may-2-2026-2am-et
"Bitcoin Up or Down - May 2, 2AM ET",Up,BUY,12,0.87,0x5d72cc86e77c6df3dbff798bd06aefd2fa897df319de30db383dd67a3d6be2de,2026-05-02 09:45:32,0x001e94bbeb3a0266aeacc5cd7b32176faebfb64bc4823cd17a1b1397e09f2f0f,bitcoin-up-or-down-may-2-2026-2am-et
"Ethereum Up or Down - May 2, 2:45AM-2:50AM ET",Up,BUY,10,0.45,0xcb420c4f046512ee127582a8d61fa08fac4ac268b4b261dacf5f0334a0f64922,2026-05-02 09:45:32,0xe06dc84a254682656a79bd16bd3a0c22bd013052b47337cbbf2915fb58888a61,eth-updown-5m-1777704300
"Ethereum Up or Down - May 2, 2:45AM-2:50AM ET",Up,BUY,10,0.45,0xcb420c4f046512ee127582a8d61fa08fac4ac268b4b261dacf5f0334a0f64922,2026-05-02 09:45:32,0x5deb3fc36d62c3d95f13487a85ab1c74b7746d52f657b9200b07f3ad90d1d980,eth-updown-5m-1777704300
"Bitcoin Up or Down - May 2, 2:45AM-2:50AM ET",Up,BUY,45,0.6675555555555556,0xd506c6521949e8a1d681f444814864f48d4d01c2a253ec430576970dd1dfe753,2026-05-02 09:45:32,0x7c1ea1cba41e816366225cb6bf609fa5837373f6b8c5be4d9c31bdfdcb7ecb33,btc-updown-5m-1777704300
"Ethereum Up or Down - May 2, 2:45AM-2:50AM ET",Up,BUY,10,0.47,0xcb420c4f046512ee127582a8d61fa08fac4ac268b4b261dacf5f0334a0f64922,2026-05-02 09:45:32,0xc67cf1a5a289b82aa9f2ec8efcb0ca9a1bb561ed59ae9b84a39b68bafe154c34,eth-updown-5m-1777704300
"Bitcoin Up or Down - May 2, 2:45AM-2:50AM ET",Up,BUY,60,0.7,0xd506c6521949e8a1d681f444814864f48d4d01c2a253ec430576970dd1dfe753,2026-05-02 09:45:32,0x6bd15a5c491349b1d65e9386b69c4374be20ffbea7fcbbb0caf38aee538547be,btc-updown-5m-1777704300
"Bitcoin Up or Down - May 2, 2:45AM-2:50AM ET",Up,BUY,58,0.7,0xd506c6521949e8a1d681f444814864f48d4d01c2a253ec430576970dd1dfe753,2026-05-02 09:45:32,0xb86f03af7780899a8f026720e20a67e283c23a965dbaeb570cc9e9f85f5bcf13,btc-updown-5m-1777704300
"Bitcoin Up or Down - May 2, 2:45AM-3:00AM ET",Up,BUY,10,0.53,0x4c1bafd39b802fa9ab980ce34fbf87794d3b6b6042dc1c568ce6c488bc85ce1a,2026-05-02 09:45:32,0x84015078a47348f5192b6eb23af94561c2406ad1ceab071985b88f081413bab8,btc-updown-15m-1777704300
"Bitcoin Up or Down - May 2, 2:45AM-3:00AM ET",Up,BUY,10,0.52577,0x4c1bafd39b802fa9ab980ce34fbf87794d3b6b6042dc1c568ce6c488bc85ce1a,2026-05-02 09:45:32,0x71cab5a81ab5f7933490b6859bf2599cfcbda28ad79f11cf1d8024553216a869,btc-updown-15m-1777704300
"Bitcoin Up or Down - May 2, 2:45AM-2:50AM ET",Up,BUY,56,0.69,0xd506c6521949e8a1d681f444814864f48d4d01c2a253ec430576970dd1dfe753,2026-05-02 09:45:32,0xb5cbd2c42f55d57ccb96c927a484cec36046f978483edff6acd714493f973248,btc-updown-5m-1777704300
"Bitcoin Up or Down - May 2, 2AM ET",Down,BUY,10,0.14,0x5d72cc86e77c6df3dbff798bd06aefd2fa897df319de30db383dd67a3d6be2de,2026-05-02 09:45:28,0xcd73838d96e3f93a8b2ef41d5eb1954d7e3a39d2b55849656f24c98a3190d405,bitcoin-up-or-down-may-2-2026-2am-et
"Bitcoin Up or Down - May 2, 2:45AM-3:00AM ET",Down,BUY,10,0.49,0x4c1bafd39b802fa9ab980ce34fbf87794d3b6b6042dc1c568ce6c488bc85ce1a,2026-05-02 09:45:28,0x94218c29a465db58772f8ec7085f762fed53e882f6be38a52fb457afae96f42d,btc-updown-15m-1777704300
"Bitcoin Up or Down - May 2, 2:45AM-3:00AM ET",Down,BUY,10,0.49,0x4c1bafd39b802fa9ab980ce34fbf87794d3b6b6042dc1c568ce6c488bc85ce1a,2026-05-02 09:45:26,0x1f43826cce6aac07f35bbe6c096f350494cfc7d3d0034eceb3d54943305ed282,btc-updown-15m-1777704300
"Bitcoin Up or Down - May 2, 2AM ET",Down,BUY,10,0.14,0x5d72cc86e77c6df3dbff798bd06aefd2fa897df319de30db383dd67a3d6be2de,2026-05-02 09:45:26,0x5d9117724a27b0bf287f37c73d2dc0aab9be51a928158a7e29a32e6e58cc26ec,bitcoin-up-or-down-may-2-2026-2am-et
"Ethereum Up or Down - May 2, 2:45AM-2:50AM ET",Down,BUY,10,0.52,0xcb420c4f046512ee127582a8d61fa08fac4ac268b4b261dacf5f0334a0f64922,2026-05-02 09:45:26,0x09f429addefb1351272a11995c923af558e0336a45c048e04ca470e57d9477bb,eth-updown-5m-1777704300
"Ethereum Up or Down - May 2, 2:45AM-2:50AM ET",Down,BUY,10,0.52,0xcb420c4f046512ee127582a8d61fa08fac4ac268b4b261dacf5f0334a0f64922,2026-05-02 09:45:26,0xe890d2334cdd2be935b64d6b0a63014c39af612b6cb69f5d2aa87cd497c3c179,eth-updown-5m-1777704300
"Ethereum Up or Down - May 2, 2:45AM-2:50AM ET",Down,BUY,10,0.5132,0xcb420c4f046512ee127582a8d61fa08fac4ac268b4b261dacf5f0334a0f64922,2026-05-02 09:45:26,0x96b8c5ff63201aff61055706bcc813958f56815f2a4005dac552a0146dc549c1,eth-updown-5m-1777704300
"Ethereum Up or Down - May 2, 2:45AM-2:50AM ET",Down,BUY,11,0.5209090909090909,0xcb420c4f046512ee127582a8d61fa08fac4ac268b4b261dacf5f0334a0f64922,2026-05-02 09:45:26,0x66e1cc5a9cf135a01dd7946998ee4c8797b92736836dbb14d08ed4a9d8df93ed,eth-updown-5m-1777704300
"Bitcoin Up or Down - May 2, 2:45AM-2:50AM ET",Up,BUY,5,0.73,0xd506c6521949e8a1d681f444814864f48d4d01c2a253ec430576970dd1dfe753,2026-05-02 09:45:20,0xfc03add739a71796a6212142b5eeea1bfbac6ce43222f7b61c35a544e8ff410d,btc-updown-5m-1777704300
"Ethereum Up or Down - May 2, 2:45AM-2:50AM ET",Up,BUY,10,0.5,0xcb420c4f046512ee127582a8d61fa08fac4ac268b4b261dacf5f0334a0f64922,2026-05-02 09:45:20,0xe891ad840751734d1c0530a6338d2dd8a5d006f100c698ff22a72f4c327b330a,eth-updown-5m-1777704300
"Bitcoin Up or Down - May 2, 2:45AM-3:00AM ET",Up,BUY,10,0.52,0x4c1bafd39b802fa9ab980ce34fbf87794d3b6b6042dc1c568ce6c488bc85ce1a,2026-05-02 09:45:20,0xbe1eb31758b33c6df33ae0387a64dfa0f962b8bcd44a30d34eb8f114a1075dc9,btc-updown-15m-1777704300
"Ethereum Up or Down - May 2, 2:45AM-2:50AM ET",Up,BUY,10,0.5,0xcb420c4f046512ee127582a8d61fa08fac4ac268b4b261dacf5f0334a0f64922,2026-05-02 09:45:20,0x4da03047c1874c0d4f6b830d5b4009dff84de6783b6c315002960717f0471018,eth-updown-5m-1777704300
"Bitcoin Up or Down - May 2, 2:45AM-2:50AM ET",Up,BUY,49,0.67,0xd506c6521949e8a1d681f444814864f48d4d01c2a253ec430576970dd1dfe753,2026-05-02 09:45:20,0xb7ada0c13c8f3bd377c2b797339c40bf795bd61a56f98cf4bc73d52fa890cd50,btc-updown-5m-1777704300
"Ethereum Up or Down - May 2, 2:45AM-2:50AM ET",Up,BUY,10,0.4948,0xcb420c4f046512ee127582a8d61fa08fac4ac268b4b261dacf5f0334a0f64922,2026-05-02 09:45:20,0x92c331e06e37a80c3c21d15582d33f8ef213e0fee75cb5246303a991e3b6226c,eth-updown-5m-1777704300
"Bitcoin Up or Down - May 2, 2AM ET",Up,BUY,11,0.87,0x5d72cc86e77c6df3dbff798bd06aefd2fa897df319de30db383dd67a3d6be2de,2026-05-02 09:45:00,0xce898f2df670f66a6ac84801a2f0031abe3ba6d7a97c494bab7a7a03c3579808,bitcoin-up-or-down-may-2-2026-2am-et
"Bitcoin Up or Down - May 2, 2AM ET",Down,BUY,10,0.14,0x5d72cc86e77c6df3dbff798bd06aefd2fa897df319de30db383dd67a3d6be2de,2026-05-02 09:44:58,0xe7cf2866e61daa5eb08a91df88537b4fbf0da93ef0ba25fce65bae23b1dd1c28,bitcoin-up-or-down-may-2-2026-2am-et
"Bitcoin Up or Down - May 2, 2AM ET",Up,BUY,1.11,0.81,0x5d72cc86e77c6df3dbff798bd06aefd2fa897df319de30db383dd67a3d6be2de,2026-05-02 09:44:06,0x52d4a75db6692fa7836b6761d5ffd687e69a9911e7c5b4a4d50d9a80505f5f90,bitcoin-up-or-down-may-2-2026-2am-et
"Bitcoin Up or Down - May 2, 2AM ET",Up,BUY,7,0.78,0x5d72cc86e77c6df3dbff798bd06aefd2fa897df319de30db383dd67a3d6be2de,2026-05-02 09:43:54,0x6c3ed2f3e4c94f7f2da1e4697b5ddf0728edf065fc88921c3c5ad901d5476c17,bitcoin-up-or-down-may-2-2026-2am-et
"Bitcoin Up or Down - May 2, 2AM ET",Up,BUY,6,0.73,0x5d72cc86e77c6df3dbff798bd06aefd2fa897df319de30db383dd67a3d6be2de,2026-05-02 09:43:50,0xefce0f5634fcfd838e18b55fd0aa24285b2c2c7d796db96936b91c8e729b2692,bitcoin-up-or-down-may-2-2026-2am-et
"Bitcoin Up or Down - May 2, 2AM ET",Up,BUY,7,0.7342857142857143,0x5d72cc86e77c6df3dbff798bd06aefd2fa897df319de30db383dd67a3d6be2de,2026-05-02 09:43:50,0xf9b06fa7b3a067ecd1396aedd9d0844b8584db1a382d61c2e21af5e63dd4f200,bitcoin-up-or-down-may-2-2026-2am-et
"Bitcoin Up or Down - May 2, 2:40AM-2:45AM ET",Up,BUY,136,0.8960022058823529,0x974da977ba171cb1ea6b1298d40c6f0d0b0cb28beba91af3b658e6bda2bbebdc,2026-05-02 09:43:50,0x965af917f18785ac1c9b5c8b38872632f1c3d01b72dd8c5dff6810b0d9f86344,btc-updown-5m-1777704000
"Bitcoin Up or Down - May 2, 2:40AM-2:45AM ET",Up,BUY,83,0.8019518072289157,0x974da977ba171cb1ea6b1298d40c6f0d0b0cb28beba91af3b658e6bda2bbebdc,2026-05-02 09:43:48,0x780ef5cc63ae273152d4bd15adea728f7d71c419f73f57145c60449a51ac07de,btc-updown-5m-1777704000
"Ethereum Up or Down - May 2, 2:40AM-2:45AM ET",Down,BUY,12,0.26666666666666666,0x3063cb03e516cbd4046da70da48ce3f9f29465f210c1634b76fd16086bbef4d7,2026-05-02 09:43:36,0x090f014e052bda0981b4c1ac6634b6d68acb5179f261d6b436467a5fe3fefe87,eth-updown-5m-1777704000
"Ethereum Up or Down - May 2, 2:40AM-2:45AM ET",Down,BUY,13,0.23461538461538461,0x3063cb03e516cbd4046da70da48ce3f9f29465f210c1634b76fd16086bbef4d7,2026-05-02 09:43:36,0xb310b51b3d8cb48d5e75b4a75c353996f733ba56c1e79f6d7ebf7f3da0c2d0e5,eth-updown-5m-1777704000
"Ethereum Up or Down - May 2, 2:40AM-2:45AM ET",Down,BUY,13,0.21,0x3063cb03e516cbd4046da70da48ce3f9f29465f210c1634b76fd16086bbef4d7,2026-05-02 09:43:34,0xcfdc9196338fa2646ca534b153606caf26b1969a8f3fc508479c85d6a21b461c,eth-updown-5m-1777704000
"Ethereum Up or Down - May 2, 2:40AM-2:45AM ET",Down,BUY,11,0.27814545454545453,0x3063cb03e516cbd4046da70da48ce3f9f29465f210c1634b76fd16086bbef4d7,2026-05-02 09:43:34,0xdf96cfe6cada23e8de97a169b98ee18a57dc1eae684ee9a107addca7654c4489,eth-updown-5m-1777704000
"Ethereum Up or Down - May 2, 2:40AM-2:45AM ET",Down,BUY,15,0.16909333333333335,0x3063cb03e516cbd4046da70da48ce3f9f29465f210c1634b76fd16086bbef4d7,2026-05-02 09:43:14,0x24e638efab576673c61e64be75fc252ad9b2cad398ff70adb1fa8710e52d138b,eth-updown-5m-1777704000
"Bitcoin Up or Down - May 2, 2:30AM-2:45AM ET",Up,BUY,2088.08,0.99,0x52eb9f886739663a81cf08ff9de8bde11a87e5a10abf5f6294044ca76ef8d99b,2026-05-02 09:43:08,0x2cbd8b8ce8e745cb158a8194de8a308f576bacccb43a3fdd48f956a4b87726b4,btc-updown-15m-1777703400
"Ethereum Up or Down - May 2, 2:40AM-2:45AM ET",Up,BUY,22,0.84,0x3063cb03e516cbd4046da70da48ce3f9f29465f210c1634b76fd16086bbef4d7,2026-05-02 09:43:06,0x42531cd44a57714761bfad93563c39e65a8d5fd82099e1ce25fc625191555d09,eth-updown-5m-1777704000
"Ethereum Up or Down - May 2, 2:40AM-2:45AM ET",Up,BUY,24,0.84,0x3063cb03e516cbd4046da70da48ce3f9f29465f210c1634b76fd16086bbef4d7,2026-05-02 09:43:06,0x750f1d92646e018a903ab8b384b0c1ae9b854b9aea8862c16ddf9a13c4eb395d,eth-updown-5m-1777704000
"Ethereum Up or Down - May 2, 2:40AM-2:45AM ET",Up,BUY,28,0.84,0x3063cb03e516cbd4046da70da48ce3f9f29465f210c1634b76fd16086bbef4d7,2026-05-02 09:43:06,0x718b9841bcedebc6c15dce9e032a212d79d369f623c9048e99e4347e7e01c625,eth-updown-5m-1777704000
"Bitcoin Up or Down - May 2, 2:40AM-2:45AM ET",Down,BUY,42.06,0.31481692819781265,0x974da977ba171cb1ea6b1298d40c6f0d0b0cb28beba91af3b658e6bda2bbebdc,2026-05-02 09:42:42,0xd9946bd677bfc81dc41417704a9b8fa00cd721046c7e198eb643135c25c2f2ba,btc-updown-5m-1777704000
"Bitcoin Up or Down - May 2, 2:40AM-2:45AM ET",Down,BUY,41,0.3773487804878049,0x974da977ba171cb1ea6b1298d40c6f0d0b0cb28beba91af3b658e6bda2bbebdc,2026-05-02 09:42:42,0xbf09b704f60ff6bc43be74d91d63bcc7a09754eebbc9f428bdd2e8baffe3498d,btc-updown-5m-1777704000
"Bitcoin Up or Down - May 2, 2AM ET",Down,BUY,5,0.28,0x5d72cc86e77c6df3dbff798bd06aefd2fa897df319de30db383dd67a3d6be2de,2026-05-02 09:42:42,0xb82542b8a06fa7bbbe284cdfbfa76ab7295263307ed70a915fdbd519bda99007,bitcoin-up-or-down-may-2-2026-2am-et
"Bitcoin Up or Down - May 2, 2AM ET",Up,BUY,6,0.72,0x5d72cc86e77c6df3dbff798bd06aefd2fa897df319de30db383dd67a3d6be2de,2026-05-02 09:42:24,0x242ccf973fd8c64ef39c3190993f0cf9ab855acc4ef58f2ffc3652ee76d47bb9,bitcoin-up-or-down-may-2-2026-2am-et
"Bitcoin Up or Down - May 2, 2:40AM-2:45AM ET",Up,BUY,5,0.66,0x974da977ba171cb1ea6b1298d40c6f0d0b0cb28beba91af3b658e6bda2bbebdc,2026-05-02 09:42:24,0x54fa980704a431c89095af31087d440616ec4e6efbe92848c24bf63e767cdfd1,btc-updown-5m-1777704000
"Bitcoin Up or Down - May 2, 2:40AM-2:45AM ET",Up,BUY,58,0.7077517241379311,0x974da977ba171cb1ea6b1298d40c6f0d0b0cb28beba91af3b658e6bda2bbebdc,2026-05-02 09:42:24,0xa485e61a3b9a2b1391b89b32043a0885bd987fbf40fc374b0b52aaa108349525,btc-updown-5m-1777704000
"Ethereum Up or Down - May 2, 2:40AM-2:45AM ET",Up,BUY,17,0.7965411764705882,0x3063cb03e516cbd4046da70da48ce3f9f29465f210c1634b76fd16086bbef4d7,2026-05-02 09:42:24,0xa304e447270535d76d1f5ae17d07e8706c3c5fb77e24773ae89be59831177da6,eth-updown-5m-1777704000
"Ethereum Up or Down - May 2, 2:40AM-2:45AM ET",Up,BUY,15,0.78,0x3063cb03e516cbd4046da70da48ce3f9f29465f210c1634b76fd16086bbef4d7,2026-05-02 09:42:24,0xa529f29d2e2ce10536cff411aecc9524aa61ab55915eb2ef5be4dc97bf077ef5,eth-updown-5m-1777704000
"Bitcoin Up or Down - May 2, 2:40AM-2:45AM ET",Up,BUY,23,0.55,0x974da977ba171cb1ea6b1298d40c6f0d0b0cb28beba91af3b658e6bda2bbebdc,2026-05-02 09:42:24,0x6a308573321c1543f65448c8fab2a873318a14cc1d2f82c8130ba72d9755268c,btc-updown-5m-1777704000
"Bitcoin Up or Down - May 2, 2:40AM-2:45AM ET",Down,BUY,40,0.45,0x974da977ba171cb1ea6b1298d40c6f0d0b0cb28beba91af3b658e6bda2bbebdc,2026-05-02 09:42:06,0xd73b45c63a374a6d3773cf65d7fdee63eabb2157390c291b6b541051917d552e,btc-updown-5m-1777704000
"Bitcoin Up or Down - May 2, 2:40AM-2:45AM ET",Up,BUY,44,0.5388636363636363,0x974da977ba171cb1ea6b1298d40c6f0d0b0cb28beba91af3b658e6bda2bbebdc,2026-05-02 09:42:04,0x39db35267bc9681beb4b0cce2754ce426c5509f6e17d051939ca6ca90ec4b8f8,btc-updown-5m-1777704000
"Ethereum Up or Down - May 2, 2:40AM-2:45AM ET",Up,BUY,14,0.7464285714285714,0x3063cb03e516cbd4046da70da48ce3f9f29465f210c1634b76fd16086bbef4d7,2026-05-02 09:42:04,0x6b57a546c304598d6b403b5f414da4eb29b41a4df56e7983b942461a0ac873ed,eth-updown-5m-1777704000
"Bitcoin Up or Down - May 2, 2AM ET",Up,BUY,6,0.67,0x5d72cc86e77c6df3dbff798bd06aefd2fa897df319de30db383dd67a3d6be2de,2026-05-02 09:42:04,0x192ceaaf9a7eac06033db063b63fbdd77c5ef3b26a7e631d20d4bb2e1eab198e,bitcoin-up-or-down-may-2-2026-2am-et
"Bitcoin Up or Down - May 2, 2:40AM-2:45AM ET",Up,BUY,41,0.5179024390243903,0x974da977ba171cb1ea6b1298d40c6f0d0b0cb28beba91af3b658e6bda2bbebdc,2026-05-02 09:42:04,0x12360dae232b42a1e990a07c108015295eb500db196eb0c0eae59e0f2dca5aff,btc-updown-5m-1777704000
"Ethereum Up or Down - May 2, 2:40AM-2:45AM ET",Up,BUY,15,0.7526666666666667,0x3063cb03e516cbd4046da70da48ce3f9f29465f210c1634b76fd16086bbef4d7,2026-05-02 09:42:04,0x225497ad9de27627e9595ccc7184650e006287a6792831baa0468afe55288fa2,eth-updown-5m-1777704000
"Ethereum Up or Down - May 2, 2:40AM-2:45AM ET",Up,BUY,14,0.7302071428571428,0x3063cb03e516cbd4046da70da48ce3f9f29465f210c1634b76fd16086bbef4d7,2026-05-02 09:42:04,0x4976d01432438d566d9885afc9ef8200a87a5c8bf41483ff9c37f2d901274d16,eth-updown-5m-1777704000
"Ethereum Up or Down - May 2, 2:40AM-2:45AM ET",Up,BUY,13,0.73,0x3063cb03e516cbd4046da70da48ce3f9f29465f210c1634b76fd16086bbef4d7,2026-05-02 09:42:04,0xebf7c0052c4a9e30854c049f8f8621a7334de9968086599eec33205736c53d03,eth-updown-5m-1777704000
"Ethereum Up or Down - May 2, 2:40AM-2:45AM ET",Down,BUY,11,0.32,0x3063cb03e516cbd4046da70da48ce3f9f29465f210c1634b76fd16086bbef4d7,2026-05-02 09:41:30,0xa46c390030ae23249d76496a065209e9db66e4844615669b55f46842b146d564,eth-updown-5m-1777704000
"Ethereum Up or Down - May 2, 2:40AM-2:45AM ET",Down,BUY,10,0.28,0x3063cb03e516cbd4046da70da48ce3f9f29465f210c1634b76fd16086bbef4d7,2026-05-02 09:41:18,0xcea74ae6b85c258722bf3824f5c38b431c98f6970a130c7128a050585f574a1e,eth-updown-5m-1777704000
"Ethereum Up or Down - May 2, 2:40AM-2:45AM ET",Up,BUY,13,0.73,0x3063cb03e516cbd4046da70da48ce3f9f29465f210c1634b76fd16086bbef4d7,2026-05-02 09:41:18,0x945b3ce51d4591b291da3f0492700e19ee9fa575ac06311a78f051ded9a28d86,eth-updown-5m-1777704000
"Ethereum Up or Down - May 2, 2:40AM-2:45AM ET",Down,BUY,12,0.28153333333333336,0x3063cb03e516cbd4046da70da48ce3f9f29465f210c1634b76fd16086bbef4d7,2026-05-02 09:41:16,0x5ea93793392b48c22cf87b90188a70d6384677d99bbaa8267dabfb24bb17c0f4,eth-updown-5m-1777704000
"Ethereum Up or Down - May 2, 2:40AM-2:45AM ET",Down,BUY,12,0.28,0x3063cb03e516cbd4046da70da48ce3f9f29465f210c1634b76fd16086bbef4d7,2026-05-02 09:41:16,0x9c46948861577d354b5cf08b5274ff3beb82a8ce75213af031ee2059636c2daf,eth-updown-5m-1777704000
"Bitcoin Up or Down - May 2, 2:40AM-2:45AM ET",Down,BUY,40,0.47769,0x974da977ba171cb1ea6b1298d40c6f0d0b0cb28beba91af3b658e6bda2bbebdc,2026-05-02 09:40:58,0xa379e1ee0aae15f95ed8be53c6dabfe3f8baf8b56f1b6424b36759adecce14c2,btc-updown-5m-1777704000
"Bitcoin Up or Down - May 2, 2:40AM-2:45AM ET",Up,BUY,40,0.44,0x974da977ba171cb1ea6b1298d40c6f0d0b0cb28beba91af3b658e6bda2bbebdc,2026-05-02 09:40:36,0x9dc90f4995fef33b0a17dce4b2f21b22ac0320f5f9580d64b372562e14596b49,btc-updown-5m-1777704000
"Bitcoin Up or Down - May 2, 2:40AM-2:45AM ET",Up,BUY,40,0.47,0x974da977ba171cb1ea6b1298d40c6f0d0b0cb28beba91af3b658e6bda2bbebdc,2026-05-02 09:40:34,0xa557e58f818bfc961a83a1d14e49d8a0cb2e5b42e4562ad8f61c8e45e51fc71c,btc-updown-5m-1777704000
"Bitcoin Up or Down - May 2, 2:40AM-2:45AM ET",Up,BUY,40,0.46537,0x974da977ba171cb1ea6b1298d40c6f0d0b0cb28beba91af3b658e6bda2bbebdc,2026-05-02 09:40:34,0x6a492586590ed4c6015d33933cd12945c3c48370accc63ace2f1766b766ddaa7,btc-updown-5m-1777704000
"Ethereum Up or Down - May 2, 2:40AM-2:45AM ET",Down,BUY,10,0.41,0x3063cb03e516cbd4046da70da48ce3f9f29465f210c1634b76fd16086bbef4d7,2026-05-02 09:40:20,0xde0e1f081a8fec266e5fa9f86f90532d61711892ae554187e3bfa13b46c01edc,eth-updown-5m-1777704000
"Bitcoin Up or Down - May 2, 2:40AM-2:45AM ET",Down,BUY,40,0.50075,0x974da977ba171cb1ea6b1298d40c6f0d0b0cb28beba91af3b658e6bda2bbebdc,2026-05-02 09:40:20,0x4277695d99a26bf5cc6ae7c836473baef69eaafbf7aef874f798794a4bd41ba0,btc-updown-5m-1777704000
"Bitcoin Up or Down - May 2, 2:40AM-2:45AM ET",Up,BUY,40,0.468415,0x974da977ba171cb1ea6b1298d40c6f0d0b0cb28beba91af3b658e6bda2bbebdc,2026-05-02 09:40:14,0xe02a16f77c4f5d8002663f8c450e86a28cf5091dd5847fa9a71008725bf45867,btc-updown-5m-1777704000
"Bitcoin Up or Down - May 2, 2:40AM-2:45AM ET",Up,BUY,40,0.48,0x974da977ba171cb1ea6b1298d40c6f0d0b0cb28beba91af3b658e6bda2bbebdc,2026-05-02 09:40:14,0x7038daff4083dc80ca44f9d6b494205e189bcc3091c8366d7115144c25616ac1,btc-updown-5m-1777704000
"Bitcoin Up or Down - May 2, 2:40AM-2:45AM ET",Down,BUY,45,0.5997711111111111,0x974da977ba171cb1ea6b1298d40c6f0d0b0cb28beba91af3b658e6bda2bbebdc,2026-05-02 09:40:10,0x727e9335d3a534d94a83abfc74efb093f2bf188a29b552e794544218d44c0248,btc-updown-5m-1777704000
"Bitcoin Up or Down - May 2, 2AM ET",Down,BUY,5,0.36384,0x5d72cc86e77c6df3dbff798bd06aefd2fa897df319de30db383dd67a3d6be2de,2026-05-02 09:40:10,0xfc21851bfdf9269cc538e43ea75fb317b7371058a80965022c67b299da4f94cd,bitcoin-up-or-down-may-2-2026-2am-et
"Bitcoin Up or Down - May 2, 2AM ET",Down,BUY,5,0.35,0x5d72cc86e77c6df3dbff798bd06aefd2fa897df319de30db383dd67a3d6be2de,2026-05-02 09:40:10,0xfa196edd66cb7590cf2064d127fdf4b0cd19e3c1cd6552b52caa976a1c9fc6ac,bitcoin-up-or-down-may-2-2026-2am-et
"Bitcoin Up or Down - May 2, 2:40AM-2:45AM ET",Down,BUY,41,0.5406243902439024,0x974da977ba171cb1ea6b1298d40c6f0d0b0cb28beba91af3b658e6bda2bbebdc,2026-05-02 09:40:10,0x26a3209825a0bb10f7f1884374b4e68cb63127de706a6ad6f825a5552b80a775,btc-updown-5m-1777704000
"Bitcoin Up or Down - May 2, 2AM ET",Down,BUY,5,0.35,0x5d72cc86e77c6df3dbff798bd06aefd2fa897df319de30db383dd67a3d6be2de,2026-05-02 09:40:10,0x2eb2e46668e973da2a943ddb93ef5b59ceee2690d964e92de30a777af639339d,bitcoin-up-or-down-may-2-2026-2am-et
"Bitcoin Up or Down - May 2, 2:40AM-2:45AM ET",Down,BUY,9.12,0.58,0x974da977ba171cb1ea6b1298d40c6f0d0b0cb28beba91af3b658e6bda2bbebdc,2026-05-02 09:40:10,0x6aed2e56d40221546c9f52bbdaf18a95a9f674c753b5f2f45b0b8a0cc7498b50,btc-updown-5m-1777704000
"Bitcoin Up or Down - May 2, 2:40AM-2:45AM ET",Down,BUY,5.87,0.54,0x974da977ba171cb1ea6b1298d40c6f0d0b0cb28beba91af3b658e6bda2bbebdc,2026-05-02 09:40:10,0xc204a52aab5da3554078f8e8a8243e4e1988b2719462a0ebf552d95d41f58931,btc-updown-5m-1777704000
"Ethereum Up or Down - May 2, 2:30AM-2:45AM ET",Up,BUY,1114.31,0.99,0x6ecf55d5f1cf5a88ccdfd72e5a88d9a26313c4244aa920f57ce135aac2c4c309,2026-05-02 09:39:40,0x809d00ea973f7aad61af86930e97259f4f89dedc2eb49bba3483033b13757cc9,eth-updown-15m-1777703400
"Bitcoin Up or Down - May 2, 2AM ET",Up,BUY,5,0.63,0x5d72cc86e77c6df3dbff798bd06aefd2fa897df319de30db383dd67a3d6be2de,2026-05-02 09:38:14,0xd14f21329bbd33cbd6aa0fcea693f094e3a2c9225725509c750ddcf856cd2147,bitcoin-up-or-down-may-2-2026-2am-et
"Bitcoin Up or Down - May 2, 2AM ET",Down,BUY,5,0.38,0x5d72cc86e77c6df3dbff798bd06aefd2fa897df319de30db383dd67a3d6be2de,2026-05-02 09:38:06,0xed90947d2dc2269070f0d5be5c633542deb73fcfc89d3eb84f7c0b74168111aa,bitcoin-up-or-down-may-2-2026-2am-et
"Bitcoin Up or Down - May 2, 2AM ET",Down,BUY,5,0.38,0x5d72cc86e77c6df3dbff798bd06aefd2fa897df319de30db383dd67a3d6be2de,2026-05-02 09:37:46,0xef4b7a9d3b923012eb28e89d7ab90183a14391400b1e6c2f45d5fdd2a6fb6fa7,bitcoin-up-or-down-may-2-2026-2am-et
"Bitcoin Up or Down - May 2, 2AM ET",Up,BUY,5,0.61,0x5d72cc86e77c6df3dbff798bd06aefd2fa897df319de30db383dd67a3d6be2de,2026-05-02 09:37:30,0x7b099d46f0476edae47d8f897fcfbe5502ab566ce3ffaac27a893a1d15af4216,bitcoin-up-or-down-may-2-2026-2am-et
"Bitcoin Up or Down - May 2, 2AM ET",Up,BUY,5,0.61,0x5d72cc86e77c6df3dbff798bd06aefd2fa897df319de30db383dd67a3d6be2de,2026-05-02 09:37:30,0x213b0375870dd3602e13d2c13712aface6f53a9fb4021fc37252b04595483b98,bitcoin-up-or-down-may-2-2026-2am-et
"Bitcoin Up or Down - May 2, 2AM ET",Up,BUY,5,0.61,0x5d72cc86e77c6df3dbff798bd06aefd2fa897df319de30db383dd67a3d6be2de,2026-05-02 09:37:30,0x00c500a3cf0282e1eb34f1434a071d879cd1d45368d331ba2390e2b911446923,bitcoin-up-or-down-may-2-2026-2am-et
"Bitcoin Up or Down - May 2, 2:30AM-2:45AM ET",Up,BUY,19,0.82,0x52eb9f886739663a81cf08ff9de8bde11a87e5a10abf5f6294044ca76ef8d99b,2026-05-02 09:36:28,0xa679cddb900bb4096ddd78e54c9691a570374d7149a0c30a22ca48620b6fb79b,btc-updown-15m-1777703400
"Bitcoin Up or Down - May 2, 2AM ET",Up,BUY,5,0.55,0x5d72cc86e77c6df3dbff798bd06aefd2fa897df319de30db383dd67a3d6be2de,2026-05-02 09:36:28,0x7560526f7c1d63c5893592d0ac277e9356fb8f312611cae17bec16c44a53fe21,bitcoin-up-or-down-may-2-2026-2am-et
"Bitcoin Up or Down - May 2, 2:35AM-2:40AM ET",Up,BUY,83,0.86,0x2f6418362bce074f26a378800f86bf0196a6f544040551c8666040e089dbc18e,2026-05-02 09:36:28,0xc0d653ca5452a643a7e37d016ce400429038dc2ad792d0b0febb9ff10606aa66,btc-updown-5m-1777703700
"Bitcoin Up or Down - May 2, 2:35AM-2:40AM ET",Up,BUY,30.99,0.8418941594062601,0x2f6418362bce074f26a378800f86bf0196a6f544040551c8666040e089dbc18e,2026-05-02 09:36:28,0x7ce93f2248cb9640f6ebc67f78dc1bf6ac53d77697174666c8d7fc757d6ffbc3,btc-updown-5m-1777703700
"Bitcoin Up or Down - May 2, 2AM ET",Up,BUY,4.32,0.53,0x5d72cc86e77c6df3dbff798bd06aefd2fa897df319de30db383dd67a3d6be2de,2026-05-02 09:36:24,0x866080f4666ab58d31aefa91727c88760028cbcc79da0afc0e81274bed231b95,bitcoin-up-or-down-may-2-2026-2am-et
"Bitcoin Up or Down - May 2, 2:35AM-2:40AM ET",Up,BUY,51,0.72,0x2f6418362bce074f26a378800f86bf0196a6f544040551c8666040e089dbc18e,2026-05-02 09:36:24,0xef35bcd305569bc47bf60c23c422583f1d15bc95e90f5153ed5c5c51fc85d605,btc-updown-5m-1777703700
"Bitcoin Up or Down - May 2, 2:35AM-2:40AM ET",Up,BUY,65,0.7864030769230769,0x2f6418362bce074f26a378800f86bf0196a6f544040551c8666040e089dbc18e,2026-05-02 09:36:24,0xdcf489bab2e06f1d5e087c56053e0c8cdd6fb0f13f6f0b8ade747cc254da1ee6,btc-updown-5m-1777703700
"Bitcoin Up or Down - May 2, 2:35AM-2:40AM ET",Up,BUY,6,0.76,0x2f6418362bce074f26a378800f86bf0196a6f544040551c8666040e089dbc18e,2026-05-02 09:36:22,0xd366368bf4b2664578280fe4e8395c05d847afab467f964ae4945ba5c6fa5942,btc-updown-5m-1777703700
"Bitcoin Up or Down - May 2, 2:30AM-2:45AM ET",Up,BUY,17,0.81,0x52eb9f886739663a81cf08ff9de8bde11a87e5a10abf5f6294044ca76ef8d99b,2026-05-02 09:36:22,0xee01bab5bb074b6250373f41900b4ff60fb46e60a3b3ef92118499ff0b3d81cb,btc-updown-15m-1777703400
"Bitcoin Up or Down - May 2, 2AM ET",Down,BUY,5,0.55,0x5d72cc86e77c6df3dbff798bd06aefd2fa897df319de30db383dd67a3d6be2de,2026-05-02 09:35:56,0xae6bed02db22c8894d351f0fa60c58fa60bc97840f7aca8b2a388aea207c51e4,bitcoin-up-or-down-may-2-2026-2am-et
"Bitcoin Up or Down - May 2, 2:30AM-2:45AM ET",Down,BUY,12,0.26,0x52eb9f886739663a81cf08ff9de8bde11a87e5a10abf5f6294044ca76ef8d99b,2026-05-02 09:35:56,0x64b88f9d4f7018fb513b5467e78b7b56ed2f425ab1f54237bfc783942029d7f7,btc-updown-15m-1777703400
"Bitcoin Up or Down - May 2, 2:35AM-2:40AM ET",Up,BUY,53,0.7396188679245284,0x2f6418362bce074f26a378800f86bf0196a6f544040551c8666040e089dbc18e,2026-05-02 09:35:52,0x8bbdd9025f482e8e9ddc5220939cdb5030870048b0db89b4856315c193bf0fe4,btc-updown-5m-1777703700
"Bitcoin Up or Down - May 2, 2:35AM-2:40AM ET",Up,BUY,52,0.7250096153846154,0x2f6418362bce074f26a378800f86bf0196a6f544040551c8666040e089dbc18e,2026-05-02 09:35:52,0xa969cd3edfa93899515c5824022a0f706170bb521813b14468f29cf5b056d763,btc-updown-5m-1777703700
"Bitcoin Up or Down - May 2, 2:30AM-2:45AM ET",Up,BUY,15,0.75,0x52eb9f886739663a81cf08ff9de8bde11a87e5a10abf5f6294044ca76ef8d99b,2026-05-02 09:35:52,0x88ad9ae69797bf980db5305ea1d050452a8378bc60e69306d33ecd739f9645bc,btc-updown-15m-1777703400
"Bitcoin Up or Down - May 2, 2AM ET",Up,BUY,5,0.46,0x5d72cc86e77c6df3dbff798bd06aefd2fa897df319de30db383dd67a3d6be2de,2026-05-02 09:35:52,0x38f4b88cdd2d39121ca1f2bff84436a2dc8355a0e7dae2fbb2f080c2da3ca0f6,bitcoin-up-or-down-may-2-2026-2am-et
"Bitcoin Up or Down - May 2, 2:30AM-2:45AM ET",Up,BUY,14,0.75,0x52eb9f886739663a81cf08ff9de8bde11a87e5a10abf5f6294044ca76ef8d99b,2026-05-02 09:35:52,0x3899fd1c94a5af051cf3f6cbf1ed4be2d3a5b2b164e7ade813163ee19e53688c,btc-updown-15m-1777703400
"Bitcoin Up or Down - May 2, 2:35AM-2:40AM ET",Up,BUY,46,0.66,0x2f6418362bce074f26a378800f86bf0196a6f544040551c8666040e089dbc18e,2026-05-02 09:35:44,0x451e1cb7beba398e32c1ac9e0becc7eb058e98bf58a79417f0318b59b71089fd,btc-updown-5m-1777703700
"Ethereum Up or Down - May 2, 2:35AM-2:40AM ET",Up,BUY,18,0.8142888888888888,0xe0151e4a21789f0ceb71bcde7f68e5de8f99381400fb65bbcbefff3fd5700c1a,2026-05-02 09:35:44,0xe019933da9d78c00e38dab45bac6dcd553e982cf31cedefb88e4402ffdb3fd32,eth-updown-5m-1777703700
"Ethereum Up or Down - May 2, 2:35AM-2:40AM ET",Up,BUY,14.76,0.75,0xe0151e4a21789f0ceb71bcde7f68e5de8f99381400fb65bbcbefff3fd5700c1a,2026-05-02 09:35:44,0x3a266893422c8ec83380501129e279cb9b328003924f3ea7f64d90b4b474aa51,eth-updown-5m-1777703700
"Ethereum Up or Down - May 2, 2:35AM-2:40AM ET",Down,BUY,11,0.2534818181818182,0xe0151e4a21789f0ceb71bcde7f68e5de8f99381400fb65bbcbefff3fd5700c1a,2026-05-02 09:35:38,0xa3c66f379523490b0e748ca9ada9c83548dd538bb4861d31fe4533402b244a03,eth-updown-5m-1777703700
"Ethereum Up or Down - May 2, 2:35AM-2:40AM ET",Down,BUY,13,0.25,0xe0151e4a21789f0ceb71bcde7f68e5de8f99381400fb65bbcbefff3fd5700c1a,2026-05-02 09:35:38,0xd92f1e1c038413c88acb10300d0c02dba331e83baa085f729f734717b8dce0ba,eth-updown-5m-1777703700
"Ethereum Up or Down - May 2, 2:35AM-2:40AM ET",Up,BUY,13,0.7446461538461538,0xe0151e4a21789f0ceb71bcde7f68e5de8f99381400fb65bbcbefff3fd5700c1a,2026-05-02 09:35:20,0x48372ada536968484d559d1e7e0db8cb3e8715cfd818940ceb3e9c84156c583e,eth-updown-5m-1777703700
"Ethereum Up or Down - May 2, 2:35AM-2:40AM ET",Up,BUY,15,0.75,0xe0151e4a21789f0ceb71bcde7f68e5de8f99381400fb65bbcbefff3fd5700c1a,2026-05-02 09:35:20,0xf97b4b1d33b44073d981bbc98a5cbf5f6f8bb50f726d5f27207a62c95cfa2c66,eth-updown-5m-1777703700
"Ethereum Up or Down - May 2, 2:35AM-2:40AM ET",Up,BUY,16,0.74,0xe0151e4a21789f0ceb71bcde7f68e5de8f99381400fb65bbcbefff3fd5700c1a,2026-05-02 09:35:10,0x073d7deb9e3b9c5d4cf4fbbeb4971dd23e18ec03efd04fa98c5a392537f58814,eth-updown-5m-1777703700
"Bitcoin Up or Down - May 2, 2AM ET",Up,BUY,5,0.44,0x5d72cc86e77c6df3dbff798bd06aefd2fa897df319de30db383dd67a3d6be2de,2026-05-02 09:35:10,0x57ce0f41348d473656ae6b371a4f87b604474789da21bb28aa1ac2ea47b623ad,bitcoin-up-or-down-may-2-2026-2am-et
"Bitcoin Up or Down - May 2, 2:30AM-2:45AM ET",Up,BUY,13,0.7,0x52eb9f886739663a81cf08ff9de8bde11a87e5a10abf5f6294044ca76ef8d99b,2026-05-02 09:35:10,0x0a3e4fb054ae70c11fb101ae7b4699137254f006684f54eba498e8d0213ebd3a,btc-updown-15m-1777703400
"Bitcoin Up or Down - May 2, 2:35AM-2:40AM ET",Up,BUY,48,0.6802208333333334,0x2f6418362bce074f26a378800f86bf0196a6f544040551c8666040e089dbc18e,2026-05-02 09:35:10,0x853b19bac8f4c4d740eea5055261bf339f75faba0c3e0cf58de5d96dadb09c5f,btc-updown-5m-1777703700
"Bitcoin Up or Down - May 2, 2:35AM-2:40AM ET",Up,BUY,40,0.51,0x2f6418362bce074f26a378800f86bf0196a6f544040551c8666040e089dbc18e,2026-05-02 09:35:10,0x9273dea50565b830cbd1f045ffbb3e0530c79be26861767fc5bf6ec20eef7e39,btc-updown-5m-1777703700
"Ethereum Up or Down - May 2, 2:30AM-2:35AM ET",Down,BUY,28,0.08821428571428572,0xa2d9a2be599de2ad68ef4ccb81bfcc9ef1384bf440dc14dac27858197691b665,2026-05-02 09:34:40,0x11699a5b7d8201ad034f975d7d03725c59d8fa6ea8b487979b17d338c79474ec,eth-updown-5m-1777703400
"Bitcoin Up or Down - May 2, 2:30AM-2:45AM ET",Down,BUY,5,0.41,0x52eb9f886739663a81cf08ff9de8bde11a87e5a10abf5f6294044ca76ef8d99b,2026-05-02 09:34:40,0x1241a411f24b51cdbcc089ed58e1784bc4b410030d24e784dd75731f6a6b816f,btc-updown-15m-1777703400
"Ethereum Up or Down - May 2, 2:30AM-2:35AM ET",Down,BUY,31,0.07139354838709677,0xa2d9a2be599de2ad68ef4ccb81bfcc9ef1384bf440dc14dac27858197691b665,2026-05-02 09:34:38,0xff568a074e0c2e1d139a3a991dc1180528590eda749a46041b9d94d45dc7a9d1,eth-updown-5m-1777703400
"Bitcoin Up or Down - May 2, 2AM ET",Down,BUY,5,0.59,0x5d72cc86e77c6df3dbff798bd06aefd2fa897df319de30db383dd67a3d6be2de,2026-05-02 09:34:38,0x4954fac6bed2960c723c795b6d73f2bac3880d50a8ad0f26059c90dc2681607e,bitcoin-up-or-down-may-2-2026-2am-et
"Bitcoin Up or Down - May 2, 2:30AM-2:35AM ET",Down,BUY,154,0.060913636363636364,0x3f3361fc8340c5bab1bf5a9eee90f4438dad169f5fe2cdc2deaed3c1d3d58c03,2026-05-02 09:34:36,0x299893136e4fefe0aca227e43e558bfabfc5df3aa7c4a3a6ce9339bf8e0dce5e,btc-updown-5m-1777703400
"Ethereum Up or Down - May 2, 2:30AM-2:35AM ET",Down,BUY,5,0.04,0xa2d9a2be599de2ad68ef4ccb81bfcc9ef1384bf440dc14dac27858197691b665,2026-05-02 09:34:34,0xdcee1bb83d3b0f8ee79d3c77350b8e60fe39493b466dc5303f8e0410f2403102,eth-updown-5m-1777703400
"Bitcoin Up or Down - May 2, 2:30AM-2:35AM ET",Down,BUY,177,0.04943502824858757,0x3f3361fc8340c5bab1bf5a9eee90f4438dad169f5fe2cdc2deaed3c1d3d58c03,2026-05-02 09:34:34,0xa77c1a609944fbbd20fc0e4d083098f1636a9dedf5024b16ab07f1b9861dfa1e,btc-updown-5m-1777703400
"Bitcoin Up or Down - May 2, 2:30AM-2:45AM ET",Up,BUY,11,0.65,0x52eb9f886739663a81cf08ff9de8bde11a87e5a10abf5f6294044ca76ef8d99b,2026-05-02 09:34:28,0x718720a1ae4185d1bee350304046306dd02ef9ea71deb26c5a5b5632a9f78f12,btc-updown-15m-1777703400
"Bitcoin Up or Down - May 2, 2AM ET",Up,BUY,5,0.44,0x5d72cc86e77c6df3dbff798bd06aefd2fa897df319de30db383dd67a3d6be2de,2026-05-02 09:34:28,0x00fe809818549546aa783ddf3b595cbb424fbcfd039a600b120d75ea9e07e46e,bitcoin-up-or-down-may-2-2026-2am-et
"Bitcoin Up or Down - May 2, 2:30AM-2:45AM ET",Up,BUY,12,0.6658333333333334,0x52eb9f886739663a81cf08ff9de8bde11a87e5a10abf5f6294044ca76ef8d99b,2026-05-02 09:34:28,0x67aab1846f297568c825d43387939fe3d101ccac048f1b7a20f8d56469179465,btc-updown-15m-1777703400
"Bitcoin Up or Down - May 2, 2AM ET",Up,BUY,5,0.44,0x5d72cc86e77c6df3dbff798bd06aefd2fa897df319de30db383dd67a3d6be2de,2026-05-02 09:34:28,0xbf1d41f120d35ea220b113fe7527d4b89d47d8a354ce442c4f68ac447259bc51,bitcoin-up-or-down-may-2-2026-2am-et
"Bitcoin Up or Down - May 2, 2:30AM-2:45AM ET",Up,BUY,11,0.6337727272727273,0x52eb9f886739663a81cf08ff9de8bde11a87e5a10abf5f6294044ca76ef8d99b,2026-05-02 09:34:28,0x4055182838cc2763ed02ea60e1881df246d59e76b656a48fa16f8136599701a3,btc-updown-15m-1777703400
"Bitcoin Up or Down - May 2, 2:30AM-2:35AM ET",Down,BUY,39.49,0.21,0x3f3361fc8340c5bab1bf5a9eee90f4438dad169f5fe2cdc2deaed3c1d3d58c03,2026-05-02 09:33:54,0x1b2c4d83c9b7a4e57c9d9a1f35bbc6dc601721631e395dd87068de2e8de96d6b,btc-updown-5m-1777703400
"Bitcoin Up or Down - May 2, 2:30AM-2:45AM ET",Down,BUY,11,0.38,0x52eb9f886739663a81cf08ff9de8bde11a87e5a10abf5f6294044ca76ef8d99b,2026-05-02 09:33:54,0xe10cf77fcfab08284372d402ba497a5e060b3fccc1d663dcd0d285eaadff946c,btc-updown-15m-1777703400
"Bitcoin Up or Down - May 2, 2AM ET",Down,BUY,5,0.56,0x5d72cc86e77c6df3dbff798bd06aefd2fa897df319de30db383dd67a3d6be2de,2026-05-02 09:33:54,0x46dbb0acf4cf88687689b7fe3c261699b8772c118b0cc26645f20513e655410f,bitcoin-up-or-down-may-2-2026-2am-et
"Bitcoin Up or Down - May 2, 2:30AM-2:35AM ET",Down,BUY,24.97,0.23,0x3f3361fc8340c5bab1bf5a9eee90f4438dad169f5fe2cdc2deaed3c1d3d58c03,2026-05-02 09:33:54,0x555b863fa2f26ed953fbc7ad98c43ec753bc0c46afbbe2fc0bdfe42664e2720c,btc-updown-5m-1777703400
"Bitcoin Up or Down - May 2, 2:30AM-2:45AM ET",Down,BUY,11,0.38,0x52eb9f886739663a81cf08ff9de8bde11a87e5a10abf5f6294044ca76ef8d99b,2026-05-02 09:33:54,0x0c283d22dbdbbc3d5ee9ef6384ab3836639626d024852f7465f7c870dfb20fcb,btc-updown-15m-1777703400
"Ethereum Up or Down - May 2, 2:30AM-2:35AM ET",Down,BUY,26,0.08514615384615384,0xa2d9a2be599de2ad68ef4ccb81bfcc9ef1384bf440dc14dac27858197691b665,2026-05-02 09:33:54,0x3a40aa99c72f3ea8fb8d930a5034ecc823ea992833aefeee301eff3408c52ddb,eth-updown-5m-1777703400
"Bitcoin Up or Down - May 2, 2:30AM-2:35AM ET",Down,BUY,62,0.16,0x3f3361fc8340c5bab1bf5a9eee90f4438dad169f5fe2cdc2deaed3c1d3d58c03,2026-05-02 09:33:54,0x451f9370c02a32a3d9604f31b4e1652ca6887e9bd92cb5eda54892ac087bea70,btc-updown-5m-1777703400
"Ethereum Up or Down - May 2, 2:30AM-2:35AM ET",Up,BUY,38,0.8947368421052632,0xa2d9a2be599de2ad68ef4ccb81bfcc9ef1384bf440dc14dac27858197691b665,2026-05-02 09:33:18,0x8c69726db9cfd060e6519f477ac5d930eff0f5ed3f65b7467f281ae9dadd3316,eth-updown-5m-1777703400
"Bitcoin Up or Down - May 2, 2:30AM-2:45AM ET",Up,BUY,12,0.69,0x52eb9f886739663a81cf08ff9de8bde11a87e5a10abf5f6294044ca76ef8d99b,2026-05-02 09:33:18,0xb339ce044cb40c2e75f47ad43d6013bb49b7ae14106d9e3680bfe2f42e658de3,btc-updown-15m-1777703400
"Bitcoin Up or Down - May 2, 2AM ET",Up,BUY,5,0.41,0x5d72cc86e77c6df3dbff798bd06aefd2fa897df319de30db383dd67a3d6be2de,2026-05-02 09:33:18,0x2423b650bd19434ac74dc654af4176f7ad567f4e7b946a057c1db3101a116c16,bitcoin-up-or-down-may-2-2026-2am-et
"Bitcoin Up or Down - May 2, 2AM ET",Up,BUY,5,0.43,0x5d72cc86e77c6df3dbff798bd06aefd2fa897df319de30db383dd67a3d6be2de,2026-05-02 09:33:16,0x341f8cd201c765aebbf87ceae012e0fc4fe6f4aa52fed8ac38c6f7a22fd86be4,bitcoin-up-or-down-may-2-2026-2am-et
"Bitcoin Up or Down - May 2, 2:30AM-2:45AM ET",Up,BUY,12,0.65,0x52eb9f886739663a81cf08ff9de8bde11a87e5a10abf5f6294044ca76ef8d99b,2026-05-02 09:33:16,0xbd12812e5af89b39d30a5b6aae25e3143e38f0c0157f1b92df1462ce79d53e92,btc-updown-15m-1777703400
"Bitcoin Up or Down - May 2, 2:30AM-2:45AM ET",Up,BUY,11,0.6426272727272727,0x52eb9f886739663a81cf08ff9de8bde11a87e5a10abf5f6294044ca76ef8d99b,2026-05-02 09:33:16,0x846c2822b5ff837751f0e4584d41bc6d890ae42350e2dcbf48854c6bc19890c1,btc-updown-15m-1777703400
"Bitcoin Up or Down - May 2, 2:30AM-2:45AM ET",Up,BUY,11,0.62,0x52eb9f886739663a81cf08ff9de8bde11a87e5a10abf5f6294044ca76ef8d99b,2026-05-02 09:33:16,0x960d78d0295531e5088a1f7b861be72d17fb0105b453f4c8cce154ca81d1a586,btc-updown-15m-1777703400
"Bitcoin Up or Down - May 2, 2:30AM-2:45AM ET",Up,BUY,11,0.61,0x52eb9f886739663a81cf08ff9de8bde11a87e5a10abf5f6294044ca76ef8d99b,2026-05-02 09:33:16,0xda2bcda4ec9ce96c526f046e5332ece78ead6389b95d3fc7d3f29097de003392,btc-updown-15m-1777703400
"Ethereum Up or Down - May 2, 2:30AM-2:35AM ET",Down,BUY,20,0.12,0xa2d9a2be599de2ad68ef4ccb81bfcc9ef1384bf440dc14dac27858197691b665,2026-05-02 09:33:10,0x0ae4882c9f1f1effece1721e62e4411a6d6727b29cd502c6b897473662a45ae8,eth-updown-5m-1777703400
"Bitcoin Up or Down - May 2, 2:30AM-2:45AM ET",Down,BUY,10,0.4,0x52eb9f886739663a81cf08ff9de8bde11a87e5a10abf5f6294044ca76ef8d99b,2026-05-02 09:33:10,0x1679cc7fc6378186e6b63154f8ceb0d3436c216d980388d14354add11b22d3ab,btc-updown-15m-1777703400
"Ethereum Up or Down - May 2, 2:30AM-2:35AM ET",Down,BUY,19,0.12,0xa2d9a2be599de2ad68ef4ccb81bfcc9ef1384bf440dc14dac27858197691b665,2026-05-02 09:32:58,0xd592f01971bc81ac938e936bc86cacb7840b1ab56fc38f13a2d3d656b699e50a,eth-updown-5m-1777703400
"Bitcoin Up or Down - May 2, 2:30AM-2:35AM ET",Up,BUY,40.02,0.6487506246876562,0x3f3361fc8340c5bab1bf5a9eee90f4438dad169f5fe2cdc2deaed3c1d3d58c03,2026-05-02 09:32:44,0x1d1d7a386dc107e7e9b8c5c73b2726663bc4b865bfc559aa4acddfb00c4119b1,btc-updown-5m-1777703400
"Bitcoin Up or Down - May 2, 2:30AM-2:35AM ET",Down,BUY,42,0.38,0x3f3361fc8340c5bab1bf5a9eee90f4438dad169f5fe2cdc2deaed3c1d3d58c03,2026-05-02 09:32:36,0x073c878284c53fe68ded3eec0e6bb32798af4cf591afdf973c6d821cec8658df,btc-updown-5m-1777703400
"Bitcoin Up or Down - May 2, 2:30AM-2:45AM ET",Down,BUY,10,0.41,0x52eb9f886739663a81cf08ff9de8bde11a87e5a10abf5f6294044ca76ef8d99b,2026-05-02 09:32:36,0x21307098bfb7ddd383df9d382d51f0d122d2afd168b79401f92094c58f8b7033,btc-updown-15m-1777703400
"Bitcoin Up or Down - May 2, 2:30AM-2:35AM ET",Down,BUY,41,0.38,0x3f3361fc8340c5bab1bf5a9eee90f4438dad169f5fe2cdc2deaed3c1d3d58c03,2026-05-02 09:32:36,0xf28ccc5b52b47a121e53ff7ed4245b7e9032333b7933e4da2e7a6d77ca214265,btc-updown-5m-1777703400
"Ethereum Up or Down - May 2, 2:30AM-2:35AM ET",Up,BUY,22.72,0.86,0xa2d9a2be599de2ad68ef4ccb81bfcc9ef1384bf440dc14dac27858197691b665,2026-05-02 09:32:24,0x285b991dec7ee18e416895d1410d255a6dc96edfa31dea76e81723dcf73baada,eth-updown-5m-1777703400
"Ethereum Up or Down - May 2, 2:30AM-2:35AM ET",Up,BUY,26,0.89,0xa2d9a2be599de2ad68ef4ccb81bfcc9ef1384bf440dc14dac27858197691b665,2026-05-02 09:32:24,0xe06d6aab4487aa9a157fc502d3a48e5df7e6bc3830be782db105aa3069651e3b,eth-updown-5m-1777703400
"Bitcoin Up or Down - May 2, 2:30AM-2:35AM ET",Down,BUY,41,0.3822390243902439,0x3f3361fc8340c5bab1bf5a9eee90f4438dad169f5fe2cdc2deaed3c1d3d58c03,2026-05-02 09:32:24,0xf0d60574bf271d9116d3d39be8a009ad1ebd5b71914b0869b3f8f3abb7d1c53b,btc-updown-5m-1777703400
"Bitcoin Up or Down - May 2, 2:30AM-2:35AM ET",Down,BUY,45,0.32,0x3f3361fc8340c5bab1bf5a9eee90f4438dad169f5fe2cdc2deaed3c1d3d58c03,2026-05-02 09:32:06,0x7d65c189e64322cf53162e00331b0218728e3ee8686fb2e59f21259a9e7a76cd,btc-updown-5m-1777703400
"Bitcoin Up or Down - May 2, 2:30AM-2:35AM ET",Down,BUY,45,0.33936444444444447,0x3f3361fc8340c5bab1bf5a9eee90f4438dad169f5fe2cdc2deaed3c1d3d58c03,2026-05-02 09:32:06,0x7544226bef1f7e5e695f18c93d224c20923c7fd63297b1672d37b6f15e94159b,btc-updown-5m-1777703400
"Bitcoin Up or Down - May 2, 2:30AM-2:35AM ET",Up,BUY,50,0.692426,0x3f3361fc8340c5bab1bf5a9eee90f4438dad169f5fe2cdc2deaed3c1d3d58c03,2026-05-02 09:32:02,0x39b0ab7ca50b61771dd803b2bc9d7e6ff4a469ceef9e363347662a25bbe7b1f4,btc-updown-5m-1777703400
"Ethereum Up or Down - May 2, 2:30AM-2:35AM ET",Up,BUY,5,0.81,0xa2d9a2be599de2ad68ef4ccb81bfcc9ef1384bf440dc14dac27858197691b665,2026-05-02 09:32:02,0x98e359946751fac512dbf929f5f47d6f07a88108803a6c8460b9a6a65343517e,eth-updown-5m-1777703400
"Bitcoin Up or Down - May 2, 2:30AM-2:35AM ET",Up,BUY,43,0.64,0x3f3361fc8340c5bab1bf5a9eee90f4438dad169f5fe2cdc2deaed3c1d3d58c03,2026-05-02 09:31:44,0x8d0315e4c40fe28de0b94bede75f0c7ccfce6c503f9f2c5ee4fd9fac926a1957,btc-updown-5m-1777703400
"Ethereum Up or Down - May 2, 2:30AM-2:35AM ET",Up,BUY,14,0.7277,0xa2d9a2be599de2ad68ef4ccb81bfcc9ef1384bf440dc14dac27858197691b665,2026-05-02 09:31:42,0x3544bd05737131b4c837c236a0d91133ee34aad56ca51c5e040709ef514418d0,eth-updown-5m-1777703400
"Ethereum Up or Down - May 2, 2:30AM-2:35AM ET",Up,BUY,13,0.69,0xa2d9a2be599de2ad68ef4ccb81bfcc9ef1384bf440dc14dac27858197691b665,2026-05-02 09:31:20,0xa90bb33d4f9e4a9a6c9e33bd27345e5829bbf085c23d2c2cbb3214dd9f7e506c,eth-updown-5m-1777703400
"Bitcoin Up or Down - May 2, 2:30AM-2:35AM ET",Up,BUY,45,0.62,0x3f3361fc8340c5bab1bf5a9eee90f4438dad169f5fe2cdc2deaed3c1d3d58c03,2026-05-02 09:31:20,0xe6c87532a4393f12c9f48b62d3449c1938f643ba3cf7d2f26dd4dea40d43456b,btc-updown-5m-1777703400
"Bitcoin Up or Down - May 2, 2AM ET",Up,BUY,5,0.42,0x5d72cc86e77c6df3dbff798bd06aefd2fa897df319de30db383dd67a3d6be2de,2026-05-02 09:31:20,0xd9122bb8af6d5487e6ec128f237c39d684597092b1b4512d4dd20785ba551576,bitcoin-up-or-down-may-2-2026-2am-et
"Ethereum Up or Down - May 2, 2:30AM-2:35AM ET",Up,BUY,18,0.7223833333333334,0xa2d9a2be599de2ad68ef4ccb81bfcc9ef1384bf440dc14dac27858197691b665,2026-05-02 09:31:20,0x563c3c865271304b4a6dd2b6090df5b4223f6b51039100ac0aadf64b008eec24,eth-updown-5m-1777703400
"Ethereum Up or Down - May 2, 2:30AM-2:35AM ET",Up,BUY,16,0.71393125,0xa2d9a2be599de2ad68ef4ccb81bfcc9ef1384bf440dc14dac27858197691b665,2026-05-02 09:31:20,0x82f062929ebdff992f3c8c5f876c596ce52ea2cd4cc42f8fc43650d517b19e70,eth-updown-5m-1777703400
"Ethereum Up or Down - May 2, 2:30AM-2:35AM ET",Up,BUY,14,0.7,0xa2d9a2be599de2ad68ef4ccb81bfcc9ef1384bf440dc14dac27858197691b665,2026-05-02 09:31:20,0xce4abf1fe561da6cbb4232217c4bd31a140474991f3b36cf9594ae2645431bca,eth-updown-5m-1777703400
"Bitcoin Up or Down - May 2, 2:30AM-2:45AM ET",Up,BUY,11,0.57,0x52eb9f886739663a81cf08ff9de8bde11a87e5a10abf5f6294044ca76ef8d99b,2026-05-02 09:31:20,0x72439b8957e9a5884997d8d0edba8b2f7808c74a764deeeed73082237532770d,btc-updown-15m-1777703400
"Ethereum Up or Down - May 2, 2:30AM-2:35AM ET",Up,BUY,12,0.6858333333333333,0xa2d9a2be599de2ad68ef4ccb81bfcc9ef1384bf440dc14dac27858197691b665,2026-05-02 09:31:20,0x7247b71e8062fcada1d927367b3a0b60f5368e961fad8bf5036b5aa1c9f10811,eth-updown-5m-1777703400
"Bitcoin Up or Down - May 2, 2:30AM-2:45AM ET",Down,BUY,10,0.465,0x52eb9f886739663a81cf08ff9de8bde11a87e5a10abf5f6294044ca76ef8d99b,2026-05-02 09:31:14,0xe6fcc2a1ea9710d0eec0de74c50863beccb97cbf0289efbdf83975714a96f7fd,btc-updown-15m-1777703400
"Bitcoin Up or Down - May 2, 2:30AM-2:45AM ET",Down,BUY,10,0.44,0x52eb9f886739663a81cf08ff9de8bde11a87e5a10abf5f6294044ca76ef8d99b,2026-05-02 09:31:14,0xb5f7ca06dee4833bbf3ed7c5592740900521f9d70658aa1bc85b6a23a719e38b,btc-updown-15m-1777703400
"Bitcoin Up or Down - May 2, 2:30AM-2:35AM ET",Down,BUY,27.48,0.4235298398835517,0x3f3361fc8340c5bab1bf5a9eee90f4438dad169f5fe2cdc2deaed3c1d3d58c03,2026-05-02 09:31:14,0xa1b1a57ba695d48691a8226dab3dc1661e02ead3629f4bbfdeafff46303f51e2,btc-updown-5m-1777703400
"Ethereum Up or Down - May 2, 2:30AM-2:35AM ET",Down,BUY,11,0.32181818181818184,0xa2d9a2be599de2ad68ef4ccb81bfcc9ef1384bf440dc14dac27858197691b665,2026-05-02 09:31:10,0x367ba41cf32af07037ce900fd94c1721f0ec846eee640c818984fd3ba695e404,eth-updown-5m-1777703400
"Ethereum Up or Down - May 2, 2:30AM-2:35AM ET",Down,BUY,11,0.32,0xa2d9a2be599de2ad68ef4ccb81bfcc9ef1384bf440dc14dac27858197691b665,2026-05-02 09:31:10,0x01a46c68feb83e7a547f9953451064565c02f680330ec1251edc62b11d0991db,eth-updown-5m-1777703400
"Ethereum Up or Down - May 2, 2:30AM-2:35AM ET",Down,BUY,11,0.3,0xa2d9a2be599de2ad68ef4ccb81bfcc9ef1384bf440dc14dac27858197691b665,2026-05-02 09:31:08,0xc664362bc6ebc933dc5fef5d0ae69f5f9fcd9ae245c4178d031502bc3c1b2efc,eth-updown-5m-1777703400
"Bitcoin Up or Down - May 2, 2AM ET",Down,BUY,5,0.58,0x5d72cc86e77c6df3dbff798bd06aefd2fa897df319de30db383dd67a3d6be2de,2026-05-02 09:31:08,0x98887b8f80ab4e85a73744d13dd0b8be11d966b34cb5c19c75899086680861be,bitcoin-up-or-down-may-2-2026-2am-et
"Ethereum Up or Down - May 2, 2:30AM-2:35AM ET",Down,BUY,11,0.2933272727272727,0xa2d9a2be599de2ad68ef4ccb81bfcc9ef1384bf440dc14dac27858197691b665,2026-05-02 09:31:08,0x9019e0d84320ed1f1608b73cb9c9ecadec30368e6244e98dfd63ad02fc2a1ff6,eth-updown-5m-1777703400
"Bitcoin Up or Down - May 2, 2:30AM-2:35AM ET",Down,BUY,45,0.3220088888888889,0x3f3361fc8340c5bab1bf5a9eee90f4438dad169f5fe2cdc2deaed3c1d3d58c03,2026-05-02 09:31:08,0xc1f7e59be0dc1193f996e9c565ae8902b1ff62ba9a39341791752ba61e0cda8f,btc-updown-5m-1777703400
"Bitcoin Up or Down - May 2, 2:30AM-2:35AM ET",Down,BUY,42,0.39186190476190474,0x3f3361fc8340c5bab1bf5a9eee90f4438dad169f5fe2cdc2deaed3c1d3d58c03,2026-05-02 09:31:08,0xf8669b976290ea9ca46858610665e406b9c0368e16c91012fbd947768c404aed,btc-updown-5m-1777703400
"Bitcoin Up or Down - May 2, 2:30AM-2:45AM ET",Down,BUY,10,0.43,0x52eb9f886739663a81cf08ff9de8bde11a87e5a10abf5f6294044ca76ef8d99b,2026-05-02 09:31:08,0x609e8d973e0c409f13ec84dbc36ff63b7083dbd0f10404c3197d409eaaf452ea,btc-updown-15m-1777703400
"Bitcoin Up or Down - May 2, 2:30AM-2:35AM ET",Down,BUY,42,0.39,0x3f3361fc8340c5bab1bf5a9eee90f4438dad169f5fe2cdc2deaed3c1d3d58c03,2026-05-02 09:31:08,0x14d40268e03939ce5790581016d13b2e7de725703ee30a9d0dc132e3a10d4e94,btc-updown-5m-1777703400
"Bitcoin Up or Down - May 2, 2:30AM-2:35AM ET",Down,BUY,15,0.38,0x3f3361fc8340c5bab1bf5a9eee90f4438dad169f5fe2cdc2deaed3c1d3d58c03,2026-05-02 09:31:08,0x2fb5006dd8290cbe3ae9912e4b6751480a10ec5c26fbe996253da5a5076d7109,btc-updown-5m-1777703400
"Bitcoin Up or Down - May 2, 2:30AM-2:45AM ET",Down,BUY,5,0.42,0x52eb9f886739663a81cf08ff9de8bde11a87e5a10abf5f6294044ca76ef8d99b,2026-05-02 09:31:08,0xf5892123724f6b32b69016c83d0edf289ee2059fc064426f02050e564be7e03b,btc-updown-15m-1777703400
"Bitcoin Up or Down - May 2, 2AM ET",Down,BUY,5,0.58,0x5d72cc86e77c6df3dbff798bd06aefd2fa897df319de30db383dd67a3d6be2de,2026-05-02 09:31:08,0x2db71c34ac000c1dbac1f3dbcc057324241c0d26e8dcfeedfd84465b56dafae2,bitcoin-up-or-down-may-2-2026-2am-et
"Ethereum Up or Down - May 2, 2:30AM-2:35AM ET",Down,BUY,11,0.29,0xa2d9a2be599de2ad68ef4ccb81bfcc9ef1384bf440dc14dac27858197691b665,2026-05-02 09:31:08,0xe86abcf3b4e7ebf961987a6f83f100db5f381161d1aed0b25392faeb1a0ff80d,eth-updown-5m-1777703400
"Bitcoin Up or Down - May 2, 2:30AM-2:45AM ET",Down,BUY,10,0.41,0x52eb9f886739663a81cf08ff9de8bde11a87e5a10abf5f6294044ca76ef8d99b,2026-05-02 09:31:08,0x29bb4520c3f4a66db95d9deff9d124cc2ff4b527d68ed5d139dde18f821d0fb2,btc-updown-15m-1777703400
"Bitcoin Up or Down - May 2, 2:30AM-2:35AM ET",Down,BUY,16.38,0.37,0x3f3361fc8340c5bab1bf5a9eee90f4438dad169f5fe2cdc2deaed3c1d3d58c03,2026-05-02 09:31:08,0x74e2d7e9f0841c10a4800a0f688e65147ac6de7a1dfc563ddbe1869f12ffcde3,btc-updown-5m-1777703400
"Bitcoin Up or Down - May 2, 2:30AM-2:45AM ET",Down,BUY,9.83,0.39,0x52eb9f886739663a81cf08ff9de8bde11a87e5a10abf5f6294044ca76ef8d99b,2026-05-02 09:31:08,0xa785f1fd2f401851b0de798acbcd506a7ce285b35975860dfe6aedea7dfcdb63,btc-updown-15m-1777703400
"Ethereum Up or Down - May 2, 2:30AM-2:35AM ET",Down,BUY,12,0.2747583333333333,0xa2d9a2be599de2ad68ef4ccb81bfcc9ef1384bf440dc14dac27858197691b665,2026-05-02 09:31:06,0xb11c750cbaae72c841e21c5f7495a01cddeafc8099e1f5a0a862c393478c7aa8,eth-updown-5m-1777703400
"Bitcoin Up or Down - May 2, 2:30AM-2:35AM ET",Up,BUY,48,0.6779125,0x3f3361fc8340c5bab1bf5a9eee90f4438dad169f5fe2cdc2deaed3c1d3d58c03,2026-05-02 09:31:00,0x89affdd5597bdfb6a318381ee7a813aa7f9449594c687b40516c30af76906599,btc-updown-5m-1777703400
"Ethereum Up or Down - May 2, 2:30AM-2:35AM ET",Up,BUY,14,0.7550714285714286,0xa2d9a2be599de2ad68ef4ccb81bfcc9ef1384bf440dc14dac27858197691b665,2026-05-02 09:30:52,0xa53cd70a4c76c9d99e835a1c75169c293aa79b385d9363dc42e36c7037777427,eth-updown-5m-1777703400
"Ethereum Up or Down - May 2, 2:30AM-2:35AM ET",Up,BUY,15,0.7596066666666667,0xa2d9a2be599de2ad68ef4ccb81bfcc9ef1384bf440dc14dac27858197691b665,2026-05-02 09:30:48,0xed84f33cf616e1de9c3ab36af968a6b401568826c652a67e404e20ee5f174dc2,eth-updown-5m-1777703400
"Ethereum Up or Down - May 2, 2:30AM-2:35AM ET",Up,BUY,14,0.75,0xa2d9a2be599de2ad68ef4ccb81bfcc9ef1384bf440dc14dac27858197691b665,2026-05-02 09:30:48,0x5f29f7fd7ab1e4496ddc6ce53f1b7a5c4dc0fb1758574a80102808cfcf7b8073,eth-updown-5m-1777703400
"Ethereum Up or Down - May 2, 2:30AM-2:35AM ET",Up,BUY,7.13,0.66,0xa2d9a2be599de2ad68ef4ccb81bfcc9ef1384bf440dc14dac27858197691b665,2026-05-02 09:30:38,0xd40c93ad48b276ca902f2cdf26bb4c6b56a25e0646c529ed17c07d97e21b0a68,eth-updown-5m-1777703400
"Bitcoin Up or Down - May 2, 2:30AM-2:35AM ET",Up,BUY,41,0.5776780487804878,0x3f3361fc8340c5bab1bf5a9eee90f4438dad169f5fe2cdc2deaed3c1d3d58c03,2026-05-02 09:30:38,0x417f814a7f80ecbce85ac114b3a70cbb863ad8536b82d44211825697bcb77c88,btc-updown-5m-1777703400
"Ethereum Up or Down - May 2, 2:30AM-2:35AM ET",Up,BUY,1.92,0.7,0xa2d9a2be599de2ad68ef4ccb81bfcc9ef1384bf440dc14dac27858197691b665,2026-05-02 09:30:38,0x47aa743953e36a984b07fd4b23f33ae1817fbbfc38998975ba3cbc825a452547,eth-updown-5m-1777703400
"Bitcoin Up or Down - May 2, 2:30AM-2:35AM ET",Up,BUY,41,0.5645707317073171,0x3f3361fc8340c5bab1bf5a9eee90f4438dad169f5fe2cdc2deaed3c1d3d58c03,2026-05-02 09:30:34,0xb917aab596798dec6a45e6b0a4aad2e95c0ca529cb42a53118e7c13ae33c8921,btc-updown-5m-1777703400
"Ethereum Up or Down - May 2, 2:30AM-2:35AM ET",Up,BUY,10,0.55,0xa2d9a2be599de2ad68ef4ccb81bfcc9ef1384bf440dc14dac27858197691b665,2026-05-02 09:30:34,0x2c48bc31a926d0e54c3e687a74cbe638e785c2d910177ee81318c9fb35f87fce,eth-updown-5m-1777703400
"Ethereum Up or Down - May 2, 2:30AM-2:35AM ET",Up,BUY,11,0.5545545454545454,0xa2d9a2be599de2ad68ef4ccb81bfcc9ef1384bf440dc14dac27858197691b665,2026-05-02 09:30:34,0x150eaf343693556778046ff7bdbd474b722528569f73a46d122a13c81765523a,eth-updown-5m-1777703400
"Bitcoin Up or Down - May 2, 2:30AM-2:35AM ET",Up,BUY,42,0.59,0x3f3361fc8340c5bab1bf5a9eee90f4438dad169f5fe2cdc2deaed3c1d3d58c03,2026-05-02 09:30:20,0xaa12e32eb6d6d50b222910c43b84651d7d57dc93575cdd57d1f75b59f9996339,btc-updown-5m-1777703400
"Bitcoin Up or Down - May 2, 2:30AM-2:45AM ET",Up,BUY,10,0.56,0x52eb9f886739663a81cf08ff9de8bde11a87e5a10abf5f6294044ca76ef8d99b,2026-05-02 09:30:20,0x2253a1c81d79ef6e73c60943de9e53eac3491bcd59ce9b128d287110a6b8c1e9,btc-updown-15m-1777703400
"Bitcoin Up or Down - May 2, 2:30AM-2:35AM ET",Up,BUY,40,0.51,0x3f3361fc8340c5bab1bf5a9eee90f4438dad169f5fe2cdc2deaed3c1d3d58c03,2026-05-02 09:30:20,0x4fe8a599b6533ea5cfa39d02c5a4307219579b1c32e591ddc4657afc22eb45e8,btc-updown-5m-1777703400
"Bitcoin Up or Down - May 2, 2:30AM-2:35AM ET",Up,BUY,42,0.5881071428571428,0x3f3361fc8340c5bab1bf5a9eee90f4438dad169f5fe2cdc2deaed3c1d3d58c03,2026-05-02 09:30:18,0x155cc636996433f579aaa4a300051028aeb39f953e9c8eb3c70ed2707e635cf0,btc-updown-5m-1777703400
"Bitcoin Up or Down - May 2, 2:30AM-2:35AM ET",Up,BUY,42,0.59,0x3f3361fc8340c5bab1bf5a9eee90f4438dad169f5fe2cdc2deaed3c1d3d58c03,2026-05-02 09:30:18,0x5dfcccc41f7846ed1c312db91a487cbc0b103e68356c017a2c9bc446e470822b,btc-updown-5m-1777703400
"Bitcoin Up or Down - May 2, 2:30AM-2:45AM ET",Up,BUY,10,0.57,0x52eb9f886739663a81cf08ff9de8bde11a87e5a10abf5f6294044ca76ef8d99b,2026-05-02 09:30:18,0x4fddc6b1e86c74b394888a647cf612d3af82dc39e576cbeee8013bfd76302a44,btc-updown-15m-1777703400
"Bitcoin Up or Down - May 2, 2AM ET",Up,BUY,5,0.41,0x5d72cc86e77c6df3dbff798bd06aefd2fa897df319de30db383dd67a3d6be2de,2026-05-02 09:30:18,0x3482660b0040cc3896a721d25d965ccc5a938e438cdef398c06fa599bc1afd6a,bitcoin-up-or-down-may-2-2026-2am-et
"Bitcoin Up or Down - May 2, 2:30AM-2:45AM ET",Up,BUY,10,0.55,0x52eb9f886739663a81cf08ff9de8bde11a87e5a10abf5f6294044ca76ef8d99b,2026-05-02 09:30:18,0x23c3a113c81829d9364727b05864cb140054b406dd001292c9b7e5b3aaff14bc,btc-updown-15m-1777703400
"Bitcoin Up or Down - May 2, 2:30AM-2:35AM ET",Up,BUY,41,0.58,0x3f3361fc8340c5bab1bf5a9eee90f4438dad169f5fe2cdc2deaed3c1d3d58c03,2026-05-02 09:30:18,0xe82d983f13bde57500ca7e8f0ffb5257c3efcb82cac051cdbf5c9558b9862de8,btc-updown-5m-1777703400
"Bitcoin Up or Down - May 2, 2:30AM-2:45AM ET",Up,BUY,10,0.56,0x52eb9f886739663a81cf08ff9de8bde11a87e5a10abf5f6294044ca76ef8d99b,2026-05-02 09:30:18,0x2ed300d8b8e563c745ec9c9413f39dde939fc363bb2e3c5f8b9e45809b1341a4,btc-updown-15m-1777703400
"Bitcoin Up or Down - May 2, 2:30AM-2:35AM ET",Up,BUY,27.21,0.5595553105475928,0x3f3361fc8340c5bab1bf5a9eee90f4438dad169f5fe2cdc2deaed3c1d3d58c03,2026-05-02 09:30:18,0xfc63f18f0fb6e7f636eb1a81d96b40245d8b7e44654be4afb95f804d7bbc80a8,btc-updown-5m-1777703400
"Bitcoin Up or Down - May 2, 2:30AM-2:45AM ET",Up,BUY,10,0.56,0x52eb9f886739663a81cf08ff9de8bde11a87e5a10abf5f6294044ca76ef8d99b,2026-05-02 09:30:18,0x719dbf3e7b14c39cf07ab49265476ddcff70dd07387d07703d4c1b1b899a8ae7,btc-updown-15m-1777703400
"Bitcoin Up or Down - May 2, 2:30AM-2:35AM ET",Up,BUY,40,0.54209,0x3f3361fc8340c5bab1bf5a9eee90f4438dad169f5fe2cdc2deaed3c1d3d58c03,2026-05-02 09:30:18,0xbe87dac9c558655c9db87ee91a10f9efb6173daf1d7f4116c1c49df37d68a683,btc-updown-5m-1777703400
"Bitcoin Up or Down - May 2, 2:30AM-2:35AM ET",Up,BUY,40,0.51,0x3f3361fc8340c5bab1bf5a9eee90f4438dad169f5fe2cdc2deaed3c1d3d58c03,2026-05-02 09:30:18,0x349d3ce80a26a22b69db7b3a5db828b247611dc63326ab2701011f9bda42b144,btc-updown-5m-1777703400
"Ethereum Up or Down - May 2, 2:30AM-2:35AM ET",Down,BUY,10,0.46,0xa2d9a2be599de2ad68ef4ccb81bfcc9ef1384bf440dc14dac27858197691b665,2026-05-02 09:30:10,0xad76959376a61c9fd821250ccdf76034aac64e9755e877d1654396aaa9550457,eth-updown-5m-1777703400
"Bitcoin Up or Down - May 2, 2:30AM-2:45AM ET",Down,BUY,10,0.45,0x52eb9f886739663a81cf08ff9de8bde11a87e5a10abf5f6294044ca76ef8d99b,2026-05-02 09:30:10,0xc0ff061e68b5941311aa46132dc35f8c6f894cef2deb15e49a258324bfacf820,btc-updown-15m-1777703400
"Bitcoin Up or Down - May 2, 2:30AM-2:35AM ET",Down,BUY,40,0.48,0x3f3361fc8340c5bab1bf5a9eee90f4438dad169f5fe2cdc2deaed3c1d3d58c03,2026-05-02 09:30:10,0xa938ed61fb6b656dd22fde839d3df5cb4c7bca2ec1dd75c709eb02b6545c9149,btc-updown-5m-1777703400
"Bitcoin Up or Down - May 2, 2AM ET",Down,BUY,5,0.6,0x5d72cc86e77c6df3dbff798bd06aefd2fa897df319de30db383dd67a3d6be2de,2026-05-02 09:30:10,0x15f788d3345c2656a54c54333f80defbd2895226be048b7adeffd8c487fe7e5f,bitcoin-up-or-down-may-2-2026-2am-et
"Bitcoin Up or Down - May 2, 2:30AM-2:35AM ET",Down,BUY,40,0.47705,0x3f3361fc8340c5bab1bf5a9eee90f4438dad169f5fe2cdc2deaed3c1d3d58c03,2026-05-02 09:30:10,0xcf8b4f1aa33d89b2d3b5a59962b92482e8bbb865f038d4951abf75078c2ced6f,btc-updown-5m-1777703400
"Bitcoin Up or Down - May 2, 2:30AM-2:35AM ET",Down,BUY,40,0.46875,0x3f3361fc8340c5bab1bf5a9eee90f4438dad169f5fe2cdc2deaed3c1d3d58c03,2026-05-02 09:30:10,0x8771048ee1c52c45331df94ffa8abea9e452de74b8403d977b86337a8bb6e77d,btc-updown-5m-1777703400
"Ethereum Up or Down - May 2, 2:30AM-2:35AM ET",Up,BUY,10,0.55,0xa2d9a2be599de2ad68ef4ccb81bfcc9ef1384bf440dc14dac27858197691b665,2026-05-02 09:30:10,0xca7d50b319cc6755f7c14bc1281f7f2464da97341a6a059c4b5d33fbeff1e26b,eth-updown-5m-1777703400
"Bitcoin Up or Down - May 2, 2:30AM-2:35AM ET",Up,BUY,40,0.51,0x3f3361fc8340c5bab1bf5a9eee90f4438dad169f5fe2cdc2deaed3c1d3d58c03,2026-05-02 09:30:10,0xc9564086ce1b149948e79bc16ba124142aca33b8246b3dd89d986fdcfea75f9e,btc-updown-5m-1777703400
"Bitcoin Up or Down - May 2, 2AM ET",Down,BUY,5,0.56,0x5d72cc86e77c6df3dbff798bd06aefd2fa897df319de30db383dd67a3d6be2de,2026-05-02 09:29:42,0x1aab8ed6599b946337f0fdf8d3baf802d77a419040918c067cd35fda0b7a1953,bitcoin-up-or-down-may-2-2026-2am-et
"Bitcoin Up or Down - May 2, 2:25AM-2:30AM ET",Up,BUY,51,0.7,0x60c854561b5b2161b0839c5b56d31dbb5b7fb9d70593c4320914e7be5eca0087,2026-05-02 09:29:20,0xbc26f820aa7f19c60dd677d48b9a9647daa9fb41e13bdaa37139b1580a0a20c0,btc-updown-5m-1777703100
"Ethereum Up or Down - May 2, 2:25AM-2:30AM ET",Up,BUY,13,0.2546923076923077,0x8e6b45832ba995e95a4609be3bbd0d049448a604ec3e72a99d0630507a0f81c9,2026-05-02 09:29:18,0x1b5b2b4e59c1b2c6722f4aabb8ef8092d0d844dadbd98df8db3237edf5780a2c,eth-updown-5m-1777703100
"Ethereum Up or Down - May 2, 2:25AM-2:30AM ET",Up,BUY,5.15,0.24,0x8e6b45832ba995e95a4609be3bbd0d049448a604ec3e72a99d0630507a0f81c9,2026-05-02 09:29:18,0x1bf5360cab183a0b859a883bde075cc2f4e208a46c31183364b8fae408a25b5b,eth-updown-5m-1777703100
"Bitcoin Up or Down - May 2, 2AM ET",Up,BUY,5,0.45,0x5d72cc86e77c6df3dbff798bd06aefd2fa897df319de30db383dd67a3d6be2de,2026-05-02 09:29:16,0x351970bc54707929205c03db953424e41037863866b090a1e40c931498ce6095,bitcoin-up-or-down-may-2-2026-2am-et
"Ethereum Up or Down - May 2, 2:25AM-2:30AM ET",Up,BUY,9.4,0.14,0x8e6b45832ba995e95a4609be3bbd0d049448a604ec3e72a99d0630507a0f81c9,2026-05-02 09:28:56,0x4150ddb66ca19dd6b2deed16eb6307eee0e420718263326b995f9803a0789f1d,eth-updown-5m-1777703100
"Ethereum Up or Down - May 2, 2:25AM-2:30AM ET",Up,BUY,18,0.15,0x8e6b45832ba995e95a4609be3bbd0d049448a604ec3e72a99d0630507a0f81c9,2026-05-02 09:28:56,0x63a15b3cc38190b0f6f6150274cc5d405851088f7ba35151450dc62cbd130312,eth-updown-5m-1777703100
"Ethereum Up or Down - May 2, 2:25AM-2:30AM ET",Up,BUY,14.42,0.12,0x8e6b45832ba995e95a4609be3bbd0d049448a604ec3e72a99d0630507a0f81c9,2026-05-02 09:28:56,0x32f788a040eddd108429280926e5b1ad5bd7b9f9a837e723bf0b3187dd5bf1bb,eth-updown-5m-1777703100
"Ethereum Up or Down - May 2, 2:25AM-2:30AM ET",Down,BUY,10,0.51676,0x8e6b45832ba995e95a4609be3bbd0d049448a604ec3e72a99d0630507a0f81c9,2026-05-02 09:28:52,0x9173c77c76f3554a1489e6760a20ea5569122ebc1e5faeb708a81174344111d0,eth-updown-5m-1777703100
"Bitcoin Up or Down - May 2, 2AM ET",Down,BUY,5,0.56,0x5d72cc86e77c6df3dbff798bd06aefd2fa897df319de30db383dd67a3d6be2de,2026-05-02 09:28:52,0xd11aaf9182c766ddd95188b43cbc09e94382afae4770a993c01ab9b831cdfd36,bitcoin-up-or-down-may-2-2026-2am-et
"Bitcoin Up or Down - May 2, 2:25AM-2:30AM ET",Down,BUY,3.9,0.47,0x60c854561b5b2161b0839c5b56d31dbb5b7fb9d70593c4320914e7be5eca0087,2026-05-02 09:28:52,0x7489234c5cc1eaeff0176bd220a4429521118be3d0440a47234a28c833b268fe,btc-updown-5m-1777703100
"Bitcoin Up or Down - May 2, 2:25AM-2:30AM ET",Down,BUY,6.54,0.47,0x60c854561b5b2161b0839c5b56d31dbb5b7fb9d70593c4320914e7be5eca0087,2026-05-02 09:28:44,0xbc65a526c0780f5e1cb67d64e8fa9d04230e07b93193fa1b1929b774dd8c3711,btc-updown-5m-1777703100
"Ethereum Up or Down - May 2, 2:25AM-2:30AM ET",Down,BUY,10,0.4,0x8e6b45832ba995e95a4609be3bbd0d049448a604ec3e72a99d0630507a0f81c9,2026-05-02 09:28:44,0x3c7b2aa4c7f885a7ff917578489eeca759d48929b3abeb4f5805a59e9c3e8d2b,eth-updown-5m-1777703100
"Ethereum Up or Down - May 2, 2:25AM-2:30AM ET",Down,BUY,10,0.45,0x8e6b45832ba995e95a4609be3bbd0d049448a604ec3e72a99d0630507a0f81c9,2026-05-02 09:28:42,0x4e1d585aadd4ef4df17a2faf661ae0c2e7349072ed41c4b7c25379ac10932a35,eth-updown-5m-1777703100
"Ethereum Up or Down - May 2, 2:15AM-2:30AM ET",Down,BUY,858.84,0.99,0x412da74e3a831cbd470208793fed0f09cc3374470ce086211fa23201a0f2240d,2026-05-02 09:28:40,0xc548b18ea618479325d13556f935af8c20cc9bda8c9f87fd0cf7c3131b8095e0,eth-updown-15m-1777702500
"Bitcoin Up or Down - May 2, 2AM ET",Down,BUY,5,0.56,0x5d72cc86e77c6df3dbff798bd06aefd2fa897df319de30db383dd67a3d6be2de,2026-05-02 09:28:38,0x71c0228eeb10a36a92f9a3dda85ce50598ec7289a5a1a6ca2b3dbb703417deaa,bitcoin-up-or-down-may-2-2026-2am-et
"Bitcoin Up or Down - May 2, 2AM ET",Down,BUY,5,0.56,0x5d72cc86e77c6df3dbff798bd06aefd2fa897df319de30db383dd67a3d6be2de,2026-05-02 09:28:38,0x962e8f5a223b9de6b382a147ec1729c46f70605179e1c1b9fa17188308a58ee5,bitcoin-up-or-down-may-2-2026-2am-et
"Bitcoin Up or Down - May 2, 2:15AM-2:30AM ET",Down,BUY,11,0.65,0x774b9dd52646fcfe48b6f0943daece03cf2d108cfdea72b80f92a816dbc32c49,2026-05-02 09:28:38,0xb5bc34fb57ea02361717a3ffb6a72e420d22d932d103a7c38039859154ae68ab,btc-updown-15m-1777702500
"Ethereum Up or Down - May 2, 2:25AM-2:30AM ET",Down,BUY,10.4,0.32865384615384613,0x8e6b45832ba995e95a4609be3bbd0d049448a604ec3e72a99d0630507a0f81c9,2026-05-02 09:28:36,0xb69a98ccc05739bff1b72e18b5b14ae4b30e1598fe17138b70a6d85ee99ef5bf,eth-updown-5m-1777703100
"Ethereum Up or Down - May 2, 2:25AM-2:30AM ET",Down,BUY,5,0.22,0x8e6b45832ba995e95a4609be3bbd0d049448a604ec3e72a99d0630507a0f81c9,2026-05-02 09:28:26,0xd73acd45cf30d249f40c723f940a1304fcf2a8fb9d59a54cf3cba806eda1dcf8,eth-updown-5m-1777703100
"Ethereum Up or Down - May 2, 2:25AM-2:30AM ET",Down,BUY,15,0.19888666666666666,0x8e6b45832ba995e95a4609be3bbd0d049448a604ec3e72a99d0630507a0f81c9,2026-05-02 09:28:18,0x83caeb5376bf58bfd66520dae5d1237e8eb96763122a9b8c040880094daff2b7,eth-updown-5m-1777703100
"Bitcoin Up or Down - May 2, 2:25AM-2:30AM ET",Down,BUY,55,0.20033636363636365,0x60c854561b5b2161b0839c5b56d31dbb5b7fb9d70593c4320914e7be5eca0087,2026-05-02 09:28:06,0x13200d4cd37925812407c19f537655579b0f27023cd6f0ed286c70a94b789ea2,btc-updown-5m-1777703100
"Bitcoin Up or Down - May 2, 2:25AM-2:30AM ET",Down,BUY,48,0.22298541666666666,0x60c854561b5b2161b0839c5b56d31dbb5b7fb9d70593c4320914e7be5eca0087,2026-05-02 09:28:06,0x228fc85658762cda2c0ccc8aca799b698cb91fb0686c8c04daa64293651ffa71,btc-updown-5m-1777703100
"Bitcoin Up or Down - May 2, 2:15AM-2:30AM ET",Down,BUY,11,0.57,0x774b9dd52646fcfe48b6f0943daece03cf2d108cfdea72b80f92a816dbc32c49,2026-05-02 09:28:06,0x4382c18d6d9c60523428c46127de8acec54eccd2806fe830a13804d7410d000f,btc-updown-15m-1777702500
"Bitcoin Up or Down - May 2, 2AM ET",Down,BUY,5,0.56,0x5d72cc86e77c6df3dbff798bd06aefd2fa897df319de30db383dd67a3d6be2de,2026-05-02 09:28:06,0xe9ee59109ac9ae30ba4e3b782054e9278ffdf27029dd1fffbfc108c49b31fea2,bitcoin-up-or-down-may-2-2026-2am-et
"Ethereum Up or Down - May 2, 2:25AM-2:30AM ET",Down,BUY,19,0.16,0x8e6b45832ba995e95a4609be3bbd0d049448a604ec3e72a99d0630507a0f81c9,2026-05-02 09:28:00,0x9ca7ba38c8f1508bde2825f247fa21d16e370cad0ef5b3b0220e6582808e44f6,eth-updown-5m-1777703100
"Ethereum Up or Down - May 2, 2:25AM-2:30AM ET",Down,BUY,14,0.1721,0x8e6b45832ba995e95a4609be3bbd0d049448a604ec3e72a99d0630507a0f81c9,2026-05-02 09:27:58,0x4514702a1862d868f638e6444b770ecc56e8c2bdc0a3e4525b40a852bf111438,eth-updown-5m-1777703100
"Ethereum Up or Down - May 2, 2:25AM-2:30AM ET",Down,BUY,16,0.1668625,0x8e6b45832ba995e95a4609be3bbd0d049448a604ec3e72a99d0630507a0f81c9,2026-05-02 09:27:58,0x60c04046ff9a2fee84e4554e3b03edc9410f2492244572da45b55a83a5455921,eth-updown-5m-1777703100
"Ethereum Up or Down - May 2, 2:25AM-2:30AM ET",Up,BUY,22,0.8631818181818182,0x8e6b45832ba995e95a4609be3bbd0d049448a604ec3e72a99d0630507a0f81c9,2026-05-02 09:27:54,0x528fa198b52986e6fd6ac27b75eaad4d785d2ffc6f787eb777dc6f2c5d4c040e,eth-updown-5m-1777703100
"Bitcoin Up or Down - May 2, 2AM ET",Up,BUY,5,0.44,0x5d72cc86e77c6df3dbff798bd06aefd2fa897df319de30db383dd67a3d6be2de,2026-05-02 09:27:54,0x57a4863576f2fc78504f2e828575e9116549afb4d542d1b5ffdc94ae4f63bc3b,bitcoin-up-or-down-may-2-2026-2am-et
"Ethereum Up or Down - May 2, 2:25AM-2:30AM ET",Up,BUY,13.03,0.82,0x8e6b45832ba995e95a4609be3bbd0d049448a604ec3e72a99d0630507a0f81c9,2026-05-02 09:27:54,0x256b14a8dd6e2bc25959bcd47abb087e309f9621f7d4985c1e2d39292022b061,eth-updown-5m-1777703100
"Bitcoin Up or Down - May 2, 2:25AM-2:30AM ET",Up,BUY,19,0.6026315789473684,0x60c854561b5b2161b0839c5b56d31dbb5b7fb9d70593c4320914e7be5eca0087,2026-05-02 09:27:54,0x6f70295f94535fe22c768138ffabfc068a1bf98e0ac6dbe53e200df9ba47deb0,btc-updown-5m-1777703100
"Ethereum Up or Down - May 2, 2:25AM-2:30AM ET",Up,BUY,21,0.86,0x8e6b45832ba995e95a4609be3bbd0d049448a604ec3e72a99d0630507a0f81c9,2026-05-02 09:27:54,0x7056718a4fbc5c282c05f570d4b3976b0a7ec99d6068314e3093de1a0816630d,eth-updown-5m-1777703100
"Bitcoin Up or Down - May 2, 2:25AM-2:30AM ET",Up,BUY,40,0.575,0x60c854561b5b2161b0839c5b56d31dbb5b7fb9d70593c4320914e7be5eca0087,2026-05-02 09:27:54,0x12843c66a3d1b0e7487fc8519a256c3f1932866f5c6c27ba30461385bf03d855,btc-updown-5m-1777703100
"Bitcoin Up or Down - May 2, 2:25AM-2:30AM ET",Up,BUY,65,0.7892307692307692,0x60c854561b5b2161b0839c5b56d31dbb5b7fb9d70593c4320914e7be5eca0087,2026-05-02 09:27:54,0x14e5329d82489e3a2d7cd9f3bf71bb158ac581d0f3cd163e40385620c086b9aa,btc-updown-5m-1777703100
"Bitcoin Up or Down - May 2, 2AM ET",Up,BUY,5,0.44,0x5d72cc86e77c6df3dbff798bd06aefd2fa897df319de30db383dd67a3d6be2de,2026-05-02 09:27:54,0xd903dcbca2f25f3dfece1a7028d95de83dc67622b23dbb1558b2945a8037fce3,bitcoin-up-or-down-may-2-2026-2am-et
"Ethereum Up or Down - May 2, 2:25AM-2:30AM ET",Up,BUY,19,0.82,0x8e6b45832ba995e95a4609be3bbd0d049448a604ec3e72a99d0630507a0f81c9,2026-05-02 09:27:52,0x3cb5b7eebeff674f5e6293e017f1a6369e92b60ff3bbe91e401cb461f6a4aad9,eth-updown-5m-1777703100
"Bitcoin Up or Down - May 2, 2AM ET",Up,BUY,5,0.42,0x5d72cc86e77c6df3dbff798bd06aefd2fa897df319de30db383dd67a3d6be2de,2026-05-02 09:27:52,0x993c1e152e7feabfca72602e52d71a0b51fe5279093bfc16fced1ca4b3ad485e,bitcoin-up-or-down-may-2-2026-2am-et
"Bitcoin Up or Down - May 2, 2:25AM-2:30AM ET",Down,BUY,40,0.49,0x60c854561b5b2161b0839c5b56d31dbb5b7fb9d70593c4320914e7be5eca0087,2026-05-02 09:27:40,0xaa1e9cc5795820e720a54978c2738b0ea9a64c0fb62bf89abebc47533e5ddda1,btc-updown-5m-1777703100
"Bitcoin Up or Down - May 2, 2AM ET",Down,BUY,5,0.58,0x5d72cc86e77c6df3dbff798bd06aefd2fa897df319de30db383dd67a3d6be2de,2026-05-02 09:27:40,0x4f0041f0c3ec79da18253e0914f7fb3099baea0fcf875a088ec680c8c855f328,bitcoin-up-or-down-may-2-2026-2am-et
"Bitcoin Up or Down - May 2, 2:25AM-2:30AM ET",Down,BUY,40,0.49,0x60c854561b5b2161b0839c5b56d31dbb5b7fb9d70593c4320914e7be5eca0087,2026-05-02 09:27:40,0x26fc90936d28697549a46e88b0c70dc78b905ab646f1a1a103386f2748403d8c,btc-updown-5m-1777703100
"Bitcoin Up or Down - May 2, 2:25AM-2:30AM ET",Down,BUY,40,0.4447475,0x60c854561b5b2161b0839c5b56d31dbb5b7fb9d70593c4320914e7be5eca0087,2026-05-02 09:26:58,0xa057cd91757c296feea56200eb8393992665ed39a5cc5867df3f6d863163dfb4,btc-updown-5m-1777703100
"Ethereum Up or Down - May 2, 2:25AM-2:30AM ET",Down,BUY,11,0.23517272727272728,0x8e6b45832ba995e95a4609be3bbd0d049448a604ec3e72a99d0630507a0f81c9,2026-05-02 09:26:58,0xdd134f102b95873c201af8ea4a96697afee579148dce7dec038ddda1350c26dc,eth-updown-5m-1777703100
"Ethereum Up or Down - May 2, 2:25AM-2:30AM ET",Down,BUY,12,0.2379,0x8e6b45832ba995e95a4609be3bbd0d049448a604ec3e72a99d0630507a0f81c9,2026-05-02 09:26:58,0xa74105e3aed5617fff1764f2b4f9cfd25d08c76dcea03f9c0fdd79fae34628cb,eth-updown-5m-1777703100
"Ethereum Up or Down - May 2, 2:25AM-2:30AM ET",Down,BUY,13,0.23,0x8e6b45832ba995e95a4609be3bbd0d049448a604ec3e72a99d0630507a0f81c9,2026-05-02 09:26:58,0xca4798675c3b8cdbdf55fa8a791f24e42b40e29d1e6f17d1ae575f71f585c6a5,eth-updown-5m-1777703100
"Bitcoin Up or Down - May 2, 2:25AM-2:30AM ET",Up,BUY,43,0.61,0x60c854561b5b2161b0839c5b56d31dbb5b7fb9d70593c4320914e7be5eca0087,2026-05-02 09:26:22,0x6beec1c9eec443b4def52af67965b9998214eae44aefc4e428fdb5646a7a35f6,btc-updown-5m-1777703100
"Ethereum Up or Down - May 2, 2:25AM-2:30AM ET",Up,BUY,13,0.72,0x8e6b45832ba995e95a4609be3bbd0d049448a604ec3e72a99d0630507a0f81c9,2026-05-02 09:26:20,0xb5a8da3b43e359978622ede6fd81154fa671a235bbbb71a100306a1d5ca03837,eth-updown-5m-1777703100
"Ethereum Up or Down - May 2, 2:25AM-2:30AM ET",Up,BUY,13,0.6938461538461539,0x8e6b45832ba995e95a4609be3bbd0d049448a604ec3e72a99d0630507a0f81c9,2026-05-02 09:26:16,0x4872f99e08ee73e698c396a7f4be5bb729efe7bb988451e9a3b4eb2516b0e859,eth-updown-5m-1777703100
"Ethereum Up or Down - May 2, 2:25AM-2:30AM ET",Up,BUY,12,0.69,0x8e6b45832ba995e95a4609be3bbd0d049448a604ec3e72a99d0630507a0f81c9,2026-05-02 09:26:16,0x55338c2c5c34b004fbdbb5df78e23e99dd46e7af5800f8cec1f4530ba43c97ef,eth-updown-5m-1777703100
"Ethereum Up or Down - May 2, 2:25AM-2:30AM ET",Up,BUY,12,0.680125,0x8e6b45832ba995e95a4609be3bbd0d049448a604ec3e72a99d0630507a0f81c9,2026-05-02 09:26:04,0xef9003f45fe9b0c7cf971f31dfc4e09a9a4e77b089e3b21c3b1cfe22fcd378d9,eth-updown-5m-1777703100
"Bitcoin Up or Down - May 2, 2:25AM-2:30AM ET",Down,BUY,41,0.36304146341463417,0x60c854561b5b2161b0839c5b56d31dbb5b7fb9d70593c4320914e7be5eca0087,2026-05-02 09:25:56,0xf4b7ca75d7e13120034fcedc0a6e21c81ca8f54515e4bf14aa298ec902a7cedc,btc-updown-5m-1777703100
"Bitcoin Up or Down - May 2, 2AM ET",Down,BUY,5,0.56,0x5d72cc86e77c6df3dbff798bd06aefd2fa897df319de30db383dd67a3d6be2de,2026-05-02 09:25:56,0x04b7e22491ef372121f0253da2216c80053c25cdb72c537d3752d8ebfd46dfd4,bitcoin-up-or-down-may-2-2026-2am-et
"Bitcoin Up or Down - May 2, 2:15AM-2:30AM ET",Down,BUY,10,0.52,0x774b9dd52646fcfe48b6f0943daece03cf2d108cfdea72b80f92a816dbc32c49,2026-05-02 09:25:56,0x35feee5d954d14f593cc84bbf1c300b49eb76caa028cae14aa4eb8cef7aff451,btc-updown-15m-1777702500
"Bitcoin Up or Down - May 2, 2:25AM-2:30AM ET",Down,BUY,43,0.34,0x60c854561b5b2161b0839c5b56d31dbb5b7fb9d70593c4320914e7be5eca0087,2026-05-02 09:25:54,0x436d379d773c39afc994a029b3ccf3cef7697a34738b37e8f444f88dfb4020a2,btc-updown-5m-1777703100
"Bitcoin Up or Down - May 2, 2:25AM-2:30AM ET",Down,BUY,41,0.33,0x60c854561b5b2161b0839c5b56d31dbb5b7fb9d70593c4320914e7be5eca0087,2026-05-02 09:25:52,0xb3fe094f68ff03f0fc935ff1c6e4fbf3862774cf405f7b2e16a8e1b554642971,btc-updown-5m-1777703100
"Bitcoin Up or Down - May 2, 2AM ET",Down,BUY,5,0.55,0x5d72cc86e77c6df3dbff798bd06aefd2fa897df319de30db383dd67a3d6be2de,2026-05-02 09:25:52,0xa79e3d906e212b33f2cb87ebedc08bb99b8a4a656a4ebb6337cbb4d5d7f75396,bitcoin-up-or-down-may-2-2026-2am-et
"Bitcoin Up or Down - May 2, 2:25AM-2:30AM ET",Down,BUY,44,0.33,0x60c854561b5b2161b0839c5b56d31dbb5b7fb9d70593c4320914e7be5eca0087,2026-05-02 09:25:52,0x6964aaba622f7b27996734218169034b97ea0cf43e0044479593d6a6cb370d8b,btc-updown-5m-1777703100
"Bitcoin Up or Down - May 2, 2AM ET",Down,BUY,5,0.55,0x5d72cc86e77c6df3dbff798bd06aefd2fa897df319de30db383dd67a3d6be2de,2026-05-02 09:25:50,0x8b479989f54d4dc07630bbae5ca4f2573d4c85dd92eb3d0073eb790d19bf8171,bitcoin-up-or-down-may-2-2026-2am-et
"Ethereum Up or Down - May 2, 2:25AM-2:30AM ET",Down,BUY,10,0.37415,0x8e6b45832ba995e95a4609be3bbd0d049448a604ec3e72a99d0630507a0f81c9,2026-05-02 09:25:50,0x3620a5ff72dcda938059ae96384d3a0f90a7d8ee4f1be995bee1052a9bb039e7,eth-updown-5m-1777703100
"Ethereum Up or Down - May 2, 2:25AM-2:30AM ET",Down,BUY,10,0.37,0x8e6b45832ba995e95a4609be3bbd0d049448a604ec3e72a99d0630507a0f81c9,2026-05-02 09:25:50,0xafa63a85b52e379824d5e10fab1b1c192d39a0d93ebc7500740a756ef8a0647b,eth-updown-5m-1777703100
"Bitcoin Up or Down - May 2, 2:15AM-2:30AM ET",Down,BUY,10,0.43,0x774b9dd52646fcfe48b6f0943daece03cf2d108cfdea72b80f92a816dbc32c49,2026-05-02 09:25:50,0xe873d1f5c473a7ec1ed9a9581d7170b500179fa793ad5fffb30265da706e8106,btc-updown-15m-1777702500
"Ethereum Up or Down - May 2, 2:25AM-2:30AM ET",Down,BUY,11,0.3,0x8e6b45832ba995e95a4609be3bbd0d049448a604ec3e72a99d0630507a0f81c9,2026-05-02 09:25:50,0xfa68e511e059274908e5cbd9f931e469986a9b6c4a350f64af30c517812d8e9c,eth-updown-5m-1777703100
"Bitcoin Up or Down - May 2, 2:15AM-2:30AM ET",Down,BUY,10,0.465,0x774b9dd52646fcfe48b6f0943daece03cf2d108cfdea72b80f92a816dbc32c49,2026-05-02 09:25:44,0x187a5f08d38d07dddfce4eb57b6e3ecc7a1b2547eddfdac3169b7f16d7c67b5f,btc-updown-15m-1777702500
"Bitcoin Up or Down - May 2, 2:25AM-2:30AM ET",Down,BUY,45,0.3142155555555556,0x60c854561b5b2161b0839c5b56d31dbb5b7fb9d70593c4320914e7be5eca0087,2026-05-02 09:25:44,0x44214b154258b1c2163a79caed67729cdffc80b96a1ae00a907dcf865078700f,btc-updown-5m-1777703100
"Bitcoin Up or Down - May 2, 2:15AM-2:30AM ET",Up,BUY,10,0.5148,0x774b9dd52646fcfe48b6f0943daece03cf2d108cfdea72b80f92a816dbc32c49,2026-05-02 09:25:40,0x5541de7fb8eeff078df72a22b39642eca68f9a227b44b06a4e9b34bf8d4df216,btc-updown-15m-1777702500
"Bitcoin Up or Down - May 2, 2:25AM-2:30AM ET",Up,BUY,52,0.7,0x60c854561b5b2161b0839c5b56d31dbb5b7fb9d70593c4320914e7be5eca0087,2026-05-02 09:25:40,0xd737417899af6cebc34eebb41acf8a33003a802d0309fd54b43dc955720f17d0,btc-updown-5m-1777703100
"Bitcoin Up or Down - May 2, 2:25AM-2:30AM ET",Up,BUY,53,0.74,0x60c854561b5b2161b0839c5b56d31dbb5b7fb9d70593c4320914e7be5eca0087,2026-05-02 09:25:40,0xa87d763b2c75b515bcf17dc85e9f64a18cbfb6bf741c5f5559b6a15976216d94,btc-updown-5m-1777703100
"Bitcoin Up or Down - May 2, 2AM ET",Up,BUY,5,0.46,0x5d72cc86e77c6df3dbff798bd06aefd2fa897df319de30db383dd67a3d6be2de,2026-05-02 09:25:40,0xe710418ab1f135b187e1286786ebada9181b2999f5a68f38f7f825c0ec698935,bitcoin-up-or-down-may-2-2026-2am-et
"Bitcoin Up or Down - May 2, 2:15AM-2:30AM ET",Up,BUY,10,0.49,0x774b9dd52646fcfe48b6f0943daece03cf2d108cfdea72b80f92a816dbc32c49,2026-05-02 09:25:40,0x96bd720f41f6faa9bcacbfa3647be0c3f002a85da4c2c2a1b7b15bffe28b9256,btc-updown-15m-1777702500
"Bitcoin Up or Down - May 2, 2:25AM-2:30AM ET",Up,BUY,48,0.6774375,0x60c854561b5b2161b0839c5b56d31dbb5b7fb9d70593c4320914e7be5eca0087,2026-05-02 09:25:40,0x682d55d269fe3a1ba021fc43207aef5b5bc1e5cba84f21aa3f6e16422480acdb,btc-updown-5m-1777703100
"Ethereum Up or Down - May 2, 2:25AM-2:30AM ET",Down,BUY,13,0.22547692307692307,0x8e6b45832ba995e95a4609be3bbd0d049448a604ec3e72a99d0630507a0f81c9,2026-05-02 09:25:38,0x1b7ccbe7d934664a12f23b2a7ad94376b93205c95b575da0cd31fc8fb3ca97e2,eth-updown-5m-1777703100
"Ethereum Up or Down - May 2, 2:25AM-2:30AM ET",Up,BUY,15,0.78,0x8e6b45832ba995e95a4609be3bbd0d049448a604ec3e72a99d0630507a0f81c9,2026-05-02 09:25:20,0xd803c3eb574dbbc9ecdbd45901a17c4202e6a4aad623c0938731b6bd1a3f4f3b,eth-updown-5m-1777703100
"Ethereum Up or Down - May 2, 2:25AM-2:30AM ET",Up,BUY,4,0.79,0x8e6b45832ba995e95a4609be3bbd0d049448a604ec3e72a99d0630507a0f81c9,2026-05-02 09:25:20,0xde7f61bd6677e475a6b716dbfb0af696f37ea046b82101c966145a57b582ffd0,eth-updown-5m-1777703100
"Ethereum Up or Down - May 2, 2:25AM-2:30AM ET",Up,BUY,10,0.74,0x8e6b45832ba995e95a4609be3bbd0d049448a604ec3e72a99d0630507a0f81c9,2026-05-02 09:25:14,0x6d05f43b7b63a0fbbe64a71f7b441ba4eb3bf1965a42ba2d4fe79296769c892f,eth-updown-5m-1777703100
"Bitcoin Up or Down - May 2, 2:25AM-2:30AM ET",Up,BUY,43,0.63,0x60c854561b5b2161b0839c5b56d31dbb5b7fb9d70593c4320914e7be5eca0087,2026-05-02 09:25:04,0x8c114074e11de1c65a3445341adfecede896f9a9bbee7d3f7390ddaf0a5f74e3,btc-updown-5m-1777703100
"Bitcoin Up or Down - May 2, 2:15AM-2:30AM ET",Up,BUY,10,0.5,0x774b9dd52646fcfe48b6f0943daece03cf2d108cfdea72b80f92a816dbc32c49,2026-05-02 09:25:04,0xc2a53d84a8273ff7f9685574a121eefe3d5349d1594eb088a0c92c4bee18d5b1,btc-updown-15m-1777702500
"Bitcoin Up or Down - May 2, 2:15AM-2:30AM ET",Up,BUY,10,0.5,0x774b9dd52646fcfe48b6f0943daece03cf2d108cfdea72b80f92a816dbc32c49,2026-05-02 09:25:04,0x22a24ce05afdfebf93aaeb5d4011ca37ed670e78c9a017a66bb2267a1f5b49dd,btc-updown-15m-1777702500
"Ethereum Up or Down - May 2, 2:25AM-2:30AM ET",Up,BUY,12,0.63,0x8e6b45832ba995e95a4609be3bbd0d049448a604ec3e72a99d0630507a0f81c9,2026-05-02 09:25:04,0x5a70dc3c5d5ba184b1a17624204cf4ebeac6c81caa91d53735dc9cd8abcf6c2c,eth-updown-5m-1777703100
"Ethereum Up or Down - May 2, 2:25AM-2:30AM ET",Up,BUY,11,0.6254545454545455,0x8e6b45832ba995e95a4609be3bbd0d049448a604ec3e72a99d0630507a0f81c9,2026-05-02 09:25:04,0xb0b8f12e693a7e1802ca088f64f9ecfc039469ccf6047d79c462bbe59059b894,eth-updown-5m-1777703100
"Ethereum Up or Down - May 2, 2:25AM-2:30AM ET",Up,BUY,11,0.63,0x8e6b45832ba995e95a4609be3bbd0d049448a604ec3e72a99d0630507a0f81c9,2026-05-02 09:25:04,0xfb3f4affb67529d08df19bc7f3f4b835a2b2992ef903a85c77bb12023bbbb03a,eth-updown-5m-1777703100
"Ethereum Up or Down - May 2, 2:25AM-2:30AM ET",Up,BUY,11,0.62,0x8e6b45832ba995e95a4609be3bbd0d049448a604ec3e72a99d0630507a0f81c9,2026-05-02 09:25:04,0xc85c451b00a61b53db8a1a33c359c809b479fd8398bf65111e1badb799794ade,eth-updown-5m-1777703100
"Bitcoin Up or Down - May 2, 2:25AM-2:30AM ET",Up,BUY,44,0.6294068181818182,0x60c854561b5b2161b0839c5b56d31dbb5b7fb9d70593c4320914e7be5eca0087,2026-05-02 09:25:04,0xfb8e4a176e7ad076d9306a2b1cf063a4f5c7a281fb1c7d7834933256a7500abb,btc-updown-5m-1777703100
"Bitcoin Up or Down - May 2, 2:15AM-2:30AM ET",Up,BUY,11,0.51,0x774b9dd52646fcfe48b6f0943daece03cf2d108cfdea72b80f92a816dbc32c49,2026-05-02 09:25:04,0x4e106230fe5834e6ded62ceddfd8eb3c28a1d3f4f68e22b92f0947a5cbd66715,btc-updown-15m-1777702500
"Bitcoin Up or Down - May 2, 2:15AM-2:30AM ET",Up,BUY,10,0.51,0x774b9dd52646fcfe48b6f0943daece03cf2d108cfdea72b80f92a816dbc32c49,2026-05-02 09:25:02,0xac01fc4032cf23b83d08c3557f666475edea94b819486dd51b0879fe373c42bb,btc-updown-15m-1777702500
"Bitcoin Up or Down - May 2, 2AM ET",Up,BUY,5,0.42,0x5d72cc86e77c6df3dbff798bd06aefd2fa897df319de30db383dd67a3d6be2de,2026-05-02 09:25:02,0xb98660b1b21dd1e1c8596898f6624cc68799838870bab79958772f9bfb0ab52b,bitcoin-up-or-down-may-2-2026-2am-et
"Bitcoin Up or Down - May 2, 2:15AM-2:30AM ET",Up,BUY,10,0.51,0x774b9dd52646fcfe48b6f0943daece03cf2d108cfdea72b80f92a816dbc32c49,2026-05-02 09:25:02,0xad0a21d3de6ab20a40038a4dad407c81d0fea7f1990d6c07b6e804e8bc6696b1,btc-updown-15m-1777702500
"Bitcoin Up or Down - May 2, 2:15AM-2:30AM ET",Down,BUY,10,0.5,0x774b9dd52646fcfe48b6f0943daece03cf2d108cfdea72b80f92a816dbc32c49,2026-05-02 09:24:48,0x5102a8309b35a7ea20ad8ecb036a6e8dfd1938fbc092024ce72e25b8fed88fbf,btc-updown-15m-1777702500
"Bitcoin Up or Down - May 2, 2AM ET",Down,BUY,5,0.59,0x5d72cc86e77c6df3dbff798bd06aefd2fa897df319de30db383dd67a3d6be2de,2026-05-02 09:24:46,0xe34b7117175cd3983730f629a73cded2d3108018f1b782e78b0b26c4406fa7e8,bitcoin-up-or-down-may-2-2026-2am-et
"Bitcoin Up or Down - May 2, 2:15AM-2:30AM ET",Down,BUY,10,0.5,0x774b9dd52646fcfe48b6f0943daece03cf2d108cfdea72b80f92a816dbc32c49,2026-05-02 09:24:46,0x1ad23d3a6bcd75c938891a028807473ff044e54cb970cd9153e81a1ebd39b011,btc-updown-15m-1777702500
"Bitcoin Up or Down - May 2, 2:15AM-2:30AM ET",Down,BUY,10,0.5,0x774b9dd52646fcfe48b6f0943daece03cf2d108cfdea72b80f92a816dbc32c49,2026-05-02 09:24:46,0x179d7baa44a169ac3e1a5f30fc179e5fcbb495fe1440c44edf95b201c372ee65,btc-updown-15m-1777702500
"Bitcoin Up or Down - May 2, 2:20AM-2:25AM ET",Down,BUY,199.31,0.99,0xeaf0b21156c62de6ade801e8f0f34c589ca61aab9fdc203ccdfe8f68ba7d3b6e,2026-05-02 09:24:30,0x44a97736537f05faf8ca3948b664650a6dbdd774d5970950b925dc5b517bec73,btc-updown-5m-1777702800
"Bitcoin Up or Down - May 2, 2:15AM-2:30AM ET",Up,BUY,10,0.52244,0x774b9dd52646fcfe48b6f0943daece03cf2d108cfdea72b80f92a816dbc32c49,2026-05-02 09:24:18,0xdce59fcd6702aba85ead90d5ca371937b70bdca69f51070b0615f1d0d6a4645d,btc-updown-15m-1777702500
"Bitcoin Up or Down - May 2, 2AM ET",Up,BUY,5,0.42,0x5d72cc86e77c6df3dbff798bd06aefd2fa897df319de30db383dd67a3d6be2de,2026-05-02 09:24:18,0x44993e1037f3655b98dcc6a8dca898e373430ce18549d6d33a174b85d84405d2,bitcoin-up-or-down-may-2-2026-2am-et
"Bitcoin Up or Down - May 2, 2AM ET",Up,BUY,5,0.42,0x5d72cc86e77c6df3dbff798bd06aefd2fa897df319de30db383dd67a3d6be2de,2026-05-02 09:23:54,0x2c6be71ab90ac9221b3f13ce110a0bd7cf77ee727ed754059523b53337163eac,bitcoin-up-or-down-may-2-2026-2am-et
"Bitcoin Up or Down - May 2, 2:15AM-2:30AM ET",Up,BUY,10,0.51,0x774b9dd52646fcfe48b6f0943daece03cf2d108cfdea72b80f92a816dbc32c49,2026-05-02 09:23:54,0x7a098fcdd4a9ec14177ea25ad484ab855a21088f3ac9494a648a6fce61814c4e,btc-updown-15m-1777702500
"Bitcoin Up or Down - May 2, 2:15AM-2:30AM ET",Up,BUY,10,0.51,0x774b9dd52646fcfe48b6f0943daece03cf2d108cfdea72b80f92a816dbc32c49,2026-05-02 09:23:54,0x497e769e329fb633091fe9eae24c3a6315bd664ada763387cf2d1b7159729366,btc-updown-15m-1777702500
"Bitcoin Up or Down - May 2, 2AM ET",Up,BUY,5,0.42,0x5d72cc86e77c6df3dbff798bd06aefd2fa897df319de30db383dd67a3d6be2de,2026-05-02 09:23:48,0x427d6239beaadcc409a5686f139d6b3ad7d6e180ea36f4bc9278800b3a89defd,bitcoin-up-or-down-may-2-2026-2am-et
"Bitcoin Up or Down - May 2, 2:15AM-2:30AM ET",Up,BUY,10,0.51,0x774b9dd52646fcfe48b6f0943daece03cf2d108cfdea72b80f92a816dbc32c49,2026-05-02 09:23:48,0x22625236fecab992561bc82cf8de115af35835ead55085469f8e84b694d0ca8b,btc-updown-15m-1777702500
"Bitcoin Up or Down - May 2, 2AM ET",Down,BUY,5,0.59,0x5d72cc86e77c6df3dbff798bd06aefd2fa897df319de30db383dd67a3d6be2de,2026-05-02 09:23:46,0x71e32d42c2f7eac394359f58038d859e757c802542c189271e92a4a60baf332d,bitcoin-up-or-down-may-2-2026-2am-et
"Bitcoin Up or Down - May 2, 2:15AM-2:30AM ET",Down,BUY,10,0.5,0x774b9dd52646fcfe48b6f0943daece03cf2d108cfdea72b80f92a816dbc32c49,2026-05-02 09:23:46,0x502457a9b9db1619de8ae6aa83fde7bef5917d1c3c84b99d5f21b51b45117994,btc-updown-15m-1777702500
"Bitcoin Up or Down - May 2, 2AM ET",Down,BUY,5,0.59,0x5d72cc86e77c6df3dbff798bd06aefd2fa897df319de30db383dd67a3d6be2de,2026-05-02 09:23:46,0xd84cea097f1f75db691ade6a80e5694709fcf9609680883aef90eb19381d0458,bitcoin-up-or-down-may-2-2026-2am-et
"Bitcoin Up or Down - May 2, 2:15AM-2:30AM ET",Down,BUY,10,0.5,0x774b9dd52646fcfe48b6f0943daece03cf2d108cfdea72b80f92a816dbc32c49,2026-05-02 09:23:46,0x15a93ff85c942106568fb59ec94dfb3942dd18d94768d51125f5300760d0002d,btc-updown-15m-1777702500
"Bitcoin Up or Down - May 2, 2:15AM-2:30AM ET",Down,BUY,10,0.5,0x774b9dd52646fcfe48b6f0943daece03cf2d108cfdea72b80f92a816dbc32c49,2026-05-02 09:23:46,0x1a37eb8dd189bbbcc1570aa7caefdc0fc2aa68f6e96b74c844c067b6f6254e2f,btc-updown-15m-1777702500
"Bitcoin Up or Down - May 2, 2:15AM-2:30AM ET",Down,BUY,10,0.5,0x774b9dd52646fcfe48b6f0943daece03cf2d108cfdea72b80f92a816dbc32c49,2026-05-02 09:23:40,0xacc9a5e5603710353aa89a6dfd0b955e05cc41c615ec5489bca4cee8cf1d7177,btc-updown-15m-1777702500
"Bitcoin Up or Down - May 2, 2:15AM-2:30AM ET",Down,BUY,10,0.5,0x774b9dd52646fcfe48b6f0943daece03cf2d108cfdea72b80f92a816dbc32c49,2026-05-02 09:23:34,0x909ff42e7527d3f9a549b99d0f571fa1ee20c44cb453cf071ae9de5271d01834,btc-updown-15m-1777702500
"Bitcoin Up or Down - May 2, 2AM ET",Up,BUY,5,0.46,0x5d72cc86e77c6df3dbff798bd06aefd2fa897df319de30db383dd67a3d6be2de,2026-05-02 09:23:04,0x7dc5bfd656c7039be0f12c1fd1fbc0be730aed7e781eb4f9caa25e2c5c538244,bitcoin-up-or-down-may-2-2026-2am-et
"Bitcoin Up or Down - May 2, 2:15AM-2:30AM ET",Up,BUY,10,0.5,0x774b9dd52646fcfe48b6f0943daece03cf2d108cfdea72b80f92a816dbc32c49,2026-05-02 09:23:04,0x930b910c246968b2e688eb431e725f96598842b77f9032580b2f61de37fc701a,btc-updown-15m-1777702500
"Bitcoin Up or Down - May 2, 2:15AM-2:30AM ET",Down,BUY,10,0.5,0x774b9dd52646fcfe48b6f0943daece03cf2d108cfdea72b80f92a816dbc32c49,2026-05-02 09:23:02,0x95b10ecfb2cb9556e683e77ec7dc703f4f51866e4bdfa13faadb0f3eea78c0e9,btc-updown-15m-1777702500
"Bitcoin Up or Down - May 2, 2:15AM-2:30AM ET",Down,BUY,10,0.5,0x774b9dd52646fcfe48b6f0943daece03cf2d108cfdea72b80f92a816dbc32c49,2026-05-02 09:23:02,0x6fa82078d6bb4c4eaa055a2d4a4905f94bad34928f7fa71a2e0c871c02c895fe,btc-updown-15m-1777702500
"Bitcoin Up or Down - May 2, 2:15AM-2:30AM ET",Down,BUY,10,0.49,0x774b9dd52646fcfe48b6f0943daece03cf2d108cfdea72b80f92a816dbc32c49,2026-05-02 09:23:02,0xdc2c522ca851aa796cee615b9607649f0833825dc9dcdf6ee650e1d9b9a4f578,btc-updown-15m-1777702500
"Bitcoin Up or Down - May 2, 2:15AM-2:30AM ET",Down,BUY,10,0.48,0x774b9dd52646fcfe48b6f0943daece03cf2d108cfdea72b80f92a816dbc32c49,2026-05-02 09:23:02,0xff84a0513a5e08dda39e5352482d6e1ba9f1d0bbff053aae22fd973bfd79ea68,btc-updown-15m-1777702500
"Bitcoin Up or Down - May 2, 2:15AM-2:30AM ET",Down,BUY,10,0.48,0x774b9dd52646fcfe48b6f0943daece03cf2d108cfdea72b80f92a816dbc32c49,2026-05-02 09:23:02,0xa7af78ce29ce30123f3160f1018bed18a98eab6f8b3bc995bbc9071602e74f53,btc-updown-15m-1777702500
"Bitcoin Up or Down - May 2, 2:15AM-2:30AM ET",Down,BUY,10,0.49,0x774b9dd52646fcfe48b6f0943daece03cf2d108cfdea72b80f92a816dbc32c49,2026-05-02 09:22:44,0x18163fea3ec81ea16e0941869aaf1992a4e13ba58a94b2cfadfc0850897ddda1,btc-updown-15m-1777702500
"Bitcoin Up or Down - May 2, 2:20AM-2:25AM ET",Down,BUY,81.87,0.8542750702332967,0xeaf0b21156c62de6ade801e8f0f34c589ca61aab9fdc203ccdfe8f68ba7d3b6e,2026-05-02 09:22:40,0x6adafef555731bf7165ef4d3bd09092afa7c5acb983a6121f41e72e1bd0d2e0b,btc-updown-5m-1777702800
"Bitcoin Up or Down - May 2, 2:15AM-2:30AM ET",Down,BUY,10,0.49,0x774b9dd52646fcfe48b6f0943daece03cf2d108cfdea72b80f92a816dbc32c49,2026-05-02 09:22:40,0x74cbeb419573cf6246cae2d0ab8561d407554f389ed6b17552c1368406671ef8,btc-updown-15m-1777702500
"Bitcoin Up or Down - May 2, 2:15AM-2:30AM ET",Down,BUY,10,0.5,0x774b9dd52646fcfe48b6f0943daece03cf2d108cfdea72b80f92a816dbc32c49,2026-05-02 09:22:38,0xb15d8a26a460fdfeae6344cf552cccf087af7df8f655a536aff2821d51319ba1,btc-updown-15m-1777702500
"Bitcoin Up or Down - May 2, 2:15AM-2:30AM ET",Down,BUY,10,0.5,0x774b9dd52646fcfe48b6f0943daece03cf2d108cfdea72b80f92a816dbc32c49,2026-05-02 09:22:38,0xc18ae0a8c5d685490f2f84031a3dd8dc63d62444166d0c9d037b97e63eb132eb,btc-updown-15m-1777702500
"Bitcoin Up or Down - May 2, 2:15AM-2:30AM ET",Down,BUY,10,0.5,0x774b9dd52646fcfe48b6f0943daece03cf2d108cfdea72b80f92a816dbc32c49,2026-05-02 09:22:38,0xbb272583cc836ac2257a0da13e4092248f86a6971c657dc2b12681d76236cb9b,btc-updown-15m-1777702500
"Bitcoin Up or Down - May 2, 2:15AM-2:30AM ET",Down,BUY,10,0.49,0x774b9dd52646fcfe48b6f0943daece03cf2d108cfdea72b80f92a816dbc32c49,2026-05-02 09:22:38,0xeae69f0f6adb3e74d77b4eda28e5fb48f3cfa28ab5500f54f45d3f533c861705,btc-updown-15m-1777702500
"Bitcoin Up or Down - May 2, 2:15AM-2:30AM ET",Down,BUY,10,0.49,0x774b9dd52646fcfe48b6f0943daece03cf2d108cfdea72b80f92a816dbc32c49,2026-05-02 09:22:38,0xe82adc29bcc825bea12aacf79bfcdd60b80de9fb531899532b95bd5417a6774b,btc-updown-15m-1777702500
"Bitcoin Up or Down - May 2, 2:20AM-2:25AM ET",Down,BUY,83,0.848989156626506,0xeaf0b21156c62de6ade801e8f0f34c589ca61aab9fdc203ccdfe8f68ba7d3b6e,2026-05-02 09:22:34,0xa2e83e3380ef15465488a84af32b64a39ac469fd2551ae8e1177f78c719142b9,btc-updown-5m-1777702800
"Bitcoin Up or Down - May 2, 2AM ET",Down,BUY,5,0.43,0x5d72cc86e77c6df3dbff798bd06aefd2fa897df319de30db383dd67a3d6be2de,2026-05-02 09:22:34,0xbc49094ea5ebd53e6d0c6d78a8c01aad46014a3d46f772c510976e677aa72f96,bitcoin-up-or-down-may-2-2026-2am-et
"Bitcoin Up or Down - May 2, 2:15AM-2:30AM ET",Down,BUY,10,0.46,0x774b9dd52646fcfe48b6f0943daece03cf2d108cfdea72b80f92a816dbc32c49,2026-05-02 09:22:34,0xec1c10ed804c2df54d620626d4b58f024badff978ecd3fa370eb6e7e5046968d,btc-updown-15m-1777702500
"Bitcoin Up or Down - May 2, 2AM ET",Down,BUY,5,0.43,0x5d72cc86e77c6df3dbff798bd06aefd2fa897df319de30db383dd67a3d6be2de,2026-05-02 09:22:34,0x02e4d827779af71ed2207e65fdbbae96f538911219e5de7ca4f2b002ea092f36,bitcoin-up-or-down-may-2-2026-2am-et
"Bitcoin Up or Down - May 2, 2:15AM-2:30AM ET",Down,BUY,10,0.47928,0x774b9dd52646fcfe48b6f0943daece03cf2d108cfdea72b80f92a816dbc32c49,2026-05-02 09:22:34,0x1291b41a8408053d6f313e453739e1073b7a4cb21167adac4207f48b270de661,btc-updown-15m-1777702500
"Bitcoin Up or Down - May 2, 2:15AM-2:30AM ET",Down,BUY,10,0.45,0x774b9dd52646fcfe48b6f0943daece03cf2d108cfdea72b80f92a816dbc32c49,2026-05-02 09:22:34,0x72aeaa0f41e2c09ed1c96b01b670d8e863ca4af02d7aa6e09c6ef1f2791a3969,btc-updown-15m-1777702500
"Ethereum Up or Down - May 2, 2:20AM-2:25AM ET",Down,BUY,5.98,0.86,0xbc51bc2ee21b3ab61a312ddb33d750b0d94e1607e9d3214fe8df5f2a3b9fd567,2026-05-02 09:22:22,0xd4ffc9695f3adf82b8ab4abadaf1622e0cf6234e857fb881cf51916fa373caad,eth-updown-5m-1777702800
"Ethereum Up or Down - May 2, 2:20AM-2:25AM ET",Down,BUY,0.1,0.79,0xbc51bc2ee21b3ab61a312ddb33d750b0d94e1607e9d3214fe8df5f2a3b9fd567,2026-05-02 09:22:22,0xfbf188cc5d1804401ff9a72b0ec817b73f5fcffbe54855717882c282a9c45b6c,eth-updown-5m-1777702800
"Bitcoin Up or Down - May 2, 2:20AM-2:25AM ET",Down,BUY,53,0.7065301886792453,0xeaf0b21156c62de6ade801e8f0f34c589ca61aab9fdc203ccdfe8f68ba7d3b6e,2026-05-02 09:22:18,0x996ac4dd9c98b8d9a4872b93ff6dfaa493f62fef40dcbeaf8021837d1e6d9085,btc-updown-5m-1777702800
"Bitcoin Up or Down - May 2, 2:20AM-2:25AM ET",Down,BUY,49,0.6979591836734694,0xeaf0b21156c62de6ade801e8f0f34c589ca61aab9fdc203ccdfe8f68ba7d3b6e,2026-05-02 09:22:18,0x485462175c8845d8aceaf87c02248291356deea441eab5d27bfbd87285eb5fec,btc-updown-5m-1777702800
"Bitcoin Up or Down - May 2, 2:15AM-2:30AM ET",Down,BUY,10,0.39,0x774b9dd52646fcfe48b6f0943daece03cf2d108cfdea72b80f92a816dbc32c49,2026-05-02 09:22:18,0xc133c1c46e822181cf893bb25c2799009abc8af59f6416973e2e5821d63dedaf,btc-updown-15m-1777702500
"Bitcoin Up or Down - May 2, 2:15AM-2:30AM ET",Down,BUY,11,0.35,0x774b9dd52646fcfe48b6f0943daece03cf2d108cfdea72b80f92a816dbc32c49,2026-05-02 09:22:02,0x9520cdbd201170bff36d290bcdf1eff180194045432ad69d98ff71c9b9e44ef7,btc-updown-15m-1777702500
"Bitcoin Up or Down - May 2, 2:20AM-2:25AM ET",Down,BUY,42,0.5802333333333334,0xeaf0b21156c62de6ade801e8f0f34c589ca61aab9fdc203ccdfe8f68ba7d3b6e,2026-05-02 09:22:00,0x6366954ad3f785ab5f6ab5ddf015f5156b19a2bb8c7eccc7f7496c0e6b8e157f,btc-updown-5m-1777702800
"Bitcoin Up or Down - May 2, 2AM ET",Down,BUY,5,0.39,0x5d72cc86e77c6df3dbff798bd06aefd2fa897df319de30db383dd67a3d6be2de,2026-05-02 09:22:00,0xb91b0348e1527e7e432b03d48af162ac6a049a86b41a2d7d081570e68e8b08d0,bitcoin-up-or-down-may-2-2026-2am-et
"Bitcoin Up or Down - May 2, 2:15AM-2:30AM ET",Down,BUY,11,0.35,0x774b9dd52646fcfe48b6f0943daece03cf2d108cfdea72b80f92a816dbc32c49,2026-05-02 09:22:00,0x1b885e20ea66505beb4b5d0c9bbfd34a1bdb90bda7112efdc6759b0904340952,btc-updown-15m-1777702500
"Bitcoin Up or Down - May 2, 2:20AM-2:25AM ET",Down,BUY,15.02,0.54,0xeaf0b21156c62de6ade801e8f0f34c589ca61aab9fdc203ccdfe8f68ba7d3b6e,2026-05-02 09:22:00,0x59906c665996a1480e7af2f50ce714b62105004c4c42ee6946a90ef414f0bf66,btc-updown-5m-1777702800
"Bitcoin Up or Down - May 2, 2:15AM-2:30AM ET",Down,BUY,11,0.32,0x774b9dd52646fcfe48b6f0943daece03cf2d108cfdea72b80f92a816dbc32c49,2026-05-02 09:22:00,0x8c4830581733612f6dc5bf4bf8f3a1e919e84e7cb89ebb81234c67a29ae29455,btc-updown-15m-1777702500
"Bitcoin Up or Down - May 2, 2:20AM-2:25AM ET",Down,BUY,40,0.52625,0xeaf0b21156c62de6ade801e8f0f34c589ca61aab9fdc203ccdfe8f68ba7d3b6e,2026-05-02 09:21:50,0x3e80da2425192a3d91af423244e9da81444ab034f9d386bb906ecd241848d6a2,btc-updown-5m-1777702800
"Bitcoin Up or Down - May 2, 2:15AM-2:30AM ET",Down,BUY,11,0.2972090909090909,0x774b9dd52646fcfe48b6f0943daece03cf2d108cfdea72b80f92a816dbc32c49,2026-05-02 09:21:48,0xc5ce4fab0a0d977bef329632ac8f623ecb88d25d886cec8cc5e1979d7c569c43,btc-updown-15m-1777702500
"Bitcoin Up or Down - May 2, 2:15AM-2:30AM ET",Down,BUY,11,0.31,0x774b9dd52646fcfe48b6f0943daece03cf2d108cfdea72b80f92a816dbc32c49,2026-05-02 09:21:48,0x722d8b8e7be63d822d1189fe80ebba19d41fbf6866980e3e8019bb0117e622d7,btc-updown-15m-1777702500
"Bitcoin Up or Down - May 2, 2AM ET",Down,BUY,5,0.38,0x5d72cc86e77c6df3dbff798bd06aefd2fa897df319de30db383dd67a3d6be2de,2026-05-02 09:21:48,0x479b554e06c8a82d31a4b9bdc485df663fb6983a271771007469897310277894,bitcoin-up-or-down-may-2-2026-2am-et
"Bitcoin Up or Down - May 2, 2:20AM-2:25AM ET",Down,BUY,35.2,0.5014772727272727,0xeaf0b21156c62de6ade801e8f0f34c589ca61aab9fdc203ccdfe8f68ba7d3b6e,2026-05-02 09:21:48,0xbbfd08cf94102c2131d092a3a9106eada8dc3ee5b78e51ce248459e593a76eb9,btc-updown-5m-1777702800
"Bitcoin Up or Down - May 2, 2:20AM-2:25AM ET",Up,BUY,43,0.56,0xeaf0b21156c62de6ade801e8f0f34c589ca61aab9fdc203ccdfe8f68ba7d3b6e,2026-05-02 09:21:42,0x58a4a04825a235a03f000f6e5e06629886fc648ad53c58ee9204f20261d856cd,btc-updown-5m-1777702800
"Bitcoin Up or Down - May 2, 2:20AM-2:25AM ET",Up,BUY,41,0.5637268292682927,0xeaf0b21156c62de6ade801e8f0f34c589ca61aab9fdc203ccdfe8f68ba7d3b6e,2026-05-02 09:21:42,0x35bbf8d3fb6e648afeb023694c1b90aab48585967b53b21bc69237cf523a2ff4,btc-updown-5m-1777702800
"Ethereum Up or Down - May 2, 2:20AM-2:25AM ET",Up,BUY,10,0.56,0xbc51bc2ee21b3ab61a312ddb33d750b0d94e1607e9d3214fe8df5f2a3b9fd567,2026-05-02 09:21:42,0x8f69e4cdcdc8c7937a73ee8b0317971c9bd386b37cb680abc99afebc4281038f,eth-updown-5m-1777702800
"Bitcoin Up or Down - May 2, 2:15AM-2:30AM ET",Up,BUY,14,0.72,0x774b9dd52646fcfe48b6f0943daece03cf2d108cfdea72b80f92a816dbc32c49,2026-05-02 09:21:40,0xb8d5440349cbe7b8e28384d7586d9446adcff121b7cd1d4ef2b8314476b7aac3,btc-updown-15m-1777702500
"Ethereum Up or Down - May 2, 2:20AM-2:25AM ET",Up,BUY,11,0.56,0xbc51bc2ee21b3ab61a312ddb33d750b0d94e1607e9d3214fe8df5f2a3b9fd567,2026-05-02 09:21:40,0x34dc803ed0434a031045ba1c073fe023b7248fed914c73cf97ef6ac9a5564b64,eth-updown-5m-1777702800
"Bitcoin Up or Down - May 2, 2:20AM-2:25AM ET",Up,BUY,41,0.5488243902439024,0xeaf0b21156c62de6ade801e8f0f34c589ca61aab9fdc203ccdfe8f68ba7d3b6e,2026-05-02 09:21:40,0x9bc3ed35cbaad963b8a35ee84b6c045c1064483edcaa424cc5522e5a3d812bf1,btc-updown-5m-1777702800
"Bitcoin Up or Down - May 2, 2:15AM-2:30AM ET",Up,BUY,13,0.72,0x774b9dd52646fcfe48b6f0943daece03cf2d108cfdea72b80f92a816dbc32c49,2026-05-02 09:21:40,0xfb97c8d95fd30368079f68735b9a7735e753cbcca7fd6acafa70fa246326f678,btc-updown-15m-1777702500
"Bitcoin Up or Down - May 2, 2:20AM-2:25AM ET",Up,BUY,41,0.54,0xeaf0b21156c62de6ade801e8f0f34c589ca61aab9fdc203ccdfe8f68ba7d3b6e,2026-05-02 09:21:40,0x2f1acf1d1f596756e46f2b3bc90010933944ac2f3dbc39eedeeaee5ad0ff5c79,btc-updown-5m-1777702800
"Ethereum Up or Down - May 2, 2:20AM-2:25AM ET",Down,BUY,7.31,0.44,0xbc51bc2ee21b3ab61a312ddb33d750b0d94e1607e9d3214fe8df5f2a3b9fd567,2026-05-02 09:21:38,0x4686da8a60abc66151f50cb5377b8d779bd7d5fd401a7910e5ce5db42d8b1bf7,eth-updown-5m-1777702800
"Ethereum Up or Down - May 2, 2:20AM-2:25AM ET",Down,BUY,10,0.41,0xbc51bc2ee21b3ab61a312ddb33d750b0d94e1607e9d3214fe8df5f2a3b9fd567,2026-05-02 09:21:38,0x5c6cdc411e81c220f4505dd6298dd0a5ce0eba1a9eb2ba995a3ee3d6397ea3f9,eth-updown-5m-1777702800
"Ethereum Up or Down - May 2, 2:20AM-2:25AM ET",Down,BUY,10,0.39,0xbc51bc2ee21b3ab61a312ddb33d750b0d94e1607e9d3214fe8df5f2a3b9fd567,2026-05-02 09:21:38,0x0af432a37ae879f51ed9a74c9221fd8333a34bca7417ec18da42706f98ebcdd7,eth-updown-5m-1777702800
"Ethereum Up or Down - May 2, 2:20AM-2:25AM ET",Down,BUY,10,0.40242,0xbc51bc2ee21b3ab61a312ddb33d750b0d94e1607e9d3214fe8df5f2a3b9fd567,2026-05-02 09:21:28,0x522d4da288aa3645b58ff3216c65f66113123bc734789202d0582ac177678fb2,eth-updown-5m-1777702800
"Ethereum Up or Down - May 2, 2:20AM-2:25AM ET",Down,BUY,10,0.4,0xbc51bc2ee21b3ab61a312ddb33d750b0d94e1607e9d3214fe8df5f2a3b9fd567,2026-05-02 09:21:28,0x9c2da1126f8c6406c974212b8978aaa947ff13a0d24f8691e755f79e5b1bcd01,eth-updown-5m-1777702800
"Bitcoin Up or Down - May 2, 2:15AM-2:30AM ET",Up,BUY,12,0.64,0x774b9dd52646fcfe48b6f0943daece03cf2d108cfdea72b80f92a816dbc32c49,2026-05-02 09:20:28,0xd68c1acda1e1a97e326c47d3a2567fcc2f68029549d1103e7cf9c079f64e78be,btc-updown-15m-1777702500
"Bitcoin Up or Down - May 2, 2:20AM-2:25AM ET",Up,BUY,41,0.48434390243902437,0xeaf0b21156c62de6ade801e8f0f34c589ca61aab9fdc203ccdfe8f68ba7d3b6e,2026-05-02 09:20:28,0x03416b78b5df7c788cd9fc3b1e27e1c7305139856438f9d02be8c1c5acf4589a,btc-updown-5m-1777702800
"Bitcoin Up or Down - May 2, 2AM ET",Up,BUY,5,0.61,0x5d72cc86e77c6df3dbff798bd06aefd2fa897df319de30db383dd67a3d6be2de,2026-05-02 09:20:28,0x10c3188ee8e1c98476a021ef55dce9851ab3290617c42c67ddc933d242f318f3,bitcoin-up-or-down-may-2-2026-2am-et
"Bitcoin Up or Down - May 2, 2:20AM-2:25AM ET",Up,BUY,40,0.48,0xeaf0b21156c62de6ade801e8f0f34c589ca61aab9fdc203ccdfe8f68ba7d3b6e,2026-05-02 09:20:28,0x10f877450c656bcbe17fa3208f364f30e8ce25fc757f1b4670c195c3f66fa94a,btc-updown-5m-1777702800
"Bitcoin Up or Down - May 2, 2:15AM-2:30AM ET",Up,BUY,11,0.64,0x774b9dd52646fcfe48b6f0943daece03cf2d108cfdea72b80f92a816dbc32c49,2026-05-02 09:20:28,0x2f57717abc3fd00469bf2d9118280871624c5f1b7e23af2cccc8fad6d34e4a93,btc-updown-15m-1777702500
"Ethereum Up or Down - May 2, 2:20AM-2:25AM ET",Up,BUY,10,0.46,0xbc51bc2ee21b3ab61a312ddb33d750b0d94e1607e9d3214fe8df5f2a3b9fd567,2026-05-02 09:20:28,0x31f8d6ed03ffac7d247663cdb8bff17c7eff2df0eddcdb6b1122c18d2ac545e4,eth-updown-5m-1777702800
"Bitcoin Up or Down - May 2, 2:20AM-2:25AM ET",Up,BUY,40,0.43625,0xeaf0b21156c62de6ade801e8f0f34c589ca61aab9fdc203ccdfe8f68ba7d3b6e,2026-05-02 09:20:26,0x7cc30ef02c6bccf36a6f4ad5537c87731697b77bf4c2532ef91f59fc6f16aa68,btc-updown-5m-1777702800
"Ethereum Up or Down - May 2, 2:20AM-2:25AM ET",Up,BUY,10,0.41,0xbc51bc2ee21b3ab61a312ddb33d750b0d94e1607e9d3214fe8df5f2a3b9fd567,2026-05-02 09:20:26,0xc4a33cc051ca39900a386d09734053d2c33b6f5e39a06a87371b4bf37fcc3c7e,eth-updown-5m-1777702800
"Ethereum Up or Down - May 2, 2:20AM-2:25AM ET",Down,BUY,11,0.6,0xbc51bc2ee21b3ab61a312ddb33d750b0d94e1607e9d3214fe8df5f2a3b9fd567,2026-05-02 09:20:08,0x4a27e6c32762df75e8313f316924dec972d0fa972b8e150ca48e2783e6d85721,eth-updown-5m-1777702800
"Bitcoin Up or Down - May 2, 2:20AM-2:25AM ET",Down,BUY,40,0.5,0xeaf0b21156c62de6ade801e8f0f34c589ca61aab9fdc203ccdfe8f68ba7d3b6e,2026-05-02 09:20:06,0x268ed868ccb84d3eff69ec506967f47d791945d8ce63c78ad9fce8719fa40fc5,btc-updown-5m-1777702800
"Bitcoin Up or Down - May 2, 2AM ET",Down,BUY,5,0.4,0x5d72cc86e77c6df3dbff798bd06aefd2fa897df319de30db383dd67a3d6be2de,2026-05-02 09:20:06,0xf9b3afcf19a934d4e93349d069500d6995ad3d50eaef17db854ddcace70ec644,bitcoin-up-or-down-may-2-2026-2am-et
"Bitcoin Up or Down - May 2, 2:15AM-2:30AM ET",Down,BUY,11,0.34,0x774b9dd52646fcfe48b6f0943daece03cf2d108cfdea72b80f92a816dbc32c49,2026-05-02 09:20:06,0xf2aa9ff3737c8e736d7df4966ee31dcfc53daf9ab2c4686879bc91c5b170f998,btc-updown-15m-1777702500
"Bitcoin Up or Down - May 2, 2:20AM-2:25AM ET",Down,BUY,40,0.5,0xeaf0b21156c62de6ade801e8f0f34c589ca61aab9fdc203ccdfe8f68ba7d3b6e,2026-05-02 09:20:06,0x287f7d6c43d627e34ab9a73605e2c2c1283c08313f0c62d7156928406d75d033,btc-updown-5m-1777702800
"Ethereum Up or Down - May 2, 2:20AM-2:25AM ET",Down,BUY,5,0.5,0xbc51bc2ee21b3ab61a312ddb33d750b0d94e1607e9d3214fe8df5f2a3b9fd567,2026-05-02 09:20:06,0x16264bf98915f5c3f67c5a0dbbcdcc1cc156fafca2bd9775590df1a1e37b4ca1,eth-updown-5m-1777702800
"Bitcoin Up or Down - May 2, 2:15AM-2:20AM ET",Up,BUY,102,0.1,0xacfda23132bef7f4267edf687cddeef7a24ce92427fc77952594a7b250b770d1,2026-05-02 09:19:56,0xd4a86d0b3ec98c6ce723fdf080afa65de69266b092d353f12015e15ec61354ce,btc-updown-5m-1777702500
"Bitcoin Up or Down - May 2, 2:15AM-2:20AM ET",Down,BUY,61.65,0.06528467153284671,0xacfda23132bef7f4267edf687cddeef7a24ce92427fc77952594a7b250b770d1,2026-05-02 09:19:40,0x069570a74c1db681e178d88bd859398430db742a027f70c035d36ae67ea53307,btc-updown-5m-1777702500
"Bitcoin Up or Down - May 2, 2:15AM-2:30AM ET",Down,BUY,11,0.3170818181818182,0x774b9dd52646fcfe48b6f0943daece03cf2d108cfdea72b80f92a816dbc32c49,2026-05-02 09:19:40,0xd813078132384b55f4155ed2951d3953d8751f14c0cfc350b33382d6ba70d3ad,btc-updown-15m-1777702500
"Bitcoin Up or Down - May 2, 2:15AM-2:20AM ET",Down,BUY,66.4,0.10075301204819277,0xacfda23132bef7f4267edf687cddeef7a24ce92427fc77952594a7b250b770d1,2026-05-02 09:19:40,0xc10b2d4733a781ec6418efa4e6807974e4228c5b283a348b2ee7a02ee52a096e,btc-updown-5m-1777702500
"Ethereum Up or Down - May 2, 2:15AM-2:20AM ET",Down,BUY,34,0.047058823529411764,0xa27fd308e23b5c62ba8640246b2e20a1e5e39f3a5ad671638a5c34b591b99768,2026-05-02 09:19:32,0x2bbc0b8e8966f2f72be3ebdb9e81295781ef560e14a24b341e9e8aaf54b73676,eth-updown-5m-1777702500
"Ethereum Up or Down - May 2, 2:15AM-2:20AM ET",Down,BUY,34,0.06,0xa27fd308e23b5c62ba8640246b2e20a1e5e39f3a5ad671638a5c34b591b99768,2026-05-02 09:19:28,0xeb3104942a2baa6a5db9c45485654659154dd807066662426a8c9145a197e9fe,eth-updown-5m-1777702500
"Ethereum Up or Down - May 2, 2:15AM-2:20AM ET",Down,BUY,31,0.06,0xa27fd308e23b5c62ba8640246b2e20a1e5e39f3a5ad671638a5c34b591b99768,2026-05-02 09:19:26,0xd8d0ca31a71735e562b621c7d8af47709b0761c630fcd0deb32f35542241c135,eth-updown-5m-1777702500
"Bitcoin Up or Down - May 2, 2:15AM-2:30AM ET",Down,BUY,12,0.2859,0x774b9dd52646fcfe48b6f0943daece03cf2d108cfdea72b80f92a816dbc32c49,2026-05-02 09:19:26,0x2f4e13284a08139702e8d8afdc0e2b0a290bfb96900f6dd341ed88cab1f9bc05,btc-updown-15m-1777702500
"Bitcoin Up or Down - May 2, 2:15AM-2:20AM ET",Down,BUY,89.1,0.020561167227833896,0xacfda23132bef7f4267edf687cddeef7a24ce92427fc77952594a7b250b770d1,2026-05-02 09:19:26,0x97ba85c065cee0df41d9c79b9451202b8a2dc3d8767c92fc6f17e88a35afb609,btc-updown-5m-1777702500
"Ethereum Up or Down - May 2, 2:15AM-2:20AM ET",Down,BUY,31,0.07,0xa27fd308e23b5c62ba8640246b2e20a1e5e39f3a5ad671638a5c34b591b99768,2026-05-02 09:19:04,0x7532af19036def66e9675137f9c130614a1d4100b20cd03e7f0b25ff3a687936,eth-updown-5m-1777702500
"Bitcoin Up or Down - May 2, 2:15AM-2:30AM ET",Down,BUY,13,0.24,0x774b9dd52646fcfe48b6f0943daece03cf2d108cfdea72b80f92a816dbc32c49,2026-05-02 09:18:34,0x2b4598716239396c9a14912102ecc5256968f0445964004ea6e1a5cdefbdc28d,btc-updown-15m-1777702500
"Ethereum Up or Down - May 2, 2:15AM-2:20AM ET",Up,BUY,34,0.9091176470588235,0xa27fd308e23b5c62ba8640246b2e20a1e5e39f3a5ad671638a5c34b591b99768,2026-05-02 09:18:26,0x98467ce0d2592c5fdb124e92141bdc68508fe59a6f3bdcb3835647ed7a9d2199,eth-updown-5m-1777702500
"Ethereum Up or Down - May 2, 2:15AM-2:20AM ET",Up,BUY,22,0.82245,0xa27fd308e23b5c62ba8640246b2e20a1e5e39f3a5ad671638a5c34b591b99768,2026-05-02 09:17:58,0x265056763c37064feedba49b265e947d697a4910282f5b38126f862ae5fbfeb0,eth-updown-5m-1777702500
"Bitcoin Up or Down - May 2, 2:15AM-2:20AM ET",Up,BUY,177,0.94,0xacfda23132bef7f4267edf687cddeef7a24ce92427fc77952594a7b250b770d1,2026-05-02 09:17:58,0x5ece03517edcf22f84be2aa5f983efb4e5229f6f198683be4b3b396c0de312cd,btc-updown-5m-1777702500
"Bitcoin Up or Down - May 2, 2AM ET",Up,BUY,6,0.66,0x5d72cc86e77c6df3dbff798bd06aefd2fa897df319de30db383dd67a3d6be2de,2026-05-02 09:17:58,0x8af437dce2db542127059d061bd313098bafcbbef883a648e5b904141e605c49,bitcoin-up-or-down-may-2-2026-2am-et
"Bitcoin Up or Down - May 2, 2:15AM-2:20AM ET",Up,BUY,86.86,0.9225569882569652,0xacfda23132bef7f4267edf687cddeef7a24ce92427fc77952594a7b250b770d1,2026-05-02 09:17:58,0x5eb9025daeaefa5db8ac4eb04831893d442f90e66d3b9cf614f4c08c4e5a7c0b,btc-updown-5m-1777702500
"Ethereum Up or Down - May 2, 2:15AM-2:20AM ET",Up,BUY,24,0.82,0xa27fd308e23b5c62ba8640246b2e20a1e5e39f3a5ad671638a5c34b591b99768,2026-05-02 09:17:58,0x330bb1044beab348048b5e02dccb59ce84be4382f463155e23660cc6c1a705dc,eth-updown-5m-1777702500
"Bitcoin Up or Down - May 2, 2:15AM-2:30AM ET",Up,BUY,14,0.6803357142857143,0x774b9dd52646fcfe48b6f0943daece03cf2d108cfdea72b80f92a816dbc32c49,2026-05-02 09:17:58,0xf7af7420dcdcc6fcbee4aaa7a9121c9466d8e9ebd2d64d6a151ca58a215967d2,btc-updown-15m-1777702500
"Ethereum Up or Down - May 2, 2:15AM-2:20AM ET",Up,BUY,21,0.81,0xa27fd308e23b5c62ba8640246b2e20a1e5e39f3a5ad671638a5c34b591b99768,2026-05-02 09:17:58,0xe45a39198197fa2add0c33e43584605c902fe866a11215d85e8b53c441c798f8,eth-updown-5m-1777702500
"Bitcoin Up or Down - May 2, 2:15AM-2:30AM ET",Up,BUY,14,0.68,0x774b9dd52646fcfe48b6f0943daece03cf2d108cfdea72b80f92a816dbc32c49,2026-05-02 09:17:58,0xf9aa7758ad864a20486dfccb5f8b825c45544f4bf3d6046a8f22a33c6434f558,btc-updown-15m-1777702500
"Bitcoin Up or Down - May 2, 2:15AM-2:30AM ET",Up,BUY,12,0.68,0x774b9dd52646fcfe48b6f0943daece03cf2d108cfdea72b80f92a816dbc32c49,2026-05-02 09:17:58,0x206dfef1e75b254c9a91a3899d8e60e6679604c9b2acc6c28092c31881855ff6,btc-updown-15m-1777702500
"Ethereum Up or Down - May 2, 2:15AM-2:20AM ET",Up,BUY,19,0.81,0xa27fd308e23b5c62ba8640246b2e20a1e5e39f3a5ad671638a5c34b591b99768,2026-05-02 09:17:58,0x01668e528b70931bbb4f83af910d7b5f8abd17a41cfd733f2307fc0fabe00de1,eth-updown-5m-1777702500
"Ethereum Up or Down - May 2, 2:15AM-2:20AM ET",Up,BUY,6,0.74,0xa27fd308e23b5c62ba8640246b2e20a1e5e39f3a5ad671638a5c34b591b99768,2026-05-02 09:17:58,0xcde5dbf2570cef9026de9c0ab0cd1d09c1ef33569f24c03d90170a74607dfd38,eth-updown-5m-1777702500
"Bitcoin Up or Down - May 2, 2:15AM-2:30AM ET",Up,BUY,12,0.68,0x774b9dd52646fcfe48b6f0943daece03cf2d108cfdea72b80f92a816dbc32c49,2026-05-02 09:17:58,0x85345c90178579d4b4b878c71fcd8b95b945f27ab96f6f36f6d784f6ff204173,btc-updown-15m-1777702500
"Bitcoin Up or Down - May 2, 2:15AM-2:30AM ET",Up,BUY,11,0.68,0x774b9dd52646fcfe48b6f0943daece03cf2d108cfdea72b80f92a816dbc32c49,2026-05-02 09:17:58,0x95d9b38acbf2b6093d247421da1672d3d50231230c71319f836979f6bc55f74e,btc-updown-15m-1777702500
"Ethereum Up or Down - May 2, 2:15AM-2:20AM ET",Down,BUY,11,0.28,0xa27fd308e23b5c62ba8640246b2e20a1e5e39f3a5ad671638a5c34b591b99768,2026-05-02 09:17:06,0xd06d63e6508e24b392e0c2185a40f5b5f0b113b27679c4db5b3f4d0808372c03,eth-updown-5m-1777702500
"Ethereum Up or Down - May 2, 2:15AM-2:20AM ET",Down,BUY,11,0.28,0xa27fd308e23b5c62ba8640246b2e20a1e5e39f3a5ad671638a5c34b591b99768,2026-05-02 09:17:06,0xbec32f421278ccc6a491b672cf22b1725f028cd61d6486ebfb44e58ea9bf25a5,eth-updown-5m-1777702500
"Ethereum Up or Down - May 2, 2:15AM-2:20AM ET",Down,BUY,12,0.28,0xa27fd308e23b5c62ba8640246b2e20a1e5e39f3a5ad671638a5c34b591b99768,2026-05-02 09:17:04,0x9496e884b08aa5fb2bc953c8deddae46fec1929bf811bdc2bda64b0ea9554a0b,eth-updown-5m-1777702500
"Bitcoin Up or Down - May 2, 2:15AM-2:30AM ET",Down,BUY,11,0.36,0x774b9dd52646fcfe48b6f0943daece03cf2d108cfdea72b80f92a816dbc32c49,2026-05-02 09:17:04,0xe40a1a21f12370695c70a71e8250e1601815da2cb1531a845ef6c6cbde85cd81,btc-updown-15m-1777702500
"Bitcoin Up or Down - May 2, 2AM ET",Down,BUY,5,0.39,0x5d72cc86e77c6df3dbff798bd06aefd2fa897df319de30db383dd67a3d6be2de,2026-05-02 09:17:04,0x74bfca67e56439ef2d796e6ef743dd03162fbd72c0b282128d0ee9f33a043b86,bitcoin-up-or-down-may-2-2026-2am-et
"Bitcoin Up or Down - May 2, 2:15AM-2:20AM ET",Down,BUY,58,0.2,0xacfda23132bef7f4267edf687cddeef7a24ce92427fc77952594a7b250b770d1,2026-05-02 09:17:04,0x4e09b550a3fad0d92a02195f14e455e9d3894c1427892f6b4a72b18c0fd78630,btc-updown-5m-1777702500
"Bitcoin Up or Down - May 2, 2:15AM-2:20AM ET",Down,BUY,52,0.20565576923076923,0xacfda23132bef7f4267edf687cddeef7a24ce92427fc77952594a7b250b770d1,2026-05-02 09:17:04,0x9a78d361fa0e3afc0ee09e4695a9242ab0fa5353414039e1c1a1cf0ce2bb4630,btc-updown-5m-1777702500
"Ethereum Up or Down - May 2, 2:15AM-2:20AM ET",Up,BUY,12,0.71,0xa27fd308e23b5c62ba8640246b2e20a1e5e39f3a5ad671638a5c34b591b99768,2026-05-02 09:16:44,0xc711f0cfe13511165edb9d7bc30e0e2640fdf5595fe99bf59caf9c3d1e845395,eth-updown-5m-1777702500
"Bitcoin Up or Down - May 2, 2:15AM-2:20AM ET",Up,BUY,68,0.7855794117647059,0xacfda23132bef7f4267edf687cddeef7a24ce92427fc77952594a7b250b770d1,2026-05-02 09:16:44,0x4bb3a85607fbabeb0f8797d969d7a1e180773bcea9b7672e04c015245988677e,btc-updown-5m-1777702500
"Bitcoin Up or Down - May 2, 2:15AM-2:30AM ET",Up,BUY,11,0.66,0x774b9dd52646fcfe48b6f0943daece03cf2d108cfdea72b80f92a816dbc32c49,2026-05-02 09:16:44,0xc6965900d878e3c9712eaddb8a05edabf381a7d866122ef640ccae60d5d55c50,btc-updown-15m-1777702500
"Ethereum Up or Down - May 2, 2:15AM-2:20AM ET",Up,BUY,13,0.6922307692307692,0xa27fd308e23b5c62ba8640246b2e20a1e5e39f3a5ad671638a5c34b591b99768,2026-05-02 09:16:34,0x3a8cf89017362bdb5935ce2eb928a23d49d03ee856f7101e43f702e85de25bdd,eth-updown-5m-1777702500
"Ethereum Up or Down - May 2, 2:15AM-2:20AM ET",Up,BUY,12,0.69,0xa27fd308e23b5c62ba8640246b2e20a1e5e39f3a5ad671638a5c34b591b99768,2026-05-02 09:16:34,0xbe1a2e4946c50c54543bc001fd04c1ddf9a83951e80cda5e62d272a8330dd4df,eth-updown-5m-1777702500
"Ethereum Up or Down - May 2, 2:15AM-2:20AM ET",Up,BUY,12,0.68,0xa27fd308e23b5c62ba8640246b2e20a1e5e39f3a5ad671638a5c34b591b99768,2026-05-02 09:16:20,0x390aa557924d7d91ad628351429c8bb88d9556c181b8cb4516f4b18bc7c397a6,eth-updown-5m-1777702500
"Bitcoin Up or Down - May 2, 2:15AM-2:20AM ET",Down,BUY,47,0.24,0xacfda23132bef7f4267edf687cddeef7a24ce92427fc77952594a7b250b770d1,2026-05-02 09:16:14,0xfe93435e1eee0dad3f4e03e8be9d6d4f2fa272e1b2b20fc772f554bf3c5ce41e,btc-updown-5m-1777702500
"Bitcoin Up or Down - May 2, 2:15AM-2:30AM ET",Down,BUY,10,0.36,0x774b9dd52646fcfe48b6f0943daece03cf2d108cfdea72b80f92a816dbc32c49,2026-05-02 09:16:14,0x5ffbaed66eb8422022d398c44e3f2e33d3a82543f2cc50697310ae2bccf6ac30,btc-updown-15m-1777702500
"Bitcoin Up or Down - May 2, 2:15AM-2:20AM ET",Down,BUY,49,0.24,0xacfda23132bef7f4267edf687cddeef7a24ce92427fc77952594a7b250b770d1,2026-05-02 09:16:14,0xb6eb3fd03d692ee17088194fd6f0f3dfa4bbfb55b61654960d6d35a9336c7c63,btc-updown-5m-1777702500
"Bitcoin Up or Down - May 2, 2:15AM-2:30AM ET",Down,BUY,11,0.36,0x774b9dd52646fcfe48b6f0943daece03cf2d108cfdea72b80f92a816dbc32c49,2026-05-02 09:16:14,0x35fddd2829f35c17fcb9104181800e0ede5a02860aa7c7ebc7c404eb85659122,btc-updown-15m-1777702500
"Bitcoin Up or Down - May 2, 2AM ET",Down,BUY,5,0.39,0x5d72cc86e77c6df3dbff798bd06aefd2fa897df319de30db383dd67a3d6be2de,2026-05-02 09:16:14,0x3067f3a722eef0dce8fa2007574023297295f9fc4c3c54b08b5e8507507d1cbc,bitcoin-up-or-down-may-2-2026-2am-et
"Bitcoin Up or Down - May 2, 2:15AM-2:20AM ET",Down,BUY,50,0.24,0xacfda23132bef7f4267edf687cddeef7a24ce92427fc77952594a7b250b770d1,2026-05-02 09:16:14,0xabb852f40cf83116b470aae9874c08e5d417446966e497065fe74c71c74312bb,btc-updown-5m-1777702500
"Bitcoin Up or Down - May 2, 2:15AM-2:30AM ET",Down,BUY,11,0.36,0x774b9dd52646fcfe48b6f0943daece03cf2d108cfdea72b80f92a816dbc32c49,2026-05-02 09:16:14,0xb21b23fafe81010d03d9306ffa1083e2c5f852b08311f6f991769b8ff9fdc487,btc-updown-15m-1777702500
"Bitcoin Up or Down - May 2, 2:15AM-2:20AM ET",Down,BUY,52,0.23,0xacfda23132bef7f4267edf687cddeef7a24ce92427fc77952594a7b250b770d1,2026-05-02 09:16:14,0x22534dc5ea7bcadbbb286509703802f888adcb75454a7d2e4196e392357a9d31,btc-updown-5m-1777702500
"Bitcoin Up or Down - May 2, 2:15AM-2:20AM ET",Up,BUY,71,0.7940028169014085,0xacfda23132bef7f4267edf687cddeef7a24ce92427fc77952594a7b250b770d1,2026-05-02 09:16:06,0x76e3d6fc84a6565a16a69ba1f6e88064d5de99197dbaa6eb7b74586be97b7f87,btc-updown-5m-1777702500
"Bitcoin Up or Down - May 2, 2:15AM-2:30AM ET",Up,BUY,11,0.65,0x774b9dd52646fcfe48b6f0943daece03cf2d108cfdea72b80f92a816dbc32c49,2026-05-02 09:16:06,0x3b30fa09ad22908bb29b842b20bd6f4cf2f295b1caf4630ce570b49c8e81cc4f,btc-updown-15m-1777702500
"Bitcoin Up or Down - May 2, 2:15AM-2:20AM ET",Up,BUY,68,0.7898205882352941,0xacfda23132bef7f4267edf687cddeef7a24ce92427fc77952594a7b250b770d1,2026-05-02 09:16:06,0x6650c5d92101cbaa0834ca375d011ab08bd644b2d861c3664b8fd399c2f064c7,btc-updown-5m-1777702500
"Bitcoin Up or Down - May 2, 2:15AM-2:20AM ET",Up,BUY,60,0.79,0xacfda23132bef7f4267edf687cddeef7a24ce92427fc77952594a7b250b770d1,2026-05-02 09:16:06,0xa2b542b8b87920e721bcb0418ebbfcf218a5283f0a87dd4877c5cd0f8c0d90ac,btc-updown-5m-1777702500
"Bitcoin Up or Down - May 2, 2:15AM-2:30AM ET",Up,BUY,10,0.6,0x774b9dd52646fcfe48b6f0943daece03cf2d108cfdea72b80f92a816dbc32c49,2026-05-02 09:16:04,0x37c41ac02b91cd57da3e5a95beab781b4a0a68fc87cc411fd8b205f17a328017,btc-updown-15m-1777702500
"Ethereum Up or Down - May 2, 2:15AM-2:20AM ET",Up,BUY,19,0.7473684210526316,0xa27fd308e23b5c62ba8640246b2e20a1e5e39f3a5ad671638a5c34b591b99768,2026-05-02 09:16:04,0x39d9310bed3d35810b0c22f723c516f8eebffcac7151e0d07d30969f644a9ae0,eth-updown-5m-1777702500
"Ethereum Up or Down - May 2, 2:15AM-2:20AM ET",Up,BUY,18,0.7918833333333334,0xa27fd308e23b5c62ba8640246b2e20a1e5e39f3a5ad671638a5c34b591b99768,2026-05-02 09:16:04,0xe25577b3f344f5add5b744e55f1f5ac2d90354fec7527747a990e9d353c8008c,eth-updown-5m-1777702500
"Ethereum Up or Down - May 2, 2:15AM-2:20AM ET",Up,BUY,16,0.764375,0xa27fd308e23b5c62ba8640246b2e20a1e5e39f3a5ad671638a5c34b591b99768,2026-05-02 09:16:04,0xa79fc514d42e3821839c103e85173685afb5cb23d41e8ed539d150cb24b78616,eth-updown-5m-1777702500
"Ethereum Up or Down - May 2, 2:15AM-2:20AM ET",Up,BUY,10,0.57329,0xa27fd308e23b5c62ba8640246b2e20a1e5e39f3a5ad671638a5c34b591b99768,2026-05-02 09:16:04,0x3474267273ec240d079dc1095964f43031932a2361a7f5cba3551a25939d20ae,eth-updown-5m-1777702500
"Bitcoin Up or Down - May 2, 2:15AM-2:20AM ET",Up,BUY,52,0.7,0xacfda23132bef7f4267edf687cddeef7a24ce92427fc77952594a7b250b770d1,2026-05-02 09:15:52,0x2793b16c3b53ab79299710f2ad30e2747c24da366b8da766abae743a480aa45b,btc-updown-5m-1777702500
"Bitcoin Up or Down - May 2, 2:15AM-2:30AM ET",Up,BUY,10,0.57,0x774b9dd52646fcfe48b6f0943daece03cf2d108cfdea72b80f92a816dbc32c49,2026-05-02 09:15:52,0x046209c7ac9a6fa3336b49de6501c626515f20e82bd2acb120c5046123c2721a,btc-updown-15m-1777702500
"Bitcoin Up or Down - May 2, 2:15AM-2:20AM ET",Up,BUY,49,0.6946367346938775,0xacfda23132bef7f4267edf687cddeef7a24ce92427fc77952594a7b250b770d1,2026-05-02 09:15:52,0x87cb8ea3a4047f0e2fd65dceab8b401fe54048060e86eb5b2ebd8071dcb90dd0,btc-updown-5m-1777702500
"Ethereum Up or Down - May 2, 2:15AM-2:20AM ET",Up,BUY,10,0.51,0xa27fd308e23b5c62ba8640246b2e20a1e5e39f3a5ad671638a5c34b591b99768,2026-05-02 09:15:52,0xa049da6b5ecbb840cb3cb633d2b5debd9aa9d0d312535276dc08a96f3948ea34,eth-updown-5m-1777702500
"Ethereum Up or Down - May 2, 2:15AM-2:20AM ET",Up,BUY,10,0.51,0xa27fd308e23b5c62ba8640246b2e20a1e5e39f3a5ad671638a5c34b591b99768,2026-05-02 09:15:36,0x09485a9fe3db9b32561f1f6a842245b93cb8b0ed7f5c89f2b893dba8acb2ad24,eth-updown-5m-1777702500
"Ethereum Up or Down - May 2, 2:15AM-2:20AM ET",Up,BUY,10,0.5,0xa27fd308e23b5c62ba8640246b2e20a1e5e39f3a5ad671638a5c34b591b99768,2026-05-02 09:15:36,0x115062fc4d08bb849688d927db15148c86d6d006dd0cc656133cc6c1eebb21eb,eth-updown-5m-1777702500
"Bitcoin Up or Down - May 2, 2:15AM-2:20AM ET",Down,BUY,42,0.35450952380952383,0xacfda23132bef7f4267edf687cddeef7a24ce92427fc77952594a7b250b770d1,2026-05-02 09:15:18,0x4f0f35ff28fa57172eaaa6f7f7f0bea593a4cf707a88c036fc5b2d84dc2a2b85,btc-updown-5m-1777702500
"Ethereum Up or Down - May 2, 2:15AM-2:20AM ET",Down,BUY,10,0.47,0xa27fd308e23b5c62ba8640246b2e20a1e5e39f3a5ad671638a5c34b591b99768,2026-05-02 09:15:18,0x3051f01623b44ececc45319a933832392bb6bd8bec13d3eeaedd8df2ef9bb9a9,eth-updown-5m-1777702500
"Ethereum Up or Down - May 2, 2:15AM-2:20AM ET",Down,BUY,10,0.47,0xa27fd308e23b5c62ba8640246b2e20a1e5e39f3a5ad671638a5c34b591b99768,2026-05-02 09:15:18,0x10a95635d8859c664b63f51f5cff02992d714d5f392211622fdceb0495ff0b5c,eth-updown-5m-1777702500
"Bitcoin Up or Down - May 2, 2:15AM-2:30AM ET",Down,BUY,10,0.44,0x774b9dd52646fcfe48b6f0943daece03cf2d108cfdea72b80f92a816dbc32c49,2026-05-02 09:15:18,0xb73d732c870b207c5244c8d363f3b72cfd89c9d6cfb24997f5b93bdce0d0ac2b,btc-updown-15m-1777702500
"Bitcoin Up or Down - May 2, 2:15AM-2:30AM ET",Up,BUY,11,0.58,0x774b9dd52646fcfe48b6f0943daece03cf2d108cfdea72b80f92a816dbc32c49,2026-05-02 09:15:14,0xeb0c63e0cadbfb7042d115913ab99f1afb9eb6f09aad85a8f6954d5fb71c0630,btc-updown-15m-1777702500
"Bitcoin Up or Down - May 2, 2:15AM-2:20AM ET",Up,BUY,43,0.574553488372093,0xacfda23132bef7f4267edf687cddeef7a24ce92427fc77952594a7b250b770d1,2026-05-02 09:15:14,0x0a20f18ee2fb90edc7e4ca9c6e848638c3c6aa50009de5f27273834df1da6e76,btc-updown-5m-1777702500
"Bitcoin Up or Down - May 2, 2:15AM-2:20AM ET",Up,BUY,41,0.5517073170731708,0xacfda23132bef7f4267edf687cddeef7a24ce92427fc77952594a7b250b770d1,2026-05-02 09:15:14,0xbd83c86e44b6dfeeb24a6612d4bb5efa50cefa287e0a339c910cec1c3addb147,btc-updown-5m-1777702500
"Bitcoin Up or Down - May 2, 2:15AM-2:20AM ET",Up,BUY,41,0.5451219512195122,0xacfda23132bef7f4267edf687cddeef7a24ce92427fc77952594a7b250b770d1,2026-05-02 09:15:14,0x7b435009a69f6b1ddee6ea9a3f673e46c40da71aae61a6089078a3909abff0ce,btc-updown-5m-1777702500
"Bitcoin Up or Down - May 2, 2:15AM-2:20AM ET",Up,BUY,43,0.6102790697674418,0xacfda23132bef7f4267edf687cddeef7a24ce92427fc77952594a7b250b770d1,2026-05-02 09:15:14,0x541c747e6cf120e98264e7ac45361d0bd0224d3e624ac1ec807f5753d3d63cb5,btc-updown-5m-1777702500
"Bitcoin Up or Down - May 2, 2:15AM-2:30AM ET",Up,BUY,11,0.63,0x774b9dd52646fcfe48b6f0943daece03cf2d108cfdea72b80f92a816dbc32c49,2026-05-02 09:15:14,0x57b46427d4ced5a5e42c28656057c7e24efd9704050ab47ebca254c35aa1f233,btc-updown-15m-1777702500
"Bitcoin Up or Down - May 2, 2:15AM-2:30AM ET",Up,BUY,11,0.5908181818181818,0x774b9dd52646fcfe48b6f0943daece03cf2d108cfdea72b80f92a816dbc32c49,2026-05-02 09:15:14,0x37c667dd4fd6de9cc133e4e8ab3f2e41b6ee175971e01f335945e0c90cc66c84,btc-updown-15m-1777702500
"Bitcoin Up or Down - May 2, 2:15AM-2:20AM ET",Up,BUY,49,0.63,0xacfda23132bef7f4267edf687cddeef7a24ce92427fc77952594a7b250b770d1,2026-05-02 09:15:14,0xf277f05e9b46b782b4e9be22dfc487c4430c796017400739aaf0571279b9caf1,btc-updown-5m-1777702500
"Ethereum Up or Down - May 2, 2:15AM-2:20AM ET",Up,BUY,11,0.51,0xa27fd308e23b5c62ba8640246b2e20a1e5e39f3a5ad671638a5c34b591b99768,2026-05-02 09:15:14,0x04c27fc30100d5a4681061bccb05aa9d19b1073806c27a4ec0506126161e885d,eth-updown-5m-1777702500
"Ethereum Up or Down - May 2, 2:15AM-2:20AM ET",Up,BUY,10,0.50828,0xa27fd308e23b5c62ba8640246b2e20a1e5e39f3a5ad671638a5c34b591b99768,2026-05-02 09:15:14,0xf4b4c4fcd2319059ca9d652601d6e51e9a98157c05aca9c96acd379472841d3c,eth-updown-5m-1777702500
"Bitcoin Up or Down - May 2, 2:15AM-2:20AM ET",Up,BUY,47,0.6206936170212766,0xacfda23132bef7f4267edf687cddeef7a24ce92427fc77952594a7b250b770d1,2026-05-02 09:15:14,0x6b580d8e370d885f278b0038e7f9c5f2b07d8d5d8612da4e7811c1ae8ab23600,btc-updown-5m-1777702500
"Ethereum Up or Down - May 2, 2:15AM-2:20AM ET",Up,BUY,10,0.5,0xa27fd308e23b5c62ba8640246b2e20a1e5e39f3a5ad671638a5c34b591b99768,2026-05-02 09:15:14,0x0ef1f982eb0b94581da223265f5f1d36c2ba53b21a2c8c66ffa9a8e8e300c7c7,eth-updown-5m-1777702500
"Bitcoin Up or Down - May 2, 2:15AM-2:30AM ET",Up,BUY,11,0.6,0x774b9dd52646fcfe48b6f0943daece03cf2d108cfdea72b80f92a816dbc32c49,2026-05-02 09:15:14,0xf92b0c007a3ef9db5576dcfe328b342705444ff14f5ad684e402bec47d5d7b1c,btc-updown-15m-1777702500
"Bitcoin Up or Down - May 2, 12:00AM-4:00AM ET",Down,BUY,10,0.86,0xd0bd5c46fefa54a75eec1d0aab99cfbb8c167d8271d7fed1b36ba47530509e86,2026-05-02 09:15:12,0xeb54e043d3f1c735b4fb42c2957031fcc9d4cb27744f44ddd06a26f0209cf9c4,btc-updown-4h-1777694400
"Bitcoin Up or Down - May 2, 2:00AM-2:15AM ET",Down,BUY,20,0.55,0x7d896f3bf5efa0fb5d7e385491c89e8dcf533d7bfc39dc4c2d3e578dda5f9c1f,2026-05-02 09:15:12,0xe68ff7d501270e54069780c6155e03e81d5de7e14bda925b827f2c5e42b928c1,btc-updown-15m-1777701600
"Bitcoin Up or Down - May 2, 2AM ET",Down,BUY,5,0.43,0x5d72cc86e77c6df3dbff798bd06aefd2fa897df319de30db383dd67a3d6be2de,2026-05-02 09:15:12,0xe1c480224f7bdd3dec4fc8d2d3d496c719ccde63b167b34d5169d8e67aa7ad00,bitcoin-up-or-down-may-2-2026-2am-et
"Bitcoin Up or Down - May 2, 2AM ET",Down,BUY,5,0.43,0x5d72cc86e77c6df3dbff798bd06aefd2fa897df319de30db383dd67a3d6be2de,2026-05-02 09:15:12,0xb4bb9f5fd1089a44e518df8d565d284e19459945fcfd2e66d8f6165b8ceae83c,bitcoin-up-or-down-may-2-2026-2am-et
"Bitcoin Up or Down - May 2, 2:00AM-2:15AM ET",Down,BUY,24,0.5,0x7d896f3bf5efa0fb5d7e385491c89e8dcf533d7bfc39dc4c2d3e578dda5f9c1f,2026-05-02 09:15:12,0x21dcb49b691b8b0c2a6853bb0cbd1f12c8d6f3c8aad45429b40225972205c77f,btc-updown-15m-1777701600
"Bitcoin Up or Down - May 2, 2AM ET",Down,BUY,5,0.38,0x5d72cc86e77c6df3dbff798bd06aefd2fa897df319de30db383dd67a3d6be2de,2026-05-02 09:15:04,0xde864c1ad1341ee17f9596d1d59b70419f8c24bff31a114cefc91f7e79efbeb0,bitcoin-up-or-down-may-2-2026-2am-et
"Bitcoin Up or Down - May 2, 2AM ET",Down,BUY,5,0.43,0x5d72cc86e77c6df3dbff798bd06aefd2fa897df319de30db383dd67a3d6be2de,2026-05-02 09:15:04,0xccf1191200a68736e180173f7ac437d985aba8d43446d21071b78607a26c0fbf,bitcoin-up-or-down-may-2-2026-2am-et
"Bitcoin Up or Down - May 2, 2AM ET",Down,BUY,5,0.38,0x5d72cc86e77c6df3dbff798bd06aefd2fa897df319de30db383dd67a3d6be2de,2026-05-02 09:15:04,0xc289b97676ae9131dbcb193ff47433c1fd8c76e16f3fe35da86f8c3a865b2651,bitcoin-up-or-down-may-2-2026-2am-et
"Bitcoin Up or Down - May 2, 2AM ET",Down,BUY,5,0.38,0x5d72cc86e77c6df3dbff798bd06aefd2fa897df319de30db383dd67a3d6be2de,2026-05-02 09:15:04,0x62af90509f9610d44090837a66161ef786ebb66e28a2f8519ff0a1016911caf1,bitcoin-up-or-down-may-2-2026-2am-et
"Bitcoin Up or Down - May 2, 2AM ET",Up,BUY,5,0.56,0x5d72cc86e77c6df3dbff798bd06aefd2fa897df319de30db383dd67a3d6be2de,2026-05-02 09:15:02,0x69b73a907c5e934d90e8696b789b3d2ea0bf889312ec70e4641419712664c145,bitcoin-up-or-down-may-2-2026-2am-et
"Bitcoin Up or Down - May 2, 2AM ET",Down,BUY,3.56,0.31,0x5d72cc86e77c6df3dbff798bd06aefd2fa897df319de30db383dd67a3d6be2de,2026-05-02 09:14:02,0x9077bac9a476cd0de418620462fe974bbf7caa2df01822407e858d1fba84e4ea,bitcoin-up-or-down-may-2-2026-2am-et
"Bitcoin Up or Down - May 2, 2:10AM-2:15AM ET",Down,BUY,10,0.845,0x58f39bb6f452a6ecc752b6e77b1e7ebe242128e634e19df503f4a96adfb5aaaf,2026-05-02 09:13:58,0x39c15ac8e804eae6c22cd7a1a9eda112203762b06e724413b0808434091406ea,btc-updown-5m-1777702200
"Bitcoin Up or Down - May 2, 2:10AM-2:15AM ET",Down,BUY,39.06,0.82,0x58f39bb6f452a6ecc752b6e77b1e7ebe242128e634e19df503f4a96adfb5aaaf,2026-05-02 09:13:58,0x44f2a4907be7fa2d6264fe803ace660a795ad7f04593cf92bb5980c929876caa,btc-updown-5m-1777702200
"Bitcoin Up or Down - May 2, 2:10AM-2:15AM ET",Down,BUY,50,0.714996,0x58f39bb6f452a6ecc752b6e77b1e7ebe242128e634e19df503f4a96adfb5aaaf,2026-05-02 09:13:18,0xd188653f132c9e4de6f696f41828bd910c6acc69c415503be2fb7b36b645dc85,btc-updown-5m-1777702200
"Bitcoin Up or Down - May 2, 2:10AM-2:15AM ET",Down,BUY,55,0.7209927272727272,0x58f39bb6f452a6ecc752b6e77b1e7ebe242128e634e19df503f4a96adfb5aaaf,2026-05-02 09:12:54,0x1a5850f8471b761c370c178bf3422e58531ef3b40b80eae7f0b883f9f3a48c52,btc-updown-5m-1777702200
"Bitcoin Up or Down - May 2, 2AM ET",Down,BUY,6,0.29,0x5d72cc86e77c6df3dbff798bd06aefd2fa897df319de30db383dd67a3d6be2de,2026-05-02 09:12:54,0x982becacb15b61e4fa220d1531165075bada7ab18cd6825e0e629ea7ea4eb690,bitcoin-up-or-down-may-2-2026-2am-et
"Ethereum Up or Down - May 2, 2:10AM-2:15AM ET",Down,BUY,17,0.8063823529411764,0xcbf7dcedddcbd2460380648cbb5c47534c3edde61abfe12c62caef94db324687,2026-05-02 09:12:54,0x40b0df78c10e067a6e9845682db691367d2f46ad53203037f4ed1b173dd3026d,eth-updown-5m-1777702200
"Ethereum Up or Down - May 2, 2:10AM-2:15AM ET",Down,BUY,38,0.8274289473684211,0xcbf7dcedddcbd2460380648cbb5c47534c3edde61abfe12c62caef94db324687,2026-05-02 09:12:54,0x762eee97fb74f16dcfff4bf9fc41f465bab1554c8de0c99db5f9a9e792a85371,eth-updown-5m-1777702200
"Ethereum Up or Down - May 2, 2:10AM-2:15AM ET",Down,BUY,21,0.8155428571428571,0xcbf7dcedddcbd2460380648cbb5c47534c3edde61abfe12c62caef94db324687,2026-05-02 09:12:54,0x65ae4184e9ec425ae683394303f68c8f5a03c6b66d43096c121c551bc9f69fc8,eth-updown-5m-1777702200
"Bitcoin Up or Down - May 2, 2:10AM-2:15AM ET",Down,BUY,16,0.61,0x58f39bb6f452a6ecc752b6e77b1e7ebe242128e634e19df503f4a96adfb5aaaf,2026-05-02 09:12:54,0xc0304950eda34f933dbd9d08bce2d732ee7805a606127d5bd1d6df87d40ffd13,btc-updown-5m-1777702200
"Bitcoin Up or Down - May 2, 2:10AM-2:15AM ET",Down,BUY,45,0.59,0x58f39bb6f452a6ecc752b6e77b1e7ebe242128e634e19df503f4a96adfb5aaaf,2026-05-02 09:12:50,0xd31f04e47db967b619be1a1b8e7c30d09d2468511263b6dec3243f84bda59d5f,btc-updown-5m-1777702200
"Bitcoin Up or Down - May 2, 2:10AM-2:15AM ET",Down,BUY,42,0.59,0x58f39bb6f452a6ecc752b6e77b1e7ebe242128e634e19df503f4a96adfb5aaaf,2026-05-02 09:12:50,0x699ba119f5f77aacaccaf80bde62bc52698327e9b5302035d8ba94d2716ad255,btc-updown-5m-1777702200
"Ethereum Up or Down - May 2, 2:10AM-2:15AM ET",Up,BUY,10,0.235,0xcbf7dcedddcbd2460380648cbb5c47534c3edde61abfe12c62caef94db324687,2026-05-02 09:12:48,0x191e30bf3ba3eaa2520090e80eb78e04f33e59dab5a4c9eaa2598b18ff0f5c1f,eth-updown-5m-1777702200
"Ethereum Up or Down - May 2, 2:10AM-2:15AM ET",Down,BUY,5.05,0.8,0xcbf7dcedddcbd2460380648cbb5c47534c3edde61abfe12c62caef94db324687,2026-05-02 09:12:46,0xc23c990f23933e38c27d4f23e6de8f1ee244a3705206e2df03098a9267ed0c99,eth-updown-5m-1777702200
"Bitcoin Up or Down - May 2, 2:10AM-2:15AM ET",Down,BUY,42,0.5988095238095238,0x58f39bb6f452a6ecc752b6e77b1e7ebe242128e634e19df503f4a96adfb5aaaf,2026-05-02 09:12:34,0x35add37ab2bd00a6955573d42d00a6bd12a6c8169a1732c8719bd7488d7cfdb1,btc-updown-5m-1777702200
"Ethereum Up or Down - May 2, 2:10AM-2:15AM ET",Down,BUY,10.3,0.6905825242718446,0xcbf7dcedddcbd2460380648cbb5c47534c3edde61abfe12c62caef94db324687,2026-05-02 09:12:34,0x37835e4205936e91b565ce38648e1fc5acbe56b7e30309c7785cd7dd01459284,eth-updown-5m-1777702200
"Ethereum Up or Down - May 2, 2:10AM-2:15AM ET",Down,BUY,12,0.62125,0xcbf7dcedddcbd2460380648cbb5c47534c3edde61abfe12c62caef94db324687,2026-05-02 09:12:32,0x1c3e9717adcc6e015d713f93423b379d38c55fa80909679e252007a862291225,eth-updown-5m-1777702200
"Ethereum Up or Down - May 2, 2:10AM-2:15AM ET",Down,BUY,11,0.61,0xcbf7dcedddcbd2460380648cbb5c47534c3edde61abfe12c62caef94db324687,2026-05-02 09:12:32,0x75180c13234da13d6a986d48e8ce96700d2195985b211d83f4274563a9c4c2e6,eth-updown-5m-1777702200
"Ethereum Up or Down - May 2, 2:10AM-2:15AM ET",Up,BUY,11,0.37,0xcbf7dcedddcbd2460380648cbb5c47534c3edde61abfe12c62caef94db324687,2026-05-02 09:12:28,0xc26c69c52e2b4ca566cf3ced19c54b0f167eea741cf46e7c6d3c22e0810adcd9,eth-updown-5m-1777702200
"Ethereum Up or Down - May 2, 2:10AM-2:15AM ET",Up,BUY,11,0.35,0xcbf7dcedddcbd2460380648cbb5c47534c3edde61abfe12c62caef94db324687,2026-05-02 09:12:28,0xf1d123829e3bff0947b6027c73ce3b351c6e01d31aa3c986436b17adf303a58f,eth-updown-5m-1777702200
"Ethereum Up or Down - May 2, 2:10AM-2:15AM ET",Up,BUY,10,0.34,0xcbf7dcedddcbd2460380648cbb5c47534c3edde61abfe12c62caef94db324687,2026-05-02 09:12:26,0xf4a85da5b1329b9fa0b0435f67a9769181a5806fd49544a175aa169fa2c7cfdd,eth-updown-5m-1777702200
"Bitcoin Up or Down - May 2, 2:10AM-2:15AM ET",Up,BUY,40,0.45,0x58f39bb6f452a6ecc752b6e77b1e7ebe242128e634e19df503f4a96adfb5aaaf,2026-05-02 09:12:14,0x49c74952590633e8b76750f07522a38688e3dd3ca090c2b282b16467eba41189,btc-updown-5m-1777702200
"Bitcoin Up or Down - May 2, 2:10AM-2:15AM ET",Up,BUY,40,0.45,0x58f39bb6f452a6ecc752b6e77b1e7ebe242128e634e19df503f4a96adfb5aaaf,2026-05-02 09:12:14,0x38b3d9aa652e818006f6b19f841571077c7b7da3473b4f6b1b43fd0e679fd130,btc-updown-5m-1777702200
"Bitcoin Up or Down - May 2, 2:10AM-2:15AM ET",Down,BUY,40,0.483595,0x58f39bb6f452a6ecc752b6e77b1e7ebe242128e634e19df503f4a96adfb5aaaf,2026-05-02 09:12:02,0x15442a62a95167731ac2a1c66fbcf756bcf3f1b83431a863f787290ba05767d6,btc-updown-5m-1777702200
"Bitcoin Up or Down - May 2, 2:10AM-2:15AM ET",Down,BUY,40,0.47306,0x58f39bb6f452a6ecc752b6e77b1e7ebe242128e634e19df503f4a96adfb5aaaf,2026-05-02 09:12:02,0xfe0c66a911ac8ed5c3763d608d50897b6b45506ae41c3e1801cd4756d44b16c4,btc-updown-5m-1777702200
"Bitcoin Up or Down - May 2, 2:10AM-2:15AM ET",Down,BUY,40,0.48,0x58f39bb6f452a6ecc752b6e77b1e7ebe242128e634e19df503f4a96adfb5aaaf,2026-05-02 09:12:02,0x0ef198ef725a4200b08408daf50315327c794d7da83f63625ed36d8397e1cf64,btc-updown-5m-1777702200
"Bitcoin Up or Down - May 2, 2:10AM-2:15AM ET",Down,BUY,40,0.46,0x58f39bb6f452a6ecc752b6e77b1e7ebe242128e634e19df503f4a96adfb5aaaf,2026-05-02 09:12:02,0x2a1c5c1ece4cfd34bca25541e572d7b3d2fa86bb52529b64d1ed681d3cc1cffa,btc-updown-5m-1777702200
"Ethereum Up or Down - May 2, 2:00AM-2:15AM ET",Up,BUY,1317.68,0.99,0x57733182b50dff5eda6599b7fc02d3c09e0521903c7d7e0e461c9fd7085432aa,2026-05-02 09:11:46,0x19aa1ce8c6493e3c2179e16e03df479d14965611bd56750e50e1f1e8321d89dd,eth-updown-15m-1777701600
"Ethereum Up or Down - May 2, 2:10AM-2:15AM ET",Up,BUY,10,0.36,0xcbf7dcedddcbd2460380648cbb5c47534c3edde61abfe12c62caef94db324687,2026-05-02 09:11:16,0x2edec7608d7a7c4e8192441007bb00a268812ccfd8ce22d823deeff5a23689d5,eth-updown-5m-1777702200
"Ethereum Up or Down - May 2, 2:10AM-2:15AM ET",Up,BUY,10,0.36,0xcbf7dcedddcbd2460380648cbb5c47534c3edde61abfe12c62caef94db324687,2026-05-02 09:11:16,0x1c8b16395d8ec08f276a147c2371605c07bc5ce0c0defdb91f15b0642c8e5b9f,eth-updown-5m-1777702200
"Ethereum Up or Down - May 2, 2:10AM-2:15AM ET",Down,BUY,11,0.63,0xcbf7dcedddcbd2460380648cbb5c47534c3edde61abfe12c62caef94db324687,2026-05-02 09:11:00,0x55928bbbc2d2cd0fbc16b594529015293b483784823b80255615d657d6712196,eth-updown-5m-1777702200
"Ethereum Up or Down - May 2, 2:10AM-2:15AM ET",Down,BUY,10,0.6,0xcbf7dcedddcbd2460380648cbb5c47534c3edde61abfe12c62caef94db324687,2026-05-02 09:10:46,0x161da76561ce4f1241933b7729a8e5016aab1369e1d7a00bdad3ca96b7c0ee34,eth-updown-5m-1777702200
"Ethereum Up or Down - May 2, 2:10AM-2:15AM ET",Down,BUY,10,0.57,0xcbf7dcedddcbd2460380648cbb5c47534c3edde61abfe12c62caef94db324687,2026-05-02 09:10:40,0xadae93b52bddc8c77f6b4c322be0cc5ab9005c0a7dfd588db9f1d9e317e13b75,eth-updown-5m-1777702200
"Ethereum Up or Down - May 2, 2:10AM-2:15AM ET",Down,BUY,10,0.47,0xcbf7dcedddcbd2460380648cbb5c47534c3edde61abfe12c62caef94db324687,2026-05-02 09:10:24,0x39d2f8858ee3582ed006aeeee1d32cf90209689ccf5ec5d59a5d55c09d6c672b,eth-updown-5m-1777702200
"Bitcoin Up or Down - May 2, 2:10AM-2:15AM ET",Down,BUY,41,0.5513317073170731,0x58f39bb6f452a6ecc752b6e77b1e7ebe242128e634e19df503f4a96adfb5aaaf,2026-05-02 09:10:20,0x415277a33b3159cdad0faec00e0df01beba3e8ea4b53b903bd7f08ec277f8fb4,btc-updown-5m-1777702200
"Bitcoin Up or Down - May 2, 2:10AM-2:15AM ET",Up,BUY,40,0.45579,0x58f39bb6f452a6ecc752b6e77b1e7ebe242128e634e19df503f4a96adfb5aaaf,2026-05-02 09:10:18,0x8e9514d65be704c01169af684bcd72a354b93e59657ef69cfa7c17809b6bcea9,btc-updown-5m-1777702200
"Ethereum Up or Down - May 2, 2:10AM-2:15AM ET",Up,BUY,10,0.48,0xcbf7dcedddcbd2460380648cbb5c47534c3edde61abfe12c62caef94db324687,2026-05-02 09:10:18,0x6a00b6f9e583172bf61f12d719c1cad091c6d35ae688b7e6443f15233a296b54,eth-updown-5m-1777702200
"Ethereum Up or Down - May 2, 2:10AM-2:15AM ET",Up,BUY,10,0.48539,0xcbf7dcedddcbd2460380648cbb5c47534c3edde61abfe12c62caef94db324687,2026-05-02 09:10:18,0xa63a137af1b84cad032d9f7462d1a980cdd4f7d94c2c6b3a013371542ce0ad96,eth-updown-5m-1777702200
"Ethereum Up or Down - May 2, 2:05AM-2:10AM ET",Up,BUY,51,0.7,0x4a4d01f6da3f719c6548e4e817a980834925f096aba511fabb3fbb5c6311f57e,2026-05-02 09:10:06,0xfe3f4dcd11eeed86203023acef6223f40c0b950f74b4d00b83e4f8480ad3b5ac,eth-updown-5m-1777701900
"Ethereum Up or Down - May 2, 2:05AM-2:10AM ET",Down,BUY,26,0.09850769230769231,0x4a4d01f6da3f719c6548e4e817a980834925f096aba511fabb3fbb5c6311f57e,2026-05-02 09:09:42,0xc8e7331f9eb0ebc8282ffc676b57e4d2b7c616843c24645d63ce23c3b4149425,eth-updown-5m-1777701900
"Ethereum Up or Down - May 2, 2:05AM-2:10AM ET",Up,BUY,65,0.93,0x4a4d01f6da3f719c6548e4e817a980834925f096aba511fabb3fbb5c6311f57e,2026-05-02 09:09:38,0x0ac1362e212217fb89e26e2c6588e8279e46eb078e60426384f713174bb4f984,eth-updown-5m-1777701900
"Ethereum Up or Down - May 2, 2:05AM-2:10AM ET",Up,BUY,11.99,0.9077564637197665,0x4a4d01f6da3f719c6548e4e817a980834925f096aba511fabb3fbb5c6311f57e,2026-05-02 09:09:38,0x5b6c7a109283c14f667ea310fb224374935a5fef0f25921099d36cc8d680a91d,eth-updown-5m-1777701900
"Bitcoin Up or Down - May 2, 2:05AM-2:10AM ET",Up,BUY,139.42,0.05613254913211878,0x7fa802d151c67fcf4e8dac39e5e8e4034ce9a5f4ba1de3e9c08f6ec86f20378c,2026-05-02 09:09:38,0xefd8d2c1971a1011a215bb81584798cccdc74058f1dc395b280319b5ec1088d7,btc-updown-5m-1777701900
"Ethereum Up or Down - May 2, 2:05AM-2:10AM ET",Up,BUY,86,0.8969953488372093,0x4a4d01f6da3f719c6548e4e817a980834925f096aba511fabb3fbb5c6311f57e,2026-05-02 09:09:38,0xe12569da5745fb6d77fceeb48c5928ddc60c00376f52e2ec730d71c4fbf33774,eth-updown-5m-1777701900
"Ethereum Up or Down - May 2, 2:05AM-2:10AM ET",Up,BUY,44,0.89,0x4a4d01f6da3f719c6548e4e817a980834925f096aba511fabb3fbb5c6311f57e,2026-05-02 09:09:36,0x08ef9b25c3e7cfad01f1950fbdb302ea095084c561884cf6d24122f28874aecf,eth-updown-5m-1777701900
"Ethereum Up or Down - May 2, 2:05AM-2:10AM ET",Up,BUY,34,0.8896058823529411,0x4a4d01f6da3f719c6548e4e817a980834925f096aba511fabb3fbb5c6311f57e,2026-05-02 09:09:36,0xbb4c5ae085ab32039f2bf8231d0ae3566aeaea2300fff4e3eab42ee7596da958,eth-updown-5m-1777701900
"Ethereum Up or Down - May 2, 2:05AM-2:10AM ET",Up,BUY,26,0.88,0x4a4d01f6da3f719c6548e4e817a980834925f096aba511fabb3fbb5c6311f57e,2026-05-02 09:09:36,0xd863772019a73dd8745de2d21098306d5b28a8d1e91df80a3b91c46fdf6e1908,eth-updown-5m-1777701900
"Bitcoin Up or Down - May 2, 2:05AM-2:10AM ET",Up,BUY,88,0.10538181818181819,0x7fa802d151c67fcf4e8dac39e5e8e4034ce9a5f4ba1de3e9c08f6ec86f20378c,2026-05-02 09:08:52,0x0432afb2c7840efbf55db1af77246856d1b8671e33d8c2ae4355d964cb499556,btc-updown-5m-1777701900
"Bitcoin Up or Down - May 2, 2:05AM-2:10AM ET",Down,BUY,177,0.9337175141242938,0x7fa802d151c67fcf4e8dac39e5e8e4034ce9a5f4ba1de3e9c08f6ec86f20378c,2026-05-02 09:08:44,0xb00fe75dbaa71168c8c5cb446cc63f926d25608535d7606d59677404b309072c,btc-updown-5m-1777701900
"Bitcoin Up or Down - May 2, 2AM ET",Up,BUY,6,0.71,0x5d72cc86e77c6df3dbff798bd06aefd2fa897df319de30db383dd67a3d6be2de,2026-05-02 09:08:30,0x58bcea9de21d78ad3fb3a1692d02c7c96a27260dce58b2f51813f7ac0cf38344,bitcoin-up-or-down-may-2-2026-2am-et
"Ethereum Up or Down - May 2, 2:05AM-2:10AM ET",Up,BUY,3.79,0.6,0x4a4d01f6da3f719c6548e4e817a980834925f096aba511fabb3fbb5c6311f57e,2026-05-02 09:08:28,0x9d528b236273a2ce37142568d74f9800f5db28554b473605baa2079d9cb89892,eth-updown-5m-1777701900
"Ethereum Up or Down - May 2, 2:05AM-2:10AM ET",Up,BUY,10,0.515,0x4a4d01f6da3f719c6548e4e817a980834925f096aba511fabb3fbb5c6311f57e,2026-05-02 09:08:24,0x91df10b8ee111ef9d23b73d669a615939f83d94a6a737bff12d770e9e55b75fd,eth-updown-5m-1777701900
"Bitcoin Up or Down - May 2, 2:05AM-2:10AM ET",Down,BUY,510,0.967491568627451,0x7fa802d151c67fcf4e8dac39e5e8e4034ce9a5f4ba1de3e9c08f6ec86f20378c,2026-05-02 09:08:18,0x9576006b53b183645bbba7fc3a8b8ef6ab7697baa4de1a4e9d907d05d9d50249,btc-updown-5m-1777701900
"Bitcoin Up or Down - May 2, 2:05AM-2:10AM ET",Down,BUY,260,0.9523984615384615,0x7fa802d151c67fcf4e8dac39e5e8e4034ce9a5f4ba1de3e9c08f6ec86f20378c,2026-05-02 09:08:18,0x1f46787d61810e23a20fe9548b03a73a31bd272e77fd242bc573e39bebccd86f,btc-updown-5m-1777701900
"Ethereum Up or Down - May 2, 2:05AM-2:10AM ET",Down,BUY,9,0.47,0x4a4d01f6da3f719c6548e4e817a980834925f096aba511fabb3fbb5c6311f57e,2026-05-02 09:08:16,0x4dd96a9fb12e3132582e49fd185ea3e40caa09e24d99dfff03841bf64bbbf992,eth-updown-5m-1777701900
"Ethereum Up or Down - May 2, 2:05AM-2:10AM ET",Down,BUY,10,0.47,0x4a4d01f6da3f719c6548e4e817a980834925f096aba511fabb3fbb5c6311f57e,2026-05-02 09:08:16,0xd8a803ed5b222327638881af76438399dfe7fc93acc3c3cfe83b600ddffedb4c,eth-updown-5m-1777701900
"Ethereum Up or Down - May 2, 2:05AM-2:10AM ET",Down,BUY,5,0.33,0x4a4d01f6da3f719c6548e4e817a980834925f096aba511fabb3fbb5c6311f57e,2026-05-02 09:08:16,0x2c93b67e2739526e71cc1b33d0c0d9738b194f57b43c1ea48adbc388c3b9457e,eth-updown-5m-1777701900
"Ethereum Up or Down - May 2, 2:05AM-2:10AM ET",Down,BUY,10,0.31,0x4a4d01f6da3f719c6548e4e817a980834925f096aba511fabb3fbb5c6311f57e,2026-05-02 09:08:16,0x59b5c0f083e54cd2535fa0be1c90047fda23100b28e1dce0e534d064d29d1066,eth-updown-5m-1777701900
"Bitcoin Up or Down - May 2, 2:05AM-2:10AM ET",Down,BUY,260,0.9322953846153846,0x7fa802d151c67fcf4e8dac39e5e8e4034ce9a5f4ba1de3e9c08f6ec86f20378c,2026-05-02 09:08:14,0x72ae1bf75b62396e56fe9c6217cb10fafba380188e999dc843439fbc3340b29d,btc-updown-5m-1777701900
"Bitcoin Up or Down - May 2, 2:05AM-2:10AM ET",Down,BUY,95,0.8565052631578948,0x7fa802d151c67fcf4e8dac39e5e8e4034ce9a5f4ba1de3e9c08f6ec86f20378c,2026-05-02 09:08:14,0x5c9dd26bdc79836614f56cc66feec9010eb71ea38df3733e026a2d959804cd2c,btc-updown-5m-1777701900
"Bitcoin Up or Down - May 2, 2:05AM-2:10AM ET",Down,BUY,211,0.94,0x7fa802d151c67fcf4e8dac39e5e8e4034ce9a5f4ba1de3e9c08f6ec86f20378c,2026-05-02 09:08:14,0xf1dc70af66a21b399e99cf58b35743bd0090caa58f9c0ee06e09776c62bcc2ad,btc-updown-5m-1777701900
"Bitcoin Up or Down - May 2, 2:05AM-2:10AM ET",Down,BUY,70.05,0.806423982869379,0x7fa802d151c67fcf4e8dac39e5e8e4034ce9a5f4ba1de3e9c08f6ec86f20378c,2026-05-02 09:08:14,0xc42cf9af02c7345a36c88d1dcce83919d4140fcb6d6da39660aaf356bedc1cbb,btc-updown-5m-1777701900
"Bitcoin Up or Down - May 2, 2AM ET",Down,BUY,5,0.26,0x5d72cc86e77c6df3dbff798bd06aefd2fa897df319de30db383dd67a3d6be2de,2026-05-02 09:07:42,0x271ecc7fa58adaddedb8c54e6f841d15e8cb72a17657bd2d0f7d93b2f9ce59d3,bitcoin-up-or-down-may-2-2026-2am-et
"Ethereum Up or Down - May 2, 2:05AM-2:10AM ET",Down,BUY,14,0.22284285714285715,0x4a4d01f6da3f719c6548e4e817a980834925f096aba511fabb3fbb5c6311f57e,2026-05-02 09:07:42,0xeed1e4d088c058e6416b03409dce810671b045b1221b94a59c7b0b3f736f9ff1,eth-updown-5m-1777701900
"Bitcoin Up or Down - May 2, 2:05AM-2:10AM ET",Down,BUY,344,0.9164488372093024,0x7fa802d151c67fcf4e8dac39e5e8e4034ce9a5f4ba1de3e9c08f6ec86f20378c,2026-05-02 09:07:42,0xc99832750606f63032e0d54f9045c68e4ee98449f717716436ca0f989d3d4614,btc-updown-5m-1777701900
"Bitcoin Up or Down - May 2, 2:05AM-2:10AM ET",Down,BUY,20.08,0.795,0x7fa802d151c67fcf4e8dac39e5e8e4034ce9a5f4ba1de3e9c08f6ec86f20378c,2026-05-02 09:07:40,0xb4f7567964d772b23626c4d1ce82783d18e336d29d4b869045370f35990d3a93,btc-updown-5m-1777701900
"Ethereum Up or Down - May 2, 2:05AM-2:10AM ET",Up,BUY,28,0.88,0x4a4d01f6da3f719c6548e4e817a980834925f096aba511fabb3fbb5c6311f57e,2026-05-02 09:07:30,0x4620507f60314266253f3bc671bf9173c64b60dcd687f7ecb55aca3a61e35e68,eth-updown-5m-1777701900
"Bitcoin Up or Down - May 2, 2:05AM-2:10AM ET",Up,BUY,48,0.29,0x7fa802d151c67fcf4e8dac39e5e8e4034ce9a5f4ba1de3e9c08f6ec86f20378c,2026-05-02 09:07:20,0x347d54f7aab865e1b4431deeed795ef62283b7d782f1b215d54c2f160aca612e,btc-updown-5m-1777701900
"Ethereum Up or Down - May 2, 2:05AM-2:10AM ET",Down,BUY,15,0.16,0x4a4d01f6da3f719c6548e4e817a980834925f096aba511fabb3fbb5c6311f57e,2026-05-02 09:07:08,0x4c00c19688b973f3756b1f3da63031efbbfcef5d9e30b47689bafd1745c164e7,eth-updown-5m-1777701900
"Ethereum Up or Down - May 2, 2:05AM-2:10AM ET",Up,BUY,26,0.86,0x4a4d01f6da3f719c6548e4e817a980834925f096aba511fabb3fbb5c6311f57e,2026-05-02 09:07:04,0xa411443550cbafa527381093114f8947cab5be00f30121358f30b4a7be80ab5d,eth-updown-5m-1777701900
"Ethereum Up or Down - May 2, 2:05AM-2:10AM ET",Up,BUY,21,0.8535047619047619,0x4a4d01f6da3f719c6548e4e817a980834925f096aba511fabb3fbb5c6311f57e,2026-05-02 09:07:04,0x4c3de08a6867a441ac755efce366bdb3ca4c5372aadb005c3406911fa70ab4f8,eth-updown-5m-1777701900
"Ethereum Up or Down - May 2, 2:05AM-2:10AM ET",Down,BUY,15,0.16,0x4a4d01f6da3f719c6548e4e817a980834925f096aba511fabb3fbb5c6311f57e,2026-05-02 09:06:50,0x2903f6c7266e90da09b1173f0632d820826f5fedd421f91e2930590463c88242,eth-updown-5m-1777701900
"Ethereum Up or Down - May 2, 2:05AM-2:10AM ET",Down,BUY,7.98,0.14,0x4a4d01f6da3f719c6548e4e817a980834925f096aba511fabb3fbb5c6311f57e,2026-05-02 09:06:50,0x170c682afab4b7ecf8cfd636f412ee68ed39f6689de2c6d9c7e7bd11a134712c,eth-updown-5m-1777701900
"Ethereum Up or Down - May 2, 2:05AM-2:10AM ET",Down,BUY,19,0.13525263157894737,0x4a4d01f6da3f719c6548e4e817a980834925f096aba511fabb3fbb5c6311f57e,2026-05-02 09:06:50,0x7558581737a97ab4c5d842e1a71e70636f19f30ce4521c8d082c516dca19d5e0,eth-updown-5m-1777701900
"Ethereum Up or Down - May 2, 2:05AM-2:10AM ET",Down,BUY,19,0.11,0x4a4d01f6da3f719c6548e4e817a980834925f096aba511fabb3fbb5c6311f57e,2026-05-02 09:06:48,0x6af230f9750d1e3d03be8e32c55e2f70d295e2f6f29047f323f1e704a95481a4,eth-updown-5m-1777701900
"Ethereum Up or Down - May 2, 2:05AM-2:10AM ET",Down,BUY,22,0.11,0x4a4d01f6da3f719c6548e4e817a980834925f096aba511fabb3fbb5c6311f57e,2026-05-02 09:06:48,0x0be8275a5c6f3bd12e758beaa73c6c50fe94a866cc6fe473882e3bbd5eeb00d1,eth-updown-5m-1777701900
"Bitcoin Up or Down - May 2, 2:05AM-2:10AM ET",Down,BUY,11,0.5345454545454545,0x7fa802d151c67fcf4e8dac39e5e8e4034ce9a5f4ba1de3e9c08f6ec86f20378c,2026-05-02 09:06:48,0x0b49c32f08e28cc663a0d2bc02fc3fb9c58cc1104f1cce50e45745fd523ae4f9,btc-updown-5m-1777701900
"Bitcoin Up or Down - May 2, 2:05AM-2:10AM ET",Up,BUY,40,0.45,0x7fa802d151c67fcf4e8dac39e5e8e4034ce9a5f4ba1de3e9c08f6ec86f20378c,2026-05-02 09:06:34,0x2a78df5e1fdd18126f21558736a57839e2c099a7e4f822f2ef5d459e9c5cbe24,btc-updown-5m-1777701900
"Bitcoin Up or Down - May 2, 2:05AM-2:10AM ET",Up,BUY,40,0.45,0x7fa802d151c67fcf4e8dac39e5e8e4034ce9a5f4ba1de3e9c08f6ec86f20378c,2026-05-02 09:06:34,0xd14b4c81db228565cec57476f4cbedf5f898ac4f4dfa1348d80be129997ec44c,btc-updown-5m-1777701900
"Bitcoin Up or Down - May 2, 2:05AM-2:10AM ET",Up,BUY,40,0.45,0x7fa802d151c67fcf4e8dac39e5e8e4034ce9a5f4ba1de3e9c08f6ec86f20378c,2026-05-02 09:06:34,0x2bac2faef03a99b957420d37d06378ed3c795634db91d3bca2afdeaeacf8a97c,btc-updown-5m-1777701900
"Bitcoin Up or Down - May 2, 2:05AM-2:10AM ET",Up,BUY,40,0.47,0x7fa802d151c67fcf4e8dac39e5e8e4034ce9a5f4ba1de3e9c08f6ec86f20378c,2026-05-02 09:06:28,0xb2d1d8d034c4a047c33a0bdaf0cd1a4ae2642a1a3edaa3b202251cc53ccbe18e,btc-updown-5m-1777701900
"Ethereum Up or Down - May 2, 2:05AM-2:10AM ET",Up,BUY,21,0.83,0x4a4d01f6da3f719c6548e4e817a980834925f096aba511fabb3fbb5c6311f57e,2026-05-02 09:06:24,0xea9f6ddf993c040918b15381546848b54f71d799dfcd5562a02db578c41e9301,eth-updown-5m-1777701900
"Ethereum Up or Down - May 2, 2:05AM-2:10AM ET",Down,BUY,18,0.14,0x4a4d01f6da3f719c6548e4e817a980834925f096aba511fabb3fbb5c6311f57e,2026-05-02 09:06:12,0xc88b61f185aa3dc67d979721c3edc2497fa891f96c6031d448684afd749f7354,eth-updown-5m-1777701900
"Ethereum Up or Down - May 2, 2:05AM-2:10AM ET",Down,BUY,16,0.14340625,0x4a4d01f6da3f719c6548e4e817a980834925f096aba511fabb3fbb5c6311f57e,2026-05-02 09:06:10,0xf14d39778a1526fe789b6b067c39bc6d22383148e9ad63c1a2016045356271b9,eth-updown-5m-1777701900
"Ethereum Up or Down - May 2, 2:05AM-2:10AM ET",Down,BUY,17,0.14,0x4a4d01f6da3f719c6548e4e817a980834925f096aba511fabb3fbb5c6311f57e,2026-05-02 09:06:10,0x02eaf30314ab9fdf0be824f083b40e76959c2767ac138214c574ab2a028a5e1f,eth-updown-5m-1777701900
"Ethereum Up or Down - May 2, 2:05AM-2:10AM ET",Up,BUY,21,0.86,0x4a4d01f6da3f719c6548e4e817a980834925f096aba511fabb3fbb5c6311f57e,2026-05-02 09:06:08,0x0c256e8048757850920b9c4127e817edfc6c5c89ea8e7a1f2f9f39bde0d64482,eth-updown-5m-1777701900
"Ethereum Up or Down - May 2, 2:05AM-2:10AM ET",Up,BUY,10.19,0.85,0x4a4d01f6da3f719c6548e4e817a980834925f096aba511fabb3fbb5c6311f57e,2026-05-02 09:06:08,0x5aed917fefab4022ce3e1fa9be258da4abe35de57353a22104215045a7f5530d,eth-updown-5m-1777701900
"Bitcoin Up or Down - May 2, 2:05AM-2:10AM ET",Up,BUY,50,0.691,0x7fa802d151c67fcf4e8dac39e5e8e4034ce9a5f4ba1de3e9c08f6ec86f20378c,2026-05-02 09:05:50,0xdcee464b9163e67c2a9c2b7ba8a3a6b12335251c4a964dc928cbb45b90772f00,btc-updown-5m-1777701900
"Bitcoin Up or Down - May 2, 2:05AM-2:10AM ET",Up,BUY,45,0.59,0x7fa802d151c67fcf4e8dac39e5e8e4034ce9a5f4ba1de3e9c08f6ec86f20378c,2026-05-02 09:05:34,0x7ce211b7e2b397f8f6a17bcb51817f534b6a5f807287b5a9a76e0edcac3b709a,btc-updown-5m-1777701900
"Bitcoin Up or Down - May 2, 2:05AM-2:10AM ET",Up,BUY,41,0.5316682926829268,0x7fa802d151c67fcf4e8dac39e5e8e4034ce9a5f4ba1de3e9c08f6ec86f20378c,2026-05-02 09:05:32,0x2a8adfbfb7a30caf6c9cccdd1a1f7478e06832cc240026f6c4b6d1494c1a5a13,btc-updown-5m-1777701900
"Bitcoin Up or Down - May 2, 2:05AM-2:10AM ET",Up,BUY,40,0.51444,0x7fa802d151c67fcf4e8dac39e5e8e4034ce9a5f4ba1de3e9c08f6ec86f20378c,2026-05-02 09:05:32,0x0813f5f7cb39644673e3f466cda5a0da9b8c5426d07aa44b3f113d7c54cfe0ff,btc-updown-5m-1777701900
"Ethereum Up or Down - May 2, 2:05AM-2:10AM ET",Up,BUY,12,0.68,0x4a4d01f6da3f719c6548e4e817a980834925f096aba511fabb3fbb5c6311f57e,2026-05-02 09:05:30,0xa8f04e60e99d170ed3fcb1f38eecd58b8b60a4f969657125e127750fc37df116,eth-updown-5m-1777701900
"Ethereum Up or Down - May 2, 2:05AM-2:10AM ET",Up,BUY,12,0.68,0x4a4d01f6da3f719c6548e4e817a980834925f096aba511fabb3fbb5c6311f57e,2026-05-02 09:05:30,0xef67cf1f7eae013f05d1ff668a72559b9e570f98e31ae104c7aae69252eeb8f7,eth-updown-5m-1777701900
"Bitcoin Up or Down - May 2, 2:05AM-2:10AM ET",Up,BUY,40,0.49,0x7fa802d151c67fcf4e8dac39e5e8e4034ce9a5f4ba1de3e9c08f6ec86f20378c,2026-05-02 09:05:30,0x03365919b01ed69cb7927f53daf1154b96c74f351c87176768e66367b28a9fbf,btc-updown-5m-1777701900
"Ethereum Up or Down - May 2, 2:05AM-2:10AM ET",Up,BUY,21,0.8,0x4a4d01f6da3f719c6548e4e817a980834925f096aba511fabb3fbb5c6311f57e,2026-05-02 09:05:30,0xdd247a9e30723c50bd99664b7eaf5018fc3ff8a00813c780d9d8b64cb8dd6db5,eth-updown-5m-1777701900
"Ethereum Up or Down - May 2, 2:05AM-2:10AM ET",Up,BUY,17,0.742,0x4a4d01f6da3f719c6548e4e817a980834925f096aba511fabb3fbb5c6311f57e,2026-05-02 09:05:30,0xbf860b9348f5a6b69bcfd4b2d29357ea94b7083d14606930259f808b95a626f7,eth-updown-5m-1777701900
"Ethereum Up or Down - May 2, 2:05AM-2:10AM ET",Up,BUY,22,0.8,0x4a4d01f6da3f719c6548e4e817a980834925f096aba511fabb3fbb5c6311f57e,2026-05-02 09:05:30,0x0f8a90ce6e89f7b76060d902fdfa6269260a3f453cc1d60b0299a499a38021d6,eth-updown-5m-1777701900
"Ethereum Up or Down - May 2, 2:05AM-2:10AM ET",Up,BUY,7.94,0.79,0x4a4d01f6da3f719c6548e4e817a980834925f096aba511fabb3fbb5c6311f57e,2026-05-02 09:05:30,0xed07a6a61c3de6925311a5164d9c955df0417dbd39b8758d0bf56760bfccb488,eth-updown-5m-1777701900
"Bitcoin Up or Down - May 2, 2AM ET",Down,BUY,5,0.33,0x5d72cc86e77c6df3dbff798bd06aefd2fa897df319de30db383dd67a3d6be2de,2026-05-02 09:04:00,0xe56be336e18af8d4e42d4d8ccb76b62a87f1ddcbf5db24f87bb37b022ad575a1,bitcoin-up-or-down-may-2-2026-2am-et
"Bitcoin Up or Down - May 2, 2:00AM-2:15AM ET",Down,BUY,24,0.1,0x7d896f3bf5efa0fb5d7e385491c89e8dcf533d7bfc39dc4c2d3e578dda5f9c1f,2026-05-02 09:04:00,0x6ed8149499b78a1d00c43794d7f17a47aae20e0bfbc0f128d30a49ed771230c5,btc-updown-15m-1777701600
"Bitcoin Up or Down - May 2, 2:00AM-2:05AM ET",Up,BUY,1619.03,0.99,0x04774a689600ec8b1a3465f4d74e47945e003d84d74cb96c3907ddfe368c55e8,2026-05-02 09:03:24,0x84d9fe256e9421f92b2ab95dbc0d60dfb344c0ea1a23e71e2afa602de23e91fd,btc-updown-5m-1777701600
"Bitcoin Up or Down - May 2, 2:00AM-2:15AM ET",Up,BUY,24,0.87,0x7d896f3bf5efa0fb5d7e385491c89e8dcf533d7bfc39dc4c2d3e578dda5f9c1f,2026-05-02 09:03:18,0xa804ff4e8261fd56b4687ca2dcc4dd242efede04cd4c80e0b8b8a8116a9c5fce,btc-updown-15m-1777701600
"Ethereum Up or Down - May 2, 2:00AM-2:05AM ET",Up,BUY,5,0.86,0x25fb0af9c4c5f5587f7c5def44a8a9077249d70a6b018e521f061da412ebbd46,2026-05-02 09:01:32,0xf472d14038408b9f07ef6cd16830ceafcfdf4897dad8057d03e7d2f6e0fa13b5,eth-updown-5m-1777701600
"Bitcoin Up or Down - May 2, 2:00AM-2:05AM ET",Up,BUY,66.84,0.8098803111909036,0x04774a689600ec8b1a3465f4d74e47945e003d84d74cb96c3907ddfe368c55e8,2026-05-02 09:01:10,0xf3355a125c88a40e07f4fc97b8eba5e393b01a0e4df8e0129d5044ddac312b83,btc-updown-5m-1777701600
"Ethereum Up or Down - May 2, 2:00AM-2:05AM ET",Up,BUY,16,0.77,0x25fb0af9c4c5f5587f7c5def44a8a9077249d70a6b018e521f061da412ebbd46,2026-05-02 09:01:06,0x886efb31c1aa378a7abc871f0389076f59042396968f3fc2b20b779d3dcaef9a,eth-updown-5m-1777701600
"Bitcoin Up or Down - May 2, 2:00AM-2:05AM ET",Up,BUY,63,0.77,0x04774a689600ec8b1a3465f4d74e47945e003d84d74cb96c3907ddfe368c55e8,2026-05-02 09:01:04,0x6571c71ba5496d89b57fb79e112d5a64efc8191a0e529d0145b4cfe4ecf80553,btc-updown-5m-1777701600
"Bitcoin Up or Down - May 2, 2:00AM-2:15AM ET",Up,BUY,11,0.67,0x7d896f3bf5efa0fb5d7e385491c89e8dcf533d7bfc39dc4c2d3e578dda5f9c1f,2026-05-02 09:00:52,0x343ebc59d88091ebf844b8a9a176f2ae2d6953fa716709831883628d4e6b9428,btc-updown-15m-1777701600
"Bitcoin Up or Down - May 2, 2:00AM-2:05AM ET",Up,BUY,65,0.76,0x04774a689600ec8b1a3465f4d74e47945e003d84d74cb96c3907ddfe368c55e8,2026-05-02 09:00:52,0x339f32e7c330dd0ac11428d873ecb94dc47551c124c839cf5d0d059a6917c81a,btc-updown-5m-1777701600
"Bitcoin Up or Down - May 2, 2:00AM-2:15AM ET",Down,BUY,11,0.35,0x7d896f3bf5efa0fb5d7e385491c89e8dcf533d7bfc39dc4c2d3e578dda5f9c1f,2026-05-02 09:00:50,0x12e0d906901fb92b6a1531cc1d39d73ddf5e04f6f6a02986127d2f8192af2306,btc-updown-15m-1777701600
"Bitcoin Up or Down - May 2, 2:00AM-2:05AM ET",Down,BUY,51,0.23901960784313725,0x04774a689600ec8b1a3465f4d74e47945e003d84d74cb96c3907ddfe368c55e8,2026-05-02 09:00:48,0x1560b28375a5f6b5f5a2a58e5bad39e78ff7d8f6ca60cd8cc560c7096a7ce9b4,btc-updown-5m-1777701600
"Bitcoin Up or Down - May 2, 2:00AM-2:15AM ET",Up,BUY,12,0.68,0x7d896f3bf5efa0fb5d7e385491c89e8dcf533d7bfc39dc4c2d3e578dda5f9c1f,2026-05-02 09:00:46,0xc098cce93d62bf57f4f4405cc42133ef015549508219eb385032a4d509e03dcb,btc-updown-15m-1777701600
"Bitcoin Up or Down - May 2, 2:00AM-2:15AM ET",Down,BUY,11,0.32545454545454544,0x7d896f3bf5efa0fb5d7e385491c89e8dcf533d7bfc39dc4c2d3e578dda5f9c1f,2026-05-02 09:00:46,0xf47d4c8731407d851809a6fa3a03dcef16e21c2559baa670afa0502adac2fd6f,btc-updown-15m-1777701600
"Bitcoin Up or Down - May 2, 2AM ET",Down,BUY,5,0.46,0x5d72cc86e77c6df3dbff798bd06aefd2fa897df319de30db383dd67a3d6be2de,2026-05-02 09:00:46,0x2bcf880c6d2b8345dc15c76f677e4e84c7ffb8e70aa44b8b7f3afc00beb2bd7c,bitcoin-up-or-down-may-2-2026-2am-et
"Bitcoin Up or Down - May 2, 2:00AM-2:15AM ET",Down,BUY,11,0.33,0x7d896f3bf5efa0fb5d7e385491c89e8dcf533d7bfc39dc4c2d3e578dda5f9c1f,2026-05-02 09:00:46,0x9f2f0938e1c497724b1e2dea77134fe7a531a7a1600e0429fee3229c2f4c6597,btc-updown-15m-1777701600
"Bitcoin Up or Down - May 2, 2:00AM-2:15AM ET",Down,BUY,11,0.33,0x7d896f3bf5efa0fb5d7e385491c89e8dcf533d7bfc39dc4c2d3e578dda5f9c1f,2026-05-02 09:00:46,0x71cacb87fb18bf820f713869417c433dbdc0253c5091f74d9eaca6a07157d498,btc-updown-15m-1777701600
"Bitcoin Up or Down - May 2, 2:00AM-2:05AM ET",Down,BUY,51,0.22,0x04774a689600ec8b1a3465f4d74e47945e003d84d74cb96c3907ddfe368c55e8,2026-05-02 09:00:46,0x0fada7742d6c54acfc1d06ed113d3e8edc12312d9e8996f5e62bff6f7b44372c,btc-updown-5m-1777701600
"Bitcoin Up or Down - May 2, 2:00AM-2:05AM ET",Down,BUY,53,0.23,0x04774a689600ec8b1a3465f4d74e47945e003d84d74cb96c3907ddfe368c55e8,2026-05-02 09:00:46,0xa868efac1bbf09f7f00673ebd2be6d3ceb8d53e6164c614270dbd5b3330c7f44,btc-updown-5m-1777701600
"Bitcoin Up or Down - May 2, 2:00AM-2:05AM ET",Down,BUY,58,0.21,0x04774a689600ec8b1a3465f4d74e47945e003d84d74cb96c3907ddfe368c55e8,2026-05-02 09:00:46,0x26768bc63c58b2a379db45dcdbe210049742ac9c74e78afd9e1ca111b2204474,btc-updown-5m-1777701600
"Ethereum Up or Down - May 2, 2:00AM-2:05AM ET",Up,BUY,11,0.61,0x25fb0af9c4c5f5587f7c5def44a8a9077249d70a6b018e521f061da412ebbd46,2026-05-02 09:00:44,0xe43caf14022599f67b7d6c99a6d8f9a5c9f58850dc4ef1431fb53b977eb90f3f,eth-updown-5m-1777701600
"Ethereum Up or Down - May 2, 2:00AM-2:05AM ET",Up,BUY,11,0.62,0x25fb0af9c4c5f5587f7c5def44a8a9077249d70a6b018e521f061da412ebbd46,2026-05-02 09:00:44,0xb54ef091ac5f5b168effcbdc94386333f4a60e13ddc5c01f34a6b61b84c50fc6,eth-updown-5m-1777701600
"Bitcoin Up or Down - May 2, 2:00AM-2:05AM ET",Up,BUY,56,0.7449428571428571,0x04774a689600ec8b1a3465f4d74e47945e003d84d74cb96c3907ddfe368c55e8,2026-05-02 09:00:38,0x980b8b72732cb4d558833daf1c08e47de09dd95a4e386c0d3772b4bdf0537581,btc-updown-5m-1777701600
"Bitcoin Up or Down - May 2, 2:00AM-2:05AM ET",Up,BUY,55,0.74,0x04774a689600ec8b1a3465f4d74e47945e003d84d74cb96c3907ddfe368c55e8,2026-05-02 09:00:38,0x736b8d374b88d9d27a2437736861672efccd9fa91db910bb2a28be0f23737832,btc-updown-5m-1777701600
"Bitcoin Up or Down - May 2, 2:00AM-2:05AM ET",Up,BUY,47,0.69,0x04774a689600ec8b1a3465f4d74e47945e003d84d74cb96c3907ddfe368c55e8,2026-05-02 09:00:30,0xdf55f5d067dc68e3946e36f8fb21321ff2a1a3ed4128847b94ff9f2f7d79980b,btc-updown-5m-1777701600
"Ethereum Up or Down - May 2, 2:00AM-2:05AM ET",Up,BUY,11,0.5775,0x25fb0af9c4c5f5587f7c5def44a8a9077249d70a6b018e521f061da412ebbd46,2026-05-02 09:00:28,0x286917ea5672a2967b0843313660711725fcf2861a7cf2e1346c08679824bdda,eth-updown-5m-1777701600
"Bitcoin Up or Down - May 2, 2:00AM-2:05AM ET",Up,BUY,44.18,0.6743617021276596,0x04774a689600ec8b1a3465f4d74e47945e003d84d74cb96c3907ddfe368c55e8,2026-05-02 09:00:28,0xb4349165e503be6df5ad83b1d1549df94873eeeb52c5b7f204cffe9ee874e850,btc-updown-5m-1777701600
"Ethereum Up or Down - May 2, 2:00AM-2:05AM ET",Up,BUY,10,0.57,0x25fb0af9c4c5f5587f7c5def44a8a9077249d70a6b018e521f061da412ebbd46,2026-05-02 09:00:26,0x6f21710a61534b757db03486a93530c1eea2f0c01d8874b416b8c417439993d5,eth-updown-5m-1777701600
"Ethereum Up or Down - May 2, 2:00AM-2:05AM ET",Down,BUY,8.56,0.45,0x25fb0af9c4c5f5587f7c5def44a8a9077249d70a6b018e521f061da412ebbd46,2026-05-02 09:00:22,0x101f6c8f58bce02048b61358440f0706b47e39d541401bb59bae2f79281472ff,eth-updown-5m-1777701600
"Bitcoin Up or Down - May 2, 2:00AM-2:15AM ET",Up,BUY,11,0.53,0x7d896f3bf5efa0fb5d7e385491c89e8dcf533d7bfc39dc4c2d3e578dda5f9c1f,2026-05-02 09:00:16,0xf201b3199f4dd48694c18db385cb1c578902e0b57135d8b4c9e20d9de885fd67,btc-updown-15m-1777701600
"Bitcoin Up or Down - May 2, 2:00AM-2:05AM ET",Up,BUY,60,0.68217,0x04774a689600ec8b1a3465f4d74e47945e003d84d74cb96c3907ddfe368c55e8,2026-05-02 09:00:16,0xeefeb99d63562157d7425427510bdb0a9f581aa45408f6eb165b99e84a7f7ce5,btc-updown-5m-1777701600
"Bitcoin Up or Down - May 2, 2:00AM-2:15AM ET",Up,BUY,10,0.53,0x7d896f3bf5efa0fb5d7e385491c89e8dcf533d7bfc39dc4c2d3e578dda5f9c1f,2026-05-02 09:00:16,0x11fbd668a266dbf28451dffea931bef4187d48933333976417f05e2cf010581a,btc-updown-15m-1777701600
"Bitcoin Up or Down - May 2, 2:00AM-2:05AM ET",Up,BUY,55,0.65,0x04774a689600ec8b1a3465f4d74e47945e003d84d74cb96c3907ddfe368c55e8,2026-05-02 09:00:16,0x4332246b4521b719a991408a0faba68fdf3073afd22ec8ff4dfaa40efac4b79c,btc-updown-5m-1777701600
"Bitcoin Up or Down - May 2, 2:00AM-2:15AM ET",Up,BUY,11,0.5472,0x7d896f3bf5efa0fb5d7e385491c89e8dcf533d7bfc39dc4c2d3e578dda5f9c1f,2026-05-02 09:00:16,0xaa88d25766fd6bcfd47eb98167f14fc41f86033eed83752b0d25efa32dcfcec6,btc-updown-15m-1777701600
"Bitcoin Up or Down - May 2, 2:00AM-2:15AM ET",Up,BUY,10,0.53,0x7d896f3bf5efa0fb5d7e385491c89e8dcf533d7bfc39dc4c2d3e578dda5f9c1f,2026-05-02 09:00:16,0xd763a0a3621aca108570ae77da199f7a78f9eab3c5a654a6f02deb31cd6f1cec,btc-updown-15m-1777701600
"Bitcoin Up or Down - May 2, 2:00AM-2:05AM ET",Up,BUY,58,0.6888741379310345,0x04774a689600ec8b1a3465f4d74e47945e003d84d74cb96c3907ddfe368c55e8,2026-05-02 09:00:16,0x63281058e66b5dc65105bf558f02b8d55911c3738c18d256f234d2aba9e638fa,btc-updown-5m-1777701600
"Bitcoin Up or Down - May 2, 2:00AM-2:05AM ET",Up,BUY,68,0.665,0x04774a689600ec8b1a3465f4d74e47945e003d84d74cb96c3907ddfe368c55e8,2026-05-02 09:00:16,0xb309fdb8225c4b42c893ba10d322202e262cd5643c1011288483e7b6dded90d4,btc-updown-5m-1777701600
"Bitcoin Up or Down - May 2, 2:00AM-2:15AM ET",Up,BUY,10,0.53,0x7d896f3bf5efa0fb5d7e385491c89e8dcf533d7bfc39dc4c2d3e578dda5f9c1f,2026-05-02 09:00:14,0xcee33b01e9246b33a02614d5c1a4f33509748f2d9196fe867967b9bad10e6468,btc-updown-15m-1777701600
"Bitcoin Up or Down - May 2, 2:00AM-2:05AM ET",Up,BUY,53,0.65,0x04774a689600ec8b1a3465f4d74e47945e003d84d74cb96c3907ddfe368c55e8,2026-05-02 09:00:04,0x31b30ee90bd5f3f8d6eaa07559e510e7a8897ef489bb5f4087ffe6967cb978e6,btc-updown-5m-1777701600
"Bitcoin Up or Down - May 2, 2AM ET",Up,BUY,5,0.46,0x5d72cc86e77c6df3dbff798bd06aefd2fa897df319de30db383dd67a3d6be2de,2026-05-02 09:00:04,0x1301a6d50f88856e93d65851d561dd2b6016fb0a84b9f6f11c9e6578e5fad1f7,bitcoin-up-or-down-may-2-2026-2am-et
"Bitcoin Up or Down - May 2, 2:00AM-2:15AM ET",Up,BUY,10,0.51,0x7d896f3bf5efa0fb5d7e385491c89e8dcf533d7bfc39dc4c2d3e578dda5f9c1f,2026-05-02 09:00:04,0x0e518da175ee2edba467b68feeb2f3bf56db174d2613178c39023306e577e644,btc-updown-15m-1777701600
"Bitcoin Up or Down - May 2, 2AM ET",Up,BUY,5,0.46,0x5d72cc86e77c6df3dbff798bd06aefd2fa897df319de30db383dd67a3d6be2de,2026-05-02 09:00:04,0xf6b47080116cd297cd612dfe17a7aaf150153718f019e58af510fe8c93afbb6c,bitcoin-up-or-down-may-2-2026-2am-et
"Bitcoin Up or Down - May 2, 2:00AM-2:15AM ET",Up,BUY,10,0.51,0x7d896f3bf5efa0fb5d7e385491c89e8dcf533d7bfc39dc4c2d3e578dda5f9c1f,2026-05-02 09:00:04,0x27f7a15e2526a548107c68de08279e574c809c53465d0d481d0a5fdfb9a9c011,btc-updown-15m-1777701600
"Bitcoin Up or Down - May 2, 2:00AM-2:05AM ET",Up,BUY,49,0.65,0x04774a689600ec8b1a3465f4d74e47945e003d84d74cb96c3907ddfe368c55e8,2026-05-02 09:00:04,0xa4fe226545a709c14080ab04fc0d9b9be9fdd13de3b4ad15788a537a3f0c1578,btc-updown-5m-1777701600
"Bitcoin Up or Down - May 2, 2:00AM-2:05AM ET",Up,BUY,48,0.65,0x04774a689600ec8b1a3465f4d74e47945e003d84d74cb96c3907ddfe368c55e8,2026-05-02 09:00:04,0x3d7126f8dc6c5747ec898d7264f3ff509e9a2441f626cb9bb4932d689fbbcc4b,btc-updown-5m-1777701600
"Bitcoin Up or Down - May 2, 2:00AM-2:15AM ET",Up,BUY,10,0.51,0x7d896f3bf5efa0fb5d7e385491c89e8dcf533d7bfc39dc4c2d3e578dda5f9c1f,2026-05-02 09:00:04,0x184c9b5a2e70efa179676e43aee8f63f0d6e51c5e3086b7dd7604a4c899eae6f,btc-updown-15m-1777701600
"Bitcoin Up or Down - May 2, 2:00AM-2:05AM ET",Up,BUY,47,0.62,0x04774a689600ec8b1a3465f4d74e47945e003d84d74cb96c3907ddfe368c55e8,2026-05-02 09:00:04,0x19413b343af62c807bc40e6e93432270d5ee4c6dcc7c77501ef42318e17f30d8,btc-updown-5m-1777701600
"Bitcoin Up or Down - May 2, 2:00AM-2:05AM ET",Up,BUY,43,0.62,0x04774a689600ec8b1a3465f4d74e47945e003d84d74cb96c3907ddfe368c55e8,2026-05-02 09:00:04,0x7a00e3e84c905c5db80b0d6442d036c2d6cd0d7cdffbbedcc754a3e74cb3c20e,btc-updown-5m-1777701600
"Ethereum Up or Down - May 2, 1:45AM-2:00AM ET",Down,BUY,5,0.8,0xaf6bb4aea66d7ccc49057d75d7a06e6be390cd218efa947cfbe8e42d37ebab53,2026-05-02 08:59:52,0x339ffa2e9e83df3206f5e65f7926eaa3e4354400dc89655e53af40f373745ce2,eth-updown-15m-1777700700
"Ethereum Up or Down - May 2, 1:55AM-2:00AM ET",Down,BUY,65,0.946343076923077,0x3e63f4eaa8929484fbb665307d136bffef743df1cfe64a4901237d850e5e5873,2026-05-02 08:59:38,0x30442a2a14550709b5d6f29ba0808fbd30e19da985a29cf75aef76fdab918627,eth-updown-5m-1777701300
"Ethereum Up or Down - May 2, 1:55AM-2:00AM ET",Down,BUY,44,0.9364681818181818,0x3e63f4eaa8929484fbb665307d136bffef743df1cfe64a4901237d850e5e5873,2026-05-02 08:59:38,0x187da4db94146aece006e2b7dff7d20280c6ceb78be90e4541d07aabfbf69950,eth-updown-5m-1777701300
"Ethereum Up or Down - May 2, 1:55AM-2:00AM ET",Up,BUY,15,0.12,0x3e63f4eaa8929484fbb665307d136bffef743df1cfe64a4901237d850e5e5873,2026-05-02 08:59:20,0x3b82467e7fba808f23ce8fb9bd9b4acaae9539a3b5e28012b50293219f34ba7a,eth-updown-5m-1777701300
"Ethereum Up or Down - May 2, 1:55AM-2:00AM ET",Up,BUY,20,0.12,0x3e63f4eaa8929484fbb665307d136bffef743df1cfe64a4901237d850e5e5873,2026-05-02 08:59:20,0x6aa5472af275319bb22b0624489a68001830cc91f6e4b3fdec9445ae93765018,eth-updown-5m-1777701300
"Ethereum Up or Down - May 2, 1:55AM-2:00AM ET",Up,BUY,16,0.12,0x3e63f4eaa8929484fbb665307d136bffef743df1cfe64a4901237d850e5e5873,2026-05-02 08:59:18,0x586e20724b1103b953489d6fd4d1d96a2759576414e5c76e336112ee0c7c5c01,eth-updown-5m-1777701300
"Ethereum Up or Down - May 2, 1:55AM-2:00AM ET",Up,BUY,17,0.11,0x3e63f4eaa8929484fbb665307d136bffef743df1cfe64a4901237d850e5e5873,2026-05-02 08:59:16,0x0f6dbc68f2b33e03e2597aef0442196b2b6926e6240666599e59bdc57a7cd700,eth-updown-5m-1777701300
"Ethereum Up or Down - May 2, 1:55AM-2:00AM ET",Up,BUY,21,0.11,0x3e63f4eaa8929484fbb665307d136bffef743df1cfe64a4901237d850e5e5873,2026-05-02 08:59:16,0x848451d2e2bd0e6ddb00c6a5de12003eb6da02419e35b9b5f19d136614d9f789,eth-updown-5m-1777701300
"Bitcoin Up or Down - May 2, 1:55AM-2:00AM ET",Down,BUY,102,0.76,0x9e24f94dcbe125c9469ad452f859ad98f70b46869a5f57dae035ed3a7563bbc7,2026-05-02 08:58:54,0x6a162918c7fb8244ad6bde71ada1f6adbf1e238237df821b282f5b5f557043e8,btc-updown-5m-1777701300
"Bitcoin Up or Down - May 2, 1:55AM-2:00AM ET",Down,BUY,58,0.76,0x9e24f94dcbe125c9469ad452f859ad98f70b46869a5f57dae035ed3a7563bbc7,2026-05-02 08:58:54,0xa7d2ccb2ab2b8528f8ee51069f9521e568ead39fd1a61fa69abf5f7c27dbbf8c,btc-updown-5m-1777701300
"Ethereum Up or Down - May 2, 1:55AM-2:00AM ET",Down,BUY,19,0.7857947368421052,0x3e63f4eaa8929484fbb665307d136bffef743df1cfe64a4901237d850e5e5873,2026-05-02 08:58:06,0x0fa1f89ab7debf02e8028418c9832733c20f3483e147b3f457a407d35ab69f44,eth-updown-5m-1777701300
"Bitcoin Up or Down - May 2, 1:55AM-2:00AM ET",Down,BUY,21.08,0.7583491461100569,0x9e24f94dcbe125c9469ad452f859ad98f70b46869a5f57dae035ed3a7563bbc7,2026-05-02 08:58:06,0x7c6bda6d8fd4322d43361d4fe662efcf97ca1726523a2a0ec5006c2fb709a823,btc-updown-5m-1777701300
"Bitcoin Up or Down - May 2, 1:55AM-2:00AM ET",Down,BUY,30,0.67,0x9e24f94dcbe125c9469ad452f859ad98f70b46869a5f57dae035ed3a7563bbc7,2026-05-02 08:58:06,0x1a5b566719fafe32360b6b0680330f47df20f92a1dbbcf91d1f407782ba358cd,btc-updown-5m-1777701300
"Ethereum Up or Down - May 2, 1:55AM-2:00AM ET",Down,BUY,14,0.6800285714285714,0x3e63f4eaa8929484fbb665307d136bffef743df1cfe64a4901237d850e5e5873,2026-05-02 08:57:48,0xbd8a57846946ea74fa51dffa8b826ff38652e859efba74dfd4dde23af5b5c83e,eth-updown-5m-1777701300
"Ethereum Up or Down - May 2, 1:55AM-2:00AM ET",Down,BUY,13,0.67,0x3e63f4eaa8929484fbb665307d136bffef743df1cfe64a4901237d850e5e5873,2026-05-02 08:57:48,0xa3e5b4f0008c6f8d75f5204ba6fb8fd5fa5e65958807d9be8fccbda131fd54e4,eth-updown-5m-1777701300
"Ethereum Up or Down - May 2, 1:55AM-2:00AM ET",Down,BUY,12,0.6475,0x3e63f4eaa8929484fbb665307d136bffef743df1cfe64a4901237d850e5e5873,2026-05-02 08:57:48,0x2f6e88bed537057ea7f8fc395dc2619ccd3810e3386b34c06dfb41055faf6c4d,eth-updown-5m-1777701300
"Ethereum Up or Down - May 2, 1:55AM-2:00AM ET",Down,BUY,11,0.63,0x3e63f4eaa8929484fbb665307d136bffef743df1cfe64a4901237d850e5e5873,2026-05-02 08:57:42,0x8486595795c1434028d3d9557c97d17eb92e6659498359cab97477fea7b96e3f,eth-updown-5m-1777701300
"Ethereum Up or Down - May 2, 1:55AM-2:00AM ET",Up,BUY,10,0.38,0x3e63f4eaa8929484fbb665307d136bffef743df1cfe64a4901237d850e5e5873,2026-05-02 08:57:40,0x5313ecd9b2e70fe2761cb8a0fa9dc9d294aff31dc1adc21c2cd6660655322573,eth-updown-5m-1777701300
"Bitcoin Up or Down - May 2, 1:55AM-2:00AM ET",Up,BUY,41,0.27,0x9e24f94dcbe125c9469ad452f859ad98f70b46869a5f57dae035ed3a7563bbc7,2026-05-02 08:57:38,0xdeb63658df55608008778cb9ddccf9182c4a8b902856ab848766eedc76931660,btc-updown-5m-1777701300
"Bitcoin Up or Down - May 2, 1:55AM-2:00AM ET",Up,BUY,49,0.27,0x9e24f94dcbe125c9469ad452f859ad98f70b46869a5f57dae035ed3a7563bbc7,2026-05-02 08:57:38,0x8d51dde00d4c7087fd826fd8b7fdf06d86082aee453513393e026c1ee95b9ed9,btc-updown-5m-1777701300
"Bitcoin Up or Down - May 2, 1:55AM-2:00AM ET",Up,BUY,40,0.3449175,0x9e24f94dcbe125c9469ad452f859ad98f70b46869a5f57dae035ed3a7563bbc7,2026-05-02 08:57:38,0x8a78acd4580105ae9cbe986091851f2b4a71d1ae294f5673333fc70d4d6b8d5e,btc-updown-5m-1777701300
"Bitcoin Up or Down - May 2, 1AM ET",Up,BUY,5,0.64,0x179416b8df07ed76a94dfed354f15998520740fe080d064a471a4ad2c416603a,2026-05-02 08:57:38,0x90dc3d60f480197ac89929cf7aaa6b76b3bad6a138959c6f5797d4aa69c20342,bitcoin-up-or-down-may-2-2026-1am-et
"Bitcoin Up or Down - May 2, 1:55AM-2:00AM ET",Up,BUY,41,0.321709756097561,0x9e24f94dcbe125c9469ad452f859ad98f70b46869a5f57dae035ed3a7563bbc7,2026-05-02 08:57:38,0xdbd9850816db8ff853e34de8ba58589b327a8fab5bbd469f6015c3d0a0118228,btc-updown-5m-1777701300
"Bitcoin Up or Down - May 2, 1:55AM-2:00AM ET",Up,BUY,45,0.30777777777777776,0x9e24f94dcbe125c9469ad452f859ad98f70b46869a5f57dae035ed3a7563bbc7,2026-05-02 08:57:38,0xc561047f073906ae9b43f9433bcfd38e1539d8e3746076b3472030662a46b01f,btc-updown-5m-1777701300
"Ethereum Up or Down - May 2, 1:55AM-2:00AM ET",Up,BUY,10,0.36134,0x3e63f4eaa8929484fbb665307d136bffef743df1cfe64a4901237d850e5e5873,2026-05-02 08:56:44,0xe797b5b9b4772b5bdbfd7a5720514692ab08bd04e312bd5e6a5a25f5c97a86ab,eth-updown-5m-1777701300
"Bitcoin Up or Down - May 2, 1:55AM-2:00AM ET",Up,BUY,48,0.29,0x9e24f94dcbe125c9469ad452f859ad98f70b46869a5f57dae035ed3a7563bbc7,2026-05-02 08:56:44,0x3b0b4a8da39c1ff230b1dd767cd154f49701863a3459968b722ca4322257b0bd,btc-updown-5m-1777701300
"Bitcoin Up or Down - May 2, 1:55AM-2:00AM ET",Down,BUY,60,0.77,0x9e24f94dcbe125c9469ad452f859ad98f70b46869a5f57dae035ed3a7563bbc7,2026-05-02 08:56:38,0x0ede2e2e21bf383745fa120c3374d121b4e0d194079fe4425854ef304c47522f,btc-updown-5m-1777701300
"Bitcoin Up or Down - May 2, 1:55AM-2:00AM ET",Down,BUY,58,0.77,0x9e24f94dcbe125c9469ad452f859ad98f70b46869a5f57dae035ed3a7563bbc7,2026-05-02 08:56:38,0xdc4398b4e142c2716a2e68c1432cc37b83847c2afd8f4fd8f1fa3601c83038d5,btc-updown-5m-1777701300
"Ethereum Up or Down - May 2, 1:55AM-2:00AM ET",Down,BUY,9,0.64,0x3e63f4eaa8929484fbb665307d136bffef743df1cfe64a4901237d850e5e5873,2026-05-02 08:56:36,0x707e7b1e117486e0941147190db9a2b8f138ed8e2d1dadb6a60c646333abb9c5,eth-updown-5m-1777701300
"Bitcoin Up or Down - May 2, 1AM ET",Down,BUY,5,0.38,0x179416b8df07ed76a94dfed354f15998520740fe080d064a471a4ad2c416603a,2026-05-02 08:56:36,0x6e79daabe2e08de972aba93b66186b2f5662977d21177097110852adb68afbda,bitcoin-up-or-down-may-2-2026-1am-et
"Ethereum Up or Down - May 2, 1:55AM-2:00AM ET",Down,BUY,11,0.64,0x3e63f4eaa8929484fbb665307d136bffef743df1cfe64a4901237d850e5e5873,2026-05-02 08:56:36,0x3dd9bd324cebf26945dd2379a1a1057387bac354be17e9fab612fbd3b0d6c661,eth-updown-5m-1777701300
"Bitcoin Up or Down - May 2, 1:45AM-2:00AM ET",Down,BUY,10,0.49,0x44fdd167f644eb7f17f3ea132b946e4903348f942d5019dd16b2fd7861c4f01a,2026-05-02 08:56:36,0x8c719e6f76ce855c9a1bd249512f57a46ca15338dff35f2cf8d87de1baa38267,btc-updown-15m-1777700700
"Bitcoin Up or Down - May 2, 1AM ET",Down,BUY,5,0.38,0x179416b8df07ed76a94dfed354f15998520740fe080d064a471a4ad2c416603a,2026-05-02 08:56:36,0x99e132c0978c6f070db395c5563bd4479f6aa272923b49bcef2916b9616fb1f3,bitcoin-up-or-down-may-2-2026-1am-et
"Bitcoin Up or Down - May 2, 1:45AM-2:00AM ET",Down,BUY,10,0.49,0x44fdd167f644eb7f17f3ea132b946e4903348f942d5019dd16b2fd7861c4f01a,2026-05-02 08:56:36,0xddd4569c2e7ed9d8aa4d8ac5a1247f47b15c9e2ac3b8272217b59959a4a08674,btc-updown-15m-1777700700
"Bitcoin Up or Down - May 2, 1:55AM-2:00AM ET",Down,BUY,49,0.69,0x9e24f94dcbe125c9469ad452f859ad98f70b46869a5f57dae035ed3a7563bbc7,2026-05-02 08:56:36,0xef6224cb4681050ff88c5130ccbcbfeb5159336ca9e9f799ee8cb373fcb20add,btc-updown-5m-1777701300
"Bitcoin Up or Down - May 2, 1AM ET",Down,BUY,5,0.38,0x179416b8df07ed76a94dfed354f15998520740fe080d064a471a4ad2c416603a,2026-05-02 08:56:36,0x2de9c98a0afe09ffeda6f4a0d21b1c0ab505d375a1058b6bd7d0d023c9a72b90,bitcoin-up-or-down-may-2-2026-1am-et
"Ethereum Up or Down - May 2, 1:55AM-2:00AM ET",Down,BUY,9.17,0.5554525627044711,0x3e63f4eaa8929484fbb665307d136bffef743df1cfe64a4901237d850e5e5873,2026-05-02 08:56:22,0x87d3e1a0dcee8d96682d20e48d2fcd57e5890662084c8bb12c903ad440cc2bc1,eth-updown-5m-1777701300
"Ethereum Up or Down - May 2, 1:55AM-2:00AM ET",Up,BUY,10,0.47476,0x3e63f4eaa8929484fbb665307d136bffef743df1cfe64a4901237d850e5e5873,2026-05-02 08:56:16,0x3d4a2e90ec274ee90aee3193491076abeff4a753dd449775068f6310cd213795,eth-updown-5m-1777701300
"Ethereum Up or Down - May 2, 1:55AM-2:00AM ET",Up,BUY,6.67,0.44,0x3e63f4eaa8929484fbb665307d136bffef743df1cfe64a4901237d850e5e5873,2026-05-02 08:56:16,0xbeab5baccdc3d1a687f9497d989b90f3a9f3631237b684326ee2a487416c3a06,eth-updown-5m-1777701300
"Bitcoin Up or Down - May 2, 1AM ET",Up,BUY,5,0.62,0x179416b8df07ed76a94dfed354f15998520740fe080d064a471a4ad2c416603a,2026-05-02 08:56:10,0xcf31fd6466b46202d43fa30052d885d473f36f1bdad7e6b61885a404e530b229,bitcoin-up-or-down-may-2-2026-1am-et
"Bitcoin Up or Down - May 2, 1:55AM-2:00AM ET",Up,BUY,42,0.34,0x9e24f94dcbe125c9469ad452f859ad98f70b46869a5f57dae035ed3a7563bbc7,2026-05-02 08:56:10,0x0ae6ba8efdb6729e10400775c3613f1ad71ea7c0db34e0c9b130122198fb0de7,btc-updown-5m-1777701300
"Bitcoin Up or Down - May 2, 1:55AM-2:00AM ET",Up,BUY,43,0.34,0x9e24f94dcbe125c9469ad452f859ad98f70b46869a5f57dae035ed3a7563bbc7,2026-05-02 08:56:10,0x9bca56cb48e9ac78a764a1c3f83c36cd6f30117a701bcff77f25133fc31a7a2f,btc-updown-5m-1777701300
"Bitcoin Up or Down - May 2, 1:55AM-2:00AM ET",Up,BUY,40,0.39,0x9e24f94dcbe125c9469ad452f859ad98f70b46869a5f57dae035ed3a7563bbc7,2026-05-02 08:55:34,0xe5e52b215835bd9a4c3f12d21ebf95aa3fadfed40102a04a7daeec138813fbe2,btc-updown-5m-1777701300
"Bitcoin Up or Down - May 2, 1:55AM-2:00AM ET",Up,BUY,40,0.4,0x9e24f94dcbe125c9469ad452f859ad98f70b46869a5f57dae035ed3a7563bbc7,2026-05-02 08:55:34,0x14fe8f7cc980d9ba47d11c4bc3f1ddad7363dc0c4daac173a181fb95eaaa9cbd,btc-updown-5m-1777701300
"Bitcoin Up or Down - May 2, 1:45AM-2:00AM ET",Up,BUY,10,0.44,0x44fdd167f644eb7f17f3ea132b946e4903348f942d5019dd16b2fd7861c4f01a,2026-05-02 08:55:34,0xcbb3a979ce3fce6d656bdaa792804184c6344551d17b870b193ba1feb8a217e6,btc-updown-15m-1777700700
"Bitcoin Up or Down - May 2, 1:55AM-2:00AM ET",Down,BUY,45,0.6564444444444445,0x9e24f94dcbe125c9469ad452f859ad98f70b46869a5f57dae035ed3a7563bbc7,2026-05-02 08:55:28,0x05a7d6e9d459d0311448384faed12ab67cdfdb40154c9d68dcffb6d7cfd89bbc,btc-updown-5m-1777701300
"Bitcoin Up or Down - May 2, 1:55AM-2:00AM ET",Down,BUY,44,0.6334590909090909,0x9e24f94dcbe125c9469ad452f859ad98f70b46869a5f57dae035ed3a7563bbc7,2026-05-02 08:55:28,0xe9e343155f6ffc24b6e8680935ba32784f9eb3f5c92c70e706dbb2f706ca7b84,btc-updown-5m-1777701300
"Bitcoin Up or Down - May 2, 1:45AM-2:00AM ET",Down,BUY,11,0.625,0x44fdd167f644eb7f17f3ea132b946e4903348f942d5019dd16b2fd7861c4f01a,2026-05-02 08:55:26,0x555bf4d2534b137b716fea05ae7ce57d068201bcff942f6b6bb9c6adb2761e41,btc-updown-15m-1777700700
"Ethereum Up or Down - May 2, 1:55AM-2:00AM ET",Down,BUY,10,0.49,0x3e63f4eaa8929484fbb665307d136bffef743df1cfe64a4901237d850e5e5873,2026-05-02 08:55:22,0xc5c37888418f855673640b008bfb6e5942b05bfee8eda67ebbb1d635f5b31305,eth-updown-5m-1777701300
"Bitcoin Up or Down - May 2, 1:50AM-1:55AM ET",Up,BUY,441.26,0.01,0xb499f9668939606efc58b7022b8f1843aa5cdb30efc96df6aff65e71258eec1e,2026-05-02 08:55:08,0x1d5bc8c8b809a1bf357999f84fc79fce53efe2632d838bf832308b379b122f7f,btc-updown-5m-1777701000
"Bitcoin Up or Down - May 2, 1:45AM-2:00AM ET",Up,BUY,10,0.41,0x44fdd167f644eb7f17f3ea132b946e4903348f942d5019dd16b2fd7861c4f01a,2026-05-02 08:54:50,0xaf950a124cb8c5fe74b53c9b7dadb233de1e3e5177f36fa2243cd3db6c6495e8,btc-updown-15m-1777700700
"Bitcoin Up or Down - May 2, 1AM ET",Up,BUY,5,0.6,0x179416b8df07ed76a94dfed354f15998520740fe080d064a471a4ad2c416603a,2026-05-02 08:54:50,0x3108068beef51ba662da931a6bb2c7298023db037b087faac5bf1d9e487e9810,bitcoin-up-or-down-may-2-2026-1am-et
"Ethereum Up or Down - May 2, 1:50AM-1:55AM ET",Up,BUY,26,0.09230769230769231,0xaa0df3eccfe091d542b7b9a5e7bf5239792410b4db1901d3e1fcb188913f9af8,2026-05-02 08:54:44,0x44f3232414e2abc2c180c876b53448aaeb49b9accff2b9055022128ee32e917a,eth-updown-5m-1777701000
"Bitcoin Up or Down - May 2, 1:50AM-1:55AM ET",Down,BUY,344,0.9546511627906977,0xb499f9668939606efc58b7022b8f1843aa5cdb30efc96df6aff65e71258eec1e,2026-05-02 08:54:38,0x3a06309a90bc653d171eb96f90a25a0fe76dc4e3ececab2af504af1bb922d74c,btc-updown-5m-1777701000
"Bitcoin Up or Down - May 2, 1:50AM-1:55AM ET",Down,BUY,109.33,0.9305643464739779,0xb499f9668939606efc58b7022b8f1843aa5cdb30efc96df6aff65e71258eec1e,2026-05-02 08:54:38,0x15d2af3a7ae444bd592bd699738a5ad4c80bd899e76399bbc5b726771bcc7396,btc-updown-5m-1777701000
"Bitcoin Up or Down - May 2, 1:45AM-2:00AM ET",Down,BUY,6,0.48,0x44fdd167f644eb7f17f3ea132b946e4903348f942d5019dd16b2fd7861c4f01a,2026-05-02 08:54:28,0x316b9cfab22e580cbe2d8ff22e871d85a7fffc573bf0b507d1454b6b3c813926,btc-updown-15m-1777700700
"Bitcoin Up or Down - May 2, 1AM ET",Down,BUY,5,0.4,0x179416b8df07ed76a94dfed354f15998520740fe080d064a471a4ad2c416603a,2026-05-02 08:54:28,0xa5e732f857424fc8b240a4f0dc00ea148fa9a0cc0c9886c685cac3fd1ebb41e9,bitcoin-up-or-down-may-2-2026-1am-et
"Bitcoin Up or Down - May 2, 1:50AM-1:55AM ET",Down,BUY,14.02,0.6235663338088445,0xb499f9668939606efc58b7022b8f1843aa5cdb30efc96df6aff65e71258eec1e,2026-05-02 08:54:24,0xc4db88f2e1997eeb068dbae96473e4f308ba1df2730594b8cb988c393aa8e271,btc-updown-5m-1777701000
"Bitcoin Up or Down - May 2, 1:45AM-2:00AM ET",Down,BUY,10,0.46,0x44fdd167f644eb7f17f3ea132b946e4903348f942d5019dd16b2fd7861c4f01a,2026-05-02 08:54:24,0x6f9ee54e39869df96105a8949b5ae4b9ff5ec6acd9e47ba73d89e47de3eb63c8,btc-updown-15m-1777700700
"Ethereum Up or Down - May 2, 1:50AM-1:55AM ET",Down,BUY,6.76,0.582189349112426,0xaa0df3eccfe091d542b7b9a5e7bf5239792410b4db1901d3e1fcb188913f9af8,2026-05-02 08:54:24,0xb4cc887d01238c68ce9472aea30b3fb4a62fa00be08fc290ad03e964ba86c98e,eth-updown-5m-1777701000
"Ethereum Up or Down - May 2, 1:50AM-1:55AM ET",Down,BUY,11,0.3,0xaa0df3eccfe091d542b7b9a5e7bf5239792410b4db1901d3e1fcb188913f9af8,2026-05-02 08:54:10,0x932c6e06a0d63acfc2c9287fa357def6bcb5dcf1bd0438ea6cad4992216f2770,eth-updown-5m-1777701000
"Ethereum Up or Down - May 2, 1:50AM-1:55AM ET",Down,BUY,11,0.3180545454545455,0xaa0df3eccfe091d542b7b9a5e7bf5239792410b4db1901d3e1fcb188913f9af8,2026-05-02 08:54:06,0xc6b54b12a492d962ee7feca2849ecf0f91d85d401a14f4ccf4903f964253583f,eth-updown-5m-1777701000
"Bitcoin Up or Down - May 2, 1AM ET",Down,BUY,5,0.39,0x179416b8df07ed76a94dfed354f15998520740fe080d064a471a4ad2c416603a,2026-05-02 08:54:04,0x88695382f0ebdc36c92b7d69d62b6e78b97d2f069acf2087a5caff15c4be23e5,bitcoin-up-or-down-may-2-2026-1am-et
"Bitcoin Up or Down - May 2, 1:45AM-2:00AM ET",Down,BUY,10,0.45918,0x44fdd167f644eb7f17f3ea132b946e4903348f942d5019dd16b2fd7861c4f01a,2026-05-02 08:54:04,0xf15b40f318c65a588b3182069c8c5f11a24e70d42e09985c55040b277b74e6d1,btc-updown-15m-1777700700
"Bitcoin Up or Down - May 2, 1:45AM-2:00AM ET",Down,BUY,10,0.465,0x44fdd167f644eb7f17f3ea132b946e4903348f942d5019dd16b2fd7861c4f01a,2026-05-02 08:54:04,0xf608826ff8779edd1337420131ab27e9d09a588b1755fd00cb1966353d6ff88d,btc-updown-15m-1777700700
"Ethereum Up or Down - May 2, 1:50AM-1:55AM ET",Down,BUY,10,0.331,0xaa0df3eccfe091d542b7b9a5e7bf5239792410b4db1901d3e1fcb188913f9af8,2026-05-02 08:54:04,0xff5cd790367d76e91aa61b215e53a84d5d2404117775eaf5952b1bc3380f554c,eth-updown-5m-1777701000
"Ethereum Up or Down - May 2, 1:50AM-1:55AM ET",Down,BUY,10,0.33,0xaa0df3eccfe091d542b7b9a5e7bf5239792410b4db1901d3e1fcb188913f9af8,2026-05-02 08:54:04,0x1f3df6736d7afa143e239b006637a195773e6cb19b0d61b30ead821b7d9ceb47,eth-updown-5m-1777701000
"Ethereum Up or Down - May 2, 1:50AM-1:55AM ET",Down,BUY,11,0.32545454545454544,0xaa0df3eccfe091d542b7b9a5e7bf5239792410b4db1901d3e1fcb188913f9af8,2026-05-02 08:54:04,0x4313d1fa5beceb4c41107da26430cfead499de7ca10086f91f89f536206f24f0,eth-updown-5m-1777701000
"Bitcoin Up or Down - May 2, 1:50AM-1:55AM ET",Down,BUY,42,0.36592857142857144,0xb499f9668939606efc58b7022b8f1843aa5cdb30efc96df6aff65e71258eec1e,2026-05-02 08:54:04,0x84a0264fad20206fdf810b2031f79f9edb44c05a208abc595670f89b4c37fe8a,btc-updown-5m-1777701000
"Bitcoin Up or Down - May 2, 1:50AM-1:55AM ET",Down,BUY,43,0.3529488372093023,0xb499f9668939606efc58b7022b8f1843aa5cdb30efc96df6aff65e71258eec1e,2026-05-02 08:54:04,0xdad1bbbef5f7a923d9b14b46ad8a2adeef0d56994a2d1e7d61b7569c7e86059c,btc-updown-5m-1777701000
"Ethereum Up or Down - May 2, 1:50AM-1:55AM ET",Up,BUY,11,0.6218181818181818,0xaa0df3eccfe091d542b7b9a5e7bf5239792410b4db1901d3e1fcb188913f9af8,2026-05-02 08:53:58,0x4ce3025f377feca2b8c46a02012aa99f3c74c3e9835bee9053fd2ef4817f9a30,eth-updown-5m-1777701000
"Ethereum Up or Down - May 2, 1:50AM-1:55AM ET",Up,BUY,11,0.62,0xaa0df3eccfe091d542b7b9a5e7bf5239792410b4db1901d3e1fcb188913f9af8,2026-05-02 08:53:58,0x58b6aa5900ce1e79e31a5fe1f38c8c7dd3abf650f05d6f816a8e66f5d0a13e9d,eth-updown-5m-1777701000
"Bitcoin Up or Down - May 2, 1:50AM-1:55AM ET",Up,BUY,42,0.58,0xb499f9668939606efc58b7022b8f1843aa5cdb30efc96df6aff65e71258eec1e,2026-05-02 08:53:58,0x87178c3bf4dc1091a9d229e7d759d4c87e06eee77d65c994c98159d5d06f2053,btc-updown-5m-1777701000
"Bitcoin Up or Down - May 2, 1AM ET",Up,BUY,5,0.63,0x179416b8df07ed76a94dfed354f15998520740fe080d064a471a4ad2c416603a,2026-05-02 08:53:54,0xc653061e58ebc76bf7bc3e2e94afd83d3f8b999c6911be13c89e16dbd6f5e118,bitcoin-up-or-down-may-2-2026-1am-et
"Ethereum Up or Down - May 2, 1:50AM-1:55AM ET",Up,BUY,11,0.61,0xaa0df3eccfe091d542b7b9a5e7bf5239792410b4db1901d3e1fcb188913f9af8,2026-05-02 08:53:54,0xa0686b19c2a19a55826d235e69ffceb9fae89f437569d483cb2835dd75b7c057,eth-updown-5m-1777701000
"Ethereum Up or Down - May 2, 1:50AM-1:55AM ET",Up,BUY,11,0.6,0xaa0df3eccfe091d542b7b9a5e7bf5239792410b4db1901d3e1fcb188913f9af8,2026-05-02 08:53:54,0x95a836dc68a4119250fbc89f0a98fe58786a91d4dff601e224e87008d1abd802,eth-updown-5m-1777701000
"Bitcoin Up or Down - May 2, 1:45AM-2:00AM ET",Up,BUY,10,0.54,0x44fdd167f644eb7f17f3ea132b946e4903348f942d5019dd16b2fd7861c4f01a,2026-05-02 08:53:52,0x3381e5d567f8eae27f7d2e7435e7a0a0c1988bc82c3aa94f7ab44f84ec94ea84,btc-updown-15m-1777700700
"Ethereum Up or Down - May 2, 1:50AM-1:55AM ET",Up,BUY,11,0.59,0xaa0df3eccfe091d542b7b9a5e7bf5239792410b4db1901d3e1fcb188913f9af8,2026-05-02 08:53:52,0x1b9fc869e8920fcd3e209646f76156bfd56f6d8e502d812e6bdf9abf4eadff41,eth-updown-5m-1777701000
"Bitcoin Up or Down - May 2, 1:45AM-2:00AM ET",Up,BUY,10,0.53134,0x44fdd167f644eb7f17f3ea132b946e4903348f942d5019dd16b2fd7861c4f01a,2026-05-02 08:53:52,0x5204bac7e005d3dce8c5ea803767282b5e2ccca3447839674da7c5333429c3c6,btc-updown-15m-1777700700
"Ethereum Up or Down - May 2, 1:50AM-1:55AM ET",Up,BUY,10,0.59,0xaa0df3eccfe091d542b7b9a5e7bf5239792410b4db1901d3e1fcb188913f9af8,2026-05-02 08:53:52,0x8a873f74ab7b875940316d2faf9fe50f9f91e7c948ab4644054dcf9687dbc6c3,eth-updown-5m-1777701000
"Bitcoin Up or Down - May 2, 1:50AM-1:55AM ET",Up,BUY,41,0.39,0xb499f9668939606efc58b7022b8f1843aa5cdb30efc96df6aff65e71258eec1e,2026-05-02 08:53:48,0x7bc8eeefd9b3c473a388c93937436f4e3884a6ac44757902951bacaf969244ad,btc-updown-5m-1777701000
"Ethereum Up or Down - May 2, 1:50AM-1:55AM ET",Up,BUY,10,0.55,0xaa0df3eccfe091d542b7b9a5e7bf5239792410b4db1901d3e1fcb188913f9af8,2026-05-02 08:53:48,0xa0241be0095c0b1cc519b8e9379846d78a0980d8a3b6d85ab384a813cf2f4ece,eth-updown-5m-1777701000
"Bitcoin Up or Down - May 2, 1:50AM-1:55AM ET",Up,BUY,40,0.39,0xb499f9668939606efc58b7022b8f1843aa5cdb30efc96df6aff65e71258eec1e,2026-05-02 08:53:48,0x08dba612c265f41432500e850283825012969672b290ae9e5a783652331be1ae,btc-updown-5m-1777701000
"Bitcoin Up or Down - May 2, 1:45AM-2:00AM ET",Down,BUY,10,0.49,0x44fdd167f644eb7f17f3ea132b946e4903348f942d5019dd16b2fd7861c4f01a,2026-05-02 08:53:38,0xc9b8dce121d614ee7a0afbc550367a302803fedde61d1207ee161757b5b535d9,btc-updown-15m-1777700700
"Bitcoin Up or Down - May 2, 1AM ET",Down,BUY,5,0.44,0x179416b8df07ed76a94dfed354f15998520740fe080d064a471a4ad2c416603a,2026-05-02 08:53:38,0x247415b46ee4c60bdc73550b71912658299fd66bab37fd5cbf1157c297d111ed,bitcoin-up-or-down-may-2-2026-1am-et
"Bitcoin Up or Down - May 2, 1:50AM-1:55AM ET",Down,BUY,46,0.5155,0xb499f9668939606efc58b7022b8f1843aa5cdb30efc96df6aff65e71258eec1e,2026-05-02 08:53:38,0xd2a55d13dc576fa413f9ce21efc3cf31a12a499fd55900b2a16bb2b8861cb932,btc-updown-5m-1777701000
"Ethereum Up or Down - May 2, 1:50AM-1:55AM ET",Down,BUY,10,0.49592,0xaa0df3eccfe091d542b7b9a5e7bf5239792410b4db1901d3e1fcb188913f9af8,2026-05-02 08:53:38,0x2d31c70f45311279a0c31b5b15718f111aea8780ff46fbff9b632dc5ab1a594a,eth-updown-5m-1777701000
"Ethereum Up or Down - May 2, 1:50AM-1:55AM ET",Down,BUY,11,0.5696181818181818,0xaa0df3eccfe091d542b7b9a5e7bf5239792410b4db1901d3e1fcb188913f9af8,2026-05-02 08:53:38,0x2d4cb64f00cefdf75a703d99654e0ef5edb8c20bd1412744d9e024a8697fd297,eth-updown-5m-1777701000
"Ethereum Up or Down - May 2, 1:50AM-1:55AM ET",Down,BUY,10,0.52684,0xaa0df3eccfe091d542b7b9a5e7bf5239792410b4db1901d3e1fcb188913f9af8,2026-05-02 08:53:38,0x66808c89f192a328d22b7d53469de85efe16699fefaaa8e00b01add9f7789844,eth-updown-5m-1777701000
"Ethereum Up or Down - May 2, 1:50AM-1:55AM ET",Down,BUY,10,0.46342,0xaa0df3eccfe091d542b7b9a5e7bf5239792410b4db1901d3e1fcb188913f9af8,2026-05-02 08:53:38,0xe3d3c4b7dfdc9631737a043edc0e39e14b1e3ab461a603ce2d690cd6b9e96a1b,eth-updown-5m-1777701000
"Ethereum Up or Down - May 2, 1:50AM-1:55AM ET",Down,BUY,10,0.46,0xaa0df3eccfe091d542b7b9a5e7bf5239792410b4db1901d3e1fcb188913f9af8,2026-05-02 08:53:38,0x7128f2e799baff682d84e672434a923d871a617ca3a6fd70eedced7762e53934,eth-updown-5m-1777701000
"Bitcoin Up or Down - May 2, 1:50AM-1:55AM ET",Down,BUY,40,0.5,0xb499f9668939606efc58b7022b8f1843aa5cdb30efc96df6aff65e71258eec1e,2026-05-02 08:53:38,0x09a5ce9794f24ab2596412afc51770825abeab30324c69d0f9fc2c0057d2820c,btc-updown-5m-1777701000
"Bitcoin Up or Down - May 2, 1:45AM-2:00AM ET",Down,BUY,10,0.48,0x44fdd167f644eb7f17f3ea132b946e4903348f942d5019dd16b2fd7861c4f01a,2026-05-02 08:53:38,0x68e92cfc474228e129940144897387d6b1787ef9a0b4d5cfc6f3e6f423734e44,btc-updown-15m-1777700700
"Ethereum Up or Down - May 2, 1:50AM-1:55AM ET",Down,BUY,10,0.41,0xaa0df3eccfe091d542b7b9a5e7bf5239792410b4db1901d3e1fcb188913f9af8,2026-05-02 08:53:38,0x6b6675cae85513719446aa7adb73d3a7491f0c86725e8090f0e8b75f2b2991a9,eth-updown-5m-1777701000
"Bitcoin Up or Down - May 2, 1:45AM-2:00AM ET",Down,BUY,10,0.47,0x44fdd167f644eb7f17f3ea132b946e4903348f942d5019dd16b2fd7861c4f01a,2026-05-02 08:53:38,0xe4994942b7ee98ac443eb21dfb94e1f8ea51a43f17f9ed749a2418a24c41f6ee,btc-updown-15m-1777700700
"Ethereum Up or Down - May 2, 1:50AM-1:55AM ET",Down,BUY,10,0.39,0xaa0df3eccfe091d542b7b9a5e7bf5239792410b4db1901d3e1fcb188913f9af8,2026-05-02 08:53:34,0xa025ee180e4ad432ca308b3ba131dd6f77c05f8f67176b3f0bff0617ebc2bb30,eth-updown-5m-1777701000
"Ethereum Up or Down - May 2, 1:50AM-1:55AM ET",Down,BUY,10,0.39,0xaa0df3eccfe091d542b7b9a5e7bf5239792410b4db1901d3e1fcb188913f9af8,2026-05-02 08:53:34,0x6989af310e70204953eb06c9fed3871c28bd283b8ce0d374a796edfb78616342,eth-updown-5m-1777701000
"Ethereum Up or Down - May 2, 1:50AM-1:55AM ET",Down,BUY,10,0.42,0xaa0df3eccfe091d542b7b9a5e7bf5239792410b4db1901d3e1fcb188913f9af8,2026-05-02 08:53:04,0x7da2af1613291af3f3e348a1c40ea4183e137bc1fa809632a5e32d967070eedc,eth-updown-5m-1777701000
"Ethereum Up or Down - May 2, 1:50AM-1:55AM ET",Up,BUY,10,0.51,0xaa0df3eccfe091d542b7b9a5e7bf5239792410b4db1901d3e1fcb188913f9af8,2026-05-02 08:52:54,0x830a673a48f2c14ad8fa5ee7eddb9e5882a09ec134300a3a2c287ab2fe6f57a6,eth-updown-5m-1777701000
"Ethereum Up or Down - May 2, 1:50AM-1:55AM ET",Up,BUY,10,0.515,0xaa0df3eccfe091d542b7b9a5e7bf5239792410b4db1901d3e1fcb188913f9af8,2026-05-02 08:52:54,0xf6ce83f506011ff4b019dd24907f3178086b40c53c3b59c1b049c2b9b9efc698,eth-updown-5m-1777701000
"Ethereum Up or Down - May 2, 1:50AM-1:55AM ET",Up,BUY,12,0.556125,0xaa0df3eccfe091d542b7b9a5e7bf5239792410b4db1901d3e1fcb188913f9af8,2026-05-02 08:52:54,0x2e7a1819f225afb5dae1a5982f23625e6c2e13b533ce201d7f3c9c0e452cd386,eth-updown-5m-1777701000
"Ethereum Up or Down - May 2, 1:50AM-1:55AM ET",Down,BUY,10,0.53,0xaa0df3eccfe091d542b7b9a5e7bf5239792410b4db1901d3e1fcb188913f9af8,2026-05-02 08:52:46,0x598254a97d302b8c8de55983224b35da7895864ef9143956216aba7db37deaf1,eth-updown-5m-1777701000
"Bitcoin Up or Down - May 2, 1:50AM-1:55AM ET",Up,BUY,40,0.5048225,0xb499f9668939606efc58b7022b8f1843aa5cdb30efc96df6aff65e71258eec1e,2026-05-02 08:52:36,0xb428a250e91c1e2ea2fc41291d2c700d7714f184b3823c610f4dd8c5ec6bdbe5,btc-updown-5m-1777701000
"Ethereum Up or Down - May 2, 1:50AM-1:55AM ET",Up,BUY,10,0.4498,0xaa0df3eccfe091d542b7b9a5e7bf5239792410b4db1901d3e1fcb188913f9af8,2026-05-02 08:52:36,0x4f11ccc9daa6ea7905a35ee25fc68f8393c2733dac21e90c11bacbb1875d33c9,eth-updown-5m-1777701000
"Bitcoin Up or Down - May 2, 1:45AM-2:00AM ET",Up,BUY,10,0.6,0x44fdd167f644eb7f17f3ea132b946e4903348f942d5019dd16b2fd7861c4f01a,2026-05-02 08:52:36,0xc73a7082f958cde32c8f0a384b02de11df77f0587c2c356e14866b7169b9610b,btc-updown-15m-1777700700
"Bitcoin Up or Down - May 2, 1:50AM-1:55AM ET",Up,BUY,5,0.56,0xb499f9668939606efc58b7022b8f1843aa5cdb30efc96df6aff65e71258eec1e,2026-05-02 08:52:36,0x838288cf44a7e3a8bf297cf2389c73ed101f68ef6a6a3aaadfd7cb7925019a5e,btc-updown-5m-1777701000
"Bitcoin Up or Down - May 2, 1:50AM-1:55AM ET",Up,BUY,40,0.47,0xb499f9668939606efc58b7022b8f1843aa5cdb30efc96df6aff65e71258eec1e,2026-05-02 08:52:32,0xe0b21bc6ff019f7aba98fde990dab7455d7fc8dfe3ff85570d1ce180f3cbe052,btc-updown-5m-1777701000
"Ethereum Up or Down - May 2, 1:50AM-1:55AM ET",Down,BUY,10,0.57,0xaa0df3eccfe091d542b7b9a5e7bf5239792410b4db1901d3e1fcb188913f9af8,2026-05-02 08:52:26,0xf6c1a3e188c6c5e3f61db86078f69c541fbdef71c668192e67a9f365c87e50d8,eth-updown-5m-1777701000
"Bitcoin Up or Down - May 2, 1:50AM-1:55AM ET",Down,BUY,41,0.53,0xb499f9668939606efc58b7022b8f1843aa5cdb30efc96df6aff65e71258eec1e,2026-05-02 08:52:26,0x0b988264da8bd90da47560a399fd15b8839f9894b1cd7e11c25b3efe0ba406cb,btc-updown-5m-1777701000
"Bitcoin Up or Down - May 2, 1:45AM-2:00AM ET",Up,BUY,10,0.5,0x44fdd167f644eb7f17f3ea132b946e4903348f942d5019dd16b2fd7861c4f01a,2026-05-02 08:52:24,0xf7d836adbb7936be9da45b52c81bd4a182ca18e5d1f3b595bcf1e552b6be4da1,btc-updown-15m-1777700700
"Bitcoin Up or Down - May 2, 1:45AM-2:00AM ET",Up,BUY,10,0.5,0x44fdd167f644eb7f17f3ea132b946e4903348f942d5019dd16b2fd7861c4f01a,2026-05-02 08:52:24,0xe6df9ccc6ee9dd8b0713819f56cb2c8590adab17c645d8769e7b9aed9a688110,btc-updown-15m-1777700700
"Bitcoin Up or Down - May 2, 1:50AM-1:55AM ET",Up,BUY,1.94,0.36,0xb499f9668939606efc58b7022b8f1843aa5cdb30efc96df6aff65e71258eec1e,2026-05-02 08:52:22,0x63bfad76988483d5491b9789411576e12ddb0a9695125113f61bc1dc79c2976a,btc-updown-5m-1777701000
"Bitcoin Up or Down - May 2, 1:50AM-1:55AM ET",Up,BUY,43.69,0.32408331425955594,0xb499f9668939606efc58b7022b8f1843aa5cdb30efc96df6aff65e71258eec1e,2026-05-02 08:52:22,0xf4d712d71156371dfb82067824946af193a3032dd04728ed2d7c4813e33c5cc9,btc-updown-5m-1777701000
"Bitcoin Up or Down - May 2, 1:50AM-1:55AM ET",Up,BUY,2.51,0.39,0xb499f9668939606efc58b7022b8f1843aa5cdb30efc96df6aff65e71258eec1e,2026-05-02 08:52:22,0xe4dc6f491148ed5b8eed1d9ff0c1b676662d73bf54eadeb62729e37498940a92,btc-updown-5m-1777701000
"Bitcoin Up or Down - May 2, 1:50AM-1:55AM ET",Up,BUY,34.91,0.38,0xb499f9668939606efc58b7022b8f1843aa5cdb30efc96df6aff65e71258eec1e,2026-05-02 08:52:22,0x3b693ce7a1467451cc2a985c6f8e0bc447d82138ad1470dcaeba22629aacc786,btc-updown-5m-1777701000
"Bitcoin Up or Down - May 2, 1:50AM-1:55AM ET",Up,BUY,51,0.25,0xb499f9668939606efc58b7022b8f1843aa5cdb30efc96df6aff65e71258eec1e,2026-05-02 08:52:20,0x485351d4a2cba74b86b6705587c32f96b7d36d8808eca28dc4cb990e31ce4180,btc-updown-5m-1777701000
"Ethereum Up or Down - May 2, 1:50AM-1:55AM ET",Up,BUY,5,0.2,0xaa0df3eccfe091d542b7b9a5e7bf5239792410b4db1901d3e1fcb188913f9af8,2026-05-02 08:52:18,0xd11370dc5f67d2c94435e9707c842d053060dfc49ec0b145bd2984f1e3201b63,eth-updown-5m-1777701000
"Bitcoin Up or Down - May 2, 1AM ET",Up,BUY,5,0.42,0x179416b8df07ed76a94dfed354f15998520740fe080d064a471a4ad2c416603a,2026-05-02 08:52:18,0xbb9903ebe093b5c78da43c20870b3d964727cac1c6a001b56605198864c78316,bitcoin-up-or-down-may-2-2026-1am-et
"Bitcoin Up or Down - May 2, 1:50AM-1:55AM ET",Up,BUY,56,0.21,0xb499f9668939606efc58b7022b8f1843aa5cdb30efc96df6aff65e71258eec1e,2026-05-02 08:52:18,0x8ff44a56b4cb984e604ef9e6ea884c6584e5748c8b53c00fbd7d6f7b3222ae5a,btc-updown-5m-1777701000
"Bitcoin Up or Down - May 2, 1:45AM-2:00AM ET",Up,BUY,10,0.39,0x44fdd167f644eb7f17f3ea132b946e4903348f942d5019dd16b2fd7861c4f01a,2026-05-02 08:51:52,0xeb0ae5e61a4ca2cb4f15bc749a1a801994992f2771b0d00ed0dedbb4227f1c1a,btc-updown-15m-1777700700
"Ethereum Up or Down - May 2, 1:50AM-1:55AM ET",Up,BUY,16,0.17,0xaa0df3eccfe091d542b7b9a5e7bf5239792410b4db1901d3e1fcb188913f9af8,2026-05-02 08:51:52,0x67650e13cf94c02b85420dfc622cefbfdab1f1152245a39d9514debcc1330497,eth-updown-5m-1777701000
"Bitcoin Up or Down - May 2, 1:50AM-1:55AM ET",Up,BUY,55,0.2130690909090909,0xb499f9668939606efc58b7022b8f1843aa5cdb30efc96df6aff65e71258eec1e,2026-05-02 08:51:50,0xfd9e3cf587ec752bd7499a2ab05de0fe8d2a800bc0fee806832f3faa20d5ba73,btc-updown-5m-1777701000
"Bitcoin Up or Down - May 2, 1:45AM-2:00AM ET",Up,BUY,10,0.38,0x44fdd167f644eb7f17f3ea132b946e4903348f942d5019dd16b2fd7861c4f01a,2026-05-02 08:51:50,0x4293da497e9574a84a763ad9f2f1cec63958ee7de41540f72b8bb9bc7ca15417,btc-updown-15m-1777700700
"Ethereum Up or Down - May 2, 1:50AM-1:55AM ET",Up,BUY,18,0.15,0xaa0df3eccfe091d542b7b9a5e7bf5239792410b4db1901d3e1fcb188913f9af8,2026-05-02 08:51:50,0xf400a321308420d4c542ca308e7776fc3d1d87fe15ea4673799ae7b15b03f6a4,eth-updown-5m-1777701000
"Bitcoin Up or Down - May 2, 1AM ET",Up,BUY,5,0.50792,0x179416b8df07ed76a94dfed354f15998520740fe080d064a471a4ad2c416603a,2026-05-02 08:51:50,0xa8c55cd932b1a3fc33bfc020569dae68ce8878331647af23d04cb39c343cc1ee,bitcoin-up-or-down-may-2-2026-1am-et
"Bitcoin Up or Down - May 2, 1:45AM-2:00AM ET",Down,BUY,11,0.63,0x44fdd167f644eb7f17f3ea132b946e4903348f942d5019dd16b2fd7861c4f01a,2026-05-02 08:51:48,0x27a15064864ef988ef679794b5525807c66ebce4d7b927dec0ed44fb4c401d6a,btc-updown-15m-1777700700
"Ethereum Up or Down - May 2, 1:50AM-1:55AM ET",Down,BUY,20,0.818875,0xaa0df3eccfe091d542b7b9a5e7bf5239792410b4db1901d3e1fcb188913f9af8,2026-05-02 08:51:46,0x4fd11a046f636b0d8abfd967187f75b932056fc6a0596e703aa4946f5fb044f4,eth-updown-5m-1777701000
"Ethereum Up or Down - May 2, 1:50AM-1:55AM ET",Down,BUY,19,0.8046052631578947,0xaa0df3eccfe091d542b7b9a5e7bf5239792410b4db1901d3e1fcb188913f9af8,2026-05-02 08:51:46,0xe99f288a85bc30338a72328229a86a1e53474a57d0f0d991d297157fa0f41414,eth-updown-5m-1777701000
"Bitcoin Up or Down - May 2, 1:45AM-2:00AM ET",Down,BUY,11,0.6078818181818182,0x44fdd167f644eb7f17f3ea132b946e4903348f942d5019dd16b2fd7861c4f01a,2026-05-02 08:51:44,0x574e3a933f9b426737b8ff04105a0e82abf5149ab9c45cb01ef725a8fedc4a1e,btc-updown-15m-1777700700
"Bitcoin Up or Down - May 2, 1:45AM-2:00AM ET",Down,BUY,11,0.5954545454545455,0x44fdd167f644eb7f17f3ea132b946e4903348f942d5019dd16b2fd7861c4f01a,2026-05-02 08:51:44,0x997055f7186103f4d11f1ee4c9a66d76fc4f8515edab7c8c589b7ae829191d39,btc-updown-15m-1777700700
"Ethereum Up or Down - May 2, 1:50AM-1:55AM ET",Down,BUY,5,0.69,0xaa0df3eccfe091d542b7b9a5e7bf5239792410b4db1901d3e1fcb188913f9af8,2026-05-02 08:50:50,0xfaf54166c8683c75bccb8eeda36f537a159b933bac45c513faf6d8325f1365b6,eth-updown-5m-1777701000
"Ethereum Up or Down - May 2, 1:50AM-1:55AM ET",Down,BUY,10,0.75,0xaa0df3eccfe091d542b7b9a5e7bf5239792410b4db1901d3e1fcb188913f9af8,2026-05-02 08:50:50,0xafa07c5e88153ed819b2e75661e4526e77d2614b0c7c7da878fb11c98af900ea,eth-updown-5m-1777701000
"Bitcoin Up or Down - May 2, 1:50AM-1:55AM ET",Down,BUY,7.55,0.61,0xb499f9668939606efc58b7022b8f1843aa5cdb30efc96df6aff65e71258eec1e,2026-05-02 08:50:48,0x126fefc0588e46a7fccdfd759b46b3c2da945774e2cd7a585b02bf955edcce4d,btc-updown-5m-1777701000
"Bitcoin Up or Down - May 2, 1:45AM-2:00AM ET",Down,BUY,10,0.4121,0x44fdd167f644eb7f17f3ea132b946e4903348f942d5019dd16b2fd7861c4f01a,2026-05-02 08:50:48,0x47a575eb154ade31b8050b8337103c656ec5fa0acf2bc2d70460a9a69437b9e1,btc-updown-15m-1777700700
"Ethereum Up or Down - May 2, 1:50AM-1:55AM ET",Down,BUY,11,0.64,0xaa0df3eccfe091d542b7b9a5e7bf5239792410b4db1901d3e1fcb188913f9af8,2026-05-02 08:50:46,0x50a81bf075ebc791ac487aadb837eb289168c9f83d827b982cc30a0729bdf578,eth-updown-5m-1777701000
"Bitcoin Up or Down - May 2, 1:50AM-1:55AM ET",Down,BUY,41,0.5543853658536585,0xb499f9668939606efc58b7022b8f1843aa5cdb30efc96df6aff65e71258eec1e,2026-05-02 08:50:44,0x73da295ba93ad3e139a912c37471fad6762f0fa69629b9c67c2bb0a7ffd6c79f,btc-updown-5m-1777701000
"Ethereum Up or Down - May 2, 1:50AM-1:55AM ET",Up,BUY,10,0.445,0xaa0df3eccfe091d542b7b9a5e7bf5239792410b4db1901d3e1fcb188913f9af8,2026-05-02 08:50:28,0x0bcf19e473e33ec011786cb5d52d867788494ff0c13599a1d29b9b95d660ada9,eth-updown-5m-1777701000
"Ethereum Up or Down - May 2, 1:50AM-1:55AM ET",Down,BUY,10,0.53,0xaa0df3eccfe091d542b7b9a5e7bf5239792410b4db1901d3e1fcb188913f9af8,2026-05-02 08:50:10,0xa348f78aca005450ce21171836c8bb6e9311b54dcc1e0623521dd38840943621,eth-updown-5m-1777701000
"Bitcoin Up or Down - May 2, 1AM ET",Down,BUY,7,0.23,0x179416b8df07ed76a94dfed354f15998520740fe080d064a471a4ad2c416603a,2026-05-02 08:50:02,0xc4786ffc3ad4e8386853441cf846cfaef186d00804608fa5c32e45c3011e610d,bitcoin-up-or-down-may-2-2026-1am-et
"Bitcoin Up or Down - May 2, 1:45AM-1:50AM ET",Down,BUY,53,0.2,0xfa07b57dff54b71dee66364290ee2a9384496ca03cff7127bbbd2baa42632aef,2026-05-02 08:49:24,0x123196349ffcccdcafc4529fa9c3c3055aff559569826041fdfc470676fe3c45,btc-updown-5m-1777700700
"Bitcoin Up or Down - May 2, 1:45AM-1:50AM ET",Down,BUY,58,0.19594827586206898,0xfa07b57dff54b71dee66364290ee2a9384496ca03cff7127bbbd2baa42632aef,2026-05-02 08:49:22,0x69bcc378c70b7a60039b54c8c8047cf0a975cf5b2c8ef13518f7df5fe6986993,btc-updown-5m-1777700700
"Bitcoin Up or Down - May 2, 1:45AM-1:50AM ET",Down,BUY,40,0.490525,0xfa07b57dff54b71dee66364290ee2a9384496ca03cff7127bbbd2baa42632aef,2026-05-02 08:49:12,0xbee958ac2ca372152f2e38eab451a07f57ae9ef612f7466321b5e3b3ba2c1c81,btc-updown-5m-1777700700
"Ethereum Up or Down - May 2, 1:45AM-1:50AM ET",Up,BUY,11,0.574709090909091,0xe9439e4f613a1fc3d1161ed1f74f8c7c0c2494b53dc17fdd70663a4556e924b8,2026-05-02 08:49:10,0x0b9ac0c2fe185d5b7cd6da4b59ac9f238840783c6e27f15c925a9c517488a100,eth-updown-5m-1777700700
"Bitcoin Up or Down - May 2, 1:45AM-1:50AM ET",Down,BUY,40,0.44,0xfa07b57dff54b71dee66364290ee2a9384496ca03cff7127bbbd2baa42632aef,2026-05-02 08:48:54,0x9c57eaa61322e618e27929f7f03f06a1362929d2419a5f17b21cde66b6234bfc,btc-updown-5m-1777700700
"Bitcoin Up or Down - May 2, 1AM ET",Up,BUY,8,0.8,0x179416b8df07ed76a94dfed354f15998520740fe080d064a471a4ad2c416603a,2026-05-02 08:48:30,0xcd331d8a5c5d2fb2f411e56a5675b4aabd605ffb14a412869382cf5d86635212,bitcoin-up-or-down-may-2-2026-1am-et
"Bitcoin Up or Down - May 2, 1:45AM-1:50AM ET",Up,BUY,71,0.7669169014084507,0xfa07b57dff54b71dee66364290ee2a9384496ca03cff7127bbbd2baa42632aef,2026-05-02 08:48:30,0x025195c900218d7b7232502fa4d5cc56b6fbab384e785215f9aa44fc80919e73,btc-updown-5m-1777700700
"Ethereum Up or Down - May 2, 1:45AM-1:50AM ET",Down,BUY,12,0.27,0xe9439e4f613a1fc3d1161ed1f74f8c7c0c2494b53dc17fdd70663a4556e924b8,2026-05-02 08:48:22,0xc07eed144c9a8f01182c0a1e2a7d458cbcd79f8f9efb00c22a0ea8af460d986c,eth-updown-5m-1777700700
"Ethereum Up or Down - May 2, 1:45AM-1:50AM ET",Down,BUY,12,0.27,0xe9439e4f613a1fc3d1161ed1f74f8c7c0c2494b53dc17fdd70663a4556e924b8,2026-05-02 08:48:22,0x1260d9b4a13b3204d6df5d2d406d9e8feb53c1117a9154dd4b176b2f86bcb99b,eth-updown-5m-1777700700
"Bitcoin Up or Down - May 2, 1:45AM-1:50AM ET",Down,BUY,56,0.20263214285714284,0xfa07b57dff54b71dee66364290ee2a9384496ca03cff7127bbbd2baa42632aef,2026-05-02 08:48:22,0xb573f12e112b58c5cf083428decbb3c69b57029168b44b2cf1403d345fe4cc59,btc-updown-5m-1777700700
"Bitcoin Up or Down - May 2, 1AM ET",Down,BUY,8,0.19,0x179416b8df07ed76a94dfed354f15998520740fe080d064a471a4ad2c416603a,2026-05-02 08:48:22,0xb7ad13c59115f1b681cd184d0a32fe8d1c69c29028977aaf106ec7c66b881dfd,bitcoin-up-or-down-may-2-2026-1am-et
"Ethereum Up or Down - May 2, 1:45AM-1:50AM ET",Down,BUY,4.6,0.2,0xe9439e4f613a1fc3d1161ed1f74f8c7c0c2494b53dc17fdd70663a4556e924b8,2026-05-02 08:48:18,0xaaaa2e6be9a68761bda68ac0c5ca43aa77dd3282709cb8751014232d5afaa2ce,eth-updown-5m-1777700700
"Ethereum Up or Down - May 2, 1:45AM-1:50AM ET",Down,BUY,15,0.19,0xe9439e4f613a1fc3d1161ed1f74f8c7c0c2494b53dc17fdd70663a4556e924b8,2026-05-02 08:48:12,0x8fb73d5ba2824220d2697ad7256ee83de1263573e9a13dd5beda5f9f63b41f08,eth-updown-5m-1777700700
"Ethereum Up or Down - May 2, 1:45AM-1:50AM ET",Down,BUY,13,0.19,0xe9439e4f613a1fc3d1161ed1f74f8c7c0c2494b53dc17fdd70663a4556e924b8,2026-05-02 08:48:12,0x7dc80c008b4818954efff928846d835836b0a94d95b29fabc784e68a5df4efbb,eth-updown-5m-1777700700
"Ethereum Up or Down - May 2, 1:45AM-1:50AM ET",Down,BUY,13,0.19,0xe9439e4f613a1fc3d1161ed1f74f8c7c0c2494b53dc17fdd70663a4556e924b8,2026-05-02 08:48:12,0x9bc4bf4653450f5f2696f0729db94173dcb9e88eab19deb65254e3a16a61fcb1,eth-updown-5m-1777700700
"Bitcoin Up or Down - May 2, 1:45AM-1:50AM ET",Down,BUY,41,0.4,0xfa07b57dff54b71dee66364290ee2a9384496ca03cff7127bbbd2baa42632aef,2026-05-02 08:48:04,0x1d851f5171ca5bd183e939b09437e2b2a42641e4dea95df00d9e93fb364dc829,btc-updown-5m-1777700700
"Bitcoin Up or Down - May 2, 1AM ET",Down,BUY,5,0.16,0x179416b8df07ed76a94dfed354f15998520740fe080d064a471a4ad2c416603a,2026-05-02 08:48:04,0xc7977808345f8de97ec7f8582e72a5bf998f8dbf12e615c7738b21b3f1ee0ea5,bitcoin-up-or-down-may-2-2026-1am-et
"Bitcoin Up or Down - May 2, 1:45AM-1:50AM ET",Down,BUY,41,0.40868292682926827,0xfa07b57dff54b71dee66364290ee2a9384496ca03cff7127bbbd2baa42632aef,2026-05-02 08:48:04,0x3f4df98cf95416e40cd7701c7f16f62a0c3bb288abed3570078b3abc1c9082c6,btc-updown-5m-1777700700
"Bitcoin Up or Down - May 2, 1AM ET",Down,BUY,9,0.17,0x179416b8df07ed76a94dfed354f15998520740fe080d064a471a4ad2c416603a,2026-05-02 08:48:04,0x6be1a2bb41a443d7ea8090624e86cb9a228ab19a6d710aa9d65e2523bde385cd,bitcoin-up-or-down-may-2-2026-1am-et
"Ethereum Up or Down - May 2, 1:45AM-1:50AM ET",Down,BUY,15,0.19,0xe9439e4f613a1fc3d1161ed1f74f8c7c0c2494b53dc17fdd70663a4556e924b8,2026-05-02 08:48:04,0x95d716c2f1ee349791650d90d8c8b562dbdd2d8f4bc73713f44ff604ab0e84e0,eth-updown-5m-1777700700
"Bitcoin Up or Down - May 2, 1:45AM-2:00AM ET",Down,BUY,13,0.25,0x44fdd167f644eb7f17f3ea132b946e4903348f942d5019dd16b2fd7861c4f01a,2026-05-02 08:48:04,0xf54014a9dbc5372e81fa4bed5801db36cf2b276bd0d0384ee79aaa6f887ca7d7,btc-updown-15m-1777700700
"Ethereum Up or Down - May 2, 1:45AM-1:50AM ET",Down,BUY,13,0.19,0xe9439e4f613a1fc3d1161ed1f74f8c7c0c2494b53dc17fdd70663a4556e924b8,2026-05-02 08:48:02,0x878139db2ac43e08c38ea166aa4a1c1aca13b1357a638a82b06b651238aa15e5,eth-updown-5m-1777700700
"Bitcoin Up or Down - May 2, 1AM ET",Up,BUY,5,0.82,0x179416b8df07ed76a94dfed354f15998520740fe080d064a471a4ad2c416603a,2026-05-02 08:48:00,0xc7b7ca32821d0cce1eb70de7f956c921f9f97088895bb7cc4de1207e8657c5f2,bitcoin-up-or-down-may-2-2026-1am-et
"Bitcoin Up or Down - May 2, 1:45AM-1:50AM ET",Up,BUY,41,0.54,0xfa07b57dff54b71dee66364290ee2a9384496ca03cff7127bbbd2baa42632aef,2026-05-02 08:47:56,0xae86cbfed32b04c614325756cb1124ef5bcbb3e02bc173222d5c714f4c91c206,btc-updown-5m-1777700700
"Bitcoin Up or Down - May 2, 1:45AM-2:00AM ET",Up,BUY,13,0.72,0x44fdd167f644eb7f17f3ea132b946e4903348f942d5019dd16b2fd7861c4f01a,2026-05-02 08:47:56,0x3406c5da5c0ff726dd7b348313c343f56d6a9d9af6006816b64481207ec79bf1,btc-updown-15m-1777700700
"Ethereum Up or Down - May 2, 1:45AM-1:50AM ET",Up,BUY,13,0.6538461538461539,0xe9439e4f613a1fc3d1161ed1f74f8c7c0c2494b53dc17fdd70663a4556e924b8,2026-05-02 08:47:52,0x5fbedc0c302d74ccdc7ce6768777eb250986ce03dc3c0661f2b0a579f753c269,eth-updown-5m-1777700700
"Bitcoin Up or Down - May 2, 1:45AM-2:00AM ET",Up,BUY,13,0.7,0x44fdd167f644eb7f17f3ea132b946e4903348f942d5019dd16b2fd7861c4f01a,2026-05-02 08:47:52,0x0adc8f13419f96e17e2eee4efd6401e294ccac13303f89cebb584ff35f908fde,btc-updown-15m-1777700700
"Ethereum Up or Down - May 2, 1:45AM-1:50AM ET",Up,BUY,12,0.65,0xe9439e4f613a1fc3d1161ed1f74f8c7c0c2494b53dc17fdd70663a4556e924b8,2026-05-02 08:47:52,0x6d7b7d545a694055d1558fcd8720de1618865a6515a03f7c75323c614d049697,eth-updown-5m-1777700700
"Bitcoin Up or Down - May 2, 1:45AM-2:00AM ET",Up,BUY,12,0.7,0x44fdd167f644eb7f17f3ea132b946e4903348f942d5019dd16b2fd7861c4f01a,2026-05-02 08:47:52,0xe90277651430562e05ea7178fba0214a312f2f9cd82d670a1188ca26206b1f76,btc-updown-15m-1777700700
"Bitcoin Up or Down - May 2, 1AM ET",Up,BUY,8,0.78,0x179416b8df07ed76a94dfed354f15998520740fe080d064a471a4ad2c416603a,2026-05-02 08:47:52,0xa1e17739e534a9fefc8af2837c5dd36ec12988f27d0c2598f84980a228feb5ae,bitcoin-up-or-down-may-2-2026-1am-et
"Ethereum Up or Down - May 2, 1:45AM-1:50AM ET",Up,BUY,12,0.63445,0xe9439e4f613a1fc3d1161ed1f74f8c7c0c2494b53dc17fdd70663a4556e924b8,2026-05-02 08:47:52,0x9e2ffd1de10bb0ad88558a640cb01125deae8db45fcba48ed6bfcc7ad839387e,eth-updown-5m-1777700700
"Ethereum Up or Down - May 2, 1:45AM-1:50AM ET",Up,BUY,11,0.63,0xe9439e4f613a1fc3d1161ed1f74f8c7c0c2494b53dc17fdd70663a4556e924b8,2026-05-02 08:47:52,0xf41f748604b92786b52ec41e660df7e64f4fad2ade621e69637592f5de2e06bf,eth-updown-5m-1777700700
"Bitcoin Up or Down - May 2, 1AM ET",Up,BUY,8,0.78,0x179416b8df07ed76a94dfed354f15998520740fe080d064a471a4ad2c416603a,2026-05-02 08:47:52,0xb1d2eca56f7a66f6125ffcdb2826574e679a3430d89f7353cbd5f8bb4216d2dd,bitcoin-up-or-down-may-2-2026-1am-et
"Ethereum Up or Down - May 2, 1:45AM-1:50AM ET",Up,BUY,11,0.6207272727272727,0xe9439e4f613a1fc3d1161ed1f74f8c7c0c2494b53dc17fdd70663a4556e924b8,2026-05-02 08:47:52,0x9df0ca71f6614ee0fdc0a268699ead147e17c2f9c9fd933675923cc84916c269,eth-updown-5m-1777700700
"Bitcoin Up or Down - May 2, 1:45AM-2:00AM ET",Up,BUY,12,0.69,0x44fdd167f644eb7f17f3ea132b946e4903348f942d5019dd16b2fd7861c4f01a,2026-05-02 08:47:52,0xba0a2a159f7e905fb66801029d6695c832ffa7c85b61e1afac3440d28fc5f891,btc-updown-15m-1777700700
"Bitcoin Up or Down - May 2, 1:45AM-1:50AM ET",Up,BUY,12,0.47,0xfa07b57dff54b71dee66364290ee2a9384496ca03cff7127bbbd2baa42632aef,2026-05-02 08:47:52,0x811dba5d5b41d25d50b51fcbfa6f596d091aab81fb636e7d3dfb0e6620ede6b9,btc-updown-5m-1777700700
"Bitcoin Up or Down - May 2, 1AM ET",Down,BUY,7,0.25,0x179416b8df07ed76a94dfed354f15998520740fe080d064a471a4ad2c416603a,2026-05-02 08:47:38,0xed3f7d1685fb29ffc425b5f89c7c7caa289bd80bbeb82b0ea6c0849c11f37934,bitcoin-up-or-down-may-2-2026-1am-et
"Bitcoin Up or Down - May 2, 1:45AM-2:00AM ET",Down,BUY,11,0.32,0x44fdd167f644eb7f17f3ea132b946e4903348f942d5019dd16b2fd7861c4f01a,2026-05-02 08:47:38,0x0c6f7486ec3b382a1a8dee6ad112ebd84fb021bece3a8d32495690aa0a69e669,btc-updown-15m-1777700700
"Bitcoin Up or Down - May 2, 1:45AM-2:00AM ET",Down,BUY,11,0.32,0x44fdd167f644eb7f17f3ea132b946e4903348f942d5019dd16b2fd7861c4f01a,2026-05-02 08:47:38,0xdb6ae99529e09a6f0faaa95bacfafc9a94cd1f1478570bd7819d6e8673c654af,btc-updown-15m-1777700700
"Ethereum Up or Down - May 2, 1:45AM-1:50AM ET",Down,BUY,10,0.41,0xe9439e4f613a1fc3d1161ed1f74f8c7c0c2494b53dc17fdd70663a4556e924b8,2026-05-02 08:47:38,0xe587b52e687f116acb838d0d32829d6034cb6ba849786f3f4b158f53bd690921,eth-updown-5m-1777700700
"Ethereum Up or Down - May 2, 1:45AM-1:50AM ET",Down,BUY,10,0.405,0xe9439e4f613a1fc3d1161ed1f74f8c7c0c2494b53dc17fdd70663a4556e924b8,2026-05-02 08:47:38,0x54368011f84478df1af6d5794071099f0cd466ce979414207210718b9bdde22a,eth-updown-5m-1777700700
"Bitcoin Up or Down - May 2, 1:45AM-1:50AM ET",Down,BUY,9.53,0.19,0xfa07b57dff54b71dee66364290ee2a9384496ca03cff7127bbbd2baa42632aef,2026-05-02 08:47:38,0x77b1a2d6e52cc368d4430c71ca0b9cd3183f1b0bbae38941077dacff102f0d1d,btc-updown-5m-1777700700
"Ethereum Up or Down - May 2, 1:45AM-1:50AM ET",Up,BUY,10,0.57,0xe9439e4f613a1fc3d1161ed1f74f8c7c0c2494b53dc17fdd70663a4556e924b8,2026-05-02 08:47:20,0xbf6cd4aa0f4014617444c75ab17086e731a64efee6b8f0475f6bff825e97344e,eth-updown-5m-1777700700
"Ethereum Up or Down - May 2, 1:45AM-1:50AM ET",Down,BUY,10,0.43,0xe9439e4f613a1fc3d1161ed1f74f8c7c0c2494b53dc17fdd70663a4556e924b8,2026-05-02 08:47:08,0xaa4c8ae4aa1580450439e35ee4bb34a345f600cf76cc89e24c0fdff2f89add71,eth-updown-5m-1777700700
"Bitcoin Up or Down - May 2, 1:45AM-2:00AM ET",Down,BUY,11,0.33,0x44fdd167f644eb7f17f3ea132b946e4903348f942d5019dd16b2fd7861c4f01a,2026-05-02 08:47:06,0xe999be57095981c1be39b5e9953d382418e5c1d03caf91d2330477572dc157d3,btc-updown-15m-1777700700
"Bitcoin Up or Down - May 2, 1AM ET",Down,BUY,8,0.21,0x179416b8df07ed76a94dfed354f15998520740fe080d064a471a4ad2c416603a,2026-05-02 08:47:06,0xdfd3b8870bfae721044b0acd7f46a072017cc46bc76d2d55bb7b6d10a4c37a16,bitcoin-up-or-down-may-2-2026-1am-et
"Bitcoin Up or Down - May 2, 1AM ET",Down,BUY,7,0.21,0x179416b8df07ed76a94dfed354f15998520740fe080d064a471a4ad2c416603a,2026-05-02 08:47:06,0x70cf798d6f6a4d03d32712063c21d9977cd3ba77ee5f0f7abf6ba673f1637993,bitcoin-up-or-down-may-2-2026-1am-et
"Bitcoin Up or Down - May 2, 1:45AM-1:50AM ET",Down,BUY,51,0.22,0xfa07b57dff54b71dee66364290ee2a9384496ca03cff7127bbbd2baa42632aef,2026-05-02 08:47:06,0x3cf347eeb7a24c27f59e1ca1d34b8f8727a2f4ff4987e30caab5f211f8f971b3,btc-updown-5m-1777700700
"Bitcoin Up or Down - May 2, 1:45AM-2:00AM ET",Down,BUY,11,0.33,0x44fdd167f644eb7f17f3ea132b946e4903348f942d5019dd16b2fd7861c4f01a,2026-05-02 08:47:06,0xa735acd83bf2d8719e1fd380a8638dbb5249e428ff43482e49ae8ac71db9578b,btc-updown-15m-1777700700
"Ethereum Up or Down - May 2, 1:45AM-1:50AM ET",Down,BUY,11,0.36,0xe9439e4f613a1fc3d1161ed1f74f8c7c0c2494b53dc17fdd70663a4556e924b8,2026-05-02 08:46:54,0x301d3f26fb11d6deb647cb36ededafe8ab2961969650f8d2f8462dc064061ead,eth-updown-5m-1777700700
"Bitcoin Up or Down - May 2, 1:45AM-1:50AM ET",Down,BUY,31.43,0.21523385300668152,0xfa07b57dff54b71dee66364290ee2a9384496ca03cff7127bbbd2baa42632aef,2026-05-02 08:46:50,0x3c27c166c7d8e2d7f16af12fb690ef976443cd0f9f4c6faa3520966f7121b302,btc-updown-5m-1777700700
"Bitcoin Up or Down - May 2, 1AM ET",Down,BUY,8,0.19,0x179416b8df07ed76a94dfed354f15998520740fe080d064a471a4ad2c416603a,2026-05-02 08:46:50,0xbf5e08ba92379666f969a3a2581e4676fcf8d7af312d0b238b3c9c8b6e1e0e0d,bitcoin-up-or-down-may-2-2026-1am-et
"Ethereum Up or Down - May 2, 1:45AM-1:50AM ET",Down,BUY,11,0.32636363636363636,0xe9439e4f613a1fc3d1161ed1f74f8c7c0c2494b53dc17fdd70663a4556e924b8,2026-05-02 08:46:50,0xc191930de33c69464675a805c4ff6a5fcaf2bb88f5ba8a3ab5b6279b75ae3ee7,eth-updown-5m-1777700700
"Bitcoin Up or Down - May 2, 1:45AM-2:00AM ET",Up,BUY,13,0.7,0x44fdd167f644eb7f17f3ea132b946e4903348f942d5019dd16b2fd7861c4f01a,2026-05-02 08:46:48,0xe090252ef9f2e46877df781eaf7f8c4c1a7fb282db28d8ec2b292262c7932e8c,btc-updown-15m-1777700700
"Bitcoin Up or Down - May 2, 1:45AM-2:00AM ET",Up,BUY,15,0.7,0x44fdd167f644eb7f17f3ea132b946e4903348f942d5019dd16b2fd7861c4f01a,2026-05-02 08:46:48,0xf49461df38297018f428c1334b1a2880d1d2556f873d9a0bc1f089f62e4234de,btc-updown-15m-1777700700
"Bitcoin Up or Down - May 2, 1:45AM-1:50AM ET",Up,BUY,42,0.3609357142857143,0xfa07b57dff54b71dee66364290ee2a9384496ca03cff7127bbbd2baa42632aef,2026-05-02 08:46:46,0xb5773827e96a85ad248bf0feb6c28edd4f72f4e0a48c749e558d52dec4357e3c,btc-updown-5m-1777700700
"Bitcoin Up or Down - May 2, 12:00AM-4:00AM ET",Up,BUY,8,0.21,0xd0bd5c46fefa54a75eec1d0aab99cfbb8c167d8271d7fed1b36ba47530509e86,2026-05-02 08:46:44,0x0ae8cd16f8c1a09a540837106a62e1cb5d3be6c451b1e41beeb8185c920d6581,btc-updown-4h-1777694400
"Bitcoin Up or Down - May 2, 1:45AM-1:50AM ET",Down,BUY,56,0.716425,0xfa07b57dff54b71dee66364290ee2a9384496ca03cff7127bbbd2baa42632aef,2026-05-02 08:46:42,0xffdede9f069a473be5dbf53fefe51c566c31fadc2b4e68a6010d7266b80fe0af,btc-updown-5m-1777700700
"Bitcoin Up or Down - May 2, 1:45AM-1:50AM ET",Down,BUY,51,0.7,0xfa07b57dff54b71dee66364290ee2a9384496ca03cff7127bbbd2baa42632aef,2026-05-02 08:46:42,0xc4001f8866214045f58009c48a739ce5870d5d86c9369bf89758743fbcfa8f04,btc-updown-5m-1777700700
"Bitcoin Up or Down - May 2, 1AM ET",Down,BUY,5,0.42,0x179416b8df07ed76a94dfed354f15998520740fe080d064a471a4ad2c416603a,2026-05-02 08:46:42,0xc456ec85aadece2dd26c9c616e6e76310e4014f816fc8ea50ee1dabfc890d786,bitcoin-up-or-down-may-2-2026-1am-et
"Bitcoin Up or Down - May 2, 1:45AM-2:00AM ET",Down,BUY,11,0.59,0x44fdd167f644eb7f17f3ea132b946e4903348f942d5019dd16b2fd7861c4f01a,2026-05-02 08:46:42,0x0b6450a3144ce4eaab8891fce09b79e70a3e276f082af79b1aaedf4d373b9f8b,btc-updown-15m-1777700700
"Ethereum Up or Down - May 2, 1:45AM-1:50AM ET",Up,BUY,13,0.1987076923076923,0xe9439e4f613a1fc3d1161ed1f74f8c7c0c2494b53dc17fdd70663a4556e924b8,2026-05-02 08:46:30,0xf1be7a326fbb4b1ce03a90edd9b92d64693ca6a2d87c52df2c78dab7f98fe9cf,eth-updown-5m-1777700700
"Ethereum Up or Down - May 2, 1:45AM-1:50AM ET",Up,BUY,14,0.1844,0xe9439e4f613a1fc3d1161ed1f74f8c7c0c2494b53dc17fdd70663a4556e924b8,2026-05-02 08:46:30,0xd9b95fa35a1747c26d4d1527c7d48dc9720756880457dcf902aece7fe1ececc2,eth-updown-5m-1777700700
"Bitcoin Up or Down - May 2, 1:45AM-2:00AM ET",Up,BUY,10,0.41,0x44fdd167f644eb7f17f3ea132b946e4903348f942d5019dd16b2fd7861c4f01a,2026-05-02 08:46:30,0xbd37eaf4a3d4ba0c0a7d69250f691bc5f14946c423c241439de4326ea1830c34,btc-updown-15m-1777700700
"Bitcoin Up or Down - May 2, 1:45AM-2:00AM ET",Up,BUY,10,0.41,0x44fdd167f644eb7f17f3ea132b946e4903348f942d5019dd16b2fd7861c4f01a,2026-05-02 08:46:30,0x415ff80c88ec36186df69ef243d94fd2c39f0fa7014743574ac462774c8f738d,btc-updown-15m-1777700700
"Bitcoin Up or Down - May 2, 1AM ET",Up,BUY,5,0.58,0x179416b8df07ed76a94dfed354f15998520740fe080d064a471a4ad2c416603a,2026-05-02 08:46:30,0x7c6ede94415f03fb056f1f1a2353d414474508a0519184c09b0b4089a60e4cd8,bitcoin-up-or-down-may-2-2026-1am-et
"Bitcoin Up or Down - May 2, 1:45AM-2:00AM ET",Up,BUY,10,0.41,0x44fdd167f644eb7f17f3ea132b946e4903348f942d5019dd16b2fd7861c4f01a,2026-05-02 08:46:30,0xc7ca9004f6ff007d25f59f15a33e0cc3ca8ec3928cf000963eee1b7f24cf84c7,btc-updown-15m-1777700700
"Bitcoin Up or Down - May 2, 1:45AM-2:00AM ET",Up,BUY,10,0.41,0x44fdd167f644eb7f17f3ea132b946e4903348f942d5019dd16b2fd7861c4f01a,2026-05-02 08:46:30,0x8fa129292e1e43af60b55faf704cbc2d68fa757766b7625ab0095f4fd5e48633,btc-updown-15m-1777700700
"Ethereum Up or Down - May 2, 1:45AM-1:50AM ET",Down,BUY,19,0.8,0xe9439e4f613a1fc3d1161ed1f74f8c7c0c2494b53dc17fdd70663a4556e924b8,2026-05-02 08:46:22,0xc4ff06c6c873abf96fedbb854196d8ba88393eeb03b4d4f47721f6f92a4f1b76,eth-updown-5m-1777700700
"Ethereum Up or Down - May 2, 1:45AM-1:50AM ET",Down,BUY,17,0.8,0xe9439e4f613a1fc3d1161ed1f74f8c7c0c2494b53dc17fdd70663a4556e924b8,2026-05-02 08:46:22,0x31ca201560d52276b9a2624e9c59ffb7531d9fc02b152ec972c739c07d88a6f1,eth-updown-5m-1777700700
"Bitcoin Up or Down - May 2, 1:45AM-1:50AM ET",Down,BUY,51,0.6862176470588235,0xfa07b57dff54b71dee66364290ee2a9384496ca03cff7127bbbd2baa42632aef,2026-05-02 08:46:06,0x58ce6a64958116fd01daa74714ea612672bb18a411e602b661dfb476c2083b1c,btc-updown-5m-1777700700
"Bitcoin Up or Down - May 2, 1:45AM-2:00AM ET",Down,BUY,11,0.58,0x44fdd167f644eb7f17f3ea132b946e4903348f942d5019dd16b2fd7861c4f01a,2026-05-02 08:46:06,0xdbb5440d11d6208f5729178e619c2ae2a4f6b2bb42ac6059e0b82c2b653c97ae,btc-updown-15m-1777700700
"Ethereum Up or Down - May 2, 1:45AM-1:50AM ET",Down,BUY,16,0.79,0xe9439e4f613a1fc3d1161ed1f74f8c7c0c2494b53dc17fdd70663a4556e924b8,2026-05-02 08:46:00,0x25d0ff0a6cda19b25409941fd355d501206d941ecbf0a21115e1be70e9bd923f,eth-updown-5m-1777700700
"Bitcoin Up or Down - May 2, 1:45AM-1:50AM ET",Down,BUY,49,0.68,0xfa07b57dff54b71dee66364290ee2a9384496ca03cff7127bbbd2baa42632aef,2026-05-02 08:46:00,0x30edd7b9523fb7ec37f9c4655ba3c3c42aad6cf5bfa000c5fcc613e333e3f1a3,btc-updown-5m-1777700700
"Bitcoin Up or Down - May 2, 1AM ET",Down,BUY,5,0.41,0x179416b8df07ed76a94dfed354f15998520740fe080d064a471a4ad2c416603a,2026-05-02 08:46:00,0x70cc0be10c67dbcc4f574a7d65cab30ed2fe65705d15d1567205ff5c8a50055d,bitcoin-up-or-down-may-2-2026-1am-et
"Bitcoin Up or Down - May 2, 1:45AM-1:50AM ET",Down,BUY,24.39,0.660709307093071,0xfa07b57dff54b71dee66364290ee2a9384496ca03cff7127bbbd2baa42632aef,2026-05-02 08:46:00,0x8048dbe5495c19bfa8e1ee9f3aadfd875fe77bcef7d978da3e60e90c23eb3a9c,btc-updown-5m-1777700700
"Bitcoin Up or Down - May 2, 1:45AM-2:00AM ET",Down,BUY,11,0.58,0x44fdd167f644eb7f17f3ea132b946e4903348f942d5019dd16b2fd7861c4f01a,2026-05-02 08:46:00,0x81346dbbe35cbeb3274b0b7760531baa9fb7dc6b72bed12af7c54a3bc7e74b28,btc-updown-15m-1777700700
"Bitcoin Up or Down - May 2, 1:45AM-2:00AM ET",Up,BUY,10,0.43,0x44fdd167f644eb7f17f3ea132b946e4903348f942d5019dd16b2fd7861c4f01a,2026-05-02 08:45:52,0x6eb4b11500698885ae99c1ed19d2cf4cddf6fec81ecd74593a6ba4061a2ce277,btc-updown-15m-1777700700
"Ethereum Up or Down - May 2, 1:45AM-1:50AM ET",Down,BUY,16,0.71,0xe9439e4f613a1fc3d1161ed1f74f8c7c0c2494b53dc17fdd70663a4556e924b8,2026-05-02 08:45:50,0x0a4f18d5febb1d7ba53e70b1aea20e29ed1b50f53b636fce6eeea8d1373397b6,eth-updown-5m-1777700700
"Ethereum Up or Down - May 2, 1:45AM-1:50AM ET",Down,BUY,13,0.7,0xe9439e4f613a1fc3d1161ed1f74f8c7c0c2494b53dc17fdd70663a4556e924b8,2026-05-02 08:45:50,0x694f8c1c4356d08b22696fabc9b691dd0dc141276e12243076118b1d8c0e543b,eth-updown-5m-1777700700
"Ethereum Up or Down - May 2, 1:45AM-1:50AM ET",Down,BUY,2,0.7,0xe9439e4f613a1fc3d1161ed1f74f8c7c0c2494b53dc17fdd70663a4556e924b8,2026-05-02 08:45:50,0x9102e2ba0b99a85dbe4e2960b36f9b5adb297b5388470ef3e0e72d33dde4e11d,eth-updown-5m-1777700700
"Ethereum Up or Down - May 2, 1:45AM-1:50AM ET",Down,BUY,12,0.6798333333333333,0xe9439e4f613a1fc3d1161ed1f74f8c7c0c2494b53dc17fdd70663a4556e924b8,2026-05-02 08:45:50,0x634e18ee7b42652c6a4cc8ba602808362b124c44162c4bd94c31e13dfa856eeb,eth-updown-5m-1777700700
"Bitcoin Up or Down - May 2, 1:45AM-1:50AM ET",Up,BUY,42,0.37523809523809526,0xfa07b57dff54b71dee66364290ee2a9384496ca03cff7127bbbd2baa42632aef,2026-05-02 08:45:50,0x95fa582c1ff799932febaead339d602231255e26a3f471bdde428372710bd863,btc-updown-5m-1777700700
"Bitcoin Up or Down - May 2, 1:45AM-2:00AM ET",Down,BUY,11,0.58,0x44fdd167f644eb7f17f3ea132b946e4903348f942d5019dd16b2fd7861c4f01a,2026-05-02 08:45:48,0x4f7efff5b395bef378d3f0de9f2f3499f0fedf2e01083bd73430cc32dd41468a,btc-updown-15m-1777700700
"Bitcoin Up or Down - May 2, 1:45AM-1:50AM ET",Down,BUY,49,0.6488530612244898,0xfa07b57dff54b71dee66364290ee2a9384496ca03cff7127bbbd2baa42632aef,2026-05-02 08:45:48,0x916006f0010467105bc82ebdc1ee7619990ca33e94596d3f869169744d87c9f1,btc-updown-5m-1777700700
"Bitcoin Up or Down - May 2, 1:45AM-1:50AM ET",Down,BUY,45,0.64,0xfa07b57dff54b71dee66364290ee2a9384496ca03cff7127bbbd2baa42632aef,2026-05-02 08:45:48,0x2f4095b7e42d571c7a16447b6fa80fb9c91c4db2add4ab040cbab78c7dfaa49d,btc-updown-5m-1777700700
"Bitcoin Up or Down - May 2, 1:45AM-1:50AM ET",Up,BUY,42,0.35458809523809526,0xfa07b57dff54b71dee66364290ee2a9384496ca03cff7127bbbd2baa42632aef,2026-05-02 08:45:46,0x9f0c7ba733699a6f05d4e7c19d7d104d0b16bf5cefe3d7691c53f9799f799c46,btc-updown-5m-1777700700
"Bitcoin Up or Down - May 2, 1:45AM-1:50AM ET",Up,BUY,41,0.38,0xfa07b57dff54b71dee66364290ee2a9384496ca03cff7127bbbd2baa42632aef,2026-05-02 08:45:46,0x809faf3e0c325db16c006706f537d7893f14b7c6625c7b7b162d98ba5637909b,btc-updown-5m-1777700700
"Bitcoin Up or Down - May 2, 1AM ET",Up,BUY,5,0.59,0x179416b8df07ed76a94dfed354f15998520740fe080d064a471a4ad2c416603a,2026-05-02 08:45:46,0x0ddb90d3e9007d3587ebd04bd10a460c14bbe6a984ccd783dfd124db5ac57f04,bitcoin-up-or-down-may-2-2026-1am-et
"Bitcoin Up or Down - May 2, 1:45AM-2:00AM ET",Up,BUY,10,0.42,0x44fdd167f644eb7f17f3ea132b946e4903348f942d5019dd16b2fd7861c4f01a,2026-05-02 08:45:44,0xcf40648cf8fada7da9003d118cc2447bef2ae3f59af0403c15827dd87c8321a6,btc-updown-15m-1777700700
"Bitcoin Up or Down - May 2, 1:45AM-2:00AM ET",Up,BUY,10,0.42,0x44fdd167f644eb7f17f3ea132b946e4903348f942d5019dd16b2fd7861c4f01a,2026-05-02 08:45:44,0xa31f2f17ba51edc9964c5995dc24a315e5f89ebaa61ede0e57b51878d51b23a6,btc-updown-15m-1777700700
"Bitcoin Up or Down - May 2, 1:45AM-1:50AM ET",Down,BUY,60,0.6933533333333334,0xfa07b57dff54b71dee66364290ee2a9384496ca03cff7127bbbd2baa42632aef,2026-05-02 08:45:32,0xfe41d103e914cc8f19ee0e30e802a1786dfece50daa503e045448ced2cb64461,btc-updown-5m-1777700700
"Bitcoin Up or Down - May 2, 1:45AM-1:50AM ET",Down,BUY,49,0.6983734693877551,0xfa07b57dff54b71dee66364290ee2a9384496ca03cff7127bbbd2baa42632aef,2026-05-02 08:45:32,0xd7b1a86611465ba5c6851aaa6729b2257ba71411e87acfc3ed6a0e0a7eeffb8a,btc-updown-5m-1777700700
"Ethereum Up or Down - May 2, 1:45AM-1:50AM ET",Up,BUY,10,0.38,0xe9439e4f613a1fc3d1161ed1f74f8c7c0c2494b53dc17fdd70663a4556e924b8,2026-05-02 08:45:30,0xcbf7f08c0a5d1837b94e8073541a1ba5be7ad8c6c5a55f0671be98216c45ebfa,eth-updown-5m-1777700700
"Ethereum Up or Down - May 2, 1:45AM-1:50AM ET",Up,BUY,10,0.38,0xe9439e4f613a1fc3d1161ed1f74f8c7c0c2494b53dc17fdd70663a4556e924b8,2026-05-02 08:45:30,0x6f6faf65de1d718e0348990c3edc6d398ab59e033c943ef07f3ff0810d39c3b2,eth-updown-5m-1777700700
"Ethereum Up or Down - May 2, 1:45AM-1:50AM ET",Up,BUY,10,0.37,0xe9439e4f613a1fc3d1161ed1f74f8c7c0c2494b53dc17fdd70663a4556e924b8,2026-05-02 08:45:30,0xeea296de9f6f7bf5ca483dbece021ccf084a584808648ebb557f5d227133e2eb,eth-updown-5m-1777700700
"Bitcoin Up or Down - May 2, 1:45AM-2:00AM ET",Down,BUY,11,0.59,0x44fdd167f644eb7f17f3ea132b946e4903348f942d5019dd16b2fd7861c4f01a,2026-05-02 08:45:30,0xcdc248ceea31b610fee2530f12e745165dd1801de41618ba92358767d060c0d3,btc-updown-15m-1777700700
"Bitcoin Up or Down - May 2, 1:45AM-2:00AM ET",Down,BUY,11,0.59,0x44fdd167f644eb7f17f3ea132b946e4903348f942d5019dd16b2fd7861c4f01a,2026-05-02 08:45:30,0xb360faa4462fd4c59c4d096bd800bf327333e5e5c98739c1ef6c9963ae7bbdde,btc-updown-15m-1777700700
"Bitcoin Up or Down - May 2, 1:45AM-1:50AM ET",Down,BUY,45,0.61,0xfa07b57dff54b71dee66364290ee2a9384496ca03cff7127bbbd2baa42632aef,2026-05-02 08:45:30,0xeb74b165b396713deb3b6670da4ec1dcdd7ccc323a4225ba1a23df8a9bb9daca,btc-updown-5m-1777700700
"Bitcoin Up or Down - May 2, 1:45AM-1:50AM ET",Down,BUY,14.07,0.66,0xfa07b57dff54b71dee66364290ee2a9384496ca03cff7127bbbd2baa42632aef,2026-05-02 08:45:30,0x747a5fc55bf242fdf2c8c4577aae121925862d69f15aaf23df6314b3ee77e981,btc-updown-5m-1777700700
"Ethereum Up or Down - May 2, 1:45AM-1:50AM ET",Up,BUY,10,0.37,0xe9439e4f613a1fc3d1161ed1f74f8c7c0c2494b53dc17fdd70663a4556e924b8,2026-05-02 08:45:28,0x4ed55206b15615832a135143b20528f48078e31caa13273ff13de00780ab40cb,eth-updown-5m-1777700700
